Temporada,Torneo,Columna_3,Columna_4,Columna_5,Columna_6,Columna_7,Columna_8,Columna_9,Columna_10,Columna_11,Columna_12,Columna_13
2017-2018,Clausura,"{'type': 'text', 'value': 'Viernes 5 de Enero de 2018\nTemporada 2017-2018\nTorneo Clausura\nJornada 1\n5 Enero 2018 - 16:00 hrs.'}","{'type': 'link', 'href': 'https://www.ligafemenil.mx/cancha/club/11189/necaxa', 'text': ''}","{'type': 'link', 'href': 'https://www.ligafemenil.mx/cancha/informeArbitral/88380/eyJpZERpdmlzaW9uIjoiMTQiLCJpZFRlbXBvcmFkYSI6IjY4IiwiaWRUb3JuZW8iOiIyIiwiaWRDbHVibG9jYWwiOjExMTg5LCJpZENsdWJ2aXNpdGEiOjExMTg2fQ==/informe-arbitral-necaxa-vs-tigres-de-la-uanl-jornada-1-estadio-victoria', 'text': '0 - 2'}","{'type': 'link', 'href': 'https://www.ligafemenil.mx/cancha/club/11186/tigres-de-la-uanl', 'text': ''}","{'type': 'link', 'href': 'https://www.ligafemenil.mx/cancha/estadio/15/estadio-victoria', 'text': 'Victoria'}","{'type': 'link', 'href': 'https://www.ligafemenil.mx/cancha/mxm/88380/eyJpZERpdmlzaW9uIjoiMTQiLCJpZFRlbXBvcmFkYSI6IjY4IiwiaWRUb3JuZW8iOiIyIiwiaWRDbHVibG9jYWwiOiIxMTE4OSIsImlkQ2x1YnZpc2l0YSI6IjExMTg2IiwiaWRQYXJ0aWRvIjoiODgzODAiLCJwZXN0YW5hIjoiMSJ9/minuto-a-minuto-necaxa-vs-tigres-de-la-uanl-jornada-1-estadio-victoria', 'text': ''}","{'type': 'link', 'href': 'https://www.ligafemenil.mx/cancha/mxm/88380/eyJpZERpdmlzaW9uIjoiMTQiLCJpZFRlbXBvcmFkYSI6IjY4IiwiaWRUb3JuZW8iOiIyIiwiaWRDbHVibG9jYWwiOiIxMTE4OSIsImlkQ2x1YnZpc2l0YSI6IjExMTg2IiwiaWRQYXJ0aWRvIjoiODgzODAiLCJwZXN0YW5hIjoiMyJ9/minuto-a-minuto-necaxa-vs-tigres-de-la-uanl-jornada-1-estadio-victoria', 'text': ''}","{'type': 'link', 'href': 'https://www.ligafemenil.mx/cancha/informeArbitral/88380/eyJpZERpdmlzaW9uIjoiMTQiLCJpZFRlbXBvcmFkYSI6IjY4IiwiaWRUb3JuZW8iOiIyIiwiaWRDbHVibG9jYWwiOiIxMTE4OSIsImlkQ2x1YnZpc2l0YSI6IjExMTg2In0=/informe-arbitral-necaxa-vs-tigres-de-la-uanl-jornada-1-estadio-victoria', 'text': ''}","{'type': 'link', 'href': 'https://www.ligafemenil.mx/cancha/mxm/88380/eyJpZERpdmlzaW9uIjoiMTQiLCJpZFRlbXBvcmFkYSI6IjY4IiwiaWRUb3JuZW8iOiIyIiwiaWRDbHVibG9jYWwiOiIxMTE4OSIsImlkQ2x1YnZpc2l0YSI6IjExMTg2IiwiaWRQYXJ0aWRvIjoiODgzODAiLCJwZXN0YW5hIjoiNCJ9/minuto-a-minuto-necaxa-vs-tigres-de-la-uanl-jornada-1-estadio-victoria', 'text': ''}","{'type': 'link', 'href': 'https://www.ligafemenil.mx/cancha/galeria/ODgzODAvMS82OC8yLzE0/necaxa-vs-tigres-de-la-uanl', 'text': ''}","{'type': 'link', 'href': 'https://www.ligafemenil.mx/cancha/playlist/88380/necaxa-vs-tigres-de-la-uanl', 'text': ''}"
2017-2018,Clausura,"{'type': 'text', 'value': 'Sábado 6 de Enero de 2018\nTemporada 2017-2018\nTorneo Clausura\nJornada 1\n6 Enero 2018 - 09:00 hrs.'}","{'type': 'link', 'href': 'https://www.ligafemenil.mx/cancha/club/11242/veracruz', 'text': ''}","{'type': 'link', 'href': 'https://www.ligafemenil.mx/cancha/informeArbitral/88324/eyJpZERpdmlzaW9uIjoiMTQiLCJpZFRlbXBvcmFkYSI6IjY4IiwiaWRUb3JuZW8iOiIyIiwiaWRDbHVibG9jYWwiOjExMjQyLCJpZENsdWJ2aXNpdGEiOjExMTg0fQ==/informe-arbitral-veracruz-vs-pachuca-jornada-1-estadio-luis-pirata-fuente', 'text': '1 - 0'}","{'type': 'link', 'href': 'https://www.ligafemenil.mx/cancha/club/11184/pachuca', 'text': ''}","{'type': 'link', 'href': 'https://www.ligafemenil.mx/cancha/estadio/57/estadio-luis-pirata-fuente', 'text': 'Luis Pirata Fuente'}","{'type': 'link', 'href': 'https://www.ligafemenil.mx/cancha/mxm/88324/eyJpZERpdmlzaW9uIjoiMTQiLCJpZFRlbXBvcmFkYSI6IjY4IiwiaWRUb3JuZW8iOiIyIiwiaWRDbHVibG9jYWwiOiIxMTI0MiIsImlkQ2x1YnZpc2l0YSI6IjExMTg0IiwiaWRQYXJ0aWRvIjoiODgzMjQiLCJwZXN0YW5hIjoiMSJ9/minuto-a-minuto-veracruz-vs-pachuca-jornada-1-estadio-luis-pirata-fuente', 'text': ''}","{'type': 'link', 'href': 'https://www.ligafemenil.mx/cancha/mxm/88324/eyJpZERpdmlzaW9uIjoiMTQiLCJpZFRlbXBvcmFkYSI6IjY4IiwiaWRUb3JuZW8iOiIyIiwiaWRDbHVibG9jYWwiOiIxMTI0MiIsImlkQ2x1YnZpc2l0YSI6IjExMTg0IiwiaWRQYXJ0aWRvIjoiODgzMjQiLCJwZXN0YW5hIjoiMyJ9/minuto-a-minuto-veracruz-vs-pachuca-jornada-1-estadio-luis-pirata-fuente', 'text': ''}","{'type': 'link', 'href': 'https://www.ligafemenil.mx/cancha/informeArbitral/88324/eyJpZERpdmlzaW9uIjoiMTQiLCJpZFRlbXBvcmFkYSI6IjY4IiwiaWRUb3JuZW8iOiIyIiwiaWRDbHVibG9jYWwiOiIxMTI0MiIsImlkQ2x1YnZpc2l0YSI6IjExMTg0In0=/informe-arbitral-veracruz-vs-pachuca-jornada-1-estadio-luis-pirata-fuente', 'text': ''}","{'type': 'link', 'href': 'https://www.ligafemenil.mx/cancha/mxm/88324/eyJpZERpdmlzaW9uIjoiMTQiLCJpZFRlbXBvcmFkYSI6IjY4IiwiaWRUb3JuZW8iOiIyIiwiaWRDbHVibG9jYWwiOiIxMTI0MiIsImlkQ2x1YnZpc2l0YSI6IjExMTg0IiwiaWRQYXJ0aWRvIjoiODgzMjQiLCJwZXN0YW5hIjoiNCJ9/minuto-a-minuto-veracruz-vs-pachuca-jornada-1-estadio-luis-pirata-fuente', 'text': ''}","{'type': 'link', 'href': 'https://www.ligafemenil.mx/cancha/galeria/ODgzMjQvMS82OC8yLzE0/veracruz-vs-pachuca', 'text': ''}","{'type': 'link', 'href': 'https://www.ligafemenil.mx/cancha/playlist/88324/veracruz-vs-pachuca', 'text': ''}"
2017-2018,Clausura,"{'type': 'text', 'value': 'Sábado 6 de Enero de 2018\nTemporada 2017-2018\nTorneo Clausura\nJornada 1\n6 Enero 2018 - 11:00 hrs.'}","{'type': 'link', 'href': 'https://www.ligafemenil.mx/cancha/club/11245/atlas', 'text': ''}","{'type': 'link', 'href': 'https://www.ligafemenil.mx/cancha/informeArbitral/88325/eyJpZERpdmlzaW9uIjoiMTQiLCJpZFRlbXBvcmFkYSI6IjY4IiwiaWRUb3JuZW8iOiIyIiwiaWRDbHVibG9jYWwiOjExMjQ1LCJpZENsdWJ2aXNpdGEiOjExMTkyfQ==/informe-arbitral-atlas-vs-santos-laguna-jornada-1-estadio-colomos-alfredo-pistache-torres', 'text': '4 - 2'}","{'type': 'link', 'href': 'https://www.ligafemenil.mx/cancha/club/11192/santos-laguna', 'text': ''}","{'type': 'link', 'href': 'https://www.ligafemenil.mx/cancha/estadio/53/estadio-colomos-alfredo-pistache-torres', 'text': 'Colomos Alfredo Pistache Torres'}","{'type': 'link', 'href': 'https://www.ligafemenil.mx/cancha/mxm/88325/eyJpZERpdmlzaW9uIjoiMTQiLCJpZFRlbXBvcmFkYSI6IjY4IiwiaWRUb3JuZW8iOiIyIiwiaWRDbHVibG9jYWwiOiIxMTI0NSIsImlkQ2x1YnZpc2l0YSI6IjExMTkyIiwiaWRQYXJ0aWRvIjoiODgzMjUiLCJwZXN0YW5hIjoiMSJ9/minuto-a-minuto-atlas-vs-santos-laguna-jornada-1-estadio-colomos-alfredo-pistache-torres', 'text': ''}","{'type': 'link', 'href': 'https://www.ligafemenil.mx/cancha/mxm/88325/eyJpZERpdmlzaW9uIjoiMTQiLCJpZFRlbXBvcmFkYSI6IjY4IiwiaWRUb3JuZW8iOiIyIiwiaWRDbHVibG9jYWwiOiIxMTI0NSIsImlkQ2x1YnZpc2l0YSI6IjExMTkyIiwiaWRQYXJ0aWRvIjoiODgzMjUiLCJwZXN0YW5hIjoiMyJ9/minuto-a-minuto-atlas-vs-santos-laguna-jornada-1-estadio-colomos-alfredo-pistache-torres', 'text': ''}","{'type': 'link', 'href': 'https://www.ligafemenil.mx/cancha/informeArbitral/88325/eyJpZERpdmlzaW9uIjoiMTQiLCJpZFRlbXBvcmFkYSI6IjY4IiwiaWRUb3JuZW8iOiIyIiwiaWRDbHVibG9jYWwiOiIxMTI0NSIsImlkQ2x1YnZpc2l0YSI6IjExMTkyIn0=/informe-arbitral-atlas-vs-santos-laguna-jornada-1-estadio-colomos-alfredo-pistache-torres', 'text': ''}","{'type': 'link', 'href': 'https://www.ligafemenil.mx/cancha/mxm/88325/eyJpZERpdmlzaW9uIjoiMTQiLCJpZFRlbXBvcmFkYSI6IjY4IiwiaWRUb3JuZW8iOiIyIiwiaWRDbHVibG9jYWwiOiIxMTI0NSIsImlkQ2x1YnZpc2l0YSI6IjExMTkyIiwiaWRQYXJ0aWRvIjoiODgzMjUiLCJwZXN0YW5hIjoiNCJ9/minuto-a-minuto-atlas-vs-santos-laguna-jornada-1-estadio-colomos-alfredo-pistache-torres', 'text': ''}","{'type': 'link', 'href': 'https://www.ligafemenil.mx/cancha/galeria/ODgzMjUvMS82OC8yLzE0/atlas-vs-santos-laguna', 'text': ''}","{'type': 'link', 'href': 'https://www.ligafemenil.mx/cancha/playlist/88325/atlas-vs-santos-laguna', 'text': ''}"
2017-2018,Clausura,"{'type': 'text', 'value': 'Sábado 6 de Enero de 2018\nTemporada 2017-2018\nTorneo Clausura\nJornada 1\n6 Enero 2018 - 16:00 hrs.'}","{'type': 'link', 'href': 'https://www.ligafemenil.mx/cancha/club/11244/queretaro', 'text': ''}","{'type': 'link', 'href': 'https://www.ligafemenil.mx/cancha/informeArbitral/88326/eyJpZERpdmlzaW9uIjoiMTQiLCJpZFRlbXBvcmFkYSI6IjY4IiwiaWRUb3JuZW8iOiIyIiwiaWRDbHVibG9jYWwiOjExMjQ0LCJpZENsdWJ2aXNpdGEiOjExMTgyfQ==/informe-arbitral-queretaro-vs-guadalajara-jornada-1-estadio-la-corregidora', 'text': '1 - 1'}","{'type': 'link', 'href': 'https://www.ligafemenil.mx/cancha/club/11182/guadalajara', 'text': ''}","{'type': 'link', 'href': 'https://www.ligafemenil.mx/cancha/estadio/25/estadio-la-corregidora', 'text': 'La Corregidora'}","{'type': 'link', 'href': 'https://www.ligafemenil.mx/cancha/mxm/88326/eyJpZERpdmlzaW9uIjoiMTQiLCJpZFRlbXBvcmFkYSI6IjY4IiwiaWRUb3JuZW8iOiIyIiwiaWRDbHVibG9jYWwiOiIxMTI0NCIsImlkQ2x1YnZpc2l0YSI6IjExMTgyIiwiaWRQYXJ0aWRvIjoiODgzMjYiLCJwZXN0YW5hIjoiMSJ9/minuto-a-minuto-queretaro-vs-guadalajara-jornada-1-estadio-la-corregidora', 'text': ''}","{'type': 'link', 'href': 'https://www.ligafemenil.mx/cancha/mxm/88326/eyJpZERpdmlzaW9uIjoiMTQiLCJpZFRlbXBvcmFkYSI6IjY4IiwiaWRUb3JuZW8iOiIyIiwiaWRDbHVibG9jYWwiOiIxMTI0NCIsImlkQ2x1YnZpc2l0YSI6IjExMTgyIiwiaWRQYXJ0aWRvIjoiODgzMjYiLCJwZXN0YW5hIjoiMyJ9/minuto-a-minuto-queretaro-vs-guadalajara-jornada-1-estadio-la-corregidora', 'text': ''}","{'type': 'link', 'href': 'https://www.ligafemenil.mx/cancha/informeArbitral/88326/eyJpZERpdmlzaW9uIjoiMTQiLCJpZFRlbXBvcmFkYSI6IjY4IiwiaWRUb3JuZW8iOiIyIiwiaWRDbHVibG9jYWwiOiIxMTI0NCIsImlkQ2x1YnZpc2l0YSI6IjExMTgyIn0=/informe-arbitral-queretaro-vs-guadalajara-jornada-1-estadio-la-corregidora', 'text': ''}","{'type': 'link', 'href': 'https://www.ligafemenil.mx/cancha/mxm/88326/eyJpZERpdmlzaW9uIjoiMTQiLCJpZFRlbXBvcmFkYSI6IjY4IiwiaWRUb3JuZW8iOiIyIiwiaWRDbHVibG9jYWwiOiIxMTI0NCIsImlkQ2x1YnZpc2l0YSI6IjExMTgyIiwiaWRQYXJ0aWRvIjoiODgzMjYiLCJwZXN0YW5hIjoiNCJ9/minuto-a-minuto-queretaro-vs-guadalajara-jornada-1-estadio-la-corregidora', 'text': ''}","{'type': 'link', 'href': 'https://www.ligafemenil.mx/cancha/galeria/ODgzMjYvMS82OC8yLzE0/queretaro-vs-guadalajara', 'text': ''}","{'type': 'link', 'href': 'https://www.ligafemenil.mx/cancha/playlist/88326/queretaro-vs-guadalajara', 'text': ''}"
2017-2018,Clausura,"{'type': 'text', 'value': 'Sábado 6 de Enero de 2018\nTemporada 2017-2018\nTorneo Clausura\nJornada 1\n6 Enero 2018 - 16:00 hrs.'}","{'type': 'link', 'href': 'https://www.ligafemenil.mx/cancha/club/11191/america', 'text': ''}","{'type': 'link', 'href': 'https://www.ligafemenil.mx/cancha/informeArbitral/88327/eyJpZERpdmlzaW9uIjoiMTQiLCJpZFRlbXBvcmFkYSI6IjY4IiwiaWRUb3JuZW8iOiIyIiwiaWRDbHVibG9jYWwiOjExMTkxLCJpZENsdWJ2aXNpdGEiOjExMTg3fQ==/informe-arbitral-america-vs-toluca-jornada-1-estadio-azteca', 'text': '1 - 2'}","{'type': 'link', 'href': 'https://www.ligafemenil.mx/cancha/club/11187/toluca', 'text': ''}","{'type': 'link', 'href': 'https://www.ligafemenil.mx/cancha/estadio/1/estadio-azteca', 'text': 'Azteca'}","{'type': 'link', 'href': 'https://www.ligafemenil.mx/cancha/mxm/88327/eyJpZERpdmlzaW9uIjoiMTQiLCJpZFRlbXBvcmFkYSI6IjY4IiwiaWRUb3JuZW8iOiIyIiwiaWRDbHVibG9jYWwiOiIxMTE5MSIsImlkQ2x1YnZpc2l0YSI6IjExMTg3IiwiaWRQYXJ0aWRvIjoiODgzMjciLCJwZXN0YW5hIjoiMSJ9/minuto-a-minuto-america-vs-toluca-jornada-1-estadio-azteca', 'text': ''}","{'type': 'link', 'href': 'https://www.ligafemenil.mx/cancha/mxm/88327/eyJpZERpdmlzaW9uIjoiMTQiLCJpZFRlbXBvcmFkYSI6IjY4IiwiaWRUb3JuZW8iOiIyIiwiaWRDbHVibG9jYWwiOiIxMTE5MSIsImlkQ2x1YnZpc2l0YSI6IjExMTg3IiwiaWRQYXJ0aWRvIjoiODgzMjciLCJwZXN0YW5hIjoiMyJ9/minuto-a-minuto-america-vs-toluca-jornada-1-estadio-azteca', 'text': ''}","{'type': 'link', 'href': 'https://www.ligafemenil.mx/cancha/informeArbitral/88327/eyJpZERpdmlzaW9uIjoiMTQiLCJpZFRlbXBvcmFkYSI6IjY4IiwiaWRUb3JuZW8iOiIyIiwiaWRDbHVibG9jYWwiOiIxMTE5MSIsImlkQ2x1YnZpc2l0YSI6IjExMTg3In0=/informe-arbitral-america-vs-toluca-jornada-1-estadio-azteca', 'text': ''}","{'type': 'link', 'href': 'https://www.ligafemenil.mx/cancha/mxm/88327/eyJpZERpdmlzaW9uIjoiMTQiLCJpZFRlbXBvcmFkYSI6IjY4IiwiaWRUb3JuZW8iOiIyIiwiaWRDbHVibG9jYWwiOiIxMTE5MSIsImlkQ2x1YnZpc2l0YSI6IjExMTg3IiwiaWRQYXJ0aWRvIjoiODgzMjciLCJwZXN0YW5hIjoiNCJ9/minuto-a-minuto-america-vs-toluca-jornada-1-estadio-azteca', 'text': ''}","{'type': 'link', 'href': 'https://www.ligafemenil.mx/cancha/galeria/ODgzMjcvMS82OC8yLzE0/america-vs-toluca', 'text': ''}","{'type': 'link', 'href': 'https://www.ligafemenil.mx/cancha/playlist/88327/america-vs-toluca', 'text': ''}"
2017-2018,Clausura,"{'type': 'text', 'value': 'Domingo 7 de Enero de 2018\nTemporada 2017-2018\nTorneo Clausura\nJornada 1\n7 Enero 2018 - 10:30 hrs.'}","{'type': 'link', 'href': 'https://www.ligafemenil.mx/cancha/club/11185/rayados-de-monterrey', 'text': ''}","{'type': 'link', 'href': 'https://www.ligafemenil.mx/cancha/informeArbitral/88328/eyJpZERpdmlzaW9uIjoiMTQiLCJpZFRlbXBvcmFkYSI6IjY4IiwiaWRUb3JuZW8iOiIyIiwiaWRDbHVibG9jYWwiOjExMTg1LCJpZENsdWJ2aXNpdGEiOjExMjQzfQ==/informe-arbitral-rayados-de-monterrey-vs-leon-jornada-1-estadio-el-barrial', 'text': '6 - 1'}","{'type': 'link', 'href': 'https://www.ligafemenil.mx/cancha/club/11243/leon', 'text': ''}","{'type': 'link', 'href': 'https://www.ligafemenil.mx/cancha/estadio/675/estadio-el-barrial', 'text': 'El Barrial'}","{'type': 'link', 'href': 'https://www.ligafemenil.mx/cancha/mxm/88328/eyJpZERpdmlzaW9uIjoiMTQiLCJpZFRlbXBvcmFkYSI6IjY4IiwiaWRUb3JuZW8iOiIyIiwiaWRDbHVibG9jYWwiOiIxMTE4NSIsImlkQ2x1YnZpc2l0YSI6IjExMjQzIiwiaWRQYXJ0aWRvIjoiODgzMjgiLCJwZXN0YW5hIjoiMSJ9/minuto-a-minuto-rayados-de-monterrey-vs-leon-jornada-1-estadio-el-barrial', 'text': ''}","{'type': 'link', 'href': 'https://www.ligafemenil.mx/cancha/mxm/88328/eyJpZERpdmlzaW9uIjoiMTQiLCJpZFRlbXBvcmFkYSI6IjY4IiwiaWRUb3JuZW8iOiIyIiwiaWRDbHVibG9jYWwiOiIxMTE4NSIsImlkQ2x1YnZpc2l0YSI6IjExMjQzIiwiaWRQYXJ0aWRvIjoiODgzMjgiLCJwZXN0YW5hIjoiMyJ9/minuto-a-minuto-rayados-de-monterrey-vs-leon-jornada-1-estadio-el-barrial', 'text': ''}","{'type': 'link', 'href': 'https://www.ligafemenil.mx/cancha/informeArbitral/88328/eyJpZERpdmlzaW9uIjoiMTQiLCJpZFRlbXBvcmFkYSI6IjY4IiwiaWRUb3JuZW8iOiIyIiwiaWRDbHVibG9jYWwiOiIxMTE4NSIsImlkQ2x1YnZpc2l0YSI6IjExMjQzIn0=/informe-arbitral-rayados-de-monterrey-vs-leon-jornada-1-estadio-el-barrial', 'text': ''}","{'type': 'link', 'href': 'https://www.ligafemenil.mx/cancha/mxm/88328/eyJpZERpdmlzaW9uIjoiMTQiLCJpZFRlbXBvcmFkYSI6IjY4IiwiaWRUb3JuZW8iOiIyIiwiaWRDbHVibG9jYWwiOiIxMTE4NSIsImlkQ2x1YnZpc2l0YSI6IjExMjQzIiwiaWRQYXJ0aWRvIjoiODgzMjgiLCJwZXN0YW5hIjoiNCJ9/minuto-a-minuto-rayados-de-monterrey-vs-leon-jornada-1-estadio-el-barrial', 'text': ''}","{'type': 'link', 'href': 'https://www.ligafemenil.mx/cancha/galeria/ODgzMjgvMS82OC8yLzE0/rayados-de-monterrey-vs-leon', 'text': ''}","{'type': 'link', 'href': 'https://www.ligafemenil.mx/cancha/playlist/88328/rayados-de-monterrey-vs-leon', 'text': ''}"
2017-2018,Clausura,"{'type': 'text', 'value': 'Domingo 7 de Enero de 2018\nTemporada 2017-2018\nTorneo Clausura\nJornada 1\n7 Enero 2018 - 11:00 hrs.'}","{'type': 'link', 'href': 'https://www.ligafemenil.mx/cancha/club/11181/cruz-azul', 'text': ''}","{'type': 'link', 'href': 'https://www.ligafemenil.mx/cancha/informeArbitral/88322/eyJpZERpdmlzaW9uIjoiMTQiLCJpZFRlbXBvcmFkYSI6IjY4IiwiaWRUb3JuZW8iOiIyIiwiaWRDbHVibG9jYWwiOjExMTgxLCJpZENsdWJ2aXNpdGEiOjExMTg4fQ==/informe-arbitral-cruz-azul-vs-pumas-jornada-1-estadio-ciudad-de-los-deportes', 'text': '1 - 0'}","{'type': 'link', 'href': 'https://www.ligafemenil.mx/cancha/club/11188/pumas', 'text': ''}","{'type': 'link', 'href': 'https://www.ligafemenil.mx/cancha/estadio/2/estadio-ciudad-de-los-deportes', 'text': 'Ciudad De Los Deportes'}","{'type': 'link', 'href': 'https://www.ligafemenil.mx/cancha/mxm/88322/eyJpZERpdmlzaW9uIjoiMTQiLCJpZFRlbXBvcmFkYSI6IjY4IiwiaWRUb3JuZW8iOiIyIiwiaWRDbHVibG9jYWwiOiIxMTE4MSIsImlkQ2x1YnZpc2l0YSI6IjExMTg4IiwiaWRQYXJ0aWRvIjoiODgzMjIiLCJwZXN0YW5hIjoiMSJ9/minuto-a-minuto-cruz-azul-vs-pumas-jornada-1-estadio-ciudad-de-los-deportes', 'text': ''}","{'type': 'link', 'href': 'https://www.ligafemenil.mx/cancha/mxm/88322/eyJpZERpdmlzaW9uIjoiMTQiLCJpZFRlbXBvcmFkYSI6IjY4IiwiaWRUb3JuZW8iOiIyIiwiaWRDbHVibG9jYWwiOiIxMTE4MSIsImlkQ2x1YnZpc2l0YSI6IjExMTg4IiwiaWRQYXJ0aWRvIjoiODgzMjIiLCJwZXN0YW5hIjoiMyJ9/minuto-a-minuto-cruz-azul-vs-pumas-jornada-1-estadio-ciudad-de-los-deportes', 'text': ''}","{'type': 'link', 'href': 'https://www.ligafemenil.mx/cancha/informeArbitral/88322/eyJpZERpdmlzaW9uIjoiMTQiLCJpZFRlbXBvcmFkYSI6IjY4IiwiaWRUb3JuZW8iOiIyIiwiaWRDbHVibG9jYWwiOiIxMTE4MSIsImlkQ2x1YnZpc2l0YSI6IjExMTg4In0=/informe-arbitral-cruz-azul-vs-pumas-jornada-1-estadio-ciudad-de-los-deportes', 'text': ''}","{'type': 'link', 'href': 'https://www.ligafemenil.mx/cancha/mxm/88322/eyJpZERpdmlzaW9uIjoiMTQiLCJpZFRlbXBvcmFkYSI6IjY4IiwiaWRUb3JuZW8iOiIyIiwiaWRDbHVibG9jYWwiOiIxMTE4MSIsImlkQ2x1YnZpc2l0YSI6IjExMTg4IiwiaWRQYXJ0aWRvIjoiODgzMjIiLCJwZXN0YW5hIjoiNCJ9/minuto-a-minuto-cruz-azul-vs-pumas-jornada-1-estadio-ciudad-de-los-deportes', 'text': ''}","{'type': 'link', 'href': 'https://www.ligafemenil.mx/cancha/galeria/ODgzMjIvMS82OC8yLzE0/cruz-azul-vs-pumas', 'text': ''}","{'type': 'link', 'href': 'https://www.ligafemenil.mx/cancha/playlist/88322/cruz-azul-vs-pumas', 'text': ''}"
2017-2018,Clausura,"{'type': 'text', 'value': 'Lunes 8 de Enero de 2018\nTemporada 2017-2018\nTorneo Clausura\nJornada 1\n8 Enero 2018 - 19:00 hrs.'}","{'type': 'link', 'href': 'https://www.ligafemenil.mx/cancha/club/11180/tijuana', 'text': ''}","{'type': 'link', 'href': 'https://www.ligafemenil.mx/cancha/informeArbitral/88329/eyJpZERpdmlzaW9uIjoiMTQiLCJpZFRlbXBvcmFkYSI6IjY4IiwiaWRUb3JuZW8iOiIyIiwiaWRDbHVibG9jYWwiOjExMTgwLCJpZENsdWJ2aXNpdGEiOjExMTgzfQ==/informe-arbitral-tijuana-vs-m-morelia-jornada-1-estadio-caliente', 'text': '2 - 2'}","{'type': 'link', 'href': 'https://www.ligafemenil.mx/cancha/club/11183/m-morelia', 'text': ''}","{'type': 'link', 'href': 'https://www.ligafemenil.mx/cancha/estadio/48/estadio-caliente', 'text': 'Caliente'}","{'type': 'link', 'href': 'https://www.ligafemenil.mx/cancha/mxm/88329/eyJpZERpdmlzaW9uIjoiMTQiLCJpZFRlbXBvcmFkYSI6IjY4IiwiaWRUb3JuZW8iOiIyIiwiaWRDbHVibG9jYWwiOiIxMTE4MCIsImlkQ2x1YnZpc2l0YSI6IjExMTgzIiwiaWRQYXJ0aWRvIjoiODgzMjkiLCJwZXN0YW5hIjoiMSJ9/minuto-a-minuto-tijuana-vs-m-morelia-jornada-1-estadio-caliente', 'text': ''}","{'type': 'link', 'href': 'https://www.ligafemenil.mx/cancha/mxm/88329/eyJpZERpdmlzaW9uIjoiMTQiLCJpZFRlbXBvcmFkYSI6IjY4IiwiaWRUb3JuZW8iOiIyIiwiaWRDbHVibG9jYWwiOiIxMTE4MCIsImlkQ2x1YnZpc2l0YSI6IjExMTgzIiwiaWRQYXJ0aWRvIjoiODgzMjkiLCJwZXN0YW5hIjoiMyJ9/minuto-a-minuto-tijuana-vs-m-morelia-jornada-1-estadio-caliente', 'text': ''}","{'type': 'link', 'href': 'https://www.ligafemenil.mx/cancha/informeArbitral/88329/eyJpZERpdmlzaW9uIjoiMTQiLCJpZFRlbXBvcmFkYSI6IjY4IiwiaWRUb3JuZW8iOiIyIiwiaWRDbHVibG9jYWwiOiIxMTE4MCIsImlkQ2x1YnZpc2l0YSI6IjExMTgzIn0=/informe-arbitral-tijuana-vs-m-morelia-jornada-1-estadio-caliente', 'text': ''}","{'type': 'link', 'href': 'https://www.ligafemenil.mx/cancha/mxm/88329/eyJpZERpdmlzaW9uIjoiMTQiLCJpZFRlbXBvcmFkYSI6IjY4IiwiaWRUb3JuZW8iOiIyIiwiaWRDbHVibG9jYWwiOiIxMTE4MCIsImlkQ2x1YnZpc2l0YSI6IjExMTgzIiwiaWRQYXJ0aWRvIjoiODgzMjkiLCJwZXN0YW5hIjoiNCJ9/minuto-a-minuto-tijuana-vs-m-morelia-jornada-1-estadio-caliente', 'text': ''}","{'type': 'link', 'href': 'https://www.ligafemenil.mx/cancha/galeria/ODgzMjkvMS82OC8yLzE0/tijuana-vs-m-morelia', 'text': ''}","{'type': 'link', 'href': 'https://www.ligafemenil.mx/cancha/playlist/88329/tijuana-vs-m-morelia', 'text': ''}"
2017-2018,Clausura,"{'type': 'text', 'value': 'Viernes 12 de Enero de 2018\nTemporada 2017-2018\nTorneo Clausura\nJornada 2\n12 Enero 2018 - 16:00 hrs.'}","{'type': 'link', 'href': 'https://www.ligafemenil.mx/cancha/club/11188/pumas', 'text': ''}","{'type': 'link', 'href': 'https://www.ligafemenil.mx/cancha/informeArbitral/88351/eyJpZERpdmlzaW9uIjoiMTQiLCJpZFRlbXBvcmFkYSI6IjY4IiwiaWRUb3JuZW8iOiIyIiwiaWRDbHVibG9jYWwiOjExMTg4LCJpZENsdWJ2aXNpdGEiOjExMTgwfQ==/informe-arbitral-pumas-vs-tijuana-jornada-2-estadio-la-cantera-cancha-1', 'text': '3 - 0'}","{'type': 'link', 'href': 'https://www.ligafemenil.mx/cancha/club/11180/tijuana', 'text': ''}","{'type': 'link', 'href': 'https://www.ligafemenil.mx/cancha/estadio/1146/estadio-la-cantera-cancha-1', 'text': 'La Cantera Cancha 1'}","{'type': 'link', 'href': 'https://www.ligafemenil.mx/cancha/mxm/88351/eyJpZERpdmlzaW9uIjoiMTQiLCJpZFRlbXBvcmFkYSI6IjY4IiwiaWRUb3JuZW8iOiIyIiwiaWRDbHVibG9jYWwiOiIxMTE4OCIsImlkQ2x1YnZpc2l0YSI6IjExMTgwIiwiaWRQYXJ0aWRvIjoiODgzNTEiLCJwZXN0YW5hIjoiMSJ9/minuto-a-minuto-pumas-vs-tijuana-jornada-2-estadio-la-cantera-cancha-1', 'text': ''}","{'type': 'link', 'href': 'https://www.ligafemenil.mx/cancha/mxm/88351/eyJpZERpdmlzaW9uIjoiMTQiLCJpZFRlbXBvcmFkYSI6IjY4IiwiaWRUb3JuZW8iOiIyIiwiaWRDbHVibG9jYWwiOiIxMTE4OCIsImlkQ2x1YnZpc2l0YSI6IjExMTgwIiwiaWRQYXJ0aWRvIjoiODgzNTEiLCJwZXN0YW5hIjoiMyJ9/minuto-a-minuto-pumas-vs-tijuana-jornada-2-estadio-la-cantera-cancha-1', 'text': ''}","{'type': 'link', 'href': 'https://www.ligafemenil.mx/cancha/informeArbitral/88351/eyJpZERpdmlzaW9uIjoiMTQiLCJpZFRlbXBvcmFkYSI6IjY4IiwiaWRUb3JuZW8iOiIyIiwiaWRDbHVibG9jYWwiOiIxMTE4OCIsImlkQ2x1YnZpc2l0YSI6IjExMTgwIn0=/informe-arbitral-pumas-vs-tijuana-jornada-2-estadio-la-cantera-cancha-1', 'text': ''}","{'type': 'link', 'href': 'https://www.ligafemenil.mx/cancha/mxm/88351/eyJpZERpdmlzaW9uIjoiMTQiLCJpZFRlbXBvcmFkYSI6IjY4IiwiaWRUb3JuZW8iOiIyIiwiaWRDbHVibG9jYWwiOiIxMTE4OCIsImlkQ2x1YnZpc2l0YSI6IjExMTgwIiwiaWRQYXJ0aWRvIjoiODgzNTEiLCJwZXN0YW5hIjoiNCJ9/minuto-a-minuto-pumas-vs-tijuana-jornada-2-estadio-la-cantera-cancha-1', 'text': ''}","{'type': 'link', 'href': 'https://www.ligafemenil.mx/cancha/galeria/ODgzNTEvMi82OC8yLzE0/pumas-vs-tijuana', 'text': ''}","{'type': 'link', 'href': 'https://www.ligafemenil.mx/cancha/playlist/88351/pumas-vs-tijuana', 'text': ''}"
2017-2018,Clausura,"{'type': 'text', 'value': 'Viernes 12 de Enero de 2018\nTemporada 2017-2018\nTorneo Clausura\nJornada 2\n12 Enero 2018 - 17:00 hrs.'}","{'type': 'link', 'href': 'https://www.ligafemenil.mx/cancha/club/11243/leon', 'text': ''}","{'type': 'link', 'href': 'https://www.ligafemenil.mx/cancha/informeArbitral/88387/eyJpZERpdmlzaW9uIjoiMTQiLCJpZFRlbXBvcmFkYSI6IjY4IiwiaWRUb3JuZW8iOiIyIiwiaWRDbHVibG9jYWwiOjExMjQzLCJpZENsdWJ2aXNpdGEiOjExMTg5fQ==/informe-arbitral-leon-vs-necaxa-jornada-2-estadio-nou-camp', 'text': '1 - 2'}","{'type': 'link', 'href': 'https://www.ligafemenil.mx/cancha/club/11189/necaxa', 'text': ''}","{'type': 'link', 'href': 'https://www.ligafemenil.mx/cancha/estadio/23/estadio-nou-camp', 'text': 'Nou Camp'}","{'type': 'link', 'href': 'https://www.ligafemenil.mx/cancha/mxm/88387/eyJpZERpdmlzaW9uIjoiMTQiLCJpZFRlbXBvcmFkYSI6IjY4IiwiaWRUb3JuZW8iOiIyIiwiaWRDbHVibG9jYWwiOiIxMTI0MyIsImlkQ2x1YnZpc2l0YSI6IjExMTg5IiwiaWRQYXJ0aWRvIjoiODgzODciLCJwZXN0YW5hIjoiMSJ9/minuto-a-minuto-leon-vs-necaxa-jornada-2-estadio-nou-camp', 'text': ''}","{'type': 'link', 'href': 'https://www.ligafemenil.mx/cancha/mxm/88387/eyJpZERpdmlzaW9uIjoiMTQiLCJpZFRlbXBvcmFkYSI6IjY4IiwiaWRUb3JuZW8iOiIyIiwiaWRDbHVibG9jYWwiOiIxMTI0MyIsImlkQ2x1YnZpc2l0YSI6IjExMTg5IiwiaWRQYXJ0aWRvIjoiODgzODciLCJwZXN0YW5hIjoiMyJ9/minuto-a-minuto-leon-vs-necaxa-jornada-2-estadio-nou-camp', 'text': ''}","{'type': 'link', 'href': 'https://www.ligafemenil.mx/cancha/informeArbitral/88387/eyJpZERpdmlzaW9uIjoiMTQiLCJpZFRlbXBvcmFkYSI6IjY4IiwiaWRUb3JuZW8iOiIyIiwiaWRDbHVibG9jYWwiOiIxMTI0MyIsImlkQ2x1YnZpc2l0YSI6IjExMTg5In0=/informe-arbitral-leon-vs-necaxa-jornada-2-estadio-nou-camp', 'text': ''}","{'type': 'link', 'href': 'https://www.ligafemenil.mx/cancha/mxm/88387/eyJpZERpdmlzaW9uIjoiMTQiLCJpZFRlbXBvcmFkYSI6IjY4IiwiaWRUb3JuZW8iOiIyIiwiaWRDbHVibG9jYWwiOiIxMTI0MyIsImlkQ2x1YnZpc2l0YSI6IjExMTg5IiwiaWRQYXJ0aWRvIjoiODgzODciLCJwZXN0YW5hIjoiNCJ9/minuto-a-minuto-leon-vs-necaxa-jornada-2-estadio-nou-camp', 'text': ''}","{'type': 'link', 'href': 'https://www.ligafemenil.mx/cancha/galeria/ODgzODcvMi82OC8yLzE0/leon-vs-necaxa', 'text': ''}","{'type': 'link', 'href': 'https://www.ligafemenil.mx/cancha/playlist/88387/leon-vs-necaxa', 'text': ''}"
2017-2018,Clausura,"{'type': 'text', 'value': 'Sábado 13 de Enero de 2018\nTemporada 2017-2018\nTorneo Clausura\nJornada 2\n13 Enero 2018 - 16:00 hrs.'}","{'type': 'link', 'href': 'https://www.ligafemenil.mx/cancha/club/11183/m-morelia', 'text': ''}","{'type': 'link', 'href': 'https://www.ligafemenil.mx/cancha/informeArbitral/88389/eyJpZERpdmlzaW9uIjoiMTQiLCJpZFRlbXBvcmFkYSI6IjY4IiwiaWRUb3JuZW8iOiIyIiwiaWRDbHVibG9jYWwiOjExMTgzLCJpZENsdWJ2aXNpdGEiOjExMjQyfQ==/informe-arbitral-m-morelia-vs-veracruz-jornada-2-estadio-jose-maria-morelos-y-pavon', 'text': '0 - 1'}","{'type': 'link', 'href': 'https://www.ligafemenil.mx/cancha/club/11242/veracruz', 'text': ''}","{'type': 'link', 'href': 'https://www.ligafemenil.mx/cancha/estadio/10/estadio-jose-maria-morelos-y-pavon', 'text': 'José María Morelos y Pavón'}","{'type': 'link', 'href': 'https://www.ligafemenil.mx/cancha/mxm/88389/eyJpZERpdmlzaW9uIjoiMTQiLCJpZFRlbXBvcmFkYSI6IjY4IiwiaWRUb3JuZW8iOiIyIiwiaWRDbHVibG9jYWwiOiIxMTE4MyIsImlkQ2x1YnZpc2l0YSI6IjExMjQyIiwiaWRQYXJ0aWRvIjoiODgzODkiLCJwZXN0YW5hIjoiMSJ9/minuto-a-minuto-m-morelia-vs-veracruz-jornada-2-estadio-jose-maria-morelos-y-pavon', 'text': ''}","{'type': 'link', 'href': 'https://www.ligafemenil.mx/cancha/mxm/88389/eyJpZERpdmlzaW9uIjoiMTQiLCJpZFRlbXBvcmFkYSI6IjY4IiwiaWRUb3JuZW8iOiIyIiwiaWRDbHVibG9jYWwiOiIxMTE4MyIsImlkQ2x1YnZpc2l0YSI6IjExMjQyIiwiaWRQYXJ0aWRvIjoiODgzODkiLCJwZXN0YW5hIjoiMyJ9/minuto-a-minuto-m-morelia-vs-veracruz-jornada-2-estadio-jose-maria-morelos-y-pavon', 'text': ''}","{'type': 'link', 'href': 'https://www.ligafemenil.mx/cancha/informeArbitral/88389/eyJpZERpdmlzaW9uIjoiMTQiLCJpZFRlbXBvcmFkYSI6IjY4IiwiaWRUb3JuZW8iOiIyIiwiaWRDbHVibG9jYWwiOiIxMTE4MyIsImlkQ2x1YnZpc2l0YSI6IjExMjQyIn0=/informe-arbitral-m-morelia-vs-veracruz-jornada-2-estadio-jose-maria-morelos-y-pavon', 'text': ''}","{'type': 'link', 'href': 'https://www.ligafemenil.mx/cancha/mxm/88389/eyJpZERpdmlzaW9uIjoiMTQiLCJpZFRlbXBvcmFkYSI6IjY4IiwiaWRUb3JuZW8iOiIyIiwiaWRDbHVibG9jYWwiOiIxMTE4MyIsImlkQ2x1YnZpc2l0YSI6IjExMjQyIiwiaWRQYXJ0aWRvIjoiODgzODkiLCJwZXN0YW5hIjoiNCJ9/minuto-a-minuto-m-morelia-vs-veracruz-jornada-2-estadio-jose-maria-morelos-y-pavon', 'text': ''}","{'type': 'link', 'href': 'https://www.ligafemenil.mx/cancha/galeria/ODgzODkvMi82OC8yLzE0/m-morelia-vs-veracruz', 'text': ''}","{'type': 'link', 'href': 'https://www.ligafemenil.mx/cancha/playlist/88389/m-morelia-vs-veracruz', 'text': ''}"
2017-2018,Clausura,"{'type': 'text', 'value': 'Sábado 13 de Enero de 2018\nTemporada 2017-2018\nTorneo Clausura\nJornada 2\n13 Enero 2018 - 16:30 hrs.'}","{'type': 'link', 'href': 'https://www.ligafemenil.mx/cancha/club/11182/guadalajara', 'text': ''}","{'type': 'link', 'href': 'https://www.ligafemenil.mx/cancha/informeArbitral/88391/eyJpZERpdmlzaW9uIjoiMTQiLCJpZFRlbXBvcmFkYSI6IjY4IiwiaWRUb3JuZW8iOiIyIiwiaWRDbHVibG9jYWwiOjExMTgyLCJpZENsdWJ2aXNpdGEiOjExMTg1fQ==/informe-arbitral-guadalajara-vs-rayados-de-monterrey-jornada-2-estadio-akron', 'text': '2 - 0'}","{'type': 'link', 'href': 'https://www.ligafemenil.mx/cancha/club/11185/rayados-de-monterrey', 'text': ''}","{'type': 'link', 'href': 'https://www.ligafemenil.mx/cancha/estadio/1538/estadio-akron', 'text': 'Estadio AKRON'}","{'type': 'link', 'href': 'https://www.ligafemenil.mx/cancha/mxm/88391/eyJpZERpdmlzaW9uIjoiMTQiLCJpZFRlbXBvcmFkYSI6IjY4IiwiaWRUb3JuZW8iOiIyIiwiaWRDbHVibG9jYWwiOiIxMTE4MiIsImlkQ2x1YnZpc2l0YSI6IjExMTg1IiwiaWRQYXJ0aWRvIjoiODgzOTEiLCJwZXN0YW5hIjoiMSJ9/minuto-a-minuto-guadalajara-vs-rayados-de-monterrey-jornada-2-estadio-akron', 'text': ''}","{'type': 'link', 'href': 'https://www.ligafemenil.mx/cancha/mxm/88391/eyJpZERpdmlzaW9uIjoiMTQiLCJpZFRlbXBvcmFkYSI6IjY4IiwiaWRUb3JuZW8iOiIyIiwiaWRDbHVibG9jYWwiOiIxMTE4MiIsImlkQ2x1YnZpc2l0YSI6IjExMTg1IiwiaWRQYXJ0aWRvIjoiODgzOTEiLCJwZXN0YW5hIjoiMyJ9/minuto-a-minuto-guadalajara-vs-rayados-de-monterrey-jornada-2-estadio-akron', 'text': ''}","{'type': 'link', 'href': 'https://www.ligafemenil.mx/cancha/informeArbitral/88391/eyJpZERpdmlzaW9uIjoiMTQiLCJpZFRlbXBvcmFkYSI6IjY4IiwiaWRUb3JuZW8iOiIyIiwiaWRDbHVibG9jYWwiOiIxMTE4MiIsImlkQ2x1YnZpc2l0YSI6IjExMTg1In0=/informe-arbitral-guadalajara-vs-rayados-de-monterrey-jornada-2-estadio-akron', 'text': ''}","{'type': 'link', 'href': 'https://www.ligafemenil.mx/cancha/mxm/88391/eyJpZERpdmlzaW9uIjoiMTQiLCJpZFRlbXBvcmFkYSI6IjY4IiwiaWRUb3JuZW8iOiIyIiwiaWRDbHVibG9jYWwiOiIxMTE4MiIsImlkQ2x1YnZpc2l0YSI6IjExMTg1IiwiaWRQYXJ0aWRvIjoiODgzOTEiLCJwZXN0YW5hIjoiNCJ9/minuto-a-minuto-guadalajara-vs-rayados-de-monterrey-jornada-2-estadio-akron', 'text': ''}","{'type': 'link', 'href': 'https://www.ligafemenil.mx/cancha/galeria/ODgzOTEvMi82OC8yLzE0/guadalajara-vs-rayados-de-monterrey', 'text': ''}","{'type': 'link', 'href': 'https://www.ligafemenil.mx/cancha/playlist/88391/guadalajara-vs-rayados-de-monterrey', 'text': ''}"
2017-2018,Clausura,"{'type': 'text', 'value': 'Sábado 13 de Enero de 2018\nTemporada 2017-2018\nTorneo Clausura\nJornada 2\n13 Enero 2018 - 21:00 hrs.'}","{'type': 'link', 'href': 'https://www.ligafemenil.mx/cancha/club/11186/tigres-de-la-uanl', 'text': ''}","{'type': 'link', 'href': 'https://www.ligafemenil.mx/cancha/informeArbitral/88388/eyJpZERpdmlzaW9uIjoiMTQiLCJpZFRlbXBvcmFkYSI6IjY4IiwiaWRUb3JuZW8iOiIyIiwiaWRDbHVibG9jYWwiOjExMTg2LCJpZENsdWJ2aXNpdGEiOjExMjQ1fQ==/informe-arbitral-tigres-de-la-uanl-vs-atlas-jornada-2-estadio-universitario', 'text': '2 - 0'}","{'type': 'link', 'href': 'https://www.ligafemenil.mx/cancha/club/11245/atlas', 'text': ''}","{'type': 'link', 'href': 'https://www.ligafemenil.mx/cancha/estadio/12/estadio-universitario', 'text': 'Universitario'}","{'type': 'link', 'href': 'https://www.ligafemenil.mx/cancha/mxm/88388/eyJpZERpdmlzaW9uIjoiMTQiLCJpZFRlbXBvcmFkYSI6IjY4IiwiaWRUb3JuZW8iOiIyIiwiaWRDbHVibG9jYWwiOiIxMTE4NiIsImlkQ2x1YnZpc2l0YSI6IjExMjQ1IiwiaWRQYXJ0aWRvIjoiODgzODgiLCJwZXN0YW5hIjoiMSJ9/minuto-a-minuto-tigres-de-la-uanl-vs-atlas-jornada-2-estadio-universitario', 'text': ''}","{'type': 'link', 'href': 'https://www.ligafemenil.mx/cancha/mxm/88388/eyJpZERpdmlzaW9uIjoiMTQiLCJpZFRlbXBvcmFkYSI6IjY4IiwiaWRUb3JuZW8iOiIyIiwiaWRDbHVibG9jYWwiOiIxMTE4NiIsImlkQ2x1YnZpc2l0YSI6IjExMjQ1IiwiaWRQYXJ0aWRvIjoiODgzODgiLCJwZXN0YW5hIjoiMyJ9/minuto-a-minuto-tigres-de-la-uanl-vs-atlas-jornada-2-estadio-universitario', 'text': ''}","{'type': 'link', 'href': 'https://www.ligafemenil.mx/cancha/informeArbitral/88388/eyJpZERpdmlzaW9uIjoiMTQiLCJpZFRlbXBvcmFkYSI6IjY4IiwiaWRUb3JuZW8iOiIyIiwiaWRDbHVibG9jYWwiOiIxMTE4NiIsImlkQ2x1YnZpc2l0YSI6IjExMjQ1In0=/informe-arbitral-tigres-de-la-uanl-vs-atlas-jornada-2-estadio-universitario', 'text': ''}","{'type': 'link', 'href': 'https://www.ligafemenil.mx/cancha/mxm/88388/eyJpZERpdmlzaW9uIjoiMTQiLCJpZFRlbXBvcmFkYSI6IjY4IiwiaWRUb3JuZW8iOiIyIiwiaWRDbHVibG9jYWwiOiIxMTE4NiIsImlkQ2x1YnZpc2l0YSI6IjExMjQ1IiwiaWRQYXJ0aWRvIjoiODgzODgiLCJwZXN0YW5hIjoiNCJ9/minuto-a-minuto-tigres-de-la-uanl-vs-atlas-jornada-2-estadio-universitario', 'text': ''}","{'type': 'link', 'href': 'https://www.ligafemenil.mx/cancha/galeria/ODgzODgvMi82OC8yLzE0/tigres-de-la-uanl-vs-atlas', 'text': ''}","{'type': 'link', 'href': 'https://www.ligafemenil.mx/cancha/playlist/88388/tigres-de-la-uanl-vs-atlas', 'text': ''}"
2017-2018,Clausura,"{'type': 'text', 'value': 'Lunes 15 de Enero de 2018\nTemporada 2017-2018\nTorneo Clausura\nJornada 2\n15 Enero 2018 - 16:00 hrs.'}","{'type': 'link', 'href': 'https://www.ligafemenil.mx/cancha/club/11187/toluca', 'text': ''}","{'type': 'link', 'href': 'https://www.ligafemenil.mx/cancha/informeArbitral/88409/eyJpZERpdmlzaW9uIjoiMTQiLCJpZFRlbXBvcmFkYSI6IjY4IiwiaWRUb3JuZW8iOiIyIiwiaWRDbHVibG9jYWwiOjExMTg3LCJpZENsdWJ2aXNpdGEiOjExMTgxfQ==/informe-arbitral-toluca-vs-cruz-azul-jornada-2-estadio-nemesio-diez', 'text': '1 - 1'}","{'type': 'link', 'href': 'https://www.ligafemenil.mx/cancha/club/11181/cruz-azul', 'text': ''}","{'type': 'link', 'href': 'https://www.ligafemenil.mx/cancha/estadio/6/estadio-nemesio-diez', 'text': 'Nemesio Diez'}","{'type': 'link', 'href': 'https://www.ligafemenil.mx/cancha/mxm/88409/eyJpZERpdmlzaW9uIjoiMTQiLCJpZFRlbXBvcmFkYSI6IjY4IiwiaWRUb3JuZW8iOiIyIiwiaWRDbHVibG9jYWwiOiIxMTE4NyIsImlkQ2x1YnZpc2l0YSI6IjExMTgxIiwiaWRQYXJ0aWRvIjoiODg0MDkiLCJwZXN0YW5hIjoiMSJ9/minuto-a-minuto-toluca-vs-cruz-azul-jornada-2-estadio-nemesio-diez', 'text': ''}","{'type': 'link', 'href': 'https://www.ligafemenil.mx/cancha/mxm/88409/eyJpZERpdmlzaW9uIjoiMTQiLCJpZFRlbXBvcmFkYSI6IjY4IiwiaWRUb3JuZW8iOiIyIiwiaWRDbHVibG9jYWwiOiIxMTE4NyIsImlkQ2x1YnZpc2l0YSI6IjExMTgxIiwiaWRQYXJ0aWRvIjoiODg0MDkiLCJwZXN0YW5hIjoiMyJ9/minuto-a-minuto-toluca-vs-cruz-azul-jornada-2-estadio-nemesio-diez', 'text': ''}","{'type': 'link', 'href': 'https://www.ligafemenil.mx/cancha/informeArbitral/88409/eyJpZERpdmlzaW9uIjoiMTQiLCJpZFRlbXBvcmFkYSI6IjY4IiwiaWRUb3JuZW8iOiIyIiwiaWRDbHVibG9jYWwiOiIxMTE4NyIsImlkQ2x1YnZpc2l0YSI6IjExMTgxIn0=/informe-arbitral-toluca-vs-cruz-azul-jornada-2-estadio-nemesio-diez', 'text': ''}","{'type': 'link', 'href': 'https://www.ligafemenil.mx/cancha/mxm/88409/eyJpZERpdmlzaW9uIjoiMTQiLCJpZFRlbXBvcmFkYSI6IjY4IiwiaWRUb3JuZW8iOiIyIiwiaWRDbHVibG9jYWwiOiIxMTE4NyIsImlkQ2x1YnZpc2l0YSI6IjExMTgxIiwiaWRQYXJ0aWRvIjoiODg0MDkiLCJwZXN0YW5hIjoiNCJ9/minuto-a-minuto-toluca-vs-cruz-azul-jornada-2-estadio-nemesio-diez', 'text': ''}","{'type': 'link', 'href': 'https://www.ligafemenil.mx/cancha/galeria/ODg0MDkvMi82OC8yLzE0/toluca-vs-cruz-azul', 'text': ''}","{'type': 'link', 'href': 'https://www.ligafemenil.mx/cancha/playlist/88409/toluca-vs-cruz-azul', 'text': ''}"
2017-2018,Clausura,"{'type': 'text', 'value': 'Lunes 15 de Enero de 2018\nTemporada 2017-2018\nTorneo Clausura\nJornada 2\n15 Enero 2018 - 19:00 hrs.'}","{'type': 'link', 'href': 'https://www.ligafemenil.mx/cancha/club/11184/pachuca', 'text': ''}","{'type': 'link', 'href': 'https://www.ligafemenil.mx/cancha/informeArbitral/88368/eyJpZERpdmlzaW9uIjoiMTQiLCJpZFRlbXBvcmFkYSI6IjY4IiwiaWRUb3JuZW8iOiIyIiwiaWRDbHVibG9jYWwiOjExMTg0LCJpZENsdWJ2aXNpdGEiOjExMTkxfQ==/informe-arbitral-pachuca-vs-america-jornada-2-estadio-hidalgo', 'text': '2 - 3'}","{'type': 'link', 'href': 'https://www.ligafemenil.mx/cancha/club/11191/america', 'text': ''}","{'type': 'link', 'href': 'https://www.ligafemenil.mx/cancha/estadio/11/estadio-hidalgo', 'text': 'Hidalgo'}","{'type': 'link', 'href': 'https://www.ligafemenil.mx/cancha/mxm/88368/eyJpZERpdmlzaW9uIjoiMTQiLCJpZFRlbXBvcmFkYSI6IjY4IiwiaWRUb3JuZW8iOiIyIiwiaWRDbHVibG9jYWwiOiIxMTE4NCIsImlkQ2x1YnZpc2l0YSI6IjExMTkxIiwiaWRQYXJ0aWRvIjoiODgzNjgiLCJwZXN0YW5hIjoiMSJ9/minuto-a-minuto-pachuca-vs-america-jornada-2-estadio-hidalgo', 'text': ''}","{'type': 'link', 'href': 'https://www.ligafemenil.mx/cancha/mxm/88368/eyJpZERpdmlzaW9uIjoiMTQiLCJpZFRlbXBvcmFkYSI6IjY4IiwiaWRUb3JuZW8iOiIyIiwiaWRDbHVibG9jYWwiOiIxMTE4NCIsImlkQ2x1YnZpc2l0YSI6IjExMTkxIiwiaWRQYXJ0aWRvIjoiODgzNjgiLCJwZXN0YW5hIjoiMyJ9/minuto-a-minuto-pachuca-vs-america-jornada-2-estadio-hidalgo', 'text': ''}","{'type': 'link', 'href': 'https://www.ligafemenil.mx/cancha/informeArbitral/88368/eyJpZERpdmlzaW9uIjoiMTQiLCJpZFRlbXBvcmFkYSI6IjY4IiwiaWRUb3JuZW8iOiIyIiwiaWRDbHVibG9jYWwiOiIxMTE4NCIsImlkQ2x1YnZpc2l0YSI6IjExMTkxIn0=/informe-arbitral-pachuca-vs-america-jornada-2-estadio-hidalgo', 'text': ''}","{'type': 'link', 'href': 'https://www.ligafemenil.mx/cancha/mxm/88368/eyJpZERpdmlzaW9uIjoiMTQiLCJpZFRlbXBvcmFkYSI6IjY4IiwiaWRUb3JuZW8iOiIyIiwiaWRDbHVibG9jYWwiOiIxMTE4NCIsImlkQ2x1YnZpc2l0YSI6IjExMTkxIiwiaWRQYXJ0aWRvIjoiODgzNjgiLCJwZXN0YW5hIjoiNCJ9/minuto-a-minuto-pachuca-vs-america-jornada-2-estadio-hidalgo', 'text': ''}","{'type': 'link', 'href': 'https://www.ligafemenil.mx/cancha/galeria/ODgzNjgvMi82OC8yLzE0/pachuca-vs-america', 'text': ''}","{'type': 'link', 'href': 'https://www.ligafemenil.mx/cancha/playlist/88368/pachuca-vs-america', 'text': ''}"
2017-2018,Clausura,"{'type': 'text', 'value': 'Lunes 15 de Enero de 2018\nTemporada 2017-2018\nTorneo Clausura\nJornada 2\n15 Enero 2018 - 21:00 hrs.'}","{'type': 'link', 'href': 'https://www.ligafemenil.mx/cancha/club/11192/santos-laguna', 'text': ''}","{'type': 'link', 'href': 'https://www.ligafemenil.mx/cancha/informeArbitral/88394/eyJpZERpdmlzaW9uIjoiMTQiLCJpZFRlbXBvcmFkYSI6IjY4IiwiaWRUb3JuZW8iOiIyIiwiaWRDbHVibG9jYWwiOjExMTkyLCJpZENsdWJ2aXNpdGEiOjExMjQ0fQ==/informe-arbitral-santos-laguna-vs-queretaro-jornada-2-estadio-tsm-corona', 'text': '3 - 1'}","{'type': 'link', 'href': 'https://www.ligafemenil.mx/cancha/club/11244/queretaro', 'text': ''}","{'type': 'link', 'href': 'https://www.ligafemenil.mx/cancha/estadio/63/estadio-tsm-corona', 'text': 'TSM Corona'}","{'type': 'link', 'href': 'https://www.ligafemenil.mx/cancha/mxm/88394/eyJpZERpdmlzaW9uIjoiMTQiLCJpZFRlbXBvcmFkYSI6IjY4IiwiaWRUb3JuZW8iOiIyIiwiaWRDbHVibG9jYWwiOiIxMTE5MiIsImlkQ2x1YnZpc2l0YSI6IjExMjQ0IiwiaWRQYXJ0aWRvIjoiODgzOTQiLCJwZXN0YW5hIjoiMSJ9/minuto-a-minuto-santos-laguna-vs-queretaro-jornada-2-estadio-tsm-corona', 'text': ''}","{'type': 'link', 'href': 'https://www.ligafemenil.mx/cancha/mxm/88394/eyJpZERpdmlzaW9uIjoiMTQiLCJpZFRlbXBvcmFkYSI6IjY4IiwiaWRUb3JuZW8iOiIyIiwiaWRDbHVibG9jYWwiOiIxMTE5MiIsImlkQ2x1YnZpc2l0YSI6IjExMjQ0IiwiaWRQYXJ0aWRvIjoiODgzOTQiLCJwZXN0YW5hIjoiMyJ9/minuto-a-minuto-santos-laguna-vs-queretaro-jornada-2-estadio-tsm-corona', 'text': ''}","{'type': 'link', 'href': 'https://www.ligafemenil.mx/cancha/informeArbitral/88394/eyJpZERpdmlzaW9uIjoiMTQiLCJpZFRlbXBvcmFkYSI6IjY4IiwiaWRUb3JuZW8iOiIyIiwiaWRDbHVibG9jYWwiOiIxMTE5MiIsImlkQ2x1YnZpc2l0YSI6IjExMjQ0In0=/informe-arbitral-santos-laguna-vs-queretaro-jornada-2-estadio-tsm-corona', 'text': ''}","{'type': 'link', 'href': 'https://www.ligafemenil.mx/cancha/mxm/88394/eyJpZERpdmlzaW9uIjoiMTQiLCJpZFRlbXBvcmFkYSI6IjY4IiwiaWRUb3JuZW8iOiIyIiwiaWRDbHVibG9jYWwiOiIxMTE5MiIsImlkQ2x1YnZpc2l0YSI6IjExMjQ0IiwiaWRQYXJ0aWRvIjoiODgzOTQiLCJwZXN0YW5hIjoiNCJ9/minuto-a-minuto-santos-laguna-vs-queretaro-jornada-2-estadio-tsm-corona', 'text': ''}","{'type': 'link', 'href': 'https://www.ligafemenil.mx/cancha/galeria/ODgzOTQvMi82OC8yLzE0/santos-laguna-vs-queretaro', 'text': ''}","{'type': 'link', 'href': 'https://www.ligafemenil.mx/cancha/playlist/88394/santos-laguna-vs-queretaro', 'text': ''}"
2017-2018,Clausura,"{'type': 'text', 'value': 'Viernes 19 de Enero de 2018\nTemporada 2017-2018\nTorneo Clausura\nJornada 3\n19 Enero 2018 - 16:00 hrs.'}","{'type': 'link', 'href': 'https://www.ligafemenil.mx/cancha/club/11181/cruz-azul', 'text': ''}","{'type': 'link', 'href': 'https://www.ligafemenil.mx/cancha/informeArbitral/88379/eyJpZERpdmlzaW9uIjoiMTQiLCJpZFRlbXBvcmFkYSI6IjY4IiwiaWRUb3JuZW8iOiIyIiwiaWRDbHVibG9jYWwiOjExMTgxLCJpZENsdWJ2aXNpdGEiOjExMTg0fQ==/informe-arbitral-cruz-azul-vs-pachuca-jornada-3-estadio-instalaciones-la-noria-cancha-1', 'text': '0 - 2'}","{'type': 'link', 'href': 'https://www.ligafemenil.mx/cancha/club/11184/pachuca', 'text': ''}","{'type': 'link', 'href': 'https://www.ligafemenil.mx/cancha/estadio/47/estadio-instalaciones-la-noria-cancha-1', 'text': 'Instalaciones La Noria Cancha 1'}","{'type': 'link', 'href': 'https://www.ligafemenil.mx/cancha/mxm/88379/eyJpZERpdmlzaW9uIjoiMTQiLCJpZFRlbXBvcmFkYSI6IjY4IiwiaWRUb3JuZW8iOiIyIiwiaWRDbHVibG9jYWwiOiIxMTE4MSIsImlkQ2x1YnZpc2l0YSI6IjExMTg0IiwiaWRQYXJ0aWRvIjoiODgzNzkiLCJwZXN0YW5hIjoiMSJ9/minuto-a-minuto-cruz-azul-vs-pachuca-jornada-3-estadio-instalaciones-la-noria-cancha-1', 'text': ''}","{'type': 'link', 'href': 'https://www.ligafemenil.mx/cancha/mxm/88379/eyJpZERpdmlzaW9uIjoiMTQiLCJpZFRlbXBvcmFkYSI6IjY4IiwiaWRUb3JuZW8iOiIyIiwiaWRDbHVibG9jYWwiOiIxMTE4MSIsImlkQ2x1YnZpc2l0YSI6IjExMTg0IiwiaWRQYXJ0aWRvIjoiODgzNzkiLCJwZXN0YW5hIjoiMyJ9/minuto-a-minuto-cruz-azul-vs-pachuca-jornada-3-estadio-instalaciones-la-noria-cancha-1', 'text': ''}","{'type': 'link', 'href': 'https://www.ligafemenil.mx/cancha/informeArbitral/88379/eyJpZERpdmlzaW9uIjoiMTQiLCJpZFRlbXBvcmFkYSI6IjY4IiwiaWRUb3JuZW8iOiIyIiwiaWRDbHVibG9jYWwiOiIxMTE4MSIsImlkQ2x1YnZpc2l0YSI6IjExMTg0In0=/informe-arbitral-cruz-azul-vs-pachuca-jornada-3-estadio-instalaciones-la-noria-cancha-1', 'text': ''}","{'type': 'link', 'href': 'https://www.ligafemenil.mx/cancha/mxm/88379/eyJpZERpdmlzaW9uIjoiMTQiLCJpZFRlbXBvcmFkYSI6IjY4IiwiaWRUb3JuZW8iOiIyIiwiaWRDbHVibG9jYWwiOiIxMTE4MSIsImlkQ2x1YnZpc2l0YSI6IjExMTg0IiwiaWRQYXJ0aWRvIjoiODgzNzkiLCJwZXN0YW5hIjoiNCJ9/minuto-a-minuto-cruz-azul-vs-pachuca-jornada-3-estadio-instalaciones-la-noria-cancha-1', 'text': ''}","{'type': 'link', 'href': 'https://www.ligafemenil.mx/cancha/galeria/ODgzNzkvMy82OC8yLzE0/cruz-azul-vs-pachuca', 'text': ''}","{'type': 'link', 'href': 'https://www.ligafemenil.mx/cancha/playlist/88379/cruz-azul-vs-pachuca', 'text': ''}"
2017-2018,Clausura,"{'type': 'text', 'value': 'Viernes 19 de Enero de 2018\nTemporada 2017-2018\nTorneo Clausura\nJornada 3\n19 Enero 2018 - 16:00 hrs.'}","{'type': 'link', 'href': 'https://www.ligafemenil.mx/cancha/club/11189/necaxa', 'text': ''}","{'type': 'link', 'href': 'https://www.ligafemenil.mx/cancha/informeArbitral/88396/eyJpZERpdmlzaW9uIjoiMTQiLCJpZFRlbXBvcmFkYSI6IjY4IiwiaWRUb3JuZW8iOiIyIiwiaWRDbHVibG9jYWwiOjExMTg5LCJpZENsdWJ2aXNpdGEiOjExMTgyfQ==/informe-arbitral-necaxa-vs-guadalajara-jornada-3-estadio-victoria', 'text': '1 - 2'}","{'type': 'link', 'href': 'https://www.ligafemenil.mx/cancha/club/11182/guadalajara', 'text': ''}","{'type': 'link', 'href': 'https://www.ligafemenil.mx/cancha/estadio/15/estadio-victoria', 'text': 'Victoria'}","{'type': 'link', 'href': 'https://www.ligafemenil.mx/cancha/mxm/88396/eyJpZERpdmlzaW9uIjoiMTQiLCJpZFRlbXBvcmFkYSI6IjY4IiwiaWRUb3JuZW8iOiIyIiwiaWRDbHVibG9jYWwiOiIxMTE4OSIsImlkQ2x1YnZpc2l0YSI6IjExMTgyIiwiaWRQYXJ0aWRvIjoiODgzOTYiLCJwZXN0YW5hIjoiMSJ9/minuto-a-minuto-necaxa-vs-guadalajara-jornada-3-estadio-victoria', 'text': ''}","{'type': 'link', 'href': 'https://www.ligafemenil.mx/cancha/mxm/88396/eyJpZERpdmlzaW9uIjoiMTQiLCJpZFRlbXBvcmFkYSI6IjY4IiwiaWRUb3JuZW8iOiIyIiwiaWRDbHVibG9jYWwiOiIxMTE4OSIsImlkQ2x1YnZpc2l0YSI6IjExMTgyIiwiaWRQYXJ0aWRvIjoiODgzOTYiLCJwZXN0YW5hIjoiMyJ9/minuto-a-minuto-necaxa-vs-guadalajara-jornada-3-estadio-victoria', 'text': ''}","{'type': 'link', 'href': 'https://www.ligafemenil.mx/cancha/informeArbitral/88396/eyJpZERpdmlzaW9uIjoiMTQiLCJpZFRlbXBvcmFkYSI6IjY4IiwiaWRUb3JuZW8iOiIyIiwiaWRDbHVibG9jYWwiOiIxMTE4OSIsImlkQ2x1YnZpc2l0YSI6IjExMTgyIn0=/informe-arbitral-necaxa-vs-guadalajara-jornada-3-estadio-victoria', 'text': ''}","{'type': 'link', 'href': 'https://www.ligafemenil.mx/cancha/mxm/88396/eyJpZERpdmlzaW9uIjoiMTQiLCJpZFRlbXBvcmFkYSI6IjY4IiwiaWRUb3JuZW8iOiIyIiwiaWRDbHVibG9jYWwiOiIxMTE4OSIsImlkQ2x1YnZpc2l0YSI6IjExMTgyIiwiaWRQYXJ0aWRvIjoiODgzOTYiLCJwZXN0YW5hIjoiNCJ9/minuto-a-minuto-necaxa-vs-guadalajara-jornada-3-estadio-victoria', 'text': ''}","{'type': 'link', 'href': 'https://www.ligafemenil.mx/cancha/galeria/ODgzOTYvMy82OC8yLzE0/necaxa-vs-guadalajara', 'text': ''}","{'type': 'link', 'href': 'https://www.ligafemenil.mx/cancha/playlist/88396/necaxa-vs-guadalajara', 'text': ''}"
2017-2018,Clausura,"{'type': 'text', 'value': 'Sábado 20 de Enero de 2018\nTemporada 2017-2018\nTorneo Clausura\nJornada 3\n20 Enero 2018 - 11:00 hrs.'}","{'type': 'link', 'href': 'https://www.ligafemenil.mx/cancha/club/11245/atlas', 'text': ''}","{'type': 'link', 'href': 'https://www.ligafemenil.mx/cancha/informeArbitral/88398/eyJpZERpdmlzaW9uIjoiMTQiLCJpZFRlbXBvcmFkYSI6IjY4IiwiaWRUb3JuZW8iOiIyIiwiaWRDbHVibG9jYWwiOjExMjQ1LCJpZENsdWJ2aXNpdGEiOjExMjQzfQ==/informe-arbitral-atlas-vs-leon-jornada-3-estadio-cancha-alfredo-pistache-torres', 'text': '0 - 1'}","{'type': 'link', 'href': 'https://www.ligafemenil.mx/cancha/club/11243/leon', 'text': ''}","{'type': 'link', 'href': 'https://www.ligafemenil.mx/cancha/estadio/881/estadio-cancha-alfredo-pistache-torres', 'text': 'CANCHA ALFREDO PISTACHE TORRES'}","{'type': 'link', 'href': 'https://www.ligafemenil.mx/cancha/mxm/88398/eyJpZERpdmlzaW9uIjoiMTQiLCJpZFRlbXBvcmFkYSI6IjY4IiwiaWRUb3JuZW8iOiIyIiwiaWRDbHVibG9jYWwiOiIxMTI0NSIsImlkQ2x1YnZpc2l0YSI6IjExMjQzIiwiaWRQYXJ0aWRvIjoiODgzOTgiLCJwZXN0YW5hIjoiMSJ9/minuto-a-minuto-atlas-vs-leon-jornada-3-estadio-cancha-alfredo-pistache-torres', 'text': ''}","{'type': 'link', 'href': 'https://www.ligafemenil.mx/cancha/mxm/88398/eyJpZERpdmlzaW9uIjoiMTQiLCJpZFRlbXBvcmFkYSI6IjY4IiwiaWRUb3JuZW8iOiIyIiwiaWRDbHVibG9jYWwiOiIxMTI0NSIsImlkQ2x1YnZpc2l0YSI6IjExMjQzIiwiaWRQYXJ0aWRvIjoiODgzOTgiLCJwZXN0YW5hIjoiMyJ9/minuto-a-minuto-atlas-vs-leon-jornada-3-estadio-cancha-alfredo-pistache-torres', 'text': ''}","{'type': 'link', 'href': 'https://www.ligafemenil.mx/cancha/informeArbitral/88398/eyJpZERpdmlzaW9uIjoiMTQiLCJpZFRlbXBvcmFkYSI6IjY4IiwiaWRUb3JuZW8iOiIyIiwiaWRDbHVibG9jYWwiOiIxMTI0NSIsImlkQ2x1YnZpc2l0YSI6IjExMjQzIn0=/informe-arbitral-atlas-vs-leon-jornada-3-estadio-cancha-alfredo-pistache-torres', 'text': ''}","{'type': 'link', 'href': 'https://www.ligafemenil.mx/cancha/mxm/88398/eyJpZERpdmlzaW9uIjoiMTQiLCJpZFRlbXBvcmFkYSI6IjY4IiwiaWRUb3JuZW8iOiIyIiwiaWRDbHVibG9jYWwiOiIxMTI0NSIsImlkQ2x1YnZpc2l0YSI6IjExMjQzIiwiaWRQYXJ0aWRvIjoiODgzOTgiLCJwZXN0YW5hIjoiNCJ9/minuto-a-minuto-atlas-vs-leon-jornada-3-estadio-cancha-alfredo-pistache-torres', 'text': ''}","{'type': 'link', 'href': 'https://www.ligafemenil.mx/cancha/galeria/ODgzOTgvMy82OC8yLzE0/atlas-vs-leon', 'text': ''}","{'type': 'link', 'href': 'https://www.ligafemenil.mx/cancha/playlist/88398/atlas-vs-leon', 'text': ''}"
2017-2018,Clausura,"{'type': 'text', 'value': 'Sábado 20 de Enero de 2018\nTemporada 2017-2018\nTorneo Clausura\nJornada 3\n20 Enero 2018 - 15:00 hrs.'}","{'type': 'link', 'href': 'https://www.ligafemenil.mx/cancha/club/11183/m-morelia', 'text': ''}","{'type': 'link', 'href': 'https://www.ligafemenil.mx/cancha/informeArbitral/88356/eyJpZERpdmlzaW9uIjoiMTQiLCJpZFRlbXBvcmFkYSI6IjY4IiwiaWRUb3JuZW8iOiIyIiwiaWRDbHVibG9jYWwiOjExMTgzLCJpZENsdWJ2aXNpdGEiOjExMTg4fQ==/informe-arbitral-m-morelia-vs-pumas-jornada-3-estadio-jose-maria-morelos-y-pavon', 'text': '0 - 0'}","{'type': 'link', 'href': 'https://www.ligafemenil.mx/cancha/club/11188/pumas', 'text': ''}","{'type': 'link', 'href': 'https://www.ligafemenil.mx/cancha/estadio/10/estadio-jose-maria-morelos-y-pavon', 'text': 'José María Morelos y Pavón'}","{'type': 'link', 'href': 'https://www.ligafemenil.mx/cancha/mxm/88356/eyJpZERpdmlzaW9uIjoiMTQiLCJpZFRlbXBvcmFkYSI6IjY4IiwiaWRUb3JuZW8iOiIyIiwiaWRDbHVibG9jYWwiOiIxMTE4MyIsImlkQ2x1YnZpc2l0YSI6IjExMTg4IiwiaWRQYXJ0aWRvIjoiODgzNTYiLCJwZXN0YW5hIjoiMSJ9/minuto-a-minuto-m-morelia-vs-pumas-jornada-3-estadio-jose-maria-morelos-y-pavon', 'text': ''}","{'type': 'link', 'href': 'https://www.ligafemenil.mx/cancha/mxm/88356/eyJpZERpdmlzaW9uIjoiMTQiLCJpZFRlbXBvcmFkYSI6IjY4IiwiaWRUb3JuZW8iOiIyIiwiaWRDbHVibG9jYWwiOiIxMTE4MyIsImlkQ2x1YnZpc2l0YSI6IjExMTg4IiwiaWRQYXJ0aWRvIjoiODgzNTYiLCJwZXN0YW5hIjoiMyJ9/minuto-a-minuto-m-morelia-vs-pumas-jornada-3-estadio-jose-maria-morelos-y-pavon', 'text': ''}","{'type': 'link', 'href': 'https://www.ligafemenil.mx/cancha/informeArbitral/88356/eyJpZERpdmlzaW9uIjoiMTQiLCJpZFRlbXBvcmFkYSI6IjY4IiwiaWRUb3JuZW8iOiIyIiwiaWRDbHVibG9jYWwiOiIxMTE4MyIsImlkQ2x1YnZpc2l0YSI6IjExMTg4In0=/informe-arbitral-m-morelia-vs-pumas-jornada-3-estadio-jose-maria-morelos-y-pavon', 'text': ''}","{'type': 'link', 'href': 'https://www.ligafemenil.mx/cancha/mxm/88356/eyJpZERpdmlzaW9uIjoiMTQiLCJpZFRlbXBvcmFkYSI6IjY4IiwiaWRUb3JuZW8iOiIyIiwiaWRDbHVibG9jYWwiOiIxMTE4MyIsImlkQ2x1YnZpc2l0YSI6IjExMTg4IiwiaWRQYXJ0aWRvIjoiODgzNTYiLCJwZXN0YW5hIjoiNCJ9/minuto-a-minuto-m-morelia-vs-pumas-jornada-3-estadio-jose-maria-morelos-y-pavon', 'text': ''}","{'type': 'link', 'href': 'https://www.ligafemenil.mx/cancha/galeria/ODgzNTYvMy82OC8yLzE0/m-morelia-vs-pumas', 'text': ''}","{'type': 'link', 'href': 'https://www.ligafemenil.mx/cancha/playlist/88356/m-morelia-vs-pumas', 'text': ''}"
2017-2018,Clausura,"{'type': 'text', 'value': 'Sábado 20 de Enero de 2018\nTemporada 2017-2018\nTorneo Clausura\nJornada 3\n20 Enero 2018 - 16:00 hrs.'}","{'type': 'link', 'href': 'https://www.ligafemenil.mx/cancha/club/11191/america', 'text': ''}","{'type': 'link', 'href': 'https://www.ligafemenil.mx/cancha/informeArbitral/88406/eyJpZERpdmlzaW9uIjoiMTQiLCJpZFRlbXBvcmFkYSI6IjY4IiwiaWRUb3JuZW8iOiIyIiwiaWRDbHVibG9jYWwiOjExMTkxLCJpZENsdWJ2aXNpdGEiOjExMjQyfQ==/informe-arbitral-america-vs-veracruz-jornada-3-estadio-azteca', 'text': '4 - 0'}","{'type': 'link', 'href': 'https://www.ligafemenil.mx/cancha/club/11242/veracruz', 'text': ''}","{'type': 'link', 'href': 'https://www.ligafemenil.mx/cancha/estadio/1/estadio-azteca', 'text': 'Azteca'}","{'type': 'link', 'href': 'https://www.ligafemenil.mx/cancha/mxm/88406/eyJpZERpdmlzaW9uIjoiMTQiLCJpZFRlbXBvcmFkYSI6IjY4IiwiaWRUb3JuZW8iOiIyIiwiaWRDbHVibG9jYWwiOiIxMTE5MSIsImlkQ2x1YnZpc2l0YSI6IjExMjQyIiwiaWRQYXJ0aWRvIjoiODg0MDYiLCJwZXN0YW5hIjoiMSJ9/minuto-a-minuto-america-vs-veracruz-jornada-3-estadio-azteca', 'text': ''}","{'type': 'link', 'href': 'https://www.ligafemenil.mx/cancha/mxm/88406/eyJpZERpdmlzaW9uIjoiMTQiLCJpZFRlbXBvcmFkYSI6IjY4IiwiaWRUb3JuZW8iOiIyIiwiaWRDbHVibG9jYWwiOiIxMTE5MSIsImlkQ2x1YnZpc2l0YSI6IjExMjQyIiwiaWRQYXJ0aWRvIjoiODg0MDYiLCJwZXN0YW5hIjoiMyJ9/minuto-a-minuto-america-vs-veracruz-jornada-3-estadio-azteca', 'text': ''}","{'type': 'link', 'href': 'https://www.ligafemenil.mx/cancha/informeArbitral/88406/eyJpZERpdmlzaW9uIjoiMTQiLCJpZFRlbXBvcmFkYSI6IjY4IiwiaWRUb3JuZW8iOiIyIiwiaWRDbHVibG9jYWwiOiIxMTE5MSIsImlkQ2x1YnZpc2l0YSI6IjExMjQyIn0=/informe-arbitral-america-vs-veracruz-jornada-3-estadio-azteca', 'text': ''}","{'type': 'link', 'href': 'https://www.ligafemenil.mx/cancha/mxm/88406/eyJpZERpdmlzaW9uIjoiMTQiLCJpZFRlbXBvcmFkYSI6IjY4IiwiaWRUb3JuZW8iOiIyIiwiaWRDbHVibG9jYWwiOiIxMTE5MSIsImlkQ2x1YnZpc2l0YSI6IjExMjQyIiwiaWRQYXJ0aWRvIjoiODg0MDYiLCJwZXN0YW5hIjoiNCJ9/minuto-a-minuto-america-vs-veracruz-jornada-3-estadio-azteca', 'text': ''}","{'type': 'link', 'href': 'https://www.ligafemenil.mx/cancha/galeria/ODg0MDYvMy82OC8yLzE0/america-vs-veracruz', 'text': ''}","{'type': 'link', 'href': 'https://www.ligafemenil.mx/cancha/playlist/88406/america-vs-veracruz', 'text': ''}"
2017-2018,Clausura,"{'type': 'text', 'value': 'Domingo 21 de Enero de 2018\nTemporada 2017-2018\nTorneo Clausura\nJornada 3\n21 Enero 2018 - 10:30 hrs.'}","{'type': 'link', 'href': 'https://www.ligafemenil.mx/cancha/club/11185/rayados-de-monterrey', 'text': ''}","{'type': 'link', 'href': 'https://www.ligafemenil.mx/cancha/informeArbitral/88400/eyJpZERpdmlzaW9uIjoiMTQiLCJpZFRlbXBvcmFkYSI6IjY4IiwiaWRUb3JuZW8iOiIyIiwiaWRDbHVibG9jYWwiOjExMTg1LCJpZENsdWJ2aXNpdGEiOjExMjQ0fQ==/informe-arbitral-rayados-de-monterrey-vs-queretaro-jornada-3-estadio-el-barrial', 'text': '2 - 0'}","{'type': 'link', 'href': 'https://www.ligafemenil.mx/cancha/club/11244/queretaro', 'text': ''}","{'type': 'link', 'href': 'https://www.ligafemenil.mx/cancha/estadio/675/estadio-el-barrial', 'text': 'El Barrial'}","{'type': 'link', 'href': 'https://www.ligafemenil.mx/cancha/mxm/88400/eyJpZERpdmlzaW9uIjoiMTQiLCJpZFRlbXBvcmFkYSI6IjY4IiwiaWRUb3JuZW8iOiIyIiwiaWRDbHVibG9jYWwiOiIxMTE4NSIsImlkQ2x1YnZpc2l0YSI6IjExMjQ0IiwiaWRQYXJ0aWRvIjoiODg0MDAiLCJwZXN0YW5hIjoiMSJ9/minuto-a-minuto-rayados-de-monterrey-vs-queretaro-jornada-3-estadio-el-barrial', 'text': ''}","{'type': 'link', 'href': 'https://www.ligafemenil.mx/cancha/mxm/88400/eyJpZERpdmlzaW9uIjoiMTQiLCJpZFRlbXBvcmFkYSI6IjY4IiwiaWRUb3JuZW8iOiIyIiwiaWRDbHVibG9jYWwiOiIxMTE4NSIsImlkQ2x1YnZpc2l0YSI6IjExMjQ0IiwiaWRQYXJ0aWRvIjoiODg0MDAiLCJwZXN0YW5hIjoiMyJ9/minuto-a-minuto-rayados-de-monterrey-vs-queretaro-jornada-3-estadio-el-barrial', 'text': ''}","{'type': 'link', 'href': 'https://www.ligafemenil.mx/cancha/informeArbitral/88400/eyJpZERpdmlzaW9uIjoiMTQiLCJpZFRlbXBvcmFkYSI6IjY4IiwiaWRUb3JuZW8iOiIyIiwiaWRDbHVibG9jYWwiOiIxMTE4NSIsImlkQ2x1YnZpc2l0YSI6IjExMjQ0In0=/informe-arbitral-rayados-de-monterrey-vs-queretaro-jornada-3-estadio-el-barrial', 'text': ''}","{'type': 'link', 'href': 'https://www.ligafemenil.mx/cancha/mxm/88400/eyJpZERpdmlzaW9uIjoiMTQiLCJpZFRlbXBvcmFkYSI6IjY4IiwiaWRUb3JuZW8iOiIyIiwiaWRDbHVibG9jYWwiOiIxMTE4NSIsImlkQ2x1YnZpc2l0YSI6IjExMjQ0IiwiaWRQYXJ0aWRvIjoiODg0MDAiLCJwZXN0YW5hIjoiNCJ9/minuto-a-minuto-rayados-de-monterrey-vs-queretaro-jornada-3-estadio-el-barrial', 'text': ''}","{'type': 'link', 'href': 'https://www.ligafemenil.mx/cancha/galeria/ODg0MDAvMy82OC8yLzE0/rayados-de-monterrey-vs-queretaro', 'text': ''}","{'type': 'link', 'href': 'https://www.ligafemenil.mx/cancha/playlist/88400/rayados-de-monterrey-vs-queretaro', 'text': ''}"
2017-2018,Clausura,"{'type': 'text', 'value': 'Lunes 22 de Enero de 2018\nTemporada 2017-2018\nTorneo Clausura\nJornada 3\n22 Enero 2018 - 21:00 hrs.'}","{'type': 'link', 'href': 'https://www.ligafemenil.mx/cancha/club/11192/santos-laguna', 'text': ''}","{'type': 'link', 'href': 'https://www.ligafemenil.mx/cancha/informeArbitral/88402/eyJpZERpdmlzaW9uIjoiMTQiLCJpZFRlbXBvcmFkYSI6IjY4IiwiaWRUb3JuZW8iOiIyIiwiaWRDbHVibG9jYWwiOjExMTkyLCJpZENsdWJ2aXNpdGEiOjExMTg2fQ==/informe-arbitral-santos-laguna-vs-tigres-de-la-uanl-jornada-3-estadio-tsm-corona', 'text': '0 - 2'}","{'type': 'link', 'href': 'https://www.ligafemenil.mx/cancha/club/11186/tigres-de-la-uanl', 'text': ''}","{'type': 'link', 'href': 'https://www.ligafemenil.mx/cancha/estadio/63/estadio-tsm-corona', 'text': 'TSM Corona'}","{'type': 'link', 'href': 'https://www.ligafemenil.mx/cancha/mxm/88402/eyJpZERpdmlzaW9uIjoiMTQiLCJpZFRlbXBvcmFkYSI6IjY4IiwiaWRUb3JuZW8iOiIyIiwiaWRDbHVibG9jYWwiOiIxMTE5MiIsImlkQ2x1YnZpc2l0YSI6IjExMTg2IiwiaWRQYXJ0aWRvIjoiODg0MDIiLCJwZXN0YW5hIjoiMSJ9/minuto-a-minuto-santos-laguna-vs-tigres-de-la-uanl-jornada-3-estadio-tsm-corona', 'text': ''}","{'type': 'link', 'href': 'https://www.ligafemenil.mx/cancha/mxm/88402/eyJpZERpdmlzaW9uIjoiMTQiLCJpZFRlbXBvcmFkYSI6IjY4IiwiaWRUb3JuZW8iOiIyIiwiaWRDbHVibG9jYWwiOiIxMTE5MiIsImlkQ2x1YnZpc2l0YSI6IjExMTg2IiwiaWRQYXJ0aWRvIjoiODg0MDIiLCJwZXN0YW5hIjoiMyJ9/minuto-a-minuto-santos-laguna-vs-tigres-de-la-uanl-jornada-3-estadio-tsm-corona', 'text': ''}","{'type': 'link', 'href': 'https://www.ligafemenil.mx/cancha/informeArbitral/88402/eyJpZERpdmlzaW9uIjoiMTQiLCJpZFRlbXBvcmFkYSI6IjY4IiwiaWRUb3JuZW8iOiIyIiwiaWRDbHVibG9jYWwiOiIxMTE5MiIsImlkQ2x1YnZpc2l0YSI6IjExMTg2In0=/informe-arbitral-santos-laguna-vs-tigres-de-la-uanl-jornada-3-estadio-tsm-corona', 'text': ''}","{'type': 'link', 'href': 'https://www.ligafemenil.mx/cancha/mxm/88402/eyJpZERpdmlzaW9uIjoiMTQiLCJpZFRlbXBvcmFkYSI6IjY4IiwiaWRUb3JuZW8iOiIyIiwiaWRDbHVibG9jYWwiOiIxMTE5MiIsImlkQ2x1YnZpc2l0YSI6IjExMTg2IiwiaWRQYXJ0aWRvIjoiODg0MDIiLCJwZXN0YW5hIjoiNCJ9/minuto-a-minuto-santos-laguna-vs-tigres-de-la-uanl-jornada-3-estadio-tsm-corona', 'text': ''}","{'type': 'link', 'href': 'https://www.ligafemenil.mx/cancha/galeria/ODg0MDIvMy82OC8yLzE0/santos-laguna-vs-tigres-de-la-uanl', 'text': ''}","{'type': 'link', 'href': 'https://www.ligafemenil.mx/cancha/playlist/88402/santos-laguna-vs-tigres-de-la-uanl', 'text': ''}"
2017-2018,Clausura,"{'type': 'text', 'value': 'Lunes 22 de Enero de 2018\nTemporada 2017-2018\nTorneo Clausura\nJornada 3\n22 Enero 2018 - 19:00 hrs.'}","{'type': 'link', 'href': 'https://www.ligafemenil.mx/cancha/club/11180/tijuana', 'text': ''}","{'type': 'link', 'href': 'https://www.ligafemenil.mx/cancha/informeArbitral/88386/eyJpZERpdmlzaW9uIjoiMTQiLCJpZFRlbXBvcmFkYSI6IjY4IiwiaWRUb3JuZW8iOiIyIiwiaWRDbHVibG9jYWwiOjExMTgwLCJpZENsdWJ2aXNpdGEiOjExMTg3fQ==/informe-arbitral-tijuana-vs-toluca-jornada-3-estadio-caliente', 'text': '1 - 2'}","{'type': 'link', 'href': 'https://www.ligafemenil.mx/cancha/club/11187/toluca', 'text': ''}","{'type': 'link', 'href': 'https://www.ligafemenil.mx/cancha/estadio/48/estadio-caliente', 'text': 'Caliente'}","{'type': 'link', 'href': 'https://www.ligafemenil.mx/cancha/mxm/88386/eyJpZERpdmlzaW9uIjoiMTQiLCJpZFRlbXBvcmFkYSI6IjY4IiwiaWRUb3JuZW8iOiIyIiwiaWRDbHVibG9jYWwiOiIxMTE4MCIsImlkQ2x1YnZpc2l0YSI6IjExMTg3IiwiaWRQYXJ0aWRvIjoiODgzODYiLCJwZXN0YW5hIjoiMSJ9/minuto-a-minuto-tijuana-vs-toluca-jornada-3-estadio-caliente', 'text': ''}","{'type': 'link', 'href': 'https://www.ligafemenil.mx/cancha/mxm/88386/eyJpZERpdmlzaW9uIjoiMTQiLCJpZFRlbXBvcmFkYSI6IjY4IiwiaWRUb3JuZW8iOiIyIiwiaWRDbHVibG9jYWwiOiIxMTE4MCIsImlkQ2x1YnZpc2l0YSI6IjExMTg3IiwiaWRQYXJ0aWRvIjoiODgzODYiLCJwZXN0YW5hIjoiMyJ9/minuto-a-minuto-tijuana-vs-toluca-jornada-3-estadio-caliente', 'text': ''}","{'type': 'link', 'href': 'https://www.ligafemenil.mx/cancha/informeArbitral/88386/eyJpZERpdmlzaW9uIjoiMTQiLCJpZFRlbXBvcmFkYSI6IjY4IiwiaWRUb3JuZW8iOiIyIiwiaWRDbHVibG9jYWwiOiIxMTE4MCIsImlkQ2x1YnZpc2l0YSI6IjExMTg3In0=/informe-arbitral-tijuana-vs-toluca-jornada-3-estadio-caliente', 'text': ''}","{'type': 'link', 'href': 'https://www.ligafemenil.mx/cancha/mxm/88386/eyJpZERpdmlzaW9uIjoiMTQiLCJpZFRlbXBvcmFkYSI6IjY4IiwiaWRUb3JuZW8iOiIyIiwiaWRDbHVibG9jYWwiOiIxMTE4MCIsImlkQ2x1YnZpc2l0YSI6IjExMTg3IiwiaWRQYXJ0aWRvIjoiODgzODYiLCJwZXN0YW5hIjoiNCJ9/minuto-a-minuto-tijuana-vs-toluca-jornada-3-estadio-caliente', 'text': ''}","{'type': 'link', 'href': 'https://www.ligafemenil.mx/cancha/galeria/ODgzODYvMy82OC8yLzE0/tijuana-vs-toluca', 'text': ''}","{'type': 'link', 'href': 'https://www.ligafemenil.mx/cancha/playlist/88386/tijuana-vs-toluca', 'text': ''}"
2017-2018,Clausura,"{'type': 'text', 'value': 'Viernes 26 de Enero de 2018\nTemporada 2017-2018\nTorneo Clausura\nJornada 4\n26 Enero 2018 - 10:00 hrs.'}","{'type': 'link', 'href': 'https://www.ligafemenil.mx/cancha/club/11243/leon', 'text': ''}","{'type': 'link', 'href': 'https://www.ligafemenil.mx/cancha/informeArbitral/88403/eyJpZERpdmlzaW9uIjoiMTQiLCJpZFRlbXBvcmFkYSI6IjY4IiwiaWRUb3JuZW8iOiIyIiwiaWRDbHVibG9jYWwiOjExMjQzLCJpZENsdWJ2aXNpdGEiOjExMTkyfQ==/informe-arbitral-leon-vs-santos-laguna-jornada-4-estadio-instalaciones-casa-club-leon-f-c', 'text': '0 - 1'}","{'type': 'link', 'href': 'https://www.ligafemenil.mx/cancha/club/11192/santos-laguna', 'text': ''}","{'type': 'link', 'href': 'https://www.ligafemenil.mx/cancha/estadio/257/estadio-instalaciones-casa-club-leon-f-c', 'text': 'Instalaciones Casa Club León, F. C.'}","{'type': 'link', 'href': 'https://www.ligafemenil.mx/cancha/mxm/88403/eyJpZERpdmlzaW9uIjoiMTQiLCJpZFRlbXBvcmFkYSI6IjY4IiwiaWRUb3JuZW8iOiIyIiwiaWRDbHVibG9jYWwiOiIxMTI0MyIsImlkQ2x1YnZpc2l0YSI6IjExMTkyIiwiaWRQYXJ0aWRvIjoiODg0MDMiLCJwZXN0YW5hIjoiMSJ9/minuto-a-minuto-leon-vs-santos-laguna-jornada-4-estadio-instalaciones-casa-club-leon-f-c', 'text': ''}","{'type': 'link', 'href': 'https://www.ligafemenil.mx/cancha/mxm/88403/eyJpZERpdmlzaW9uIjoiMTQiLCJpZFRlbXBvcmFkYSI6IjY4IiwiaWRUb3JuZW8iOiIyIiwiaWRDbHVibG9jYWwiOiIxMTI0MyIsImlkQ2x1YnZpc2l0YSI6IjExMTkyIiwiaWRQYXJ0aWRvIjoiODg0MDMiLCJwZXN0YW5hIjoiMyJ9/minuto-a-minuto-leon-vs-santos-laguna-jornada-4-estadio-instalaciones-casa-club-leon-f-c', 'text': ''}","{'type': 'link', 'href': 'https://www.ligafemenil.mx/cancha/informeArbitral/88403/eyJpZERpdmlzaW9uIjoiMTQiLCJpZFRlbXBvcmFkYSI6IjY4IiwiaWRUb3JuZW8iOiIyIiwiaWRDbHVibG9jYWwiOiIxMTI0MyIsImlkQ2x1YnZpc2l0YSI6IjExMTkyIn0=/informe-arbitral-leon-vs-santos-laguna-jornada-4-estadio-instalaciones-casa-club-leon-f-c', 'text': ''}","{'type': 'link', 'href': 'https://www.ligafemenil.mx/cancha/mxm/88403/eyJpZERpdmlzaW9uIjoiMTQiLCJpZFRlbXBvcmFkYSI6IjY4IiwiaWRUb3JuZW8iOiIyIiwiaWRDbHVibG9jYWwiOiIxMTI0MyIsImlkQ2x1YnZpc2l0YSI6IjExMTkyIiwiaWRQYXJ0aWRvIjoiODg0MDMiLCJwZXN0YW5hIjoiNCJ9/minuto-a-minuto-leon-vs-santos-laguna-jornada-4-estadio-instalaciones-casa-club-leon-f-c', 'text': ''}","{'type': 'link', 'href': 'https://www.ligafemenil.mx/cancha/galeria/ODg0MDMvNC82OC8yLzE0/leon-vs-santos-laguna', 'text': ''}","{'type': 'link', 'href': 'https://www.ligafemenil.mx/cancha/playlist/88403/leon-vs-santos-laguna', 'text': ''}"
2017-2018,Clausura,"{'type': 'text', 'value': 'Sábado 27 de Enero de 2018\nTemporada 2017-2018\nTorneo Clausura\nJornada 4\n27 Enero 2018 - 09:00 hrs.'}","{'type': 'link', 'href': 'https://www.ligafemenil.mx/cancha/club/11242/veracruz', 'text': ''}","{'type': 'link', 'href': 'https://www.ligafemenil.mx/cancha/informeArbitral/88381/eyJpZERpdmlzaW9uIjoiMTQiLCJpZFRlbXBvcmFkYSI6IjY4IiwiaWRUb3JuZW8iOiIyIiwiaWRDbHVibG9jYWwiOjExMjQyLCJpZENsdWJ2aXNpdGEiOjExMTg4fQ==/informe-arbitral-veracruz-vs-pumas-jornada-4-estadio-centro-de-alto-rendimiento-cancha-1', 'text': '0 - 3'}","{'type': 'link', 'href': 'https://www.ligafemenil.mx/cancha/club/11188/pumas', 'text': ''}","{'type': 'link', 'href': 'https://www.ligafemenil.mx/cancha/estadio/1416/estadio-centro-de-alto-rendimiento-cancha-1', 'text': 'Centro de Alto Rendimiento Cancha 1'}","{'type': 'link', 'href': 'https://www.ligafemenil.mx/cancha/mxm/88381/eyJpZERpdmlzaW9uIjoiMTQiLCJpZFRlbXBvcmFkYSI6IjY4IiwiaWRUb3JuZW8iOiIyIiwiaWRDbHVibG9jYWwiOiIxMTI0MiIsImlkQ2x1YnZpc2l0YSI6IjExMTg4IiwiaWRQYXJ0aWRvIjoiODgzODEiLCJwZXN0YW5hIjoiMSJ9/minuto-a-minuto-veracruz-vs-pumas-jornada-4-estadio-centro-de-alto-rendimiento-cancha-1', 'text': ''}","{'type': 'link', 'href': 'https://www.ligafemenil.mx/cancha/mxm/88381/eyJpZERpdmlzaW9uIjoiMTQiLCJpZFRlbXBvcmFkYSI6IjY4IiwiaWRUb3JuZW8iOiIyIiwiaWRDbHVibG9jYWwiOiIxMTI0MiIsImlkQ2x1YnZpc2l0YSI6IjExMTg4IiwiaWRQYXJ0aWRvIjoiODgzODEiLCJwZXN0YW5hIjoiMyJ9/minuto-a-minuto-veracruz-vs-pumas-jornada-4-estadio-centro-de-alto-rendimiento-cancha-1', 'text': ''}","{'type': 'link', 'href': 'https://www.ligafemenil.mx/cancha/informeArbitral/88381/eyJpZERpdmlzaW9uIjoiMTQiLCJpZFRlbXBvcmFkYSI6IjY4IiwiaWRUb3JuZW8iOiIyIiwiaWRDbHVibG9jYWwiOiIxMTI0MiIsImlkQ2x1YnZpc2l0YSI6IjExMTg4In0=/informe-arbitral-veracruz-vs-pumas-jornada-4-estadio-centro-de-alto-rendimiento-cancha-1', 'text': ''}","{'type': 'link', 'href': 'https://www.ligafemenil.mx/cancha/mxm/88381/eyJpZERpdmlzaW9uIjoiMTQiLCJpZFRlbXBvcmFkYSI6IjY4IiwiaWRUb3JuZW8iOiIyIiwiaWRDbHVibG9jYWwiOiIxMTI0MiIsImlkQ2x1YnZpc2l0YSI6IjExMTg4IiwiaWRQYXJ0aWRvIjoiODgzODEiLCJwZXN0YW5hIjoiNCJ9/minuto-a-minuto-veracruz-vs-pumas-jornada-4-estadio-centro-de-alto-rendimiento-cancha-1', 'text': ''}","{'type': 'link', 'href': 'https://www.ligafemenil.mx/cancha/galeria/ODgzODEvNC82OC8yLzE0/veracruz-vs-pumas', 'text': ''}","{'type': 'link', 'href': 'https://www.ligafemenil.mx/cancha/playlist/88381/veracruz-vs-pumas', 'text': ''}"
2017-2018,Clausura,"{'type': 'text', 'value': 'Sábado 27 de Enero de 2018\nTemporada 2017-2018\nTorneo Clausura\nJornada 4\n27 Enero 2018 - 11:00 hrs.'}","{'type': 'link', 'href': 'https://www.ligafemenil.mx/cancha/club/11244/queretaro', 'text': ''}","{'type': 'link', 'href': 'https://www.ligafemenil.mx/cancha/informeArbitral/88404/eyJpZERpdmlzaW9uIjoiMTQiLCJpZFRlbXBvcmFkYSI6IjY4IiwiaWRUb3JuZW8iOiIyIiwiaWRDbHVibG9jYWwiOjExMjQ0LCJpZENsdWJ2aXNpdGEiOjExMTg2fQ==/informe-arbitral-queretaro-vs-tigres-de-la-uanl-jornada-4-estadio-la-corregidora', 'text': '3 - 2'}","{'type': 'link', 'href': 'https://www.ligafemenil.mx/cancha/club/11186/tigres-de-la-uanl', 'text': ''}","{'type': 'link', 'href': 'https://www.ligafemenil.mx/cancha/estadio/25/estadio-la-corregidora', 'text': 'La Corregidora'}","{'type': 'link', 'href': 'https://www.ligafemenil.mx/cancha/mxm/88404/eyJpZERpdmlzaW9uIjoiMTQiLCJpZFRlbXBvcmFkYSI6IjY4IiwiaWRUb3JuZW8iOiIyIiwiaWRDbHVibG9jYWwiOiIxMTI0NCIsImlkQ2x1YnZpc2l0YSI6IjExMTg2IiwiaWRQYXJ0aWRvIjoiODg0MDQiLCJwZXN0YW5hIjoiMSJ9/minuto-a-minuto-queretaro-vs-tigres-de-la-uanl-jornada-4-estadio-la-corregidora', 'text': ''}","{'type': 'link', 'href': 'https://www.ligafemenil.mx/cancha/mxm/88404/eyJpZERpdmlzaW9uIjoiMTQiLCJpZFRlbXBvcmFkYSI6IjY4IiwiaWRUb3JuZW8iOiIyIiwiaWRDbHVibG9jYWwiOiIxMTI0NCIsImlkQ2x1YnZpc2l0YSI6IjExMTg2IiwiaWRQYXJ0aWRvIjoiODg0MDQiLCJwZXN0YW5hIjoiMyJ9/minuto-a-minuto-queretaro-vs-tigres-de-la-uanl-jornada-4-estadio-la-corregidora', 'text': ''}","{'type': 'link', 'href': 'https://www.ligafemenil.mx/cancha/informeArbitral/88404/eyJpZERpdmlzaW9uIjoiMTQiLCJpZFRlbXBvcmFkYSI6IjY4IiwiaWRUb3JuZW8iOiIyIiwiaWRDbHVibG9jYWwiOiIxMTI0NCIsImlkQ2x1YnZpc2l0YSI6IjExMTg2In0=/informe-arbitral-queretaro-vs-tigres-de-la-uanl-jornada-4-estadio-la-corregidora', 'text': ''}","{'type': 'link', 'href': 'https://www.ligafemenil.mx/cancha/mxm/88404/eyJpZERpdmlzaW9uIjoiMTQiLCJpZFRlbXBvcmFkYSI6IjY4IiwiaWRUb3JuZW8iOiIyIiwiaWRDbHVibG9jYWwiOiIxMTI0NCIsImlkQ2x1YnZpc2l0YSI6IjExMTg2IiwiaWRQYXJ0aWRvIjoiODg0MDQiLCJwZXN0YW5hIjoiNCJ9/minuto-a-minuto-queretaro-vs-tigres-de-la-uanl-jornada-4-estadio-la-corregidora', 'text': ''}","{'type': 'link', 'href': 'https://www.ligafemenil.mx/cancha/galeria/ODg0MDQvNC82OC8yLzE0/queretaro-vs-tigres-de-la-uanl', 'text': ''}","{'type': 'link', 'href': 'https://www.ligafemenil.mx/cancha/playlist/88404/queretaro-vs-tigres-de-la-uanl', 'text': ''}"
2017-2018,Clausura,"{'type': 'text', 'value': 'Sábado 27 de Enero de 2018\nTemporada 2017-2018\nTorneo Clausura\nJornada 4\n27 Enero 2018 - 16:30 hrs.'}","{'type': 'link', 'href': 'https://www.ligafemenil.mx/cancha/club/11182/guadalajara', 'text': ''}","{'type': 'link', 'href': 'https://www.ligafemenil.mx/cancha/informeArbitral/88408/eyJpZERpdmlzaW9uIjoiMTQiLCJpZFRlbXBvcmFkYSI6IjY4IiwiaWRUb3JuZW8iOiIyIiwiaWRDbHVibG9jYWwiOjExMTgyLCJpZENsdWJ2aXNpdGEiOjExMjQ1fQ==/informe-arbitral-guadalajara-vs-atlas-jornada-4-estadio-akron', 'text': '3 - 1'}","{'type': 'link', 'href': 'https://www.ligafemenil.mx/cancha/club/11245/atlas', 'text': ''}","{'type': 'link', 'href': 'https://www.ligafemenil.mx/cancha/estadio/1538/estadio-akron', 'text': 'Estadio AKRON'}","{'type': 'link', 'href': 'https://www.ligafemenil.mx/cancha/mxm/88408/eyJpZERpdmlzaW9uIjoiMTQiLCJpZFRlbXBvcmFkYSI6IjY4IiwiaWRUb3JuZW8iOiIyIiwiaWRDbHVibG9jYWwiOiIxMTE4MiIsImlkQ2x1YnZpc2l0YSI6IjExMjQ1IiwiaWRQYXJ0aWRvIjoiODg0MDgiLCJwZXN0YW5hIjoiMSJ9/minuto-a-minuto-guadalajara-vs-atlas-jornada-4-estadio-akron', 'text': ''}","{'type': 'link', 'href': 'https://www.ligafemenil.mx/cancha/mxm/88408/eyJpZERpdmlzaW9uIjoiMTQiLCJpZFRlbXBvcmFkYSI6IjY4IiwiaWRUb3JuZW8iOiIyIiwiaWRDbHVibG9jYWwiOiIxMTE4MiIsImlkQ2x1YnZpc2l0YSI6IjExMjQ1IiwiaWRQYXJ0aWRvIjoiODg0MDgiLCJwZXN0YW5hIjoiMyJ9/minuto-a-minuto-guadalajara-vs-atlas-jornada-4-estadio-akron', 'text': ''}","{'type': 'link', 'href': 'https://www.ligafemenil.mx/cancha/informeArbitral/88408/eyJpZERpdmlzaW9uIjoiMTQiLCJpZFRlbXBvcmFkYSI6IjY4IiwiaWRUb3JuZW8iOiIyIiwiaWRDbHVibG9jYWwiOiIxMTE4MiIsImlkQ2x1YnZpc2l0YSI6IjExMjQ1In0=/informe-arbitral-guadalajara-vs-atlas-jornada-4-estadio-akron', 'text': ''}","{'type': 'link', 'href': 'https://www.ligafemenil.mx/cancha/mxm/88408/eyJpZERpdmlzaW9uIjoiMTQiLCJpZFRlbXBvcmFkYSI6IjY4IiwiaWRUb3JuZW8iOiIyIiwiaWRDbHVibG9jYWwiOiIxMTE4MiIsImlkQ2x1YnZpc2l0YSI6IjExMjQ1IiwiaWRQYXJ0aWRvIjoiODg0MDgiLCJwZXN0YW5hIjoiNCJ9/minuto-a-minuto-guadalajara-vs-atlas-jornada-4-estadio-akron', 'text': ''}","{'type': 'link', 'href': 'https://www.ligafemenil.mx/cancha/galeria/ODg0MDgvNC82OC8yLzE0/guadalajara-vs-atlas', 'text': ''}","{'type': 'link', 'href': 'https://www.ligafemenil.mx/cancha/playlist/88408/guadalajara-vs-atlas', 'text': ''}"
2017-2018,Clausura,"{'type': 'text', 'value': 'Domingo 28 de Enero de 2018\nTemporada 2017-2018\nTorneo Clausura\nJornada 4\n28 Enero 2018 - 10:30 hrs.'}","{'type': 'link', 'href': 'https://www.ligafemenil.mx/cancha/club/11185/rayados-de-monterrey', 'text': ''}","{'type': 'link', 'href': 'https://www.ligafemenil.mx/cancha/informeArbitral/88407/eyJpZERpdmlzaW9uIjoiMTQiLCJpZFRlbXBvcmFkYSI6IjY4IiwiaWRUb3JuZW8iOiIyIiwiaWRDbHVibG9jYWwiOjExMTg1LCJpZENsdWJ2aXNpdGEiOjExMTg5fQ==/informe-arbitral-rayados-de-monterrey-vs-necaxa-jornada-4-estadio-el-barrial', 'text': '8 - 0'}","{'type': 'link', 'href': 'https://www.ligafemenil.mx/cancha/club/11189/necaxa', 'text': ''}","{'type': 'link', 'href': 'https://www.ligafemenil.mx/cancha/estadio/675/estadio-el-barrial', 'text': 'El Barrial'}","{'type': 'link', 'href': 'https://www.ligafemenil.mx/cancha/mxm/88407/eyJpZERpdmlzaW9uIjoiMTQiLCJpZFRlbXBvcmFkYSI6IjY4IiwiaWRUb3JuZW8iOiIyIiwiaWRDbHVibG9jYWwiOiIxMTE4NSIsImlkQ2x1YnZpc2l0YSI6IjExMTg5IiwiaWRQYXJ0aWRvIjoiODg0MDciLCJwZXN0YW5hIjoiMSJ9/minuto-a-minuto-rayados-de-monterrey-vs-necaxa-jornada-4-estadio-el-barrial', 'text': ''}","{'type': 'link', 'href': 'https://www.ligafemenil.mx/cancha/mxm/88407/eyJpZERpdmlzaW9uIjoiMTQiLCJpZFRlbXBvcmFkYSI6IjY4IiwiaWRUb3JuZW8iOiIyIiwiaWRDbHVibG9jYWwiOiIxMTE4NSIsImlkQ2x1YnZpc2l0YSI6IjExMTg5IiwiaWRQYXJ0aWRvIjoiODg0MDciLCJwZXN0YW5hIjoiMyJ9/minuto-a-minuto-rayados-de-monterrey-vs-necaxa-jornada-4-estadio-el-barrial', 'text': ''}","{'type': 'link', 'href': 'https://www.ligafemenil.mx/cancha/informeArbitral/88407/eyJpZERpdmlzaW9uIjoiMTQiLCJpZFRlbXBvcmFkYSI6IjY4IiwiaWRUb3JuZW8iOiIyIiwiaWRDbHVibG9jYWwiOiIxMTE4NSIsImlkQ2x1YnZpc2l0YSI6IjExMTg5In0=/informe-arbitral-rayados-de-monterrey-vs-necaxa-jornada-4-estadio-el-barrial', 'text': ''}","{'type': 'link', 'href': 'https://www.ligafemenil.mx/cancha/mxm/88407/eyJpZERpdmlzaW9uIjoiMTQiLCJpZFRlbXBvcmFkYSI6IjY4IiwiaWRUb3JuZW8iOiIyIiwiaWRDbHVibG9jYWwiOiIxMTE4NSIsImlkQ2x1YnZpc2l0YSI6IjExMTg5IiwiaWRQYXJ0aWRvIjoiODg0MDciLCJwZXN0YW5hIjoiNCJ9/minuto-a-minuto-rayados-de-monterrey-vs-necaxa-jornada-4-estadio-el-barrial', 'text': ''}","{'type': 'link', 'href': 'https://www.ligafemenil.mx/cancha/galeria/ODg0MDcvNC82OC8yLzE0/rayados-de-monterrey-vs-necaxa', 'text': ''}","{'type': 'link', 'href': 'https://www.ligafemenil.mx/cancha/playlist/88407/rayados-de-monterrey-vs-necaxa', 'text': ''}"
2017-2018,Clausura,"{'type': 'text', 'value': 'Domingo 28 de Enero de 2018\nTemporada 2017-2018\nTorneo Clausura\nJornada 4\n28 Enero 2018 - 18:00 hrs.'}","{'type': 'link', 'href': 'https://www.ligafemenil.mx/cancha/club/11191/america', 'text': ''}","{'type': 'link', 'href': 'https://www.ligafemenil.mx/cancha/informeArbitral/88357/eyJpZERpdmlzaW9uIjoiMTQiLCJpZFRlbXBvcmFkYSI6IjY4IiwiaWRUb3JuZW8iOiIyIiwiaWRDbHVibG9jYWwiOjExMTkxLCJpZENsdWJ2aXNpdGEiOjExMTgxfQ==/informe-arbitral-america-vs-cruz-azul-jornada-4-estadio-azteca', 'text': '7 - 1'}","{'type': 'link', 'href': 'https://www.ligafemenil.mx/cancha/club/11181/cruz-azul', 'text': ''}","{'type': 'link', 'href': 'https://www.ligafemenil.mx/cancha/estadio/1/estadio-azteca', 'text': 'Azteca'}","{'type': 'link', 'href': 'https://www.ligafemenil.mx/cancha/mxm/88357/eyJpZERpdmlzaW9uIjoiMTQiLCJpZFRlbXBvcmFkYSI6IjY4IiwiaWRUb3JuZW8iOiIyIiwiaWRDbHVibG9jYWwiOiIxMTE5MSIsImlkQ2x1YnZpc2l0YSI6IjExMTgxIiwiaWRQYXJ0aWRvIjoiODgzNTciLCJwZXN0YW5hIjoiMSJ9/minuto-a-minuto-america-vs-cruz-azul-jornada-4-estadio-azteca', 'text': ''}","{'type': 'link', 'href': 'https://www.ligafemenil.mx/cancha/mxm/88357/eyJpZERpdmlzaW9uIjoiMTQiLCJpZFRlbXBvcmFkYSI6IjY4IiwiaWRUb3JuZW8iOiIyIiwiaWRDbHVibG9jYWwiOiIxMTE5MSIsImlkQ2x1YnZpc2l0YSI6IjExMTgxIiwiaWRQYXJ0aWRvIjoiODgzNTciLCJwZXN0YW5hIjoiMyJ9/minuto-a-minuto-america-vs-cruz-azul-jornada-4-estadio-azteca', 'text': ''}","{'type': 'link', 'href': 'https://www.ligafemenil.mx/cancha/informeArbitral/88357/eyJpZERpdmlzaW9uIjoiMTQiLCJpZFRlbXBvcmFkYSI6IjY4IiwiaWRUb3JuZW8iOiIyIiwiaWRDbHVibG9jYWwiOiIxMTE5MSIsImlkQ2x1YnZpc2l0YSI6IjExMTgxIn0=/informe-arbitral-america-vs-cruz-azul-jornada-4-estadio-azteca', 'text': ''}","{'type': 'link', 'href': 'https://www.ligafemenil.mx/cancha/mxm/88357/eyJpZERpdmlzaW9uIjoiMTQiLCJpZFRlbXBvcmFkYSI6IjY4IiwiaWRUb3JuZW8iOiIyIiwiaWRDbHVibG9jYWwiOiIxMTE5MSIsImlkQ2x1YnZpc2l0YSI6IjExMTgxIiwiaWRQYXJ0aWRvIjoiODgzNTciLCJwZXN0YW5hIjoiNCJ9/minuto-a-minuto-america-vs-cruz-azul-jornada-4-estadio-azteca', 'text': ''}","{'type': 'link', 'href': 'https://www.ligafemenil.mx/cancha/galeria/ODgzNTcvNC82OC8yLzE0/america-vs-cruz-azul', 'text': ''}","{'type': 'link', 'href': 'https://www.ligafemenil.mx/cancha/playlist/88357/america-vs-cruz-azul', 'text': ''}"
2017-2018,Clausura,"{'type': 'text', 'value': 'Lunes 29 de Enero de 2018\nTemporada 2017-2018\nTorneo Clausura\nJornada 4\n29 Enero 2018 - 16:00 hrs.'}","{'type': 'link', 'href': 'https://www.ligafemenil.mx/cancha/club/11187/toluca', 'text': ''}","{'type': 'link', 'href': 'https://www.ligafemenil.mx/cancha/informeArbitral/88376/eyJpZERpdmlzaW9uIjoiMTQiLCJpZFRlbXBvcmFkYSI6IjY4IiwiaWRUb3JuZW8iOiIyIiwiaWRDbHVibG9jYWwiOjExMTg3LCJpZENsdWJ2aXNpdGEiOjExMTgzfQ==/informe-arbitral-toluca-vs-m-morelia-jornada-4-estadio-nemesio-diez', 'text': '3 - 0'}","{'type': 'link', 'href': 'https://www.ligafemenil.mx/cancha/club/11183/m-morelia', 'text': ''}","{'type': 'link', 'href': 'https://www.ligafemenil.mx/cancha/estadio/6/estadio-nemesio-diez', 'text': 'Nemesio Diez'}","{'type': 'link', 'href': 'https://www.ligafemenil.mx/cancha/mxm/88376/eyJpZERpdmlzaW9uIjoiMTQiLCJpZFRlbXBvcmFkYSI6IjY4IiwiaWRUb3JuZW8iOiIyIiwiaWRDbHVibG9jYWwiOiIxMTE4NyIsImlkQ2x1YnZpc2l0YSI6IjExMTgzIiwiaWRQYXJ0aWRvIjoiODgzNzYiLCJwZXN0YW5hIjoiMSJ9/minuto-a-minuto-toluca-vs-m-morelia-jornada-4-estadio-nemesio-diez', 'text': ''}","{'type': 'link', 'href': 'https://www.ligafemenil.mx/cancha/mxm/88376/eyJpZERpdmlzaW9uIjoiMTQiLCJpZFRlbXBvcmFkYSI6IjY4IiwiaWRUb3JuZW8iOiIyIiwiaWRDbHVibG9jYWwiOiIxMTE4NyIsImlkQ2x1YnZpc2l0YSI6IjExMTgzIiwiaWRQYXJ0aWRvIjoiODgzNzYiLCJwZXN0YW5hIjoiMyJ9/minuto-a-minuto-toluca-vs-m-morelia-jornada-4-estadio-nemesio-diez', 'text': ''}","{'type': 'link', 'href': 'https://www.ligafemenil.mx/cancha/informeArbitral/88376/eyJpZERpdmlzaW9uIjoiMTQiLCJpZFRlbXBvcmFkYSI6IjY4IiwiaWRUb3JuZW8iOiIyIiwiaWRDbHVibG9jYWwiOiIxMTE4NyIsImlkQ2x1YnZpc2l0YSI6IjExMTgzIn0=/informe-arbitral-toluca-vs-m-morelia-jornada-4-estadio-nemesio-diez', 'text': ''}","{'type': 'link', 'href': 'https://www.ligafemenil.mx/cancha/mxm/88376/eyJpZERpdmlzaW9uIjoiMTQiLCJpZFRlbXBvcmFkYSI6IjY4IiwiaWRUb3JuZW8iOiIyIiwiaWRDbHVibG9jYWwiOiIxMTE4NyIsImlkQ2x1YnZpc2l0YSI6IjExMTgzIiwiaWRQYXJ0aWRvIjoiODgzNzYiLCJwZXN0YW5hIjoiNCJ9/minuto-a-minuto-toluca-vs-m-morelia-jornada-4-estadio-nemesio-diez', 'text': ''}","{'type': 'link', 'href': 'https://www.ligafemenil.mx/cancha/galeria/ODgzNzYvNC82OC8yLzE0/toluca-vs-m-morelia', 'text': ''}","{'type': 'link', 'href': 'https://www.ligafemenil.mx/cancha/playlist/88376/toluca-vs-m-morelia', 'text': ''}"
2017-2018,Clausura,"{'type': 'text', 'value': 'Lunes 29 de Enero de 2018\nTemporada 2017-2018\nTorneo Clausura\nJornada 4\n29 Enero 2018 - 19:00 hrs.'}","{'type': 'link', 'href': 'https://www.ligafemenil.mx/cancha/club/11184/pachuca', 'text': ''}","{'type': 'link', 'href': 'https://www.ligafemenil.mx/cancha/informeArbitral/88393/eyJpZERpdmlzaW9uIjoiMTQiLCJpZFRlbXBvcmFkYSI6IjY4IiwiaWRUb3JuZW8iOiIyIiwiaWRDbHVibG9jYWwiOjExMTg0LCJpZENsdWJ2aXNpdGEiOjExMTgwfQ==/informe-arbitral-pachuca-vs-tijuana-jornada-4-estadio-hidalgo', 'text': '1 - 0'}","{'type': 'link', 'href': 'https://www.ligafemenil.mx/cancha/club/11180/tijuana', 'text': ''}","{'type': 'link', 'href': 'https://www.ligafemenil.mx/cancha/estadio/11/estadio-hidalgo', 'text': 'Hidalgo'}","{'type': 'link', 'href': 'https://www.ligafemenil.mx/cancha/mxm/88393/eyJpZERpdmlzaW9uIjoiMTQiLCJpZFRlbXBvcmFkYSI6IjY4IiwiaWRUb3JuZW8iOiIyIiwiaWRDbHVibG9jYWwiOiIxMTE4NCIsImlkQ2x1YnZpc2l0YSI6IjExMTgwIiwiaWRQYXJ0aWRvIjoiODgzOTMiLCJwZXN0YW5hIjoiMSJ9/minuto-a-minuto-pachuca-vs-tijuana-jornada-4-estadio-hidalgo', 'text': ''}","{'type': 'link', 'href': 'https://www.ligafemenil.mx/cancha/mxm/88393/eyJpZERpdmlzaW9uIjoiMTQiLCJpZFRlbXBvcmFkYSI6IjY4IiwiaWRUb3JuZW8iOiIyIiwiaWRDbHVibG9jYWwiOiIxMTE4NCIsImlkQ2x1YnZpc2l0YSI6IjExMTgwIiwiaWRQYXJ0aWRvIjoiODgzOTMiLCJwZXN0YW5hIjoiMyJ9/minuto-a-minuto-pachuca-vs-tijuana-jornada-4-estadio-hidalgo', 'text': ''}","{'type': 'link', 'href': 'https://www.ligafemenil.mx/cancha/informeArbitral/88393/eyJpZERpdmlzaW9uIjoiMTQiLCJpZFRlbXBvcmFkYSI6IjY4IiwiaWRUb3JuZW8iOiIyIiwiaWRDbHVibG9jYWwiOiIxMTE4NCIsImlkQ2x1YnZpc2l0YSI6IjExMTgwIn0=/informe-arbitral-pachuca-vs-tijuana-jornada-4-estadio-hidalgo', 'text': ''}","{'type': 'link', 'href': 'https://www.ligafemenil.mx/cancha/mxm/88393/eyJpZERpdmlzaW9uIjoiMTQiLCJpZFRlbXBvcmFkYSI6IjY4IiwiaWRUb3JuZW8iOiIyIiwiaWRDbHVibG9jYWwiOiIxMTE4NCIsImlkQ2x1YnZpc2l0YSI6IjExMTgwIiwiaWRQYXJ0aWRvIjoiODgzOTMiLCJwZXN0YW5hIjoiNCJ9/minuto-a-minuto-pachuca-vs-tijuana-jornada-4-estadio-hidalgo', 'text': ''}","{'type': 'link', 'href': 'https://www.ligafemenil.mx/cancha/galeria/ODgzOTMvNC82OC8yLzE0/pachuca-vs-tijuana', 'text': ''}","{'type': 'link', 'href': 'https://www.ligafemenil.mx/cancha/playlist/88393/pachuca-vs-tijuana', 'text': ''}"
2017-2018,Clausura,"{'type': 'text', 'value': 'Viernes 2 de Febrero de 2018\nTemporada 2017-2018\nTorneo Clausura\nJornada 5\n2 Febrero 2018 - 11:00 hrs.'}","{'type': 'link', 'href': 'https://www.ligafemenil.mx/cancha/club/11181/cruz-azul', 'text': ''}","{'type': 'link', 'href': 'https://www.ligafemenil.mx/cancha/informeArbitral/88362/eyJpZERpdmlzaW9uIjoiMTQiLCJpZFRlbXBvcmFkYSI6IjY4IiwiaWRUb3JuZW8iOiIyIiwiaWRDbHVibG9jYWwiOjExMTgxLCJpZENsdWJ2aXNpdGEiOjExMjQyfQ==/informe-arbitral-cruz-azul-vs-veracruz-jornada-5-estadio-instalaciones-la-noria-cancha-1', 'text': '0 - 1'}","{'type': 'link', 'href': 'https://www.ligafemenil.mx/cancha/club/11242/veracruz', 'text': ''}","{'type': 'link', 'href': 'https://www.ligafemenil.mx/cancha/estadio/47/estadio-instalaciones-la-noria-cancha-1', 'text': 'Instalaciones La Noria Cancha 1'}","{'type': 'link', 'href': 'https://www.ligafemenil.mx/cancha/mxm/88362/eyJpZERpdmlzaW9uIjoiMTQiLCJpZFRlbXBvcmFkYSI6IjY4IiwiaWRUb3JuZW8iOiIyIiwiaWRDbHVibG9jYWwiOiIxMTE4MSIsImlkQ2x1YnZpc2l0YSI6IjExMjQyIiwiaWRQYXJ0aWRvIjoiODgzNjIiLCJwZXN0YW5hIjoiMSJ9/minuto-a-minuto-cruz-azul-vs-veracruz-jornada-5-estadio-instalaciones-la-noria-cancha-1', 'text': ''}","{'type': 'link', 'href': 'https://www.ligafemenil.mx/cancha/mxm/88362/eyJpZERpdmlzaW9uIjoiMTQiLCJpZFRlbXBvcmFkYSI6IjY4IiwiaWRUb3JuZW8iOiIyIiwiaWRDbHVibG9jYWwiOiIxMTE4MSIsImlkQ2x1YnZpc2l0YSI6IjExMjQyIiwiaWRQYXJ0aWRvIjoiODgzNjIiLCJwZXN0YW5hIjoiMyJ9/minuto-a-minuto-cruz-azul-vs-veracruz-jornada-5-estadio-instalaciones-la-noria-cancha-1', 'text': ''}","{'type': 'link', 'href': 'https://www.ligafemenil.mx/cancha/informeArbitral/88362/eyJpZERpdmlzaW9uIjoiMTQiLCJpZFRlbXBvcmFkYSI6IjY4IiwiaWRUb3JuZW8iOiIyIiwiaWRDbHVibG9jYWwiOiIxMTE4MSIsImlkQ2x1YnZpc2l0YSI6IjExMjQyIn0=/informe-arbitral-cruz-azul-vs-veracruz-jornada-5-estadio-instalaciones-la-noria-cancha-1', 'text': ''}","{'type': 'link', 'href': 'https://www.ligafemenil.mx/cancha/mxm/88362/eyJpZERpdmlzaW9uIjoiMTQiLCJpZFRlbXBvcmFkYSI6IjY4IiwiaWRUb3JuZW8iOiIyIiwiaWRDbHVibG9jYWwiOiIxMTE4MSIsImlkQ2x1YnZpc2l0YSI6IjExMjQyIiwiaWRQYXJ0aWRvIjoiODgzNjIiLCJwZXN0YW5hIjoiNCJ9/minuto-a-minuto-cruz-azul-vs-veracruz-jornada-5-estadio-instalaciones-la-noria-cancha-1', 'text': ''}","{'type': 'link', 'href': 'https://www.ligafemenil.mx/cancha/galeria/ODgzNjIvNS82OC8yLzE0/cruz-azul-vs-veracruz', 'text': ''}","{'type': 'link', 'href': 'https://www.ligafemenil.mx/cancha/playlist/88362/cruz-azul-vs-veracruz', 'text': ''}"
2017-2018,Clausura,"{'type': 'text', 'value': 'Viernes 2 de Febrero de 2018\nTemporada 2017-2018\nTorneo Clausura\nJornada 5\n2 Febrero 2018 - 16:00 hrs.'}","{'type': 'link', 'href': 'https://www.ligafemenil.mx/cancha/club/11189/necaxa', 'text': ''}","{'type': 'link', 'href': 'https://www.ligafemenil.mx/cancha/informeArbitral/88412/eyJpZERpdmlzaW9uIjoiMTQiLCJpZFRlbXBvcmFkYSI6IjY4IiwiaWRUb3JuZW8iOiIyIiwiaWRDbHVibG9jYWwiOjExMTg5LCJpZENsdWJ2aXNpdGEiOjExMjQ0fQ==/informe-arbitral-necaxa-vs-queretaro-jornada-5-estadio-victoria', 'text': '0 - 2'}","{'type': 'link', 'href': 'https://www.ligafemenil.mx/cancha/club/11244/queretaro', 'text': ''}","{'type': 'link', 'href': 'https://www.ligafemenil.mx/cancha/estadio/15/estadio-victoria', 'text': 'Victoria'}","{'type': 'link', 'href': 'https://www.ligafemenil.mx/cancha/mxm/88412/eyJpZERpdmlzaW9uIjoiMTQiLCJpZFRlbXBvcmFkYSI6IjY4IiwiaWRUb3JuZW8iOiIyIiwiaWRDbHVibG9jYWwiOiIxMTE4OSIsImlkQ2x1YnZpc2l0YSI6IjExMjQ0IiwiaWRQYXJ0aWRvIjoiODg0MTIiLCJwZXN0YW5hIjoiMSJ9/minuto-a-minuto-necaxa-vs-queretaro-jornada-5-estadio-victoria', 'text': ''}","{'type': 'link', 'href': 'https://www.ligafemenil.mx/cancha/mxm/88412/eyJpZERpdmlzaW9uIjoiMTQiLCJpZFRlbXBvcmFkYSI6IjY4IiwiaWRUb3JuZW8iOiIyIiwiaWRDbHVibG9jYWwiOiIxMTE4OSIsImlkQ2x1YnZpc2l0YSI6IjExMjQ0IiwiaWRQYXJ0aWRvIjoiODg0MTIiLCJwZXN0YW5hIjoiMyJ9/minuto-a-minuto-necaxa-vs-queretaro-jornada-5-estadio-victoria', 'text': ''}","{'type': 'link', 'href': 'https://www.ligafemenil.mx/cancha/informeArbitral/88412/eyJpZERpdmlzaW9uIjoiMTQiLCJpZFRlbXBvcmFkYSI6IjY4IiwiaWRUb3JuZW8iOiIyIiwiaWRDbHVibG9jYWwiOiIxMTE4OSIsImlkQ2x1YnZpc2l0YSI6IjExMjQ0In0=/informe-arbitral-necaxa-vs-queretaro-jornada-5-estadio-victoria', 'text': ''}","{'type': 'link', 'href': 'https://www.ligafemenil.mx/cancha/mxm/88412/eyJpZERpdmlzaW9uIjoiMTQiLCJpZFRlbXBvcmFkYSI6IjY4IiwiaWRUb3JuZW8iOiIyIiwiaWRDbHVibG9jYWwiOiIxMTE4OSIsImlkQ2x1YnZpc2l0YSI6IjExMjQ0IiwiaWRQYXJ0aWRvIjoiODg0MTIiLCJwZXN0YW5hIjoiNCJ9/minuto-a-minuto-necaxa-vs-queretaro-jornada-5-estadio-victoria', 'text': ''}","{'type': 'link', 'href': 'https://www.ligafemenil.mx/cancha/galeria/ODg0MTIvNS82OC8yLzE0/necaxa-vs-queretaro', 'text': ''}","{'type': 'link', 'href': 'https://www.ligafemenil.mx/cancha/playlist/88412/necaxa-vs-queretaro', 'text': ''}"
2017-2018,Clausura,"{'type': 'text', 'value': 'Sábado 3 de Febrero de 2018\nTemporada 2017-2018\nTorneo Clausura\nJornada 5\n3 Febrero 2018 - 09:00 hrs.'}","{'type': 'link', 'href': 'https://www.ligafemenil.mx/cancha/club/11186/tigres-de-la-uanl', 'text': ''}","{'type': 'link', 'href': 'https://www.ligafemenil.mx/cancha/informeArbitral/88413/eyJpZERpdmlzaW9uIjoiMTQiLCJpZFRlbXBvcmFkYSI6IjY4IiwiaWRUb3JuZW8iOiIyIiwiaWRDbHVibG9jYWwiOjExMTg2LCJpZENsdWJ2aXNpdGEiOjExMjQzfQ==/informe-arbitral-tigres-de-la-uanl-vs-leon-jornada-5-estadio-instalaciones-zuazua', 'text': '6 - 1'}","{'type': 'link', 'href': 'https://www.ligafemenil.mx/cancha/club/11243/leon', 'text': ''}","{'type': 'link', 'href': 'https://www.ligafemenil.mx/cancha/estadio/34/estadio-instalaciones-zuazua', 'text': 'Instalaciones Zuazua'}","{'type': 'link', 'href': 'https://www.ligafemenil.mx/cancha/mxm/88413/eyJpZERpdmlzaW9uIjoiMTQiLCJpZFRlbXBvcmFkYSI6IjY4IiwiaWRUb3JuZW8iOiIyIiwiaWRDbHVibG9jYWwiOiIxMTE4NiIsImlkQ2x1YnZpc2l0YSI6IjExMjQzIiwiaWRQYXJ0aWRvIjoiODg0MTMiLCJwZXN0YW5hIjoiMSJ9/minuto-a-minuto-tigres-de-la-uanl-vs-leon-jornada-5-estadio-instalaciones-zuazua', 'text': ''}","{'type': 'link', 'href': 'https://www.ligafemenil.mx/cancha/mxm/88413/eyJpZERpdmlzaW9uIjoiMTQiLCJpZFRlbXBvcmFkYSI6IjY4IiwiaWRUb3JuZW8iOiIyIiwiaWRDbHVibG9jYWwiOiIxMTE4NiIsImlkQ2x1YnZpc2l0YSI6IjExMjQzIiwiaWRQYXJ0aWRvIjoiODg0MTMiLCJwZXN0YW5hIjoiMyJ9/minuto-a-minuto-tigres-de-la-uanl-vs-leon-jornada-5-estadio-instalaciones-zuazua', 'text': ''}","{'type': 'link', 'href': 'https://www.ligafemenil.mx/cancha/informeArbitral/88413/eyJpZERpdmlzaW9uIjoiMTQiLCJpZFRlbXBvcmFkYSI6IjY4IiwiaWRUb3JuZW8iOiIyIiwiaWRDbHVibG9jYWwiOiIxMTE4NiIsImlkQ2x1YnZpc2l0YSI6IjExMjQzIn0=/informe-arbitral-tigres-de-la-uanl-vs-leon-jornada-5-estadio-instalaciones-zuazua', 'text': ''}","{'type': 'link', 'href': 'https://www.ligafemenil.mx/cancha/mxm/88413/eyJpZERpdmlzaW9uIjoiMTQiLCJpZFRlbXBvcmFkYSI6IjY4IiwiaWRUb3JuZW8iOiIyIiwiaWRDbHVibG9jYWwiOiIxMTE4NiIsImlkQ2x1YnZpc2l0YSI6IjExMjQzIiwiaWRQYXJ0aWRvIjoiODg0MTMiLCJwZXN0YW5hIjoiNCJ9/minuto-a-minuto-tigres-de-la-uanl-vs-leon-jornada-5-estadio-instalaciones-zuazua', 'text': ''}","{'type': 'link', 'href': 'https://www.ligafemenil.mx/cancha/galeria/ODg0MTMvNS82OC8yLzE0/tigres-de-la-uanl-vs-leon', 'text': ''}","{'type': 'link', 'href': 'https://www.ligafemenil.mx/cancha/playlist/88413/tigres-de-la-uanl-vs-leon', 'text': ''}"
2017-2018,Clausura,"{'type': 'text', 'value': 'Sábado 3 de Febrero de 2018\nTemporada 2017-2018\nTorneo Clausura\nJornada 5\n3 Febrero 2018 - 11:00 hrs.'}","{'type': 'link', 'href': 'https://www.ligafemenil.mx/cancha/club/11245/atlas', 'text': ''}","{'type': 'link', 'href': 'https://www.ligafemenil.mx/cancha/informeArbitral/88415/eyJpZERpdmlzaW9uIjoiMTQiLCJpZFRlbXBvcmFkYSI6IjY4IiwiaWRUb3JuZW8iOiIyIiwiaWRDbHVibG9jYWwiOjExMjQ1LCJpZENsdWJ2aXNpdGEiOjExMTg1fQ==/informe-arbitral-atlas-vs-rayados-de-monterrey-jornada-5-estadio-cancha-alfredo-pistache-torres', 'text': '2 - 4'}","{'type': 'link', 'href': 'https://www.ligafemenil.mx/cancha/club/11185/rayados-de-monterrey', 'text': ''}","{'type': 'link', 'href': 'https://www.ligafemenil.mx/cancha/estadio/881/estadio-cancha-alfredo-pistache-torres', 'text': 'CANCHA ALFREDO PISTACHE TORRES'}","{'type': 'link', 'href': 'https://www.ligafemenil.mx/cancha/mxm/88415/eyJpZERpdmlzaW9uIjoiMTQiLCJpZFRlbXBvcmFkYSI6IjY4IiwiaWRUb3JuZW8iOiIyIiwiaWRDbHVibG9jYWwiOiIxMTI0NSIsImlkQ2x1YnZpc2l0YSI6IjExMTg1IiwiaWRQYXJ0aWRvIjoiODg0MTUiLCJwZXN0YW5hIjoiMSJ9/minuto-a-minuto-atlas-vs-rayados-de-monterrey-jornada-5-estadio-cancha-alfredo-pistache-torres', 'text': ''}","{'type': 'link', 'href': 'https://www.ligafemenil.mx/cancha/mxm/88415/eyJpZERpdmlzaW9uIjoiMTQiLCJpZFRlbXBvcmFkYSI6IjY4IiwiaWRUb3JuZW8iOiIyIiwiaWRDbHVibG9jYWwiOiIxMTI0NSIsImlkQ2x1YnZpc2l0YSI6IjExMTg1IiwiaWRQYXJ0aWRvIjoiODg0MTUiLCJwZXN0YW5hIjoiMyJ9/minuto-a-minuto-atlas-vs-rayados-de-monterrey-jornada-5-estadio-cancha-alfredo-pistache-torres', 'text': ''}","{'type': 'link', 'href': 'https://www.ligafemenil.mx/cancha/informeArbitral/88415/eyJpZERpdmlzaW9uIjoiMTQiLCJpZFRlbXBvcmFkYSI6IjY4IiwiaWRUb3JuZW8iOiIyIiwiaWRDbHVibG9jYWwiOiIxMTI0NSIsImlkQ2x1YnZpc2l0YSI6IjExMTg1In0=/informe-arbitral-atlas-vs-rayados-de-monterrey-jornada-5-estadio-cancha-alfredo-pistache-torres', 'text': ''}","{'type': 'link', 'href': 'https://www.ligafemenil.mx/cancha/mxm/88415/eyJpZERpdmlzaW9uIjoiMTQiLCJpZFRlbXBvcmFkYSI6IjY4IiwiaWRUb3JuZW8iOiIyIiwiaWRDbHVibG9jYWwiOiIxMTI0NSIsImlkQ2x1YnZpc2l0YSI6IjExMTg1IiwiaWRQYXJ0aWRvIjoiODg0MTUiLCJwZXN0YW5hIjoiNCJ9/minuto-a-minuto-atlas-vs-rayados-de-monterrey-jornada-5-estadio-cancha-alfredo-pistache-torres', 'text': ''}","{'type': 'link', 'href': 'https://www.ligafemenil.mx/cancha/galeria/ODg0MTUvNS82OC8yLzE0/atlas-vs-rayados-de-monterrey', 'text': ''}","{'type': 'link', 'href': 'https://www.ligafemenil.mx/cancha/playlist/88415/atlas-vs-rayados-de-monterrey', 'text': ''}"
2017-2018,Clausura,"{'type': 'text', 'value': 'Sábado 3 de Febrero de 2018\nTemporada 2017-2018\nTorneo Clausura\nJornada 5\n3 Febrero 2018 - 12:00 hrs.'}","{'type': 'link', 'href': 'https://www.ligafemenil.mx/cancha/club/11188/pumas', 'text': ''}","{'type': 'link', 'href': 'https://www.ligafemenil.mx/cancha/informeArbitral/88367/eyJpZERpdmlzaW9uIjoiMTQiLCJpZFRlbXBvcmFkYSI6IjY4IiwiaWRUb3JuZW8iOiIyIiwiaWRDbHVibG9jYWwiOjExMTg4LCJpZENsdWJ2aXNpdGEiOjExMTg3fQ==/informe-arbitral-pumas-vs-toluca-jornada-5-estadio-la-cantera-cancha-1', 'text': '1 - 2'}","{'type': 'link', 'href': 'https://www.ligafemenil.mx/cancha/club/11187/toluca', 'text': ''}","{'type': 'link', 'href': 'https://www.ligafemenil.mx/cancha/estadio/1146/estadio-la-cantera-cancha-1', 'text': 'La Cantera Cancha 1'}","{'type': 'link', 'href': 'https://www.ligafemenil.mx/cancha/mxm/88367/eyJpZERpdmlzaW9uIjoiMTQiLCJpZFRlbXBvcmFkYSI6IjY4IiwiaWRUb3JuZW8iOiIyIiwiaWRDbHVibG9jYWwiOiIxMTE4OCIsImlkQ2x1YnZpc2l0YSI6IjExMTg3IiwiaWRQYXJ0aWRvIjoiODgzNjciLCJwZXN0YW5hIjoiMSJ9/minuto-a-minuto-pumas-vs-toluca-jornada-5-estadio-la-cantera-cancha-1', 'text': ''}","{'type': 'link', 'href': 'https://www.ligafemenil.mx/cancha/mxm/88367/eyJpZERpdmlzaW9uIjoiMTQiLCJpZFRlbXBvcmFkYSI6IjY4IiwiaWRUb3JuZW8iOiIyIiwiaWRDbHVibG9jYWwiOiIxMTE4OCIsImlkQ2x1YnZpc2l0YSI6IjExMTg3IiwiaWRQYXJ0aWRvIjoiODgzNjciLCJwZXN0YW5hIjoiMyJ9/minuto-a-minuto-pumas-vs-toluca-jornada-5-estadio-la-cantera-cancha-1', 'text': ''}","{'type': 'link', 'href': 'https://www.ligafemenil.mx/cancha/informeArbitral/88367/eyJpZERpdmlzaW9uIjoiMTQiLCJpZFRlbXBvcmFkYSI6IjY4IiwiaWRUb3JuZW8iOiIyIiwiaWRDbHVibG9jYWwiOiIxMTE4OCIsImlkQ2x1YnZpc2l0YSI6IjExMTg3In0=/informe-arbitral-pumas-vs-toluca-jornada-5-estadio-la-cantera-cancha-1', 'text': ''}","{'type': 'link', 'href': 'https://www.ligafemenil.mx/cancha/mxm/88367/eyJpZERpdmlzaW9uIjoiMTQiLCJpZFRlbXBvcmFkYSI6IjY4IiwiaWRUb3JuZW8iOiIyIiwiaWRDbHVibG9jYWwiOiIxMTE4OCIsImlkQ2x1YnZpc2l0YSI6IjExMTg3IiwiaWRQYXJ0aWRvIjoiODgzNjciLCJwZXN0YW5hIjoiNCJ9/minuto-a-minuto-pumas-vs-toluca-jornada-5-estadio-la-cantera-cancha-1', 'text': ''}","{'type': 'link', 'href': 'https://www.ligafemenil.mx/cancha/galeria/ODgzNjcvNS82OC8yLzE0/pumas-vs-toluca', 'text': ''}","{'type': 'link', 'href': 'https://www.ligafemenil.mx/cancha/playlist/88367/pumas-vs-toluca', 'text': ''}"
2017-2018,Clausura,"{'type': 'text', 'value': 'Sábado 3 de Febrero de 2018\nTemporada 2017-2018\nTorneo Clausura\nJornada 5\n3 Febrero 2018 - 12:30 hrs.'}","{'type': 'link', 'href': 'https://www.ligafemenil.mx/cancha/club/11183/m-morelia', 'text': ''}","{'type': 'link', 'href': 'https://www.ligafemenil.mx/cancha/informeArbitral/88405/eyJpZERpdmlzaW9uIjoiMTQiLCJpZFRlbXBvcmFkYSI6IjY4IiwiaWRUb3JuZW8iOiIyIiwiaWRDbHVibG9jYWwiOjExMTgzLCJpZENsdWJ2aXNpdGEiOjExMTg0fQ==/informe-arbitral-m-morelia-vs-pachuca-jornada-5-estadio-jose-maria-morelos-y-pavon', 'text': '1 - 7'}","{'type': 'link', 'href': 'https://www.ligafemenil.mx/cancha/club/11184/pachuca', 'text': ''}","{'type': 'link', 'href': 'https://www.ligafemenil.mx/cancha/estadio/10/estadio-jose-maria-morelos-y-pavon', 'text': 'José María Morelos y Pavón'}","{'type': 'link', 'href': 'https://www.ligafemenil.mx/cancha/mxm/88405/eyJpZERpdmlzaW9uIjoiMTQiLCJpZFRlbXBvcmFkYSI6IjY4IiwiaWRUb3JuZW8iOiIyIiwiaWRDbHVibG9jYWwiOiIxMTE4MyIsImlkQ2x1YnZpc2l0YSI6IjExMTg0IiwiaWRQYXJ0aWRvIjoiODg0MDUiLCJwZXN0YW5hIjoiMSJ9/minuto-a-minuto-m-morelia-vs-pachuca-jornada-5-estadio-jose-maria-morelos-y-pavon', 'text': ''}","{'type': 'link', 'href': 'https://www.ligafemenil.mx/cancha/mxm/88405/eyJpZERpdmlzaW9uIjoiMTQiLCJpZFRlbXBvcmFkYSI6IjY4IiwiaWRUb3JuZW8iOiIyIiwiaWRDbHVibG9jYWwiOiIxMTE4MyIsImlkQ2x1YnZpc2l0YSI6IjExMTg0IiwiaWRQYXJ0aWRvIjoiODg0MDUiLCJwZXN0YW5hIjoiMyJ9/minuto-a-minuto-m-morelia-vs-pachuca-jornada-5-estadio-jose-maria-morelos-y-pavon', 'text': ''}","{'type': 'link', 'href': 'https://www.ligafemenil.mx/cancha/informeArbitral/88405/eyJpZERpdmlzaW9uIjoiMTQiLCJpZFRlbXBvcmFkYSI6IjY4IiwiaWRUb3JuZW8iOiIyIiwiaWRDbHVibG9jYWwiOiIxMTE4MyIsImlkQ2x1YnZpc2l0YSI6IjExMTg0In0=/informe-arbitral-m-morelia-vs-pachuca-jornada-5-estadio-jose-maria-morelos-y-pavon', 'text': ''}","{'type': 'link', 'href': 'https://www.ligafemenil.mx/cancha/mxm/88405/eyJpZERpdmlzaW9uIjoiMTQiLCJpZFRlbXBvcmFkYSI6IjY4IiwiaWRUb3JuZW8iOiIyIiwiaWRDbHVibG9jYWwiOiIxMTE4MyIsImlkQ2x1YnZpc2l0YSI6IjExMTg0IiwiaWRQYXJ0aWRvIjoiODg0MDUiLCJwZXN0YW5hIjoiNCJ9/minuto-a-minuto-m-morelia-vs-pachuca-jornada-5-estadio-jose-maria-morelos-y-pavon', 'text': ''}","{'type': 'link', 'href': 'https://www.ligafemenil.mx/cancha/galeria/ODg0MDUvNS82OC8yLzE0/m-morelia-vs-pachuca', 'text': ''}","{'type': 'link', 'href': 'https://www.ligafemenil.mx/cancha/playlist/88405/m-morelia-vs-pachuca', 'text': ''}"
2017-2018,Clausura,"{'type': 'text', 'value': 'Lunes 5 de Febrero de 2018\nTemporada 2017-2018\nTorneo Clausura\nJornada 5\n5 Febrero 2018 - 21:00 hrs.'}","{'type': 'link', 'href': 'https://www.ligafemenil.mx/cancha/club/11192/santos-laguna', 'text': ''}","{'type': 'link', 'href': 'https://www.ligafemenil.mx/cancha/informeArbitral/88418/eyJpZERpdmlzaW9uIjoiMTQiLCJpZFRlbXBvcmFkYSI6IjY4IiwiaWRUb3JuZW8iOiIyIiwiaWRDbHVibG9jYWwiOjExMTkyLCJpZENsdWJ2aXNpdGEiOjExMTgyfQ==/informe-arbitral-santos-laguna-vs-guadalajara-jornada-5-estadio-tsm-corona', 'text': '1 - 4'}","{'type': 'link', 'href': 'https://www.ligafemenil.mx/cancha/club/11182/guadalajara', 'text': ''}","{'type': 'link', 'href': 'https://www.ligafemenil.mx/cancha/estadio/63/estadio-tsm-corona', 'text': 'TSM Corona'}","{'type': 'link', 'href': 'https://www.ligafemenil.mx/cancha/mxm/88418/eyJpZERpdmlzaW9uIjoiMTQiLCJpZFRlbXBvcmFkYSI6IjY4IiwiaWRUb3JuZW8iOiIyIiwiaWRDbHVibG9jYWwiOiIxMTE5MiIsImlkQ2x1YnZpc2l0YSI6IjExMTgyIiwiaWRQYXJ0aWRvIjoiODg0MTgiLCJwZXN0YW5hIjoiMSJ9/minuto-a-minuto-santos-laguna-vs-guadalajara-jornada-5-estadio-tsm-corona', 'text': ''}","{'type': 'link', 'href': 'https://www.ligafemenil.mx/cancha/mxm/88418/eyJpZERpdmlzaW9uIjoiMTQiLCJpZFRlbXBvcmFkYSI6IjY4IiwiaWRUb3JuZW8iOiIyIiwiaWRDbHVibG9jYWwiOiIxMTE5MiIsImlkQ2x1YnZpc2l0YSI6IjExMTgyIiwiaWRQYXJ0aWRvIjoiODg0MTgiLCJwZXN0YW5hIjoiMyJ9/minuto-a-minuto-santos-laguna-vs-guadalajara-jornada-5-estadio-tsm-corona', 'text': ''}","{'type': 'link', 'href': 'https://www.ligafemenil.mx/cancha/informeArbitral/88418/eyJpZERpdmlzaW9uIjoiMTQiLCJpZFRlbXBvcmFkYSI6IjY4IiwiaWRUb3JuZW8iOiIyIiwiaWRDbHVibG9jYWwiOiIxMTE5MiIsImlkQ2x1YnZpc2l0YSI6IjExMTgyIn0=/informe-arbitral-santos-laguna-vs-guadalajara-jornada-5-estadio-tsm-corona', 'text': ''}","{'type': 'link', 'href': 'https://www.ligafemenil.mx/cancha/mxm/88418/eyJpZERpdmlzaW9uIjoiMTQiLCJpZFRlbXBvcmFkYSI6IjY4IiwiaWRUb3JuZW8iOiIyIiwiaWRDbHVibG9jYWwiOiIxMTE5MiIsImlkQ2x1YnZpc2l0YSI6IjExMTgyIiwiaWRQYXJ0aWRvIjoiODg0MTgiLCJwZXN0YW5hIjoiNCJ9/minuto-a-minuto-santos-laguna-vs-guadalajara-jornada-5-estadio-tsm-corona', 'text': ''}","{'type': 'link', 'href': 'https://www.ligafemenil.mx/cancha/galeria/ODg0MTgvNS82OC8yLzE0/santos-laguna-vs-guadalajara', 'text': ''}","{'type': 'link', 'href': 'https://www.ligafemenil.mx/cancha/playlist/88418/santos-laguna-vs-guadalajara', 'text': ''}"
2017-2018,Clausura,"{'type': 'text', 'value': 'Lunes 5 de Febrero de 2018\nTemporada 2017-2018\nTorneo Clausura\nJornada 5\n5 Febrero 2018 - 19:00 hrs.'}","{'type': 'link', 'href': 'https://www.ligafemenil.mx/cancha/club/11180/tijuana', 'text': ''}","{'type': 'link', 'href': 'https://www.ligafemenil.mx/cancha/informeArbitral/88345/eyJpZERpdmlzaW9uIjoiMTQiLCJpZFRlbXBvcmFkYSI6IjY4IiwiaWRUb3JuZW8iOiIyIiwiaWRDbHVibG9jYWwiOjExMTgwLCJpZENsdWJ2aXNpdGEiOjExMTkxfQ==/informe-arbitral-tijuana-vs-america-jornada-5-estadio-caliente', 'text': '0 - 1'}","{'type': 'link', 'href': 'https://www.ligafemenil.mx/cancha/club/11191/america', 'text': ''}","{'type': 'link', 'href': 'https://www.ligafemenil.mx/cancha/estadio/48/estadio-caliente', 'text': 'Caliente'}","{'type': 'link', 'href': 'https://www.ligafemenil.mx/cancha/mxm/88345/eyJpZERpdmlzaW9uIjoiMTQiLCJpZFRlbXBvcmFkYSI6IjY4IiwiaWRUb3JuZW8iOiIyIiwiaWRDbHVibG9jYWwiOiIxMTE4MCIsImlkQ2x1YnZpc2l0YSI6IjExMTkxIiwiaWRQYXJ0aWRvIjoiODgzNDUiLCJwZXN0YW5hIjoiMSJ9/minuto-a-minuto-tijuana-vs-america-jornada-5-estadio-caliente', 'text': ''}","{'type': 'link', 'href': 'https://www.ligafemenil.mx/cancha/mxm/88345/eyJpZERpdmlzaW9uIjoiMTQiLCJpZFRlbXBvcmFkYSI6IjY4IiwiaWRUb3JuZW8iOiIyIiwiaWRDbHVibG9jYWwiOiIxMTE4MCIsImlkQ2x1YnZpc2l0YSI6IjExMTkxIiwiaWRQYXJ0aWRvIjoiODgzNDUiLCJwZXN0YW5hIjoiMyJ9/minuto-a-minuto-tijuana-vs-america-jornada-5-estadio-caliente', 'text': ''}","{'type': 'link', 'href': 'https://www.ligafemenil.mx/cancha/informeArbitral/88345/eyJpZERpdmlzaW9uIjoiMTQiLCJpZFRlbXBvcmFkYSI6IjY4IiwiaWRUb3JuZW8iOiIyIiwiaWRDbHVibG9jYWwiOiIxMTE4MCIsImlkQ2x1YnZpc2l0YSI6IjExMTkxIn0=/informe-arbitral-tijuana-vs-america-jornada-5-estadio-caliente', 'text': ''}","{'type': 'link', 'href': 'https://www.ligafemenil.mx/cancha/mxm/88345/eyJpZERpdmlzaW9uIjoiMTQiLCJpZFRlbXBvcmFkYSI6IjY4IiwiaWRUb3JuZW8iOiIyIiwiaWRDbHVibG9jYWwiOiIxMTE4MCIsImlkQ2x1YnZpc2l0YSI6IjExMTkxIiwiaWRQYXJ0aWRvIjoiODgzNDUiLCJwZXN0YW5hIjoiNCJ9/minuto-a-minuto-tijuana-vs-america-jornada-5-estadio-caliente', 'text': ''}","{'type': 'link', 'href': 'https://www.ligafemenil.mx/cancha/galeria/ODgzNDUvNS82OC8yLzE0/tijuana-vs-america', 'text': ''}","{'type': 'link', 'href': 'https://www.ligafemenil.mx/cancha/playlist/88345/tijuana-vs-america', 'text': ''}"
2017-2018,Clausura,"{'type': 'text', 'value': 'Viernes 9 de Febrero de 2018\nTemporada 2017-2018\nTorneo Clausura\nJornada 6\n9 Febrero 2018 - 16:00 hrs.'}","{'type': 'link', 'href': 'https://www.ligafemenil.mx/cancha/club/11189/necaxa', 'text': ''}","{'type': 'link', 'href': 'https://www.ligafemenil.mx/cancha/informeArbitral/88419/eyJpZERpdmlzaW9uIjoiMTQiLCJpZFRlbXBvcmFkYSI6IjY4IiwiaWRUb3JuZW8iOiIyIiwiaWRDbHVibG9jYWwiOjExMTg5LCJpZENsdWJ2aXNpdGEiOjExMjQ1fQ==/informe-arbitral-necaxa-vs-atlas-jornada-6-estadio-victoria', 'text': '2 - 0'}","{'type': 'link', 'href': 'https://www.ligafemenil.mx/cancha/club/11245/atlas', 'text': ''}","{'type': 'link', 'href': 'https://www.ligafemenil.mx/cancha/estadio/15/estadio-victoria', 'text': 'Victoria'}","{'type': 'link', 'href': 'https://www.ligafemenil.mx/cancha/mxm/88419/eyJpZERpdmlzaW9uIjoiMTQiLCJpZFRlbXBvcmFkYSI6IjY4IiwiaWRUb3JuZW8iOiIyIiwiaWRDbHVibG9jYWwiOiIxMTE4OSIsImlkQ2x1YnZpc2l0YSI6IjExMjQ1IiwiaWRQYXJ0aWRvIjoiODg0MTkiLCJwZXN0YW5hIjoiMSJ9/minuto-a-minuto-necaxa-vs-atlas-jornada-6-estadio-victoria', 'text': ''}","{'type': 'link', 'href': 'https://www.ligafemenil.mx/cancha/mxm/88419/eyJpZERpdmlzaW9uIjoiMTQiLCJpZFRlbXBvcmFkYSI6IjY4IiwiaWRUb3JuZW8iOiIyIiwiaWRDbHVibG9jYWwiOiIxMTE4OSIsImlkQ2x1YnZpc2l0YSI6IjExMjQ1IiwiaWRQYXJ0aWRvIjoiODg0MTkiLCJwZXN0YW5hIjoiMyJ9/minuto-a-minuto-necaxa-vs-atlas-jornada-6-estadio-victoria', 'text': ''}","{'type': 'link', 'href': 'https://www.ligafemenil.mx/cancha/informeArbitral/88419/eyJpZERpdmlzaW9uIjoiMTQiLCJpZFRlbXBvcmFkYSI6IjY4IiwiaWRUb3JuZW8iOiIyIiwiaWRDbHVibG9jYWwiOiIxMTE4OSIsImlkQ2x1YnZpc2l0YSI6IjExMjQ1In0=/informe-arbitral-necaxa-vs-atlas-jornada-6-estadio-victoria', 'text': ''}","{'type': 'link', 'href': 'https://www.ligafemenil.mx/cancha/mxm/88419/eyJpZERpdmlzaW9uIjoiMTQiLCJpZFRlbXBvcmFkYSI6IjY4IiwiaWRUb3JuZW8iOiIyIiwiaWRDbHVibG9jYWwiOiIxMTE4OSIsImlkQ2x1YnZpc2l0YSI6IjExMjQ1IiwiaWRQYXJ0aWRvIjoiODg0MTkiLCJwZXN0YW5hIjoiNCJ9/minuto-a-minuto-necaxa-vs-atlas-jornada-6-estadio-victoria', 'text': ''}","{'type': 'link', 'href': 'https://www.ligafemenil.mx/cancha/galeria/ODg0MTkvNi82OC8yLzE0/necaxa-vs-atlas', 'text': ''}","{'type': 'link', 'href': 'https://www.ligafemenil.mx/cancha/playlist/88419/necaxa-vs-atlas', 'text': ''}"
2017-2018,Clausura,"{'type': 'text', 'value': 'Viernes 9 de Febrero de 2018\nTemporada 2017-2018\nTorneo Clausura\nJornada 6\n9 Febrero 2018 - 16:00 hrs.'}","{'type': 'link', 'href': 'https://www.ligafemenil.mx/cancha/club/11181/cruz-azul', 'text': ''}","{'type': 'link', 'href': 'https://www.ligafemenil.mx/cancha/informeArbitral/88427/eyJpZERpdmlzaW9uIjoiMTQiLCJpZFRlbXBvcmFkYSI6IjY4IiwiaWRUb3JuZW8iOiIyIiwiaWRDbHVibG9jYWwiOjExMTgxLCJpZENsdWJ2aXNpdGEiOjExMTgwfQ==/informe-arbitral-cruz-azul-vs-tijuana-jornada-6-estadio-instalaciones-la-noria-cancha-1', 'text': '1 - 0'}","{'type': 'link', 'href': 'https://www.ligafemenil.mx/cancha/club/11180/tijuana', 'text': ''}","{'type': 'link', 'href': 'https://www.ligafemenil.mx/cancha/estadio/47/estadio-instalaciones-la-noria-cancha-1', 'text': 'Instalaciones La Noria Cancha 1'}","{'type': 'link', 'href': 'https://www.ligafemenil.mx/cancha/mxm/88427/eyJpZERpdmlzaW9uIjoiMTQiLCJpZFRlbXBvcmFkYSI6IjY4IiwiaWRUb3JuZW8iOiIyIiwiaWRDbHVibG9jYWwiOiIxMTE4MSIsImlkQ2x1YnZpc2l0YSI6IjExMTgwIiwiaWRQYXJ0aWRvIjoiODg0MjciLCJwZXN0YW5hIjoiMSJ9/minuto-a-minuto-cruz-azul-vs-tijuana-jornada-6-estadio-instalaciones-la-noria-cancha-1', 'text': ''}","{'type': 'link', 'href': 'https://www.ligafemenil.mx/cancha/mxm/88427/eyJpZERpdmlzaW9uIjoiMTQiLCJpZFRlbXBvcmFkYSI6IjY4IiwiaWRUb3JuZW8iOiIyIiwiaWRDbHVibG9jYWwiOiIxMTE4MSIsImlkQ2x1YnZpc2l0YSI6IjExMTgwIiwiaWRQYXJ0aWRvIjoiODg0MjciLCJwZXN0YW5hIjoiMyJ9/minuto-a-minuto-cruz-azul-vs-tijuana-jornada-6-estadio-instalaciones-la-noria-cancha-1', 'text': ''}","{'type': 'link', 'href': 'https://www.ligafemenil.mx/cancha/informeArbitral/88427/eyJpZERpdmlzaW9uIjoiMTQiLCJpZFRlbXBvcmFkYSI6IjY4IiwiaWRUb3JuZW8iOiIyIiwiaWRDbHVibG9jYWwiOiIxMTE4MSIsImlkQ2x1YnZpc2l0YSI6IjExMTgwIn0=/informe-arbitral-cruz-azul-vs-tijuana-jornada-6-estadio-instalaciones-la-noria-cancha-1', 'text': ''}","{'type': 'link', 'href': 'https://www.ligafemenil.mx/cancha/mxm/88427/eyJpZERpdmlzaW9uIjoiMTQiLCJpZFRlbXBvcmFkYSI6IjY4IiwiaWRUb3JuZW8iOiIyIiwiaWRDbHVibG9jYWwiOiIxMTE4MSIsImlkQ2x1YnZpc2l0YSI6IjExMTgwIiwiaWRQYXJ0aWRvIjoiODg0MjciLCJwZXN0YW5hIjoiNCJ9/minuto-a-minuto-cruz-azul-vs-tijuana-jornada-6-estadio-instalaciones-la-noria-cancha-1', 'text': ''}","{'type': 'link', 'href': 'https://www.ligafemenil.mx/cancha/galeria/ODg0MjcvNi82OC8yLzE0/cruz-azul-vs-tijuana', 'text': ''}","{'type': 'link', 'href': 'https://www.ligafemenil.mx/cancha/playlist/88427/cruz-azul-vs-tijuana', 'text': ''}"
2017-2018,Clausura,"{'type': 'text', 'value': 'Sábado 10 de Febrero de 2018\nTemporada 2017-2018\nTorneo Clausura\nJornada 6\n10 Febrero 2018 - 11:00 hrs.'}","{'type': 'link', 'href': 'https://www.ligafemenil.mx/cancha/club/11244/queretaro', 'text': ''}","{'type': 'link', 'href': 'https://www.ligafemenil.mx/cancha/informeArbitral/88421/eyJpZERpdmlzaW9uIjoiMTQiLCJpZFRlbXBvcmFkYSI6IjY4IiwiaWRUb3JuZW8iOiIyIiwiaWRDbHVibG9jYWwiOjExMjQ0LCJpZENsdWJ2aXNpdGEiOjExMjQzfQ==/informe-arbitral-queretaro-vs-leon-jornada-6-estadio-la-corregidora', 'text': '4 - 2'}","{'type': 'link', 'href': 'https://www.ligafemenil.mx/cancha/club/11243/leon', 'text': ''}","{'type': 'link', 'href': 'https://www.ligafemenil.mx/cancha/estadio/25/estadio-la-corregidora', 'text': 'La Corregidora'}","{'type': 'link', 'href': 'https://www.ligafemenil.mx/cancha/mxm/88421/eyJpZERpdmlzaW9uIjoiMTQiLCJpZFRlbXBvcmFkYSI6IjY4IiwiaWRUb3JuZW8iOiIyIiwiaWRDbHVibG9jYWwiOiIxMTI0NCIsImlkQ2x1YnZpc2l0YSI6IjExMjQzIiwiaWRQYXJ0aWRvIjoiODg0MjEiLCJwZXN0YW5hIjoiMSJ9/minuto-a-minuto-queretaro-vs-leon-jornada-6-estadio-la-corregidora', 'text': ''}","{'type': 'link', 'href': 'https://www.ligafemenil.mx/cancha/mxm/88421/eyJpZERpdmlzaW9uIjoiMTQiLCJpZFRlbXBvcmFkYSI6IjY4IiwiaWRUb3JuZW8iOiIyIiwiaWRDbHVibG9jYWwiOiIxMTI0NCIsImlkQ2x1YnZpc2l0YSI6IjExMjQzIiwiaWRQYXJ0aWRvIjoiODg0MjEiLCJwZXN0YW5hIjoiMyJ9/minuto-a-minuto-queretaro-vs-leon-jornada-6-estadio-la-corregidora', 'text': ''}","{'type': 'link', 'href': 'https://www.ligafemenil.mx/cancha/informeArbitral/88421/eyJpZERpdmlzaW9uIjoiMTQiLCJpZFRlbXBvcmFkYSI6IjY4IiwiaWRUb3JuZW8iOiIyIiwiaWRDbHVibG9jYWwiOiIxMTI0NCIsImlkQ2x1YnZpc2l0YSI6IjExMjQzIn0=/informe-arbitral-queretaro-vs-leon-jornada-6-estadio-la-corregidora', 'text': ''}","{'type': 'link', 'href': 'https://www.ligafemenil.mx/cancha/mxm/88421/eyJpZERpdmlzaW9uIjoiMTQiLCJpZFRlbXBvcmFkYSI6IjY4IiwiaWRUb3JuZW8iOiIyIiwiaWRDbHVibG9jYWwiOiIxMTI0NCIsImlkQ2x1YnZpc2l0YSI6IjExMjQzIiwiaWRQYXJ0aWRvIjoiODg0MjEiLCJwZXN0YW5hIjoiNCJ9/minuto-a-minuto-queretaro-vs-leon-jornada-6-estadio-la-corregidora', 'text': ''}","{'type': 'link', 'href': 'https://www.ligafemenil.mx/cancha/galeria/ODg0MjEvNi82OC8yLzE0/queretaro-vs-leon', 'text': ''}","{'type': 'link', 'href': 'https://www.ligafemenil.mx/cancha/playlist/88421/queretaro-vs-leon', 'text': ''}"
2017-2018,Clausura,"{'type': 'text', 'value': 'Sábado 10 de Febrero de 2018\nTemporada 2017-2018\nTorneo Clausura\nJornada 6\n10 Febrero 2018 - 16:00 hrs.'}","{'type': 'link', 'href': 'https://www.ligafemenil.mx/cancha/club/11182/guadalajara', 'text': ''}","{'type': 'link', 'href': 'https://www.ligafemenil.mx/cancha/informeArbitral/88424/eyJpZERpdmlzaW9uIjoiMTQiLCJpZFRlbXBvcmFkYSI6IjY4IiwiaWRUb3JuZW8iOiIyIiwiaWRDbHVibG9jYWwiOjExMTgyLCJpZENsdWJ2aXNpdGEiOjExMTg2fQ==/informe-arbitral-guadalajara-vs-tigres-de-la-uanl-jornada-6-estadio-verde-valle', 'text': '1 - 2'}","{'type': 'link', 'href': 'https://www.ligafemenil.mx/cancha/club/11186/tigres-de-la-uanl', 'text': ''}","{'type': 'link', 'href': 'https://www.ligafemenil.mx/cancha/estadio/36/estadio-verde-valle', 'text': 'Verde Valle'}","{'type': 'link', 'href': 'https://www.ligafemenil.mx/cancha/mxm/88424/eyJpZERpdmlzaW9uIjoiMTQiLCJpZFRlbXBvcmFkYSI6IjY4IiwiaWRUb3JuZW8iOiIyIiwiaWRDbHVibG9jYWwiOiIxMTE4MiIsImlkQ2x1YnZpc2l0YSI6IjExMTg2IiwiaWRQYXJ0aWRvIjoiODg0MjQiLCJwZXN0YW5hIjoiMSJ9/minuto-a-minuto-guadalajara-vs-tigres-de-la-uanl-jornada-6-estadio-verde-valle', 'text': ''}","{'type': 'link', 'href': 'https://www.ligafemenil.mx/cancha/mxm/88424/eyJpZERpdmlzaW9uIjoiMTQiLCJpZFRlbXBvcmFkYSI6IjY4IiwiaWRUb3JuZW8iOiIyIiwiaWRDbHVibG9jYWwiOiIxMTE4MiIsImlkQ2x1YnZpc2l0YSI6IjExMTg2IiwiaWRQYXJ0aWRvIjoiODg0MjQiLCJwZXN0YW5hIjoiMyJ9/minuto-a-minuto-guadalajara-vs-tigres-de-la-uanl-jornada-6-estadio-verde-valle', 'text': ''}","{'type': 'link', 'href': 'https://www.ligafemenil.mx/cancha/informeArbitral/88424/eyJpZERpdmlzaW9uIjoiMTQiLCJpZFRlbXBvcmFkYSI6IjY4IiwiaWRUb3JuZW8iOiIyIiwiaWRDbHVibG9jYWwiOiIxMTE4MiIsImlkQ2x1YnZpc2l0YSI6IjExMTg2In0=/informe-arbitral-guadalajara-vs-tigres-de-la-uanl-jornada-6-estadio-verde-valle', 'text': ''}","{'type': 'link', 'href': 'https://www.ligafemenil.mx/cancha/mxm/88424/eyJpZERpdmlzaW9uIjoiMTQiLCJpZFRlbXBvcmFkYSI6IjY4IiwiaWRUb3JuZW8iOiIyIiwiaWRDbHVibG9jYWwiOiIxMTE4MiIsImlkQ2x1YnZpc2l0YSI6IjExMTg2IiwiaWRQYXJ0aWRvIjoiODg0MjQiLCJwZXN0YW5hIjoiNCJ9/minuto-a-minuto-guadalajara-vs-tigres-de-la-uanl-jornada-6-estadio-verde-valle', 'text': ''}","{'type': 'link', 'href': 'https://www.ligafemenil.mx/cancha/galeria/ODg0MjQvNi82OC8yLzE0/guadalajara-vs-tigres-de-la-uanl', 'text': ''}","{'type': 'link', 'href': 'https://www.ligafemenil.mx/cancha/playlist/88424/guadalajara-vs-tigres-de-la-uanl', 'text': ''}"
2017-2018,Clausura,"{'type': 'text', 'value': 'Sábado 10 de Febrero de 2018\nTemporada 2017-2018\nTorneo Clausura\nJornada 6\n10 Febrero 2018 - 17:30 hrs.'}","{'type': 'link', 'href': 'https://www.ligafemenil.mx/cancha/club/11242/veracruz', 'text': ''}","{'type': 'link', 'href': 'https://www.ligafemenil.mx/cancha/informeArbitral/88397/eyJpZERpdmlzaW9uIjoiMTQiLCJpZFRlbXBvcmFkYSI6IjY4IiwiaWRUb3JuZW8iOiIyIiwiaWRDbHVibG9jYWwiOjExMjQyLCJpZENsdWJ2aXNpdGEiOjExMTg3fQ==/informe-arbitral-veracruz-vs-toluca-jornada-6-estadio-luis-pirata-fuente', 'text': '0 - 1'}","{'type': 'link', 'href': 'https://www.ligafemenil.mx/cancha/club/11187/toluca', 'text': ''}","{'type': 'link', 'href': 'https://www.ligafemenil.mx/cancha/estadio/57/estadio-luis-pirata-fuente', 'text': 'Luis Pirata Fuente'}","{'type': 'link', 'href': 'https://www.ligafemenil.mx/cancha/mxm/88397/eyJpZERpdmlzaW9uIjoiMTQiLCJpZFRlbXBvcmFkYSI6IjY4IiwiaWRUb3JuZW8iOiIyIiwiaWRDbHVibG9jYWwiOiIxMTI0MiIsImlkQ2x1YnZpc2l0YSI6IjExMTg3IiwiaWRQYXJ0aWRvIjoiODgzOTciLCJwZXN0YW5hIjoiMSJ9/minuto-a-minuto-veracruz-vs-toluca-jornada-6-estadio-luis-pirata-fuente', 'text': ''}","{'type': 'link', 'href': 'https://www.ligafemenil.mx/cancha/mxm/88397/eyJpZERpdmlzaW9uIjoiMTQiLCJpZFRlbXBvcmFkYSI6IjY4IiwiaWRUb3JuZW8iOiIyIiwiaWRDbHVibG9jYWwiOiIxMTI0MiIsImlkQ2x1YnZpc2l0YSI6IjExMTg3IiwiaWRQYXJ0aWRvIjoiODgzOTciLCJwZXN0YW5hIjoiMyJ9/minuto-a-minuto-veracruz-vs-toluca-jornada-6-estadio-luis-pirata-fuente', 'text': ''}","{'type': 'link', 'href': 'https://www.ligafemenil.mx/cancha/informeArbitral/88397/eyJpZERpdmlzaW9uIjoiMTQiLCJpZFRlbXBvcmFkYSI6IjY4IiwiaWRUb3JuZW8iOiIyIiwiaWRDbHVibG9jYWwiOiIxMTI0MiIsImlkQ2x1YnZpc2l0YSI6IjExMTg3In0=/informe-arbitral-veracruz-vs-toluca-jornada-6-estadio-luis-pirata-fuente', 'text': ''}","{'type': 'link', 'href': 'https://www.ligafemenil.mx/cancha/mxm/88397/eyJpZERpdmlzaW9uIjoiMTQiLCJpZFRlbXBvcmFkYSI6IjY4IiwiaWRUb3JuZW8iOiIyIiwiaWRDbHVibG9jYWwiOiIxMTI0MiIsImlkQ2x1YnZpc2l0YSI6IjExMTg3IiwiaWRQYXJ0aWRvIjoiODgzOTciLCJwZXN0YW5hIjoiNCJ9/minuto-a-minuto-veracruz-vs-toluca-jornada-6-estadio-luis-pirata-fuente', 'text': ''}","{'type': 'link', 'href': 'https://www.ligafemenil.mx/cancha/galeria/ODgzOTcvNi82OC8yLzE0/veracruz-vs-toluca', 'text': ''}","{'type': 'link', 'href': 'https://www.ligafemenil.mx/cancha/playlist/88397/veracruz-vs-toluca', 'text': ''}"
2017-2018,Clausura,"{'type': 'text', 'value': 'Domingo 11 de Febrero de 2018\nTemporada 2017-2018\nTorneo Clausura\nJornada 6\n11 Febrero 2018 - 10:30 hrs.'}","{'type': 'link', 'href': 'https://www.ligafemenil.mx/cancha/club/11185/rayados-de-monterrey', 'text': ''}","{'type': 'link', 'href': 'https://www.ligafemenil.mx/cancha/informeArbitral/88423/eyJpZERpdmlzaW9uIjoiMTQiLCJpZFRlbXBvcmFkYSI6IjY4IiwiaWRUb3JuZW8iOiIyIiwiaWRDbHVibG9jYWwiOjExMTg1LCJpZENsdWJ2aXNpdGEiOjExMTkyfQ==/informe-arbitral-rayados-de-monterrey-vs-santos-laguna-jornada-6-estadio-el-barrial', 'text': '2 - 1'}","{'type': 'link', 'href': 'https://www.ligafemenil.mx/cancha/club/11192/santos-laguna', 'text': ''}","{'type': 'link', 'href': 'https://www.ligafemenil.mx/cancha/estadio/675/estadio-el-barrial', 'text': 'El Barrial'}","{'type': 'link', 'href': 'https://www.ligafemenil.mx/cancha/mxm/88423/eyJpZERpdmlzaW9uIjoiMTQiLCJpZFRlbXBvcmFkYSI6IjY4IiwiaWRUb3JuZW8iOiIyIiwiaWRDbHVibG9jYWwiOiIxMTE4NSIsImlkQ2x1YnZpc2l0YSI6IjExMTkyIiwiaWRQYXJ0aWRvIjoiODg0MjMiLCJwZXN0YW5hIjoiMSJ9/minuto-a-minuto-rayados-de-monterrey-vs-santos-laguna-jornada-6-estadio-el-barrial', 'text': ''}","{'type': 'link', 'href': 'https://www.ligafemenil.mx/cancha/mxm/88423/eyJpZERpdmlzaW9uIjoiMTQiLCJpZFRlbXBvcmFkYSI6IjY4IiwiaWRUb3JuZW8iOiIyIiwiaWRDbHVibG9jYWwiOiIxMTE4NSIsImlkQ2x1YnZpc2l0YSI6IjExMTkyIiwiaWRQYXJ0aWRvIjoiODg0MjMiLCJwZXN0YW5hIjoiMyJ9/minuto-a-minuto-rayados-de-monterrey-vs-santos-laguna-jornada-6-estadio-el-barrial', 'text': ''}","{'type': 'link', 'href': 'https://www.ligafemenil.mx/cancha/informeArbitral/88423/eyJpZERpdmlzaW9uIjoiMTQiLCJpZFRlbXBvcmFkYSI6IjY4IiwiaWRUb3JuZW8iOiIyIiwiaWRDbHVibG9jYWwiOiIxMTE4NSIsImlkQ2x1YnZpc2l0YSI6IjExMTkyIn0=/informe-arbitral-rayados-de-monterrey-vs-santos-laguna-jornada-6-estadio-el-barrial', 'text': ''}","{'type': 'link', 'href': 'https://www.ligafemenil.mx/cancha/mxm/88423/eyJpZERpdmlzaW9uIjoiMTQiLCJpZFRlbXBvcmFkYSI6IjY4IiwiaWRUb3JuZW8iOiIyIiwiaWRDbHVibG9jYWwiOiIxMTE4NSIsImlkQ2x1YnZpc2l0YSI6IjExMTkyIiwiaWRQYXJ0aWRvIjoiODg0MjMiLCJwZXN0YW5hIjoiNCJ9/minuto-a-minuto-rayados-de-monterrey-vs-santos-laguna-jornada-6-estadio-el-barrial', 'text': ''}","{'type': 'link', 'href': 'https://www.ligafemenil.mx/cancha/galeria/ODg0MjMvNi82OC8yLzE0/rayados-de-monterrey-vs-santos-laguna', 'text': ''}","{'type': 'link', 'href': 'https://www.ligafemenil.mx/cancha/playlist/88423/rayados-de-monterrey-vs-santos-laguna', 'text': ''}"
2017-2018,Clausura,"{'type': 'text', 'value': 'Lunes 12 de Febrero de 2018\nTemporada 2017-2018\nTorneo Clausura\nJornada 6\n12 Febrero 2018 - 19:00 hrs.'}","{'type': 'link', 'href': 'https://www.ligafemenil.mx/cancha/club/11184/pachuca', 'text': ''}","{'type': 'link', 'href': 'https://www.ligafemenil.mx/cancha/informeArbitral/88401/eyJpZERpdmlzaW9uIjoiMTQiLCJpZFRlbXBvcmFkYSI6IjY4IiwiaWRUb3JuZW8iOiIyIiwiaWRDbHVibG9jYWwiOjExMTg0LCJpZENsdWJ2aXNpdGEiOjExMTg4fQ==/informe-arbitral-pachuca-vs-pumas-jornada-6-estadio-hidalgo', 'text': '0 - 2'}","{'type': 'link', 'href': 'https://www.ligafemenil.mx/cancha/club/11188/pumas', 'text': ''}","{'type': 'link', 'href': 'https://www.ligafemenil.mx/cancha/estadio/11/estadio-hidalgo', 'text': 'Hidalgo'}","{'type': 'link', 'href': 'https://www.ligafemenil.mx/cancha/mxm/88401/eyJpZERpdmlzaW9uIjoiMTQiLCJpZFRlbXBvcmFkYSI6IjY4IiwiaWRUb3JuZW8iOiIyIiwiaWRDbHVibG9jYWwiOiIxMTE4NCIsImlkQ2x1YnZpc2l0YSI6IjExMTg4IiwiaWRQYXJ0aWRvIjoiODg0MDEiLCJwZXN0YW5hIjoiMSJ9/minuto-a-minuto-pachuca-vs-pumas-jornada-6-estadio-hidalgo', 'text': ''}","{'type': 'link', 'href': 'https://www.ligafemenil.mx/cancha/mxm/88401/eyJpZERpdmlzaW9uIjoiMTQiLCJpZFRlbXBvcmFkYSI6IjY4IiwiaWRUb3JuZW8iOiIyIiwiaWRDbHVibG9jYWwiOiIxMTE4NCIsImlkQ2x1YnZpc2l0YSI6IjExMTg4IiwiaWRQYXJ0aWRvIjoiODg0MDEiLCJwZXN0YW5hIjoiMyJ9/minuto-a-minuto-pachuca-vs-pumas-jornada-6-estadio-hidalgo', 'text': ''}","{'type': 'link', 'href': 'https://www.ligafemenil.mx/cancha/informeArbitral/88401/eyJpZERpdmlzaW9uIjoiMTQiLCJpZFRlbXBvcmFkYSI6IjY4IiwiaWRUb3JuZW8iOiIyIiwiaWRDbHVibG9jYWwiOiIxMTE4NCIsImlkQ2x1YnZpc2l0YSI6IjExMTg4In0=/informe-arbitral-pachuca-vs-pumas-jornada-6-estadio-hidalgo', 'text': ''}","{'type': 'link', 'href': 'https://www.ligafemenil.mx/cancha/mxm/88401/eyJpZERpdmlzaW9uIjoiMTQiLCJpZFRlbXBvcmFkYSI6IjY4IiwiaWRUb3JuZW8iOiIyIiwiaWRDbHVibG9jYWwiOiIxMTE4NCIsImlkQ2x1YnZpc2l0YSI6IjExMTg4IiwiaWRQYXJ0aWRvIjoiODg0MDEiLCJwZXN0YW5hIjoiNCJ9/minuto-a-minuto-pachuca-vs-pumas-jornada-6-estadio-hidalgo', 'text': ''}","{'type': 'link', 'href': 'https://www.ligafemenil.mx/cancha/galeria/ODg0MDEvNi82OC8yLzE0/pachuca-vs-pumas', 'text': ''}","{'type': 'link', 'href': 'https://www.ligafemenil.mx/cancha/playlist/88401/pachuca-vs-pumas', 'text': ''}"
2017-2018,Clausura,"{'type': 'text', 'value': 'Lunes 12 de Febrero de 2018\nTemporada 2017-2018\nTorneo Clausura\nJornada 6\n12 Febrero 2018 - 20:00 hrs.'}","{'type': 'link', 'href': 'https://www.ligafemenil.mx/cancha/club/11191/america', 'text': ''}","{'type': 'link', 'href': 'https://www.ligafemenil.mx/cancha/informeArbitral/88384/eyJpZERpdmlzaW9uIjoiMTQiLCJpZFRlbXBvcmFkYSI6IjY4IiwiaWRUb3JuZW8iOiIyIiwiaWRDbHVibG9jYWwiOjExMTkxLCJpZENsdWJ2aXNpdGEiOjExMTgzfQ==/informe-arbitral-america-vs-m-morelia-jornada-6-estadio-azteca', 'text': '6 - 1'}","{'type': 'link', 'href': 'https://www.ligafemenil.mx/cancha/club/11183/m-morelia', 'text': ''}","{'type': 'link', 'href': 'https://www.ligafemenil.mx/cancha/estadio/1/estadio-azteca', 'text': 'Azteca'}","{'type': 'link', 'href': 'https://www.ligafemenil.mx/cancha/mxm/88384/eyJpZERpdmlzaW9uIjoiMTQiLCJpZFRlbXBvcmFkYSI6IjY4IiwiaWRUb3JuZW8iOiIyIiwiaWRDbHVibG9jYWwiOiIxMTE5MSIsImlkQ2x1YnZpc2l0YSI6IjExMTgzIiwiaWRQYXJ0aWRvIjoiODgzODQiLCJwZXN0YW5hIjoiMSJ9/minuto-a-minuto-america-vs-m-morelia-jornada-6-estadio-azteca', 'text': ''}","{'type': 'link', 'href': 'https://www.ligafemenil.mx/cancha/mxm/88384/eyJpZERpdmlzaW9uIjoiMTQiLCJpZFRlbXBvcmFkYSI6IjY4IiwiaWRUb3JuZW8iOiIyIiwiaWRDbHVibG9jYWwiOiIxMTE5MSIsImlkQ2x1YnZpc2l0YSI6IjExMTgzIiwiaWRQYXJ0aWRvIjoiODgzODQiLCJwZXN0YW5hIjoiMyJ9/minuto-a-minuto-america-vs-m-morelia-jornada-6-estadio-azteca', 'text': ''}","{'type': 'link', 'href': 'https://www.ligafemenil.mx/cancha/informeArbitral/88384/eyJpZERpdmlzaW9uIjoiMTQiLCJpZFRlbXBvcmFkYSI6IjY4IiwiaWRUb3JuZW8iOiIyIiwiaWRDbHVibG9jYWwiOiIxMTE5MSIsImlkQ2x1YnZpc2l0YSI6IjExMTgzIn0=/informe-arbitral-america-vs-m-morelia-jornada-6-estadio-azteca', 'text': ''}","{'type': 'link', 'href': 'https://www.ligafemenil.mx/cancha/mxm/88384/eyJpZERpdmlzaW9uIjoiMTQiLCJpZFRlbXBvcmFkYSI6IjY4IiwiaWRUb3JuZW8iOiIyIiwiaWRDbHVibG9jYWwiOiIxMTE5MSIsImlkQ2x1YnZpc2l0YSI6IjExMTgzIiwiaWRQYXJ0aWRvIjoiODgzODQiLCJwZXN0YW5hIjoiNCJ9/minuto-a-minuto-america-vs-m-morelia-jornada-6-estadio-azteca', 'text': ''}","{'type': 'link', 'href': 'https://www.ligafemenil.mx/cancha/galeria/ODgzODQvNi82OC8yLzE0/america-vs-m-morelia', 'text': ''}","{'type': 'link', 'href': 'https://www.ligafemenil.mx/cancha/playlist/88384/america-vs-m-morelia', 'text': ''}"
2017-2018,Clausura,"{'type': 'text', 'value': 'Sábado 17 de Febrero de 2018\nTemporada 2017-2018\nTorneo Clausura\nJornada 7\n17 Febrero 2018 - 11:00 hrs.'}","{'type': 'link', 'href': 'https://www.ligafemenil.mx/cancha/club/11245/atlas', 'text': ''}","{'type': 'link', 'href': 'https://www.ligafemenil.mx/cancha/informeArbitral/88430/eyJpZERpdmlzaW9uIjoiMTQiLCJpZFRlbXBvcmFkYSI6IjY4IiwiaWRUb3JuZW8iOiIyIiwiaWRDbHVibG9jYWwiOjExMjQ1LCJpZENsdWJ2aXNpdGEiOjExMjQ0fQ==/informe-arbitral-atlas-vs-queretaro-jornada-7-estadio-cancha-alfredo-pistache-torres', 'text': '1 - 1'}","{'type': 'link', 'href': 'https://www.ligafemenil.mx/cancha/club/11244/queretaro', 'text': ''}","{'type': 'link', 'href': 'https://www.ligafemenil.mx/cancha/estadio/881/estadio-cancha-alfredo-pistache-torres', 'text': 'CANCHA ALFREDO PISTACHE TORRES'}","{'type': 'link', 'href': 'https://www.ligafemenil.mx/cancha/mxm/88430/eyJpZERpdmlzaW9uIjoiMTQiLCJpZFRlbXBvcmFkYSI6IjY4IiwiaWRUb3JuZW8iOiIyIiwiaWRDbHVibG9jYWwiOiIxMTI0NSIsImlkQ2x1YnZpc2l0YSI6IjExMjQ0IiwiaWRQYXJ0aWRvIjoiODg0MzAiLCJwZXN0YW5hIjoiMSJ9/minuto-a-minuto-atlas-vs-queretaro-jornada-7-estadio-cancha-alfredo-pistache-torres', 'text': ''}","{'type': 'link', 'href': 'https://www.ligafemenil.mx/cancha/mxm/88430/eyJpZERpdmlzaW9uIjoiMTQiLCJpZFRlbXBvcmFkYSI6IjY4IiwiaWRUb3JuZW8iOiIyIiwiaWRDbHVibG9jYWwiOiIxMTI0NSIsImlkQ2x1YnZpc2l0YSI6IjExMjQ0IiwiaWRQYXJ0aWRvIjoiODg0MzAiLCJwZXN0YW5hIjoiMyJ9/minuto-a-minuto-atlas-vs-queretaro-jornada-7-estadio-cancha-alfredo-pistache-torres', 'text': ''}","{'type': 'link', 'href': 'https://www.ligafemenil.mx/cancha/informeArbitral/88430/eyJpZERpdmlzaW9uIjoiMTQiLCJpZFRlbXBvcmFkYSI6IjY4IiwiaWRUb3JuZW8iOiIyIiwiaWRDbHVibG9jYWwiOiIxMTI0NSIsImlkQ2x1YnZpc2l0YSI6IjExMjQ0In0=/informe-arbitral-atlas-vs-queretaro-jornada-7-estadio-cancha-alfredo-pistache-torres', 'text': ''}","{'type': 'link', 'href': 'https://www.ligafemenil.mx/cancha/mxm/88430/eyJpZERpdmlzaW9uIjoiMTQiLCJpZFRlbXBvcmFkYSI6IjY4IiwiaWRUb3JuZW8iOiIyIiwiaWRDbHVibG9jYWwiOiIxMTI0NSIsImlkQ2x1YnZpc2l0YSI6IjExMjQ0IiwiaWRQYXJ0aWRvIjoiODg0MzAiLCJwZXN0YW5hIjoiNCJ9/minuto-a-minuto-atlas-vs-queretaro-jornada-7-estadio-cancha-alfredo-pistache-torres', 'text': ''}","{'type': 'link', 'href': 'https://www.ligafemenil.mx/cancha/galeria/ODg0MzAvNy82OC8yLzE0/atlas-vs-queretaro', 'text': ''}","{'type': 'link', 'href': 'https://www.ligafemenil.mx/cancha/playlist/88430/atlas-vs-queretaro', 'text': ''}"
2017-2018,Clausura,"{'type': 'text', 'value': 'Sábado 17 de Febrero de 2018\nTemporada 2017-2018\nTorneo Clausura\nJornada 7\n17 Febrero 2018 - 12:00 hrs.'}","{'type': 'link', 'href': 'https://www.ligafemenil.mx/cancha/club/11188/pumas', 'text': ''}","{'type': 'link', 'href': 'https://www.ligafemenil.mx/cancha/informeArbitral/88432/eyJpZERpdmlzaW9uIjoiMTQiLCJpZFRlbXBvcmFkYSI6IjY4IiwiaWRUb3JuZW8iOiIyIiwiaWRDbHVibG9jYWwiOjExMTg4LCJpZENsdWJ2aXNpdGEiOjExMTkxfQ==/informe-arbitral-pumas-vs-america-jornada-7-estadio-la-cantera', 'text': '1 - 1'}","{'type': 'link', 'href': 'https://www.ligafemenil.mx/cancha/club/11191/america', 'text': ''}","{'type': 'link', 'href': 'https://www.ligafemenil.mx/cancha/estadio/37/estadio-la-cantera', 'text': 'La Cantera'}","{'type': 'link', 'href': 'https://www.ligafemenil.mx/cancha/mxm/88432/eyJpZERpdmlzaW9uIjoiMTQiLCJpZFRlbXBvcmFkYSI6IjY4IiwiaWRUb3JuZW8iOiIyIiwiaWRDbHVibG9jYWwiOiIxMTE4OCIsImlkQ2x1YnZpc2l0YSI6IjExMTkxIiwiaWRQYXJ0aWRvIjoiODg0MzIiLCJwZXN0YW5hIjoiMSJ9/minuto-a-minuto-pumas-vs-america-jornada-7-estadio-la-cantera', 'text': ''}","{'type': 'link', 'href': 'https://www.ligafemenil.mx/cancha/mxm/88432/eyJpZERpdmlzaW9uIjoiMTQiLCJpZFRlbXBvcmFkYSI6IjY4IiwiaWRUb3JuZW8iOiIyIiwiaWRDbHVibG9jYWwiOiIxMTE4OCIsImlkQ2x1YnZpc2l0YSI6IjExMTkxIiwiaWRQYXJ0aWRvIjoiODg0MzIiLCJwZXN0YW5hIjoiMyJ9/minuto-a-minuto-pumas-vs-america-jornada-7-estadio-la-cantera', 'text': ''}","{'type': 'link', 'href': 'https://www.ligafemenil.mx/cancha/informeArbitral/88432/eyJpZERpdmlzaW9uIjoiMTQiLCJpZFRlbXBvcmFkYSI6IjY4IiwiaWRUb3JuZW8iOiIyIiwiaWRDbHVibG9jYWwiOiIxMTE4OCIsImlkQ2x1YnZpc2l0YSI6IjExMTkxIn0=/informe-arbitral-pumas-vs-america-jornada-7-estadio-la-cantera', 'text': ''}","{'type': 'link', 'href': 'https://www.ligafemenil.mx/cancha/mxm/88432/eyJpZERpdmlzaW9uIjoiMTQiLCJpZFRlbXBvcmFkYSI6IjY4IiwiaWRUb3JuZW8iOiIyIiwiaWRDbHVibG9jYWwiOiIxMTE4OCIsImlkQ2x1YnZpc2l0YSI6IjExMTkxIiwiaWRQYXJ0aWRvIjoiODg0MzIiLCJwZXN0YW5hIjoiNCJ9/minuto-a-minuto-pumas-vs-america-jornada-7-estadio-la-cantera', 'text': ''}","{'type': 'link', 'href': 'https://www.ligafemenil.mx/cancha/galeria/ODg0MzIvNy82OC8yLzE0/pumas-vs-america', 'text': ''}","{'type': 'link', 'href': 'https://www.ligafemenil.mx/cancha/playlist/88432/pumas-vs-america', 'text': ''}"
2017-2018,Clausura,"{'type': 'text', 'value': 'Sábado 17 de Febrero de 2018\nTemporada 2017-2018\nTorneo Clausura\nJornada 7\n17 Febrero 2018 - 12:30 hrs.'}","{'type': 'link', 'href': 'https://www.ligafemenil.mx/cancha/club/11183/m-morelia', 'text': ''}","{'type': 'link', 'href': 'https://www.ligafemenil.mx/cancha/informeArbitral/88341/eyJpZERpdmlzaW9uIjoiMTQiLCJpZFRlbXBvcmFkYSI6IjY4IiwiaWRUb3JuZW8iOiIyIiwiaWRDbHVibG9jYWwiOjExMTgzLCJpZENsdWJ2aXNpdGEiOjExMTgxfQ==/informe-arbitral-m-morelia-vs-cruz-azul-jornada-7-estadio-jose-maria-morelos-y-pavon', 'text': '1 - 1'}","{'type': 'link', 'href': 'https://www.ligafemenil.mx/cancha/club/11181/cruz-azul', 'text': ''}","{'type': 'link', 'href': 'https://www.ligafemenil.mx/cancha/estadio/10/estadio-jose-maria-morelos-y-pavon', 'text': 'José María Morelos y Pavón'}","{'type': 'link', 'href': 'https://www.ligafemenil.mx/cancha/mxm/88341/eyJpZERpdmlzaW9uIjoiMTQiLCJpZFRlbXBvcmFkYSI6IjY4IiwiaWRUb3JuZW8iOiIyIiwiaWRDbHVibG9jYWwiOiIxMTE4MyIsImlkQ2x1YnZpc2l0YSI6IjExMTgxIiwiaWRQYXJ0aWRvIjoiODgzNDEiLCJwZXN0YW5hIjoiMSJ9/minuto-a-minuto-m-morelia-vs-cruz-azul-jornada-7-estadio-jose-maria-morelos-y-pavon', 'text': ''}","{'type': 'link', 'href': 'https://www.ligafemenil.mx/cancha/mxm/88341/eyJpZERpdmlzaW9uIjoiMTQiLCJpZFRlbXBvcmFkYSI6IjY4IiwiaWRUb3JuZW8iOiIyIiwiaWRDbHVibG9jYWwiOiIxMTE4MyIsImlkQ2x1YnZpc2l0YSI6IjExMTgxIiwiaWRQYXJ0aWRvIjoiODgzNDEiLCJwZXN0YW5hIjoiMyJ9/minuto-a-minuto-m-morelia-vs-cruz-azul-jornada-7-estadio-jose-maria-morelos-y-pavon', 'text': ''}","{'type': 'link', 'href': 'https://www.ligafemenil.mx/cancha/informeArbitral/88341/eyJpZERpdmlzaW9uIjoiMTQiLCJpZFRlbXBvcmFkYSI6IjY4IiwiaWRUb3JuZW8iOiIyIiwiaWRDbHVibG9jYWwiOiIxMTE4MyIsImlkQ2x1YnZpc2l0YSI6IjExMTgxIn0=/informe-arbitral-m-morelia-vs-cruz-azul-jornada-7-estadio-jose-maria-morelos-y-pavon', 'text': ''}","{'type': 'link', 'href': 'https://www.ligafemenil.mx/cancha/mxm/88341/eyJpZERpdmlzaW9uIjoiMTQiLCJpZFRlbXBvcmFkYSI6IjY4IiwiaWRUb3JuZW8iOiIyIiwiaWRDbHVibG9jYWwiOiIxMTE4MyIsImlkQ2x1YnZpc2l0YSI6IjExMTgxIiwiaWRQYXJ0aWRvIjoiODgzNDEiLCJwZXN0YW5hIjoiNCJ9/minuto-a-minuto-m-morelia-vs-cruz-azul-jornada-7-estadio-jose-maria-morelos-y-pavon', 'text': ''}","{'type': 'link', 'href': 'https://www.ligafemenil.mx/cancha/galeria/ODgzNDEvNy82OC8yLzE0/m-morelia-vs-cruz-azul', 'text': ''}","{'type': 'link', 'href': 'https://www.ligafemenil.mx/cancha/playlist/88341/m-morelia-vs-cruz-azul', 'text': ''}"
2017-2018,Clausura,"{'type': 'text', 'value': 'Lunes 19 de Febrero de 2018\nTemporada 2017-2018\nTorneo Clausura\nJornada 7\n19 Febrero 2018 - 18:00 hrs.'}","{'type': 'link', 'href': 'https://www.ligafemenil.mx/cancha/club/11187/toluca', 'text': ''}","{'type': 'link', 'href': 'https://www.ligafemenil.mx/cancha/informeArbitral/88360/eyJpZERpdmlzaW9uIjoiMTQiLCJpZFRlbXBvcmFkYSI6IjY4IiwiaWRUb3JuZW8iOiIyIiwiaWRDbHVibG9jYWwiOjExMTg3LCJpZENsdWJ2aXNpdGEiOjExMTg0fQ==/informe-arbitral-toluca-vs-pachuca-jornada-7-estadio-nemesio-diez-tdn', 'text': '0 - 3'}","{'type': 'link', 'href': 'https://www.ligafemenil.mx/cancha/club/11184/pachuca', 'text': ''}","{'type': 'link', 'href': 'https://www.ligafemenil.mx/cancha/estadio/6/estadio-nemesio-diez', 'text': 'Nemesio Diez'}","{'type': 'link', 'href': 'https://www.ligafemenil.mx/cancha/mxm/88360/eyJpZERpdmlzaW9uIjoiMTQiLCJpZFRlbXBvcmFkYSI6IjY4IiwiaWRUb3JuZW8iOiIyIiwiaWRDbHVibG9jYWwiOiIxMTE4NyIsImlkQ2x1YnZpc2l0YSI6IjExMTg0IiwiaWRQYXJ0aWRvIjoiODgzNjAiLCJwZXN0YW5hIjoiMSJ9/minuto-a-minuto-toluca-vs-pachuca-jornada-7-estadio-nemesio-diez-tdn', 'text': ''}","{'type': 'link', 'href': 'https://www.ligafemenil.mx/cancha/mxm/88360/eyJpZERpdmlzaW9uIjoiMTQiLCJpZFRlbXBvcmFkYSI6IjY4IiwiaWRUb3JuZW8iOiIyIiwiaWRDbHVibG9jYWwiOiIxMTE4NyIsImlkQ2x1YnZpc2l0YSI6IjExMTg0IiwiaWRQYXJ0aWRvIjoiODgzNjAiLCJwZXN0YW5hIjoiMyJ9/minuto-a-minuto-toluca-vs-pachuca-jornada-7-estadio-nemesio-diez-tdn', 'text': ''}","{'type': 'link', 'href': 'https://www.ligafemenil.mx/cancha/informeArbitral/88360/eyJpZERpdmlzaW9uIjoiMTQiLCJpZFRlbXBvcmFkYSI6IjY4IiwiaWRUb3JuZW8iOiIyIiwiaWRDbHVibG9jYWwiOiIxMTE4NyIsImlkQ2x1YnZpc2l0YSI6IjExMTg0In0=/informe-arbitral-toluca-vs-pachuca-jornada-7-estadio-nemesio-diez-tdn', 'text': ''}","{'type': 'link', 'href': 'https://www.ligafemenil.mx/cancha/mxm/88360/eyJpZERpdmlzaW9uIjoiMTQiLCJpZFRlbXBvcmFkYSI6IjY4IiwiaWRUb3JuZW8iOiIyIiwiaWRDbHVibG9jYWwiOiIxMTE4NyIsImlkQ2x1YnZpc2l0YSI6IjExMTg0IiwiaWRQYXJ0aWRvIjoiODgzNjAiLCJwZXN0YW5hIjoiNCJ9/minuto-a-minuto-toluca-vs-pachuca-jornada-7-estadio-nemesio-diez-tdn', 'text': ''}","{'type': 'link', 'href': 'https://www.ligafemenil.mx/cancha/galeria/ODgzNjAvNy82OC8yLzE0/toluca-vs-pachuca', 'text': ''}","{'type': 'link', 'href': 'https://www.ligafemenil.mx/cancha/playlist/88360/toluca-vs-pachuca', 'text': ''}"
2017-2018,Clausura,"{'type': 'text', 'value': 'Lunes 19 de Febrero de 2018\nTemporada 2017-2018\nTorneo Clausura\nJornada 7\n19 Febrero 2018 - 20:00 hrs.'}","{'type': 'link', 'href': 'https://www.ligafemenil.mx/cancha/club/11186/tigres-de-la-uanl', 'text': ''}","{'type': 'link', 'href': 'https://www.ligafemenil.mx/cancha/informeArbitral/88429/eyJpZERpdmlzaW9uIjoiMTQiLCJpZFRlbXBvcmFkYSI6IjY4IiwiaWRUb3JuZW8iOiIyIiwiaWRDbHVibG9jYWwiOjExMTg2LCJpZENsdWJ2aXNpdGEiOjExMTg1fQ==/informe-arbitral-tigres-de-la-uanl-vs-rayados-de-monterrey-jornada-7-estadio-universitario-tdn', 'text': '0 - 2'}","{'type': 'link', 'href': 'https://www.ligafemenil.mx/cancha/club/11185/rayados-de-monterrey', 'text': ''}","{'type': 'link', 'href': 'https://www.ligafemenil.mx/cancha/estadio/12/estadio-universitario', 'text': 'Universitario'}","{'type': 'link', 'href': 'https://www.ligafemenil.mx/cancha/mxm/88429/eyJpZERpdmlzaW9uIjoiMTQiLCJpZFRlbXBvcmFkYSI6IjY4IiwiaWRUb3JuZW8iOiIyIiwiaWRDbHVibG9jYWwiOiIxMTE4NiIsImlkQ2x1YnZpc2l0YSI6IjExMTg1IiwiaWRQYXJ0aWRvIjoiODg0MjkiLCJwZXN0YW5hIjoiMSJ9/minuto-a-minuto-tigres-de-la-uanl-vs-rayados-de-monterrey-jornada-7-estadio-universitario-tdn', 'text': ''}","{'type': 'link', 'href': 'https://www.ligafemenil.mx/cancha/mxm/88429/eyJpZERpdmlzaW9uIjoiMTQiLCJpZFRlbXBvcmFkYSI6IjY4IiwiaWRUb3JuZW8iOiIyIiwiaWRDbHVibG9jYWwiOiIxMTE4NiIsImlkQ2x1YnZpc2l0YSI6IjExMTg1IiwiaWRQYXJ0aWRvIjoiODg0MjkiLCJwZXN0YW5hIjoiMyJ9/minuto-a-minuto-tigres-de-la-uanl-vs-rayados-de-monterrey-jornada-7-estadio-universitario-tdn', 'text': ''}","{'type': 'link', 'href': 'https://www.ligafemenil.mx/cancha/informeArbitral/88429/eyJpZERpdmlzaW9uIjoiMTQiLCJpZFRlbXBvcmFkYSI6IjY4IiwiaWRUb3JuZW8iOiIyIiwiaWRDbHVibG9jYWwiOiIxMTE4NiIsImlkQ2x1YnZpc2l0YSI6IjExMTg1In0=/informe-arbitral-tigres-de-la-uanl-vs-rayados-de-monterrey-jornada-7-estadio-universitario-tdn', 'text': ''}","{'type': 'link', 'href': 'https://www.ligafemenil.mx/cancha/mxm/88429/eyJpZERpdmlzaW9uIjoiMTQiLCJpZFRlbXBvcmFkYSI6IjY4IiwiaWRUb3JuZW8iOiIyIiwiaWRDbHVibG9jYWwiOiIxMTE4NiIsImlkQ2x1YnZpc2l0YSI6IjExMTg1IiwiaWRQYXJ0aWRvIjoiODg0MjkiLCJwZXN0YW5hIjoiNCJ9/minuto-a-minuto-tigres-de-la-uanl-vs-rayados-de-monterrey-jornada-7-estadio-universitario-tdn', 'text': ''}","{'type': 'link', 'href': 'https://www.ligafemenil.mx/cancha/galeria/ODg0MjkvNy82OC8yLzE0/tigres-de-la-uanl-vs-rayados-de-monterrey', 'text': ''}","{'type': 'link', 'href': 'https://www.ligafemenil.mx/cancha/playlist/88429/tigres-de-la-uanl-vs-rayados-de-monterrey', 'text': ''}"
2017-2018,Clausura,"{'type': 'text', 'value': 'Lunes 19 de Febrero de 2018\nTemporada 2017-2018\nTorneo Clausura\nJornada 7\n19 Febrero 2018 - 21:00 hrs.'}","{'type': 'link', 'href': 'https://www.ligafemenil.mx/cancha/club/11243/leon', 'text': ''}","{'type': 'link', 'href': 'https://www.ligafemenil.mx/cancha/informeArbitral/88428/eyJpZERpdmlzaW9uIjoiMTQiLCJpZFRlbXBvcmFkYSI6IjY4IiwiaWRUb3JuZW8iOiIyIiwiaWRDbHVibG9jYWwiOjExMjQzLCJpZENsdWJ2aXNpdGEiOjExMTgyfQ==/informe-arbitral-leon-vs-guadalajara-jornada-7-estadio-nou-camp-fox-sports', 'text': '0 - 3'}","{'type': 'link', 'href': 'https://www.ligafemenil.mx/cancha/club/11182/guadalajara', 'text': ''}","{'type': 'link', 'href': 'https://www.ligafemenil.mx/cancha/estadio/23/estadio-nou-camp', 'text': 'Nou Camp'}","{'type': 'link', 'href': 'https://www.ligafemenil.mx/cancha/mxm/88428/eyJpZERpdmlzaW9uIjoiMTQiLCJpZFRlbXBvcmFkYSI6IjY4IiwiaWRUb3JuZW8iOiIyIiwiaWRDbHVibG9jYWwiOiIxMTI0MyIsImlkQ2x1YnZpc2l0YSI6IjExMTgyIiwiaWRQYXJ0aWRvIjoiODg0MjgiLCJwZXN0YW5hIjoiMSJ9/minuto-a-minuto-leon-vs-guadalajara-jornada-7-estadio-nou-camp-fox-sports', 'text': ''}","{'type': 'link', 'href': 'https://www.ligafemenil.mx/cancha/mxm/88428/eyJpZERpdmlzaW9uIjoiMTQiLCJpZFRlbXBvcmFkYSI6IjY4IiwiaWRUb3JuZW8iOiIyIiwiaWRDbHVibG9jYWwiOiIxMTI0MyIsImlkQ2x1YnZpc2l0YSI6IjExMTgyIiwiaWRQYXJ0aWRvIjoiODg0MjgiLCJwZXN0YW5hIjoiMyJ9/minuto-a-minuto-leon-vs-guadalajara-jornada-7-estadio-nou-camp-fox-sports', 'text': ''}","{'type': 'link', 'href': 'https://www.ligafemenil.mx/cancha/informeArbitral/88428/eyJpZERpdmlzaW9uIjoiMTQiLCJpZFRlbXBvcmFkYSI6IjY4IiwiaWRUb3JuZW8iOiIyIiwiaWRDbHVibG9jYWwiOiIxMTI0MyIsImlkQ2x1YnZpc2l0YSI6IjExMTgyIn0=/informe-arbitral-leon-vs-guadalajara-jornada-7-estadio-nou-camp-fox-sports', 'text': ''}","{'type': 'link', 'href': 'https://www.ligafemenil.mx/cancha/mxm/88428/eyJpZERpdmlzaW9uIjoiMTQiLCJpZFRlbXBvcmFkYSI6IjY4IiwiaWRUb3JuZW8iOiIyIiwiaWRDbHVibG9jYWwiOiIxMTI0MyIsImlkQ2x1YnZpc2l0YSI6IjExMTgyIiwiaWRQYXJ0aWRvIjoiODg0MjgiLCJwZXN0YW5hIjoiNCJ9/minuto-a-minuto-leon-vs-guadalajara-jornada-7-estadio-nou-camp-fox-sports', 'text': ''}","{'type': 'link', 'href': 'https://www.ligafemenil.mx/cancha/galeria/ODg0MjgvNy82OC8yLzE0/leon-vs-guadalajara', 'text': ''}","{'type': 'link', 'href': 'https://www.ligafemenil.mx/cancha/playlist/88428/leon-vs-guadalajara', 'text': ''}"
2017-2018,Clausura,"{'type': 'text', 'value': 'Lunes 19 de Febrero de 2018\nTemporada 2017-2018\nTorneo Clausura\nJornada 7\n19 Febrero 2018 - 21:00 hrs.'}","{'type': 'link', 'href': 'https://www.ligafemenil.mx/cancha/club/11192/santos-laguna', 'text': ''}","{'type': 'link', 'href': 'https://www.ligafemenil.mx/cancha/informeArbitral/88434/eyJpZERpdmlzaW9uIjoiMTQiLCJpZFRlbXBvcmFkYSI6IjY4IiwiaWRUb3JuZW8iOiIyIiwiaWRDbHVibG9jYWwiOjExMTkyLCJpZENsdWJ2aXNpdGEiOjExMTg5fQ==/informe-arbitral-santos-laguna-vs-necaxa-jornada-7-estadio-tsm-corona', 'text': '2 - 0'}","{'type': 'link', 'href': 'https://www.ligafemenil.mx/cancha/club/11189/necaxa', 'text': ''}","{'type': 'link', 'href': 'https://www.ligafemenil.mx/cancha/estadio/63/estadio-tsm-corona', 'text': 'TSM Corona'}","{'type': 'link', 'href': 'https://www.ligafemenil.mx/cancha/mxm/88434/eyJpZERpdmlzaW9uIjoiMTQiLCJpZFRlbXBvcmFkYSI6IjY4IiwiaWRUb3JuZW8iOiIyIiwiaWRDbHVibG9jYWwiOiIxMTE5MiIsImlkQ2x1YnZpc2l0YSI6IjExMTg5IiwiaWRQYXJ0aWRvIjoiODg0MzQiLCJwZXN0YW5hIjoiMSJ9/minuto-a-minuto-santos-laguna-vs-necaxa-jornada-7-estadio-tsm-corona', 'text': ''}","{'type': 'link', 'href': 'https://www.ligafemenil.mx/cancha/mxm/88434/eyJpZERpdmlzaW9uIjoiMTQiLCJpZFRlbXBvcmFkYSI6IjY4IiwiaWRUb3JuZW8iOiIyIiwiaWRDbHVibG9jYWwiOiIxMTE5MiIsImlkQ2x1YnZpc2l0YSI6IjExMTg5IiwiaWRQYXJ0aWRvIjoiODg0MzQiLCJwZXN0YW5hIjoiMyJ9/minuto-a-minuto-santos-laguna-vs-necaxa-jornada-7-estadio-tsm-corona', 'text': ''}","{'type': 'link', 'href': 'https://www.ligafemenil.mx/cancha/informeArbitral/88434/eyJpZERpdmlzaW9uIjoiMTQiLCJpZFRlbXBvcmFkYSI6IjY4IiwiaWRUb3JuZW8iOiIyIiwiaWRDbHVibG9jYWwiOiIxMTE5MiIsImlkQ2x1YnZpc2l0YSI6IjExMTg5In0=/informe-arbitral-santos-laguna-vs-necaxa-jornada-7-estadio-tsm-corona', 'text': ''}","{'type': 'link', 'href': 'https://www.ligafemenil.mx/cancha/mxm/88434/eyJpZERpdmlzaW9uIjoiMTQiLCJpZFRlbXBvcmFkYSI6IjY4IiwiaWRUb3JuZW8iOiIyIiwiaWRDbHVibG9jYWwiOiIxMTE5MiIsImlkQ2x1YnZpc2l0YSI6IjExMTg5IiwiaWRQYXJ0aWRvIjoiODg0MzQiLCJwZXN0YW5hIjoiNCJ9/minuto-a-minuto-santos-laguna-vs-necaxa-jornada-7-estadio-tsm-corona', 'text': ''}","{'type': 'link', 'href': 'https://www.ligafemenil.mx/cancha/galeria/ODg0MzQvNy82OC8yLzE0/santos-laguna-vs-necaxa', 'text': ''}","{'type': 'link', 'href': 'https://www.ligafemenil.mx/cancha/playlist/88434/santos-laguna-vs-necaxa', 'text': ''}"
2017-2018,Clausura,"{'type': 'text', 'value': 'Lunes 19 de Febrero de 2018\nTemporada 2017-2018\nTorneo Clausura\nJornada 7\n19 Febrero 2018 - 19:00 hrs.'}","{'type': 'link', 'href': 'https://www.ligafemenil.mx/cancha/club/11180/tijuana', 'text': ''}","{'type': 'link', 'href': 'https://www.ligafemenil.mx/cancha/informeArbitral/88361/eyJpZERpdmlzaW9uIjoiMTQiLCJpZFRlbXBvcmFkYSI6IjY4IiwiaWRUb3JuZW8iOiIyIiwiaWRDbHVibG9jYWwiOjExMTgwLCJpZENsdWJ2aXNpdGEiOjExMjQyfQ==/informe-arbitral-tijuana-vs-veracruz-jornada-7-estadio-caliente', 'text': '1 - 1'}","{'type': 'link', 'href': 'https://www.ligafemenil.mx/cancha/club/11242/veracruz', 'text': ''}","{'type': 'link', 'href': 'https://www.ligafemenil.mx/cancha/estadio/48/estadio-caliente', 'text': 'Caliente'}","{'type': 'link', 'href': 'https://www.ligafemenil.mx/cancha/mxm/88361/eyJpZERpdmlzaW9uIjoiMTQiLCJpZFRlbXBvcmFkYSI6IjY4IiwiaWRUb3JuZW8iOiIyIiwiaWRDbHVibG9jYWwiOiIxMTE4MCIsImlkQ2x1YnZpc2l0YSI6IjExMjQyIiwiaWRQYXJ0aWRvIjoiODgzNjEiLCJwZXN0YW5hIjoiMSJ9/minuto-a-minuto-tijuana-vs-veracruz-jornada-7-estadio-caliente', 'text': ''}","{'type': 'link', 'href': 'https://www.ligafemenil.mx/cancha/mxm/88361/eyJpZERpdmlzaW9uIjoiMTQiLCJpZFRlbXBvcmFkYSI6IjY4IiwiaWRUb3JuZW8iOiIyIiwiaWRDbHVibG9jYWwiOiIxMTE4MCIsImlkQ2x1YnZpc2l0YSI6IjExMjQyIiwiaWRQYXJ0aWRvIjoiODgzNjEiLCJwZXN0YW5hIjoiMyJ9/minuto-a-minuto-tijuana-vs-veracruz-jornada-7-estadio-caliente', 'text': ''}","{'type': 'link', 'href': 'https://www.ligafemenil.mx/cancha/informeArbitral/88361/eyJpZERpdmlzaW9uIjoiMTQiLCJpZFRlbXBvcmFkYSI6IjY4IiwiaWRUb3JuZW8iOiIyIiwiaWRDbHVibG9jYWwiOiIxMTE4MCIsImlkQ2x1YnZpc2l0YSI6IjExMjQyIn0=/informe-arbitral-tijuana-vs-veracruz-jornada-7-estadio-caliente', 'text': ''}","{'type': 'link', 'href': 'https://www.ligafemenil.mx/cancha/mxm/88361/eyJpZERpdmlzaW9uIjoiMTQiLCJpZFRlbXBvcmFkYSI6IjY4IiwiaWRUb3JuZW8iOiIyIiwiaWRDbHVibG9jYWwiOiIxMTE4MCIsImlkQ2x1YnZpc2l0YSI6IjExMjQyIiwiaWRQYXJ0aWRvIjoiODgzNjEiLCJwZXN0YW5hIjoiNCJ9/minuto-a-minuto-tijuana-vs-veracruz-jornada-7-estadio-caliente', 'text': ''}","{'type': 'link', 'href': 'https://www.ligafemenil.mx/cancha/galeria/ODgzNjEvNy82OC8yLzE0/tijuana-vs-veracruz', 'text': ''}","{'type': 'link', 'href': 'https://www.ligafemenil.mx/cancha/playlist/88361/tijuana-vs-veracruz', 'text': ''}"
2017-2018,Clausura,"{'type': 'text', 'value': 'Sábado 24 de Febrero de 2018\nTemporada 2017-2018\nTorneo Clausura\nJornada 8\n24 Febrero 2018 - 12:00 hrs.'}","{'type': 'link', 'href': 'https://www.ligafemenil.mx/cancha/club/11188/pumas', 'text': ''}","{'type': 'link', 'href': 'https://www.ligafemenil.mx/cancha/informeArbitral/88390/eyJpZERpdmlzaW9uIjoiMTQiLCJpZFRlbXBvcmFkYSI6IjY4IiwiaWRUb3JuZW8iOiIyIiwiaWRDbHVibG9jYWwiOjExMTg4LCJpZENsdWJ2aXNpdGEiOjExMTgxfQ==/informe-arbitral-pumas-vs-cruz-azul-jornada-8-estadio-la-cantera-cancha-1-tdn', 'text': '3 - 0'}","{'type': 'link', 'href': 'https://www.ligafemenil.mx/cancha/club/11181/cruz-azul', 'text': ''}","{'type': 'link', 'href': 'https://www.ligafemenil.mx/cancha/estadio/1146/estadio-la-cantera-cancha-1', 'text': 'La Cantera Cancha 1'}","{'type': 'link', 'href': 'https://www.ligafemenil.mx/cancha/mxm/88390/eyJpZERpdmlzaW9uIjoiMTQiLCJpZFRlbXBvcmFkYSI6IjY4IiwiaWRUb3JuZW8iOiIyIiwiaWRDbHVibG9jYWwiOiIxMTE4OCIsImlkQ2x1YnZpc2l0YSI6IjExMTgxIiwiaWRQYXJ0aWRvIjoiODgzOTAiLCJwZXN0YW5hIjoiMSJ9/minuto-a-minuto-pumas-vs-cruz-azul-jornada-8-estadio-la-cantera-cancha-1-tdn', 'text': ''}","{'type': 'link', 'href': 'https://www.ligafemenil.mx/cancha/mxm/88390/eyJpZERpdmlzaW9uIjoiMTQiLCJpZFRlbXBvcmFkYSI6IjY4IiwiaWRUb3JuZW8iOiIyIiwiaWRDbHVibG9jYWwiOiIxMTE4OCIsImlkQ2x1YnZpc2l0YSI6IjExMTgxIiwiaWRQYXJ0aWRvIjoiODgzOTAiLCJwZXN0YW5hIjoiMyJ9/minuto-a-minuto-pumas-vs-cruz-azul-jornada-8-estadio-la-cantera-cancha-1-tdn', 'text': ''}","{'type': 'link', 'href': 'https://www.ligafemenil.mx/cancha/informeArbitral/88390/eyJpZERpdmlzaW9uIjoiMTQiLCJpZFRlbXBvcmFkYSI6IjY4IiwiaWRUb3JuZW8iOiIyIiwiaWRDbHVibG9jYWwiOiIxMTE4OCIsImlkQ2x1YnZpc2l0YSI6IjExMTgxIn0=/informe-arbitral-pumas-vs-cruz-azul-jornada-8-estadio-la-cantera-cancha-1-tdn', 'text': ''}","{'type': 'link', 'href': 'https://www.ligafemenil.mx/cancha/mxm/88390/eyJpZERpdmlzaW9uIjoiMTQiLCJpZFRlbXBvcmFkYSI6IjY4IiwiaWRUb3JuZW8iOiIyIiwiaWRDbHVibG9jYWwiOiIxMTE4OCIsImlkQ2x1YnZpc2l0YSI6IjExMTgxIiwiaWRQYXJ0aWRvIjoiODgzOTAiLCJwZXN0YW5hIjoiNCJ9/minuto-a-minuto-pumas-vs-cruz-azul-jornada-8-estadio-la-cantera-cancha-1-tdn', 'text': ''}","{'type': 'link', 'href': 'https://www.ligafemenil.mx/cancha/galeria/ODgzOTAvOC82OC8yLzE0/pumas-vs-cruz-azul', 'text': ''}","{'type': 'link', 'href': 'https://www.ligafemenil.mx/cancha/playlist/88390/pumas-vs-cruz-azul', 'text': ''}"
2017-2018,Clausura,"{'type': 'text', 'value': 'Sábado 24 de Febrero de 2018\nTemporada 2017-2018\nTorneo Clausura\nJornada 8\n24 Febrero 2018 - 12:30 hrs.'}","{'type': 'link', 'href': 'https://www.ligafemenil.mx/cancha/club/11183/m-morelia', 'text': ''}","{'type': 'link', 'href': 'https://www.ligafemenil.mx/cancha/informeArbitral/88366/eyJpZERpdmlzaW9uIjoiMTQiLCJpZFRlbXBvcmFkYSI6IjY4IiwiaWRUb3JuZW8iOiIyIiwiaWRDbHVibG9jYWwiOjExMTgzLCJpZENsdWJ2aXNpdGEiOjExMTgwfQ==/informe-arbitral-m-morelia-vs-tijuana-jornada-8-estadio-jose-maria-morelos-y-pavon', 'text': '0 - 1'}","{'type': 'link', 'href': 'https://www.ligafemenil.mx/cancha/club/11180/tijuana', 'text': ''}","{'type': 'link', 'href': 'https://www.ligafemenil.mx/cancha/estadio/10/estadio-jose-maria-morelos-y-pavon', 'text': 'José María Morelos y Pavón'}","{'type': 'link', 'href': 'https://www.ligafemenil.mx/cancha/mxm/88366/eyJpZERpdmlzaW9uIjoiMTQiLCJpZFRlbXBvcmFkYSI6IjY4IiwiaWRUb3JuZW8iOiIyIiwiaWRDbHVibG9jYWwiOiIxMTE4MyIsImlkQ2x1YnZpc2l0YSI6IjExMTgwIiwiaWRQYXJ0aWRvIjoiODgzNjYiLCJwZXN0YW5hIjoiMSJ9/minuto-a-minuto-m-morelia-vs-tijuana-jornada-8-estadio-jose-maria-morelos-y-pavon', 'text': ''}","{'type': 'link', 'href': 'https://www.ligafemenil.mx/cancha/mxm/88366/eyJpZERpdmlzaW9uIjoiMTQiLCJpZFRlbXBvcmFkYSI6IjY4IiwiaWRUb3JuZW8iOiIyIiwiaWRDbHVibG9jYWwiOiIxMTE4MyIsImlkQ2x1YnZpc2l0YSI6IjExMTgwIiwiaWRQYXJ0aWRvIjoiODgzNjYiLCJwZXN0YW5hIjoiMyJ9/minuto-a-minuto-m-morelia-vs-tijuana-jornada-8-estadio-jose-maria-morelos-y-pavon', 'text': ''}","{'type': 'link', 'href': 'https://www.ligafemenil.mx/cancha/informeArbitral/88366/eyJpZERpdmlzaW9uIjoiMTQiLCJpZFRlbXBvcmFkYSI6IjY4IiwiaWRUb3JuZW8iOiIyIiwiaWRDbHVibG9jYWwiOiIxMTE4MyIsImlkQ2x1YnZpc2l0YSI6IjExMTgwIn0=/informe-arbitral-m-morelia-vs-tijuana-jornada-8-estadio-jose-maria-morelos-y-pavon', 'text': ''}","{'type': 'link', 'href': 'https://www.ligafemenil.mx/cancha/mxm/88366/eyJpZERpdmlzaW9uIjoiMTQiLCJpZFRlbXBvcmFkYSI6IjY4IiwiaWRUb3JuZW8iOiIyIiwiaWRDbHVibG9jYWwiOiIxMTE4MyIsImlkQ2x1YnZpc2l0YSI6IjExMTgwIiwiaWRQYXJ0aWRvIjoiODgzNjYiLCJwZXN0YW5hIjoiNCJ9/minuto-a-minuto-m-morelia-vs-tijuana-jornada-8-estadio-jose-maria-morelos-y-pavon', 'text': ''}","{'type': 'link', 'href': 'https://www.ligafemenil.mx/cancha/galeria/ODgzNjYvOC82OC8yLzE0/m-morelia-vs-tijuana', 'text': ''}","{'type': 'link', 'href': 'https://www.ligafemenil.mx/cancha/playlist/88366/m-morelia-vs-tijuana', 'text': ''}"
2017-2018,Clausura,"{'type': 'text', 'value': 'Domingo 25 de Febrero de 2018\nTemporada 2017-2018\nTorneo Clausura\nJornada 8\n25 Febrero 2018 - 09:00 hrs.'}","{'type': 'link', 'href': 'https://www.ligafemenil.mx/cancha/club/11182/guadalajara', 'text': ''}","{'type': 'link', 'href': 'https://www.ligafemenil.mx/cancha/informeArbitral/88383/eyJpZERpdmlzaW9uIjoiMTQiLCJpZFRlbXBvcmFkYSI6IjY4IiwiaWRUb3JuZW8iOiIyIiwiaWRDbHVibG9jYWwiOjExMTgyLCJpZENsdWJ2aXNpdGEiOjExMjQ0fQ==/informe-arbitral-guadalajara-vs-queretaro-jornada-8-estadio-verde-valle-chivas-tv', 'text': '2 - 0'}","{'type': 'link', 'href': 'https://www.ligafemenil.mx/cancha/club/11244/queretaro', 'text': ''}","{'type': 'link', 'href': 'https://www.ligafemenil.mx/cancha/estadio/36/estadio-verde-valle', 'text': 'Verde Valle'}","{'type': 'link', 'href': 'https://www.ligafemenil.mx/cancha/mxm/88383/eyJpZERpdmlzaW9uIjoiMTQiLCJpZFRlbXBvcmFkYSI6IjY4IiwiaWRUb3JuZW8iOiIyIiwiaWRDbHVibG9jYWwiOiIxMTE4MiIsImlkQ2x1YnZpc2l0YSI6IjExMjQ0IiwiaWRQYXJ0aWRvIjoiODgzODMiLCJwZXN0YW5hIjoiMSJ9/minuto-a-minuto-guadalajara-vs-queretaro-jornada-8-estadio-verde-valle-chivas-tv', 'text': ''}","{'type': 'link', 'href': 'https://www.ligafemenil.mx/cancha/mxm/88383/eyJpZERpdmlzaW9uIjoiMTQiLCJpZFRlbXBvcmFkYSI6IjY4IiwiaWRUb3JuZW8iOiIyIiwiaWRDbHVibG9jYWwiOiIxMTE4MiIsImlkQ2x1YnZpc2l0YSI6IjExMjQ0IiwiaWRQYXJ0aWRvIjoiODgzODMiLCJwZXN0YW5hIjoiMyJ9/minuto-a-minuto-guadalajara-vs-queretaro-jornada-8-estadio-verde-valle-chivas-tv', 'text': ''}","{'type': 'link', 'href': 'https://www.ligafemenil.mx/cancha/informeArbitral/88383/eyJpZERpdmlzaW9uIjoiMTQiLCJpZFRlbXBvcmFkYSI6IjY4IiwiaWRUb3JuZW8iOiIyIiwiaWRDbHVibG9jYWwiOiIxMTE4MiIsImlkQ2x1YnZpc2l0YSI6IjExMjQ0In0=/informe-arbitral-guadalajara-vs-queretaro-jornada-8-estadio-verde-valle-chivas-tv', 'text': ''}","{'type': 'link', 'href': 'https://www.ligafemenil.mx/cancha/mxm/88383/eyJpZERpdmlzaW9uIjoiMTQiLCJpZFRlbXBvcmFkYSI6IjY4IiwiaWRUb3JuZW8iOiIyIiwiaWRDbHVibG9jYWwiOiIxMTE4MiIsImlkQ2x1YnZpc2l0YSI6IjExMjQ0IiwiaWRQYXJ0aWRvIjoiODgzODMiLCJwZXN0YW5hIjoiNCJ9/minuto-a-minuto-guadalajara-vs-queretaro-jornada-8-estadio-verde-valle-chivas-tv', 'text': ''}","{'type': 'link', 'href': 'https://www.ligafemenil.mx/cancha/galeria/ODgzODMvOC82OC8yLzE0/guadalajara-vs-queretaro', 'text': ''}","{'type': 'link', 'href': 'https://www.ligafemenil.mx/cancha/playlist/88383/guadalajara-vs-queretaro', 'text': ''}"
2017-2018,Clausura,"{'type': 'text', 'value': 'Lunes 26 de Febrero de 2018\nTemporada 2017-2018\nTorneo Clausura\nJornada 8\n26 Febrero 2018 - 18:00 hrs.'}","{'type': 'link', 'href': 'https://www.ligafemenil.mx/cancha/club/11187/toluca', 'text': ''}","{'type': 'link', 'href': 'https://www.ligafemenil.mx/cancha/informeArbitral/88335/eyJpZERpdmlzaW9uIjoiMTQiLCJpZFRlbXBvcmFkYSI6IjY4IiwiaWRUb3JuZW8iOiIyIiwiaWRDbHVibG9jYWwiOjExMTg3LCJpZENsdWJ2aXNpdGEiOjExMTkxfQ==/informe-arbitral-toluca-vs-america-jornada-8-estadio-nemesio-diez-tdn', 'text': '1 - 1'}","{'type': 'link', 'href': 'https://www.ligafemenil.mx/cancha/club/11191/america', 'text': ''}","{'type': 'link', 'href': 'https://www.ligafemenil.mx/cancha/estadio/6/estadio-nemesio-diez', 'text': 'Nemesio Diez'}","{'type': 'link', 'href': 'https://www.ligafemenil.mx/cancha/mxm/88335/eyJpZERpdmlzaW9uIjoiMTQiLCJpZFRlbXBvcmFkYSI6IjY4IiwiaWRUb3JuZW8iOiIyIiwiaWRDbHVibG9jYWwiOiIxMTE4NyIsImlkQ2x1YnZpc2l0YSI6IjExMTkxIiwiaWRQYXJ0aWRvIjoiODgzMzUiLCJwZXN0YW5hIjoiMSJ9/minuto-a-minuto-toluca-vs-america-jornada-8-estadio-nemesio-diez-tdn', 'text': ''}","{'type': 'link', 'href': 'https://www.ligafemenil.mx/cancha/mxm/88335/eyJpZERpdmlzaW9uIjoiMTQiLCJpZFRlbXBvcmFkYSI6IjY4IiwiaWRUb3JuZW8iOiIyIiwiaWRDbHVibG9jYWwiOiIxMTE4NyIsImlkQ2x1YnZpc2l0YSI6IjExMTkxIiwiaWRQYXJ0aWRvIjoiODgzMzUiLCJwZXN0YW5hIjoiMyJ9/minuto-a-minuto-toluca-vs-america-jornada-8-estadio-nemesio-diez-tdn', 'text': ''}","{'type': 'link', 'href': 'https://www.ligafemenil.mx/cancha/informeArbitral/88335/eyJpZERpdmlzaW9uIjoiMTQiLCJpZFRlbXBvcmFkYSI6IjY4IiwiaWRUb3JuZW8iOiIyIiwiaWRDbHVibG9jYWwiOiIxMTE4NyIsImlkQ2x1YnZpc2l0YSI6IjExMTkxIn0=/informe-arbitral-toluca-vs-america-jornada-8-estadio-nemesio-diez-tdn', 'text': ''}","{'type': 'link', 'href': 'https://www.ligafemenil.mx/cancha/mxm/88335/eyJpZERpdmlzaW9uIjoiMTQiLCJpZFRlbXBvcmFkYSI6IjY4IiwiaWRUb3JuZW8iOiIyIiwiaWRDbHVibG9jYWwiOiIxMTE4NyIsImlkQ2x1YnZpc2l0YSI6IjExMTkxIiwiaWRQYXJ0aWRvIjoiODgzMzUiLCJwZXN0YW5hIjoiNCJ9/minuto-a-minuto-toluca-vs-america-jornada-8-estadio-nemesio-diez-tdn', 'text': ''}","{'type': 'link', 'href': 'https://www.ligafemenil.mx/cancha/galeria/ODgzMzUvOC82OC8yLzE0/toluca-vs-america', 'text': ''}","{'type': 'link', 'href': 'https://www.ligafemenil.mx/cancha/playlist/88335/toluca-vs-america', 'text': ''}"
2017-2018,Clausura,"{'type': 'text', 'value': 'Lunes 26 de Febrero de 2018\nTemporada 2017-2018\nTorneo Clausura\nJornada 8\n26 Febrero 2018 - 19:00 hrs.'}","{'type': 'link', 'href': 'https://www.ligafemenil.mx/cancha/club/11184/pachuca', 'text': ''}","{'type': 'link', 'href': 'https://www.ligafemenil.mx/cancha/informeArbitral/88378/eyJpZERpdmlzaW9uIjoiMTQiLCJpZFRlbXBvcmFkYSI6IjY4IiwiaWRUb3JuZW8iOiIyIiwiaWRDbHVibG9jYWwiOjExMTg0LCJpZENsdWJ2aXNpdGEiOjExMjQyfQ==/informe-arbitral-pachuca-vs-veracruz-jornada-8-estadio-hidalgo', 'text': '0 - 0'}","{'type': 'link', 'href': 'https://www.ligafemenil.mx/cancha/club/11242/veracruz', 'text': ''}","{'type': 'link', 'href': 'https://www.ligafemenil.mx/cancha/estadio/11/estadio-hidalgo', 'text': 'Hidalgo'}","{'type': 'link', 'href': 'https://www.ligafemenil.mx/cancha/mxm/88378/eyJpZERpdmlzaW9uIjoiMTQiLCJpZFRlbXBvcmFkYSI6IjY4IiwiaWRUb3JuZW8iOiIyIiwiaWRDbHVibG9jYWwiOiIxMTE4NCIsImlkQ2x1YnZpc2l0YSI6IjExMjQyIiwiaWRQYXJ0aWRvIjoiODgzNzgiLCJwZXN0YW5hIjoiMSJ9/minuto-a-minuto-pachuca-vs-veracruz-jornada-8-estadio-hidalgo', 'text': ''}","{'type': 'link', 'href': 'https://www.ligafemenil.mx/cancha/mxm/88378/eyJpZERpdmlzaW9uIjoiMTQiLCJpZFRlbXBvcmFkYSI6IjY4IiwiaWRUb3JuZW8iOiIyIiwiaWRDbHVibG9jYWwiOiIxMTE4NCIsImlkQ2x1YnZpc2l0YSI6IjExMjQyIiwiaWRQYXJ0aWRvIjoiODgzNzgiLCJwZXN0YW5hIjoiMyJ9/minuto-a-minuto-pachuca-vs-veracruz-jornada-8-estadio-hidalgo', 'text': ''}","{'type': 'link', 'href': 'https://www.ligafemenil.mx/cancha/informeArbitral/88378/eyJpZERpdmlzaW9uIjoiMTQiLCJpZFRlbXBvcmFkYSI6IjY4IiwiaWRUb3JuZW8iOiIyIiwiaWRDbHVibG9jYWwiOiIxMTE4NCIsImlkQ2x1YnZpc2l0YSI6IjExMjQyIn0=/informe-arbitral-pachuca-vs-veracruz-jornada-8-estadio-hidalgo', 'text': ''}","{'type': 'link', 'href': 'https://www.ligafemenil.mx/cancha/mxm/88378/eyJpZERpdmlzaW9uIjoiMTQiLCJpZFRlbXBvcmFkYSI6IjY4IiwiaWRUb3JuZW8iOiIyIiwiaWRDbHVibG9jYWwiOiIxMTE4NCIsImlkQ2x1YnZpc2l0YSI6IjExMjQyIiwiaWRQYXJ0aWRvIjoiODgzNzgiLCJwZXN0YW5hIjoiNCJ9/minuto-a-minuto-pachuca-vs-veracruz-jornada-8-estadio-hidalgo', 'text': ''}","{'type': 'link', 'href': 'https://www.ligafemenil.mx/cancha/galeria/ODgzNzgvOC82OC8yLzE0/pachuca-vs-veracruz', 'text': ''}","{'type': 'link', 'href': 'https://www.ligafemenil.mx/cancha/playlist/88378/pachuca-vs-veracruz', 'text': ''}"
2017-2018,Clausura,"{'type': 'text', 'value': 'Lunes 26 de Febrero de 2018\nTemporada 2017-2018\nTorneo Clausura\nJornada 8\n26 Febrero 2018 - 20:00 hrs.'}","{'type': 'link', 'href': 'https://www.ligafemenil.mx/cancha/club/11186/tigres-de-la-uanl', 'text': ''}","{'type': 'link', 'href': 'https://www.ligafemenil.mx/cancha/informeArbitral/88323/eyJpZERpdmlzaW9uIjoiMTQiLCJpZFRlbXBvcmFkYSI6IjY4IiwiaWRUb3JuZW8iOiIyIiwiaWRDbHVibG9jYWwiOjExMTg2LCJpZENsdWJ2aXNpdGEiOjExMTg5fQ==/informe-arbitral-tigres-de-la-uanl-vs-necaxa-jornada-8-estadio-universitario-tdn', 'text': '4 - 0'}","{'type': 'link', 'href': 'https://www.ligafemenil.mx/cancha/club/11189/necaxa', 'text': ''}","{'type': 'link', 'href': 'https://www.ligafemenil.mx/cancha/estadio/12/estadio-universitario', 'text': 'Universitario'}","{'type': 'link', 'href': 'https://www.ligafemenil.mx/cancha/mxm/88323/eyJpZERpdmlzaW9uIjoiMTQiLCJpZFRlbXBvcmFkYSI6IjY4IiwiaWRUb3JuZW8iOiIyIiwiaWRDbHVibG9jYWwiOiIxMTE4NiIsImlkQ2x1YnZpc2l0YSI6IjExMTg5IiwiaWRQYXJ0aWRvIjoiODgzMjMiLCJwZXN0YW5hIjoiMSJ9/minuto-a-minuto-tigres-de-la-uanl-vs-necaxa-jornada-8-estadio-universitario-tdn', 'text': ''}","{'type': 'link', 'href': 'https://www.ligafemenil.mx/cancha/mxm/88323/eyJpZERpdmlzaW9uIjoiMTQiLCJpZFRlbXBvcmFkYSI6IjY4IiwiaWRUb3JuZW8iOiIyIiwiaWRDbHVibG9jYWwiOiIxMTE4NiIsImlkQ2x1YnZpc2l0YSI6IjExMTg5IiwiaWRQYXJ0aWRvIjoiODgzMjMiLCJwZXN0YW5hIjoiMyJ9/minuto-a-minuto-tigres-de-la-uanl-vs-necaxa-jornada-8-estadio-universitario-tdn', 'text': ''}","{'type': 'link', 'href': 'https://www.ligafemenil.mx/cancha/informeArbitral/88323/eyJpZERpdmlzaW9uIjoiMTQiLCJpZFRlbXBvcmFkYSI6IjY4IiwiaWRUb3JuZW8iOiIyIiwiaWRDbHVibG9jYWwiOiIxMTE4NiIsImlkQ2x1YnZpc2l0YSI6IjExMTg5In0=/informe-arbitral-tigres-de-la-uanl-vs-necaxa-jornada-8-estadio-universitario-tdn', 'text': ''}","{'type': 'link', 'href': 'https://www.ligafemenil.mx/cancha/mxm/88323/eyJpZERpdmlzaW9uIjoiMTQiLCJpZFRlbXBvcmFkYSI6IjY4IiwiaWRUb3JuZW8iOiIyIiwiaWRDbHVibG9jYWwiOiIxMTE4NiIsImlkQ2x1YnZpc2l0YSI6IjExMTg5IiwiaWRQYXJ0aWRvIjoiODgzMjMiLCJwZXN0YW5hIjoiNCJ9/minuto-a-minuto-tigres-de-la-uanl-vs-necaxa-jornada-8-estadio-universitario-tdn', 'text': ''}","{'type': 'link', 'href': 'https://www.ligafemenil.mx/cancha/galeria/ODgzMjMvOC82OC8yLzE0/tigres-de-la-uanl-vs-necaxa', 'text': ''}","{'type': 'link', 'href': 'https://www.ligafemenil.mx/cancha/playlist/88323/tigres-de-la-uanl-vs-necaxa', 'text': ''}"
2017-2018,Clausura,"{'type': 'text', 'value': 'Lunes 26 de Febrero de 2018\nTemporada 2017-2018\nTorneo Clausura\nJornada 8\n26 Febrero 2018 - 21:00 hrs.'}","{'type': 'link', 'href': 'https://www.ligafemenil.mx/cancha/club/11243/leon', 'text': ''}","{'type': 'link', 'href': 'https://www.ligafemenil.mx/cancha/informeArbitral/88330/eyJpZERpdmlzaW9uIjoiMTQiLCJpZFRlbXBvcmFkYSI6IjY4IiwiaWRUb3JuZW8iOiIyIiwiaWRDbHVibG9jYWwiOjExMjQzLCJpZENsdWJ2aXNpdGEiOjExMTg1fQ==/informe-arbitral-leon-vs-rayados-de-monterrey-jornada-8-estadio-nou-camp-fox-sports', 'text': '2 - 4'}","{'type': 'link', 'href': 'https://www.ligafemenil.mx/cancha/club/11185/rayados-de-monterrey', 'text': ''}","{'type': 'link', 'href': 'https://www.ligafemenil.mx/cancha/estadio/23/estadio-nou-camp', 'text': 'Nou Camp'}","{'type': 'link', 'href': 'https://www.ligafemenil.mx/cancha/mxm/88330/eyJpZERpdmlzaW9uIjoiMTQiLCJpZFRlbXBvcmFkYSI6IjY4IiwiaWRUb3JuZW8iOiIyIiwiaWRDbHVibG9jYWwiOiIxMTI0MyIsImlkQ2x1YnZpc2l0YSI6IjExMTg1IiwiaWRQYXJ0aWRvIjoiODgzMzAiLCJwZXN0YW5hIjoiMSJ9/minuto-a-minuto-leon-vs-rayados-de-monterrey-jornada-8-estadio-nou-camp-fox-sports', 'text': ''}","{'type': 'link', 'href': 'https://www.ligafemenil.mx/cancha/mxm/88330/eyJpZERpdmlzaW9uIjoiMTQiLCJpZFRlbXBvcmFkYSI6IjY4IiwiaWRUb3JuZW8iOiIyIiwiaWRDbHVibG9jYWwiOiIxMTI0MyIsImlkQ2x1YnZpc2l0YSI6IjExMTg1IiwiaWRQYXJ0aWRvIjoiODgzMzAiLCJwZXN0YW5hIjoiMyJ9/minuto-a-minuto-leon-vs-rayados-de-monterrey-jornada-8-estadio-nou-camp-fox-sports', 'text': ''}","{'type': 'link', 'href': 'https://www.ligafemenil.mx/cancha/informeArbitral/88330/eyJpZERpdmlzaW9uIjoiMTQiLCJpZFRlbXBvcmFkYSI6IjY4IiwiaWRUb3JuZW8iOiIyIiwiaWRDbHVibG9jYWwiOiIxMTI0MyIsImlkQ2x1YnZpc2l0YSI6IjExMTg1In0=/informe-arbitral-leon-vs-rayados-de-monterrey-jornada-8-estadio-nou-camp-fox-sports', 'text': ''}","{'type': 'link', 'href': 'https://www.ligafemenil.mx/cancha/mxm/88330/eyJpZERpdmlzaW9uIjoiMTQiLCJpZFRlbXBvcmFkYSI6IjY4IiwiaWRUb3JuZW8iOiIyIiwiaWRDbHVibG9jYWwiOiIxMTI0MyIsImlkQ2x1YnZpc2l0YSI6IjExMTg1IiwiaWRQYXJ0aWRvIjoiODgzMzAiLCJwZXN0YW5hIjoiNCJ9/minuto-a-minuto-leon-vs-rayados-de-monterrey-jornada-8-estadio-nou-camp-fox-sports', 'text': ''}","{'type': 'link', 'href': 'https://www.ligafemenil.mx/cancha/galeria/ODgzMzAvOC82OC8yLzE0/leon-vs-rayados-de-monterrey', 'text': ''}","{'type': 'link', 'href': 'https://www.ligafemenil.mx/cancha/playlist/88330/leon-vs-rayados-de-monterrey', 'text': ''}"
2017-2018,Clausura,"{'type': 'text', 'value': 'Lunes 26 de Febrero de 2018\nTemporada 2017-2018\nTorneo Clausura\nJornada 8\n26 Febrero 2018 - 21:00 hrs.'}","{'type': 'link', 'href': 'https://www.ligafemenil.mx/cancha/club/11192/santos-laguna', 'text': ''}","{'type': 'link', 'href': 'https://www.ligafemenil.mx/cancha/informeArbitral/88371/eyJpZERpdmlzaW9uIjoiMTQiLCJpZFRlbXBvcmFkYSI6IjY4IiwiaWRUb3JuZW8iOiIyIiwiaWRDbHVibG9jYWwiOjExMTkyLCJpZENsdWJ2aXNpdGEiOjExMjQ1fQ==/informe-arbitral-santos-laguna-vs-atlas-jornada-8-estadio-tsm-corona', 'text': '2 - 0'}","{'type': 'link', 'href': 'https://www.ligafemenil.mx/cancha/club/11245/atlas', 'text': ''}","{'type': 'link', 'href': 'https://www.ligafemenil.mx/cancha/estadio/63/estadio-tsm-corona', 'text': 'TSM Corona'}","{'type': 'link', 'href': 'https://www.ligafemenil.mx/cancha/mxm/88371/eyJpZERpdmlzaW9uIjoiMTQiLCJpZFRlbXBvcmFkYSI6IjY4IiwiaWRUb3JuZW8iOiIyIiwiaWRDbHVibG9jYWwiOiIxMTE5MiIsImlkQ2x1YnZpc2l0YSI6IjExMjQ1IiwiaWRQYXJ0aWRvIjoiODgzNzEiLCJwZXN0YW5hIjoiMSJ9/minuto-a-minuto-santos-laguna-vs-atlas-jornada-8-estadio-tsm-corona', 'text': ''}","{'type': 'link', 'href': 'https://www.ligafemenil.mx/cancha/mxm/88371/eyJpZERpdmlzaW9uIjoiMTQiLCJpZFRlbXBvcmFkYSI6IjY4IiwiaWRUb3JuZW8iOiIyIiwiaWRDbHVibG9jYWwiOiIxMTE5MiIsImlkQ2x1YnZpc2l0YSI6IjExMjQ1IiwiaWRQYXJ0aWRvIjoiODgzNzEiLCJwZXN0YW5hIjoiMyJ9/minuto-a-minuto-santos-laguna-vs-atlas-jornada-8-estadio-tsm-corona', 'text': ''}","{'type': 'link', 'href': 'https://www.ligafemenil.mx/cancha/informeArbitral/88371/eyJpZERpdmlzaW9uIjoiMTQiLCJpZFRlbXBvcmFkYSI6IjY4IiwiaWRUb3JuZW8iOiIyIiwiaWRDbHVibG9jYWwiOiIxMTE5MiIsImlkQ2x1YnZpc2l0YSI6IjExMjQ1In0=/informe-arbitral-santos-laguna-vs-atlas-jornada-8-estadio-tsm-corona', 'text': ''}","{'type': 'link', 'href': 'https://www.ligafemenil.mx/cancha/mxm/88371/eyJpZERpdmlzaW9uIjoiMTQiLCJpZFRlbXBvcmFkYSI6IjY4IiwiaWRUb3JuZW8iOiIyIiwiaWRDbHVibG9jYWwiOiIxMTE5MiIsImlkQ2x1YnZpc2l0YSI6IjExMjQ1IiwiaWRQYXJ0aWRvIjoiODgzNzEiLCJwZXN0YW5hIjoiNCJ9/minuto-a-minuto-santos-laguna-vs-atlas-jornada-8-estadio-tsm-corona', 'text': ''}","{'type': 'link', 'href': 'https://www.ligafemenil.mx/cancha/galeria/ODgzNzEvOC82OC8yLzE0/santos-laguna-vs-atlas', 'text': ''}","{'type': 'link', 'href': 'https://www.ligafemenil.mx/cancha/playlist/88371/santos-laguna-vs-atlas', 'text': ''}"
2017-2018,Clausura,"{'type': 'text', 'value': 'Viernes 2 de Marzo de 2018\nTemporada 2017-2018\nTorneo Clausura\nJornada 9\n2 Marzo 2018 - 16:00 hrs.'}","{'type': 'link', 'href': 'https://www.ligafemenil.mx/cancha/club/11189/necaxa', 'text': ''}","{'type': 'link', 'href': 'https://www.ligafemenil.mx/cancha/informeArbitral/88331/eyJpZERpdmlzaW9uIjoiMTQiLCJpZFRlbXBvcmFkYSI6IjY4IiwiaWRUb3JuZW8iOiIyIiwiaWRDbHVibG9jYWwiOjExMTg5LCJpZENsdWJ2aXNpdGEiOjExMjQzfQ==/informe-arbitral-necaxa-vs-leon-jornada-9-estadio-victoria-claro-sports', 'text': '2 - 2'}","{'type': 'link', 'href': 'https://www.ligafemenil.mx/cancha/club/11243/leon', 'text': ''}","{'type': 'link', 'href': 'https://www.ligafemenil.mx/cancha/estadio/15/estadio-victoria', 'text': 'Victoria'}","{'type': 'link', 'href': 'https://www.ligafemenil.mx/cancha/mxm/88331/eyJpZERpdmlzaW9uIjoiMTQiLCJpZFRlbXBvcmFkYSI6IjY4IiwiaWRUb3JuZW8iOiIyIiwiaWRDbHVibG9jYWwiOiIxMTE4OSIsImlkQ2x1YnZpc2l0YSI6IjExMjQzIiwiaWRQYXJ0aWRvIjoiODgzMzEiLCJwZXN0YW5hIjoiMSJ9/minuto-a-minuto-necaxa-vs-leon-jornada-9-estadio-victoria-claro-sports', 'text': ''}","{'type': 'link', 'href': 'https://www.ligafemenil.mx/cancha/mxm/88331/eyJpZERpdmlzaW9uIjoiMTQiLCJpZFRlbXBvcmFkYSI6IjY4IiwiaWRUb3JuZW8iOiIyIiwiaWRDbHVibG9jYWwiOiIxMTE4OSIsImlkQ2x1YnZpc2l0YSI6IjExMjQzIiwiaWRQYXJ0aWRvIjoiODgzMzEiLCJwZXN0YW5hIjoiMyJ9/minuto-a-minuto-necaxa-vs-leon-jornada-9-estadio-victoria-claro-sports', 'text': ''}","{'type': 'link', 'href': 'https://www.ligafemenil.mx/cancha/informeArbitral/88331/eyJpZERpdmlzaW9uIjoiMTQiLCJpZFRlbXBvcmFkYSI6IjY4IiwiaWRUb3JuZW8iOiIyIiwiaWRDbHVibG9jYWwiOiIxMTE4OSIsImlkQ2x1YnZpc2l0YSI6IjExMjQzIn0=/informe-arbitral-necaxa-vs-leon-jornada-9-estadio-victoria-claro-sports', 'text': ''}","{'type': 'link', 'href': 'https://www.ligafemenil.mx/cancha/mxm/88331/eyJpZERpdmlzaW9uIjoiMTQiLCJpZFRlbXBvcmFkYSI6IjY4IiwiaWRUb3JuZW8iOiIyIiwiaWRDbHVibG9jYWwiOiIxMTE4OSIsImlkQ2x1YnZpc2l0YSI6IjExMjQzIiwiaWRQYXJ0aWRvIjoiODgzMzEiLCJwZXN0YW5hIjoiNCJ9/minuto-a-minuto-necaxa-vs-leon-jornada-9-estadio-victoria-claro-sports', 'text': ''}","{'type': 'link', 'href': 'https://www.ligafemenil.mx/cancha/galeria/ODgzMzEvOS82OC8yLzE0/necaxa-vs-leon', 'text': ''}","{'type': 'link', 'href': 'https://www.ligafemenil.mx/cancha/playlist/88331/necaxa-vs-leon', 'text': ''}"
2017-2018,Clausura,"{'type': 'text', 'value': 'Viernes 2 de Marzo de 2018\nTemporada 2017-2018\nTorneo Clausura\nJornada 9\n2 Marzo 2018 - 16:00 hrs.'}","{'type': 'link', 'href': 'https://www.ligafemenil.mx/cancha/club/11181/cruz-azul', 'text': ''}","{'type': 'link', 'href': 'https://www.ligafemenil.mx/cancha/informeArbitral/88346/eyJpZERpdmlzaW9uIjoiMTQiLCJpZFRlbXBvcmFkYSI6IjY4IiwiaWRUb3JuZW8iOiIyIiwiaWRDbHVibG9jYWwiOjExMTgxLCJpZENsdWJ2aXNpdGEiOjExMTg3fQ==/informe-arbitral-cruz-azul-vs-toluca-jornada-9-estadio-instalaciones-la-noria-cancha-1-tdn', 'text': '0 - 1'}","{'type': 'link', 'href': 'https://www.ligafemenil.mx/cancha/club/11187/toluca', 'text': ''}","{'type': 'link', 'href': 'https://www.ligafemenil.mx/cancha/estadio/47/estadio-instalaciones-la-noria-cancha-1', 'text': 'Instalaciones La Noria Cancha 1'}","{'type': 'link', 'href': 'https://www.ligafemenil.mx/cancha/mxm/88346/eyJpZERpdmlzaW9uIjoiMTQiLCJpZFRlbXBvcmFkYSI6IjY4IiwiaWRUb3JuZW8iOiIyIiwiaWRDbHVibG9jYWwiOiIxMTE4MSIsImlkQ2x1YnZpc2l0YSI6IjExMTg3IiwiaWRQYXJ0aWRvIjoiODgzNDYiLCJwZXN0YW5hIjoiMSJ9/minuto-a-minuto-cruz-azul-vs-toluca-jornada-9-estadio-instalaciones-la-noria-cancha-1-tdn', 'text': ''}","{'type': 'link', 'href': 'https://www.ligafemenil.mx/cancha/mxm/88346/eyJpZERpdmlzaW9uIjoiMTQiLCJpZFRlbXBvcmFkYSI6IjY4IiwiaWRUb3JuZW8iOiIyIiwiaWRDbHVibG9jYWwiOiIxMTE4MSIsImlkQ2x1YnZpc2l0YSI6IjExMTg3IiwiaWRQYXJ0aWRvIjoiODgzNDYiLCJwZXN0YW5hIjoiMyJ9/minuto-a-minuto-cruz-azul-vs-toluca-jornada-9-estadio-instalaciones-la-noria-cancha-1-tdn', 'text': ''}","{'type': 'link', 'href': 'https://www.ligafemenil.mx/cancha/informeArbitral/88346/eyJpZERpdmlzaW9uIjoiMTQiLCJpZFRlbXBvcmFkYSI6IjY4IiwiaWRUb3JuZW8iOiIyIiwiaWRDbHVibG9jYWwiOiIxMTE4MSIsImlkQ2x1YnZpc2l0YSI6IjExMTg3In0=/informe-arbitral-cruz-azul-vs-toluca-jornada-9-estadio-instalaciones-la-noria-cancha-1-tdn', 'text': ''}","{'type': 'link', 'href': 'https://www.ligafemenil.mx/cancha/mxm/88346/eyJpZERpdmlzaW9uIjoiMTQiLCJpZFRlbXBvcmFkYSI6IjY4IiwiaWRUb3JuZW8iOiIyIiwiaWRDbHVibG9jYWwiOiIxMTE4MSIsImlkQ2x1YnZpc2l0YSI6IjExMTg3IiwiaWRQYXJ0aWRvIjoiODgzNDYiLCJwZXN0YW5hIjoiNCJ9/minuto-a-minuto-cruz-azul-vs-toluca-jornada-9-estadio-instalaciones-la-noria-cancha-1-tdn', 'text': ''}","{'type': 'link', 'href': 'https://www.ligafemenil.mx/cancha/galeria/ODgzNDYvOS82OC8yLzE0/cruz-azul-vs-toluca', 'text': ''}","{'type': 'link', 'href': 'https://www.ligafemenil.mx/cancha/playlist/88346/cruz-azul-vs-toluca', 'text': ''}"
2017-2018,Clausura,"{'type': 'text', 'value': 'Sábado 3 de Marzo de 2018\nTemporada 2017-2018\nTorneo Clausura\nJornada 9\n3 Marzo 2018 - 11:00 hrs.'}","{'type': 'link', 'href': 'https://www.ligafemenil.mx/cancha/club/11244/queretaro', 'text': ''}","{'type': 'link', 'href': 'https://www.ligafemenil.mx/cancha/informeArbitral/88333/eyJpZERpdmlzaW9uIjoiMTQiLCJpZFRlbXBvcmFkYSI6IjY4IiwiaWRUb3JuZW8iOiIyIiwiaWRDbHVibG9jYWwiOjExMjQ0LCJpZENsdWJ2aXNpdGEiOjExMTkyfQ==/informe-arbitral-queretaro-vs-santos-laguna-jornada-9-estadio-la-corregidora-claro-sports', 'text': '1 - 2'}","{'type': 'link', 'href': 'https://www.ligafemenil.mx/cancha/club/11192/santos-laguna', 'text': ''}","{'type': 'link', 'href': 'https://www.ligafemenil.mx/cancha/estadio/25/estadio-la-corregidora', 'text': 'La Corregidora'}","{'type': 'link', 'href': 'https://www.ligafemenil.mx/cancha/mxm/88333/eyJpZERpdmlzaW9uIjoiMTQiLCJpZFRlbXBvcmFkYSI6IjY4IiwiaWRUb3JuZW8iOiIyIiwiaWRDbHVibG9jYWwiOiIxMTI0NCIsImlkQ2x1YnZpc2l0YSI6IjExMTkyIiwiaWRQYXJ0aWRvIjoiODgzMzMiLCJwZXN0YW5hIjoiMSJ9/minuto-a-minuto-queretaro-vs-santos-laguna-jornada-9-estadio-la-corregidora-claro-sports', 'text': ''}","{'type': 'link', 'href': 'https://www.ligafemenil.mx/cancha/mxm/88333/eyJpZERpdmlzaW9uIjoiMTQiLCJpZFRlbXBvcmFkYSI6IjY4IiwiaWRUb3JuZW8iOiIyIiwiaWRDbHVibG9jYWwiOiIxMTI0NCIsImlkQ2x1YnZpc2l0YSI6IjExMTkyIiwiaWRQYXJ0aWRvIjoiODgzMzMiLCJwZXN0YW5hIjoiMyJ9/minuto-a-minuto-queretaro-vs-santos-laguna-jornada-9-estadio-la-corregidora-claro-sports', 'text': ''}","{'type': 'link', 'href': 'https://www.ligafemenil.mx/cancha/informeArbitral/88333/eyJpZERpdmlzaW9uIjoiMTQiLCJpZFRlbXBvcmFkYSI6IjY4IiwiaWRUb3JuZW8iOiIyIiwiaWRDbHVibG9jYWwiOiIxMTI0NCIsImlkQ2x1YnZpc2l0YSI6IjExMTkyIn0=/informe-arbitral-queretaro-vs-santos-laguna-jornada-9-estadio-la-corregidora-claro-sports', 'text': ''}","{'type': 'link', 'href': 'https://www.ligafemenil.mx/cancha/mxm/88333/eyJpZERpdmlzaW9uIjoiMTQiLCJpZFRlbXBvcmFkYSI6IjY4IiwiaWRUb3JuZW8iOiIyIiwiaWRDbHVibG9jYWwiOiIxMTI0NCIsImlkQ2x1YnZpc2l0YSI6IjExMTkyIiwiaWRQYXJ0aWRvIjoiODgzMzMiLCJwZXN0YW5hIjoiNCJ9/minuto-a-minuto-queretaro-vs-santos-laguna-jornada-9-estadio-la-corregidora-claro-sports', 'text': ''}","{'type': 'link', 'href': 'https://www.ligafemenil.mx/cancha/galeria/ODgzMzMvOS82OC8yLzE0/queretaro-vs-santos-laguna', 'text': ''}","{'type': 'link', 'href': 'https://www.ligafemenil.mx/cancha/playlist/88333/queretaro-vs-santos-laguna', 'text': ''}"
2017-2018,Clausura,"{'type': 'text', 'value': 'Sábado 3 de Marzo de 2018\nTemporada 2017-2018\nTorneo Clausura\nJornada 9\n3 Marzo 2018 - 11:00 hrs.'}","{'type': 'link', 'href': 'https://www.ligafemenil.mx/cancha/club/11245/atlas', 'text': ''}","{'type': 'link', 'href': 'https://www.ligafemenil.mx/cancha/informeArbitral/88334/eyJpZERpdmlzaW9uIjoiMTQiLCJpZFRlbXBvcmFkYSI6IjY4IiwiaWRUb3JuZW8iOiIyIiwiaWRDbHVibG9jYWwiOjExMjQ1LCJpZENsdWJ2aXNpdGEiOjExMTg2fQ==/informe-arbitral-atlas-vs-tigres-de-la-uanl-jornada-9-estadio-colomos-tvc-deportes', 'text': '1 - 3'}","{'type': 'link', 'href': 'https://www.ligafemenil.mx/cancha/club/11186/tigres-de-la-uanl', 'text': ''}","{'type': 'link', 'href': 'https://www.ligafemenil.mx/cancha/estadio/109/estadio-colomos', 'text': 'Colomos'}","{'type': 'link', 'href': 'https://www.ligafemenil.mx/cancha/mxm/88334/eyJpZERpdmlzaW9uIjoiMTQiLCJpZFRlbXBvcmFkYSI6IjY4IiwiaWRUb3JuZW8iOiIyIiwiaWRDbHVibG9jYWwiOiIxMTI0NSIsImlkQ2x1YnZpc2l0YSI6IjExMTg2IiwiaWRQYXJ0aWRvIjoiODgzMzQiLCJwZXN0YW5hIjoiMSJ9/minuto-a-minuto-atlas-vs-tigres-de-la-uanl-jornada-9-estadio-colomos-tvc-deportes', 'text': ''}","{'type': 'link', 'href': 'https://www.ligafemenil.mx/cancha/mxm/88334/eyJpZERpdmlzaW9uIjoiMTQiLCJpZFRlbXBvcmFkYSI6IjY4IiwiaWRUb3JuZW8iOiIyIiwiaWRDbHVibG9jYWwiOiIxMTI0NSIsImlkQ2x1YnZpc2l0YSI6IjExMTg2IiwiaWRQYXJ0aWRvIjoiODgzMzQiLCJwZXN0YW5hIjoiMyJ9/minuto-a-minuto-atlas-vs-tigres-de-la-uanl-jornada-9-estadio-colomos-tvc-deportes', 'text': ''}","{'type': 'link', 'href': 'https://www.ligafemenil.mx/cancha/informeArbitral/88334/eyJpZERpdmlzaW9uIjoiMTQiLCJpZFRlbXBvcmFkYSI6IjY4IiwiaWRUb3JuZW8iOiIyIiwiaWRDbHVibG9jYWwiOiIxMTI0NSIsImlkQ2x1YnZpc2l0YSI6IjExMTg2In0=/informe-arbitral-atlas-vs-tigres-de-la-uanl-jornada-9-estadio-colomos-tvc-deportes', 'text': ''}","{'type': 'link', 'href': 'https://www.ligafemenil.mx/cancha/mxm/88334/eyJpZERpdmlzaW9uIjoiMTQiLCJpZFRlbXBvcmFkYSI6IjY4IiwiaWRUb3JuZW8iOiIyIiwiaWRDbHVibG9jYWwiOiIxMTI0NSIsImlkQ2x1YnZpc2l0YSI6IjExMTg2IiwiaWRQYXJ0aWRvIjoiODgzMzQiLCJwZXN0YW5hIjoiNCJ9/minuto-a-minuto-atlas-vs-tigres-de-la-uanl-jornada-9-estadio-colomos-tvc-deportes', 'text': ''}","{'type': 'link', 'href': 'https://www.ligafemenil.mx/cancha/galeria/ODgzMzQvOS82OC8yLzE0/atlas-vs-tigres-de-la-uanl', 'text': ''}","{'type': 'link', 'href': 'https://www.ligafemenil.mx/cancha/playlist/88334/atlas-vs-tigres-de-la-uanl', 'text': ''}"
2017-2018,Clausura,"{'type': 'text', 'value': 'Sábado 3 de Marzo de 2018\nTemporada 2017-2018\nTorneo Clausura\nJornada 9\n3 Marzo 2018 - 16:00 hrs.'}","{'type': 'link', 'href': 'https://www.ligafemenil.mx/cancha/club/11242/veracruz', 'text': ''}","{'type': 'link', 'href': 'https://www.ligafemenil.mx/cancha/informeArbitral/88332/eyJpZERpdmlzaW9uIjoiMTQiLCJpZFRlbXBvcmFkYSI6IjY4IiwiaWRUb3JuZW8iOiIyIiwiaWRDbHVibG9jYWwiOjExMjQyLCJpZENsdWJ2aXNpdGEiOjExMTgzfQ==/informe-arbitral-veracruz-vs-m-morelia-jornada-9-estadio-luis-pirata-fuente', 'text': '2 - 0'}","{'type': 'link', 'href': 'https://www.ligafemenil.mx/cancha/club/11183/m-morelia', 'text': ''}","{'type': 'link', 'href': 'https://www.ligafemenil.mx/cancha/estadio/57/estadio-luis-pirata-fuente', 'text': 'Luis Pirata Fuente'}","{'type': 'link', 'href': 'https://www.ligafemenil.mx/cancha/mxm/88332/eyJpZERpdmlzaW9uIjoiMTQiLCJpZFRlbXBvcmFkYSI6IjY4IiwiaWRUb3JuZW8iOiIyIiwiaWRDbHVibG9jYWwiOiIxMTI0MiIsImlkQ2x1YnZpc2l0YSI6IjExMTgzIiwiaWRQYXJ0aWRvIjoiODgzMzIiLCJwZXN0YW5hIjoiMSJ9/minuto-a-minuto-veracruz-vs-m-morelia-jornada-9-estadio-luis-pirata-fuente', 'text': ''}","{'type': 'link', 'href': 'https://www.ligafemenil.mx/cancha/mxm/88332/eyJpZERpdmlzaW9uIjoiMTQiLCJpZFRlbXBvcmFkYSI6IjY4IiwiaWRUb3JuZW8iOiIyIiwiaWRDbHVibG9jYWwiOiIxMTI0MiIsImlkQ2x1YnZpc2l0YSI6IjExMTgzIiwiaWRQYXJ0aWRvIjoiODgzMzIiLCJwZXN0YW5hIjoiMyJ9/minuto-a-minuto-veracruz-vs-m-morelia-jornada-9-estadio-luis-pirata-fuente', 'text': ''}","{'type': 'link', 'href': 'https://www.ligafemenil.mx/cancha/informeArbitral/88332/eyJpZERpdmlzaW9uIjoiMTQiLCJpZFRlbXBvcmFkYSI6IjY4IiwiaWRUb3JuZW8iOiIyIiwiaWRDbHVibG9jYWwiOiIxMTI0MiIsImlkQ2x1YnZpc2l0YSI6IjExMTgzIn0=/informe-arbitral-veracruz-vs-m-morelia-jornada-9-estadio-luis-pirata-fuente', 'text': ''}","{'type': 'link', 'href': 'https://www.ligafemenil.mx/cancha/mxm/88332/eyJpZERpdmlzaW9uIjoiMTQiLCJpZFRlbXBvcmFkYSI6IjY4IiwiaWRUb3JuZW8iOiIyIiwiaWRDbHVibG9jYWwiOiIxMTI0MiIsImlkQ2x1YnZpc2l0YSI6IjExMTgzIiwiaWRQYXJ0aWRvIjoiODgzMzIiLCJwZXN0YW5hIjoiNCJ9/minuto-a-minuto-veracruz-vs-m-morelia-jornada-9-estadio-luis-pirata-fuente', 'text': ''}","{'type': 'link', 'href': 'https://www.ligafemenil.mx/cancha/galeria/ODgzMzIvOS82OC8yLzE0/veracruz-vs-m-morelia', 'text': ''}","{'type': 'link', 'href': 'https://www.ligafemenil.mx/cancha/playlist/88332/veracruz-vs-m-morelia', 'text': ''}"
2017-2018,Clausura,"{'type': 'text', 'value': 'Sábado 3 de Marzo de 2018\nTemporada 2017-2018\nTorneo Clausura\nJornada 9\n3 Marzo 2018 - 16:00 hrs.'}","{'type': 'link', 'href': 'https://www.ligafemenil.mx/cancha/club/11191/america', 'text': ''}","{'type': 'link', 'href': 'https://www.ligafemenil.mx/cancha/informeArbitral/88422/eyJpZERpdmlzaW9uIjoiMTQiLCJpZFRlbXBvcmFkYSI6IjY4IiwiaWRUb3JuZW8iOiIyIiwiaWRDbHVibG9jYWwiOjExMTkxLCJpZENsdWJ2aXNpdGEiOjExMTg0fQ==/informe-arbitral-america-vs-pachuca-jornada-9-estadio-azteca', 'text': '2 - 1'}","{'type': 'link', 'href': 'https://www.ligafemenil.mx/cancha/club/11184/pachuca', 'text': ''}","{'type': 'link', 'href': 'https://www.ligafemenil.mx/cancha/estadio/1/estadio-azteca', 'text': 'Azteca'}","{'type': 'link', 'href': 'https://www.ligafemenil.mx/cancha/mxm/88422/eyJpZERpdmlzaW9uIjoiMTQiLCJpZFRlbXBvcmFkYSI6IjY4IiwiaWRUb3JuZW8iOiIyIiwiaWRDbHVibG9jYWwiOiIxMTE5MSIsImlkQ2x1YnZpc2l0YSI6IjExMTg0IiwiaWRQYXJ0aWRvIjoiODg0MjIiLCJwZXN0YW5hIjoiMSJ9/minuto-a-minuto-america-vs-pachuca-jornada-9-estadio-azteca', 'text': ''}","{'type': 'link', 'href': 'https://www.ligafemenil.mx/cancha/mxm/88422/eyJpZERpdmlzaW9uIjoiMTQiLCJpZFRlbXBvcmFkYSI6IjY4IiwiaWRUb3JuZW8iOiIyIiwiaWRDbHVibG9jYWwiOiIxMTE5MSIsImlkQ2x1YnZpc2l0YSI6IjExMTg0IiwiaWRQYXJ0aWRvIjoiODg0MjIiLCJwZXN0YW5hIjoiMyJ9/minuto-a-minuto-america-vs-pachuca-jornada-9-estadio-azteca', 'text': ''}","{'type': 'link', 'href': 'https://www.ligafemenil.mx/cancha/informeArbitral/88422/eyJpZERpdmlzaW9uIjoiMTQiLCJpZFRlbXBvcmFkYSI6IjY4IiwiaWRUb3JuZW8iOiIyIiwiaWRDbHVibG9jYWwiOiIxMTE5MSIsImlkQ2x1YnZpc2l0YSI6IjExMTg0In0=/informe-arbitral-america-vs-pachuca-jornada-9-estadio-azteca', 'text': ''}","{'type': 'link', 'href': 'https://www.ligafemenil.mx/cancha/mxm/88422/eyJpZERpdmlzaW9uIjoiMTQiLCJpZFRlbXBvcmFkYSI6IjY4IiwiaWRUb3JuZW8iOiIyIiwiaWRDbHVibG9jYWwiOiIxMTE5MSIsImlkQ2x1YnZpc2l0YSI6IjExMTg0IiwiaWRQYXJ0aWRvIjoiODg0MjIiLCJwZXN0YW5hIjoiNCJ9/minuto-a-minuto-america-vs-pachuca-jornada-9-estadio-azteca', 'text': ''}","{'type': 'link', 'href': 'https://www.ligafemenil.mx/cancha/galeria/ODg0MjIvOS82OC8yLzE0/america-vs-pachuca', 'text': ''}","{'type': 'link', 'href': 'https://www.ligafemenil.mx/cancha/playlist/88422/america-vs-pachuca', 'text': ''}"
2017-2018,Clausura,"{'type': 'text', 'value': 'Lunes 5 de Marzo de 2018\nTemporada 2017-2018\nTorneo Clausura\nJornada 9\n5 Marzo 2018 - 19:00 hrs.'}","{'type': 'link', 'href': 'https://www.ligafemenil.mx/cancha/club/11180/tijuana', 'text': ''}","{'type': 'link', 'href': 'https://www.ligafemenil.mx/cancha/informeArbitral/88410/eyJpZERpdmlzaW9uIjoiMTQiLCJpZFRlbXBvcmFkYSI6IjY4IiwiaWRUb3JuZW8iOiIyIiwiaWRDbHVibG9jYWwiOjExMTgwLCJpZENsdWJ2aXNpdGEiOjExMTg4fQ==/informe-arbitral-tijuana-vs-pumas-jornada-9-estadio-caliente', 'text': '0 - 0'}","{'type': 'link', 'href': 'https://www.ligafemenil.mx/cancha/club/11188/pumas', 'text': ''}","{'type': 'link', 'href': 'https://www.ligafemenil.mx/cancha/estadio/48/estadio-caliente', 'text': 'Caliente'}","{'type': 'link', 'href': 'https://www.ligafemenil.mx/cancha/mxm/88410/eyJpZERpdmlzaW9uIjoiMTQiLCJpZFRlbXBvcmFkYSI6IjY4IiwiaWRUb3JuZW8iOiIyIiwiaWRDbHVibG9jYWwiOiIxMTE4MCIsImlkQ2x1YnZpc2l0YSI6IjExMTg4IiwiaWRQYXJ0aWRvIjoiODg0MTAiLCJwZXN0YW5hIjoiMSJ9/minuto-a-minuto-tijuana-vs-pumas-jornada-9-estadio-caliente', 'text': ''}","{'type': 'link', 'href': 'https://www.ligafemenil.mx/cancha/mxm/88410/eyJpZERpdmlzaW9uIjoiMTQiLCJpZFRlbXBvcmFkYSI6IjY4IiwiaWRUb3JuZW8iOiIyIiwiaWRDbHVibG9jYWwiOiIxMTE4MCIsImlkQ2x1YnZpc2l0YSI6IjExMTg4IiwiaWRQYXJ0aWRvIjoiODg0MTAiLCJwZXN0YW5hIjoiMyJ9/minuto-a-minuto-tijuana-vs-pumas-jornada-9-estadio-caliente', 'text': ''}","{'type': 'link', 'href': 'https://www.ligafemenil.mx/cancha/informeArbitral/88410/eyJpZERpdmlzaW9uIjoiMTQiLCJpZFRlbXBvcmFkYSI6IjY4IiwiaWRUb3JuZW8iOiIyIiwiaWRDbHVibG9jYWwiOiIxMTE4MCIsImlkQ2x1YnZpc2l0YSI6IjExMTg4In0=/informe-arbitral-tijuana-vs-pumas-jornada-9-estadio-caliente', 'text': ''}","{'type': 'link', 'href': 'https://www.ligafemenil.mx/cancha/mxm/88410/eyJpZERpdmlzaW9uIjoiMTQiLCJpZFRlbXBvcmFkYSI6IjY4IiwiaWRUb3JuZW8iOiIyIiwiaWRDbHVibG9jYWwiOiIxMTE4MCIsImlkQ2x1YnZpc2l0YSI6IjExMTg4IiwiaWRQYXJ0aWRvIjoiODg0MTAiLCJwZXN0YW5hIjoiNCJ9/minuto-a-minuto-tijuana-vs-pumas-jornada-9-estadio-caliente', 'text': ''}","{'type': 'link', 'href': 'https://www.ligafemenil.mx/cancha/galeria/ODg0MTAvOS82OC8yLzE0/tijuana-vs-pumas', 'text': ''}","{'type': 'link', 'href': 'https://www.ligafemenil.mx/cancha/playlist/88410/tijuana-vs-pumas', 'text': ''}"
2017-2018,Clausura,"{'type': 'text', 'value': 'Lunes 5 de Marzo de 2018\nTemporada 2017-2018\nTorneo Clausura\nJornada 9\n5 Marzo 2018 - 21:00 hrs.'}","{'type': 'link', 'href': 'https://www.ligafemenil.mx/cancha/club/11185/rayados-de-monterrey', 'text': ''}","{'type': 'link', 'href': 'https://www.ligafemenil.mx/cancha/informeArbitral/88336/eyJpZERpdmlzaW9uIjoiMTQiLCJpZFRlbXBvcmFkYSI6IjY4IiwiaWRUb3JuZW8iOiIyIiwiaWRDbHVibG9jYWwiOjExMTg1LCJpZENsdWJ2aXNpdGEiOjExMTgyfQ==/informe-arbitral-rayados-de-monterrey-vs-guadalajara-jornada-9-estadio-bbva-bancomer-fox-sports', 'text': '1 - 1'}","{'type': 'link', 'href': 'https://www.ligafemenil.mx/cancha/club/11182/guadalajara', 'text': ''}","{'type': 'link', 'href': 'https://www.ligafemenil.mx/cancha/estadio/793/estadio-bbva-bancomer', 'text': 'Estadio BBVA Bancomer'}","{'type': 'link', 'href': 'https://www.ligafemenil.mx/cancha/mxm/88336/eyJpZERpdmlzaW9uIjoiMTQiLCJpZFRlbXBvcmFkYSI6IjY4IiwiaWRUb3JuZW8iOiIyIiwiaWRDbHVibG9jYWwiOiIxMTE4NSIsImlkQ2x1YnZpc2l0YSI6IjExMTgyIiwiaWRQYXJ0aWRvIjoiODgzMzYiLCJwZXN0YW5hIjoiMSJ9/minuto-a-minuto-rayados-de-monterrey-vs-guadalajara-jornada-9-estadio-bbva-bancomer-fox-sports', 'text': ''}","{'type': 'link', 'href': 'https://www.ligafemenil.mx/cancha/mxm/88336/eyJpZERpdmlzaW9uIjoiMTQiLCJpZFRlbXBvcmFkYSI6IjY4IiwiaWRUb3JuZW8iOiIyIiwiaWRDbHVibG9jYWwiOiIxMTE4NSIsImlkQ2x1YnZpc2l0YSI6IjExMTgyIiwiaWRQYXJ0aWRvIjoiODgzMzYiLCJwZXN0YW5hIjoiMyJ9/minuto-a-minuto-rayados-de-monterrey-vs-guadalajara-jornada-9-estadio-bbva-bancomer-fox-sports', 'text': ''}","{'type': 'link', 'href': 'https://www.ligafemenil.mx/cancha/informeArbitral/88336/eyJpZERpdmlzaW9uIjoiMTQiLCJpZFRlbXBvcmFkYSI6IjY4IiwiaWRUb3JuZW8iOiIyIiwiaWRDbHVibG9jYWwiOiIxMTE4NSIsImlkQ2x1YnZpc2l0YSI6IjExMTgyIn0=/informe-arbitral-rayados-de-monterrey-vs-guadalajara-jornada-9-estadio-bbva-bancomer-fox-sports', 'text': ''}","{'type': 'link', 'href': 'https://www.ligafemenil.mx/cancha/mxm/88336/eyJpZERpdmlzaW9uIjoiMTQiLCJpZFRlbXBvcmFkYSI6IjY4IiwiaWRUb3JuZW8iOiIyIiwiaWRDbHVibG9jYWwiOiIxMTE4NSIsImlkQ2x1YnZpc2l0YSI6IjExMTgyIiwiaWRQYXJ0aWRvIjoiODgzMzYiLCJwZXN0YW5hIjoiNCJ9/minuto-a-minuto-rayados-de-monterrey-vs-guadalajara-jornada-9-estadio-bbva-bancomer-fox-sports', 'text': ''}","{'type': 'link', 'href': 'https://www.ligafemenil.mx/cancha/galeria/ODgzMzYvOS82OC8yLzE0/rayados-de-monterrey-vs-guadalajara', 'text': ''}","{'type': 'link', 'href': 'https://www.ligafemenil.mx/cancha/playlist/88336/rayados-de-monterrey-vs-guadalajara', 'text': ''}"
2017-2018,Clausura,"{'type': 'text', 'value': 'Viernes 9 de Marzo de 2018\nTemporada 2017-2018\nTorneo Clausura\nJornada 10\n9 Marzo 2018 - 17:00 hrs.'}","{'type': 'link', 'href': 'https://www.ligafemenil.mx/cancha/club/11243/leon', 'text': ''}","{'type': 'link', 'href': 'https://www.ligafemenil.mx/cancha/informeArbitral/88338/eyJpZERpdmlzaW9uIjoiMTQiLCJpZFRlbXBvcmFkYSI6IjY4IiwiaWRUb3JuZW8iOiIyIiwiaWRDbHVibG9jYWwiOjExMjQzLCJpZENsdWJ2aXNpdGEiOjExMjQ1fQ==/informe-arbitral-leon-vs-atlas-jornada-10-estadio-nou-camp', 'text': '4 - 1'}","{'type': 'link', 'href': 'https://www.ligafemenil.mx/cancha/club/11245/atlas', 'text': ''}","{'type': 'link', 'href': 'https://www.ligafemenil.mx/cancha/estadio/23/estadio-nou-camp', 'text': 'Nou Camp'}","{'type': 'link', 'href': 'https://www.ligafemenil.mx/cancha/mxm/88338/eyJpZERpdmlzaW9uIjoiMTQiLCJpZFRlbXBvcmFkYSI6IjY4IiwiaWRUb3JuZW8iOiIyIiwiaWRDbHVibG9jYWwiOiIxMTI0MyIsImlkQ2x1YnZpc2l0YSI6IjExMjQ1IiwiaWRQYXJ0aWRvIjoiODgzMzgiLCJwZXN0YW5hIjoiMSJ9/minuto-a-minuto-leon-vs-atlas-jornada-10-estadio-nou-camp', 'text': ''}","{'type': 'link', 'href': 'https://www.ligafemenil.mx/cancha/mxm/88338/eyJpZERpdmlzaW9uIjoiMTQiLCJpZFRlbXBvcmFkYSI6IjY4IiwiaWRUb3JuZW8iOiIyIiwiaWRDbHVibG9jYWwiOiIxMTI0MyIsImlkQ2x1YnZpc2l0YSI6IjExMjQ1IiwiaWRQYXJ0aWRvIjoiODgzMzgiLCJwZXN0YW5hIjoiMyJ9/minuto-a-minuto-leon-vs-atlas-jornada-10-estadio-nou-camp', 'text': ''}","{'type': 'link', 'href': 'https://www.ligafemenil.mx/cancha/informeArbitral/88338/eyJpZERpdmlzaW9uIjoiMTQiLCJpZFRlbXBvcmFkYSI6IjY4IiwiaWRUb3JuZW8iOiIyIiwiaWRDbHVibG9jYWwiOiIxMTI0MyIsImlkQ2x1YnZpc2l0YSI6IjExMjQ1In0=/informe-arbitral-leon-vs-atlas-jornada-10-estadio-nou-camp', 'text': ''}","{'type': 'link', 'href': 'https://www.ligafemenil.mx/cancha/mxm/88338/eyJpZERpdmlzaW9uIjoiMTQiLCJpZFRlbXBvcmFkYSI6IjY4IiwiaWRUb3JuZW8iOiIyIiwiaWRDbHVibG9jYWwiOiIxMTI0MyIsImlkQ2x1YnZpc2l0YSI6IjExMjQ1IiwiaWRQYXJ0aWRvIjoiODgzMzgiLCJwZXN0YW5hIjoiNCJ9/minuto-a-minuto-leon-vs-atlas-jornada-10-estadio-nou-camp', 'text': ''}","{'type': 'link', 'href': 'https://www.ligafemenil.mx/cancha/galeria/ODgzMzgvMTAvNjgvMi8xNA==/leon-vs-atlas', 'text': ''}","{'type': 'link', 'href': 'https://www.ligafemenil.mx/cancha/playlist/88338/leon-vs-atlas', 'text': ''}"
2017-2018,Clausura,"{'type': 'text', 'value': 'Sábado 10 de Marzo de 2018\nTemporada 2017-2018\nTorneo Clausura\nJornada 10\n10 Marzo 2018 - 09:15 hrs.'}","{'type': 'link', 'href': 'https://www.ligafemenil.mx/cancha/club/11242/veracruz', 'text': ''}","{'type': 'link', 'href': 'https://www.ligafemenil.mx/cancha/informeArbitral/88349/eyJpZERpdmlzaW9uIjoiMTQiLCJpZFRlbXBvcmFkYSI6IjY4IiwiaWRUb3JuZW8iOiIyIiwiaWRDbHVibG9jYWwiOjExMjQyLCJpZENsdWJ2aXNpdGEiOjExMTkxfQ==/informe-arbitral-veracruz-vs-america-jornada-10-estadio-luis-pirata-fuente-am', 'text': '1 - 1'}","{'type': 'link', 'href': 'https://www.ligafemenil.mx/cancha/club/11191/america', 'text': ''}","{'type': 'link', 'href': 'https://www.ligafemenil.mx/cancha/estadio/57/estadio-luis-pirata-fuente', 'text': 'Luis Pirata Fuente'}","{'type': 'link', 'href': 'https://www.ligafemenil.mx/cancha/mxm/88349/eyJpZERpdmlzaW9uIjoiMTQiLCJpZFRlbXBvcmFkYSI6IjY4IiwiaWRUb3JuZW8iOiIyIiwiaWRDbHVibG9jYWwiOiIxMTI0MiIsImlkQ2x1YnZpc2l0YSI6IjExMTkxIiwiaWRQYXJ0aWRvIjoiODgzNDkiLCJwZXN0YW5hIjoiMSJ9/minuto-a-minuto-veracruz-vs-america-jornada-10-estadio-luis-pirata-fuente-am', 'text': ''}","{'type': 'link', 'href': 'https://www.ligafemenil.mx/cancha/mxm/88349/eyJpZERpdmlzaW9uIjoiMTQiLCJpZFRlbXBvcmFkYSI6IjY4IiwiaWRUb3JuZW8iOiIyIiwiaWRDbHVibG9jYWwiOiIxMTI0MiIsImlkQ2x1YnZpc2l0YSI6IjExMTkxIiwiaWRQYXJ0aWRvIjoiODgzNDkiLCJwZXN0YW5hIjoiMyJ9/minuto-a-minuto-veracruz-vs-america-jornada-10-estadio-luis-pirata-fuente-am', 'text': ''}","{'type': 'link', 'href': 'https://www.ligafemenil.mx/cancha/informeArbitral/88349/eyJpZERpdmlzaW9uIjoiMTQiLCJpZFRlbXBvcmFkYSI6IjY4IiwiaWRUb3JuZW8iOiIyIiwiaWRDbHVibG9jYWwiOiIxMTI0MiIsImlkQ2x1YnZpc2l0YSI6IjExMTkxIn0=/informe-arbitral-veracruz-vs-america-jornada-10-estadio-luis-pirata-fuente-am', 'text': ''}","{'type': 'link', 'href': 'https://www.ligafemenil.mx/cancha/mxm/88349/eyJpZERpdmlzaW9uIjoiMTQiLCJpZFRlbXBvcmFkYSI6IjY4IiwiaWRUb3JuZW8iOiIyIiwiaWRDbHVibG9jYWwiOiIxMTI0MiIsImlkQ2x1YnZpc2l0YSI6IjExMTkxIiwiaWRQYXJ0aWRvIjoiODgzNDkiLCJwZXN0YW5hIjoiNCJ9/minuto-a-minuto-veracruz-vs-america-jornada-10-estadio-luis-pirata-fuente-am', 'text': ''}","{'type': 'link', 'href': 'https://www.ligafemenil.mx/cancha/galeria/ODgzNDkvMTAvNjgvMi8xNA==/veracruz-vs-america', 'text': ''}","{'type': 'link', 'href': 'https://www.ligafemenil.mx/cancha/playlist/88349/veracruz-vs-america', 'text': ''}"
2017-2018,Clausura,"{'type': 'text', 'value': 'Sábado 10 de Marzo de 2018\nTemporada 2017-2018\nTorneo Clausura\nJornada 10\n10 Marzo 2018 - 11:00 hrs.'}","{'type': 'link', 'href': 'https://www.ligafemenil.mx/cancha/club/11244/queretaro', 'text': ''}","{'type': 'link', 'href': 'https://www.ligafemenil.mx/cancha/informeArbitral/88340/eyJpZERpdmlzaW9uIjoiMTQiLCJpZFRlbXBvcmFkYSI6IjY4IiwiaWRUb3JuZW8iOiIyIiwiaWRDbHVibG9jYWwiOjExMjQ0LCJpZENsdWJ2aXNpdGEiOjExMTg1fQ==/informe-arbitral-queretaro-vs-rayados-de-monterrey-jornada-10-estadio-la-corregidora-claro-sports', 'text': '1 - 7'}","{'type': 'link', 'href': 'https://www.ligafemenil.mx/cancha/club/11185/rayados-de-monterrey', 'text': ''}","{'type': 'link', 'href': 'https://www.ligafemenil.mx/cancha/estadio/25/estadio-la-corregidora', 'text': 'La Corregidora'}","{'type': 'link', 'href': 'https://www.ligafemenil.mx/cancha/mxm/88340/eyJpZERpdmlzaW9uIjoiMTQiLCJpZFRlbXBvcmFkYSI6IjY4IiwiaWRUb3JuZW8iOiIyIiwiaWRDbHVibG9jYWwiOiIxMTI0NCIsImlkQ2x1YnZpc2l0YSI6IjExMTg1IiwiaWRQYXJ0aWRvIjoiODgzNDAiLCJwZXN0YW5hIjoiMSJ9/minuto-a-minuto-queretaro-vs-rayados-de-monterrey-jornada-10-estadio-la-corregidora-claro-sports', 'text': ''}","{'type': 'link', 'href': 'https://www.ligafemenil.mx/cancha/mxm/88340/eyJpZERpdmlzaW9uIjoiMTQiLCJpZFRlbXBvcmFkYSI6IjY4IiwiaWRUb3JuZW8iOiIyIiwiaWRDbHVibG9jYWwiOiIxMTI0NCIsImlkQ2x1YnZpc2l0YSI6IjExMTg1IiwiaWRQYXJ0aWRvIjoiODgzNDAiLCJwZXN0YW5hIjoiMyJ9/minuto-a-minuto-queretaro-vs-rayados-de-monterrey-jornada-10-estadio-la-corregidora-claro-sports', 'text': ''}","{'type': 'link', 'href': 'https://www.ligafemenil.mx/cancha/informeArbitral/88340/eyJpZERpdmlzaW9uIjoiMTQiLCJpZFRlbXBvcmFkYSI6IjY4IiwiaWRUb3JuZW8iOiIyIiwiaWRDbHVibG9jYWwiOiIxMTI0NCIsImlkQ2x1YnZpc2l0YSI6IjExMTg1In0=/informe-arbitral-queretaro-vs-rayados-de-monterrey-jornada-10-estadio-la-corregidora-claro-sports', 'text': ''}","{'type': 'link', 'href': 'https://www.ligafemenil.mx/cancha/mxm/88340/eyJpZERpdmlzaW9uIjoiMTQiLCJpZFRlbXBvcmFkYSI6IjY4IiwiaWRUb3JuZW8iOiIyIiwiaWRDbHVibG9jYWwiOiIxMTI0NCIsImlkQ2x1YnZpc2l0YSI6IjExMTg1IiwiaWRQYXJ0aWRvIjoiODgzNDAiLCJwZXN0YW5hIjoiNCJ9/minuto-a-minuto-queretaro-vs-rayados-de-monterrey-jornada-10-estadio-la-corregidora-claro-sports', 'text': ''}","{'type': 'link', 'href': 'https://www.ligafemenil.mx/cancha/galeria/ODgzNDAvMTAvNjgvMi8xNA==/queretaro-vs-rayados-de-monterrey', 'text': ''}","{'type': 'link', 'href': 'https://www.ligafemenil.mx/cancha/playlist/88340/queretaro-vs-rayados-de-monterrey', 'text': ''}"
2017-2018,Clausura,"{'type': 'text', 'value': 'Sábado 10 de Marzo de 2018\nTemporada 2017-2018\nTorneo Clausura\nJornada 10\n10 Marzo 2018 - 12:00 hrs.'}","{'type': 'link', 'href': 'https://www.ligafemenil.mx/cancha/club/11188/pumas', 'text': ''}","{'type': 'link', 'href': 'https://www.ligafemenil.mx/cancha/informeArbitral/88416/eyJpZERpdmlzaW9uIjoiMTQiLCJpZFRlbXBvcmFkYSI6IjY4IiwiaWRUb3JuZW8iOiIyIiwiaWRDbHVibG9jYWwiOjExMTg4LCJpZENsdWJ2aXNpdGEiOjExMTgzfQ==/informe-arbitral-pumas-vs-m-morelia-jornada-10-estadio-la-cantera-cancha-1-tdn', 'text': '2 - 0'}","{'type': 'link', 'href': 'https://www.ligafemenil.mx/cancha/club/11183/m-morelia', 'text': ''}","{'type': 'link', 'href': 'https://www.ligafemenil.mx/cancha/estadio/1146/estadio-la-cantera-cancha-1', 'text': 'La Cantera Cancha 1'}","{'type': 'link', 'href': 'https://www.ligafemenil.mx/cancha/mxm/88416/eyJpZERpdmlzaW9uIjoiMTQiLCJpZFRlbXBvcmFkYSI6IjY4IiwiaWRUb3JuZW8iOiIyIiwiaWRDbHVibG9jYWwiOiIxMTE4OCIsImlkQ2x1YnZpc2l0YSI6IjExMTgzIiwiaWRQYXJ0aWRvIjoiODg0MTYiLCJwZXN0YW5hIjoiMSJ9/minuto-a-minuto-pumas-vs-m-morelia-jornada-10-estadio-la-cantera-cancha-1-tdn', 'text': ''}","{'type': 'link', 'href': 'https://www.ligafemenil.mx/cancha/mxm/88416/eyJpZERpdmlzaW9uIjoiMTQiLCJpZFRlbXBvcmFkYSI6IjY4IiwiaWRUb3JuZW8iOiIyIiwiaWRDbHVibG9jYWwiOiIxMTE4OCIsImlkQ2x1YnZpc2l0YSI6IjExMTgzIiwiaWRQYXJ0aWRvIjoiODg0MTYiLCJwZXN0YW5hIjoiMyJ9/minuto-a-minuto-pumas-vs-m-morelia-jornada-10-estadio-la-cantera-cancha-1-tdn', 'text': ''}","{'type': 'link', 'href': 'https://www.ligafemenil.mx/cancha/informeArbitral/88416/eyJpZERpdmlzaW9uIjoiMTQiLCJpZFRlbXBvcmFkYSI6IjY4IiwiaWRUb3JuZW8iOiIyIiwiaWRDbHVibG9jYWwiOiIxMTE4OCIsImlkQ2x1YnZpc2l0YSI6IjExMTgzIn0=/informe-arbitral-pumas-vs-m-morelia-jornada-10-estadio-la-cantera-cancha-1-tdn', 'text': ''}","{'type': 'link', 'href': 'https://www.ligafemenil.mx/cancha/mxm/88416/eyJpZERpdmlzaW9uIjoiMTQiLCJpZFRlbXBvcmFkYSI6IjY4IiwiaWRUb3JuZW8iOiIyIiwiaWRDbHVibG9jYWwiOiIxMTE4OCIsImlkQ2x1YnZpc2l0YSI6IjExMTgzIiwiaWRQYXJ0aWRvIjoiODg0MTYiLCJwZXN0YW5hIjoiNCJ9/minuto-a-minuto-pumas-vs-m-morelia-jornada-10-estadio-la-cantera-cancha-1-tdn', 'text': ''}","{'type': 'link', 'href': 'https://www.ligafemenil.mx/cancha/galeria/ODg0MTYvMTAvNjgvMi8xNA==/pumas-vs-m-morelia', 'text': ''}","{'type': 'link', 'href': 'https://www.ligafemenil.mx/cancha/playlist/88416/pumas-vs-m-morelia', 'text': ''}"
2017-2018,Clausura,"{'type': 'text', 'value': 'Domingo 11 de Marzo de 2018\nTemporada 2017-2018\nTorneo Clausura\nJornada 10\n11 Marzo 2018 - 12:30 hrs.'}","{'type': 'link', 'href': 'https://www.ligafemenil.mx/cancha/club/11182/guadalajara', 'text': ''}","{'type': 'link', 'href': 'https://www.ligafemenil.mx/cancha/informeArbitral/88343/eyJpZERpdmlzaW9uIjoiMTQiLCJpZFRlbXBvcmFkYSI6IjY4IiwiaWRUb3JuZW8iOiIyIiwiaWRDbHVibG9jYWwiOjExMTgyLCJpZENsdWJ2aXNpdGEiOjExMTg5fQ==/informe-arbitral-guadalajara-vs-necaxa-jornada-10-estadio-verde-valle-chivas-tv', 'text': '1 - 2'}","{'type': 'link', 'href': 'https://www.ligafemenil.mx/cancha/club/11189/necaxa', 'text': ''}","{'type': 'link', 'href': 'https://www.ligafemenil.mx/cancha/estadio/36/estadio-verde-valle', 'text': 'Verde Valle'}","{'type': 'link', 'href': 'https://www.ligafemenil.mx/cancha/mxm/88343/eyJpZERpdmlzaW9uIjoiMTQiLCJpZFRlbXBvcmFkYSI6IjY4IiwiaWRUb3JuZW8iOiIyIiwiaWRDbHVibG9jYWwiOiIxMTE4MiIsImlkQ2x1YnZpc2l0YSI6IjExMTg5IiwiaWRQYXJ0aWRvIjoiODgzNDMiLCJwZXN0YW5hIjoiMSJ9/minuto-a-minuto-guadalajara-vs-necaxa-jornada-10-estadio-verde-valle-chivas-tv', 'text': ''}","{'type': 'link', 'href': 'https://www.ligafemenil.mx/cancha/mxm/88343/eyJpZERpdmlzaW9uIjoiMTQiLCJpZFRlbXBvcmFkYSI6IjY4IiwiaWRUb3JuZW8iOiIyIiwiaWRDbHVibG9jYWwiOiIxMTE4MiIsImlkQ2x1YnZpc2l0YSI6IjExMTg5IiwiaWRQYXJ0aWRvIjoiODgzNDMiLCJwZXN0YW5hIjoiMyJ9/minuto-a-minuto-guadalajara-vs-necaxa-jornada-10-estadio-verde-valle-chivas-tv', 'text': ''}","{'type': 'link', 'href': 'https://www.ligafemenil.mx/cancha/informeArbitral/88343/eyJpZERpdmlzaW9uIjoiMTQiLCJpZFRlbXBvcmFkYSI6IjY4IiwiaWRUb3JuZW8iOiIyIiwiaWRDbHVibG9jYWwiOiIxMTE4MiIsImlkQ2x1YnZpc2l0YSI6IjExMTg5In0=/informe-arbitral-guadalajara-vs-necaxa-jornada-10-estadio-verde-valle-chivas-tv', 'text': ''}","{'type': 'link', 'href': 'https://www.ligafemenil.mx/cancha/mxm/88343/eyJpZERpdmlzaW9uIjoiMTQiLCJpZFRlbXBvcmFkYSI6IjY4IiwiaWRUb3JuZW8iOiIyIiwiaWRDbHVibG9jYWwiOiIxMTE4MiIsImlkQ2x1YnZpc2l0YSI6IjExMTg5IiwiaWRQYXJ0aWRvIjoiODgzNDMiLCJwZXN0YW5hIjoiNCJ9/minuto-a-minuto-guadalajara-vs-necaxa-jornada-10-estadio-verde-valle-chivas-tv', 'text': ''}","{'type': 'link', 'href': 'https://www.ligafemenil.mx/cancha/galeria/ODgzNDMvMTAvNjgvMi8xNA==/guadalajara-vs-necaxa', 'text': ''}","{'type': 'link', 'href': 'https://www.ligafemenil.mx/cancha/playlist/88343/guadalajara-vs-necaxa', 'text': ''}"
2017-2018,Clausura,"{'type': 'text', 'value': 'Lunes 12 de Marzo de 2018\nTemporada 2017-2018\nTorneo Clausura\nJornada 10\n12 Marzo 2018 - 18:00 hrs.'}","{'type': 'link', 'href': 'https://www.ligafemenil.mx/cancha/club/11187/toluca', 'text': ''}","{'type': 'link', 'href': 'https://www.ligafemenil.mx/cancha/informeArbitral/88392/eyJpZERpdmlzaW9uIjoiMTQiLCJpZFRlbXBvcmFkYSI6IjY4IiwiaWRUb3JuZW8iOiIyIiwiaWRDbHVibG9jYWwiOjExMTg3LCJpZENsdWJ2aXNpdGEiOjExMTgwfQ==/informe-arbitral-toluca-vs-tijuana-jornada-10-estadio-nemesio-diez-tdn', 'text': '3 - 0'}","{'type': 'link', 'href': 'https://www.ligafemenil.mx/cancha/club/11180/tijuana', 'text': ''}","{'type': 'link', 'href': 'https://www.ligafemenil.mx/cancha/estadio/6/estadio-nemesio-diez', 'text': 'Nemesio Diez'}","{'type': 'link', 'href': 'https://www.ligafemenil.mx/cancha/mxm/88392/eyJpZERpdmlzaW9uIjoiMTQiLCJpZFRlbXBvcmFkYSI6IjY4IiwiaWRUb3JuZW8iOiIyIiwiaWRDbHVibG9jYWwiOiIxMTE4NyIsImlkQ2x1YnZpc2l0YSI6IjExMTgwIiwiaWRQYXJ0aWRvIjoiODgzOTIiLCJwZXN0YW5hIjoiMSJ9/minuto-a-minuto-toluca-vs-tijuana-jornada-10-estadio-nemesio-diez-tdn', 'text': ''}","{'type': 'link', 'href': 'https://www.ligafemenil.mx/cancha/mxm/88392/eyJpZERpdmlzaW9uIjoiMTQiLCJpZFRlbXBvcmFkYSI6IjY4IiwiaWRUb3JuZW8iOiIyIiwiaWRDbHVibG9jYWwiOiIxMTE4NyIsImlkQ2x1YnZpc2l0YSI6IjExMTgwIiwiaWRQYXJ0aWRvIjoiODgzOTIiLCJwZXN0YW5hIjoiMyJ9/minuto-a-minuto-toluca-vs-tijuana-jornada-10-estadio-nemesio-diez-tdn', 'text': ''}","{'type': 'link', 'href': 'https://www.ligafemenil.mx/cancha/informeArbitral/88392/eyJpZERpdmlzaW9uIjoiMTQiLCJpZFRlbXBvcmFkYSI6IjY4IiwiaWRUb3JuZW8iOiIyIiwiaWRDbHVibG9jYWwiOiIxMTE4NyIsImlkQ2x1YnZpc2l0YSI6IjExMTgwIn0=/informe-arbitral-toluca-vs-tijuana-jornada-10-estadio-nemesio-diez-tdn', 'text': ''}","{'type': 'link', 'href': 'https://www.ligafemenil.mx/cancha/mxm/88392/eyJpZERpdmlzaW9uIjoiMTQiLCJpZFRlbXBvcmFkYSI6IjY4IiwiaWRUb3JuZW8iOiIyIiwiaWRDbHVibG9jYWwiOiIxMTE4NyIsImlkQ2x1YnZpc2l0YSI6IjExMTgwIiwiaWRQYXJ0aWRvIjoiODgzOTIiLCJwZXN0YW5hIjoiNCJ9/minuto-a-minuto-toluca-vs-tijuana-jornada-10-estadio-nemesio-diez-tdn', 'text': ''}","{'type': 'link', 'href': 'https://www.ligafemenil.mx/cancha/galeria/ODgzOTIvMTAvNjgvMi8xNA==/toluca-vs-tijuana', 'text': ''}","{'type': 'link', 'href': 'https://www.ligafemenil.mx/cancha/playlist/88392/toluca-vs-tijuana', 'text': ''}"
2017-2018,Clausura,"{'type': 'text', 'value': 'Lunes 12 de Marzo de 2018\nTemporada 2017-2018\nTorneo Clausura\nJornada 10\n12 Marzo 2018 - 19:00 hrs.'}","{'type': 'link', 'href': 'https://www.ligafemenil.mx/cancha/club/11184/pachuca', 'text': ''}","{'type': 'link', 'href': 'https://www.ligafemenil.mx/cancha/informeArbitral/88433/eyJpZERpdmlzaW9uIjoiMTQiLCJpZFRlbXBvcmFkYSI6IjY4IiwiaWRUb3JuZW8iOiIyIiwiaWRDbHVibG9jYWwiOjExMTg0LCJpZENsdWJ2aXNpdGEiOjExMTgxfQ==/informe-arbitral-pachuca-vs-cruz-azul-jornada-10-estadio-hidalgo-fox-sports', 'text': '4 - 0'}","{'type': 'link', 'href': 'https://www.ligafemenil.mx/cancha/club/11181/cruz-azul', 'text': ''}","{'type': 'link', 'href': 'https://www.ligafemenil.mx/cancha/estadio/11/estadio-hidalgo', 'text': 'Hidalgo'}","{'type': 'link', 'href': 'https://www.ligafemenil.mx/cancha/mxm/88433/eyJpZERpdmlzaW9uIjoiMTQiLCJpZFRlbXBvcmFkYSI6IjY4IiwiaWRUb3JuZW8iOiIyIiwiaWRDbHVibG9jYWwiOiIxMTE4NCIsImlkQ2x1YnZpc2l0YSI6IjExMTgxIiwiaWRQYXJ0aWRvIjoiODg0MzMiLCJwZXN0YW5hIjoiMSJ9/minuto-a-minuto-pachuca-vs-cruz-azul-jornada-10-estadio-hidalgo-fox-sports', 'text': ''}","{'type': 'link', 'href': 'https://www.ligafemenil.mx/cancha/mxm/88433/eyJpZERpdmlzaW9uIjoiMTQiLCJpZFRlbXBvcmFkYSI6IjY4IiwiaWRUb3JuZW8iOiIyIiwiaWRDbHVibG9jYWwiOiIxMTE4NCIsImlkQ2x1YnZpc2l0YSI6IjExMTgxIiwiaWRQYXJ0aWRvIjoiODg0MzMiLCJwZXN0YW5hIjoiMyJ9/minuto-a-minuto-pachuca-vs-cruz-azul-jornada-10-estadio-hidalgo-fox-sports', 'text': ''}","{'type': 'link', 'href': 'https://www.ligafemenil.mx/cancha/informeArbitral/88433/eyJpZERpdmlzaW9uIjoiMTQiLCJpZFRlbXBvcmFkYSI6IjY4IiwiaWRUb3JuZW8iOiIyIiwiaWRDbHVibG9jYWwiOiIxMTE4NCIsImlkQ2x1YnZpc2l0YSI6IjExMTgxIn0=/informe-arbitral-pachuca-vs-cruz-azul-jornada-10-estadio-hidalgo-fox-sports', 'text': ''}","{'type': 'link', 'href': 'https://www.ligafemenil.mx/cancha/mxm/88433/eyJpZERpdmlzaW9uIjoiMTQiLCJpZFRlbXBvcmFkYSI6IjY4IiwiaWRUb3JuZW8iOiIyIiwiaWRDbHVibG9jYWwiOiIxMTE4NCIsImlkQ2x1YnZpc2l0YSI6IjExMTgxIiwiaWRQYXJ0aWRvIjoiODg0MzMiLCJwZXN0YW5hIjoiNCJ9/minuto-a-minuto-pachuca-vs-cruz-azul-jornada-10-estadio-hidalgo-fox-sports', 'text': ''}","{'type': 'link', 'href': 'https://www.ligafemenil.mx/cancha/galeria/ODg0MzMvMTAvNjgvMi8xNA==/pachuca-vs-cruz-azul', 'text': ''}","{'type': 'link', 'href': 'https://www.ligafemenil.mx/cancha/playlist/88433/pachuca-vs-cruz-azul', 'text': ''}"
2017-2018,Clausura,"{'type': 'text', 'value': 'Lunes 12 de Marzo de 2018\nTemporada 2017-2018\nTorneo Clausura\nJornada 10\n12 Marzo 2018 - 20:00 hrs.'}","{'type': 'link', 'href': 'https://www.ligafemenil.mx/cancha/club/11186/tigres-de-la-uanl', 'text': ''}","{'type': 'link', 'href': 'https://www.ligafemenil.mx/cancha/informeArbitral/88339/eyJpZERpdmlzaW9uIjoiMTQiLCJpZFRlbXBvcmFkYSI6IjY4IiwiaWRUb3JuZW8iOiIyIiwiaWRDbHVibG9jYWwiOjExMTg2LCJpZENsdWJ2aXNpdGEiOjExMTkyfQ==/informe-arbitral-tigres-de-la-uanl-vs-santos-laguna-jornada-10-estadio-universitario-tdn', 'text': '2 - 1'}","{'type': 'link', 'href': 'https://www.ligafemenil.mx/cancha/club/11192/santos-laguna', 'text': ''}","{'type': 'link', 'href': 'https://www.ligafemenil.mx/cancha/estadio/12/estadio-universitario', 'text': 'Universitario'}","{'type': 'link', 'href': 'https://www.ligafemenil.mx/cancha/mxm/88339/eyJpZERpdmlzaW9uIjoiMTQiLCJpZFRlbXBvcmFkYSI6IjY4IiwiaWRUb3JuZW8iOiIyIiwiaWRDbHVibG9jYWwiOiIxMTE4NiIsImlkQ2x1YnZpc2l0YSI6IjExMTkyIiwiaWRQYXJ0aWRvIjoiODgzMzkiLCJwZXN0YW5hIjoiMSJ9/minuto-a-minuto-tigres-de-la-uanl-vs-santos-laguna-jornada-10-estadio-universitario-tdn', 'text': ''}","{'type': 'link', 'href': 'https://www.ligafemenil.mx/cancha/mxm/88339/eyJpZERpdmlzaW9uIjoiMTQiLCJpZFRlbXBvcmFkYSI6IjY4IiwiaWRUb3JuZW8iOiIyIiwiaWRDbHVibG9jYWwiOiIxMTE4NiIsImlkQ2x1YnZpc2l0YSI6IjExMTkyIiwiaWRQYXJ0aWRvIjoiODgzMzkiLCJwZXN0YW5hIjoiMyJ9/minuto-a-minuto-tigres-de-la-uanl-vs-santos-laguna-jornada-10-estadio-universitario-tdn', 'text': ''}","{'type': 'link', 'href': 'https://www.ligafemenil.mx/cancha/informeArbitral/88339/eyJpZERpdmlzaW9uIjoiMTQiLCJpZFRlbXBvcmFkYSI6IjY4IiwiaWRUb3JuZW8iOiIyIiwiaWRDbHVibG9jYWwiOiIxMTE4NiIsImlkQ2x1YnZpc2l0YSI6IjExMTkyIn0=/informe-arbitral-tigres-de-la-uanl-vs-santos-laguna-jornada-10-estadio-universitario-tdn', 'text': ''}","{'type': 'link', 'href': 'https://www.ligafemenil.mx/cancha/mxm/88339/eyJpZERpdmlzaW9uIjoiMTQiLCJpZFRlbXBvcmFkYSI6IjY4IiwiaWRUb3JuZW8iOiIyIiwiaWRDbHVibG9jYWwiOiIxMTE4NiIsImlkQ2x1YnZpc2l0YSI6IjExMTkyIiwiaWRQYXJ0aWRvIjoiODgzMzkiLCJwZXN0YW5hIjoiNCJ9/minuto-a-minuto-tigres-de-la-uanl-vs-santos-laguna-jornada-10-estadio-universitario-tdn', 'text': ''}","{'type': 'link', 'href': 'https://www.ligafemenil.mx/cancha/galeria/ODgzMzkvMTAvNjgvMi8xNA==/tigres-de-la-uanl-vs-santos-laguna', 'text': ''}","{'type': 'link', 'href': 'https://www.ligafemenil.mx/cancha/playlist/88339/tigres-de-la-uanl-vs-santos-laguna', 'text': ''}"
2017-2018,Clausura,"{'type': 'text', 'value': 'Viernes 16 de Marzo de 2018\nTemporada 2017-2018\nTorneo Clausura\nJornada 11\n16 Marzo 2018 - 16:00 hrs.'}","{'type': 'link', 'href': 'https://www.ligafemenil.mx/cancha/club/11189/necaxa', 'text': ''}","{'type': 'link', 'href': 'https://www.ligafemenil.mx/cancha/informeArbitral/88347/eyJpZERpdmlzaW9uIjoiMTQiLCJpZFRlbXBvcmFkYSI6IjY4IiwiaWRUb3JuZW8iOiIyIiwiaWRDbHVibG9jYWwiOjExMTg5LCJpZENsdWJ2aXNpdGEiOjExMTg1fQ==/informe-arbitral-necaxa-vs-rayados-de-monterrey-jornada-11-estadio-victoria', 'text': '0 - 2'}","{'type': 'link', 'href': 'https://www.ligafemenil.mx/cancha/club/11185/rayados-de-monterrey', 'text': ''}","{'type': 'link', 'href': 'https://www.ligafemenil.mx/cancha/estadio/15/estadio-victoria', 'text': 'Victoria'}","{'type': 'link', 'href': 'https://www.ligafemenil.mx/cancha/mxm/88347/eyJpZERpdmlzaW9uIjoiMTQiLCJpZFRlbXBvcmFkYSI6IjY4IiwiaWRUb3JuZW8iOiIyIiwiaWRDbHVibG9jYWwiOiIxMTE4OSIsImlkQ2x1YnZpc2l0YSI6IjExMTg1IiwiaWRQYXJ0aWRvIjoiODgzNDciLCJwZXN0YW5hIjoiMSJ9/minuto-a-minuto-necaxa-vs-rayados-de-monterrey-jornada-11-estadio-victoria', 'text': ''}","{'type': 'link', 'href': 'https://www.ligafemenil.mx/cancha/mxm/88347/eyJpZERpdmlzaW9uIjoiMTQiLCJpZFRlbXBvcmFkYSI6IjY4IiwiaWRUb3JuZW8iOiIyIiwiaWRDbHVibG9jYWwiOiIxMTE4OSIsImlkQ2x1YnZpc2l0YSI6IjExMTg1IiwiaWRQYXJ0aWRvIjoiODgzNDciLCJwZXN0YW5hIjoiMyJ9/minuto-a-minuto-necaxa-vs-rayados-de-monterrey-jornada-11-estadio-victoria', 'text': ''}","{'type': 'link', 'href': 'https://www.ligafemenil.mx/cancha/informeArbitral/88347/eyJpZERpdmlzaW9uIjoiMTQiLCJpZFRlbXBvcmFkYSI6IjY4IiwiaWRUb3JuZW8iOiIyIiwiaWRDbHVibG9jYWwiOiIxMTE4OSIsImlkQ2x1YnZpc2l0YSI6IjExMTg1In0=/informe-arbitral-necaxa-vs-rayados-de-monterrey-jornada-11-estadio-victoria', 'text': ''}","{'type': 'link', 'href': 'https://www.ligafemenil.mx/cancha/mxm/88347/eyJpZERpdmlzaW9uIjoiMTQiLCJpZFRlbXBvcmFkYSI6IjY4IiwiaWRUb3JuZW8iOiIyIiwiaWRDbHVibG9jYWwiOiIxMTE4OSIsImlkQ2x1YnZpc2l0YSI6IjExMTg1IiwiaWRQYXJ0aWRvIjoiODgzNDciLCJwZXN0YW5hIjoiNCJ9/minuto-a-minuto-necaxa-vs-rayados-de-monterrey-jornada-11-estadio-victoria', 'text': ''}","{'type': 'link', 'href': 'https://www.ligafemenil.mx/cancha/galeria/ODgzNDcvMTEvNjgvMi8xNA==/necaxa-vs-rayados-de-monterrey', 'text': ''}","{'type': 'link', 'href': 'https://www.ligafemenil.mx/cancha/playlist/88347/necaxa-vs-rayados-de-monterrey', 'text': ''}"
2017-2018,Clausura,"{'type': 'text', 'value': 'Sábado 17 de Marzo de 2018\nTemporada 2017-2018\nTorneo Clausura\nJornada 11\n17 Marzo 2018 - 11:00 hrs.'}","{'type': 'link', 'href': 'https://www.ligafemenil.mx/cancha/club/11245/atlas', 'text': ''}","{'type': 'link', 'href': 'https://www.ligafemenil.mx/cancha/informeArbitral/88350/eyJpZERpdmlzaW9uIjoiMTQiLCJpZFRlbXBvcmFkYSI6IjY4IiwiaWRUb3JuZW8iOiIyIiwiaWRDbHVibG9jYWwiOjExMjQ1LCJpZENsdWJ2aXNpdGEiOjExMTgyfQ==/informe-arbitral-atlas-vs-guadalajara-jornada-11-estadio-cancha-alfredo-pistache-torres', 'text': '1 - 3'}","{'type': 'link', 'href': 'https://www.ligafemenil.mx/cancha/club/11182/guadalajara', 'text': ''}","{'type': 'link', 'href': 'https://www.ligafemenil.mx/cancha/estadio/881/estadio-cancha-alfredo-pistache-torres', 'text': 'CANCHA ALFREDO PISTACHE TORRES'}","{'type': 'link', 'href': 'https://www.ligafemenil.mx/cancha/mxm/88350/eyJpZERpdmlzaW9uIjoiMTQiLCJpZFRlbXBvcmFkYSI6IjY4IiwiaWRUb3JuZW8iOiIyIiwiaWRDbHVibG9jYWwiOiIxMTI0NSIsImlkQ2x1YnZpc2l0YSI6IjExMTgyIiwiaWRQYXJ0aWRvIjoiODgzNTAiLCJwZXN0YW5hIjoiMSJ9/minuto-a-minuto-atlas-vs-guadalajara-jornada-11-estadio-cancha-alfredo-pistache-torres', 'text': ''}","{'type': 'link', 'href': 'https://www.ligafemenil.mx/cancha/mxm/88350/eyJpZERpdmlzaW9uIjoiMTQiLCJpZFRlbXBvcmFkYSI6IjY4IiwiaWRUb3JuZW8iOiIyIiwiaWRDbHVibG9jYWwiOiIxMTI0NSIsImlkQ2x1YnZpc2l0YSI6IjExMTgyIiwiaWRQYXJ0aWRvIjoiODgzNTAiLCJwZXN0YW5hIjoiMyJ9/minuto-a-minuto-atlas-vs-guadalajara-jornada-11-estadio-cancha-alfredo-pistache-torres', 'text': ''}","{'type': 'link', 'href': 'https://www.ligafemenil.mx/cancha/informeArbitral/88350/eyJpZERpdmlzaW9uIjoiMTQiLCJpZFRlbXBvcmFkYSI6IjY4IiwiaWRUb3JuZW8iOiIyIiwiaWRDbHVibG9jYWwiOiIxMTI0NSIsImlkQ2x1YnZpc2l0YSI6IjExMTgyIn0=/informe-arbitral-atlas-vs-guadalajara-jornada-11-estadio-cancha-alfredo-pistache-torres', 'text': ''}","{'type': 'link', 'href': 'https://www.ligafemenil.mx/cancha/mxm/88350/eyJpZERpdmlzaW9uIjoiMTQiLCJpZFRlbXBvcmFkYSI6IjY4IiwiaWRUb3JuZW8iOiIyIiwiaWRDbHVibG9jYWwiOiIxMTI0NSIsImlkQ2x1YnZpc2l0YSI6IjExMTgyIiwiaWRQYXJ0aWRvIjoiODgzNTAiLCJwZXN0YW5hIjoiNCJ9/minuto-a-minuto-atlas-vs-guadalajara-jornada-11-estadio-cancha-alfredo-pistache-torres', 'text': ''}","{'type': 'link', 'href': 'https://www.ligafemenil.mx/cancha/galeria/ODgzNTAvMTEvNjgvMi8xNA==/atlas-vs-guadalajara', 'text': ''}","{'type': 'link', 'href': 'https://www.ligafemenil.mx/cancha/playlist/88350/atlas-vs-guadalajara', 'text': ''}"
2017-2018,Clausura,"{'type': 'text', 'value': 'Sábado 17 de Marzo de 2018\nTemporada 2017-2018\nTorneo Clausura\nJornada 11\n17 Marzo 2018 - 12:00 hrs.'}","{'type': 'link', 'href': 'https://www.ligafemenil.mx/cancha/club/11188/pumas', 'text': ''}","{'type': 'link', 'href': 'https://www.ligafemenil.mx/cancha/informeArbitral/88382/eyJpZERpdmlzaW9uIjoiMTQiLCJpZFRlbXBvcmFkYSI6IjY4IiwiaWRUb3JuZW8iOiIyIiwiaWRDbHVibG9jYWwiOjExMTg4LCJpZENsdWJ2aXNpdGEiOjExMjQyfQ==/informe-arbitral-pumas-vs-veracruz-jornada-11-estadio-la-cantera-cancha-1', 'text': '2 - 1'}","{'type': 'link', 'href': 'https://www.ligafemenil.mx/cancha/club/11242/veracruz', 'text': ''}","{'type': 'link', 'href': 'https://www.ligafemenil.mx/cancha/estadio/1146/estadio-la-cantera-cancha-1', 'text': 'La Cantera Cancha 1'}","{'type': 'link', 'href': 'https://www.ligafemenil.mx/cancha/mxm/88382/eyJpZERpdmlzaW9uIjoiMTQiLCJpZFRlbXBvcmFkYSI6IjY4IiwiaWRUb3JuZW8iOiIyIiwiaWRDbHVibG9jYWwiOiIxMTE4OCIsImlkQ2x1YnZpc2l0YSI6IjExMjQyIiwiaWRQYXJ0aWRvIjoiODgzODIiLCJwZXN0YW5hIjoiMSJ9/minuto-a-minuto-pumas-vs-veracruz-jornada-11-estadio-la-cantera-cancha-1', 'text': ''}","{'type': 'link', 'href': 'https://www.ligafemenil.mx/cancha/mxm/88382/eyJpZERpdmlzaW9uIjoiMTQiLCJpZFRlbXBvcmFkYSI6IjY4IiwiaWRUb3JuZW8iOiIyIiwiaWRDbHVibG9jYWwiOiIxMTE4OCIsImlkQ2x1YnZpc2l0YSI6IjExMjQyIiwiaWRQYXJ0aWRvIjoiODgzODIiLCJwZXN0YW5hIjoiMyJ9/minuto-a-minuto-pumas-vs-veracruz-jornada-11-estadio-la-cantera-cancha-1', 'text': ''}","{'type': 'link', 'href': 'https://www.ligafemenil.mx/cancha/informeArbitral/88382/eyJpZERpdmlzaW9uIjoiMTQiLCJpZFRlbXBvcmFkYSI6IjY4IiwiaWRUb3JuZW8iOiIyIiwiaWRDbHVibG9jYWwiOiIxMTE4OCIsImlkQ2x1YnZpc2l0YSI6IjExMjQyIn0=/informe-arbitral-pumas-vs-veracruz-jornada-11-estadio-la-cantera-cancha-1', 'text': ''}","{'type': 'link', 'href': 'https://www.ligafemenil.mx/cancha/mxm/88382/eyJpZERpdmlzaW9uIjoiMTQiLCJpZFRlbXBvcmFkYSI6IjY4IiwiaWRUb3JuZW8iOiIyIiwiaWRDbHVibG9jYWwiOiIxMTE4OCIsImlkQ2x1YnZpc2l0YSI6IjExMjQyIiwiaWRQYXJ0aWRvIjoiODgzODIiLCJwZXN0YW5hIjoiNCJ9/minuto-a-minuto-pumas-vs-veracruz-jornada-11-estadio-la-cantera-cancha-1', 'text': ''}","{'type': 'link', 'href': 'https://www.ligafemenil.mx/cancha/galeria/ODgzODIvMTEvNjgvMi8xNA==/pumas-vs-veracruz', 'text': ''}","{'type': 'link', 'href': 'https://www.ligafemenil.mx/cancha/playlist/88382/pumas-vs-veracruz', 'text': ''}"
2017-2018,Clausura,"{'type': 'text', 'value': 'Domingo 18 de Marzo de 2018\nTemporada 2017-2018\nTorneo Clausura\nJornada 11\n18 Marzo 2018 - 11:00 hrs.'}","{'type': 'link', 'href': 'https://www.ligafemenil.mx/cancha/club/11181/cruz-azul', 'text': ''}","{'type': 'link', 'href': 'https://www.ligafemenil.mx/cancha/informeArbitral/88411/eyJpZERpdmlzaW9uIjoiMTQiLCJpZFRlbXBvcmFkYSI6IjY4IiwiaWRUb3JuZW8iOiIyIiwiaWRDbHVibG9jYWwiOjExMTgxLCJpZENsdWJ2aXNpdGEiOjExMTkxfQ==/informe-arbitral-cruz-azul-vs-america-jornada-11-estadio-ciudad-de-los-deportes', 'text': '0 - 4'}","{'type': 'link', 'href': 'https://www.ligafemenil.mx/cancha/club/11191/america', 'text': ''}","{'type': 'link', 'href': 'https://www.ligafemenil.mx/cancha/estadio/2/estadio-ciudad-de-los-deportes', 'text': 'Ciudad De Los Deportes'}","{'type': 'link', 'href': 'https://www.ligafemenil.mx/cancha/mxm/88411/eyJpZERpdmlzaW9uIjoiMTQiLCJpZFRlbXBvcmFkYSI6IjY4IiwiaWRUb3JuZW8iOiIyIiwiaWRDbHVibG9jYWwiOiIxMTE4MSIsImlkQ2x1YnZpc2l0YSI6IjExMTkxIiwiaWRQYXJ0aWRvIjoiODg0MTEiLCJwZXN0YW5hIjoiMSJ9/minuto-a-minuto-cruz-azul-vs-america-jornada-11-estadio-ciudad-de-los-deportes', 'text': ''}","{'type': 'link', 'href': 'https://www.ligafemenil.mx/cancha/mxm/88411/eyJpZERpdmlzaW9uIjoiMTQiLCJpZFRlbXBvcmFkYSI6IjY4IiwiaWRUb3JuZW8iOiIyIiwiaWRDbHVibG9jYWwiOiIxMTE4MSIsImlkQ2x1YnZpc2l0YSI6IjExMTkxIiwiaWRQYXJ0aWRvIjoiODg0MTEiLCJwZXN0YW5hIjoiMyJ9/minuto-a-minuto-cruz-azul-vs-america-jornada-11-estadio-ciudad-de-los-deportes', 'text': ''}","{'type': 'link', 'href': 'https://www.ligafemenil.mx/cancha/informeArbitral/88411/eyJpZERpdmlzaW9uIjoiMTQiLCJpZFRlbXBvcmFkYSI6IjY4IiwiaWRUb3JuZW8iOiIyIiwiaWRDbHVibG9jYWwiOiIxMTE4MSIsImlkQ2x1YnZpc2l0YSI6IjExMTkxIn0=/informe-arbitral-cruz-azul-vs-america-jornada-11-estadio-ciudad-de-los-deportes', 'text': ''}","{'type': 'link', 'href': 'https://www.ligafemenil.mx/cancha/mxm/88411/eyJpZERpdmlzaW9uIjoiMTQiLCJpZFRlbXBvcmFkYSI6IjY4IiwiaWRUb3JuZW8iOiIyIiwiaWRDbHVibG9jYWwiOiIxMTE4MSIsImlkQ2x1YnZpc2l0YSI6IjExMTkxIiwiaWRQYXJ0aWRvIjoiODg0MTEiLCJwZXN0YW5hIjoiNCJ9/minuto-a-minuto-cruz-azul-vs-america-jornada-11-estadio-ciudad-de-los-deportes', 'text': ''}","{'type': 'link', 'href': 'https://www.ligafemenil.mx/cancha/galeria/ODg0MTEvMTEvNjgvMi8xNA==/cruz-azul-vs-america', 'text': ''}","{'type': 'link', 'href': 'https://www.ligafemenil.mx/cancha/playlist/88411/cruz-azul-vs-america', 'text': ''}"
2017-2018,Clausura,"{'type': 'text', 'value': 'Domingo 18 de Marzo de 2018\nTemporada 2017-2018\nTorneo Clausura\nJornada 11\n18 Marzo 2018 - 18:00 hrs.'}","{'type': 'link', 'href': 'https://www.ligafemenil.mx/cancha/club/11186/tigres-de-la-uanl', 'text': ''}","{'type': 'link', 'href': 'https://www.ligafemenil.mx/cancha/informeArbitral/88348/eyJpZERpdmlzaW9uIjoiMTQiLCJpZFRlbXBvcmFkYSI6IjY4IiwiaWRUb3JuZW8iOiIyIiwiaWRDbHVibG9jYWwiOjExMTg2LCJpZENsdWJ2aXNpdGEiOjExMjQ0fQ==/informe-arbitral-tigres-de-la-uanl-vs-queretaro-jornada-11-estadio-universitario', 'text': '7 - 0'}","{'type': 'link', 'href': 'https://www.ligafemenil.mx/cancha/club/11244/queretaro', 'text': ''}","{'type': 'link', 'href': 'https://www.ligafemenil.mx/cancha/estadio/12/estadio-universitario', 'text': 'Universitario'}","{'type': 'link', 'href': 'https://www.ligafemenil.mx/cancha/mxm/88348/eyJpZERpdmlzaW9uIjoiMTQiLCJpZFRlbXBvcmFkYSI6IjY4IiwiaWRUb3JuZW8iOiIyIiwiaWRDbHVibG9jYWwiOiIxMTE4NiIsImlkQ2x1YnZpc2l0YSI6IjExMjQ0IiwiaWRQYXJ0aWRvIjoiODgzNDgiLCJwZXN0YW5hIjoiMSJ9/minuto-a-minuto-tigres-de-la-uanl-vs-queretaro-jornada-11-estadio-universitario', 'text': ''}","{'type': 'link', 'href': 'https://www.ligafemenil.mx/cancha/mxm/88348/eyJpZERpdmlzaW9uIjoiMTQiLCJpZFRlbXBvcmFkYSI6IjY4IiwiaWRUb3JuZW8iOiIyIiwiaWRDbHVibG9jYWwiOiIxMTE4NiIsImlkQ2x1YnZpc2l0YSI6IjExMjQ0IiwiaWRQYXJ0aWRvIjoiODgzNDgiLCJwZXN0YW5hIjoiMyJ9/minuto-a-minuto-tigres-de-la-uanl-vs-queretaro-jornada-11-estadio-universitario', 'text': ''}","{'type': 'link', 'href': 'https://www.ligafemenil.mx/cancha/informeArbitral/88348/eyJpZERpdmlzaW9uIjoiMTQiLCJpZFRlbXBvcmFkYSI6IjY4IiwiaWRUb3JuZW8iOiIyIiwiaWRDbHVibG9jYWwiOiIxMTE4NiIsImlkQ2x1YnZpc2l0YSI6IjExMjQ0In0=/informe-arbitral-tigres-de-la-uanl-vs-queretaro-jornada-11-estadio-universitario', 'text': ''}","{'type': 'link', 'href': 'https://www.ligafemenil.mx/cancha/mxm/88348/eyJpZERpdmlzaW9uIjoiMTQiLCJpZFRlbXBvcmFkYSI6IjY4IiwiaWRUb3JuZW8iOiIyIiwiaWRDbHVibG9jYWwiOiIxMTE4NiIsImlkQ2x1YnZpc2l0YSI6IjExMjQ0IiwiaWRQYXJ0aWRvIjoiODgzNDgiLCJwZXN0YW5hIjoiNCJ9/minuto-a-minuto-tigres-de-la-uanl-vs-queretaro-jornada-11-estadio-universitario', 'text': ''}","{'type': 'link', 'href': 'https://www.ligafemenil.mx/cancha/galeria/ODgzNDgvMTEvNjgvMi8xNA==/tigres-de-la-uanl-vs-queretaro', 'text': ''}","{'type': 'link', 'href': 'https://www.ligafemenil.mx/cancha/playlist/88348/tigres-de-la-uanl-vs-queretaro', 'text': ''}"
2017-2018,Clausura,"{'type': 'text', 'value': 'Lunes 19 de Marzo de 2018\nTemporada 2017-2018\nTorneo Clausura\nJornada 11\n19 Marzo 2018 - 16:00 hrs.'}","{'type': 'link', 'href': 'https://www.ligafemenil.mx/cancha/club/11183/m-morelia', 'text': ''}","{'type': 'link', 'href': 'https://www.ligafemenil.mx/cancha/informeArbitral/88431/eyJpZERpdmlzaW9uIjoiMTQiLCJpZFRlbXBvcmFkYSI6IjY4IiwiaWRUb3JuZW8iOiIyIiwiaWRDbHVibG9jYWwiOjExMTgzLCJpZENsdWJ2aXNpdGEiOjExMTg3fQ==/informe-arbitral-m-morelia-vs-toluca-jornada-11-estadio-jose-maria-morelos-y-pavon', 'text': '1 - 3'}","{'type': 'link', 'href': 'https://www.ligafemenil.mx/cancha/club/11187/toluca', 'text': ''}","{'type': 'link', 'href': 'https://www.ligafemenil.mx/cancha/estadio/10/estadio-jose-maria-morelos-y-pavon', 'text': 'José María Morelos y Pavón'}","{'type': 'link', 'href': 'https://www.ligafemenil.mx/cancha/mxm/88431/eyJpZERpdmlzaW9uIjoiMTQiLCJpZFRlbXBvcmFkYSI6IjY4IiwiaWRUb3JuZW8iOiIyIiwiaWRDbHVibG9jYWwiOiIxMTE4MyIsImlkQ2x1YnZpc2l0YSI6IjExMTg3IiwiaWRQYXJ0aWRvIjoiODg0MzEiLCJwZXN0YW5hIjoiMSJ9/minuto-a-minuto-m-morelia-vs-toluca-jornada-11-estadio-jose-maria-morelos-y-pavon', 'text': ''}","{'type': 'link', 'href': 'https://www.ligafemenil.mx/cancha/mxm/88431/eyJpZERpdmlzaW9uIjoiMTQiLCJpZFRlbXBvcmFkYSI6IjY4IiwiaWRUb3JuZW8iOiIyIiwiaWRDbHVibG9jYWwiOiIxMTE4MyIsImlkQ2x1YnZpc2l0YSI6IjExMTg3IiwiaWRQYXJ0aWRvIjoiODg0MzEiLCJwZXN0YW5hIjoiMyJ9/minuto-a-minuto-m-morelia-vs-toluca-jornada-11-estadio-jose-maria-morelos-y-pavon', 'text': ''}","{'type': 'link', 'href': 'https://www.ligafemenil.mx/cancha/informeArbitral/88431/eyJpZERpdmlzaW9uIjoiMTQiLCJpZFRlbXBvcmFkYSI6IjY4IiwiaWRUb3JuZW8iOiIyIiwiaWRDbHVibG9jYWwiOiIxMTE4MyIsImlkQ2x1YnZpc2l0YSI6IjExMTg3In0=/informe-arbitral-m-morelia-vs-toluca-jornada-11-estadio-jose-maria-morelos-y-pavon', 'text': ''}","{'type': 'link', 'href': 'https://www.ligafemenil.mx/cancha/mxm/88431/eyJpZERpdmlzaW9uIjoiMTQiLCJpZFRlbXBvcmFkYSI6IjY4IiwiaWRUb3JuZW8iOiIyIiwiaWRDbHVibG9jYWwiOiIxMTE4MyIsImlkQ2x1YnZpc2l0YSI6IjExMTg3IiwiaWRQYXJ0aWRvIjoiODg0MzEiLCJwZXN0YW5hIjoiNCJ9/minuto-a-minuto-m-morelia-vs-toluca-jornada-11-estadio-jose-maria-morelos-y-pavon', 'text': ''}","{'type': 'link', 'href': 'https://www.ligafemenil.mx/cancha/galeria/ODg0MzEvMTEvNjgvMi8xNA==/m-morelia-vs-toluca', 'text': ''}","{'type': 'link', 'href': 'https://www.ligafemenil.mx/cancha/playlist/88431/m-morelia-vs-toluca', 'text': ''}"
2017-2018,Clausura,"{'type': 'text', 'value': 'Lunes 19 de Marzo de 2018\nTemporada 2017-2018\nTorneo Clausura\nJornada 11\n19 Marzo 2018 - 21:00 hrs.'}","{'type': 'link', 'href': 'https://www.ligafemenil.mx/cancha/club/11192/santos-laguna', 'text': ''}","{'type': 'link', 'href': 'https://www.ligafemenil.mx/cancha/informeArbitral/88353/eyJpZERpdmlzaW9uIjoiMTQiLCJpZFRlbXBvcmFkYSI6IjY4IiwiaWRUb3JuZW8iOiIyIiwiaWRDbHVibG9jYWwiOjExMTkyLCJpZENsdWJ2aXNpdGEiOjExMjQzfQ==/informe-arbitral-santos-laguna-vs-leon-jornada-11-estadio-tsm-corona', 'text': '4 - 2'}","{'type': 'link', 'href': 'https://www.ligafemenil.mx/cancha/club/11243/leon', 'text': ''}","{'type': 'link', 'href': 'https://www.ligafemenil.mx/cancha/estadio/63/estadio-tsm-corona', 'text': 'TSM Corona'}","{'type': 'link', 'href': 'https://www.ligafemenil.mx/cancha/mxm/88353/eyJpZERpdmlzaW9uIjoiMTQiLCJpZFRlbXBvcmFkYSI6IjY4IiwiaWRUb3JuZW8iOiIyIiwiaWRDbHVibG9jYWwiOiIxMTE5MiIsImlkQ2x1YnZpc2l0YSI6IjExMjQzIiwiaWRQYXJ0aWRvIjoiODgzNTMiLCJwZXN0YW5hIjoiMSJ9/minuto-a-minuto-santos-laguna-vs-leon-jornada-11-estadio-tsm-corona', 'text': ''}","{'type': 'link', 'href': 'https://www.ligafemenil.mx/cancha/mxm/88353/eyJpZERpdmlzaW9uIjoiMTQiLCJpZFRlbXBvcmFkYSI6IjY4IiwiaWRUb3JuZW8iOiIyIiwiaWRDbHVibG9jYWwiOiIxMTE5MiIsImlkQ2x1YnZpc2l0YSI6IjExMjQzIiwiaWRQYXJ0aWRvIjoiODgzNTMiLCJwZXN0YW5hIjoiMyJ9/minuto-a-minuto-santos-laguna-vs-leon-jornada-11-estadio-tsm-corona', 'text': ''}","{'type': 'link', 'href': 'https://www.ligafemenil.mx/cancha/informeArbitral/88353/eyJpZERpdmlzaW9uIjoiMTQiLCJpZFRlbXBvcmFkYSI6IjY4IiwiaWRUb3JuZW8iOiIyIiwiaWRDbHVibG9jYWwiOiIxMTE5MiIsImlkQ2x1YnZpc2l0YSI6IjExMjQzIn0=/informe-arbitral-santos-laguna-vs-leon-jornada-11-estadio-tsm-corona', 'text': ''}","{'type': 'link', 'href': 'https://www.ligafemenil.mx/cancha/mxm/88353/eyJpZERpdmlzaW9uIjoiMTQiLCJpZFRlbXBvcmFkYSI6IjY4IiwiaWRUb3JuZW8iOiIyIiwiaWRDbHVibG9jYWwiOiIxMTE5MiIsImlkQ2x1YnZpc2l0YSI6IjExMjQzIiwiaWRQYXJ0aWRvIjoiODgzNTMiLCJwZXN0YW5hIjoiNCJ9/minuto-a-minuto-santos-laguna-vs-leon-jornada-11-estadio-tsm-corona', 'text': ''}","{'type': 'link', 'href': 'https://www.ligafemenil.mx/cancha/galeria/ODgzNTMvMTEvNjgvMi8xNA==/santos-laguna-vs-leon', 'text': ''}","{'type': 'link', 'href': 'https://www.ligafemenil.mx/cancha/playlist/88353/santos-laguna-vs-leon', 'text': ''}"
2017-2018,Clausura,"{'type': 'text', 'value': 'Lunes 19 de Marzo de 2018\nTemporada 2017-2018\nTorneo Clausura\nJornada 11\n19 Marzo 2018 - 20:00 hrs.'}","{'type': 'link', 'href': 'https://www.ligafemenil.mx/cancha/club/11180/tijuana', 'text': ''}","{'type': 'link', 'href': 'https://www.ligafemenil.mx/cancha/informeArbitral/88337/eyJpZERpdmlzaW9uIjoiMTQiLCJpZFRlbXBvcmFkYSI6IjY4IiwiaWRUb3JuZW8iOiIyIiwiaWRDbHVibG9jYWwiOjExMTgwLCJpZENsdWJ2aXNpdGEiOjExMTg0fQ==/informe-arbitral-tijuana-vs-pachuca-jornada-11-estadio-caliente', 'text': '2 - 4'}","{'type': 'link', 'href': 'https://www.ligafemenil.mx/cancha/club/11184/pachuca', 'text': ''}","{'type': 'link', 'href': 'https://www.ligafemenil.mx/cancha/estadio/48/estadio-caliente', 'text': 'Caliente'}","{'type': 'link', 'href': 'https://www.ligafemenil.mx/cancha/mxm/88337/eyJpZERpdmlzaW9uIjoiMTQiLCJpZFRlbXBvcmFkYSI6IjY4IiwiaWRUb3JuZW8iOiIyIiwiaWRDbHVibG9jYWwiOiIxMTE4MCIsImlkQ2x1YnZpc2l0YSI6IjExMTg0IiwiaWRQYXJ0aWRvIjoiODgzMzciLCJwZXN0YW5hIjoiMSJ9/minuto-a-minuto-tijuana-vs-pachuca-jornada-11-estadio-caliente', 'text': ''}","{'type': 'link', 'href': 'https://www.ligafemenil.mx/cancha/mxm/88337/eyJpZERpdmlzaW9uIjoiMTQiLCJpZFRlbXBvcmFkYSI6IjY4IiwiaWRUb3JuZW8iOiIyIiwiaWRDbHVibG9jYWwiOiIxMTE4MCIsImlkQ2x1YnZpc2l0YSI6IjExMTg0IiwiaWRQYXJ0aWRvIjoiODgzMzciLCJwZXN0YW5hIjoiMyJ9/minuto-a-minuto-tijuana-vs-pachuca-jornada-11-estadio-caliente', 'text': ''}","{'type': 'link', 'href': 'https://www.ligafemenil.mx/cancha/informeArbitral/88337/eyJpZERpdmlzaW9uIjoiMTQiLCJpZFRlbXBvcmFkYSI6IjY4IiwiaWRUb3JuZW8iOiIyIiwiaWRDbHVibG9jYWwiOiIxMTE4MCIsImlkQ2x1YnZpc2l0YSI6IjExMTg0In0=/informe-arbitral-tijuana-vs-pachuca-jornada-11-estadio-caliente', 'text': ''}","{'type': 'link', 'href': 'https://www.ligafemenil.mx/cancha/mxm/88337/eyJpZERpdmlzaW9uIjoiMTQiLCJpZFRlbXBvcmFkYSI6IjY4IiwiaWRUb3JuZW8iOiIyIiwiaWRDbHVibG9jYWwiOiIxMTE4MCIsImlkQ2x1YnZpc2l0YSI6IjExMTg0IiwiaWRQYXJ0aWRvIjoiODgzMzciLCJwZXN0YW5hIjoiNCJ9/minuto-a-minuto-tijuana-vs-pachuca-jornada-11-estadio-caliente', 'text': ''}","{'type': 'link', 'href': 'https://www.ligafemenil.mx/cancha/galeria/ODgzMzcvMTEvNjgvMi8xNA==/tijuana-vs-pachuca', 'text': ''}","{'type': 'link', 'href': 'https://www.ligafemenil.mx/cancha/playlist/88337/tijuana-vs-pachuca', 'text': ''}"
2017-2018,Clausura,"{'type': 'text', 'value': 'Viernes 23 de Marzo de 2018\nTemporada 2017-2018\nTorneo Clausura\nJornada 12\n23 Marzo 2018 - 17:00 hrs.'}","{'type': 'link', 'href': 'https://www.ligafemenil.mx/cancha/club/11243/leon', 'text': ''}","{'type': 'link', 'href': 'https://www.ligafemenil.mx/cancha/informeArbitral/88354/eyJpZERpdmlzaW9uIjoiMTQiLCJpZFRlbXBvcmFkYSI6IjY4IiwiaWRUb3JuZW8iOiIyIiwiaWRDbHVibG9jYWwiOjExMjQzLCJpZENsdWJ2aXNpdGEiOjExMTg2fQ==/informe-arbitral-leon-vs-tigres-de-la-uanl-jornada-12-estadio-nou-camp', 'text': '2 - 2'}","{'type': 'link', 'href': 'https://www.ligafemenil.mx/cancha/club/11186/tigres-de-la-uanl', 'text': ''}","{'type': 'link', 'href': 'https://www.ligafemenil.mx/cancha/estadio/23/estadio-nou-camp', 'text': 'Nou Camp'}","{'type': 'link', 'href': 'https://www.ligafemenil.mx/cancha/mxm/88354/eyJpZERpdmlzaW9uIjoiMTQiLCJpZFRlbXBvcmFkYSI6IjY4IiwiaWRUb3JuZW8iOiIyIiwiaWRDbHVibG9jYWwiOiIxMTI0MyIsImlkQ2x1YnZpc2l0YSI6IjExMTg2IiwiaWRQYXJ0aWRvIjoiODgzNTQiLCJwZXN0YW5hIjoiMSJ9/minuto-a-minuto-leon-vs-tigres-de-la-uanl-jornada-12-estadio-nou-camp', 'text': ''}","{'type': 'link', 'href': 'https://www.ligafemenil.mx/cancha/mxm/88354/eyJpZERpdmlzaW9uIjoiMTQiLCJpZFRlbXBvcmFkYSI6IjY4IiwiaWRUb3JuZW8iOiIyIiwiaWRDbHVibG9jYWwiOiIxMTI0MyIsImlkQ2x1YnZpc2l0YSI6IjExMTg2IiwiaWRQYXJ0aWRvIjoiODgzNTQiLCJwZXN0YW5hIjoiMyJ9/minuto-a-minuto-leon-vs-tigres-de-la-uanl-jornada-12-estadio-nou-camp', 'text': ''}","{'type': 'link', 'href': 'https://www.ligafemenil.mx/cancha/informeArbitral/88354/eyJpZERpdmlzaW9uIjoiMTQiLCJpZFRlbXBvcmFkYSI6IjY4IiwiaWRUb3JuZW8iOiIyIiwiaWRDbHVibG9jYWwiOiIxMTI0MyIsImlkQ2x1YnZpc2l0YSI6IjExMTg2In0=/informe-arbitral-leon-vs-tigres-de-la-uanl-jornada-12-estadio-nou-camp', 'text': ''}","{'type': 'link', 'href': 'https://www.ligafemenil.mx/cancha/mxm/88354/eyJpZERpdmlzaW9uIjoiMTQiLCJpZFRlbXBvcmFkYSI6IjY4IiwiaWRUb3JuZW8iOiIyIiwiaWRDbHVibG9jYWwiOiIxMTI0MyIsImlkQ2x1YnZpc2l0YSI6IjExMTg2IiwiaWRQYXJ0aWRvIjoiODgzNTQiLCJwZXN0YW5hIjoiNCJ9/minuto-a-minuto-leon-vs-tigres-de-la-uanl-jornada-12-estadio-nou-camp', 'text': ''}","{'type': 'link', 'href': 'https://www.ligafemenil.mx/cancha/galeria/ODgzNTQvMTIvNjgvMi8xNA==/leon-vs-tigres-de-la-uanl', 'text': ''}","{'type': 'link', 'href': 'https://www.ligafemenil.mx/cancha/playlist/88354/leon-vs-tigres-de-la-uanl', 'text': ''}"
2017-2018,Clausura,"{'type': 'text', 'value': 'Sábado 24 de Marzo de 2018\nTemporada 2017-2018\nTorneo Clausura\nJornada 12\n24 Marzo 2018 - 09:00 hrs.'}","{'type': 'link', 'href': 'https://www.ligafemenil.mx/cancha/club/11242/veracruz', 'text': ''}","{'type': 'link', 'href': 'https://www.ligafemenil.mx/cancha/informeArbitral/88420/eyJpZERpdmlzaW9uIjoiMTQiLCJpZFRlbXBvcmFkYSI6IjY4IiwiaWRUb3JuZW8iOiIyIiwiaWRDbHVibG9jYWwiOjExMjQyLCJpZENsdWJ2aXNpdGEiOjExMTgxfQ==/informe-arbitral-veracruz-vs-cruz-azul-jornada-12-estadio-centro-de-alto-rendimiento-cancha-1-am', 'text': '2 - 1'}","{'type': 'link', 'href': 'https://www.ligafemenil.mx/cancha/club/11181/cruz-azul', 'text': ''}","{'type': 'link', 'href': 'https://www.ligafemenil.mx/cancha/estadio/1416/estadio-centro-de-alto-rendimiento-cancha-1', 'text': 'Centro de Alto Rendimiento Cancha 1'}","{'type': 'link', 'href': 'https://www.ligafemenil.mx/cancha/mxm/88420/eyJpZERpdmlzaW9uIjoiMTQiLCJpZFRlbXBvcmFkYSI6IjY4IiwiaWRUb3JuZW8iOiIyIiwiaWRDbHVibG9jYWwiOiIxMTI0MiIsImlkQ2x1YnZpc2l0YSI6IjExMTgxIiwiaWRQYXJ0aWRvIjoiODg0MjAiLCJwZXN0YW5hIjoiMSJ9/minuto-a-minuto-veracruz-vs-cruz-azul-jornada-12-estadio-centro-de-alto-rendimiento-cancha-1-am', 'text': ''}","{'type': 'link', 'href': 'https://www.ligafemenil.mx/cancha/mxm/88420/eyJpZERpdmlzaW9uIjoiMTQiLCJpZFRlbXBvcmFkYSI6IjY4IiwiaWRUb3JuZW8iOiIyIiwiaWRDbHVibG9jYWwiOiIxMTI0MiIsImlkQ2x1YnZpc2l0YSI6IjExMTgxIiwiaWRQYXJ0aWRvIjoiODg0MjAiLCJwZXN0YW5hIjoiMyJ9/minuto-a-minuto-veracruz-vs-cruz-azul-jornada-12-estadio-centro-de-alto-rendimiento-cancha-1-am', 'text': ''}","{'type': 'link', 'href': 'https://www.ligafemenil.mx/cancha/informeArbitral/88420/eyJpZERpdmlzaW9uIjoiMTQiLCJpZFRlbXBvcmFkYSI6IjY4IiwiaWRUb3JuZW8iOiIyIiwiaWRDbHVibG9jYWwiOiIxMTI0MiIsImlkQ2x1YnZpc2l0YSI6IjExMTgxIn0=/informe-arbitral-veracruz-vs-cruz-azul-jornada-12-estadio-centro-de-alto-rendimiento-cancha-1-am', 'text': ''}","{'type': 'link', 'href': 'https://www.ligafemenil.mx/cancha/mxm/88420/eyJpZERpdmlzaW9uIjoiMTQiLCJpZFRlbXBvcmFkYSI6IjY4IiwiaWRUb3JuZW8iOiIyIiwiaWRDbHVibG9jYWwiOiIxMTI0MiIsImlkQ2x1YnZpc2l0YSI6IjExMTgxIiwiaWRQYXJ0aWRvIjoiODg0MjAiLCJwZXN0YW5hIjoiNCJ9/minuto-a-minuto-veracruz-vs-cruz-azul-jornada-12-estadio-centro-de-alto-rendimiento-cancha-1-am', 'text': ''}","{'type': 'link', 'href': 'https://www.ligafemenil.mx/cancha/galeria/ODg0MjAvMTIvNjgvMi8xNA==/veracruz-vs-cruz-azul', 'text': ''}","{'type': 'link', 'href': 'https://www.ligafemenil.mx/cancha/playlist/88420/veracruz-vs-cruz-azul', 'text': ''}"
2017-2018,Clausura,"{'type': 'text', 'value': 'Sábado 24 de Marzo de 2018\nTemporada 2017-2018\nTorneo Clausura\nJornada 12\n24 Marzo 2018 - 11:00 hrs.'}","{'type': 'link', 'href': 'https://www.ligafemenil.mx/cancha/club/11244/queretaro', 'text': ''}","{'type': 'link', 'href': 'https://www.ligafemenil.mx/cancha/informeArbitral/88355/eyJpZERpdmlzaW9uIjoiMTQiLCJpZFRlbXBvcmFkYSI6IjY4IiwiaWRUb3JuZW8iOiIyIiwiaWRDbHVibG9jYWwiOjExMjQ0LCJpZENsdWJ2aXNpdGEiOjExMTg5fQ==/informe-arbitral-queretaro-vs-necaxa-jornada-12-estadio-la-corregidora-claro-sports', 'text': '4 - 1'}","{'type': 'link', 'href': 'https://www.ligafemenil.mx/cancha/club/11189/necaxa', 'text': ''}","{'type': 'link', 'href': 'https://www.ligafemenil.mx/cancha/estadio/25/estadio-la-corregidora', 'text': 'La Corregidora'}","{'type': 'link', 'href': 'https://www.ligafemenil.mx/cancha/mxm/88355/eyJpZERpdmlzaW9uIjoiMTQiLCJpZFRlbXBvcmFkYSI6IjY4IiwiaWRUb3JuZW8iOiIyIiwiaWRDbHVibG9jYWwiOiIxMTI0NCIsImlkQ2x1YnZpc2l0YSI6IjExMTg5IiwiaWRQYXJ0aWRvIjoiODgzNTUiLCJwZXN0YW5hIjoiMSJ9/minuto-a-minuto-queretaro-vs-necaxa-jornada-12-estadio-la-corregidora-claro-sports', 'text': ''}","{'type': 'link', 'href': 'https://www.ligafemenil.mx/cancha/mxm/88355/eyJpZERpdmlzaW9uIjoiMTQiLCJpZFRlbXBvcmFkYSI6IjY4IiwiaWRUb3JuZW8iOiIyIiwiaWRDbHVibG9jYWwiOiIxMTI0NCIsImlkQ2x1YnZpc2l0YSI6IjExMTg5IiwiaWRQYXJ0aWRvIjoiODgzNTUiLCJwZXN0YW5hIjoiMyJ9/minuto-a-minuto-queretaro-vs-necaxa-jornada-12-estadio-la-corregidora-claro-sports', 'text': ''}","{'type': 'link', 'href': 'https://www.ligafemenil.mx/cancha/informeArbitral/88355/eyJpZERpdmlzaW9uIjoiMTQiLCJpZFRlbXBvcmFkYSI6IjY4IiwiaWRUb3JuZW8iOiIyIiwiaWRDbHVibG9jYWwiOiIxMTI0NCIsImlkQ2x1YnZpc2l0YSI6IjExMTg5In0=/informe-arbitral-queretaro-vs-necaxa-jornada-12-estadio-la-corregidora-claro-sports', 'text': ''}","{'type': 'link', 'href': 'https://www.ligafemenil.mx/cancha/mxm/88355/eyJpZERpdmlzaW9uIjoiMTQiLCJpZFRlbXBvcmFkYSI6IjY4IiwiaWRUb3JuZW8iOiIyIiwiaWRDbHVibG9jYWwiOiIxMTI0NCIsImlkQ2x1YnZpc2l0YSI6IjExMTg5IiwiaWRQYXJ0aWRvIjoiODgzNTUiLCJwZXN0YW5hIjoiNCJ9/minuto-a-minuto-queretaro-vs-necaxa-jornada-12-estadio-la-corregidora-claro-sports', 'text': ''}","{'type': 'link', 'href': 'https://www.ligafemenil.mx/cancha/galeria/ODgzNTUvMTIvNjgvMi8xNA==/queretaro-vs-necaxa', 'text': ''}","{'type': 'link', 'href': 'https://www.ligafemenil.mx/cancha/playlist/88355/queretaro-vs-necaxa', 'text': ''}"
2017-2018,Clausura,"{'type': 'text', 'value': 'Domingo 25 de Marzo de 2018\nTemporada 2017-2018\nTorneo Clausura\nJornada 12\n25 Marzo 2018 - 12:30 hrs.'}","{'type': 'link', 'href': 'https://www.ligafemenil.mx/cancha/club/11182/guadalajara', 'text': ''}","{'type': 'link', 'href': 'https://www.ligafemenil.mx/cancha/informeArbitral/88359/eyJpZERpdmlzaW9uIjoiMTQiLCJpZFRlbXBvcmFkYSI6IjY4IiwiaWRUb3JuZW8iOiIyIiwiaWRDbHVibG9jYWwiOjExMTgyLCJpZENsdWJ2aXNpdGEiOjExMTkyfQ==/informe-arbitral-guadalajara-vs-santos-laguna-jornada-12-estadio-verde-valle-chivas-tv', 'text': '0 - 1'}","{'type': 'link', 'href': 'https://www.ligafemenil.mx/cancha/club/11192/santos-laguna', 'text': ''}","{'type': 'link', 'href': 'https://www.ligafemenil.mx/cancha/estadio/36/estadio-verde-valle', 'text': 'Verde Valle'}","{'type': 'link', 'href': 'https://www.ligafemenil.mx/cancha/mxm/88359/eyJpZERpdmlzaW9uIjoiMTQiLCJpZFRlbXBvcmFkYSI6IjY4IiwiaWRUb3JuZW8iOiIyIiwiaWRDbHVibG9jYWwiOiIxMTE4MiIsImlkQ2x1YnZpc2l0YSI6IjExMTkyIiwiaWRQYXJ0aWRvIjoiODgzNTkiLCJwZXN0YW5hIjoiMSJ9/minuto-a-minuto-guadalajara-vs-santos-laguna-jornada-12-estadio-verde-valle-chivas-tv', 'text': ''}","{'type': 'link', 'href': 'https://www.ligafemenil.mx/cancha/mxm/88359/eyJpZERpdmlzaW9uIjoiMTQiLCJpZFRlbXBvcmFkYSI6IjY4IiwiaWRUb3JuZW8iOiIyIiwiaWRDbHVibG9jYWwiOiIxMTE4MiIsImlkQ2x1YnZpc2l0YSI6IjExMTkyIiwiaWRQYXJ0aWRvIjoiODgzNTkiLCJwZXN0YW5hIjoiMyJ9/minuto-a-minuto-guadalajara-vs-santos-laguna-jornada-12-estadio-verde-valle-chivas-tv', 'text': ''}","{'type': 'link', 'href': 'https://www.ligafemenil.mx/cancha/informeArbitral/88359/eyJpZERpdmlzaW9uIjoiMTQiLCJpZFRlbXBvcmFkYSI6IjY4IiwiaWRUb3JuZW8iOiIyIiwiaWRDbHVibG9jYWwiOiIxMTE4MiIsImlkQ2x1YnZpc2l0YSI6IjExMTkyIn0=/informe-arbitral-guadalajara-vs-santos-laguna-jornada-12-estadio-verde-valle-chivas-tv', 'text': ''}","{'type': 'link', 'href': 'https://www.ligafemenil.mx/cancha/mxm/88359/eyJpZERpdmlzaW9uIjoiMTQiLCJpZFRlbXBvcmFkYSI6IjY4IiwiaWRUb3JuZW8iOiIyIiwiaWRDbHVibG9jYWwiOiIxMTE4MiIsImlkQ2x1YnZpc2l0YSI6IjExMTkyIiwiaWRQYXJ0aWRvIjoiODgzNTkiLCJwZXN0YW5hIjoiNCJ9/minuto-a-minuto-guadalajara-vs-santos-laguna-jornada-12-estadio-verde-valle-chivas-tv', 'text': ''}","{'type': 'link', 'href': 'https://www.ligafemenil.mx/cancha/galeria/ODgzNTkvMTIvNjgvMi8xNA==/guadalajara-vs-santos-laguna', 'text': ''}","{'type': 'link', 'href': 'https://www.ligafemenil.mx/cancha/playlist/88359/guadalajara-vs-santos-laguna', 'text': ''}"
2017-2018,Clausura,"{'type': 'text', 'value': 'Lunes 26 de Marzo de 2018\nTemporada 2017-2018\nTorneo Clausura\nJornada 12\n26 Marzo 2018 - 18:00 hrs.'}","{'type': 'link', 'href': 'https://www.ligafemenil.mx/cancha/club/11187/toluca', 'text': ''}","{'type': 'link', 'href': 'https://www.ligafemenil.mx/cancha/informeArbitral/88425/eyJpZERpdmlzaW9uIjoiMTQiLCJpZFRlbXBvcmFkYSI6IjY4IiwiaWRUb3JuZW8iOiIyIiwiaWRDbHVibG9jYWwiOjExMTg3LCJpZENsdWJ2aXNpdGEiOjExMTg4fQ==/informe-arbitral-toluca-vs-pumas-jornada-12-estadio-nemesio-diez-tdn', 'text': '0 - 1'}","{'type': 'link', 'href': 'https://www.ligafemenil.mx/cancha/club/11188/pumas', 'text': ''}","{'type': 'link', 'href': 'https://www.ligafemenil.mx/cancha/estadio/6/estadio-nemesio-diez', 'text': 'Nemesio Diez'}","{'type': 'link', 'href': 'https://www.ligafemenil.mx/cancha/mxm/88425/eyJpZERpdmlzaW9uIjoiMTQiLCJpZFRlbXBvcmFkYSI6IjY4IiwiaWRUb3JuZW8iOiIyIiwiaWRDbHVibG9jYWwiOiIxMTE4NyIsImlkQ2x1YnZpc2l0YSI6IjExMTg4IiwiaWRQYXJ0aWRvIjoiODg0MjUiLCJwZXN0YW5hIjoiMSJ9/minuto-a-minuto-toluca-vs-pumas-jornada-12-estadio-nemesio-diez-tdn', 'text': ''}","{'type': 'link', 'href': 'https://www.ligafemenil.mx/cancha/mxm/88425/eyJpZERpdmlzaW9uIjoiMTQiLCJpZFRlbXBvcmFkYSI6IjY4IiwiaWRUb3JuZW8iOiIyIiwiaWRDbHVibG9jYWwiOiIxMTE4NyIsImlkQ2x1YnZpc2l0YSI6IjExMTg4IiwiaWRQYXJ0aWRvIjoiODg0MjUiLCJwZXN0YW5hIjoiMyJ9/minuto-a-minuto-toluca-vs-pumas-jornada-12-estadio-nemesio-diez-tdn', 'text': ''}","{'type': 'link', 'href': 'https://www.ligafemenil.mx/cancha/informeArbitral/88425/eyJpZERpdmlzaW9uIjoiMTQiLCJpZFRlbXBvcmFkYSI6IjY4IiwiaWRUb3JuZW8iOiIyIiwiaWRDbHVibG9jYWwiOiIxMTE4NyIsImlkQ2x1YnZpc2l0YSI6IjExMTg4In0=/informe-arbitral-toluca-vs-pumas-jornada-12-estadio-nemesio-diez-tdn', 'text': ''}","{'type': 'link', 'href': 'https://www.ligafemenil.mx/cancha/mxm/88425/eyJpZERpdmlzaW9uIjoiMTQiLCJpZFRlbXBvcmFkYSI6IjY4IiwiaWRUb3JuZW8iOiIyIiwiaWRDbHVibG9jYWwiOiIxMTE4NyIsImlkQ2x1YnZpc2l0YSI6IjExMTg4IiwiaWRQYXJ0aWRvIjoiODg0MjUiLCJwZXN0YW5hIjoiNCJ9/minuto-a-minuto-toluca-vs-pumas-jornada-12-estadio-nemesio-diez-tdn', 'text': ''}","{'type': 'link', 'href': 'https://www.ligafemenil.mx/cancha/galeria/ODg0MjUvMTIvNjgvMi8xNA==/toluca-vs-pumas', 'text': ''}","{'type': 'link', 'href': 'https://www.ligafemenil.mx/cancha/playlist/88425/toluca-vs-pumas', 'text': ''}"
2017-2018,Clausura,"{'type': 'text', 'value': 'Lunes 26 de Marzo de 2018\nTemporada 2017-2018\nTorneo Clausura\nJornada 12\n26 Marzo 2018 - 19:00 hrs.'}","{'type': 'link', 'href': 'https://www.ligafemenil.mx/cancha/club/11184/pachuca', 'text': ''}","{'type': 'link', 'href': 'https://www.ligafemenil.mx/cancha/informeArbitral/88352/eyJpZERpdmlzaW9uIjoiMTQiLCJpZFRlbXBvcmFkYSI6IjY4IiwiaWRUb3JuZW8iOiIyIiwiaWRDbHVibG9jYWwiOjExMTg0LCJpZENsdWJ2aXNpdGEiOjExMTgzfQ==/informe-arbitral-pachuca-vs-m-morelia-jornada-12-estadio-hidalgo', 'text': '4 - 1'}","{'type': 'link', 'href': 'https://www.ligafemenil.mx/cancha/club/11183/m-morelia', 'text': ''}","{'type': 'link', 'href': 'https://www.ligafemenil.mx/cancha/estadio/11/estadio-hidalgo', 'text': 'Hidalgo'}","{'type': 'link', 'href': 'https://www.ligafemenil.mx/cancha/mxm/88352/eyJpZERpdmlzaW9uIjoiMTQiLCJpZFRlbXBvcmFkYSI6IjY4IiwiaWRUb3JuZW8iOiIyIiwiaWRDbHVibG9jYWwiOiIxMTE4NCIsImlkQ2x1YnZpc2l0YSI6IjExMTgzIiwiaWRQYXJ0aWRvIjoiODgzNTIiLCJwZXN0YW5hIjoiMSJ9/minuto-a-minuto-pachuca-vs-m-morelia-jornada-12-estadio-hidalgo', 'text': ''}","{'type': 'link', 'href': 'https://www.ligafemenil.mx/cancha/mxm/88352/eyJpZERpdmlzaW9uIjoiMTQiLCJpZFRlbXBvcmFkYSI6IjY4IiwiaWRUb3JuZW8iOiIyIiwiaWRDbHVibG9jYWwiOiIxMTE4NCIsImlkQ2x1YnZpc2l0YSI6IjExMTgzIiwiaWRQYXJ0aWRvIjoiODgzNTIiLCJwZXN0YW5hIjoiMyJ9/minuto-a-minuto-pachuca-vs-m-morelia-jornada-12-estadio-hidalgo', 'text': ''}","{'type': 'link', 'href': 'https://www.ligafemenil.mx/cancha/informeArbitral/88352/eyJpZERpdmlzaW9uIjoiMTQiLCJpZFRlbXBvcmFkYSI6IjY4IiwiaWRUb3JuZW8iOiIyIiwiaWRDbHVibG9jYWwiOiIxMTE4NCIsImlkQ2x1YnZpc2l0YSI6IjExMTgzIn0=/informe-arbitral-pachuca-vs-m-morelia-jornada-12-estadio-hidalgo', 'text': ''}","{'type': 'link', 'href': 'https://www.ligafemenil.mx/cancha/mxm/88352/eyJpZERpdmlzaW9uIjoiMTQiLCJpZFRlbXBvcmFkYSI6IjY4IiwiaWRUb3JuZW8iOiIyIiwiaWRDbHVibG9jYWwiOiIxMTE4NCIsImlkQ2x1YnZpc2l0YSI6IjExMTgzIiwiaWRQYXJ0aWRvIjoiODgzNTIiLCJwZXN0YW5hIjoiNCJ9/minuto-a-minuto-pachuca-vs-m-morelia-jornada-12-estadio-hidalgo', 'text': ''}","{'type': 'link', 'href': 'https://www.ligafemenil.mx/cancha/galeria/ODgzNTIvMTIvNjgvMi8xNA==/pachuca-vs-m-morelia', 'text': ''}","{'type': 'link', 'href': 'https://www.ligafemenil.mx/cancha/playlist/88352/pachuca-vs-m-morelia', 'text': ''}"
2017-2018,Clausura,"{'type': 'text', 'value': 'Lunes 26 de Marzo de 2018\nTemporada 2017-2018\nTorneo Clausura\nJornada 12\n26 Marzo 2018 - 20:00 hrs.'}","{'type': 'link', 'href': 'https://www.ligafemenil.mx/cancha/club/11191/america', 'text': ''}","{'type': 'link', 'href': 'https://www.ligafemenil.mx/cancha/informeArbitral/88399/eyJpZERpdmlzaW9uIjoiMTQiLCJpZFRlbXBvcmFkYSI6IjY4IiwiaWRUb3JuZW8iOiIyIiwiaWRDbHVibG9jYWwiOjExMTkxLCJpZENsdWJ2aXNpdGEiOjExMTgwfQ==/informe-arbitral-america-vs-tijuana-jornada-12-estadio-azteca-tdn', 'text': '3 - 0'}","{'type': 'link', 'href': 'https://www.ligafemenil.mx/cancha/club/11180/tijuana', 'text': ''}","{'type': 'link', 'href': 'https://www.ligafemenil.mx/cancha/estadio/1/estadio-azteca', 'text': 'Azteca'}","{'type': 'link', 'href': 'https://www.ligafemenil.mx/cancha/mxm/88399/eyJpZERpdmlzaW9uIjoiMTQiLCJpZFRlbXBvcmFkYSI6IjY4IiwiaWRUb3JuZW8iOiIyIiwiaWRDbHVibG9jYWwiOiIxMTE5MSIsImlkQ2x1YnZpc2l0YSI6IjExMTgwIiwiaWRQYXJ0aWRvIjoiODgzOTkiLCJwZXN0YW5hIjoiMSJ9/minuto-a-minuto-america-vs-tijuana-jornada-12-estadio-azteca-tdn', 'text': ''}","{'type': 'link', 'href': 'https://www.ligafemenil.mx/cancha/mxm/88399/eyJpZERpdmlzaW9uIjoiMTQiLCJpZFRlbXBvcmFkYSI6IjY4IiwiaWRUb3JuZW8iOiIyIiwiaWRDbHVibG9jYWwiOiIxMTE5MSIsImlkQ2x1YnZpc2l0YSI6IjExMTgwIiwiaWRQYXJ0aWRvIjoiODgzOTkiLCJwZXN0YW5hIjoiMyJ9/minuto-a-minuto-america-vs-tijuana-jornada-12-estadio-azteca-tdn', 'text': ''}","{'type': 'link', 'href': 'https://www.ligafemenil.mx/cancha/informeArbitral/88399/eyJpZERpdmlzaW9uIjoiMTQiLCJpZFRlbXBvcmFkYSI6IjY4IiwiaWRUb3JuZW8iOiIyIiwiaWRDbHVibG9jYWwiOiIxMTE5MSIsImlkQ2x1YnZpc2l0YSI6IjExMTgwIn0=/informe-arbitral-america-vs-tijuana-jornada-12-estadio-azteca-tdn', 'text': ''}","{'type': 'link', 'href': 'https://www.ligafemenil.mx/cancha/mxm/88399/eyJpZERpdmlzaW9uIjoiMTQiLCJpZFRlbXBvcmFkYSI6IjY4IiwiaWRUb3JuZW8iOiIyIiwiaWRDbHVibG9jYWwiOiIxMTE5MSIsImlkQ2x1YnZpc2l0YSI6IjExMTgwIiwiaWRQYXJ0aWRvIjoiODgzOTkiLCJwZXN0YW5hIjoiNCJ9/minuto-a-minuto-america-vs-tijuana-jornada-12-estadio-azteca-tdn', 'text': ''}","{'type': 'link', 'href': 'https://www.ligafemenil.mx/cancha/galeria/ODgzOTkvMTIvNjgvMi8xNA==/america-vs-tijuana', 'text': ''}","{'type': 'link', 'href': 'https://www.ligafemenil.mx/cancha/playlist/88399/america-vs-tijuana', 'text': ''}"
2017-2018,Clausura,"{'type': 'text', 'value': 'Lunes 26 de Marzo de 2018\nTemporada 2017-2018\nTorneo Clausura\nJornada 12\n26 Marzo 2018 - 21:00 hrs.'}","{'type': 'link', 'href': 'https://www.ligafemenil.mx/cancha/club/11185/rayados-de-monterrey', 'text': ''}","{'type': 'link', 'href': 'https://www.ligafemenil.mx/cancha/informeArbitral/88358/eyJpZERpdmlzaW9uIjoiMTQiLCJpZFRlbXBvcmFkYSI6IjY4IiwiaWRUb3JuZW8iOiIyIiwiaWRDbHVibG9jYWwiOjExMTg1LCJpZENsdWJ2aXNpdGEiOjExMjQ1fQ==/informe-arbitral-rayados-de-monterrey-vs-atlas-jornada-12-estadio-bbva-bancomer-fox-sports', 'text': '6 - 1'}","{'type': 'link', 'href': 'https://www.ligafemenil.mx/cancha/club/11245/atlas', 'text': ''}","{'type': 'link', 'href': 'https://www.ligafemenil.mx/cancha/estadio/793/estadio-bbva-bancomer', 'text': 'Estadio BBVA Bancomer'}","{'type': 'link', 'href': 'https://www.ligafemenil.mx/cancha/mxm/88358/eyJpZERpdmlzaW9uIjoiMTQiLCJpZFRlbXBvcmFkYSI6IjY4IiwiaWRUb3JuZW8iOiIyIiwiaWRDbHVibG9jYWwiOiIxMTE4NSIsImlkQ2x1YnZpc2l0YSI6IjExMjQ1IiwiaWRQYXJ0aWRvIjoiODgzNTgiLCJwZXN0YW5hIjoiMSJ9/minuto-a-minuto-rayados-de-monterrey-vs-atlas-jornada-12-estadio-bbva-bancomer-fox-sports', 'text': ''}","{'type': 'link', 'href': 'https://www.ligafemenil.mx/cancha/mxm/88358/eyJpZERpdmlzaW9uIjoiMTQiLCJpZFRlbXBvcmFkYSI6IjY4IiwiaWRUb3JuZW8iOiIyIiwiaWRDbHVibG9jYWwiOiIxMTE4NSIsImlkQ2x1YnZpc2l0YSI6IjExMjQ1IiwiaWRQYXJ0aWRvIjoiODgzNTgiLCJwZXN0YW5hIjoiMyJ9/minuto-a-minuto-rayados-de-monterrey-vs-atlas-jornada-12-estadio-bbva-bancomer-fox-sports', 'text': ''}","{'type': 'link', 'href': 'https://www.ligafemenil.mx/cancha/informeArbitral/88358/eyJpZERpdmlzaW9uIjoiMTQiLCJpZFRlbXBvcmFkYSI6IjY4IiwiaWRUb3JuZW8iOiIyIiwiaWRDbHVibG9jYWwiOiIxMTE4NSIsImlkQ2x1YnZpc2l0YSI6IjExMjQ1In0=/informe-arbitral-rayados-de-monterrey-vs-atlas-jornada-12-estadio-bbva-bancomer-fox-sports', 'text': ''}","{'type': 'link', 'href': 'https://www.ligafemenil.mx/cancha/mxm/88358/eyJpZERpdmlzaW9uIjoiMTQiLCJpZFRlbXBvcmFkYSI6IjY4IiwiaWRUb3JuZW8iOiIyIiwiaWRDbHVibG9jYWwiOiIxMTE4NSIsImlkQ2x1YnZpc2l0YSI6IjExMjQ1IiwiaWRQYXJ0aWRvIjoiODgzNTgiLCJwZXN0YW5hIjoiNCJ9/minuto-a-minuto-rayados-de-monterrey-vs-atlas-jornada-12-estadio-bbva-bancomer-fox-sports', 'text': ''}","{'type': 'link', 'href': 'https://www.ligafemenil.mx/cancha/galeria/ODgzNTgvMTIvNjgvMi8xNA==/rayados-de-monterrey-vs-atlas', 'text': ''}","{'type': 'link', 'href': 'https://www.ligafemenil.mx/cancha/playlist/88358/rayados-de-monterrey-vs-atlas', 'text': ''}"
2017-2018,Clausura,"{'type': 'text', 'value': 'Viernes 30 de Marzo de 2018\nTemporada 2017-2018\nTorneo Clausura\nJornada 13\n30 Marzo 2018 - 17:00 hrs.'}","{'type': 'link', 'href': 'https://www.ligafemenil.mx/cancha/club/11243/leon', 'text': ''}","{'type': 'link', 'href': 'https://www.ligafemenil.mx/cancha/informeArbitral/88363/eyJpZERpdmlzaW9uIjoiMTQiLCJpZFRlbXBvcmFkYSI6IjY4IiwiaWRUb3JuZW8iOiIyIiwiaWRDbHVibG9jYWwiOjExMjQzLCJpZENsdWJ2aXNpdGEiOjExMjQ0fQ==/informe-arbitral-leon-vs-queretaro-jornada-13-estadio-nou-camp', 'text': '2 - 2'}","{'type': 'link', 'href': 'https://www.ligafemenil.mx/cancha/club/11244/queretaro', 'text': ''}","{'type': 'link', 'href': 'https://www.ligafemenil.mx/cancha/estadio/23/estadio-nou-camp', 'text': 'Nou Camp'}","{'type': 'link', 'href': 'https://www.ligafemenil.mx/cancha/mxm/88363/eyJpZERpdmlzaW9uIjoiMTQiLCJpZFRlbXBvcmFkYSI6IjY4IiwiaWRUb3JuZW8iOiIyIiwiaWRDbHVibG9jYWwiOiIxMTI0MyIsImlkQ2x1YnZpc2l0YSI6IjExMjQ0IiwiaWRQYXJ0aWRvIjoiODgzNjMiLCJwZXN0YW5hIjoiMSJ9/minuto-a-minuto-leon-vs-queretaro-jornada-13-estadio-nou-camp', 'text': ''}","{'type': 'link', 'href': 'https://www.ligafemenil.mx/cancha/mxm/88363/eyJpZERpdmlzaW9uIjoiMTQiLCJpZFRlbXBvcmFkYSI6IjY4IiwiaWRUb3JuZW8iOiIyIiwiaWRDbHVibG9jYWwiOiIxMTI0MyIsImlkQ2x1YnZpc2l0YSI6IjExMjQ0IiwiaWRQYXJ0aWRvIjoiODgzNjMiLCJwZXN0YW5hIjoiMyJ9/minuto-a-minuto-leon-vs-queretaro-jornada-13-estadio-nou-camp', 'text': ''}","{'type': 'link', 'href': 'https://www.ligafemenil.mx/cancha/informeArbitral/88363/eyJpZERpdmlzaW9uIjoiMTQiLCJpZFRlbXBvcmFkYSI6IjY4IiwiaWRUb3JuZW8iOiIyIiwiaWRDbHVibG9jYWwiOiIxMTI0MyIsImlkQ2x1YnZpc2l0YSI6IjExMjQ0In0=/informe-arbitral-leon-vs-queretaro-jornada-13-estadio-nou-camp', 'text': ''}","{'type': 'link', 'href': 'https://www.ligafemenil.mx/cancha/mxm/88363/eyJpZERpdmlzaW9uIjoiMTQiLCJpZFRlbXBvcmFkYSI6IjY4IiwiaWRUb3JuZW8iOiIyIiwiaWRDbHVibG9jYWwiOiIxMTI0MyIsImlkQ2x1YnZpc2l0YSI6IjExMjQ0IiwiaWRQYXJ0aWRvIjoiODgzNjMiLCJwZXN0YW5hIjoiNCJ9/minuto-a-minuto-leon-vs-queretaro-jornada-13-estadio-nou-camp', 'text': ''}","{'type': 'link', 'href': 'https://www.ligafemenil.mx/cancha/galeria/ODgzNjMvMTMvNjgvMi8xNA==/leon-vs-queretaro', 'text': ''}","{'type': 'link', 'href': 'https://www.ligafemenil.mx/cancha/playlist/88363/leon-vs-queretaro', 'text': ''}"
2017-2018,Clausura,"{'type': 'text', 'value': 'Sábado 31 de Marzo de 2018\nTemporada 2017-2018\nTorneo Clausura\nJornada 13\n31 Marzo 2018 - 11:00 hrs.'}","{'type': 'link', 'href': 'https://www.ligafemenil.mx/cancha/club/11245/atlas', 'text': ''}","{'type': 'link', 'href': 'https://www.ligafemenil.mx/cancha/informeArbitral/88365/eyJpZERpdmlzaW9uIjoiMTQiLCJpZFRlbXBvcmFkYSI6IjY4IiwiaWRUb3JuZW8iOiIyIiwiaWRDbHVibG9jYWwiOjExMjQ1LCJpZENsdWJ2aXNpdGEiOjExMTg5fQ==/informe-arbitral-atlas-vs-necaxa-jornada-13-estadio-cancha-alfredo-pistache-torres-tvc-deportes', 'text': '3 - 0'}","{'type': 'link', 'href': 'https://www.ligafemenil.mx/cancha/club/11189/necaxa', 'text': ''}","{'type': 'link', 'href': 'https://www.ligafemenil.mx/cancha/estadio/881/estadio-cancha-alfredo-pistache-torres', 'text': 'CANCHA ALFREDO PISTACHE TORRES'}","{'type': 'link', 'href': 'https://www.ligafemenil.mx/cancha/mxm/88365/eyJpZERpdmlzaW9uIjoiMTQiLCJpZFRlbXBvcmFkYSI6IjY4IiwiaWRUb3JuZW8iOiIyIiwiaWRDbHVibG9jYWwiOiIxMTI0NSIsImlkQ2x1YnZpc2l0YSI6IjExMTg5IiwiaWRQYXJ0aWRvIjoiODgzNjUiLCJwZXN0YW5hIjoiMSJ9/minuto-a-minuto-atlas-vs-necaxa-jornada-13-estadio-cancha-alfredo-pistache-torres-tvc-deportes', 'text': ''}","{'type': 'link', 'href': 'https://www.ligafemenil.mx/cancha/mxm/88365/eyJpZERpdmlzaW9uIjoiMTQiLCJpZFRlbXBvcmFkYSI6IjY4IiwiaWRUb3JuZW8iOiIyIiwiaWRDbHVibG9jYWwiOiIxMTI0NSIsImlkQ2x1YnZpc2l0YSI6IjExMTg5IiwiaWRQYXJ0aWRvIjoiODgzNjUiLCJwZXN0YW5hIjoiMyJ9/minuto-a-minuto-atlas-vs-necaxa-jornada-13-estadio-cancha-alfredo-pistache-torres-tvc-deportes', 'text': ''}","{'type': 'link', 'href': 'https://www.ligafemenil.mx/cancha/informeArbitral/88365/eyJpZERpdmlzaW9uIjoiMTQiLCJpZFRlbXBvcmFkYSI6IjY4IiwiaWRUb3JuZW8iOiIyIiwiaWRDbHVibG9jYWwiOiIxMTI0NSIsImlkQ2x1YnZpc2l0YSI6IjExMTg5In0=/informe-arbitral-atlas-vs-necaxa-jornada-13-estadio-cancha-alfredo-pistache-torres-tvc-deportes', 'text': ''}","{'type': 'link', 'href': 'https://www.ligafemenil.mx/cancha/mxm/88365/eyJpZERpdmlzaW9uIjoiMTQiLCJpZFRlbXBvcmFkYSI6IjY4IiwiaWRUb3JuZW8iOiIyIiwiaWRDbHVibG9jYWwiOiIxMTI0NSIsImlkQ2x1YnZpc2l0YSI6IjExMTg5IiwiaWRQYXJ0aWRvIjoiODgzNjUiLCJwZXN0YW5hIjoiNCJ9/minuto-a-minuto-atlas-vs-necaxa-jornada-13-estadio-cancha-alfredo-pistache-torres-tvc-deportes', 'text': ''}","{'type': 'link', 'href': 'https://www.ligafemenil.mx/cancha/galeria/ODgzNjUvMTMvNjgvMi8xNA==/atlas-vs-necaxa', 'text': ''}","{'type': 'link', 'href': 'https://www.ligafemenil.mx/cancha/playlist/88365/atlas-vs-necaxa', 'text': ''}"
2017-2018,Clausura,"{'type': 'text', 'value': 'Sábado 31 de Marzo de 2018\nTemporada 2017-2018\nTorneo Clausura\nJornada 13\n31 Marzo 2018 - 12:00 hrs.'}","{'type': 'link', 'href': 'https://www.ligafemenil.mx/cancha/club/11188/pumas', 'text': ''}","{'type': 'link', 'href': 'https://www.ligafemenil.mx/cancha/informeArbitral/88342/eyJpZERpdmlzaW9uIjoiMTQiLCJpZFRlbXBvcmFkYSI6IjY4IiwiaWRUb3JuZW8iOiIyIiwiaWRDbHVibG9jYWwiOjExMTg4LCJpZENsdWJ2aXNpdGEiOjExMTg0fQ==/informe-arbitral-pumas-vs-pachuca-jornada-13-estadio-la-cantera-cancha-1-tdn', 'text': '0 - 1'}","{'type': 'link', 'href': 'https://www.ligafemenil.mx/cancha/club/11184/pachuca', 'text': ''}","{'type': 'link', 'href': 'https://www.ligafemenil.mx/cancha/estadio/1146/estadio-la-cantera-cancha-1', 'text': 'La Cantera Cancha 1'}","{'type': 'link', 'href': 'https://www.ligafemenil.mx/cancha/mxm/88342/eyJpZERpdmlzaW9uIjoiMTQiLCJpZFRlbXBvcmFkYSI6IjY4IiwiaWRUb3JuZW8iOiIyIiwiaWRDbHVibG9jYWwiOiIxMTE4OCIsImlkQ2x1YnZpc2l0YSI6IjExMTg0IiwiaWRQYXJ0aWRvIjoiODgzNDIiLCJwZXN0YW5hIjoiMSJ9/minuto-a-minuto-pumas-vs-pachuca-jornada-13-estadio-la-cantera-cancha-1-tdn', 'text': ''}","{'type': 'link', 'href': 'https://www.ligafemenil.mx/cancha/mxm/88342/eyJpZERpdmlzaW9uIjoiMTQiLCJpZFRlbXBvcmFkYSI6IjY4IiwiaWRUb3JuZW8iOiIyIiwiaWRDbHVibG9jYWwiOiIxMTE4OCIsImlkQ2x1YnZpc2l0YSI6IjExMTg0IiwiaWRQYXJ0aWRvIjoiODgzNDIiLCJwZXN0YW5hIjoiMyJ9/minuto-a-minuto-pumas-vs-pachuca-jornada-13-estadio-la-cantera-cancha-1-tdn', 'text': ''}","{'type': 'link', 'href': 'https://www.ligafemenil.mx/cancha/informeArbitral/88342/eyJpZERpdmlzaW9uIjoiMTQiLCJpZFRlbXBvcmFkYSI6IjY4IiwiaWRUb3JuZW8iOiIyIiwiaWRDbHVibG9jYWwiOiIxMTE4OCIsImlkQ2x1YnZpc2l0YSI6IjExMTg0In0=/informe-arbitral-pumas-vs-pachuca-jornada-13-estadio-la-cantera-cancha-1-tdn', 'text': ''}","{'type': 'link', 'href': 'https://www.ligafemenil.mx/cancha/mxm/88342/eyJpZERpdmlzaW9uIjoiMTQiLCJpZFRlbXBvcmFkYSI6IjY4IiwiaWRUb3JuZW8iOiIyIiwiaWRDbHVibG9jYWwiOiIxMTE4OCIsImlkQ2x1YnZpc2l0YSI6IjExMTg0IiwiaWRQYXJ0aWRvIjoiODgzNDIiLCJwZXN0YW5hIjoiNCJ9/minuto-a-minuto-pumas-vs-pachuca-jornada-13-estadio-la-cantera-cancha-1-tdn', 'text': ''}","{'type': 'link', 'href': 'https://www.ligafemenil.mx/cancha/galeria/ODgzNDIvMTMvNjgvMi8xNA==/pumas-vs-pachuca', 'text': ''}","{'type': 'link', 'href': 'https://www.ligafemenil.mx/cancha/playlist/88342/pumas-vs-pachuca', 'text': ''}"
2017-2018,Clausura,"{'type': 'text', 'value': 'Lunes 2 de Abril de 2018\nTemporada 2017-2018\nTorneo Clausura\nJornada 13\n2 Abril 2018 - 16:00 hrs.'}","{'type': 'link', 'href': 'https://www.ligafemenil.mx/cancha/club/11183/m-morelia', 'text': ''}","{'type': 'link', 'href': 'https://www.ligafemenil.mx/cancha/informeArbitral/88426/eyJpZERpdmlzaW9uIjoiMTQiLCJpZFRlbXBvcmFkYSI6IjY4IiwiaWRUb3JuZW8iOiIyIiwiaWRDbHVibG9jYWwiOjExMTgzLCJpZENsdWJ2aXNpdGEiOjExMTkxfQ==/informe-arbitral-m-morelia-vs-america-jornada-13-estadio-jose-maria-morelos-y-pavon-am', 'text': '1 - 12'}","{'type': 'link', 'href': 'https://www.ligafemenil.mx/cancha/club/11191/america', 'text': ''}","{'type': 'link', 'href': 'https://www.ligafemenil.mx/cancha/estadio/10/estadio-jose-maria-morelos-y-pavon', 'text': 'José María Morelos y Pavón'}","{'type': 'link', 'href': 'https://www.ligafemenil.mx/cancha/mxm/88426/eyJpZERpdmlzaW9uIjoiMTQiLCJpZFRlbXBvcmFkYSI6IjY4IiwiaWRUb3JuZW8iOiIyIiwiaWRDbHVibG9jYWwiOiIxMTE4MyIsImlkQ2x1YnZpc2l0YSI6IjExMTkxIiwiaWRQYXJ0aWRvIjoiODg0MjYiLCJwZXN0YW5hIjoiMSJ9/minuto-a-minuto-m-morelia-vs-america-jornada-13-estadio-jose-maria-morelos-y-pavon-am', 'text': ''}","{'type': 'link', 'href': 'https://www.ligafemenil.mx/cancha/mxm/88426/eyJpZERpdmlzaW9uIjoiMTQiLCJpZFRlbXBvcmFkYSI6IjY4IiwiaWRUb3JuZW8iOiIyIiwiaWRDbHVibG9jYWwiOiIxMTE4MyIsImlkQ2x1YnZpc2l0YSI6IjExMTkxIiwiaWRQYXJ0aWRvIjoiODg0MjYiLCJwZXN0YW5hIjoiMyJ9/minuto-a-minuto-m-morelia-vs-america-jornada-13-estadio-jose-maria-morelos-y-pavon-am', 'text': ''}","{'type': 'link', 'href': 'https://www.ligafemenil.mx/cancha/informeArbitral/88426/eyJpZERpdmlzaW9uIjoiMTQiLCJpZFRlbXBvcmFkYSI6IjY4IiwiaWRUb3JuZW8iOiIyIiwiaWRDbHVibG9jYWwiOiIxMTE4MyIsImlkQ2x1YnZpc2l0YSI6IjExMTkxIn0=/informe-arbitral-m-morelia-vs-america-jornada-13-estadio-jose-maria-morelos-y-pavon-am', 'text': ''}","{'type': 'link', 'href': 'https://www.ligafemenil.mx/cancha/mxm/88426/eyJpZERpdmlzaW9uIjoiMTQiLCJpZFRlbXBvcmFkYSI6IjY4IiwiaWRUb3JuZW8iOiIyIiwiaWRDbHVibG9jYWwiOiIxMTE4MyIsImlkQ2x1YnZpc2l0YSI6IjExMTkxIiwiaWRQYXJ0aWRvIjoiODg0MjYiLCJwZXN0YW5hIjoiNCJ9/minuto-a-minuto-m-morelia-vs-america-jornada-13-estadio-jose-maria-morelos-y-pavon-am', 'text': ''}","{'type': 'link', 'href': 'https://www.ligafemenil.mx/cancha/galeria/ODg0MjYvMTMvNjgvMi8xNA==/m-morelia-vs-america', 'text': ''}","{'type': 'link', 'href': 'https://www.ligafemenil.mx/cancha/playlist/88426/m-morelia-vs-america', 'text': ''}"
2017-2018,Clausura,"{'type': 'text', 'value': 'Lunes 2 de Abril de 2018\nTemporada 2017-2018\nTorneo Clausura\nJornada 13\n2 Abril 2018 - 18:00 hrs.'}","{'type': 'link', 'href': 'https://www.ligafemenil.mx/cancha/club/11187/toluca', 'text': ''}","{'type': 'link', 'href': 'https://www.ligafemenil.mx/cancha/informeArbitral/88344/eyJpZERpdmlzaW9uIjoiMTQiLCJpZFRlbXBvcmFkYSI6IjY4IiwiaWRUb3JuZW8iOiIyIiwiaWRDbHVibG9jYWwiOjExMTg3LCJpZENsdWJ2aXNpdGEiOjExMjQyfQ==/informe-arbitral-toluca-vs-veracruz-jornada-13-estadio-nemesio-diez-tdn', 'text': '2 - 0'}","{'type': 'link', 'href': 'https://www.ligafemenil.mx/cancha/club/11242/veracruz', 'text': ''}","{'type': 'link', 'href': 'https://www.ligafemenil.mx/cancha/estadio/6/estadio-nemesio-diez', 'text': 'Nemesio Diez'}","{'type': 'link', 'href': 'https://www.ligafemenil.mx/cancha/mxm/88344/eyJpZERpdmlzaW9uIjoiMTQiLCJpZFRlbXBvcmFkYSI6IjY4IiwiaWRUb3JuZW8iOiIyIiwiaWRDbHVibG9jYWwiOiIxMTE4NyIsImlkQ2x1YnZpc2l0YSI6IjExMjQyIiwiaWRQYXJ0aWRvIjoiODgzNDQiLCJwZXN0YW5hIjoiMSJ9/minuto-a-minuto-toluca-vs-veracruz-jornada-13-estadio-nemesio-diez-tdn', 'text': ''}","{'type': 'link', 'href': 'https://www.ligafemenil.mx/cancha/mxm/88344/eyJpZERpdmlzaW9uIjoiMTQiLCJpZFRlbXBvcmFkYSI6IjY4IiwiaWRUb3JuZW8iOiIyIiwiaWRDbHVibG9jYWwiOiIxMTE4NyIsImlkQ2x1YnZpc2l0YSI6IjExMjQyIiwiaWRQYXJ0aWRvIjoiODgzNDQiLCJwZXN0YW5hIjoiMyJ9/minuto-a-minuto-toluca-vs-veracruz-jornada-13-estadio-nemesio-diez-tdn', 'text': ''}","{'type': 'link', 'href': 'https://www.ligafemenil.mx/cancha/informeArbitral/88344/eyJpZERpdmlzaW9uIjoiMTQiLCJpZFRlbXBvcmFkYSI6IjY4IiwiaWRUb3JuZW8iOiIyIiwiaWRDbHVibG9jYWwiOiIxMTE4NyIsImlkQ2x1YnZpc2l0YSI6IjExMjQyIn0=/informe-arbitral-toluca-vs-veracruz-jornada-13-estadio-nemesio-diez-tdn', 'text': ''}","{'type': 'link', 'href': 'https://www.ligafemenil.mx/cancha/mxm/88344/eyJpZERpdmlzaW9uIjoiMTQiLCJpZFRlbXBvcmFkYSI6IjY4IiwiaWRUb3JuZW8iOiIyIiwiaWRDbHVibG9jYWwiOiIxMTE4NyIsImlkQ2x1YnZpc2l0YSI6IjExMjQyIiwiaWRQYXJ0aWRvIjoiODgzNDQiLCJwZXN0YW5hIjoiNCJ9/minuto-a-minuto-toluca-vs-veracruz-jornada-13-estadio-nemesio-diez-tdn', 'text': ''}","{'type': 'link', 'href': 'https://www.ligafemenil.mx/cancha/galeria/ODgzNDQvMTMvNjgvMi8xNA==/toluca-vs-veracruz', 'text': ''}","{'type': 'link', 'href': 'https://www.ligafemenil.mx/cancha/playlist/88344/toluca-vs-veracruz', 'text': ''}"
2017-2018,Clausura,"{'type': 'text', 'value': 'Lunes 2 de Abril de 2018\nTemporada 2017-2018\nTorneo Clausura\nJornada 13\n2 Abril 2018 - 20:00 hrs.'}","{'type': 'link', 'href': 'https://www.ligafemenil.mx/cancha/club/11186/tigres-de-la-uanl', 'text': ''}","{'type': 'link', 'href': 'https://www.ligafemenil.mx/cancha/informeArbitral/88364/eyJpZERpdmlzaW9uIjoiMTQiLCJpZFRlbXBvcmFkYSI6IjY4IiwiaWRUb3JuZW8iOiIyIiwiaWRDbHVibG9jYWwiOjExMTg2LCJpZENsdWJ2aXNpdGEiOjExMTgyfQ==/informe-arbitral-tigres-de-la-uanl-vs-guadalajara-jornada-13-estadio-universitario-tdn', 'text': '2 - 5'}","{'type': 'link', 'href': 'https://www.ligafemenil.mx/cancha/club/11182/guadalajara', 'text': ''}","{'type': 'link', 'href': 'https://www.ligafemenil.mx/cancha/estadio/12/estadio-universitario', 'text': 'Universitario'}","{'type': 'link', 'href': 'https://www.ligafemenil.mx/cancha/mxm/88364/eyJpZERpdmlzaW9uIjoiMTQiLCJpZFRlbXBvcmFkYSI6IjY4IiwiaWRUb3JuZW8iOiIyIiwiaWRDbHVibG9jYWwiOiIxMTE4NiIsImlkQ2x1YnZpc2l0YSI6IjExMTgyIiwiaWRQYXJ0aWRvIjoiODgzNjQiLCJwZXN0YW5hIjoiMSJ9/minuto-a-minuto-tigres-de-la-uanl-vs-guadalajara-jornada-13-estadio-universitario-tdn', 'text': ''}","{'type': 'link', 'href': 'https://www.ligafemenil.mx/cancha/mxm/88364/eyJpZERpdmlzaW9uIjoiMTQiLCJpZFRlbXBvcmFkYSI6IjY4IiwiaWRUb3JuZW8iOiIyIiwiaWRDbHVibG9jYWwiOiIxMTE4NiIsImlkQ2x1YnZpc2l0YSI6IjExMTgyIiwiaWRQYXJ0aWRvIjoiODgzNjQiLCJwZXN0YW5hIjoiMyJ9/minuto-a-minuto-tigres-de-la-uanl-vs-guadalajara-jornada-13-estadio-universitario-tdn', 'text': ''}","{'type': 'link', 'href': 'https://www.ligafemenil.mx/cancha/informeArbitral/88364/eyJpZERpdmlzaW9uIjoiMTQiLCJpZFRlbXBvcmFkYSI6IjY4IiwiaWRUb3JuZW8iOiIyIiwiaWRDbHVibG9jYWwiOiIxMTE4NiIsImlkQ2x1YnZpc2l0YSI6IjExMTgyIn0=/informe-arbitral-tigres-de-la-uanl-vs-guadalajara-jornada-13-estadio-universitario-tdn', 'text': ''}","{'type': 'link', 'href': 'https://www.ligafemenil.mx/cancha/mxm/88364/eyJpZERpdmlzaW9uIjoiMTQiLCJpZFRlbXBvcmFkYSI6IjY4IiwiaWRUb3JuZW8iOiIyIiwiaWRDbHVibG9jYWwiOiIxMTE4NiIsImlkQ2x1YnZpc2l0YSI6IjExMTgyIiwiaWRQYXJ0aWRvIjoiODgzNjQiLCJwZXN0YW5hIjoiNCJ9/minuto-a-minuto-tigres-de-la-uanl-vs-guadalajara-jornada-13-estadio-universitario-tdn', 'text': ''}","{'type': 'link', 'href': 'https://www.ligafemenil.mx/cancha/galeria/ODgzNjQvMTMvNjgvMi8xNA==/tigres-de-la-uanl-vs-guadalajara', 'text': ''}","{'type': 'link', 'href': 'https://www.ligafemenil.mx/cancha/playlist/88364/tigres-de-la-uanl-vs-guadalajara', 'text': ''}"
2017-2018,Clausura,"{'type': 'text', 'value': 'Lunes 2 de Abril de 2018\nTemporada 2017-2018\nTorneo Clausura\nJornada 13\n2 Abril 2018 - 21:00 hrs.'}","{'type': 'link', 'href': 'https://www.ligafemenil.mx/cancha/club/11192/santos-laguna', 'text': ''}","{'type': 'link', 'href': 'https://www.ligafemenil.mx/cancha/informeArbitral/88369/eyJpZERpdmlzaW9uIjoiMTQiLCJpZFRlbXBvcmFkYSI6IjY4IiwiaWRUb3JuZW8iOiIyIiwiaWRDbHVibG9jYWwiOjExMTkyLCJpZENsdWJ2aXNpdGEiOjExMTg1fQ==/informe-arbitral-santos-laguna-vs-rayados-de-monterrey-jornada-13-estadio-tsm-corona-fox-sports', 'text': '0 - 1'}","{'type': 'link', 'href': 'https://www.ligafemenil.mx/cancha/club/11185/rayados-de-monterrey', 'text': ''}","{'type': 'link', 'href': 'https://www.ligafemenil.mx/cancha/estadio/63/estadio-tsm-corona', 'text': 'TSM Corona'}","{'type': 'link', 'href': 'https://www.ligafemenil.mx/cancha/mxm/88369/eyJpZERpdmlzaW9uIjoiMTQiLCJpZFRlbXBvcmFkYSI6IjY4IiwiaWRUb3JuZW8iOiIyIiwiaWRDbHVibG9jYWwiOiIxMTE5MiIsImlkQ2x1YnZpc2l0YSI6IjExMTg1IiwiaWRQYXJ0aWRvIjoiODgzNjkiLCJwZXN0YW5hIjoiMSJ9/minuto-a-minuto-santos-laguna-vs-rayados-de-monterrey-jornada-13-estadio-tsm-corona-fox-sports', 'text': ''}","{'type': 'link', 'href': 'https://www.ligafemenil.mx/cancha/mxm/88369/eyJpZERpdmlzaW9uIjoiMTQiLCJpZFRlbXBvcmFkYSI6IjY4IiwiaWRUb3JuZW8iOiIyIiwiaWRDbHVibG9jYWwiOiIxMTE5MiIsImlkQ2x1YnZpc2l0YSI6IjExMTg1IiwiaWRQYXJ0aWRvIjoiODgzNjkiLCJwZXN0YW5hIjoiMyJ9/minuto-a-minuto-santos-laguna-vs-rayados-de-monterrey-jornada-13-estadio-tsm-corona-fox-sports', 'text': ''}","{'type': 'link', 'href': 'https://www.ligafemenil.mx/cancha/informeArbitral/88369/eyJpZERpdmlzaW9uIjoiMTQiLCJpZFRlbXBvcmFkYSI6IjY4IiwiaWRUb3JuZW8iOiIyIiwiaWRDbHVibG9jYWwiOiIxMTE5MiIsImlkQ2x1YnZpc2l0YSI6IjExMTg1In0=/informe-arbitral-santos-laguna-vs-rayados-de-monterrey-jornada-13-estadio-tsm-corona-fox-sports', 'text': ''}","{'type': 'link', 'href': 'https://www.ligafemenil.mx/cancha/mxm/88369/eyJpZERpdmlzaW9uIjoiMTQiLCJpZFRlbXBvcmFkYSI6IjY4IiwiaWRUb3JuZW8iOiIyIiwiaWRDbHVibG9jYWwiOiIxMTE5MiIsImlkQ2x1YnZpc2l0YSI6IjExMTg1IiwiaWRQYXJ0aWRvIjoiODgzNjkiLCJwZXN0YW5hIjoiNCJ9/minuto-a-minuto-santos-laguna-vs-rayados-de-monterrey-jornada-13-estadio-tsm-corona-fox-sports', 'text': ''}","{'type': 'link', 'href': 'https://www.ligafemenil.mx/cancha/galeria/ODgzNjkvMTMvNjgvMi8xNA==/santos-laguna-vs-rayados-de-monterrey', 'text': ''}","{'type': 'link', 'href': 'https://www.ligafemenil.mx/cancha/playlist/88369/santos-laguna-vs-rayados-de-monterrey', 'text': ''}"
2017-2018,Clausura,"{'type': 'text', 'value': 'Lunes 2 de Abril de 2018\nTemporada 2017-2018\nTorneo Clausura\nJornada 13\n2 Abril 2018 - 19:00 hrs.'}","{'type': 'link', 'href': 'https://www.ligafemenil.mx/cancha/club/11180/tijuana', 'text': ''}","{'type': 'link', 'href': 'https://www.ligafemenil.mx/cancha/informeArbitral/88377/eyJpZERpdmlzaW9uIjoiMTQiLCJpZFRlbXBvcmFkYSI6IjY4IiwiaWRUb3JuZW8iOiIyIiwiaWRDbHVibG9jYWwiOjExMTgwLCJpZENsdWJ2aXNpdGEiOjExMTgxfQ==/informe-arbitral-tijuana-vs-cruz-azul-jornada-13-estadio-caliente', 'text': '0 - 0'}","{'type': 'link', 'href': 'https://www.ligafemenil.mx/cancha/club/11181/cruz-azul', 'text': ''}","{'type': 'link', 'href': 'https://www.ligafemenil.mx/cancha/estadio/48/estadio-caliente', 'text': 'Caliente'}","{'type': 'link', 'href': 'https://www.ligafemenil.mx/cancha/mxm/88377/eyJpZERpdmlzaW9uIjoiMTQiLCJpZFRlbXBvcmFkYSI6IjY4IiwiaWRUb3JuZW8iOiIyIiwiaWRDbHVibG9jYWwiOiIxMTE4MCIsImlkQ2x1YnZpc2l0YSI6IjExMTgxIiwiaWRQYXJ0aWRvIjoiODgzNzciLCJwZXN0YW5hIjoiMSJ9/minuto-a-minuto-tijuana-vs-cruz-azul-jornada-13-estadio-caliente', 'text': ''}","{'type': 'link', 'href': 'https://www.ligafemenil.mx/cancha/mxm/88377/eyJpZERpdmlzaW9uIjoiMTQiLCJpZFRlbXBvcmFkYSI6IjY4IiwiaWRUb3JuZW8iOiIyIiwiaWRDbHVibG9jYWwiOiIxMTE4MCIsImlkQ2x1YnZpc2l0YSI6IjExMTgxIiwiaWRQYXJ0aWRvIjoiODgzNzciLCJwZXN0YW5hIjoiMyJ9/minuto-a-minuto-tijuana-vs-cruz-azul-jornada-13-estadio-caliente', 'text': ''}","{'type': 'link', 'href': 'https://www.ligafemenil.mx/cancha/informeArbitral/88377/eyJpZERpdmlzaW9uIjoiMTQiLCJpZFRlbXBvcmFkYSI6IjY4IiwiaWRUb3JuZW8iOiIyIiwiaWRDbHVibG9jYWwiOiIxMTE4MCIsImlkQ2x1YnZpc2l0YSI6IjExMTgxIn0=/informe-arbitral-tijuana-vs-cruz-azul-jornada-13-estadio-caliente', 'text': ''}","{'type': 'link', 'href': 'https://www.ligafemenil.mx/cancha/mxm/88377/eyJpZERpdmlzaW9uIjoiMTQiLCJpZFRlbXBvcmFkYSI6IjY4IiwiaWRUb3JuZW8iOiIyIiwiaWRDbHVibG9jYWwiOiIxMTE4MCIsImlkQ2x1YnZpc2l0YSI6IjExMTgxIiwiaWRQYXJ0aWRvIjoiODgzNzciLCJwZXN0YW5hIjoiNCJ9/minuto-a-minuto-tijuana-vs-cruz-azul-jornada-13-estadio-caliente', 'text': ''}","{'type': 'link', 'href': 'https://www.ligafemenil.mx/cancha/galeria/ODgzNzcvMTMvNjgvMi8xNA==/tijuana-vs-cruz-azul', 'text': ''}","{'type': 'link', 'href': 'https://www.ligafemenil.mx/cancha/playlist/88377/tijuana-vs-cruz-azul', 'text': ''}"
2017-2018,Clausura,"{'type': 'text', 'value': 'Viernes 6 de Abril de 2018\nTemporada 2017-2018\nTorneo Clausura\nJornada 14\n6 Abril 2018 - 16:00 hrs.'}","{'type': 'link', 'href': 'https://www.ligafemenil.mx/cancha/club/11189/necaxa', 'text': ''}","{'type': 'link', 'href': 'https://www.ligafemenil.mx/cancha/informeArbitral/88370/eyJpZERpdmlzaW9uIjoiMTQiLCJpZFRlbXBvcmFkYSI6IjY4IiwiaWRUb3JuZW8iOiIyIiwiaWRDbHVibG9jYWwiOjExMTg5LCJpZENsdWJ2aXNpdGEiOjExMTkyfQ==/informe-arbitral-necaxa-vs-santos-laguna-jornada-14-estadio-victoria', 'text': '0 - 1'}","{'type': 'link', 'href': 'https://www.ligafemenil.mx/cancha/club/11192/santos-laguna', 'text': ''}","{'type': 'link', 'href': 'https://www.ligafemenil.mx/cancha/estadio/15/estadio-victoria', 'text': 'Victoria'}","{'type': 'link', 'href': 'https://www.ligafemenil.mx/cancha/mxm/88370/eyJpZERpdmlzaW9uIjoiMTQiLCJpZFRlbXBvcmFkYSI6IjY4IiwiaWRUb3JuZW8iOiIyIiwiaWRDbHVibG9jYWwiOiIxMTE4OSIsImlkQ2x1YnZpc2l0YSI6IjExMTkyIiwiaWRQYXJ0aWRvIjoiODgzNzAiLCJwZXN0YW5hIjoiMSJ9/minuto-a-minuto-necaxa-vs-santos-laguna-jornada-14-estadio-victoria', 'text': ''}","{'type': 'link', 'href': 'https://www.ligafemenil.mx/cancha/mxm/88370/eyJpZERpdmlzaW9uIjoiMTQiLCJpZFRlbXBvcmFkYSI6IjY4IiwiaWRUb3JuZW8iOiIyIiwiaWRDbHVibG9jYWwiOiIxMTE4OSIsImlkQ2x1YnZpc2l0YSI6IjExMTkyIiwiaWRQYXJ0aWRvIjoiODgzNzAiLCJwZXN0YW5hIjoiMyJ9/minuto-a-minuto-necaxa-vs-santos-laguna-jornada-14-estadio-victoria', 'text': ''}","{'type': 'link', 'href': 'https://www.ligafemenil.mx/cancha/informeArbitral/88370/eyJpZERpdmlzaW9uIjoiMTQiLCJpZFRlbXBvcmFkYSI6IjY4IiwiaWRUb3JuZW8iOiIyIiwiaWRDbHVibG9jYWwiOiIxMTE4OSIsImlkQ2x1YnZpc2l0YSI6IjExMTkyIn0=/informe-arbitral-necaxa-vs-santos-laguna-jornada-14-estadio-victoria', 'text': ''}","{'type': 'link', 'href': 'https://www.ligafemenil.mx/cancha/mxm/88370/eyJpZERpdmlzaW9uIjoiMTQiLCJpZFRlbXBvcmFkYSI6IjY4IiwiaWRUb3JuZW8iOiIyIiwiaWRDbHVibG9jYWwiOiIxMTE4OSIsImlkQ2x1YnZpc2l0YSI6IjExMTkyIiwiaWRQYXJ0aWRvIjoiODgzNzAiLCJwZXN0YW5hIjoiNCJ9/minuto-a-minuto-necaxa-vs-santos-laguna-jornada-14-estadio-victoria', 'text': ''}","{'type': 'link', 'href': 'https://www.ligafemenil.mx/cancha/galeria/ODgzNzAvMTQvNjgvMi8xNA==/necaxa-vs-santos-laguna', 'text': ''}","{'type': 'link', 'href': 'https://www.ligafemenil.mx/cancha/playlist/88370/necaxa-vs-santos-laguna', 'text': ''}"
2017-2018,Clausura,"{'type': 'text', 'value': 'Sábado 7 de Abril de 2018\nTemporada 2017-2018\nTorneo Clausura\nJornada 14\n7 Abril 2018 - 09:00 hrs.'}","{'type': 'link', 'href': 'https://www.ligafemenil.mx/cancha/club/11242/veracruz', 'text': ''}","{'type': 'link', 'href': 'https://www.ligafemenil.mx/cancha/informeArbitral/88414/eyJpZERpdmlzaW9uIjoiMTQiLCJpZFRlbXBvcmFkYSI6IjY4IiwiaWRUb3JuZW8iOiIyIiwiaWRDbHVibG9jYWwiOjExMjQyLCJpZENsdWJ2aXNpdGEiOjExMTgwfQ==/informe-arbitral-veracruz-vs-tijuana-jornada-14-estadio-luis-pirata-fuente', 'text': '0 - 4'}","{'type': 'link', 'href': 'https://www.ligafemenil.mx/cancha/club/11180/tijuana', 'text': ''}","{'type': 'link', 'href': 'https://www.ligafemenil.mx/cancha/estadio/57/estadio-luis-pirata-fuente', 'text': 'Luis Pirata Fuente'}","{'type': 'link', 'href': 'https://www.ligafemenil.mx/cancha/mxm/88414/eyJpZERpdmlzaW9uIjoiMTQiLCJpZFRlbXBvcmFkYSI6IjY4IiwiaWRUb3JuZW8iOiIyIiwiaWRDbHVibG9jYWwiOiIxMTI0MiIsImlkQ2x1YnZpc2l0YSI6IjExMTgwIiwiaWRQYXJ0aWRvIjoiODg0MTQiLCJwZXN0YW5hIjoiMSJ9/minuto-a-minuto-veracruz-vs-tijuana-jornada-14-estadio-luis-pirata-fuente', 'text': ''}","{'type': 'link', 'href': 'https://www.ligafemenil.mx/cancha/mxm/88414/eyJpZERpdmlzaW9uIjoiMTQiLCJpZFRlbXBvcmFkYSI6IjY4IiwiaWRUb3JuZW8iOiIyIiwiaWRDbHVibG9jYWwiOiIxMTI0MiIsImlkQ2x1YnZpc2l0YSI6IjExMTgwIiwiaWRQYXJ0aWRvIjoiODg0MTQiLCJwZXN0YW5hIjoiMyJ9/minuto-a-minuto-veracruz-vs-tijuana-jornada-14-estadio-luis-pirata-fuente', 'text': ''}","{'type': 'link', 'href': 'https://www.ligafemenil.mx/cancha/informeArbitral/88414/eyJpZERpdmlzaW9uIjoiMTQiLCJpZFRlbXBvcmFkYSI6IjY4IiwiaWRUb3JuZW8iOiIyIiwiaWRDbHVibG9jYWwiOiIxMTI0MiIsImlkQ2x1YnZpc2l0YSI6IjExMTgwIn0=/informe-arbitral-veracruz-vs-tijuana-jornada-14-estadio-luis-pirata-fuente', 'text': ''}","{'type': 'link', 'href': 'https://www.ligafemenil.mx/cancha/mxm/88414/eyJpZERpdmlzaW9uIjoiMTQiLCJpZFRlbXBvcmFkYSI6IjY4IiwiaWRUb3JuZW8iOiIyIiwiaWRDbHVibG9jYWwiOiIxMTI0MiIsImlkQ2x1YnZpc2l0YSI6IjExMTgwIiwiaWRQYXJ0aWRvIjoiODg0MTQiLCJwZXN0YW5hIjoiNCJ9/minuto-a-minuto-veracruz-vs-tijuana-jornada-14-estadio-luis-pirata-fuente', 'text': ''}","{'type': 'link', 'href': 'https://www.ligafemenil.mx/cancha/galeria/ODg0MTQvMTQvNjgvMi8xNA==/veracruz-vs-tijuana', 'text': ''}","{'type': 'link', 'href': 'https://www.ligafemenil.mx/cancha/playlist/88414/veracruz-vs-tijuana', 'text': ''}"
2017-2018,Clausura,"{'type': 'text', 'value': 'Sábado 7 de Abril de 2018\nTemporada 2017-2018\nTorneo Clausura\nJornada 14\n7 Abril 2018 - 11:00 hrs.'}","{'type': 'link', 'href': 'https://www.ligafemenil.mx/cancha/club/11244/queretaro', 'text': ''}","{'type': 'link', 'href': 'https://www.ligafemenil.mx/cancha/informeArbitral/88372/eyJpZERpdmlzaW9uIjoiMTQiLCJpZFRlbXBvcmFkYSI6IjY4IiwiaWRUb3JuZW8iOiIyIiwiaWRDbHVibG9jYWwiOjExMjQ0LCJpZENsdWJ2aXNpdGEiOjExMjQ1fQ==/informe-arbitral-queretaro-vs-atlas-jornada-14-estadio-la-corregidora', 'text': '1 - 0'}","{'type': 'link', 'href': 'https://www.ligafemenil.mx/cancha/club/11245/atlas', 'text': ''}","{'type': 'link', 'href': 'https://www.ligafemenil.mx/cancha/estadio/25/estadio-la-corregidora', 'text': 'La Corregidora'}","{'type': 'link', 'href': 'https://www.ligafemenil.mx/cancha/mxm/88372/eyJpZERpdmlzaW9uIjoiMTQiLCJpZFRlbXBvcmFkYSI6IjY4IiwiaWRUb3JuZW8iOiIyIiwiaWRDbHVibG9jYWwiOiIxMTI0NCIsImlkQ2x1YnZpc2l0YSI6IjExMjQ1IiwiaWRQYXJ0aWRvIjoiODgzNzIiLCJwZXN0YW5hIjoiMSJ9/minuto-a-minuto-queretaro-vs-atlas-jornada-14-estadio-la-corregidora', 'text': ''}","{'type': 'link', 'href': 'https://www.ligafemenil.mx/cancha/mxm/88372/eyJpZERpdmlzaW9uIjoiMTQiLCJpZFRlbXBvcmFkYSI6IjY4IiwiaWRUb3JuZW8iOiIyIiwiaWRDbHVibG9jYWwiOiIxMTI0NCIsImlkQ2x1YnZpc2l0YSI6IjExMjQ1IiwiaWRQYXJ0aWRvIjoiODgzNzIiLCJwZXN0YW5hIjoiMyJ9/minuto-a-minuto-queretaro-vs-atlas-jornada-14-estadio-la-corregidora', 'text': ''}","{'type': 'link', 'href': 'https://www.ligafemenil.mx/cancha/informeArbitral/88372/eyJpZERpdmlzaW9uIjoiMTQiLCJpZFRlbXBvcmFkYSI6IjY4IiwiaWRUb3JuZW8iOiIyIiwiaWRDbHVibG9jYWwiOiIxMTI0NCIsImlkQ2x1YnZpc2l0YSI6IjExMjQ1In0=/informe-arbitral-queretaro-vs-atlas-jornada-14-estadio-la-corregidora', 'text': ''}","{'type': 'link', 'href': 'https://www.ligafemenil.mx/cancha/mxm/88372/eyJpZERpdmlzaW9uIjoiMTQiLCJpZFRlbXBvcmFkYSI6IjY4IiwiaWRUb3JuZW8iOiIyIiwiaWRDbHVibG9jYWwiOiIxMTI0NCIsImlkQ2x1YnZpc2l0YSI6IjExMjQ1IiwiaWRQYXJ0aWRvIjoiODgzNzIiLCJwZXN0YW5hIjoiNCJ9/minuto-a-minuto-queretaro-vs-atlas-jornada-14-estadio-la-corregidora', 'text': ''}","{'type': 'link', 'href': 'https://www.ligafemenil.mx/cancha/galeria/ODgzNzIvMTQvNjgvMi8xNA==/queretaro-vs-atlas', 'text': ''}","{'type': 'link', 'href': 'https://www.ligafemenil.mx/cancha/playlist/88372/queretaro-vs-atlas', 'text': ''}"
2017-2018,Clausura,"{'type': 'text', 'value': 'Sábado 7 de Abril de 2018\nTemporada 2017-2018\nTorneo Clausura\nJornada 14\n7 Abril 2018 - 16:00 hrs.'}","{'type': 'link', 'href': 'https://www.ligafemenil.mx/cancha/club/11182/guadalajara', 'text': ''}","{'type': 'link', 'href': 'https://www.ligafemenil.mx/cancha/informeArbitral/88375/eyJpZERpdmlzaW9uIjoiMTQiLCJpZFRlbXBvcmFkYSI6IjY4IiwiaWRUb3JuZW8iOiIyIiwiaWRDbHVibG9jYWwiOjExMTgyLCJpZENsdWJ2aXNpdGEiOjExMjQzfQ==/informe-arbitral-guadalajara-vs-leon-jornada-14-estadio-akron', 'text': '2 - 0'}","{'type': 'link', 'href': 'https://www.ligafemenil.mx/cancha/club/11243/leon', 'text': ''}","{'type': 'link', 'href': 'https://www.ligafemenil.mx/cancha/estadio/1538/estadio-akron', 'text': 'Estadio AKRON'}","{'type': 'link', 'href': 'https://www.ligafemenil.mx/cancha/mxm/88375/eyJpZERpdmlzaW9uIjoiMTQiLCJpZFRlbXBvcmFkYSI6IjY4IiwiaWRUb3JuZW8iOiIyIiwiaWRDbHVibG9jYWwiOiIxMTE4MiIsImlkQ2x1YnZpc2l0YSI6IjExMjQzIiwiaWRQYXJ0aWRvIjoiODgzNzUiLCJwZXN0YW5hIjoiMSJ9/minuto-a-minuto-guadalajara-vs-leon-jornada-14-estadio-akron', 'text': ''}","{'type': 'link', 'href': 'https://www.ligafemenil.mx/cancha/mxm/88375/eyJpZERpdmlzaW9uIjoiMTQiLCJpZFRlbXBvcmFkYSI6IjY4IiwiaWRUb3JuZW8iOiIyIiwiaWRDbHVibG9jYWwiOiIxMTE4MiIsImlkQ2x1YnZpc2l0YSI6IjExMjQzIiwiaWRQYXJ0aWRvIjoiODgzNzUiLCJwZXN0YW5hIjoiMyJ9/minuto-a-minuto-guadalajara-vs-leon-jornada-14-estadio-akron', 'text': ''}","{'type': 'link', 'href': 'https://www.ligafemenil.mx/cancha/informeArbitral/88375/eyJpZERpdmlzaW9uIjoiMTQiLCJpZFRlbXBvcmFkYSI6IjY4IiwiaWRUb3JuZW8iOiIyIiwiaWRDbHVibG9jYWwiOiIxMTE4MiIsImlkQ2x1YnZpc2l0YSI6IjExMjQzIn0=/informe-arbitral-guadalajara-vs-leon-jornada-14-estadio-akron', 'text': ''}","{'type': 'link', 'href': 'https://www.ligafemenil.mx/cancha/mxm/88375/eyJpZERpdmlzaW9uIjoiMTQiLCJpZFRlbXBvcmFkYSI6IjY4IiwiaWRUb3JuZW8iOiIyIiwiaWRDbHVibG9jYWwiOiIxMTE4MiIsImlkQ2x1YnZpc2l0YSI6IjExMjQzIiwiaWRQYXJ0aWRvIjoiODgzNzUiLCJwZXN0YW5hIjoiNCJ9/minuto-a-minuto-guadalajara-vs-leon-jornada-14-estadio-akron', 'text': ''}","{'type': 'link', 'href': 'https://www.ligafemenil.mx/cancha/galeria/ODgzNzUvMTQvNjgvMi8xNA==/guadalajara-vs-leon', 'text': ''}","{'type': 'link', 'href': 'https://www.ligafemenil.mx/cancha/playlist/88375/guadalajara-vs-leon', 'text': ''}"
2017-2018,Clausura,"{'type': 'text', 'value': 'Domingo 8 de Abril de 2018\nTemporada 2017-2018\nTorneo Clausura\nJornada 14\n8 Abril 2018 - 10:00 hrs.'}","{'type': 'link', 'href': 'https://www.ligafemenil.mx/cancha/club/11181/cruz-azul', 'text': ''}","{'type': 'link', 'href': 'https://www.ligafemenil.mx/cancha/informeArbitral/88395/eyJpZERpdmlzaW9uIjoiMTQiLCJpZFRlbXBvcmFkYSI6IjY4IiwiaWRUb3JuZW8iOiIyIiwiaWRDbHVibG9jYWwiOjExMTgxLCJpZENsdWJ2aXNpdGEiOjExMTgzfQ==/informe-arbitral-cruz-azul-vs-m-morelia-jornada-14-estadio-ciudad-de-los-deportes', 'text': '3 - 0'}","{'type': 'link', 'href': 'https://www.ligafemenil.mx/cancha/club/11183/m-morelia', 'text': ''}","{'type': 'link', 'href': 'https://www.ligafemenil.mx/cancha/estadio/2/estadio-ciudad-de-los-deportes', 'text': 'Ciudad De Los Deportes'}","{'type': 'link', 'href': 'https://www.ligafemenil.mx/cancha/mxm/88395/eyJpZERpdmlzaW9uIjoiMTQiLCJpZFRlbXBvcmFkYSI6IjY4IiwiaWRUb3JuZW8iOiIyIiwiaWRDbHVibG9jYWwiOiIxMTE4MSIsImlkQ2x1YnZpc2l0YSI6IjExMTgzIiwiaWRQYXJ0aWRvIjoiODgzOTUiLCJwZXN0YW5hIjoiMSJ9/minuto-a-minuto-cruz-azul-vs-m-morelia-jornada-14-estadio-ciudad-de-los-deportes', 'text': ''}","{'type': 'link', 'href': 'https://www.ligafemenil.mx/cancha/mxm/88395/eyJpZERpdmlzaW9uIjoiMTQiLCJpZFRlbXBvcmFkYSI6IjY4IiwiaWRUb3JuZW8iOiIyIiwiaWRDbHVibG9jYWwiOiIxMTE4MSIsImlkQ2x1YnZpc2l0YSI6IjExMTgzIiwiaWRQYXJ0aWRvIjoiODgzOTUiLCJwZXN0YW5hIjoiMyJ9/minuto-a-minuto-cruz-azul-vs-m-morelia-jornada-14-estadio-ciudad-de-los-deportes', 'text': ''}","{'type': 'link', 'href': 'https://www.ligafemenil.mx/cancha/informeArbitral/88395/eyJpZERpdmlzaW9uIjoiMTQiLCJpZFRlbXBvcmFkYSI6IjY4IiwiaWRUb3JuZW8iOiIyIiwiaWRDbHVibG9jYWwiOiIxMTE4MSIsImlkQ2x1YnZpc2l0YSI6IjExMTgzIn0=/informe-arbitral-cruz-azul-vs-m-morelia-jornada-14-estadio-ciudad-de-los-deportes', 'text': ''}","{'type': 'link', 'href': 'https://www.ligafemenil.mx/cancha/mxm/88395/eyJpZERpdmlzaW9uIjoiMTQiLCJpZFRlbXBvcmFkYSI6IjY4IiwiaWRUb3JuZW8iOiIyIiwiaWRDbHVibG9jYWwiOiIxMTE4MSIsImlkQ2x1YnZpc2l0YSI6IjExMTgzIiwiaWRQYXJ0aWRvIjoiODgzOTUiLCJwZXN0YW5hIjoiNCJ9/minuto-a-minuto-cruz-azul-vs-m-morelia-jornada-14-estadio-ciudad-de-los-deportes', 'text': ''}","{'type': 'link', 'href': 'https://www.ligafemenil.mx/cancha/galeria/ODgzOTUvMTQvNjgvMi8xNA==/cruz-azul-vs-m-morelia', 'text': ''}","{'type': 'link', 'href': 'https://www.ligafemenil.mx/cancha/playlist/88395/cruz-azul-vs-m-morelia', 'text': ''}"
2017-2018,Clausura,"{'type': 'text', 'value': 'Domingo 8 de Abril de 2018\nTemporada 2017-2018\nTorneo Clausura\nJornada 14\n8 Abril 2018 - 10:30 hrs.'}","{'type': 'link', 'href': 'https://www.ligafemenil.mx/cancha/club/11185/rayados-de-monterrey', 'text': ''}","{'type': 'link', 'href': 'https://www.ligafemenil.mx/cancha/informeArbitral/88374/eyJpZERpdmlzaW9uIjoiMTQiLCJpZFRlbXBvcmFkYSI6IjY4IiwiaWRUb3JuZW8iOiIyIiwiaWRDbHVibG9jYWwiOjExMTg1LCJpZENsdWJ2aXNpdGEiOjExMTg2fQ==/informe-arbitral-rayados-de-monterrey-vs-tigres-de-la-uanl-jornada-14-estadio-el-barrial', 'text': '0 - 2'}","{'type': 'link', 'href': 'https://www.ligafemenil.mx/cancha/club/11186/tigres-de-la-uanl', 'text': ''}","{'type': 'link', 'href': 'https://www.ligafemenil.mx/cancha/estadio/675/estadio-el-barrial', 'text': 'El Barrial'}","{'type': 'link', 'href': 'https://www.ligafemenil.mx/cancha/mxm/88374/eyJpZERpdmlzaW9uIjoiMTQiLCJpZFRlbXBvcmFkYSI6IjY4IiwiaWRUb3JuZW8iOiIyIiwiaWRDbHVibG9jYWwiOiIxMTE4NSIsImlkQ2x1YnZpc2l0YSI6IjExMTg2IiwiaWRQYXJ0aWRvIjoiODgzNzQiLCJwZXN0YW5hIjoiMSJ9/minuto-a-minuto-rayados-de-monterrey-vs-tigres-de-la-uanl-jornada-14-estadio-el-barrial', 'text': ''}","{'type': 'link', 'href': 'https://www.ligafemenil.mx/cancha/mxm/88374/eyJpZERpdmlzaW9uIjoiMTQiLCJpZFRlbXBvcmFkYSI6IjY4IiwiaWRUb3JuZW8iOiIyIiwiaWRDbHVibG9jYWwiOiIxMTE4NSIsImlkQ2x1YnZpc2l0YSI6IjExMTg2IiwiaWRQYXJ0aWRvIjoiODgzNzQiLCJwZXN0YW5hIjoiMyJ9/minuto-a-minuto-rayados-de-monterrey-vs-tigres-de-la-uanl-jornada-14-estadio-el-barrial', 'text': ''}","{'type': 'link', 'href': 'https://www.ligafemenil.mx/cancha/informeArbitral/88374/eyJpZERpdmlzaW9uIjoiMTQiLCJpZFRlbXBvcmFkYSI6IjY4IiwiaWRUb3JuZW8iOiIyIiwiaWRDbHVibG9jYWwiOiIxMTE4NSIsImlkQ2x1YnZpc2l0YSI6IjExMTg2In0=/informe-arbitral-rayados-de-monterrey-vs-tigres-de-la-uanl-jornada-14-estadio-el-barrial', 'text': ''}","{'type': 'link', 'href': 'https://www.ligafemenil.mx/cancha/mxm/88374/eyJpZERpdmlzaW9uIjoiMTQiLCJpZFRlbXBvcmFkYSI6IjY4IiwiaWRUb3JuZW8iOiIyIiwiaWRDbHVibG9jYWwiOiIxMTE4NSIsImlkQ2x1YnZpc2l0YSI6IjExMTg2IiwiaWRQYXJ0aWRvIjoiODgzNzQiLCJwZXN0YW5hIjoiNCJ9/minuto-a-minuto-rayados-de-monterrey-vs-tigres-de-la-uanl-jornada-14-estadio-el-barrial', 'text': ''}","{'type': 'link', 'href': 'https://www.ligafemenil.mx/cancha/galeria/ODgzNzQvMTQvNjgvMi8xNA==/rayados-de-monterrey-vs-tigres-de-la-uanl', 'text': ''}","{'type': 'link', 'href': 'https://www.ligafemenil.mx/cancha/playlist/88374/rayados-de-monterrey-vs-tigres-de-la-uanl', 'text': ''}"
2017-2018,Clausura,"{'type': 'text', 'value': 'Lunes 9 de Abril de 2018\nTemporada 2017-2018\nTorneo Clausura\nJornada 14\n9 Abril 2018 - 19:00 hrs.'}","{'type': 'link', 'href': 'https://www.ligafemenil.mx/cancha/club/11184/pachuca', 'text': ''}","{'type': 'link', 'href': 'https://www.ligafemenil.mx/cancha/informeArbitral/88417/eyJpZERpdmlzaW9uIjoiMTQiLCJpZFRlbXBvcmFkYSI6IjY4IiwiaWRUb3JuZW8iOiIyIiwiaWRDbHVibG9jYWwiOjExMTg0LCJpZENsdWJ2aXNpdGEiOjExMTg3fQ==/informe-arbitral-pachuca-vs-toluca-jornada-14-estadio-hidalgo', 'text': '3 - 1'}","{'type': 'link', 'href': 'https://www.ligafemenil.mx/cancha/club/11187/toluca', 'text': ''}","{'type': 'link', 'href': 'https://www.ligafemenil.mx/cancha/estadio/11/estadio-hidalgo', 'text': 'Hidalgo'}","{'type': 'link', 'href': 'https://www.ligafemenil.mx/cancha/mxm/88417/eyJpZERpdmlzaW9uIjoiMTQiLCJpZFRlbXBvcmFkYSI6IjY4IiwiaWRUb3JuZW8iOiIyIiwiaWRDbHVibG9jYWwiOiIxMTE4NCIsImlkQ2x1YnZpc2l0YSI6IjExMTg3IiwiaWRQYXJ0aWRvIjoiODg0MTciLCJwZXN0YW5hIjoiMSJ9/minuto-a-minuto-pachuca-vs-toluca-jornada-14-estadio-hidalgo', 'text': ''}","{'type': 'link', 'href': 'https://www.ligafemenil.mx/cancha/mxm/88417/eyJpZERpdmlzaW9uIjoiMTQiLCJpZFRlbXBvcmFkYSI6IjY4IiwiaWRUb3JuZW8iOiIyIiwiaWRDbHVibG9jYWwiOiIxMTE4NCIsImlkQ2x1YnZpc2l0YSI6IjExMTg3IiwiaWRQYXJ0aWRvIjoiODg0MTciLCJwZXN0YW5hIjoiMyJ9/minuto-a-minuto-pachuca-vs-toluca-jornada-14-estadio-hidalgo', 'text': ''}","{'type': 'link', 'href': 'https://www.ligafemenil.mx/cancha/informeArbitral/88417/eyJpZERpdmlzaW9uIjoiMTQiLCJpZFRlbXBvcmFkYSI6IjY4IiwiaWRUb3JuZW8iOiIyIiwiaWRDbHVibG9jYWwiOiIxMTE4NCIsImlkQ2x1YnZpc2l0YSI6IjExMTg3In0=/informe-arbitral-pachuca-vs-toluca-jornada-14-estadio-hidalgo', 'text': ''}","{'type': 'link', 'href': 'https://www.ligafemenil.mx/cancha/mxm/88417/eyJpZERpdmlzaW9uIjoiMTQiLCJpZFRlbXBvcmFkYSI6IjY4IiwiaWRUb3JuZW8iOiIyIiwiaWRDbHVibG9jYWwiOiIxMTE4NCIsImlkQ2x1YnZpc2l0YSI6IjExMTg3IiwiaWRQYXJ0aWRvIjoiODg0MTciLCJwZXN0YW5hIjoiNCJ9/minuto-a-minuto-pachuca-vs-toluca-jornada-14-estadio-hidalgo', 'text': ''}","{'type': 'link', 'href': 'https://www.ligafemenil.mx/cancha/galeria/ODg0MTcvMTQvNjgvMi8xNA==/pachuca-vs-toluca', 'text': ''}","{'type': 'link', 'href': 'https://www.ligafemenil.mx/cancha/playlist/88417/pachuca-vs-toluca', 'text': ''}"
2017-2018,Clausura,"{'type': 'text', 'value': 'Lunes 9 de Abril de 2018\nTemporada 2017-2018\nTorneo Clausura\nJornada 14\n9 Abril 2018 - 20:00 hrs.'}","{'type': 'link', 'href': 'https://www.ligafemenil.mx/cancha/club/11191/america', 'text': ''}","{'type': 'link', 'href': 'https://www.ligafemenil.mx/cancha/informeArbitral/88373/eyJpZERpdmlzaW9uIjoiMTQiLCJpZFRlbXBvcmFkYSI6IjY4IiwiaWRUb3JuZW8iOiIyIiwiaWRDbHVibG9jYWwiOjExMTkxLCJpZENsdWJ2aXNpdGEiOjExMTg4fQ==/informe-arbitral-america-vs-pumas-jornada-14-estadio-azteca-univision-tdn', 'text': '1 - 0'}","{'type': 'link', 'href': 'https://www.ligafemenil.mx/cancha/club/11188/pumas', 'text': ''}","{'type': 'link', 'href': 'https://www.ligafemenil.mx/cancha/estadio/1/estadio-azteca', 'text': 'Azteca'}","{'type': 'link', 'href': 'https://www.ligafemenil.mx/cancha/mxm/88373/eyJpZERpdmlzaW9uIjoiMTQiLCJpZFRlbXBvcmFkYSI6IjY4IiwiaWRUb3JuZW8iOiIyIiwiaWRDbHVibG9jYWwiOiIxMTE5MSIsImlkQ2x1YnZpc2l0YSI6IjExMTg4IiwiaWRQYXJ0aWRvIjoiODgzNzMiLCJwZXN0YW5hIjoiMSJ9/minuto-a-minuto-america-vs-pumas-jornada-14-estadio-azteca-univision-tdn', 'text': ''}","{'type': 'link', 'href': 'https://www.ligafemenil.mx/cancha/mxm/88373/eyJpZERpdmlzaW9uIjoiMTQiLCJpZFRlbXBvcmFkYSI6IjY4IiwiaWRUb3JuZW8iOiIyIiwiaWRDbHVibG9jYWwiOiIxMTE5MSIsImlkQ2x1YnZpc2l0YSI6IjExMTg4IiwiaWRQYXJ0aWRvIjoiODgzNzMiLCJwZXN0YW5hIjoiMyJ9/minuto-a-minuto-america-vs-pumas-jornada-14-estadio-azteca-univision-tdn', 'text': ''}","{'type': 'link', 'href': 'https://www.ligafemenil.mx/cancha/informeArbitral/88373/eyJpZERpdmlzaW9uIjoiMTQiLCJpZFRlbXBvcmFkYSI6IjY4IiwiaWRUb3JuZW8iOiIyIiwiaWRDbHVibG9jYWwiOiIxMTE5MSIsImlkQ2x1YnZpc2l0YSI6IjExMTg4In0=/informe-arbitral-america-vs-pumas-jornada-14-estadio-azteca-univision-tdn', 'text': ''}","{'type': 'link', 'href': 'https://www.ligafemenil.mx/cancha/mxm/88373/eyJpZERpdmlzaW9uIjoiMTQiLCJpZFRlbXBvcmFkYSI6IjY4IiwiaWRUb3JuZW8iOiIyIiwiaWRDbHVibG9jYWwiOiIxMTE5MSIsImlkQ2x1YnZpc2l0YSI6IjExMTg4IiwiaWRQYXJ0aWRvIjoiODgzNzMiLCJwZXN0YW5hIjoiNCJ9/minuto-a-minuto-america-vs-pumas-jornada-14-estadio-azteca-univision-tdn', 'text': ''}","{'type': 'link', 'href': 'https://www.ligafemenil.mx/cancha/galeria/ODgzNzMvMTQvNjgvMi8xNA==/america-vs-pumas', 'text': ''}","{'type': 'link', 'href': 'https://www.ligafemenil.mx/cancha/playlist/88373/america-vs-pumas', 'text': ''}"
2017-2018,Clausura,"{'type': 'text', 'value': 'Domingo 15 de Abril de 2018\nTemporada 2017-2018\nTorneo Clausura\nSemifinal Ida\n15 Abril 2018 - 18:00 hrs.'}","{'type': 'link', 'href': 'https://www.ligafemenil.mx/cancha/club/11187/toluca', 'text': ''}","{'type': 'link', 'href': 'https://www.ligafemenil.mx/cancha/informeArbitral/91365/eyJpZERpdmlzaW9uIjoiMTQiLCJpZFRlbXBvcmFkYSI6IjY4IiwiaWRUb3JuZW8iOiIyIiwiaWRDbHVibG9jYWwiOjExMTg3LCJpZENsdWJ2aXNpdGEiOjExMTg1fQ==/informe-arbitral-toluca-vs-rayados-de-monterrey-semifinal-ida-estadio-nemesio-diez-tdn', 'text': '0 - 0'}","{'type': 'link', 'href': 'https://www.ligafemenil.mx/cancha/club/11185/rayados-de-monterrey', 'text': ''}","{'type': 'link', 'href': 'https://www.ligafemenil.mx/cancha/estadio/6/estadio-nemesio-diez', 'text': 'Nemesio Diez'}","{'type': 'link', 'href': 'https://www.ligafemenil.mx/cancha/mxm/91365/eyJpZERpdmlzaW9uIjoiMTQiLCJpZFRlbXBvcmFkYSI6IjY4IiwiaWRUb3JuZW8iOiIyIiwiaWRDbHVibG9jYWwiOiIxMTE4NyIsImlkQ2x1YnZpc2l0YSI6IjExMTg1IiwiaWRQYXJ0aWRvIjoiOTEzNjUiLCJwZXN0YW5hIjoiMSJ9/minuto-a-minuto-toluca-vs-rayados-de-monterrey-semifinal-ida-estadio-nemesio-diez-tdn', 'text': ''}","{'type': 'link', 'href': 'https://www.ligafemenil.mx/cancha/mxm/91365/eyJpZERpdmlzaW9uIjoiMTQiLCJpZFRlbXBvcmFkYSI6IjY4IiwiaWRUb3JuZW8iOiIyIiwiaWRDbHVibG9jYWwiOiIxMTE4NyIsImlkQ2x1YnZpc2l0YSI6IjExMTg1IiwiaWRQYXJ0aWRvIjoiOTEzNjUiLCJwZXN0YW5hIjoiMyJ9/minuto-a-minuto-toluca-vs-rayados-de-monterrey-semifinal-ida-estadio-nemesio-diez-tdn', 'text': ''}","{'type': 'link', 'href': 'https://www.ligafemenil.mx/cancha/informeArbitral/91365/eyJpZERpdmlzaW9uIjoiMTQiLCJpZFRlbXBvcmFkYSI6IjY4IiwiaWRUb3JuZW8iOiIyIiwiaWRDbHVibG9jYWwiOiIxMTE4NyIsImlkQ2x1YnZpc2l0YSI6IjExMTg1In0=/informe-arbitral-toluca-vs-rayados-de-monterrey-semifinal-ida-estadio-nemesio-diez-tdn', 'text': ''}","{'type': 'link', 'href': 'https://www.ligafemenil.mx/cancha/mxm/91365/eyJpZERpdmlzaW9uIjoiMTQiLCJpZFRlbXBvcmFkYSI6IjY4IiwiaWRUb3JuZW8iOiIyIiwiaWRDbHVibG9jYWwiOiIxMTE4NyIsImlkQ2x1YnZpc2l0YSI6IjExMTg1IiwiaWRQYXJ0aWRvIjoiOTEzNjUiLCJwZXN0YW5hIjoiNCJ9/minuto-a-minuto-toluca-vs-rayados-de-monterrey-semifinal-ida-estadio-nemesio-diez-tdn', 'text': ''}","{'type': 'link', 'href': 'https://www.ligafemenil.mx/cancha/galeria/OTEzNjUvMTUvNjgvMi8xNA==/toluca-vs-rayados-de-monterrey', 'text': ''}","{'type': 'link', 'href': 'https://www.ligafemenil.mx/cancha/playlist/91365/toluca-vs-rayados-de-monterrey', 'text': ''}"
2017-2018,Clausura,"{'type': 'text', 'value': 'Lunes 16 de Abril de 2018\nTemporada 2017-2018\nTorneo Clausura\nSemifinal Ida\n16 Abril 2018 - 20:00 hrs.'}","{'type': 'link', 'href': 'https://www.ligafemenil.mx/cancha/club/11186/tigres-de-la-uanl', 'text': ''}","{'type': 'link', 'href': 'https://www.ligafemenil.mx/cancha/informeArbitral/91364/eyJpZERpdmlzaW9uIjoiMTQiLCJpZFRlbXBvcmFkYSI6IjY4IiwiaWRUb3JuZW8iOiIyIiwiaWRDbHVibG9jYWwiOjExMTg2LCJpZENsdWJ2aXNpdGEiOjExMTkxfQ==/informe-arbitral-tigres-de-la-uanl-vs-america-semifinal-ida-estadio-universitario-tdn', 'text': '3 - 0'}","{'type': 'link', 'href': 'https://www.ligafemenil.mx/cancha/club/11191/america', 'text': ''}","{'type': 'link', 'href': 'https://www.ligafemenil.mx/cancha/estadio/12/estadio-universitario', 'text': 'Universitario'}","{'type': 'link', 'href': 'https://www.ligafemenil.mx/cancha/mxm/91364/eyJpZERpdmlzaW9uIjoiMTQiLCJpZFRlbXBvcmFkYSI6IjY4IiwiaWRUb3JuZW8iOiIyIiwiaWRDbHVibG9jYWwiOiIxMTE4NiIsImlkQ2x1YnZpc2l0YSI6IjExMTkxIiwiaWRQYXJ0aWRvIjoiOTEzNjQiLCJwZXN0YW5hIjoiMSJ9/minuto-a-minuto-tigres-de-la-uanl-vs-america-semifinal-ida-estadio-universitario-tdn', 'text': ''}","{'type': 'link', 'href': 'https://www.ligafemenil.mx/cancha/mxm/91364/eyJpZERpdmlzaW9uIjoiMTQiLCJpZFRlbXBvcmFkYSI6IjY4IiwiaWRUb3JuZW8iOiIyIiwiaWRDbHVibG9jYWwiOiIxMTE4NiIsImlkQ2x1YnZpc2l0YSI6IjExMTkxIiwiaWRQYXJ0aWRvIjoiOTEzNjQiLCJwZXN0YW5hIjoiMyJ9/minuto-a-minuto-tigres-de-la-uanl-vs-america-semifinal-ida-estadio-universitario-tdn', 'text': ''}","{'type': 'link', 'href': 'https://www.ligafemenil.mx/cancha/informeArbitral/91364/eyJpZERpdmlzaW9uIjoiMTQiLCJpZFRlbXBvcmFkYSI6IjY4IiwiaWRUb3JuZW8iOiIyIiwiaWRDbHVibG9jYWwiOiIxMTE4NiIsImlkQ2x1YnZpc2l0YSI6IjExMTkxIn0=/informe-arbitral-tigres-de-la-uanl-vs-america-semifinal-ida-estadio-universitario-tdn', 'text': ''}","{'type': 'link', 'href': 'https://www.ligafemenil.mx/cancha/mxm/91364/eyJpZERpdmlzaW9uIjoiMTQiLCJpZFRlbXBvcmFkYSI6IjY4IiwiaWRUb3JuZW8iOiIyIiwiaWRDbHVibG9jYWwiOiIxMTE4NiIsImlkQ2x1YnZpc2l0YSI6IjExMTkxIiwiaWRQYXJ0aWRvIjoiOTEzNjQiLCJwZXN0YW5hIjoiNCJ9/minuto-a-minuto-tigres-de-la-uanl-vs-america-semifinal-ida-estadio-universitario-tdn', 'text': ''}","{'type': 'link', 'href': 'https://www.ligafemenil.mx/cancha/galeria/OTEzNjQvMTUvNjgvMi8xNA==/tigres-de-la-uanl-vs-america', 'text': ''}","{'type': 'link', 'href': 'https://www.ligafemenil.mx/cancha/playlist/91364/tigres-de-la-uanl-vs-america', 'text': ''}"
2017-2018,Clausura,"{'type': 'text', 'value': 'Domingo 22 de Abril de 2018\nTemporada 2017-2018\nTorneo Clausura\nSemifinal Vuelta\n22 Abril 2018 - 17:00 hrs.'}","{'type': 'link', 'href': 'https://www.ligafemenil.mx/cancha/club/11191/america', 'text': ''}","{'type': 'link', 'href': 'https://www.ligafemenil.mx/cancha/informeArbitral/91366/eyJpZERpdmlzaW9uIjoiMTQiLCJpZFRlbXBvcmFkYSI6IjY4IiwiaWRUb3JuZW8iOiIyIiwiaWRDbHVibG9jYWwiOjExMTkxLCJpZENsdWJ2aXNpdGEiOjExMTg2fQ==/informe-arbitral-america-vs-tigres-de-la-uanl-semifinal-vuelta-estadio-azteca-tdn', 'text': '2 - 1'}","{'type': 'link', 'href': 'https://www.ligafemenil.mx/cancha/club/11186/tigres-de-la-uanl', 'text': ''}","{'type': 'link', 'href': 'https://www.ligafemenil.mx/cancha/estadio/1/estadio-azteca', 'text': 'Azteca'}","{'type': 'link', 'href': 'https://www.ligafemenil.mx/cancha/mxm/91366/eyJpZERpdmlzaW9uIjoiMTQiLCJpZFRlbXBvcmFkYSI6IjY4IiwiaWRUb3JuZW8iOiIyIiwiaWRDbHVibG9jYWwiOiIxMTE5MSIsImlkQ2x1YnZpc2l0YSI6IjExMTg2IiwiaWRQYXJ0aWRvIjoiOTEzNjYiLCJwZXN0YW5hIjoiMSJ9/minuto-a-minuto-america-vs-tigres-de-la-uanl-semifinal-vuelta-estadio-azteca-tdn', 'text': ''}","{'type': 'link', 'href': 'https://www.ligafemenil.mx/cancha/mxm/91366/eyJpZERpdmlzaW9uIjoiMTQiLCJpZFRlbXBvcmFkYSI6IjY4IiwiaWRUb3JuZW8iOiIyIiwiaWRDbHVibG9jYWwiOiIxMTE5MSIsImlkQ2x1YnZpc2l0YSI6IjExMTg2IiwiaWRQYXJ0aWRvIjoiOTEzNjYiLCJwZXN0YW5hIjoiMyJ9/minuto-a-minuto-america-vs-tigres-de-la-uanl-semifinal-vuelta-estadio-azteca-tdn', 'text': ''}","{'type': 'link', 'href': 'https://www.ligafemenil.mx/cancha/informeArbitral/91366/eyJpZERpdmlzaW9uIjoiMTQiLCJpZFRlbXBvcmFkYSI6IjY4IiwiaWRUb3JuZW8iOiIyIiwiaWRDbHVibG9jYWwiOiIxMTE5MSIsImlkQ2x1YnZpc2l0YSI6IjExMTg2In0=/informe-arbitral-america-vs-tigres-de-la-uanl-semifinal-vuelta-estadio-azteca-tdn', 'text': ''}","{'type': 'link', 'href': 'https://www.ligafemenil.mx/cancha/mxm/91366/eyJpZERpdmlzaW9uIjoiMTQiLCJpZFRlbXBvcmFkYSI6IjY4IiwiaWRUb3JuZW8iOiIyIiwiaWRDbHVibG9jYWwiOiIxMTE5MSIsImlkQ2x1YnZpc2l0YSI6IjExMTg2IiwiaWRQYXJ0aWRvIjoiOTEzNjYiLCJwZXN0YW5hIjoiNCJ9/minuto-a-minuto-america-vs-tigres-de-la-uanl-semifinal-vuelta-estadio-azteca-tdn', 'text': ''}","{'type': 'link', 'href': 'https://www.ligafemenil.mx/cancha/galeria/OTEzNjYvMTYvNjgvMi8xNA==/america-vs-tigres-de-la-uanl', 'text': ''}","{'type': 'link', 'href': 'https://www.ligafemenil.mx/cancha/playlist/91366/america-vs-tigres-de-la-uanl', 'text': ''}"
2017-2018,Clausura,"{'type': 'text', 'value': 'Lunes 23 de Abril de 2018\nTemporada 2017-2018\nTorneo Clausura\nSemifinal Vuelta\n23 Abril 2018 - 19:00 hrs.'}","{'type': 'link', 'href': 'https://www.ligafemenil.mx/cancha/club/11185/rayados-de-monterrey', 'text': ''}","{'type': 'link', 'href': 'https://www.ligafemenil.mx/cancha/informeArbitral/91367/eyJpZERpdmlzaW9uIjoiMTQiLCJpZFRlbXBvcmFkYSI6IjY4IiwiaWRUb3JuZW8iOiIyIiwiaWRDbHVibG9jYWwiOjExMTg1LCJpZENsdWJ2aXNpdGEiOjExMTg3fQ==/informe-arbitral-rayados-de-monterrey-vs-toluca-semifinal-vuelta-estadio-bbva-bancomer-fox-sports', 'text': '4 - 1'}","{'type': 'link', 'href': 'https://www.ligafemenil.mx/cancha/club/11187/toluca', 'text': ''}","{'type': 'link', 'href': 'https://www.ligafemenil.mx/cancha/estadio/793/estadio-bbva-bancomer', 'text': 'Estadio BBVA Bancomer'}","{'type': 'link', 'href': 'https://www.ligafemenil.mx/cancha/mxm/91367/eyJpZERpdmlzaW9uIjoiMTQiLCJpZFRlbXBvcmFkYSI6IjY4IiwiaWRUb3JuZW8iOiIyIiwiaWRDbHVibG9jYWwiOiIxMTE4NSIsImlkQ2x1YnZpc2l0YSI6IjExMTg3IiwiaWRQYXJ0aWRvIjoiOTEzNjciLCJwZXN0YW5hIjoiMSJ9/minuto-a-minuto-rayados-de-monterrey-vs-toluca-semifinal-vuelta-estadio-bbva-bancomer-fox-sports', 'text': ''}","{'type': 'link', 'href': 'https://www.ligafemenil.mx/cancha/mxm/91367/eyJpZERpdmlzaW9uIjoiMTQiLCJpZFRlbXBvcmFkYSI6IjY4IiwiaWRUb3JuZW8iOiIyIiwiaWRDbHVibG9jYWwiOiIxMTE4NSIsImlkQ2x1YnZpc2l0YSI6IjExMTg3IiwiaWRQYXJ0aWRvIjoiOTEzNjciLCJwZXN0YW5hIjoiMyJ9/minuto-a-minuto-rayados-de-monterrey-vs-toluca-semifinal-vuelta-estadio-bbva-bancomer-fox-sports', 'text': ''}","{'type': 'link', 'href': 'https://www.ligafemenil.mx/cancha/informeArbitral/91367/eyJpZERpdmlzaW9uIjoiMTQiLCJpZFRlbXBvcmFkYSI6IjY4IiwiaWRUb3JuZW8iOiIyIiwiaWRDbHVibG9jYWwiOiIxMTE4NSIsImlkQ2x1YnZpc2l0YSI6IjExMTg3In0=/informe-arbitral-rayados-de-monterrey-vs-toluca-semifinal-vuelta-estadio-bbva-bancomer-fox-sports', 'text': ''}","{'type': 'link', 'href': 'https://www.ligafemenil.mx/cancha/mxm/91367/eyJpZERpdmlzaW9uIjoiMTQiLCJpZFRlbXBvcmFkYSI6IjY4IiwiaWRUb3JuZW8iOiIyIiwiaWRDbHVibG9jYWwiOiIxMTE4NSIsImlkQ2x1YnZpc2l0YSI6IjExMTg3IiwiaWRQYXJ0aWRvIjoiOTEzNjciLCJwZXN0YW5hIjoiNCJ9/minuto-a-minuto-rayados-de-monterrey-vs-toluca-semifinal-vuelta-estadio-bbva-bancomer-fox-sports', 'text': ''}","{'type': 'link', 'href': 'https://www.ligafemenil.mx/cancha/galeria/OTEzNjcvMTYvNjgvMi8xNA==/rayados-de-monterrey-vs-toluca', 'text': ''}","{'type': 'link', 'href': 'https://www.ligafemenil.mx/cancha/playlist/91367/rayados-de-monterrey-vs-toluca', 'text': ''}"
2017-2018,Clausura,"{'type': 'text', 'value': 'Viernes 27 de Abril de 2018\nTemporada 2017-2018\nTorneo Clausura\nFinal Ida\n27 Abril 2018 - 21:00 hrs.'}","{'type': 'link', 'href': 'https://www.ligafemenil.mx/cancha/club/11186/tigres-de-la-uanl', 'text': ''}","{'type': 'link', 'href': 'https://www.ligafemenil.mx/cancha/informeArbitral/91470/eyJpZERpdmlzaW9uIjoiMTQiLCJpZFRlbXBvcmFkYSI6IjY4IiwiaWRUb3JuZW8iOiIyIiwiaWRDbHVibG9jYWwiOjExMTg2LCJpZENsdWJ2aXNpdGEiOjExMTg1fQ==/informe-arbitral-tigres-de-la-uanl-vs-rayados-de-monterrey-final-ida-estadio-universitario-tdn', 'text': '2 - 2'}","{'type': 'link', 'href': 'https://www.ligafemenil.mx/cancha/club/11185/rayados-de-monterrey', 'text': ''}","{'type': 'link', 'href': 'https://www.ligafemenil.mx/cancha/estadio/12/estadio-universitario', 'text': 'Universitario'}","{'type': 'link', 'href': 'https://www.ligafemenil.mx/cancha/mxm/91470/eyJpZERpdmlzaW9uIjoiMTQiLCJpZFRlbXBvcmFkYSI6IjY4IiwiaWRUb3JuZW8iOiIyIiwiaWRDbHVibG9jYWwiOiIxMTE4NiIsImlkQ2x1YnZpc2l0YSI6IjExMTg1IiwiaWRQYXJ0aWRvIjoiOTE0NzAiLCJwZXN0YW5hIjoiMSJ9/minuto-a-minuto-tigres-de-la-uanl-vs-rayados-de-monterrey-final-ida-estadio-universitario-tdn', 'text': ''}","{'type': 'link', 'href': 'https://www.ligafemenil.mx/cancha/mxm/91470/eyJpZERpdmlzaW9uIjoiMTQiLCJpZFRlbXBvcmFkYSI6IjY4IiwiaWRUb3JuZW8iOiIyIiwiaWRDbHVibG9jYWwiOiIxMTE4NiIsImlkQ2x1YnZpc2l0YSI6IjExMTg1IiwiaWRQYXJ0aWRvIjoiOTE0NzAiLCJwZXN0YW5hIjoiMyJ9/minuto-a-minuto-tigres-de-la-uanl-vs-rayados-de-monterrey-final-ida-estadio-universitario-tdn', 'text': ''}","{'type': 'link', 'href': 'https://www.ligafemenil.mx/cancha/informeArbitral/91470/eyJpZERpdmlzaW9uIjoiMTQiLCJpZFRlbXBvcmFkYSI6IjY4IiwiaWRUb3JuZW8iOiIyIiwiaWRDbHVibG9jYWwiOiIxMTE4NiIsImlkQ2x1YnZpc2l0YSI6IjExMTg1In0=/informe-arbitral-tigres-de-la-uanl-vs-rayados-de-monterrey-final-ida-estadio-universitario-tdn', 'text': ''}","{'type': 'link', 'href': 'https://www.ligafemenil.mx/cancha/mxm/91470/eyJpZERpdmlzaW9uIjoiMTQiLCJpZFRlbXBvcmFkYSI6IjY4IiwiaWRUb3JuZW8iOiIyIiwiaWRDbHVibG9jYWwiOiIxMTE4NiIsImlkQ2x1YnZpc2l0YSI6IjExMTg1IiwiaWRQYXJ0aWRvIjoiOTE0NzAiLCJwZXN0YW5hIjoiNCJ9/minuto-a-minuto-tigres-de-la-uanl-vs-rayados-de-monterrey-final-ida-estadio-universitario-tdn', 'text': ''}","{'type': 'link', 'href': 'https://www.ligafemenil.mx/cancha/galeria/OTE0NzAvMTcvNjgvMi8xNA==/tigres-de-la-uanl-vs-rayados-de-monterrey', 'text': ''}","{'type': 'link', 'href': 'https://www.ligafemenil.mx/cancha/playlist/91470/tigres-de-la-uanl-vs-rayados-de-monterrey', 'text': ''}"
2017-2018,Clausura,"{'type': 'text', 'value': 'Viernes 4 de Mayo de 2018\nTemporada 2017-2018\nTorneo Clausura\nFinal Vuelta\n4 Mayo 2018 - 20:30 hrs.'}","{'type': 'link', 'href': 'https://www.ligafemenil.mx/cancha/club/11185/rayados-de-monterrey', 'text': ''}","{'type': 'link', 'href': 'https://www.ligafemenil.mx/cancha/informeArbitral/91471/eyJpZERpdmlzaW9uIjoiMTQiLCJpZFRlbXBvcmFkYSI6IjY4IiwiaWRUb3JuZW8iOiIyIiwiaWRDbHVibG9jYWwiOjExMTg1LCJpZENsdWJ2aXNpdGEiOjExMTg2fQ==/informe-arbitral-rayados-de-monterrey-vs-tigres-de-la-uanl-final-vuelta-estadio-bbva-bancomer-fox-sports', 'text': '2 - 2'}","{'type': 'link', 'href': 'https://www.ligafemenil.mx/cancha/club/11186/tigres-de-la-uanl', 'text': ''}","{'type': 'link', 'href': 'https://www.ligafemenil.mx/cancha/estadio/793/estadio-bbva-bancomer', 'text': 'Estadio BBVA Bancomer'}","{'type': 'link', 'href': 'https://www.ligafemenil.mx/cancha/mxm/91471/eyJpZERpdmlzaW9uIjoiMTQiLCJpZFRlbXBvcmFkYSI6IjY4IiwiaWRUb3JuZW8iOiIyIiwiaWRDbHVibG9jYWwiOiIxMTE4NSIsImlkQ2x1YnZpc2l0YSI6IjExMTg2IiwiaWRQYXJ0aWRvIjoiOTE0NzEiLCJwZXN0YW5hIjoiMSJ9/minuto-a-minuto-rayados-de-monterrey-vs-tigres-de-la-uanl-final-vuelta-estadio-bbva-bancomer-fox-sports', 'text': ''}","{'type': 'link', 'href': 'https://www.ligafemenil.mx/cancha/mxm/91471/eyJpZERpdmlzaW9uIjoiMTQiLCJpZFRlbXBvcmFkYSI6IjY4IiwiaWRUb3JuZW8iOiIyIiwiaWRDbHVibG9jYWwiOiIxMTE4NSIsImlkQ2x1YnZpc2l0YSI6IjExMTg2IiwiaWRQYXJ0aWRvIjoiOTE0NzEiLCJwZXN0YW5hIjoiMyJ9/minuto-a-minuto-rayados-de-monterrey-vs-tigres-de-la-uanl-final-vuelta-estadio-bbva-bancomer-fox-sports', 'text': ''}","{'type': 'link', 'href': 'https://www.ligafemenil.mx/cancha/informeArbitral/91471/eyJpZERpdmlzaW9uIjoiMTQiLCJpZFRlbXBvcmFkYSI6IjY4IiwiaWRUb3JuZW8iOiIyIiwiaWRDbHVibG9jYWwiOiIxMTE4NSIsImlkQ2x1YnZpc2l0YSI6IjExMTg2In0=/informe-arbitral-rayados-de-monterrey-vs-tigres-de-la-uanl-final-vuelta-estadio-bbva-bancomer-fox-sports', 'text': ''}","{'type': 'link', 'href': 'https://www.ligafemenil.mx/cancha/mxm/91471/eyJpZERpdmlzaW9uIjoiMTQiLCJpZFRlbXBvcmFkYSI6IjY4IiwiaWRUb3JuZW8iOiIyIiwiaWRDbHVibG9jYWwiOiIxMTE4NSIsImlkQ2x1YnZpc2l0YSI6IjExMTg2IiwiaWRQYXJ0aWRvIjoiOTE0NzEiLCJwZXN0YW5hIjoiNCJ9/minuto-a-minuto-rayados-de-monterrey-vs-tigres-de-la-uanl-final-vuelta-estadio-bbva-bancomer-fox-sports', 'text': ''}","{'type': 'link', 'href': 'https://www.ligafemenil.mx/cancha/galeria/OTE0NzEvMTgvNjgvMi8xNA==/rayados-de-monterrey-vs-tigres-de-la-uanl', 'text': ''}","{'type': 'link', 'href': 'https://www.ligafemenil.mx/cancha/playlist/91471/rayados-de-monterrey-vs-tigres-de-la-uanl', 'text': ''}"
