Temporada,Torneo,Columna_3,Columna_4,Columna_5,Columna_6,Columna_7,Columna_8,Columna_9,Columna_10,Columna_11,Columna_12,Columna_13
2023-2024,Apertura,"{'type': 'text', 'value': 'Viernes 14 de Julio de 2023\nTemporada 2023-2024\nTorneo Apertura\nJornada 1\n14 Julio 2023 - 17:00 hrs.'}","{'type': 'link', 'href': 'https://www.ligafemenil.mx/cancha/club/11187/toluca', 'text': ''}","{'type': 'link', 'href': 'https://www.ligafemenil.mx/cancha/informeArbitral/133973/eyJpZERpdmlzaW9uIjoiMTQiLCJpZFRlbXBvcmFkYSI6Ijc0IiwiaWRUb3JuZW8iOiIxIiwiaWRDbHVibG9jYWwiOjExMTg3LCJpZENsdWJ2aXNpdGEiOjExMTg1fQ==/informe-arbitral-toluca-vs-rayados-de-monterrey-jornada-1-estadio-nemesio-diez-vix', 'text': '1 - 1'}","{'type': 'link', 'href': 'https://www.ligafemenil.mx/cancha/club/11185/rayados-de-monterrey', 'text': ''}","{'type': 'link', 'href': 'https://www.ligafemenil.mx/cancha/estadio/6/estadio-nemesio-diez', 'text': 'Nemesio Diez'}","{'type': 'link', 'href': 'https://www.ligafemenil.mx/cancha/mxm/133973/eyJpZERpdmlzaW9uIjoiMTQiLCJpZFRlbXBvcmFkYSI6Ijc0IiwiaWRUb3JuZW8iOiIxIiwiaWRDbHVibG9jYWwiOiIxMTE4NyIsImlkQ2x1YnZpc2l0YSI6IjExMTg1IiwiaWRQYXJ0aWRvIjoiMTMzOTczIiwicGVzdGFuYSI6IjEifQ==/minuto-a-minuto-toluca-vs-rayados-de-monterrey-jornada-1-estadio-nemesio-diez-vix', 'text': ''}","{'type': 'link', 'href': 'https://www.ligafemenil.mx/cancha/mxm/133973/eyJpZERpdmlzaW9uIjoiMTQiLCJpZFRlbXBvcmFkYSI6Ijc0IiwiaWRUb3JuZW8iOiIxIiwiaWRDbHVibG9jYWwiOiIxMTE4NyIsImlkQ2x1YnZpc2l0YSI6IjExMTg1IiwiaWRQYXJ0aWRvIjoiMTMzOTczIiwicGVzdGFuYSI6IjMifQ==/minuto-a-minuto-toluca-vs-rayados-de-monterrey-jornada-1-estadio-nemesio-diez-vix', 'text': ''}","{'type': 'link', 'href': 'https://www.ligafemenil.mx/cancha/informeArbitral/133973/eyJpZERpdmlzaW9uIjoiMTQiLCJpZFRlbXBvcmFkYSI6Ijc0IiwiaWRUb3JuZW8iOiIxIiwiaWRDbHVibG9jYWwiOiIxMTE4NyIsImlkQ2x1YnZpc2l0YSI6IjExMTg1In0=/informe-arbitral-toluca-vs-rayados-de-monterrey-jornada-1-estadio-nemesio-diez-vix', 'text': ''}","{'type': 'link', 'href': 'https://www.ligafemenil.mx/cancha/mxm/133973/eyJpZERpdmlzaW9uIjoiMTQiLCJpZFRlbXBvcmFkYSI6Ijc0IiwiaWRUb3JuZW8iOiIxIiwiaWRDbHVibG9jYWwiOiIxMTE4NyIsImlkQ2x1YnZpc2l0YSI6IjExMTg1IiwiaWRQYXJ0aWRvIjoiMTMzOTczIiwicGVzdGFuYSI6IjQifQ==/minuto-a-minuto-toluca-vs-rayados-de-monterrey-jornada-1-estadio-nemesio-diez-vix', 'text': ''}","{'type': 'link', 'href': 'https://www.ligafemenil.mx/cancha/galeria/MTMzOTczLzEvNzQvMS8xNA==/toluca-vs-rayados-de-monterrey', 'text': ''}","{'type': 'link', 'href': 'https://www.ligafemenil.mx/cancha/playlist/133973/toluca-vs-rayados-de-monterrey', 'text': ''}"
2023-2024,Apertura,"{'type': 'text', 'value': 'Viernes 14 de Julio de 2023\nTemporada 2023-2024\nTorneo Apertura\nJornada 1\n14 Julio 2023 - 17:06 hrs.'}","{'type': 'link', 'href': 'https://www.ligafemenil.mx/cancha/club/11243/leon', 'text': ''}","{'type': 'link', 'href': 'https://www.ligafemenil.mx/cancha/informeArbitral/133969/eyJpZERpdmlzaW9uIjoiMTQiLCJpZFRlbXBvcmFkYSI6Ijc0IiwiaWRUb3JuZW8iOiIxIiwiaWRDbHVibG9jYWwiOjExMjQzLCJpZENsdWJ2aXNpdGEiOjExMTg5fQ==/informe-arbitral-leon-vs-necaxa-jornada-1-estadio-nou-camp-fox-sports', 'text': '2 - 0'}","{'type': 'link', 'href': 'https://www.ligafemenil.mx/cancha/club/11189/necaxa', 'text': ''}","{'type': 'link', 'href': 'https://www.ligafemenil.mx/cancha/estadio/23/estadio-nou-camp', 'text': 'Nou Camp'}","{'type': 'link', 'href': 'https://www.ligafemenil.mx/cancha/mxm/133969/eyJpZERpdmlzaW9uIjoiMTQiLCJpZFRlbXBvcmFkYSI6Ijc0IiwiaWRUb3JuZW8iOiIxIiwiaWRDbHVibG9jYWwiOiIxMTI0MyIsImlkQ2x1YnZpc2l0YSI6IjExMTg5IiwiaWRQYXJ0aWRvIjoiMTMzOTY5IiwicGVzdGFuYSI6IjEifQ==/minuto-a-minuto-leon-vs-necaxa-jornada-1-estadio-nou-camp-fox-sports', 'text': ''}","{'type': 'link', 'href': 'https://www.ligafemenil.mx/cancha/mxm/133969/eyJpZERpdmlzaW9uIjoiMTQiLCJpZFRlbXBvcmFkYSI6Ijc0IiwiaWRUb3JuZW8iOiIxIiwiaWRDbHVibG9jYWwiOiIxMTI0MyIsImlkQ2x1YnZpc2l0YSI6IjExMTg5IiwiaWRQYXJ0aWRvIjoiMTMzOTY5IiwicGVzdGFuYSI6IjMifQ==/minuto-a-minuto-leon-vs-necaxa-jornada-1-estadio-nou-camp-fox-sports', 'text': ''}","{'type': 'link', 'href': 'https://www.ligafemenil.mx/cancha/informeArbitral/133969/eyJpZERpdmlzaW9uIjoiMTQiLCJpZFRlbXBvcmFkYSI6Ijc0IiwiaWRUb3JuZW8iOiIxIiwiaWRDbHVibG9jYWwiOiIxMTI0MyIsImlkQ2x1YnZpc2l0YSI6IjExMTg5In0=/informe-arbitral-leon-vs-necaxa-jornada-1-estadio-nou-camp-fox-sports', 'text': ''}","{'type': 'link', 'href': 'https://www.ligafemenil.mx/cancha/mxm/133969/eyJpZERpdmlzaW9uIjoiMTQiLCJpZFRlbXBvcmFkYSI6Ijc0IiwiaWRUb3JuZW8iOiIxIiwiaWRDbHVibG9jYWwiOiIxMTI0MyIsImlkQ2x1YnZpc2l0YSI6IjExMTg5IiwiaWRQYXJ0aWRvIjoiMTMzOTY5IiwicGVzdGFuYSI6IjQifQ==/minuto-a-minuto-leon-vs-necaxa-jornada-1-estadio-nou-camp-fox-sports', 'text': ''}","{'type': 'link', 'href': 'https://www.ligafemenil.mx/cancha/galeria/MTMzOTY5LzEvNzQvMS8xNA==/leon-vs-necaxa', 'text': ''}","{'type': 'link', 'href': 'https://www.ligafemenil.mx/cancha/playlist/133969/leon-vs-necaxa', 'text': ''}"
2023-2024,Apertura,"{'type': 'text', 'value': 'Viernes 14 de Julio de 2023\nTemporada 2023-2024\nTorneo Apertura\nJornada 1\n14 Julio 2023 - 21:10 hrs.'}","{'type': 'link', 'href': 'https://www.ligafemenil.mx/cancha/club/11192/santos-laguna', 'text': ''}","{'type': 'link', 'href': 'https://www.ligafemenil.mx/cancha/informeArbitral/133975/eyJpZERpdmlzaW9uIjoiMTQiLCJpZFRlbXBvcmFkYSI6Ijc0IiwiaWRUb3JuZW8iOiIxIiwiaWRDbHVibG9jYWwiOjExMTkyLCJpZENsdWJ2aXNpdGEiOjExMTg0fQ==/informe-arbitral-santos-laguna-vs-pachuca-jornada-1-estadio-tsm-corona-fox-sports', 'text': '1 - 3'}","{'type': 'link', 'href': 'https://www.ligafemenil.mx/cancha/club/11184/pachuca', 'text': ''}","{'type': 'link', 'href': 'https://www.ligafemenil.mx/cancha/estadio/63/estadio-tsm-corona', 'text': 'TSM Corona'}","{'type': 'link', 'href': 'https://www.ligafemenil.mx/cancha/mxm/133975/eyJpZERpdmlzaW9uIjoiMTQiLCJpZFRlbXBvcmFkYSI6Ijc0IiwiaWRUb3JuZW8iOiIxIiwiaWRDbHVibG9jYWwiOiIxMTE5MiIsImlkQ2x1YnZpc2l0YSI6IjExMTg0IiwiaWRQYXJ0aWRvIjoiMTMzOTc1IiwicGVzdGFuYSI6IjEifQ==/minuto-a-minuto-santos-laguna-vs-pachuca-jornada-1-estadio-tsm-corona-fox-sports', 'text': ''}","{'type': 'link', 'href': 'https://www.ligafemenil.mx/cancha/mxm/133975/eyJpZERpdmlzaW9uIjoiMTQiLCJpZFRlbXBvcmFkYSI6Ijc0IiwiaWRUb3JuZW8iOiIxIiwiaWRDbHVibG9jYWwiOiIxMTE5MiIsImlkQ2x1YnZpc2l0YSI6IjExMTg0IiwiaWRQYXJ0aWRvIjoiMTMzOTc1IiwicGVzdGFuYSI6IjMifQ==/minuto-a-minuto-santos-laguna-vs-pachuca-jornada-1-estadio-tsm-corona-fox-sports', 'text': ''}","{'type': 'link', 'href': 'https://www.ligafemenil.mx/cancha/informeArbitral/133975/eyJpZERpdmlzaW9uIjoiMTQiLCJpZFRlbXBvcmFkYSI6Ijc0IiwiaWRUb3JuZW8iOiIxIiwiaWRDbHVibG9jYWwiOiIxMTE5MiIsImlkQ2x1YnZpc2l0YSI6IjExMTg0In0=/informe-arbitral-santos-laguna-vs-pachuca-jornada-1-estadio-tsm-corona-fox-sports', 'text': ''}","{'type': 'link', 'href': 'https://www.ligafemenil.mx/cancha/mxm/133975/eyJpZERpdmlzaW9uIjoiMTQiLCJpZFRlbXBvcmFkYSI6Ijc0IiwiaWRUb3JuZW8iOiIxIiwiaWRDbHVibG9jYWwiOiIxMTE5MiIsImlkQ2x1YnZpc2l0YSI6IjExMTg0IiwiaWRQYXJ0aWRvIjoiMTMzOTc1IiwicGVzdGFuYSI6IjQifQ==/minuto-a-minuto-santos-laguna-vs-pachuca-jornada-1-estadio-tsm-corona-fox-sports', 'text': ''}","{'type': 'link', 'href': 'https://www.ligafemenil.mx/cancha/galeria/MTMzOTc1LzEvNzQvMS8xNA==/santos-laguna-vs-pachuca', 'text': ''}","{'type': 'link', 'href': 'https://www.ligafemenil.mx/cancha/playlist/133975/santos-laguna-vs-pachuca', 'text': ''}"
2023-2024,Apertura,"{'type': 'text', 'value': 'Sábado 15 de Julio de 2023\nTemporada 2023-2024\nTorneo Apertura\nJornada 1\n15 Julio 2023 - 12:00 hrs.'}","{'type': 'link', 'href': 'https://www.ligafemenil.mx/cancha/club/11188/pumas', 'text': ''}","{'type': 'link', 'href': 'https://www.ligafemenil.mx/cancha/informeArbitral/133970/eyJpZERpdmlzaW9uIjoiMTQiLCJpZFRlbXBvcmFkYSI6Ijc0IiwiaWRUb3JuZW8iOiIxIiwiaWRDbHVibG9jYWwiOjExMTg4LCJpZENsdWJ2aXNpdGEiOjExMTkxfQ==/informe-arbitral-pumas-vs-america-jornada-1-estadio-olimpico-universitario-vix', 'text': '2 - 5'}","{'type': 'link', 'href': 'https://www.ligafemenil.mx/cancha/club/11191/america', 'text': ''}","{'type': 'link', 'href': 'https://www.ligafemenil.mx/cancha/estadio/7/estadio-olimpico-universitario', 'text': 'Olímpico Universitario'}","{'type': 'link', 'href': 'https://www.ligafemenil.mx/cancha/mxm/133970/eyJpZERpdmlzaW9uIjoiMTQiLCJpZFRlbXBvcmFkYSI6Ijc0IiwiaWRUb3JuZW8iOiIxIiwiaWRDbHVibG9jYWwiOiIxMTE4OCIsImlkQ2x1YnZpc2l0YSI6IjExMTkxIiwiaWRQYXJ0aWRvIjoiMTMzOTcwIiwicGVzdGFuYSI6IjEifQ==/minuto-a-minuto-pumas-vs-america-jornada-1-estadio-olimpico-universitario-vix', 'text': ''}","{'type': 'link', 'href': 'https://www.ligafemenil.mx/cancha/mxm/133970/eyJpZERpdmlzaW9uIjoiMTQiLCJpZFRlbXBvcmFkYSI6Ijc0IiwiaWRUb3JuZW8iOiIxIiwiaWRDbHVibG9jYWwiOiIxMTE4OCIsImlkQ2x1YnZpc2l0YSI6IjExMTkxIiwiaWRQYXJ0aWRvIjoiMTMzOTcwIiwicGVzdGFuYSI6IjMifQ==/minuto-a-minuto-pumas-vs-america-jornada-1-estadio-olimpico-universitario-vix', 'text': ''}","{'type': 'link', 'href': 'https://www.ligafemenil.mx/cancha/informeArbitral/133970/eyJpZERpdmlzaW9uIjoiMTQiLCJpZFRlbXBvcmFkYSI6Ijc0IiwiaWRUb3JuZW8iOiIxIiwiaWRDbHVibG9jYWwiOiIxMTE4OCIsImlkQ2x1YnZpc2l0YSI6IjExMTkxIn0=/informe-arbitral-pumas-vs-america-jornada-1-estadio-olimpico-universitario-vix', 'text': ''}","{'type': 'link', 'href': 'https://www.ligafemenil.mx/cancha/mxm/133970/eyJpZERpdmlzaW9uIjoiMTQiLCJpZFRlbXBvcmFkYSI6Ijc0IiwiaWRUb3JuZW8iOiIxIiwiaWRDbHVibG9jYWwiOiIxMTE4OCIsImlkQ2x1YnZpc2l0YSI6IjExMTkxIiwiaWRQYXJ0aWRvIjoiMTMzOTcwIiwicGVzdGFuYSI6IjQifQ==/minuto-a-minuto-pumas-vs-america-jornada-1-estadio-olimpico-universitario-vix', 'text': ''}","{'type': 'link', 'href': 'https://www.ligafemenil.mx/cancha/galeria/MTMzOTcwLzEvNzQvMS8xNA==/pumas-vs-america', 'text': ''}","{'type': 'link', 'href': 'https://www.ligafemenil.mx/cancha/playlist/133970/pumas-vs-america', 'text': ''}"
2023-2024,Apertura,"{'type': 'text', 'value': 'Domingo 16 de Julio de 2023\nTemporada 2023-2024\nTorneo Apertura\nJornada 1\n16 Julio 2023 - 18:06 hrs.'}","{'type': 'link', 'href': 'https://www.ligafemenil.mx/cancha/club/12051/mazatlan-fc', 'text': ''}","{'type': 'link', 'href': 'https://www.ligafemenil.mx/cancha/informeArbitral/133971/eyJpZERpdmlzaW9uIjoiMTQiLCJpZFRlbXBvcmFkYSI6Ijc0IiwiaWRUb3JuZW8iOiIxIiwiaWRDbHVibG9jYWwiOjEyMDUxLCJpZENsdWJ2aXNpdGEiOjExMTgxfQ==/informe-arbitral-mazatlan-fc-vs-cruz-azul-jornada-1-estadio-mazatlan-fox-premium', 'text': '2 - 3'}","{'type': 'link', 'href': 'https://www.ligafemenil.mx/cancha/club/11181/cruz-azul', 'text': ''}","{'type': 'link', 'href': 'https://www.ligafemenil.mx/cancha/estadio/1697/estadio-mazatlan', 'text': 'Estadio Mazatlán'}","{'type': 'link', 'href': 'https://www.ligafemenil.mx/cancha/mxm/133971/eyJpZERpdmlzaW9uIjoiMTQiLCJpZFRlbXBvcmFkYSI6Ijc0IiwiaWRUb3JuZW8iOiIxIiwiaWRDbHVibG9jYWwiOiIxMjA1MSIsImlkQ2x1YnZpc2l0YSI6IjExMTgxIiwiaWRQYXJ0aWRvIjoiMTMzOTcxIiwicGVzdGFuYSI6IjEifQ==/minuto-a-minuto-mazatlan-fc-vs-cruz-azul-jornada-1-estadio-mazatlan-fox-premium', 'text': ''}","{'type': 'link', 'href': 'https://www.ligafemenil.mx/cancha/mxm/133971/eyJpZERpdmlzaW9uIjoiMTQiLCJpZFRlbXBvcmFkYSI6Ijc0IiwiaWRUb3JuZW8iOiIxIiwiaWRDbHVibG9jYWwiOiIxMjA1MSIsImlkQ2x1YnZpc2l0YSI6IjExMTgxIiwiaWRQYXJ0aWRvIjoiMTMzOTcxIiwicGVzdGFuYSI6IjMifQ==/minuto-a-minuto-mazatlan-fc-vs-cruz-azul-jornada-1-estadio-mazatlan-fox-premium', 'text': ''}","{'type': 'link', 'href': 'https://www.ligafemenil.mx/cancha/informeArbitral/133971/eyJpZERpdmlzaW9uIjoiMTQiLCJpZFRlbXBvcmFkYSI6Ijc0IiwiaWRUb3JuZW8iOiIxIiwiaWRDbHVibG9jYWwiOiIxMjA1MSIsImlkQ2x1YnZpc2l0YSI6IjExMTgxIn0=/informe-arbitral-mazatlan-fc-vs-cruz-azul-jornada-1-estadio-mazatlan-fox-premium', 'text': ''}","{'type': 'link', 'href': 'https://www.ligafemenil.mx/cancha/mxm/133971/eyJpZERpdmlzaW9uIjoiMTQiLCJpZFRlbXBvcmFkYSI6Ijc0IiwiaWRUb3JuZW8iOiIxIiwiaWRDbHVibG9jYWwiOiIxMjA1MSIsImlkQ2x1YnZpc2l0YSI6IjExMTgxIiwiaWRQYXJ0aWRvIjoiMTMzOTcxIiwicGVzdGFuYSI6IjQifQ==/minuto-a-minuto-mazatlan-fc-vs-cruz-azul-jornada-1-estadio-mazatlan-fox-premium', 'text': ''}","{'type': 'link', 'href': 'https://www.ligafemenil.mx/cancha/galeria/MTMzOTcxLzEvNzQvMS8xNA==/mazatlan-fc-vs-cruz-azul', 'text': ''}","{'type': 'link', 'href': 'https://www.ligafemenil.mx/cancha/playlist/133971/mazatlan-fc-vs-cruz-azul', 'text': ''}"
2023-2024,Apertura,"{'type': 'text', 'value': 'Domingo 16 de Julio de 2023\nTemporada 2023-2024\nTorneo Apertura\nJornada 1\n16 Julio 2023 - 20:10 hrs.'}","{'type': 'link', 'href': 'https://www.ligafemenil.mx/cancha/club/11180/tijuana', 'text': ''}","{'type': 'link', 'href': 'https://www.ligafemenil.mx/cancha/informeArbitral/133972/eyJpZERpdmlzaW9uIjoiMTQiLCJpZFRlbXBvcmFkYSI6Ijc0IiwiaWRUb3JuZW8iOiIxIiwiaWRDbHVibG9jYWwiOjExMTgwLCJpZENsdWJ2aXNpdGEiOjExMTgyfQ==/informe-arbitral-tijuana-vs-guadalajara-jornada-1-estadio-caliente-fox-sports--fox-premium', 'text': '1 - 1'}","{'type': 'link', 'href': 'https://www.ligafemenil.mx/cancha/club/11182/guadalajara', 'text': ''}","{'type': 'link', 'href': 'https://www.ligafemenil.mx/cancha/estadio/48/estadio-caliente', 'text': 'Caliente'}","{'type': 'link', 'href': 'https://www.ligafemenil.mx/cancha/mxm/133972/eyJpZERpdmlzaW9uIjoiMTQiLCJpZFRlbXBvcmFkYSI6Ijc0IiwiaWRUb3JuZW8iOiIxIiwiaWRDbHVibG9jYWwiOiIxMTE4MCIsImlkQ2x1YnZpc2l0YSI6IjExMTgyIiwiaWRQYXJ0aWRvIjoiMTMzOTcyIiwicGVzdGFuYSI6IjEifQ==/minuto-a-minuto-tijuana-vs-guadalajara-jornada-1-estadio-caliente-fox-sports--fox-premium', 'text': ''}","{'type': 'link', 'href': 'https://www.ligafemenil.mx/cancha/mxm/133972/eyJpZERpdmlzaW9uIjoiMTQiLCJpZFRlbXBvcmFkYSI6Ijc0IiwiaWRUb3JuZW8iOiIxIiwiaWRDbHVibG9jYWwiOiIxMTE4MCIsImlkQ2x1YnZpc2l0YSI6IjExMTgyIiwiaWRQYXJ0aWRvIjoiMTMzOTcyIiwicGVzdGFuYSI6IjMifQ==/minuto-a-minuto-tijuana-vs-guadalajara-jornada-1-estadio-caliente-fox-sports--fox-premium', 'text': ''}","{'type': 'link', 'href': 'https://www.ligafemenil.mx/cancha/informeArbitral/133972/eyJpZERpdmlzaW9uIjoiMTQiLCJpZFRlbXBvcmFkYSI6Ijc0IiwiaWRUb3JuZW8iOiIxIiwiaWRDbHVibG9jYWwiOiIxMTE4MCIsImlkQ2x1YnZpc2l0YSI6IjExMTgyIn0=/informe-arbitral-tijuana-vs-guadalajara-jornada-1-estadio-caliente-fox-sports--fox-premium', 'text': ''}","{'type': 'link', 'href': 'https://www.ligafemenil.mx/cancha/mxm/133972/eyJpZERpdmlzaW9uIjoiMTQiLCJpZFRlbXBvcmFkYSI6Ijc0IiwiaWRUb3JuZW8iOiIxIiwiaWRDbHVibG9jYWwiOiIxMTE4MCIsImlkQ2x1YnZpc2l0YSI6IjExMTgyIiwiaWRQYXJ0aWRvIjoiMTMzOTcyIiwicGVzdGFuYSI6IjQifQ==/minuto-a-minuto-tijuana-vs-guadalajara-jornada-1-estadio-caliente-fox-sports--fox-premium', 'text': ''}","{'type': 'link', 'href': 'https://www.ligafemenil.mx/cancha/galeria/MTMzOTcyLzEvNzQvMS8xNA==/tijuana-vs-guadalajara', 'text': ''}","{'type': 'link', 'href': 'https://www.ligafemenil.mx/cancha/playlist/133972/tijuana-vs-guadalajara', 'text': ''}"
2023-2024,Apertura,"{'type': 'text', 'value': 'Lunes 17 de Julio de 2023\nTemporada 2023-2024\nTorneo Apertura\nJornada 1\n17 Julio 2023 - 19:00 hrs.'}","{'type': 'link', 'href': 'https://www.ligafemenil.mx/cancha/club/11186/tigres-de-la-uanl', 'text': ''}","{'type': 'link', 'href': 'https://www.ligafemenil.mx/cancha/informeArbitral/133974/eyJpZERpdmlzaW9uIjoiMTQiLCJpZFRlbXBvcmFkYSI6Ijc0IiwiaWRUb3JuZW8iOiIxIiwiaWRDbHVibG9jYWwiOjExMTg2LCJpZENsdWJ2aXNpdGEiOjExNTQzfQ==/informe-arbitral-tigres-de-la-uanl-vs-puebla-fc-jornada-1-estadio-universitario-vix', 'text': '4 - 0'}","{'type': 'link', 'href': 'https://www.ligafemenil.mx/cancha/club/11543/puebla-fc', 'text': ''}","{'type': 'link', 'href': 'https://www.ligafemenil.mx/cancha/estadio/12/estadio-universitario', 'text': 'Universitario'}","{'type': 'link', 'href': 'https://www.ligafemenil.mx/cancha/mxm/133974/eyJpZERpdmlzaW9uIjoiMTQiLCJpZFRlbXBvcmFkYSI6Ijc0IiwiaWRUb3JuZW8iOiIxIiwiaWRDbHVibG9jYWwiOiIxMTE4NiIsImlkQ2x1YnZpc2l0YSI6IjExNTQzIiwiaWRQYXJ0aWRvIjoiMTMzOTc0IiwicGVzdGFuYSI6IjEifQ==/minuto-a-minuto-tigres-de-la-uanl-vs-puebla-fc-jornada-1-estadio-universitario-vix', 'text': ''}","{'type': 'link', 'href': 'https://www.ligafemenil.mx/cancha/mxm/133974/eyJpZERpdmlzaW9uIjoiMTQiLCJpZFRlbXBvcmFkYSI6Ijc0IiwiaWRUb3JuZW8iOiIxIiwiaWRDbHVibG9jYWwiOiIxMTE4NiIsImlkQ2x1YnZpc2l0YSI6IjExNTQzIiwiaWRQYXJ0aWRvIjoiMTMzOTc0IiwicGVzdGFuYSI6IjMifQ==/minuto-a-minuto-tigres-de-la-uanl-vs-puebla-fc-jornada-1-estadio-universitario-vix', 'text': ''}","{'type': 'link', 'href': 'https://www.ligafemenil.mx/cancha/informeArbitral/133974/eyJpZERpdmlzaW9uIjoiMTQiLCJpZFRlbXBvcmFkYSI6Ijc0IiwiaWRUb3JuZW8iOiIxIiwiaWRDbHVibG9jYWwiOiIxMTE4NiIsImlkQ2x1YnZpc2l0YSI6IjExNTQzIn0=/informe-arbitral-tigres-de-la-uanl-vs-puebla-fc-jornada-1-estadio-universitario-vix', 'text': ''}","{'type': 'link', 'href': 'https://www.ligafemenil.mx/cancha/mxm/133974/eyJpZERpdmlzaW9uIjoiMTQiLCJpZFRlbXBvcmFkYSI6Ijc0IiwiaWRUb3JuZW8iOiIxIiwiaWRDbHVibG9jYWwiOiIxMTE4NiIsImlkQ2x1YnZpc2l0YSI6IjExNTQzIiwiaWRQYXJ0aWRvIjoiMTMzOTc0IiwicGVzdGFuYSI6IjQifQ==/minuto-a-minuto-tigres-de-la-uanl-vs-puebla-fc-jornada-1-estadio-universitario-vix', 'text': ''}","{'type': 'link', 'href': 'https://www.ligafemenil.mx/cancha/galeria/MTMzOTc0LzEvNzQvMS8xNA==/tigres-de-la-uanl-vs-puebla-fc', 'text': ''}","{'type': 'link', 'href': 'https://www.ligafemenil.mx/cancha/playlist/133974/tigres-de-la-uanl-vs-puebla-fc', 'text': ''}"
2023-2024,Apertura,"{'type': 'text', 'value': 'Lunes 17 de Julio de 2023\nTemporada 2023-2024\nTorneo Apertura\nJornada 1\n17 Julio 2023 - 21:10 hrs.'}","{'type': 'link', 'href': 'https://www.ligafemenil.mx/cancha/club/11795/fc-juarez', 'text': ''}","{'type': 'link', 'href': 'https://www.ligafemenil.mx/cancha/informeArbitral/133976/eyJpZERpdmlzaW9uIjoiMTQiLCJpZFRlbXBvcmFkYSI6Ijc0IiwiaWRUb3JuZW8iOiIxIiwiaWRDbHVibG9jYWwiOjExNzk1LCJpZENsdWJ2aXNpdGEiOjExNzc4fQ==/informe-arbitral-fc-juarez-vs-club-atletico-de-san-luis-jornada-1-estadio-olimpico-benito-juarez-fox-sports--fox-premium', 'text': '1 - 1'}","{'type': 'link', 'href': 'https://www.ligafemenil.mx/cancha/club/11778/club-atletico-de-san-luis', 'text': ''}","{'type': 'link', 'href': 'https://www.ligafemenil.mx/cancha/estadio/17/estadio-olimpico-benito-juarez', 'text': 'Olímpico Benito Juárez'}","{'type': 'link', 'href': 'https://www.ligafemenil.mx/cancha/mxm/133976/eyJpZERpdmlzaW9uIjoiMTQiLCJpZFRlbXBvcmFkYSI6Ijc0IiwiaWRUb3JuZW8iOiIxIiwiaWRDbHVibG9jYWwiOiIxMTc5NSIsImlkQ2x1YnZpc2l0YSI6IjExNzc4IiwiaWRQYXJ0aWRvIjoiMTMzOTc2IiwicGVzdGFuYSI6IjEifQ==/minuto-a-minuto-fc-juarez-vs-club-atletico-de-san-luis-jornada-1-estadio-olimpico-benito-juarez-fox-sports--fox-premium', 'text': ''}","{'type': 'link', 'href': 'https://www.ligafemenil.mx/cancha/mxm/133976/eyJpZERpdmlzaW9uIjoiMTQiLCJpZFRlbXBvcmFkYSI6Ijc0IiwiaWRUb3JuZW8iOiIxIiwiaWRDbHVibG9jYWwiOiIxMTc5NSIsImlkQ2x1YnZpc2l0YSI6IjExNzc4IiwiaWRQYXJ0aWRvIjoiMTMzOTc2IiwicGVzdGFuYSI6IjMifQ==/minuto-a-minuto-fc-juarez-vs-club-atletico-de-san-luis-jornada-1-estadio-olimpico-benito-juarez-fox-sports--fox-premium', 'text': ''}","{'type': 'link', 'href': 'https://www.ligafemenil.mx/cancha/informeArbitral/133976/eyJpZERpdmlzaW9uIjoiMTQiLCJpZFRlbXBvcmFkYSI6Ijc0IiwiaWRUb3JuZW8iOiIxIiwiaWRDbHVibG9jYWwiOiIxMTc5NSIsImlkQ2x1YnZpc2l0YSI6IjExNzc4In0=/informe-arbitral-fc-juarez-vs-club-atletico-de-san-luis-jornada-1-estadio-olimpico-benito-juarez-fox-sports--fox-premium', 'text': ''}","{'type': 'link', 'href': 'https://www.ligafemenil.mx/cancha/mxm/133976/eyJpZERpdmlzaW9uIjoiMTQiLCJpZFRlbXBvcmFkYSI6Ijc0IiwiaWRUb3JuZW8iOiIxIiwiaWRDbHVibG9jYWwiOiIxMTc5NSIsImlkQ2x1YnZpc2l0YSI6IjExNzc4IiwiaWRQYXJ0aWRvIjoiMTMzOTc2IiwicGVzdGFuYSI6IjQifQ==/minuto-a-minuto-fc-juarez-vs-club-atletico-de-san-luis-jornada-1-estadio-olimpico-benito-juarez-fox-sports--fox-premium', 'text': ''}","{'type': 'link', 'href': 'https://www.ligafemenil.mx/cancha/galeria/MTMzOTc2LzEvNzQvMS8xNA==/fc-juarez-vs-club-atletico-de-san-luis', 'text': ''}","{'type': 'link', 'href': 'https://www.ligafemenil.mx/cancha/playlist/133976/fc-juarez-vs-club-atletico-de-san-luis', 'text': ''}"
2023-2024,Apertura,"{'type': 'text', 'value': 'Viernes 21 de Julio de 2023\nTemporada 2023-2024\nTorneo Apertura\nJornada 2\n21 Julio 2023 - 17:06 hrs.'}","{'type': 'link', 'href': 'https://www.ligafemenil.mx/cancha/club/12042/gallos-blancos-de-queretaro', 'text': ''}","{'type': 'link', 'href': 'https://www.ligafemenil.mx/cancha/informeArbitral/133977/eyJpZERpdmlzaW9uIjoiMTQiLCJpZFRlbXBvcmFkYSI6Ijc0IiwiaWRUb3JuZW8iOiIxIiwiaWRDbHVibG9jYWwiOjEyMDQyLCJpZENsdWJ2aXNpdGEiOjExNzc4fQ==/informe-arbitral-gallos-blancos-de-queretaro-vs-club-atletico-de-san-luis-jornada-2-estadio-la-corregidora-fox-sports', 'text': '4 - 0'}","{'type': 'link', 'href': 'https://www.ligafemenil.mx/cancha/club/11778/club-atletico-de-san-luis', 'text': ''}","{'type': 'link', 'href': 'https://www.ligafemenil.mx/cancha/estadio/858/estadio-la-corregidora', 'text': 'La Corregidora'}","{'type': 'link', 'href': 'https://www.ligafemenil.mx/cancha/mxm/133977/eyJpZERpdmlzaW9uIjoiMTQiLCJpZFRlbXBvcmFkYSI6Ijc0IiwiaWRUb3JuZW8iOiIxIiwiaWRDbHVibG9jYWwiOiIxMjA0MiIsImlkQ2x1YnZpc2l0YSI6IjExNzc4IiwiaWRQYXJ0aWRvIjoiMTMzOTc3IiwicGVzdGFuYSI6IjEifQ==/minuto-a-minuto-gallos-blancos-de-queretaro-vs-club-atletico-de-san-luis-jornada-2-estadio-la-corregidora-fox-sports', 'text': ''}","{'type': 'link', 'href': 'https://www.ligafemenil.mx/cancha/mxm/133977/eyJpZERpdmlzaW9uIjoiMTQiLCJpZFRlbXBvcmFkYSI6Ijc0IiwiaWRUb3JuZW8iOiIxIiwiaWRDbHVibG9jYWwiOiIxMjA0MiIsImlkQ2x1YnZpc2l0YSI6IjExNzc4IiwiaWRQYXJ0aWRvIjoiMTMzOTc3IiwicGVzdGFuYSI6IjMifQ==/minuto-a-minuto-gallos-blancos-de-queretaro-vs-club-atletico-de-san-luis-jornada-2-estadio-la-corregidora-fox-sports', 'text': ''}","{'type': 'link', 'href': 'https://www.ligafemenil.mx/cancha/informeArbitral/133977/eyJpZERpdmlzaW9uIjoiMTQiLCJpZFRlbXBvcmFkYSI6Ijc0IiwiaWRUb3JuZW8iOiIxIiwiaWRDbHVibG9jYWwiOiIxMjA0MiIsImlkQ2x1YnZpc2l0YSI6IjExNzc4In0=/informe-arbitral-gallos-blancos-de-queretaro-vs-club-atletico-de-san-luis-jornada-2-estadio-la-corregidora-fox-sports', 'text': ''}","{'type': 'link', 'href': 'https://www.ligafemenil.mx/cancha/mxm/133977/eyJpZERpdmlzaW9uIjoiMTQiLCJpZFRlbXBvcmFkYSI6Ijc0IiwiaWRUb3JuZW8iOiIxIiwiaWRDbHVibG9jYWwiOiIxMjA0MiIsImlkQ2x1YnZpc2l0YSI6IjExNzc4IiwiaWRQYXJ0aWRvIjoiMTMzOTc3IiwicGVzdGFuYSI6IjQifQ==/minuto-a-minuto-gallos-blancos-de-queretaro-vs-club-atletico-de-san-luis-jornada-2-estadio-la-corregidora-fox-sports', 'text': ''}","{'type': 'link', 'href': 'https://www.ligafemenil.mx/cancha/galeria/MTMzOTc3LzIvNzQvMS8xNA==/gallos-blancos-de-queretaro-vs-club-atletico-de-san-luis', 'text': ''}","{'type': 'link', 'href': 'https://www.ligafemenil.mx/cancha/playlist/133977/gallos-blancos-de-queretaro-vs-club-atletico-de-san-luis', 'text': ''}"
2023-2024,Apertura,"{'type': 'text', 'value': 'Viernes 21 de Julio de 2023\nTemporada 2023-2024\nTorneo Apertura\nJornada 2\n21 Julio 2023 - 18:06 hrs.'}","{'type': 'link', 'href': 'https://www.ligafemenil.mx/cancha/club/12051/mazatlan-fc', 'text': ''}","{'type': 'link', 'href': 'https://www.ligafemenil.mx/cancha/informeArbitral/133979/eyJpZERpdmlzaW9uIjoiMTQiLCJpZFRlbXBvcmFkYSI6Ijc0IiwiaWRUb3JuZW8iOiIxIiwiaWRDbHVibG9jYWwiOjEyMDUxLCJpZENsdWJ2aXNpdGEiOjExMTg3fQ==/informe-arbitral-mazatlan-fc-vs-toluca-jornada-2-estadio-mazatlan-fox-sports', 'text': '0 - 3'}","{'type': 'link', 'href': 'https://www.ligafemenil.mx/cancha/club/11187/toluca', 'text': ''}","{'type': 'link', 'href': 'https://www.ligafemenil.mx/cancha/estadio/1697/estadio-mazatlan', 'text': 'Estadio Mazatlán'}","{'type': 'link', 'href': 'https://www.ligafemenil.mx/cancha/mxm/133979/eyJpZERpdmlzaW9uIjoiMTQiLCJpZFRlbXBvcmFkYSI6Ijc0IiwiaWRUb3JuZW8iOiIxIiwiaWRDbHVibG9jYWwiOiIxMjA1MSIsImlkQ2x1YnZpc2l0YSI6IjExMTg3IiwiaWRQYXJ0aWRvIjoiMTMzOTc5IiwicGVzdGFuYSI6IjEifQ==/minuto-a-minuto-mazatlan-fc-vs-toluca-jornada-2-estadio-mazatlan-fox-sports', 'text': ''}","{'type': 'link', 'href': 'https://www.ligafemenil.mx/cancha/mxm/133979/eyJpZERpdmlzaW9uIjoiMTQiLCJpZFRlbXBvcmFkYSI6Ijc0IiwiaWRUb3JuZW8iOiIxIiwiaWRDbHVibG9jYWwiOiIxMjA1MSIsImlkQ2x1YnZpc2l0YSI6IjExMTg3IiwiaWRQYXJ0aWRvIjoiMTMzOTc5IiwicGVzdGFuYSI6IjMifQ==/minuto-a-minuto-mazatlan-fc-vs-toluca-jornada-2-estadio-mazatlan-fox-sports', 'text': ''}","{'type': 'link', 'href': 'https://www.ligafemenil.mx/cancha/informeArbitral/133979/eyJpZERpdmlzaW9uIjoiMTQiLCJpZFRlbXBvcmFkYSI6Ijc0IiwiaWRUb3JuZW8iOiIxIiwiaWRDbHVibG9jYWwiOiIxMjA1MSIsImlkQ2x1YnZpc2l0YSI6IjExMTg3In0=/informe-arbitral-mazatlan-fc-vs-toluca-jornada-2-estadio-mazatlan-fox-sports', 'text': ''}","{'type': 'link', 'href': 'https://www.ligafemenil.mx/cancha/mxm/133979/eyJpZERpdmlzaW9uIjoiMTQiLCJpZFRlbXBvcmFkYSI6Ijc0IiwiaWRUb3JuZW8iOiIxIiwiaWRDbHVibG9jYWwiOiIxMjA1MSIsImlkQ2x1YnZpc2l0YSI6IjExMTg3IiwiaWRQYXJ0aWRvIjoiMTMzOTc5IiwicGVzdGFuYSI6IjQifQ==/minuto-a-minuto-mazatlan-fc-vs-toluca-jornada-2-estadio-mazatlan-fox-sports', 'text': ''}","{'type': 'link', 'href': 'https://www.ligafemenil.mx/cancha/galeria/MTMzOTc5LzIvNzQvMS8xNA==/mazatlan-fc-vs-toluca', 'text': ''}","{'type': 'link', 'href': 'https://www.ligafemenil.mx/cancha/playlist/133979/mazatlan-fc-vs-toluca', 'text': ''}"
2023-2024,Apertura,"{'type': 'text', 'value': 'Viernes 21 de Julio de 2023\nTemporada 2023-2024\nTorneo Apertura\nJornada 2\n21 Julio 2023 - 21:10 hrs.'}","{'type': 'link', 'href': 'https://www.ligafemenil.mx/cancha/club/11795/fc-juarez', 'text': ''}","{'type': 'link', 'href': 'https://www.ligafemenil.mx/cancha/informeArbitral/133978/eyJpZERpdmlzaW9uIjoiMTQiLCJpZFRlbXBvcmFkYSI6Ijc0IiwiaWRUb3JuZW8iOiIxIiwiaWRDbHVibG9jYWwiOjExNzk1LCJpZENsdWJ2aXNpdGEiOjExMTg2fQ==/informe-arbitral-fc-juarez-vs-tigres-de-la-uanl-jornada-2-estadio-olimpico-benito-juarez-fox-sports', 'text': '0 - 4'}","{'type': 'link', 'href': 'https://www.ligafemenil.mx/cancha/club/11186/tigres-de-la-uanl', 'text': ''}","{'type': 'link', 'href': 'https://www.ligafemenil.mx/cancha/estadio/17/estadio-olimpico-benito-juarez', 'text': 'Olímpico Benito Juárez'}","{'type': 'link', 'href': 'https://www.ligafemenil.mx/cancha/mxm/133978/eyJpZERpdmlzaW9uIjoiMTQiLCJpZFRlbXBvcmFkYSI6Ijc0IiwiaWRUb3JuZW8iOiIxIiwiaWRDbHVibG9jYWwiOiIxMTc5NSIsImlkQ2x1YnZpc2l0YSI6IjExMTg2IiwiaWRQYXJ0aWRvIjoiMTMzOTc4IiwicGVzdGFuYSI6IjEifQ==/minuto-a-minuto-fc-juarez-vs-tigres-de-la-uanl-jornada-2-estadio-olimpico-benito-juarez-fox-sports', 'text': ''}","{'type': 'link', 'href': 'https://www.ligafemenil.mx/cancha/mxm/133978/eyJpZERpdmlzaW9uIjoiMTQiLCJpZFRlbXBvcmFkYSI6Ijc0IiwiaWRUb3JuZW8iOiIxIiwiaWRDbHVibG9jYWwiOiIxMTc5NSIsImlkQ2x1YnZpc2l0YSI6IjExMTg2IiwiaWRQYXJ0aWRvIjoiMTMzOTc4IiwicGVzdGFuYSI6IjMifQ==/minuto-a-minuto-fc-juarez-vs-tigres-de-la-uanl-jornada-2-estadio-olimpico-benito-juarez-fox-sports', 'text': ''}","{'type': 'link', 'href': 'https://www.ligafemenil.mx/cancha/informeArbitral/133978/eyJpZERpdmlzaW9uIjoiMTQiLCJpZFRlbXBvcmFkYSI6Ijc0IiwiaWRUb3JuZW8iOiIxIiwiaWRDbHVibG9jYWwiOiIxMTc5NSIsImlkQ2x1YnZpc2l0YSI6IjExMTg2In0=/informe-arbitral-fc-juarez-vs-tigres-de-la-uanl-jornada-2-estadio-olimpico-benito-juarez-fox-sports', 'text': ''}","{'type': 'link', 'href': 'https://www.ligafemenil.mx/cancha/mxm/133978/eyJpZERpdmlzaW9uIjoiMTQiLCJpZFRlbXBvcmFkYSI6Ijc0IiwiaWRUb3JuZW8iOiIxIiwiaWRDbHVibG9jYWwiOiIxMTc5NSIsImlkQ2x1YnZpc2l0YSI6IjExMTg2IiwiaWRQYXJ0aWRvIjoiMTMzOTc4IiwicGVzdGFuYSI6IjQifQ==/minuto-a-minuto-fc-juarez-vs-tigres-de-la-uanl-jornada-2-estadio-olimpico-benito-juarez-fox-sports', 'text': ''}","{'type': 'link', 'href': 'https://www.ligafemenil.mx/cancha/galeria/MTMzOTc4LzIvNzQvMS8xNA==/fc-juarez-vs-tigres-de-la-uanl', 'text': ''}","{'type': 'link', 'href': 'https://www.ligafemenil.mx/cancha/playlist/133978/fc-juarez-vs-tigres-de-la-uanl', 'text': ''}"
2023-2024,Apertura,"{'type': 'text', 'value': 'Sábado 22 de Julio de 2023\nTemporada 2023-2024\nTorneo Apertura\nJornada 2\n22 Julio 2023 - 12:00 hrs.'}","{'type': 'link', 'href': 'https://www.ligafemenil.mx/cancha/club/11188/pumas', 'text': ''}","{'type': 'link', 'href': 'https://www.ligafemenil.mx/cancha/informeArbitral/133980/eyJpZERpdmlzaW9uIjoiMTQiLCJpZFRlbXBvcmFkYSI6Ijc0IiwiaWRUb3JuZW8iOiIxIiwiaWRDbHVibG9jYWwiOjExMTg4LCJpZENsdWJ2aXNpdGEiOjExMjQ1fQ==/informe-arbitral-pumas-vs-atlas-jornada-2-estadio-olimpico-universitario-vix', 'text': '4 - 1'}","{'type': 'link', 'href': 'https://www.ligafemenil.mx/cancha/club/11245/atlas', 'text': ''}","{'type': 'link', 'href': 'https://www.ligafemenil.mx/cancha/estadio/7/estadio-olimpico-universitario', 'text': 'Olímpico Universitario'}","{'type': 'link', 'href': 'https://www.ligafemenil.mx/cancha/mxm/133980/eyJpZERpdmlzaW9uIjoiMTQiLCJpZFRlbXBvcmFkYSI6Ijc0IiwiaWRUb3JuZW8iOiIxIiwiaWRDbHVibG9jYWwiOiIxMTE4OCIsImlkQ2x1YnZpc2l0YSI6IjExMjQ1IiwiaWRQYXJ0aWRvIjoiMTMzOTgwIiwicGVzdGFuYSI6IjEifQ==/minuto-a-minuto-pumas-vs-atlas-jornada-2-estadio-olimpico-universitario-vix', 'text': ''}","{'type': 'link', 'href': 'https://www.ligafemenil.mx/cancha/mxm/133980/eyJpZERpdmlzaW9uIjoiMTQiLCJpZFRlbXBvcmFkYSI6Ijc0IiwiaWRUb3JuZW8iOiIxIiwiaWRDbHVibG9jYWwiOiIxMTE4OCIsImlkQ2x1YnZpc2l0YSI6IjExMjQ1IiwiaWRQYXJ0aWRvIjoiMTMzOTgwIiwicGVzdGFuYSI6IjMifQ==/minuto-a-minuto-pumas-vs-atlas-jornada-2-estadio-olimpico-universitario-vix', 'text': ''}","{'type': 'link', 'href': 'https://www.ligafemenil.mx/cancha/informeArbitral/133980/eyJpZERpdmlzaW9uIjoiMTQiLCJpZFRlbXBvcmFkYSI6Ijc0IiwiaWRUb3JuZW8iOiIxIiwiaWRDbHVibG9jYWwiOiIxMTE4OCIsImlkQ2x1YnZpc2l0YSI6IjExMjQ1In0=/informe-arbitral-pumas-vs-atlas-jornada-2-estadio-olimpico-universitario-vix', 'text': ''}","{'type': 'link', 'href': 'https://www.ligafemenil.mx/cancha/mxm/133980/eyJpZERpdmlzaW9uIjoiMTQiLCJpZFRlbXBvcmFkYSI6Ijc0IiwiaWRUb3JuZW8iOiIxIiwiaWRDbHVibG9jYWwiOiIxMTE4OCIsImlkQ2x1YnZpc2l0YSI6IjExMjQ1IiwiaWRQYXJ0aWRvIjoiMTMzOTgwIiwicGVzdGFuYSI6IjQifQ==/minuto-a-minuto-pumas-vs-atlas-jornada-2-estadio-olimpico-universitario-vix', 'text': ''}","{'type': 'link', 'href': 'https://www.ligafemenil.mx/cancha/galeria/MTMzOTgwLzIvNzQvMS8xNA==/pumas-vs-atlas', 'text': ''}","{'type': 'link', 'href': 'https://www.ligafemenil.mx/cancha/playlist/133980/pumas-vs-atlas', 'text': ''}"
2023-2024,Apertura,"{'type': 'text', 'value': 'Sábado 22 de Julio de 2023\nTemporada 2023-2024\nTorneo Apertura\nJornada 2\n22 Julio 2023 - 21:00 hrs.'}","{'type': 'link', 'href': 'https://www.ligafemenil.mx/cancha/club/11185/rayados-de-monterrey', 'text': ''}","{'type': 'link', 'href': 'https://www.ligafemenil.mx/cancha/informeArbitral/133981/eyJpZERpdmlzaW9uIjoiMTQiLCJpZFRlbXBvcmFkYSI6Ijc0IiwiaWRUb3JuZW8iOiIxIiwiaWRDbHVibG9jYWwiOjExMTg1LCJpZENsdWJ2aXNpdGEiOjExMjQzfQ==/informe-arbitral-rayados-de-monterrey-vs-leon-jornada-2-estadio-bbva-vix', 'text': '7 - 0'}","{'type': 'link', 'href': 'https://www.ligafemenil.mx/cancha/club/11243/leon', 'text': ''}","{'type': 'link', 'href': 'https://www.ligafemenil.mx/cancha/estadio/1608/estadio-bbva', 'text': 'Estadio BBVA'}","{'type': 'link', 'href': 'https://www.ligafemenil.mx/cancha/mxm/133981/eyJpZERpdmlzaW9uIjoiMTQiLCJpZFRlbXBvcmFkYSI6Ijc0IiwiaWRUb3JuZW8iOiIxIiwiaWRDbHVibG9jYWwiOiIxMTE4NSIsImlkQ2x1YnZpc2l0YSI6IjExMjQzIiwiaWRQYXJ0aWRvIjoiMTMzOTgxIiwicGVzdGFuYSI6IjEifQ==/minuto-a-minuto-rayados-de-monterrey-vs-leon-jornada-2-estadio-bbva-vix', 'text': ''}","{'type': 'link', 'href': 'https://www.ligafemenil.mx/cancha/mxm/133981/eyJpZERpdmlzaW9uIjoiMTQiLCJpZFRlbXBvcmFkYSI6Ijc0IiwiaWRUb3JuZW8iOiIxIiwiaWRDbHVibG9jYWwiOiIxMTE4NSIsImlkQ2x1YnZpc2l0YSI6IjExMjQzIiwiaWRQYXJ0aWRvIjoiMTMzOTgxIiwicGVzdGFuYSI6IjMifQ==/minuto-a-minuto-rayados-de-monterrey-vs-leon-jornada-2-estadio-bbva-vix', 'text': ''}","{'type': 'link', 'href': 'https://www.ligafemenil.mx/cancha/informeArbitral/133981/eyJpZERpdmlzaW9uIjoiMTQiLCJpZFRlbXBvcmFkYSI6Ijc0IiwiaWRUb3JuZW8iOiIxIiwiaWRDbHVibG9jYWwiOiIxMTE4NSIsImlkQ2x1YnZpc2l0YSI6IjExMjQzIn0=/informe-arbitral-rayados-de-monterrey-vs-leon-jornada-2-estadio-bbva-vix', 'text': ''}","{'type': 'link', 'href': 'https://www.ligafemenil.mx/cancha/mxm/133981/eyJpZERpdmlzaW9uIjoiMTQiLCJpZFRlbXBvcmFkYSI6Ijc0IiwiaWRUb3JuZW8iOiIxIiwiaWRDbHVibG9jYWwiOiIxMTE4NSIsImlkQ2x1YnZpc2l0YSI6IjExMjQzIiwiaWRQYXJ0aWRvIjoiMTMzOTgxIiwicGVzdGFuYSI6IjQifQ==/minuto-a-minuto-rayados-de-monterrey-vs-leon-jornada-2-estadio-bbva-vix', 'text': ''}","{'type': 'link', 'href': 'https://www.ligafemenil.mx/cancha/galeria/MTMzOTgxLzIvNzQvMS8xNA==/rayados-de-monterrey-vs-leon', 'text': ''}","{'type': 'link', 'href': 'https://www.ligafemenil.mx/cancha/playlist/133981/rayados-de-monterrey-vs-leon', 'text': ''}"
2023-2024,Apertura,"{'type': 'text', 'value': 'Domingo 23 de Julio de 2023\nTemporada 2023-2024\nTorneo Apertura\nJornada 2\n23 Julio 2023 - 17:00 hrs.'}","{'type': 'link', 'href': 'https://www.ligafemenil.mx/cancha/club/11191/america', 'text': ''}","{'type': 'link', 'href': 'https://www.ligafemenil.mx/cancha/informeArbitral/133982/eyJpZERpdmlzaW9uIjoiMTQiLCJpZFRlbXBvcmFkYSI6Ijc0IiwiaWRUb3JuZW8iOiIxIiwiaWRDbHVibG9jYWwiOjExMTkxLCJpZENsdWJ2aXNpdGEiOjExMTkyfQ==/informe-arbitral-america-vs-santos-laguna-jornada-2-estadio-azteca-vix', 'text': '6 - 0'}","{'type': 'link', 'href': 'https://www.ligafemenil.mx/cancha/club/11192/santos-laguna', 'text': ''}","{'type': 'link', 'href': 'https://www.ligafemenil.mx/cancha/estadio/1/estadio-azteca', 'text': 'Azteca'}","{'type': 'link', 'href': 'https://www.ligafemenil.mx/cancha/mxm/133982/eyJpZERpdmlzaW9uIjoiMTQiLCJpZFRlbXBvcmFkYSI6Ijc0IiwiaWRUb3JuZW8iOiIxIiwiaWRDbHVibG9jYWwiOiIxMTE5MSIsImlkQ2x1YnZpc2l0YSI6IjExMTkyIiwiaWRQYXJ0aWRvIjoiMTMzOTgyIiwicGVzdGFuYSI6IjEifQ==/minuto-a-minuto-america-vs-santos-laguna-jornada-2-estadio-azteca-vix', 'text': ''}","{'type': 'link', 'href': 'https://www.ligafemenil.mx/cancha/mxm/133982/eyJpZERpdmlzaW9uIjoiMTQiLCJpZFRlbXBvcmFkYSI6Ijc0IiwiaWRUb3JuZW8iOiIxIiwiaWRDbHVibG9jYWwiOiIxMTE5MSIsImlkQ2x1YnZpc2l0YSI6IjExMTkyIiwiaWRQYXJ0aWRvIjoiMTMzOTgyIiwicGVzdGFuYSI6IjMifQ==/minuto-a-minuto-america-vs-santos-laguna-jornada-2-estadio-azteca-vix', 'text': ''}","{'type': 'link', 'href': 'https://www.ligafemenil.mx/cancha/informeArbitral/133982/eyJpZERpdmlzaW9uIjoiMTQiLCJpZFRlbXBvcmFkYSI6Ijc0IiwiaWRUb3JuZW8iOiIxIiwiaWRDbHVibG9jYWwiOiIxMTE5MSIsImlkQ2x1YnZpc2l0YSI6IjExMTkyIn0=/informe-arbitral-america-vs-santos-laguna-jornada-2-estadio-azteca-vix', 'text': ''}","{'type': 'link', 'href': 'https://www.ligafemenil.mx/cancha/mxm/133982/eyJpZERpdmlzaW9uIjoiMTQiLCJpZFRlbXBvcmFkYSI6Ijc0IiwiaWRUb3JuZW8iOiIxIiwiaWRDbHVibG9jYWwiOiIxMTE5MSIsImlkQ2x1YnZpc2l0YSI6IjExMTkyIiwiaWRQYXJ0aWRvIjoiMTMzOTgyIiwicGVzdGFuYSI6IjQifQ==/minuto-a-minuto-america-vs-santos-laguna-jornada-2-estadio-azteca-vix', 'text': ''}","{'type': 'link', 'href': 'https://www.ligafemenil.mx/cancha/galeria/MTMzOTgyLzIvNzQvMS8xNA==/america-vs-santos-laguna', 'text': ''}","{'type': 'link', 'href': 'https://www.ligafemenil.mx/cancha/playlist/133982/america-vs-santos-laguna', 'text': ''}"
2023-2024,Apertura,"{'type': 'text', 'value': 'Domingo 23 de Julio de 2023\nTemporada 2023-2024\nTorneo Apertura\nJornada 2\n23 Julio 2023 - 19:06 hrs.'}","{'type': 'link', 'href': 'https://www.ligafemenil.mx/cancha/club/11182/guadalajara', 'text': ''}","{'type': 'link', 'href': 'https://www.ligafemenil.mx/cancha/informeArbitral/133983/eyJpZERpdmlzaW9uIjoiMTQiLCJpZFRlbXBvcmFkYSI6Ijc0IiwiaWRUb3JuZW8iOiIxIiwiaWRDbHVibG9jYWwiOjExMTgyLCJpZENsdWJ2aXNpdGEiOjExNTQzfQ==/informe-arbitral-guadalajara-vs-puebla-fc-jornada-2-estadio-akron-fox-sports', 'text': '2 - 0'}","{'type': 'link', 'href': 'https://www.ligafemenil.mx/cancha/club/11543/puebla-fc', 'text': ''}","{'type': 'link', 'href': 'https://www.ligafemenil.mx/cancha/estadio/1538/estadio-akron', 'text': 'Estadio AKRON'}","{'type': 'link', 'href': 'https://www.ligafemenil.mx/cancha/mxm/133983/eyJpZERpdmlzaW9uIjoiMTQiLCJpZFRlbXBvcmFkYSI6Ijc0IiwiaWRUb3JuZW8iOiIxIiwiaWRDbHVibG9jYWwiOiIxMTE4MiIsImlkQ2x1YnZpc2l0YSI6IjExNTQzIiwiaWRQYXJ0aWRvIjoiMTMzOTgzIiwicGVzdGFuYSI6IjEifQ==/minuto-a-minuto-guadalajara-vs-puebla-fc-jornada-2-estadio-akron-fox-sports', 'text': ''}","{'type': 'link', 'href': 'https://www.ligafemenil.mx/cancha/mxm/133983/eyJpZERpdmlzaW9uIjoiMTQiLCJpZFRlbXBvcmFkYSI6Ijc0IiwiaWRUb3JuZW8iOiIxIiwiaWRDbHVibG9jYWwiOiIxMTE4MiIsImlkQ2x1YnZpc2l0YSI6IjExNTQzIiwiaWRQYXJ0aWRvIjoiMTMzOTgzIiwicGVzdGFuYSI6IjMifQ==/minuto-a-minuto-guadalajara-vs-puebla-fc-jornada-2-estadio-akron-fox-sports', 'text': ''}","{'type': 'link', 'href': 'https://www.ligafemenil.mx/cancha/informeArbitral/133983/eyJpZERpdmlzaW9uIjoiMTQiLCJpZFRlbXBvcmFkYSI6Ijc0IiwiaWRUb3JuZW8iOiIxIiwiaWRDbHVibG9jYWwiOiIxMTE4MiIsImlkQ2x1YnZpc2l0YSI6IjExNTQzIn0=/informe-arbitral-guadalajara-vs-puebla-fc-jornada-2-estadio-akron-fox-sports', 'text': ''}","{'type': 'link', 'href': 'https://www.ligafemenil.mx/cancha/mxm/133983/eyJpZERpdmlzaW9uIjoiMTQiLCJpZFRlbXBvcmFkYSI6Ijc0IiwiaWRUb3JuZW8iOiIxIiwiaWRDbHVibG9jYWwiOiIxMTE4MiIsImlkQ2x1YnZpc2l0YSI6IjExNTQzIiwiaWRQYXJ0aWRvIjoiMTMzOTgzIiwicGVzdGFuYSI6IjQifQ==/minuto-a-minuto-guadalajara-vs-puebla-fc-jornada-2-estadio-akron-fox-sports', 'text': ''}","{'type': 'link', 'href': 'https://www.ligafemenil.mx/cancha/galeria/MTMzOTgzLzIvNzQvMS8xNA==/guadalajara-vs-puebla-fc', 'text': ''}","{'type': 'link', 'href': 'https://www.ligafemenil.mx/cancha/playlist/133983/guadalajara-vs-puebla-fc', 'text': ''}"
2023-2024,Apertura,"{'type': 'text', 'value': 'Lunes 24 de Julio de 2023\nTemporada 2023-2024\nTorneo Apertura\nJornada 2\n24 Julio 2023 - 17:00 hrs.'}","{'type': 'link', 'href': 'https://www.ligafemenil.mx/cancha/club/11189/necaxa', 'text': ''}","{'type': 'link', 'href': 'https://www.ligafemenil.mx/cancha/informeArbitral/133984/eyJpZERpdmlzaW9uIjoiMTQiLCJpZFRlbXBvcmFkYSI6Ijc0IiwiaWRUb3JuZW8iOiIxIiwiaWRDbHVibG9jYWwiOjExMTg5LCJpZENsdWJ2aXNpdGEiOjExMTgwfQ==/informe-arbitral-necaxa-vs-tijuana-jornada-2-estadio-victoria-vix', 'text': '1 - 2'}","{'type': 'link', 'href': 'https://www.ligafemenil.mx/cancha/club/11180/tijuana', 'text': ''}","{'type': 'link', 'href': 'https://www.ligafemenil.mx/cancha/estadio/15/estadio-victoria', 'text': 'Victoria'}","{'type': 'link', 'href': 'https://www.ligafemenil.mx/cancha/mxm/133984/eyJpZERpdmlzaW9uIjoiMTQiLCJpZFRlbXBvcmFkYSI6Ijc0IiwiaWRUb3JuZW8iOiIxIiwiaWRDbHVibG9jYWwiOiIxMTE4OSIsImlkQ2x1YnZpc2l0YSI6IjExMTgwIiwiaWRQYXJ0aWRvIjoiMTMzOTg0IiwicGVzdGFuYSI6IjEifQ==/minuto-a-minuto-necaxa-vs-tijuana-jornada-2-estadio-victoria-vix', 'text': ''}","{'type': 'link', 'href': 'https://www.ligafemenil.mx/cancha/mxm/133984/eyJpZERpdmlzaW9uIjoiMTQiLCJpZFRlbXBvcmFkYSI6Ijc0IiwiaWRUb3JuZW8iOiIxIiwiaWRDbHVibG9jYWwiOiIxMTE4OSIsImlkQ2x1YnZpc2l0YSI6IjExMTgwIiwiaWRQYXJ0aWRvIjoiMTMzOTg0IiwicGVzdGFuYSI6IjMifQ==/minuto-a-minuto-necaxa-vs-tijuana-jornada-2-estadio-victoria-vix', 'text': ''}","{'type': 'link', 'href': 'https://www.ligafemenil.mx/cancha/informeArbitral/133984/eyJpZERpdmlzaW9uIjoiMTQiLCJpZFRlbXBvcmFkYSI6Ijc0IiwiaWRUb3JuZW8iOiIxIiwiaWRDbHVibG9jYWwiOiIxMTE4OSIsImlkQ2x1YnZpc2l0YSI6IjExMTgwIn0=/informe-arbitral-necaxa-vs-tijuana-jornada-2-estadio-victoria-vix', 'text': ''}","{'type': 'link', 'href': 'https://www.ligafemenil.mx/cancha/mxm/133984/eyJpZERpdmlzaW9uIjoiMTQiLCJpZFRlbXBvcmFkYSI6Ijc0IiwiaWRUb3JuZW8iOiIxIiwiaWRDbHVibG9jYWwiOiIxMTE4OSIsImlkQ2x1YnZpc2l0YSI6IjExMTgwIiwiaWRQYXJ0aWRvIjoiMTMzOTg0IiwicGVzdGFuYSI6IjQifQ==/minuto-a-minuto-necaxa-vs-tijuana-jornada-2-estadio-victoria-vix', 'text': ''}","{'type': 'link', 'href': 'https://www.ligafemenil.mx/cancha/galeria/MTMzOTg0LzIvNzQvMS8xNA==/necaxa-vs-tijuana', 'text': ''}","{'type': 'link', 'href': 'https://www.ligafemenil.mx/cancha/playlist/133984/necaxa-vs-tijuana', 'text': ''}"
2023-2024,Apertura,"{'type': 'text', 'value': 'Lunes 24 de Julio de 2023\nTemporada 2023-2024\nTorneo Apertura\nJornada 2\n24 Julio 2023 - 19:06 hrs.'}","{'type': 'link', 'href': 'https://www.ligafemenil.mx/cancha/club/11184/pachuca', 'text': ''}","{'type': 'link', 'href': 'https://www.ligafemenil.mx/cancha/informeArbitral/133985/eyJpZERpdmlzaW9uIjoiMTQiLCJpZFRlbXBvcmFkYSI6Ijc0IiwiaWRUb3JuZW8iOiIxIiwiaWRDbHVibG9jYWwiOjExMTg0LCJpZENsdWJ2aXNpdGEiOjExMTgxfQ==/informe-arbitral-pachuca-vs-cruz-azul-jornada-2-estadio-hidalgo-fox-sports', 'text': '0 - 2'}","{'type': 'link', 'href': 'https://www.ligafemenil.mx/cancha/club/11181/cruz-azul', 'text': ''}","{'type': 'link', 'href': 'https://www.ligafemenil.mx/cancha/estadio/11/estadio-hidalgo', 'text': 'Hidalgo'}","{'type': 'link', 'href': 'https://www.ligafemenil.mx/cancha/mxm/133985/eyJpZERpdmlzaW9uIjoiMTQiLCJpZFRlbXBvcmFkYSI6Ijc0IiwiaWRUb3JuZW8iOiIxIiwiaWRDbHVibG9jYWwiOiIxMTE4NCIsImlkQ2x1YnZpc2l0YSI6IjExMTgxIiwiaWRQYXJ0aWRvIjoiMTMzOTg1IiwicGVzdGFuYSI6IjEifQ==/minuto-a-minuto-pachuca-vs-cruz-azul-jornada-2-estadio-hidalgo-fox-sports', 'text': ''}","{'type': 'link', 'href': 'https://www.ligafemenil.mx/cancha/mxm/133985/eyJpZERpdmlzaW9uIjoiMTQiLCJpZFRlbXBvcmFkYSI6Ijc0IiwiaWRUb3JuZW8iOiIxIiwiaWRDbHVibG9jYWwiOiIxMTE4NCIsImlkQ2x1YnZpc2l0YSI6IjExMTgxIiwiaWRQYXJ0aWRvIjoiMTMzOTg1IiwicGVzdGFuYSI6IjMifQ==/minuto-a-minuto-pachuca-vs-cruz-azul-jornada-2-estadio-hidalgo-fox-sports', 'text': ''}","{'type': 'link', 'href': 'https://www.ligafemenil.mx/cancha/informeArbitral/133985/eyJpZERpdmlzaW9uIjoiMTQiLCJpZFRlbXBvcmFkYSI6Ijc0IiwiaWRUb3JuZW8iOiIxIiwiaWRDbHVibG9jYWwiOiIxMTE4NCIsImlkQ2x1YnZpc2l0YSI6IjExMTgxIn0=/informe-arbitral-pachuca-vs-cruz-azul-jornada-2-estadio-hidalgo-fox-sports', 'text': ''}","{'type': 'link', 'href': 'https://www.ligafemenil.mx/cancha/mxm/133985/eyJpZERpdmlzaW9uIjoiMTQiLCJpZFRlbXBvcmFkYSI6Ijc0IiwiaWRUb3JuZW8iOiIxIiwiaWRDbHVibG9jYWwiOiIxMTE4NCIsImlkQ2x1YnZpc2l0YSI6IjExMTgxIiwiaWRQYXJ0aWRvIjoiMTMzOTg1IiwicGVzdGFuYSI6IjQifQ==/minuto-a-minuto-pachuca-vs-cruz-azul-jornada-2-estadio-hidalgo-fox-sports', 'text': ''}","{'type': 'link', 'href': 'https://www.ligafemenil.mx/cancha/galeria/MTMzOTg1LzIvNzQvMS8xNA==/pachuca-vs-cruz-azul', 'text': ''}","{'type': 'link', 'href': 'https://www.ligafemenil.mx/cancha/playlist/133985/pachuca-vs-cruz-azul', 'text': ''}"
2023-2024,Apertura,"{'type': 'text', 'value': 'Miércoles 26 de Julio de 2023\nTemporada 2023-2024\nTorneo Apertura\nJornada 1\n26 Julio 2023 - 20:06 hrs.'}","{'type': 'link', 'href': 'https://www.ligafemenil.mx/cancha/club/11245/atlas', 'text': ''}","{'type': 'link', 'href': 'https://www.ligafemenil.mx/cancha/informeArbitral/133968/eyJpZERpdmlzaW9uIjoiMTQiLCJpZFRlbXBvcmFkYSI6Ijc0IiwiaWRUb3JuZW8iOiIxIiwiaWRDbHVibG9jYWwiOjExMjQ1LCJpZENsdWJ2aXNpdGEiOjEyMDQyfQ==/informe-arbitral-atlas-vs-gallos-blancos-de-queretaro-jornada-1-estadio-jalisco-fox-sports', 'text': '0 - 2'}","{'type': 'link', 'href': 'https://www.ligafemenil.mx/cancha/club/12042/gallos-blancos-de-queretaro', 'text': ''}","{'type': 'link', 'href': 'https://www.ligafemenil.mx/cancha/estadio/5/estadio-jalisco', 'text': 'Jalisco'}","{'type': 'link', 'href': 'https://www.ligafemenil.mx/cancha/mxm/133968/eyJpZERpdmlzaW9uIjoiMTQiLCJpZFRlbXBvcmFkYSI6Ijc0IiwiaWRUb3JuZW8iOiIxIiwiaWRDbHVibG9jYWwiOiIxMTI0NSIsImlkQ2x1YnZpc2l0YSI6IjEyMDQyIiwiaWRQYXJ0aWRvIjoiMTMzOTY4IiwicGVzdGFuYSI6IjEifQ==/minuto-a-minuto-atlas-vs-gallos-blancos-de-queretaro-jornada-1-estadio-jalisco-fox-sports', 'text': ''}","{'type': 'link', 'href': 'https://www.ligafemenil.mx/cancha/mxm/133968/eyJpZERpdmlzaW9uIjoiMTQiLCJpZFRlbXBvcmFkYSI6Ijc0IiwiaWRUb3JuZW8iOiIxIiwiaWRDbHVibG9jYWwiOiIxMTI0NSIsImlkQ2x1YnZpc2l0YSI6IjEyMDQyIiwiaWRQYXJ0aWRvIjoiMTMzOTY4IiwicGVzdGFuYSI6IjMifQ==/minuto-a-minuto-atlas-vs-gallos-blancos-de-queretaro-jornada-1-estadio-jalisco-fox-sports', 'text': ''}","{'type': 'link', 'href': 'https://www.ligafemenil.mx/cancha/informeArbitral/133968/eyJpZERpdmlzaW9uIjoiMTQiLCJpZFRlbXBvcmFkYSI6Ijc0IiwiaWRUb3JuZW8iOiIxIiwiaWRDbHVibG9jYWwiOiIxMTI0NSIsImlkQ2x1YnZpc2l0YSI6IjEyMDQyIn0=/informe-arbitral-atlas-vs-gallos-blancos-de-queretaro-jornada-1-estadio-jalisco-fox-sports', 'text': ''}","{'type': 'link', 'href': 'https://www.ligafemenil.mx/cancha/mxm/133968/eyJpZERpdmlzaW9uIjoiMTQiLCJpZFRlbXBvcmFkYSI6Ijc0IiwiaWRUb3JuZW8iOiIxIiwiaWRDbHVibG9jYWwiOiIxMTI0NSIsImlkQ2x1YnZpc2l0YSI6IjEyMDQyIiwiaWRQYXJ0aWRvIjoiMTMzOTY4IiwicGVzdGFuYSI6IjQifQ==/minuto-a-minuto-atlas-vs-gallos-blancos-de-queretaro-jornada-1-estadio-jalisco-fox-sports', 'text': ''}","{'type': 'link', 'href': 'https://www.ligafemenil.mx/cancha/galeria/MTMzOTY4LzEvNzQvMS8xNA==/atlas-vs-gallos-blancos-de-queretaro', 'text': ''}","{'type': 'link', 'href': 'https://www.ligafemenil.mx/cancha/playlist/133968/atlas-vs-gallos-blancos-de-queretaro', 'text': ''}"
2023-2024,Apertura,"{'type': 'text', 'value': 'Viernes 28 de Julio de 2023\nTemporada 2023-2024\nTorneo Apertura\nJornada 3\n28 Julio 2023 - 19:06 hrs.'}","{'type': 'link', 'href': 'https://www.ligafemenil.mx/cancha/club/11192/santos-laguna', 'text': ''}","{'type': 'link', 'href': 'https://www.ligafemenil.mx/cancha/informeArbitral/133986/eyJpZERpdmlzaW9uIjoiMTQiLCJpZFRlbXBvcmFkYSI6Ijc0IiwiaWRUb3JuZW8iOiIxIiwiaWRDbHVibG9jYWwiOjExMTkyLCJpZENsdWJ2aXNpdGEiOjExMTgyfQ==/informe-arbitral-santos-laguna-vs-guadalajara-jornada-3-estadio-tsm-corona-fox-sports', 'text': '0 - 3'}","{'type': 'link', 'href': 'https://www.ligafemenil.mx/cancha/club/11182/guadalajara', 'text': ''}","{'type': 'link', 'href': 'https://www.ligafemenil.mx/cancha/estadio/63/estadio-tsm-corona', 'text': 'TSM Corona'}","{'type': 'link', 'href': 'https://www.ligafemenil.mx/cancha/mxm/133986/eyJpZERpdmlzaW9uIjoiMTQiLCJpZFRlbXBvcmFkYSI6Ijc0IiwiaWRUb3JuZW8iOiIxIiwiaWRDbHVibG9jYWwiOiIxMTE5MiIsImlkQ2x1YnZpc2l0YSI6IjExMTgyIiwiaWRQYXJ0aWRvIjoiMTMzOTg2IiwicGVzdGFuYSI6IjEifQ==/minuto-a-minuto-santos-laguna-vs-guadalajara-jornada-3-estadio-tsm-corona-fox-sports', 'text': ''}","{'type': 'link', 'href': 'https://www.ligafemenil.mx/cancha/mxm/133986/eyJpZERpdmlzaW9uIjoiMTQiLCJpZFRlbXBvcmFkYSI6Ijc0IiwiaWRUb3JuZW8iOiIxIiwiaWRDbHVibG9jYWwiOiIxMTE5MiIsImlkQ2x1YnZpc2l0YSI6IjExMTgyIiwiaWRQYXJ0aWRvIjoiMTMzOTg2IiwicGVzdGFuYSI6IjMifQ==/minuto-a-minuto-santos-laguna-vs-guadalajara-jornada-3-estadio-tsm-corona-fox-sports', 'text': ''}","{'type': 'link', 'href': 'https://www.ligafemenil.mx/cancha/informeArbitral/133986/eyJpZERpdmlzaW9uIjoiMTQiLCJpZFRlbXBvcmFkYSI6Ijc0IiwiaWRUb3JuZW8iOiIxIiwiaWRDbHVibG9jYWwiOiIxMTE5MiIsImlkQ2x1YnZpc2l0YSI6IjExMTgyIn0=/informe-arbitral-santos-laguna-vs-guadalajara-jornada-3-estadio-tsm-corona-fox-sports', 'text': ''}","{'type': 'link', 'href': 'https://www.ligafemenil.mx/cancha/mxm/133986/eyJpZERpdmlzaW9uIjoiMTQiLCJpZFRlbXBvcmFkYSI6Ijc0IiwiaWRUb3JuZW8iOiIxIiwiaWRDbHVibG9jYWwiOiIxMTE5MiIsImlkQ2x1YnZpc2l0YSI6IjExMTgyIiwiaWRQYXJ0aWRvIjoiMTMzOTg2IiwicGVzdGFuYSI6IjQifQ==/minuto-a-minuto-santos-laguna-vs-guadalajara-jornada-3-estadio-tsm-corona-fox-sports', 'text': ''}","{'type': 'link', 'href': 'https://www.ligafemenil.mx/cancha/galeria/MTMzOTg2LzMvNzQvMS8xNA==/santos-laguna-vs-guadalajara', 'text': ''}","{'type': 'link', 'href': 'https://www.ligafemenil.mx/cancha/playlist/133986/santos-laguna-vs-guadalajara', 'text': ''}"
2023-2024,Apertura,"{'type': 'text', 'value': 'Viernes 28 de Julio de 2023\nTemporada 2023-2024\nTorneo Apertura\nJornada 3\n28 Julio 2023 - 21:00 hrs.'}","{'type': 'link', 'href': 'https://www.ligafemenil.mx/cancha/club/11186/tigres-de-la-uanl', 'text': ''}","{'type': 'link', 'href': 'https://www.ligafemenil.mx/cancha/informeArbitral/133987/eyJpZERpdmlzaW9uIjoiMTQiLCJpZFRlbXBvcmFkYSI6Ijc0IiwiaWRUb3JuZW8iOiIxIiwiaWRDbHVibG9jYWwiOjExMTg2LCJpZENsdWJ2aXNpdGEiOjEyMDUxfQ==/informe-arbitral-tigres-de-la-uanl-vs-mazatlan-fc-jornada-3-estadio-universitario-vix', 'text': '6 - 0'}","{'type': 'link', 'href': 'https://www.ligafemenil.mx/cancha/club/12051/mazatlan-fc', 'text': ''}","{'type': 'link', 'href': 'https://www.ligafemenil.mx/cancha/estadio/12/estadio-universitario', 'text': 'Universitario'}","{'type': 'link', 'href': 'https://www.ligafemenil.mx/cancha/mxm/133987/eyJpZERpdmlzaW9uIjoiMTQiLCJpZFRlbXBvcmFkYSI6Ijc0IiwiaWRUb3JuZW8iOiIxIiwiaWRDbHVibG9jYWwiOiIxMTE4NiIsImlkQ2x1YnZpc2l0YSI6IjEyMDUxIiwiaWRQYXJ0aWRvIjoiMTMzOTg3IiwicGVzdGFuYSI6IjEifQ==/minuto-a-minuto-tigres-de-la-uanl-vs-mazatlan-fc-jornada-3-estadio-universitario-vix', 'text': ''}","{'type': 'link', 'href': 'https://www.ligafemenil.mx/cancha/mxm/133987/eyJpZERpdmlzaW9uIjoiMTQiLCJpZFRlbXBvcmFkYSI6Ijc0IiwiaWRUb3JuZW8iOiIxIiwiaWRDbHVibG9jYWwiOiIxMTE4NiIsImlkQ2x1YnZpc2l0YSI6IjEyMDUxIiwiaWRQYXJ0aWRvIjoiMTMzOTg3IiwicGVzdGFuYSI6IjMifQ==/minuto-a-minuto-tigres-de-la-uanl-vs-mazatlan-fc-jornada-3-estadio-universitario-vix', 'text': ''}","{'type': 'link', 'href': 'https://www.ligafemenil.mx/cancha/informeArbitral/133987/eyJpZERpdmlzaW9uIjoiMTQiLCJpZFRlbXBvcmFkYSI6Ijc0IiwiaWRUb3JuZW8iOiIxIiwiaWRDbHVibG9jYWwiOiIxMTE4NiIsImlkQ2x1YnZpc2l0YSI6IjEyMDUxIn0=/informe-arbitral-tigres-de-la-uanl-vs-mazatlan-fc-jornada-3-estadio-universitario-vix', 'text': ''}","{'type': 'link', 'href': 'https://www.ligafemenil.mx/cancha/mxm/133987/eyJpZERpdmlzaW9uIjoiMTQiLCJpZFRlbXBvcmFkYSI6Ijc0IiwiaWRUb3JuZW8iOiIxIiwiaWRDbHVibG9jYWwiOiIxMTE4NiIsImlkQ2x1YnZpc2l0YSI6IjEyMDUxIiwiaWRQYXJ0aWRvIjoiMTMzOTg3IiwicGVzdGFuYSI6IjQifQ==/minuto-a-minuto-tigres-de-la-uanl-vs-mazatlan-fc-jornada-3-estadio-universitario-vix', 'text': ''}","{'type': 'link', 'href': 'https://www.ligafemenil.mx/cancha/galeria/MTMzOTg3LzMvNzQvMS8xNA==/tigres-de-la-uanl-vs-mazatlan-fc', 'text': ''}","{'type': 'link', 'href': 'https://www.ligafemenil.mx/cancha/playlist/133987/tigres-de-la-uanl-vs-mazatlan-fc', 'text': ''}"
2023-2024,Apertura,"{'type': 'text', 'value': 'Sábado 29 de Julio de 2023\nTemporada 2023-2024\nTorneo Apertura\nJornada 3\n29 Julio 2023 - 12:00 hrs.'}","{'type': 'link', 'href': 'https://www.ligafemenil.mx/cancha/club/11181/cruz-azul', 'text': ''}","{'type': 'link', 'href': 'https://www.ligafemenil.mx/cancha/informeArbitral/133988/eyJpZERpdmlzaW9uIjoiMTQiLCJpZFRlbXBvcmFkYSI6Ijc0IiwiaWRUb3JuZW8iOiIxIiwiaWRDbHVibG9jYWwiOjExMTgxLCJpZENsdWJ2aXNpdGEiOjExMTg4fQ==/informe-arbitral-cruz-azul-vs-pumas-jornada-3-estadio-instalaciones-la-noria-vix', 'text': '2 - 1'}","{'type': 'link', 'href': 'https://www.ligafemenil.mx/cancha/club/11188/pumas', 'text': ''}","{'type': 'link', 'href': 'https://www.ligafemenil.mx/cancha/estadio/877/estadio-instalaciones-la-noria', 'text': 'INSTALACIONES LA NORIA'}","{'type': 'link', 'href': 'https://www.ligafemenil.mx/cancha/mxm/133988/eyJpZERpdmlzaW9uIjoiMTQiLCJpZFRlbXBvcmFkYSI6Ijc0IiwiaWRUb3JuZW8iOiIxIiwiaWRDbHVibG9jYWwiOiIxMTE4MSIsImlkQ2x1YnZpc2l0YSI6IjExMTg4IiwiaWRQYXJ0aWRvIjoiMTMzOTg4IiwicGVzdGFuYSI6IjEifQ==/minuto-a-minuto-cruz-azul-vs-pumas-jornada-3-estadio-instalaciones-la-noria-vix', 'text': ''}","{'type': 'link', 'href': 'https://www.ligafemenil.mx/cancha/mxm/133988/eyJpZERpdmlzaW9uIjoiMTQiLCJpZFRlbXBvcmFkYSI6Ijc0IiwiaWRUb3JuZW8iOiIxIiwiaWRDbHVibG9jYWwiOiIxMTE4MSIsImlkQ2x1YnZpc2l0YSI6IjExMTg4IiwiaWRQYXJ0aWRvIjoiMTMzOTg4IiwicGVzdGFuYSI6IjMifQ==/minuto-a-minuto-cruz-azul-vs-pumas-jornada-3-estadio-instalaciones-la-noria-vix', 'text': ''}","{'type': 'link', 'href': 'https://www.ligafemenil.mx/cancha/informeArbitral/133988/eyJpZERpdmlzaW9uIjoiMTQiLCJpZFRlbXBvcmFkYSI6Ijc0IiwiaWRUb3JuZW8iOiIxIiwiaWRDbHVibG9jYWwiOiIxMTE4MSIsImlkQ2x1YnZpc2l0YSI6IjExMTg4In0=/informe-arbitral-cruz-azul-vs-pumas-jornada-3-estadio-instalaciones-la-noria-vix', 'text': ''}","{'type': 'link', 'href': 'https://www.ligafemenil.mx/cancha/mxm/133988/eyJpZERpdmlzaW9uIjoiMTQiLCJpZFRlbXBvcmFkYSI6Ijc0IiwiaWRUb3JuZW8iOiIxIiwiaWRDbHVibG9jYWwiOiIxMTE4MSIsImlkQ2x1YnZpc2l0YSI6IjExMTg4IiwiaWRQYXJ0aWRvIjoiMTMzOTg4IiwicGVzdGFuYSI6IjQifQ==/minuto-a-minuto-cruz-azul-vs-pumas-jornada-3-estadio-instalaciones-la-noria-vix', 'text': ''}","{'type': 'link', 'href': 'https://www.ligafemenil.mx/cancha/galeria/MTMzOTg4LzMvNzQvMS8xNA==/cruz-azul-vs-pumas', 'text': ''}","{'type': 'link', 'href': 'https://www.ligafemenil.mx/cancha/playlist/133988/cruz-azul-vs-pumas', 'text': ''}"
2023-2024,Apertura,"{'type': 'text', 'value': 'Sábado 29 de Julio de 2023\nTemporada 2023-2024\nTorneo Apertura\nJornada 3\n29 Julio 2023 - 19:06 hrs.'}","{'type': 'link', 'href': 'https://www.ligafemenil.mx/cancha/club/11245/atlas', 'text': ''}","{'type': 'link', 'href': 'https://www.ligafemenil.mx/cancha/informeArbitral/133989/eyJpZERpdmlzaW9uIjoiMTQiLCJpZFRlbXBvcmFkYSI6Ijc0IiwiaWRUb3JuZW8iOiIxIiwiaWRDbHVibG9jYWwiOjExMjQ1LCJpZENsdWJ2aXNpdGEiOjExNzk1fQ==/informe-arbitral-atlas-vs-fc-juarez-jornada-3-estadio-jalisco-fox-sports', 'text': '3 - 2'}","{'type': 'link', 'href': 'https://www.ligafemenil.mx/cancha/club/11795/fc-juarez', 'text': ''}","{'type': 'link', 'href': 'https://www.ligafemenil.mx/cancha/estadio/5/estadio-jalisco', 'text': 'Jalisco'}","{'type': 'link', 'href': 'https://www.ligafemenil.mx/cancha/mxm/133989/eyJpZERpdmlzaW9uIjoiMTQiLCJpZFRlbXBvcmFkYSI6Ijc0IiwiaWRUb3JuZW8iOiIxIiwiaWRDbHVibG9jYWwiOiIxMTI0NSIsImlkQ2x1YnZpc2l0YSI6IjExNzk1IiwiaWRQYXJ0aWRvIjoiMTMzOTg5IiwicGVzdGFuYSI6IjEifQ==/minuto-a-minuto-atlas-vs-fc-juarez-jornada-3-estadio-jalisco-fox-sports', 'text': ''}","{'type': 'link', 'href': 'https://www.ligafemenil.mx/cancha/mxm/133989/eyJpZERpdmlzaW9uIjoiMTQiLCJpZFRlbXBvcmFkYSI6Ijc0IiwiaWRUb3JuZW8iOiIxIiwiaWRDbHVibG9jYWwiOiIxMTI0NSIsImlkQ2x1YnZpc2l0YSI6IjExNzk1IiwiaWRQYXJ0aWRvIjoiMTMzOTg5IiwicGVzdGFuYSI6IjMifQ==/minuto-a-minuto-atlas-vs-fc-juarez-jornada-3-estadio-jalisco-fox-sports', 'text': ''}","{'type': 'link', 'href': 'https://www.ligafemenil.mx/cancha/informeArbitral/133989/eyJpZERpdmlzaW9uIjoiMTQiLCJpZFRlbXBvcmFkYSI6Ijc0IiwiaWRUb3JuZW8iOiIxIiwiaWRDbHVibG9jYWwiOiIxMTI0NSIsImlkQ2x1YnZpc2l0YSI6IjExNzk1In0=/informe-arbitral-atlas-vs-fc-juarez-jornada-3-estadio-jalisco-fox-sports', 'text': ''}","{'type': 'link', 'href': 'https://www.ligafemenil.mx/cancha/mxm/133989/eyJpZERpdmlzaW9uIjoiMTQiLCJpZFRlbXBvcmFkYSI6Ijc0IiwiaWRUb3JuZW8iOiIxIiwiaWRDbHVibG9jYWwiOiIxMTI0NSIsImlkQ2x1YnZpc2l0YSI6IjExNzk1IiwiaWRQYXJ0aWRvIjoiMTMzOTg5IiwicGVzdGFuYSI6IjQifQ==/minuto-a-minuto-atlas-vs-fc-juarez-jornada-3-estadio-jalisco-fox-sports', 'text': ''}","{'type': 'link', 'href': 'https://www.ligafemenil.mx/cancha/galeria/MTMzOTg5LzMvNzQvMS8xNA==/atlas-vs-fc-juarez', 'text': ''}","{'type': 'link', 'href': 'https://www.ligafemenil.mx/cancha/playlist/133989/atlas-vs-fc-juarez', 'text': ''}"
2023-2024,Apertura,"{'type': 'text', 'value': 'Domingo 30 de Julio de 2023\nTemporada 2023-2024\nTorneo Apertura\nJornada 3\n30 Julio 2023 - 12:00 hrs.'}","{'type': 'link', 'href': 'https://www.ligafemenil.mx/cancha/club/11543/puebla-fc', 'text': ''}","{'type': 'link', 'href': 'https://www.ligafemenil.mx/cancha/informeArbitral/133991/eyJpZERpdmlzaW9uIjoiMTQiLCJpZFRlbXBvcmFkYSI6Ijc0IiwiaWRUb3JuZW8iOiIxIiwiaWRDbHVibG9jYWwiOjExNTQzLCJpZENsdWJ2aXNpdGEiOjExMTg1fQ==/informe-arbitral-puebla-fc-vs-rayados-de-monterrey-jornada-3-estadio-cuauhtemoc-fox-sports', 'text': '0 - 3'}","{'type': 'link', 'href': 'https://www.ligafemenil.mx/cancha/club/11185/rayados-de-monterrey', 'text': ''}","{'type': 'link', 'href': 'https://www.ligafemenil.mx/cancha/estadio/9/estadio-cuauhtemoc', 'text': 'Cuauhtémoc'}","{'type': 'link', 'href': 'https://www.ligafemenil.mx/cancha/mxm/133991/eyJpZERpdmlzaW9uIjoiMTQiLCJpZFRlbXBvcmFkYSI6Ijc0IiwiaWRUb3JuZW8iOiIxIiwiaWRDbHVibG9jYWwiOiIxMTU0MyIsImlkQ2x1YnZpc2l0YSI6IjExMTg1IiwiaWRQYXJ0aWRvIjoiMTMzOTkxIiwicGVzdGFuYSI6IjEifQ==/minuto-a-minuto-puebla-fc-vs-rayados-de-monterrey-jornada-3-estadio-cuauhtemoc-fox-sports', 'text': ''}","{'type': 'link', 'href': 'https://www.ligafemenil.mx/cancha/mxm/133991/eyJpZERpdmlzaW9uIjoiMTQiLCJpZFRlbXBvcmFkYSI6Ijc0IiwiaWRUb3JuZW8iOiIxIiwiaWRDbHVibG9jYWwiOiIxMTU0MyIsImlkQ2x1YnZpc2l0YSI6IjExMTg1IiwiaWRQYXJ0aWRvIjoiMTMzOTkxIiwicGVzdGFuYSI6IjMifQ==/minuto-a-minuto-puebla-fc-vs-rayados-de-monterrey-jornada-3-estadio-cuauhtemoc-fox-sports', 'text': ''}","{'type': 'link', 'href': 'https://www.ligafemenil.mx/cancha/informeArbitral/133991/eyJpZERpdmlzaW9uIjoiMTQiLCJpZFRlbXBvcmFkYSI6Ijc0IiwiaWRUb3JuZW8iOiIxIiwiaWRDbHVibG9jYWwiOiIxMTU0MyIsImlkQ2x1YnZpc2l0YSI6IjExMTg1In0=/informe-arbitral-puebla-fc-vs-rayados-de-monterrey-jornada-3-estadio-cuauhtemoc-fox-sports', 'text': ''}","{'type': 'link', 'href': 'https://www.ligafemenil.mx/cancha/mxm/133991/eyJpZERpdmlzaW9uIjoiMTQiLCJpZFRlbXBvcmFkYSI6Ijc0IiwiaWRUb3JuZW8iOiIxIiwiaWRDbHVibG9jYWwiOiIxMTU0MyIsImlkQ2x1YnZpc2l0YSI6IjExMTg1IiwiaWRQYXJ0aWRvIjoiMTMzOTkxIiwicGVzdGFuYSI6IjQifQ==/minuto-a-minuto-puebla-fc-vs-rayados-de-monterrey-jornada-3-estadio-cuauhtemoc-fox-sports', 'text': ''}","{'type': 'link', 'href': 'https://www.ligafemenil.mx/cancha/galeria/MTMzOTkxLzMvNzQvMS8xNA==/puebla-fc-vs-rayados-de-monterrey', 'text': ''}","{'type': 'link', 'href': 'https://www.ligafemenil.mx/cancha/playlist/133991/puebla-fc-vs-rayados-de-monterrey', 'text': ''}"
2023-2024,Apertura,"{'type': 'text', 'value': 'Domingo 30 de Julio de 2023\nTemporada 2023-2024\nTorneo Apertura\nJornada 3\n30 Julio 2023 - 12:00 hrs.'}","{'type': 'link', 'href': 'https://www.ligafemenil.mx/cancha/club/11187/toluca', 'text': ''}","{'type': 'link', 'href': 'https://www.ligafemenil.mx/cancha/informeArbitral/133992/eyJpZERpdmlzaW9uIjoiMTQiLCJpZFRlbXBvcmFkYSI6Ijc0IiwiaWRUb3JuZW8iOiIxIiwiaWRDbHVibG9jYWwiOjExMTg3LCJpZENsdWJ2aXNpdGEiOjExMTg0fQ==/informe-arbitral-toluca-vs-pachuca-jornada-3-estadio-nemesio-diez-vix', 'text': '2 - 1'}","{'type': 'link', 'href': 'https://www.ligafemenil.mx/cancha/club/11184/pachuca', 'text': ''}","{'type': 'link', 'href': 'https://www.ligafemenil.mx/cancha/estadio/6/estadio-nemesio-diez', 'text': 'Nemesio Diez'}","{'type': 'link', 'href': 'https://www.ligafemenil.mx/cancha/mxm/133992/eyJpZERpdmlzaW9uIjoiMTQiLCJpZFRlbXBvcmFkYSI6Ijc0IiwiaWRUb3JuZW8iOiIxIiwiaWRDbHVibG9jYWwiOiIxMTE4NyIsImlkQ2x1YnZpc2l0YSI6IjExMTg0IiwiaWRQYXJ0aWRvIjoiMTMzOTkyIiwicGVzdGFuYSI6IjEifQ==/minuto-a-minuto-toluca-vs-pachuca-jornada-3-estadio-nemesio-diez-vix', 'text': ''}","{'type': 'link', 'href': 'https://www.ligafemenil.mx/cancha/mxm/133992/eyJpZERpdmlzaW9uIjoiMTQiLCJpZFRlbXBvcmFkYSI6Ijc0IiwiaWRUb3JuZW8iOiIxIiwiaWRDbHVibG9jYWwiOiIxMTE4NyIsImlkQ2x1YnZpc2l0YSI6IjExMTg0IiwiaWRQYXJ0aWRvIjoiMTMzOTkyIiwicGVzdGFuYSI6IjMifQ==/minuto-a-minuto-toluca-vs-pachuca-jornada-3-estadio-nemesio-diez-vix', 'text': ''}","{'type': 'link', 'href': 'https://www.ligafemenil.mx/cancha/informeArbitral/133992/eyJpZERpdmlzaW9uIjoiMTQiLCJpZFRlbXBvcmFkYSI6Ijc0IiwiaWRUb3JuZW8iOiIxIiwiaWRDbHVibG9jYWwiOiIxMTE4NyIsImlkQ2x1YnZpc2l0YSI6IjExMTg0In0=/informe-arbitral-toluca-vs-pachuca-jornada-3-estadio-nemesio-diez-vix', 'text': ''}","{'type': 'link', 'href': 'https://www.ligafemenil.mx/cancha/mxm/133992/eyJpZERpdmlzaW9uIjoiMTQiLCJpZFRlbXBvcmFkYSI6Ijc0IiwiaWRUb3JuZW8iOiIxIiwiaWRDbHVibG9jYWwiOiIxMTE4NyIsImlkQ2x1YnZpc2l0YSI6IjExMTg0IiwiaWRQYXJ0aWRvIjoiMTMzOTkyIiwicGVzdGFuYSI6IjQifQ==/minuto-a-minuto-toluca-vs-pachuca-jornada-3-estadio-nemesio-diez-vix', 'text': ''}","{'type': 'link', 'href': 'https://www.ligafemenil.mx/cancha/galeria/MTMzOTkyLzMvNzQvMS8xNA==/toluca-vs-pachuca', 'text': ''}","{'type': 'link', 'href': 'https://www.ligafemenil.mx/cancha/playlist/133992/toluca-vs-pachuca', 'text': ''}"
2023-2024,Apertura,"{'type': 'text', 'value': 'Domingo 30 de Julio de 2023\nTemporada 2023-2024\nTorneo Apertura\nJornada 3\n30 Julio 2023 - 17:00 hrs.'}","{'type': 'link', 'href': 'https://www.ligafemenil.mx/cancha/club/11778/club-atletico-de-san-luis', 'text': ''}","{'type': 'link', 'href': 'https://www.ligafemenil.mx/cancha/informeArbitral/133993/eyJpZERpdmlzaW9uIjoiMTQiLCJpZFRlbXBvcmFkYSI6Ijc0IiwiaWRUb3JuZW8iOiIxIiwiaWRDbHVibG9jYWwiOjExNzc4LCJpZENsdWJ2aXNpdGEiOjExMTg5fQ==/informe-arbitral-club-atletico-de-san-luis-vs-necaxa-jornada-3-estadio-alfonso-lastras-ramirez-espn', 'text': '1 - 0'}","{'type': 'link', 'href': 'https://www.ligafemenil.mx/cancha/club/11189/necaxa', 'text': ''}","{'type': 'link', 'href': 'https://www.ligafemenil.mx/cancha/estadio/14/estadio-alfonso-lastras-ramirez', 'text': 'Alfonso Lastras Ramírez'}","{'type': 'link', 'href': 'https://www.ligafemenil.mx/cancha/mxm/133993/eyJpZERpdmlzaW9uIjoiMTQiLCJpZFRlbXBvcmFkYSI6Ijc0IiwiaWRUb3JuZW8iOiIxIiwiaWRDbHVibG9jYWwiOiIxMTc3OCIsImlkQ2x1YnZpc2l0YSI6IjExMTg5IiwiaWRQYXJ0aWRvIjoiMTMzOTkzIiwicGVzdGFuYSI6IjEifQ==/minuto-a-minuto-club-atletico-de-san-luis-vs-necaxa-jornada-3-estadio-alfonso-lastras-ramirez-espn', 'text': ''}","{'type': 'link', 'href': 'https://www.ligafemenil.mx/cancha/mxm/133993/eyJpZERpdmlzaW9uIjoiMTQiLCJpZFRlbXBvcmFkYSI6Ijc0IiwiaWRUb3JuZW8iOiIxIiwiaWRDbHVibG9jYWwiOiIxMTc3OCIsImlkQ2x1YnZpc2l0YSI6IjExMTg5IiwiaWRQYXJ0aWRvIjoiMTMzOTkzIiwicGVzdGFuYSI6IjMifQ==/minuto-a-minuto-club-atletico-de-san-luis-vs-necaxa-jornada-3-estadio-alfonso-lastras-ramirez-espn', 'text': ''}","{'type': 'link', 'href': 'https://www.ligafemenil.mx/cancha/informeArbitral/133993/eyJpZERpdmlzaW9uIjoiMTQiLCJpZFRlbXBvcmFkYSI6Ijc0IiwiaWRUb3JuZW8iOiIxIiwiaWRDbHVibG9jYWwiOiIxMTc3OCIsImlkQ2x1YnZpc2l0YSI6IjExMTg5In0=/informe-arbitral-club-atletico-de-san-luis-vs-necaxa-jornada-3-estadio-alfonso-lastras-ramirez-espn', 'text': ''}","{'type': 'link', 'href': 'https://www.ligafemenil.mx/cancha/mxm/133993/eyJpZERpdmlzaW9uIjoiMTQiLCJpZFRlbXBvcmFkYSI6Ijc0IiwiaWRUb3JuZW8iOiIxIiwiaWRDbHVibG9jYWwiOiIxMTc3OCIsImlkQ2x1YnZpc2l0YSI6IjExMTg5IiwiaWRQYXJ0aWRvIjoiMTMzOTkzIiwicGVzdGFuYSI6IjQifQ==/minuto-a-minuto-club-atletico-de-san-luis-vs-necaxa-jornada-3-estadio-alfonso-lastras-ramirez-espn', 'text': ''}","{'type': 'link', 'href': 'https://www.ligafemenil.mx/cancha/galeria/MTMzOTkzLzMvNzQvMS8xNA==/club-atletico-de-san-luis-vs-necaxa', 'text': ''}","{'type': 'link', 'href': 'https://www.ligafemenil.mx/cancha/playlist/133993/club-atletico-de-san-luis-vs-necaxa', 'text': ''}"
2023-2024,Apertura,"{'type': 'text', 'value': 'Lunes 31 de Julio de 2023\nTemporada 2023-2024\nTorneo Apertura\nJornada 3\n31 Julio 2023 - 19:06 hrs.'}","{'type': 'link', 'href': 'https://www.ligafemenil.mx/cancha/club/11243/leon', 'text': ''}","{'type': 'link', 'href': 'https://www.ligafemenil.mx/cancha/informeArbitral/133994/eyJpZERpdmlzaW9uIjoiMTQiLCJpZFRlbXBvcmFkYSI6Ijc0IiwiaWRUb3JuZW8iOiIxIiwiaWRDbHVibG9jYWwiOjExMjQzLCJpZENsdWJ2aXNpdGEiOjEyMDQyfQ==/informe-arbitral-leon-vs-gallos-blancos-de-queretaro-jornada-3-estadio-nou-camp-fox-sports', 'text': '2 - 0'}","{'type': 'link', 'href': 'https://www.ligafemenil.mx/cancha/club/12042/gallos-blancos-de-queretaro', 'text': ''}","{'type': 'link', 'href': 'https://www.ligafemenil.mx/cancha/estadio/23/estadio-nou-camp', 'text': 'Nou Camp'}","{'type': 'link', 'href': 'https://www.ligafemenil.mx/cancha/mxm/133994/eyJpZERpdmlzaW9uIjoiMTQiLCJpZFRlbXBvcmFkYSI6Ijc0IiwiaWRUb3JuZW8iOiIxIiwiaWRDbHVibG9jYWwiOiIxMTI0MyIsImlkQ2x1YnZpc2l0YSI6IjEyMDQyIiwiaWRQYXJ0aWRvIjoiMTMzOTk0IiwicGVzdGFuYSI6IjEifQ==/minuto-a-minuto-leon-vs-gallos-blancos-de-queretaro-jornada-3-estadio-nou-camp-fox-sports', 'text': ''}","{'type': 'link', 'href': 'https://www.ligafemenil.mx/cancha/mxm/133994/eyJpZERpdmlzaW9uIjoiMTQiLCJpZFRlbXBvcmFkYSI6Ijc0IiwiaWRUb3JuZW8iOiIxIiwiaWRDbHVibG9jYWwiOiIxMTI0MyIsImlkQ2x1YnZpc2l0YSI6IjEyMDQyIiwiaWRQYXJ0aWRvIjoiMTMzOTk0IiwicGVzdGFuYSI6IjMifQ==/minuto-a-minuto-leon-vs-gallos-blancos-de-queretaro-jornada-3-estadio-nou-camp-fox-sports', 'text': ''}","{'type': 'link', 'href': 'https://www.ligafemenil.mx/cancha/informeArbitral/133994/eyJpZERpdmlzaW9uIjoiMTQiLCJpZFRlbXBvcmFkYSI6Ijc0IiwiaWRUb3JuZW8iOiIxIiwiaWRDbHVibG9jYWwiOiIxMTI0MyIsImlkQ2x1YnZpc2l0YSI6IjEyMDQyIn0=/informe-arbitral-leon-vs-gallos-blancos-de-queretaro-jornada-3-estadio-nou-camp-fox-sports', 'text': ''}","{'type': 'link', 'href': 'https://www.ligafemenil.mx/cancha/mxm/133994/eyJpZERpdmlzaW9uIjoiMTQiLCJpZFRlbXBvcmFkYSI6Ijc0IiwiaWRUb3JuZW8iOiIxIiwiaWRDbHVibG9jYWwiOiIxMTI0MyIsImlkQ2x1YnZpc2l0YSI6IjEyMDQyIiwiaWRQYXJ0aWRvIjoiMTMzOTk0IiwicGVzdGFuYSI6IjQifQ==/minuto-a-minuto-leon-vs-gallos-blancos-de-queretaro-jornada-3-estadio-nou-camp-fox-sports', 'text': ''}","{'type': 'link', 'href': 'https://www.ligafemenil.mx/cancha/galeria/MTMzOTk0LzMvNzQvMS8xNA==/leon-vs-gallos-blancos-de-queretaro', 'text': ''}","{'type': 'link', 'href': 'https://www.ligafemenil.mx/cancha/playlist/133994/leon-vs-gallos-blancos-de-queretaro', 'text': ''}"
2023-2024,Apertura,"{'type': 'text', 'value': 'Viernes 4 de Agosto de 2023\nTemporada 2023-2024\nTorneo Apertura\nJornada 4\n4 Agosto 2023 - 17:06 hrs.'}","{'type': 'link', 'href': 'https://www.ligafemenil.mx/cancha/club/12042/gallos-blancos-de-queretaro', 'text': ''}","{'type': 'link', 'href': 'https://www.ligafemenil.mx/cancha/informeArbitral/133995/eyJpZERpdmlzaW9uIjoiMTQiLCJpZFRlbXBvcmFkYSI6Ijc0IiwiaWRUb3JuZW8iOiIxIiwiaWRDbHVibG9jYWwiOjEyMDQyLCJpZENsdWJ2aXNpdGEiOjExMTgwfQ==/informe-arbitral-gallos-blancos-de-queretaro-vs-tijuana-jornada-4-estadio-la-corregidora-fox-sports', 'text': '0 - 2'}","{'type': 'link', 'href': 'https://www.ligafemenil.mx/cancha/club/11180/tijuana', 'text': ''}","{'type': 'link', 'href': 'https://www.ligafemenil.mx/cancha/estadio/858/estadio-la-corregidora', 'text': 'La Corregidora'}","{'type': 'link', 'href': 'https://www.ligafemenil.mx/cancha/mxm/133995/eyJpZERpdmlzaW9uIjoiMTQiLCJpZFRlbXBvcmFkYSI6Ijc0IiwiaWRUb3JuZW8iOiIxIiwiaWRDbHVibG9jYWwiOiIxMjA0MiIsImlkQ2x1YnZpc2l0YSI6IjExMTgwIiwiaWRQYXJ0aWRvIjoiMTMzOTk1IiwicGVzdGFuYSI6IjEifQ==/minuto-a-minuto-gallos-blancos-de-queretaro-vs-tijuana-jornada-4-estadio-la-corregidora-fox-sports', 'text': ''}","{'type': 'link', 'href': 'https://www.ligafemenil.mx/cancha/mxm/133995/eyJpZERpdmlzaW9uIjoiMTQiLCJpZFRlbXBvcmFkYSI6Ijc0IiwiaWRUb3JuZW8iOiIxIiwiaWRDbHVibG9jYWwiOiIxMjA0MiIsImlkQ2x1YnZpc2l0YSI6IjExMTgwIiwiaWRQYXJ0aWRvIjoiMTMzOTk1IiwicGVzdGFuYSI6IjMifQ==/minuto-a-minuto-gallos-blancos-de-queretaro-vs-tijuana-jornada-4-estadio-la-corregidora-fox-sports', 'text': ''}","{'type': 'link', 'href': 'https://www.ligafemenil.mx/cancha/informeArbitral/133995/eyJpZERpdmlzaW9uIjoiMTQiLCJpZFRlbXBvcmFkYSI6Ijc0IiwiaWRUb3JuZW8iOiIxIiwiaWRDbHVibG9jYWwiOiIxMjA0MiIsImlkQ2x1YnZpc2l0YSI6IjExMTgwIn0=/informe-arbitral-gallos-blancos-de-queretaro-vs-tijuana-jornada-4-estadio-la-corregidora-fox-sports', 'text': ''}","{'type': 'link', 'href': 'https://www.ligafemenil.mx/cancha/mxm/133995/eyJpZERpdmlzaW9uIjoiMTQiLCJpZFRlbXBvcmFkYSI6Ijc0IiwiaWRUb3JuZW8iOiIxIiwiaWRDbHVibG9jYWwiOiIxMjA0MiIsImlkQ2x1YnZpc2l0YSI6IjExMTgwIiwiaWRQYXJ0aWRvIjoiMTMzOTk1IiwicGVzdGFuYSI6IjQifQ==/minuto-a-minuto-gallos-blancos-de-queretaro-vs-tijuana-jornada-4-estadio-la-corregidora-fox-sports', 'text': ''}","{'type': 'link', 'href': 'https://www.ligafemenil.mx/cancha/galeria/MTMzOTk1LzQvNzQvMS8xNA==/gallos-blancos-de-queretaro-vs-tijuana', 'text': ''}","{'type': 'link', 'href': 'https://www.ligafemenil.mx/cancha/playlist/133995/gallos-blancos-de-queretaro-vs-tijuana', 'text': ''}"
2023-2024,Apertura,"{'type': 'text', 'value': 'Viernes 4 de Agosto de 2023\nTemporada 2023-2024\nTorneo Apertura\nJornada 4\n4 Agosto 2023 - 19:06 hrs.'}","{'type': 'link', 'href': 'https://www.ligafemenil.mx/cancha/club/11184/pachuca', 'text': ''}","{'type': 'link', 'href': 'https://www.ligafemenil.mx/cancha/informeArbitral/133996/eyJpZERpdmlzaW9uIjoiMTQiLCJpZFRlbXBvcmFkYSI6Ijc0IiwiaWRUb3JuZW8iOiIxIiwiaWRDbHVibG9jYWwiOjExMTg0LCJpZENsdWJ2aXNpdGEiOjExNzc4fQ==/informe-arbitral-pachuca-vs-club-atletico-de-san-luis-jornada-4-estadio-hidalgo-fox-sports', 'text': '3 - 1'}","{'type': 'link', 'href': 'https://www.ligafemenil.mx/cancha/club/11778/club-atletico-de-san-luis', 'text': ''}","{'type': 'link', 'href': 'https://www.ligafemenil.mx/cancha/estadio/11/estadio-hidalgo', 'text': 'Hidalgo'}","{'type': 'link', 'href': 'https://www.ligafemenil.mx/cancha/mxm/133996/eyJpZERpdmlzaW9uIjoiMTQiLCJpZFRlbXBvcmFkYSI6Ijc0IiwiaWRUb3JuZW8iOiIxIiwiaWRDbHVibG9jYWwiOiIxMTE4NCIsImlkQ2x1YnZpc2l0YSI6IjExNzc4IiwiaWRQYXJ0aWRvIjoiMTMzOTk2IiwicGVzdGFuYSI6IjEifQ==/minuto-a-minuto-pachuca-vs-club-atletico-de-san-luis-jornada-4-estadio-hidalgo-fox-sports', 'text': ''}","{'type': 'link', 'href': 'https://www.ligafemenil.mx/cancha/mxm/133996/eyJpZERpdmlzaW9uIjoiMTQiLCJpZFRlbXBvcmFkYSI6Ijc0IiwiaWRUb3JuZW8iOiIxIiwiaWRDbHVibG9jYWwiOiIxMTE4NCIsImlkQ2x1YnZpc2l0YSI6IjExNzc4IiwiaWRQYXJ0aWRvIjoiMTMzOTk2IiwicGVzdGFuYSI6IjMifQ==/minuto-a-minuto-pachuca-vs-club-atletico-de-san-luis-jornada-4-estadio-hidalgo-fox-sports', 'text': ''}","{'type': 'link', 'href': 'https://www.ligafemenil.mx/cancha/informeArbitral/133996/eyJpZERpdmlzaW9uIjoiMTQiLCJpZFRlbXBvcmFkYSI6Ijc0IiwiaWRUb3JuZW8iOiIxIiwiaWRDbHVibG9jYWwiOiIxMTE4NCIsImlkQ2x1YnZpc2l0YSI6IjExNzc4In0=/informe-arbitral-pachuca-vs-club-atletico-de-san-luis-jornada-4-estadio-hidalgo-fox-sports', 'text': ''}","{'type': 'link', 'href': 'https://www.ligafemenil.mx/cancha/mxm/133996/eyJpZERpdmlzaW9uIjoiMTQiLCJpZFRlbXBvcmFkYSI6Ijc0IiwiaWRUb3JuZW8iOiIxIiwiaWRDbHVibG9jYWwiOiIxMTE4NCIsImlkQ2x1YnZpc2l0YSI6IjExNzc4IiwiaWRQYXJ0aWRvIjoiMTMzOTk2IiwicGVzdGFuYSI6IjQifQ==/minuto-a-minuto-pachuca-vs-club-atletico-de-san-luis-jornada-4-estadio-hidalgo-fox-sports', 'text': ''}","{'type': 'link', 'href': 'https://www.ligafemenil.mx/cancha/galeria/MTMzOTk2LzQvNzQvMS8xNA==/pachuca-vs-club-atletico-de-san-luis', 'text': ''}","{'type': 'link', 'href': 'https://www.ligafemenil.mx/cancha/playlist/133996/pachuca-vs-club-atletico-de-san-luis', 'text': ''}"
2023-2024,Apertura,"{'type': 'text', 'value': 'Viernes 4 de Agosto de 2023\nTemporada 2023-2024\nTorneo Apertura\nJornada 4\n4 Agosto 2023 - 21:10 hrs.'}","{'type': 'link', 'href': 'https://www.ligafemenil.mx/cancha/club/11795/fc-juarez', 'text': ''}","{'type': 'link', 'href': 'https://www.ligafemenil.mx/cancha/informeArbitral/133997/eyJpZERpdmlzaW9uIjoiMTQiLCJpZFRlbXBvcmFkYSI6Ijc0IiwiaWRUb3JuZW8iOiIxIiwiaWRDbHVibG9jYWwiOjExNzk1LCJpZENsdWJ2aXNpdGEiOjExMTgxfQ==/informe-arbitral-fc-juarez-vs-cruz-azul-jornada-4-estadio-olimpico-benito-juarez-fox-sports', 'text': '1 - 0'}","{'type': 'link', 'href': 'https://www.ligafemenil.mx/cancha/club/11181/cruz-azul', 'text': ''}","{'type': 'link', 'href': 'https://www.ligafemenil.mx/cancha/estadio/17/estadio-olimpico-benito-juarez', 'text': 'Olímpico Benito Juárez'}","{'type': 'link', 'href': 'https://www.ligafemenil.mx/cancha/mxm/133997/eyJpZERpdmlzaW9uIjoiMTQiLCJpZFRlbXBvcmFkYSI6Ijc0IiwiaWRUb3JuZW8iOiIxIiwiaWRDbHVibG9jYWwiOiIxMTc5NSIsImlkQ2x1YnZpc2l0YSI6IjExMTgxIiwiaWRQYXJ0aWRvIjoiMTMzOTk3IiwicGVzdGFuYSI6IjEifQ==/minuto-a-minuto-fc-juarez-vs-cruz-azul-jornada-4-estadio-olimpico-benito-juarez-fox-sports', 'text': ''}","{'type': 'link', 'href': 'https://www.ligafemenil.mx/cancha/mxm/133997/eyJpZERpdmlzaW9uIjoiMTQiLCJpZFRlbXBvcmFkYSI6Ijc0IiwiaWRUb3JuZW8iOiIxIiwiaWRDbHVibG9jYWwiOiIxMTc5NSIsImlkQ2x1YnZpc2l0YSI6IjExMTgxIiwiaWRQYXJ0aWRvIjoiMTMzOTk3IiwicGVzdGFuYSI6IjMifQ==/minuto-a-minuto-fc-juarez-vs-cruz-azul-jornada-4-estadio-olimpico-benito-juarez-fox-sports', 'text': ''}","{'type': 'link', 'href': 'https://www.ligafemenil.mx/cancha/informeArbitral/133997/eyJpZERpdmlzaW9uIjoiMTQiLCJpZFRlbXBvcmFkYSI6Ijc0IiwiaWRUb3JuZW8iOiIxIiwiaWRDbHVibG9jYWwiOiIxMTc5NSIsImlkQ2x1YnZpc2l0YSI6IjExMTgxIn0=/informe-arbitral-fc-juarez-vs-cruz-azul-jornada-4-estadio-olimpico-benito-juarez-fox-sports', 'text': ''}","{'type': 'link', 'href': 'https://www.ligafemenil.mx/cancha/mxm/133997/eyJpZERpdmlzaW9uIjoiMTQiLCJpZFRlbXBvcmFkYSI6Ijc0IiwiaWRUb3JuZW8iOiIxIiwiaWRDbHVibG9jYWwiOiIxMTc5NSIsImlkQ2x1YnZpc2l0YSI6IjExMTgxIiwiaWRQYXJ0aWRvIjoiMTMzOTk3IiwicGVzdGFuYSI6IjQifQ==/minuto-a-minuto-fc-juarez-vs-cruz-azul-jornada-4-estadio-olimpico-benito-juarez-fox-sports', 'text': ''}","{'type': 'link', 'href': 'https://www.ligafemenil.mx/cancha/galeria/MTMzOTk3LzQvNzQvMS8xNA==/fc-juarez-vs-cruz-azul', 'text': ''}","{'type': 'link', 'href': 'https://www.ligafemenil.mx/cancha/playlist/133997/fc-juarez-vs-cruz-azul', 'text': ''}"
2023-2024,Apertura,"{'type': 'text', 'value': 'Sábado 5 de Agosto de 2023\nTemporada 2023-2024\nTorneo Apertura\nJornada 4\n5 Agosto 2023 - 12:00 hrs.'}","{'type': 'link', 'href': 'https://www.ligafemenil.mx/cancha/club/11188/pumas', 'text': ''}","{'type': 'link', 'href': 'https://www.ligafemenil.mx/cancha/informeArbitral/133998/eyJpZERpdmlzaW9uIjoiMTQiLCJpZFRlbXBvcmFkYSI6Ijc0IiwiaWRUb3JuZW8iOiIxIiwiaWRDbHVibG9jYWwiOjExMTg4LCJpZENsdWJ2aXNpdGEiOjExMTkyfQ==/informe-arbitral-pumas-vs-santos-laguna-jornada-4-estadio-olimpico-universitario-vix', 'text': '1 - 0'}","{'type': 'link', 'href': 'https://www.ligafemenil.mx/cancha/club/11192/santos-laguna', 'text': ''}","{'type': 'link', 'href': 'https://www.ligafemenil.mx/cancha/estadio/7/estadio-olimpico-universitario', 'text': 'Olímpico Universitario'}","{'type': 'link', 'href': 'https://www.ligafemenil.mx/cancha/mxm/133998/eyJpZERpdmlzaW9uIjoiMTQiLCJpZFRlbXBvcmFkYSI6Ijc0IiwiaWRUb3JuZW8iOiIxIiwiaWRDbHVibG9jYWwiOiIxMTE4OCIsImlkQ2x1YnZpc2l0YSI6IjExMTkyIiwiaWRQYXJ0aWRvIjoiMTMzOTk4IiwicGVzdGFuYSI6IjEifQ==/minuto-a-minuto-pumas-vs-santos-laguna-jornada-4-estadio-olimpico-universitario-vix', 'text': ''}","{'type': 'link', 'href': 'https://www.ligafemenil.mx/cancha/mxm/133998/eyJpZERpdmlzaW9uIjoiMTQiLCJpZFRlbXBvcmFkYSI6Ijc0IiwiaWRUb3JuZW8iOiIxIiwiaWRDbHVibG9jYWwiOiIxMTE4OCIsImlkQ2x1YnZpc2l0YSI6IjExMTkyIiwiaWRQYXJ0aWRvIjoiMTMzOTk4IiwicGVzdGFuYSI6IjMifQ==/minuto-a-minuto-pumas-vs-santos-laguna-jornada-4-estadio-olimpico-universitario-vix', 'text': ''}","{'type': 'link', 'href': 'https://www.ligafemenil.mx/cancha/informeArbitral/133998/eyJpZERpdmlzaW9uIjoiMTQiLCJpZFRlbXBvcmFkYSI6Ijc0IiwiaWRUb3JuZW8iOiIxIiwiaWRDbHVibG9jYWwiOiIxMTE4OCIsImlkQ2x1YnZpc2l0YSI6IjExMTkyIn0=/informe-arbitral-pumas-vs-santos-laguna-jornada-4-estadio-olimpico-universitario-vix', 'text': ''}","{'type': 'link', 'href': 'https://www.ligafemenil.mx/cancha/mxm/133998/eyJpZERpdmlzaW9uIjoiMTQiLCJpZFRlbXBvcmFkYSI6Ijc0IiwiaWRUb3JuZW8iOiIxIiwiaWRDbHVibG9jYWwiOiIxMTE4OCIsImlkQ2x1YnZpc2l0YSI6IjExMTkyIiwiaWRQYXJ0aWRvIjoiMTMzOTk4IiwicGVzdGFuYSI6IjQifQ==/minuto-a-minuto-pumas-vs-santos-laguna-jornada-4-estadio-olimpico-universitario-vix', 'text': ''}","{'type': 'link', 'href': 'https://www.ligafemenil.mx/cancha/galeria/MTMzOTk4LzQvNzQvMS8xNA==/pumas-vs-santos-laguna', 'text': ''}","{'type': 'link', 'href': 'https://www.ligafemenil.mx/cancha/playlist/133998/pumas-vs-santos-laguna', 'text': ''}"
2023-2024,Apertura,"{'type': 'text', 'value': 'Sábado 5 de Agosto de 2023\nTemporada 2023-2024\nTorneo Apertura\nJornada 4\n5 Agosto 2023 - 17:00 hrs.'}","{'type': 'link', 'href': 'https://www.ligafemenil.mx/cancha/club/11191/america', 'text': ''}","{'type': 'link', 'href': 'https://www.ligafemenil.mx/cancha/informeArbitral/133999/eyJpZERpdmlzaW9uIjoiMTQiLCJpZFRlbXBvcmFkYSI6Ijc0IiwiaWRUb3JuZW8iOiIxIiwiaWRDbHVibG9jYWwiOjExMTkxLCJpZENsdWJ2aXNpdGEiOjExMTg3fQ==/informe-arbitral-america-vs-toluca-jornada-4-estadio-azteca-vix', 'text': '4 - 1'}","{'type': 'link', 'href': 'https://www.ligafemenil.mx/cancha/club/11187/toluca', 'text': ''}","{'type': 'link', 'href': 'https://www.ligafemenil.mx/cancha/estadio/1/estadio-azteca', 'text': 'Azteca'}","{'type': 'link', 'href': 'https://www.ligafemenil.mx/cancha/mxm/133999/eyJpZERpdmlzaW9uIjoiMTQiLCJpZFRlbXBvcmFkYSI6Ijc0IiwiaWRUb3JuZW8iOiIxIiwiaWRDbHVibG9jYWwiOiIxMTE5MSIsImlkQ2x1YnZpc2l0YSI6IjExMTg3IiwiaWRQYXJ0aWRvIjoiMTMzOTk5IiwicGVzdGFuYSI6IjEifQ==/minuto-a-minuto-america-vs-toluca-jornada-4-estadio-azteca-vix', 'text': ''}","{'type': 'link', 'href': 'https://www.ligafemenil.mx/cancha/mxm/133999/eyJpZERpdmlzaW9uIjoiMTQiLCJpZFRlbXBvcmFkYSI6Ijc0IiwiaWRUb3JuZW8iOiIxIiwiaWRDbHVibG9jYWwiOiIxMTE5MSIsImlkQ2x1YnZpc2l0YSI6IjExMTg3IiwiaWRQYXJ0aWRvIjoiMTMzOTk5IiwicGVzdGFuYSI6IjMifQ==/minuto-a-minuto-america-vs-toluca-jornada-4-estadio-azteca-vix', 'text': ''}","{'type': 'link', 'href': 'https://www.ligafemenil.mx/cancha/informeArbitral/133999/eyJpZERpdmlzaW9uIjoiMTQiLCJpZFRlbXBvcmFkYSI6Ijc0IiwiaWRUb3JuZW8iOiIxIiwiaWRDbHVibG9jYWwiOiIxMTE5MSIsImlkQ2x1YnZpc2l0YSI6IjExMTg3In0=/informe-arbitral-america-vs-toluca-jornada-4-estadio-azteca-vix', 'text': ''}","{'type': 'link', 'href': 'https://www.ligafemenil.mx/cancha/mxm/133999/eyJpZERpdmlzaW9uIjoiMTQiLCJpZFRlbXBvcmFkYSI6Ijc0IiwiaWRUb3JuZW8iOiIxIiwiaWRDbHVibG9jYWwiOiIxMTE5MSIsImlkQ2x1YnZpc2l0YSI6IjExMTg3IiwiaWRQYXJ0aWRvIjoiMTMzOTk5IiwicGVzdGFuYSI6IjQifQ==/minuto-a-minuto-america-vs-toluca-jornada-4-estadio-azteca-vix', 'text': ''}","{'type': 'link', 'href': 'https://www.ligafemenil.mx/cancha/galeria/MTMzOTk5LzQvNzQvMS8xNA==/america-vs-toluca', 'text': ''}","{'type': 'link', 'href': 'https://www.ligafemenil.mx/cancha/playlist/133999/america-vs-toluca', 'text': ''}"
2023-2024,Apertura,"{'type': 'text', 'value': 'Sábado 5 de Agosto de 2023\nTemporada 2023-2024\nTorneo Apertura\nJornada 4\n5 Agosto 2023 - 19:00 hrs.'}","{'type': 'link', 'href': 'https://www.ligafemenil.mx/cancha/club/11185/rayados-de-monterrey', 'text': ''}","{'type': 'link', 'href': 'https://www.ligafemenil.mx/cancha/informeArbitral/134000/eyJpZERpdmlzaW9uIjoiMTQiLCJpZFRlbXBvcmFkYSI6Ijc0IiwiaWRUb3JuZW8iOiIxIiwiaWRDbHVibG9jYWwiOjExMTg1LCJpZENsdWJ2aXNpdGEiOjExMjQ1fQ==/informe-arbitral-rayados-de-monterrey-vs-atlas-jornada-4-estadio-bbva-vix', 'text': '2 - 0'}","{'type': 'link', 'href': 'https://www.ligafemenil.mx/cancha/club/11245/atlas', 'text': ''}","{'type': 'link', 'href': 'https://www.ligafemenil.mx/cancha/estadio/1608/estadio-bbva', 'text': 'Estadio BBVA'}","{'type': 'link', 'href': 'https://www.ligafemenil.mx/cancha/mxm/134000/eyJpZERpdmlzaW9uIjoiMTQiLCJpZFRlbXBvcmFkYSI6Ijc0IiwiaWRUb3JuZW8iOiIxIiwiaWRDbHVibG9jYWwiOiIxMTE4NSIsImlkQ2x1YnZpc2l0YSI6IjExMjQ1IiwiaWRQYXJ0aWRvIjoiMTM0MDAwIiwicGVzdGFuYSI6IjEifQ==/minuto-a-minuto-rayados-de-monterrey-vs-atlas-jornada-4-estadio-bbva-vix', 'text': ''}","{'type': 'link', 'href': 'https://www.ligafemenil.mx/cancha/mxm/134000/eyJpZERpdmlzaW9uIjoiMTQiLCJpZFRlbXBvcmFkYSI6Ijc0IiwiaWRUb3JuZW8iOiIxIiwiaWRDbHVibG9jYWwiOiIxMTE4NSIsImlkQ2x1YnZpc2l0YSI6IjExMjQ1IiwiaWRQYXJ0aWRvIjoiMTM0MDAwIiwicGVzdGFuYSI6IjMifQ==/minuto-a-minuto-rayados-de-monterrey-vs-atlas-jornada-4-estadio-bbva-vix', 'text': ''}","{'type': 'link', 'href': 'https://www.ligafemenil.mx/cancha/informeArbitral/134000/eyJpZERpdmlzaW9uIjoiMTQiLCJpZFRlbXBvcmFkYSI6Ijc0IiwiaWRUb3JuZW8iOiIxIiwiaWRDbHVibG9jYWwiOiIxMTE4NSIsImlkQ2x1YnZpc2l0YSI6IjExMjQ1In0=/informe-arbitral-rayados-de-monterrey-vs-atlas-jornada-4-estadio-bbva-vix', 'text': ''}","{'type': 'link', 'href': 'https://www.ligafemenil.mx/cancha/mxm/134000/eyJpZERpdmlzaW9uIjoiMTQiLCJpZFRlbXBvcmFkYSI6Ijc0IiwiaWRUb3JuZW8iOiIxIiwiaWRDbHVibG9jYWwiOiIxMTE4NSIsImlkQ2x1YnZpc2l0YSI6IjExMjQ1IiwiaWRQYXJ0aWRvIjoiMTM0MDAwIiwicGVzdGFuYSI6IjQifQ==/minuto-a-minuto-rayados-de-monterrey-vs-atlas-jornada-4-estadio-bbva-vix', 'text': ''}","{'type': 'link', 'href': 'https://www.ligafemenil.mx/cancha/galeria/MTM0MDAwLzQvNzQvMS8xNA==/rayados-de-monterrey-vs-atlas', 'text': ''}","{'type': 'link', 'href': 'https://www.ligafemenil.mx/cancha/playlist/134000/rayados-de-monterrey-vs-atlas', 'text': ''}"
2023-2024,Apertura,"{'type': 'text', 'value': 'Sábado 5 de Agosto de 2023\nTemporada 2023-2024\nTorneo Apertura\nJornada 4\n5 Agosto 2023 - 21:10 hrs.'}","{'type': 'link', 'href': 'https://www.ligafemenil.mx/cancha/club/11182/guadalajara', 'text': ''}","{'type': 'link', 'href': 'https://www.ligafemenil.mx/cancha/informeArbitral/134001/eyJpZERpdmlzaW9uIjoiMTQiLCJpZFRlbXBvcmFkYSI6Ijc0IiwiaWRUb3JuZW8iOiIxIiwiaWRDbHVibG9jYWwiOjExMTgyLCJpZENsdWJ2aXNpdGEiOjExMTg2fQ==/informe-arbitral-guadalajara-vs-tigres-de-la-uanl-jornada-4-estadio-akron-fox-sports', 'text': '2 - 2'}","{'type': 'link', 'href': 'https://www.ligafemenil.mx/cancha/club/11186/tigres-de-la-uanl', 'text': ''}","{'type': 'link', 'href': 'https://www.ligafemenil.mx/cancha/estadio/1538/estadio-akron', 'text': 'Estadio AKRON'}","{'type': 'link', 'href': 'https://www.ligafemenil.mx/cancha/mxm/134001/eyJpZERpdmlzaW9uIjoiMTQiLCJpZFRlbXBvcmFkYSI6Ijc0IiwiaWRUb3JuZW8iOiIxIiwiaWRDbHVibG9jYWwiOiIxMTE4MiIsImlkQ2x1YnZpc2l0YSI6IjExMTg2IiwiaWRQYXJ0aWRvIjoiMTM0MDAxIiwicGVzdGFuYSI6IjEifQ==/minuto-a-minuto-guadalajara-vs-tigres-de-la-uanl-jornada-4-estadio-akron-fox-sports', 'text': ''}","{'type': 'link', 'href': 'https://www.ligafemenil.mx/cancha/mxm/134001/eyJpZERpdmlzaW9uIjoiMTQiLCJpZFRlbXBvcmFkYSI6Ijc0IiwiaWRUb3JuZW8iOiIxIiwiaWRDbHVibG9jYWwiOiIxMTE4MiIsImlkQ2x1YnZpc2l0YSI6IjExMTg2IiwiaWRQYXJ0aWRvIjoiMTM0MDAxIiwicGVzdGFuYSI6IjMifQ==/minuto-a-minuto-guadalajara-vs-tigres-de-la-uanl-jornada-4-estadio-akron-fox-sports', 'text': ''}","{'type': 'link', 'href': 'https://www.ligafemenil.mx/cancha/informeArbitral/134001/eyJpZERpdmlzaW9uIjoiMTQiLCJpZFRlbXBvcmFkYSI6Ijc0IiwiaWRUb3JuZW8iOiIxIiwiaWRDbHVibG9jYWwiOiIxMTE4MiIsImlkQ2x1YnZpc2l0YSI6IjExMTg2In0=/informe-arbitral-guadalajara-vs-tigres-de-la-uanl-jornada-4-estadio-akron-fox-sports', 'text': ''}","{'type': 'link', 'href': 'https://www.ligafemenil.mx/cancha/mxm/134001/eyJpZERpdmlzaW9uIjoiMTQiLCJpZFRlbXBvcmFkYSI6Ijc0IiwiaWRUb3JuZW8iOiIxIiwiaWRDbHVibG9jYWwiOiIxMTE4MiIsImlkQ2x1YnZpc2l0YSI6IjExMTg2IiwiaWRQYXJ0aWRvIjoiMTM0MDAxIiwicGVzdGFuYSI6IjQifQ==/minuto-a-minuto-guadalajara-vs-tigres-de-la-uanl-jornada-4-estadio-akron-fox-sports', 'text': ''}","{'type': 'link', 'href': 'https://www.ligafemenil.mx/cancha/galeria/MTM0MDAxLzQvNzQvMS8xNA==/guadalajara-vs-tigres-de-la-uanl', 'text': ''}","{'type': 'link', 'href': 'https://www.ligafemenil.mx/cancha/playlist/134001/guadalajara-vs-tigres-de-la-uanl', 'text': ''}"
2023-2024,Apertura,"{'type': 'text', 'value': 'Domingo 6 de Agosto de 2023\nTemporada 2023-2024\nTorneo Apertura\nJornada 4\n6 Agosto 2023 - 17:00 hrs.'}","{'type': 'link', 'href': 'https://www.ligafemenil.mx/cancha/club/11189/necaxa', 'text': ''}","{'type': 'link', 'href': 'https://www.ligafemenil.mx/cancha/informeArbitral/134002/eyJpZERpdmlzaW9uIjoiMTQiLCJpZFRlbXBvcmFkYSI6Ijc0IiwiaWRUb3JuZW8iOiIxIiwiaWRDbHVibG9jYWwiOjExMTg5LCJpZENsdWJ2aXNpdGEiOjExNTQzfQ==/informe-arbitral-necaxa-vs-puebla-fc-jornada-4-estadio-victoria-vix', 'text': '2 - 1'}","{'type': 'link', 'href': 'https://www.ligafemenil.mx/cancha/club/11543/puebla-fc', 'text': ''}","{'type': 'link', 'href': 'https://www.ligafemenil.mx/cancha/estadio/15/estadio-victoria', 'text': 'Victoria'}","{'type': 'link', 'href': 'https://www.ligafemenil.mx/cancha/mxm/134002/eyJpZERpdmlzaW9uIjoiMTQiLCJpZFRlbXBvcmFkYSI6Ijc0IiwiaWRUb3JuZW8iOiIxIiwiaWRDbHVibG9jYWwiOiIxMTE4OSIsImlkQ2x1YnZpc2l0YSI6IjExNTQzIiwiaWRQYXJ0aWRvIjoiMTM0MDAyIiwicGVzdGFuYSI6IjEifQ==/minuto-a-minuto-necaxa-vs-puebla-fc-jornada-4-estadio-victoria-vix', 'text': ''}","{'type': 'link', 'href': 'https://www.ligafemenil.mx/cancha/mxm/134002/eyJpZERpdmlzaW9uIjoiMTQiLCJpZFRlbXBvcmFkYSI6Ijc0IiwiaWRUb3JuZW8iOiIxIiwiaWRDbHVibG9jYWwiOiIxMTE4OSIsImlkQ2x1YnZpc2l0YSI6IjExNTQzIiwiaWRQYXJ0aWRvIjoiMTM0MDAyIiwicGVzdGFuYSI6IjMifQ==/minuto-a-minuto-necaxa-vs-puebla-fc-jornada-4-estadio-victoria-vix', 'text': ''}","{'type': 'link', 'href': 'https://www.ligafemenil.mx/cancha/informeArbitral/134002/eyJpZERpdmlzaW9uIjoiMTQiLCJpZFRlbXBvcmFkYSI6Ijc0IiwiaWRUb3JuZW8iOiIxIiwiaWRDbHVibG9jYWwiOiIxMTE4OSIsImlkQ2x1YnZpc2l0YSI6IjExNTQzIn0=/informe-arbitral-necaxa-vs-puebla-fc-jornada-4-estadio-victoria-vix', 'text': ''}","{'type': 'link', 'href': 'https://www.ligafemenil.mx/cancha/mxm/134002/eyJpZERpdmlzaW9uIjoiMTQiLCJpZFRlbXBvcmFkYSI6Ijc0IiwiaWRUb3JuZW8iOiIxIiwiaWRDbHVibG9jYWwiOiIxMTE4OSIsImlkQ2x1YnZpc2l0YSI6IjExNTQzIiwiaWRQYXJ0aWRvIjoiMTM0MDAyIiwicGVzdGFuYSI6IjQifQ==/minuto-a-minuto-necaxa-vs-puebla-fc-jornada-4-estadio-victoria-vix', 'text': ''}","{'type': 'link', 'href': 'https://www.ligafemenil.mx/cancha/galeria/MTM0MDAyLzQvNzQvMS8xNA==/necaxa-vs-puebla-fc', 'text': ''}","{'type': 'link', 'href': 'https://www.ligafemenil.mx/cancha/playlist/134002/necaxa-vs-puebla-fc', 'text': ''}"
2023-2024,Apertura,"{'type': 'text', 'value': 'Domingo 6 de Agosto de 2023\nTemporada 2023-2024\nTorneo Apertura\nJornada 4\n6 Agosto 2023 - 18:00 hrs.'}","{'type': 'link', 'href': 'https://www.ligafemenil.mx/cancha/club/12051/mazatlan-fc', 'text': ''}","{'type': 'link', 'href': 'https://www.ligafemenil.mx/cancha/informeArbitral/134003/eyJpZERpdmlzaW9uIjoiMTQiLCJpZFRlbXBvcmFkYSI6Ijc0IiwiaWRUb3JuZW8iOiIxIiwiaWRDbHVibG9jYWwiOjEyMDUxLCJpZENsdWJ2aXNpdGEiOjExMjQzfQ==/informe-arbitral-mazatlan-fc-vs-leon-jornada-4-estadio-mazatlan-fox-sports', 'text': '0 - 1'}","{'type': 'link', 'href': 'https://www.ligafemenil.mx/cancha/club/11243/leon', 'text': ''}","{'type': 'link', 'href': 'https://www.ligafemenil.mx/cancha/estadio/1697/estadio-mazatlan', 'text': 'Estadio Mazatlán'}","{'type': 'link', 'href': 'https://www.ligafemenil.mx/cancha/mxm/134003/eyJpZERpdmlzaW9uIjoiMTQiLCJpZFRlbXBvcmFkYSI6Ijc0IiwiaWRUb3JuZW8iOiIxIiwiaWRDbHVibG9jYWwiOiIxMjA1MSIsImlkQ2x1YnZpc2l0YSI6IjExMjQzIiwiaWRQYXJ0aWRvIjoiMTM0MDAzIiwicGVzdGFuYSI6IjEifQ==/minuto-a-minuto-mazatlan-fc-vs-leon-jornada-4-estadio-mazatlan-fox-sports', 'text': ''}","{'type': 'link', 'href': 'https://www.ligafemenil.mx/cancha/mxm/134003/eyJpZERpdmlzaW9uIjoiMTQiLCJpZFRlbXBvcmFkYSI6Ijc0IiwiaWRUb3JuZW8iOiIxIiwiaWRDbHVibG9jYWwiOiIxMjA1MSIsImlkQ2x1YnZpc2l0YSI6IjExMjQzIiwiaWRQYXJ0aWRvIjoiMTM0MDAzIiwicGVzdGFuYSI6IjMifQ==/minuto-a-minuto-mazatlan-fc-vs-leon-jornada-4-estadio-mazatlan-fox-sports', 'text': ''}","{'type': 'link', 'href': 'https://www.ligafemenil.mx/cancha/informeArbitral/134003/eyJpZERpdmlzaW9uIjoiMTQiLCJpZFRlbXBvcmFkYSI6Ijc0IiwiaWRUb3JuZW8iOiIxIiwiaWRDbHVibG9jYWwiOiIxMjA1MSIsImlkQ2x1YnZpc2l0YSI6IjExMjQzIn0=/informe-arbitral-mazatlan-fc-vs-leon-jornada-4-estadio-mazatlan-fox-sports', 'text': ''}","{'type': 'link', 'href': 'https://www.ligafemenil.mx/cancha/mxm/134003/eyJpZERpdmlzaW9uIjoiMTQiLCJpZFRlbXBvcmFkYSI6Ijc0IiwiaWRUb3JuZW8iOiIxIiwiaWRDbHVibG9jYWwiOiIxMjA1MSIsImlkQ2x1YnZpc2l0YSI6IjExMjQzIiwiaWRQYXJ0aWRvIjoiMTM0MDAzIiwicGVzdGFuYSI6IjQifQ==/minuto-a-minuto-mazatlan-fc-vs-leon-jornada-4-estadio-mazatlan-fox-sports', 'text': ''}","{'type': 'link', 'href': 'https://www.ligafemenil.mx/cancha/galeria/MTM0MDAzLzQvNzQvMS8xNA==/mazatlan-fc-vs-leon', 'text': ''}","{'type': 'link', 'href': 'https://www.ligafemenil.mx/cancha/playlist/134003/mazatlan-fc-vs-leon', 'text': ''}"
2023-2024,Apertura,"{'type': 'text', 'value': 'Martes 8 de Agosto de 2023\nTemporada 2023-2024\nTorneo Apertura\nJornada 3\n8 Agosto 2023 - 18:06 hrs.'}","{'type': 'link', 'href': 'https://www.ligafemenil.mx/cancha/club/11180/tijuana', 'text': ''}","{'type': 'link', 'href': 'https://www.ligafemenil.mx/cancha/informeArbitral/133990/eyJpZERpdmlzaW9uIjoiMTQiLCJpZFRlbXBvcmFkYSI6Ijc0IiwiaWRUb3JuZW8iOiIxIiwiaWRDbHVibG9jYWwiOjExMTgwLCJpZENsdWJ2aXNpdGEiOjExMTkxfQ==/informe-arbitral-tijuana-vs-america-jornada-3-estadio-caliente-fox-sports', 'text': '1 - 5'}","{'type': 'link', 'href': 'https://www.ligafemenil.mx/cancha/club/11191/america', 'text': ''}","{'type': 'link', 'href': 'https://www.ligafemenil.mx/cancha/estadio/48/estadio-caliente', 'text': 'Caliente'}","{'type': 'link', 'href': 'https://www.ligafemenil.mx/cancha/mxm/133990/eyJpZERpdmlzaW9uIjoiMTQiLCJpZFRlbXBvcmFkYSI6Ijc0IiwiaWRUb3JuZW8iOiIxIiwiaWRDbHVibG9jYWwiOiIxMTE4MCIsImlkQ2x1YnZpc2l0YSI6IjExMTkxIiwiaWRQYXJ0aWRvIjoiMTMzOTkwIiwicGVzdGFuYSI6IjEifQ==/minuto-a-minuto-tijuana-vs-america-jornada-3-estadio-caliente-fox-sports', 'text': ''}","{'type': 'link', 'href': 'https://www.ligafemenil.mx/cancha/mxm/133990/eyJpZERpdmlzaW9uIjoiMTQiLCJpZFRlbXBvcmFkYSI6Ijc0IiwiaWRUb3JuZW8iOiIxIiwiaWRDbHVibG9jYWwiOiIxMTE4MCIsImlkQ2x1YnZpc2l0YSI6IjExMTkxIiwiaWRQYXJ0aWRvIjoiMTMzOTkwIiwicGVzdGFuYSI6IjMifQ==/minuto-a-minuto-tijuana-vs-america-jornada-3-estadio-caliente-fox-sports', 'text': ''}","{'type': 'link', 'href': 'https://www.ligafemenil.mx/cancha/informeArbitral/133990/eyJpZERpdmlzaW9uIjoiMTQiLCJpZFRlbXBvcmFkYSI6Ijc0IiwiaWRUb3JuZW8iOiIxIiwiaWRDbHVibG9jYWwiOiIxMTE4MCIsImlkQ2x1YnZpc2l0YSI6IjExMTkxIn0=/informe-arbitral-tijuana-vs-america-jornada-3-estadio-caliente-fox-sports', 'text': ''}","{'type': 'link', 'href': 'https://www.ligafemenil.mx/cancha/mxm/133990/eyJpZERpdmlzaW9uIjoiMTQiLCJpZFRlbXBvcmFkYSI6Ijc0IiwiaWRUb3JuZW8iOiIxIiwiaWRDbHVibG9jYWwiOiIxMTE4MCIsImlkQ2x1YnZpc2l0YSI6IjExMTkxIiwiaWRQYXJ0aWRvIjoiMTMzOTkwIiwicGVzdGFuYSI6IjQifQ==/minuto-a-minuto-tijuana-vs-america-jornada-3-estadio-caliente-fox-sports', 'text': ''}","{'type': 'link', 'href': 'https://www.ligafemenil.mx/cancha/galeria/MTMzOTkwLzMvNzQvMS8xNA==/tijuana-vs-america', 'text': ''}","{'type': 'link', 'href': 'https://www.ligafemenil.mx/cancha/playlist/133990/tijuana-vs-america', 'text': ''}"
2023-2024,Apertura,"{'type': 'text', 'value': 'Viernes 11 de Agosto de 2023\nTemporada 2023-2024\nTorneo Apertura\nJornada 5\n11 Agosto 2023 - 19:06 hrs.'}","{'type': 'link', 'href': 'https://www.ligafemenil.mx/cancha/club/11243/leon', 'text': ''}","{'type': 'link', 'href': 'https://www.ligafemenil.mx/cancha/informeArbitral/134004/eyJpZERpdmlzaW9uIjoiMTQiLCJpZFRlbXBvcmFkYSI6Ijc0IiwiaWRUb3JuZW8iOiIxIiwiaWRDbHVibG9jYWwiOjExMjQzLCJpZENsdWJ2aXNpdGEiOjExMTgwfQ==/informe-arbitral-leon-vs-tijuana-jornada-5-estadio-nou-camp-fox-sports', 'text': '3 - 2'}","{'type': 'link', 'href': 'https://www.ligafemenil.mx/cancha/club/11180/tijuana', 'text': ''}","{'type': 'link', 'href': 'https://www.ligafemenil.mx/cancha/estadio/23/estadio-nou-camp', 'text': 'Nou Camp'}","{'type': 'link', 'href': 'https://www.ligafemenil.mx/cancha/mxm/134004/eyJpZERpdmlzaW9uIjoiMTQiLCJpZFRlbXBvcmFkYSI6Ijc0IiwiaWRUb3JuZW8iOiIxIiwiaWRDbHVibG9jYWwiOiIxMTI0MyIsImlkQ2x1YnZpc2l0YSI6IjExMTgwIiwiaWRQYXJ0aWRvIjoiMTM0MDA0IiwicGVzdGFuYSI6IjEifQ==/minuto-a-minuto-leon-vs-tijuana-jornada-5-estadio-nou-camp-fox-sports', 'text': ''}","{'type': 'link', 'href': 'https://www.ligafemenil.mx/cancha/mxm/134004/eyJpZERpdmlzaW9uIjoiMTQiLCJpZFRlbXBvcmFkYSI6Ijc0IiwiaWRUb3JuZW8iOiIxIiwiaWRDbHVibG9jYWwiOiIxMTI0MyIsImlkQ2x1YnZpc2l0YSI6IjExMTgwIiwiaWRQYXJ0aWRvIjoiMTM0MDA0IiwicGVzdGFuYSI6IjMifQ==/minuto-a-minuto-leon-vs-tijuana-jornada-5-estadio-nou-camp-fox-sports', 'text': ''}","{'type': 'link', 'href': 'https://www.ligafemenil.mx/cancha/informeArbitral/134004/eyJpZERpdmlzaW9uIjoiMTQiLCJpZFRlbXBvcmFkYSI6Ijc0IiwiaWRUb3JuZW8iOiIxIiwiaWRDbHVibG9jYWwiOiIxMTI0MyIsImlkQ2x1YnZpc2l0YSI6IjExMTgwIn0=/informe-arbitral-leon-vs-tijuana-jornada-5-estadio-nou-camp-fox-sports', 'text': ''}","{'type': 'link', 'href': 'https://www.ligafemenil.mx/cancha/mxm/134004/eyJpZERpdmlzaW9uIjoiMTQiLCJpZFRlbXBvcmFkYSI6Ijc0IiwiaWRUb3JuZW8iOiIxIiwiaWRDbHVibG9jYWwiOiIxMTI0MyIsImlkQ2x1YnZpc2l0YSI6IjExMTgwIiwiaWRQYXJ0aWRvIjoiMTM0MDA0IiwicGVzdGFuYSI6IjQifQ==/minuto-a-minuto-leon-vs-tijuana-jornada-5-estadio-nou-camp-fox-sports', 'text': ''}","{'type': 'link', 'href': 'https://www.ligafemenil.mx/cancha/galeria/MTM0MDA0LzUvNzQvMS8xNA==/leon-vs-tijuana', 'text': ''}","{'type': 'link', 'href': 'https://www.ligafemenil.mx/cancha/playlist/134004/leon-vs-tijuana', 'text': ''}"
2023-2024,Apertura,"{'type': 'text', 'value': 'Viernes 11 de Agosto de 2023\nTemporada 2023-2024\nTorneo Apertura\nJornada 5\n11 Agosto 2023 - 21:10 hrs.'}","{'type': 'link', 'href': 'https://www.ligafemenil.mx/cancha/club/11192/santos-laguna', 'text': ''}","{'type': 'link', 'href': 'https://www.ligafemenil.mx/cancha/informeArbitral/134005/eyJpZERpdmlzaW9uIjoiMTQiLCJpZFRlbXBvcmFkYSI6Ijc0IiwiaWRUb3JuZW8iOiIxIiwiaWRDbHVibG9jYWwiOjExMTkyLCJpZENsdWJ2aXNpdGEiOjEyMDQyfQ==/informe-arbitral-santos-laguna-vs-gallos-blancos-de-queretaro-jornada-5-estadio-tsm-corona-fox-sports', 'text': '1 - 3'}","{'type': 'link', 'href': 'https://www.ligafemenil.mx/cancha/club/12042/gallos-blancos-de-queretaro', 'text': ''}","{'type': 'link', 'href': 'https://www.ligafemenil.mx/cancha/estadio/63/estadio-tsm-corona', 'text': 'TSM Corona'}","{'type': 'link', 'href': 'https://www.ligafemenil.mx/cancha/mxm/134005/eyJpZERpdmlzaW9uIjoiMTQiLCJpZFRlbXBvcmFkYSI6Ijc0IiwiaWRUb3JuZW8iOiIxIiwiaWRDbHVibG9jYWwiOiIxMTE5MiIsImlkQ2x1YnZpc2l0YSI6IjEyMDQyIiwiaWRQYXJ0aWRvIjoiMTM0MDA1IiwicGVzdGFuYSI6IjEifQ==/minuto-a-minuto-santos-laguna-vs-gallos-blancos-de-queretaro-jornada-5-estadio-tsm-corona-fox-sports', 'text': ''}","{'type': 'link', 'href': 'https://www.ligafemenil.mx/cancha/mxm/134005/eyJpZERpdmlzaW9uIjoiMTQiLCJpZFRlbXBvcmFkYSI6Ijc0IiwiaWRUb3JuZW8iOiIxIiwiaWRDbHVibG9jYWwiOiIxMTE5MiIsImlkQ2x1YnZpc2l0YSI6IjEyMDQyIiwiaWRQYXJ0aWRvIjoiMTM0MDA1IiwicGVzdGFuYSI6IjMifQ==/minuto-a-minuto-santos-laguna-vs-gallos-blancos-de-queretaro-jornada-5-estadio-tsm-corona-fox-sports', 'text': ''}","{'type': 'link', 'href': 'https://www.ligafemenil.mx/cancha/informeArbitral/134005/eyJpZERpdmlzaW9uIjoiMTQiLCJpZFRlbXBvcmFkYSI6Ijc0IiwiaWRUb3JuZW8iOiIxIiwiaWRDbHVibG9jYWwiOiIxMTE5MiIsImlkQ2x1YnZpc2l0YSI6IjEyMDQyIn0=/informe-arbitral-santos-laguna-vs-gallos-blancos-de-queretaro-jornada-5-estadio-tsm-corona-fox-sports', 'text': ''}","{'type': 'link', 'href': 'https://www.ligafemenil.mx/cancha/mxm/134005/eyJpZERpdmlzaW9uIjoiMTQiLCJpZFRlbXBvcmFkYSI6Ijc0IiwiaWRUb3JuZW8iOiIxIiwiaWRDbHVibG9jYWwiOiIxMTE5MiIsImlkQ2x1YnZpc2l0YSI6IjEyMDQyIiwiaWRQYXJ0aWRvIjoiMTM0MDA1IiwicGVzdGFuYSI6IjQifQ==/minuto-a-minuto-santos-laguna-vs-gallos-blancos-de-queretaro-jornada-5-estadio-tsm-corona-fox-sports', 'text': ''}","{'type': 'link', 'href': 'https://www.ligafemenil.mx/cancha/galeria/MTM0MDA1LzUvNzQvMS8xNA==/santos-laguna-vs-gallos-blancos-de-queretaro', 'text': ''}","{'type': 'link', 'href': 'https://www.ligafemenil.mx/cancha/playlist/134005/santos-laguna-vs-gallos-blancos-de-queretaro', 'text': ''}"
2023-2024,Apertura,"{'type': 'text', 'value': 'Sábado 12 de Agosto de 2023\nTemporada 2023-2024\nTorneo Apertura\nJornada 5\n12 Agosto 2023 - 12:00 hrs.'}","{'type': 'link', 'href': 'https://www.ligafemenil.mx/cancha/club/11181/cruz-azul', 'text': ''}","{'type': 'link', 'href': 'https://www.ligafemenil.mx/cancha/informeArbitral/134006/eyJpZERpdmlzaW9uIjoiMTQiLCJpZFRlbXBvcmFkYSI6Ijc0IiwiaWRUb3JuZW8iOiIxIiwiaWRDbHVibG9jYWwiOjExMTgxLCJpZENsdWJ2aXNpdGEiOjExMTg1fQ==/informe-arbitral-cruz-azul-vs-rayados-de-monterrey-jornada-5-estadio-azteca-vix', 'text': '0 - 3'}","{'type': 'link', 'href': 'https://www.ligafemenil.mx/cancha/club/11185/rayados-de-monterrey', 'text': ''}","{'type': 'link', 'href': 'https://www.ligafemenil.mx/cancha/estadio/1/estadio-azteca', 'text': 'Azteca'}","{'type': 'link', 'href': 'https://www.ligafemenil.mx/cancha/mxm/134006/eyJpZERpdmlzaW9uIjoiMTQiLCJpZFRlbXBvcmFkYSI6Ijc0IiwiaWRUb3JuZW8iOiIxIiwiaWRDbHVibG9jYWwiOiIxMTE4MSIsImlkQ2x1YnZpc2l0YSI6IjExMTg1IiwiaWRQYXJ0aWRvIjoiMTM0MDA2IiwicGVzdGFuYSI6IjEifQ==/minuto-a-minuto-cruz-azul-vs-rayados-de-monterrey-jornada-5-estadio-azteca-vix', 'text': ''}","{'type': 'link', 'href': 'https://www.ligafemenil.mx/cancha/mxm/134006/eyJpZERpdmlzaW9uIjoiMTQiLCJpZFRlbXBvcmFkYSI6Ijc0IiwiaWRUb3JuZW8iOiIxIiwiaWRDbHVibG9jYWwiOiIxMTE4MSIsImlkQ2x1YnZpc2l0YSI6IjExMTg1IiwiaWRQYXJ0aWRvIjoiMTM0MDA2IiwicGVzdGFuYSI6IjMifQ==/minuto-a-minuto-cruz-azul-vs-rayados-de-monterrey-jornada-5-estadio-azteca-vix', 'text': ''}","{'type': 'link', 'href': 'https://www.ligafemenil.mx/cancha/informeArbitral/134006/eyJpZERpdmlzaW9uIjoiMTQiLCJpZFRlbXBvcmFkYSI6Ijc0IiwiaWRUb3JuZW8iOiIxIiwiaWRDbHVibG9jYWwiOiIxMTE4MSIsImlkQ2x1YnZpc2l0YSI6IjExMTg1In0=/informe-arbitral-cruz-azul-vs-rayados-de-monterrey-jornada-5-estadio-azteca-vix', 'text': ''}","{'type': 'link', 'href': 'https://www.ligafemenil.mx/cancha/mxm/134006/eyJpZERpdmlzaW9uIjoiMTQiLCJpZFRlbXBvcmFkYSI6Ijc0IiwiaWRUb3JuZW8iOiIxIiwiaWRDbHVibG9jYWwiOiIxMTE4MSIsImlkQ2x1YnZpc2l0YSI6IjExMTg1IiwiaWRQYXJ0aWRvIjoiMTM0MDA2IiwicGVzdGFuYSI6IjQifQ==/minuto-a-minuto-cruz-azul-vs-rayados-de-monterrey-jornada-5-estadio-azteca-vix', 'text': ''}","{'type': 'link', 'href': 'https://www.ligafemenil.mx/cancha/galeria/MTM0MDA2LzUvNzQvMS8xNA==/cruz-azul-vs-rayados-de-monterrey', 'text': ''}","{'type': 'link', 'href': 'https://www.ligafemenil.mx/cancha/playlist/134006/cruz-azul-vs-rayados-de-monterrey', 'text': ''}"
2023-2024,Apertura,"{'type': 'text', 'value': 'Sábado 12 de Agosto de 2023\nTemporada 2023-2024\nTorneo Apertura\nJornada 5\n12 Agosto 2023 - 19:00 hrs.'}","{'type': 'link', 'href': 'https://www.ligafemenil.mx/cancha/club/11189/necaxa', 'text': ''}","{'type': 'link', 'href': 'https://www.ligafemenil.mx/cancha/informeArbitral/134008/eyJpZERpdmlzaW9uIjoiMTQiLCJpZFRlbXBvcmFkYSI6Ijc0IiwiaWRUb3JuZW8iOiIxIiwiaWRDbHVibG9jYWwiOjExMTg5LCJpZENsdWJ2aXNpdGEiOjExMTgyfQ==/informe-arbitral-necaxa-vs-guadalajara-jornada-5-estadio-victoria-vix', 'text': '0 - 3'}","{'type': 'link', 'href': 'https://www.ligafemenil.mx/cancha/club/11182/guadalajara', 'text': ''}","{'type': 'link', 'href': 'https://www.ligafemenil.mx/cancha/estadio/15/estadio-victoria', 'text': 'Victoria'}","{'type': 'link', 'href': 'https://www.ligafemenil.mx/cancha/mxm/134008/eyJpZERpdmlzaW9uIjoiMTQiLCJpZFRlbXBvcmFkYSI6Ijc0IiwiaWRUb3JuZW8iOiIxIiwiaWRDbHVibG9jYWwiOiIxMTE4OSIsImlkQ2x1YnZpc2l0YSI6IjExMTgyIiwiaWRQYXJ0aWRvIjoiMTM0MDA4IiwicGVzdGFuYSI6IjEifQ==/minuto-a-minuto-necaxa-vs-guadalajara-jornada-5-estadio-victoria-vix', 'text': ''}","{'type': 'link', 'href': 'https://www.ligafemenil.mx/cancha/mxm/134008/eyJpZERpdmlzaW9uIjoiMTQiLCJpZFRlbXBvcmFkYSI6Ijc0IiwiaWRUb3JuZW8iOiIxIiwiaWRDbHVibG9jYWwiOiIxMTE4OSIsImlkQ2x1YnZpc2l0YSI6IjExMTgyIiwiaWRQYXJ0aWRvIjoiMTM0MDA4IiwicGVzdGFuYSI6IjMifQ==/minuto-a-minuto-necaxa-vs-guadalajara-jornada-5-estadio-victoria-vix', 'text': ''}","{'type': 'link', 'href': 'https://www.ligafemenil.mx/cancha/informeArbitral/134008/eyJpZERpdmlzaW9uIjoiMTQiLCJpZFRlbXBvcmFkYSI6Ijc0IiwiaWRUb3JuZW8iOiIxIiwiaWRDbHVibG9jYWwiOiIxMTE4OSIsImlkQ2x1YnZpc2l0YSI6IjExMTgyIn0=/informe-arbitral-necaxa-vs-guadalajara-jornada-5-estadio-victoria-vix', 'text': ''}","{'type': 'link', 'href': 'https://www.ligafemenil.mx/cancha/mxm/134008/eyJpZERpdmlzaW9uIjoiMTQiLCJpZFRlbXBvcmFkYSI6Ijc0IiwiaWRUb3JuZW8iOiIxIiwiaWRDbHVibG9jYWwiOiIxMTE4OSIsImlkQ2x1YnZpc2l0YSI6IjExMTgyIiwiaWRQYXJ0aWRvIjoiMTM0MDA4IiwicGVzdGFuYSI6IjQifQ==/minuto-a-minuto-necaxa-vs-guadalajara-jornada-5-estadio-victoria-vix', 'text': ''}","{'type': 'link', 'href': 'https://www.ligafemenil.mx/cancha/galeria/MTM0MDA4LzUvNzQvMS8xNA==/necaxa-vs-guadalajara', 'text': ''}","{'type': 'link', 'href': 'https://www.ligafemenil.mx/cancha/playlist/134008/necaxa-vs-guadalajara', 'text': ''}"
2023-2024,Apertura,"{'type': 'text', 'value': 'Sábado 12 de Agosto de 2023\nTemporada 2023-2024\nTorneo Apertura\nJornada 5\n12 Agosto 2023 - 21:00 hrs.'}","{'type': 'link', 'href': 'https://www.ligafemenil.mx/cancha/club/11186/tigres-de-la-uanl', 'text': ''}","{'type': 'link', 'href': 'https://www.ligafemenil.mx/cancha/informeArbitral/134009/eyJpZERpdmlzaW9uIjoiMTQiLCJpZFRlbXBvcmFkYSI6Ijc0IiwiaWRUb3JuZW8iOiIxIiwiaWRDbHVibG9jYWwiOjExMTg2LCJpZENsdWJ2aXNpdGEiOjExMTg0fQ==/informe-arbitral-tigres-de-la-uanl-vs-pachuca-jornada-5-estadio-universitario-vix', 'text': '4 - 2'}","{'type': 'link', 'href': 'https://www.ligafemenil.mx/cancha/club/11184/pachuca', 'text': ''}","{'type': 'link', 'href': 'https://www.ligafemenil.mx/cancha/estadio/12/estadio-universitario', 'text': 'Universitario'}","{'type': 'link', 'href': 'https://www.ligafemenil.mx/cancha/mxm/134009/eyJpZERpdmlzaW9uIjoiMTQiLCJpZFRlbXBvcmFkYSI6Ijc0IiwiaWRUb3JuZW8iOiIxIiwiaWRDbHVibG9jYWwiOiIxMTE4NiIsImlkQ2x1YnZpc2l0YSI6IjExMTg0IiwiaWRQYXJ0aWRvIjoiMTM0MDA5IiwicGVzdGFuYSI6IjEifQ==/minuto-a-minuto-tigres-de-la-uanl-vs-pachuca-jornada-5-estadio-universitario-vix', 'text': ''}","{'type': 'link', 'href': 'https://www.ligafemenil.mx/cancha/mxm/134009/eyJpZERpdmlzaW9uIjoiMTQiLCJpZFRlbXBvcmFkYSI6Ijc0IiwiaWRUb3JuZW8iOiIxIiwiaWRDbHVibG9jYWwiOiIxMTE4NiIsImlkQ2x1YnZpc2l0YSI6IjExMTg0IiwiaWRQYXJ0aWRvIjoiMTM0MDA5IiwicGVzdGFuYSI6IjMifQ==/minuto-a-minuto-tigres-de-la-uanl-vs-pachuca-jornada-5-estadio-universitario-vix', 'text': ''}","{'type': 'link', 'href': 'https://www.ligafemenil.mx/cancha/informeArbitral/134009/eyJpZERpdmlzaW9uIjoiMTQiLCJpZFRlbXBvcmFkYSI6Ijc0IiwiaWRUb3JuZW8iOiIxIiwiaWRDbHVibG9jYWwiOiIxMTE4NiIsImlkQ2x1YnZpc2l0YSI6IjExMTg0In0=/informe-arbitral-tigres-de-la-uanl-vs-pachuca-jornada-5-estadio-universitario-vix', 'text': ''}","{'type': 'link', 'href': 'https://www.ligafemenil.mx/cancha/mxm/134009/eyJpZERpdmlzaW9uIjoiMTQiLCJpZFRlbXBvcmFkYSI6Ijc0IiwiaWRUb3JuZW8iOiIxIiwiaWRDbHVibG9jYWwiOiIxMTE4NiIsImlkQ2x1YnZpc2l0YSI6IjExMTg0IiwiaWRQYXJ0aWRvIjoiMTM0MDA5IiwicGVzdGFuYSI6IjQifQ==/minuto-a-minuto-tigres-de-la-uanl-vs-pachuca-jornada-5-estadio-universitario-vix', 'text': ''}","{'type': 'link', 'href': 'https://www.ligafemenil.mx/cancha/galeria/MTM0MDA5LzUvNzQvMS8xNA==/tigres-de-la-uanl-vs-pachuca', 'text': ''}","{'type': 'link', 'href': 'https://www.ligafemenil.mx/cancha/playlist/134009/tigres-de-la-uanl-vs-pachuca', 'text': ''}"
2023-2024,Apertura,"{'type': 'text', 'value': 'Domingo 13 de Agosto de 2023\nTemporada 2023-2024\nTorneo Apertura\nJornada 5\n13 Agosto 2023 - 12:00 hrs.'}","{'type': 'link', 'href': 'https://www.ligafemenil.mx/cancha/club/11543/puebla-fc', 'text': ''}","{'type': 'link', 'href': 'https://www.ligafemenil.mx/cancha/informeArbitral/134010/eyJpZERpdmlzaW9uIjoiMTQiLCJpZFRlbXBvcmFkYSI6Ijc0IiwiaWRUb3JuZW8iOiIxIiwiaWRDbHVibG9jYWwiOjExNTQzLCJpZENsdWJ2aXNpdGEiOjExMTg4fQ==/informe-arbitral-puebla-fc-vs-pumas-jornada-5-estadio-cuauhtemoc-fox-sports', 'text': '1 - 1'}","{'type': 'link', 'href': 'https://www.ligafemenil.mx/cancha/club/11188/pumas', 'text': ''}","{'type': 'link', 'href': 'https://www.ligafemenil.mx/cancha/estadio/9/estadio-cuauhtemoc', 'text': 'Cuauhtémoc'}","{'type': 'link', 'href': 'https://www.ligafemenil.mx/cancha/mxm/134010/eyJpZERpdmlzaW9uIjoiMTQiLCJpZFRlbXBvcmFkYSI6Ijc0IiwiaWRUb3JuZW8iOiIxIiwiaWRDbHVibG9jYWwiOiIxMTU0MyIsImlkQ2x1YnZpc2l0YSI6IjExMTg4IiwiaWRQYXJ0aWRvIjoiMTM0MDEwIiwicGVzdGFuYSI6IjEifQ==/minuto-a-minuto-puebla-fc-vs-pumas-jornada-5-estadio-cuauhtemoc-fox-sports', 'text': ''}","{'type': 'link', 'href': 'https://www.ligafemenil.mx/cancha/mxm/134010/eyJpZERpdmlzaW9uIjoiMTQiLCJpZFRlbXBvcmFkYSI6Ijc0IiwiaWRUb3JuZW8iOiIxIiwiaWRDbHVibG9jYWwiOiIxMTU0MyIsImlkQ2x1YnZpc2l0YSI6IjExMTg4IiwiaWRQYXJ0aWRvIjoiMTM0MDEwIiwicGVzdGFuYSI6IjMifQ==/minuto-a-minuto-puebla-fc-vs-pumas-jornada-5-estadio-cuauhtemoc-fox-sports', 'text': ''}","{'type': 'link', 'href': 'https://www.ligafemenil.mx/cancha/informeArbitral/134010/eyJpZERpdmlzaW9uIjoiMTQiLCJpZFRlbXBvcmFkYSI6Ijc0IiwiaWRUb3JuZW8iOiIxIiwiaWRDbHVibG9jYWwiOiIxMTU0MyIsImlkQ2x1YnZpc2l0YSI6IjExMTg4In0=/informe-arbitral-puebla-fc-vs-pumas-jornada-5-estadio-cuauhtemoc-fox-sports', 'text': ''}","{'type': 'link', 'href': 'https://www.ligafemenil.mx/cancha/mxm/134010/eyJpZERpdmlzaW9uIjoiMTQiLCJpZFRlbXBvcmFkYSI6Ijc0IiwiaWRUb3JuZW8iOiIxIiwiaWRDbHVibG9jYWwiOiIxMTU0MyIsImlkQ2x1YnZpc2l0YSI6IjExMTg4IiwiaWRQYXJ0aWRvIjoiMTM0MDEwIiwicGVzdGFuYSI6IjQifQ==/minuto-a-minuto-puebla-fc-vs-pumas-jornada-5-estadio-cuauhtemoc-fox-sports', 'text': ''}","{'type': 'link', 'href': 'https://www.ligafemenil.mx/cancha/galeria/MTM0MDEwLzUvNzQvMS8xNA==/puebla-fc-vs-pumas', 'text': ''}","{'type': 'link', 'href': 'https://www.ligafemenil.mx/cancha/playlist/134010/puebla-fc-vs-pumas', 'text': ''}"
2023-2024,Apertura,"{'type': 'text', 'value': 'Domingo 13 de Agosto de 2023\nTemporada 2023-2024\nTorneo Apertura\nJornada 5\n13 Agosto 2023 - 12:00 hrs.'}","{'type': 'link', 'href': 'https://www.ligafemenil.mx/cancha/club/11187/toluca', 'text': ''}","{'type': 'link', 'href': 'https://www.ligafemenil.mx/cancha/informeArbitral/134011/eyJpZERpdmlzaW9uIjoiMTQiLCJpZFRlbXBvcmFkYSI6Ijc0IiwiaWRUb3JuZW8iOiIxIiwiaWRDbHVibG9jYWwiOjExMTg3LCJpZENsdWJ2aXNpdGEiOjExNzk1fQ==/informe-arbitral-toluca-vs-fc-juarez-jornada-5-estadio-nemesio-diez-vix', 'text': '1 - 1'}","{'type': 'link', 'href': 'https://www.ligafemenil.mx/cancha/club/11795/fc-juarez', 'text': ''}","{'type': 'link', 'href': 'https://www.ligafemenil.mx/cancha/estadio/6/estadio-nemesio-diez', 'text': 'Nemesio Diez'}","{'type': 'link', 'href': 'https://www.ligafemenil.mx/cancha/mxm/134011/eyJpZERpdmlzaW9uIjoiMTQiLCJpZFRlbXBvcmFkYSI6Ijc0IiwiaWRUb3JuZW8iOiIxIiwiaWRDbHVibG9jYWwiOiIxMTE4NyIsImlkQ2x1YnZpc2l0YSI6IjExNzk1IiwiaWRQYXJ0aWRvIjoiMTM0MDExIiwicGVzdGFuYSI6IjEifQ==/minuto-a-minuto-toluca-vs-fc-juarez-jornada-5-estadio-nemesio-diez-vix', 'text': ''}","{'type': 'link', 'href': 'https://www.ligafemenil.mx/cancha/mxm/134011/eyJpZERpdmlzaW9uIjoiMTQiLCJpZFRlbXBvcmFkYSI6Ijc0IiwiaWRUb3JuZW8iOiIxIiwiaWRDbHVibG9jYWwiOiIxMTE4NyIsImlkQ2x1YnZpc2l0YSI6IjExNzk1IiwiaWRQYXJ0aWRvIjoiMTM0MDExIiwicGVzdGFuYSI6IjMifQ==/minuto-a-minuto-toluca-vs-fc-juarez-jornada-5-estadio-nemesio-diez-vix', 'text': ''}","{'type': 'link', 'href': 'https://www.ligafemenil.mx/cancha/informeArbitral/134011/eyJpZERpdmlzaW9uIjoiMTQiLCJpZFRlbXBvcmFkYSI6Ijc0IiwiaWRUb3JuZW8iOiIxIiwiaWRDbHVibG9jYWwiOiIxMTE4NyIsImlkQ2x1YnZpc2l0YSI6IjExNzk1In0=/informe-arbitral-toluca-vs-fc-juarez-jornada-5-estadio-nemesio-diez-vix', 'text': ''}","{'type': 'link', 'href': 'https://www.ligafemenil.mx/cancha/mxm/134011/eyJpZERpdmlzaW9uIjoiMTQiLCJpZFRlbXBvcmFkYSI6Ijc0IiwiaWRUb3JuZW8iOiIxIiwiaWRDbHVibG9jYWwiOiIxMTE4NyIsImlkQ2x1YnZpc2l0YSI6IjExNzk1IiwiaWRQYXJ0aWRvIjoiMTM0MDExIiwicGVzdGFuYSI6IjQifQ==/minuto-a-minuto-toluca-vs-fc-juarez-jornada-5-estadio-nemesio-diez-vix', 'text': ''}","{'type': 'link', 'href': 'https://www.ligafemenil.mx/cancha/galeria/MTM0MDExLzUvNzQvMS8xNA==/toluca-vs-fc-juarez', 'text': ''}","{'type': 'link', 'href': 'https://www.ligafemenil.mx/cancha/playlist/134011/toluca-vs-fc-juarez', 'text': ''}"
2023-2024,Apertura,"{'type': 'text', 'value': 'Domingo 13 de Agosto de 2023\nTemporada 2023-2024\nTorneo Apertura\nJornada 5\n13 Agosto 2023 - 17:00 hrs.'}","{'type': 'link', 'href': 'https://www.ligafemenil.mx/cancha/club/11778/club-atletico-de-san-luis', 'text': ''}","{'type': 'link', 'href': 'https://www.ligafemenil.mx/cancha/informeArbitral/134012/eyJpZERpdmlzaW9uIjoiMTQiLCJpZFRlbXBvcmFkYSI6Ijc0IiwiaWRUb3JuZW8iOiIxIiwiaWRDbHVibG9jYWwiOjExNzc4LCJpZENsdWJ2aXNpdGEiOjEyMDUxfQ==/informe-arbitral-club-atletico-de-san-luis-vs-mazatlan-fc-jornada-5-estadio-alfonso-lastras-ramirez-espn', 'text': '4 - 1'}","{'type': 'link', 'href': 'https://www.ligafemenil.mx/cancha/club/12051/mazatlan-fc', 'text': ''}","{'type': 'link', 'href': 'https://www.ligafemenil.mx/cancha/estadio/14/estadio-alfonso-lastras-ramirez', 'text': 'Alfonso Lastras Ramírez'}","{'type': 'link', 'href': 'https://www.ligafemenil.mx/cancha/mxm/134012/eyJpZERpdmlzaW9uIjoiMTQiLCJpZFRlbXBvcmFkYSI6Ijc0IiwiaWRUb3JuZW8iOiIxIiwiaWRDbHVibG9jYWwiOiIxMTc3OCIsImlkQ2x1YnZpc2l0YSI6IjEyMDUxIiwiaWRQYXJ0aWRvIjoiMTM0MDEyIiwicGVzdGFuYSI6IjEifQ==/minuto-a-minuto-club-atletico-de-san-luis-vs-mazatlan-fc-jornada-5-estadio-alfonso-lastras-ramirez-espn', 'text': ''}","{'type': 'link', 'href': 'https://www.ligafemenil.mx/cancha/mxm/134012/eyJpZERpdmlzaW9uIjoiMTQiLCJpZFRlbXBvcmFkYSI6Ijc0IiwiaWRUb3JuZW8iOiIxIiwiaWRDbHVibG9jYWwiOiIxMTc3OCIsImlkQ2x1YnZpc2l0YSI6IjEyMDUxIiwiaWRQYXJ0aWRvIjoiMTM0MDEyIiwicGVzdGFuYSI6IjMifQ==/minuto-a-minuto-club-atletico-de-san-luis-vs-mazatlan-fc-jornada-5-estadio-alfonso-lastras-ramirez-espn', 'text': ''}","{'type': 'link', 'href': 'https://www.ligafemenil.mx/cancha/informeArbitral/134012/eyJpZERpdmlzaW9uIjoiMTQiLCJpZFRlbXBvcmFkYSI6Ijc0IiwiaWRUb3JuZW8iOiIxIiwiaWRDbHVibG9jYWwiOiIxMTc3OCIsImlkQ2x1YnZpc2l0YSI6IjEyMDUxIn0=/informe-arbitral-club-atletico-de-san-luis-vs-mazatlan-fc-jornada-5-estadio-alfonso-lastras-ramirez-espn', 'text': ''}","{'type': 'link', 'href': 'https://www.ligafemenil.mx/cancha/mxm/134012/eyJpZERpdmlzaW9uIjoiMTQiLCJpZFRlbXBvcmFkYSI6Ijc0IiwiaWRUb3JuZW8iOiIxIiwiaWRDbHVibG9jYWwiOiIxMTc3OCIsImlkQ2x1YnZpc2l0YSI6IjEyMDUxIiwiaWRQYXJ0aWRvIjoiMTM0MDEyIiwicGVzdGFuYSI6IjQifQ==/minuto-a-minuto-club-atletico-de-san-luis-vs-mazatlan-fc-jornada-5-estadio-alfonso-lastras-ramirez-espn', 'text': ''}","{'type': 'link', 'href': 'https://www.ligafemenil.mx/cancha/galeria/MTM0MDEyLzUvNzQvMS8xNA==/club-atletico-de-san-luis-vs-mazatlan-fc', 'text': ''}","{'type': 'link', 'href': 'https://www.ligafemenil.mx/cancha/playlist/134012/club-atletico-de-san-luis-vs-mazatlan-fc', 'text': ''}"
2023-2024,Apertura,"{'type': 'text', 'value': 'Martes 15 de Agosto de 2023\nTemporada 2023-2024\nTorneo Apertura\nJornada 5\n15 Agosto 2023 - 09:30 hrs.'}","{'type': 'link', 'href': 'https://www.ligafemenil.mx/cancha/club/11245/atlas', 'text': ''}","{'type': 'link', 'href': 'https://www.ligafemenil.mx/cancha/informeArbitral/134007/eyJpZERpdmlzaW9uIjoiMTQiLCJpZFRlbXBvcmFkYSI6Ijc0IiwiaWRUb3JuZW8iOiIxIiwiaWRDbHVibG9jYWwiOjExMjQ1LCJpZENsdWJ2aXNpdGEiOjExMTkxfQ==/informe-arbitral-atlas-vs-america-jornada-5-estadio-cecaf-fox-sports', 'text': '1 - 5'}","{'type': 'link', 'href': 'https://www.ligafemenil.mx/cancha/club/11191/america', 'text': ''}","{'type': 'link', 'href': 'https://www.ligafemenil.mx/cancha/estadio/789/estadio-cecaf', 'text': 'CECAF'}","{'type': 'link', 'href': 'https://www.ligafemenil.mx/cancha/mxm/134007/eyJpZERpdmlzaW9uIjoiMTQiLCJpZFRlbXBvcmFkYSI6Ijc0IiwiaWRUb3JuZW8iOiIxIiwiaWRDbHVibG9jYWwiOiIxMTI0NSIsImlkQ2x1YnZpc2l0YSI6IjExMTkxIiwiaWRQYXJ0aWRvIjoiMTM0MDA3IiwicGVzdGFuYSI6IjEifQ==/minuto-a-minuto-atlas-vs-america-jornada-5-estadio-cecaf-fox-sports', 'text': ''}","{'type': 'link', 'href': 'https://www.ligafemenil.mx/cancha/mxm/134007/eyJpZERpdmlzaW9uIjoiMTQiLCJpZFRlbXBvcmFkYSI6Ijc0IiwiaWRUb3JuZW8iOiIxIiwiaWRDbHVibG9jYWwiOiIxMTI0NSIsImlkQ2x1YnZpc2l0YSI6IjExMTkxIiwiaWRQYXJ0aWRvIjoiMTM0MDA3IiwicGVzdGFuYSI6IjMifQ==/minuto-a-minuto-atlas-vs-america-jornada-5-estadio-cecaf-fox-sports', 'text': ''}","{'type': 'link', 'href': 'https://www.ligafemenil.mx/cancha/informeArbitral/134007/eyJpZERpdmlzaW9uIjoiMTQiLCJpZFRlbXBvcmFkYSI6Ijc0IiwiaWRUb3JuZW8iOiIxIiwiaWRDbHVibG9jYWwiOiIxMTI0NSIsImlkQ2x1YnZpc2l0YSI6IjExMTkxIn0=/informe-arbitral-atlas-vs-america-jornada-5-estadio-cecaf-fox-sports', 'text': ''}","{'type': 'link', 'href': 'https://www.ligafemenil.mx/cancha/mxm/134007/eyJpZERpdmlzaW9uIjoiMTQiLCJpZFRlbXBvcmFkYSI6Ijc0IiwiaWRUb3JuZW8iOiIxIiwiaWRDbHVibG9jYWwiOiIxMTI0NSIsImlkQ2x1YnZpc2l0YSI6IjExMTkxIiwiaWRQYXJ0aWRvIjoiMTM0MDA3IiwicGVzdGFuYSI6IjQifQ==/minuto-a-minuto-atlas-vs-america-jornada-5-estadio-cecaf-fox-sports', 'text': ''}","{'type': 'link', 'href': 'https://www.ligafemenil.mx/cancha/galeria/MTM0MDA3LzUvNzQvMS8xNA==/atlas-vs-america', 'text': ''}","{'type': 'link', 'href': 'https://www.ligafemenil.mx/cancha/playlist/134007/atlas-vs-america', 'text': ''}"
2023-2024,Apertura,"{'type': 'text', 'value': 'Miércoles 16 de Agosto de 2023\nTemporada 2023-2024\nTorneo Apertura\nJornada 6\n16 Agosto 2023 - 19:00 hrs.'}","{'type': 'link', 'href': 'https://www.ligafemenil.mx/cancha/club/11778/club-atletico-de-san-luis', 'text': ''}","{'type': 'link', 'href': 'https://www.ligafemenil.mx/cancha/informeArbitral/134013/eyJpZERpdmlzaW9uIjoiMTQiLCJpZFRlbXBvcmFkYSI6Ijc0IiwiaWRUb3JuZW8iOiIxIiwiaWRDbHVibG9jYWwiOjExNzc4LCJpZENsdWJ2aXNpdGEiOjExMTkyfQ==/informe-arbitral-club-atletico-de-san-luis-vs-santos-laguna-jornada-6-estadio-alfonso-lastras-ramirez-espn', 'text': '2 - 0'}","{'type': 'link', 'href': 'https://www.ligafemenil.mx/cancha/club/11192/santos-laguna', 'text': ''}","{'type': 'link', 'href': 'https://www.ligafemenil.mx/cancha/estadio/14/estadio-alfonso-lastras-ramirez', 'text': 'Alfonso Lastras Ramírez'}","{'type': 'link', 'href': 'https://www.ligafemenil.mx/cancha/mxm/134013/eyJpZERpdmlzaW9uIjoiMTQiLCJpZFRlbXBvcmFkYSI6Ijc0IiwiaWRUb3JuZW8iOiIxIiwiaWRDbHVibG9jYWwiOiIxMTc3OCIsImlkQ2x1YnZpc2l0YSI6IjExMTkyIiwiaWRQYXJ0aWRvIjoiMTM0MDEzIiwicGVzdGFuYSI6IjEifQ==/minuto-a-minuto-club-atletico-de-san-luis-vs-santos-laguna-jornada-6-estadio-alfonso-lastras-ramirez-espn', 'text': ''}","{'type': 'link', 'href': 'https://www.ligafemenil.mx/cancha/mxm/134013/eyJpZERpdmlzaW9uIjoiMTQiLCJpZFRlbXBvcmFkYSI6Ijc0IiwiaWRUb3JuZW8iOiIxIiwiaWRDbHVibG9jYWwiOiIxMTc3OCIsImlkQ2x1YnZpc2l0YSI6IjExMTkyIiwiaWRQYXJ0aWRvIjoiMTM0MDEzIiwicGVzdGFuYSI6IjMifQ==/minuto-a-minuto-club-atletico-de-san-luis-vs-santos-laguna-jornada-6-estadio-alfonso-lastras-ramirez-espn', 'text': ''}","{'type': 'link', 'href': 'https://www.ligafemenil.mx/cancha/informeArbitral/134013/eyJpZERpdmlzaW9uIjoiMTQiLCJpZFRlbXBvcmFkYSI6Ijc0IiwiaWRUb3JuZW8iOiIxIiwiaWRDbHVibG9jYWwiOiIxMTc3OCIsImlkQ2x1YnZpc2l0YSI6IjExMTkyIn0=/informe-arbitral-club-atletico-de-san-luis-vs-santos-laguna-jornada-6-estadio-alfonso-lastras-ramirez-espn', 'text': ''}","{'type': 'link', 'href': 'https://www.ligafemenil.mx/cancha/mxm/134013/eyJpZERpdmlzaW9uIjoiMTQiLCJpZFRlbXBvcmFkYSI6Ijc0IiwiaWRUb3JuZW8iOiIxIiwiaWRDbHVibG9jYWwiOiIxMTc3OCIsImlkQ2x1YnZpc2l0YSI6IjExMTkyIiwiaWRQYXJ0aWRvIjoiMTM0MDEzIiwicGVzdGFuYSI6IjQifQ==/minuto-a-minuto-club-atletico-de-san-luis-vs-santos-laguna-jornada-6-estadio-alfonso-lastras-ramirez-espn', 'text': ''}","{'type': 'link', 'href': 'https://www.ligafemenil.mx/cancha/galeria/MTM0MDEzLzYvNzQvMS8xNA==/club-atletico-de-san-luis-vs-santos-laguna', 'text': ''}","{'type': 'link', 'href': 'https://www.ligafemenil.mx/cancha/playlist/134013/club-atletico-de-san-luis-vs-santos-laguna', 'text': ''}"
2023-2024,Apertura,"{'type': 'text', 'value': 'Miércoles 16 de Agosto de 2023\nTemporada 2023-2024\nTorneo Apertura\nJornada 6\n16 Agosto 2023 - 19:06 hrs.'}","{'type': 'link', 'href': 'https://www.ligafemenil.mx/cancha/club/12042/gallos-blancos-de-queretaro', 'text': ''}","{'type': 'link', 'href': 'https://www.ligafemenil.mx/cancha/informeArbitral/134014/eyJpZERpdmlzaW9uIjoiMTQiLCJpZFRlbXBvcmFkYSI6Ijc0IiwiaWRUb3JuZW8iOiIxIiwiaWRDbHVibG9jYWwiOjEyMDQyLCJpZENsdWJ2aXNpdGEiOjExNTQzfQ==/informe-arbitral-gallos-blancos-de-queretaro-vs-puebla-fc-jornada-6-estadio-la-corregidora-fox-sports', 'text': '3 - 0'}","{'type': 'link', 'href': 'https://www.ligafemenil.mx/cancha/club/11543/puebla-fc', 'text': ''}","{'type': 'link', 'href': 'https://www.ligafemenil.mx/cancha/estadio/858/estadio-la-corregidora', 'text': 'La Corregidora'}","{'type': 'link', 'href': 'https://www.ligafemenil.mx/cancha/mxm/134014/eyJpZERpdmlzaW9uIjoiMTQiLCJpZFRlbXBvcmFkYSI6Ijc0IiwiaWRUb3JuZW8iOiIxIiwiaWRDbHVibG9jYWwiOiIxMjA0MiIsImlkQ2x1YnZpc2l0YSI6IjExNTQzIiwiaWRQYXJ0aWRvIjoiMTM0MDE0IiwicGVzdGFuYSI6IjEifQ==/minuto-a-minuto-gallos-blancos-de-queretaro-vs-puebla-fc-jornada-6-estadio-la-corregidora-fox-sports', 'text': ''}","{'type': 'link', 'href': 'https://www.ligafemenil.mx/cancha/mxm/134014/eyJpZERpdmlzaW9uIjoiMTQiLCJpZFRlbXBvcmFkYSI6Ijc0IiwiaWRUb3JuZW8iOiIxIiwiaWRDbHVibG9jYWwiOiIxMjA0MiIsImlkQ2x1YnZpc2l0YSI6IjExNTQzIiwiaWRQYXJ0aWRvIjoiMTM0MDE0IiwicGVzdGFuYSI6IjMifQ==/minuto-a-minuto-gallos-blancos-de-queretaro-vs-puebla-fc-jornada-6-estadio-la-corregidora-fox-sports', 'text': ''}","{'type': 'link', 'href': 'https://www.ligafemenil.mx/cancha/informeArbitral/134014/eyJpZERpdmlzaW9uIjoiMTQiLCJpZFRlbXBvcmFkYSI6Ijc0IiwiaWRUb3JuZW8iOiIxIiwiaWRDbHVibG9jYWwiOiIxMjA0MiIsImlkQ2x1YnZpc2l0YSI6IjExNTQzIn0=/informe-arbitral-gallos-blancos-de-queretaro-vs-puebla-fc-jornada-6-estadio-la-corregidora-fox-sports', 'text': ''}","{'type': 'link', 'href': 'https://www.ligafemenil.mx/cancha/mxm/134014/eyJpZERpdmlzaW9uIjoiMTQiLCJpZFRlbXBvcmFkYSI6Ijc0IiwiaWRUb3JuZW8iOiIxIiwiaWRDbHVibG9jYWwiOiIxMjA0MiIsImlkQ2x1YnZpc2l0YSI6IjExNTQzIiwiaWRQYXJ0aWRvIjoiMTM0MDE0IiwicGVzdGFuYSI6IjQifQ==/minuto-a-minuto-gallos-blancos-de-queretaro-vs-puebla-fc-jornada-6-estadio-la-corregidora-fox-sports', 'text': ''}","{'type': 'link', 'href': 'https://www.ligafemenil.mx/cancha/galeria/MTM0MDE0LzYvNzQvMS8xNA==/gallos-blancos-de-queretaro-vs-puebla-fc', 'text': ''}","{'type': 'link', 'href': 'https://www.ligafemenil.mx/cancha/playlist/134014/gallos-blancos-de-queretaro-vs-puebla-fc', 'text': ''}"
2023-2024,Apertura,"{'type': 'text', 'value': 'Miércoles 16 de Agosto de 2023\nTemporada 2023-2024\nTorneo Apertura\nJornada 6\n16 Agosto 2023 - 20:10 hrs.'}","{'type': 'link', 'href': 'https://www.ligafemenil.mx/cancha/club/11180/tijuana', 'text': ''}","{'type': 'link', 'href': 'https://www.ligafemenil.mx/cancha/informeArbitral/134015/eyJpZERpdmlzaW9uIjoiMTQiLCJpZFRlbXBvcmFkYSI6Ijc0IiwiaWRUb3JuZW8iOiIxIiwiaWRDbHVibG9jYWwiOjExMTgwLCJpZENsdWJ2aXNpdGEiOjExMTg4fQ==/informe-arbitral-tijuana-vs-pumas-jornada-6-estadio-caliente-fox-sports', 'text': '3 - 2'}","{'type': 'link', 'href': 'https://www.ligafemenil.mx/cancha/club/11188/pumas', 'text': ''}","{'type': 'link', 'href': 'https://www.ligafemenil.mx/cancha/estadio/48/estadio-caliente', 'text': 'Caliente'}","{'type': 'link', 'href': 'https://www.ligafemenil.mx/cancha/mxm/134015/eyJpZERpdmlzaW9uIjoiMTQiLCJpZFRlbXBvcmFkYSI6Ijc0IiwiaWRUb3JuZW8iOiIxIiwiaWRDbHVibG9jYWwiOiIxMTE4MCIsImlkQ2x1YnZpc2l0YSI6IjExMTg4IiwiaWRQYXJ0aWRvIjoiMTM0MDE1IiwicGVzdGFuYSI6IjEifQ==/minuto-a-minuto-tijuana-vs-pumas-jornada-6-estadio-caliente-fox-sports', 'text': ''}","{'type': 'link', 'href': 'https://www.ligafemenil.mx/cancha/mxm/134015/eyJpZERpdmlzaW9uIjoiMTQiLCJpZFRlbXBvcmFkYSI6Ijc0IiwiaWRUb3JuZW8iOiIxIiwiaWRDbHVibG9jYWwiOiIxMTE4MCIsImlkQ2x1YnZpc2l0YSI6IjExMTg4IiwiaWRQYXJ0aWRvIjoiMTM0MDE1IiwicGVzdGFuYSI6IjMifQ==/minuto-a-minuto-tijuana-vs-pumas-jornada-6-estadio-caliente-fox-sports', 'text': ''}","{'type': 'link', 'href': 'https://www.ligafemenil.mx/cancha/informeArbitral/134015/eyJpZERpdmlzaW9uIjoiMTQiLCJpZFRlbXBvcmFkYSI6Ijc0IiwiaWRUb3JuZW8iOiIxIiwiaWRDbHVibG9jYWwiOiIxMTE4MCIsImlkQ2x1YnZpc2l0YSI6IjExMTg4In0=/informe-arbitral-tijuana-vs-pumas-jornada-6-estadio-caliente-fox-sports', 'text': ''}","{'type': 'link', 'href': 'https://www.ligafemenil.mx/cancha/mxm/134015/eyJpZERpdmlzaW9uIjoiMTQiLCJpZFRlbXBvcmFkYSI6Ijc0IiwiaWRUb3JuZW8iOiIxIiwiaWRDbHVibG9jYWwiOiIxMTE4MCIsImlkQ2x1YnZpc2l0YSI6IjExMTg4IiwiaWRQYXJ0aWRvIjoiMTM0MDE1IiwicGVzdGFuYSI6IjQifQ==/minuto-a-minuto-tijuana-vs-pumas-jornada-6-estadio-caliente-fox-sports', 'text': ''}","{'type': 'link', 'href': 'https://www.ligafemenil.mx/cancha/galeria/MTM0MDE1LzYvNzQvMS8xNA==/tijuana-vs-pumas', 'text': ''}","{'type': 'link', 'href': 'https://www.ligafemenil.mx/cancha/playlist/134015/tijuana-vs-pumas', 'text': ''}"
2023-2024,Apertura,"{'type': 'text', 'value': 'Jueves 17 de Agosto de 2023\nTemporada 2023-2024\nTorneo Apertura\nJornada 6\n17 Agosto 2023 - 19:00 hrs.'}","{'type': 'link', 'href': 'https://www.ligafemenil.mx/cancha/club/11186/tigres-de-la-uanl', 'text': ''}","{'type': 'link', 'href': 'https://www.ligafemenil.mx/cancha/informeArbitral/134017/eyJpZERpdmlzaW9uIjoiMTQiLCJpZFRlbXBvcmFkYSI6Ijc0IiwiaWRUb3JuZW8iOiIxIiwiaWRDbHVibG9jYWwiOjExMTg2LCJpZENsdWJ2aXNpdGEiOjExMTg3fQ==/informe-arbitral-tigres-de-la-uanl-vs-toluca-jornada-6-estadio-universitario-vix', 'text': '3 - 1'}","{'type': 'link', 'href': 'https://www.ligafemenil.mx/cancha/club/11187/toluca', 'text': ''}","{'type': 'link', 'href': 'https://www.ligafemenil.mx/cancha/estadio/12/estadio-universitario', 'text': 'Universitario'}","{'type': 'link', 'href': 'https://www.ligafemenil.mx/cancha/mxm/134017/eyJpZERpdmlzaW9uIjoiMTQiLCJpZFRlbXBvcmFkYSI6Ijc0IiwiaWRUb3JuZW8iOiIxIiwiaWRDbHVibG9jYWwiOiIxMTE4NiIsImlkQ2x1YnZpc2l0YSI6IjExMTg3IiwiaWRQYXJ0aWRvIjoiMTM0MDE3IiwicGVzdGFuYSI6IjEifQ==/minuto-a-minuto-tigres-de-la-uanl-vs-toluca-jornada-6-estadio-universitario-vix', 'text': ''}","{'type': 'link', 'href': 'https://www.ligafemenil.mx/cancha/mxm/134017/eyJpZERpdmlzaW9uIjoiMTQiLCJpZFRlbXBvcmFkYSI6Ijc0IiwiaWRUb3JuZW8iOiIxIiwiaWRDbHVibG9jYWwiOiIxMTE4NiIsImlkQ2x1YnZpc2l0YSI6IjExMTg3IiwiaWRQYXJ0aWRvIjoiMTM0MDE3IiwicGVzdGFuYSI6IjMifQ==/minuto-a-minuto-tigres-de-la-uanl-vs-toluca-jornada-6-estadio-universitario-vix', 'text': ''}","{'type': 'link', 'href': 'https://www.ligafemenil.mx/cancha/informeArbitral/134017/eyJpZERpdmlzaW9uIjoiMTQiLCJpZFRlbXBvcmFkYSI6Ijc0IiwiaWRUb3JuZW8iOiIxIiwiaWRDbHVibG9jYWwiOiIxMTE4NiIsImlkQ2x1YnZpc2l0YSI6IjExMTg3In0=/informe-arbitral-tigres-de-la-uanl-vs-toluca-jornada-6-estadio-universitario-vix', 'text': ''}","{'type': 'link', 'href': 'https://www.ligafemenil.mx/cancha/mxm/134017/eyJpZERpdmlzaW9uIjoiMTQiLCJpZFRlbXBvcmFkYSI6Ijc0IiwiaWRUb3JuZW8iOiIxIiwiaWRDbHVibG9jYWwiOiIxMTE4NiIsImlkQ2x1YnZpc2l0YSI6IjExMTg3IiwiaWRQYXJ0aWRvIjoiMTM0MDE3IiwicGVzdGFuYSI6IjQifQ==/minuto-a-minuto-tigres-de-la-uanl-vs-toluca-jornada-6-estadio-universitario-vix', 'text': ''}","{'type': 'link', 'href': 'https://www.ligafemenil.mx/cancha/galeria/MTM0MDE3LzYvNzQvMS8xNA==/tigres-de-la-uanl-vs-toluca', 'text': ''}","{'type': 'link', 'href': 'https://www.ligafemenil.mx/cancha/playlist/134017/tigres-de-la-uanl-vs-toluca', 'text': ''}"
2023-2024,Apertura,"{'type': 'text', 'value': 'Jueves 17 de Agosto de 2023\nTemporada 2023-2024\nTorneo Apertura\nJornada 6\n17 Agosto 2023 - 20:10 hrs.'}","{'type': 'link', 'href': 'https://www.ligafemenil.mx/cancha/club/12051/mazatlan-fc', 'text': ''}","{'type': 'link', 'href': 'https://www.ligafemenil.mx/cancha/informeArbitral/134018/eyJpZERpdmlzaW9uIjoiMTQiLCJpZFRlbXBvcmFkYSI6Ijc0IiwiaWRUb3JuZW8iOiIxIiwiaWRDbHVibG9jYWwiOjEyMDUxLCJpZENsdWJ2aXNpdGEiOjExMTg5fQ==/informe-arbitral-mazatlan-fc-vs-necaxa-jornada-6-estadio-mazatlan-fox-sports', 'text': '0 - 2'}","{'type': 'link', 'href': 'https://www.ligafemenil.mx/cancha/club/11189/necaxa', 'text': ''}","{'type': 'link', 'href': 'https://www.ligafemenil.mx/cancha/estadio/1697/estadio-mazatlan', 'text': 'Estadio Mazatlán'}","{'type': 'link', 'href': 'https://www.ligafemenil.mx/cancha/mxm/134018/eyJpZERpdmlzaW9uIjoiMTQiLCJpZFRlbXBvcmFkYSI6Ijc0IiwiaWRUb3JuZW8iOiIxIiwiaWRDbHVibG9jYWwiOiIxMjA1MSIsImlkQ2x1YnZpc2l0YSI6IjExMTg5IiwiaWRQYXJ0aWRvIjoiMTM0MDE4IiwicGVzdGFuYSI6IjEifQ==/minuto-a-minuto-mazatlan-fc-vs-necaxa-jornada-6-estadio-mazatlan-fox-sports', 'text': ''}","{'type': 'link', 'href': 'https://www.ligafemenil.mx/cancha/mxm/134018/eyJpZERpdmlzaW9uIjoiMTQiLCJpZFRlbXBvcmFkYSI6Ijc0IiwiaWRUb3JuZW8iOiIxIiwiaWRDbHVibG9jYWwiOiIxMjA1MSIsImlkQ2x1YnZpc2l0YSI6IjExMTg5IiwiaWRQYXJ0aWRvIjoiMTM0MDE4IiwicGVzdGFuYSI6IjMifQ==/minuto-a-minuto-mazatlan-fc-vs-necaxa-jornada-6-estadio-mazatlan-fox-sports', 'text': ''}","{'type': 'link', 'href': 'https://www.ligafemenil.mx/cancha/informeArbitral/134018/eyJpZERpdmlzaW9uIjoiMTQiLCJpZFRlbXBvcmFkYSI6Ijc0IiwiaWRUb3JuZW8iOiIxIiwiaWRDbHVibG9jYWwiOiIxMjA1MSIsImlkQ2x1YnZpc2l0YSI6IjExMTg5In0=/informe-arbitral-mazatlan-fc-vs-necaxa-jornada-6-estadio-mazatlan-fox-sports', 'text': ''}","{'type': 'link', 'href': 'https://www.ligafemenil.mx/cancha/mxm/134018/eyJpZERpdmlzaW9uIjoiMTQiLCJpZFRlbXBvcmFkYSI6Ijc0IiwiaWRUb3JuZW8iOiIxIiwiaWRDbHVibG9jYWwiOiIxMjA1MSIsImlkQ2x1YnZpc2l0YSI6IjExMTg5IiwiaWRQYXJ0aWRvIjoiMTM0MDE4IiwicGVzdGFuYSI6IjQifQ==/minuto-a-minuto-mazatlan-fc-vs-necaxa-jornada-6-estadio-mazatlan-fox-sports', 'text': ''}","{'type': 'link', 'href': 'https://www.ligafemenil.mx/cancha/galeria/MTM0MDE4LzYvNzQvMS8xNA==/mazatlan-fc-vs-necaxa', 'text': ''}","{'type': 'link', 'href': 'https://www.ligafemenil.mx/cancha/playlist/134018/mazatlan-fc-vs-necaxa', 'text': ''}"
2023-2024,Apertura,"{'type': 'text', 'value': 'Jueves 17 de Agosto de 2023\nTemporada 2023-2024\nTorneo Apertura\nJornada 6\n17 Agosto 2023 - 21:10 hrs.'}","{'type': 'link', 'href': 'https://www.ligafemenil.mx/cancha/club/11182/guadalajara', 'text': ''}","{'type': 'link', 'href': 'https://www.ligafemenil.mx/cancha/informeArbitral/134019/eyJpZERpdmlzaW9uIjoiMTQiLCJpZFRlbXBvcmFkYSI6Ijc0IiwiaWRUb3JuZW8iOiIxIiwiaWRDbHVibG9jYWwiOjExMTgyLCJpZENsdWJ2aXNpdGEiOjExMTg1fQ==/informe-arbitral-guadalajara-vs-rayados-de-monterrey-jornada-6-estadio-akron-fox-sports', 'text': '1 - 0'}","{'type': 'link', 'href': 'https://www.ligafemenil.mx/cancha/club/11185/rayados-de-monterrey', 'text': ''}","{'type': 'link', 'href': 'https://www.ligafemenil.mx/cancha/estadio/1538/estadio-akron', 'text': 'Estadio AKRON'}","{'type': 'link', 'href': 'https://www.ligafemenil.mx/cancha/mxm/134019/eyJpZERpdmlzaW9uIjoiMTQiLCJpZFRlbXBvcmFkYSI6Ijc0IiwiaWRUb3JuZW8iOiIxIiwiaWRDbHVibG9jYWwiOiIxMTE4MiIsImlkQ2x1YnZpc2l0YSI6IjExMTg1IiwiaWRQYXJ0aWRvIjoiMTM0MDE5IiwicGVzdGFuYSI6IjEifQ==/minuto-a-minuto-guadalajara-vs-rayados-de-monterrey-jornada-6-estadio-akron-fox-sports', 'text': ''}","{'type': 'link', 'href': 'https://www.ligafemenil.mx/cancha/mxm/134019/eyJpZERpdmlzaW9uIjoiMTQiLCJpZFRlbXBvcmFkYSI6Ijc0IiwiaWRUb3JuZW8iOiIxIiwiaWRDbHVibG9jYWwiOiIxMTE4MiIsImlkQ2x1YnZpc2l0YSI6IjExMTg1IiwiaWRQYXJ0aWRvIjoiMTM0MDE5IiwicGVzdGFuYSI6IjMifQ==/minuto-a-minuto-guadalajara-vs-rayados-de-monterrey-jornada-6-estadio-akron-fox-sports', 'text': ''}","{'type': 'link', 'href': 'https://www.ligafemenil.mx/cancha/informeArbitral/134019/eyJpZERpdmlzaW9uIjoiMTQiLCJpZFRlbXBvcmFkYSI6Ijc0IiwiaWRUb3JuZW8iOiIxIiwiaWRDbHVibG9jYWwiOiIxMTE4MiIsImlkQ2x1YnZpc2l0YSI6IjExMTg1In0=/informe-arbitral-guadalajara-vs-rayados-de-monterrey-jornada-6-estadio-akron-fox-sports', 'text': ''}","{'type': 'link', 'href': 'https://www.ligafemenil.mx/cancha/mxm/134019/eyJpZERpdmlzaW9uIjoiMTQiLCJpZFRlbXBvcmFkYSI6Ijc0IiwiaWRUb3JuZW8iOiIxIiwiaWRDbHVibG9jYWwiOiIxMTE4MiIsImlkQ2x1YnZpc2l0YSI6IjExMTg1IiwiaWRQYXJ0aWRvIjoiMTM0MDE5IiwicGVzdGFuYSI6IjQifQ==/minuto-a-minuto-guadalajara-vs-rayados-de-monterrey-jornada-6-estadio-akron-fox-sports', 'text': ''}","{'type': 'link', 'href': 'https://www.ligafemenil.mx/cancha/galeria/MTM0MDE5LzYvNzQvMS8xNA==/guadalajara-vs-rayados-de-monterrey', 'text': ''}","{'type': 'link', 'href': 'https://www.ligafemenil.mx/cancha/playlist/134019/guadalajara-vs-rayados-de-monterrey', 'text': ''}"
2023-2024,Apertura,"{'type': 'text', 'value': 'Viernes 18 de Agosto de 2023\nTemporada 2023-2024\nTorneo Apertura\nJornada 6\n18 Agosto 2023 - 19:00 hrs.'}","{'type': 'link', 'href': 'https://www.ligafemenil.mx/cancha/club/11191/america', 'text': ''}","{'type': 'link', 'href': 'https://www.ligafemenil.mx/cancha/informeArbitral/134020/eyJpZERpdmlzaW9uIjoiMTQiLCJpZFRlbXBvcmFkYSI6Ijc0IiwiaWRUb3JuZW8iOiIxIiwiaWRDbHVibG9jYWwiOjExMTkxLCJpZENsdWJ2aXNpdGEiOjExMTgxfQ==/informe-arbitral-america-vs-cruz-azul-jornada-6-estadio-azteca-vix', 'text': '4 - 0'}","{'type': 'link', 'href': 'https://www.ligafemenil.mx/cancha/club/11181/cruz-azul', 'text': ''}","{'type': 'link', 'href': 'https://www.ligafemenil.mx/cancha/estadio/1/estadio-azteca', 'text': 'Azteca'}","{'type': 'link', 'href': 'https://www.ligafemenil.mx/cancha/mxm/134020/eyJpZERpdmlzaW9uIjoiMTQiLCJpZFRlbXBvcmFkYSI6Ijc0IiwiaWRUb3JuZW8iOiIxIiwiaWRDbHVibG9jYWwiOiIxMTE5MSIsImlkQ2x1YnZpc2l0YSI6IjExMTgxIiwiaWRQYXJ0aWRvIjoiMTM0MDIwIiwicGVzdGFuYSI6IjEifQ==/minuto-a-minuto-america-vs-cruz-azul-jornada-6-estadio-azteca-vix', 'text': ''}","{'type': 'link', 'href': 'https://www.ligafemenil.mx/cancha/mxm/134020/eyJpZERpdmlzaW9uIjoiMTQiLCJpZFRlbXBvcmFkYSI6Ijc0IiwiaWRUb3JuZW8iOiIxIiwiaWRDbHVibG9jYWwiOiIxMTE5MSIsImlkQ2x1YnZpc2l0YSI6IjExMTgxIiwiaWRQYXJ0aWRvIjoiMTM0MDIwIiwicGVzdGFuYSI6IjMifQ==/minuto-a-minuto-america-vs-cruz-azul-jornada-6-estadio-azteca-vix', 'text': ''}","{'type': 'link', 'href': 'https://www.ligafemenil.mx/cancha/informeArbitral/134020/eyJpZERpdmlzaW9uIjoiMTQiLCJpZFRlbXBvcmFkYSI6Ijc0IiwiaWRUb3JuZW8iOiIxIiwiaWRDbHVibG9jYWwiOiIxMTE5MSIsImlkQ2x1YnZpc2l0YSI6IjExMTgxIn0=/informe-arbitral-america-vs-cruz-azul-jornada-6-estadio-azteca-vix', 'text': ''}","{'type': 'link', 'href': 'https://www.ligafemenil.mx/cancha/mxm/134020/eyJpZERpdmlzaW9uIjoiMTQiLCJpZFRlbXBvcmFkYSI6Ijc0IiwiaWRUb3JuZW8iOiIxIiwiaWRDbHVibG9jYWwiOiIxMTE5MSIsImlkQ2x1YnZpc2l0YSI6IjExMTgxIiwiaWRQYXJ0aWRvIjoiMTM0MDIwIiwicGVzdGFuYSI6IjQifQ==/minuto-a-minuto-america-vs-cruz-azul-jornada-6-estadio-azteca-vix', 'text': ''}","{'type': 'link', 'href': 'https://www.ligafemenil.mx/cancha/galeria/MTM0MDIwLzYvNzQvMS8xNA==/america-vs-cruz-azul', 'text': ''}","{'type': 'link', 'href': 'https://www.ligafemenil.mx/cancha/playlist/134020/america-vs-cruz-azul', 'text': ''}"
2023-2024,Apertura,"{'type': 'text', 'value': 'Domingo 20 de Agosto de 2023\nTemporada 2023-2024\nTorneo Apertura\nJornada 7\n20 Agosto 2023 - 12:00 hrs.'}","{'type': 'link', 'href': 'https://www.ligafemenil.mx/cancha/club/11543/puebla-fc', 'text': ''}","{'type': 'link', 'href': 'https://www.ligafemenil.mx/cancha/informeArbitral/134023/eyJpZERpdmlzaW9uIjoiMTQiLCJpZFRlbXBvcmFkYSI6Ijc0IiwiaWRUb3JuZW8iOiIxIiwiaWRDbHVibG9jYWwiOjExNTQzLCJpZENsdWJ2aXNpdGEiOjExMTg0fQ==/informe-arbitral-puebla-fc-vs-pachuca-jornada-7-estadio-cuauhtemoc-fox-sports', 'text': '4 - 3'}","{'type': 'link', 'href': 'https://www.ligafemenil.mx/cancha/club/11184/pachuca', 'text': ''}","{'type': 'link', 'href': 'https://www.ligafemenil.mx/cancha/estadio/9/estadio-cuauhtemoc', 'text': 'Cuauhtémoc'}","{'type': 'link', 'href': 'https://www.ligafemenil.mx/cancha/mxm/134023/eyJpZERpdmlzaW9uIjoiMTQiLCJpZFRlbXBvcmFkYSI6Ijc0IiwiaWRUb3JuZW8iOiIxIiwiaWRDbHVibG9jYWwiOiIxMTU0MyIsImlkQ2x1YnZpc2l0YSI6IjExMTg0IiwiaWRQYXJ0aWRvIjoiMTM0MDIzIiwicGVzdGFuYSI6IjEifQ==/minuto-a-minuto-puebla-fc-vs-pachuca-jornada-7-estadio-cuauhtemoc-fox-sports', 'text': ''}","{'type': 'link', 'href': 'https://www.ligafemenil.mx/cancha/mxm/134023/eyJpZERpdmlzaW9uIjoiMTQiLCJpZFRlbXBvcmFkYSI6Ijc0IiwiaWRUb3JuZW8iOiIxIiwiaWRDbHVibG9jYWwiOiIxMTU0MyIsImlkQ2x1YnZpc2l0YSI6IjExMTg0IiwiaWRQYXJ0aWRvIjoiMTM0MDIzIiwicGVzdGFuYSI6IjMifQ==/minuto-a-minuto-puebla-fc-vs-pachuca-jornada-7-estadio-cuauhtemoc-fox-sports', 'text': ''}","{'type': 'link', 'href': 'https://www.ligafemenil.mx/cancha/informeArbitral/134023/eyJpZERpdmlzaW9uIjoiMTQiLCJpZFRlbXBvcmFkYSI6Ijc0IiwiaWRUb3JuZW8iOiIxIiwiaWRDbHVibG9jYWwiOiIxMTU0MyIsImlkQ2x1YnZpc2l0YSI6IjExMTg0In0=/informe-arbitral-puebla-fc-vs-pachuca-jornada-7-estadio-cuauhtemoc-fox-sports', 'text': ''}","{'type': 'link', 'href': 'https://www.ligafemenil.mx/cancha/mxm/134023/eyJpZERpdmlzaW9uIjoiMTQiLCJpZFRlbXBvcmFkYSI6Ijc0IiwiaWRUb3JuZW8iOiIxIiwiaWRDbHVibG9jYWwiOiIxMTU0MyIsImlkQ2x1YnZpc2l0YSI6IjExMTg0IiwiaWRQYXJ0aWRvIjoiMTM0MDIzIiwicGVzdGFuYSI6IjQifQ==/minuto-a-minuto-puebla-fc-vs-pachuca-jornada-7-estadio-cuauhtemoc-fox-sports', 'text': ''}","{'type': 'link', 'href': 'https://www.ligafemenil.mx/cancha/galeria/MTM0MDIzLzcvNzQvMS8xNA==/puebla-fc-vs-pachuca', 'text': ''}","{'type': 'link', 'href': 'https://www.ligafemenil.mx/cancha/playlist/134023/puebla-fc-vs-pachuca', 'text': ''}"
2023-2024,Apertura,"{'type': 'text', 'value': 'Domingo 20 de Agosto de 2023\nTemporada 2023-2024\nTorneo Apertura\nJornada 7\n20 Agosto 2023 - 20:10 hrs.'}","{'type': 'link', 'href': 'https://www.ligafemenil.mx/cancha/club/11180/tijuana', 'text': ''}","{'type': 'link', 'href': 'https://www.ligafemenil.mx/cancha/informeArbitral/134024/eyJpZERpdmlzaW9uIjoiMTQiLCJpZFRlbXBvcmFkYSI6Ijc0IiwiaWRUb3JuZW8iOiIxIiwiaWRDbHVibG9jYWwiOjExMTgwLCJpZENsdWJ2aXNpdGEiOjExMTg3fQ==/informe-arbitral-tijuana-vs-toluca-jornada-7-estadio-caliente-fox-sports', 'text': '3 - 0'}","{'type': 'link', 'href': 'https://www.ligafemenil.mx/cancha/club/11187/toluca', 'text': ''}","{'type': 'link', 'href': 'https://www.ligafemenil.mx/cancha/estadio/48/estadio-caliente', 'text': 'Caliente'}","{'type': 'link', 'href': 'https://www.ligafemenil.mx/cancha/mxm/134024/eyJpZERpdmlzaW9uIjoiMTQiLCJpZFRlbXBvcmFkYSI6Ijc0IiwiaWRUb3JuZW8iOiIxIiwiaWRDbHVibG9jYWwiOiIxMTE4MCIsImlkQ2x1YnZpc2l0YSI6IjExMTg3IiwiaWRQYXJ0aWRvIjoiMTM0MDI0IiwicGVzdGFuYSI6IjEifQ==/minuto-a-minuto-tijuana-vs-toluca-jornada-7-estadio-caliente-fox-sports', 'text': ''}","{'type': 'link', 'href': 'https://www.ligafemenil.mx/cancha/mxm/134024/eyJpZERpdmlzaW9uIjoiMTQiLCJpZFRlbXBvcmFkYSI6Ijc0IiwiaWRUb3JuZW8iOiIxIiwiaWRDbHVibG9jYWwiOiIxMTE4MCIsImlkQ2x1YnZpc2l0YSI6IjExMTg3IiwiaWRQYXJ0aWRvIjoiMTM0MDI0IiwicGVzdGFuYSI6IjMifQ==/minuto-a-minuto-tijuana-vs-toluca-jornada-7-estadio-caliente-fox-sports', 'text': ''}","{'type': 'link', 'href': 'https://www.ligafemenil.mx/cancha/informeArbitral/134024/eyJpZERpdmlzaW9uIjoiMTQiLCJpZFRlbXBvcmFkYSI6Ijc0IiwiaWRUb3JuZW8iOiIxIiwiaWRDbHVibG9jYWwiOiIxMTE4MCIsImlkQ2x1YnZpc2l0YSI6IjExMTg3In0=/informe-arbitral-tijuana-vs-toluca-jornada-7-estadio-caliente-fox-sports', 'text': ''}","{'type': 'link', 'href': 'https://www.ligafemenil.mx/cancha/mxm/134024/eyJpZERpdmlzaW9uIjoiMTQiLCJpZFRlbXBvcmFkYSI6Ijc0IiwiaWRUb3JuZW8iOiIxIiwiaWRDbHVibG9jYWwiOiIxMTE4MCIsImlkQ2x1YnZpc2l0YSI6IjExMTg3IiwiaWRQYXJ0aWRvIjoiMTM0MDI0IiwicGVzdGFuYSI6IjQifQ==/minuto-a-minuto-tijuana-vs-toluca-jornada-7-estadio-caliente-fox-sports', 'text': ''}","{'type': 'link', 'href': 'https://www.ligafemenil.mx/cancha/galeria/MTM0MDI0LzcvNzQvMS8xNA==/tijuana-vs-toluca', 'text': ''}","{'type': 'link', 'href': 'https://www.ligafemenil.mx/cancha/playlist/134024/tijuana-vs-toluca', 'text': ''}"
2023-2024,Apertura,"{'type': 'text', 'value': 'Lunes 21 de Agosto de 2023\nTemporada 2023-2024\nTorneo Apertura\nJornada 7\n21 Agosto 2023 - 15:45 hrs.'}","{'type': 'link', 'href': 'https://www.ligafemenil.mx/cancha/club/11181/cruz-azul', 'text': ''}","{'type': 'link', 'href': 'https://www.ligafemenil.mx/cancha/informeArbitral/134025/eyJpZERpdmlzaW9uIjoiMTQiLCJpZFRlbXBvcmFkYSI6Ijc0IiwiaWRUb3JuZW8iOiIxIiwiaWRDbHVibG9jYWwiOjExMTgxLCJpZENsdWJ2aXNpdGEiOjExMTgyfQ==/informe-arbitral-cruz-azul-vs-guadalajara-jornada-7-estadio-instalaciones-la-noria-vix', 'text': '1 - 5'}","{'type': 'link', 'href': 'https://www.ligafemenil.mx/cancha/club/11182/guadalajara', 'text': ''}","{'type': 'link', 'href': 'https://www.ligafemenil.mx/cancha/estadio/877/estadio-instalaciones-la-noria', 'text': 'INSTALACIONES LA NORIA'}","{'type': 'link', 'href': 'https://www.ligafemenil.mx/cancha/mxm/134025/eyJpZERpdmlzaW9uIjoiMTQiLCJpZFRlbXBvcmFkYSI6Ijc0IiwiaWRUb3JuZW8iOiIxIiwiaWRDbHVibG9jYWwiOiIxMTE4MSIsImlkQ2x1YnZpc2l0YSI6IjExMTgyIiwiaWRQYXJ0aWRvIjoiMTM0MDI1IiwicGVzdGFuYSI6IjEifQ==/minuto-a-minuto-cruz-azul-vs-guadalajara-jornada-7-estadio-instalaciones-la-noria-vix', 'text': ''}","{'type': 'link', 'href': 'https://www.ligafemenil.mx/cancha/mxm/134025/eyJpZERpdmlzaW9uIjoiMTQiLCJpZFRlbXBvcmFkYSI6Ijc0IiwiaWRUb3JuZW8iOiIxIiwiaWRDbHVibG9jYWwiOiIxMTE4MSIsImlkQ2x1YnZpc2l0YSI6IjExMTgyIiwiaWRQYXJ0aWRvIjoiMTM0MDI1IiwicGVzdGFuYSI6IjMifQ==/minuto-a-minuto-cruz-azul-vs-guadalajara-jornada-7-estadio-instalaciones-la-noria-vix', 'text': ''}","{'type': 'link', 'href': 'https://www.ligafemenil.mx/cancha/informeArbitral/134025/eyJpZERpdmlzaW9uIjoiMTQiLCJpZFRlbXBvcmFkYSI6Ijc0IiwiaWRUb3JuZW8iOiIxIiwiaWRDbHVibG9jYWwiOiIxMTE4MSIsImlkQ2x1YnZpc2l0YSI6IjExMTgyIn0=/informe-arbitral-cruz-azul-vs-guadalajara-jornada-7-estadio-instalaciones-la-noria-vix', 'text': ''}","{'type': 'link', 'href': 'https://www.ligafemenil.mx/cancha/mxm/134025/eyJpZERpdmlzaW9uIjoiMTQiLCJpZFRlbXBvcmFkYSI6Ijc0IiwiaWRUb3JuZW8iOiIxIiwiaWRDbHVibG9jYWwiOiIxMTE4MSIsImlkQ2x1YnZpc2l0YSI6IjExMTgyIiwiaWRQYXJ0aWRvIjoiMTM0MDI1IiwicGVzdGFuYSI6IjQifQ==/minuto-a-minuto-cruz-azul-vs-guadalajara-jornada-7-estadio-instalaciones-la-noria-vix', 'text': ''}","{'type': 'link', 'href': 'https://www.ligafemenil.mx/cancha/galeria/MTM0MDI1LzcvNzQvMS8xNA==/cruz-azul-vs-guadalajara', 'text': ''}","{'type': 'link', 'href': 'https://www.ligafemenil.mx/cancha/playlist/134025/cruz-azul-vs-guadalajara', 'text': ''}"
2023-2024,Apertura,"{'type': 'text', 'value': 'Lunes 21 de Agosto de 2023\nTemporada 2023-2024\nTorneo Apertura\nJornada 7\n21 Agosto 2023 - 17:00 hrs.'}","{'type': 'link', 'href': 'https://www.ligafemenil.mx/cancha/club/11188/pumas', 'text': ''}","{'type': 'link', 'href': 'https://www.ligafemenil.mx/cancha/informeArbitral/134027/eyJpZERpdmlzaW9uIjoiMTQiLCJpZFRlbXBvcmFkYSI6Ijc0IiwiaWRUb3JuZW8iOiIxIiwiaWRDbHVibG9jYWwiOjExMTg4LCJpZENsdWJ2aXNpdGEiOjEyMDUxfQ==/informe-arbitral-pumas-vs-mazatlan-fc-jornada-7-estadio-olimpico-universitario-vix', 'text': '4 - 1'}","{'type': 'link', 'href': 'https://www.ligafemenil.mx/cancha/club/12051/mazatlan-fc', 'text': ''}","{'type': 'link', 'href': 'https://www.ligafemenil.mx/cancha/estadio/7/estadio-olimpico-universitario', 'text': 'Olímpico Universitario'}","{'type': 'link', 'href': 'https://www.ligafemenil.mx/cancha/mxm/134027/eyJpZERpdmlzaW9uIjoiMTQiLCJpZFRlbXBvcmFkYSI6Ijc0IiwiaWRUb3JuZW8iOiIxIiwiaWRDbHVibG9jYWwiOiIxMTE4OCIsImlkQ2x1YnZpc2l0YSI6IjEyMDUxIiwiaWRQYXJ0aWRvIjoiMTM0MDI3IiwicGVzdGFuYSI6IjEifQ==/minuto-a-minuto-pumas-vs-mazatlan-fc-jornada-7-estadio-olimpico-universitario-vix', 'text': ''}","{'type': 'link', 'href': 'https://www.ligafemenil.mx/cancha/mxm/134027/eyJpZERpdmlzaW9uIjoiMTQiLCJpZFRlbXBvcmFkYSI6Ijc0IiwiaWRUb3JuZW8iOiIxIiwiaWRDbHVibG9jYWwiOiIxMTE4OCIsImlkQ2x1YnZpc2l0YSI6IjEyMDUxIiwiaWRQYXJ0aWRvIjoiMTM0MDI3IiwicGVzdGFuYSI6IjMifQ==/minuto-a-minuto-pumas-vs-mazatlan-fc-jornada-7-estadio-olimpico-universitario-vix', 'text': ''}","{'type': 'link', 'href': 'https://www.ligafemenil.mx/cancha/informeArbitral/134027/eyJpZERpdmlzaW9uIjoiMTQiLCJpZFRlbXBvcmFkYSI6Ijc0IiwiaWRUb3JuZW8iOiIxIiwiaWRDbHVibG9jYWwiOiIxMTE4OCIsImlkQ2x1YnZpc2l0YSI6IjEyMDUxIn0=/informe-arbitral-pumas-vs-mazatlan-fc-jornada-7-estadio-olimpico-universitario-vix', 'text': ''}","{'type': 'link', 'href': 'https://www.ligafemenil.mx/cancha/mxm/134027/eyJpZERpdmlzaW9uIjoiMTQiLCJpZFRlbXBvcmFkYSI6Ijc0IiwiaWRUb3JuZW8iOiIxIiwiaWRDbHVibG9jYWwiOiIxMTE4OCIsImlkQ2x1YnZpc2l0YSI6IjEyMDUxIiwiaWRQYXJ0aWRvIjoiMTM0MDI3IiwicGVzdGFuYSI6IjQifQ==/minuto-a-minuto-pumas-vs-mazatlan-fc-jornada-7-estadio-olimpico-universitario-vix', 'text': ''}","{'type': 'link', 'href': 'https://www.ligafemenil.mx/cancha/galeria/MTM0MDI3LzcvNzQvMS8xNA==/pumas-vs-mazatlan-fc', 'text': ''}","{'type': 'link', 'href': 'https://www.ligafemenil.mx/cancha/playlist/134027/pumas-vs-mazatlan-fc', 'text': ''}"
2023-2024,Apertura,"{'type': 'text', 'value': 'Lunes 21 de Agosto de 2023\nTemporada 2023-2024\nTorneo Apertura\nJornada 7\n21 Agosto 2023 - 19:00 hrs.'}","{'type': 'link', 'href': 'https://www.ligafemenil.mx/cancha/club/11189/necaxa', 'text': ''}","{'type': 'link', 'href': 'https://www.ligafemenil.mx/cancha/informeArbitral/134031/eyJpZERpdmlzaW9uIjoiMTQiLCJpZFRlbXBvcmFkYSI6Ijc0IiwiaWRUb3JuZW8iOiIxIiwiaWRDbHVibG9jYWwiOjExMTg5LCJpZENsdWJ2aXNpdGEiOjEyMDQyfQ==/informe-arbitral-necaxa-vs-gallos-blancos-de-queretaro-jornada-7-estadio-victoria-vix', 'text': '0 - 2'}","{'type': 'link', 'href': 'https://www.ligafemenil.mx/cancha/club/12042/gallos-blancos-de-queretaro', 'text': ''}","{'type': 'link', 'href': 'https://www.ligafemenil.mx/cancha/estadio/15/estadio-victoria', 'text': 'Victoria'}","{'type': 'link', 'href': 'https://www.ligafemenil.mx/cancha/mxm/134031/eyJpZERpdmlzaW9uIjoiMTQiLCJpZFRlbXBvcmFkYSI6Ijc0IiwiaWRUb3JuZW8iOiIxIiwiaWRDbHVibG9jYWwiOiIxMTE4OSIsImlkQ2x1YnZpc2l0YSI6IjEyMDQyIiwiaWRQYXJ0aWRvIjoiMTM0MDMxIiwicGVzdGFuYSI6IjEifQ==/minuto-a-minuto-necaxa-vs-gallos-blancos-de-queretaro-jornada-7-estadio-victoria-vix', 'text': ''}","{'type': 'link', 'href': 'https://www.ligafemenil.mx/cancha/mxm/134031/eyJpZERpdmlzaW9uIjoiMTQiLCJpZFRlbXBvcmFkYSI6Ijc0IiwiaWRUb3JuZW8iOiIxIiwiaWRDbHVibG9jYWwiOiIxMTE4OSIsImlkQ2x1YnZpc2l0YSI6IjEyMDQyIiwiaWRQYXJ0aWRvIjoiMTM0MDMxIiwicGVzdGFuYSI6IjMifQ==/minuto-a-minuto-necaxa-vs-gallos-blancos-de-queretaro-jornada-7-estadio-victoria-vix', 'text': ''}","{'type': 'link', 'href': 'https://www.ligafemenil.mx/cancha/informeArbitral/134031/eyJpZERpdmlzaW9uIjoiMTQiLCJpZFRlbXBvcmFkYSI6Ijc0IiwiaWRUb3JuZW8iOiIxIiwiaWRDbHVibG9jYWwiOiIxMTE4OSIsImlkQ2x1YnZpc2l0YSI6IjEyMDQyIn0=/informe-arbitral-necaxa-vs-gallos-blancos-de-queretaro-jornada-7-estadio-victoria-vix', 'text': ''}","{'type': 'link', 'href': 'https://www.ligafemenil.mx/cancha/mxm/134031/eyJpZERpdmlzaW9uIjoiMTQiLCJpZFRlbXBvcmFkYSI6Ijc0IiwiaWRUb3JuZW8iOiIxIiwiaWRDbHVibG9jYWwiOiIxMTE4OSIsImlkQ2x1YnZpc2l0YSI6IjEyMDQyIiwiaWRQYXJ0aWRvIjoiMTM0MDMxIiwicGVzdGFuYSI6IjQifQ==/minuto-a-minuto-necaxa-vs-gallos-blancos-de-queretaro-jornada-7-estadio-victoria-vix', 'text': ''}","{'type': 'link', 'href': 'https://www.ligafemenil.mx/cancha/galeria/MTM0MDMxLzcvNzQvMS8xNA==/necaxa-vs-gallos-blancos-de-queretaro', 'text': ''}","{'type': 'link', 'href': 'https://www.ligafemenil.mx/cancha/playlist/134031/necaxa-vs-gallos-blancos-de-queretaro', 'text': ''}"
2023-2024,Apertura,"{'type': 'text', 'value': 'Lunes 21 de Agosto de 2023\nTemporada 2023-2024\nTorneo Apertura\nJornada 7\n21 Agosto 2023 - 19:06 hrs.'}","{'type': 'link', 'href': 'https://www.ligafemenil.mx/cancha/club/11243/leon', 'text': ''}","{'type': 'link', 'href': 'https://www.ligafemenil.mx/cancha/informeArbitral/134028/eyJpZERpdmlzaW9uIjoiMTQiLCJpZFRlbXBvcmFkYSI6Ijc0IiwiaWRUb3JuZW8iOiIxIiwiaWRDbHVibG9jYWwiOjExMjQzLCJpZENsdWJ2aXNpdGEiOjExMTkxfQ==/informe-arbitral-leon-vs-america-jornada-7-estadio-nou-camp-fox-sports', 'text': '2 - 3'}","{'type': 'link', 'href': 'https://www.ligafemenil.mx/cancha/club/11191/america', 'text': ''}","{'type': 'link', 'href': 'https://www.ligafemenil.mx/cancha/estadio/23/estadio-nou-camp', 'text': 'Nou Camp'}","{'type': 'link', 'href': 'https://www.ligafemenil.mx/cancha/mxm/134028/eyJpZERpdmlzaW9uIjoiMTQiLCJpZFRlbXBvcmFkYSI6Ijc0IiwiaWRUb3JuZW8iOiIxIiwiaWRDbHVibG9jYWwiOiIxMTI0MyIsImlkQ2x1YnZpc2l0YSI6IjExMTkxIiwiaWRQYXJ0aWRvIjoiMTM0MDI4IiwicGVzdGFuYSI6IjEifQ==/minuto-a-minuto-leon-vs-america-jornada-7-estadio-nou-camp-fox-sports', 'text': ''}","{'type': 'link', 'href': 'https://www.ligafemenil.mx/cancha/mxm/134028/eyJpZERpdmlzaW9uIjoiMTQiLCJpZFRlbXBvcmFkYSI6Ijc0IiwiaWRUb3JuZW8iOiIxIiwiaWRDbHVibG9jYWwiOiIxMTI0MyIsImlkQ2x1YnZpc2l0YSI6IjExMTkxIiwiaWRQYXJ0aWRvIjoiMTM0MDI4IiwicGVzdGFuYSI6IjMifQ==/minuto-a-minuto-leon-vs-america-jornada-7-estadio-nou-camp-fox-sports', 'text': ''}","{'type': 'link', 'href': 'https://www.ligafemenil.mx/cancha/informeArbitral/134028/eyJpZERpdmlzaW9uIjoiMTQiLCJpZFRlbXBvcmFkYSI6Ijc0IiwiaWRUb3JuZW8iOiIxIiwiaWRDbHVibG9jYWwiOiIxMTI0MyIsImlkQ2x1YnZpc2l0YSI6IjExMTkxIn0=/informe-arbitral-leon-vs-america-jornada-7-estadio-nou-camp-fox-sports', 'text': ''}","{'type': 'link', 'href': 'https://www.ligafemenil.mx/cancha/mxm/134028/eyJpZERpdmlzaW9uIjoiMTQiLCJpZFRlbXBvcmFkYSI6Ijc0IiwiaWRUb3JuZW8iOiIxIiwiaWRDbHVibG9jYWwiOiIxMTI0MyIsImlkQ2x1YnZpc2l0YSI6IjExMTkxIiwiaWRQYXJ0aWRvIjoiMTM0MDI4IiwicGVzdGFuYSI6IjQifQ==/minuto-a-minuto-leon-vs-america-jornada-7-estadio-nou-camp-fox-sports', 'text': ''}","{'type': 'link', 'href': 'https://www.ligafemenil.mx/cancha/galeria/MTM0MDI4LzcvNzQvMS8xNA==/leon-vs-america', 'text': ''}","{'type': 'link', 'href': 'https://www.ligafemenil.mx/cancha/playlist/134028/leon-vs-america', 'text': ''}"
2023-2024,Apertura,"{'type': 'text', 'value': 'Lunes 21 de Agosto de 2023\nTemporada 2023-2024\nTorneo Apertura\nJornada 7\n21 Agosto 2023 - 21:00 hrs.'}","{'type': 'link', 'href': 'https://www.ligafemenil.mx/cancha/club/11185/rayados-de-monterrey', 'text': ''}","{'type': 'link', 'href': 'https://www.ligafemenil.mx/cancha/informeArbitral/134029/eyJpZERpdmlzaW9uIjoiMTQiLCJpZFRlbXBvcmFkYSI6Ijc0IiwiaWRUb3JuZW8iOiIxIiwiaWRDbHVibG9jYWwiOjExMTg1LCJpZENsdWJ2aXNpdGEiOjExNzk1fQ==/informe-arbitral-rayados-de-monterrey-vs-fc-juarez-jornada-7-estadio-bbva-vix', 'text': '2 - 2'}","{'type': 'link', 'href': 'https://www.ligafemenil.mx/cancha/club/11795/fc-juarez', 'text': ''}","{'type': 'link', 'href': 'https://www.ligafemenil.mx/cancha/estadio/1608/estadio-bbva', 'text': 'Estadio BBVA'}","{'type': 'link', 'href': 'https://www.ligafemenil.mx/cancha/mxm/134029/eyJpZERpdmlzaW9uIjoiMTQiLCJpZFRlbXBvcmFkYSI6Ijc0IiwiaWRUb3JuZW8iOiIxIiwiaWRDbHVibG9jYWwiOiIxMTE4NSIsImlkQ2x1YnZpc2l0YSI6IjExNzk1IiwiaWRQYXJ0aWRvIjoiMTM0MDI5IiwicGVzdGFuYSI6IjEifQ==/minuto-a-minuto-rayados-de-monterrey-vs-fc-juarez-jornada-7-estadio-bbva-vix', 'text': ''}","{'type': 'link', 'href': 'https://www.ligafemenil.mx/cancha/mxm/134029/eyJpZERpdmlzaW9uIjoiMTQiLCJpZFRlbXBvcmFkYSI6Ijc0IiwiaWRUb3JuZW8iOiIxIiwiaWRDbHVibG9jYWwiOiIxMTE4NSIsImlkQ2x1YnZpc2l0YSI6IjExNzk1IiwiaWRQYXJ0aWRvIjoiMTM0MDI5IiwicGVzdGFuYSI6IjMifQ==/minuto-a-minuto-rayados-de-monterrey-vs-fc-juarez-jornada-7-estadio-bbva-vix', 'text': ''}","{'type': 'link', 'href': 'https://www.ligafemenil.mx/cancha/informeArbitral/134029/eyJpZERpdmlzaW9uIjoiMTQiLCJpZFRlbXBvcmFkYSI6Ijc0IiwiaWRUb3JuZW8iOiIxIiwiaWRDbHVibG9jYWwiOiIxMTE4NSIsImlkQ2x1YnZpc2l0YSI6IjExNzk1In0=/informe-arbitral-rayados-de-monterrey-vs-fc-juarez-jornada-7-estadio-bbva-vix', 'text': ''}","{'type': 'link', 'href': 'https://www.ligafemenil.mx/cancha/mxm/134029/eyJpZERpdmlzaW9uIjoiMTQiLCJpZFRlbXBvcmFkYSI6Ijc0IiwiaWRUb3JuZW8iOiIxIiwiaWRDbHVibG9jYWwiOiIxMTE4NSIsImlkQ2x1YnZpc2l0YSI6IjExNzk1IiwiaWRQYXJ0aWRvIjoiMTM0MDI5IiwicGVzdGFuYSI6IjQifQ==/minuto-a-minuto-rayados-de-monterrey-vs-fc-juarez-jornada-7-estadio-bbva-vix', 'text': ''}","{'type': 'link', 'href': 'https://www.ligafemenil.mx/cancha/galeria/MTM0MDI5LzcvNzQvMS8xNA==/rayados-de-monterrey-vs-fc-juarez', 'text': ''}","{'type': 'link', 'href': 'https://www.ligafemenil.mx/cancha/playlist/134029/rayados-de-monterrey-vs-fc-juarez', 'text': ''}"
2023-2024,Apertura,"{'type': 'text', 'value': 'Lunes 21 de Agosto de 2023\nTemporada 2023-2024\nTorneo Apertura\nJornada 7\n21 Agosto 2023 - 21:10 hrs.'}","{'type': 'link', 'href': 'https://www.ligafemenil.mx/cancha/club/11192/santos-laguna', 'text': ''}","{'type': 'link', 'href': 'https://www.ligafemenil.mx/cancha/informeArbitral/134030/eyJpZERpdmlzaW9uIjoiMTQiLCJpZFRlbXBvcmFkYSI6Ijc0IiwiaWRUb3JuZW8iOiIxIiwiaWRDbHVibG9jYWwiOjExMTkyLCJpZENsdWJ2aXNpdGEiOjExMTg2fQ==/informe-arbitral-santos-laguna-vs-tigres-de-la-uanl-jornada-7-estadio-tsm-corona-fox-sports', 'text': '0 - 7'}","{'type': 'link', 'href': 'https://www.ligafemenil.mx/cancha/club/11186/tigres-de-la-uanl', 'text': ''}","{'type': 'link', 'href': 'https://www.ligafemenil.mx/cancha/estadio/63/estadio-tsm-corona', 'text': 'TSM Corona'}","{'type': 'link', 'href': 'https://www.ligafemenil.mx/cancha/mxm/134030/eyJpZERpdmlzaW9uIjoiMTQiLCJpZFRlbXBvcmFkYSI6Ijc0IiwiaWRUb3JuZW8iOiIxIiwiaWRDbHVibG9jYWwiOiIxMTE5MiIsImlkQ2x1YnZpc2l0YSI6IjExMTg2IiwiaWRQYXJ0aWRvIjoiMTM0MDMwIiwicGVzdGFuYSI6IjEifQ==/minuto-a-minuto-santos-laguna-vs-tigres-de-la-uanl-jornada-7-estadio-tsm-corona-fox-sports', 'text': ''}","{'type': 'link', 'href': 'https://www.ligafemenil.mx/cancha/mxm/134030/eyJpZERpdmlzaW9uIjoiMTQiLCJpZFRlbXBvcmFkYSI6Ijc0IiwiaWRUb3JuZW8iOiIxIiwiaWRDbHVibG9jYWwiOiIxMTE5MiIsImlkQ2x1YnZpc2l0YSI6IjExMTg2IiwiaWRQYXJ0aWRvIjoiMTM0MDMwIiwicGVzdGFuYSI6IjMifQ==/minuto-a-minuto-santos-laguna-vs-tigres-de-la-uanl-jornada-7-estadio-tsm-corona-fox-sports', 'text': ''}","{'type': 'link', 'href': 'https://www.ligafemenil.mx/cancha/informeArbitral/134030/eyJpZERpdmlzaW9uIjoiMTQiLCJpZFRlbXBvcmFkYSI6Ijc0IiwiaWRUb3JuZW8iOiIxIiwiaWRDbHVibG9jYWwiOiIxMTE5MiIsImlkQ2x1YnZpc2l0YSI6IjExMTg2In0=/informe-arbitral-santos-laguna-vs-tigres-de-la-uanl-jornada-7-estadio-tsm-corona-fox-sports', 'text': ''}","{'type': 'link', 'href': 'https://www.ligafemenil.mx/cancha/mxm/134030/eyJpZERpdmlzaW9uIjoiMTQiLCJpZFRlbXBvcmFkYSI6Ijc0IiwiaWRUb3JuZW8iOiIxIiwiaWRDbHVibG9jYWwiOiIxMTE5MiIsImlkQ2x1YnZpc2l0YSI6IjExMTg2IiwiaWRQYXJ0aWRvIjoiMTM0MDMwIiwicGVzdGFuYSI6IjQifQ==/minuto-a-minuto-santos-laguna-vs-tigres-de-la-uanl-jornada-7-estadio-tsm-corona-fox-sports', 'text': ''}","{'type': 'link', 'href': 'https://www.ligafemenil.mx/cancha/galeria/MTM0MDMwLzcvNzQvMS8xNA==/santos-laguna-vs-tigres-de-la-uanl', 'text': ''}","{'type': 'link', 'href': 'https://www.ligafemenil.mx/cancha/playlist/134030/santos-laguna-vs-tigres-de-la-uanl', 'text': ''}"
2023-2024,Apertura,"{'type': 'text', 'value': 'Viernes 25 de Agosto de 2023\nTemporada 2023-2024\nTorneo Apertura\nJornada 8\n25 Agosto 2023 - 19:00 hrs.'}","{'type': 'link', 'href': 'https://www.ligafemenil.mx/cancha/club/11186/tigres-de-la-uanl', 'text': ''}","{'type': 'link', 'href': 'https://www.ligafemenil.mx/cancha/informeArbitral/134032/eyJpZERpdmlzaW9uIjoiMTQiLCJpZFRlbXBvcmFkYSI6Ijc0IiwiaWRUb3JuZW8iOiIxIiwiaWRDbHVibG9jYWwiOjExMTg2LCJpZENsdWJ2aXNpdGEiOjExMjQ1fQ==/informe-arbitral-tigres-de-la-uanl-vs-atlas-jornada-8-estadio-universitario-vix', 'text': '2 - 0'}","{'type': 'link', 'href': 'https://www.ligafemenil.mx/cancha/club/11245/atlas', 'text': ''}","{'type': 'link', 'href': 'https://www.ligafemenil.mx/cancha/estadio/12/estadio-universitario', 'text': 'Universitario'}","{'type': 'link', 'href': 'https://www.ligafemenil.mx/cancha/mxm/134032/eyJpZERpdmlzaW9uIjoiMTQiLCJpZFRlbXBvcmFkYSI6Ijc0IiwiaWRUb3JuZW8iOiIxIiwiaWRDbHVibG9jYWwiOiIxMTE4NiIsImlkQ2x1YnZpc2l0YSI6IjExMjQ1IiwiaWRQYXJ0aWRvIjoiMTM0MDMyIiwicGVzdGFuYSI6IjEifQ==/minuto-a-minuto-tigres-de-la-uanl-vs-atlas-jornada-8-estadio-universitario-vix', 'text': ''}","{'type': 'link', 'href': 'https://www.ligafemenil.mx/cancha/mxm/134032/eyJpZERpdmlzaW9uIjoiMTQiLCJpZFRlbXBvcmFkYSI6Ijc0IiwiaWRUb3JuZW8iOiIxIiwiaWRDbHVibG9jYWwiOiIxMTE4NiIsImlkQ2x1YnZpc2l0YSI6IjExMjQ1IiwiaWRQYXJ0aWRvIjoiMTM0MDMyIiwicGVzdGFuYSI6IjMifQ==/minuto-a-minuto-tigres-de-la-uanl-vs-atlas-jornada-8-estadio-universitario-vix', 'text': ''}","{'type': 'link', 'href': 'https://www.ligafemenil.mx/cancha/informeArbitral/134032/eyJpZERpdmlzaW9uIjoiMTQiLCJpZFRlbXBvcmFkYSI6Ijc0IiwiaWRUb3JuZW8iOiIxIiwiaWRDbHVibG9jYWwiOiIxMTE4NiIsImlkQ2x1YnZpc2l0YSI6IjExMjQ1In0=/informe-arbitral-tigres-de-la-uanl-vs-atlas-jornada-8-estadio-universitario-vix', 'text': ''}","{'type': 'link', 'href': 'https://www.ligafemenil.mx/cancha/mxm/134032/eyJpZERpdmlzaW9uIjoiMTQiLCJpZFRlbXBvcmFkYSI6Ijc0IiwiaWRUb3JuZW8iOiIxIiwiaWRDbHVibG9jYWwiOiIxMTE4NiIsImlkQ2x1YnZpc2l0YSI6IjExMjQ1IiwiaWRQYXJ0aWRvIjoiMTM0MDMyIiwicGVzdGFuYSI6IjQifQ==/minuto-a-minuto-tigres-de-la-uanl-vs-atlas-jornada-8-estadio-universitario-vix', 'text': ''}","{'type': 'link', 'href': 'https://www.ligafemenil.mx/cancha/galeria/MTM0MDMyLzgvNzQvMS8xNA==/tigres-de-la-uanl-vs-atlas', 'text': ''}","{'type': 'link', 'href': 'https://www.ligafemenil.mx/cancha/playlist/134032/tigres-de-la-uanl-vs-atlas', 'text': ''}"
2023-2024,Apertura,"{'type': 'text', 'value': 'Viernes 25 de Agosto de 2023\nTemporada 2023-2024\nTorneo Apertura\nJornada 8\n25 Agosto 2023 - 18:06 hrs.'}","{'type': 'link', 'href': 'https://www.ligafemenil.mx/cancha/club/12051/mazatlan-fc', 'text': ''}","{'type': 'link', 'href': 'https://www.ligafemenil.mx/cancha/informeArbitral/134038/eyJpZERpdmlzaW9uIjoiMTQiLCJpZFRlbXBvcmFkYSI6Ijc0IiwiaWRUb3JuZW8iOiIxIiwiaWRDbHVibG9jYWwiOjEyMDUxLCJpZENsdWJ2aXNpdGEiOjExMTkxfQ==/informe-arbitral-mazatlan-fc-vs-america-jornada-8-estadio-mazatlan-fox-sports', 'text': '1 - 3'}","{'type': 'link', 'href': 'https://www.ligafemenil.mx/cancha/club/11191/america', 'text': ''}","{'type': 'link', 'href': 'https://www.ligafemenil.mx/cancha/estadio/1697/estadio-mazatlan', 'text': 'Estadio Mazatlán'}","{'type': 'link', 'href': 'https://www.ligafemenil.mx/cancha/mxm/134038/eyJpZERpdmlzaW9uIjoiMTQiLCJpZFRlbXBvcmFkYSI6Ijc0IiwiaWRUb3JuZW8iOiIxIiwiaWRDbHVibG9jYWwiOiIxMjA1MSIsImlkQ2x1YnZpc2l0YSI6IjExMTkxIiwiaWRQYXJ0aWRvIjoiMTM0MDM4IiwicGVzdGFuYSI6IjEifQ==/minuto-a-minuto-mazatlan-fc-vs-america-jornada-8-estadio-mazatlan-fox-sports', 'text': ''}","{'type': 'link', 'href': 'https://www.ligafemenil.mx/cancha/mxm/134038/eyJpZERpdmlzaW9uIjoiMTQiLCJpZFRlbXBvcmFkYSI6Ijc0IiwiaWRUb3JuZW8iOiIxIiwiaWRDbHVibG9jYWwiOiIxMjA1MSIsImlkQ2x1YnZpc2l0YSI6IjExMTkxIiwiaWRQYXJ0aWRvIjoiMTM0MDM4IiwicGVzdGFuYSI6IjMifQ==/minuto-a-minuto-mazatlan-fc-vs-america-jornada-8-estadio-mazatlan-fox-sports', 'text': ''}","{'type': 'link', 'href': 'https://www.ligafemenil.mx/cancha/informeArbitral/134038/eyJpZERpdmlzaW9uIjoiMTQiLCJpZFRlbXBvcmFkYSI6Ijc0IiwiaWRUb3JuZW8iOiIxIiwiaWRDbHVibG9jYWwiOiIxMjA1MSIsImlkQ2x1YnZpc2l0YSI6IjExMTkxIn0=/informe-arbitral-mazatlan-fc-vs-america-jornada-8-estadio-mazatlan-fox-sports', 'text': ''}","{'type': 'link', 'href': 'https://www.ligafemenil.mx/cancha/mxm/134038/eyJpZERpdmlzaW9uIjoiMTQiLCJpZFRlbXBvcmFkYSI6Ijc0IiwiaWRUb3JuZW8iOiIxIiwiaWRDbHVibG9jYWwiOiIxMjA1MSIsImlkQ2x1YnZpc2l0YSI6IjExMTkxIiwiaWRQYXJ0aWRvIjoiMTM0MDM4IiwicGVzdGFuYSI6IjQifQ==/minuto-a-minuto-mazatlan-fc-vs-america-jornada-8-estadio-mazatlan-fox-sports', 'text': ''}","{'type': 'link', 'href': 'https://www.ligafemenil.mx/cancha/galeria/MTM0MDM4LzgvNzQvMS8xNA==/mazatlan-fc-vs-america', 'text': ''}","{'type': 'link', 'href': 'https://www.ligafemenil.mx/cancha/playlist/134038/mazatlan-fc-vs-america', 'text': ''}"
2023-2024,Apertura,"{'type': 'text', 'value': 'Viernes 25 de Agosto de 2023\nTemporada 2023-2024\nTorneo Apertura\nJornada 8\n25 Agosto 2023 - 21:00 hrs.'}","{'type': 'link', 'href': 'https://www.ligafemenil.mx/cancha/club/11185/rayados-de-monterrey', 'text': ''}","{'type': 'link', 'href': 'https://www.ligafemenil.mx/cancha/informeArbitral/134034/eyJpZERpdmlzaW9uIjoiMTQiLCJpZFRlbXBvcmFkYSI6Ijc0IiwiaWRUb3JuZW8iOiIxIiwiaWRDbHVibG9jYWwiOjExMTg1LCJpZENsdWJ2aXNpdGEiOjExMTg4fQ==/informe-arbitral-rayados-de-monterrey-vs-pumas-jornada-8-estadio-bbva-vix', 'text': '0 - 0'}","{'type': 'link', 'href': 'https://www.ligafemenil.mx/cancha/club/11188/pumas', 'text': ''}","{'type': 'link', 'href': 'https://www.ligafemenil.mx/cancha/estadio/1608/estadio-bbva', 'text': 'Estadio BBVA'}","{'type': 'link', 'href': 'https://www.ligafemenil.mx/cancha/mxm/134034/eyJpZERpdmlzaW9uIjoiMTQiLCJpZFRlbXBvcmFkYSI6Ijc0IiwiaWRUb3JuZW8iOiIxIiwiaWRDbHVibG9jYWwiOiIxMTE4NSIsImlkQ2x1YnZpc2l0YSI6IjExMTg4IiwiaWRQYXJ0aWRvIjoiMTM0MDM0IiwicGVzdGFuYSI6IjEifQ==/minuto-a-minuto-rayados-de-monterrey-vs-pumas-jornada-8-estadio-bbva-vix', 'text': ''}","{'type': 'link', 'href': 'https://www.ligafemenil.mx/cancha/mxm/134034/eyJpZERpdmlzaW9uIjoiMTQiLCJpZFRlbXBvcmFkYSI6Ijc0IiwiaWRUb3JuZW8iOiIxIiwiaWRDbHVibG9jYWwiOiIxMTE4NSIsImlkQ2x1YnZpc2l0YSI6IjExMTg4IiwiaWRQYXJ0aWRvIjoiMTM0MDM0IiwicGVzdGFuYSI6IjMifQ==/minuto-a-minuto-rayados-de-monterrey-vs-pumas-jornada-8-estadio-bbva-vix', 'text': ''}","{'type': 'link', 'href': 'https://www.ligafemenil.mx/cancha/informeArbitral/134034/eyJpZERpdmlzaW9uIjoiMTQiLCJpZFRlbXBvcmFkYSI6Ijc0IiwiaWRUb3JuZW8iOiIxIiwiaWRDbHVibG9jYWwiOiIxMTE4NSIsImlkQ2x1YnZpc2l0YSI6IjExMTg4In0=/informe-arbitral-rayados-de-monterrey-vs-pumas-jornada-8-estadio-bbva-vix', 'text': ''}","{'type': 'link', 'href': 'https://www.ligafemenil.mx/cancha/mxm/134034/eyJpZERpdmlzaW9uIjoiMTQiLCJpZFRlbXBvcmFkYSI6Ijc0IiwiaWRUb3JuZW8iOiIxIiwiaWRDbHVibG9jYWwiOiIxMTE4NSIsImlkQ2x1YnZpc2l0YSI6IjExMTg4IiwiaWRQYXJ0aWRvIjoiMTM0MDM0IiwicGVzdGFuYSI6IjQifQ==/minuto-a-minuto-rayados-de-monterrey-vs-pumas-jornada-8-estadio-bbva-vix', 'text': ''}","{'type': 'link', 'href': 'https://www.ligafemenil.mx/cancha/galeria/MTM0MDM0LzgvNzQvMS8xNA==/rayados-de-monterrey-vs-pumas', 'text': ''}","{'type': 'link', 'href': 'https://www.ligafemenil.mx/cancha/playlist/134034/rayados-de-monterrey-vs-pumas', 'text': ''}"
2023-2024,Apertura,"{'type': 'text', 'value': 'Viernes 25 de Agosto de 2023\nTemporada 2023-2024\nTorneo Apertura\nJornada 8\n25 Agosto 2023 - 21:10 hrs.'}","{'type': 'link', 'href': 'https://www.ligafemenil.mx/cancha/club/11795/fc-juarez', 'text': ''}","{'type': 'link', 'href': 'https://www.ligafemenil.mx/cancha/informeArbitral/134033/eyJpZERpdmlzaW9uIjoiMTQiLCJpZFRlbXBvcmFkYSI6Ijc0IiwiaWRUb3JuZW8iOiIxIiwiaWRDbHVibG9jYWwiOjExNzk1LCJpZENsdWJ2aXNpdGEiOjExMTg0fQ==/informe-arbitral-fc-juarez-vs-pachuca-jornada-8-estadio-olimpico-benito-juarez-fox-sports', 'text': '1 - 1'}","{'type': 'link', 'href': 'https://www.ligafemenil.mx/cancha/club/11184/pachuca', 'text': ''}","{'type': 'link', 'href': 'https://www.ligafemenil.mx/cancha/estadio/17/estadio-olimpico-benito-juarez', 'text': 'Olímpico Benito Juárez'}","{'type': 'link', 'href': 'https://www.ligafemenil.mx/cancha/mxm/134033/eyJpZERpdmlzaW9uIjoiMTQiLCJpZFRlbXBvcmFkYSI6Ijc0IiwiaWRUb3JuZW8iOiIxIiwiaWRDbHVibG9jYWwiOiIxMTc5NSIsImlkQ2x1YnZpc2l0YSI6IjExMTg0IiwiaWRQYXJ0aWRvIjoiMTM0MDMzIiwicGVzdGFuYSI6IjEifQ==/minuto-a-minuto-fc-juarez-vs-pachuca-jornada-8-estadio-olimpico-benito-juarez-fox-sports', 'text': ''}","{'type': 'link', 'href': 'https://www.ligafemenil.mx/cancha/mxm/134033/eyJpZERpdmlzaW9uIjoiMTQiLCJpZFRlbXBvcmFkYSI6Ijc0IiwiaWRUb3JuZW8iOiIxIiwiaWRDbHVibG9jYWwiOiIxMTc5NSIsImlkQ2x1YnZpc2l0YSI6IjExMTg0IiwiaWRQYXJ0aWRvIjoiMTM0MDMzIiwicGVzdGFuYSI6IjMifQ==/minuto-a-minuto-fc-juarez-vs-pachuca-jornada-8-estadio-olimpico-benito-juarez-fox-sports', 'text': ''}","{'type': 'link', 'href': 'https://www.ligafemenil.mx/cancha/informeArbitral/134033/eyJpZERpdmlzaW9uIjoiMTQiLCJpZFRlbXBvcmFkYSI6Ijc0IiwiaWRUb3JuZW8iOiIxIiwiaWRDbHVibG9jYWwiOiIxMTc5NSIsImlkQ2x1YnZpc2l0YSI6IjExMTg0In0=/informe-arbitral-fc-juarez-vs-pachuca-jornada-8-estadio-olimpico-benito-juarez-fox-sports', 'text': ''}","{'type': 'link', 'href': 'https://www.ligafemenil.mx/cancha/mxm/134033/eyJpZERpdmlzaW9uIjoiMTQiLCJpZFRlbXBvcmFkYSI6Ijc0IiwiaWRUb3JuZW8iOiIxIiwiaWRDbHVibG9jYWwiOiIxMTc5NSIsImlkQ2x1YnZpc2l0YSI6IjExMTg0IiwiaWRQYXJ0aWRvIjoiMTM0MDMzIiwicGVzdGFuYSI6IjQifQ==/minuto-a-minuto-fc-juarez-vs-pachuca-jornada-8-estadio-olimpico-benito-juarez-fox-sports', 'text': ''}","{'type': 'link', 'href': 'https://www.ligafemenil.mx/cancha/galeria/MTM0MDMzLzgvNzQvMS8xNA==/fc-juarez-vs-pachuca', 'text': ''}","{'type': 'link', 'href': 'https://www.ligafemenil.mx/cancha/playlist/134033/fc-juarez-vs-pachuca', 'text': ''}"
2023-2024,Apertura,"{'type': 'text', 'value': 'Sábado 26 de Agosto de 2023\nTemporada 2023-2024\nTorneo Apertura\nJornada 8\n26 Agosto 2023 - 12:00 hrs.'}","{'type': 'link', 'href': 'https://www.ligafemenil.mx/cancha/club/11181/cruz-azul', 'text': ''}","{'type': 'link', 'href': 'https://www.ligafemenil.mx/cancha/informeArbitral/134035/eyJpZERpdmlzaW9uIjoiMTQiLCJpZFRlbXBvcmFkYSI6Ijc0IiwiaWRUb3JuZW8iOiIxIiwiaWRDbHVibG9jYWwiOjExMTgxLCJpZENsdWJ2aXNpdGEiOjEyMDQyfQ==/informe-arbitral-cruz-azul-vs-gallos-blancos-de-queretaro-jornada-8-estadio-instalaciones-la-noria-vix', 'text': '2 - 1'}","{'type': 'link', 'href': 'https://www.ligafemenil.mx/cancha/club/12042/gallos-blancos-de-queretaro', 'text': ''}","{'type': 'link', 'href': 'https://www.ligafemenil.mx/cancha/estadio/877/estadio-instalaciones-la-noria', 'text': 'INSTALACIONES LA NORIA'}","{'type': 'link', 'href': 'https://www.ligafemenil.mx/cancha/mxm/134035/eyJpZERpdmlzaW9uIjoiMTQiLCJpZFRlbXBvcmFkYSI6Ijc0IiwiaWRUb3JuZW8iOiIxIiwiaWRDbHVibG9jYWwiOiIxMTE4MSIsImlkQ2x1YnZpc2l0YSI6IjEyMDQyIiwiaWRQYXJ0aWRvIjoiMTM0MDM1IiwicGVzdGFuYSI6IjEifQ==/minuto-a-minuto-cruz-azul-vs-gallos-blancos-de-queretaro-jornada-8-estadio-instalaciones-la-noria-vix', 'text': ''}","{'type': 'link', 'href': 'https://www.ligafemenil.mx/cancha/mxm/134035/eyJpZERpdmlzaW9uIjoiMTQiLCJpZFRlbXBvcmFkYSI6Ijc0IiwiaWRUb3JuZW8iOiIxIiwiaWRDbHVibG9jYWwiOiIxMTE4MSIsImlkQ2x1YnZpc2l0YSI6IjEyMDQyIiwiaWRQYXJ0aWRvIjoiMTM0MDM1IiwicGVzdGFuYSI6IjMifQ==/minuto-a-minuto-cruz-azul-vs-gallos-blancos-de-queretaro-jornada-8-estadio-instalaciones-la-noria-vix', 'text': ''}","{'type': 'link', 'href': 'https://www.ligafemenil.mx/cancha/informeArbitral/134035/eyJpZERpdmlzaW9uIjoiMTQiLCJpZFRlbXBvcmFkYSI6Ijc0IiwiaWRUb3JuZW8iOiIxIiwiaWRDbHVibG9jYWwiOiIxMTE4MSIsImlkQ2x1YnZpc2l0YSI6IjEyMDQyIn0=/informe-arbitral-cruz-azul-vs-gallos-blancos-de-queretaro-jornada-8-estadio-instalaciones-la-noria-vix', 'text': ''}","{'type': 'link', 'href': 'https://www.ligafemenil.mx/cancha/mxm/134035/eyJpZERpdmlzaW9uIjoiMTQiLCJpZFRlbXBvcmFkYSI6Ijc0IiwiaWRUb3JuZW8iOiIxIiwiaWRDbHVibG9jYWwiOiIxMTE4MSIsImlkQ2x1YnZpc2l0YSI6IjEyMDQyIiwiaWRQYXJ0aWRvIjoiMTM0MDM1IiwicGVzdGFuYSI6IjQifQ==/minuto-a-minuto-cruz-azul-vs-gallos-blancos-de-queretaro-jornada-8-estadio-instalaciones-la-noria-vix', 'text': ''}","{'type': 'link', 'href': 'https://www.ligafemenil.mx/cancha/galeria/MTM0MDM1LzgvNzQvMS8xNA==/cruz-azul-vs-gallos-blancos-de-queretaro', 'text': ''}","{'type': 'link', 'href': 'https://www.ligafemenil.mx/cancha/playlist/134035/cruz-azul-vs-gallos-blancos-de-queretaro', 'text': ''}"
2023-2024,Apertura,"{'type': 'text', 'value': 'Domingo 27 de Agosto de 2023\nTemporada 2023-2024\nTorneo Apertura\nJornada 8\n27 Agosto 2023 - 17:00 hrs.'}","{'type': 'link', 'href': 'https://www.ligafemenil.mx/cancha/club/11778/club-atletico-de-san-luis', 'text': ''}","{'type': 'link', 'href': 'https://www.ligafemenil.mx/cancha/informeArbitral/134036/eyJpZERpdmlzaW9uIjoiMTQiLCJpZFRlbXBvcmFkYSI6Ijc0IiwiaWRUb3JuZW8iOiIxIiwiaWRDbHVibG9jYWwiOjExNzc4LCJpZENsdWJ2aXNpdGEiOjExMTgyfQ==/informe-arbitral-club-atletico-de-san-luis-vs-guadalajara-jornada-8-estadio-alfonso-lastras-ramirez-espn', 'text': '1 - 1'}","{'type': 'link', 'href': 'https://www.ligafemenil.mx/cancha/club/11182/guadalajara', 'text': ''}","{'type': 'link', 'href': 'https://www.ligafemenil.mx/cancha/estadio/14/estadio-alfonso-lastras-ramirez', 'text': 'Alfonso Lastras Ramírez'}","{'type': 'link', 'href': 'https://www.ligafemenil.mx/cancha/mxm/134036/eyJpZERpdmlzaW9uIjoiMTQiLCJpZFRlbXBvcmFkYSI6Ijc0IiwiaWRUb3JuZW8iOiIxIiwiaWRDbHVibG9jYWwiOiIxMTc3OCIsImlkQ2x1YnZpc2l0YSI6IjExMTgyIiwiaWRQYXJ0aWRvIjoiMTM0MDM2IiwicGVzdGFuYSI6IjEifQ==/minuto-a-minuto-club-atletico-de-san-luis-vs-guadalajara-jornada-8-estadio-alfonso-lastras-ramirez-espn', 'text': ''}","{'type': 'link', 'href': 'https://www.ligafemenil.mx/cancha/mxm/134036/eyJpZERpdmlzaW9uIjoiMTQiLCJpZFRlbXBvcmFkYSI6Ijc0IiwiaWRUb3JuZW8iOiIxIiwiaWRDbHVibG9jYWwiOiIxMTc3OCIsImlkQ2x1YnZpc2l0YSI6IjExMTgyIiwiaWRQYXJ0aWRvIjoiMTM0MDM2IiwicGVzdGFuYSI6IjMifQ==/minuto-a-minuto-club-atletico-de-san-luis-vs-guadalajara-jornada-8-estadio-alfonso-lastras-ramirez-espn', 'text': ''}","{'type': 'link', 'href': 'https://www.ligafemenil.mx/cancha/informeArbitral/134036/eyJpZERpdmlzaW9uIjoiMTQiLCJpZFRlbXBvcmFkYSI6Ijc0IiwiaWRUb3JuZW8iOiIxIiwiaWRDbHVibG9jYWwiOiIxMTc3OCIsImlkQ2x1YnZpc2l0YSI6IjExMTgyIn0=/informe-arbitral-club-atletico-de-san-luis-vs-guadalajara-jornada-8-estadio-alfonso-lastras-ramirez-espn', 'text': ''}","{'type': 'link', 'href': 'https://www.ligafemenil.mx/cancha/mxm/134036/eyJpZERpdmlzaW9uIjoiMTQiLCJpZFRlbXBvcmFkYSI6Ijc0IiwiaWRUb3JuZW8iOiIxIiwiaWRDbHVibG9jYWwiOiIxMTc3OCIsImlkQ2x1YnZpc2l0YSI6IjExMTgyIiwiaWRQYXJ0aWRvIjoiMTM0MDM2IiwicGVzdGFuYSI6IjQifQ==/minuto-a-minuto-club-atletico-de-san-luis-vs-guadalajara-jornada-8-estadio-alfonso-lastras-ramirez-espn', 'text': ''}","{'type': 'link', 'href': 'https://www.ligafemenil.mx/cancha/galeria/MTM0MDM2LzgvNzQvMS8xNA==/club-atletico-de-san-luis-vs-guadalajara', 'text': ''}","{'type': 'link', 'href': 'https://www.ligafemenil.mx/cancha/playlist/134036/club-atletico-de-san-luis-vs-guadalajara', 'text': ''}"
2023-2024,Apertura,"{'type': 'text', 'value': 'Domingo 27 de Agosto de 2023\nTemporada 2023-2024\nTorneo Apertura\nJornada 8\n27 Agosto 2023 - 17:00 hrs.'}","{'type': 'link', 'href': 'https://www.ligafemenil.mx/cancha/club/11243/leon', 'text': ''}","{'type': 'link', 'href': 'https://www.ligafemenil.mx/cancha/informeArbitral/134037/eyJpZERpdmlzaW9uIjoiMTQiLCJpZFRlbXBvcmFkYSI6Ijc0IiwiaWRUb3JuZW8iOiIxIiwiaWRDbHVibG9jYWwiOjExMjQzLCJpZENsdWJ2aXNpdGEiOjExNTQzfQ==/informe-arbitral-leon-vs-puebla-fc-jornada-8-estadio-nou-camp-fox-sports', 'text': '1 - 0'}","{'type': 'link', 'href': 'https://www.ligafemenil.mx/cancha/club/11543/puebla-fc', 'text': ''}","{'type': 'link', 'href': 'https://www.ligafemenil.mx/cancha/estadio/23/estadio-nou-camp', 'text': 'Nou Camp'}","{'type': 'link', 'href': 'https://www.ligafemenil.mx/cancha/mxm/134037/eyJpZERpdmlzaW9uIjoiMTQiLCJpZFRlbXBvcmFkYSI6Ijc0IiwiaWRUb3JuZW8iOiIxIiwiaWRDbHVibG9jYWwiOiIxMTI0MyIsImlkQ2x1YnZpc2l0YSI6IjExNTQzIiwiaWRQYXJ0aWRvIjoiMTM0MDM3IiwicGVzdGFuYSI6IjEifQ==/minuto-a-minuto-leon-vs-puebla-fc-jornada-8-estadio-nou-camp-fox-sports', 'text': ''}","{'type': 'link', 'href': 'https://www.ligafemenil.mx/cancha/mxm/134037/eyJpZERpdmlzaW9uIjoiMTQiLCJpZFRlbXBvcmFkYSI6Ijc0IiwiaWRUb3JuZW8iOiIxIiwiaWRDbHVibG9jYWwiOiIxMTI0MyIsImlkQ2x1YnZpc2l0YSI6IjExNTQzIiwiaWRQYXJ0aWRvIjoiMTM0MDM3IiwicGVzdGFuYSI6IjMifQ==/minuto-a-minuto-leon-vs-puebla-fc-jornada-8-estadio-nou-camp-fox-sports', 'text': ''}","{'type': 'link', 'href': 'https://www.ligafemenil.mx/cancha/informeArbitral/134037/eyJpZERpdmlzaW9uIjoiMTQiLCJpZFRlbXBvcmFkYSI6Ijc0IiwiaWRUb3JuZW8iOiIxIiwiaWRDbHVibG9jYWwiOiIxMTI0MyIsImlkQ2x1YnZpc2l0YSI6IjExNTQzIn0=/informe-arbitral-leon-vs-puebla-fc-jornada-8-estadio-nou-camp-fox-sports', 'text': ''}","{'type': 'link', 'href': 'https://www.ligafemenil.mx/cancha/mxm/134037/eyJpZERpdmlzaW9uIjoiMTQiLCJpZFRlbXBvcmFkYSI6Ijc0IiwiaWRUb3JuZW8iOiIxIiwiaWRDbHVibG9jYWwiOiIxMTI0MyIsImlkQ2x1YnZpc2l0YSI6IjExNTQzIiwiaWRQYXJ0aWRvIjoiMTM0MDM3IiwicGVzdGFuYSI6IjQifQ==/minuto-a-minuto-leon-vs-puebla-fc-jornada-8-estadio-nou-camp-fox-sports', 'text': ''}","{'type': 'link', 'href': 'https://www.ligafemenil.mx/cancha/galeria/MTM0MDM3LzgvNzQvMS8xNA==/leon-vs-puebla-fc', 'text': ''}","{'type': 'link', 'href': 'https://www.ligafemenil.mx/cancha/playlist/134037/leon-vs-puebla-fc', 'text': ''}"
2023-2024,Apertura,"{'type': 'text', 'value': 'Lunes 28 de Agosto de 2023\nTemporada 2023-2024\nTorneo Apertura\nJornada 8\n28 Agosto 2023 - 17:00 hrs.'}","{'type': 'link', 'href': 'https://www.ligafemenil.mx/cancha/club/11187/toluca', 'text': ''}","{'type': 'link', 'href': 'https://www.ligafemenil.mx/cancha/informeArbitral/134039/eyJpZERpdmlzaW9uIjoiMTQiLCJpZFRlbXBvcmFkYSI6Ijc0IiwiaWRUb3JuZW8iOiIxIiwiaWRDbHVibG9jYWwiOjExMTg3LCJpZENsdWJ2aXNpdGEiOjExMTg5fQ==/informe-arbitral-toluca-vs-necaxa-jornada-8-estadio-nemesio-diez-vix', 'text': '2 - 0'}","{'type': 'link', 'href': 'https://www.ligafemenil.mx/cancha/club/11189/necaxa', 'text': ''}","{'type': 'link', 'href': 'https://www.ligafemenil.mx/cancha/estadio/6/estadio-nemesio-diez', 'text': 'Nemesio Diez'}","{'type': 'link', 'href': 'https://www.ligafemenil.mx/cancha/mxm/134039/eyJpZERpdmlzaW9uIjoiMTQiLCJpZFRlbXBvcmFkYSI6Ijc0IiwiaWRUb3JuZW8iOiIxIiwiaWRDbHVibG9jYWwiOiIxMTE4NyIsImlkQ2x1YnZpc2l0YSI6IjExMTg5IiwiaWRQYXJ0aWRvIjoiMTM0MDM5IiwicGVzdGFuYSI6IjEifQ==/minuto-a-minuto-toluca-vs-necaxa-jornada-8-estadio-nemesio-diez-vix', 'text': ''}","{'type': 'link', 'href': 'https://www.ligafemenil.mx/cancha/mxm/134039/eyJpZERpdmlzaW9uIjoiMTQiLCJpZFRlbXBvcmFkYSI6Ijc0IiwiaWRUb3JuZW8iOiIxIiwiaWRDbHVibG9jYWwiOiIxMTE4NyIsImlkQ2x1YnZpc2l0YSI6IjExMTg5IiwiaWRQYXJ0aWRvIjoiMTM0MDM5IiwicGVzdGFuYSI6IjMifQ==/minuto-a-minuto-toluca-vs-necaxa-jornada-8-estadio-nemesio-diez-vix', 'text': ''}","{'type': 'link', 'href': 'https://www.ligafemenil.mx/cancha/informeArbitral/134039/eyJpZERpdmlzaW9uIjoiMTQiLCJpZFRlbXBvcmFkYSI6Ijc0IiwiaWRUb3JuZW8iOiIxIiwiaWRDbHVibG9jYWwiOiIxMTE4NyIsImlkQ2x1YnZpc2l0YSI6IjExMTg5In0=/informe-arbitral-toluca-vs-necaxa-jornada-8-estadio-nemesio-diez-vix', 'text': ''}","{'type': 'link', 'href': 'https://www.ligafemenil.mx/cancha/mxm/134039/eyJpZERpdmlzaW9uIjoiMTQiLCJpZFRlbXBvcmFkYSI6Ijc0IiwiaWRUb3JuZW8iOiIxIiwiaWRDbHVibG9jYWwiOiIxMTE4NyIsImlkQ2x1YnZpc2l0YSI6IjExMTg5IiwiaWRQYXJ0aWRvIjoiMTM0MDM5IiwicGVzdGFuYSI6IjQifQ==/minuto-a-minuto-toluca-vs-necaxa-jornada-8-estadio-nemesio-diez-vix', 'text': ''}","{'type': 'link', 'href': 'https://www.ligafemenil.mx/cancha/galeria/MTM0MDM5LzgvNzQvMS8xNA==/toluca-vs-necaxa', 'text': ''}","{'type': 'link', 'href': 'https://www.ligafemenil.mx/cancha/playlist/134039/toluca-vs-necaxa', 'text': ''}"
2023-2024,Apertura,"{'type': 'text', 'value': 'Lunes 28 de Agosto de 2023\nTemporada 2023-2024\nTorneo Apertura\nJornada 8\n28 Agosto 2023 - 19:06 hrs.'}","{'type': 'link', 'href': 'https://www.ligafemenil.mx/cancha/club/11192/santos-laguna', 'text': ''}","{'type': 'link', 'href': 'https://www.ligafemenil.mx/cancha/informeArbitral/134040/eyJpZERpdmlzaW9uIjoiMTQiLCJpZFRlbXBvcmFkYSI6Ijc0IiwiaWRUb3JuZW8iOiIxIiwiaWRDbHVibG9jYWwiOjExMTkyLCJpZENsdWJ2aXNpdGEiOjExMTgwfQ==/informe-arbitral-santos-laguna-vs-tijuana-jornada-8-estadio-tsm-corona-fox-sports', 'text': '0 - 3'}","{'type': 'link', 'href': 'https://www.ligafemenil.mx/cancha/club/11180/tijuana', 'text': ''}","{'type': 'link', 'href': 'https://www.ligafemenil.mx/cancha/estadio/63/estadio-tsm-corona', 'text': 'TSM Corona'}","{'type': 'link', 'href': 'https://www.ligafemenil.mx/cancha/mxm/134040/eyJpZERpdmlzaW9uIjoiMTQiLCJpZFRlbXBvcmFkYSI6Ijc0IiwiaWRUb3JuZW8iOiIxIiwiaWRDbHVibG9jYWwiOiIxMTE5MiIsImlkQ2x1YnZpc2l0YSI6IjExMTgwIiwiaWRQYXJ0aWRvIjoiMTM0MDQwIiwicGVzdGFuYSI6IjEifQ==/minuto-a-minuto-santos-laguna-vs-tijuana-jornada-8-estadio-tsm-corona-fox-sports', 'text': ''}","{'type': 'link', 'href': 'https://www.ligafemenil.mx/cancha/mxm/134040/eyJpZERpdmlzaW9uIjoiMTQiLCJpZFRlbXBvcmFkYSI6Ijc0IiwiaWRUb3JuZW8iOiIxIiwiaWRDbHVibG9jYWwiOiIxMTE5MiIsImlkQ2x1YnZpc2l0YSI6IjExMTgwIiwiaWRQYXJ0aWRvIjoiMTM0MDQwIiwicGVzdGFuYSI6IjMifQ==/minuto-a-minuto-santos-laguna-vs-tijuana-jornada-8-estadio-tsm-corona-fox-sports', 'text': ''}","{'type': 'link', 'href': 'https://www.ligafemenil.mx/cancha/informeArbitral/134040/eyJpZERpdmlzaW9uIjoiMTQiLCJpZFRlbXBvcmFkYSI6Ijc0IiwiaWRUb3JuZW8iOiIxIiwiaWRDbHVibG9jYWwiOiIxMTE5MiIsImlkQ2x1YnZpc2l0YSI6IjExMTgwIn0=/informe-arbitral-santos-laguna-vs-tijuana-jornada-8-estadio-tsm-corona-fox-sports', 'text': ''}","{'type': 'link', 'href': 'https://www.ligafemenil.mx/cancha/mxm/134040/eyJpZERpdmlzaW9uIjoiMTQiLCJpZFRlbXBvcmFkYSI6Ijc0IiwiaWRUb3JuZW8iOiIxIiwiaWRDbHVibG9jYWwiOiIxMTE5MiIsImlkQ2x1YnZpc2l0YSI6IjExMTgwIiwiaWRQYXJ0aWRvIjoiMTM0MDQwIiwicGVzdGFuYSI6IjQifQ==/minuto-a-minuto-santos-laguna-vs-tijuana-jornada-8-estadio-tsm-corona-fox-sports', 'text': ''}","{'type': 'link', 'href': 'https://www.ligafemenil.mx/cancha/galeria/MTM0MDQwLzgvNzQvMS8xNA==/santos-laguna-vs-tijuana', 'text': ''}","{'type': 'link', 'href': 'https://www.ligafemenil.mx/cancha/playlist/134040/santos-laguna-vs-tijuana', 'text': ''}"
2023-2024,Apertura,"{'type': 'text', 'value': 'Miércoles 30 de Agosto de 2023\nTemporada 2023-2024\nTorneo Apertura\nJornada 6\n30 Agosto 2023 - 19:06 hrs.'}","{'type': 'link', 'href': 'https://www.ligafemenil.mx/cancha/club/11184/pachuca', 'text': ''}","{'type': 'link', 'href': 'https://www.ligafemenil.mx/cancha/informeArbitral/134016/eyJpZERpdmlzaW9uIjoiMTQiLCJpZFRlbXBvcmFkYSI6Ijc0IiwiaWRUb3JuZW8iOiIxIiwiaWRDbHVibG9jYWwiOjExMTg0LCJpZENsdWJ2aXNpdGEiOjExMjQ1fQ==/informe-arbitral-pachuca-vs-atlas-jornada-6-estadio-hidalgo-fox-sports', 'text': '4 - 3'}","{'type': 'link', 'href': 'https://www.ligafemenil.mx/cancha/club/11245/atlas', 'text': ''}","{'type': 'link', 'href': 'https://www.ligafemenil.mx/cancha/estadio/11/estadio-hidalgo', 'text': 'Hidalgo'}","{'type': 'link', 'href': 'https://www.ligafemenil.mx/cancha/mxm/134016/eyJpZERpdmlzaW9uIjoiMTQiLCJpZFRlbXBvcmFkYSI6Ijc0IiwiaWRUb3JuZW8iOiIxIiwiaWRDbHVibG9jYWwiOiIxMTE4NCIsImlkQ2x1YnZpc2l0YSI6IjExMjQ1IiwiaWRQYXJ0aWRvIjoiMTM0MDE2IiwicGVzdGFuYSI6IjEifQ==/minuto-a-minuto-pachuca-vs-atlas-jornada-6-estadio-hidalgo-fox-sports', 'text': ''}","{'type': 'link', 'href': 'https://www.ligafemenil.mx/cancha/mxm/134016/eyJpZERpdmlzaW9uIjoiMTQiLCJpZFRlbXBvcmFkYSI6Ijc0IiwiaWRUb3JuZW8iOiIxIiwiaWRDbHVibG9jYWwiOiIxMTE4NCIsImlkQ2x1YnZpc2l0YSI6IjExMjQ1IiwiaWRQYXJ0aWRvIjoiMTM0MDE2IiwicGVzdGFuYSI6IjMifQ==/minuto-a-minuto-pachuca-vs-atlas-jornada-6-estadio-hidalgo-fox-sports', 'text': ''}","{'type': 'link', 'href': 'https://www.ligafemenil.mx/cancha/informeArbitral/134016/eyJpZERpdmlzaW9uIjoiMTQiLCJpZFRlbXBvcmFkYSI6Ijc0IiwiaWRUb3JuZW8iOiIxIiwiaWRDbHVibG9jYWwiOiIxMTE4NCIsImlkQ2x1YnZpc2l0YSI6IjExMjQ1In0=/informe-arbitral-pachuca-vs-atlas-jornada-6-estadio-hidalgo-fox-sports', 'text': ''}","{'type': 'link', 'href': 'https://www.ligafemenil.mx/cancha/mxm/134016/eyJpZERpdmlzaW9uIjoiMTQiLCJpZFRlbXBvcmFkYSI6Ijc0IiwiaWRUb3JuZW8iOiIxIiwiaWRDbHVibG9jYWwiOiIxMTE4NCIsImlkQ2x1YnZpc2l0YSI6IjExMjQ1IiwiaWRQYXJ0aWRvIjoiMTM0MDE2IiwicGVzdGFuYSI6IjQifQ==/minuto-a-minuto-pachuca-vs-atlas-jornada-6-estadio-hidalgo-fox-sports', 'text': ''}","{'type': 'link', 'href': 'https://www.ligafemenil.mx/cancha/galeria/MTM0MDE2LzYvNzQvMS8xNA==/pachuca-vs-atlas', 'text': ''}","{'type': 'link', 'href': 'https://www.ligafemenil.mx/cancha/playlist/134016/pachuca-vs-atlas', 'text': ''}"
2023-2024,Apertura,"{'type': 'text', 'value': 'Viernes 1 de Septiembre de 2023\nTemporada 2023-2024\nTorneo Apertura\nJornada 9\n1 Septiembre 2023 - 17:06 hrs.'}","{'type': 'link', 'href': 'https://www.ligafemenil.mx/cancha/club/12042/gallos-blancos-de-queretaro', 'text': ''}","{'type': 'link', 'href': 'https://www.ligafemenil.mx/cancha/informeArbitral/134041/eyJpZERpdmlzaW9uIjoiMTQiLCJpZFRlbXBvcmFkYSI6Ijc0IiwiaWRUb3JuZW8iOiIxIiwiaWRDbHVibG9jYWwiOjEyMDQyLCJpZENsdWJ2aXNpdGEiOjExMTg3fQ==/informe-arbitral-gallos-blancos-de-queretaro-vs-toluca-jornada-9-estadio-la-corregidora-fox-sports', 'text': '1 - 2'}","{'type': 'link', 'href': 'https://www.ligafemenil.mx/cancha/club/11187/toluca', 'text': ''}","{'type': 'link', 'href': 'https://www.ligafemenil.mx/cancha/estadio/858/estadio-la-corregidora', 'text': 'La Corregidora'}","{'type': 'link', 'href': 'https://www.ligafemenil.mx/cancha/mxm/134041/eyJpZERpdmlzaW9uIjoiMTQiLCJpZFRlbXBvcmFkYSI6Ijc0IiwiaWRUb3JuZW8iOiIxIiwiaWRDbHVibG9jYWwiOiIxMjA0MiIsImlkQ2x1YnZpc2l0YSI6IjExMTg3IiwiaWRQYXJ0aWRvIjoiMTM0MDQxIiwicGVzdGFuYSI6IjEifQ==/minuto-a-minuto-gallos-blancos-de-queretaro-vs-toluca-jornada-9-estadio-la-corregidora-fox-sports', 'text': ''}","{'type': 'link', 'href': 'https://www.ligafemenil.mx/cancha/mxm/134041/eyJpZERpdmlzaW9uIjoiMTQiLCJpZFRlbXBvcmFkYSI6Ijc0IiwiaWRUb3JuZW8iOiIxIiwiaWRDbHVibG9jYWwiOiIxMjA0MiIsImlkQ2x1YnZpc2l0YSI6IjExMTg3IiwiaWRQYXJ0aWRvIjoiMTM0MDQxIiwicGVzdGFuYSI6IjMifQ==/minuto-a-minuto-gallos-blancos-de-queretaro-vs-toluca-jornada-9-estadio-la-corregidora-fox-sports', 'text': ''}","{'type': 'link', 'href': 'https://www.ligafemenil.mx/cancha/informeArbitral/134041/eyJpZERpdmlzaW9uIjoiMTQiLCJpZFRlbXBvcmFkYSI6Ijc0IiwiaWRUb3JuZW8iOiIxIiwiaWRDbHVibG9jYWwiOiIxMjA0MiIsImlkQ2x1YnZpc2l0YSI6IjExMTg3In0=/informe-arbitral-gallos-blancos-de-queretaro-vs-toluca-jornada-9-estadio-la-corregidora-fox-sports', 'text': ''}","{'type': 'link', 'href': 'https://www.ligafemenil.mx/cancha/mxm/134041/eyJpZERpdmlzaW9uIjoiMTQiLCJpZFRlbXBvcmFkYSI6Ijc0IiwiaWRUb3JuZW8iOiIxIiwiaWRDbHVibG9jYWwiOiIxMjA0MiIsImlkQ2x1YnZpc2l0YSI6IjExMTg3IiwiaWRQYXJ0aWRvIjoiMTM0MDQxIiwicGVzdGFuYSI6IjQifQ==/minuto-a-minuto-gallos-blancos-de-queretaro-vs-toluca-jornada-9-estadio-la-corregidora-fox-sports', 'text': ''}","{'type': 'link', 'href': 'https://www.ligafemenil.mx/cancha/galeria/MTM0MDQxLzkvNzQvMS8xNA==/gallos-blancos-de-queretaro-vs-toluca', 'text': ''}","{'type': 'link', 'href': 'https://www.ligafemenil.mx/cancha/playlist/134041/gallos-blancos-de-queretaro-vs-toluca', 'text': ''}"
2023-2024,Apertura,"{'type': 'text', 'value': 'Sábado 2 de Septiembre de 2023\nTemporada 2023-2024\nTorneo Apertura\nJornada 9\n2 Septiembre 2023 - 12:00 hrs.'}","{'type': 'link', 'href': 'https://www.ligafemenil.mx/cancha/club/11188/pumas', 'text': ''}","{'type': 'link', 'href': 'https://www.ligafemenil.mx/cancha/informeArbitral/134043/eyJpZERpdmlzaW9uIjoiMTQiLCJpZFRlbXBvcmFkYSI6Ijc0IiwiaWRUb3JuZW8iOiIxIiwiaWRDbHVibG9jYWwiOjExMTg4LCJpZENsdWJ2aXNpdGEiOjExMjQzfQ==/informe-arbitral-pumas-vs-leon-jornada-9-estadio-olimpico-universitario-vix', 'text': '2 - 1'}","{'type': 'link', 'href': 'https://www.ligafemenil.mx/cancha/club/11243/leon', 'text': ''}","{'type': 'link', 'href': 'https://www.ligafemenil.mx/cancha/estadio/7/estadio-olimpico-universitario', 'text': 'Olímpico Universitario'}","{'type': 'link', 'href': 'https://www.ligafemenil.mx/cancha/mxm/134043/eyJpZERpdmlzaW9uIjoiMTQiLCJpZFRlbXBvcmFkYSI6Ijc0IiwiaWRUb3JuZW8iOiIxIiwiaWRDbHVibG9jYWwiOiIxMTE4OCIsImlkQ2x1YnZpc2l0YSI6IjExMjQzIiwiaWRQYXJ0aWRvIjoiMTM0MDQzIiwicGVzdGFuYSI6IjEifQ==/minuto-a-minuto-pumas-vs-leon-jornada-9-estadio-olimpico-universitario-vix', 'text': ''}","{'type': 'link', 'href': 'https://www.ligafemenil.mx/cancha/mxm/134043/eyJpZERpdmlzaW9uIjoiMTQiLCJpZFRlbXBvcmFkYSI6Ijc0IiwiaWRUb3JuZW8iOiIxIiwiaWRDbHVibG9jYWwiOiIxMTE4OCIsImlkQ2x1YnZpc2l0YSI6IjExMjQzIiwiaWRQYXJ0aWRvIjoiMTM0MDQzIiwicGVzdGFuYSI6IjMifQ==/minuto-a-minuto-pumas-vs-leon-jornada-9-estadio-olimpico-universitario-vix', 'text': ''}","{'type': 'link', 'href': 'https://www.ligafemenil.mx/cancha/informeArbitral/134043/eyJpZERpdmlzaW9uIjoiMTQiLCJpZFRlbXBvcmFkYSI6Ijc0IiwiaWRUb3JuZW8iOiIxIiwiaWRDbHVibG9jYWwiOiIxMTE4OCIsImlkQ2x1YnZpc2l0YSI6IjExMjQzIn0=/informe-arbitral-pumas-vs-leon-jornada-9-estadio-olimpico-universitario-vix', 'text': ''}","{'type': 'link', 'href': 'https://www.ligafemenil.mx/cancha/mxm/134043/eyJpZERpdmlzaW9uIjoiMTQiLCJpZFRlbXBvcmFkYSI6Ijc0IiwiaWRUb3JuZW8iOiIxIiwiaWRDbHVibG9jYWwiOiIxMTE4OCIsImlkQ2x1YnZpc2l0YSI6IjExMjQzIiwiaWRQYXJ0aWRvIjoiMTM0MDQzIiwicGVzdGFuYSI6IjQifQ==/minuto-a-minuto-pumas-vs-leon-jornada-9-estadio-olimpico-universitario-vix', 'text': ''}","{'type': 'link', 'href': 'https://www.ligafemenil.mx/cancha/galeria/MTM0MDQzLzkvNzQvMS8xNA==/pumas-vs-leon', 'text': ''}","{'type': 'link', 'href': 'https://www.ligafemenil.mx/cancha/playlist/134043/pumas-vs-leon', 'text': ''}"
2023-2024,Apertura,"{'type': 'text', 'value': 'Domingo 3 de Septiembre de 2023\nTemporada 2023-2024\nTorneo Apertura\nJornada 9\n3 Septiembre 2023 - 12:00 hrs.'}","{'type': 'link', 'href': 'https://www.ligafemenil.mx/cancha/club/11182/guadalajara', 'text': ''}","{'type': 'link', 'href': 'https://www.ligafemenil.mx/cancha/informeArbitral/134045/eyJpZERpdmlzaW9uIjoiMTQiLCJpZFRlbXBvcmFkYSI6Ijc0IiwiaWRUb3JuZW8iOiIxIiwiaWRDbHVibG9jYWwiOjExMTgyLCJpZENsdWJ2aXNpdGEiOjExNzk1fQ==/informe-arbitral-guadalajara-vs-fc-juarez-jornada-9-estadio-akron-fox-sports', 'text': '2 - 0'}","{'type': 'link', 'href': 'https://www.ligafemenil.mx/cancha/club/11795/fc-juarez', 'text': ''}","{'type': 'link', 'href': 'https://www.ligafemenil.mx/cancha/estadio/1538/estadio-akron', 'text': 'Estadio AKRON'}","{'type': 'link', 'href': 'https://www.ligafemenil.mx/cancha/mxm/134045/eyJpZERpdmlzaW9uIjoiMTQiLCJpZFRlbXBvcmFkYSI6Ijc0IiwiaWRUb3JuZW8iOiIxIiwiaWRDbHVibG9jYWwiOiIxMTE4MiIsImlkQ2x1YnZpc2l0YSI6IjExNzk1IiwiaWRQYXJ0aWRvIjoiMTM0MDQ1IiwicGVzdGFuYSI6IjEifQ==/minuto-a-minuto-guadalajara-vs-fc-juarez-jornada-9-estadio-akron-fox-sports', 'text': ''}","{'type': 'link', 'href': 'https://www.ligafemenil.mx/cancha/mxm/134045/eyJpZERpdmlzaW9uIjoiMTQiLCJpZFRlbXBvcmFkYSI6Ijc0IiwiaWRUb3JuZW8iOiIxIiwiaWRDbHVibG9jYWwiOiIxMTE4MiIsImlkQ2x1YnZpc2l0YSI6IjExNzk1IiwiaWRQYXJ0aWRvIjoiMTM0MDQ1IiwicGVzdGFuYSI6IjMifQ==/minuto-a-minuto-guadalajara-vs-fc-juarez-jornada-9-estadio-akron-fox-sports', 'text': ''}","{'type': 'link', 'href': 'https://www.ligafemenil.mx/cancha/informeArbitral/134045/eyJpZERpdmlzaW9uIjoiMTQiLCJpZFRlbXBvcmFkYSI6Ijc0IiwiaWRUb3JuZW8iOiIxIiwiaWRDbHVibG9jYWwiOiIxMTE4MiIsImlkQ2x1YnZpc2l0YSI6IjExNzk1In0=/informe-arbitral-guadalajara-vs-fc-juarez-jornada-9-estadio-akron-fox-sports', 'text': ''}","{'type': 'link', 'href': 'https://www.ligafemenil.mx/cancha/mxm/134045/eyJpZERpdmlzaW9uIjoiMTQiLCJpZFRlbXBvcmFkYSI6Ijc0IiwiaWRUb3JuZW8iOiIxIiwiaWRDbHVibG9jYWwiOiIxMTE4MiIsImlkQ2x1YnZpc2l0YSI6IjExNzk1IiwiaWRQYXJ0aWRvIjoiMTM0MDQ1IiwicGVzdGFuYSI6IjQifQ==/minuto-a-minuto-guadalajara-vs-fc-juarez-jornada-9-estadio-akron-fox-sports', 'text': ''}","{'type': 'link', 'href': 'https://www.ligafemenil.mx/cancha/galeria/MTM0MDQ1LzkvNzQvMS8xNA==/guadalajara-vs-fc-juarez', 'text': ''}","{'type': 'link', 'href': 'https://www.ligafemenil.mx/cancha/playlist/134045/guadalajara-vs-fc-juarez', 'text': ''}"
2023-2024,Apertura,"{'type': 'text', 'value': 'Domingo 3 de Septiembre de 2023\nTemporada 2023-2024\nTorneo Apertura\nJornada 9\n3 Septiembre 2023 - 16:06 hrs.'}","{'type': 'link', 'href': 'https://www.ligafemenil.mx/cancha/club/11543/puebla-fc', 'text': ''}","{'type': 'link', 'href': 'https://www.ligafemenil.mx/cancha/informeArbitral/134044/eyJpZERpdmlzaW9uIjoiMTQiLCJpZFRlbXBvcmFkYSI6Ijc0IiwiaWRUb3JuZW8iOiIxIiwiaWRDbHVibG9jYWwiOjExNTQzLCJpZENsdWJ2aXNpdGEiOjExNzc4fQ==/informe-arbitral-puebla-fc-vs-club-atletico-de-san-luis-jornada-9-estadio-cuauhtemoc-fox-sports', 'text': '2 - 2'}","{'type': 'link', 'href': 'https://www.ligafemenil.mx/cancha/club/11778/club-atletico-de-san-luis', 'text': ''}","{'type': 'link', 'href': 'https://www.ligafemenil.mx/cancha/estadio/9/estadio-cuauhtemoc', 'text': 'Cuauhtémoc'}","{'type': 'link', 'href': 'https://www.ligafemenil.mx/cancha/mxm/134044/eyJpZERpdmlzaW9uIjoiMTQiLCJpZFRlbXBvcmFkYSI6Ijc0IiwiaWRUb3JuZW8iOiIxIiwiaWRDbHVibG9jYWwiOiIxMTU0MyIsImlkQ2x1YnZpc2l0YSI6IjExNzc4IiwiaWRQYXJ0aWRvIjoiMTM0MDQ0IiwicGVzdGFuYSI6IjEifQ==/minuto-a-minuto-puebla-fc-vs-club-atletico-de-san-luis-jornada-9-estadio-cuauhtemoc-fox-sports', 'text': ''}","{'type': 'link', 'href': 'https://www.ligafemenil.mx/cancha/mxm/134044/eyJpZERpdmlzaW9uIjoiMTQiLCJpZFRlbXBvcmFkYSI6Ijc0IiwiaWRUb3JuZW8iOiIxIiwiaWRDbHVibG9jYWwiOiIxMTU0MyIsImlkQ2x1YnZpc2l0YSI6IjExNzc4IiwiaWRQYXJ0aWRvIjoiMTM0MDQ0IiwicGVzdGFuYSI6IjMifQ==/minuto-a-minuto-puebla-fc-vs-club-atletico-de-san-luis-jornada-9-estadio-cuauhtemoc-fox-sports', 'text': ''}","{'type': 'link', 'href': 'https://www.ligafemenil.mx/cancha/informeArbitral/134044/eyJpZERpdmlzaW9uIjoiMTQiLCJpZFRlbXBvcmFkYSI6Ijc0IiwiaWRUb3JuZW8iOiIxIiwiaWRDbHVibG9jYWwiOiIxMTU0MyIsImlkQ2x1YnZpc2l0YSI6IjExNzc4In0=/informe-arbitral-puebla-fc-vs-club-atletico-de-san-luis-jornada-9-estadio-cuauhtemoc-fox-sports', 'text': ''}","{'type': 'link', 'href': 'https://www.ligafemenil.mx/cancha/mxm/134044/eyJpZERpdmlzaW9uIjoiMTQiLCJpZFRlbXBvcmFkYSI6Ijc0IiwiaWRUb3JuZW8iOiIxIiwiaWRDbHVibG9jYWwiOiIxMTU0MyIsImlkQ2x1YnZpc2l0YSI6IjExNzc4IiwiaWRQYXJ0aWRvIjoiMTM0MDQ0IiwicGVzdGFuYSI6IjQifQ==/minuto-a-minuto-puebla-fc-vs-club-atletico-de-san-luis-jornada-9-estadio-cuauhtemoc-fox-sports', 'text': ''}","{'type': 'link', 'href': 'https://www.ligafemenil.mx/cancha/galeria/MTM0MDQ0LzkvNzQvMS8xNA==/puebla-fc-vs-club-atletico-de-san-luis', 'text': ''}","{'type': 'link', 'href': 'https://www.ligafemenil.mx/cancha/playlist/134044/puebla-fc-vs-club-atletico-de-san-luis', 'text': ''}"
2023-2024,Apertura,"{'type': 'text', 'value': 'Domingo 3 de Septiembre de 2023\nTemporada 2023-2024\nTorneo Apertura\nJornada 9\n3 Septiembre 2023 - 19:06 hrs.'}","{'type': 'link', 'href': 'https://www.ligafemenil.mx/cancha/club/11180/tijuana', 'text': ''}","{'type': 'link', 'href': 'https://www.ligafemenil.mx/cancha/informeArbitral/134046/eyJpZERpdmlzaW9uIjoiMTQiLCJpZFRlbXBvcmFkYSI6Ijc0IiwiaWRUb3JuZW8iOiIxIiwiaWRDbHVibG9jYWwiOjExMTgwLCJpZENsdWJ2aXNpdGEiOjExMTg1fQ==/informe-arbitral-tijuana-vs-rayados-de-monterrey-jornada-9-estadio-caliente-fox-sports', 'text': '1 - 1'}","{'type': 'link', 'href': 'https://www.ligafemenil.mx/cancha/club/11185/rayados-de-monterrey', 'text': ''}","{'type': 'link', 'href': 'https://www.ligafemenil.mx/cancha/estadio/48/estadio-caliente', 'text': 'Caliente'}","{'type': 'link', 'href': 'https://www.ligafemenil.mx/cancha/mxm/134046/eyJpZERpdmlzaW9uIjoiMTQiLCJpZFRlbXBvcmFkYSI6Ijc0IiwiaWRUb3JuZW8iOiIxIiwiaWRDbHVibG9jYWwiOiIxMTE4MCIsImlkQ2x1YnZpc2l0YSI6IjExMTg1IiwiaWRQYXJ0aWRvIjoiMTM0MDQ2IiwicGVzdGFuYSI6IjEifQ==/minuto-a-minuto-tijuana-vs-rayados-de-monterrey-jornada-9-estadio-caliente-fox-sports', 'text': ''}","{'type': 'link', 'href': 'https://www.ligafemenil.mx/cancha/mxm/134046/eyJpZERpdmlzaW9uIjoiMTQiLCJpZFRlbXBvcmFkYSI6Ijc0IiwiaWRUb3JuZW8iOiIxIiwiaWRDbHVibG9jYWwiOiIxMTE4MCIsImlkQ2x1YnZpc2l0YSI6IjExMTg1IiwiaWRQYXJ0aWRvIjoiMTM0MDQ2IiwicGVzdGFuYSI6IjMifQ==/minuto-a-minuto-tijuana-vs-rayados-de-monterrey-jornada-9-estadio-caliente-fox-sports', 'text': ''}","{'type': 'link', 'href': 'https://www.ligafemenil.mx/cancha/informeArbitral/134046/eyJpZERpdmlzaW9uIjoiMTQiLCJpZFRlbXBvcmFkYSI6Ijc0IiwiaWRUb3JuZW8iOiIxIiwiaWRDbHVibG9jYWwiOiIxMTE4MCIsImlkQ2x1YnZpc2l0YSI6IjExMTg1In0=/informe-arbitral-tijuana-vs-rayados-de-monterrey-jornada-9-estadio-caliente-fox-sports', 'text': ''}","{'type': 'link', 'href': 'https://www.ligafemenil.mx/cancha/mxm/134046/eyJpZERpdmlzaW9uIjoiMTQiLCJpZFRlbXBvcmFkYSI6Ijc0IiwiaWRUb3JuZW8iOiIxIiwiaWRDbHVibG9jYWwiOiIxMTE4MCIsImlkQ2x1YnZpc2l0YSI6IjExMTg1IiwiaWRQYXJ0aWRvIjoiMTM0MDQ2IiwicGVzdGFuYSI6IjQifQ==/minuto-a-minuto-tijuana-vs-rayados-de-monterrey-jornada-9-estadio-caliente-fox-sports', 'text': ''}","{'type': 'link', 'href': 'https://www.ligafemenil.mx/cancha/galeria/MTM0MDQ2LzkvNzQvMS8xNA==/tijuana-vs-rayados-de-monterrey', 'text': ''}","{'type': 'link', 'href': 'https://www.ligafemenil.mx/cancha/playlist/134046/tijuana-vs-rayados-de-monterrey', 'text': ''}"
2023-2024,Apertura,"{'type': 'text', 'value': 'Lunes 4 de Septiembre de 2023\nTemporada 2023-2024\nTorneo Apertura\nJornada 9\n4 Septiembre 2023 - 17:00 hrs.'}","{'type': 'link', 'href': 'https://www.ligafemenil.mx/cancha/club/11189/necaxa', 'text': ''}","{'type': 'link', 'href': 'https://www.ligafemenil.mx/cancha/informeArbitral/134047/eyJpZERpdmlzaW9uIjoiMTQiLCJpZFRlbXBvcmFkYSI6Ijc0IiwiaWRUb3JuZW8iOiIxIiwiaWRDbHVibG9jYWwiOjExMTg5LCJpZENsdWJ2aXNpdGEiOjExMTgxfQ==/informe-arbitral-necaxa-vs-cruz-azul-jornada-9-estadio-victoria-vix', 'text': '1 - 1'}","{'type': 'link', 'href': 'https://www.ligafemenil.mx/cancha/club/11181/cruz-azul', 'text': ''}","{'type': 'link', 'href': 'https://www.ligafemenil.mx/cancha/estadio/15/estadio-victoria', 'text': 'Victoria'}","{'type': 'link', 'href': 'https://www.ligafemenil.mx/cancha/mxm/134047/eyJpZERpdmlzaW9uIjoiMTQiLCJpZFRlbXBvcmFkYSI6Ijc0IiwiaWRUb3JuZW8iOiIxIiwiaWRDbHVibG9jYWwiOiIxMTE4OSIsImlkQ2x1YnZpc2l0YSI6IjExMTgxIiwiaWRQYXJ0aWRvIjoiMTM0MDQ3IiwicGVzdGFuYSI6IjEifQ==/minuto-a-minuto-necaxa-vs-cruz-azul-jornada-9-estadio-victoria-vix', 'text': ''}","{'type': 'link', 'href': 'https://www.ligafemenil.mx/cancha/mxm/134047/eyJpZERpdmlzaW9uIjoiMTQiLCJpZFRlbXBvcmFkYSI6Ijc0IiwiaWRUb3JuZW8iOiIxIiwiaWRDbHVibG9jYWwiOiIxMTE4OSIsImlkQ2x1YnZpc2l0YSI6IjExMTgxIiwiaWRQYXJ0aWRvIjoiMTM0MDQ3IiwicGVzdGFuYSI6IjMifQ==/minuto-a-minuto-necaxa-vs-cruz-azul-jornada-9-estadio-victoria-vix', 'text': ''}","{'type': 'link', 'href': 'https://www.ligafemenil.mx/cancha/informeArbitral/134047/eyJpZERpdmlzaW9uIjoiMTQiLCJpZFRlbXBvcmFkYSI6Ijc0IiwiaWRUb3JuZW8iOiIxIiwiaWRDbHVibG9jYWwiOiIxMTE4OSIsImlkQ2x1YnZpc2l0YSI6IjExMTgxIn0=/informe-arbitral-necaxa-vs-cruz-azul-jornada-9-estadio-victoria-vix', 'text': ''}","{'type': 'link', 'href': 'https://www.ligafemenil.mx/cancha/mxm/134047/eyJpZERpdmlzaW9uIjoiMTQiLCJpZFRlbXBvcmFkYSI6Ijc0IiwiaWRUb3JuZW8iOiIxIiwiaWRDbHVibG9jYWwiOiIxMTE4OSIsImlkQ2x1YnZpc2l0YSI6IjExMTgxIiwiaWRQYXJ0aWRvIjoiMTM0MDQ3IiwicGVzdGFuYSI6IjQifQ==/minuto-a-minuto-necaxa-vs-cruz-azul-jornada-9-estadio-victoria-vix', 'text': ''}","{'type': 'link', 'href': 'https://www.ligafemenil.mx/cancha/galeria/MTM0MDQ3LzkvNzQvMS8xNA==/necaxa-vs-cruz-azul', 'text': ''}","{'type': 'link', 'href': 'https://www.ligafemenil.mx/cancha/playlist/134047/necaxa-vs-cruz-azul', 'text': ''}"
2023-2024,Apertura,"{'type': 'text', 'value': 'Lunes 4 de Septiembre de 2023\nTemporada 2023-2024\nTorneo Apertura\nJornada 9\n4 Septiembre 2023 - 19:06 hrs.'}","{'type': 'link', 'href': 'https://www.ligafemenil.mx/cancha/club/11184/pachuca', 'text': ''}","{'type': 'link', 'href': 'https://www.ligafemenil.mx/cancha/informeArbitral/134048/eyJpZERpdmlzaW9uIjoiMTQiLCJpZFRlbXBvcmFkYSI6Ijc0IiwiaWRUb3JuZW8iOiIxIiwiaWRDbHVibG9jYWwiOjExMTg0LCJpZENsdWJ2aXNpdGEiOjEyMDUxfQ==/informe-arbitral-pachuca-vs-mazatlan-fc-jornada-9-estadio-hidalgo-fox-sports', 'text': '5 - 0'}","{'type': 'link', 'href': 'https://www.ligafemenil.mx/cancha/club/12051/mazatlan-fc', 'text': ''}","{'type': 'link', 'href': 'https://www.ligafemenil.mx/cancha/estadio/11/estadio-hidalgo', 'text': 'Hidalgo'}","{'type': 'link', 'href': 'https://www.ligafemenil.mx/cancha/mxm/134048/eyJpZERpdmlzaW9uIjoiMTQiLCJpZFRlbXBvcmFkYSI6Ijc0IiwiaWRUb3JuZW8iOiIxIiwiaWRDbHVibG9jYWwiOiIxMTE4NCIsImlkQ2x1YnZpc2l0YSI6IjEyMDUxIiwiaWRQYXJ0aWRvIjoiMTM0MDQ4IiwicGVzdGFuYSI6IjEifQ==/minuto-a-minuto-pachuca-vs-mazatlan-fc-jornada-9-estadio-hidalgo-fox-sports', 'text': ''}","{'type': 'link', 'href': 'https://www.ligafemenil.mx/cancha/mxm/134048/eyJpZERpdmlzaW9uIjoiMTQiLCJpZFRlbXBvcmFkYSI6Ijc0IiwiaWRUb3JuZW8iOiIxIiwiaWRDbHVibG9jYWwiOiIxMTE4NCIsImlkQ2x1YnZpc2l0YSI6IjEyMDUxIiwiaWRQYXJ0aWRvIjoiMTM0MDQ4IiwicGVzdGFuYSI6IjMifQ==/minuto-a-minuto-pachuca-vs-mazatlan-fc-jornada-9-estadio-hidalgo-fox-sports', 'text': ''}","{'type': 'link', 'href': 'https://www.ligafemenil.mx/cancha/informeArbitral/134048/eyJpZERpdmlzaW9uIjoiMTQiLCJpZFRlbXBvcmFkYSI6Ijc0IiwiaWRUb3JuZW8iOiIxIiwiaWRDbHVibG9jYWwiOiIxMTE4NCIsImlkQ2x1YnZpc2l0YSI6IjEyMDUxIn0=/informe-arbitral-pachuca-vs-mazatlan-fc-jornada-9-estadio-hidalgo-fox-sports', 'text': ''}","{'type': 'link', 'href': 'https://www.ligafemenil.mx/cancha/mxm/134048/eyJpZERpdmlzaW9uIjoiMTQiLCJpZFRlbXBvcmFkYSI6Ijc0IiwiaWRUb3JuZW8iOiIxIiwiaWRDbHVibG9jYWwiOiIxMTE4NCIsImlkQ2x1YnZpc2l0YSI6IjEyMDUxIiwiaWRQYXJ0aWRvIjoiMTM0MDQ4IiwicGVzdGFuYSI6IjQifQ==/minuto-a-minuto-pachuca-vs-mazatlan-fc-jornada-9-estadio-hidalgo-fox-sports', 'text': ''}","{'type': 'link', 'href': 'https://www.ligafemenil.mx/cancha/galeria/MTM0MDQ4LzkvNzQvMS8xNA==/pachuca-vs-mazatlan-fc', 'text': ''}","{'type': 'link', 'href': 'https://www.ligafemenil.mx/cancha/playlist/134048/pachuca-vs-mazatlan-fc', 'text': ''}"
2023-2024,Apertura,"{'type': 'text', 'value': 'Lunes 4 de Septiembre de 2023\nTemporada 2023-2024\nTorneo Apertura\nJornada 9\n4 Septiembre 2023 - 21:10 hrs.'}","{'type': 'link', 'href': 'https://www.ligafemenil.mx/cancha/club/11245/atlas', 'text': ''}","{'type': 'link', 'href': 'https://www.ligafemenil.mx/cancha/informeArbitral/134042/eyJpZERpdmlzaW9uIjoiMTQiLCJpZFRlbXBvcmFkYSI6Ijc0IiwiaWRUb3JuZW8iOiIxIiwiaWRDbHVibG9jYWwiOjExMjQ1LCJpZENsdWJ2aXNpdGEiOjExMTkyfQ==/informe-arbitral-atlas-vs-santos-laguna-jornada-9-estadio-jalisco-fox-sports', 'text': '0 - 0'}","{'type': 'link', 'href': 'https://www.ligafemenil.mx/cancha/club/11192/santos-laguna', 'text': ''}","{'type': 'link', 'href': 'https://www.ligafemenil.mx/cancha/estadio/5/estadio-jalisco', 'text': 'Jalisco'}","{'type': 'link', 'href': 'https://www.ligafemenil.mx/cancha/mxm/134042/eyJpZERpdmlzaW9uIjoiMTQiLCJpZFRlbXBvcmFkYSI6Ijc0IiwiaWRUb3JuZW8iOiIxIiwiaWRDbHVibG9jYWwiOiIxMTI0NSIsImlkQ2x1YnZpc2l0YSI6IjExMTkyIiwiaWRQYXJ0aWRvIjoiMTM0MDQyIiwicGVzdGFuYSI6IjEifQ==/minuto-a-minuto-atlas-vs-santos-laguna-jornada-9-estadio-jalisco-fox-sports', 'text': ''}","{'type': 'link', 'href': 'https://www.ligafemenil.mx/cancha/mxm/134042/eyJpZERpdmlzaW9uIjoiMTQiLCJpZFRlbXBvcmFkYSI6Ijc0IiwiaWRUb3JuZW8iOiIxIiwiaWRDbHVibG9jYWwiOiIxMTI0NSIsImlkQ2x1YnZpc2l0YSI6IjExMTkyIiwiaWRQYXJ0aWRvIjoiMTM0MDQyIiwicGVzdGFuYSI6IjMifQ==/minuto-a-minuto-atlas-vs-santos-laguna-jornada-9-estadio-jalisco-fox-sports', 'text': ''}","{'type': 'link', 'href': 'https://www.ligafemenil.mx/cancha/informeArbitral/134042/eyJpZERpdmlzaW9uIjoiMTQiLCJpZFRlbXBvcmFkYSI6Ijc0IiwiaWRUb3JuZW8iOiIxIiwiaWRDbHVibG9jYWwiOiIxMTI0NSIsImlkQ2x1YnZpc2l0YSI6IjExMTkyIn0=/informe-arbitral-atlas-vs-santos-laguna-jornada-9-estadio-jalisco-fox-sports', 'text': ''}","{'type': 'link', 'href': 'https://www.ligafemenil.mx/cancha/mxm/134042/eyJpZERpdmlzaW9uIjoiMTQiLCJpZFRlbXBvcmFkYSI6Ijc0IiwiaWRUb3JuZW8iOiIxIiwiaWRDbHVibG9jYWwiOiIxMTI0NSIsImlkQ2x1YnZpc2l0YSI6IjExMTkyIiwiaWRQYXJ0aWRvIjoiMTM0MDQyIiwicGVzdGFuYSI6IjQifQ==/minuto-a-minuto-atlas-vs-santos-laguna-jornada-9-estadio-jalisco-fox-sports', 'text': ''}","{'type': 'link', 'href': 'https://www.ligafemenil.mx/cancha/galeria/MTM0MDQyLzkvNzQvMS8xNA==/atlas-vs-santos-laguna', 'text': ''}","{'type': 'link', 'href': 'https://www.ligafemenil.mx/cancha/playlist/134042/atlas-vs-santos-laguna', 'text': ''}"
2023-2024,Apertura,"{'type': 'text', 'value': 'Miércoles 6 de Septiembre de 2023\nTemporada 2023-2024\nTorneo Apertura\nJornada 9\n6 Septiembre 2023 - 19:00 hrs.'}","{'type': 'link', 'href': 'https://www.ligafemenil.mx/cancha/club/11191/america', 'text': ''}","{'type': 'link', 'href': 'https://www.ligafemenil.mx/cancha/informeArbitral/134049/eyJpZERpdmlzaW9uIjoiMTQiLCJpZFRlbXBvcmFkYSI6Ijc0IiwiaWRUb3JuZW8iOiIxIiwiaWRDbHVibG9jYWwiOjExMTkxLCJpZENsdWJ2aXNpdGEiOjExMTg2fQ==/informe-arbitral-america-vs-tigres-de-la-uanl-jornada-9-estadio-azteca-vix', 'text': '1 - 3'}","{'type': 'link', 'href': 'https://www.ligafemenil.mx/cancha/club/11186/tigres-de-la-uanl', 'text': ''}","{'type': 'link', 'href': 'https://www.ligafemenil.mx/cancha/estadio/1/estadio-azteca', 'text': 'Azteca'}","{'type': 'link', 'href': 'https://www.ligafemenil.mx/cancha/mxm/134049/eyJpZERpdmlzaW9uIjoiMTQiLCJpZFRlbXBvcmFkYSI6Ijc0IiwiaWRUb3JuZW8iOiIxIiwiaWRDbHVibG9jYWwiOiIxMTE5MSIsImlkQ2x1YnZpc2l0YSI6IjExMTg2IiwiaWRQYXJ0aWRvIjoiMTM0MDQ5IiwicGVzdGFuYSI6IjEifQ==/minuto-a-minuto-america-vs-tigres-de-la-uanl-jornada-9-estadio-azteca-vix', 'text': ''}","{'type': 'link', 'href': 'https://www.ligafemenil.mx/cancha/mxm/134049/eyJpZERpdmlzaW9uIjoiMTQiLCJpZFRlbXBvcmFkYSI6Ijc0IiwiaWRUb3JuZW8iOiIxIiwiaWRDbHVibG9jYWwiOiIxMTE5MSIsImlkQ2x1YnZpc2l0YSI6IjExMTg2IiwiaWRQYXJ0aWRvIjoiMTM0MDQ5IiwicGVzdGFuYSI6IjMifQ==/minuto-a-minuto-america-vs-tigres-de-la-uanl-jornada-9-estadio-azteca-vix', 'text': ''}","{'type': 'link', 'href': 'https://www.ligafemenil.mx/cancha/informeArbitral/134049/eyJpZERpdmlzaW9uIjoiMTQiLCJpZFRlbXBvcmFkYSI6Ijc0IiwiaWRUb3JuZW8iOiIxIiwiaWRDbHVibG9jYWwiOiIxMTE5MSIsImlkQ2x1YnZpc2l0YSI6IjExMTg2In0=/informe-arbitral-america-vs-tigres-de-la-uanl-jornada-9-estadio-azteca-vix', 'text': ''}","{'type': 'link', 'href': 'https://www.ligafemenil.mx/cancha/mxm/134049/eyJpZERpdmlzaW9uIjoiMTQiLCJpZFRlbXBvcmFkYSI6Ijc0IiwiaWRUb3JuZW8iOiIxIiwiaWRDbHVibG9jYWwiOiIxMTE5MSIsImlkQ2x1YnZpc2l0YSI6IjExMTg2IiwiaWRQYXJ0aWRvIjoiMTM0MDQ5IiwicGVzdGFuYSI6IjQifQ==/minuto-a-minuto-america-vs-tigres-de-la-uanl-jornada-9-estadio-azteca-vix', 'text': ''}","{'type': 'link', 'href': 'https://www.ligafemenil.mx/cancha/galeria/MTM0MDQ5LzkvNzQvMS8xNA==/america-vs-tigres-de-la-uanl', 'text': ''}","{'type': 'link', 'href': 'https://www.ligafemenil.mx/cancha/playlist/134049/america-vs-tigres-de-la-uanl', 'text': ''}"
2023-2024,Apertura,"{'type': 'text', 'value': 'Jueves 7 de Septiembre de 2023\nTemporada 2023-2024\nTorneo Apertura\nJornada 7\n7 Septiembre 2023 - 19:06 hrs.'}","{'type': 'link', 'href': 'https://www.ligafemenil.mx/cancha/club/11245/atlas', 'text': ''}","{'type': 'link', 'href': 'https://www.ligafemenil.mx/cancha/informeArbitral/134026/eyJpZERpdmlzaW9uIjoiMTQiLCJpZFRlbXBvcmFkYSI6Ijc0IiwiaWRUb3JuZW8iOiIxIiwiaWRDbHVibG9jYWwiOjExMjQ1LCJpZENsdWJ2aXNpdGEiOjExNzc4fQ==/informe-arbitral-atlas-vs-club-atletico-de-san-luis-jornada-7-estadio-jalisco-fox-sports', 'text': '2 - 1'}","{'type': 'link', 'href': 'https://www.ligafemenil.mx/cancha/club/11778/club-atletico-de-san-luis', 'text': ''}","{'type': 'link', 'href': 'https://www.ligafemenil.mx/cancha/estadio/5/estadio-jalisco', 'text': 'Jalisco'}","{'type': 'link', 'href': 'https://www.ligafemenil.mx/cancha/mxm/134026/eyJpZERpdmlzaW9uIjoiMTQiLCJpZFRlbXBvcmFkYSI6Ijc0IiwiaWRUb3JuZW8iOiIxIiwiaWRDbHVibG9jYWwiOiIxMTI0NSIsImlkQ2x1YnZpc2l0YSI6IjExNzc4IiwiaWRQYXJ0aWRvIjoiMTM0MDI2IiwicGVzdGFuYSI6IjEifQ==/minuto-a-minuto-atlas-vs-club-atletico-de-san-luis-jornada-7-estadio-jalisco-fox-sports', 'text': ''}","{'type': 'link', 'href': 'https://www.ligafemenil.mx/cancha/mxm/134026/eyJpZERpdmlzaW9uIjoiMTQiLCJpZFRlbXBvcmFkYSI6Ijc0IiwiaWRUb3JuZW8iOiIxIiwiaWRDbHVibG9jYWwiOiIxMTI0NSIsImlkQ2x1YnZpc2l0YSI6IjExNzc4IiwiaWRQYXJ0aWRvIjoiMTM0MDI2IiwicGVzdGFuYSI6IjMifQ==/minuto-a-minuto-atlas-vs-club-atletico-de-san-luis-jornada-7-estadio-jalisco-fox-sports', 'text': ''}","{'type': 'link', 'href': 'https://www.ligafemenil.mx/cancha/informeArbitral/134026/eyJpZERpdmlzaW9uIjoiMTQiLCJpZFRlbXBvcmFkYSI6Ijc0IiwiaWRUb3JuZW8iOiIxIiwiaWRDbHVibG9jYWwiOiIxMTI0NSIsImlkQ2x1YnZpc2l0YSI6IjExNzc4In0=/informe-arbitral-atlas-vs-club-atletico-de-san-luis-jornada-7-estadio-jalisco-fox-sports', 'text': ''}","{'type': 'link', 'href': 'https://www.ligafemenil.mx/cancha/mxm/134026/eyJpZERpdmlzaW9uIjoiMTQiLCJpZFRlbXBvcmFkYSI6Ijc0IiwiaWRUb3JuZW8iOiIxIiwiaWRDbHVibG9jYWwiOiIxMTI0NSIsImlkQ2x1YnZpc2l0YSI6IjExNzc4IiwiaWRQYXJ0aWRvIjoiMTM0MDI2IiwicGVzdGFuYSI6IjQifQ==/minuto-a-minuto-atlas-vs-club-atletico-de-san-luis-jornada-7-estadio-jalisco-fox-sports', 'text': ''}","{'type': 'link', 'href': 'https://www.ligafemenil.mx/cancha/galeria/MTM0MDI2LzcvNzQvMS8xNA==/atlas-vs-club-atletico-de-san-luis', 'text': ''}","{'type': 'link', 'href': 'https://www.ligafemenil.mx/cancha/playlist/134026/atlas-vs-club-atletico-de-san-luis', 'text': ''}"
2023-2024,Apertura,"{'type': 'text', 'value': 'Sábado 9 de Septiembre de 2023\nTemporada 2023-2024\nTorneo Apertura\nJornada 10\n9 Septiembre 2023 - 17:00 hrs.'}","{'type': 'link', 'href': 'https://www.ligafemenil.mx/cancha/club/11182/guadalajara', 'text': ''}","{'type': 'link', 'href': 'https://www.ligafemenil.mx/cancha/informeArbitral/134051/eyJpZERpdmlzaW9uIjoiMTQiLCJpZFRlbXBvcmFkYSI6Ijc0IiwiaWRUb3JuZW8iOiIxIiwiaWRDbHVibG9jYWwiOjExMTgyLCJpZENsdWJ2aXNpdGEiOjEyMDQyfQ==/informe-arbitral-guadalajara-vs-gallos-blancos-de-queretaro-jornada-10-estadio-akron-fox-sports', 'text': '3 - 1'}","{'type': 'link', 'href': 'https://www.ligafemenil.mx/cancha/club/12042/gallos-blancos-de-queretaro', 'text': ''}","{'type': 'link', 'href': 'https://www.ligafemenil.mx/cancha/estadio/1538/estadio-akron', 'text': 'Estadio AKRON'}","{'type': 'link', 'href': 'https://www.ligafemenil.mx/cancha/mxm/134051/eyJpZERpdmlzaW9uIjoiMTQiLCJpZFRlbXBvcmFkYSI6Ijc0IiwiaWRUb3JuZW8iOiIxIiwiaWRDbHVibG9jYWwiOiIxMTE4MiIsImlkQ2x1YnZpc2l0YSI6IjEyMDQyIiwiaWRQYXJ0aWRvIjoiMTM0MDUxIiwicGVzdGFuYSI6IjEifQ==/minuto-a-minuto-guadalajara-vs-gallos-blancos-de-queretaro-jornada-10-estadio-akron-fox-sports', 'text': ''}","{'type': 'link', 'href': 'https://www.ligafemenil.mx/cancha/mxm/134051/eyJpZERpdmlzaW9uIjoiMTQiLCJpZFRlbXBvcmFkYSI6Ijc0IiwiaWRUb3JuZW8iOiIxIiwiaWRDbHVibG9jYWwiOiIxMTE4MiIsImlkQ2x1YnZpc2l0YSI6IjEyMDQyIiwiaWRQYXJ0aWRvIjoiMTM0MDUxIiwicGVzdGFuYSI6IjMifQ==/minuto-a-minuto-guadalajara-vs-gallos-blancos-de-queretaro-jornada-10-estadio-akron-fox-sports', 'text': ''}","{'type': 'link', 'href': 'https://www.ligafemenil.mx/cancha/informeArbitral/134051/eyJpZERpdmlzaW9uIjoiMTQiLCJpZFRlbXBvcmFkYSI6Ijc0IiwiaWRUb3JuZW8iOiIxIiwiaWRDbHVibG9jYWwiOiIxMTE4MiIsImlkQ2x1YnZpc2l0YSI6IjEyMDQyIn0=/informe-arbitral-guadalajara-vs-gallos-blancos-de-queretaro-jornada-10-estadio-akron-fox-sports', 'text': ''}","{'type': 'link', 'href': 'https://www.ligafemenil.mx/cancha/mxm/134051/eyJpZERpdmlzaW9uIjoiMTQiLCJpZFRlbXBvcmFkYSI6Ijc0IiwiaWRUb3JuZW8iOiIxIiwiaWRDbHVibG9jYWwiOiIxMTE4MiIsImlkQ2x1YnZpc2l0YSI6IjEyMDQyIiwiaWRQYXJ0aWRvIjoiMTM0MDUxIiwicGVzdGFuYSI6IjQifQ==/minuto-a-minuto-guadalajara-vs-gallos-blancos-de-queretaro-jornada-10-estadio-akron-fox-sports', 'text': ''}","{'type': 'link', 'href': 'https://www.ligafemenil.mx/cancha/galeria/MTM0MDUxLzEwLzc0LzEvMTQ=/guadalajara-vs-gallos-blancos-de-queretaro', 'text': ''}","{'type': 'link', 'href': 'https://www.ligafemenil.mx/cancha/playlist/134051/guadalajara-vs-gallos-blancos-de-queretaro', 'text': ''}"
2023-2024,Apertura,"{'type': 'text', 'value': 'Sábado 9 de Septiembre de 2023\nTemporada 2023-2024\nTorneo Apertura\nJornada 10\n9 Septiembre 2023 - 18:06 hrs.'}","{'type': 'link', 'href': 'https://www.ligafemenil.mx/cancha/club/12051/mazatlan-fc', 'text': ''}","{'type': 'link', 'href': 'https://www.ligafemenil.mx/cancha/informeArbitral/134055/eyJpZERpdmlzaW9uIjoiMTQiLCJpZFRlbXBvcmFkYSI6Ijc0IiwiaWRUb3JuZW8iOiIxIiwiaWRDbHVibG9jYWwiOjEyMDUxLCJpZENsdWJ2aXNpdGEiOjExMTgwfQ==/informe-arbitral-mazatlan-fc-vs-tijuana-jornada-10-estadio-mazatlan-fox-sports', 'text': '0 - 2'}","{'type': 'link', 'href': 'https://www.ligafemenil.mx/cancha/club/11180/tijuana', 'text': ''}","{'type': 'link', 'href': 'https://www.ligafemenil.mx/cancha/estadio/1697/estadio-mazatlan', 'text': 'Estadio Mazatlán'}","{'type': 'link', 'href': 'https://www.ligafemenil.mx/cancha/mxm/134055/eyJpZERpdmlzaW9uIjoiMTQiLCJpZFRlbXBvcmFkYSI6Ijc0IiwiaWRUb3JuZW8iOiIxIiwiaWRDbHVibG9jYWwiOiIxMjA1MSIsImlkQ2x1YnZpc2l0YSI6IjExMTgwIiwiaWRQYXJ0aWRvIjoiMTM0MDU1IiwicGVzdGFuYSI6IjEifQ==/minuto-a-minuto-mazatlan-fc-vs-tijuana-jornada-10-estadio-mazatlan-fox-sports', 'text': ''}","{'type': 'link', 'href': 'https://www.ligafemenil.mx/cancha/mxm/134055/eyJpZERpdmlzaW9uIjoiMTQiLCJpZFRlbXBvcmFkYSI6Ijc0IiwiaWRUb3JuZW8iOiIxIiwiaWRDbHVibG9jYWwiOiIxMjA1MSIsImlkQ2x1YnZpc2l0YSI6IjExMTgwIiwiaWRQYXJ0aWRvIjoiMTM0MDU1IiwicGVzdGFuYSI6IjMifQ==/minuto-a-minuto-mazatlan-fc-vs-tijuana-jornada-10-estadio-mazatlan-fox-sports', 'text': ''}","{'type': 'link', 'href': 'https://www.ligafemenil.mx/cancha/informeArbitral/134055/eyJpZERpdmlzaW9uIjoiMTQiLCJpZFRlbXBvcmFkYSI6Ijc0IiwiaWRUb3JuZW8iOiIxIiwiaWRDbHVibG9jYWwiOiIxMjA1MSIsImlkQ2x1YnZpc2l0YSI6IjExMTgwIn0=/informe-arbitral-mazatlan-fc-vs-tijuana-jornada-10-estadio-mazatlan-fox-sports', 'text': ''}","{'type': 'link', 'href': 'https://www.ligafemenil.mx/cancha/mxm/134055/eyJpZERpdmlzaW9uIjoiMTQiLCJpZFRlbXBvcmFkYSI6Ijc0IiwiaWRUb3JuZW8iOiIxIiwiaWRDbHVibG9jYWwiOiIxMjA1MSIsImlkQ2x1YnZpc2l0YSI6IjExMTgwIiwiaWRQYXJ0aWRvIjoiMTM0MDU1IiwicGVzdGFuYSI6IjQifQ==/minuto-a-minuto-mazatlan-fc-vs-tijuana-jornada-10-estadio-mazatlan-fox-sports', 'text': ''}","{'type': 'link', 'href': 'https://www.ligafemenil.mx/cancha/galeria/MTM0MDU1LzEwLzc0LzEvMTQ=/mazatlan-fc-vs-tijuana', 'text': ''}","{'type': 'link', 'href': 'https://www.ligafemenil.mx/cancha/playlist/134055/mazatlan-fc-vs-tijuana', 'text': ''}"
2023-2024,Apertura,"{'type': 'text', 'value': 'Domingo 10 de Septiembre de 2023\nTemporada 2023-2024\nTorneo Apertura\nJornada 10\n10 Septiembre 2023 - 16:00 hrs.'}","{'type': 'link', 'href': 'https://www.ligafemenil.mx/cancha/club/11184/pachuca', 'text': ''}","{'type': 'link', 'href': 'https://www.ligafemenil.mx/cancha/informeArbitral/134053/eyJpZERpdmlzaW9uIjoiMTQiLCJpZFRlbXBvcmFkYSI6Ijc0IiwiaWRUb3JuZW8iOiIxIiwiaWRDbHVibG9jYWwiOjExMTg0LCJpZENsdWJ2aXNpdGEiOjExMTg4fQ==/informe-arbitral-pachuca-vs-pumas-jornada-10-estadio-hidalgo-fox-sports', 'text': '2 - 1'}","{'type': 'link', 'href': 'https://www.ligafemenil.mx/cancha/club/11188/pumas', 'text': ''}","{'type': 'link', 'href': 'https://www.ligafemenil.mx/cancha/estadio/11/estadio-hidalgo', 'text': 'Hidalgo'}","{'type': 'link', 'href': 'https://www.ligafemenil.mx/cancha/mxm/134053/eyJpZERpdmlzaW9uIjoiMTQiLCJpZFRlbXBvcmFkYSI6Ijc0IiwiaWRUb3JuZW8iOiIxIiwiaWRDbHVibG9jYWwiOiIxMTE4NCIsImlkQ2x1YnZpc2l0YSI6IjExMTg4IiwiaWRQYXJ0aWRvIjoiMTM0MDUzIiwicGVzdGFuYSI6IjEifQ==/minuto-a-minuto-pachuca-vs-pumas-jornada-10-estadio-hidalgo-fox-sports', 'text': ''}","{'type': 'link', 'href': 'https://www.ligafemenil.mx/cancha/mxm/134053/eyJpZERpdmlzaW9uIjoiMTQiLCJpZFRlbXBvcmFkYSI6Ijc0IiwiaWRUb3JuZW8iOiIxIiwiaWRDbHVibG9jYWwiOiIxMTE4NCIsImlkQ2x1YnZpc2l0YSI6IjExMTg4IiwiaWRQYXJ0aWRvIjoiMTM0MDUzIiwicGVzdGFuYSI6IjMifQ==/minuto-a-minuto-pachuca-vs-pumas-jornada-10-estadio-hidalgo-fox-sports', 'text': ''}","{'type': 'link', 'href': 'https://www.ligafemenil.mx/cancha/informeArbitral/134053/eyJpZERpdmlzaW9uIjoiMTQiLCJpZFRlbXBvcmFkYSI6Ijc0IiwiaWRUb3JuZW8iOiIxIiwiaWRDbHVibG9jYWwiOiIxMTE4NCIsImlkQ2x1YnZpc2l0YSI6IjExMTg4In0=/informe-arbitral-pachuca-vs-pumas-jornada-10-estadio-hidalgo-fox-sports', 'text': ''}","{'type': 'link', 'href': 'https://www.ligafemenil.mx/cancha/mxm/134053/eyJpZERpdmlzaW9uIjoiMTQiLCJpZFRlbXBvcmFkYSI6Ijc0IiwiaWRUb3JuZW8iOiIxIiwiaWRDbHVibG9jYWwiOiIxMTE4NCIsImlkQ2x1YnZpc2l0YSI6IjExMTg4IiwiaWRQYXJ0aWRvIjoiMTM0MDUzIiwicGVzdGFuYSI6IjQifQ==/minuto-a-minuto-pachuca-vs-pumas-jornada-10-estadio-hidalgo-fox-sports', 'text': ''}","{'type': 'link', 'href': 'https://www.ligafemenil.mx/cancha/galeria/MTM0MDUzLzEwLzc0LzEvMTQ=/pachuca-vs-pumas', 'text': ''}","{'type': 'link', 'href': 'https://www.ligafemenil.mx/cancha/playlist/134053/pachuca-vs-pumas', 'text': ''}"
2023-2024,Apertura,"{'type': 'text', 'value': 'Domingo 10 de Septiembre de 2023\nTemporada 2023-2024\nTorneo Apertura\nJornada 10\n10 Septiembre 2023 - 18:06 hrs.'}","{'type': 'link', 'href': 'https://www.ligafemenil.mx/cancha/club/11192/santos-laguna', 'text': ''}","{'type': 'link', 'href': 'https://www.ligafemenil.mx/cancha/informeArbitral/134054/eyJpZERpdmlzaW9uIjoiMTQiLCJpZFRlbXBvcmFkYSI6Ijc0IiwiaWRUb3JuZW8iOiIxIiwiaWRDbHVibG9jYWwiOjExMTkyLCJpZENsdWJ2aXNpdGEiOjExMTg1fQ==/informe-arbitral-santos-laguna-vs-rayados-de-monterrey-jornada-10-estadio-tsm-corona-fox-sports', 'text': '1 - 3'}","{'type': 'link', 'href': 'https://www.ligafemenil.mx/cancha/club/11185/rayados-de-monterrey', 'text': ''}","{'type': 'link', 'href': 'https://www.ligafemenil.mx/cancha/estadio/63/estadio-tsm-corona', 'text': 'TSM Corona'}","{'type': 'link', 'href': 'https://www.ligafemenil.mx/cancha/mxm/134054/eyJpZERpdmlzaW9uIjoiMTQiLCJpZFRlbXBvcmFkYSI6Ijc0IiwiaWRUb3JuZW8iOiIxIiwiaWRDbHVibG9jYWwiOiIxMTE5MiIsImlkQ2x1YnZpc2l0YSI6IjExMTg1IiwiaWRQYXJ0aWRvIjoiMTM0MDU0IiwicGVzdGFuYSI6IjEifQ==/minuto-a-minuto-santos-laguna-vs-rayados-de-monterrey-jornada-10-estadio-tsm-corona-fox-sports', 'text': ''}","{'type': 'link', 'href': 'https://www.ligafemenil.mx/cancha/mxm/134054/eyJpZERpdmlzaW9uIjoiMTQiLCJpZFRlbXBvcmFkYSI6Ijc0IiwiaWRUb3JuZW8iOiIxIiwiaWRDbHVibG9jYWwiOiIxMTE5MiIsImlkQ2x1YnZpc2l0YSI6IjExMTg1IiwiaWRQYXJ0aWRvIjoiMTM0MDU0IiwicGVzdGFuYSI6IjMifQ==/minuto-a-minuto-santos-laguna-vs-rayados-de-monterrey-jornada-10-estadio-tsm-corona-fox-sports', 'text': ''}","{'type': 'link', 'href': 'https://www.ligafemenil.mx/cancha/informeArbitral/134054/eyJpZERpdmlzaW9uIjoiMTQiLCJpZFRlbXBvcmFkYSI6Ijc0IiwiaWRUb3JuZW8iOiIxIiwiaWRDbHVibG9jYWwiOiIxMTE5MiIsImlkQ2x1YnZpc2l0YSI6IjExMTg1In0=/informe-arbitral-santos-laguna-vs-rayados-de-monterrey-jornada-10-estadio-tsm-corona-fox-sports', 'text': ''}","{'type': 'link', 'href': 'https://www.ligafemenil.mx/cancha/mxm/134054/eyJpZERpdmlzaW9uIjoiMTQiLCJpZFRlbXBvcmFkYSI6Ijc0IiwiaWRUb3JuZW8iOiIxIiwiaWRDbHVibG9jYWwiOiIxMTE5MiIsImlkQ2x1YnZpc2l0YSI6IjExMTg1IiwiaWRQYXJ0aWRvIjoiMTM0MDU0IiwicGVzdGFuYSI6IjQifQ==/minuto-a-minuto-santos-laguna-vs-rayados-de-monterrey-jornada-10-estadio-tsm-corona-fox-sports', 'text': ''}","{'type': 'link', 'href': 'https://www.ligafemenil.mx/cancha/galeria/MTM0MDU0LzEwLzc0LzEvMTQ=/santos-laguna-vs-rayados-de-monterrey', 'text': ''}","{'type': 'link', 'href': 'https://www.ligafemenil.mx/cancha/playlist/134054/santos-laguna-vs-rayados-de-monterrey', 'text': ''}"
2023-2024,Apertura,"{'type': 'text', 'value': 'Domingo 10 de Septiembre de 2023\nTemporada 2023-2024\nTorneo Apertura\nJornada 10\n10 Septiembre 2023 - 20:06 hrs.'}","{'type': 'link', 'href': 'https://www.ligafemenil.mx/cancha/club/11795/fc-juarez', 'text': ''}","{'type': 'link', 'href': 'https://www.ligafemenil.mx/cancha/informeArbitral/134056/eyJpZERpdmlzaW9uIjoiMTQiLCJpZFRlbXBvcmFkYSI6Ijc0IiwiaWRUb3JuZW8iOiIxIiwiaWRDbHVibG9jYWwiOjExNzk1LCJpZENsdWJ2aXNpdGEiOjExMTg5fQ==/informe-arbitral-fc-juarez-vs-necaxa-jornada-10-estadio-olimpico-benito-juarez-fox-sports', 'text': '6 - 0'}","{'type': 'link', 'href': 'https://www.ligafemenil.mx/cancha/club/11189/necaxa', 'text': ''}","{'type': 'link', 'href': 'https://www.ligafemenil.mx/cancha/estadio/17/estadio-olimpico-benito-juarez', 'text': 'Olímpico Benito Juárez'}","{'type': 'link', 'href': 'https://www.ligafemenil.mx/cancha/mxm/134056/eyJpZERpdmlzaW9uIjoiMTQiLCJpZFRlbXBvcmFkYSI6Ijc0IiwiaWRUb3JuZW8iOiIxIiwiaWRDbHVibG9jYWwiOiIxMTc5NSIsImlkQ2x1YnZpc2l0YSI6IjExMTg5IiwiaWRQYXJ0aWRvIjoiMTM0MDU2IiwicGVzdGFuYSI6IjEifQ==/minuto-a-minuto-fc-juarez-vs-necaxa-jornada-10-estadio-olimpico-benito-juarez-fox-sports', 'text': ''}","{'type': 'link', 'href': 'https://www.ligafemenil.mx/cancha/mxm/134056/eyJpZERpdmlzaW9uIjoiMTQiLCJpZFRlbXBvcmFkYSI6Ijc0IiwiaWRUb3JuZW8iOiIxIiwiaWRDbHVibG9jYWwiOiIxMTc5NSIsImlkQ2x1YnZpc2l0YSI6IjExMTg5IiwiaWRQYXJ0aWRvIjoiMTM0MDU2IiwicGVzdGFuYSI6IjMifQ==/minuto-a-minuto-fc-juarez-vs-necaxa-jornada-10-estadio-olimpico-benito-juarez-fox-sports', 'text': ''}","{'type': 'link', 'href': 'https://www.ligafemenil.mx/cancha/informeArbitral/134056/eyJpZERpdmlzaW9uIjoiMTQiLCJpZFRlbXBvcmFkYSI6Ijc0IiwiaWRUb3JuZW8iOiIxIiwiaWRDbHVibG9jYWwiOiIxMTc5NSIsImlkQ2x1YnZpc2l0YSI6IjExMTg5In0=/informe-arbitral-fc-juarez-vs-necaxa-jornada-10-estadio-olimpico-benito-juarez-fox-sports', 'text': ''}","{'type': 'link', 'href': 'https://www.ligafemenil.mx/cancha/mxm/134056/eyJpZERpdmlzaW9uIjoiMTQiLCJpZFRlbXBvcmFkYSI6Ijc0IiwiaWRUb3JuZW8iOiIxIiwiaWRDbHVibG9jYWwiOiIxMTc5NSIsImlkQ2x1YnZpc2l0YSI6IjExMTg5IiwiaWRQYXJ0aWRvIjoiMTM0MDU2IiwicGVzdGFuYSI6IjQifQ==/minuto-a-minuto-fc-juarez-vs-necaxa-jornada-10-estadio-olimpico-benito-juarez-fox-sports', 'text': ''}","{'type': 'link', 'href': 'https://www.ligafemenil.mx/cancha/galeria/MTM0MDU2LzEwLzc0LzEvMTQ=/fc-juarez-vs-necaxa', 'text': ''}","{'type': 'link', 'href': 'https://www.ligafemenil.mx/cancha/playlist/134056/fc-juarez-vs-necaxa', 'text': ''}"
2023-2024,Apertura,"{'type': 'text', 'value': 'Lunes 11 de Septiembre de 2023\nTemporada 2023-2024\nTorneo Apertura\nJornada 10\n11 Septiembre 2023 - 15:45 hrs.'}","{'type': 'link', 'href': 'https://www.ligafemenil.mx/cancha/club/11181/cruz-azul', 'text': ''}","{'type': 'link', 'href': 'https://www.ligafemenil.mx/cancha/informeArbitral/134050/eyJpZERpdmlzaW9uIjoiMTQiLCJpZFRlbXBvcmFkYSI6Ijc0IiwiaWRUb3JuZW8iOiIxIiwiaWRDbHVibG9jYWwiOjExMTgxLCJpZENsdWJ2aXNpdGEiOjExMjQ1fQ==/informe-arbitral-cruz-azul-vs-atlas-jornada-10-estadio-instalaciones-la-noria-vix', 'text': '2 - 0'}","{'type': 'link', 'href': 'https://www.ligafemenil.mx/cancha/club/11245/atlas', 'text': ''}","{'type': 'link', 'href': 'https://www.ligafemenil.mx/cancha/estadio/877/estadio-instalaciones-la-noria', 'text': 'INSTALACIONES LA NORIA'}","{'type': 'link', 'href': 'https://www.ligafemenil.mx/cancha/mxm/134050/eyJpZERpdmlzaW9uIjoiMTQiLCJpZFRlbXBvcmFkYSI6Ijc0IiwiaWRUb3JuZW8iOiIxIiwiaWRDbHVibG9jYWwiOiIxMTE4MSIsImlkQ2x1YnZpc2l0YSI6IjExMjQ1IiwiaWRQYXJ0aWRvIjoiMTM0MDUwIiwicGVzdGFuYSI6IjEifQ==/minuto-a-minuto-cruz-azul-vs-atlas-jornada-10-estadio-instalaciones-la-noria-vix', 'text': ''}","{'type': 'link', 'href': 'https://www.ligafemenil.mx/cancha/mxm/134050/eyJpZERpdmlzaW9uIjoiMTQiLCJpZFRlbXBvcmFkYSI6Ijc0IiwiaWRUb3JuZW8iOiIxIiwiaWRDbHVibG9jYWwiOiIxMTE4MSIsImlkQ2x1YnZpc2l0YSI6IjExMjQ1IiwiaWRQYXJ0aWRvIjoiMTM0MDUwIiwicGVzdGFuYSI6IjMifQ==/minuto-a-minuto-cruz-azul-vs-atlas-jornada-10-estadio-instalaciones-la-noria-vix', 'text': ''}","{'type': 'link', 'href': 'https://www.ligafemenil.mx/cancha/informeArbitral/134050/eyJpZERpdmlzaW9uIjoiMTQiLCJpZFRlbXBvcmFkYSI6Ijc0IiwiaWRUb3JuZW8iOiIxIiwiaWRDbHVibG9jYWwiOiIxMTE4MSIsImlkQ2x1YnZpc2l0YSI6IjExMjQ1In0=/informe-arbitral-cruz-azul-vs-atlas-jornada-10-estadio-instalaciones-la-noria-vix', 'text': ''}","{'type': 'link', 'href': 'https://www.ligafemenil.mx/cancha/mxm/134050/eyJpZERpdmlzaW9uIjoiMTQiLCJpZFRlbXBvcmFkYSI6Ijc0IiwiaWRUb3JuZW8iOiIxIiwiaWRDbHVibG9jYWwiOiIxMTE4MSIsImlkQ2x1YnZpc2l0YSI6IjExMjQ1IiwiaWRQYXJ0aWRvIjoiMTM0MDUwIiwicGVzdGFuYSI6IjQifQ==/minuto-a-minuto-cruz-azul-vs-atlas-jornada-10-estadio-instalaciones-la-noria-vix', 'text': ''}","{'type': 'link', 'href': 'https://www.ligafemenil.mx/cancha/galeria/MTM0MDUwLzEwLzc0LzEvMTQ=/cruz-azul-vs-atlas', 'text': ''}","{'type': 'link', 'href': 'https://www.ligafemenil.mx/cancha/playlist/134050/cruz-azul-vs-atlas', 'text': ''}"
2023-2024,Apertura,"{'type': 'text', 'value': 'Lunes 11 de Septiembre de 2023\nTemporada 2023-2024\nTorneo Apertura\nJornada 10\n11 Septiembre 2023 - 19:00 hrs.'}","{'type': 'link', 'href': 'https://www.ligafemenil.mx/cancha/club/11186/tigres-de-la-uanl', 'text': ''}","{'type': 'link', 'href': 'https://www.ligafemenil.mx/cancha/informeArbitral/134058/eyJpZERpdmlzaW9uIjoiMTQiLCJpZFRlbXBvcmFkYSI6Ijc0IiwiaWRUb3JuZW8iOiIxIiwiaWRDbHVibG9jYWwiOjExMTg2LCJpZENsdWJ2aXNpdGEiOjExMjQzfQ==/informe-arbitral-tigres-de-la-uanl-vs-leon-jornada-10-estadio-universitario-vix', 'text': '3 - 1'}","{'type': 'link', 'href': 'https://www.ligafemenil.mx/cancha/club/11243/leon', 'text': ''}","{'type': 'link', 'href': 'https://www.ligafemenil.mx/cancha/estadio/12/estadio-universitario', 'text': 'Universitario'}","{'type': 'link', 'href': 'https://www.ligafemenil.mx/cancha/mxm/134058/eyJpZERpdmlzaW9uIjoiMTQiLCJpZFRlbXBvcmFkYSI6Ijc0IiwiaWRUb3JuZW8iOiIxIiwiaWRDbHVibG9jYWwiOiIxMTE4NiIsImlkQ2x1YnZpc2l0YSI6IjExMjQzIiwiaWRQYXJ0aWRvIjoiMTM0MDU4IiwicGVzdGFuYSI6IjEifQ==/minuto-a-minuto-tigres-de-la-uanl-vs-leon-jornada-10-estadio-universitario-vix', 'text': ''}","{'type': 'link', 'href': 'https://www.ligafemenil.mx/cancha/mxm/134058/eyJpZERpdmlzaW9uIjoiMTQiLCJpZFRlbXBvcmFkYSI6Ijc0IiwiaWRUb3JuZW8iOiIxIiwiaWRDbHVibG9jYWwiOiIxMTE4NiIsImlkQ2x1YnZpc2l0YSI6IjExMjQzIiwiaWRQYXJ0aWRvIjoiMTM0MDU4IiwicGVzdGFuYSI6IjMifQ==/minuto-a-minuto-tigres-de-la-uanl-vs-leon-jornada-10-estadio-universitario-vix', 'text': ''}","{'type': 'link', 'href': 'https://www.ligafemenil.mx/cancha/informeArbitral/134058/eyJpZERpdmlzaW9uIjoiMTQiLCJpZFRlbXBvcmFkYSI6Ijc0IiwiaWRUb3JuZW8iOiIxIiwiaWRDbHVibG9jYWwiOiIxMTE4NiIsImlkQ2x1YnZpc2l0YSI6IjExMjQzIn0=/informe-arbitral-tigres-de-la-uanl-vs-leon-jornada-10-estadio-universitario-vix', 'text': ''}","{'type': 'link', 'href': 'https://www.ligafemenil.mx/cancha/mxm/134058/eyJpZERpdmlzaW9uIjoiMTQiLCJpZFRlbXBvcmFkYSI6Ijc0IiwiaWRUb3JuZW8iOiIxIiwiaWRDbHVibG9jYWwiOiIxMTE4NiIsImlkQ2x1YnZpc2l0YSI6IjExMjQzIiwiaWRQYXJ0aWRvIjoiMTM0MDU4IiwicGVzdGFuYSI6IjQifQ==/minuto-a-minuto-tigres-de-la-uanl-vs-leon-jornada-10-estadio-universitario-vix', 'text': ''}","{'type': 'link', 'href': 'https://www.ligafemenil.mx/cancha/galeria/MTM0MDU4LzEwLzc0LzEvMTQ=/tigres-de-la-uanl-vs-leon', 'text': ''}","{'type': 'link', 'href': 'https://www.ligafemenil.mx/cancha/playlist/134058/tigres-de-la-uanl-vs-leon', 'text': ''}"
2023-2024,Apertura,"{'type': 'text', 'value': 'Martes 12 de Septiembre de 2023\nTemporada 2023-2024\nTorneo Apertura\nJornada 10\n12 Septiembre 2023 - 20:00 hrs.'}","{'type': 'link', 'href': 'https://www.ligafemenil.mx/cancha/club/11778/club-atletico-de-san-luis', 'text': ''}","{'type': 'link', 'href': 'https://www.ligafemenil.mx/cancha/informeArbitral/134057/eyJpZERpdmlzaW9uIjoiMTQiLCJpZFRlbXBvcmFkYSI6Ijc0IiwiaWRUb3JuZW8iOiIxIiwiaWRDbHVibG9jYWwiOjExNzc4LCJpZENsdWJ2aXNpdGEiOjExMTkxfQ==/informe-arbitral-club-atletico-de-san-luis-vs-america-jornada-10-estadio-alfonso-lastras-ramirez-espn', 'text': '1 - 4'}","{'type': 'link', 'href': 'https://www.ligafemenil.mx/cancha/club/11191/america', 'text': ''}","{'type': 'link', 'href': 'https://www.ligafemenil.mx/cancha/estadio/14/estadio-alfonso-lastras-ramirez', 'text': 'Alfonso Lastras Ramírez'}","{'type': 'link', 'href': 'https://www.ligafemenil.mx/cancha/mxm/134057/eyJpZERpdmlzaW9uIjoiMTQiLCJpZFRlbXBvcmFkYSI6Ijc0IiwiaWRUb3JuZW8iOiIxIiwiaWRDbHVibG9jYWwiOiIxMTc3OCIsImlkQ2x1YnZpc2l0YSI6IjExMTkxIiwiaWRQYXJ0aWRvIjoiMTM0MDU3IiwicGVzdGFuYSI6IjEifQ==/minuto-a-minuto-club-atletico-de-san-luis-vs-america-jornada-10-estadio-alfonso-lastras-ramirez-espn', 'text': ''}","{'type': 'link', 'href': 'https://www.ligafemenil.mx/cancha/mxm/134057/eyJpZERpdmlzaW9uIjoiMTQiLCJpZFRlbXBvcmFkYSI6Ijc0IiwiaWRUb3JuZW8iOiIxIiwiaWRDbHVibG9jYWwiOiIxMTc3OCIsImlkQ2x1YnZpc2l0YSI6IjExMTkxIiwiaWRQYXJ0aWRvIjoiMTM0MDU3IiwicGVzdGFuYSI6IjMifQ==/minuto-a-minuto-club-atletico-de-san-luis-vs-america-jornada-10-estadio-alfonso-lastras-ramirez-espn', 'text': ''}","{'type': 'link', 'href': 'https://www.ligafemenil.mx/cancha/informeArbitral/134057/eyJpZERpdmlzaW9uIjoiMTQiLCJpZFRlbXBvcmFkYSI6Ijc0IiwiaWRUb3JuZW8iOiIxIiwiaWRDbHVibG9jYWwiOiIxMTc3OCIsImlkQ2x1YnZpc2l0YSI6IjExMTkxIn0=/informe-arbitral-club-atletico-de-san-luis-vs-america-jornada-10-estadio-alfonso-lastras-ramirez-espn', 'text': ''}","{'type': 'link', 'href': 'https://www.ligafemenil.mx/cancha/mxm/134057/eyJpZERpdmlzaW9uIjoiMTQiLCJpZFRlbXBvcmFkYSI6Ijc0IiwiaWRUb3JuZW8iOiIxIiwiaWRDbHVibG9jYWwiOiIxMTc3OCIsImlkQ2x1YnZpc2l0YSI6IjExMTkxIiwiaWRQYXJ0aWRvIjoiMTM0MDU3IiwicGVzdGFuYSI6IjQifQ==/minuto-a-minuto-club-atletico-de-san-luis-vs-america-jornada-10-estadio-alfonso-lastras-ramirez-espn', 'text': ''}","{'type': 'link', 'href': 'https://www.ligafemenil.mx/cancha/galeria/MTM0MDU3LzEwLzc0LzEvMTQ=/club-atletico-de-san-luis-vs-america', 'text': ''}","{'type': 'link', 'href': 'https://www.ligafemenil.mx/cancha/playlist/134057/club-atletico-de-san-luis-vs-america', 'text': ''}"
2023-2024,Apertura,"{'type': 'text', 'value': 'Jueves 14 de Septiembre de 2023\nTemporada 2023-2024\nTorneo Apertura\nJornada 14\n14 Septiembre 2023 - 21:06 hrs.'}","{'type': 'link', 'href': 'https://www.ligafemenil.mx/cancha/club/11795/fc-juarez', 'text': ''}","{'type': 'link', 'href': 'https://www.ligafemenil.mx/cancha/informeArbitral/134093/eyJpZERpdmlzaW9uIjoiMTQiLCJpZFRlbXBvcmFkYSI6Ijc0IiwiaWRUb3JuZW8iOiIxIiwiaWRDbHVibG9jYWwiOjExNzk1LCJpZENsdWJ2aXNpdGEiOjExNTQzfQ==/informe-arbitral-fc-juarez-vs-puebla-fc-jornada-14-estadio-olimpico-benito-juarez-fox-sports', 'text': '3 - 0'}","{'type': 'link', 'href': 'https://www.ligafemenil.mx/cancha/club/11543/puebla-fc', 'text': ''}","{'type': 'link', 'href': 'https://www.ligafemenil.mx/cancha/estadio/17/estadio-olimpico-benito-juarez', 'text': 'Olímpico Benito Juárez'}","{'type': 'link', 'href': 'https://www.ligafemenil.mx/cancha/mxm/134093/eyJpZERpdmlzaW9uIjoiMTQiLCJpZFRlbXBvcmFkYSI6Ijc0IiwiaWRUb3JuZW8iOiIxIiwiaWRDbHVibG9jYWwiOiIxMTc5NSIsImlkQ2x1YnZpc2l0YSI6IjExNTQzIiwiaWRQYXJ0aWRvIjoiMTM0MDkzIiwicGVzdGFuYSI6IjEifQ==/minuto-a-minuto-fc-juarez-vs-puebla-fc-jornada-14-estadio-olimpico-benito-juarez-fox-sports', 'text': ''}","{'type': 'link', 'href': 'https://www.ligafemenil.mx/cancha/mxm/134093/eyJpZERpdmlzaW9uIjoiMTQiLCJpZFRlbXBvcmFkYSI6Ijc0IiwiaWRUb3JuZW8iOiIxIiwiaWRDbHVibG9jYWwiOiIxMTc5NSIsImlkQ2x1YnZpc2l0YSI6IjExNTQzIiwiaWRQYXJ0aWRvIjoiMTM0MDkzIiwicGVzdGFuYSI6IjMifQ==/minuto-a-minuto-fc-juarez-vs-puebla-fc-jornada-14-estadio-olimpico-benito-juarez-fox-sports', 'text': ''}","{'type': 'link', 'href': 'https://www.ligafemenil.mx/cancha/informeArbitral/134093/eyJpZERpdmlzaW9uIjoiMTQiLCJpZFRlbXBvcmFkYSI6Ijc0IiwiaWRUb3JuZW8iOiIxIiwiaWRDbHVibG9jYWwiOiIxMTc5NSIsImlkQ2x1YnZpc2l0YSI6IjExNTQzIn0=/informe-arbitral-fc-juarez-vs-puebla-fc-jornada-14-estadio-olimpico-benito-juarez-fox-sports', 'text': ''}","{'type': 'link', 'href': 'https://www.ligafemenil.mx/cancha/mxm/134093/eyJpZERpdmlzaW9uIjoiMTQiLCJpZFRlbXBvcmFkYSI6Ijc0IiwiaWRUb3JuZW8iOiIxIiwiaWRDbHVibG9jYWwiOiIxMTc5NSIsImlkQ2x1YnZpc2l0YSI6IjExNTQzIiwiaWRQYXJ0aWRvIjoiMTM0MDkzIiwicGVzdGFuYSI6IjQifQ==/minuto-a-minuto-fc-juarez-vs-puebla-fc-jornada-14-estadio-olimpico-benito-juarez-fox-sports', 'text': ''}","{'type': 'link', 'href': 'https://www.ligafemenil.mx/cancha/galeria/MTM0MDkzLzE0Lzc0LzEvMTQ=/fc-juarez-vs-puebla-fc', 'text': ''}","{'type': 'link', 'href': 'https://www.ligafemenil.mx/cancha/playlist/134093/fc-juarez-vs-puebla-fc', 'text': ''}"
2023-2024,Apertura,"{'type': 'text', 'value': 'Viernes 15 de Septiembre de 2023\nTemporada 2023-2024\nTorneo Apertura\nJornada 11\n15 Septiembre 2023 - 17:00 hrs.'}","{'type': 'link', 'href': 'https://www.ligafemenil.mx/cancha/club/11189/necaxa', 'text': ''}","{'type': 'link', 'href': 'https://www.ligafemenil.mx/cancha/informeArbitral/134061/eyJpZERpdmlzaW9uIjoiMTQiLCJpZFRlbXBvcmFkYSI6Ijc0IiwiaWRUb3JuZW8iOiIxIiwiaWRDbHVibG9jYWwiOjExMTg5LCJpZENsdWJ2aXNpdGEiOjExMTkyfQ==/informe-arbitral-necaxa-vs-santos-laguna-jornada-11-estadio-victoria-vix', 'text': '2 - 2'}","{'type': 'link', 'href': 'https://www.ligafemenil.mx/cancha/club/11192/santos-laguna', 'text': ''}","{'type': 'link', 'href': 'https://www.ligafemenil.mx/cancha/estadio/15/estadio-victoria', 'text': 'Victoria'}","{'type': 'link', 'href': 'https://www.ligafemenil.mx/cancha/mxm/134061/eyJpZERpdmlzaW9uIjoiMTQiLCJpZFRlbXBvcmFkYSI6Ijc0IiwiaWRUb3JuZW8iOiIxIiwiaWRDbHVibG9jYWwiOiIxMTE4OSIsImlkQ2x1YnZpc2l0YSI6IjExMTkyIiwiaWRQYXJ0aWRvIjoiMTM0MDYxIiwicGVzdGFuYSI6IjEifQ==/minuto-a-minuto-necaxa-vs-santos-laguna-jornada-11-estadio-victoria-vix', 'text': ''}","{'type': 'link', 'href': 'https://www.ligafemenil.mx/cancha/mxm/134061/eyJpZERpdmlzaW9uIjoiMTQiLCJpZFRlbXBvcmFkYSI6Ijc0IiwiaWRUb3JuZW8iOiIxIiwiaWRDbHVibG9jYWwiOiIxMTE4OSIsImlkQ2x1YnZpc2l0YSI6IjExMTkyIiwiaWRQYXJ0aWRvIjoiMTM0MDYxIiwicGVzdGFuYSI6IjMifQ==/minuto-a-minuto-necaxa-vs-santos-laguna-jornada-11-estadio-victoria-vix', 'text': ''}","{'type': 'link', 'href': 'https://www.ligafemenil.mx/cancha/informeArbitral/134061/eyJpZERpdmlzaW9uIjoiMTQiLCJpZFRlbXBvcmFkYSI6Ijc0IiwiaWRUb3JuZW8iOiIxIiwiaWRDbHVibG9jYWwiOiIxMTE4OSIsImlkQ2x1YnZpc2l0YSI6IjExMTkyIn0=/informe-arbitral-necaxa-vs-santos-laguna-jornada-11-estadio-victoria-vix', 'text': ''}","{'type': 'link', 'href': 'https://www.ligafemenil.mx/cancha/mxm/134061/eyJpZERpdmlzaW9uIjoiMTQiLCJpZFRlbXBvcmFkYSI6Ijc0IiwiaWRUb3JuZW8iOiIxIiwiaWRDbHVibG9jYWwiOiIxMTE4OSIsImlkQ2x1YnZpc2l0YSI6IjExMTkyIiwiaWRQYXJ0aWRvIjoiMTM0MDYxIiwicGVzdGFuYSI6IjQifQ==/minuto-a-minuto-necaxa-vs-santos-laguna-jornada-11-estadio-victoria-vix', 'text': ''}","{'type': 'link', 'href': 'https://www.ligafemenil.mx/cancha/galeria/MTM0MDYxLzExLzc0LzEvMTQ=/necaxa-vs-santos-laguna', 'text': ''}","{'type': 'link', 'href': 'https://www.ligafemenil.mx/cancha/playlist/134061/necaxa-vs-santos-laguna', 'text': ''}"
2023-2024,Apertura,"{'type': 'text', 'value': 'Viernes 15 de Septiembre de 2023\nTemporada 2023-2024\nTorneo Apertura\nJornada 11\n15 Septiembre 2023 - 17:06 hrs.'}","{'type': 'link', 'href': 'https://www.ligafemenil.mx/cancha/club/12042/gallos-blancos-de-queretaro', 'text': ''}","{'type': 'link', 'href': 'https://www.ligafemenil.mx/cancha/informeArbitral/134060/eyJpZERpdmlzaW9uIjoiMTQiLCJpZFRlbXBvcmFkYSI6Ijc0IiwiaWRUb3JuZW8iOiIxIiwiaWRDbHVibG9jYWwiOjEyMDQyLCJpZENsdWJ2aXNpdGEiOjExMTg2fQ==/informe-arbitral-gallos-blancos-de-queretaro-vs-tigres-de-la-uanl-jornada-11-estadio-la-corregidora-fox-premium', 'text': '0 - 4'}","{'type': 'link', 'href': 'https://www.ligafemenil.mx/cancha/club/11186/tigres-de-la-uanl', 'text': ''}","{'type': 'link', 'href': 'https://www.ligafemenil.mx/cancha/estadio/858/estadio-la-corregidora', 'text': 'La Corregidora'}","{'type': 'link', 'href': 'https://www.ligafemenil.mx/cancha/mxm/134060/eyJpZERpdmlzaW9uIjoiMTQiLCJpZFRlbXBvcmFkYSI6Ijc0IiwiaWRUb3JuZW8iOiIxIiwiaWRDbHVibG9jYWwiOiIxMjA0MiIsImlkQ2x1YnZpc2l0YSI6IjExMTg2IiwiaWRQYXJ0aWRvIjoiMTM0MDYwIiwicGVzdGFuYSI6IjEifQ==/minuto-a-minuto-gallos-blancos-de-queretaro-vs-tigres-de-la-uanl-jornada-11-estadio-la-corregidora-fox-premium', 'text': ''}","{'type': 'link', 'href': 'https://www.ligafemenil.mx/cancha/mxm/134060/eyJpZERpdmlzaW9uIjoiMTQiLCJpZFRlbXBvcmFkYSI6Ijc0IiwiaWRUb3JuZW8iOiIxIiwiaWRDbHVibG9jYWwiOiIxMjA0MiIsImlkQ2x1YnZpc2l0YSI6IjExMTg2IiwiaWRQYXJ0aWRvIjoiMTM0MDYwIiwicGVzdGFuYSI6IjMifQ==/minuto-a-minuto-gallos-blancos-de-queretaro-vs-tigres-de-la-uanl-jornada-11-estadio-la-corregidora-fox-premium', 'text': ''}","{'type': 'link', 'href': 'https://www.ligafemenil.mx/cancha/informeArbitral/134060/eyJpZERpdmlzaW9uIjoiMTQiLCJpZFRlbXBvcmFkYSI6Ijc0IiwiaWRUb3JuZW8iOiIxIiwiaWRDbHVibG9jYWwiOiIxMjA0MiIsImlkQ2x1YnZpc2l0YSI6IjExMTg2In0=/informe-arbitral-gallos-blancos-de-queretaro-vs-tigres-de-la-uanl-jornada-11-estadio-la-corregidora-fox-premium', 'text': ''}","{'type': 'link', 'href': 'https://www.ligafemenil.mx/cancha/mxm/134060/eyJpZERpdmlzaW9uIjoiMTQiLCJpZFRlbXBvcmFkYSI6Ijc0IiwiaWRUb3JuZW8iOiIxIiwiaWRDbHVibG9jYWwiOiIxMjA0MiIsImlkQ2x1YnZpc2l0YSI6IjExMTg2IiwiaWRQYXJ0aWRvIjoiMTM0MDYwIiwicGVzdGFuYSI6IjQifQ==/minuto-a-minuto-gallos-blancos-de-queretaro-vs-tigres-de-la-uanl-jornada-11-estadio-la-corregidora-fox-premium', 'text': ''}","{'type': 'link', 'href': 'https://www.ligafemenil.mx/cancha/galeria/MTM0MDYwLzExLzc0LzEvMTQ=/gallos-blancos-de-queretaro-vs-tigres-de-la-uanl', 'text': ''}","{'type': 'link', 'href': 'https://www.ligafemenil.mx/cancha/playlist/134060/gallos-blancos-de-queretaro-vs-tigres-de-la-uanl', 'text': ''}"
2023-2024,Apertura,"{'type': 'text', 'value': 'Viernes 15 de Septiembre de 2023\nTemporada 2023-2024\nTorneo Apertura\nJornada 11\n15 Septiembre 2023 - 21:00 hrs.'}","{'type': 'link', 'href': 'https://www.ligafemenil.mx/cancha/club/11185/rayados-de-monterrey', 'text': ''}","{'type': 'link', 'href': 'https://www.ligafemenil.mx/cancha/informeArbitral/134062/eyJpZERpdmlzaW9uIjoiMTQiLCJpZFRlbXBvcmFkYSI6Ijc0IiwiaWRUb3JuZW8iOiIxIiwiaWRDbHVibG9jYWwiOjExMTg1LCJpZENsdWJ2aXNpdGEiOjExMTg0fQ==/informe-arbitral-rayados-de-monterrey-vs-pachuca-jornada-11-estadio-bbva-vix', 'text': '2 - 2'}","{'type': 'link', 'href': 'https://www.ligafemenil.mx/cancha/club/11184/pachuca', 'text': ''}","{'type': 'link', 'href': 'https://www.ligafemenil.mx/cancha/estadio/1608/estadio-bbva', 'text': 'Estadio BBVA'}","{'type': 'link', 'href': 'https://www.ligafemenil.mx/cancha/mxm/134062/eyJpZERpdmlzaW9uIjoiMTQiLCJpZFRlbXBvcmFkYSI6Ijc0IiwiaWRUb3JuZW8iOiIxIiwiaWRDbHVibG9jYWwiOiIxMTE4NSIsImlkQ2x1YnZpc2l0YSI6IjExMTg0IiwiaWRQYXJ0aWRvIjoiMTM0MDYyIiwicGVzdGFuYSI6IjEifQ==/minuto-a-minuto-rayados-de-monterrey-vs-pachuca-jornada-11-estadio-bbva-vix', 'text': ''}","{'type': 'link', 'href': 'https://www.ligafemenil.mx/cancha/mxm/134062/eyJpZERpdmlzaW9uIjoiMTQiLCJpZFRlbXBvcmFkYSI6Ijc0IiwiaWRUb3JuZW8iOiIxIiwiaWRDbHVibG9jYWwiOiIxMTE4NSIsImlkQ2x1YnZpc2l0YSI6IjExMTg0IiwiaWRQYXJ0aWRvIjoiMTM0MDYyIiwicGVzdGFuYSI6IjMifQ==/minuto-a-minuto-rayados-de-monterrey-vs-pachuca-jornada-11-estadio-bbva-vix', 'text': ''}","{'type': 'link', 'href': 'https://www.ligafemenil.mx/cancha/informeArbitral/134062/eyJpZERpdmlzaW9uIjoiMTQiLCJpZFRlbXBvcmFkYSI6Ijc0IiwiaWRUb3JuZW8iOiIxIiwiaWRDbHVibG9jYWwiOiIxMTE4NSIsImlkQ2x1YnZpc2l0YSI6IjExMTg0In0=/informe-arbitral-rayados-de-monterrey-vs-pachuca-jornada-11-estadio-bbva-vix', 'text': ''}","{'type': 'link', 'href': 'https://www.ligafemenil.mx/cancha/mxm/134062/eyJpZERpdmlzaW9uIjoiMTQiLCJpZFRlbXBvcmFkYSI6Ijc0IiwiaWRUb3JuZW8iOiIxIiwiaWRDbHVibG9jYWwiOiIxMTE4NSIsImlkQ2x1YnZpc2l0YSI6IjExMTg0IiwiaWRQYXJ0aWRvIjoiMTM0MDYyIiwicGVzdGFuYSI6IjQifQ==/minuto-a-minuto-rayados-de-monterrey-vs-pachuca-jornada-11-estadio-bbva-vix', 'text': ''}","{'type': 'link', 'href': 'https://www.ligafemenil.mx/cancha/galeria/MTM0MDYyLzExLzc0LzEvMTQ=/rayados-de-monterrey-vs-pachuca', 'text': ''}","{'type': 'link', 'href': 'https://www.ligafemenil.mx/cancha/playlist/134062/rayados-de-monterrey-vs-pachuca', 'text': ''}"
2023-2024,Apertura,"{'type': 'text', 'value': 'Sábado 16 de Septiembre de 2023\nTemporada 2023-2024\nTorneo Apertura\nJornada 11\n16 Septiembre 2023 - 12:00 hrs.'}","{'type': 'link', 'href': 'https://www.ligafemenil.mx/cancha/club/11188/pumas', 'text': ''}","{'type': 'link', 'href': 'https://www.ligafemenil.mx/cancha/informeArbitral/134063/eyJpZERpdmlzaW9uIjoiMTQiLCJpZFRlbXBvcmFkYSI6Ijc0IiwiaWRUb3JuZW8iOiIxIiwiaWRDbHVibG9jYWwiOjExMTg4LCJpZENsdWJ2aXNpdGEiOjExMTg3fQ==/informe-arbitral-pumas-vs-toluca-jornada-11-estadio-olimpico-universitario-vix', 'text': '5 - 1'}","{'type': 'link', 'href': 'https://www.ligafemenil.mx/cancha/club/11187/toluca', 'text': ''}","{'type': 'link', 'href': 'https://www.ligafemenil.mx/cancha/estadio/7/estadio-olimpico-universitario', 'text': 'Olímpico Universitario'}","{'type': 'link', 'href': 'https://www.ligafemenil.mx/cancha/mxm/134063/eyJpZERpdmlzaW9uIjoiMTQiLCJpZFRlbXBvcmFkYSI6Ijc0IiwiaWRUb3JuZW8iOiIxIiwiaWRDbHVibG9jYWwiOiIxMTE4OCIsImlkQ2x1YnZpc2l0YSI6IjExMTg3IiwiaWRQYXJ0aWRvIjoiMTM0MDYzIiwicGVzdGFuYSI6IjEifQ==/minuto-a-minuto-pumas-vs-toluca-jornada-11-estadio-olimpico-universitario-vix', 'text': ''}","{'type': 'link', 'href': 'https://www.ligafemenil.mx/cancha/mxm/134063/eyJpZERpdmlzaW9uIjoiMTQiLCJpZFRlbXBvcmFkYSI6Ijc0IiwiaWRUb3JuZW8iOiIxIiwiaWRDbHVibG9jYWwiOiIxMTE4OCIsImlkQ2x1YnZpc2l0YSI6IjExMTg3IiwiaWRQYXJ0aWRvIjoiMTM0MDYzIiwicGVzdGFuYSI6IjMifQ==/minuto-a-minuto-pumas-vs-toluca-jornada-11-estadio-olimpico-universitario-vix', 'text': ''}","{'type': 'link', 'href': 'https://www.ligafemenil.mx/cancha/informeArbitral/134063/eyJpZERpdmlzaW9uIjoiMTQiLCJpZFRlbXBvcmFkYSI6Ijc0IiwiaWRUb3JuZW8iOiIxIiwiaWRDbHVibG9jYWwiOiIxMTE4OCIsImlkQ2x1YnZpc2l0YSI6IjExMTg3In0=/informe-arbitral-pumas-vs-toluca-jornada-11-estadio-olimpico-universitario-vix', 'text': ''}","{'type': 'link', 'href': 'https://www.ligafemenil.mx/cancha/mxm/134063/eyJpZERpdmlzaW9uIjoiMTQiLCJpZFRlbXBvcmFkYSI6Ijc0IiwiaWRUb3JuZW8iOiIxIiwiaWRDbHVibG9jYWwiOiIxMTE4OCIsImlkQ2x1YnZpc2l0YSI6IjExMTg3IiwiaWRQYXJ0aWRvIjoiMTM0MDYzIiwicGVzdGFuYSI6IjQifQ==/minuto-a-minuto-pumas-vs-toluca-jornada-11-estadio-olimpico-universitario-vix', 'text': ''}","{'type': 'link', 'href': 'https://www.ligafemenil.mx/cancha/galeria/MTM0MDYzLzExLzc0LzEvMTQ=/pumas-vs-toluca', 'text': ''}","{'type': 'link', 'href': 'https://www.ligafemenil.mx/cancha/playlist/134063/pumas-vs-toluca', 'text': ''}"
2023-2024,Apertura,"{'type': 'text', 'value': 'Domingo 17 de Septiembre de 2023\nTemporada 2023-2024\nTorneo Apertura\nJornada 11\n17 Septiembre 2023 - 12:00 hrs.'}","{'type': 'link', 'href': 'https://www.ligafemenil.mx/cancha/club/11543/puebla-fc', 'text': ''}","{'type': 'link', 'href': 'https://www.ligafemenil.mx/cancha/informeArbitral/134064/eyJpZERpdmlzaW9uIjoiMTQiLCJpZFRlbXBvcmFkYSI6Ijc0IiwiaWRUb3JuZW8iOiIxIiwiaWRDbHVibG9jYWwiOjExNTQzLCJpZENsdWJ2aXNpdGEiOjExMTgxfQ==/informe-arbitral-puebla-fc-vs-cruz-azul-jornada-11-estadio-cuauhtemoc-fox-premium', 'text': '2 - 0'}","{'type': 'link', 'href': 'https://www.ligafemenil.mx/cancha/club/11181/cruz-azul', 'text': ''}","{'type': 'link', 'href': 'https://www.ligafemenil.mx/cancha/estadio/9/estadio-cuauhtemoc', 'text': 'Cuauhtémoc'}","{'type': 'link', 'href': 'https://www.ligafemenil.mx/cancha/mxm/134064/eyJpZERpdmlzaW9uIjoiMTQiLCJpZFRlbXBvcmFkYSI6Ijc0IiwiaWRUb3JuZW8iOiIxIiwiaWRDbHVibG9jYWwiOiIxMTU0MyIsImlkQ2x1YnZpc2l0YSI6IjExMTgxIiwiaWRQYXJ0aWRvIjoiMTM0MDY0IiwicGVzdGFuYSI6IjEifQ==/minuto-a-minuto-puebla-fc-vs-cruz-azul-jornada-11-estadio-cuauhtemoc-fox-premium', 'text': ''}","{'type': 'link', 'href': 'https://www.ligafemenil.mx/cancha/mxm/134064/eyJpZERpdmlzaW9uIjoiMTQiLCJpZFRlbXBvcmFkYSI6Ijc0IiwiaWRUb3JuZW8iOiIxIiwiaWRDbHVibG9jYWwiOiIxMTU0MyIsImlkQ2x1YnZpc2l0YSI6IjExMTgxIiwiaWRQYXJ0aWRvIjoiMTM0MDY0IiwicGVzdGFuYSI6IjMifQ==/minuto-a-minuto-puebla-fc-vs-cruz-azul-jornada-11-estadio-cuauhtemoc-fox-premium', 'text': ''}","{'type': 'link', 'href': 'https://www.ligafemenil.mx/cancha/informeArbitral/134064/eyJpZERpdmlzaW9uIjoiMTQiLCJpZFRlbXBvcmFkYSI6Ijc0IiwiaWRUb3JuZW8iOiIxIiwiaWRDbHVibG9jYWwiOiIxMTU0MyIsImlkQ2x1YnZpc2l0YSI6IjExMTgxIn0=/informe-arbitral-puebla-fc-vs-cruz-azul-jornada-11-estadio-cuauhtemoc-fox-premium', 'text': ''}","{'type': 'link', 'href': 'https://www.ligafemenil.mx/cancha/mxm/134064/eyJpZERpdmlzaW9uIjoiMTQiLCJpZFRlbXBvcmFkYSI6Ijc0IiwiaWRUb3JuZW8iOiIxIiwiaWRDbHVibG9jYWwiOiIxMTU0MyIsImlkQ2x1YnZpc2l0YSI6IjExMTgxIiwiaWRQYXJ0aWRvIjoiMTM0MDY0IiwicGVzdGFuYSI6IjQifQ==/minuto-a-minuto-puebla-fc-vs-cruz-azul-jornada-11-estadio-cuauhtemoc-fox-premium', 'text': ''}","{'type': 'link', 'href': 'https://www.ligafemenil.mx/cancha/galeria/MTM0MDY0LzExLzc0LzEvMTQ=/puebla-fc-vs-cruz-azul', 'text': ''}","{'type': 'link', 'href': 'https://www.ligafemenil.mx/cancha/playlist/134064/puebla-fc-vs-cruz-azul', 'text': ''}"
2023-2024,Apertura,"{'type': 'text', 'value': 'Domingo 17 de Septiembre de 2023\nTemporada 2023-2024\nTorneo Apertura\nJornada 11\n17 Septiembre 2023 - 17:00 hrs.'}","{'type': 'link', 'href': 'https://www.ligafemenil.mx/cancha/club/11191/america', 'text': ''}","{'type': 'link', 'href': 'https://www.ligafemenil.mx/cancha/informeArbitral/134065/eyJpZERpdmlzaW9uIjoiMTQiLCJpZFRlbXBvcmFkYSI6Ijc0IiwiaWRUb3JuZW8iOiIxIiwiaWRDbHVibG9jYWwiOjExMTkxLCJpZENsdWJ2aXNpdGEiOjExMTgyfQ==/informe-arbitral-america-vs-guadalajara-jornada-11-estadio-azteca-vix', 'text': '2 - 1'}","{'type': 'link', 'href': 'https://www.ligafemenil.mx/cancha/club/11182/guadalajara', 'text': ''}","{'type': 'link', 'href': 'https://www.ligafemenil.mx/cancha/estadio/1/estadio-azteca', 'text': 'Azteca'}","{'type': 'link', 'href': 'https://www.ligafemenil.mx/cancha/mxm/134065/eyJpZERpdmlzaW9uIjoiMTQiLCJpZFRlbXBvcmFkYSI6Ijc0IiwiaWRUb3JuZW8iOiIxIiwiaWRDbHVibG9jYWwiOiIxMTE5MSIsImlkQ2x1YnZpc2l0YSI6IjExMTgyIiwiaWRQYXJ0aWRvIjoiMTM0MDY1IiwicGVzdGFuYSI6IjEifQ==/minuto-a-minuto-america-vs-guadalajara-jornada-11-estadio-azteca-vix', 'text': ''}","{'type': 'link', 'href': 'https://www.ligafemenil.mx/cancha/mxm/134065/eyJpZERpdmlzaW9uIjoiMTQiLCJpZFRlbXBvcmFkYSI6Ijc0IiwiaWRUb3JuZW8iOiIxIiwiaWRDbHVibG9jYWwiOiIxMTE5MSIsImlkQ2x1YnZpc2l0YSI6IjExMTgyIiwiaWRQYXJ0aWRvIjoiMTM0MDY1IiwicGVzdGFuYSI6IjMifQ==/minuto-a-minuto-america-vs-guadalajara-jornada-11-estadio-azteca-vix', 'text': ''}","{'type': 'link', 'href': 'https://www.ligafemenil.mx/cancha/informeArbitral/134065/eyJpZERpdmlzaW9uIjoiMTQiLCJpZFRlbXBvcmFkYSI6Ijc0IiwiaWRUb3JuZW8iOiIxIiwiaWRDbHVibG9jYWwiOiIxMTE5MSIsImlkQ2x1YnZpc2l0YSI6IjExMTgyIn0=/informe-arbitral-america-vs-guadalajara-jornada-11-estadio-azteca-vix', 'text': ''}","{'type': 'link', 'href': 'https://www.ligafemenil.mx/cancha/mxm/134065/eyJpZERpdmlzaW9uIjoiMTQiLCJpZFRlbXBvcmFkYSI6Ijc0IiwiaWRUb3JuZW8iOiIxIiwiaWRDbHVibG9jYWwiOiIxMTE5MSIsImlkQ2x1YnZpc2l0YSI6IjExMTgyIiwiaWRQYXJ0aWRvIjoiMTM0MDY1IiwicGVzdGFuYSI6IjQifQ==/minuto-a-minuto-america-vs-guadalajara-jornada-11-estadio-azteca-vix', 'text': ''}","{'type': 'link', 'href': 'https://www.ligafemenil.mx/cancha/galeria/MTM0MDY1LzExLzc0LzEvMTQ=/america-vs-guadalajara', 'text': ''}","{'type': 'link', 'href': 'https://www.ligafemenil.mx/cancha/playlist/134065/america-vs-guadalajara', 'text': ''}"
2023-2024,Apertura,"{'type': 'text', 'value': 'Domingo 17 de Septiembre de 2023\nTemporada 2023-2024\nTorneo Apertura\nJornada 11\n17 Septiembre 2023 - 19:06 hrs.'}","{'type': 'link', 'href': 'https://www.ligafemenil.mx/cancha/club/11243/leon', 'text': ''}","{'type': 'link', 'href': 'https://www.ligafemenil.mx/cancha/informeArbitral/134066/eyJpZERpdmlzaW9uIjoiMTQiLCJpZFRlbXBvcmFkYSI6Ijc0IiwiaWRUb3JuZW8iOiIxIiwiaWRDbHVibG9jYWwiOjExMjQzLCJpZENsdWJ2aXNpdGEiOjExNzc4fQ==/informe-arbitral-leon-vs-club-atletico-de-san-luis-jornada-11-estadio-nou-camp-fox-premium', 'text': '3 - 0'}","{'type': 'link', 'href': 'https://www.ligafemenil.mx/cancha/club/11778/club-atletico-de-san-luis', 'text': ''}","{'type': 'link', 'href': 'https://www.ligafemenil.mx/cancha/estadio/23/estadio-nou-camp', 'text': 'Nou Camp'}","{'type': 'link', 'href': 'https://www.ligafemenil.mx/cancha/mxm/134066/eyJpZERpdmlzaW9uIjoiMTQiLCJpZFRlbXBvcmFkYSI6Ijc0IiwiaWRUb3JuZW8iOiIxIiwiaWRDbHVibG9jYWwiOiIxMTI0MyIsImlkQ2x1YnZpc2l0YSI6IjExNzc4IiwiaWRQYXJ0aWRvIjoiMTM0MDY2IiwicGVzdGFuYSI6IjEifQ==/minuto-a-minuto-leon-vs-club-atletico-de-san-luis-jornada-11-estadio-nou-camp-fox-premium', 'text': ''}","{'type': 'link', 'href': 'https://www.ligafemenil.mx/cancha/mxm/134066/eyJpZERpdmlzaW9uIjoiMTQiLCJpZFRlbXBvcmFkYSI6Ijc0IiwiaWRUb3JuZW8iOiIxIiwiaWRDbHVibG9jYWwiOiIxMTI0MyIsImlkQ2x1YnZpc2l0YSI6IjExNzc4IiwiaWRQYXJ0aWRvIjoiMTM0MDY2IiwicGVzdGFuYSI6IjMifQ==/minuto-a-minuto-leon-vs-club-atletico-de-san-luis-jornada-11-estadio-nou-camp-fox-premium', 'text': ''}","{'type': 'link', 'href': 'https://www.ligafemenil.mx/cancha/informeArbitral/134066/eyJpZERpdmlzaW9uIjoiMTQiLCJpZFRlbXBvcmFkYSI6Ijc0IiwiaWRUb3JuZW8iOiIxIiwiaWRDbHVibG9jYWwiOiIxMTI0MyIsImlkQ2x1YnZpc2l0YSI6IjExNzc4In0=/informe-arbitral-leon-vs-club-atletico-de-san-luis-jornada-11-estadio-nou-camp-fox-premium', 'text': ''}","{'type': 'link', 'href': 'https://www.ligafemenil.mx/cancha/mxm/134066/eyJpZERpdmlzaW9uIjoiMTQiLCJpZFRlbXBvcmFkYSI6Ijc0IiwiaWRUb3JuZW8iOiIxIiwiaWRDbHVibG9jYWwiOiIxMTI0MyIsImlkQ2x1YnZpc2l0YSI6IjExNzc4IiwiaWRQYXJ0aWRvIjoiMTM0MDY2IiwicGVzdGFuYSI6IjQifQ==/minuto-a-minuto-leon-vs-club-atletico-de-san-luis-jornada-11-estadio-nou-camp-fox-premium', 'text': ''}","{'type': 'link', 'href': 'https://www.ligafemenil.mx/cancha/galeria/MTM0MDY2LzExLzc0LzEvMTQ=/leon-vs-club-atletico-de-san-luis', 'text': ''}","{'type': 'link', 'href': 'https://www.ligafemenil.mx/cancha/playlist/134066/leon-vs-club-atletico-de-san-luis', 'text': ''}"
2023-2024,Apertura,"{'type': 'text', 'value': 'Domingo 17 de Septiembre de 2023\nTemporada 2023-2024\nTorneo Apertura\nJornada 11\n17 Septiembre 2023 - 18:06 hrs.'}","{'type': 'link', 'href': 'https://www.ligafemenil.mx/cancha/club/11180/tijuana', 'text': ''}","{'type': 'link', 'href': 'https://www.ligafemenil.mx/cancha/informeArbitral/134059/eyJpZERpdmlzaW9uIjoiMTQiLCJpZFRlbXBvcmFkYSI6Ijc0IiwiaWRUb3JuZW8iOiIxIiwiaWRDbHVibG9jYWwiOjExMTgwLCJpZENsdWJ2aXNpdGEiOjExMjQ1fQ==/informe-arbitral-tijuana-vs-atlas-jornada-11-estadio-caliente-fox-sports', 'text': '1 - 1'}","{'type': 'link', 'href': 'https://www.ligafemenil.mx/cancha/club/11245/atlas', 'text': ''}","{'type': 'link', 'href': 'https://www.ligafemenil.mx/cancha/estadio/48/estadio-caliente', 'text': 'Caliente'}","{'type': 'link', 'href': 'https://www.ligafemenil.mx/cancha/mxm/134059/eyJpZERpdmlzaW9uIjoiMTQiLCJpZFRlbXBvcmFkYSI6Ijc0IiwiaWRUb3JuZW8iOiIxIiwiaWRDbHVibG9jYWwiOiIxMTE4MCIsImlkQ2x1YnZpc2l0YSI6IjExMjQ1IiwiaWRQYXJ0aWRvIjoiMTM0MDU5IiwicGVzdGFuYSI6IjEifQ==/minuto-a-minuto-tijuana-vs-atlas-jornada-11-estadio-caliente-fox-sports', 'text': ''}","{'type': 'link', 'href': 'https://www.ligafemenil.mx/cancha/mxm/134059/eyJpZERpdmlzaW9uIjoiMTQiLCJpZFRlbXBvcmFkYSI6Ijc0IiwiaWRUb3JuZW8iOiIxIiwiaWRDbHVibG9jYWwiOiIxMTE4MCIsImlkQ2x1YnZpc2l0YSI6IjExMjQ1IiwiaWRQYXJ0aWRvIjoiMTM0MDU5IiwicGVzdGFuYSI6IjMifQ==/minuto-a-minuto-tijuana-vs-atlas-jornada-11-estadio-caliente-fox-sports', 'text': ''}","{'type': 'link', 'href': 'https://www.ligafemenil.mx/cancha/informeArbitral/134059/eyJpZERpdmlzaW9uIjoiMTQiLCJpZFRlbXBvcmFkYSI6Ijc0IiwiaWRUb3JuZW8iOiIxIiwiaWRDbHVibG9jYWwiOiIxMTE4MCIsImlkQ2x1YnZpc2l0YSI6IjExMjQ1In0=/informe-arbitral-tijuana-vs-atlas-jornada-11-estadio-caliente-fox-sports', 'text': ''}","{'type': 'link', 'href': 'https://www.ligafemenil.mx/cancha/mxm/134059/eyJpZERpdmlzaW9uIjoiMTQiLCJpZFRlbXBvcmFkYSI6Ijc0IiwiaWRUb3JuZW8iOiIxIiwiaWRDbHVibG9jYWwiOiIxMTE4MCIsImlkQ2x1YnZpc2l0YSI6IjExMjQ1IiwiaWRQYXJ0aWRvIjoiMTM0MDU5IiwicGVzdGFuYSI6IjQifQ==/minuto-a-minuto-tijuana-vs-atlas-jornada-11-estadio-caliente-fox-sports', 'text': ''}","{'type': 'link', 'href': 'https://www.ligafemenil.mx/cancha/galeria/MTM0MDU5LzExLzc0LzEvMTQ=/tijuana-vs-atlas', 'text': ''}","{'type': 'link', 'href': 'https://www.ligafemenil.mx/cancha/playlist/134059/tijuana-vs-atlas', 'text': ''}"
2023-2024,Apertura,"{'type': 'text', 'value': 'Domingo 17 de Septiembre de 2023\nTemporada 2023-2024\nTorneo Apertura\nJornada 11\n17 Septiembre 2023 - 20:10 hrs.'}","{'type': 'link', 'href': 'https://www.ligafemenil.mx/cancha/club/12051/mazatlan-fc', 'text': ''}","{'type': 'link', 'href': 'https://www.ligafemenil.mx/cancha/informeArbitral/134067/eyJpZERpdmlzaW9uIjoiMTQiLCJpZFRlbXBvcmFkYSI6Ijc0IiwiaWRUb3JuZW8iOiIxIiwiaWRDbHVibG9jYWwiOjEyMDUxLCJpZENsdWJ2aXNpdGEiOjExNzk1fQ==/informe-arbitral-mazatlan-fc-vs-fc-juarez-jornada-11-estadio-mazatlan-fox-sports--fox-premium', 'text': '0 - 1'}","{'type': 'link', 'href': 'https://www.ligafemenil.mx/cancha/club/11795/fc-juarez', 'text': ''}","{'type': 'link', 'href': 'https://www.ligafemenil.mx/cancha/estadio/1697/estadio-mazatlan', 'text': 'Estadio Mazatlán'}","{'type': 'link', 'href': 'https://www.ligafemenil.mx/cancha/mxm/134067/eyJpZERpdmlzaW9uIjoiMTQiLCJpZFRlbXBvcmFkYSI6Ijc0IiwiaWRUb3JuZW8iOiIxIiwiaWRDbHVibG9jYWwiOiIxMjA1MSIsImlkQ2x1YnZpc2l0YSI6IjExNzk1IiwiaWRQYXJ0aWRvIjoiMTM0MDY3IiwicGVzdGFuYSI6IjEifQ==/minuto-a-minuto-mazatlan-fc-vs-fc-juarez-jornada-11-estadio-mazatlan-fox-sports--fox-premium', 'text': ''}","{'type': 'link', 'href': 'https://www.ligafemenil.mx/cancha/mxm/134067/eyJpZERpdmlzaW9uIjoiMTQiLCJpZFRlbXBvcmFkYSI6Ijc0IiwiaWRUb3JuZW8iOiIxIiwiaWRDbHVibG9jYWwiOiIxMjA1MSIsImlkQ2x1YnZpc2l0YSI6IjExNzk1IiwiaWRQYXJ0aWRvIjoiMTM0MDY3IiwicGVzdGFuYSI6IjMifQ==/minuto-a-minuto-mazatlan-fc-vs-fc-juarez-jornada-11-estadio-mazatlan-fox-sports--fox-premium', 'text': ''}","{'type': 'link', 'href': 'https://www.ligafemenil.mx/cancha/informeArbitral/134067/eyJpZERpdmlzaW9uIjoiMTQiLCJpZFRlbXBvcmFkYSI6Ijc0IiwiaWRUb3JuZW8iOiIxIiwiaWRDbHVibG9jYWwiOiIxMjA1MSIsImlkQ2x1YnZpc2l0YSI6IjExNzk1In0=/informe-arbitral-mazatlan-fc-vs-fc-juarez-jornada-11-estadio-mazatlan-fox-sports--fox-premium', 'text': ''}","{'type': 'link', 'href': 'https://www.ligafemenil.mx/cancha/mxm/134067/eyJpZERpdmlzaW9uIjoiMTQiLCJpZFRlbXBvcmFkYSI6Ijc0IiwiaWRUb3JuZW8iOiIxIiwiaWRDbHVibG9jYWwiOiIxMjA1MSIsImlkQ2x1YnZpc2l0YSI6IjExNzk1IiwiaWRQYXJ0aWRvIjoiMTM0MDY3IiwicGVzdGFuYSI6IjQifQ==/minuto-a-minuto-mazatlan-fc-vs-fc-juarez-jornada-11-estadio-mazatlan-fox-sports--fox-premium', 'text': ''}","{'type': 'link', 'href': 'https://www.ligafemenil.mx/cancha/galeria/MTM0MDY3LzExLzc0LzEvMTQ=/mazatlan-fc-vs-fc-juarez', 'text': ''}","{'type': 'link', 'href': 'https://www.ligafemenil.mx/cancha/playlist/134067/mazatlan-fc-vs-fc-juarez', 'text': ''}"
2023-2024,Apertura,"{'type': 'text', 'value': 'Viernes 29 de Septiembre de 2023\nTemporada 2023-2024\nTorneo Apertura\nJornada 12\n29 Septiembre 2023 - 17:00 hrs.'}","{'type': 'link', 'href': 'https://www.ligafemenil.mx/cancha/club/11189/necaxa', 'text': ''}","{'type': 'link', 'href': 'https://www.ligafemenil.mx/cancha/informeArbitral/134068/eyJpZERpdmlzaW9uIjoiMTQiLCJpZFRlbXBvcmFkYSI6Ijc0IiwiaWRUb3JuZW8iOiIxIiwiaWRDbHVibG9jYWwiOjExMTg5LCJpZENsdWJ2aXNpdGEiOjExMTg1fQ==/informe-arbitral-necaxa-vs-rayados-de-monterrey-jornada-12-estadio-victoria-vix', 'text': '0 - 4'}","{'type': 'link', 'href': 'https://www.ligafemenil.mx/cancha/club/11185/rayados-de-monterrey', 'text': ''}","{'type': 'link', 'href': 'https://www.ligafemenil.mx/cancha/estadio/15/estadio-victoria', 'text': 'Victoria'}","{'type': 'link', 'href': 'https://www.ligafemenil.mx/cancha/mxm/134068/eyJpZERpdmlzaW9uIjoiMTQiLCJpZFRlbXBvcmFkYSI6Ijc0IiwiaWRUb3JuZW8iOiIxIiwiaWRDbHVibG9jYWwiOiIxMTE4OSIsImlkQ2x1YnZpc2l0YSI6IjExMTg1IiwiaWRQYXJ0aWRvIjoiMTM0MDY4IiwicGVzdGFuYSI6IjEifQ==/minuto-a-minuto-necaxa-vs-rayados-de-monterrey-jornada-12-estadio-victoria-vix', 'text': ''}","{'type': 'link', 'href': 'https://www.ligafemenil.mx/cancha/mxm/134068/eyJpZERpdmlzaW9uIjoiMTQiLCJpZFRlbXBvcmFkYSI6Ijc0IiwiaWRUb3JuZW8iOiIxIiwiaWRDbHVibG9jYWwiOiIxMTE4OSIsImlkQ2x1YnZpc2l0YSI6IjExMTg1IiwiaWRQYXJ0aWRvIjoiMTM0MDY4IiwicGVzdGFuYSI6IjMifQ==/minuto-a-minuto-necaxa-vs-rayados-de-monterrey-jornada-12-estadio-victoria-vix', 'text': ''}","{'type': 'link', 'href': 'https://www.ligafemenil.mx/cancha/informeArbitral/134068/eyJpZERpdmlzaW9uIjoiMTQiLCJpZFRlbXBvcmFkYSI6Ijc0IiwiaWRUb3JuZW8iOiIxIiwiaWRDbHVibG9jYWwiOiIxMTE4OSIsImlkQ2x1YnZpc2l0YSI6IjExMTg1In0=/informe-arbitral-necaxa-vs-rayados-de-monterrey-jornada-12-estadio-victoria-vix', 'text': ''}","{'type': 'link', 'href': 'https://www.ligafemenil.mx/cancha/mxm/134068/eyJpZERpdmlzaW9uIjoiMTQiLCJpZFRlbXBvcmFkYSI6Ijc0IiwiaWRUb3JuZW8iOiIxIiwiaWRDbHVibG9jYWwiOiIxMTE4OSIsImlkQ2x1YnZpc2l0YSI6IjExMTg1IiwiaWRQYXJ0aWRvIjoiMTM0MDY4IiwicGVzdGFuYSI6IjQifQ==/minuto-a-minuto-necaxa-vs-rayados-de-monterrey-jornada-12-estadio-victoria-vix', 'text': ''}","{'type': 'link', 'href': 'https://www.ligafemenil.mx/cancha/galeria/MTM0MDY4LzEyLzc0LzEvMTQ=/necaxa-vs-rayados-de-monterrey', 'text': ''}","{'type': 'link', 'href': 'https://www.ligafemenil.mx/cancha/playlist/134068/necaxa-vs-rayados-de-monterrey', 'text': ''}"
2023-2024,Apertura,"{'type': 'text', 'value': 'Sábado 30 de Septiembre de 2023\nTemporada 2023-2024\nTorneo Apertura\nJornada 12\n30 Septiembre 2023 - 12:00 hrs.'}","{'type': 'link', 'href': 'https://www.ligafemenil.mx/cancha/club/11181/cruz-azul', 'text': ''}","{'type': 'link', 'href': 'https://www.ligafemenil.mx/cancha/informeArbitral/134069/eyJpZERpdmlzaW9uIjoiMTQiLCJpZFRlbXBvcmFkYSI6Ijc0IiwiaWRUb3JuZW8iOiIxIiwiaWRDbHVibG9jYWwiOjExMTgxLCJpZENsdWJ2aXNpdGEiOjExMjQzfQ==/informe-arbitral-cruz-azul-vs-leon-jornada-12-estadio-instalaciones-la-noria-vix', 'text': '0 - 1'}","{'type': 'link', 'href': 'https://www.ligafemenil.mx/cancha/club/11243/leon', 'text': ''}","{'type': 'link', 'href': 'https://www.ligafemenil.mx/cancha/estadio/877/estadio-instalaciones-la-noria', 'text': 'INSTALACIONES LA NORIA'}","{'type': 'link', 'href': 'https://www.ligafemenil.mx/cancha/mxm/134069/eyJpZERpdmlzaW9uIjoiMTQiLCJpZFRlbXBvcmFkYSI6Ijc0IiwiaWRUb3JuZW8iOiIxIiwiaWRDbHVibG9jYWwiOiIxMTE4MSIsImlkQ2x1YnZpc2l0YSI6IjExMjQzIiwiaWRQYXJ0aWRvIjoiMTM0MDY5IiwicGVzdGFuYSI6IjEifQ==/minuto-a-minuto-cruz-azul-vs-leon-jornada-12-estadio-instalaciones-la-noria-vix', 'text': ''}","{'type': 'link', 'href': 'https://www.ligafemenil.mx/cancha/mxm/134069/eyJpZERpdmlzaW9uIjoiMTQiLCJpZFRlbXBvcmFkYSI6Ijc0IiwiaWRUb3JuZW8iOiIxIiwiaWRDbHVibG9jYWwiOiIxMTE4MSIsImlkQ2x1YnZpc2l0YSI6IjExMjQzIiwiaWRQYXJ0aWRvIjoiMTM0MDY5IiwicGVzdGFuYSI6IjMifQ==/minuto-a-minuto-cruz-azul-vs-leon-jornada-12-estadio-instalaciones-la-noria-vix', 'text': ''}","{'type': 'link', 'href': 'https://www.ligafemenil.mx/cancha/informeArbitral/134069/eyJpZERpdmlzaW9uIjoiMTQiLCJpZFRlbXBvcmFkYSI6Ijc0IiwiaWRUb3JuZW8iOiIxIiwiaWRDbHVibG9jYWwiOiIxMTE4MSIsImlkQ2x1YnZpc2l0YSI6IjExMjQzIn0=/informe-arbitral-cruz-azul-vs-leon-jornada-12-estadio-instalaciones-la-noria-vix', 'text': ''}","{'type': 'link', 'href': 'https://www.ligafemenil.mx/cancha/mxm/134069/eyJpZERpdmlzaW9uIjoiMTQiLCJpZFRlbXBvcmFkYSI6Ijc0IiwiaWRUb3JuZW8iOiIxIiwiaWRDbHVibG9jYWwiOiIxMTE4MSIsImlkQ2x1YnZpc2l0YSI6IjExMjQzIiwiaWRQYXJ0aWRvIjoiMTM0MDY5IiwicGVzdGFuYSI6IjQifQ==/minuto-a-minuto-cruz-azul-vs-leon-jornada-12-estadio-instalaciones-la-noria-vix', 'text': ''}","{'type': 'link', 'href': 'https://www.ligafemenil.mx/cancha/galeria/MTM0MDY5LzEyLzc0LzEvMTQ=/cruz-azul-vs-leon', 'text': ''}","{'type': 'link', 'href': 'https://www.ligafemenil.mx/cancha/playlist/134069/cruz-azul-vs-leon', 'text': ''}"
2023-2024,Apertura,"{'type': 'text', 'value': 'Domingo 1 de Octubre de 2023\nTemporada 2023-2024\nTorneo Apertura\nJornada 12\n1 Octubre 2023 - 16:00 hrs.'}","{'type': 'link', 'href': 'https://www.ligafemenil.mx/cancha/club/11182/guadalajara', 'text': ''}","{'type': 'link', 'href': 'https://www.ligafemenil.mx/cancha/informeArbitral/134070/eyJpZERpdmlzaW9uIjoiMTQiLCJpZFRlbXBvcmFkYSI6Ijc0IiwiaWRUb3JuZW8iOiIxIiwiaWRDbHVibG9jYWwiOjExMTgyLCJpZENsdWJ2aXNpdGEiOjEyMDUxfQ==/informe-arbitral-guadalajara-vs-mazatlan-fc-jornada-12-estadio-akron-fox-premium', 'text': '5 - 0'}","{'type': 'link', 'href': 'https://www.ligafemenil.mx/cancha/club/12051/mazatlan-fc', 'text': ''}","{'type': 'link', 'href': 'https://www.ligafemenil.mx/cancha/estadio/1538/estadio-akron', 'text': 'Estadio AKRON'}","{'type': 'link', 'href': 'https://www.ligafemenil.mx/cancha/mxm/134070/eyJpZERpdmlzaW9uIjoiMTQiLCJpZFRlbXBvcmFkYSI6Ijc0IiwiaWRUb3JuZW8iOiIxIiwiaWRDbHVibG9jYWwiOiIxMTE4MiIsImlkQ2x1YnZpc2l0YSI6IjEyMDUxIiwiaWRQYXJ0aWRvIjoiMTM0MDcwIiwicGVzdGFuYSI6IjEifQ==/minuto-a-minuto-guadalajara-vs-mazatlan-fc-jornada-12-estadio-akron-fox-premium', 'text': ''}","{'type': 'link', 'href': 'https://www.ligafemenil.mx/cancha/mxm/134070/eyJpZERpdmlzaW9uIjoiMTQiLCJpZFRlbXBvcmFkYSI6Ijc0IiwiaWRUb3JuZW8iOiIxIiwiaWRDbHVibG9jYWwiOiIxMTE4MiIsImlkQ2x1YnZpc2l0YSI6IjEyMDUxIiwiaWRQYXJ0aWRvIjoiMTM0MDcwIiwicGVzdGFuYSI6IjMifQ==/minuto-a-minuto-guadalajara-vs-mazatlan-fc-jornada-12-estadio-akron-fox-premium', 'text': ''}","{'type': 'link', 'href': 'https://www.ligafemenil.mx/cancha/informeArbitral/134070/eyJpZERpdmlzaW9uIjoiMTQiLCJpZFRlbXBvcmFkYSI6Ijc0IiwiaWRUb3JuZW8iOiIxIiwiaWRDbHVibG9jYWwiOiIxMTE4MiIsImlkQ2x1YnZpc2l0YSI6IjEyMDUxIn0=/informe-arbitral-guadalajara-vs-mazatlan-fc-jornada-12-estadio-akron-fox-premium', 'text': ''}","{'type': 'link', 'href': 'https://www.ligafemenil.mx/cancha/mxm/134070/eyJpZERpdmlzaW9uIjoiMTQiLCJpZFRlbXBvcmFkYSI6Ijc0IiwiaWRUb3JuZW8iOiIxIiwiaWRDbHVibG9jYWwiOiIxMTE4MiIsImlkQ2x1YnZpc2l0YSI6IjEyMDUxIiwiaWRQYXJ0aWRvIjoiMTM0MDcwIiwicGVzdGFuYSI6IjQifQ==/minuto-a-minuto-guadalajara-vs-mazatlan-fc-jornada-12-estadio-akron-fox-premium', 'text': ''}","{'type': 'link', 'href': 'https://www.ligafemenil.mx/cancha/galeria/MTM0MDcwLzEyLzc0LzEvMTQ=/guadalajara-vs-mazatlan-fc', 'text': ''}","{'type': 'link', 'href': 'https://www.ligafemenil.mx/cancha/playlist/134070/guadalajara-vs-mazatlan-fc', 'text': ''}"
2023-2024,Apertura,"{'type': 'text', 'value': 'Domingo 1 de Octubre de 2023\nTemporada 2023-2024\nTorneo Apertura\nJornada 12\n1 Octubre 2023 - 18:06 hrs.'}","{'type': 'link', 'href': 'https://www.ligafemenil.mx/cancha/club/11184/pachuca', 'text': ''}","{'type': 'link', 'href': 'https://www.ligafemenil.mx/cancha/informeArbitral/134071/eyJpZERpdmlzaW9uIjoiMTQiLCJpZFRlbXBvcmFkYSI6Ijc0IiwiaWRUb3JuZW8iOiIxIiwiaWRDbHVibG9jYWwiOjExMTg0LCJpZENsdWJ2aXNpdGEiOjExMTkxfQ==/informe-arbitral-pachuca-vs-america-jornada-12-estadio-hidalgo-fox-sports--fox-premium', 'text': '4 - 2'}","{'type': 'link', 'href': 'https://www.ligafemenil.mx/cancha/club/11191/america', 'text': ''}","{'type': 'link', 'href': 'https://www.ligafemenil.mx/cancha/estadio/11/estadio-hidalgo', 'text': 'Hidalgo'}","{'type': 'link', 'href': 'https://www.ligafemenil.mx/cancha/mxm/134071/eyJpZERpdmlzaW9uIjoiMTQiLCJpZFRlbXBvcmFkYSI6Ijc0IiwiaWRUb3JuZW8iOiIxIiwiaWRDbHVibG9jYWwiOiIxMTE4NCIsImlkQ2x1YnZpc2l0YSI6IjExMTkxIiwiaWRQYXJ0aWRvIjoiMTM0MDcxIiwicGVzdGFuYSI6IjEifQ==/minuto-a-minuto-pachuca-vs-america-jornada-12-estadio-hidalgo-fox-sports--fox-premium', 'text': ''}","{'type': 'link', 'href': 'https://www.ligafemenil.mx/cancha/mxm/134071/eyJpZERpdmlzaW9uIjoiMTQiLCJpZFRlbXBvcmFkYSI6Ijc0IiwiaWRUb3JuZW8iOiIxIiwiaWRDbHVibG9jYWwiOiIxMTE4NCIsImlkQ2x1YnZpc2l0YSI6IjExMTkxIiwiaWRQYXJ0aWRvIjoiMTM0MDcxIiwicGVzdGFuYSI6IjMifQ==/minuto-a-minuto-pachuca-vs-america-jornada-12-estadio-hidalgo-fox-sports--fox-premium', 'text': ''}","{'type': 'link', 'href': 'https://www.ligafemenil.mx/cancha/informeArbitral/134071/eyJpZERpdmlzaW9uIjoiMTQiLCJpZFRlbXBvcmFkYSI6Ijc0IiwiaWRUb3JuZW8iOiIxIiwiaWRDbHVibG9jYWwiOiIxMTE4NCIsImlkQ2x1YnZpc2l0YSI6IjExMTkxIn0=/informe-arbitral-pachuca-vs-america-jornada-12-estadio-hidalgo-fox-sports--fox-premium', 'text': ''}","{'type': 'link', 'href': 'https://www.ligafemenil.mx/cancha/mxm/134071/eyJpZERpdmlzaW9uIjoiMTQiLCJpZFRlbXBvcmFkYSI6Ijc0IiwiaWRUb3JuZW8iOiIxIiwiaWRDbHVibG9jYWwiOiIxMTE4NCIsImlkQ2x1YnZpc2l0YSI6IjExMTkxIiwiaWRQYXJ0aWRvIjoiMTM0MDcxIiwicGVzdGFuYSI6IjQifQ==/minuto-a-minuto-pachuca-vs-america-jornada-12-estadio-hidalgo-fox-sports--fox-premium', 'text': ''}","{'type': 'link', 'href': 'https://www.ligafemenil.mx/cancha/galeria/MTM0MDcxLzEyLzc0LzEvMTQ=/pachuca-vs-america', 'text': ''}","{'type': 'link', 'href': 'https://www.ligafemenil.mx/cancha/playlist/134071/pachuca-vs-america', 'text': ''}"
2023-2024,Apertura,"{'type': 'text', 'value': 'Domingo 1 de Octubre de 2023\nTemporada 2023-2024\nTorneo Apertura\nJornada 12\n1 Octubre 2023 - 20:06 hrs.'}","{'type': 'link', 'href': 'https://www.ligafemenil.mx/cancha/club/11795/fc-juarez', 'text': ''}","{'type': 'link', 'href': 'https://www.ligafemenil.mx/cancha/informeArbitral/134072/eyJpZERpdmlzaW9uIjoiMTQiLCJpZFRlbXBvcmFkYSI6Ijc0IiwiaWRUb3JuZW8iOiIxIiwiaWRDbHVibG9jYWwiOjExNzk1LCJpZENsdWJ2aXNpdGEiOjEyMDQyfQ==/informe-arbitral-fc-juarez-vs-gallos-blancos-de-queretaro-jornada-12-estadio-olimpico-benito-juarez-fox-premium', 'text': '2 - 2'}","{'type': 'link', 'href': 'https://www.ligafemenil.mx/cancha/club/12042/gallos-blancos-de-queretaro', 'text': ''}","{'type': 'link', 'href': 'https://www.ligafemenil.mx/cancha/estadio/17/estadio-olimpico-benito-juarez', 'text': 'Olímpico Benito Juárez'}","{'type': 'link', 'href': 'https://www.ligafemenil.mx/cancha/mxm/134072/eyJpZERpdmlzaW9uIjoiMTQiLCJpZFRlbXBvcmFkYSI6Ijc0IiwiaWRUb3JuZW8iOiIxIiwiaWRDbHVibG9jYWwiOiIxMTc5NSIsImlkQ2x1YnZpc2l0YSI6IjEyMDQyIiwiaWRQYXJ0aWRvIjoiMTM0MDcyIiwicGVzdGFuYSI6IjEifQ==/minuto-a-minuto-fc-juarez-vs-gallos-blancos-de-queretaro-jornada-12-estadio-olimpico-benito-juarez-fox-premium', 'text': ''}","{'type': 'link', 'href': 'https://www.ligafemenil.mx/cancha/mxm/134072/eyJpZERpdmlzaW9uIjoiMTQiLCJpZFRlbXBvcmFkYSI6Ijc0IiwiaWRUb3JuZW8iOiIxIiwiaWRDbHVibG9jYWwiOiIxMTc5NSIsImlkQ2x1YnZpc2l0YSI6IjEyMDQyIiwiaWRQYXJ0aWRvIjoiMTM0MDcyIiwicGVzdGFuYSI6IjMifQ==/minuto-a-minuto-fc-juarez-vs-gallos-blancos-de-queretaro-jornada-12-estadio-olimpico-benito-juarez-fox-premium', 'text': ''}","{'type': 'link', 'href': 'https://www.ligafemenil.mx/cancha/informeArbitral/134072/eyJpZERpdmlzaW9uIjoiMTQiLCJpZFRlbXBvcmFkYSI6Ijc0IiwiaWRUb3JuZW8iOiIxIiwiaWRDbHVibG9jYWwiOiIxMTc5NSIsImlkQ2x1YnZpc2l0YSI6IjEyMDQyIn0=/informe-arbitral-fc-juarez-vs-gallos-blancos-de-queretaro-jornada-12-estadio-olimpico-benito-juarez-fox-premium', 'text': ''}","{'type': 'link', 'href': 'https://www.ligafemenil.mx/cancha/mxm/134072/eyJpZERpdmlzaW9uIjoiMTQiLCJpZFRlbXBvcmFkYSI6Ijc0IiwiaWRUb3JuZW8iOiIxIiwiaWRDbHVibG9jYWwiOiIxMTc5NSIsImlkQ2x1YnZpc2l0YSI6IjEyMDQyIiwiaWRQYXJ0aWRvIjoiMTM0MDcyIiwicGVzdGFuYSI6IjQifQ==/minuto-a-minuto-fc-juarez-vs-gallos-blancos-de-queretaro-jornada-12-estadio-olimpico-benito-juarez-fox-premium', 'text': ''}","{'type': 'link', 'href': 'https://www.ligafemenil.mx/cancha/galeria/MTM0MDcyLzEyLzc0LzEvMTQ=/fc-juarez-vs-gallos-blancos-de-queretaro', 'text': ''}","{'type': 'link', 'href': 'https://www.ligafemenil.mx/cancha/playlist/134072/fc-juarez-vs-gallos-blancos-de-queretaro', 'text': ''}"
2023-2024,Apertura,"{'type': 'text', 'value': 'Lunes 2 de Octubre de 2023\nTemporada 2023-2024\nTorneo Apertura\nJornada 12\n2 Octubre 2023 - 19:00 hrs.'}","{'type': 'link', 'href': 'https://www.ligafemenil.mx/cancha/club/11778/club-atletico-de-san-luis', 'text': ''}","{'type': 'link', 'href': 'https://www.ligafemenil.mx/cancha/informeArbitral/134074/eyJpZERpdmlzaW9uIjoiMTQiLCJpZFRlbXBvcmFkYSI6Ijc0IiwiaWRUb3JuZW8iOiIxIiwiaWRDbHVibG9jYWwiOjExNzc4LCJpZENsdWJ2aXNpdGEiOjExMTgwfQ==/informe-arbitral-club-atletico-de-san-luis-vs-tijuana-jornada-12-estadio-alfonso-lastras-ramirez-espn', 'text': '0 - 2'}","{'type': 'link', 'href': 'https://www.ligafemenil.mx/cancha/club/11180/tijuana', 'text': ''}","{'type': 'link', 'href': 'https://www.ligafemenil.mx/cancha/estadio/14/estadio-alfonso-lastras-ramirez', 'text': 'Alfonso Lastras Ramírez'}","{'type': 'link', 'href': 'https://www.ligafemenil.mx/cancha/mxm/134074/eyJpZERpdmlzaW9uIjoiMTQiLCJpZFRlbXBvcmFkYSI6Ijc0IiwiaWRUb3JuZW8iOiIxIiwiaWRDbHVibG9jYWwiOiIxMTc3OCIsImlkQ2x1YnZpc2l0YSI6IjExMTgwIiwiaWRQYXJ0aWRvIjoiMTM0MDc0IiwicGVzdGFuYSI6IjEifQ==/minuto-a-minuto-club-atletico-de-san-luis-vs-tijuana-jornada-12-estadio-alfonso-lastras-ramirez-espn', 'text': ''}","{'type': 'link', 'href': 'https://www.ligafemenil.mx/cancha/mxm/134074/eyJpZERpdmlzaW9uIjoiMTQiLCJpZFRlbXBvcmFkYSI6Ijc0IiwiaWRUb3JuZW8iOiIxIiwiaWRDbHVibG9jYWwiOiIxMTc3OCIsImlkQ2x1YnZpc2l0YSI6IjExMTgwIiwiaWRQYXJ0aWRvIjoiMTM0MDc0IiwicGVzdGFuYSI6IjMifQ==/minuto-a-minuto-club-atletico-de-san-luis-vs-tijuana-jornada-12-estadio-alfonso-lastras-ramirez-espn', 'text': ''}","{'type': 'link', 'href': 'https://www.ligafemenil.mx/cancha/informeArbitral/134074/eyJpZERpdmlzaW9uIjoiMTQiLCJpZFRlbXBvcmFkYSI6Ijc0IiwiaWRUb3JuZW8iOiIxIiwiaWRDbHVibG9jYWwiOiIxMTc3OCIsImlkQ2x1YnZpc2l0YSI6IjExMTgwIn0=/informe-arbitral-club-atletico-de-san-luis-vs-tijuana-jornada-12-estadio-alfonso-lastras-ramirez-espn', 'text': ''}","{'type': 'link', 'href': 'https://www.ligafemenil.mx/cancha/mxm/134074/eyJpZERpdmlzaW9uIjoiMTQiLCJpZFRlbXBvcmFkYSI6Ijc0IiwiaWRUb3JuZW8iOiIxIiwiaWRDbHVibG9jYWwiOiIxMTc3OCIsImlkQ2x1YnZpc2l0YSI6IjExMTgwIiwiaWRQYXJ0aWRvIjoiMTM0MDc0IiwicGVzdGFuYSI6IjQifQ==/minuto-a-minuto-club-atletico-de-san-luis-vs-tijuana-jornada-12-estadio-alfonso-lastras-ramirez-espn', 'text': ''}","{'type': 'link', 'href': 'https://www.ligafemenil.mx/cancha/galeria/MTM0MDc0LzEyLzc0LzEvMTQ=/club-atletico-de-san-luis-vs-tijuana', 'text': ''}","{'type': 'link', 'href': 'https://www.ligafemenil.mx/cancha/playlist/134074/club-atletico-de-san-luis-vs-tijuana', 'text': ''}"
2023-2024,Apertura,"{'type': 'text', 'value': 'Lunes 2 de Octubre de 2023\nTemporada 2023-2024\nTorneo Apertura\nJornada 12\n2 Octubre 2023 - 19:00 hrs.'}","{'type': 'link', 'href': 'https://www.ligafemenil.mx/cancha/club/11186/tigres-de-la-uanl', 'text': ''}","{'type': 'link', 'href': 'https://www.ligafemenil.mx/cancha/informeArbitral/134075/eyJpZERpdmlzaW9uIjoiMTQiLCJpZFRlbXBvcmFkYSI6Ijc0IiwiaWRUb3JuZW8iOiIxIiwiaWRDbHVibG9jYWwiOjExMTg2LCJpZENsdWJ2aXNpdGEiOjExMTg4fQ==/informe-arbitral-tigres-de-la-uanl-vs-pumas-jornada-12-estadio-universitario-vix', 'text': '3 - 0'}","{'type': 'link', 'href': 'https://www.ligafemenil.mx/cancha/club/11188/pumas', 'text': ''}","{'type': 'link', 'href': 'https://www.ligafemenil.mx/cancha/estadio/12/estadio-universitario', 'text': 'Universitario'}","{'type': 'link', 'href': 'https://www.ligafemenil.mx/cancha/mxm/134075/eyJpZERpdmlzaW9uIjoiMTQiLCJpZFRlbXBvcmFkYSI6Ijc0IiwiaWRUb3JuZW8iOiIxIiwiaWRDbHVibG9jYWwiOiIxMTE4NiIsImlkQ2x1YnZpc2l0YSI6IjExMTg4IiwiaWRQYXJ0aWRvIjoiMTM0MDc1IiwicGVzdGFuYSI6IjEifQ==/minuto-a-minuto-tigres-de-la-uanl-vs-pumas-jornada-12-estadio-universitario-vix', 'text': ''}","{'type': 'link', 'href': 'https://www.ligafemenil.mx/cancha/mxm/134075/eyJpZERpdmlzaW9uIjoiMTQiLCJpZFRlbXBvcmFkYSI6Ijc0IiwiaWRUb3JuZW8iOiIxIiwiaWRDbHVibG9jYWwiOiIxMTE4NiIsImlkQ2x1YnZpc2l0YSI6IjExMTg4IiwiaWRQYXJ0aWRvIjoiMTM0MDc1IiwicGVzdGFuYSI6IjMifQ==/minuto-a-minuto-tigres-de-la-uanl-vs-pumas-jornada-12-estadio-universitario-vix', 'text': ''}","{'type': 'link', 'href': 'https://www.ligafemenil.mx/cancha/informeArbitral/134075/eyJpZERpdmlzaW9uIjoiMTQiLCJpZFRlbXBvcmFkYSI6Ijc0IiwiaWRUb3JuZW8iOiIxIiwiaWRDbHVibG9jYWwiOiIxMTE4NiIsImlkQ2x1YnZpc2l0YSI6IjExMTg4In0=/informe-arbitral-tigres-de-la-uanl-vs-pumas-jornada-12-estadio-universitario-vix', 'text': ''}","{'type': 'link', 'href': 'https://www.ligafemenil.mx/cancha/mxm/134075/eyJpZERpdmlzaW9uIjoiMTQiLCJpZFRlbXBvcmFkYSI6Ijc0IiwiaWRUb3JuZW8iOiIxIiwiaWRDbHVibG9jYWwiOiIxMTE4NiIsImlkQ2x1YnZpc2l0YSI6IjExMTg4IiwiaWRQYXJ0aWRvIjoiMTM0MDc1IiwicGVzdGFuYSI6IjQifQ==/minuto-a-minuto-tigres-de-la-uanl-vs-pumas-jornada-12-estadio-universitario-vix', 'text': ''}","{'type': 'link', 'href': 'https://www.ligafemenil.mx/cancha/galeria/MTM0MDc1LzEyLzc0LzEvMTQ=/tigres-de-la-uanl-vs-pumas', 'text': ''}","{'type': 'link', 'href': 'https://www.ligafemenil.mx/cancha/playlist/134075/tigres-de-la-uanl-vs-pumas', 'text': ''}"
2023-2024,Apertura,"{'type': 'text', 'value': 'Lunes 2 de Octubre de 2023\nTemporada 2023-2024\nTorneo Apertura\nJornada 12\n2 Octubre 2023 - 19:06 hrs.'}","{'type': 'link', 'href': 'https://www.ligafemenil.mx/cancha/club/11245/atlas', 'text': ''}","{'type': 'link', 'href': 'https://www.ligafemenil.mx/cancha/informeArbitral/134073/eyJpZERpdmlzaW9uIjoiMTQiLCJpZFRlbXBvcmFkYSI6Ijc0IiwiaWRUb3JuZW8iOiIxIiwiaWRDbHVibG9jYWwiOjExMjQ1LCJpZENsdWJ2aXNpdGEiOjExNTQzfQ==/informe-arbitral-atlas-vs-puebla-fc-jornada-12-estadio-jalisco-fox-sports--fox-premium', 'text': '2 - 1'}","{'type': 'link', 'href': 'https://www.ligafemenil.mx/cancha/club/11543/puebla-fc', 'text': ''}","{'type': 'link', 'href': 'https://www.ligafemenil.mx/cancha/estadio/5/estadio-jalisco', 'text': 'Jalisco'}","{'type': 'link', 'href': 'https://www.ligafemenil.mx/cancha/mxm/134073/eyJpZERpdmlzaW9uIjoiMTQiLCJpZFRlbXBvcmFkYSI6Ijc0IiwiaWRUb3JuZW8iOiIxIiwiaWRDbHVibG9jYWwiOiIxMTI0NSIsImlkQ2x1YnZpc2l0YSI6IjExNTQzIiwiaWRQYXJ0aWRvIjoiMTM0MDczIiwicGVzdGFuYSI6IjEifQ==/minuto-a-minuto-atlas-vs-puebla-fc-jornada-12-estadio-jalisco-fox-sports--fox-premium', 'text': ''}","{'type': 'link', 'href': 'https://www.ligafemenil.mx/cancha/mxm/134073/eyJpZERpdmlzaW9uIjoiMTQiLCJpZFRlbXBvcmFkYSI6Ijc0IiwiaWRUb3JuZW8iOiIxIiwiaWRDbHVibG9jYWwiOiIxMTI0NSIsImlkQ2x1YnZpc2l0YSI6IjExNTQzIiwiaWRQYXJ0aWRvIjoiMTM0MDczIiwicGVzdGFuYSI6IjMifQ==/minuto-a-minuto-atlas-vs-puebla-fc-jornada-12-estadio-jalisco-fox-sports--fox-premium', 'text': ''}","{'type': 'link', 'href': 'https://www.ligafemenil.mx/cancha/informeArbitral/134073/eyJpZERpdmlzaW9uIjoiMTQiLCJpZFRlbXBvcmFkYSI6Ijc0IiwiaWRUb3JuZW8iOiIxIiwiaWRDbHVibG9jYWwiOiIxMTI0NSIsImlkQ2x1YnZpc2l0YSI6IjExNTQzIn0=/informe-arbitral-atlas-vs-puebla-fc-jornada-12-estadio-jalisco-fox-sports--fox-premium', 'text': ''}","{'type': 'link', 'href': 'https://www.ligafemenil.mx/cancha/mxm/134073/eyJpZERpdmlzaW9uIjoiMTQiLCJpZFRlbXBvcmFkYSI6Ijc0IiwiaWRUb3JuZW8iOiIxIiwiaWRDbHVibG9jYWwiOiIxMTI0NSIsImlkQ2x1YnZpc2l0YSI6IjExNTQzIiwiaWRQYXJ0aWRvIjoiMTM0MDczIiwicGVzdGFuYSI6IjQifQ==/minuto-a-minuto-atlas-vs-puebla-fc-jornada-12-estadio-jalisco-fox-sports--fox-premium', 'text': ''}","{'type': 'link', 'href': 'https://www.ligafemenil.mx/cancha/galeria/MTM0MDczLzEyLzc0LzEvMTQ=/atlas-vs-puebla-fc', 'text': ''}","{'type': 'link', 'href': 'https://www.ligafemenil.mx/cancha/playlist/134073/atlas-vs-puebla-fc', 'text': ''}"
2023-2024,Apertura,"{'type': 'text', 'value': 'Lunes 2 de Octubre de 2023\nTemporada 2023-2024\nTorneo Apertura\nJornada 12\n2 Octubre 2023 - 21:10 hrs.'}","{'type': 'link', 'href': 'https://www.ligafemenil.mx/cancha/club/11192/santos-laguna', 'text': ''}","{'type': 'link', 'href': 'https://www.ligafemenil.mx/cancha/informeArbitral/134076/eyJpZERpdmlzaW9uIjoiMTQiLCJpZFRlbXBvcmFkYSI6Ijc0IiwiaWRUb3JuZW8iOiIxIiwiaWRDbHVibG9jYWwiOjExMTkyLCJpZENsdWJ2aXNpdGEiOjExMTg3fQ==/informe-arbitral-santos-laguna-vs-toluca-jornada-12-estadio-tsm-corona-fox-sports--fox-premium', 'text': '2 - 2'}","{'type': 'link', 'href': 'https://www.ligafemenil.mx/cancha/club/11187/toluca', 'text': ''}","{'type': 'link', 'href': 'https://www.ligafemenil.mx/cancha/estadio/63/estadio-tsm-corona', 'text': 'TSM Corona'}","{'type': 'link', 'href': 'https://www.ligafemenil.mx/cancha/mxm/134076/eyJpZERpdmlzaW9uIjoiMTQiLCJpZFRlbXBvcmFkYSI6Ijc0IiwiaWRUb3JuZW8iOiIxIiwiaWRDbHVibG9jYWwiOiIxMTE5MiIsImlkQ2x1YnZpc2l0YSI6IjExMTg3IiwiaWRQYXJ0aWRvIjoiMTM0MDc2IiwicGVzdGFuYSI6IjEifQ==/minuto-a-minuto-santos-laguna-vs-toluca-jornada-12-estadio-tsm-corona-fox-sports--fox-premium', 'text': ''}","{'type': 'link', 'href': 'https://www.ligafemenil.mx/cancha/mxm/134076/eyJpZERpdmlzaW9uIjoiMTQiLCJpZFRlbXBvcmFkYSI6Ijc0IiwiaWRUb3JuZW8iOiIxIiwiaWRDbHVibG9jYWwiOiIxMTE5MiIsImlkQ2x1YnZpc2l0YSI6IjExMTg3IiwiaWRQYXJ0aWRvIjoiMTM0MDc2IiwicGVzdGFuYSI6IjMifQ==/minuto-a-minuto-santos-laguna-vs-toluca-jornada-12-estadio-tsm-corona-fox-sports--fox-premium', 'text': ''}","{'type': 'link', 'href': 'https://www.ligafemenil.mx/cancha/informeArbitral/134076/eyJpZERpdmlzaW9uIjoiMTQiLCJpZFRlbXBvcmFkYSI6Ijc0IiwiaWRUb3JuZW8iOiIxIiwiaWRDbHVibG9jYWwiOiIxMTE5MiIsImlkQ2x1YnZpc2l0YSI6IjExMTg3In0=/informe-arbitral-santos-laguna-vs-toluca-jornada-12-estadio-tsm-corona-fox-sports--fox-premium', 'text': ''}","{'type': 'link', 'href': 'https://www.ligafemenil.mx/cancha/mxm/134076/eyJpZERpdmlzaW9uIjoiMTQiLCJpZFRlbXBvcmFkYSI6Ijc0IiwiaWRUb3JuZW8iOiIxIiwiaWRDbHVibG9jYWwiOiIxMTE5MiIsImlkQ2x1YnZpc2l0YSI6IjExMTg3IiwiaWRQYXJ0aWRvIjoiMTM0MDc2IiwicGVzdGFuYSI6IjQifQ==/minuto-a-minuto-santos-laguna-vs-toluca-jornada-12-estadio-tsm-corona-fox-sports--fox-premium', 'text': ''}","{'type': 'link', 'href': 'https://www.ligafemenil.mx/cancha/galeria/MTM0MDc2LzEyLzc0LzEvMTQ=/santos-laguna-vs-toluca', 'text': ''}","{'type': 'link', 'href': 'https://www.ligafemenil.mx/cancha/playlist/134076/santos-laguna-vs-toluca', 'text': ''}"
2023-2024,Apertura,"{'type': 'text', 'value': 'Miércoles 4 de Octubre de 2023\nTemporada 2023-2024\nTorneo Apertura\nJornada 6\n4 Octubre 2023 - 21:00 hrs.'}","{'type': 'link', 'href': 'https://www.ligafemenil.mx/cancha/club/11795/fc-juarez', 'text': ''}","{'type': 'link', 'href': 'https://www.ligafemenil.mx/cancha/informeArbitral/134021/eyJpZERpdmlzaW9uIjoiMTQiLCJpZFRlbXBvcmFkYSI6Ijc0IiwiaWRUb3JuZW8iOiIxIiwiaWRDbHVibG9jYWwiOjExNzk1LCJpZENsdWJ2aXNpdGEiOjExMjQzfQ==/informe-arbitral-fc-juarez-vs-leon-jornada-6-estadio-olimpico-benito-juarez-fox-sports--fox-premium', 'text': '1 - 0'}","{'type': 'link', 'href': 'https://www.ligafemenil.mx/cancha/club/11243/leon', 'text': ''}","{'type': 'link', 'href': 'https://www.ligafemenil.mx/cancha/estadio/17/estadio-olimpico-benito-juarez', 'text': 'Olímpico Benito Juárez'}","{'type': 'link', 'href': 'https://www.ligafemenil.mx/cancha/mxm/134021/eyJpZERpdmlzaW9uIjoiMTQiLCJpZFRlbXBvcmFkYSI6Ijc0IiwiaWRUb3JuZW8iOiIxIiwiaWRDbHVibG9jYWwiOiIxMTc5NSIsImlkQ2x1YnZpc2l0YSI6IjExMjQzIiwiaWRQYXJ0aWRvIjoiMTM0MDIxIiwicGVzdGFuYSI6IjEifQ==/minuto-a-minuto-fc-juarez-vs-leon-jornada-6-estadio-olimpico-benito-juarez-fox-sports--fox-premium', 'text': ''}","{'type': 'link', 'href': 'https://www.ligafemenil.mx/cancha/mxm/134021/eyJpZERpdmlzaW9uIjoiMTQiLCJpZFRlbXBvcmFkYSI6Ijc0IiwiaWRUb3JuZW8iOiIxIiwiaWRDbHVibG9jYWwiOiIxMTc5NSIsImlkQ2x1YnZpc2l0YSI6IjExMjQzIiwiaWRQYXJ0aWRvIjoiMTM0MDIxIiwicGVzdGFuYSI6IjMifQ==/minuto-a-minuto-fc-juarez-vs-leon-jornada-6-estadio-olimpico-benito-juarez-fox-sports--fox-premium', 'text': ''}","{'type': 'link', 'href': 'https://www.ligafemenil.mx/cancha/informeArbitral/134021/eyJpZERpdmlzaW9uIjoiMTQiLCJpZFRlbXBvcmFkYSI6Ijc0IiwiaWRUb3JuZW8iOiIxIiwiaWRDbHVibG9jYWwiOiIxMTc5NSIsImlkQ2x1YnZpc2l0YSI6IjExMjQzIn0=/informe-arbitral-fc-juarez-vs-leon-jornada-6-estadio-olimpico-benito-juarez-fox-sports--fox-premium', 'text': ''}","{'type': 'link', 'href': 'https://www.ligafemenil.mx/cancha/mxm/134021/eyJpZERpdmlzaW9uIjoiMTQiLCJpZFRlbXBvcmFkYSI6Ijc0IiwiaWRUb3JuZW8iOiIxIiwiaWRDbHVibG9jYWwiOiIxMTc5NSIsImlkQ2x1YnZpc2l0YSI6IjExMjQzIiwiaWRQYXJ0aWRvIjoiMTM0MDIxIiwicGVzdGFuYSI6IjQifQ==/minuto-a-minuto-fc-juarez-vs-leon-jornada-6-estadio-olimpico-benito-juarez-fox-sports--fox-premium', 'text': ''}","{'type': 'link', 'href': 'https://www.ligafemenil.mx/cancha/galeria/MTM0MDIxLzYvNzQvMS8xNA==/fc-juarez-vs-leon', 'text': ''}","{'type': 'link', 'href': 'https://www.ligafemenil.mx/cancha/playlist/134021/fc-juarez-vs-leon', 'text': ''}"
2023-2024,Apertura,"{'type': 'text', 'value': 'Jueves 5 de Octubre de 2023\nTemporada 2023-2024\nTorneo Apertura\nJornada 10\n5 Octubre 2023 - 17:00 hrs.'}","{'type': 'link', 'href': 'https://www.ligafemenil.mx/cancha/club/11187/toluca', 'text': ''}","{'type': 'link', 'href': 'https://www.ligafemenil.mx/cancha/informeArbitral/134052/eyJpZERpdmlzaW9uIjoiMTQiLCJpZFRlbXBvcmFkYSI6Ijc0IiwiaWRUb3JuZW8iOiIxIiwiaWRDbHVibG9jYWwiOjExMTg3LCJpZENsdWJ2aXNpdGEiOjExNTQzfQ==/informe-arbitral-toluca-vs-puebla-fc-jornada-10-estadio-nemesio-diez-vix', 'text': '3 - 0'}","{'type': 'link', 'href': 'https://www.ligafemenil.mx/cancha/club/11543/puebla-fc', 'text': ''}","{'type': 'link', 'href': 'https://www.ligafemenil.mx/cancha/estadio/6/estadio-nemesio-diez', 'text': 'Nemesio Diez'}","{'type': 'link', 'href': 'https://www.ligafemenil.mx/cancha/mxm/134052/eyJpZERpdmlzaW9uIjoiMTQiLCJpZFRlbXBvcmFkYSI6Ijc0IiwiaWRUb3JuZW8iOiIxIiwiaWRDbHVibG9jYWwiOiIxMTE4NyIsImlkQ2x1YnZpc2l0YSI6IjExNTQzIiwiaWRQYXJ0aWRvIjoiMTM0MDUyIiwicGVzdGFuYSI6IjEifQ==/minuto-a-minuto-toluca-vs-puebla-fc-jornada-10-estadio-nemesio-diez-vix', 'text': ''}","{'type': 'link', 'href': 'https://www.ligafemenil.mx/cancha/mxm/134052/eyJpZERpdmlzaW9uIjoiMTQiLCJpZFRlbXBvcmFkYSI6Ijc0IiwiaWRUb3JuZW8iOiIxIiwiaWRDbHVibG9jYWwiOiIxMTE4NyIsImlkQ2x1YnZpc2l0YSI6IjExNTQzIiwiaWRQYXJ0aWRvIjoiMTM0MDUyIiwicGVzdGFuYSI6IjMifQ==/minuto-a-minuto-toluca-vs-puebla-fc-jornada-10-estadio-nemesio-diez-vix', 'text': ''}","{'type': 'link', 'href': 'https://www.ligafemenil.mx/cancha/informeArbitral/134052/eyJpZERpdmlzaW9uIjoiMTQiLCJpZFRlbXBvcmFkYSI6Ijc0IiwiaWRUb3JuZW8iOiIxIiwiaWRDbHVibG9jYWwiOiIxMTE4NyIsImlkQ2x1YnZpc2l0YSI6IjExNTQzIn0=/informe-arbitral-toluca-vs-puebla-fc-jornada-10-estadio-nemesio-diez-vix', 'text': ''}","{'type': 'link', 'href': 'https://www.ligafemenil.mx/cancha/mxm/134052/eyJpZERpdmlzaW9uIjoiMTQiLCJpZFRlbXBvcmFkYSI6Ijc0IiwiaWRUb3JuZW8iOiIxIiwiaWRDbHVibG9jYWwiOiIxMTE4NyIsImlkQ2x1YnZpc2l0YSI6IjExNTQzIiwiaWRQYXJ0aWRvIjoiMTM0MDUyIiwicGVzdGFuYSI6IjQifQ==/minuto-a-minuto-toluca-vs-puebla-fc-jornada-10-estadio-nemesio-diez-vix', 'text': ''}","{'type': 'link', 'href': 'https://www.ligafemenil.mx/cancha/galeria/MTM0MDUyLzEwLzc0LzEvMTQ=/toluca-vs-puebla-fc', 'text': ''}","{'type': 'link', 'href': 'https://www.ligafemenil.mx/cancha/playlist/134052/toluca-vs-puebla-fc', 'text': ''}"
2023-2024,Apertura,"{'type': 'text', 'value': 'Viernes 6 de Octubre de 2023\nTemporada 2023-2024\nTorneo Apertura\nJornada 13\n6 Octubre 2023 - 15:45 hrs.'}","{'type': 'link', 'href': 'https://www.ligafemenil.mx/cancha/club/11181/cruz-azul', 'text': ''}","{'type': 'link', 'href': 'https://www.ligafemenil.mx/cancha/informeArbitral/134077/eyJpZERpdmlzaW9uIjoiMTQiLCJpZFRlbXBvcmFkYSI6Ijc0IiwiaWRUb3JuZW8iOiIxIiwiaWRDbHVibG9jYWwiOjExMTgxLCJpZENsdWJ2aXNpdGEiOjExNzc4fQ==/informe-arbitral-cruz-azul-vs-club-atletico-de-san-luis-jornada-13-estadio-instalaciones-la-noria-vix', 'text': '3 - 1'}","{'type': 'link', 'href': 'https://www.ligafemenil.mx/cancha/club/11778/club-atletico-de-san-luis', 'text': ''}","{'type': 'link', 'href': 'https://www.ligafemenil.mx/cancha/estadio/877/estadio-instalaciones-la-noria', 'text': 'INSTALACIONES LA NORIA'}","{'type': 'link', 'href': 'https://www.ligafemenil.mx/cancha/mxm/134077/eyJpZERpdmlzaW9uIjoiMTQiLCJpZFRlbXBvcmFkYSI6Ijc0IiwiaWRUb3JuZW8iOiIxIiwiaWRDbHVibG9jYWwiOiIxMTE4MSIsImlkQ2x1YnZpc2l0YSI6IjExNzc4IiwiaWRQYXJ0aWRvIjoiMTM0MDc3IiwicGVzdGFuYSI6IjEifQ==/minuto-a-minuto-cruz-azul-vs-club-atletico-de-san-luis-jornada-13-estadio-instalaciones-la-noria-vix', 'text': ''}","{'type': 'link', 'href': 'https://www.ligafemenil.mx/cancha/mxm/134077/eyJpZERpdmlzaW9uIjoiMTQiLCJpZFRlbXBvcmFkYSI6Ijc0IiwiaWRUb3JuZW8iOiIxIiwiaWRDbHVibG9jYWwiOiIxMTE4MSIsImlkQ2x1YnZpc2l0YSI6IjExNzc4IiwiaWRQYXJ0aWRvIjoiMTM0MDc3IiwicGVzdGFuYSI6IjMifQ==/minuto-a-minuto-cruz-azul-vs-club-atletico-de-san-luis-jornada-13-estadio-instalaciones-la-noria-vix', 'text': ''}","{'type': 'link', 'href': 'https://www.ligafemenil.mx/cancha/informeArbitral/134077/eyJpZERpdmlzaW9uIjoiMTQiLCJpZFRlbXBvcmFkYSI6Ijc0IiwiaWRUb3JuZW8iOiIxIiwiaWRDbHVibG9jYWwiOiIxMTE4MSIsImlkQ2x1YnZpc2l0YSI6IjExNzc4In0=/informe-arbitral-cruz-azul-vs-club-atletico-de-san-luis-jornada-13-estadio-instalaciones-la-noria-vix', 'text': ''}","{'type': 'link', 'href': 'https://www.ligafemenil.mx/cancha/mxm/134077/eyJpZERpdmlzaW9uIjoiMTQiLCJpZFRlbXBvcmFkYSI6Ijc0IiwiaWRUb3JuZW8iOiIxIiwiaWRDbHVibG9jYWwiOiIxMTE4MSIsImlkQ2x1YnZpc2l0YSI6IjExNzc4IiwiaWRQYXJ0aWRvIjoiMTM0MDc3IiwicGVzdGFuYSI6IjQifQ==/minuto-a-minuto-cruz-azul-vs-club-atletico-de-san-luis-jornada-13-estadio-instalaciones-la-noria-vix', 'text': ''}","{'type': 'link', 'href': 'https://www.ligafemenil.mx/cancha/galeria/MTM0MDc3LzEzLzc0LzEvMTQ=/cruz-azul-vs-club-atletico-de-san-luis', 'text': ''}","{'type': 'link', 'href': 'https://www.ligafemenil.mx/cancha/playlist/134077/cruz-azul-vs-club-atletico-de-san-luis', 'text': ''}"
2023-2024,Apertura,"{'type': 'text', 'value': 'Viernes 6 de Octubre de 2023\nTemporada 2023-2024\nTorneo Apertura\nJornada 13\n6 Octubre 2023 - 19:00 hrs.'}","{'type': 'link', 'href': 'https://www.ligafemenil.mx/cancha/club/11245/atlas', 'text': ''}","{'type': 'link', 'href': 'https://www.ligafemenil.mx/cancha/informeArbitral/134078/eyJpZERpdmlzaW9uIjoiMTQiLCJpZFRlbXBvcmFkYSI6Ijc0IiwiaWRUb3JuZW8iOiIxIiwiaWRDbHVibG9jYWwiOjExMjQ1LCJpZENsdWJ2aXNpdGEiOjEyMDUxfQ==/informe-arbitral-atlas-vs-mazatlan-fc-jornada-13-estadio-jalisco-fox-sports--fox-premium', 'text': '3 - 1'}","{'type': 'link', 'href': 'https://www.ligafemenil.mx/cancha/club/12051/mazatlan-fc', 'text': ''}","{'type': 'link', 'href': 'https://www.ligafemenil.mx/cancha/estadio/5/estadio-jalisco', 'text': 'Jalisco'}","{'type': 'link', 'href': 'https://www.ligafemenil.mx/cancha/mxm/134078/eyJpZERpdmlzaW9uIjoiMTQiLCJpZFRlbXBvcmFkYSI6Ijc0IiwiaWRUb3JuZW8iOiIxIiwiaWRDbHVibG9jYWwiOiIxMTI0NSIsImlkQ2x1YnZpc2l0YSI6IjEyMDUxIiwiaWRQYXJ0aWRvIjoiMTM0MDc4IiwicGVzdGFuYSI6IjEifQ==/minuto-a-minuto-atlas-vs-mazatlan-fc-jornada-13-estadio-jalisco-fox-sports--fox-premium', 'text': ''}","{'type': 'link', 'href': 'https://www.ligafemenil.mx/cancha/mxm/134078/eyJpZERpdmlzaW9uIjoiMTQiLCJpZFRlbXBvcmFkYSI6Ijc0IiwiaWRUb3JuZW8iOiIxIiwiaWRDbHVibG9jYWwiOiIxMTI0NSIsImlkQ2x1YnZpc2l0YSI6IjEyMDUxIiwiaWRQYXJ0aWRvIjoiMTM0MDc4IiwicGVzdGFuYSI6IjMifQ==/minuto-a-minuto-atlas-vs-mazatlan-fc-jornada-13-estadio-jalisco-fox-sports--fox-premium', 'text': ''}","{'type': 'link', 'href': 'https://www.ligafemenil.mx/cancha/informeArbitral/134078/eyJpZERpdmlzaW9uIjoiMTQiLCJpZFRlbXBvcmFkYSI6Ijc0IiwiaWRUb3JuZW8iOiIxIiwiaWRDbHVibG9jYWwiOiIxMTI0NSIsImlkQ2x1YnZpc2l0YSI6IjEyMDUxIn0=/informe-arbitral-atlas-vs-mazatlan-fc-jornada-13-estadio-jalisco-fox-sports--fox-premium', 'text': ''}","{'type': 'link', 'href': 'https://www.ligafemenil.mx/cancha/mxm/134078/eyJpZERpdmlzaW9uIjoiMTQiLCJpZFRlbXBvcmFkYSI6Ijc0IiwiaWRUb3JuZW8iOiIxIiwiaWRDbHVibG9jYWwiOiIxMTI0NSIsImlkQ2x1YnZpc2l0YSI6IjEyMDUxIiwiaWRQYXJ0aWRvIjoiMTM0MDc4IiwicGVzdGFuYSI6IjQifQ==/minuto-a-minuto-atlas-vs-mazatlan-fc-jornada-13-estadio-jalisco-fox-sports--fox-premium', 'text': ''}","{'type': 'link', 'href': 'https://www.ligafemenil.mx/cancha/galeria/MTM0MDc4LzEzLzc0LzEvMTQ=/atlas-vs-mazatlan-fc', 'text': ''}","{'type': 'link', 'href': 'https://www.ligafemenil.mx/cancha/playlist/134078/atlas-vs-mazatlan-fc', 'text': ''}"
2023-2024,Apertura,"{'type': 'text', 'value': 'Domingo 8 de Octubre de 2023\nTemporada 2023-2024\nTorneo Apertura\nJornada 13\n8 Octubre 2023 - 12:00 hrs.'}","{'type': 'link', 'href': 'https://www.ligafemenil.mx/cancha/club/11543/puebla-fc', 'text': ''}","{'type': 'link', 'href': 'https://www.ligafemenil.mx/cancha/informeArbitral/134080/eyJpZERpdmlzaW9uIjoiMTQiLCJpZFRlbXBvcmFkYSI6Ijc0IiwiaWRUb3JuZW8iOiIxIiwiaWRDbHVibG9jYWwiOjExNTQzLCJpZENsdWJ2aXNpdGEiOjExMTkyfQ==/informe-arbitral-puebla-fc-vs-santos-laguna-jornada-13-estadio-cuauhtemoc-fox-sports', 'text': '2 - 1'}","{'type': 'link', 'href': 'https://www.ligafemenil.mx/cancha/club/11192/santos-laguna', 'text': ''}","{'type': 'link', 'href': 'https://www.ligafemenil.mx/cancha/estadio/9/estadio-cuauhtemoc', 'text': 'Cuauhtémoc'}","{'type': 'link', 'href': 'https://www.ligafemenil.mx/cancha/mxm/134080/eyJpZERpdmlzaW9uIjoiMTQiLCJpZFRlbXBvcmFkYSI6Ijc0IiwiaWRUb3JuZW8iOiIxIiwiaWRDbHVibG9jYWwiOiIxMTU0MyIsImlkQ2x1YnZpc2l0YSI6IjExMTkyIiwiaWRQYXJ0aWRvIjoiMTM0MDgwIiwicGVzdGFuYSI6IjEifQ==/minuto-a-minuto-puebla-fc-vs-santos-laguna-jornada-13-estadio-cuauhtemoc-fox-sports', 'text': ''}","{'type': 'link', 'href': 'https://www.ligafemenil.mx/cancha/mxm/134080/eyJpZERpdmlzaW9uIjoiMTQiLCJpZFRlbXBvcmFkYSI6Ijc0IiwiaWRUb3JuZW8iOiIxIiwiaWRDbHVibG9jYWwiOiIxMTU0MyIsImlkQ2x1YnZpc2l0YSI6IjExMTkyIiwiaWRQYXJ0aWRvIjoiMTM0MDgwIiwicGVzdGFuYSI6IjMifQ==/minuto-a-minuto-puebla-fc-vs-santos-laguna-jornada-13-estadio-cuauhtemoc-fox-sports', 'text': ''}","{'type': 'link', 'href': 'https://www.ligafemenil.mx/cancha/informeArbitral/134080/eyJpZERpdmlzaW9uIjoiMTQiLCJpZFRlbXBvcmFkYSI6Ijc0IiwiaWRUb3JuZW8iOiIxIiwiaWRDbHVibG9jYWwiOiIxMTU0MyIsImlkQ2x1YnZpc2l0YSI6IjExMTkyIn0=/informe-arbitral-puebla-fc-vs-santos-laguna-jornada-13-estadio-cuauhtemoc-fox-sports', 'text': ''}","{'type': 'link', 'href': 'https://www.ligafemenil.mx/cancha/mxm/134080/eyJpZERpdmlzaW9uIjoiMTQiLCJpZFRlbXBvcmFkYSI6Ijc0IiwiaWRUb3JuZW8iOiIxIiwiaWRDbHVibG9jYWwiOiIxMTU0MyIsImlkQ2x1YnZpc2l0YSI6IjExMTkyIiwiaWRQYXJ0aWRvIjoiMTM0MDgwIiwicGVzdGFuYSI6IjQifQ==/minuto-a-minuto-puebla-fc-vs-santos-laguna-jornada-13-estadio-cuauhtemoc-fox-sports', 'text': ''}","{'type': 'link', 'href': 'https://www.ligafemenil.mx/cancha/galeria/MTM0MDgwLzEzLzc0LzEvMTQ=/puebla-fc-vs-santos-laguna', 'text': ''}","{'type': 'link', 'href': 'https://www.ligafemenil.mx/cancha/playlist/134080/puebla-fc-vs-santos-laguna', 'text': ''}"
2023-2024,Apertura,"{'type': 'text', 'value': 'Domingo 8 de Octubre de 2023\nTemporada 2023-2024\nTorneo Apertura\nJornada 13\n8 Octubre 2023 - 15:45 hrs.'}","{'type': 'link', 'href': 'https://www.ligafemenil.mx/cancha/club/11191/america', 'text': ''}","{'type': 'link', 'href': 'https://www.ligafemenil.mx/cancha/informeArbitral/134081/eyJpZERpdmlzaW9uIjoiMTQiLCJpZFRlbXBvcmFkYSI6Ijc0IiwiaWRUb3JuZW8iOiIxIiwiaWRDbHVibG9jYWwiOjExMTkxLCJpZENsdWJ2aXNpdGEiOjExNzk1fQ==/informe-arbitral-america-vs-fc-juarez-jornada-13-estadio-cancha-centenario-no-5-natural-instalaciones-club-america-vix', 'text': '5 - 2'}","{'type': 'link', 'href': 'https://www.ligafemenil.mx/cancha/club/11795/fc-juarez', 'text': ''}","{'type': 'link', 'href': 'https://www.ligafemenil.mx/cancha/estadio/1421/estadio-cancha-centenario-no-5-natural-instalaciones-club-america', 'text': 'Cancha Centenario No. 5 (Natural) Instalaciones Club América'}","{'type': 'link', 'href': 'https://www.ligafemenil.mx/cancha/mxm/134081/eyJpZERpdmlzaW9uIjoiMTQiLCJpZFRlbXBvcmFkYSI6Ijc0IiwiaWRUb3JuZW8iOiIxIiwiaWRDbHVibG9jYWwiOiIxMTE5MSIsImlkQ2x1YnZpc2l0YSI6IjExNzk1IiwiaWRQYXJ0aWRvIjoiMTM0MDgxIiwicGVzdGFuYSI6IjEifQ==/minuto-a-minuto-america-vs-fc-juarez-jornada-13-estadio-cancha-centenario-no-5-natural-instalaciones-club-america-vix', 'text': ''}","{'type': 'link', 'href': 'https://www.ligafemenil.mx/cancha/mxm/134081/eyJpZERpdmlzaW9uIjoiMTQiLCJpZFRlbXBvcmFkYSI6Ijc0IiwiaWRUb3JuZW8iOiIxIiwiaWRDbHVibG9jYWwiOiIxMTE5MSIsImlkQ2x1YnZpc2l0YSI6IjExNzk1IiwiaWRQYXJ0aWRvIjoiMTM0MDgxIiwicGVzdGFuYSI6IjMifQ==/minuto-a-minuto-america-vs-fc-juarez-jornada-13-estadio-cancha-centenario-no-5-natural-instalaciones-club-america-vix', 'text': ''}","{'type': 'link', 'href': 'https://www.ligafemenil.mx/cancha/informeArbitral/134081/eyJpZERpdmlzaW9uIjoiMTQiLCJpZFRlbXBvcmFkYSI6Ijc0IiwiaWRUb3JuZW8iOiIxIiwiaWRDbHVibG9jYWwiOiIxMTE5MSIsImlkQ2x1YnZpc2l0YSI6IjExNzk1In0=/informe-arbitral-america-vs-fc-juarez-jornada-13-estadio-cancha-centenario-no-5-natural-instalaciones-club-america-vix', 'text': ''}","{'type': 'link', 'href': 'https://www.ligafemenil.mx/cancha/mxm/134081/eyJpZERpdmlzaW9uIjoiMTQiLCJpZFRlbXBvcmFkYSI6Ijc0IiwiaWRUb3JuZW8iOiIxIiwiaWRDbHVibG9jYWwiOiIxMTE5MSIsImlkQ2x1YnZpc2l0YSI6IjExNzk1IiwiaWRQYXJ0aWRvIjoiMTM0MDgxIiwicGVzdGFuYSI6IjQifQ==/minuto-a-minuto-america-vs-fc-juarez-jornada-13-estadio-cancha-centenario-no-5-natural-instalaciones-club-america-vix', 'text': ''}","{'type': 'link', 'href': 'https://www.ligafemenil.mx/cancha/galeria/MTM0MDgxLzEzLzc0LzEvMTQ=/america-vs-fc-juarez', 'text': ''}","{'type': 'link', 'href': 'https://www.ligafemenil.mx/cancha/playlist/134081/america-vs-fc-juarez', 'text': ''}"
2023-2024,Apertura,"{'type': 'text', 'value': 'Domingo 8 de Octubre de 2023\nTemporada 2023-2024\nTorneo Apertura\nJornada 13\n8 Octubre 2023 - 16:00 hrs.'}","{'type': 'link', 'href': 'https://www.ligafemenil.mx/cancha/club/11180/tijuana', 'text': ''}","{'type': 'link', 'href': 'https://www.ligafemenil.mx/cancha/informeArbitral/134079/eyJpZERpdmlzaW9uIjoiMTQiLCJpZFRlbXBvcmFkYSI6Ijc0IiwiaWRUb3JuZW8iOiIxIiwiaWRDbHVibG9jYWwiOjExMTgwLCJpZENsdWJ2aXNpdGEiOjExMTg2fQ==/informe-arbitral-tijuana-vs-tigres-de-la-uanl-jornada-13-estadio-caliente-fox-premium', 'text': '0 - 0'}","{'type': 'link', 'href': 'https://www.ligafemenil.mx/cancha/club/11186/tigres-de-la-uanl', 'text': ''}","{'type': 'link', 'href': 'https://www.ligafemenil.mx/cancha/estadio/48/estadio-caliente', 'text': 'Caliente'}","{'type': 'link', 'href': 'https://www.ligafemenil.mx/cancha/mxm/134079/eyJpZERpdmlzaW9uIjoiMTQiLCJpZFRlbXBvcmFkYSI6Ijc0IiwiaWRUb3JuZW8iOiIxIiwiaWRDbHVibG9jYWwiOiIxMTE4MCIsImlkQ2x1YnZpc2l0YSI6IjExMTg2IiwiaWRQYXJ0aWRvIjoiMTM0MDc5IiwicGVzdGFuYSI6IjEifQ==/minuto-a-minuto-tijuana-vs-tigres-de-la-uanl-jornada-13-estadio-caliente-fox-premium', 'text': ''}","{'type': 'link', 'href': 'https://www.ligafemenil.mx/cancha/mxm/134079/eyJpZERpdmlzaW9uIjoiMTQiLCJpZFRlbXBvcmFkYSI6Ijc0IiwiaWRUb3JuZW8iOiIxIiwiaWRDbHVibG9jYWwiOiIxMTE4MCIsImlkQ2x1YnZpc2l0YSI6IjExMTg2IiwiaWRQYXJ0aWRvIjoiMTM0MDc5IiwicGVzdGFuYSI6IjMifQ==/minuto-a-minuto-tijuana-vs-tigres-de-la-uanl-jornada-13-estadio-caliente-fox-premium', 'text': ''}","{'type': 'link', 'href': 'https://www.ligafemenil.mx/cancha/informeArbitral/134079/eyJpZERpdmlzaW9uIjoiMTQiLCJpZFRlbXBvcmFkYSI6Ijc0IiwiaWRUb3JuZW8iOiIxIiwiaWRDbHVibG9jYWwiOiIxMTE4MCIsImlkQ2x1YnZpc2l0YSI6IjExMTg2In0=/informe-arbitral-tijuana-vs-tigres-de-la-uanl-jornada-13-estadio-caliente-fox-premium', 'text': ''}","{'type': 'link', 'href': 'https://www.ligafemenil.mx/cancha/mxm/134079/eyJpZERpdmlzaW9uIjoiMTQiLCJpZFRlbXBvcmFkYSI6Ijc0IiwiaWRUb3JuZW8iOiIxIiwiaWRDbHVibG9jYWwiOiIxMTE4MCIsImlkQ2x1YnZpc2l0YSI6IjExMTg2IiwiaWRQYXJ0aWRvIjoiMTM0MDc5IiwicGVzdGFuYSI6IjQifQ==/minuto-a-minuto-tijuana-vs-tigres-de-la-uanl-jornada-13-estadio-caliente-fox-premium', 'text': ''}","{'type': 'link', 'href': 'https://www.ligafemenil.mx/cancha/galeria/MTM0MDc5LzEzLzc0LzEvMTQ=/tijuana-vs-tigres-de-la-uanl', 'text': ''}","{'type': 'link', 'href': 'https://www.ligafemenil.mx/cancha/playlist/134079/tijuana-vs-tigres-de-la-uanl', 'text': ''}"
2023-2024,Apertura,"{'type': 'text', 'value': 'Domingo 8 de Octubre de 2023\nTemporada 2023-2024\nTorneo Apertura\nJornada 13\n8 Octubre 2023 - 21:06 hrs.'}","{'type': 'link', 'href': 'https://www.ligafemenil.mx/cancha/club/11243/leon', 'text': ''}","{'type': 'link', 'href': 'https://www.ligafemenil.mx/cancha/informeArbitral/134084/eyJpZERpdmlzaW9uIjoiMTQiLCJpZFRlbXBvcmFkYSI6Ijc0IiwiaWRUb3JuZW8iOiIxIiwiaWRDbHVibG9jYWwiOjExMjQzLCJpZENsdWJ2aXNpdGEiOjExMTg0fQ==/informe-arbitral-leon-vs-pachuca-jornada-13-estadio-nou-camp-fox-sports', 'text': '0 - 6'}","{'type': 'link', 'href': 'https://www.ligafemenil.mx/cancha/club/11184/pachuca', 'text': ''}","{'type': 'link', 'href': 'https://www.ligafemenil.mx/cancha/estadio/23/estadio-nou-camp', 'text': 'Nou Camp'}","{'type': 'link', 'href': 'https://www.ligafemenil.mx/cancha/mxm/134084/eyJpZERpdmlzaW9uIjoiMTQiLCJpZFRlbXBvcmFkYSI6Ijc0IiwiaWRUb3JuZW8iOiIxIiwiaWRDbHVibG9jYWwiOiIxMTI0MyIsImlkQ2x1YnZpc2l0YSI6IjExMTg0IiwiaWRQYXJ0aWRvIjoiMTM0MDg0IiwicGVzdGFuYSI6IjEifQ==/minuto-a-minuto-leon-vs-pachuca-jornada-13-estadio-nou-camp-fox-sports', 'text': ''}","{'type': 'link', 'href': 'https://www.ligafemenil.mx/cancha/mxm/134084/eyJpZERpdmlzaW9uIjoiMTQiLCJpZFRlbXBvcmFkYSI6Ijc0IiwiaWRUb3JuZW8iOiIxIiwiaWRDbHVibG9jYWwiOiIxMTI0MyIsImlkQ2x1YnZpc2l0YSI6IjExMTg0IiwiaWRQYXJ0aWRvIjoiMTM0MDg0IiwicGVzdGFuYSI6IjMifQ==/minuto-a-minuto-leon-vs-pachuca-jornada-13-estadio-nou-camp-fox-sports', 'text': ''}","{'type': 'link', 'href': 'https://www.ligafemenil.mx/cancha/informeArbitral/134084/eyJpZERpdmlzaW9uIjoiMTQiLCJpZFRlbXBvcmFkYSI6Ijc0IiwiaWRUb3JuZW8iOiIxIiwiaWRDbHVibG9jYWwiOiIxMTI0MyIsImlkQ2x1YnZpc2l0YSI6IjExMTg0In0=/informe-arbitral-leon-vs-pachuca-jornada-13-estadio-nou-camp-fox-sports', 'text': ''}","{'type': 'link', 'href': 'https://www.ligafemenil.mx/cancha/mxm/134084/eyJpZERpdmlzaW9uIjoiMTQiLCJpZFRlbXBvcmFkYSI6Ijc0IiwiaWRUb3JuZW8iOiIxIiwiaWRDbHVibG9jYWwiOiIxMTI0MyIsImlkQ2x1YnZpc2l0YSI6IjExMTg0IiwiaWRQYXJ0aWRvIjoiMTM0MDg0IiwicGVzdGFuYSI6IjQifQ==/minuto-a-minuto-leon-vs-pachuca-jornada-13-estadio-nou-camp-fox-sports', 'text': ''}","{'type': 'link', 'href': 'https://www.ligafemenil.mx/cancha/galeria/MTM0MDg0LzEzLzc0LzEvMTQ=/leon-vs-pachuca', 'text': ''}","{'type': 'link', 'href': 'https://www.ligafemenil.mx/cancha/playlist/134084/leon-vs-pachuca', 'text': ''}"
2023-2024,Apertura,"{'type': 'text', 'value': 'Lunes 9 de Octubre de 2023\nTemporada 2023-2024\nTorneo Apertura\nJornada 13\n9 Octubre 2023 - 17:00 hrs.'}","{'type': 'link', 'href': 'https://www.ligafemenil.mx/cancha/club/11187/toluca', 'text': ''}","{'type': 'link', 'href': 'https://www.ligafemenil.mx/cancha/informeArbitral/134082/eyJpZERpdmlzaW9uIjoiMTQiLCJpZFRlbXBvcmFkYSI6Ijc0IiwiaWRUb3JuZW8iOiIxIiwiaWRDbHVibG9jYWwiOjExMTg3LCJpZENsdWJ2aXNpdGEiOjExMTgyfQ==/informe-arbitral-toluca-vs-guadalajara-jornada-13-estadio-nemesio-diez-vix', 'text': '2 - 4'}","{'type': 'link', 'href': 'https://www.ligafemenil.mx/cancha/club/11182/guadalajara', 'text': ''}","{'type': 'link', 'href': 'https://www.ligafemenil.mx/cancha/estadio/6/estadio-nemesio-diez', 'text': 'Nemesio Diez'}","{'type': 'link', 'href': 'https://www.ligafemenil.mx/cancha/mxm/134082/eyJpZERpdmlzaW9uIjoiMTQiLCJpZFRlbXBvcmFkYSI6Ijc0IiwiaWRUb3JuZW8iOiIxIiwiaWRDbHVibG9jYWwiOiIxMTE4NyIsImlkQ2x1YnZpc2l0YSI6IjExMTgyIiwiaWRQYXJ0aWRvIjoiMTM0MDgyIiwicGVzdGFuYSI6IjEifQ==/minuto-a-minuto-toluca-vs-guadalajara-jornada-13-estadio-nemesio-diez-vix', 'text': ''}","{'type': 'link', 'href': 'https://www.ligafemenil.mx/cancha/mxm/134082/eyJpZERpdmlzaW9uIjoiMTQiLCJpZFRlbXBvcmFkYSI6Ijc0IiwiaWRUb3JuZW8iOiIxIiwiaWRDbHVibG9jYWwiOiIxMTE4NyIsImlkQ2x1YnZpc2l0YSI6IjExMTgyIiwiaWRQYXJ0aWRvIjoiMTM0MDgyIiwicGVzdGFuYSI6IjMifQ==/minuto-a-minuto-toluca-vs-guadalajara-jornada-13-estadio-nemesio-diez-vix', 'text': ''}","{'type': 'link', 'href': 'https://www.ligafemenil.mx/cancha/informeArbitral/134082/eyJpZERpdmlzaW9uIjoiMTQiLCJpZFRlbXBvcmFkYSI6Ijc0IiwiaWRUb3JuZW8iOiIxIiwiaWRDbHVibG9jYWwiOiIxMTE4NyIsImlkQ2x1YnZpc2l0YSI6IjExMTgyIn0=/informe-arbitral-toluca-vs-guadalajara-jornada-13-estadio-nemesio-diez-vix', 'text': ''}","{'type': 'link', 'href': 'https://www.ligafemenil.mx/cancha/mxm/134082/eyJpZERpdmlzaW9uIjoiMTQiLCJpZFRlbXBvcmFkYSI6Ijc0IiwiaWRUb3JuZW8iOiIxIiwiaWRDbHVibG9jYWwiOiIxMTE4NyIsImlkQ2x1YnZpc2l0YSI6IjExMTgyIiwiaWRQYXJ0aWRvIjoiMTM0MDgyIiwicGVzdGFuYSI6IjQifQ==/minuto-a-minuto-toluca-vs-guadalajara-jornada-13-estadio-nemesio-diez-vix', 'text': ''}","{'type': 'link', 'href': 'https://www.ligafemenil.mx/cancha/galeria/MTM0MDgyLzEzLzc0LzEvMTQ=/toluca-vs-guadalajara', 'text': ''}","{'type': 'link', 'href': 'https://www.ligafemenil.mx/cancha/playlist/134082/toluca-vs-guadalajara', 'text': ''}"
2023-2024,Apertura,"{'type': 'text', 'value': 'Lunes 9 de Octubre de 2023\nTemporada 2023-2024\nTorneo Apertura\nJornada 13\n9 Octubre 2023 - 19:00 hrs.'}","{'type': 'link', 'href': 'https://www.ligafemenil.mx/cancha/club/11188/pumas', 'text': ''}","{'type': 'link', 'href': 'https://www.ligafemenil.mx/cancha/informeArbitral/134083/eyJpZERpdmlzaW9uIjoiMTQiLCJpZFRlbXBvcmFkYSI6Ijc0IiwiaWRUb3JuZW8iOiIxIiwiaWRDbHVibG9jYWwiOjExMTg4LCJpZENsdWJ2aXNpdGEiOjExMTg5fQ==/informe-arbitral-pumas-vs-necaxa-jornada-13-estadio-olimpico-universitario-vix', 'text': '6 - 0'}","{'type': 'link', 'href': 'https://www.ligafemenil.mx/cancha/club/11189/necaxa', 'text': ''}","{'type': 'link', 'href': 'https://www.ligafemenil.mx/cancha/estadio/7/estadio-olimpico-universitario', 'text': 'Olímpico Universitario'}","{'type': 'link', 'href': 'https://www.ligafemenil.mx/cancha/mxm/134083/eyJpZERpdmlzaW9uIjoiMTQiLCJpZFRlbXBvcmFkYSI6Ijc0IiwiaWRUb3JuZW8iOiIxIiwiaWRDbHVibG9jYWwiOiIxMTE4OCIsImlkQ2x1YnZpc2l0YSI6IjExMTg5IiwiaWRQYXJ0aWRvIjoiMTM0MDgzIiwicGVzdGFuYSI6IjEifQ==/minuto-a-minuto-pumas-vs-necaxa-jornada-13-estadio-olimpico-universitario-vix', 'text': ''}","{'type': 'link', 'href': 'https://www.ligafemenil.mx/cancha/mxm/134083/eyJpZERpdmlzaW9uIjoiMTQiLCJpZFRlbXBvcmFkYSI6Ijc0IiwiaWRUb3JuZW8iOiIxIiwiaWRDbHVibG9jYWwiOiIxMTE4OCIsImlkQ2x1YnZpc2l0YSI6IjExMTg5IiwiaWRQYXJ0aWRvIjoiMTM0MDgzIiwicGVzdGFuYSI6IjMifQ==/minuto-a-minuto-pumas-vs-necaxa-jornada-13-estadio-olimpico-universitario-vix', 'text': ''}","{'type': 'link', 'href': 'https://www.ligafemenil.mx/cancha/informeArbitral/134083/eyJpZERpdmlzaW9uIjoiMTQiLCJpZFRlbXBvcmFkYSI6Ijc0IiwiaWRUb3JuZW8iOiIxIiwiaWRDbHVibG9jYWwiOiIxMTE4OCIsImlkQ2x1YnZpc2l0YSI6IjExMTg5In0=/informe-arbitral-pumas-vs-necaxa-jornada-13-estadio-olimpico-universitario-vix', 'text': ''}","{'type': 'link', 'href': 'https://www.ligafemenil.mx/cancha/mxm/134083/eyJpZERpdmlzaW9uIjoiMTQiLCJpZFRlbXBvcmFkYSI6Ijc0IiwiaWRUb3JuZW8iOiIxIiwiaWRDbHVibG9jYWwiOiIxMTE4OCIsImlkQ2x1YnZpc2l0YSI6IjExMTg5IiwiaWRQYXJ0aWRvIjoiMTM0MDgzIiwicGVzdGFuYSI6IjQifQ==/minuto-a-minuto-pumas-vs-necaxa-jornada-13-estadio-olimpico-universitario-vix', 'text': ''}","{'type': 'link', 'href': 'https://www.ligafemenil.mx/cancha/galeria/MTM0MDgzLzEzLzc0LzEvMTQ=/pumas-vs-necaxa', 'text': ''}","{'type': 'link', 'href': 'https://www.ligafemenil.mx/cancha/playlist/134083/pumas-vs-necaxa', 'text': ''}"
2023-2024,Apertura,"{'type': 'text', 'value': 'Lunes 9 de Octubre de 2023\nTemporada 2023-2024\nTorneo Apertura\nJornada 13\n9 Octubre 2023 - 21:00 hrs.'}","{'type': 'link', 'href': 'https://www.ligafemenil.mx/cancha/club/11185/rayados-de-monterrey', 'text': ''}","{'type': 'link', 'href': 'https://www.ligafemenil.mx/cancha/informeArbitral/134085/eyJpZERpdmlzaW9uIjoiMTQiLCJpZFRlbXBvcmFkYSI6Ijc0IiwiaWRUb3JuZW8iOiIxIiwiaWRDbHVibG9jYWwiOjExMTg1LCJpZENsdWJ2aXNpdGEiOjEyMDQyfQ==/informe-arbitral-rayados-de-monterrey-vs-gallos-blancos-de-queretaro-jornada-13-estadio-bbva-vix', 'text': '3 - 1'}","{'type': 'link', 'href': 'https://www.ligafemenil.mx/cancha/club/12042/gallos-blancos-de-queretaro', 'text': ''}","{'type': 'link', 'href': 'https://www.ligafemenil.mx/cancha/estadio/1608/estadio-bbva', 'text': 'Estadio BBVA'}","{'type': 'link', 'href': 'https://www.ligafemenil.mx/cancha/mxm/134085/eyJpZERpdmlzaW9uIjoiMTQiLCJpZFRlbXBvcmFkYSI6Ijc0IiwiaWRUb3JuZW8iOiIxIiwiaWRDbHVibG9jYWwiOiIxMTE4NSIsImlkQ2x1YnZpc2l0YSI6IjEyMDQyIiwiaWRQYXJ0aWRvIjoiMTM0MDg1IiwicGVzdGFuYSI6IjEifQ==/minuto-a-minuto-rayados-de-monterrey-vs-gallos-blancos-de-queretaro-jornada-13-estadio-bbva-vix', 'text': ''}","{'type': 'link', 'href': 'https://www.ligafemenil.mx/cancha/mxm/134085/eyJpZERpdmlzaW9uIjoiMTQiLCJpZFRlbXBvcmFkYSI6Ijc0IiwiaWRUb3JuZW8iOiIxIiwiaWRDbHVibG9jYWwiOiIxMTE4NSIsImlkQ2x1YnZpc2l0YSI6IjEyMDQyIiwiaWRQYXJ0aWRvIjoiMTM0MDg1IiwicGVzdGFuYSI6IjMifQ==/minuto-a-minuto-rayados-de-monterrey-vs-gallos-blancos-de-queretaro-jornada-13-estadio-bbva-vix', 'text': ''}","{'type': 'link', 'href': 'https://www.ligafemenil.mx/cancha/informeArbitral/134085/eyJpZERpdmlzaW9uIjoiMTQiLCJpZFRlbXBvcmFkYSI6Ijc0IiwiaWRUb3JuZW8iOiIxIiwiaWRDbHVibG9jYWwiOiIxMTE4NSIsImlkQ2x1YnZpc2l0YSI6IjEyMDQyIn0=/informe-arbitral-rayados-de-monterrey-vs-gallos-blancos-de-queretaro-jornada-13-estadio-bbva-vix', 'text': ''}","{'type': 'link', 'href': 'https://www.ligafemenil.mx/cancha/mxm/134085/eyJpZERpdmlzaW9uIjoiMTQiLCJpZFRlbXBvcmFkYSI6Ijc0IiwiaWRUb3JuZW8iOiIxIiwiaWRDbHVibG9jYWwiOiIxMTE4NSIsImlkQ2x1YnZpc2l0YSI6IjEyMDQyIiwiaWRQYXJ0aWRvIjoiMTM0MDg1IiwicGVzdGFuYSI6IjQifQ==/minuto-a-minuto-rayados-de-monterrey-vs-gallos-blancos-de-queretaro-jornada-13-estadio-bbva-vix', 'text': ''}","{'type': 'link', 'href': 'https://www.ligafemenil.mx/cancha/galeria/MTM0MDg1LzEzLzc0LzEvMTQ=/rayados-de-monterrey-vs-gallos-blancos-de-queretaro', 'text': ''}","{'type': 'link', 'href': 'https://www.ligafemenil.mx/cancha/playlist/134085/rayados-de-monterrey-vs-gallos-blancos-de-queretaro', 'text': ''}"
2023-2024,Apertura,"{'type': 'text', 'value': 'Miércoles 11 de Octubre de 2023\nTemporada 2023-2024\nTorneo Apertura\nJornada 14\n11 Octubre 2023 - 18:06 hrs.'}","{'type': 'link', 'href': 'https://www.ligafemenil.mx/cancha/club/12051/mazatlan-fc', 'text': ''}","{'type': 'link', 'href': 'https://www.ligafemenil.mx/cancha/informeArbitral/134086/eyJpZERpdmlzaW9uIjoiMTQiLCJpZFRlbXBvcmFkYSI6Ijc0IiwiaWRUb3JuZW8iOiIxIiwiaWRDbHVibG9jYWwiOjEyMDUxLCJpZENsdWJ2aXNpdGEiOjExMTkyfQ==/informe-arbitral-mazatlan-fc-vs-santos-laguna-jornada-14-estadio-mazatlan-fox-premium', 'text': '2 - 2'}","{'type': 'link', 'href': 'https://www.ligafemenil.mx/cancha/club/11192/santos-laguna', 'text': ''}","{'type': 'link', 'href': 'https://www.ligafemenil.mx/cancha/estadio/1697/estadio-mazatlan', 'text': 'Estadio Mazatlán'}","{'type': 'link', 'href': 'https://www.ligafemenil.mx/cancha/mxm/134086/eyJpZERpdmlzaW9uIjoiMTQiLCJpZFRlbXBvcmFkYSI6Ijc0IiwiaWRUb3JuZW8iOiIxIiwiaWRDbHVibG9jYWwiOiIxMjA1MSIsImlkQ2x1YnZpc2l0YSI6IjExMTkyIiwiaWRQYXJ0aWRvIjoiMTM0MDg2IiwicGVzdGFuYSI6IjEifQ==/minuto-a-minuto-mazatlan-fc-vs-santos-laguna-jornada-14-estadio-mazatlan-fox-premium', 'text': ''}","{'type': 'link', 'href': 'https://www.ligafemenil.mx/cancha/mxm/134086/eyJpZERpdmlzaW9uIjoiMTQiLCJpZFRlbXBvcmFkYSI6Ijc0IiwiaWRUb3JuZW8iOiIxIiwiaWRDbHVibG9jYWwiOiIxMjA1MSIsImlkQ2x1YnZpc2l0YSI6IjExMTkyIiwiaWRQYXJ0aWRvIjoiMTM0MDg2IiwicGVzdGFuYSI6IjMifQ==/minuto-a-minuto-mazatlan-fc-vs-santos-laguna-jornada-14-estadio-mazatlan-fox-premium', 'text': ''}","{'type': 'link', 'href': 'https://www.ligafemenil.mx/cancha/informeArbitral/134086/eyJpZERpdmlzaW9uIjoiMTQiLCJpZFRlbXBvcmFkYSI6Ijc0IiwiaWRUb3JuZW8iOiIxIiwiaWRDbHVibG9jYWwiOiIxMjA1MSIsImlkQ2x1YnZpc2l0YSI6IjExMTkyIn0=/informe-arbitral-mazatlan-fc-vs-santos-laguna-jornada-14-estadio-mazatlan-fox-premium', 'text': ''}","{'type': 'link', 'href': 'https://www.ligafemenil.mx/cancha/mxm/134086/eyJpZERpdmlzaW9uIjoiMTQiLCJpZFRlbXBvcmFkYSI6Ijc0IiwiaWRUb3JuZW8iOiIxIiwiaWRDbHVibG9jYWwiOiIxMjA1MSIsImlkQ2x1YnZpc2l0YSI6IjExMTkyIiwiaWRQYXJ0aWRvIjoiMTM0MDg2IiwicGVzdGFuYSI6IjQifQ==/minuto-a-minuto-mazatlan-fc-vs-santos-laguna-jornada-14-estadio-mazatlan-fox-premium', 'text': ''}","{'type': 'link', 'href': 'https://www.ligafemenil.mx/cancha/galeria/MTM0MDg2LzE0Lzc0LzEvMTQ=/mazatlan-fc-vs-santos-laguna', 'text': ''}","{'type': 'link', 'href': 'https://www.ligafemenil.mx/cancha/playlist/134086/mazatlan-fc-vs-santos-laguna', 'text': ''}"
2023-2024,Apertura,"{'type': 'text', 'value': 'Jueves 12 de Octubre de 2023\nTemporada 2023-2024\nTorneo Apertura\nJornada 14\n12 Octubre 2023 - 15:45 hrs.'}","{'type': 'link', 'href': 'https://www.ligafemenil.mx/cancha/club/11191/america', 'text': ''}","{'type': 'link', 'href': 'https://www.ligafemenil.mx/cancha/informeArbitral/134092/eyJpZERpdmlzaW9uIjoiMTQiLCJpZFRlbXBvcmFkYSI6Ijc0IiwiaWRUb3JuZW8iOiIxIiwiaWRDbHVibG9jYWwiOjExMTkxLCJpZENsdWJ2aXNpdGEiOjExMTg5fQ==/informe-arbitral-america-vs-necaxa-jornada-14-estadio-cancha-centenario-no-5-natural-instalaciones-club-america-vix', 'text': '5 - 0'}","{'type': 'link', 'href': 'https://www.ligafemenil.mx/cancha/club/11189/necaxa', 'text': ''}","{'type': 'link', 'href': 'https://www.ligafemenil.mx/cancha/estadio/1421/estadio-cancha-centenario-no-5-natural-instalaciones-club-america', 'text': 'Cancha Centenario No. 5 (Natural) Instalaciones Club América'}","{'type': 'link', 'href': 'https://www.ligafemenil.mx/cancha/mxm/134092/eyJpZERpdmlzaW9uIjoiMTQiLCJpZFRlbXBvcmFkYSI6Ijc0IiwiaWRUb3JuZW8iOiIxIiwiaWRDbHVibG9jYWwiOiIxMTE5MSIsImlkQ2x1YnZpc2l0YSI6IjExMTg5IiwiaWRQYXJ0aWRvIjoiMTM0MDkyIiwicGVzdGFuYSI6IjEifQ==/minuto-a-minuto-america-vs-necaxa-jornada-14-estadio-cancha-centenario-no-5-natural-instalaciones-club-america-vix', 'text': ''}","{'type': 'link', 'href': 'https://www.ligafemenil.mx/cancha/mxm/134092/eyJpZERpdmlzaW9uIjoiMTQiLCJpZFRlbXBvcmFkYSI6Ijc0IiwiaWRUb3JuZW8iOiIxIiwiaWRDbHVibG9jYWwiOiIxMTE5MSIsImlkQ2x1YnZpc2l0YSI6IjExMTg5IiwiaWRQYXJ0aWRvIjoiMTM0MDkyIiwicGVzdGFuYSI6IjMifQ==/minuto-a-minuto-america-vs-necaxa-jornada-14-estadio-cancha-centenario-no-5-natural-instalaciones-club-america-vix', 'text': ''}","{'type': 'link', 'href': 'https://www.ligafemenil.mx/cancha/informeArbitral/134092/eyJpZERpdmlzaW9uIjoiMTQiLCJpZFRlbXBvcmFkYSI6Ijc0IiwiaWRUb3JuZW8iOiIxIiwiaWRDbHVibG9jYWwiOiIxMTE5MSIsImlkQ2x1YnZpc2l0YSI6IjExMTg5In0=/informe-arbitral-america-vs-necaxa-jornada-14-estadio-cancha-centenario-no-5-natural-instalaciones-club-america-vix', 'text': ''}","{'type': 'link', 'href': 'https://www.ligafemenil.mx/cancha/mxm/134092/eyJpZERpdmlzaW9uIjoiMTQiLCJpZFRlbXBvcmFkYSI6Ijc0IiwiaWRUb3JuZW8iOiIxIiwiaWRDbHVibG9jYWwiOiIxMTE5MSIsImlkQ2x1YnZpc2l0YSI6IjExMTg5IiwiaWRQYXJ0aWRvIjoiMTM0MDkyIiwicGVzdGFuYSI6IjQifQ==/minuto-a-minuto-america-vs-necaxa-jornada-14-estadio-cancha-centenario-no-5-natural-instalaciones-club-america-vix', 'text': ''}","{'type': 'link', 'href': 'https://www.ligafemenil.mx/cancha/galeria/MTM0MDkyLzE0Lzc0LzEvMTQ=/america-vs-necaxa', 'text': ''}","{'type': 'link', 'href': 'https://www.ligafemenil.mx/cancha/playlist/134092/america-vs-necaxa', 'text': ''}"
2023-2024,Apertura,"{'type': 'text', 'value': 'Jueves 12 de Octubre de 2023\nTemporada 2023-2024\nTorneo Apertura\nJornada 14\n12 Octubre 2023 - 17:06 hrs.'}","{'type': 'link', 'href': 'https://www.ligafemenil.mx/cancha/club/12042/gallos-blancos-de-queretaro', 'text': ''}","{'type': 'link', 'href': 'https://www.ligafemenil.mx/cancha/informeArbitral/134087/eyJpZERpdmlzaW9uIjoiMTQiLCJpZFRlbXBvcmFkYSI6Ijc0IiwiaWRUb3JuZW8iOiIxIiwiaWRDbHVibG9jYWwiOjEyMDQyLCJpZENsdWJ2aXNpdGEiOjExMTg4fQ==/informe-arbitral-gallos-blancos-de-queretaro-vs-pumas-jornada-14-estadio-la-corregidora-fox-sports', 'text': '3 - 2'}","{'type': 'link', 'href': 'https://www.ligafemenil.mx/cancha/club/11188/pumas', 'text': ''}","{'type': 'link', 'href': 'https://www.ligafemenil.mx/cancha/estadio/25/estadio-la-corregidora', 'text': 'La Corregidora'}","{'type': 'link', 'href': 'https://www.ligafemenil.mx/cancha/mxm/134087/eyJpZERpdmlzaW9uIjoiMTQiLCJpZFRlbXBvcmFkYSI6Ijc0IiwiaWRUb3JuZW8iOiIxIiwiaWRDbHVibG9jYWwiOiIxMjA0MiIsImlkQ2x1YnZpc2l0YSI6IjExMTg4IiwiaWRQYXJ0aWRvIjoiMTM0MDg3IiwicGVzdGFuYSI6IjEifQ==/minuto-a-minuto-gallos-blancos-de-queretaro-vs-pumas-jornada-14-estadio-la-corregidora-fox-sports', 'text': ''}","{'type': 'link', 'href': 'https://www.ligafemenil.mx/cancha/mxm/134087/eyJpZERpdmlzaW9uIjoiMTQiLCJpZFRlbXBvcmFkYSI6Ijc0IiwiaWRUb3JuZW8iOiIxIiwiaWRDbHVibG9jYWwiOiIxMjA0MiIsImlkQ2x1YnZpc2l0YSI6IjExMTg4IiwiaWRQYXJ0aWRvIjoiMTM0MDg3IiwicGVzdGFuYSI6IjMifQ==/minuto-a-minuto-gallos-blancos-de-queretaro-vs-pumas-jornada-14-estadio-la-corregidora-fox-sports', 'text': ''}","{'type': 'link', 'href': 'https://www.ligafemenil.mx/cancha/informeArbitral/134087/eyJpZERpdmlzaW9uIjoiMTQiLCJpZFRlbXBvcmFkYSI6Ijc0IiwiaWRUb3JuZW8iOiIxIiwiaWRDbHVibG9jYWwiOiIxMjA0MiIsImlkQ2x1YnZpc2l0YSI6IjExMTg4In0=/informe-arbitral-gallos-blancos-de-queretaro-vs-pumas-jornada-14-estadio-la-corregidora-fox-sports', 'text': ''}","{'type': 'link', 'href': 'https://www.ligafemenil.mx/cancha/mxm/134087/eyJpZERpdmlzaW9uIjoiMTQiLCJpZFRlbXBvcmFkYSI6Ijc0IiwiaWRUb3JuZW8iOiIxIiwiaWRDbHVibG9jYWwiOiIxMjA0MiIsImlkQ2x1YnZpc2l0YSI6IjExMTg4IiwiaWRQYXJ0aWRvIjoiMTM0MDg3IiwicGVzdGFuYSI6IjQifQ==/minuto-a-minuto-gallos-blancos-de-queretaro-vs-pumas-jornada-14-estadio-la-corregidora-fox-sports', 'text': ''}","{'type': 'link', 'href': 'https://www.ligafemenil.mx/cancha/galeria/MTM0MDg3LzE0Lzc0LzEvMTQ=/gallos-blancos-de-queretaro-vs-pumas', 'text': ''}","{'type': 'link', 'href': 'https://www.ligafemenil.mx/cancha/playlist/134087/gallos-blancos-de-queretaro-vs-pumas', 'text': ''}"
2023-2024,Apertura,"{'type': 'text', 'value': 'Jueves 12 de Octubre de 2023\nTemporada 2023-2024\nTorneo Apertura\nJornada 14\n12 Octubre 2023 - 18:00 hrs.'}","{'type': 'link', 'href': 'https://www.ligafemenil.mx/cancha/club/11187/toluca', 'text': ''}","{'type': 'link', 'href': 'https://www.ligafemenil.mx/cancha/informeArbitral/134088/eyJpZERpdmlzaW9uIjoiMTQiLCJpZFRlbXBvcmFkYSI6Ijc0IiwiaWRUb3JuZW8iOiIxIiwiaWRDbHVibG9jYWwiOjExMTg3LCJpZENsdWJ2aXNpdGEiOjExMjQ1fQ==/informe-arbitral-toluca-vs-atlas-jornada-14-estadio-nemesio-diez-vix', 'text': '2 - 1'}","{'type': 'link', 'href': 'https://www.ligafemenil.mx/cancha/club/11245/atlas', 'text': ''}","{'type': 'link', 'href': 'https://www.ligafemenil.mx/cancha/estadio/6/estadio-nemesio-diez', 'text': 'Nemesio Diez'}","{'type': 'link', 'href': 'https://www.ligafemenil.mx/cancha/mxm/134088/eyJpZERpdmlzaW9uIjoiMTQiLCJpZFRlbXBvcmFkYSI6Ijc0IiwiaWRUb3JuZW8iOiIxIiwiaWRDbHVibG9jYWwiOiIxMTE4NyIsImlkQ2x1YnZpc2l0YSI6IjExMjQ1IiwiaWRQYXJ0aWRvIjoiMTM0MDg4IiwicGVzdGFuYSI6IjEifQ==/minuto-a-minuto-toluca-vs-atlas-jornada-14-estadio-nemesio-diez-vix', 'text': ''}","{'type': 'link', 'href': 'https://www.ligafemenil.mx/cancha/mxm/134088/eyJpZERpdmlzaW9uIjoiMTQiLCJpZFRlbXBvcmFkYSI6Ijc0IiwiaWRUb3JuZW8iOiIxIiwiaWRDbHVibG9jYWwiOiIxMTE4NyIsImlkQ2x1YnZpc2l0YSI6IjExMjQ1IiwiaWRQYXJ0aWRvIjoiMTM0MDg4IiwicGVzdGFuYSI6IjMifQ==/minuto-a-minuto-toluca-vs-atlas-jornada-14-estadio-nemesio-diez-vix', 'text': ''}","{'type': 'link', 'href': 'https://www.ligafemenil.mx/cancha/informeArbitral/134088/eyJpZERpdmlzaW9uIjoiMTQiLCJpZFRlbXBvcmFkYSI6Ijc0IiwiaWRUb3JuZW8iOiIxIiwiaWRDbHVibG9jYWwiOiIxMTE4NyIsImlkQ2x1YnZpc2l0YSI6IjExMjQ1In0=/informe-arbitral-toluca-vs-atlas-jornada-14-estadio-nemesio-diez-vix', 'text': ''}","{'type': 'link', 'href': 'https://www.ligafemenil.mx/cancha/mxm/134088/eyJpZERpdmlzaW9uIjoiMTQiLCJpZFRlbXBvcmFkYSI6Ijc0IiwiaWRUb3JuZW8iOiIxIiwiaWRDbHVibG9jYWwiOiIxMTE4NyIsImlkQ2x1YnZpc2l0YSI6IjExMjQ1IiwiaWRQYXJ0aWRvIjoiMTM0MDg4IiwicGVzdGFuYSI6IjQifQ==/minuto-a-minuto-toluca-vs-atlas-jornada-14-estadio-nemesio-diez-vix', 'text': ''}","{'type': 'link', 'href': 'https://www.ligafemenil.mx/cancha/galeria/MTM0MDg4LzE0Lzc0LzEvMTQ=/toluca-vs-atlas', 'text': ''}","{'type': 'link', 'href': 'https://www.ligafemenil.mx/cancha/playlist/134088/toluca-vs-atlas', 'text': ''}"
2023-2024,Apertura,"{'type': 'text', 'value': 'Jueves 12 de Octubre de 2023\nTemporada 2023-2024\nTorneo Apertura\nJornada 14\n12 Octubre 2023 - 19:00 hrs.'}","{'type': 'link', 'href': 'https://www.ligafemenil.mx/cancha/club/11778/club-atletico-de-san-luis', 'text': ''}","{'type': 'link', 'href': 'https://www.ligafemenil.mx/cancha/informeArbitral/134090/eyJpZERpdmlzaW9uIjoiMTQiLCJpZFRlbXBvcmFkYSI6Ijc0IiwiaWRUb3JuZW8iOiIxIiwiaWRDbHVibG9jYWwiOjExNzc4LCJpZENsdWJ2aXNpdGEiOjExMTg1fQ==/informe-arbitral-club-atletico-de-san-luis-vs-rayados-de-monterrey-jornada-14-estadio-alfonso-lastras-ramirez-espn', 'text': '1 - 2'}","{'type': 'link', 'href': 'https://www.ligafemenil.mx/cancha/club/11185/rayados-de-monterrey', 'text': ''}","{'type': 'link', 'href': 'https://www.ligafemenil.mx/cancha/estadio/14/estadio-alfonso-lastras-ramirez', 'text': 'Alfonso Lastras Ramírez'}","{'type': 'link', 'href': 'https://www.ligafemenil.mx/cancha/mxm/134090/eyJpZERpdmlzaW9uIjoiMTQiLCJpZFRlbXBvcmFkYSI6Ijc0IiwiaWRUb3JuZW8iOiIxIiwiaWRDbHVibG9jYWwiOiIxMTc3OCIsImlkQ2x1YnZpc2l0YSI6IjExMTg1IiwiaWRQYXJ0aWRvIjoiMTM0MDkwIiwicGVzdGFuYSI6IjEifQ==/minuto-a-minuto-club-atletico-de-san-luis-vs-rayados-de-monterrey-jornada-14-estadio-alfonso-lastras-ramirez-espn', 'text': ''}","{'type': 'link', 'href': 'https://www.ligafemenil.mx/cancha/mxm/134090/eyJpZERpdmlzaW9uIjoiMTQiLCJpZFRlbXBvcmFkYSI6Ijc0IiwiaWRUb3JuZW8iOiIxIiwiaWRDbHVibG9jYWwiOiIxMTc3OCIsImlkQ2x1YnZpc2l0YSI6IjExMTg1IiwiaWRQYXJ0aWRvIjoiMTM0MDkwIiwicGVzdGFuYSI6IjMifQ==/minuto-a-minuto-club-atletico-de-san-luis-vs-rayados-de-monterrey-jornada-14-estadio-alfonso-lastras-ramirez-espn', 'text': ''}","{'type': 'link', 'href': 'https://www.ligafemenil.mx/cancha/informeArbitral/134090/eyJpZERpdmlzaW9uIjoiMTQiLCJpZFRlbXBvcmFkYSI6Ijc0IiwiaWRUb3JuZW8iOiIxIiwiaWRDbHVibG9jYWwiOiIxMTc3OCIsImlkQ2x1YnZpc2l0YSI6IjExMTg1In0=/informe-arbitral-club-atletico-de-san-luis-vs-rayados-de-monterrey-jornada-14-estadio-alfonso-lastras-ramirez-espn', 'text': ''}","{'type': 'link', 'href': 'https://www.ligafemenil.mx/cancha/mxm/134090/eyJpZERpdmlzaW9uIjoiMTQiLCJpZFRlbXBvcmFkYSI6Ijc0IiwiaWRUb3JuZW8iOiIxIiwiaWRDbHVibG9jYWwiOiIxMTc3OCIsImlkQ2x1YnZpc2l0YSI6IjExMTg1IiwiaWRQYXJ0aWRvIjoiMTM0MDkwIiwicGVzdGFuYSI6IjQifQ==/minuto-a-minuto-club-atletico-de-san-luis-vs-rayados-de-monterrey-jornada-14-estadio-alfonso-lastras-ramirez-espn', 'text': ''}","{'type': 'link', 'href': 'https://www.ligafemenil.mx/cancha/galeria/MTM0MDkwLzE0Lzc0LzEvMTQ=/club-atletico-de-san-luis-vs-rayados-de-monterrey', 'text': ''}","{'type': 'link', 'href': 'https://www.ligafemenil.mx/cancha/playlist/134090/club-atletico-de-san-luis-vs-rayados-de-monterrey', 'text': ''}"
2023-2024,Apertura,"{'type': 'text', 'value': 'Jueves 12 de Octubre de 2023\nTemporada 2023-2024\nTorneo Apertura\nJornada 14\n12 Octubre 2023 - 19:10 hrs.'}","{'type': 'link', 'href': 'https://www.ligafemenil.mx/cancha/club/11182/guadalajara', 'text': ''}","{'type': 'link', 'href': 'https://www.ligafemenil.mx/cancha/informeArbitral/134091/eyJpZERpdmlzaW9uIjoiMTQiLCJpZFRlbXBvcmFkYSI6Ijc0IiwiaWRUb3JuZW8iOiIxIiwiaWRDbHVibG9jYWwiOjExMTgyLCJpZENsdWJ2aXNpdGEiOjExMjQzfQ==/informe-arbitral-guadalajara-vs-leon-jornada-14-estadio-akron-fox-sports', 'text': '2 - 0'}","{'type': 'link', 'href': 'https://www.ligafemenil.mx/cancha/club/11243/leon', 'text': ''}","{'type': 'link', 'href': 'https://www.ligafemenil.mx/cancha/estadio/1538/estadio-akron', 'text': 'Estadio AKRON'}","{'type': 'link', 'href': 'https://www.ligafemenil.mx/cancha/mxm/134091/eyJpZERpdmlzaW9uIjoiMTQiLCJpZFRlbXBvcmFkYSI6Ijc0IiwiaWRUb3JuZW8iOiIxIiwiaWRDbHVibG9jYWwiOiIxMTE4MiIsImlkQ2x1YnZpc2l0YSI6IjExMjQzIiwiaWRQYXJ0aWRvIjoiMTM0MDkxIiwicGVzdGFuYSI6IjEifQ==/minuto-a-minuto-guadalajara-vs-leon-jornada-14-estadio-akron-fox-sports', 'text': ''}","{'type': 'link', 'href': 'https://www.ligafemenil.mx/cancha/mxm/134091/eyJpZERpdmlzaW9uIjoiMTQiLCJpZFRlbXBvcmFkYSI6Ijc0IiwiaWRUb3JuZW8iOiIxIiwiaWRDbHVibG9jYWwiOiIxMTE4MiIsImlkQ2x1YnZpc2l0YSI6IjExMjQzIiwiaWRQYXJ0aWRvIjoiMTM0MDkxIiwicGVzdGFuYSI6IjMifQ==/minuto-a-minuto-guadalajara-vs-leon-jornada-14-estadio-akron-fox-sports', 'text': ''}","{'type': 'link', 'href': 'https://www.ligafemenil.mx/cancha/informeArbitral/134091/eyJpZERpdmlzaW9uIjoiMTQiLCJpZFRlbXBvcmFkYSI6Ijc0IiwiaWRUb3JuZW8iOiIxIiwiaWRDbHVibG9jYWwiOiIxMTE4MiIsImlkQ2x1YnZpc2l0YSI6IjExMjQzIn0=/informe-arbitral-guadalajara-vs-leon-jornada-14-estadio-akron-fox-sports', 'text': ''}","{'type': 'link', 'href': 'https://www.ligafemenil.mx/cancha/mxm/134091/eyJpZERpdmlzaW9uIjoiMTQiLCJpZFRlbXBvcmFkYSI6Ijc0IiwiaWRUb3JuZW8iOiIxIiwiaWRDbHVibG9jYWwiOiIxMTE4MiIsImlkQ2x1YnZpc2l0YSI6IjExMjQzIiwiaWRQYXJ0aWRvIjoiMTM0MDkxIiwicGVzdGFuYSI6IjQifQ==/minuto-a-minuto-guadalajara-vs-leon-jornada-14-estadio-akron-fox-sports', 'text': ''}","{'type': 'link', 'href': 'https://www.ligafemenil.mx/cancha/galeria/MTM0MDkxLzE0Lzc0LzEvMTQ=/guadalajara-vs-leon', 'text': ''}","{'type': 'link', 'href': 'https://www.ligafemenil.mx/cancha/playlist/134091/guadalajara-vs-leon', 'text': ''}"
2023-2024,Apertura,"{'type': 'text', 'value': 'Jueves 12 de Octubre de 2023\nTemporada 2023-2024\nTorneo Apertura\nJornada 14\n12 Octubre 2023 - 20:00 hrs.'}","{'type': 'link', 'href': 'https://www.ligafemenil.mx/cancha/club/11186/tigres-de-la-uanl', 'text': ''}","{'type': 'link', 'href': 'https://www.ligafemenil.mx/cancha/informeArbitral/134089/eyJpZERpdmlzaW9uIjoiMTQiLCJpZFRlbXBvcmFkYSI6Ijc0IiwiaWRUb3JuZW8iOiIxIiwiaWRDbHVibG9jYWwiOjExMTg2LCJpZENsdWJ2aXNpdGEiOjExMTgxfQ==/informe-arbitral-tigres-de-la-uanl-vs-cruz-azul-jornada-14-estadio-universitario-vix', 'text': '1 - 0'}","{'type': 'link', 'href': 'https://www.ligafemenil.mx/cancha/club/11181/cruz-azul', 'text': ''}","{'type': 'link', 'href': 'https://www.ligafemenil.mx/cancha/estadio/12/estadio-universitario', 'text': 'Universitario'}","{'type': 'link', 'href': 'https://www.ligafemenil.mx/cancha/mxm/134089/eyJpZERpdmlzaW9uIjoiMTQiLCJpZFRlbXBvcmFkYSI6Ijc0IiwiaWRUb3JuZW8iOiIxIiwiaWRDbHVibG9jYWwiOiIxMTE4NiIsImlkQ2x1YnZpc2l0YSI6IjExMTgxIiwiaWRQYXJ0aWRvIjoiMTM0MDg5IiwicGVzdGFuYSI6IjEifQ==/minuto-a-minuto-tigres-de-la-uanl-vs-cruz-azul-jornada-14-estadio-universitario-vix', 'text': ''}","{'type': 'link', 'href': 'https://www.ligafemenil.mx/cancha/mxm/134089/eyJpZERpdmlzaW9uIjoiMTQiLCJpZFRlbXBvcmFkYSI6Ijc0IiwiaWRUb3JuZW8iOiIxIiwiaWRDbHVibG9jYWwiOiIxMTE4NiIsImlkQ2x1YnZpc2l0YSI6IjExMTgxIiwiaWRQYXJ0aWRvIjoiMTM0MDg5IiwicGVzdGFuYSI6IjMifQ==/minuto-a-minuto-tigres-de-la-uanl-vs-cruz-azul-jornada-14-estadio-universitario-vix', 'text': ''}","{'type': 'link', 'href': 'https://www.ligafemenil.mx/cancha/informeArbitral/134089/eyJpZERpdmlzaW9uIjoiMTQiLCJpZFRlbXBvcmFkYSI6Ijc0IiwiaWRUb3JuZW8iOiIxIiwiaWRDbHVibG9jYWwiOiIxMTE4NiIsImlkQ2x1YnZpc2l0YSI6IjExMTgxIn0=/informe-arbitral-tigres-de-la-uanl-vs-cruz-azul-jornada-14-estadio-universitario-vix', 'text': ''}","{'type': 'link', 'href': 'https://www.ligafemenil.mx/cancha/mxm/134089/eyJpZERpdmlzaW9uIjoiMTQiLCJpZFRlbXBvcmFkYSI6Ijc0IiwiaWRUb3JuZW8iOiIxIiwiaWRDbHVibG9jYWwiOiIxMTE4NiIsImlkQ2x1YnZpc2l0YSI6IjExMTgxIiwiaWRQYXJ0aWRvIjoiMTM0MDg5IiwicGVzdGFuYSI6IjQifQ==/minuto-a-minuto-tigres-de-la-uanl-vs-cruz-azul-jornada-14-estadio-universitario-vix', 'text': ''}","{'type': 'link', 'href': 'https://www.ligafemenil.mx/cancha/galeria/MTM0MDg5LzE0Lzc0LzEvMTQ=/tigres-de-la-uanl-vs-cruz-azul', 'text': ''}","{'type': 'link', 'href': 'https://www.ligafemenil.mx/cancha/playlist/134089/tigres-de-la-uanl-vs-cruz-azul', 'text': ''}"
2023-2024,Apertura,"{'type': 'text', 'value': 'Jueves 12 de Octubre de 2023\nTemporada 2023-2024\nTorneo Apertura\nJornada 14\n12 Octubre 2023 - 21:10 hrs.'}","{'type': 'link', 'href': 'https://www.ligafemenil.mx/cancha/club/11184/pachuca', 'text': ''}","{'type': 'link', 'href': 'https://www.ligafemenil.mx/cancha/informeArbitral/134094/eyJpZERpdmlzaW9uIjoiMTQiLCJpZFRlbXBvcmFkYSI6Ijc0IiwiaWRUb3JuZW8iOiIxIiwiaWRDbHVibG9jYWwiOjExMTg0LCJpZENsdWJ2aXNpdGEiOjExMTgwfQ==/informe-arbitral-pachuca-vs-tijuana-jornada-14-estadio-hidalgo-fox-sports', 'text': '2 - 3'}","{'type': 'link', 'href': 'https://www.ligafemenil.mx/cancha/club/11180/tijuana', 'text': ''}","{'type': 'link', 'href': 'https://www.ligafemenil.mx/cancha/estadio/11/estadio-hidalgo', 'text': 'Hidalgo'}","{'type': 'link', 'href': 'https://www.ligafemenil.mx/cancha/mxm/134094/eyJpZERpdmlzaW9uIjoiMTQiLCJpZFRlbXBvcmFkYSI6Ijc0IiwiaWRUb3JuZW8iOiIxIiwiaWRDbHVibG9jYWwiOiIxMTE4NCIsImlkQ2x1YnZpc2l0YSI6IjExMTgwIiwiaWRQYXJ0aWRvIjoiMTM0MDk0IiwicGVzdGFuYSI6IjEifQ==/minuto-a-minuto-pachuca-vs-tijuana-jornada-14-estadio-hidalgo-fox-sports', 'text': ''}","{'type': 'link', 'href': 'https://www.ligafemenil.mx/cancha/mxm/134094/eyJpZERpdmlzaW9uIjoiMTQiLCJpZFRlbXBvcmFkYSI6Ijc0IiwiaWRUb3JuZW8iOiIxIiwiaWRDbHVibG9jYWwiOiIxMTE4NCIsImlkQ2x1YnZpc2l0YSI6IjExMTgwIiwiaWRQYXJ0aWRvIjoiMTM0MDk0IiwicGVzdGFuYSI6IjMifQ==/minuto-a-minuto-pachuca-vs-tijuana-jornada-14-estadio-hidalgo-fox-sports', 'text': ''}","{'type': 'link', 'href': 'https://www.ligafemenil.mx/cancha/informeArbitral/134094/eyJpZERpdmlzaW9uIjoiMTQiLCJpZFRlbXBvcmFkYSI6Ijc0IiwiaWRUb3JuZW8iOiIxIiwiaWRDbHVibG9jYWwiOiIxMTE4NCIsImlkQ2x1YnZpc2l0YSI6IjExMTgwIn0=/informe-arbitral-pachuca-vs-tijuana-jornada-14-estadio-hidalgo-fox-sports', 'text': ''}","{'type': 'link', 'href': 'https://www.ligafemenil.mx/cancha/mxm/134094/eyJpZERpdmlzaW9uIjoiMTQiLCJpZFRlbXBvcmFkYSI6Ijc0IiwiaWRUb3JuZW8iOiIxIiwiaWRDbHVibG9jYWwiOiIxMTE4NCIsImlkQ2x1YnZpc2l0YSI6IjExMTgwIiwiaWRQYXJ0aWRvIjoiMTM0MDk0IiwicGVzdGFuYSI6IjQifQ==/minuto-a-minuto-pachuca-vs-tijuana-jornada-14-estadio-hidalgo-fox-sports', 'text': ''}","{'type': 'link', 'href': 'https://www.ligafemenil.mx/cancha/galeria/MTM0MDk0LzE0Lzc0LzEvMTQ=/pachuca-vs-tijuana', 'text': ''}","{'type': 'link', 'href': 'https://www.ligafemenil.mx/cancha/playlist/134094/pachuca-vs-tijuana', 'text': ''}"
2023-2024,Apertura,"{'type': 'text', 'value': 'Domingo 15 de Octubre de 2023\nTemporada 2023-2024\nTorneo Apertura\nJornada 15\n15 Octubre 2023 - 12:00 hrs.'}","{'type': 'link', 'href': 'https://www.ligafemenil.mx/cancha/club/11181/cruz-azul', 'text': ''}","{'type': 'link', 'href': 'https://www.ligafemenil.mx/cancha/informeArbitral/134095/eyJpZERpdmlzaW9uIjoiMTQiLCJpZFRlbXBvcmFkYSI6Ijc0IiwiaWRUb3JuZW8iOiIxIiwiaWRDbHVibG9jYWwiOjExMTgxLCJpZENsdWJ2aXNpdGEiOjExMTgwfQ==/informe-arbitral-cruz-azul-vs-tijuana-jornada-15-estadio-instalaciones-la-noria-vix', 'text': '3 - 6'}","{'type': 'link', 'href': 'https://www.ligafemenil.mx/cancha/club/11180/tijuana', 'text': ''}","{'type': 'link', 'href': 'https://www.ligafemenil.mx/cancha/estadio/877/estadio-instalaciones-la-noria', 'text': 'INSTALACIONES LA NORIA'}","{'type': 'link', 'href': 'https://www.ligafemenil.mx/cancha/mxm/134095/eyJpZERpdmlzaW9uIjoiMTQiLCJpZFRlbXBvcmFkYSI6Ijc0IiwiaWRUb3JuZW8iOiIxIiwiaWRDbHVibG9jYWwiOiIxMTE4MSIsImlkQ2x1YnZpc2l0YSI6IjExMTgwIiwiaWRQYXJ0aWRvIjoiMTM0MDk1IiwicGVzdGFuYSI6IjEifQ==/minuto-a-minuto-cruz-azul-vs-tijuana-jornada-15-estadio-instalaciones-la-noria-vix', 'text': ''}","{'type': 'link', 'href': 'https://www.ligafemenil.mx/cancha/mxm/134095/eyJpZERpdmlzaW9uIjoiMTQiLCJpZFRlbXBvcmFkYSI6Ijc0IiwiaWRUb3JuZW8iOiIxIiwiaWRDbHVibG9jYWwiOiIxMTE4MSIsImlkQ2x1YnZpc2l0YSI6IjExMTgwIiwiaWRQYXJ0aWRvIjoiMTM0MDk1IiwicGVzdGFuYSI6IjMifQ==/minuto-a-minuto-cruz-azul-vs-tijuana-jornada-15-estadio-instalaciones-la-noria-vix', 'text': ''}","{'type': 'link', 'href': 'https://www.ligafemenil.mx/cancha/informeArbitral/134095/eyJpZERpdmlzaW9uIjoiMTQiLCJpZFRlbXBvcmFkYSI6Ijc0IiwiaWRUb3JuZW8iOiIxIiwiaWRDbHVibG9jYWwiOiIxMTE4MSIsImlkQ2x1YnZpc2l0YSI6IjExMTgwIn0=/informe-arbitral-cruz-azul-vs-tijuana-jornada-15-estadio-instalaciones-la-noria-vix', 'text': ''}","{'type': 'link', 'href': 'https://www.ligafemenil.mx/cancha/mxm/134095/eyJpZERpdmlzaW9uIjoiMTQiLCJpZFRlbXBvcmFkYSI6Ijc0IiwiaWRUb3JuZW8iOiIxIiwiaWRDbHVibG9jYWwiOiIxMTE4MSIsImlkQ2x1YnZpc2l0YSI6IjExMTgwIiwiaWRQYXJ0aWRvIjoiMTM0MDk1IiwicGVzdGFuYSI6IjQifQ==/minuto-a-minuto-cruz-azul-vs-tijuana-jornada-15-estadio-instalaciones-la-noria-vix', 'text': ''}","{'type': 'link', 'href': 'https://www.ligafemenil.mx/cancha/galeria/MTM0MDk1LzE1Lzc0LzEvMTQ=/cruz-azul-vs-tijuana', 'text': ''}","{'type': 'link', 'href': 'https://www.ligafemenil.mx/cancha/playlist/134095/cruz-azul-vs-tijuana', 'text': ''}"
2023-2024,Apertura,"{'type': 'text', 'value': 'Domingo 15 de Octubre de 2023\nTemporada 2023-2024\nTorneo Apertura\nJornada 15\n15 Octubre 2023 - 12:00 hrs.'}","{'type': 'link', 'href': 'https://www.ligafemenil.mx/cancha/club/11543/puebla-fc', 'text': ''}","{'type': 'link', 'href': 'https://www.ligafemenil.mx/cancha/informeArbitral/134096/eyJpZERpdmlzaW9uIjoiMTQiLCJpZFRlbXBvcmFkYSI6Ijc0IiwiaWRUb3JuZW8iOiIxIiwiaWRDbHVibG9jYWwiOjExNTQzLCJpZENsdWJ2aXNpdGEiOjExMTkxfQ==/informe-arbitral-puebla-fc-vs-america-jornada-15-estadio-cuauhtemoc-fox-premium', 'text': '1 - 6'}","{'type': 'link', 'href': 'https://www.ligafemenil.mx/cancha/club/11191/america', 'text': ''}","{'type': 'link', 'href': 'https://www.ligafemenil.mx/cancha/estadio/9/estadio-cuauhtemoc', 'text': 'Cuauhtémoc'}","{'type': 'link', 'href': 'https://www.ligafemenil.mx/cancha/mxm/134096/eyJpZERpdmlzaW9uIjoiMTQiLCJpZFRlbXBvcmFkYSI6Ijc0IiwiaWRUb3JuZW8iOiIxIiwiaWRDbHVibG9jYWwiOiIxMTU0MyIsImlkQ2x1YnZpc2l0YSI6IjExMTkxIiwiaWRQYXJ0aWRvIjoiMTM0MDk2IiwicGVzdGFuYSI6IjEifQ==/minuto-a-minuto-puebla-fc-vs-america-jornada-15-estadio-cuauhtemoc-fox-premium', 'text': ''}","{'type': 'link', 'href': 'https://www.ligafemenil.mx/cancha/mxm/134096/eyJpZERpdmlzaW9uIjoiMTQiLCJpZFRlbXBvcmFkYSI6Ijc0IiwiaWRUb3JuZW8iOiIxIiwiaWRDbHVibG9jYWwiOiIxMTU0MyIsImlkQ2x1YnZpc2l0YSI6IjExMTkxIiwiaWRQYXJ0aWRvIjoiMTM0MDk2IiwicGVzdGFuYSI6IjMifQ==/minuto-a-minuto-puebla-fc-vs-america-jornada-15-estadio-cuauhtemoc-fox-premium', 'text': ''}","{'type': 'link', 'href': 'https://www.ligafemenil.mx/cancha/informeArbitral/134096/eyJpZERpdmlzaW9uIjoiMTQiLCJpZFRlbXBvcmFkYSI6Ijc0IiwiaWRUb3JuZW8iOiIxIiwiaWRDbHVibG9jYWwiOiIxMTU0MyIsImlkQ2x1YnZpc2l0YSI6IjExMTkxIn0=/informe-arbitral-puebla-fc-vs-america-jornada-15-estadio-cuauhtemoc-fox-premium', 'text': ''}","{'type': 'link', 'href': 'https://www.ligafemenil.mx/cancha/mxm/134096/eyJpZERpdmlzaW9uIjoiMTQiLCJpZFRlbXBvcmFkYSI6Ijc0IiwiaWRUb3JuZW8iOiIxIiwiaWRDbHVibG9jYWwiOiIxMTU0MyIsImlkQ2x1YnZpc2l0YSI6IjExMTkxIiwiaWRQYXJ0aWRvIjoiMTM0MDk2IiwicGVzdGFuYSI6IjQifQ==/minuto-a-minuto-puebla-fc-vs-america-jornada-15-estadio-cuauhtemoc-fox-premium', 'text': ''}","{'type': 'link', 'href': 'https://www.ligafemenil.mx/cancha/galeria/MTM0MDk2LzE1Lzc0LzEvMTQ=/puebla-fc-vs-america', 'text': ''}","{'type': 'link', 'href': 'https://www.ligafemenil.mx/cancha/playlist/134096/puebla-fc-vs-america', 'text': ''}"
2023-2024,Apertura,"{'type': 'text', 'value': 'Domingo 15 de Octubre de 2023\nTemporada 2023-2024\nTorneo Apertura\nJornada 15\n15 Octubre 2023 - 17:00 hrs.'}","{'type': 'link', 'href': 'https://www.ligafemenil.mx/cancha/club/11778/club-atletico-de-san-luis', 'text': ''}","{'type': 'link', 'href': 'https://www.ligafemenil.mx/cancha/informeArbitral/134099/eyJpZERpdmlzaW9uIjoiMTQiLCJpZFRlbXBvcmFkYSI6Ijc0IiwiaWRUb3JuZW8iOiIxIiwiaWRDbHVibG9jYWwiOjExNzc4LCJpZENsdWJ2aXNpdGEiOjExMTg2fQ==/informe-arbitral-club-atletico-de-san-luis-vs-tigres-de-la-uanl-jornada-15-estadio-alfonso-lastras-ramirez-espn', 'text': '0 - 1'}","{'type': 'link', 'href': 'https://www.ligafemenil.mx/cancha/club/11186/tigres-de-la-uanl', 'text': ''}","{'type': 'link', 'href': 'https://www.ligafemenil.mx/cancha/estadio/14/estadio-alfonso-lastras-ramirez', 'text': 'Alfonso Lastras Ramírez'}","{'type': 'link', 'href': 'https://www.ligafemenil.mx/cancha/mxm/134099/eyJpZERpdmlzaW9uIjoiMTQiLCJpZFRlbXBvcmFkYSI6Ijc0IiwiaWRUb3JuZW8iOiIxIiwiaWRDbHVibG9jYWwiOiIxMTc3OCIsImlkQ2x1YnZpc2l0YSI6IjExMTg2IiwiaWRQYXJ0aWRvIjoiMTM0MDk5IiwicGVzdGFuYSI6IjEifQ==/minuto-a-minuto-club-atletico-de-san-luis-vs-tigres-de-la-uanl-jornada-15-estadio-alfonso-lastras-ramirez-espn', 'text': ''}","{'type': 'link', 'href': 'https://www.ligafemenil.mx/cancha/mxm/134099/eyJpZERpdmlzaW9uIjoiMTQiLCJpZFRlbXBvcmFkYSI6Ijc0IiwiaWRUb3JuZW8iOiIxIiwiaWRDbHVibG9jYWwiOiIxMTc3OCIsImlkQ2x1YnZpc2l0YSI6IjExMTg2IiwiaWRQYXJ0aWRvIjoiMTM0MDk5IiwicGVzdGFuYSI6IjMifQ==/minuto-a-minuto-club-atletico-de-san-luis-vs-tigres-de-la-uanl-jornada-15-estadio-alfonso-lastras-ramirez-espn', 'text': ''}","{'type': 'link', 'href': 'https://www.ligafemenil.mx/cancha/informeArbitral/134099/eyJpZERpdmlzaW9uIjoiMTQiLCJpZFRlbXBvcmFkYSI6Ijc0IiwiaWRUb3JuZW8iOiIxIiwiaWRDbHVibG9jYWwiOiIxMTc3OCIsImlkQ2x1YnZpc2l0YSI6IjExMTg2In0=/informe-arbitral-club-atletico-de-san-luis-vs-tigres-de-la-uanl-jornada-15-estadio-alfonso-lastras-ramirez-espn', 'text': ''}","{'type': 'link', 'href': 'https://www.ligafemenil.mx/cancha/mxm/134099/eyJpZERpdmlzaW9uIjoiMTQiLCJpZFRlbXBvcmFkYSI6Ijc0IiwiaWRUb3JuZW8iOiIxIiwiaWRDbHVibG9jYWwiOiIxMTc3OCIsImlkQ2x1YnZpc2l0YSI6IjExMTg2IiwiaWRQYXJ0aWRvIjoiMTM0MDk5IiwicGVzdGFuYSI6IjQifQ==/minuto-a-minuto-club-atletico-de-san-luis-vs-tigres-de-la-uanl-jornada-15-estadio-alfonso-lastras-ramirez-espn', 'text': ''}","{'type': 'link', 'href': 'https://www.ligafemenil.mx/cancha/galeria/MTM0MDk5LzE1Lzc0LzEvMTQ=/club-atletico-de-san-luis-vs-tigres-de-la-uanl', 'text': ''}","{'type': 'link', 'href': 'https://www.ligafemenil.mx/cancha/playlist/134099/club-atletico-de-san-luis-vs-tigres-de-la-uanl', 'text': ''}"
2023-2024,Apertura,"{'type': 'text', 'value': 'Domingo 15 de Octubre de 2023\nTemporada 2023-2024\nTorneo Apertura\nJornada 15\n15 Octubre 2023 - 17:00 hrs.'}","{'type': 'link', 'href': 'https://www.ligafemenil.mx/cancha/club/11189/necaxa', 'text': ''}","{'type': 'link', 'href': 'https://www.ligafemenil.mx/cancha/informeArbitral/134100/eyJpZERpdmlzaW9uIjoiMTQiLCJpZFRlbXBvcmFkYSI6Ijc0IiwiaWRUb3JuZW8iOiIxIiwiaWRDbHVibG9jYWwiOjExMTg5LCJpZENsdWJ2aXNpdGEiOjExMjQ1fQ==/informe-arbitral-necaxa-vs-atlas-jornada-15-estadio-victoria-vix', 'text': '0 - 1'}","{'type': 'link', 'href': 'https://www.ligafemenil.mx/cancha/club/11245/atlas', 'text': ''}","{'type': 'link', 'href': 'https://www.ligafemenil.mx/cancha/estadio/15/estadio-victoria', 'text': 'Victoria'}","{'type': 'link', 'href': 'https://www.ligafemenil.mx/cancha/mxm/134100/eyJpZERpdmlzaW9uIjoiMTQiLCJpZFRlbXBvcmFkYSI6Ijc0IiwiaWRUb3JuZW8iOiIxIiwiaWRDbHVibG9jYWwiOiIxMTE4OSIsImlkQ2x1YnZpc2l0YSI6IjExMjQ1IiwiaWRQYXJ0aWRvIjoiMTM0MTAwIiwicGVzdGFuYSI6IjEifQ==/minuto-a-minuto-necaxa-vs-atlas-jornada-15-estadio-victoria-vix', 'text': ''}","{'type': 'link', 'href': 'https://www.ligafemenil.mx/cancha/mxm/134100/eyJpZERpdmlzaW9uIjoiMTQiLCJpZFRlbXBvcmFkYSI6Ijc0IiwiaWRUb3JuZW8iOiIxIiwiaWRDbHVibG9jYWwiOiIxMTE4OSIsImlkQ2x1YnZpc2l0YSI6IjExMjQ1IiwiaWRQYXJ0aWRvIjoiMTM0MTAwIiwicGVzdGFuYSI6IjMifQ==/minuto-a-minuto-necaxa-vs-atlas-jornada-15-estadio-victoria-vix', 'text': ''}","{'type': 'link', 'href': 'https://www.ligafemenil.mx/cancha/informeArbitral/134100/eyJpZERpdmlzaW9uIjoiMTQiLCJpZFRlbXBvcmFkYSI6Ijc0IiwiaWRUb3JuZW8iOiIxIiwiaWRDbHVibG9jYWwiOiIxMTE4OSIsImlkQ2x1YnZpc2l0YSI6IjExMjQ1In0=/informe-arbitral-necaxa-vs-atlas-jornada-15-estadio-victoria-vix', 'text': ''}","{'type': 'link', 'href': 'https://www.ligafemenil.mx/cancha/mxm/134100/eyJpZERpdmlzaW9uIjoiMTQiLCJpZFRlbXBvcmFkYSI6Ijc0IiwiaWRUb3JuZW8iOiIxIiwiaWRDbHVibG9jYWwiOiIxMTE4OSIsImlkQ2x1YnZpc2l0YSI6IjExMjQ1IiwiaWRQYXJ0aWRvIjoiMTM0MTAwIiwicGVzdGFuYSI6IjQifQ==/minuto-a-minuto-necaxa-vs-atlas-jornada-15-estadio-victoria-vix', 'text': ''}","{'type': 'link', 'href': 'https://www.ligafemenil.mx/cancha/galeria/MTM0MTAwLzE1Lzc0LzEvMTQ=/necaxa-vs-atlas', 'text': ''}","{'type': 'link', 'href': 'https://www.ligafemenil.mx/cancha/playlist/134100/necaxa-vs-atlas', 'text': ''}"
2023-2024,Apertura,"{'type': 'text', 'value': 'Domingo 15 de Octubre de 2023\nTemporada 2023-2024\nTorneo Apertura\nJornada 15\n15 Octubre 2023 - 18:06 hrs.'}","{'type': 'link', 'href': 'https://www.ligafemenil.mx/cancha/club/11182/guadalajara', 'text': ''}","{'type': 'link', 'href': 'https://www.ligafemenil.mx/cancha/informeArbitral/134098/eyJpZERpdmlzaW9uIjoiMTQiLCJpZFRlbXBvcmFkYSI6Ijc0IiwiaWRUb3JuZW8iOiIxIiwiaWRDbHVibG9jYWwiOjExMTgyLCJpZENsdWJ2aXNpdGEiOjExMTg4fQ==/informe-arbitral-guadalajara-vs-pumas-jornada-15-estadio-akron-fox-sports--fox-premium', 'text': '3 - 0'}","{'type': 'link', 'href': 'https://www.ligafemenil.mx/cancha/club/11188/pumas', 'text': ''}","{'type': 'link', 'href': 'https://www.ligafemenil.mx/cancha/estadio/1538/estadio-akron', 'text': 'Estadio AKRON'}","{'type': 'link', 'href': 'https://www.ligafemenil.mx/cancha/mxm/134098/eyJpZERpdmlzaW9uIjoiMTQiLCJpZFRlbXBvcmFkYSI6Ijc0IiwiaWRUb3JuZW8iOiIxIiwiaWRDbHVibG9jYWwiOiIxMTE4MiIsImlkQ2x1YnZpc2l0YSI6IjExMTg4IiwiaWRQYXJ0aWRvIjoiMTM0MDk4IiwicGVzdGFuYSI6IjEifQ==/minuto-a-minuto-guadalajara-vs-pumas-jornada-15-estadio-akron-fox-sports--fox-premium', 'text': ''}","{'type': 'link', 'href': 'https://www.ligafemenil.mx/cancha/mxm/134098/eyJpZERpdmlzaW9uIjoiMTQiLCJpZFRlbXBvcmFkYSI6Ijc0IiwiaWRUb3JuZW8iOiIxIiwiaWRDbHVibG9jYWwiOiIxMTE4MiIsImlkQ2x1YnZpc2l0YSI6IjExMTg4IiwiaWRQYXJ0aWRvIjoiMTM0MDk4IiwicGVzdGFuYSI6IjMifQ==/minuto-a-minuto-guadalajara-vs-pumas-jornada-15-estadio-akron-fox-sports--fox-premium', 'text': ''}","{'type': 'link', 'href': 'https://www.ligafemenil.mx/cancha/informeArbitral/134098/eyJpZERpdmlzaW9uIjoiMTQiLCJpZFRlbXBvcmFkYSI6Ijc0IiwiaWRUb3JuZW8iOiIxIiwiaWRDbHVibG9jYWwiOiIxMTE4MiIsImlkQ2x1YnZpc2l0YSI6IjExMTg4In0=/informe-arbitral-guadalajara-vs-pumas-jornada-15-estadio-akron-fox-sports--fox-premium', 'text': ''}","{'type': 'link', 'href': 'https://www.ligafemenil.mx/cancha/mxm/134098/eyJpZERpdmlzaW9uIjoiMTQiLCJpZFRlbXBvcmFkYSI6Ijc0IiwiaWRUb3JuZW8iOiIxIiwiaWRDbHVibG9jYWwiOiIxMTE4MiIsImlkQ2x1YnZpc2l0YSI6IjExMTg4IiwiaWRQYXJ0aWRvIjoiMTM0MDk4IiwicGVzdGFuYSI6IjQifQ==/minuto-a-minuto-guadalajara-vs-pumas-jornada-15-estadio-akron-fox-sports--fox-premium', 'text': ''}","{'type': 'link', 'href': 'https://www.ligafemenil.mx/cancha/galeria/MTM0MDk4LzE1Lzc0LzEvMTQ=/guadalajara-vs-pumas', 'text': ''}","{'type': 'link', 'href': 'https://www.ligafemenil.mx/cancha/playlist/134098/guadalajara-vs-pumas', 'text': ''}"
2023-2024,Apertura,"{'type': 'text', 'value': 'Lunes 16 de Octubre de 2023\nTemporada 2023-2024\nTorneo Apertura\nJornada 15\n16 Octubre 2023 - 17:06 hrs.'}","{'type': 'link', 'href': 'https://www.ligafemenil.mx/cancha/club/12042/gallos-blancos-de-queretaro', 'text': ''}","{'type': 'link', 'href': 'https://www.ligafemenil.mx/cancha/informeArbitral/134097/eyJpZERpdmlzaW9uIjoiMTQiLCJpZFRlbXBvcmFkYSI6Ijc0IiwiaWRUb3JuZW8iOiIxIiwiaWRDbHVibG9jYWwiOjEyMDQyLCJpZENsdWJ2aXNpdGEiOjExMTg0fQ==/informe-arbitral-gallos-blancos-de-queretaro-vs-pachuca-jornada-15-estadio-la-corregidora-fox-sports--fox-premium', 'text': '1 - 1'}","{'type': 'link', 'href': 'https://www.ligafemenil.mx/cancha/club/11184/pachuca', 'text': ''}","{'type': 'link', 'href': 'https://www.ligafemenil.mx/cancha/estadio/25/estadio-la-corregidora', 'text': 'La Corregidora'}","{'type': 'link', 'href': 'https://www.ligafemenil.mx/cancha/mxm/134097/eyJpZERpdmlzaW9uIjoiMTQiLCJpZFRlbXBvcmFkYSI6Ijc0IiwiaWRUb3JuZW8iOiIxIiwiaWRDbHVibG9jYWwiOiIxMjA0MiIsImlkQ2x1YnZpc2l0YSI6IjExMTg0IiwiaWRQYXJ0aWRvIjoiMTM0MDk3IiwicGVzdGFuYSI6IjEifQ==/minuto-a-minuto-gallos-blancos-de-queretaro-vs-pachuca-jornada-15-estadio-la-corregidora-fox-sports--fox-premium', 'text': ''}","{'type': 'link', 'href': 'https://www.ligafemenil.mx/cancha/mxm/134097/eyJpZERpdmlzaW9uIjoiMTQiLCJpZFRlbXBvcmFkYSI6Ijc0IiwiaWRUb3JuZW8iOiIxIiwiaWRDbHVibG9jYWwiOiIxMjA0MiIsImlkQ2x1YnZpc2l0YSI6IjExMTg0IiwiaWRQYXJ0aWRvIjoiMTM0MDk3IiwicGVzdGFuYSI6IjMifQ==/minuto-a-minuto-gallos-blancos-de-queretaro-vs-pachuca-jornada-15-estadio-la-corregidora-fox-sports--fox-premium', 'text': ''}","{'type': 'link', 'href': 'https://www.ligafemenil.mx/cancha/informeArbitral/134097/eyJpZERpdmlzaW9uIjoiMTQiLCJpZFRlbXBvcmFkYSI6Ijc0IiwiaWRUb3JuZW8iOiIxIiwiaWRDbHVibG9jYWwiOiIxMjA0MiIsImlkQ2x1YnZpc2l0YSI6IjExMTg0In0=/informe-arbitral-gallos-blancos-de-queretaro-vs-pachuca-jornada-15-estadio-la-corregidora-fox-sports--fox-premium', 'text': ''}","{'type': 'link', 'href': 'https://www.ligafemenil.mx/cancha/mxm/134097/eyJpZERpdmlzaW9uIjoiMTQiLCJpZFRlbXBvcmFkYSI6Ijc0IiwiaWRUb3JuZW8iOiIxIiwiaWRDbHVibG9jYWwiOiIxMjA0MiIsImlkQ2x1YnZpc2l0YSI6IjExMTg0IiwiaWRQYXJ0aWRvIjoiMTM0MDk3IiwicGVzdGFuYSI6IjQifQ==/minuto-a-minuto-gallos-blancos-de-queretaro-vs-pachuca-jornada-15-estadio-la-corregidora-fox-sports--fox-premium', 'text': ''}","{'type': 'link', 'href': 'https://www.ligafemenil.mx/cancha/galeria/MTM0MDk3LzE1Lzc0LzEvMTQ=/gallos-blancos-de-queretaro-vs-pachuca', 'text': ''}","{'type': 'link', 'href': 'https://www.ligafemenil.mx/cancha/playlist/134097/gallos-blancos-de-queretaro-vs-pachuca', 'text': ''}"
2023-2024,Apertura,"{'type': 'text', 'value': 'Lunes 16 de Octubre de 2023\nTemporada 2023-2024\nTorneo Apertura\nJornada 15\n16 Octubre 2023 - 19:00 hrs.'}","{'type': 'link', 'href': 'https://www.ligafemenil.mx/cancha/club/11185/rayados-de-monterrey', 'text': ''}","{'type': 'link', 'href': 'https://www.ligafemenil.mx/cancha/informeArbitral/134101/eyJpZERpdmlzaW9uIjoiMTQiLCJpZFRlbXBvcmFkYSI6Ijc0IiwiaWRUb3JuZW8iOiIxIiwiaWRDbHVibG9jYWwiOjExMTg1LCJpZENsdWJ2aXNpdGEiOjEyMDUxfQ==/informe-arbitral-rayados-de-monterrey-vs-mazatlan-fc-jornada-15-estadio-bbva-vix', 'text': '3 - 1'}","{'type': 'link', 'href': 'https://www.ligafemenil.mx/cancha/club/12051/mazatlan-fc', 'text': ''}","{'type': 'link', 'href': 'https://www.ligafemenil.mx/cancha/estadio/1608/estadio-bbva', 'text': 'Estadio BBVA'}","{'type': 'link', 'href': 'https://www.ligafemenil.mx/cancha/mxm/134101/eyJpZERpdmlzaW9uIjoiMTQiLCJpZFRlbXBvcmFkYSI6Ijc0IiwiaWRUb3JuZW8iOiIxIiwiaWRDbHVibG9jYWwiOiIxMTE4NSIsImlkQ2x1YnZpc2l0YSI6IjEyMDUxIiwiaWRQYXJ0aWRvIjoiMTM0MTAxIiwicGVzdGFuYSI6IjEifQ==/minuto-a-minuto-rayados-de-monterrey-vs-mazatlan-fc-jornada-15-estadio-bbva-vix', 'text': ''}","{'type': 'link', 'href': 'https://www.ligafemenil.mx/cancha/mxm/134101/eyJpZERpdmlzaW9uIjoiMTQiLCJpZFRlbXBvcmFkYSI6Ijc0IiwiaWRUb3JuZW8iOiIxIiwiaWRDbHVibG9jYWwiOiIxMTE4NSIsImlkQ2x1YnZpc2l0YSI6IjEyMDUxIiwiaWRQYXJ0aWRvIjoiMTM0MTAxIiwicGVzdGFuYSI6IjMifQ==/minuto-a-minuto-rayados-de-monterrey-vs-mazatlan-fc-jornada-15-estadio-bbva-vix', 'text': ''}","{'type': 'link', 'href': 'https://www.ligafemenil.mx/cancha/informeArbitral/134101/eyJpZERpdmlzaW9uIjoiMTQiLCJpZFRlbXBvcmFkYSI6Ijc0IiwiaWRUb3JuZW8iOiIxIiwiaWRDbHVibG9jYWwiOiIxMTE4NSIsImlkQ2x1YnZpc2l0YSI6IjEyMDUxIn0=/informe-arbitral-rayados-de-monterrey-vs-mazatlan-fc-jornada-15-estadio-bbva-vix', 'text': ''}","{'type': 'link', 'href': 'https://www.ligafemenil.mx/cancha/mxm/134101/eyJpZERpdmlzaW9uIjoiMTQiLCJpZFRlbXBvcmFkYSI6Ijc0IiwiaWRUb3JuZW8iOiIxIiwiaWRDbHVibG9jYWwiOiIxMTE4NSIsImlkQ2x1YnZpc2l0YSI6IjEyMDUxIiwiaWRQYXJ0aWRvIjoiMTM0MTAxIiwicGVzdGFuYSI6IjQifQ==/minuto-a-minuto-rayados-de-monterrey-vs-mazatlan-fc-jornada-15-estadio-bbva-vix', 'text': ''}","{'type': 'link', 'href': 'https://www.ligafemenil.mx/cancha/galeria/MTM0MTAxLzE1Lzc0LzEvMTQ=/rayados-de-monterrey-vs-mazatlan-fc', 'text': ''}","{'type': 'link', 'href': 'https://www.ligafemenil.mx/cancha/playlist/134101/rayados-de-monterrey-vs-mazatlan-fc', 'text': ''}"
2023-2024,Apertura,"{'type': 'text', 'value': 'Lunes 16 de Octubre de 2023\nTemporada 2023-2024\nTorneo Apertura\nJornada 15\n16 Octubre 2023 - 19:06 hrs.'}","{'type': 'link', 'href': 'https://www.ligafemenil.mx/cancha/club/11243/leon', 'text': ''}","{'type': 'link', 'href': 'https://www.ligafemenil.mx/cancha/informeArbitral/134102/eyJpZERpdmlzaW9uIjoiMTQiLCJpZFRlbXBvcmFkYSI6Ijc0IiwiaWRUb3JuZW8iOiIxIiwiaWRDbHVibG9jYWwiOjExMjQzLCJpZENsdWJ2aXNpdGEiOjExMTg3fQ==/informe-arbitral-leon-vs-toluca-jornada-15-estadio-nou-camp-fox-sports--fox-premium', 'text': '0 - 1'}","{'type': 'link', 'href': 'https://www.ligafemenil.mx/cancha/club/11187/toluca', 'text': ''}","{'type': 'link', 'href': 'https://www.ligafemenil.mx/cancha/estadio/23/estadio-nou-camp', 'text': 'Nou Camp'}","{'type': 'link', 'href': 'https://www.ligafemenil.mx/cancha/mxm/134102/eyJpZERpdmlzaW9uIjoiMTQiLCJpZFRlbXBvcmFkYSI6Ijc0IiwiaWRUb3JuZW8iOiIxIiwiaWRDbHVibG9jYWwiOiIxMTI0MyIsImlkQ2x1YnZpc2l0YSI6IjExMTg3IiwiaWRQYXJ0aWRvIjoiMTM0MTAyIiwicGVzdGFuYSI6IjEifQ==/minuto-a-minuto-leon-vs-toluca-jornada-15-estadio-nou-camp-fox-sports--fox-premium', 'text': ''}","{'type': 'link', 'href': 'https://www.ligafemenil.mx/cancha/mxm/134102/eyJpZERpdmlzaW9uIjoiMTQiLCJpZFRlbXBvcmFkYSI6Ijc0IiwiaWRUb3JuZW8iOiIxIiwiaWRDbHVibG9jYWwiOiIxMTI0MyIsImlkQ2x1YnZpc2l0YSI6IjExMTg3IiwiaWRQYXJ0aWRvIjoiMTM0MTAyIiwicGVzdGFuYSI6IjMifQ==/minuto-a-minuto-leon-vs-toluca-jornada-15-estadio-nou-camp-fox-sports--fox-premium', 'text': ''}","{'type': 'link', 'href': 'https://www.ligafemenil.mx/cancha/informeArbitral/134102/eyJpZERpdmlzaW9uIjoiMTQiLCJpZFRlbXBvcmFkYSI6Ijc0IiwiaWRUb3JuZW8iOiIxIiwiaWRDbHVibG9jYWwiOiIxMTI0MyIsImlkQ2x1YnZpc2l0YSI6IjExMTg3In0=/informe-arbitral-leon-vs-toluca-jornada-15-estadio-nou-camp-fox-sports--fox-premium', 'text': ''}","{'type': 'link', 'href': 'https://www.ligafemenil.mx/cancha/mxm/134102/eyJpZERpdmlzaW9uIjoiMTQiLCJpZFRlbXBvcmFkYSI6Ijc0IiwiaWRUb3JuZW8iOiIxIiwiaWRDbHVibG9jYWwiOiIxMTI0MyIsImlkQ2x1YnZpc2l0YSI6IjExMTg3IiwiaWRQYXJ0aWRvIjoiMTM0MTAyIiwicGVzdGFuYSI6IjQifQ==/minuto-a-minuto-leon-vs-toluca-jornada-15-estadio-nou-camp-fox-sports--fox-premium', 'text': ''}","{'type': 'link', 'href': 'https://www.ligafemenil.mx/cancha/galeria/MTM0MTAyLzE1Lzc0LzEvMTQ=/leon-vs-toluca', 'text': ''}","{'type': 'link', 'href': 'https://www.ligafemenil.mx/cancha/playlist/134102/leon-vs-toluca', 'text': ''}"
2023-2024,Apertura,"{'type': 'text', 'value': 'Lunes 16 de Octubre de 2023\nTemporada 2023-2024\nTorneo Apertura\nJornada 15\n16 Octubre 2023 - 21:10 hrs.'}","{'type': 'link', 'href': 'https://www.ligafemenil.mx/cancha/club/11192/santos-laguna', 'text': ''}","{'type': 'link', 'href': 'https://www.ligafemenil.mx/cancha/informeArbitral/134103/eyJpZERpdmlzaW9uIjoiMTQiLCJpZFRlbXBvcmFkYSI6Ijc0IiwiaWRUb3JuZW8iOiIxIiwiaWRDbHVibG9jYWwiOjExMTkyLCJpZENsdWJ2aXNpdGEiOjExNzk1fQ==/informe-arbitral-santos-laguna-vs-fc-juarez-jornada-15-estadio-tsm-corona-fox-sports--fox-premium', 'text': '0 - 4'}","{'type': 'link', 'href': 'https://www.ligafemenil.mx/cancha/club/11795/fc-juarez', 'text': ''}","{'type': 'link', 'href': 'https://www.ligafemenil.mx/cancha/estadio/63/estadio-tsm-corona', 'text': 'TSM Corona'}","{'type': 'link', 'href': 'https://www.ligafemenil.mx/cancha/mxm/134103/eyJpZERpdmlzaW9uIjoiMTQiLCJpZFRlbXBvcmFkYSI6Ijc0IiwiaWRUb3JuZW8iOiIxIiwiaWRDbHVibG9jYWwiOiIxMTE5MiIsImlkQ2x1YnZpc2l0YSI6IjExNzk1IiwiaWRQYXJ0aWRvIjoiMTM0MTAzIiwicGVzdGFuYSI6IjEifQ==/minuto-a-minuto-santos-laguna-vs-fc-juarez-jornada-15-estadio-tsm-corona-fox-sports--fox-premium', 'text': ''}","{'type': 'link', 'href': 'https://www.ligafemenil.mx/cancha/mxm/134103/eyJpZERpdmlzaW9uIjoiMTQiLCJpZFRlbXBvcmFkYSI6Ijc0IiwiaWRUb3JuZW8iOiIxIiwiaWRDbHVibG9jYWwiOiIxMTE5MiIsImlkQ2x1YnZpc2l0YSI6IjExNzk1IiwiaWRQYXJ0aWRvIjoiMTM0MTAzIiwicGVzdGFuYSI6IjMifQ==/minuto-a-minuto-santos-laguna-vs-fc-juarez-jornada-15-estadio-tsm-corona-fox-sports--fox-premium', 'text': ''}","{'type': 'link', 'href': 'https://www.ligafemenil.mx/cancha/informeArbitral/134103/eyJpZERpdmlzaW9uIjoiMTQiLCJpZFRlbXBvcmFkYSI6Ijc0IiwiaWRUb3JuZW8iOiIxIiwiaWRDbHVibG9jYWwiOiIxMTE5MiIsImlkQ2x1YnZpc2l0YSI6IjExNzk1In0=/informe-arbitral-santos-laguna-vs-fc-juarez-jornada-15-estadio-tsm-corona-fox-sports--fox-premium', 'text': ''}","{'type': 'link', 'href': 'https://www.ligafemenil.mx/cancha/mxm/134103/eyJpZERpdmlzaW9uIjoiMTQiLCJpZFRlbXBvcmFkYSI6Ijc0IiwiaWRUb3JuZW8iOiIxIiwiaWRDbHVibG9jYWwiOiIxMTE5MiIsImlkQ2x1YnZpc2l0YSI6IjExNzk1IiwiaWRQYXJ0aWRvIjoiMTM0MTAzIiwicGVzdGFuYSI6IjQifQ==/minuto-a-minuto-santos-laguna-vs-fc-juarez-jornada-15-estadio-tsm-corona-fox-sports--fox-premium', 'text': ''}","{'type': 'link', 'href': 'https://www.ligafemenil.mx/cancha/galeria/MTM0MTAzLzE1Lzc0LzEvMTQ=/santos-laguna-vs-fc-juarez', 'text': ''}","{'type': 'link', 'href': 'https://www.ligafemenil.mx/cancha/playlist/134103/santos-laguna-vs-fc-juarez', 'text': ''}"
2023-2024,Apertura,"{'type': 'text', 'value': 'Jueves 19 de Octubre de 2023\nTemporada 2023-2024\nTorneo Apertura\nJornada 16\n19 Octubre 2023 - 15:45 hrs.'}","{'type': 'link', 'href': 'https://www.ligafemenil.mx/cancha/club/11191/america', 'text': ''}","{'type': 'link', 'href': 'https://www.ligafemenil.mx/cancha/informeArbitral/134110/eyJpZERpdmlzaW9uIjoiMTQiLCJpZFRlbXBvcmFkYSI6Ijc0IiwiaWRUb3JuZW8iOiIxIiwiaWRDbHVibG9jYWwiOjExMTkxLCJpZENsdWJ2aXNpdGEiOjEyMDQyfQ==/informe-arbitral-america-vs-gallos-blancos-de-queretaro-jornada-16-estadio-cancha-centenario-no-5-natural-instalaciones-club-america-vix', 'text': '4 - 1'}","{'type': 'link', 'href': 'https://www.ligafemenil.mx/cancha/club/12042/gallos-blancos-de-queretaro', 'text': ''}","{'type': 'link', 'href': 'https://www.ligafemenil.mx/cancha/estadio/1421/estadio-cancha-centenario-no-5-natural-instalaciones-club-america', 'text': 'Cancha Centenario No. 5 (Natural) Instalaciones Club América'}","{'type': 'link', 'href': 'https://www.ligafemenil.mx/cancha/mxm/134110/eyJpZERpdmlzaW9uIjoiMTQiLCJpZFRlbXBvcmFkYSI6Ijc0IiwiaWRUb3JuZW8iOiIxIiwiaWRDbHVibG9jYWwiOiIxMTE5MSIsImlkQ2x1YnZpc2l0YSI6IjEyMDQyIiwiaWRQYXJ0aWRvIjoiMTM0MTEwIiwicGVzdGFuYSI6IjEifQ==/minuto-a-minuto-america-vs-gallos-blancos-de-queretaro-jornada-16-estadio-cancha-centenario-no-5-natural-instalaciones-club-america-vix', 'text': ''}","{'type': 'link', 'href': 'https://www.ligafemenil.mx/cancha/mxm/134110/eyJpZERpdmlzaW9uIjoiMTQiLCJpZFRlbXBvcmFkYSI6Ijc0IiwiaWRUb3JuZW8iOiIxIiwiaWRDbHVibG9jYWwiOiIxMTE5MSIsImlkQ2x1YnZpc2l0YSI6IjEyMDQyIiwiaWRQYXJ0aWRvIjoiMTM0MTEwIiwicGVzdGFuYSI6IjMifQ==/minuto-a-minuto-america-vs-gallos-blancos-de-queretaro-jornada-16-estadio-cancha-centenario-no-5-natural-instalaciones-club-america-vix', 'text': ''}","{'type': 'link', 'href': 'https://www.ligafemenil.mx/cancha/informeArbitral/134110/eyJpZERpdmlzaW9uIjoiMTQiLCJpZFRlbXBvcmFkYSI6Ijc0IiwiaWRUb3JuZW8iOiIxIiwiaWRDbHVibG9jYWwiOiIxMTE5MSIsImlkQ2x1YnZpc2l0YSI6IjEyMDQyIn0=/informe-arbitral-america-vs-gallos-blancos-de-queretaro-jornada-16-estadio-cancha-centenario-no-5-natural-instalaciones-club-america-vix', 'text': ''}","{'type': 'link', 'href': 'https://www.ligafemenil.mx/cancha/mxm/134110/eyJpZERpdmlzaW9uIjoiMTQiLCJpZFRlbXBvcmFkYSI6Ijc0IiwiaWRUb3JuZW8iOiIxIiwiaWRDbHVibG9jYWwiOiIxMTE5MSIsImlkQ2x1YnZpc2l0YSI6IjEyMDQyIiwiaWRQYXJ0aWRvIjoiMTM0MTEwIiwicGVzdGFuYSI6IjQifQ==/minuto-a-minuto-america-vs-gallos-blancos-de-queretaro-jornada-16-estadio-cancha-centenario-no-5-natural-instalaciones-club-america-vix', 'text': ''}","{'type': 'link', 'href': 'https://www.ligafemenil.mx/cancha/galeria/MTM0MTEwLzE2Lzc0LzEvMTQ=/america-vs-gallos-blancos-de-queretaro', 'text': ''}","{'type': 'link', 'href': 'https://www.ligafemenil.mx/cancha/playlist/134110/america-vs-gallos-blancos-de-queretaro', 'text': ''}"
2023-2024,Apertura,"{'type': 'text', 'value': 'Jueves 19 de Octubre de 2023\nTemporada 2023-2024\nTorneo Apertura\nJornada 16\n19 Octubre 2023 - 19:06 hrs.'}","{'type': 'link', 'href': 'https://www.ligafemenil.mx/cancha/club/11245/atlas', 'text': ''}","{'type': 'link', 'href': 'https://www.ligafemenil.mx/cancha/informeArbitral/134106/eyJpZERpdmlzaW9uIjoiMTQiLCJpZFRlbXBvcmFkYSI6Ijc0IiwiaWRUb3JuZW8iOiIxIiwiaWRDbHVibG9jYWwiOjExMjQ1LCJpZENsdWJ2aXNpdGEiOjExMTgyfQ==/informe-arbitral-atlas-vs-guadalajara-jornada-16-estadio-jalisco-fox-premium', 'text': '1 - 2'}","{'type': 'link', 'href': 'https://www.ligafemenil.mx/cancha/club/11182/guadalajara', 'text': ''}","{'type': 'link', 'href': 'https://www.ligafemenil.mx/cancha/estadio/5/estadio-jalisco', 'text': 'Jalisco'}","{'type': 'link', 'href': 'https://www.ligafemenil.mx/cancha/mxm/134106/eyJpZERpdmlzaW9uIjoiMTQiLCJpZFRlbXBvcmFkYSI6Ijc0IiwiaWRUb3JuZW8iOiIxIiwiaWRDbHVibG9jYWwiOiIxMTI0NSIsImlkQ2x1YnZpc2l0YSI6IjExMTgyIiwiaWRQYXJ0aWRvIjoiMTM0MTA2IiwicGVzdGFuYSI6IjEifQ==/minuto-a-minuto-atlas-vs-guadalajara-jornada-16-estadio-jalisco-fox-premium', 'text': ''}","{'type': 'link', 'href': 'https://www.ligafemenil.mx/cancha/mxm/134106/eyJpZERpdmlzaW9uIjoiMTQiLCJpZFRlbXBvcmFkYSI6Ijc0IiwiaWRUb3JuZW8iOiIxIiwiaWRDbHVibG9jYWwiOiIxMTI0NSIsImlkQ2x1YnZpc2l0YSI6IjExMTgyIiwiaWRQYXJ0aWRvIjoiMTM0MTA2IiwicGVzdGFuYSI6IjMifQ==/minuto-a-minuto-atlas-vs-guadalajara-jornada-16-estadio-jalisco-fox-premium', 'text': ''}","{'type': 'link', 'href': 'https://www.ligafemenil.mx/cancha/informeArbitral/134106/eyJpZERpdmlzaW9uIjoiMTQiLCJpZFRlbXBvcmFkYSI6Ijc0IiwiaWRUb3JuZW8iOiIxIiwiaWRDbHVibG9jYWwiOiIxMTI0NSIsImlkQ2x1YnZpc2l0YSI6IjExMTgyIn0=/informe-arbitral-atlas-vs-guadalajara-jornada-16-estadio-jalisco-fox-premium', 'text': ''}","{'type': 'link', 'href': 'https://www.ligafemenil.mx/cancha/mxm/134106/eyJpZERpdmlzaW9uIjoiMTQiLCJpZFRlbXBvcmFkYSI6Ijc0IiwiaWRUb3JuZW8iOiIxIiwiaWRDbHVibG9jYWwiOiIxMTI0NSIsImlkQ2x1YnZpc2l0YSI6IjExMTgyIiwiaWRQYXJ0aWRvIjoiMTM0MTA2IiwicGVzdGFuYSI6IjQifQ==/minuto-a-minuto-atlas-vs-guadalajara-jornada-16-estadio-jalisco-fox-premium', 'text': ''}","{'type': 'link', 'href': 'https://www.ligafemenil.mx/cancha/galeria/MTM0MTA2LzE2Lzc0LzEvMTQ=/atlas-vs-guadalajara', 'text': ''}","{'type': 'link', 'href': 'https://www.ligafemenil.mx/cancha/playlist/134106/atlas-vs-guadalajara', 'text': ''}"
2023-2024,Apertura,"{'type': 'text', 'value': 'Jueves 19 de Octubre de 2023\nTemporada 2023-2024\nTorneo Apertura\nJornada 16\n19 Octubre 2023 - 21:06 hrs.'}","{'type': 'link', 'href': 'https://www.ligafemenil.mx/cancha/club/11186/tigres-de-la-uanl', 'text': ''}","{'type': 'link', 'href': 'https://www.ligafemenil.mx/cancha/informeArbitral/134107/eyJpZERpdmlzaW9uIjoiMTQiLCJpZFRlbXBvcmFkYSI6Ijc0IiwiaWRUb3JuZW8iOiIxIiwiaWRDbHVibG9jYWwiOjExMTg2LCJpZENsdWJ2aXNpdGEiOjExMTg1fQ==/informe-arbitral-tigres-de-la-uanl-vs-rayados-de-monterrey-jornada-16-estadio-universitario-vix', 'text': '1 - 3'}","{'type': 'link', 'href': 'https://www.ligafemenil.mx/cancha/club/11185/rayados-de-monterrey', 'text': ''}","{'type': 'link', 'href': 'https://www.ligafemenil.mx/cancha/estadio/12/estadio-universitario', 'text': 'Universitario'}","{'type': 'link', 'href': 'https://www.ligafemenil.mx/cancha/mxm/134107/eyJpZERpdmlzaW9uIjoiMTQiLCJpZFRlbXBvcmFkYSI6Ijc0IiwiaWRUb3JuZW8iOiIxIiwiaWRDbHVibG9jYWwiOiIxMTE4NiIsImlkQ2x1YnZpc2l0YSI6IjExMTg1IiwiaWRQYXJ0aWRvIjoiMTM0MTA3IiwicGVzdGFuYSI6IjEifQ==/minuto-a-minuto-tigres-de-la-uanl-vs-rayados-de-monterrey-jornada-16-estadio-universitario-vix', 'text': ''}","{'type': 'link', 'href': 'https://www.ligafemenil.mx/cancha/mxm/134107/eyJpZERpdmlzaW9uIjoiMTQiLCJpZFRlbXBvcmFkYSI6Ijc0IiwiaWRUb3JuZW8iOiIxIiwiaWRDbHVibG9jYWwiOiIxMTE4NiIsImlkQ2x1YnZpc2l0YSI6IjExMTg1IiwiaWRQYXJ0aWRvIjoiMTM0MTA3IiwicGVzdGFuYSI6IjMifQ==/minuto-a-minuto-tigres-de-la-uanl-vs-rayados-de-monterrey-jornada-16-estadio-universitario-vix', 'text': ''}","{'type': 'link', 'href': 'https://www.ligafemenil.mx/cancha/informeArbitral/134107/eyJpZERpdmlzaW9uIjoiMTQiLCJpZFRlbXBvcmFkYSI6Ijc0IiwiaWRUb3JuZW8iOiIxIiwiaWRDbHVibG9jYWwiOiIxMTE4NiIsImlkQ2x1YnZpc2l0YSI6IjExMTg1In0=/informe-arbitral-tigres-de-la-uanl-vs-rayados-de-monterrey-jornada-16-estadio-universitario-vix', 'text': ''}","{'type': 'link', 'href': 'https://www.ligafemenil.mx/cancha/mxm/134107/eyJpZERpdmlzaW9uIjoiMTQiLCJpZFRlbXBvcmFkYSI6Ijc0IiwiaWRUb3JuZW8iOiIxIiwiaWRDbHVibG9jYWwiOiIxMTE4NiIsImlkQ2x1YnZpc2l0YSI6IjExMTg1IiwiaWRQYXJ0aWRvIjoiMTM0MTA3IiwicGVzdGFuYSI6IjQifQ==/minuto-a-minuto-tigres-de-la-uanl-vs-rayados-de-monterrey-jornada-16-estadio-universitario-vix', 'text': ''}","{'type': 'link', 'href': 'https://www.ligafemenil.mx/cancha/galeria/MTM0MTA3LzE2Lzc0LzEvMTQ=/tigres-de-la-uanl-vs-rayados-de-monterrey', 'text': ''}","{'type': 'link', 'href': 'https://www.ligafemenil.mx/cancha/playlist/134107/tigres-de-la-uanl-vs-rayados-de-monterrey', 'text': ''}"
2023-2024,Apertura,"{'type': 'text', 'value': 'Jueves 19 de Octubre de 2023\nTemporada 2023-2024\nTorneo Apertura\nJornada 16\n19 Octubre 2023 - 21:10 hrs.'}","{'type': 'link', 'href': 'https://www.ligafemenil.mx/cancha/club/11184/pachuca', 'text': ''}","{'type': 'link', 'href': 'https://www.ligafemenil.mx/cancha/informeArbitral/134111/eyJpZERpdmlzaW9uIjoiMTQiLCJpZFRlbXBvcmFkYSI6Ijc0IiwiaWRUb3JuZW8iOiIxIiwiaWRDbHVibG9jYWwiOjExMTg0LCJpZENsdWJ2aXNpdGEiOjExMTg5fQ==/informe-arbitral-pachuca-vs-necaxa-jornada-16-estadio-hidalgo-fox-premium', 'text': '3 - 1'}","{'type': 'link', 'href': 'https://www.ligafemenil.mx/cancha/club/11189/necaxa', 'text': ''}","{'type': 'link', 'href': 'https://www.ligafemenil.mx/cancha/estadio/11/estadio-hidalgo', 'text': 'Hidalgo'}","{'type': 'link', 'href': 'https://www.ligafemenil.mx/cancha/mxm/134111/eyJpZERpdmlzaW9uIjoiMTQiLCJpZFRlbXBvcmFkYSI6Ijc0IiwiaWRUb3JuZW8iOiIxIiwiaWRDbHVibG9jYWwiOiIxMTE4NCIsImlkQ2x1YnZpc2l0YSI6IjExMTg5IiwiaWRQYXJ0aWRvIjoiMTM0MTExIiwicGVzdGFuYSI6IjEifQ==/minuto-a-minuto-pachuca-vs-necaxa-jornada-16-estadio-hidalgo-fox-premium', 'text': ''}","{'type': 'link', 'href': 'https://www.ligafemenil.mx/cancha/mxm/134111/eyJpZERpdmlzaW9uIjoiMTQiLCJpZFRlbXBvcmFkYSI6Ijc0IiwiaWRUb3JuZW8iOiIxIiwiaWRDbHVibG9jYWwiOiIxMTE4NCIsImlkQ2x1YnZpc2l0YSI6IjExMTg5IiwiaWRQYXJ0aWRvIjoiMTM0MTExIiwicGVzdGFuYSI6IjMifQ==/minuto-a-minuto-pachuca-vs-necaxa-jornada-16-estadio-hidalgo-fox-premium', 'text': ''}","{'type': 'link', 'href': 'https://www.ligafemenil.mx/cancha/informeArbitral/134111/eyJpZERpdmlzaW9uIjoiMTQiLCJpZFRlbXBvcmFkYSI6Ijc0IiwiaWRUb3JuZW8iOiIxIiwiaWRDbHVibG9jYWwiOiIxMTE4NCIsImlkQ2x1YnZpc2l0YSI6IjExMTg5In0=/informe-arbitral-pachuca-vs-necaxa-jornada-16-estadio-hidalgo-fox-premium', 'text': ''}","{'type': 'link', 'href': 'https://www.ligafemenil.mx/cancha/mxm/134111/eyJpZERpdmlzaW9uIjoiMTQiLCJpZFRlbXBvcmFkYSI6Ijc0IiwiaWRUb3JuZW8iOiIxIiwiaWRDbHVibG9jYWwiOiIxMTE4NCIsImlkQ2x1YnZpc2l0YSI6IjExMTg5IiwiaWRQYXJ0aWRvIjoiMTM0MTExIiwicGVzdGFuYSI6IjQifQ==/minuto-a-minuto-pachuca-vs-necaxa-jornada-16-estadio-hidalgo-fox-premium', 'text': ''}","{'type': 'link', 'href': 'https://www.ligafemenil.mx/cancha/galeria/MTM0MTExLzE2Lzc0LzEvMTQ=/pachuca-vs-necaxa', 'text': ''}","{'type': 'link', 'href': 'https://www.ligafemenil.mx/cancha/playlist/134111/pachuca-vs-necaxa', 'text': ''}"
2023-2024,Apertura,"{'type': 'text', 'value': 'Viernes 20 de Octubre de 2023\nTemporada 2023-2024\nTorneo Apertura\nJornada 16\n20 Octubre 2023 - 17:00 hrs.'}","{'type': 'link', 'href': 'https://www.ligafemenil.mx/cancha/club/11187/toluca', 'text': ''}","{'type': 'link', 'href': 'https://www.ligafemenil.mx/cancha/informeArbitral/134109/eyJpZERpdmlzaW9uIjoiMTQiLCJpZFRlbXBvcmFkYSI6Ijc0IiwiaWRUb3JuZW8iOiIxIiwiaWRDbHVibG9jYWwiOjExMTg3LCJpZENsdWJ2aXNpdGEiOjExMTgxfQ==/informe-arbitral-toluca-vs-cruz-azul-jornada-16-estadio-nemesio-diez-vix', 'text': '3 - 0'}","{'type': 'link', 'href': 'https://www.ligafemenil.mx/cancha/club/11181/cruz-azul', 'text': ''}","{'type': 'link', 'href': 'https://www.ligafemenil.mx/cancha/estadio/6/estadio-nemesio-diez', 'text': 'Nemesio Diez'}","{'type': 'link', 'href': 'https://www.ligafemenil.mx/cancha/mxm/134109/eyJpZERpdmlzaW9uIjoiMTQiLCJpZFRlbXBvcmFkYSI6Ijc0IiwiaWRUb3JuZW8iOiIxIiwiaWRDbHVibG9jYWwiOiIxMTE4NyIsImlkQ2x1YnZpc2l0YSI6IjExMTgxIiwiaWRQYXJ0aWRvIjoiMTM0MTA5IiwicGVzdGFuYSI6IjEifQ==/minuto-a-minuto-toluca-vs-cruz-azul-jornada-16-estadio-nemesio-diez-vix', 'text': ''}","{'type': 'link', 'href': 'https://www.ligafemenil.mx/cancha/mxm/134109/eyJpZERpdmlzaW9uIjoiMTQiLCJpZFRlbXBvcmFkYSI6Ijc0IiwiaWRUb3JuZW8iOiIxIiwiaWRDbHVibG9jYWwiOiIxMTE4NyIsImlkQ2x1YnZpc2l0YSI6IjExMTgxIiwiaWRQYXJ0aWRvIjoiMTM0MTA5IiwicGVzdGFuYSI6IjMifQ==/minuto-a-minuto-toluca-vs-cruz-azul-jornada-16-estadio-nemesio-diez-vix', 'text': ''}","{'type': 'link', 'href': 'https://www.ligafemenil.mx/cancha/informeArbitral/134109/eyJpZERpdmlzaW9uIjoiMTQiLCJpZFRlbXBvcmFkYSI6Ijc0IiwiaWRUb3JuZW8iOiIxIiwiaWRDbHVibG9jYWwiOiIxMTE4NyIsImlkQ2x1YnZpc2l0YSI6IjExMTgxIn0=/informe-arbitral-toluca-vs-cruz-azul-jornada-16-estadio-nemesio-diez-vix', 'text': ''}","{'type': 'link', 'href': 'https://www.ligafemenil.mx/cancha/mxm/134109/eyJpZERpdmlzaW9uIjoiMTQiLCJpZFRlbXBvcmFkYSI6Ijc0IiwiaWRUb3JuZW8iOiIxIiwiaWRDbHVibG9jYWwiOiIxMTE4NyIsImlkQ2x1YnZpc2l0YSI6IjExMTgxIiwiaWRQYXJ0aWRvIjoiMTM0MTA5IiwicGVzdGFuYSI6IjQifQ==/minuto-a-minuto-toluca-vs-cruz-azul-jornada-16-estadio-nemesio-diez-vix', 'text': ''}","{'type': 'link', 'href': 'https://www.ligafemenil.mx/cancha/galeria/MTM0MTA5LzE2Lzc0LzEvMTQ=/toluca-vs-cruz-azul', 'text': ''}","{'type': 'link', 'href': 'https://www.ligafemenil.mx/cancha/playlist/134109/toluca-vs-cruz-azul', 'text': ''}"
2023-2024,Apertura,"{'type': 'text', 'value': 'Viernes 20 de Octubre de 2023\nTemporada 2023-2024\nTorneo Apertura\nJornada 16\n20 Octubre 2023 - 18:06 hrs.'}","{'type': 'link', 'href': 'https://www.ligafemenil.mx/cancha/club/12051/mazatlan-fc', 'text': ''}","{'type': 'link', 'href': 'https://www.ligafemenil.mx/cancha/informeArbitral/134104/eyJpZERpdmlzaW9uIjoiMTQiLCJpZFRlbXBvcmFkYSI6Ijc0IiwiaWRUb3JuZW8iOiIxIiwiaWRDbHVibG9jYWwiOjEyMDUxLCJpZENsdWJ2aXNpdGEiOjExNTQzfQ==/informe-arbitral-mazatlan-fc-vs-puebla-fc-jornada-16-estadio-mazatlan-fox-premium', 'text': '3 - 4'}","{'type': 'link', 'href': 'https://www.ligafemenil.mx/cancha/club/11543/puebla-fc', 'text': ''}","{'type': 'link', 'href': 'https://www.ligafemenil.mx/cancha/estadio/1697/estadio-mazatlan', 'text': 'Estadio Mazatlán'}","{'type': 'link', 'href': 'https://www.ligafemenil.mx/cancha/mxm/134104/eyJpZERpdmlzaW9uIjoiMTQiLCJpZFRlbXBvcmFkYSI6Ijc0IiwiaWRUb3JuZW8iOiIxIiwiaWRDbHVibG9jYWwiOiIxMjA1MSIsImlkQ2x1YnZpc2l0YSI6IjExNTQzIiwiaWRQYXJ0aWRvIjoiMTM0MTA0IiwicGVzdGFuYSI6IjEifQ==/minuto-a-minuto-mazatlan-fc-vs-puebla-fc-jornada-16-estadio-mazatlan-fox-premium', 'text': ''}","{'type': 'link', 'href': 'https://www.ligafemenil.mx/cancha/mxm/134104/eyJpZERpdmlzaW9uIjoiMTQiLCJpZFRlbXBvcmFkYSI6Ijc0IiwiaWRUb3JuZW8iOiIxIiwiaWRDbHVibG9jYWwiOiIxMjA1MSIsImlkQ2x1YnZpc2l0YSI6IjExNTQzIiwiaWRQYXJ0aWRvIjoiMTM0MTA0IiwicGVzdGFuYSI6IjMifQ==/minuto-a-minuto-mazatlan-fc-vs-puebla-fc-jornada-16-estadio-mazatlan-fox-premium', 'text': ''}","{'type': 'link', 'href': 'https://www.ligafemenil.mx/cancha/informeArbitral/134104/eyJpZERpdmlzaW9uIjoiMTQiLCJpZFRlbXBvcmFkYSI6Ijc0IiwiaWRUb3JuZW8iOiIxIiwiaWRDbHVibG9jYWwiOiIxMjA1MSIsImlkQ2x1YnZpc2l0YSI6IjExNTQzIn0=/informe-arbitral-mazatlan-fc-vs-puebla-fc-jornada-16-estadio-mazatlan-fox-premium', 'text': ''}","{'type': 'link', 'href': 'https://www.ligafemenil.mx/cancha/mxm/134104/eyJpZERpdmlzaW9uIjoiMTQiLCJpZFRlbXBvcmFkYSI6Ijc0IiwiaWRUb3JuZW8iOiIxIiwiaWRDbHVibG9jYWwiOiIxMjA1MSIsImlkQ2x1YnZpc2l0YSI6IjExNTQzIiwiaWRQYXJ0aWRvIjoiMTM0MTA0IiwicGVzdGFuYSI6IjQifQ==/minuto-a-minuto-mazatlan-fc-vs-puebla-fc-jornada-16-estadio-mazatlan-fox-premium', 'text': ''}","{'type': 'link', 'href': 'https://www.ligafemenil.mx/cancha/galeria/MTM0MTA0LzE2Lzc0LzEvMTQ=/mazatlan-fc-vs-puebla-fc', 'text': ''}","{'type': 'link', 'href': 'https://www.ligafemenil.mx/cancha/playlist/134104/mazatlan-fc-vs-puebla-fc', 'text': ''}"
2023-2024,Apertura,"{'type': 'text', 'value': 'Viernes 20 de Octubre de 2023\nTemporada 2023-2024\nTorneo Apertura\nJornada 16\n20 Octubre 2023 - 21:10 hrs.'}","{'type': 'link', 'href': 'https://www.ligafemenil.mx/cancha/club/11192/santos-laguna', 'text': ''}","{'type': 'link', 'href': 'https://www.ligafemenil.mx/cancha/informeArbitral/134112/eyJpZERpdmlzaW9uIjoiMTQiLCJpZFRlbXBvcmFkYSI6Ijc0IiwiaWRUb3JuZW8iOiIxIiwiaWRDbHVibG9jYWwiOjExMTkyLCJpZENsdWJ2aXNpdGEiOjExMjQzfQ==/informe-arbitral-santos-laguna-vs-leon-jornada-16-estadio-tsm-corona-fox-premium', 'text': '2 - 2'}","{'type': 'link', 'href': 'https://www.ligafemenil.mx/cancha/club/11243/leon', 'text': ''}","{'type': 'link', 'href': 'https://www.ligafemenil.mx/cancha/estadio/63/estadio-tsm-corona', 'text': 'TSM Corona'}","{'type': 'link', 'href': 'https://www.ligafemenil.mx/cancha/mxm/134112/eyJpZERpdmlzaW9uIjoiMTQiLCJpZFRlbXBvcmFkYSI6Ijc0IiwiaWRUb3JuZW8iOiIxIiwiaWRDbHVibG9jYWwiOiIxMTE5MiIsImlkQ2x1YnZpc2l0YSI6IjExMjQzIiwiaWRQYXJ0aWRvIjoiMTM0MTEyIiwicGVzdGFuYSI6IjEifQ==/minuto-a-minuto-santos-laguna-vs-leon-jornada-16-estadio-tsm-corona-fox-premium', 'text': ''}","{'type': 'link', 'href': 'https://www.ligafemenil.mx/cancha/mxm/134112/eyJpZERpdmlzaW9uIjoiMTQiLCJpZFRlbXBvcmFkYSI6Ijc0IiwiaWRUb3JuZW8iOiIxIiwiaWRDbHVibG9jYWwiOiIxMTE5MiIsImlkQ2x1YnZpc2l0YSI6IjExMjQzIiwiaWRQYXJ0aWRvIjoiMTM0MTEyIiwicGVzdGFuYSI6IjMifQ==/minuto-a-minuto-santos-laguna-vs-leon-jornada-16-estadio-tsm-corona-fox-premium', 'text': ''}","{'type': 'link', 'href': 'https://www.ligafemenil.mx/cancha/informeArbitral/134112/eyJpZERpdmlzaW9uIjoiMTQiLCJpZFRlbXBvcmFkYSI6Ijc0IiwiaWRUb3JuZW8iOiIxIiwiaWRDbHVibG9jYWwiOiIxMTE5MiIsImlkQ2x1YnZpc2l0YSI6IjExMjQzIn0=/informe-arbitral-santos-laguna-vs-leon-jornada-16-estadio-tsm-corona-fox-premium', 'text': ''}","{'type': 'link', 'href': 'https://www.ligafemenil.mx/cancha/mxm/134112/eyJpZERpdmlzaW9uIjoiMTQiLCJpZFRlbXBvcmFkYSI6Ijc0IiwiaWRUb3JuZW8iOiIxIiwiaWRDbHVibG9jYWwiOiIxMTE5MiIsImlkQ2x1YnZpc2l0YSI6IjExMjQzIiwiaWRQYXJ0aWRvIjoiMTM0MTEyIiwicGVzdGFuYSI6IjQifQ==/minuto-a-minuto-santos-laguna-vs-leon-jornada-16-estadio-tsm-corona-fox-premium', 'text': ''}","{'type': 'link', 'href': 'https://www.ligafemenil.mx/cancha/galeria/MTM0MTEyLzE2Lzc0LzEvMTQ=/santos-laguna-vs-leon', 'text': ''}","{'type': 'link', 'href': 'https://www.ligafemenil.mx/cancha/playlist/134112/santos-laguna-vs-leon', 'text': ''}"
2023-2024,Apertura,"{'type': 'text', 'value': 'Sábado 21 de Octubre de 2023\nTemporada 2023-2024\nTorneo Apertura\nJornada 16\n21 Octubre 2023 - 12:00 hrs.'}","{'type': 'link', 'href': 'https://www.ligafemenil.mx/cancha/club/11188/pumas', 'text': ''}","{'type': 'link', 'href': 'https://www.ligafemenil.mx/cancha/informeArbitral/134105/eyJpZERpdmlzaW9uIjoiMTQiLCJpZFRlbXBvcmFkYSI6Ijc0IiwiaWRUb3JuZW8iOiIxIiwiaWRDbHVibG9jYWwiOjExMTg4LCJpZENsdWJ2aXNpdGEiOjExNzc4fQ==/informe-arbitral-pumas-vs-club-atletico-de-san-luis-jornada-16-estadio-olimpico-universitario-vix', 'text': '4 - 1'}","{'type': 'link', 'href': 'https://www.ligafemenil.mx/cancha/club/11778/club-atletico-de-san-luis', 'text': ''}","{'type': 'link', 'href': 'https://www.ligafemenil.mx/cancha/estadio/7/estadio-olimpico-universitario', 'text': 'Olímpico Universitario'}","{'type': 'link', 'href': 'https://www.ligafemenil.mx/cancha/mxm/134105/eyJpZERpdmlzaW9uIjoiMTQiLCJpZFRlbXBvcmFkYSI6Ijc0IiwiaWRUb3JuZW8iOiIxIiwiaWRDbHVibG9jYWwiOiIxMTE4OCIsImlkQ2x1YnZpc2l0YSI6IjExNzc4IiwiaWRQYXJ0aWRvIjoiMTM0MTA1IiwicGVzdGFuYSI6IjEifQ==/minuto-a-minuto-pumas-vs-club-atletico-de-san-luis-jornada-16-estadio-olimpico-universitario-vix', 'text': ''}","{'type': 'link', 'href': 'https://www.ligafemenil.mx/cancha/mxm/134105/eyJpZERpdmlzaW9uIjoiMTQiLCJpZFRlbXBvcmFkYSI6Ijc0IiwiaWRUb3JuZW8iOiIxIiwiaWRDbHVibG9jYWwiOiIxMTE4OCIsImlkQ2x1YnZpc2l0YSI6IjExNzc4IiwiaWRQYXJ0aWRvIjoiMTM0MTA1IiwicGVzdGFuYSI6IjMifQ==/minuto-a-minuto-pumas-vs-club-atletico-de-san-luis-jornada-16-estadio-olimpico-universitario-vix', 'text': ''}","{'type': 'link', 'href': 'https://www.ligafemenil.mx/cancha/informeArbitral/134105/eyJpZERpdmlzaW9uIjoiMTQiLCJpZFRlbXBvcmFkYSI6Ijc0IiwiaWRUb3JuZW8iOiIxIiwiaWRDbHVibG9jYWwiOiIxMTE4OCIsImlkQ2x1YnZpc2l0YSI6IjExNzc4In0=/informe-arbitral-pumas-vs-club-atletico-de-san-luis-jornada-16-estadio-olimpico-universitario-vix', 'text': ''}","{'type': 'link', 'href': 'https://www.ligafemenil.mx/cancha/mxm/134105/eyJpZERpdmlzaW9uIjoiMTQiLCJpZFRlbXBvcmFkYSI6Ijc0IiwiaWRUb3JuZW8iOiIxIiwiaWRDbHVibG9jYWwiOiIxMTE4OCIsImlkQ2x1YnZpc2l0YSI6IjExNzc4IiwiaWRQYXJ0aWRvIjoiMTM0MTA1IiwicGVzdGFuYSI6IjQifQ==/minuto-a-minuto-pumas-vs-club-atletico-de-san-luis-jornada-16-estadio-olimpico-universitario-vix', 'text': ''}","{'type': 'link', 'href': 'https://www.ligafemenil.mx/cancha/galeria/MTM0MTA1LzE2Lzc0LzEvMTQ=/pumas-vs-club-atletico-de-san-luis', 'text': ''}","{'type': 'link', 'href': 'https://www.ligafemenil.mx/cancha/playlist/134105/pumas-vs-club-atletico-de-san-luis', 'text': ''}"
2023-2024,Apertura,"{'type': 'text', 'value': 'Domingo 22 de Octubre de 2023\nTemporada 2023-2024\nTorneo Apertura\nJornada 16\n22 Octubre 2023 - 19:06 hrs.'}","{'type': 'link', 'href': 'https://www.ligafemenil.mx/cancha/club/11180/tijuana', 'text': ''}","{'type': 'link', 'href': 'https://www.ligafemenil.mx/cancha/informeArbitral/134108/eyJpZERpdmlzaW9uIjoiMTQiLCJpZFRlbXBvcmFkYSI6Ijc0IiwiaWRUb3JuZW8iOiIxIiwiaWRDbHVibG9jYWwiOjExMTgwLCJpZENsdWJ2aXNpdGEiOjExNzk1fQ==/informe-arbitral-tijuana-vs-fc-juarez-jornada-16-estadio-caliente-fox-sports--fox-premium', 'text': '0 - 1'}","{'type': 'link', 'href': 'https://www.ligafemenil.mx/cancha/club/11795/fc-juarez', 'text': ''}","{'type': 'link', 'href': 'https://www.ligafemenil.mx/cancha/estadio/48/estadio-caliente', 'text': 'Caliente'}","{'type': 'link', 'href': 'https://www.ligafemenil.mx/cancha/mxm/134108/eyJpZERpdmlzaW9uIjoiMTQiLCJpZFRlbXBvcmFkYSI6Ijc0IiwiaWRUb3JuZW8iOiIxIiwiaWRDbHVibG9jYWwiOiIxMTE4MCIsImlkQ2x1YnZpc2l0YSI6IjExNzk1IiwiaWRQYXJ0aWRvIjoiMTM0MTA4IiwicGVzdGFuYSI6IjEifQ==/minuto-a-minuto-tijuana-vs-fc-juarez-jornada-16-estadio-caliente-fox-sports--fox-premium', 'text': ''}","{'type': 'link', 'href': 'https://www.ligafemenil.mx/cancha/mxm/134108/eyJpZERpdmlzaW9uIjoiMTQiLCJpZFRlbXBvcmFkYSI6Ijc0IiwiaWRUb3JuZW8iOiIxIiwiaWRDbHVibG9jYWwiOiIxMTE4MCIsImlkQ2x1YnZpc2l0YSI6IjExNzk1IiwiaWRQYXJ0aWRvIjoiMTM0MTA4IiwicGVzdGFuYSI6IjMifQ==/minuto-a-minuto-tijuana-vs-fc-juarez-jornada-16-estadio-caliente-fox-sports--fox-premium', 'text': ''}","{'type': 'link', 'href': 'https://www.ligafemenil.mx/cancha/informeArbitral/134108/eyJpZERpdmlzaW9uIjoiMTQiLCJpZFRlbXBvcmFkYSI6Ijc0IiwiaWRUb3JuZW8iOiIxIiwiaWRDbHVibG9jYWwiOiIxMTE4MCIsImlkQ2x1YnZpc2l0YSI6IjExNzk1In0=/informe-arbitral-tijuana-vs-fc-juarez-jornada-16-estadio-caliente-fox-sports--fox-premium', 'text': ''}","{'type': 'link', 'href': 'https://www.ligafemenil.mx/cancha/mxm/134108/eyJpZERpdmlzaW9uIjoiMTQiLCJpZFRlbXBvcmFkYSI6Ijc0IiwiaWRUb3JuZW8iOiIxIiwiaWRDbHVibG9jYWwiOiIxMTE4MCIsImlkQ2x1YnZpc2l0YSI6IjExNzk1IiwiaWRQYXJ0aWRvIjoiMTM0MTA4IiwicGVzdGFuYSI6IjQifQ==/minuto-a-minuto-tijuana-vs-fc-juarez-jornada-16-estadio-caliente-fox-sports--fox-premium', 'text': ''}","{'type': 'link', 'href': 'https://www.ligafemenil.mx/cancha/galeria/MTM0MTA4LzE2Lzc0LzEvMTQ=/tijuana-vs-fc-juarez', 'text': ''}","{'type': 'link', 'href': 'https://www.ligafemenil.mx/cancha/playlist/134108/tijuana-vs-fc-juarez', 'text': ''}"
2023-2024,Apertura,"{'type': 'text', 'value': 'Viernes 3 de Noviembre de 2023\nTemporada 2023-2024\nTorneo Apertura\nJornada 17\n3 Noviembre 2023 - 17:00 hrs.'}","{'type': 'link', 'href': 'https://www.ligafemenil.mx/cancha/club/11189/necaxa', 'text': ''}","{'type': 'link', 'href': 'https://www.ligafemenil.mx/cancha/informeArbitral/134113/eyJpZERpdmlzaW9uIjoiMTQiLCJpZFRlbXBvcmFkYSI6Ijc0IiwiaWRUb3JuZW8iOiIxIiwiaWRDbHVibG9jYWwiOjExMTg5LCJpZENsdWJ2aXNpdGEiOjExMTg2fQ==/informe-arbitral-necaxa-vs-tigres-de-la-uanl-jornada-17-estadio-victoria-vix', 'text': '1 - 3'}","{'type': 'link', 'href': 'https://www.ligafemenil.mx/cancha/club/11186/tigres-de-la-uanl', 'text': ''}","{'type': 'link', 'href': 'https://www.ligafemenil.mx/cancha/estadio/15/estadio-victoria', 'text': 'Victoria'}","{'type': 'link', 'href': 'https://www.ligafemenil.mx/cancha/mxm/134113/eyJpZERpdmlzaW9uIjoiMTQiLCJpZFRlbXBvcmFkYSI6Ijc0IiwiaWRUb3JuZW8iOiIxIiwiaWRDbHVibG9jYWwiOiIxMTE4OSIsImlkQ2x1YnZpc2l0YSI6IjExMTg2IiwiaWRQYXJ0aWRvIjoiMTM0MTEzIiwicGVzdGFuYSI6IjEifQ==/minuto-a-minuto-necaxa-vs-tigres-de-la-uanl-jornada-17-estadio-victoria-vix', 'text': ''}","{'type': 'link', 'href': 'https://www.ligafemenil.mx/cancha/mxm/134113/eyJpZERpdmlzaW9uIjoiMTQiLCJpZFRlbXBvcmFkYSI6Ijc0IiwiaWRUb3JuZW8iOiIxIiwiaWRDbHVibG9jYWwiOiIxMTE4OSIsImlkQ2x1YnZpc2l0YSI6IjExMTg2IiwiaWRQYXJ0aWRvIjoiMTM0MTEzIiwicGVzdGFuYSI6IjMifQ==/minuto-a-minuto-necaxa-vs-tigres-de-la-uanl-jornada-17-estadio-victoria-vix', 'text': ''}","{'type': 'link', 'href': 'https://www.ligafemenil.mx/cancha/informeArbitral/134113/eyJpZERpdmlzaW9uIjoiMTQiLCJpZFRlbXBvcmFkYSI6Ijc0IiwiaWRUb3JuZW8iOiIxIiwiaWRDbHVibG9jYWwiOiIxMTE4OSIsImlkQ2x1YnZpc2l0YSI6IjExMTg2In0=/informe-arbitral-necaxa-vs-tigres-de-la-uanl-jornada-17-estadio-victoria-vix', 'text': ''}","{'type': 'link', 'href': 'https://www.ligafemenil.mx/cancha/mxm/134113/eyJpZERpdmlzaW9uIjoiMTQiLCJpZFRlbXBvcmFkYSI6Ijc0IiwiaWRUb3JuZW8iOiIxIiwiaWRDbHVibG9jYWwiOiIxMTE4OSIsImlkQ2x1YnZpc2l0YSI6IjExMTg2IiwiaWRQYXJ0aWRvIjoiMTM0MTEzIiwicGVzdGFuYSI6IjQifQ==/minuto-a-minuto-necaxa-vs-tigres-de-la-uanl-jornada-17-estadio-victoria-vix', 'text': ''}","{'type': 'link', 'href': 'https://www.ligafemenil.mx/cancha/galeria/MTM0MTEzLzE3Lzc0LzEvMTQ=/necaxa-vs-tigres-de-la-uanl', 'text': ''}","{'type': 'link', 'href': 'https://www.ligafemenil.mx/cancha/playlist/134113/necaxa-vs-tigres-de-la-uanl', 'text': ''}"
2023-2024,Apertura,"{'type': 'text', 'value': 'Viernes 3 de Noviembre de 2023\nTemporada 2023-2024\nTorneo Apertura\nJornada 17\n3 Noviembre 2023 - 17:00 hrs.'}","{'type': 'link', 'href': 'https://www.ligafemenil.mx/cancha/club/11243/leon', 'text': ''}","{'type': 'link', 'href': 'https://www.ligafemenil.mx/cancha/informeArbitral/134114/eyJpZERpdmlzaW9uIjoiMTQiLCJpZFRlbXBvcmFkYSI6Ijc0IiwiaWRUb3JuZW8iOiIxIiwiaWRDbHVibG9jYWwiOjExMjQzLCJpZENsdWJ2aXNpdGEiOjExMjQ1fQ==/informe-arbitral-leon-vs-atlas-jornada-17-estadio-nou-camp-fox-premium', 'text': '1 - 1'}","{'type': 'link', 'href': 'https://www.ligafemenil.mx/cancha/club/11245/atlas', 'text': ''}","{'type': 'link', 'href': 'https://www.ligafemenil.mx/cancha/estadio/23/estadio-nou-camp', 'text': 'Nou Camp'}","{'type': 'link', 'href': 'https://www.ligafemenil.mx/cancha/mxm/134114/eyJpZERpdmlzaW9uIjoiMTQiLCJpZFRlbXBvcmFkYSI6Ijc0IiwiaWRUb3JuZW8iOiIxIiwiaWRDbHVibG9jYWwiOiIxMTI0MyIsImlkQ2x1YnZpc2l0YSI6IjExMjQ1IiwiaWRQYXJ0aWRvIjoiMTM0MTE0IiwicGVzdGFuYSI6IjEifQ==/minuto-a-minuto-leon-vs-atlas-jornada-17-estadio-nou-camp-fox-premium', 'text': ''}","{'type': 'link', 'href': 'https://www.ligafemenil.mx/cancha/mxm/134114/eyJpZERpdmlzaW9uIjoiMTQiLCJpZFRlbXBvcmFkYSI6Ijc0IiwiaWRUb3JuZW8iOiIxIiwiaWRDbHVibG9jYWwiOiIxMTI0MyIsImlkQ2x1YnZpc2l0YSI6IjExMjQ1IiwiaWRQYXJ0aWRvIjoiMTM0MTE0IiwicGVzdGFuYSI6IjMifQ==/minuto-a-minuto-leon-vs-atlas-jornada-17-estadio-nou-camp-fox-premium', 'text': ''}","{'type': 'link', 'href': 'https://www.ligafemenil.mx/cancha/informeArbitral/134114/eyJpZERpdmlzaW9uIjoiMTQiLCJpZFRlbXBvcmFkYSI6Ijc0IiwiaWRUb3JuZW8iOiIxIiwiaWRDbHVibG9jYWwiOiIxMTI0MyIsImlkQ2x1YnZpc2l0YSI6IjExMjQ1In0=/informe-arbitral-leon-vs-atlas-jornada-17-estadio-nou-camp-fox-premium', 'text': ''}","{'type': 'link', 'href': 'https://www.ligafemenil.mx/cancha/mxm/134114/eyJpZERpdmlzaW9uIjoiMTQiLCJpZFRlbXBvcmFkYSI6Ijc0IiwiaWRUb3JuZW8iOiIxIiwiaWRDbHVibG9jYWwiOiIxMTI0MyIsImlkQ2x1YnZpc2l0YSI6IjExMjQ1IiwiaWRQYXJ0aWRvIjoiMTM0MTE0IiwicGVzdGFuYSI6IjQifQ==/minuto-a-minuto-leon-vs-atlas-jornada-17-estadio-nou-camp-fox-premium', 'text': ''}","{'type': 'link', 'href': 'https://www.ligafemenil.mx/cancha/galeria/MTM0MTE0LzE3Lzc0LzEvMTQ=/leon-vs-atlas', 'text': ''}","{'type': 'link', 'href': 'https://www.ligafemenil.mx/cancha/playlist/134114/leon-vs-atlas', 'text': ''}"
2023-2024,Apertura,"{'type': 'text', 'value': 'Viernes 3 de Noviembre de 2023\nTemporada 2023-2024\nTorneo Apertura\nJornada 17\n3 Noviembre 2023 - 19:00 hrs.'}","{'type': 'link', 'href': 'https://www.ligafemenil.mx/cancha/club/11182/guadalajara', 'text': ''}","{'type': 'link', 'href': 'https://www.ligafemenil.mx/cancha/informeArbitral/134115/eyJpZERpdmlzaW9uIjoiMTQiLCJpZFRlbXBvcmFkYSI6Ijc0IiwiaWRUb3JuZW8iOiIxIiwiaWRDbHVibG9jYWwiOjExMTgyLCJpZENsdWJ2aXNpdGEiOjExMTg0fQ==/informe-arbitral-guadalajara-vs-pachuca-jornada-17-estadio-akron-fox-sports--fox-premium', 'text': '3 - 0'}","{'type': 'link', 'href': 'https://www.ligafemenil.mx/cancha/club/11184/pachuca', 'text': ''}","{'type': 'link', 'href': 'https://www.ligafemenil.mx/cancha/estadio/1538/estadio-akron', 'text': 'Estadio AKRON'}","{'type': 'link', 'href': 'https://www.ligafemenil.mx/cancha/mxm/134115/eyJpZERpdmlzaW9uIjoiMTQiLCJpZFRlbXBvcmFkYSI6Ijc0IiwiaWRUb3JuZW8iOiIxIiwiaWRDbHVibG9jYWwiOiIxMTE4MiIsImlkQ2x1YnZpc2l0YSI6IjExMTg0IiwiaWRQYXJ0aWRvIjoiMTM0MTE1IiwicGVzdGFuYSI6IjEifQ==/minuto-a-minuto-guadalajara-vs-pachuca-jornada-17-estadio-akron-fox-sports--fox-premium', 'text': ''}","{'type': 'link', 'href': 'https://www.ligafemenil.mx/cancha/mxm/134115/eyJpZERpdmlzaW9uIjoiMTQiLCJpZFRlbXBvcmFkYSI6Ijc0IiwiaWRUb3JuZW8iOiIxIiwiaWRDbHVibG9jYWwiOiIxMTE4MiIsImlkQ2x1YnZpc2l0YSI6IjExMTg0IiwiaWRQYXJ0aWRvIjoiMTM0MTE1IiwicGVzdGFuYSI6IjMifQ==/minuto-a-minuto-guadalajara-vs-pachuca-jornada-17-estadio-akron-fox-sports--fox-premium', 'text': ''}","{'type': 'link', 'href': 'https://www.ligafemenil.mx/cancha/informeArbitral/134115/eyJpZERpdmlzaW9uIjoiMTQiLCJpZFRlbXBvcmFkYSI6Ijc0IiwiaWRUb3JuZW8iOiIxIiwiaWRDbHVibG9jYWwiOiIxMTE4MiIsImlkQ2x1YnZpc2l0YSI6IjExMTg0In0=/informe-arbitral-guadalajara-vs-pachuca-jornada-17-estadio-akron-fox-sports--fox-premium', 'text': ''}","{'type': 'link', 'href': 'https://www.ligafemenil.mx/cancha/mxm/134115/eyJpZERpdmlzaW9uIjoiMTQiLCJpZFRlbXBvcmFkYSI6Ijc0IiwiaWRUb3JuZW8iOiIxIiwiaWRDbHVibG9jYWwiOiIxMTE4MiIsImlkQ2x1YnZpc2l0YSI6IjExMTg0IiwiaWRQYXJ0aWRvIjoiMTM0MTE1IiwicGVzdGFuYSI6IjQifQ==/minuto-a-minuto-guadalajara-vs-pachuca-jornada-17-estadio-akron-fox-sports--fox-premium', 'text': ''}","{'type': 'link', 'href': 'https://www.ligafemenil.mx/cancha/galeria/MTM0MTE1LzE3Lzc0LzEvMTQ=/guadalajara-vs-pachuca', 'text': ''}","{'type': 'link', 'href': 'https://www.ligafemenil.mx/cancha/playlist/134115/guadalajara-vs-pachuca', 'text': ''}"
2023-2024,Apertura,"{'type': 'text', 'value': 'Viernes 3 de Noviembre de 2023\nTemporada 2023-2024\nTorneo Apertura\nJornada 17\n3 Noviembre 2023 - 21:00 hrs.'}","{'type': 'link', 'href': 'https://www.ligafemenil.mx/cancha/club/11185/rayados-de-monterrey', 'text': ''}","{'type': 'link', 'href': 'https://www.ligafemenil.mx/cancha/informeArbitral/134116/eyJpZERpdmlzaW9uIjoiMTQiLCJpZFRlbXBvcmFkYSI6Ijc0IiwiaWRUb3JuZW8iOiIxIiwiaWRDbHVibG9jYWwiOjExMTg1LCJpZENsdWJ2aXNpdGEiOjExMTkxfQ==/informe-arbitral-rayados-de-monterrey-vs-america-jornada-17-estadio-bbva-vix', 'text': '2 - 1'}","{'type': 'link', 'href': 'https://www.ligafemenil.mx/cancha/club/11191/america', 'text': ''}","{'type': 'link', 'href': 'https://www.ligafemenil.mx/cancha/estadio/1608/estadio-bbva', 'text': 'Estadio BBVA'}","{'type': 'link', 'href': 'https://www.ligafemenil.mx/cancha/mxm/134116/eyJpZERpdmlzaW9uIjoiMTQiLCJpZFRlbXBvcmFkYSI6Ijc0IiwiaWRUb3JuZW8iOiIxIiwiaWRDbHVibG9jYWwiOiIxMTE4NSIsImlkQ2x1YnZpc2l0YSI6IjExMTkxIiwiaWRQYXJ0aWRvIjoiMTM0MTE2IiwicGVzdGFuYSI6IjEifQ==/minuto-a-minuto-rayados-de-monterrey-vs-america-jornada-17-estadio-bbva-vix', 'text': ''}","{'type': 'link', 'href': 'https://www.ligafemenil.mx/cancha/mxm/134116/eyJpZERpdmlzaW9uIjoiMTQiLCJpZFRlbXBvcmFkYSI6Ijc0IiwiaWRUb3JuZW8iOiIxIiwiaWRDbHVibG9jYWwiOiIxMTE4NSIsImlkQ2x1YnZpc2l0YSI6IjExMTkxIiwiaWRQYXJ0aWRvIjoiMTM0MTE2IiwicGVzdGFuYSI6IjMifQ==/minuto-a-minuto-rayados-de-monterrey-vs-america-jornada-17-estadio-bbva-vix', 'text': ''}","{'type': 'link', 'href': 'https://www.ligafemenil.mx/cancha/informeArbitral/134116/eyJpZERpdmlzaW9uIjoiMTQiLCJpZFRlbXBvcmFkYSI6Ijc0IiwiaWRUb3JuZW8iOiIxIiwiaWRDbHVibG9jYWwiOiIxMTE4NSIsImlkQ2x1YnZpc2l0YSI6IjExMTkxIn0=/informe-arbitral-rayados-de-monterrey-vs-america-jornada-17-estadio-bbva-vix', 'text': ''}","{'type': 'link', 'href': 'https://www.ligafemenil.mx/cancha/mxm/134116/eyJpZERpdmlzaW9uIjoiMTQiLCJpZFRlbXBvcmFkYSI6Ijc0IiwiaWRUb3JuZW8iOiIxIiwiaWRDbHVibG9jYWwiOiIxMTE4NSIsImlkQ2x1YnZpc2l0YSI6IjExMTkxIiwiaWRQYXJ0aWRvIjoiMTM0MTE2IiwicGVzdGFuYSI6IjQifQ==/minuto-a-minuto-rayados-de-monterrey-vs-america-jornada-17-estadio-bbva-vix', 'text': ''}","{'type': 'link', 'href': 'https://www.ligafemenil.mx/cancha/galeria/MTM0MTE2LzE3Lzc0LzEvMTQ=/rayados-de-monterrey-vs-america', 'text': ''}","{'type': 'link', 'href': 'https://www.ligafemenil.mx/cancha/playlist/134116/rayados-de-monterrey-vs-america', 'text': ''}"
2023-2024,Apertura,"{'type': 'text', 'value': 'Viernes 3 de Noviembre de 2023\nTemporada 2023-2024\nTorneo Apertura\nJornada 17\n3 Noviembre 2023 - 21:10 hrs.'}","{'type': 'link', 'href': 'https://www.ligafemenil.mx/cancha/club/11795/fc-juarez', 'text': ''}","{'type': 'link', 'href': 'https://www.ligafemenil.mx/cancha/informeArbitral/134117/eyJpZERpdmlzaW9uIjoiMTQiLCJpZFRlbXBvcmFkYSI6Ijc0IiwiaWRUb3JuZW8iOiIxIiwiaWRDbHVibG9jYWwiOjExNzk1LCJpZENsdWJ2aXNpdGEiOjExMTg4fQ==/informe-arbitral-fc-juarez-vs-pumas-jornada-17-estadio-olimpico-benito-juarez-fox-sports--fox-premium', 'text': '0 - 2'}","{'type': 'link', 'href': 'https://www.ligafemenil.mx/cancha/club/11188/pumas', 'text': ''}","{'type': 'link', 'href': 'https://www.ligafemenil.mx/cancha/estadio/17/estadio-olimpico-benito-juarez', 'text': 'Olímpico Benito Juárez'}","{'type': 'link', 'href': 'https://www.ligafemenil.mx/cancha/mxm/134117/eyJpZERpdmlzaW9uIjoiMTQiLCJpZFRlbXBvcmFkYSI6Ijc0IiwiaWRUb3JuZW8iOiIxIiwiaWRDbHVibG9jYWwiOiIxMTc5NSIsImlkQ2x1YnZpc2l0YSI6IjExMTg4IiwiaWRQYXJ0aWRvIjoiMTM0MTE3IiwicGVzdGFuYSI6IjEifQ==/minuto-a-minuto-fc-juarez-vs-pumas-jornada-17-estadio-olimpico-benito-juarez-fox-sports--fox-premium', 'text': ''}","{'type': 'link', 'href': 'https://www.ligafemenil.mx/cancha/mxm/134117/eyJpZERpdmlzaW9uIjoiMTQiLCJpZFRlbXBvcmFkYSI6Ijc0IiwiaWRUb3JuZW8iOiIxIiwiaWRDbHVibG9jYWwiOiIxMTc5NSIsImlkQ2x1YnZpc2l0YSI6IjExMTg4IiwiaWRQYXJ0aWRvIjoiMTM0MTE3IiwicGVzdGFuYSI6IjMifQ==/minuto-a-minuto-fc-juarez-vs-pumas-jornada-17-estadio-olimpico-benito-juarez-fox-sports--fox-premium', 'text': ''}","{'type': 'link', 'href': 'https://www.ligafemenil.mx/cancha/informeArbitral/134117/eyJpZERpdmlzaW9uIjoiMTQiLCJpZFRlbXBvcmFkYSI6Ijc0IiwiaWRUb3JuZW8iOiIxIiwiaWRDbHVibG9jYWwiOiIxMTc5NSIsImlkQ2x1YnZpc2l0YSI6IjExMTg4In0=/informe-arbitral-fc-juarez-vs-pumas-jornada-17-estadio-olimpico-benito-juarez-fox-sports--fox-premium', 'text': ''}","{'type': 'link', 'href': 'https://www.ligafemenil.mx/cancha/mxm/134117/eyJpZERpdmlzaW9uIjoiMTQiLCJpZFRlbXBvcmFkYSI6Ijc0IiwiaWRUb3JuZW8iOiIxIiwiaWRDbHVibG9jYWwiOiIxMTc5NSIsImlkQ2x1YnZpc2l0YSI6IjExMTg4IiwiaWRQYXJ0aWRvIjoiMTM0MTE3IiwicGVzdGFuYSI6IjQifQ==/minuto-a-minuto-fc-juarez-vs-pumas-jornada-17-estadio-olimpico-benito-juarez-fox-sports--fox-premium', 'text': ''}","{'type': 'link', 'href': 'https://www.ligafemenil.mx/cancha/galeria/MTM0MTE3LzE3Lzc0LzEvMTQ=/fc-juarez-vs-pumas', 'text': ''}","{'type': 'link', 'href': 'https://www.ligafemenil.mx/cancha/playlist/134117/fc-juarez-vs-pumas', 'text': ''}"
2023-2024,Apertura,"{'type': 'text', 'value': 'Sábado 4 de Noviembre de 2023\nTemporada 2023-2024\nTorneo Apertura\nJornada 17\n4 Noviembre 2023 - 12:00 hrs.'}","{'type': 'link', 'href': 'https://www.ligafemenil.mx/cancha/club/11181/cruz-azul', 'text': ''}","{'type': 'link', 'href': 'https://www.ligafemenil.mx/cancha/informeArbitral/134118/eyJpZERpdmlzaW9uIjoiMTQiLCJpZFRlbXBvcmFkYSI6Ijc0IiwiaWRUb3JuZW8iOiIxIiwiaWRDbHVibG9jYWwiOjExMTgxLCJpZENsdWJ2aXNpdGEiOjExMTkyfQ==/informe-arbitral-cruz-azul-vs-santos-laguna-jornada-17-estadio-instalaciones-la-noria-vix', 'text': '6 - 0'}","{'type': 'link', 'href': 'https://www.ligafemenil.mx/cancha/club/11192/santos-laguna', 'text': ''}","{'type': 'link', 'href': 'https://www.ligafemenil.mx/cancha/estadio/877/estadio-instalaciones-la-noria', 'text': 'INSTALACIONES LA NORIA'}","{'type': 'link', 'href': 'https://www.ligafemenil.mx/cancha/mxm/134118/eyJpZERpdmlzaW9uIjoiMTQiLCJpZFRlbXBvcmFkYSI6Ijc0IiwiaWRUb3JuZW8iOiIxIiwiaWRDbHVibG9jYWwiOiIxMTE4MSIsImlkQ2x1YnZpc2l0YSI6IjExMTkyIiwiaWRQYXJ0aWRvIjoiMTM0MTE4IiwicGVzdGFuYSI6IjEifQ==/minuto-a-minuto-cruz-azul-vs-santos-laguna-jornada-17-estadio-instalaciones-la-noria-vix', 'text': ''}","{'type': 'link', 'href': 'https://www.ligafemenil.mx/cancha/mxm/134118/eyJpZERpdmlzaW9uIjoiMTQiLCJpZFRlbXBvcmFkYSI6Ijc0IiwiaWRUb3JuZW8iOiIxIiwiaWRDbHVibG9jYWwiOiIxMTE4MSIsImlkQ2x1YnZpc2l0YSI6IjExMTkyIiwiaWRQYXJ0aWRvIjoiMTM0MTE4IiwicGVzdGFuYSI6IjMifQ==/minuto-a-minuto-cruz-azul-vs-santos-laguna-jornada-17-estadio-instalaciones-la-noria-vix', 'text': ''}","{'type': 'link', 'href': 'https://www.ligafemenil.mx/cancha/informeArbitral/134118/eyJpZERpdmlzaW9uIjoiMTQiLCJpZFRlbXBvcmFkYSI6Ijc0IiwiaWRUb3JuZW8iOiIxIiwiaWRDbHVibG9jYWwiOiIxMTE4MSIsImlkQ2x1YnZpc2l0YSI6IjExMTkyIn0=/informe-arbitral-cruz-azul-vs-santos-laguna-jornada-17-estadio-instalaciones-la-noria-vix', 'text': ''}","{'type': 'link', 'href': 'https://www.ligafemenil.mx/cancha/mxm/134118/eyJpZERpdmlzaW9uIjoiMTQiLCJpZFRlbXBvcmFkYSI6Ijc0IiwiaWRUb3JuZW8iOiIxIiwiaWRDbHVibG9jYWwiOiIxMTE4MSIsImlkQ2x1YnZpc2l0YSI6IjExMTkyIiwiaWRQYXJ0aWRvIjoiMTM0MTE4IiwicGVzdGFuYSI6IjQifQ==/minuto-a-minuto-cruz-azul-vs-santos-laguna-jornada-17-estadio-instalaciones-la-noria-vix', 'text': ''}","{'type': 'link', 'href': 'https://www.ligafemenil.mx/cancha/galeria/MTM0MTE4LzE3Lzc0LzEvMTQ=/cruz-azul-vs-santos-laguna', 'text': ''}","{'type': 'link', 'href': 'https://www.ligafemenil.mx/cancha/playlist/134118/cruz-azul-vs-santos-laguna', 'text': ''}"
2023-2024,Apertura,"{'type': 'text', 'value': 'Domingo 5 de Noviembre de 2023\nTemporada 2023-2024\nTorneo Apertura\nJornada 17\n5 Noviembre 2023 - 12:00 hrs.'}","{'type': 'link', 'href': 'https://www.ligafemenil.mx/cancha/club/11543/puebla-fc', 'text': ''}","{'type': 'link', 'href': 'https://www.ligafemenil.mx/cancha/informeArbitral/134119/eyJpZERpdmlzaW9uIjoiMTQiLCJpZFRlbXBvcmFkYSI6Ijc0IiwiaWRUb3JuZW8iOiIxIiwiaWRDbHVibG9jYWwiOjExNTQzLCJpZENsdWJ2aXNpdGEiOjExMTgwfQ==/informe-arbitral-puebla-fc-vs-tijuana-jornada-17-estadio-cuauhtemoc-fox-sports--fox-premium', 'text': '1 - 3'}","{'type': 'link', 'href': 'https://www.ligafemenil.mx/cancha/club/11180/tijuana', 'text': ''}","{'type': 'link', 'href': 'https://www.ligafemenil.mx/cancha/estadio/9/estadio-cuauhtemoc', 'text': 'Cuauhtémoc'}","{'type': 'link', 'href': 'https://www.ligafemenil.mx/cancha/mxm/134119/eyJpZERpdmlzaW9uIjoiMTQiLCJpZFRlbXBvcmFkYSI6Ijc0IiwiaWRUb3JuZW8iOiIxIiwiaWRDbHVibG9jYWwiOiIxMTU0MyIsImlkQ2x1YnZpc2l0YSI6IjExMTgwIiwiaWRQYXJ0aWRvIjoiMTM0MTE5IiwicGVzdGFuYSI6IjEifQ==/minuto-a-minuto-puebla-fc-vs-tijuana-jornada-17-estadio-cuauhtemoc-fox-sports--fox-premium', 'text': ''}","{'type': 'link', 'href': 'https://www.ligafemenil.mx/cancha/mxm/134119/eyJpZERpdmlzaW9uIjoiMTQiLCJpZFRlbXBvcmFkYSI6Ijc0IiwiaWRUb3JuZW8iOiIxIiwiaWRDbHVibG9jYWwiOiIxMTU0MyIsImlkQ2x1YnZpc2l0YSI6IjExMTgwIiwiaWRQYXJ0aWRvIjoiMTM0MTE5IiwicGVzdGFuYSI6IjMifQ==/minuto-a-minuto-puebla-fc-vs-tijuana-jornada-17-estadio-cuauhtemoc-fox-sports--fox-premium', 'text': ''}","{'type': 'link', 'href': 'https://www.ligafemenil.mx/cancha/informeArbitral/134119/eyJpZERpdmlzaW9uIjoiMTQiLCJpZFRlbXBvcmFkYSI6Ijc0IiwiaWRUb3JuZW8iOiIxIiwiaWRDbHVibG9jYWwiOiIxMTU0MyIsImlkQ2x1YnZpc2l0YSI6IjExMTgwIn0=/informe-arbitral-puebla-fc-vs-tijuana-jornada-17-estadio-cuauhtemoc-fox-sports--fox-premium', 'text': ''}","{'type': 'link', 'href': 'https://www.ligafemenil.mx/cancha/mxm/134119/eyJpZERpdmlzaW9uIjoiMTQiLCJpZFRlbXBvcmFkYSI6Ijc0IiwiaWRUb3JuZW8iOiIxIiwiaWRDbHVibG9jYWwiOiIxMTU0MyIsImlkQ2x1YnZpc2l0YSI6IjExMTgwIiwiaWRQYXJ0aWRvIjoiMTM0MTE5IiwicGVzdGFuYSI6IjQifQ==/minuto-a-minuto-puebla-fc-vs-tijuana-jornada-17-estadio-cuauhtemoc-fox-sports--fox-premium', 'text': ''}","{'type': 'link', 'href': 'https://www.ligafemenil.mx/cancha/galeria/MTM0MTE5LzE3Lzc0LzEvMTQ=/puebla-fc-vs-tijuana', 'text': ''}","{'type': 'link', 'href': 'https://www.ligafemenil.mx/cancha/playlist/134119/puebla-fc-vs-tijuana', 'text': ''}"
2023-2024,Apertura,"{'type': 'text', 'value': 'Domingo 5 de Noviembre de 2023\nTemporada 2023-2024\nTorneo Apertura\nJornada 17\n5 Noviembre 2023 - 17:00 hrs.'}","{'type': 'link', 'href': 'https://www.ligafemenil.mx/cancha/club/11778/club-atletico-de-san-luis', 'text': ''}","{'type': 'link', 'href': 'https://www.ligafemenil.mx/cancha/informeArbitral/134120/eyJpZERpdmlzaW9uIjoiMTQiLCJpZFRlbXBvcmFkYSI6Ijc0IiwiaWRUb3JuZW8iOiIxIiwiaWRDbHVibG9jYWwiOjExNzc4LCJpZENsdWJ2aXNpdGEiOjExMTg3fQ==/informe-arbitral-club-atletico-de-san-luis-vs-toluca-jornada-17-estadio-alfonso-lastras-ramirez-espn', 'text': '0 - 1'}","{'type': 'link', 'href': 'https://www.ligafemenil.mx/cancha/club/11187/toluca', 'text': ''}","{'type': 'link', 'href': 'https://www.ligafemenil.mx/cancha/estadio/14/estadio-alfonso-lastras-ramirez', 'text': 'Alfonso Lastras Ramírez'}","{'type': 'link', 'href': 'https://www.ligafemenil.mx/cancha/mxm/134120/eyJpZERpdmlzaW9uIjoiMTQiLCJpZFRlbXBvcmFkYSI6Ijc0IiwiaWRUb3JuZW8iOiIxIiwiaWRDbHVibG9jYWwiOiIxMTc3OCIsImlkQ2x1YnZpc2l0YSI6IjExMTg3IiwiaWRQYXJ0aWRvIjoiMTM0MTIwIiwicGVzdGFuYSI6IjEifQ==/minuto-a-minuto-club-atletico-de-san-luis-vs-toluca-jornada-17-estadio-alfonso-lastras-ramirez-espn', 'text': ''}","{'type': 'link', 'href': 'https://www.ligafemenil.mx/cancha/mxm/134120/eyJpZERpdmlzaW9uIjoiMTQiLCJpZFRlbXBvcmFkYSI6Ijc0IiwiaWRUb3JuZW8iOiIxIiwiaWRDbHVibG9jYWwiOiIxMTc3OCIsImlkQ2x1YnZpc2l0YSI6IjExMTg3IiwiaWRQYXJ0aWRvIjoiMTM0MTIwIiwicGVzdGFuYSI6IjMifQ==/minuto-a-minuto-club-atletico-de-san-luis-vs-toluca-jornada-17-estadio-alfonso-lastras-ramirez-espn', 'text': ''}","{'type': 'link', 'href': 'https://www.ligafemenil.mx/cancha/informeArbitral/134120/eyJpZERpdmlzaW9uIjoiMTQiLCJpZFRlbXBvcmFkYSI6Ijc0IiwiaWRUb3JuZW8iOiIxIiwiaWRDbHVibG9jYWwiOiIxMTc3OCIsImlkQ2x1YnZpc2l0YSI6IjExMTg3In0=/informe-arbitral-club-atletico-de-san-luis-vs-toluca-jornada-17-estadio-alfonso-lastras-ramirez-espn', 'text': ''}","{'type': 'link', 'href': 'https://www.ligafemenil.mx/cancha/mxm/134120/eyJpZERpdmlzaW9uIjoiMTQiLCJpZFRlbXBvcmFkYSI6Ijc0IiwiaWRUb3JuZW8iOiIxIiwiaWRDbHVibG9jYWwiOiIxMTc3OCIsImlkQ2x1YnZpc2l0YSI6IjExMTg3IiwiaWRQYXJ0aWRvIjoiMTM0MTIwIiwicGVzdGFuYSI6IjQifQ==/minuto-a-minuto-club-atletico-de-san-luis-vs-toluca-jornada-17-estadio-alfonso-lastras-ramirez-espn', 'text': ''}","{'type': 'link', 'href': 'https://www.ligafemenil.mx/cancha/galeria/MTM0MTIwLzE3Lzc0LzEvMTQ=/club-atletico-de-san-luis-vs-toluca', 'text': ''}","{'type': 'link', 'href': 'https://www.ligafemenil.mx/cancha/playlist/134120/club-atletico-de-san-luis-vs-toluca', 'text': ''}"
2023-2024,Apertura,"{'type': 'text', 'value': 'Lunes 6 de Noviembre de 2023\nTemporada 2023-2024\nTorneo Apertura\nJornada 17\n6 Noviembre 2023 - 17:06 hrs.'}","{'type': 'link', 'href': 'https://www.ligafemenil.mx/cancha/club/12042/gallos-blancos-de-queretaro', 'text': ''}","{'type': 'link', 'href': 'https://www.ligafemenil.mx/cancha/informeArbitral/134121/eyJpZERpdmlzaW9uIjoiMTQiLCJpZFRlbXBvcmFkYSI6Ijc0IiwiaWRUb3JuZW8iOiIxIiwiaWRDbHVibG9jYWwiOjEyMDQyLCJpZENsdWJ2aXNpdGEiOjEyMDUxfQ==/informe-arbitral-gallos-blancos-de-queretaro-vs-mazatlan-fc-jornada-17-estadio-la-corregidora-fox-sports--fox-premium', 'text': '0 - 0'}","{'type': 'link', 'href': 'https://www.ligafemenil.mx/cancha/club/12051/mazatlan-fc', 'text': ''}","{'type': 'link', 'href': 'https://www.ligafemenil.mx/cancha/estadio/25/estadio-la-corregidora', 'text': 'La Corregidora'}","{'type': 'link', 'href': 'https://www.ligafemenil.mx/cancha/mxm/134121/eyJpZERpdmlzaW9uIjoiMTQiLCJpZFRlbXBvcmFkYSI6Ijc0IiwiaWRUb3JuZW8iOiIxIiwiaWRDbHVibG9jYWwiOiIxMjA0MiIsImlkQ2x1YnZpc2l0YSI6IjEyMDUxIiwiaWRQYXJ0aWRvIjoiMTM0MTIxIiwicGVzdGFuYSI6IjEifQ==/minuto-a-minuto-gallos-blancos-de-queretaro-vs-mazatlan-fc-jornada-17-estadio-la-corregidora-fox-sports--fox-premium', 'text': ''}","{'type': 'link', 'href': 'https://www.ligafemenil.mx/cancha/mxm/134121/eyJpZERpdmlzaW9uIjoiMTQiLCJpZFRlbXBvcmFkYSI6Ijc0IiwiaWRUb3JuZW8iOiIxIiwiaWRDbHVibG9jYWwiOiIxMjA0MiIsImlkQ2x1YnZpc2l0YSI6IjEyMDUxIiwiaWRQYXJ0aWRvIjoiMTM0MTIxIiwicGVzdGFuYSI6IjMifQ==/minuto-a-minuto-gallos-blancos-de-queretaro-vs-mazatlan-fc-jornada-17-estadio-la-corregidora-fox-sports--fox-premium', 'text': ''}","{'type': 'link', 'href': 'https://www.ligafemenil.mx/cancha/informeArbitral/134121/eyJpZERpdmlzaW9uIjoiMTQiLCJpZFRlbXBvcmFkYSI6Ijc0IiwiaWRUb3JuZW8iOiIxIiwiaWRDbHVibG9jYWwiOiIxMjA0MiIsImlkQ2x1YnZpc2l0YSI6IjEyMDUxIn0=/informe-arbitral-gallos-blancos-de-queretaro-vs-mazatlan-fc-jornada-17-estadio-la-corregidora-fox-sports--fox-premium', 'text': ''}","{'type': 'link', 'href': 'https://www.ligafemenil.mx/cancha/mxm/134121/eyJpZERpdmlzaW9uIjoiMTQiLCJpZFRlbXBvcmFkYSI6Ijc0IiwiaWRUb3JuZW8iOiIxIiwiaWRDbHVibG9jYWwiOiIxMjA0MiIsImlkQ2x1YnZpc2l0YSI6IjEyMDUxIiwiaWRQYXJ0aWRvIjoiMTM0MTIxIiwicGVzdGFuYSI6IjQifQ==/minuto-a-minuto-gallos-blancos-de-queretaro-vs-mazatlan-fc-jornada-17-estadio-la-corregidora-fox-sports--fox-premium', 'text': ''}","{'type': 'link', 'href': 'https://www.ligafemenil.mx/cancha/galeria/MTM0MTIxLzE3Lzc0LzEvMTQ=/gallos-blancos-de-queretaro-vs-mazatlan-fc', 'text': ''}","{'type': 'link', 'href': 'https://www.ligafemenil.mx/cancha/playlist/134121/gallos-blancos-de-queretaro-vs-mazatlan-fc', 'text': ''}"
2023-2024,Apertura,"{'type': 'text', 'value': 'Jueves 9 de Noviembre de 2023\nTemporada 2023-2024\nTorneo Apertura\nCuartos Ida\n9 Noviembre 2023 - 17:00 hrs.'}","{'type': 'link', 'href': 'https://www.ligafemenil.mx/cancha/club/11187/toluca', 'text': ''}","{'type': 'link', 'href': 'https://www.ligafemenil.mx/cancha/informeArbitral/136561/eyJpZERpdmlzaW9uIjoiMTQiLCJpZFRlbXBvcmFkYSI6Ijc0IiwiaWRUb3JuZW8iOiIxIiwiaWRDbHVibG9jYWwiOjExMTg3LCJpZENsdWJ2aXNpdGEiOjExMTgyfQ==/informe-arbitral-toluca-vs-guadalajara-cuartos-ida-estadio-nemesio-diez-tudn', 'text': '0 - 3'}","{'type': 'link', 'href': 'https://www.ligafemenil.mx/cancha/club/11182/guadalajara', 'text': ''}","{'type': 'link', 'href': 'https://www.ligafemenil.mx/cancha/estadio/6/estadio-nemesio-diez', 'text': 'Nemesio Diez'}","{'type': 'link', 'href': 'https://www.ligafemenil.mx/cancha/mxm/136561/eyJpZERpdmlzaW9uIjoiMTQiLCJpZFRlbXBvcmFkYSI6Ijc0IiwiaWRUb3JuZW8iOiIxIiwiaWRDbHVibG9jYWwiOiIxMTE4NyIsImlkQ2x1YnZpc2l0YSI6IjExMTgyIiwiaWRQYXJ0aWRvIjoiMTM2NTYxIiwicGVzdGFuYSI6IjEifQ==/minuto-a-minuto-toluca-vs-guadalajara-cuartos-ida-estadio-nemesio-diez-tudn', 'text': ''}","{'type': 'link', 'href': 'https://www.ligafemenil.mx/cancha/mxm/136561/eyJpZERpdmlzaW9uIjoiMTQiLCJpZFRlbXBvcmFkYSI6Ijc0IiwiaWRUb3JuZW8iOiIxIiwiaWRDbHVibG9jYWwiOiIxMTE4NyIsImlkQ2x1YnZpc2l0YSI6IjExMTgyIiwiaWRQYXJ0aWRvIjoiMTM2NTYxIiwicGVzdGFuYSI6IjMifQ==/minuto-a-minuto-toluca-vs-guadalajara-cuartos-ida-estadio-nemesio-diez-tudn', 'text': ''}","{'type': 'link', 'href': 'https://www.ligafemenil.mx/cancha/informeArbitral/136561/eyJpZERpdmlzaW9uIjoiMTQiLCJpZFRlbXBvcmFkYSI6Ijc0IiwiaWRUb3JuZW8iOiIxIiwiaWRDbHVibG9jYWwiOiIxMTE4NyIsImlkQ2x1YnZpc2l0YSI6IjExMTgyIn0=/informe-arbitral-toluca-vs-guadalajara-cuartos-ida-estadio-nemesio-diez-tudn', 'text': ''}","{'type': 'link', 'href': 'https://www.ligafemenil.mx/cancha/mxm/136561/eyJpZERpdmlzaW9uIjoiMTQiLCJpZFRlbXBvcmFkYSI6Ijc0IiwiaWRUb3JuZW8iOiIxIiwiaWRDbHVibG9jYWwiOiIxMTE4NyIsImlkQ2x1YnZpc2l0YSI6IjExMTgyIiwiaWRQYXJ0aWRvIjoiMTM2NTYxIiwicGVzdGFuYSI6IjQifQ==/minuto-a-minuto-toluca-vs-guadalajara-cuartos-ida-estadio-nemesio-diez-tudn', 'text': ''}","{'type': 'link', 'href': 'https://www.ligafemenil.mx/cancha/galeria/MTM2NTYxLzE4Lzc0LzEvMTQ=/toluca-vs-guadalajara', 'text': ''}","{'type': 'link', 'href': 'https://www.ligafemenil.mx/cancha/playlist/136561/toluca-vs-guadalajara', 'text': ''}"
2023-2024,Apertura,"{'type': 'text', 'value': 'Jueves 9 de Noviembre de 2023\nTemporada 2023-2024\nTorneo Apertura\nCuartos Ida\n9 Noviembre 2023 - 21:06 hrs.'}","{'type': 'link', 'href': 'https://www.ligafemenil.mx/cancha/club/11184/pachuca', 'text': ''}","{'type': 'link', 'href': 'https://www.ligafemenil.mx/cancha/informeArbitral/136560/eyJpZERpdmlzaW9uIjoiMTQiLCJpZFRlbXBvcmFkYSI6Ijc0IiwiaWRUb3JuZW8iOiIxIiwiaWRDbHVibG9jYWwiOjExMTg0LCJpZENsdWJ2aXNpdGEiOjExMTkxfQ==/informe-arbitral-pachuca-vs-america-cuartos-ida-estadio-hidalgo-fox-sports', 'text': '0 - 6'}","{'type': 'link', 'href': 'https://www.ligafemenil.mx/cancha/club/11191/america', 'text': ''}","{'type': 'link', 'href': 'https://www.ligafemenil.mx/cancha/estadio/11/estadio-hidalgo', 'text': 'Hidalgo'}","{'type': 'link', 'href': 'https://www.ligafemenil.mx/cancha/mxm/136560/eyJpZERpdmlzaW9uIjoiMTQiLCJpZFRlbXBvcmFkYSI6Ijc0IiwiaWRUb3JuZW8iOiIxIiwiaWRDbHVibG9jYWwiOiIxMTE4NCIsImlkQ2x1YnZpc2l0YSI6IjExMTkxIiwiaWRQYXJ0aWRvIjoiMTM2NTYwIiwicGVzdGFuYSI6IjEifQ==/minuto-a-minuto-pachuca-vs-america-cuartos-ida-estadio-hidalgo-fox-sports', 'text': ''}","{'type': 'link', 'href': 'https://www.ligafemenil.mx/cancha/mxm/136560/eyJpZERpdmlzaW9uIjoiMTQiLCJpZFRlbXBvcmFkYSI6Ijc0IiwiaWRUb3JuZW8iOiIxIiwiaWRDbHVibG9jYWwiOiIxMTE4NCIsImlkQ2x1YnZpc2l0YSI6IjExMTkxIiwiaWRQYXJ0aWRvIjoiMTM2NTYwIiwicGVzdGFuYSI6IjMifQ==/minuto-a-minuto-pachuca-vs-america-cuartos-ida-estadio-hidalgo-fox-sports', 'text': ''}","{'type': 'link', 'href': 'https://www.ligafemenil.mx/cancha/informeArbitral/136560/eyJpZERpdmlzaW9uIjoiMTQiLCJpZFRlbXBvcmFkYSI6Ijc0IiwiaWRUb3JuZW8iOiIxIiwiaWRDbHVibG9jYWwiOiIxMTE4NCIsImlkQ2x1YnZpc2l0YSI6IjExMTkxIn0=/informe-arbitral-pachuca-vs-america-cuartos-ida-estadio-hidalgo-fox-sports', 'text': ''}","{'type': 'link', 'href': 'https://www.ligafemenil.mx/cancha/mxm/136560/eyJpZERpdmlzaW9uIjoiMTQiLCJpZFRlbXBvcmFkYSI6Ijc0IiwiaWRUb3JuZW8iOiIxIiwiaWRDbHVibG9jYWwiOiIxMTE4NCIsImlkQ2x1YnZpc2l0YSI6IjExMTkxIiwiaWRQYXJ0aWRvIjoiMTM2NTYwIiwicGVzdGFuYSI6IjQifQ==/minuto-a-minuto-pachuca-vs-america-cuartos-ida-estadio-hidalgo-fox-sports', 'text': ''}","{'type': 'link', 'href': 'https://www.ligafemenil.mx/cancha/galeria/MTM2NTYwLzE4Lzc0LzEvMTQ=/pachuca-vs-america', 'text': ''}","{'type': 'link', 'href': 'https://www.ligafemenil.mx/cancha/playlist/136560/pachuca-vs-america', 'text': ''}"
2023-2024,Apertura,"{'type': 'text', 'value': 'Viernes 10 de Noviembre de 2023\nTemporada 2023-2024\nTorneo Apertura\nCuartos Ida\n10 Noviembre 2023 - 16:06 hrs.'}","{'type': 'link', 'href': 'https://www.ligafemenil.mx/cancha/club/11180/tijuana', 'text': ''}","{'type': 'link', 'href': 'https://www.ligafemenil.mx/cancha/informeArbitral/136562/eyJpZERpdmlzaW9uIjoiMTQiLCJpZFRlbXBvcmFkYSI6Ijc0IiwiaWRUb3JuZW8iOiIxIiwiaWRDbHVibG9jYWwiOjExMTgwLCJpZENsdWJ2aXNpdGEiOjExMTg1fQ==/informe-arbitral-tijuana-vs-rayados-de-monterrey-cuartos-ida-estadio-caliente-fox-sports', 'text': '1 - 2'}","{'type': 'link', 'href': 'https://www.ligafemenil.mx/cancha/club/11185/rayados-de-monterrey', 'text': ''}","{'type': 'link', 'href': 'https://www.ligafemenil.mx/cancha/estadio/48/estadio-caliente', 'text': 'Caliente'}","{'type': 'link', 'href': 'https://www.ligafemenil.mx/cancha/mxm/136562/eyJpZERpdmlzaW9uIjoiMTQiLCJpZFRlbXBvcmFkYSI6Ijc0IiwiaWRUb3JuZW8iOiIxIiwiaWRDbHVibG9jYWwiOiIxMTE4MCIsImlkQ2x1YnZpc2l0YSI6IjExMTg1IiwiaWRQYXJ0aWRvIjoiMTM2NTYyIiwicGVzdGFuYSI6IjEifQ==/minuto-a-minuto-tijuana-vs-rayados-de-monterrey-cuartos-ida-estadio-caliente-fox-sports', 'text': ''}","{'type': 'link', 'href': 'https://www.ligafemenil.mx/cancha/mxm/136562/eyJpZERpdmlzaW9uIjoiMTQiLCJpZFRlbXBvcmFkYSI6Ijc0IiwiaWRUb3JuZW8iOiIxIiwiaWRDbHVibG9jYWwiOiIxMTE4MCIsImlkQ2x1YnZpc2l0YSI6IjExMTg1IiwiaWRQYXJ0aWRvIjoiMTM2NTYyIiwicGVzdGFuYSI6IjMifQ==/minuto-a-minuto-tijuana-vs-rayados-de-monterrey-cuartos-ida-estadio-caliente-fox-sports', 'text': ''}","{'type': 'link', 'href': 'https://www.ligafemenil.mx/cancha/informeArbitral/136562/eyJpZERpdmlzaW9uIjoiMTQiLCJpZFRlbXBvcmFkYSI6Ijc0IiwiaWRUb3JuZW8iOiIxIiwiaWRDbHVibG9jYWwiOiIxMTE4MCIsImlkQ2x1YnZpc2l0YSI6IjExMTg1In0=/informe-arbitral-tijuana-vs-rayados-de-monterrey-cuartos-ida-estadio-caliente-fox-sports', 'text': ''}","{'type': 'link', 'href': 'https://www.ligafemenil.mx/cancha/mxm/136562/eyJpZERpdmlzaW9uIjoiMTQiLCJpZFRlbXBvcmFkYSI6Ijc0IiwiaWRUb3JuZW8iOiIxIiwiaWRDbHVibG9jYWwiOiIxMTE4MCIsImlkQ2x1YnZpc2l0YSI6IjExMTg1IiwiaWRQYXJ0aWRvIjoiMTM2NTYyIiwicGVzdGFuYSI6IjQifQ==/minuto-a-minuto-tijuana-vs-rayados-de-monterrey-cuartos-ida-estadio-caliente-fox-sports', 'text': ''}","{'type': 'link', 'href': 'https://www.ligafemenil.mx/cancha/galeria/MTM2NTYyLzE4Lzc0LzEvMTQ=/tijuana-vs-rayados-de-monterrey', 'text': ''}","{'type': 'link', 'href': 'https://www.ligafemenil.mx/cancha/playlist/136562/tijuana-vs-rayados-de-monterrey', 'text': ''}"
2023-2024,Apertura,"{'type': 'text', 'value': 'Viernes 10 de Noviembre de 2023\nTemporada 2023-2024\nTorneo Apertura\nCuartos Ida\n10 Noviembre 2023 - 20:00 hrs.'}","{'type': 'link', 'href': 'https://www.ligafemenil.mx/cancha/club/11188/pumas', 'text': ''}","{'type': 'link', 'href': 'https://www.ligafemenil.mx/cancha/informeArbitral/136559/eyJpZERpdmlzaW9uIjoiMTQiLCJpZFRlbXBvcmFkYSI6Ijc0IiwiaWRUb3JuZW8iOiIxIiwiaWRDbHVibG9jYWwiOjExMTg4LCJpZENsdWJ2aXNpdGEiOjExMTg2fQ==/informe-arbitral-pumas-vs-tigres-de-la-uanl-cuartos-ida-estadio-olimpico-universitario-tudn', 'text': '1 - 3'}","{'type': 'link', 'href': 'https://www.ligafemenil.mx/cancha/club/11186/tigres-de-la-uanl', 'text': ''}","{'type': 'link', 'href': 'https://www.ligafemenil.mx/cancha/estadio/7/estadio-olimpico-universitario', 'text': 'Olímpico Universitario'}","{'type': 'link', 'href': 'https://www.ligafemenil.mx/cancha/mxm/136559/eyJpZERpdmlzaW9uIjoiMTQiLCJpZFRlbXBvcmFkYSI6Ijc0IiwiaWRUb3JuZW8iOiIxIiwiaWRDbHVibG9jYWwiOiIxMTE4OCIsImlkQ2x1YnZpc2l0YSI6IjExMTg2IiwiaWRQYXJ0aWRvIjoiMTM2NTU5IiwicGVzdGFuYSI6IjEifQ==/minuto-a-minuto-pumas-vs-tigres-de-la-uanl-cuartos-ida-estadio-olimpico-universitario-tudn', 'text': ''}","{'type': 'link', 'href': 'https://www.ligafemenil.mx/cancha/mxm/136559/eyJpZERpdmlzaW9uIjoiMTQiLCJpZFRlbXBvcmFkYSI6Ijc0IiwiaWRUb3JuZW8iOiIxIiwiaWRDbHVibG9jYWwiOiIxMTE4OCIsImlkQ2x1YnZpc2l0YSI6IjExMTg2IiwiaWRQYXJ0aWRvIjoiMTM2NTU5IiwicGVzdGFuYSI6IjMifQ==/minuto-a-minuto-pumas-vs-tigres-de-la-uanl-cuartos-ida-estadio-olimpico-universitario-tudn', 'text': ''}","{'type': 'link', 'href': 'https://www.ligafemenil.mx/cancha/informeArbitral/136559/eyJpZERpdmlzaW9uIjoiMTQiLCJpZFRlbXBvcmFkYSI6Ijc0IiwiaWRUb3JuZW8iOiIxIiwiaWRDbHVibG9jYWwiOiIxMTE4OCIsImlkQ2x1YnZpc2l0YSI6IjExMTg2In0=/informe-arbitral-pumas-vs-tigres-de-la-uanl-cuartos-ida-estadio-olimpico-universitario-tudn', 'text': ''}","{'type': 'link', 'href': 'https://www.ligafemenil.mx/cancha/mxm/136559/eyJpZERpdmlzaW9uIjoiMTQiLCJpZFRlbXBvcmFkYSI6Ijc0IiwiaWRUb3JuZW8iOiIxIiwiaWRDbHVibG9jYWwiOiIxMTE4OCIsImlkQ2x1YnZpc2l0YSI6IjExMTg2IiwiaWRQYXJ0aWRvIjoiMTM2NTU5IiwicGVzdGFuYSI6IjQifQ==/minuto-a-minuto-pumas-vs-tigres-de-la-uanl-cuartos-ida-estadio-olimpico-universitario-tudn', 'text': ''}","{'type': 'link', 'href': 'https://www.ligafemenil.mx/cancha/galeria/MTM2NTU5LzE4Lzc0LzEvMTQ=/pumas-vs-tigres-de-la-uanl', 'text': ''}","{'type': 'link', 'href': 'https://www.ligafemenil.mx/cancha/playlist/136559/pumas-vs-tigres-de-la-uanl', 'text': ''}"
2023-2024,Apertura,"{'type': 'text', 'value': 'Domingo 12 de Noviembre de 2023\nTemporada 2023-2024\nTorneo Apertura\nCuartos Vuelta\n12 Noviembre 2023 - 12:00 hrs.'}","{'type': 'link', 'href': 'https://www.ligafemenil.mx/cancha/club/11191/america', 'text': ''}","{'type': 'link', 'href': 'https://www.ligafemenil.mx/cancha/informeArbitral/136564/eyJpZERpdmlzaW9uIjoiMTQiLCJpZFRlbXBvcmFkYSI6Ijc0IiwiaWRUb3JuZW8iOiIxIiwiaWRDbHVibG9jYWwiOjExMTkxLCJpZENsdWJ2aXNpdGEiOjExMTg0fQ==/informe-arbitral-america-vs-pachuca-cuartos-vuelta-estadio-azteca-tudn', 'text': '3 - 2'}","{'type': 'link', 'href': 'https://www.ligafemenil.mx/cancha/club/11184/pachuca', 'text': ''}","{'type': 'link', 'href': 'https://www.ligafemenil.mx/cancha/estadio/1/estadio-azteca', 'text': 'Azteca'}","{'type': 'link', 'href': 'https://www.ligafemenil.mx/cancha/mxm/136564/eyJpZERpdmlzaW9uIjoiMTQiLCJpZFRlbXBvcmFkYSI6Ijc0IiwiaWRUb3JuZW8iOiIxIiwiaWRDbHVibG9jYWwiOiIxMTE5MSIsImlkQ2x1YnZpc2l0YSI6IjExMTg0IiwiaWRQYXJ0aWRvIjoiMTM2NTY0IiwicGVzdGFuYSI6IjEifQ==/minuto-a-minuto-america-vs-pachuca-cuartos-vuelta-estadio-azteca-tudn', 'text': ''}","{'type': 'link', 'href': 'https://www.ligafemenil.mx/cancha/mxm/136564/eyJpZERpdmlzaW9uIjoiMTQiLCJpZFRlbXBvcmFkYSI6Ijc0IiwiaWRUb3JuZW8iOiIxIiwiaWRDbHVibG9jYWwiOiIxMTE5MSIsImlkQ2x1YnZpc2l0YSI6IjExMTg0IiwiaWRQYXJ0aWRvIjoiMTM2NTY0IiwicGVzdGFuYSI6IjMifQ==/minuto-a-minuto-america-vs-pachuca-cuartos-vuelta-estadio-azteca-tudn', 'text': ''}","{'type': 'link', 'href': 'https://www.ligafemenil.mx/cancha/informeArbitral/136564/eyJpZERpdmlzaW9uIjoiMTQiLCJpZFRlbXBvcmFkYSI6Ijc0IiwiaWRUb3JuZW8iOiIxIiwiaWRDbHVibG9jYWwiOiIxMTE5MSIsImlkQ2x1YnZpc2l0YSI6IjExMTg0In0=/informe-arbitral-america-vs-pachuca-cuartos-vuelta-estadio-azteca-tudn', 'text': ''}","{'type': 'link', 'href': 'https://www.ligafemenil.mx/cancha/mxm/136564/eyJpZERpdmlzaW9uIjoiMTQiLCJpZFRlbXBvcmFkYSI6Ijc0IiwiaWRUb3JuZW8iOiIxIiwiaWRDbHVibG9jYWwiOiIxMTE5MSIsImlkQ2x1YnZpc2l0YSI6IjExMTg0IiwiaWRQYXJ0aWRvIjoiMTM2NTY0IiwicGVzdGFuYSI6IjQifQ==/minuto-a-minuto-america-vs-pachuca-cuartos-vuelta-estadio-azteca-tudn', 'text': ''}","{'type': 'link', 'href': 'https://www.ligafemenil.mx/cancha/galeria/MTM2NTY0LzE5Lzc0LzEvMTQ=/america-vs-pachuca', 'text': ''}","{'type': 'link', 'href': 'https://www.ligafemenil.mx/cancha/playlist/136564/america-vs-pachuca', 'text': ''}"
2023-2024,Apertura,"{'type': 'text', 'value': 'Domingo 12 de Noviembre de 2023\nTemporada 2023-2024\nTorneo Apertura\nCuartos Vuelta\n12 Noviembre 2023 - 21:06 hrs.'}","{'type': 'link', 'href': 'https://www.ligafemenil.mx/cancha/club/11182/guadalajara', 'text': ''}","{'type': 'link', 'href': 'https://www.ligafemenil.mx/cancha/informeArbitral/136565/eyJpZERpdmlzaW9uIjoiMTQiLCJpZFRlbXBvcmFkYSI6Ijc0IiwiaWRUb3JuZW8iOiIxIiwiaWRDbHVibG9jYWwiOjExMTgyLCJpZENsdWJ2aXNpdGEiOjExMTg3fQ==/informe-arbitral-guadalajara-vs-toluca-cuartos-vuelta-estadio-akron-fox-sports', 'text': '2 - 1'}","{'type': 'link', 'href': 'https://www.ligafemenil.mx/cancha/club/11187/toluca', 'text': ''}","{'type': 'link', 'href': 'https://www.ligafemenil.mx/cancha/estadio/1538/estadio-akron', 'text': 'Estadio AKRON'}","{'type': 'link', 'href': 'https://www.ligafemenil.mx/cancha/mxm/136565/eyJpZERpdmlzaW9uIjoiMTQiLCJpZFRlbXBvcmFkYSI6Ijc0IiwiaWRUb3JuZW8iOiIxIiwiaWRDbHVibG9jYWwiOiIxMTE4MiIsImlkQ2x1YnZpc2l0YSI6IjExMTg3IiwiaWRQYXJ0aWRvIjoiMTM2NTY1IiwicGVzdGFuYSI6IjEifQ==/minuto-a-minuto-guadalajara-vs-toluca-cuartos-vuelta-estadio-akron-fox-sports', 'text': ''}","{'type': 'link', 'href': 'https://www.ligafemenil.mx/cancha/mxm/136565/eyJpZERpdmlzaW9uIjoiMTQiLCJpZFRlbXBvcmFkYSI6Ijc0IiwiaWRUb3JuZW8iOiIxIiwiaWRDbHVibG9jYWwiOiIxMTE4MiIsImlkQ2x1YnZpc2l0YSI6IjExMTg3IiwiaWRQYXJ0aWRvIjoiMTM2NTY1IiwicGVzdGFuYSI6IjMifQ==/minuto-a-minuto-guadalajara-vs-toluca-cuartos-vuelta-estadio-akron-fox-sports', 'text': ''}","{'type': 'link', 'href': 'https://www.ligafemenil.mx/cancha/informeArbitral/136565/eyJpZERpdmlzaW9uIjoiMTQiLCJpZFRlbXBvcmFkYSI6Ijc0IiwiaWRUb3JuZW8iOiIxIiwiaWRDbHVibG9jYWwiOiIxMTE4MiIsImlkQ2x1YnZpc2l0YSI6IjExMTg3In0=/informe-arbitral-guadalajara-vs-toluca-cuartos-vuelta-estadio-akron-fox-sports', 'text': ''}","{'type': 'link', 'href': 'https://www.ligafemenil.mx/cancha/mxm/136565/eyJpZERpdmlzaW9uIjoiMTQiLCJpZFRlbXBvcmFkYSI6Ijc0IiwiaWRUb3JuZW8iOiIxIiwiaWRDbHVibG9jYWwiOiIxMTE4MiIsImlkQ2x1YnZpc2l0YSI6IjExMTg3IiwiaWRQYXJ0aWRvIjoiMTM2NTY1IiwicGVzdGFuYSI6IjQifQ==/minuto-a-minuto-guadalajara-vs-toluca-cuartos-vuelta-estadio-akron-fox-sports', 'text': ''}","{'type': 'link', 'href': 'https://www.ligafemenil.mx/cancha/galeria/MTM2NTY1LzE5Lzc0LzEvMTQ=/guadalajara-vs-toluca', 'text': ''}","{'type': 'link', 'href': 'https://www.ligafemenil.mx/cancha/playlist/136565/guadalajara-vs-toluca', 'text': ''}"
2023-2024,Apertura,"{'type': 'text', 'value': 'Lunes 13 de Noviembre de 2023\nTemporada 2023-2024\nTorneo Apertura\nCuartos Vuelta\n13 Noviembre 2023 - 19:00 hrs.'}","{'type': 'link', 'href': 'https://www.ligafemenil.mx/cancha/club/11186/tigres-de-la-uanl', 'text': ''}","{'type': 'link', 'href': 'https://www.ligafemenil.mx/cancha/informeArbitral/136563/eyJpZERpdmlzaW9uIjoiMTQiLCJpZFRlbXBvcmFkYSI6Ijc0IiwiaWRUb3JuZW8iOiIxIiwiaWRDbHVibG9jYWwiOjExMTg2LCJpZENsdWJ2aXNpdGEiOjExMTg4fQ==/informe-arbitral-tigres-de-la-uanl-vs-pumas-cuartos-vuelta-estadio-universitario-tudn', 'text': '2 - 1'}","{'type': 'link', 'href': 'https://www.ligafemenil.mx/cancha/club/11188/pumas', 'text': ''}","{'type': 'link', 'href': 'https://www.ligafemenil.mx/cancha/estadio/12/estadio-universitario', 'text': 'Universitario'}","{'type': 'link', 'href': 'https://www.ligafemenil.mx/cancha/mxm/136563/eyJpZERpdmlzaW9uIjoiMTQiLCJpZFRlbXBvcmFkYSI6Ijc0IiwiaWRUb3JuZW8iOiIxIiwiaWRDbHVibG9jYWwiOiIxMTE4NiIsImlkQ2x1YnZpc2l0YSI6IjExMTg4IiwiaWRQYXJ0aWRvIjoiMTM2NTYzIiwicGVzdGFuYSI6IjEifQ==/minuto-a-minuto-tigres-de-la-uanl-vs-pumas-cuartos-vuelta-estadio-universitario-tudn', 'text': ''}","{'type': 'link', 'href': 'https://www.ligafemenil.mx/cancha/mxm/136563/eyJpZERpdmlzaW9uIjoiMTQiLCJpZFRlbXBvcmFkYSI6Ijc0IiwiaWRUb3JuZW8iOiIxIiwiaWRDbHVibG9jYWwiOiIxMTE4NiIsImlkQ2x1YnZpc2l0YSI6IjExMTg4IiwiaWRQYXJ0aWRvIjoiMTM2NTYzIiwicGVzdGFuYSI6IjMifQ==/minuto-a-minuto-tigres-de-la-uanl-vs-pumas-cuartos-vuelta-estadio-universitario-tudn', 'text': ''}","{'type': 'link', 'href': 'https://www.ligafemenil.mx/cancha/informeArbitral/136563/eyJpZERpdmlzaW9uIjoiMTQiLCJpZFRlbXBvcmFkYSI6Ijc0IiwiaWRUb3JuZW8iOiIxIiwiaWRDbHVibG9jYWwiOiIxMTE4NiIsImlkQ2x1YnZpc2l0YSI6IjExMTg4In0=/informe-arbitral-tigres-de-la-uanl-vs-pumas-cuartos-vuelta-estadio-universitario-tudn', 'text': ''}","{'type': 'link', 'href': 'https://www.ligafemenil.mx/cancha/mxm/136563/eyJpZERpdmlzaW9uIjoiMTQiLCJpZFRlbXBvcmFkYSI6Ijc0IiwiaWRUb3JuZW8iOiIxIiwiaWRDbHVibG9jYWwiOiIxMTE4NiIsImlkQ2x1YnZpc2l0YSI6IjExMTg4IiwiaWRQYXJ0aWRvIjoiMTM2NTYzIiwicGVzdGFuYSI6IjQifQ==/minuto-a-minuto-tigres-de-la-uanl-vs-pumas-cuartos-vuelta-estadio-universitario-tudn', 'text': ''}","{'type': 'link', 'href': 'https://www.ligafemenil.mx/cancha/galeria/MTM2NTYzLzE5Lzc0LzEvMTQ=/tigres-de-la-uanl-vs-pumas', 'text': ''}","{'type': 'link', 'href': 'https://www.ligafemenil.mx/cancha/playlist/136563/tigres-de-la-uanl-vs-pumas', 'text': ''}"
2023-2024,Apertura,"{'type': 'text', 'value': 'Lunes 13 de Noviembre de 2023\nTemporada 2023-2024\nTorneo Apertura\nCuartos Vuelta\n13 Noviembre 2023 - 21:05 hrs.'}","{'type': 'link', 'href': 'https://www.ligafemenil.mx/cancha/club/11185/rayados-de-monterrey', 'text': ''}","{'type': 'link', 'href': 'https://www.ligafemenil.mx/cancha/informeArbitral/136566/eyJpZERpdmlzaW9uIjoiMTQiLCJpZFRlbXBvcmFkYSI6Ijc0IiwiaWRUb3JuZW8iOiIxIiwiaWRDbHVibG9jYWwiOjExMTg1LCJpZENsdWJ2aXNpdGEiOjExMTgwfQ==/informe-arbitral-rayados-de-monterrey-vs-tijuana-cuartos-vuelta-estadio-bbva-fox-sports', 'text': '6 - 3'}","{'type': 'link', 'href': 'https://www.ligafemenil.mx/cancha/club/11180/tijuana', 'text': ''}","{'type': 'link', 'href': 'https://www.ligafemenil.mx/cancha/estadio/1608/estadio-bbva', 'text': 'Estadio BBVA'}","{'type': 'link', 'href': 'https://www.ligafemenil.mx/cancha/mxm/136566/eyJpZERpdmlzaW9uIjoiMTQiLCJpZFRlbXBvcmFkYSI6Ijc0IiwiaWRUb3JuZW8iOiIxIiwiaWRDbHVibG9jYWwiOiIxMTE4NSIsImlkQ2x1YnZpc2l0YSI6IjExMTgwIiwiaWRQYXJ0aWRvIjoiMTM2NTY2IiwicGVzdGFuYSI6IjEifQ==/minuto-a-minuto-rayados-de-monterrey-vs-tijuana-cuartos-vuelta-estadio-bbva-fox-sports', 'text': ''}","{'type': 'link', 'href': 'https://www.ligafemenil.mx/cancha/mxm/136566/eyJpZERpdmlzaW9uIjoiMTQiLCJpZFRlbXBvcmFkYSI6Ijc0IiwiaWRUb3JuZW8iOiIxIiwiaWRDbHVibG9jYWwiOiIxMTE4NSIsImlkQ2x1YnZpc2l0YSI6IjExMTgwIiwiaWRQYXJ0aWRvIjoiMTM2NTY2IiwicGVzdGFuYSI6IjMifQ==/minuto-a-minuto-rayados-de-monterrey-vs-tijuana-cuartos-vuelta-estadio-bbva-fox-sports', 'text': ''}","{'type': 'link', 'href': 'https://www.ligafemenil.mx/cancha/informeArbitral/136566/eyJpZERpdmlzaW9uIjoiMTQiLCJpZFRlbXBvcmFkYSI6Ijc0IiwiaWRUb3JuZW8iOiIxIiwiaWRDbHVibG9jYWwiOiIxMTE4NSIsImlkQ2x1YnZpc2l0YSI6IjExMTgwIn0=/informe-arbitral-rayados-de-monterrey-vs-tijuana-cuartos-vuelta-estadio-bbva-fox-sports', 'text': ''}","{'type': 'link', 'href': 'https://www.ligafemenil.mx/cancha/mxm/136566/eyJpZERpdmlzaW9uIjoiMTQiLCJpZFRlbXBvcmFkYSI6Ijc0IiwiaWRUb3JuZW8iOiIxIiwiaWRDbHVibG9jYWwiOiIxMTE4NSIsImlkQ2x1YnZpc2l0YSI6IjExMTgwIiwiaWRQYXJ0aWRvIjoiMTM2NTY2IiwicGVzdGFuYSI6IjQifQ==/minuto-a-minuto-rayados-de-monterrey-vs-tijuana-cuartos-vuelta-estadio-bbva-fox-sports', 'text': ''}","{'type': 'link', 'href': 'https://www.ligafemenil.mx/cancha/galeria/MTM2NTY2LzE5Lzc0LzEvMTQ=/rayados-de-monterrey-vs-tijuana', 'text': ''}","{'type': 'link', 'href': 'https://www.ligafemenil.mx/cancha/playlist/136566/rayados-de-monterrey-vs-tijuana', 'text': ''}"
2023-2024,Apertura,"{'type': 'text', 'value': 'Jueves 16 de Noviembre de 2023\nTemporada 2023-2024\nTorneo Apertura\nSemifinal Ida\n16 Noviembre 2023 - 21:06 hrs.'}","{'type': 'link', 'href': 'https://www.ligafemenil.mx/cancha/club/11182/guadalajara', 'text': ''}","{'type': 'link', 'href': 'https://www.ligafemenil.mx/cancha/informeArbitral/136595/eyJpZERpdmlzaW9uIjoiMTQiLCJpZFRlbXBvcmFkYSI6Ijc0IiwiaWRUb3JuZW8iOiIxIiwiaWRDbHVibG9jYWwiOjExMTgyLCJpZENsdWJ2aXNpdGEiOjExMTkxfQ==/informe-arbitral-guadalajara-vs-america-semifinal-ida-estadio-akron-fox-sports', 'text': '2 - 2'}","{'type': 'link', 'href': 'https://www.ligafemenil.mx/cancha/club/11191/america', 'text': ''}","{'type': 'link', 'href': 'https://www.ligafemenil.mx/cancha/estadio/1538/estadio-akron', 'text': 'Estadio AKRON'}","{'type': 'link', 'href': 'https://www.ligafemenil.mx/cancha/mxm/136595/eyJpZERpdmlzaW9uIjoiMTQiLCJpZFRlbXBvcmFkYSI6Ijc0IiwiaWRUb3JuZW8iOiIxIiwiaWRDbHVibG9jYWwiOiIxMTE4MiIsImlkQ2x1YnZpc2l0YSI6IjExMTkxIiwiaWRQYXJ0aWRvIjoiMTM2NTk1IiwicGVzdGFuYSI6IjEifQ==/minuto-a-minuto-guadalajara-vs-america-semifinal-ida-estadio-akron-fox-sports', 'text': ''}","{'type': 'link', 'href': 'https://www.ligafemenil.mx/cancha/mxm/136595/eyJpZERpdmlzaW9uIjoiMTQiLCJpZFRlbXBvcmFkYSI6Ijc0IiwiaWRUb3JuZW8iOiIxIiwiaWRDbHVibG9jYWwiOiIxMTE4MiIsImlkQ2x1YnZpc2l0YSI6IjExMTkxIiwiaWRQYXJ0aWRvIjoiMTM2NTk1IiwicGVzdGFuYSI6IjMifQ==/minuto-a-minuto-guadalajara-vs-america-semifinal-ida-estadio-akron-fox-sports', 'text': ''}","{'type': 'link', 'href': 'https://www.ligafemenil.mx/cancha/informeArbitral/136595/eyJpZERpdmlzaW9uIjoiMTQiLCJpZFRlbXBvcmFkYSI6Ijc0IiwiaWRUb3JuZW8iOiIxIiwiaWRDbHVibG9jYWwiOiIxMTE4MiIsImlkQ2x1YnZpc2l0YSI6IjExMTkxIn0=/informe-arbitral-guadalajara-vs-america-semifinal-ida-estadio-akron-fox-sports', 'text': ''}","{'type': 'link', 'href': 'https://www.ligafemenil.mx/cancha/mxm/136595/eyJpZERpdmlzaW9uIjoiMTQiLCJpZFRlbXBvcmFkYSI6Ijc0IiwiaWRUb3JuZW8iOiIxIiwiaWRDbHVibG9jYWwiOiIxMTE4MiIsImlkQ2x1YnZpc2l0YSI6IjExMTkxIiwiaWRQYXJ0aWRvIjoiMTM2NTk1IiwicGVzdGFuYSI6IjQifQ==/minuto-a-minuto-guadalajara-vs-america-semifinal-ida-estadio-akron-fox-sports', 'text': ''}","{'type': 'link', 'href': 'https://www.ligafemenil.mx/cancha/galeria/MTM2NTk1LzIwLzc0LzEvMTQ=/guadalajara-vs-america', 'text': ''}","{'type': 'link', 'href': 'https://www.ligafemenil.mx/cancha/playlist/136595/guadalajara-vs-america', 'text': ''}"
2023-2024,Apertura,"{'type': 'text', 'value': 'Viernes 17 de Noviembre de 2023\nTemporada 2023-2024\nTorneo Apertura\nSemifinal Ida\n17 Noviembre 2023 - 19:00 hrs.'}","{'type': 'link', 'href': 'https://www.ligafemenil.mx/cancha/club/11185/rayados-de-monterrey', 'text': ''}","{'type': 'link', 'href': 'https://www.ligafemenil.mx/cancha/informeArbitral/136594/eyJpZERpdmlzaW9uIjoiMTQiLCJpZFRlbXBvcmFkYSI6Ijc0IiwiaWRUb3JuZW8iOiIxIiwiaWRDbHVibG9jYWwiOjExMTg1LCJpZENsdWJ2aXNpdGEiOjExMTg2fQ==/informe-arbitral-rayados-de-monterrey-vs-tigres-de-la-uanl-semifinal-ida-estadio-bbva-tudn', 'text': '0 - 0'}","{'type': 'link', 'href': 'https://www.ligafemenil.mx/cancha/club/11186/tigres-de-la-uanl', 'text': ''}","{'type': 'link', 'href': 'https://www.ligafemenil.mx/cancha/estadio/1608/estadio-bbva', 'text': 'Estadio BBVA'}","{'type': 'link', 'href': 'https://www.ligafemenil.mx/cancha/mxm/136594/eyJpZERpdmlzaW9uIjoiMTQiLCJpZFRlbXBvcmFkYSI6Ijc0IiwiaWRUb3JuZW8iOiIxIiwiaWRDbHVibG9jYWwiOiIxMTE4NSIsImlkQ2x1YnZpc2l0YSI6IjExMTg2IiwiaWRQYXJ0aWRvIjoiMTM2NTk0IiwicGVzdGFuYSI6IjEifQ==/minuto-a-minuto-rayados-de-monterrey-vs-tigres-de-la-uanl-semifinal-ida-estadio-bbva-tudn', 'text': ''}","{'type': 'link', 'href': 'https://www.ligafemenil.mx/cancha/mxm/136594/eyJpZERpdmlzaW9uIjoiMTQiLCJpZFRlbXBvcmFkYSI6Ijc0IiwiaWRUb3JuZW8iOiIxIiwiaWRDbHVibG9jYWwiOiIxMTE4NSIsImlkQ2x1YnZpc2l0YSI6IjExMTg2IiwiaWRQYXJ0aWRvIjoiMTM2NTk0IiwicGVzdGFuYSI6IjMifQ==/minuto-a-minuto-rayados-de-monterrey-vs-tigres-de-la-uanl-semifinal-ida-estadio-bbva-tudn', 'text': ''}","{'type': 'link', 'href': 'https://www.ligafemenil.mx/cancha/informeArbitral/136594/eyJpZERpdmlzaW9uIjoiMTQiLCJpZFRlbXBvcmFkYSI6Ijc0IiwiaWRUb3JuZW8iOiIxIiwiaWRDbHVibG9jYWwiOiIxMTE4NSIsImlkQ2x1YnZpc2l0YSI6IjExMTg2In0=/informe-arbitral-rayados-de-monterrey-vs-tigres-de-la-uanl-semifinal-ida-estadio-bbva-tudn', 'text': ''}","{'type': 'link', 'href': 'https://www.ligafemenil.mx/cancha/mxm/136594/eyJpZERpdmlzaW9uIjoiMTQiLCJpZFRlbXBvcmFkYSI6Ijc0IiwiaWRUb3JuZW8iOiIxIiwiaWRDbHVibG9jYWwiOiIxMTE4NSIsImlkQ2x1YnZpc2l0YSI6IjExMTg2IiwiaWRQYXJ0aWRvIjoiMTM2NTk0IiwicGVzdGFuYSI6IjQifQ==/minuto-a-minuto-rayados-de-monterrey-vs-tigres-de-la-uanl-semifinal-ida-estadio-bbva-tudn', 'text': ''}","{'type': 'link', 'href': 'https://www.ligafemenil.mx/cancha/galeria/MTM2NTk0LzIwLzc0LzEvMTQ=/rayados-de-monterrey-vs-tigres-de-la-uanl', 'text': ''}","{'type': 'link', 'href': 'https://www.ligafemenil.mx/cancha/playlist/136594/rayados-de-monterrey-vs-tigres-de-la-uanl', 'text': ''}"
2023-2024,Apertura,"{'type': 'text', 'value': 'Domingo 19 de Noviembre de 2023\nTemporada 2023-2024\nTorneo Apertura\nSemifinal Vuelta\n19 Noviembre 2023 - 16:00 hrs.'}","{'type': 'link', 'href': 'https://www.ligafemenil.mx/cancha/club/11191/america', 'text': ''}","{'type': 'link', 'href': 'https://www.ligafemenil.mx/cancha/informeArbitral/136597/eyJpZERpdmlzaW9uIjoiMTQiLCJpZFRlbXBvcmFkYSI6Ijc0IiwiaWRUb3JuZW8iOiIxIiwiaWRDbHVibG9jYWwiOjExMTkxLCJpZENsdWJ2aXNpdGEiOjExMTgyfQ==/informe-arbitral-america-vs-guadalajara-semifinal-vuelta-estadio-azteca-tudn', 'text': '2 - 1'}","{'type': 'link', 'href': 'https://www.ligafemenil.mx/cancha/club/11182/guadalajara', 'text': ''}","{'type': 'link', 'href': 'https://www.ligafemenil.mx/cancha/estadio/1/estadio-azteca', 'text': 'Azteca'}","{'type': 'link', 'href': 'https://www.ligafemenil.mx/cancha/mxm/136597/eyJpZERpdmlzaW9uIjoiMTQiLCJpZFRlbXBvcmFkYSI6Ijc0IiwiaWRUb3JuZW8iOiIxIiwiaWRDbHVibG9jYWwiOiIxMTE5MSIsImlkQ2x1YnZpc2l0YSI6IjExMTgyIiwiaWRQYXJ0aWRvIjoiMTM2NTk3IiwicGVzdGFuYSI6IjEifQ==/minuto-a-minuto-america-vs-guadalajara-semifinal-vuelta-estadio-azteca-tudn', 'text': ''}","{'type': 'link', 'href': 'https://www.ligafemenil.mx/cancha/mxm/136597/eyJpZERpdmlzaW9uIjoiMTQiLCJpZFRlbXBvcmFkYSI6Ijc0IiwiaWRUb3JuZW8iOiIxIiwiaWRDbHVibG9jYWwiOiIxMTE5MSIsImlkQ2x1YnZpc2l0YSI6IjExMTgyIiwiaWRQYXJ0aWRvIjoiMTM2NTk3IiwicGVzdGFuYSI6IjMifQ==/minuto-a-minuto-america-vs-guadalajara-semifinal-vuelta-estadio-azteca-tudn', 'text': ''}","{'type': 'link', 'href': 'https://www.ligafemenil.mx/cancha/informeArbitral/136597/eyJpZERpdmlzaW9uIjoiMTQiLCJpZFRlbXBvcmFkYSI6Ijc0IiwiaWRUb3JuZW8iOiIxIiwiaWRDbHVibG9jYWwiOiIxMTE5MSIsImlkQ2x1YnZpc2l0YSI6IjExMTgyIn0=/informe-arbitral-america-vs-guadalajara-semifinal-vuelta-estadio-azteca-tudn', 'text': ''}","{'type': 'link', 'href': 'https://www.ligafemenil.mx/cancha/mxm/136597/eyJpZERpdmlzaW9uIjoiMTQiLCJpZFRlbXBvcmFkYSI6Ijc0IiwiaWRUb3JuZW8iOiIxIiwiaWRDbHVibG9jYWwiOiIxMTE5MSIsImlkQ2x1YnZpc2l0YSI6IjExMTgyIiwiaWRQYXJ0aWRvIjoiMTM2NTk3IiwicGVzdGFuYSI6IjQifQ==/minuto-a-minuto-america-vs-guadalajara-semifinal-vuelta-estadio-azteca-tudn', 'text': ''}","{'type': 'link', 'href': 'https://www.ligafemenil.mx/cancha/galeria/MTM2NTk3LzIxLzc0LzEvMTQ=/america-vs-guadalajara', 'text': ''}","{'type': 'link', 'href': 'https://www.ligafemenil.mx/cancha/playlist/136597/america-vs-guadalajara', 'text': ''}"
2023-2024,Apertura,"{'type': 'text', 'value': 'Lunes 20 de Noviembre de 2023\nTemporada 2023-2024\nTorneo Apertura\nSemifinal Vuelta\n20 Noviembre 2023 - 20:00 hrs.'}","{'type': 'link', 'href': 'https://www.ligafemenil.mx/cancha/club/11186/tigres-de-la-uanl', 'text': ''}","{'type': 'link', 'href': 'https://www.ligafemenil.mx/cancha/informeArbitral/136596/eyJpZERpdmlzaW9uIjoiMTQiLCJpZFRlbXBvcmFkYSI6Ijc0IiwiaWRUb3JuZW8iOiIxIiwiaWRDbHVibG9jYWwiOjExMTg2LCJpZENsdWJ2aXNpdGEiOjExMTg1fQ==/informe-arbitral-tigres-de-la-uanl-vs-rayados-de-monterrey-semifinal-vuelta-estadio-universitario-tudn', 'text': '1 - 0'}","{'type': 'link', 'href': 'https://www.ligafemenil.mx/cancha/club/11185/rayados-de-monterrey', 'text': ''}","{'type': 'link', 'href': 'https://www.ligafemenil.mx/cancha/estadio/12/estadio-universitario', 'text': 'Universitario'}","{'type': 'link', 'href': 'https://www.ligafemenil.mx/cancha/mxm/136596/eyJpZERpdmlzaW9uIjoiMTQiLCJpZFRlbXBvcmFkYSI6Ijc0IiwiaWRUb3JuZW8iOiIxIiwiaWRDbHVibG9jYWwiOiIxMTE4NiIsImlkQ2x1YnZpc2l0YSI6IjExMTg1IiwiaWRQYXJ0aWRvIjoiMTM2NTk2IiwicGVzdGFuYSI6IjEifQ==/minuto-a-minuto-tigres-de-la-uanl-vs-rayados-de-monterrey-semifinal-vuelta-estadio-universitario-tudn', 'text': ''}","{'type': 'link', 'href': 'https://www.ligafemenil.mx/cancha/mxm/136596/eyJpZERpdmlzaW9uIjoiMTQiLCJpZFRlbXBvcmFkYSI6Ijc0IiwiaWRUb3JuZW8iOiIxIiwiaWRDbHVibG9jYWwiOiIxMTE4NiIsImlkQ2x1YnZpc2l0YSI6IjExMTg1IiwiaWRQYXJ0aWRvIjoiMTM2NTk2IiwicGVzdGFuYSI6IjMifQ==/minuto-a-minuto-tigres-de-la-uanl-vs-rayados-de-monterrey-semifinal-vuelta-estadio-universitario-tudn', 'text': ''}","{'type': 'link', 'href': 'https://www.ligafemenil.mx/cancha/informeArbitral/136596/eyJpZERpdmlzaW9uIjoiMTQiLCJpZFRlbXBvcmFkYSI6Ijc0IiwiaWRUb3JuZW8iOiIxIiwiaWRDbHVibG9jYWwiOiIxMTE4NiIsImlkQ2x1YnZpc2l0YSI6IjExMTg1In0=/informe-arbitral-tigres-de-la-uanl-vs-rayados-de-monterrey-semifinal-vuelta-estadio-universitario-tudn', 'text': ''}","{'type': 'link', 'href': 'https://www.ligafemenil.mx/cancha/mxm/136596/eyJpZERpdmlzaW9uIjoiMTQiLCJpZFRlbXBvcmFkYSI6Ijc0IiwiaWRUb3JuZW8iOiIxIiwiaWRDbHVibG9jYWwiOiIxMTE4NiIsImlkQ2x1YnZpc2l0YSI6IjExMTg1IiwiaWRQYXJ0aWRvIjoiMTM2NTk2IiwicGVzdGFuYSI6IjQifQ==/minuto-a-minuto-tigres-de-la-uanl-vs-rayados-de-monterrey-semifinal-vuelta-estadio-universitario-tudn', 'text': ''}","{'type': 'link', 'href': 'https://www.ligafemenil.mx/cancha/galeria/MTM2NTk2LzIxLzc0LzEvMTQ=/tigres-de-la-uanl-vs-rayados-de-monterrey', 'text': ''}","{'type': 'link', 'href': 'https://www.ligafemenil.mx/cancha/playlist/136596/tigres-de-la-uanl-vs-rayados-de-monterrey', 'text': ''}"
2023-2024,Apertura,"{'type': 'text', 'value': 'Viernes 24 de Noviembre de 2023\nTemporada 2023-2024\nTorneo Apertura\nFinal Ida\n24 Noviembre 2023 - 20:00 hrs.'}","{'type': 'link', 'href': 'https://www.ligafemenil.mx/cancha/club/11191/america', 'text': ''}","{'type': 'link', 'href': 'https://www.ligafemenil.mx/cancha/informeArbitral/136622/eyJpZERpdmlzaW9uIjoiMTQiLCJpZFRlbXBvcmFkYSI6Ijc0IiwiaWRUb3JuZW8iOiIxIiwiaWRDbHVibG9jYWwiOjExMTkxLCJpZENsdWJ2aXNpdGEiOjExMTg2fQ==/informe-arbitral-america-vs-tigres-de-la-uanl-final-ida-estadio-azteca-tudn', 'text': '0 - 3'}","{'type': 'link', 'href': 'https://www.ligafemenil.mx/cancha/club/11186/tigres-de-la-uanl', 'text': ''}","{'type': 'link', 'href': 'https://www.ligafemenil.mx/cancha/estadio/1/estadio-azteca', 'text': 'Azteca'}","{'type': 'link', 'href': 'https://www.ligafemenil.mx/cancha/mxm/136622/eyJpZERpdmlzaW9uIjoiMTQiLCJpZFRlbXBvcmFkYSI6Ijc0IiwiaWRUb3JuZW8iOiIxIiwiaWRDbHVibG9jYWwiOiIxMTE5MSIsImlkQ2x1YnZpc2l0YSI6IjExMTg2IiwiaWRQYXJ0aWRvIjoiMTM2NjIyIiwicGVzdGFuYSI6IjEifQ==/minuto-a-minuto-america-vs-tigres-de-la-uanl-final-ida-estadio-azteca-tudn', 'text': ''}","{'type': 'link', 'href': 'https://www.ligafemenil.mx/cancha/mxm/136622/eyJpZERpdmlzaW9uIjoiMTQiLCJpZFRlbXBvcmFkYSI6Ijc0IiwiaWRUb3JuZW8iOiIxIiwiaWRDbHVibG9jYWwiOiIxMTE5MSIsImlkQ2x1YnZpc2l0YSI6IjExMTg2IiwiaWRQYXJ0aWRvIjoiMTM2NjIyIiwicGVzdGFuYSI6IjMifQ==/minuto-a-minuto-america-vs-tigres-de-la-uanl-final-ida-estadio-azteca-tudn', 'text': ''}","{'type': 'link', 'href': 'https://www.ligafemenil.mx/cancha/informeArbitral/136622/eyJpZERpdmlzaW9uIjoiMTQiLCJpZFRlbXBvcmFkYSI6Ijc0IiwiaWRUb3JuZW8iOiIxIiwiaWRDbHVibG9jYWwiOiIxMTE5MSIsImlkQ2x1YnZpc2l0YSI6IjExMTg2In0=/informe-arbitral-america-vs-tigres-de-la-uanl-final-ida-estadio-azteca-tudn', 'text': ''}","{'type': 'link', 'href': 'https://www.ligafemenil.mx/cancha/mxm/136622/eyJpZERpdmlzaW9uIjoiMTQiLCJpZFRlbXBvcmFkYSI6Ijc0IiwiaWRUb3JuZW8iOiIxIiwiaWRDbHVibG9jYWwiOiIxMTE5MSIsImlkQ2x1YnZpc2l0YSI6IjExMTg2IiwiaWRQYXJ0aWRvIjoiMTM2NjIyIiwicGVzdGFuYSI6IjQifQ==/minuto-a-minuto-america-vs-tigres-de-la-uanl-final-ida-estadio-azteca-tudn', 'text': ''}","{'type': 'link', 'href': 'https://www.ligafemenil.mx/cancha/galeria/MTM2NjIyLzIyLzc0LzEvMTQ=/america-vs-tigres-de-la-uanl', 'text': ''}","{'type': 'link', 'href': 'https://www.ligafemenil.mx/cancha/playlist/136622/america-vs-tigres-de-la-uanl', 'text': ''}"
2023-2024,Apertura,"{'type': 'text', 'value': 'Lunes 27 de Noviembre de 2023\nTemporada 2023-2024\nTorneo Apertura\nFinal Vuelta\n27 Noviembre 2023 - 20:00 hrs.'}","{'type': 'link', 'href': 'https://www.ligafemenil.mx/cancha/club/11186/tigres-de-la-uanl', 'text': ''}","{'type': 'link', 'href': 'https://www.ligafemenil.mx/cancha/informeArbitral/136623/eyJpZERpdmlzaW9uIjoiMTQiLCJpZFRlbXBvcmFkYSI6Ijc0IiwiaWRUb3JuZW8iOiIxIiwiaWRDbHVibG9jYWwiOjExMTg2LCJpZENsdWJ2aXNpdGEiOjExMTkxfQ==/informe-arbitral-tigres-de-la-uanl-vs-america-final-vuelta-estadio-universitario-tudn', 'text': '0 - 0'}","{'type': 'link', 'href': 'https://www.ligafemenil.mx/cancha/club/11191/america', 'text': ''}","{'type': 'link', 'href': 'https://www.ligafemenil.mx/cancha/estadio/12/estadio-universitario', 'text': 'Universitario'}","{'type': 'link', 'href': 'https://www.ligafemenil.mx/cancha/mxm/136623/eyJpZERpdmlzaW9uIjoiMTQiLCJpZFRlbXBvcmFkYSI6Ijc0IiwiaWRUb3JuZW8iOiIxIiwiaWRDbHVibG9jYWwiOiIxMTE4NiIsImlkQ2x1YnZpc2l0YSI6IjExMTkxIiwiaWRQYXJ0aWRvIjoiMTM2NjIzIiwicGVzdGFuYSI6IjEifQ==/minuto-a-minuto-tigres-de-la-uanl-vs-america-final-vuelta-estadio-universitario-tudn', 'text': ''}","{'type': 'link', 'href': 'https://www.ligafemenil.mx/cancha/mxm/136623/eyJpZERpdmlzaW9uIjoiMTQiLCJpZFRlbXBvcmFkYSI6Ijc0IiwiaWRUb3JuZW8iOiIxIiwiaWRDbHVibG9jYWwiOiIxMTE4NiIsImlkQ2x1YnZpc2l0YSI6IjExMTkxIiwiaWRQYXJ0aWRvIjoiMTM2NjIzIiwicGVzdGFuYSI6IjMifQ==/minuto-a-minuto-tigres-de-la-uanl-vs-america-final-vuelta-estadio-universitario-tudn', 'text': ''}","{'type': 'link', 'href': 'https://www.ligafemenil.mx/cancha/informeArbitral/136623/eyJpZERpdmlzaW9uIjoiMTQiLCJpZFRlbXBvcmFkYSI6Ijc0IiwiaWRUb3JuZW8iOiIxIiwiaWRDbHVibG9jYWwiOiIxMTE4NiIsImlkQ2x1YnZpc2l0YSI6IjExMTkxIn0=/informe-arbitral-tigres-de-la-uanl-vs-america-final-vuelta-estadio-universitario-tudn', 'text': ''}","{'type': 'link', 'href': 'https://www.ligafemenil.mx/cancha/mxm/136623/eyJpZERpdmlzaW9uIjoiMTQiLCJpZFRlbXBvcmFkYSI6Ijc0IiwiaWRUb3JuZW8iOiIxIiwiaWRDbHVibG9jYWwiOiIxMTE4NiIsImlkQ2x1YnZpc2l0YSI6IjExMTkxIiwiaWRQYXJ0aWRvIjoiMTM2NjIzIiwicGVzdGFuYSI6IjQifQ==/minuto-a-minuto-tigres-de-la-uanl-vs-america-final-vuelta-estadio-universitario-tudn', 'text': ''}","{'type': 'link', 'href': 'https://www.ligafemenil.mx/cancha/galeria/MTM2NjIzLzIzLzc0LzEvMTQ=/tigres-de-la-uanl-vs-america', 'text': ''}","{'type': 'link', 'href': 'https://www.ligafemenil.mx/cancha/playlist/136623/tigres-de-la-uanl-vs-america', 'text': ''}"
