Temporada,Torneo,Columna_3,Columna_4,Columna_5,Columna_6,Columna_7,Columna_8,Columna_9,Columna_10,Columna_11,Columna_12,Columna_13
2017-2018,Apertura,"{'type': 'text', 'value': 'Viernes 28 de Julio de 2017\nTemporada 2017-2018\nTorneo Apertura\nJornada 1\n28 Julio 2017 - 10:00 hrs.'}","{'type': 'link', 'href': 'https://www.ligafemenil.mx/cancha/club/11184/pachuca', 'text': ''}","{'type': 'link', 'href': 'https://www.ligafemenil.mx/cancha/informeArbitral/81154/eyJpZERpdmlzaW9uIjoiMTQiLCJpZFRlbXBvcmFkYSI6IjY4IiwiaWRUb3JuZW8iOiIxIiwiaWRDbHVibG9jYWwiOjExMTg0LCJpZENsdWJ2aXNpdGEiOjExMTg4fQ==/informe-arbitral-pachuca-vs-pumas-jornada-1-estadio-hidalgo', 'text': '3 - 0'}","{'type': 'link', 'href': 'https://www.ligafemenil.mx/cancha/club/11188/pumas', 'text': ''}","{'type': 'link', 'href': 'https://www.ligafemenil.mx/cancha/estadio/11/estadio-hidalgo', 'text': 'Hidalgo'}","{'type': 'link', 'href': 'https://www.ligafemenil.mx/cancha/mxm/81154/eyJpZERpdmlzaW9uIjoiMTQiLCJpZFRlbXBvcmFkYSI6IjY4IiwiaWRUb3JuZW8iOiIxIiwiaWRDbHVibG9jYWwiOiIxMTE4NCIsImlkQ2x1YnZpc2l0YSI6IjExMTg4IiwiaWRQYXJ0aWRvIjoiODExNTQiLCJwZXN0YW5hIjoiMSJ9/minuto-a-minuto-pachuca-vs-pumas-jornada-1-estadio-hidalgo', 'text': ''}","{'type': 'link', 'href': 'https://www.ligafemenil.mx/cancha/mxm/81154/eyJpZERpdmlzaW9uIjoiMTQiLCJpZFRlbXBvcmFkYSI6IjY4IiwiaWRUb3JuZW8iOiIxIiwiaWRDbHVibG9jYWwiOiIxMTE4NCIsImlkQ2x1YnZpc2l0YSI6IjExMTg4IiwiaWRQYXJ0aWRvIjoiODExNTQiLCJwZXN0YW5hIjoiMyJ9/minuto-a-minuto-pachuca-vs-pumas-jornada-1-estadio-hidalgo', 'text': ''}","{'type': 'link', 'href': 'https://www.ligafemenil.mx/cancha/informeArbitral/81154/eyJpZERpdmlzaW9uIjoiMTQiLCJpZFRlbXBvcmFkYSI6IjY4IiwiaWRUb3JuZW8iOiIxIiwiaWRDbHVibG9jYWwiOiIxMTE4NCIsImlkQ2x1YnZpc2l0YSI6IjExMTg4In0=/informe-arbitral-pachuca-vs-pumas-jornada-1-estadio-hidalgo', 'text': ''}","{'type': 'link', 'href': 'https://www.ligafemenil.mx/cancha/mxm/81154/eyJpZERpdmlzaW9uIjoiMTQiLCJpZFRlbXBvcmFkYSI6IjY4IiwiaWRUb3JuZW8iOiIxIiwiaWRDbHVibG9jYWwiOiIxMTE4NCIsImlkQ2x1YnZpc2l0YSI6IjExMTg4IiwiaWRQYXJ0aWRvIjoiODExNTQiLCJwZXN0YW5hIjoiNCJ9/minuto-a-minuto-pachuca-vs-pumas-jornada-1-estadio-hidalgo', 'text': ''}","{'type': 'link', 'href': 'https://www.ligafemenil.mx/cancha/galeria/ODExNTQvMS82OC8xLzE0/pachuca-vs-pumas', 'text': ''}","{'type': 'link', 'href': 'https://www.ligafemenil.mx/cancha/playlist/81154/pachuca-vs-pumas', 'text': ''}"
2017-2018,Apertura,"{'type': 'text', 'value': 'Viernes 28 de Julio de 2017\nTemporada 2017-2018\nTorneo Apertura\nJornada 1\n28 Julio 2017 - 12:00 hrs.'}","{'type': 'link', 'href': 'https://www.ligafemenil.mx/cancha/club/11187/toluca', 'text': ''}","{'type': 'link', 'href': 'https://www.ligafemenil.mx/cancha/informeArbitral/81161/eyJpZERpdmlzaW9uIjoiMTQiLCJpZFRlbXBvcmFkYSI6IjY4IiwiaWRUb3JuZW8iOiIxIiwiaWRDbHVibG9jYWwiOjExMTg3LCJpZENsdWJ2aXNpdGEiOjExMTgxfQ==/informe-arbitral-toluca-vs-cruz-azul-jornada-1-estadio-instalaciones-metepec-cancha-1-natural', 'text': '2 - 1'}","{'type': 'link', 'href': 'https://www.ligafemenil.mx/cancha/club/11181/cruz-azul', 'text': ''}","{'type': 'link', 'href': 'https://www.ligafemenil.mx/cancha/estadio/33/estadio-instalaciones-metepec-cancha-1-natural', 'text': 'Instalaciones Metepec Cancha 1 Natural'}","{'type': 'link', 'href': 'https://www.ligafemenil.mx/cancha/mxm/81161/eyJpZERpdmlzaW9uIjoiMTQiLCJpZFRlbXBvcmFkYSI6IjY4IiwiaWRUb3JuZW8iOiIxIiwiaWRDbHVibG9jYWwiOiIxMTE4NyIsImlkQ2x1YnZpc2l0YSI6IjExMTgxIiwiaWRQYXJ0aWRvIjoiODExNjEiLCJwZXN0YW5hIjoiMSJ9/minuto-a-minuto-toluca-vs-cruz-azul-jornada-1-estadio-instalaciones-metepec-cancha-1-natural', 'text': ''}","{'type': 'link', 'href': 'https://www.ligafemenil.mx/cancha/mxm/81161/eyJpZERpdmlzaW9uIjoiMTQiLCJpZFRlbXBvcmFkYSI6IjY4IiwiaWRUb3JuZW8iOiIxIiwiaWRDbHVibG9jYWwiOiIxMTE4NyIsImlkQ2x1YnZpc2l0YSI6IjExMTgxIiwiaWRQYXJ0aWRvIjoiODExNjEiLCJwZXN0YW5hIjoiMyJ9/minuto-a-minuto-toluca-vs-cruz-azul-jornada-1-estadio-instalaciones-metepec-cancha-1-natural', 'text': ''}","{'type': 'link', 'href': 'https://www.ligafemenil.mx/cancha/informeArbitral/81161/eyJpZERpdmlzaW9uIjoiMTQiLCJpZFRlbXBvcmFkYSI6IjY4IiwiaWRUb3JuZW8iOiIxIiwiaWRDbHVibG9jYWwiOiIxMTE4NyIsImlkQ2x1YnZpc2l0YSI6IjExMTgxIn0=/informe-arbitral-toluca-vs-cruz-azul-jornada-1-estadio-instalaciones-metepec-cancha-1-natural', 'text': ''}","{'type': 'link', 'href': 'https://www.ligafemenil.mx/cancha/mxm/81161/eyJpZERpdmlzaW9uIjoiMTQiLCJpZFRlbXBvcmFkYSI6IjY4IiwiaWRUb3JuZW8iOiIxIiwiaWRDbHVibG9jYWwiOiIxMTE4NyIsImlkQ2x1YnZpc2l0YSI6IjExMTgxIiwiaWRQYXJ0aWRvIjoiODExNjEiLCJwZXN0YW5hIjoiNCJ9/minuto-a-minuto-toluca-vs-cruz-azul-jornada-1-estadio-instalaciones-metepec-cancha-1-natural', 'text': ''}","{'type': 'link', 'href': 'https://www.ligafemenil.mx/cancha/galeria/ODExNjEvMS82OC8xLzE0/toluca-vs-cruz-azul', 'text': ''}","{'type': 'link', 'href': 'https://www.ligafemenil.mx/cancha/playlist/81161/toluca-vs-cruz-azul', 'text': ''}"
2017-2018,Apertura,"{'type': 'text', 'value': 'Sábado 29 de Julio de 2017\nTemporada 2017-2018\nTorneo Apertura\nJornada 1\n29 Julio 2017 - 09:00 hrs.'}","{'type': 'link', 'href': 'https://www.ligafemenil.mx/cancha/club/11192/santos-laguna', 'text': ''}","{'type': 'link', 'href': 'https://www.ligafemenil.mx/cancha/informeArbitral/81164/eyJpZERpdmlzaW9uIjoiMTQiLCJpZFRlbXBvcmFkYSI6IjY4IiwiaWRUb3JuZW8iOiIxIiwiaWRDbHVibG9jYWwiOjExMTkyLCJpZENsdWJ2aXNpdGEiOjExMjQzfQ==/informe-arbitral-santos-laguna-vs-leon-jornada-1-estadio-cancha-alterna-tsm-cancha-2-sintetica', 'text': '2 - 1'}","{'type': 'link', 'href': 'https://www.ligafemenil.mx/cancha/club/11243/leon', 'text': ''}","{'type': 'link', 'href': 'https://www.ligafemenil.mx/cancha/estadio/64/estadio-cancha-alterna-tsm-cancha-2-sintetica', 'text': 'Cancha Alterna TSM Cancha 2 Sintética'}","{'type': 'link', 'href': 'https://www.ligafemenil.mx/cancha/mxm/81164/eyJpZERpdmlzaW9uIjoiMTQiLCJpZFRlbXBvcmFkYSI6IjY4IiwiaWRUb3JuZW8iOiIxIiwiaWRDbHVibG9jYWwiOiIxMTE5MiIsImlkQ2x1YnZpc2l0YSI6IjExMjQzIiwiaWRQYXJ0aWRvIjoiODExNjQiLCJwZXN0YW5hIjoiMSJ9/minuto-a-minuto-santos-laguna-vs-leon-jornada-1-estadio-cancha-alterna-tsm-cancha-2-sintetica', 'text': ''}","{'type': 'link', 'href': 'https://www.ligafemenil.mx/cancha/mxm/81164/eyJpZERpdmlzaW9uIjoiMTQiLCJpZFRlbXBvcmFkYSI6IjY4IiwiaWRUb3JuZW8iOiIxIiwiaWRDbHVibG9jYWwiOiIxMTE5MiIsImlkQ2x1YnZpc2l0YSI6IjExMjQzIiwiaWRQYXJ0aWRvIjoiODExNjQiLCJwZXN0YW5hIjoiMyJ9/minuto-a-minuto-santos-laguna-vs-leon-jornada-1-estadio-cancha-alterna-tsm-cancha-2-sintetica', 'text': ''}","{'type': 'link', 'href': 'https://www.ligafemenil.mx/cancha/informeArbitral/81164/eyJpZERpdmlzaW9uIjoiMTQiLCJpZFRlbXBvcmFkYSI6IjY4IiwiaWRUb3JuZW8iOiIxIiwiaWRDbHVibG9jYWwiOiIxMTE5MiIsImlkQ2x1YnZpc2l0YSI6IjExMjQzIn0=/informe-arbitral-santos-laguna-vs-leon-jornada-1-estadio-cancha-alterna-tsm-cancha-2-sintetica', 'text': ''}","{'type': 'link', 'href': 'https://www.ligafemenil.mx/cancha/mxm/81164/eyJpZERpdmlzaW9uIjoiMTQiLCJpZFRlbXBvcmFkYSI6IjY4IiwiaWRUb3JuZW8iOiIxIiwiaWRDbHVibG9jYWwiOiIxMTE5MiIsImlkQ2x1YnZpc2l0YSI6IjExMjQzIiwiaWRQYXJ0aWRvIjoiODExNjQiLCJwZXN0YW5hIjoiNCJ9/minuto-a-minuto-santos-laguna-vs-leon-jornada-1-estadio-cancha-alterna-tsm-cancha-2-sintetica', 'text': ''}","{'type': 'link', 'href': 'https://www.ligafemenil.mx/cancha/galeria/ODExNjQvMS82OC8xLzE0/santos-laguna-vs-leon', 'text': ''}","{'type': 'link', 'href': 'https://www.ligafemenil.mx/cancha/playlist/81164/santos-laguna-vs-leon', 'text': ''}"
2017-2018,Apertura,"{'type': 'text', 'value': 'Sábado 29 de Julio de 2017\nTemporada 2017-2018\nTorneo Apertura\nJornada 1\n29 Julio 2017 - 09:00 hrs.'}","{'type': 'link', 'href': 'https://www.ligafemenil.mx/cancha/club/11182/guadalajara', 'text': ''}","{'type': 'link', 'href': 'https://www.ligafemenil.mx/cancha/informeArbitral/81167/eyJpZERpdmlzaW9uIjoiMTQiLCJpZFRlbXBvcmFkYSI6IjY4IiwiaWRUb3JuZW8iOiIxIiwiaWRDbHVibG9jYWwiOjExMTgyLCJpZENsdWJ2aXNpdGEiOjExMjQ1fQ==/informe-arbitral-guadalajara-vs-atlas-jornada-1-estadio-chivas-san-rafael', 'text': '3 - 0'}","{'type': 'link', 'href': 'https://www.ligafemenil.mx/cancha/club/11245/atlas', 'text': ''}","{'type': 'link', 'href': 'https://www.ligafemenil.mx/cancha/estadio/602/estadio-chivas-san-rafael', 'text': 'Chivas San Rafael'}","{'type': 'link', 'href': 'https://www.ligafemenil.mx/cancha/mxm/81167/eyJpZERpdmlzaW9uIjoiMTQiLCJpZFRlbXBvcmFkYSI6IjY4IiwiaWRUb3JuZW8iOiIxIiwiaWRDbHVibG9jYWwiOiIxMTE4MiIsImlkQ2x1YnZpc2l0YSI6IjExMjQ1IiwiaWRQYXJ0aWRvIjoiODExNjciLCJwZXN0YW5hIjoiMSJ9/minuto-a-minuto-guadalajara-vs-atlas-jornada-1-estadio-chivas-san-rafael', 'text': ''}","{'type': 'link', 'href': 'https://www.ligafemenil.mx/cancha/mxm/81167/eyJpZERpdmlzaW9uIjoiMTQiLCJpZFRlbXBvcmFkYSI6IjY4IiwiaWRUb3JuZW8iOiIxIiwiaWRDbHVibG9jYWwiOiIxMTE4MiIsImlkQ2x1YnZpc2l0YSI6IjExMjQ1IiwiaWRQYXJ0aWRvIjoiODExNjciLCJwZXN0YW5hIjoiMyJ9/minuto-a-minuto-guadalajara-vs-atlas-jornada-1-estadio-chivas-san-rafael', 'text': ''}","{'type': 'link', 'href': 'https://www.ligafemenil.mx/cancha/informeArbitral/81167/eyJpZERpdmlzaW9uIjoiMTQiLCJpZFRlbXBvcmFkYSI6IjY4IiwiaWRUb3JuZW8iOiIxIiwiaWRDbHVibG9jYWwiOiIxMTE4MiIsImlkQ2x1YnZpc2l0YSI6IjExMjQ1In0=/informe-arbitral-guadalajara-vs-atlas-jornada-1-estadio-chivas-san-rafael', 'text': ''}","{'type': 'link', 'href': 'https://www.ligafemenil.mx/cancha/mxm/81167/eyJpZERpdmlzaW9uIjoiMTQiLCJpZFRlbXBvcmFkYSI6IjY4IiwiaWRUb3JuZW8iOiIxIiwiaWRDbHVibG9jYWwiOiIxMTE4MiIsImlkQ2x1YnZpc2l0YSI6IjExMjQ1IiwiaWRQYXJ0aWRvIjoiODExNjciLCJwZXN0YW5hIjoiNCJ9/minuto-a-minuto-guadalajara-vs-atlas-jornada-1-estadio-chivas-san-rafael', 'text': ''}","{'type': 'link', 'href': 'https://www.ligafemenil.mx/cancha/galeria/ODExNjcvMS82OC8xLzE0/guadalajara-vs-atlas', 'text': ''}","{'type': 'link', 'href': 'https://www.ligafemenil.mx/cancha/playlist/81167/guadalajara-vs-atlas', 'text': ''}"
2017-2018,Apertura,"{'type': 'text', 'value': 'Sábado 29 de Julio de 2017\nTemporada 2017-2018\nTorneo Apertura\nJornada 1\n29 Julio 2017 - 11:30 hrs.'}","{'type': 'link', 'href': 'https://www.ligafemenil.mx/cancha/club/11244/queretaro', 'text': ''}","{'type': 'link', 'href': 'https://www.ligafemenil.mx/cancha/informeArbitral/81169/eyJpZERpdmlzaW9uIjoiMTQiLCJpZFRlbXBvcmFkYSI6IjY4IiwiaWRUb3JuZW8iOiIxIiwiaWRDbHVibG9jYWwiOjExMjQ0LCJpZENsdWJ2aXNpdGEiOjExMTg2fQ==/informe-arbitral-queretaro-vs-tigres-de-la-uanl-jornada-1-estadio-centro-gallo-de-alto-rendimiento-cancha-1-natural', 'text': '0 - 0'}","{'type': 'link', 'href': 'https://www.ligafemenil.mx/cancha/club/11186/tigres-de-la-uanl', 'text': ''}","{'type': 'link', 'href': 'https://www.ligafemenil.mx/cancha/estadio/59/estadio-centro-gallo-de-alto-rendimiento-cancha-1-natural', 'text': 'Centro Gallo de Alto Rendimiento Cancha 1 Natural'}","{'type': 'link', 'href': 'https://www.ligafemenil.mx/cancha/mxm/81169/eyJpZERpdmlzaW9uIjoiMTQiLCJpZFRlbXBvcmFkYSI6IjY4IiwiaWRUb3JuZW8iOiIxIiwiaWRDbHVibG9jYWwiOiIxMTI0NCIsImlkQ2x1YnZpc2l0YSI6IjExMTg2IiwiaWRQYXJ0aWRvIjoiODExNjkiLCJwZXN0YW5hIjoiMSJ9/minuto-a-minuto-queretaro-vs-tigres-de-la-uanl-jornada-1-estadio-centro-gallo-de-alto-rendimiento-cancha-1-natural', 'text': ''}","{'type': 'link', 'href': 'https://www.ligafemenil.mx/cancha/mxm/81169/eyJpZERpdmlzaW9uIjoiMTQiLCJpZFRlbXBvcmFkYSI6IjY4IiwiaWRUb3JuZW8iOiIxIiwiaWRDbHVibG9jYWwiOiIxMTI0NCIsImlkQ2x1YnZpc2l0YSI6IjExMTg2IiwiaWRQYXJ0aWRvIjoiODExNjkiLCJwZXN0YW5hIjoiMyJ9/minuto-a-minuto-queretaro-vs-tigres-de-la-uanl-jornada-1-estadio-centro-gallo-de-alto-rendimiento-cancha-1-natural', 'text': ''}","{'type': 'link', 'href': 'https://www.ligafemenil.mx/cancha/informeArbitral/81169/eyJpZERpdmlzaW9uIjoiMTQiLCJpZFRlbXBvcmFkYSI6IjY4IiwiaWRUb3JuZW8iOiIxIiwiaWRDbHVibG9jYWwiOiIxMTI0NCIsImlkQ2x1YnZpc2l0YSI6IjExMTg2In0=/informe-arbitral-queretaro-vs-tigres-de-la-uanl-jornada-1-estadio-centro-gallo-de-alto-rendimiento-cancha-1-natural', 'text': ''}","{'type': 'link', 'href': 'https://www.ligafemenil.mx/cancha/mxm/81169/eyJpZERpdmlzaW9uIjoiMTQiLCJpZFRlbXBvcmFkYSI6IjY4IiwiaWRUb3JuZW8iOiIxIiwiaWRDbHVibG9jYWwiOiIxMTI0NCIsImlkQ2x1YnZpc2l0YSI6IjExMTg2IiwiaWRQYXJ0aWRvIjoiODExNjkiLCJwZXN0YW5hIjoiNCJ9/minuto-a-minuto-queretaro-vs-tigres-de-la-uanl-jornada-1-estadio-centro-gallo-de-alto-rendimiento-cancha-1-natural', 'text': ''}","{'type': 'link', 'href': 'https://www.ligafemenil.mx/cancha/galeria/ODExNjkvMS82OC8xLzE0/queretaro-vs-tigres-de-la-uanl', 'text': ''}","{'type': 'link', 'href': 'https://www.ligafemenil.mx/cancha/playlist/81169/queretaro-vs-tigres-de-la-uanl', 'text': ''}"
2017-2018,Apertura,"{'type': 'text', 'value': 'Sábado 29 de Julio de 2017\nTemporada 2017-2018\nTorneo Apertura\nJornada 1\n29 Julio 2017 - 12:30 hrs.'}","{'type': 'link', 'href': 'https://www.ligafemenil.mx/cancha/club/11183/m-morelia', 'text': ''}","{'type': 'link', 'href': 'https://www.ligafemenil.mx/cancha/informeArbitral/81171/eyJpZERpdmlzaW9uIjoiMTQiLCJpZFRlbXBvcmFkYSI6IjY4IiwiaWRUb3JuZW8iOiIxIiwiaWRDbHVibG9jYWwiOjExMTgzLCJpZENsdWJ2aXNpdGEiOjExMjQyfQ==/informe-arbitral-m-morelia-vs-veracruz-jornada-1-estadio-jose-maria-morelos-y-pavon', 'text': '2 - 1'}","{'type': 'link', 'href': 'https://www.ligafemenil.mx/cancha/club/11242/veracruz', 'text': ''}","{'type': 'link', 'href': 'https://www.ligafemenil.mx/cancha/estadio/10/estadio-jose-maria-morelos-y-pavon', 'text': 'José María Morelos y Pavón'}","{'type': 'link', 'href': 'https://www.ligafemenil.mx/cancha/mxm/81171/eyJpZERpdmlzaW9uIjoiMTQiLCJpZFRlbXBvcmFkYSI6IjY4IiwiaWRUb3JuZW8iOiIxIiwiaWRDbHVibG9jYWwiOiIxMTE4MyIsImlkQ2x1YnZpc2l0YSI6IjExMjQyIiwiaWRQYXJ0aWRvIjoiODExNzEiLCJwZXN0YW5hIjoiMSJ9/minuto-a-minuto-m-morelia-vs-veracruz-jornada-1-estadio-jose-maria-morelos-y-pavon', 'text': ''}","{'type': 'link', 'href': 'https://www.ligafemenil.mx/cancha/mxm/81171/eyJpZERpdmlzaW9uIjoiMTQiLCJpZFRlbXBvcmFkYSI6IjY4IiwiaWRUb3JuZW8iOiIxIiwiaWRDbHVibG9jYWwiOiIxMTE4MyIsImlkQ2x1YnZpc2l0YSI6IjExMjQyIiwiaWRQYXJ0aWRvIjoiODExNzEiLCJwZXN0YW5hIjoiMyJ9/minuto-a-minuto-m-morelia-vs-veracruz-jornada-1-estadio-jose-maria-morelos-y-pavon', 'text': ''}","{'type': 'link', 'href': 'https://www.ligafemenil.mx/cancha/informeArbitral/81171/eyJpZERpdmlzaW9uIjoiMTQiLCJpZFRlbXBvcmFkYSI6IjY4IiwiaWRUb3JuZW8iOiIxIiwiaWRDbHVibG9jYWwiOiIxMTE4MyIsImlkQ2x1YnZpc2l0YSI6IjExMjQyIn0=/informe-arbitral-m-morelia-vs-veracruz-jornada-1-estadio-jose-maria-morelos-y-pavon', 'text': ''}","{'type': 'link', 'href': 'https://www.ligafemenil.mx/cancha/mxm/81171/eyJpZERpdmlzaW9uIjoiMTQiLCJpZFRlbXBvcmFkYSI6IjY4IiwiaWRUb3JuZW8iOiIxIiwiaWRDbHVibG9jYWwiOiIxMTE4MyIsImlkQ2x1YnZpc2l0YSI6IjExMjQyIiwiaWRQYXJ0aWRvIjoiODExNzEiLCJwZXN0YW5hIjoiNCJ9/minuto-a-minuto-m-morelia-vs-veracruz-jornada-1-estadio-jose-maria-morelos-y-pavon', 'text': ''}","{'type': 'link', 'href': 'https://www.ligafemenil.mx/cancha/galeria/ODExNzEvMS82OC8xLzE0/m-morelia-vs-veracruz', 'text': ''}","{'type': 'link', 'href': 'https://www.ligafemenil.mx/cancha/playlist/81171/m-morelia-vs-veracruz', 'text': ''}"
2017-2018,Apertura,"{'type': 'text', 'value': 'Sábado 29 de Julio de 2017\nTemporada 2017-2018\nTorneo Apertura\nJornada 1\n29 Julio 2017 - 16:00 hrs.'}","{'type': 'link', 'href': 'https://www.ligafemenil.mx/cancha/club/11191/america', 'text': ''}","{'type': 'link', 'href': 'https://www.ligafemenil.mx/cancha/informeArbitral/81174/eyJpZERpdmlzaW9uIjoiMTQiLCJpZFRlbXBvcmFkYSI6IjY4IiwiaWRUb3JuZW8iOiIxIiwiaWRDbHVibG9jYWwiOjExMTkxLCJpZENsdWJ2aXNpdGEiOjExMTgwfQ==/informe-arbitral-america-vs-tijuana-jornada-1-estadio-instalaciones-club-america-coapa', 'text': '1 - 0'}","{'type': 'link', 'href': 'https://www.ligafemenil.mx/cancha/club/11180/tijuana', 'text': ''}","{'type': 'link', 'href': 'https://www.ligafemenil.mx/cancha/estadio/32/estadio-instalaciones-club-america-coapa', 'text': 'Instalaciones Club América Coapa'}","{'type': 'link', 'href': 'https://www.ligafemenil.mx/cancha/mxm/81174/eyJpZERpdmlzaW9uIjoiMTQiLCJpZFRlbXBvcmFkYSI6IjY4IiwiaWRUb3JuZW8iOiIxIiwiaWRDbHVibG9jYWwiOiIxMTE5MSIsImlkQ2x1YnZpc2l0YSI6IjExMTgwIiwiaWRQYXJ0aWRvIjoiODExNzQiLCJwZXN0YW5hIjoiMSJ9/minuto-a-minuto-america-vs-tijuana-jornada-1-estadio-instalaciones-club-america-coapa', 'text': ''}","{'type': 'link', 'href': 'https://www.ligafemenil.mx/cancha/mxm/81174/eyJpZERpdmlzaW9uIjoiMTQiLCJpZFRlbXBvcmFkYSI6IjY4IiwiaWRUb3JuZW8iOiIxIiwiaWRDbHVibG9jYWwiOiIxMTE5MSIsImlkQ2x1YnZpc2l0YSI6IjExMTgwIiwiaWRQYXJ0aWRvIjoiODExNzQiLCJwZXN0YW5hIjoiMyJ9/minuto-a-minuto-america-vs-tijuana-jornada-1-estadio-instalaciones-club-america-coapa', 'text': ''}","{'type': 'link', 'href': 'https://www.ligafemenil.mx/cancha/informeArbitral/81174/eyJpZERpdmlzaW9uIjoiMTQiLCJpZFRlbXBvcmFkYSI6IjY4IiwiaWRUb3JuZW8iOiIxIiwiaWRDbHVibG9jYWwiOiIxMTE5MSIsImlkQ2x1YnZpc2l0YSI6IjExMTgwIn0=/informe-arbitral-america-vs-tijuana-jornada-1-estadio-instalaciones-club-america-coapa', 'text': ''}","{'type': 'link', 'href': 'https://www.ligafemenil.mx/cancha/mxm/81174/eyJpZERpdmlzaW9uIjoiMTQiLCJpZFRlbXBvcmFkYSI6IjY4IiwiaWRUb3JuZW8iOiIxIiwiaWRDbHVibG9jYWwiOiIxMTE5MSIsImlkQ2x1YnZpc2l0YSI6IjExMTgwIiwiaWRQYXJ0aWRvIjoiODExNzQiLCJwZXN0YW5hIjoiNCJ9/minuto-a-minuto-america-vs-tijuana-jornada-1-estadio-instalaciones-club-america-coapa', 'text': ''}","{'type': 'link', 'href': 'https://www.ligafemenil.mx/cancha/galeria/ODExNzQvMS82OC8xLzE0/america-vs-tijuana', 'text': ''}","{'type': 'link', 'href': 'https://www.ligafemenil.mx/cancha/playlist/81174/america-vs-tijuana', 'text': ''}"
2017-2018,Apertura,"{'type': 'text', 'value': 'Domingo 30 de Julio de 2017\nTemporada 2017-2018\nTorneo Apertura\nJornada 1\n30 Julio 2017 - 10:30 hrs.'}","{'type': 'link', 'href': 'https://www.ligafemenil.mx/cancha/club/11185/rayados-de-monterrey', 'text': ''}","{'type': 'link', 'href': 'https://www.ligafemenil.mx/cancha/informeArbitral/81177/eyJpZERpdmlzaW9uIjoiMTQiLCJpZFRlbXBvcmFkYSI6IjY4IiwiaWRUb3JuZW8iOiIxIiwiaWRDbHVibG9jYWwiOjExMTg1LCJpZENsdWJ2aXNpdGEiOjExMTg5fQ==/informe-arbitral-rayados-de-monterrey-vs-necaxa-jornada-1-estadio-el-barrial', 'text': '5 - 2'}","{'type': 'link', 'href': 'https://www.ligafemenil.mx/cancha/club/11189/necaxa', 'text': ''}","{'type': 'link', 'href': 'https://www.ligafemenil.mx/cancha/estadio/675/estadio-el-barrial', 'text': 'El Barrial'}","{'type': 'link', 'href': 'https://www.ligafemenil.mx/cancha/mxm/81177/eyJpZERpdmlzaW9uIjoiMTQiLCJpZFRlbXBvcmFkYSI6IjY4IiwiaWRUb3JuZW8iOiIxIiwiaWRDbHVibG9jYWwiOiIxMTE4NSIsImlkQ2x1YnZpc2l0YSI6IjExMTg5IiwiaWRQYXJ0aWRvIjoiODExNzciLCJwZXN0YW5hIjoiMSJ9/minuto-a-minuto-rayados-de-monterrey-vs-necaxa-jornada-1-estadio-el-barrial', 'text': ''}","{'type': 'link', 'href': 'https://www.ligafemenil.mx/cancha/mxm/81177/eyJpZERpdmlzaW9uIjoiMTQiLCJpZFRlbXBvcmFkYSI6IjY4IiwiaWRUb3JuZW8iOiIxIiwiaWRDbHVibG9jYWwiOiIxMTE4NSIsImlkQ2x1YnZpc2l0YSI6IjExMTg5IiwiaWRQYXJ0aWRvIjoiODExNzciLCJwZXN0YW5hIjoiMyJ9/minuto-a-minuto-rayados-de-monterrey-vs-necaxa-jornada-1-estadio-el-barrial', 'text': ''}","{'type': 'link', 'href': 'https://www.ligafemenil.mx/cancha/informeArbitral/81177/eyJpZERpdmlzaW9uIjoiMTQiLCJpZFRlbXBvcmFkYSI6IjY4IiwiaWRUb3JuZW8iOiIxIiwiaWRDbHVibG9jYWwiOiIxMTE4NSIsImlkQ2x1YnZpc2l0YSI6IjExMTg5In0=/informe-arbitral-rayados-de-monterrey-vs-necaxa-jornada-1-estadio-el-barrial', 'text': ''}","{'type': 'link', 'href': 'https://www.ligafemenil.mx/cancha/mxm/81177/eyJpZERpdmlzaW9uIjoiMTQiLCJpZFRlbXBvcmFkYSI6IjY4IiwiaWRUb3JuZW8iOiIxIiwiaWRDbHVibG9jYWwiOiIxMTE4NSIsImlkQ2x1YnZpc2l0YSI6IjExMTg5IiwiaWRQYXJ0aWRvIjoiODExNzciLCJwZXN0YW5hIjoiNCJ9/minuto-a-minuto-rayados-de-monterrey-vs-necaxa-jornada-1-estadio-el-barrial', 'text': ''}","{'type': 'link', 'href': 'https://www.ligafemenil.mx/cancha/galeria/ODExNzcvMS82OC8xLzE0/rayados-de-monterrey-vs-necaxa', 'text': ''}","{'type': 'link', 'href': 'https://www.ligafemenil.mx/cancha/playlist/81177/rayados-de-monterrey-vs-necaxa', 'text': ''}"
2017-2018,Apertura,"{'type': 'text', 'value': 'Viernes 4 de Agosto de 2017\nTemporada 2017-2018\nTorneo Apertura\nJornada 2\n4 Agosto 2017 - 10:00 hrs.'}","{'type': 'link', 'href': 'https://www.ligafemenil.mx/cancha/club/11243/leon', 'text': ''}","{'type': 'link', 'href': 'https://www.ligafemenil.mx/cancha/informeArbitral/81180/eyJpZERpdmlzaW9uIjoiMTQiLCJpZFRlbXBvcmFkYSI6IjY4IiwiaWRUb3JuZW8iOiIxIiwiaWRDbHVibG9jYWwiOjExMjQzLCJpZENsdWJ2aXNpdGEiOjExMTg1fQ==/informe-arbitral-leon-vs-rayados-de-monterrey-jornada-2-estadio-nou-camp', 'text': '0 - 2'}","{'type': 'link', 'href': 'https://www.ligafemenil.mx/cancha/club/11185/rayados-de-monterrey', 'text': ''}","{'type': 'link', 'href': 'https://www.ligafemenil.mx/cancha/estadio/23/estadio-nou-camp', 'text': 'Nou Camp'}","{'type': 'link', 'href': 'https://www.ligafemenil.mx/cancha/mxm/81180/eyJpZERpdmlzaW9uIjoiMTQiLCJpZFRlbXBvcmFkYSI6IjY4IiwiaWRUb3JuZW8iOiIxIiwiaWRDbHVibG9jYWwiOiIxMTI0MyIsImlkQ2x1YnZpc2l0YSI6IjExMTg1IiwiaWRQYXJ0aWRvIjoiODExODAiLCJwZXN0YW5hIjoiMSJ9/minuto-a-minuto-leon-vs-rayados-de-monterrey-jornada-2-estadio-nou-camp', 'text': ''}","{'type': 'link', 'href': 'https://www.ligafemenil.mx/cancha/mxm/81180/eyJpZERpdmlzaW9uIjoiMTQiLCJpZFRlbXBvcmFkYSI6IjY4IiwiaWRUb3JuZW8iOiIxIiwiaWRDbHVibG9jYWwiOiIxMTI0MyIsImlkQ2x1YnZpc2l0YSI6IjExMTg1IiwiaWRQYXJ0aWRvIjoiODExODAiLCJwZXN0YW5hIjoiMyJ9/minuto-a-minuto-leon-vs-rayados-de-monterrey-jornada-2-estadio-nou-camp', 'text': ''}","{'type': 'link', 'href': 'https://www.ligafemenil.mx/cancha/informeArbitral/81180/eyJpZERpdmlzaW9uIjoiMTQiLCJpZFRlbXBvcmFkYSI6IjY4IiwiaWRUb3JuZW8iOiIxIiwiaWRDbHVibG9jYWwiOiIxMTI0MyIsImlkQ2x1YnZpc2l0YSI6IjExMTg1In0=/informe-arbitral-leon-vs-rayados-de-monterrey-jornada-2-estadio-nou-camp', 'text': ''}","{'type': 'link', 'href': 'https://www.ligafemenil.mx/cancha/mxm/81180/eyJpZERpdmlzaW9uIjoiMTQiLCJpZFRlbXBvcmFkYSI6IjY4IiwiaWRUb3JuZW8iOiIxIiwiaWRDbHVibG9jYWwiOiIxMTI0MyIsImlkQ2x1YnZpc2l0YSI6IjExMTg1IiwiaWRQYXJ0aWRvIjoiODExODAiLCJwZXN0YW5hIjoiNCJ9/minuto-a-minuto-leon-vs-rayados-de-monterrey-jornada-2-estadio-nou-camp', 'text': ''}","{'type': 'link', 'href': 'https://www.ligafemenil.mx/cancha/galeria/ODExODAvMi82OC8xLzE0/leon-vs-rayados-de-monterrey', 'text': ''}","{'type': 'link', 'href': 'https://www.ligafemenil.mx/cancha/playlist/81180/leon-vs-rayados-de-monterrey', 'text': ''}"
2017-2018,Apertura,"{'type': 'text', 'value': 'Viernes 4 de Agosto de 2017\nTemporada 2017-2018\nTorneo Apertura\nJornada 2\n4 Agosto 2017 - 16:00 hrs.'}","{'type': 'link', 'href': 'https://www.ligafemenil.mx/cancha/club/11181/cruz-azul', 'text': ''}","{'type': 'link', 'href': 'https://www.ligafemenil.mx/cancha/informeArbitral/81183/eyJpZERpdmlzaW9uIjoiMTQiLCJpZFRlbXBvcmFkYSI6IjY4IiwiaWRUb3JuZW8iOiIxIiwiaWRDbHVibG9jYWwiOjExMTgxLCJpZENsdWJ2aXNpdGEiOjExMTkxfQ==/informe-arbitral-cruz-azul-vs-america-jornada-2-estadio-ciudad-de-los-deportes', 'text': '0 - 5'}","{'type': 'link', 'href': 'https://www.ligafemenil.mx/cancha/club/11191/america', 'text': ''}","{'type': 'link', 'href': 'https://www.ligafemenil.mx/cancha/estadio/2/estadio-ciudad-de-los-deportes', 'text': 'Ciudad De Los Deportes'}","{'type': 'link', 'href': 'https://www.ligafemenil.mx/cancha/mxm/81183/eyJpZERpdmlzaW9uIjoiMTQiLCJpZFRlbXBvcmFkYSI6IjY4IiwiaWRUb3JuZW8iOiIxIiwiaWRDbHVibG9jYWwiOiIxMTE4MSIsImlkQ2x1YnZpc2l0YSI6IjExMTkxIiwiaWRQYXJ0aWRvIjoiODExODMiLCJwZXN0YW5hIjoiMSJ9/minuto-a-minuto-cruz-azul-vs-america-jornada-2-estadio-ciudad-de-los-deportes', 'text': ''}","{'type': 'link', 'href': 'https://www.ligafemenil.mx/cancha/mxm/81183/eyJpZERpdmlzaW9uIjoiMTQiLCJpZFRlbXBvcmFkYSI6IjY4IiwiaWRUb3JuZW8iOiIxIiwiaWRDbHVibG9jYWwiOiIxMTE4MSIsImlkQ2x1YnZpc2l0YSI6IjExMTkxIiwiaWRQYXJ0aWRvIjoiODExODMiLCJwZXN0YW5hIjoiMyJ9/minuto-a-minuto-cruz-azul-vs-america-jornada-2-estadio-ciudad-de-los-deportes', 'text': ''}","{'type': 'link', 'href': 'https://www.ligafemenil.mx/cancha/informeArbitral/81183/eyJpZERpdmlzaW9uIjoiMTQiLCJpZFRlbXBvcmFkYSI6IjY4IiwiaWRUb3JuZW8iOiIxIiwiaWRDbHVibG9jYWwiOiIxMTE4MSIsImlkQ2x1YnZpc2l0YSI6IjExMTkxIn0=/informe-arbitral-cruz-azul-vs-america-jornada-2-estadio-ciudad-de-los-deportes', 'text': ''}","{'type': 'link', 'href': 'https://www.ligafemenil.mx/cancha/mxm/81183/eyJpZERpdmlzaW9uIjoiMTQiLCJpZFRlbXBvcmFkYSI6IjY4IiwiaWRUb3JuZW8iOiIxIiwiaWRDbHVibG9jYWwiOiIxMTE4MSIsImlkQ2x1YnZpc2l0YSI6IjExMTkxIiwiaWRQYXJ0aWRvIjoiODExODMiLCJwZXN0YW5hIjoiNCJ9/minuto-a-minuto-cruz-azul-vs-america-jornada-2-estadio-ciudad-de-los-deportes', 'text': ''}","{'type': 'link', 'href': 'https://www.ligafemenil.mx/cancha/galeria/ODExODMvMi82OC8xLzE0/cruz-azul-vs-america', 'text': ''}","{'type': 'link', 'href': 'https://www.ligafemenil.mx/cancha/playlist/81183/cruz-azul-vs-america', 'text': ''}"
2017-2018,Apertura,"{'type': 'text', 'value': 'Viernes 4 de Agosto de 2017\nTemporada 2017-2018\nTorneo Apertura\nJornada 2\n4 Agosto 2017 - 16:00 hrs.'}","{'type': 'link', 'href': 'https://www.ligafemenil.mx/cancha/club/11189/necaxa', 'text': ''}","{'type': 'link', 'href': 'https://www.ligafemenil.mx/cancha/informeArbitral/81186/eyJpZERpdmlzaW9uIjoiMTQiLCJpZFRlbXBvcmFkYSI6IjY4IiwiaWRUb3JuZW8iOiIxIiwiaWRDbHVibG9jYWwiOjExMTg5LCJpZENsdWJ2aXNpdGEiOjExMjQ0fQ==/informe-arbitral-necaxa-vs-queretaro-jornada-2-estadio-instalaciones-casa-club-necaxa-cancha-5-sintetica', 'text': '0 - 1'}","{'type': 'link', 'href': 'https://www.ligafemenil.mx/cancha/club/11244/queretaro', 'text': ''}","{'type': 'link', 'href': 'https://www.ligafemenil.mx/cancha/estadio/622/estadio-instalaciones-casa-club-necaxa-cancha-5-sintetica', 'text': 'Instalaciones Casa Club Necaxa Cancha 5 Sintética'}","{'type': 'link', 'href': 'https://www.ligafemenil.mx/cancha/mxm/81186/eyJpZERpdmlzaW9uIjoiMTQiLCJpZFRlbXBvcmFkYSI6IjY4IiwiaWRUb3JuZW8iOiIxIiwiaWRDbHVibG9jYWwiOiIxMTE4OSIsImlkQ2x1YnZpc2l0YSI6IjExMjQ0IiwiaWRQYXJ0aWRvIjoiODExODYiLCJwZXN0YW5hIjoiMSJ9/minuto-a-minuto-necaxa-vs-queretaro-jornada-2-estadio-instalaciones-casa-club-necaxa-cancha-5-sintetica', 'text': ''}","{'type': 'link', 'href': 'https://www.ligafemenil.mx/cancha/mxm/81186/eyJpZERpdmlzaW9uIjoiMTQiLCJpZFRlbXBvcmFkYSI6IjY4IiwiaWRUb3JuZW8iOiIxIiwiaWRDbHVibG9jYWwiOiIxMTE4OSIsImlkQ2x1YnZpc2l0YSI6IjExMjQ0IiwiaWRQYXJ0aWRvIjoiODExODYiLCJwZXN0YW5hIjoiMyJ9/minuto-a-minuto-necaxa-vs-queretaro-jornada-2-estadio-instalaciones-casa-club-necaxa-cancha-5-sintetica', 'text': ''}","{'type': 'link', 'href': 'https://www.ligafemenil.mx/cancha/informeArbitral/81186/eyJpZERpdmlzaW9uIjoiMTQiLCJpZFRlbXBvcmFkYSI6IjY4IiwiaWRUb3JuZW8iOiIxIiwiaWRDbHVibG9jYWwiOiIxMTE4OSIsImlkQ2x1YnZpc2l0YSI6IjExMjQ0In0=/informe-arbitral-necaxa-vs-queretaro-jornada-2-estadio-instalaciones-casa-club-necaxa-cancha-5-sintetica', 'text': ''}","{'type': 'link', 'href': 'https://www.ligafemenil.mx/cancha/mxm/81186/eyJpZERpdmlzaW9uIjoiMTQiLCJpZFRlbXBvcmFkYSI6IjY4IiwiaWRUb3JuZW8iOiIxIiwiaWRDbHVibG9jYWwiOiIxMTE4OSIsImlkQ2x1YnZpc2l0YSI6IjExMjQ0IiwiaWRQYXJ0aWRvIjoiODExODYiLCJwZXN0YW5hIjoiNCJ9/minuto-a-minuto-necaxa-vs-queretaro-jornada-2-estadio-instalaciones-casa-club-necaxa-cancha-5-sintetica', 'text': ''}","{'type': 'link', 'href': 'https://www.ligafemenil.mx/cancha/galeria/ODExODYvMi82OC8xLzE0/necaxa-vs-queretaro', 'text': ''}","{'type': 'link', 'href': 'https://www.ligafemenil.mx/cancha/playlist/81186/necaxa-vs-queretaro', 'text': ''}"
2017-2018,Apertura,"{'type': 'text', 'value': 'Sábado 5 de Agosto de 2017\nTemporada 2017-2018\nTorneo Apertura\nJornada 2\n5 Agosto 2017 - 12:30 hrs.'}","{'type': 'link', 'href': 'https://www.ligafemenil.mx/cancha/club/11245/atlas', 'text': ''}","{'type': 'link', 'href': 'https://www.ligafemenil.mx/cancha/informeArbitral/81195/eyJpZERpdmlzaW9uIjoiMTQiLCJpZFRlbXBvcmFkYSI6IjY4IiwiaWRUb3JuZW8iOiIxIiwiaWRDbHVibG9jYWwiOjExMjQ1LCJpZENsdWJ2aXNpdGEiOjExMTkyfQ==/informe-arbitral-atlas-vs-santos-laguna-jornada-2-estadio-club-atlas-chapalita', 'text': '3 - 2'}","{'type': 'link', 'href': 'https://www.ligafemenil.mx/cancha/club/11192/santos-laguna', 'text': ''}","{'type': 'link', 'href': 'https://www.ligafemenil.mx/cancha/estadio/35/estadio-club-atlas-chapalita', 'text': 'Club Atlas Chapalita'}","{'type': 'link', 'href': 'https://www.ligafemenil.mx/cancha/mxm/81195/eyJpZERpdmlzaW9uIjoiMTQiLCJpZFRlbXBvcmFkYSI6IjY4IiwiaWRUb3JuZW8iOiIxIiwiaWRDbHVibG9jYWwiOiIxMTI0NSIsImlkQ2x1YnZpc2l0YSI6IjExMTkyIiwiaWRQYXJ0aWRvIjoiODExOTUiLCJwZXN0YW5hIjoiMSJ9/minuto-a-minuto-atlas-vs-santos-laguna-jornada-2-estadio-club-atlas-chapalita', 'text': ''}","{'type': 'link', 'href': 'https://www.ligafemenil.mx/cancha/mxm/81195/eyJpZERpdmlzaW9uIjoiMTQiLCJpZFRlbXBvcmFkYSI6IjY4IiwiaWRUb3JuZW8iOiIxIiwiaWRDbHVibG9jYWwiOiIxMTI0NSIsImlkQ2x1YnZpc2l0YSI6IjExMTkyIiwiaWRQYXJ0aWRvIjoiODExOTUiLCJwZXN0YW5hIjoiMyJ9/minuto-a-minuto-atlas-vs-santos-laguna-jornada-2-estadio-club-atlas-chapalita', 'text': ''}","{'type': 'link', 'href': 'https://www.ligafemenil.mx/cancha/informeArbitral/81195/eyJpZERpdmlzaW9uIjoiMTQiLCJpZFRlbXBvcmFkYSI6IjY4IiwiaWRUb3JuZW8iOiIxIiwiaWRDbHVibG9jYWwiOiIxMTI0NSIsImlkQ2x1YnZpc2l0YSI6IjExMTkyIn0=/informe-arbitral-atlas-vs-santos-laguna-jornada-2-estadio-club-atlas-chapalita', 'text': ''}","{'type': 'link', 'href': 'https://www.ligafemenil.mx/cancha/mxm/81195/eyJpZERpdmlzaW9uIjoiMTQiLCJpZFRlbXBvcmFkYSI6IjY4IiwiaWRUb3JuZW8iOiIxIiwiaWRDbHVibG9jYWwiOiIxMTI0NSIsImlkQ2x1YnZpc2l0YSI6IjExMTkyIiwiaWRQYXJ0aWRvIjoiODExOTUiLCJwZXN0YW5hIjoiNCJ9/minuto-a-minuto-atlas-vs-santos-laguna-jornada-2-estadio-club-atlas-chapalita', 'text': ''}","{'type': 'link', 'href': 'https://www.ligafemenil.mx/cancha/galeria/ODExOTUvMi82OC8xLzE0/atlas-vs-santos-laguna', 'text': ''}","{'type': 'link', 'href': 'https://www.ligafemenil.mx/cancha/playlist/81195/atlas-vs-santos-laguna', 'text': ''}"
2017-2018,Apertura,"{'type': 'text', 'value': 'Sábado 5 de Agosto de 2017\nTemporada 2017-2018\nTorneo Apertura\nJornada 2\n5 Agosto 2017 - 12:00 hrs.'}","{'type': 'link', 'href': 'https://www.ligafemenil.mx/cancha/club/11180/tijuana', 'text': ''}","{'type': 'link', 'href': 'https://www.ligafemenil.mx/cancha/informeArbitral/81200/eyJpZERpdmlzaW9uIjoiMTQiLCJpZFRlbXBvcmFkYSI6IjY4IiwiaWRUb3JuZW8iOiIxIiwiaWRDbHVibG9jYWwiOjExMTgwLCJpZENsdWJ2aXNpdGEiOjExMTgzfQ==/informe-arbitral-tijuana-vs-m-morelia-jornada-2-estadio-caliente', 'text': '2 - 0'}","{'type': 'link', 'href': 'https://www.ligafemenil.mx/cancha/club/11183/m-morelia', 'text': ''}","{'type': 'link', 'href': 'https://www.ligafemenil.mx/cancha/estadio/48/estadio-caliente', 'text': 'Caliente'}","{'type': 'link', 'href': 'https://www.ligafemenil.mx/cancha/mxm/81200/eyJpZERpdmlzaW9uIjoiMTQiLCJpZFRlbXBvcmFkYSI6IjY4IiwiaWRUb3JuZW8iOiIxIiwiaWRDbHVibG9jYWwiOiIxMTE4MCIsImlkQ2x1YnZpc2l0YSI6IjExMTgzIiwiaWRQYXJ0aWRvIjoiODEyMDAiLCJwZXN0YW5hIjoiMSJ9/minuto-a-minuto-tijuana-vs-m-morelia-jornada-2-estadio-caliente', 'text': ''}","{'type': 'link', 'href': 'https://www.ligafemenil.mx/cancha/mxm/81200/eyJpZERpdmlzaW9uIjoiMTQiLCJpZFRlbXBvcmFkYSI6IjY4IiwiaWRUb3JuZW8iOiIxIiwiaWRDbHVibG9jYWwiOiIxMTE4MCIsImlkQ2x1YnZpc2l0YSI6IjExMTgzIiwiaWRQYXJ0aWRvIjoiODEyMDAiLCJwZXN0YW5hIjoiMyJ9/minuto-a-minuto-tijuana-vs-m-morelia-jornada-2-estadio-caliente', 'text': ''}","{'type': 'link', 'href': 'https://www.ligafemenil.mx/cancha/informeArbitral/81200/eyJpZERpdmlzaW9uIjoiMTQiLCJpZFRlbXBvcmFkYSI6IjY4IiwiaWRUb3JuZW8iOiIxIiwiaWRDbHVibG9jYWwiOiIxMTE4MCIsImlkQ2x1YnZpc2l0YSI6IjExMTgzIn0=/informe-arbitral-tijuana-vs-m-morelia-jornada-2-estadio-caliente', 'text': ''}","{'type': 'link', 'href': 'https://www.ligafemenil.mx/cancha/mxm/81200/eyJpZERpdmlzaW9uIjoiMTQiLCJpZFRlbXBvcmFkYSI6IjY4IiwiaWRUb3JuZW8iOiIxIiwiaWRDbHVibG9jYWwiOiIxMTE4MCIsImlkQ2x1YnZpc2l0YSI6IjExMTgzIiwiaWRQYXJ0aWRvIjoiODEyMDAiLCJwZXN0YW5hIjoiNCJ9/minuto-a-minuto-tijuana-vs-m-morelia-jornada-2-estadio-caliente', 'text': ''}","{'type': 'link', 'href': 'https://www.ligafemenil.mx/cancha/galeria/ODEyMDAvMi82OC8xLzE0/tijuana-vs-m-morelia', 'text': ''}","{'type': 'link', 'href': 'https://www.ligafemenil.mx/cancha/playlist/81200/tijuana-vs-m-morelia', 'text': ''}"
2017-2018,Apertura,"{'type': 'text', 'value': 'Sábado 5 de Agosto de 2017\nTemporada 2017-2018\nTorneo Apertura\nJornada 2\n5 Agosto 2017 - 16:00 hrs.'}","{'type': 'link', 'href': 'https://www.ligafemenil.mx/cancha/club/11188/pumas', 'text': ''}","{'type': 'link', 'href': 'https://www.ligafemenil.mx/cancha/informeArbitral/81197/eyJpZERpdmlzaW9uIjoiMTQiLCJpZFRlbXBvcmFkYSI6IjY4IiwiaWRUb3JuZW8iOiIxIiwiaWRDbHVibG9jYWwiOjExMTg4LCJpZENsdWJ2aXNpdGEiOjExMTg3fQ==/informe-arbitral-pumas-vs-toluca-jornada-2-estadio-la-cantera', 'text': '1 - 1'}","{'type': 'link', 'href': 'https://www.ligafemenil.mx/cancha/club/11187/toluca', 'text': ''}","{'type': 'link', 'href': 'https://www.ligafemenil.mx/cancha/estadio/37/estadio-la-cantera', 'text': 'La Cantera'}","{'type': 'link', 'href': 'https://www.ligafemenil.mx/cancha/mxm/81197/eyJpZERpdmlzaW9uIjoiMTQiLCJpZFRlbXBvcmFkYSI6IjY4IiwiaWRUb3JuZW8iOiIxIiwiaWRDbHVibG9jYWwiOiIxMTE4OCIsImlkQ2x1YnZpc2l0YSI6IjExMTg3IiwiaWRQYXJ0aWRvIjoiODExOTciLCJwZXN0YW5hIjoiMSJ9/minuto-a-minuto-pumas-vs-toluca-jornada-2-estadio-la-cantera', 'text': ''}","{'type': 'link', 'href': 'https://www.ligafemenil.mx/cancha/mxm/81197/eyJpZERpdmlzaW9uIjoiMTQiLCJpZFRlbXBvcmFkYSI6IjY4IiwiaWRUb3JuZW8iOiIxIiwiaWRDbHVibG9jYWwiOiIxMTE4OCIsImlkQ2x1YnZpc2l0YSI6IjExMTg3IiwiaWRQYXJ0aWRvIjoiODExOTciLCJwZXN0YW5hIjoiMyJ9/minuto-a-minuto-pumas-vs-toluca-jornada-2-estadio-la-cantera', 'text': ''}","{'type': 'link', 'href': 'https://www.ligafemenil.mx/cancha/informeArbitral/81197/eyJpZERpdmlzaW9uIjoiMTQiLCJpZFRlbXBvcmFkYSI6IjY4IiwiaWRUb3JuZW8iOiIxIiwiaWRDbHVibG9jYWwiOiIxMTE4OCIsImlkQ2x1YnZpc2l0YSI6IjExMTg3In0=/informe-arbitral-pumas-vs-toluca-jornada-2-estadio-la-cantera', 'text': ''}","{'type': 'link', 'href': 'https://www.ligafemenil.mx/cancha/mxm/81197/eyJpZERpdmlzaW9uIjoiMTQiLCJpZFRlbXBvcmFkYSI6IjY4IiwiaWRUb3JuZW8iOiIxIiwiaWRDbHVibG9jYWwiOiIxMTE4OCIsImlkQ2x1YnZpc2l0YSI6IjExMTg3IiwiaWRQYXJ0aWRvIjoiODExOTciLCJwZXN0YW5hIjoiNCJ9/minuto-a-minuto-pumas-vs-toluca-jornada-2-estadio-la-cantera', 'text': ''}","{'type': 'link', 'href': 'https://www.ligafemenil.mx/cancha/galeria/ODExOTcvMi82OC8xLzE0/pumas-vs-toluca', 'text': ''}","{'type': 'link', 'href': 'https://www.ligafemenil.mx/cancha/playlist/81197/pumas-vs-toluca', 'text': ''}"
2017-2018,Apertura,"{'type': 'text', 'value': 'Sábado 5 de Agosto de 2017\nTemporada 2017-2018\nTorneo Apertura\nJornada 2\n5 Agosto 2017 - 18:00 hrs.'}","{'type': 'link', 'href': 'https://www.ligafemenil.mx/cancha/club/11242/veracruz', 'text': ''}","{'type': 'link', 'href': 'https://www.ligafemenil.mx/cancha/informeArbitral/81189/eyJpZERpdmlzaW9uIjoiMTQiLCJpZFRlbXBvcmFkYSI6IjY4IiwiaWRUb3JuZW8iOiIxIiwiaWRDbHVibG9jYWwiOjExMjQyLCJpZENsdWJ2aXNpdGEiOjExMTg0fQ==/informe-arbitral-veracruz-vs-pachuca-jornada-2-estadio-luis-pirata-fuente', 'text': '0 - 2'}","{'type': 'link', 'href': 'https://www.ligafemenil.mx/cancha/club/11184/pachuca', 'text': ''}","{'type': 'link', 'href': 'https://www.ligafemenil.mx/cancha/estadio/57/estadio-luis-pirata-fuente', 'text': 'Luis Pirata Fuente'}","{'type': 'link', 'href': 'https://www.ligafemenil.mx/cancha/mxm/81189/eyJpZERpdmlzaW9uIjoiMTQiLCJpZFRlbXBvcmFkYSI6IjY4IiwiaWRUb3JuZW8iOiIxIiwiaWRDbHVibG9jYWwiOiIxMTI0MiIsImlkQ2x1YnZpc2l0YSI6IjExMTg0IiwiaWRQYXJ0aWRvIjoiODExODkiLCJwZXN0YW5hIjoiMSJ9/minuto-a-minuto-veracruz-vs-pachuca-jornada-2-estadio-luis-pirata-fuente', 'text': ''}","{'type': 'link', 'href': 'https://www.ligafemenil.mx/cancha/mxm/81189/eyJpZERpdmlzaW9uIjoiMTQiLCJpZFRlbXBvcmFkYSI6IjY4IiwiaWRUb3JuZW8iOiIxIiwiaWRDbHVibG9jYWwiOiIxMTI0MiIsImlkQ2x1YnZpc2l0YSI6IjExMTg0IiwiaWRQYXJ0aWRvIjoiODExODkiLCJwZXN0YW5hIjoiMyJ9/minuto-a-minuto-veracruz-vs-pachuca-jornada-2-estadio-luis-pirata-fuente', 'text': ''}","{'type': 'link', 'href': 'https://www.ligafemenil.mx/cancha/informeArbitral/81189/eyJpZERpdmlzaW9uIjoiMTQiLCJpZFRlbXBvcmFkYSI6IjY4IiwiaWRUb3JuZW8iOiIxIiwiaWRDbHVibG9jYWwiOiIxMTI0MiIsImlkQ2x1YnZpc2l0YSI6IjExMTg0In0=/informe-arbitral-veracruz-vs-pachuca-jornada-2-estadio-luis-pirata-fuente', 'text': ''}","{'type': 'link', 'href': 'https://www.ligafemenil.mx/cancha/mxm/81189/eyJpZERpdmlzaW9uIjoiMTQiLCJpZFRlbXBvcmFkYSI6IjY4IiwiaWRUb3JuZW8iOiIxIiwiaWRDbHVibG9jYWwiOiIxMTI0MiIsImlkQ2x1YnZpc2l0YSI6IjExMTg0IiwiaWRQYXJ0aWRvIjoiODExODkiLCJwZXN0YW5hIjoiNCJ9/minuto-a-minuto-veracruz-vs-pachuca-jornada-2-estadio-luis-pirata-fuente', 'text': ''}","{'type': 'link', 'href': 'https://www.ligafemenil.mx/cancha/galeria/ODExODkvMi82OC8xLzE0/veracruz-vs-pachuca', 'text': ''}","{'type': 'link', 'href': 'https://www.ligafemenil.mx/cancha/playlist/81189/veracruz-vs-pachuca', 'text': ''}"
2017-2018,Apertura,"{'type': 'text', 'value': 'Sábado 5 de Agosto de 2017\nTemporada 2017-2018\nTorneo Apertura\nJornada 2\n5 Agosto 2017 - 21:15 hrs.'}","{'type': 'link', 'href': 'https://www.ligafemenil.mx/cancha/club/11186/tigres-de-la-uanl', 'text': ''}","{'type': 'link', 'href': 'https://www.ligafemenil.mx/cancha/informeArbitral/81192/eyJpZERpdmlzaW9uIjoiMTQiLCJpZFRlbXBvcmFkYSI6IjY4IiwiaWRUb3JuZW8iOiIxIiwiaWRDbHVibG9jYWwiOjExMTg2LCJpZENsdWJ2aXNpdGEiOjExMTgyfQ==/informe-arbitral-tigres-de-la-uanl-vs-guadalajara-jornada-2-estadio-universitario', 'text': '2 - 0'}","{'type': 'link', 'href': 'https://www.ligafemenil.mx/cancha/club/11182/guadalajara', 'text': ''}","{'type': 'link', 'href': 'https://www.ligafemenil.mx/cancha/estadio/12/estadio-universitario', 'text': 'Universitario'}","{'type': 'link', 'href': 'https://www.ligafemenil.mx/cancha/mxm/81192/eyJpZERpdmlzaW9uIjoiMTQiLCJpZFRlbXBvcmFkYSI6IjY4IiwiaWRUb3JuZW8iOiIxIiwiaWRDbHVibG9jYWwiOiIxMTE4NiIsImlkQ2x1YnZpc2l0YSI6IjExMTgyIiwiaWRQYXJ0aWRvIjoiODExOTIiLCJwZXN0YW5hIjoiMSJ9/minuto-a-minuto-tigres-de-la-uanl-vs-guadalajara-jornada-2-estadio-universitario', 'text': ''}","{'type': 'link', 'href': 'https://www.ligafemenil.mx/cancha/mxm/81192/eyJpZERpdmlzaW9uIjoiMTQiLCJpZFRlbXBvcmFkYSI6IjY4IiwiaWRUb3JuZW8iOiIxIiwiaWRDbHVibG9jYWwiOiIxMTE4NiIsImlkQ2x1YnZpc2l0YSI6IjExMTgyIiwiaWRQYXJ0aWRvIjoiODExOTIiLCJwZXN0YW5hIjoiMyJ9/minuto-a-minuto-tigres-de-la-uanl-vs-guadalajara-jornada-2-estadio-universitario', 'text': ''}","{'type': 'link', 'href': 'https://www.ligafemenil.mx/cancha/informeArbitral/81192/eyJpZERpdmlzaW9uIjoiMTQiLCJpZFRlbXBvcmFkYSI6IjY4IiwiaWRUb3JuZW8iOiIxIiwiaWRDbHVibG9jYWwiOiIxMTE4NiIsImlkQ2x1YnZpc2l0YSI6IjExMTgyIn0=/informe-arbitral-tigres-de-la-uanl-vs-guadalajara-jornada-2-estadio-universitario', 'text': ''}","{'type': 'link', 'href': 'https://www.ligafemenil.mx/cancha/mxm/81192/eyJpZERpdmlzaW9uIjoiMTQiLCJpZFRlbXBvcmFkYSI6IjY4IiwiaWRUb3JuZW8iOiIxIiwiaWRDbHVibG9jYWwiOiIxMTE4NiIsImlkQ2x1YnZpc2l0YSI6IjExMTgyIiwiaWRQYXJ0aWRvIjoiODExOTIiLCJwZXN0YW5hIjoiNCJ9/minuto-a-minuto-tigres-de-la-uanl-vs-guadalajara-jornada-2-estadio-universitario', 'text': ''}","{'type': 'link', 'href': 'https://www.ligafemenil.mx/cancha/galeria/ODExOTIvMi82OC8xLzE0/tigres-de-la-uanl-vs-guadalajara', 'text': ''}","{'type': 'link', 'href': 'https://www.ligafemenil.mx/cancha/playlist/81192/tigres-de-la-uanl-vs-guadalajara', 'text': ''}"
2017-2018,Apertura,"{'type': 'text', 'value': 'Viernes 11 de Agosto de 2017\nTemporada 2017-2018\nTorneo Apertura\nJornada 3\n11 Agosto 2017 - 10:00 hrs.'}","{'type': 'link', 'href': 'https://www.ligafemenil.mx/cancha/club/11184/pachuca', 'text': ''}","{'type': 'link', 'href': 'https://www.ligafemenil.mx/cancha/informeArbitral/81203/eyJpZERpdmlzaW9uIjoiMTQiLCJpZFRlbXBvcmFkYSI6IjY4IiwiaWRUb3JuZW8iOiIxIiwiaWRDbHVibG9jYWwiOjExMTg0LCJpZENsdWJ2aXNpdGEiOjExMTgwfQ==/informe-arbitral-pachuca-vs-tijuana-jornada-3-estadio-hidalgo', 'text': '3 - 0'}","{'type': 'link', 'href': 'https://www.ligafemenil.mx/cancha/club/11180/tijuana', 'text': ''}","{'type': 'link', 'href': 'https://www.ligafemenil.mx/cancha/estadio/11/estadio-hidalgo', 'text': 'Hidalgo'}","{'type': 'link', 'href': 'https://www.ligafemenil.mx/cancha/mxm/81203/eyJpZERpdmlzaW9uIjoiMTQiLCJpZFRlbXBvcmFkYSI6IjY4IiwiaWRUb3JuZW8iOiIxIiwiaWRDbHVibG9jYWwiOiIxMTE4NCIsImlkQ2x1YnZpc2l0YSI6IjExMTgwIiwiaWRQYXJ0aWRvIjoiODEyMDMiLCJwZXN0YW5hIjoiMSJ9/minuto-a-minuto-pachuca-vs-tijuana-jornada-3-estadio-hidalgo', 'text': ''}","{'type': 'link', 'href': 'https://www.ligafemenil.mx/cancha/mxm/81203/eyJpZERpdmlzaW9uIjoiMTQiLCJpZFRlbXBvcmFkYSI6IjY4IiwiaWRUb3JuZW8iOiIxIiwiaWRDbHVibG9jYWwiOiIxMTE4NCIsImlkQ2x1YnZpc2l0YSI6IjExMTgwIiwiaWRQYXJ0aWRvIjoiODEyMDMiLCJwZXN0YW5hIjoiMyJ9/minuto-a-minuto-pachuca-vs-tijuana-jornada-3-estadio-hidalgo', 'text': ''}","{'type': 'link', 'href': 'https://www.ligafemenil.mx/cancha/informeArbitral/81203/eyJpZERpdmlzaW9uIjoiMTQiLCJpZFRlbXBvcmFkYSI6IjY4IiwiaWRUb3JuZW8iOiIxIiwiaWRDbHVibG9jYWwiOiIxMTE4NCIsImlkQ2x1YnZpc2l0YSI6IjExMTgwIn0=/informe-arbitral-pachuca-vs-tijuana-jornada-3-estadio-hidalgo', 'text': ''}","{'type': 'link', 'href': 'https://www.ligafemenil.mx/cancha/mxm/81203/eyJpZERpdmlzaW9uIjoiMTQiLCJpZFRlbXBvcmFkYSI6IjY4IiwiaWRUb3JuZW8iOiIxIiwiaWRDbHVibG9jYWwiOiIxMTE4NCIsImlkQ2x1YnZpc2l0YSI6IjExMTgwIiwiaWRQYXJ0aWRvIjoiODEyMDMiLCJwZXN0YW5hIjoiNCJ9/minuto-a-minuto-pachuca-vs-tijuana-jornada-3-estadio-hidalgo', 'text': ''}","{'type': 'link', 'href': 'https://www.ligafemenil.mx/cancha/galeria/ODEyMDMvMy82OC8xLzE0/pachuca-vs-tijuana', 'text': ''}","{'type': 'link', 'href': 'https://www.ligafemenil.mx/cancha/playlist/81203/pachuca-vs-tijuana', 'text': ''}"
2017-2018,Apertura,"{'type': 'text', 'value': 'Viernes 11 de Agosto de 2017\nTemporada 2017-2018\nTorneo Apertura\nJornada 3\n11 Agosto 2017 - 12:00 hrs.'}","{'type': 'link', 'href': 'https://www.ligafemenil.mx/cancha/club/11187/toluca', 'text': ''}","{'type': 'link', 'href': 'https://www.ligafemenil.mx/cancha/informeArbitral/81209/eyJpZERpdmlzaW9uIjoiMTQiLCJpZFRlbXBvcmFkYSI6IjY4IiwiaWRUb3JuZW8iOiIxIiwiaWRDbHVibG9jYWwiOjExMTg3LCJpZENsdWJ2aXNpdGEiOjExMTkxfQ==/informe-arbitral-toluca-vs-america-jornada-3-estadio-nemesio-diez', 'text': '1 - 2'}","{'type': 'link', 'href': 'https://www.ligafemenil.mx/cancha/club/11191/america', 'text': ''}","{'type': 'link', 'href': 'https://www.ligafemenil.mx/cancha/estadio/6/estadio-nemesio-diez', 'text': 'Nemesio Diez'}","{'type': 'link', 'href': 'https://www.ligafemenil.mx/cancha/mxm/81209/eyJpZERpdmlzaW9uIjoiMTQiLCJpZFRlbXBvcmFkYSI6IjY4IiwiaWRUb3JuZW8iOiIxIiwiaWRDbHVibG9jYWwiOiIxMTE4NyIsImlkQ2x1YnZpc2l0YSI6IjExMTkxIiwiaWRQYXJ0aWRvIjoiODEyMDkiLCJwZXN0YW5hIjoiMSJ9/minuto-a-minuto-toluca-vs-america-jornada-3-estadio-nemesio-diez', 'text': ''}","{'type': 'link', 'href': 'https://www.ligafemenil.mx/cancha/mxm/81209/eyJpZERpdmlzaW9uIjoiMTQiLCJpZFRlbXBvcmFkYSI6IjY4IiwiaWRUb3JuZW8iOiIxIiwiaWRDbHVibG9jYWwiOiIxMTE4NyIsImlkQ2x1YnZpc2l0YSI6IjExMTkxIiwiaWRQYXJ0aWRvIjoiODEyMDkiLCJwZXN0YW5hIjoiMyJ9/minuto-a-minuto-toluca-vs-america-jornada-3-estadio-nemesio-diez', 'text': ''}","{'type': 'link', 'href': 'https://www.ligafemenil.mx/cancha/informeArbitral/81209/eyJpZERpdmlzaW9uIjoiMTQiLCJpZFRlbXBvcmFkYSI6IjY4IiwiaWRUb3JuZW8iOiIxIiwiaWRDbHVibG9jYWwiOiIxMTE4NyIsImlkQ2x1YnZpc2l0YSI6IjExMTkxIn0=/informe-arbitral-toluca-vs-america-jornada-3-estadio-nemesio-diez', 'text': ''}","{'type': 'link', 'href': 'https://www.ligafemenil.mx/cancha/mxm/81209/eyJpZERpdmlzaW9uIjoiMTQiLCJpZFRlbXBvcmFkYSI6IjY4IiwiaWRUb3JuZW8iOiIxIiwiaWRDbHVibG9jYWwiOiIxMTE4NyIsImlkQ2x1YnZpc2l0YSI6IjExMTkxIiwiaWRQYXJ0aWRvIjoiODEyMDkiLCJwZXN0YW5hIjoiNCJ9/minuto-a-minuto-toluca-vs-america-jornada-3-estadio-nemesio-diez', 'text': ''}","{'type': 'link', 'href': 'https://www.ligafemenil.mx/cancha/galeria/ODEyMDkvMy82OC8xLzE0/toluca-vs-america', 'text': ''}","{'type': 'link', 'href': 'https://www.ligafemenil.mx/cancha/playlist/81209/toluca-vs-america', 'text': ''}"
2017-2018,Apertura,"{'type': 'text', 'value': 'Viernes 11 de Agosto de 2017\nTemporada 2017-2018\nTorneo Apertura\nJornada 3\n11 Agosto 2017 - 17:00 hrs.'}","{'type': 'link', 'href': 'https://www.ligafemenil.mx/cancha/club/11243/leon', 'text': ''}","{'type': 'link', 'href': 'https://www.ligafemenil.mx/cancha/informeArbitral/81206/eyJpZERpdmlzaW9uIjoiMTQiLCJpZFRlbXBvcmFkYSI6IjY4IiwiaWRUb3JuZW8iOiIxIiwiaWRDbHVibG9jYWwiOjExMjQzLCJpZENsdWJ2aXNpdGEiOjExMjQ1fQ==/informe-arbitral-leon-vs-atlas-jornada-3-estadio-nou-camp', 'text': '1 - 3'}","{'type': 'link', 'href': 'https://www.ligafemenil.mx/cancha/club/11245/atlas', 'text': ''}","{'type': 'link', 'href': 'https://www.ligafemenil.mx/cancha/estadio/23/estadio-nou-camp', 'text': 'Nou Camp'}","{'type': 'link', 'href': 'https://www.ligafemenil.mx/cancha/mxm/81206/eyJpZERpdmlzaW9uIjoiMTQiLCJpZFRlbXBvcmFkYSI6IjY4IiwiaWRUb3JuZW8iOiIxIiwiaWRDbHVibG9jYWwiOiIxMTI0MyIsImlkQ2x1YnZpc2l0YSI6IjExMjQ1IiwiaWRQYXJ0aWRvIjoiODEyMDYiLCJwZXN0YW5hIjoiMSJ9/minuto-a-minuto-leon-vs-atlas-jornada-3-estadio-nou-camp', 'text': ''}","{'type': 'link', 'href': 'https://www.ligafemenil.mx/cancha/mxm/81206/eyJpZERpdmlzaW9uIjoiMTQiLCJpZFRlbXBvcmFkYSI6IjY4IiwiaWRUb3JuZW8iOiIxIiwiaWRDbHVibG9jYWwiOiIxMTI0MyIsImlkQ2x1YnZpc2l0YSI6IjExMjQ1IiwiaWRQYXJ0aWRvIjoiODEyMDYiLCJwZXN0YW5hIjoiMyJ9/minuto-a-minuto-leon-vs-atlas-jornada-3-estadio-nou-camp', 'text': ''}","{'type': 'link', 'href': 'https://www.ligafemenil.mx/cancha/informeArbitral/81206/eyJpZERpdmlzaW9uIjoiMTQiLCJpZFRlbXBvcmFkYSI6IjY4IiwiaWRUb3JuZW8iOiIxIiwiaWRDbHVibG9jYWwiOiIxMTI0MyIsImlkQ2x1YnZpc2l0YSI6IjExMjQ1In0=/informe-arbitral-leon-vs-atlas-jornada-3-estadio-nou-camp', 'text': ''}","{'type': 'link', 'href': 'https://www.ligafemenil.mx/cancha/mxm/81206/eyJpZERpdmlzaW9uIjoiMTQiLCJpZFRlbXBvcmFkYSI6IjY4IiwiaWRUb3JuZW8iOiIxIiwiaWRDbHVibG9jYWwiOiIxMTI0MyIsImlkQ2x1YnZpc2l0YSI6IjExMjQ1IiwiaWRQYXJ0aWRvIjoiODEyMDYiLCJwZXN0YW5hIjoiNCJ9/minuto-a-minuto-leon-vs-atlas-jornada-3-estadio-nou-camp', 'text': ''}","{'type': 'link', 'href': 'https://www.ligafemenil.mx/cancha/galeria/ODEyMDYvMy82OC8xLzE0/leon-vs-atlas', 'text': ''}","{'type': 'link', 'href': 'https://www.ligafemenil.mx/cancha/playlist/81206/leon-vs-atlas', 'text': ''}"
2017-2018,Apertura,"{'type': 'text', 'value': 'Sábado 12 de Agosto de 2017\nTemporada 2017-2018\nTorneo Apertura\nJornada 3\n12 Agosto 2017 - 09:00 hrs.'}","{'type': 'link', 'href': 'https://www.ligafemenil.mx/cancha/club/11192/santos-laguna', 'text': ''}","{'type': 'link', 'href': 'https://www.ligafemenil.mx/cancha/informeArbitral/81212/eyJpZERpdmlzaW9uIjoiMTQiLCJpZFRlbXBvcmFkYSI6IjY4IiwiaWRUb3JuZW8iOiIxIiwiaWRDbHVibG9jYWwiOjExMTkyLCJpZENsdWJ2aXNpdGEiOjExMTg2fQ==/informe-arbitral-santos-laguna-vs-tigres-de-la-uanl-jornada-3-estadio-cancha-alterna-tsm-cancha-2-sintetica', 'text': '0 - 6'}","{'type': 'link', 'href': 'https://www.ligafemenil.mx/cancha/club/11186/tigres-de-la-uanl', 'text': ''}","{'type': 'link', 'href': 'https://www.ligafemenil.mx/cancha/estadio/64/estadio-cancha-alterna-tsm-cancha-2-sintetica', 'text': 'Cancha Alterna TSM Cancha 2 Sintética'}","{'type': 'link', 'href': 'https://www.ligafemenil.mx/cancha/mxm/81212/eyJpZERpdmlzaW9uIjoiMTQiLCJpZFRlbXBvcmFkYSI6IjY4IiwiaWRUb3JuZW8iOiIxIiwiaWRDbHVibG9jYWwiOiIxMTE5MiIsImlkQ2x1YnZpc2l0YSI6IjExMTg2IiwiaWRQYXJ0aWRvIjoiODEyMTIiLCJwZXN0YW5hIjoiMSJ9/minuto-a-minuto-santos-laguna-vs-tigres-de-la-uanl-jornada-3-estadio-cancha-alterna-tsm-cancha-2-sintetica', 'text': ''}","{'type': 'link', 'href': 'https://www.ligafemenil.mx/cancha/mxm/81212/eyJpZERpdmlzaW9uIjoiMTQiLCJpZFRlbXBvcmFkYSI6IjY4IiwiaWRUb3JuZW8iOiIxIiwiaWRDbHVibG9jYWwiOiIxMTE5MiIsImlkQ2x1YnZpc2l0YSI6IjExMTg2IiwiaWRQYXJ0aWRvIjoiODEyMTIiLCJwZXN0YW5hIjoiMyJ9/minuto-a-minuto-santos-laguna-vs-tigres-de-la-uanl-jornada-3-estadio-cancha-alterna-tsm-cancha-2-sintetica', 'text': ''}","{'type': 'link', 'href': 'https://www.ligafemenil.mx/cancha/informeArbitral/81212/eyJpZERpdmlzaW9uIjoiMTQiLCJpZFRlbXBvcmFkYSI6IjY4IiwiaWRUb3JuZW8iOiIxIiwiaWRDbHVibG9jYWwiOiIxMTE5MiIsImlkQ2x1YnZpc2l0YSI6IjExMTg2In0=/informe-arbitral-santos-laguna-vs-tigres-de-la-uanl-jornada-3-estadio-cancha-alterna-tsm-cancha-2-sintetica', 'text': ''}","{'type': 'link', 'href': 'https://www.ligafemenil.mx/cancha/mxm/81212/eyJpZERpdmlzaW9uIjoiMTQiLCJpZFRlbXBvcmFkYSI6IjY4IiwiaWRUb3JuZW8iOiIxIiwiaWRDbHVibG9jYWwiOiIxMTE5MiIsImlkQ2x1YnZpc2l0YSI6IjExMTg2IiwiaWRQYXJ0aWRvIjoiODEyMTIiLCJwZXN0YW5hIjoiNCJ9/minuto-a-minuto-santos-laguna-vs-tigres-de-la-uanl-jornada-3-estadio-cancha-alterna-tsm-cancha-2-sintetica', 'text': ''}","{'type': 'link', 'href': 'https://www.ligafemenil.mx/cancha/galeria/ODEyMTIvMy82OC8xLzE0/santos-laguna-vs-tigres-de-la-uanl', 'text': ''}","{'type': 'link', 'href': 'https://www.ligafemenil.mx/cancha/playlist/81212/santos-laguna-vs-tigres-de-la-uanl', 'text': ''}"
2017-2018,Apertura,"{'type': 'text', 'value': 'Sábado 12 de Agosto de 2017\nTemporada 2017-2018\nTorneo Apertura\nJornada 3\n12 Agosto 2017 - 11:00 hrs.'}","{'type': 'link', 'href': 'https://www.ligafemenil.mx/cancha/club/11182/guadalajara', 'text': ''}","{'type': 'link', 'href': 'https://www.ligafemenil.mx/cancha/informeArbitral/81214/eyJpZERpdmlzaW9uIjoiMTQiLCJpZFRlbXBvcmFkYSI6IjY4IiwiaWRUb3JuZW8iOiIxIiwiaWRDbHVibG9jYWwiOjExMTgyLCJpZENsdWJ2aXNpdGEiOjExMTg5fQ==/informe-arbitral-guadalajara-vs-necaxa-jornada-3-estadio-verde-valle', 'text': '1 - 0'}","{'type': 'link', 'href': 'https://www.ligafemenil.mx/cancha/club/11189/necaxa', 'text': ''}","{'type': 'link', 'href': 'https://www.ligafemenil.mx/cancha/estadio/36/estadio-verde-valle', 'text': 'Verde Valle'}","{'type': 'link', 'href': 'https://www.ligafemenil.mx/cancha/mxm/81214/eyJpZERpdmlzaW9uIjoiMTQiLCJpZFRlbXBvcmFkYSI6IjY4IiwiaWRUb3JuZW8iOiIxIiwiaWRDbHVibG9jYWwiOiIxMTE4MiIsImlkQ2x1YnZpc2l0YSI6IjExMTg5IiwiaWRQYXJ0aWRvIjoiODEyMTQiLCJwZXN0YW5hIjoiMSJ9/minuto-a-minuto-guadalajara-vs-necaxa-jornada-3-estadio-verde-valle', 'text': ''}","{'type': 'link', 'href': 'https://www.ligafemenil.mx/cancha/mxm/81214/eyJpZERpdmlzaW9uIjoiMTQiLCJpZFRlbXBvcmFkYSI6IjY4IiwiaWRUb3JuZW8iOiIxIiwiaWRDbHVibG9jYWwiOiIxMTE4MiIsImlkQ2x1YnZpc2l0YSI6IjExMTg5IiwiaWRQYXJ0aWRvIjoiODEyMTQiLCJwZXN0YW5hIjoiMyJ9/minuto-a-minuto-guadalajara-vs-necaxa-jornada-3-estadio-verde-valle', 'text': ''}","{'type': 'link', 'href': 'https://www.ligafemenil.mx/cancha/informeArbitral/81214/eyJpZERpdmlzaW9uIjoiMTQiLCJpZFRlbXBvcmFkYSI6IjY4IiwiaWRUb3JuZW8iOiIxIiwiaWRDbHVibG9jYWwiOiIxMTE4MiIsImlkQ2x1YnZpc2l0YSI6IjExMTg5In0=/informe-arbitral-guadalajara-vs-necaxa-jornada-3-estadio-verde-valle', 'text': ''}","{'type': 'link', 'href': 'https://www.ligafemenil.mx/cancha/mxm/81214/eyJpZERpdmlzaW9uIjoiMTQiLCJpZFRlbXBvcmFkYSI6IjY4IiwiaWRUb3JuZW8iOiIxIiwiaWRDbHVibG9jYWwiOiIxMTE4MiIsImlkQ2x1YnZpc2l0YSI6IjExMTg5IiwiaWRQYXJ0aWRvIjoiODEyMTQiLCJwZXN0YW5hIjoiNCJ9/minuto-a-minuto-guadalajara-vs-necaxa-jornada-3-estadio-verde-valle', 'text': ''}","{'type': 'link', 'href': 'https://www.ligafemenil.mx/cancha/galeria/ODEyMTQvMy82OC8xLzE0/guadalajara-vs-necaxa', 'text': ''}","{'type': 'link', 'href': 'https://www.ligafemenil.mx/cancha/playlist/81214/guadalajara-vs-necaxa', 'text': ''}"
2017-2018,Apertura,"{'type': 'text', 'value': 'Sábado 12 de Agosto de 2017\nTemporada 2017-2018\nTorneo Apertura\nJornada 3\n12 Agosto 2017 - 12:30 hrs.'}","{'type': 'link', 'href': 'https://www.ligafemenil.mx/cancha/club/11183/m-morelia', 'text': ''}","{'type': 'link', 'href': 'https://www.ligafemenil.mx/cancha/informeArbitral/81219/eyJpZERpdmlzaW9uIjoiMTQiLCJpZFRlbXBvcmFkYSI6IjY4IiwiaWRUb3JuZW8iOiIxIiwiaWRDbHVibG9jYWwiOjExMTgzLCJpZENsdWJ2aXNpdGEiOjExMTgxfQ==/informe-arbitral-m-morelia-vs-cruz-azul-jornada-3-estadio-jose-maria-morelos-y-pavon', 'text': '0 - 1'}","{'type': 'link', 'href': 'https://www.ligafemenil.mx/cancha/club/11181/cruz-azul', 'text': ''}","{'type': 'link', 'href': 'https://www.ligafemenil.mx/cancha/estadio/10/estadio-jose-maria-morelos-y-pavon', 'text': 'José María Morelos y Pavón'}","{'type': 'link', 'href': 'https://www.ligafemenil.mx/cancha/mxm/81219/eyJpZERpdmlzaW9uIjoiMTQiLCJpZFRlbXBvcmFkYSI6IjY4IiwiaWRUb3JuZW8iOiIxIiwiaWRDbHVibG9jYWwiOiIxMTE4MyIsImlkQ2x1YnZpc2l0YSI6IjExMTgxIiwiaWRQYXJ0aWRvIjoiODEyMTkiLCJwZXN0YW5hIjoiMSJ9/minuto-a-minuto-m-morelia-vs-cruz-azul-jornada-3-estadio-jose-maria-morelos-y-pavon', 'text': ''}","{'type': 'link', 'href': 'https://www.ligafemenil.mx/cancha/mxm/81219/eyJpZERpdmlzaW9uIjoiMTQiLCJpZFRlbXBvcmFkYSI6IjY4IiwiaWRUb3JuZW8iOiIxIiwiaWRDbHVibG9jYWwiOiIxMTE4MyIsImlkQ2x1YnZpc2l0YSI6IjExMTgxIiwiaWRQYXJ0aWRvIjoiODEyMTkiLCJwZXN0YW5hIjoiMyJ9/minuto-a-minuto-m-morelia-vs-cruz-azul-jornada-3-estadio-jose-maria-morelos-y-pavon', 'text': ''}","{'type': 'link', 'href': 'https://www.ligafemenil.mx/cancha/informeArbitral/81219/eyJpZERpdmlzaW9uIjoiMTQiLCJpZFRlbXBvcmFkYSI6IjY4IiwiaWRUb3JuZW8iOiIxIiwiaWRDbHVibG9jYWwiOiIxMTE4MyIsImlkQ2x1YnZpc2l0YSI6IjExMTgxIn0=/informe-arbitral-m-morelia-vs-cruz-azul-jornada-3-estadio-jose-maria-morelos-y-pavon', 'text': ''}","{'type': 'link', 'href': 'https://www.ligafemenil.mx/cancha/mxm/81219/eyJpZERpdmlzaW9uIjoiMTQiLCJpZFRlbXBvcmFkYSI6IjY4IiwiaWRUb3JuZW8iOiIxIiwiaWRDbHVibG9jYWwiOiIxMTE4MyIsImlkQ2x1YnZpc2l0YSI6IjExMTgxIiwiaWRQYXJ0aWRvIjoiODEyMTkiLCJwZXN0YW5hIjoiNCJ9/minuto-a-minuto-m-morelia-vs-cruz-azul-jornada-3-estadio-jose-maria-morelos-y-pavon', 'text': ''}","{'type': 'link', 'href': 'https://www.ligafemenil.mx/cancha/galeria/ODEyMTkvMy82OC8xLzE0/m-morelia-vs-cruz-azul', 'text': ''}","{'type': 'link', 'href': 'https://www.ligafemenil.mx/cancha/playlist/81219/m-morelia-vs-cruz-azul', 'text': ''}"
2017-2018,Apertura,"{'type': 'text', 'value': 'Sábado 12 de Agosto de 2017\nTemporada 2017-2018\nTorneo Apertura\nJornada 3\n12 Agosto 2017 - 16:00 hrs.'}","{'type': 'link', 'href': 'https://www.ligafemenil.mx/cancha/club/11188/pumas', 'text': ''}","{'type': 'link', 'href': 'https://www.ligafemenil.mx/cancha/informeArbitral/81220/eyJpZERpdmlzaW9uIjoiMTQiLCJpZFRlbXBvcmFkYSI6IjY4IiwiaWRUb3JuZW8iOiIxIiwiaWRDbHVibG9jYWwiOjExMTg4LCJpZENsdWJ2aXNpdGEiOjExMjQyfQ==/informe-arbitral-pumas-vs-veracruz-jornada-3-estadio-la-cantera', 'text': '3 - 0'}","{'type': 'link', 'href': 'https://www.ligafemenil.mx/cancha/club/11242/veracruz', 'text': ''}","{'type': 'link', 'href': 'https://www.ligafemenil.mx/cancha/estadio/37/estadio-la-cantera', 'text': 'La Cantera'}","{'type': 'link', 'href': 'https://www.ligafemenil.mx/cancha/mxm/81220/eyJpZERpdmlzaW9uIjoiMTQiLCJpZFRlbXBvcmFkYSI6IjY4IiwiaWRUb3JuZW8iOiIxIiwiaWRDbHVibG9jYWwiOiIxMTE4OCIsImlkQ2x1YnZpc2l0YSI6IjExMjQyIiwiaWRQYXJ0aWRvIjoiODEyMjAiLCJwZXN0YW5hIjoiMSJ9/minuto-a-minuto-pumas-vs-veracruz-jornada-3-estadio-la-cantera', 'text': ''}","{'type': 'link', 'href': 'https://www.ligafemenil.mx/cancha/mxm/81220/eyJpZERpdmlzaW9uIjoiMTQiLCJpZFRlbXBvcmFkYSI6IjY4IiwiaWRUb3JuZW8iOiIxIiwiaWRDbHVibG9jYWwiOiIxMTE4OCIsImlkQ2x1YnZpc2l0YSI6IjExMjQyIiwiaWRQYXJ0aWRvIjoiODEyMjAiLCJwZXN0YW5hIjoiMyJ9/minuto-a-minuto-pumas-vs-veracruz-jornada-3-estadio-la-cantera', 'text': ''}","{'type': 'link', 'href': 'https://www.ligafemenil.mx/cancha/informeArbitral/81220/eyJpZERpdmlzaW9uIjoiMTQiLCJpZFRlbXBvcmFkYSI6IjY4IiwiaWRUb3JuZW8iOiIxIiwiaWRDbHVibG9jYWwiOiIxMTE4OCIsImlkQ2x1YnZpc2l0YSI6IjExMjQyIn0=/informe-arbitral-pumas-vs-veracruz-jornada-3-estadio-la-cantera', 'text': ''}","{'type': 'link', 'href': 'https://www.ligafemenil.mx/cancha/mxm/81220/eyJpZERpdmlzaW9uIjoiMTQiLCJpZFRlbXBvcmFkYSI6IjY4IiwiaWRUb3JuZW8iOiIxIiwiaWRDbHVibG9jYWwiOiIxMTE4OCIsImlkQ2x1YnZpc2l0YSI6IjExMjQyIiwiaWRQYXJ0aWRvIjoiODEyMjAiLCJwZXN0YW5hIjoiNCJ9/minuto-a-minuto-pumas-vs-veracruz-jornada-3-estadio-la-cantera', 'text': ''}","{'type': 'link', 'href': 'https://www.ligafemenil.mx/cancha/galeria/ODEyMjAvMy82OC8xLzE0/pumas-vs-veracruz', 'text': ''}","{'type': 'link', 'href': 'https://www.ligafemenil.mx/cancha/playlist/81220/pumas-vs-veracruz', 'text': ''}"
2017-2018,Apertura,"{'type': 'text', 'value': 'Sábado 12 de Agosto de 2017\nTemporada 2017-2018\nTorneo Apertura\nJornada 3\n12 Agosto 2017 - 21:15 hrs.'}","{'type': 'link', 'href': 'https://www.ligafemenil.mx/cancha/club/11185/rayados-de-monterrey', 'text': ''}","{'type': 'link', 'href': 'https://www.ligafemenil.mx/cancha/informeArbitral/81223/eyJpZERpdmlzaW9uIjoiMTQiLCJpZFRlbXBvcmFkYSI6IjY4IiwiaWRUb3JuZW8iOiIxIiwiaWRDbHVibG9jYWwiOjExMTg1LCJpZENsdWJ2aXNpdGEiOjExMjQ0fQ==/informe-arbitral-rayados-de-monterrey-vs-queretaro-jornada-3-estadio-bbva-bancomer', 'text': '2 - 1'}","{'type': 'link', 'href': 'https://www.ligafemenil.mx/cancha/club/11244/queretaro', 'text': ''}","{'type': 'link', 'href': 'https://www.ligafemenil.mx/cancha/estadio/1254/estadio-bbva-bancomer', 'text': 'BBVA Bancomer'}","{'type': 'link', 'href': 'https://www.ligafemenil.mx/cancha/mxm/81223/eyJpZERpdmlzaW9uIjoiMTQiLCJpZFRlbXBvcmFkYSI6IjY4IiwiaWRUb3JuZW8iOiIxIiwiaWRDbHVibG9jYWwiOiIxMTE4NSIsImlkQ2x1YnZpc2l0YSI6IjExMjQ0IiwiaWRQYXJ0aWRvIjoiODEyMjMiLCJwZXN0YW5hIjoiMSJ9/minuto-a-minuto-rayados-de-monterrey-vs-queretaro-jornada-3-estadio-bbva-bancomer', 'text': ''}","{'type': 'link', 'href': 'https://www.ligafemenil.mx/cancha/mxm/81223/eyJpZERpdmlzaW9uIjoiMTQiLCJpZFRlbXBvcmFkYSI6IjY4IiwiaWRUb3JuZW8iOiIxIiwiaWRDbHVibG9jYWwiOiIxMTE4NSIsImlkQ2x1YnZpc2l0YSI6IjExMjQ0IiwiaWRQYXJ0aWRvIjoiODEyMjMiLCJwZXN0YW5hIjoiMyJ9/minuto-a-minuto-rayados-de-monterrey-vs-queretaro-jornada-3-estadio-bbva-bancomer', 'text': ''}","{'type': 'link', 'href': 'https://www.ligafemenil.mx/cancha/informeArbitral/81223/eyJpZERpdmlzaW9uIjoiMTQiLCJpZFRlbXBvcmFkYSI6IjY4IiwiaWRUb3JuZW8iOiIxIiwiaWRDbHVibG9jYWwiOiIxMTE4NSIsImlkQ2x1YnZpc2l0YSI6IjExMjQ0In0=/informe-arbitral-rayados-de-monterrey-vs-queretaro-jornada-3-estadio-bbva-bancomer', 'text': ''}","{'type': 'link', 'href': 'https://www.ligafemenil.mx/cancha/mxm/81223/eyJpZERpdmlzaW9uIjoiMTQiLCJpZFRlbXBvcmFkYSI6IjY4IiwiaWRUb3JuZW8iOiIxIiwiaWRDbHVibG9jYWwiOiIxMTE4NSIsImlkQ2x1YnZpc2l0YSI6IjExMjQ0IiwiaWRQYXJ0aWRvIjoiODEyMjMiLCJwZXN0YW5hIjoiNCJ9/minuto-a-minuto-rayados-de-monterrey-vs-queretaro-jornada-3-estadio-bbva-bancomer', 'text': ''}","{'type': 'link', 'href': 'https://www.ligafemenil.mx/cancha/galeria/ODEyMjMvMy82OC8xLzE0/rayados-de-monterrey-vs-queretaro', 'text': ''}","{'type': 'link', 'href': 'https://www.ligafemenil.mx/cancha/playlist/81223/rayados-de-monterrey-vs-queretaro', 'text': ''}"
2017-2018,Apertura,"{'type': 'text', 'value': 'Viernes 18 de Agosto de 2017\nTemporada 2017-2018\nTorneo Apertura\nJornada 4\n18 Agosto 2017 - 16:00 hrs.'}","{'type': 'link', 'href': 'https://www.ligafemenil.mx/cancha/club/11189/necaxa', 'text': ''}","{'type': 'link', 'href': 'https://www.ligafemenil.mx/cancha/informeArbitral/81228/eyJpZERpdmlzaW9uIjoiMTQiLCJpZFRlbXBvcmFkYSI6IjY4IiwiaWRUb3JuZW8iOiIxIiwiaWRDbHVibG9jYWwiOjExMTg5LCJpZENsdWJ2aXNpdGEiOjExMTkyfQ==/informe-arbitral-necaxa-vs-santos-laguna-jornada-4-estadio-victoria', 'text': '1 - 1'}","{'type': 'link', 'href': 'https://www.ligafemenil.mx/cancha/club/11192/santos-laguna', 'text': ''}","{'type': 'link', 'href': 'https://www.ligafemenil.mx/cancha/estadio/15/estadio-victoria', 'text': 'Victoria'}","{'type': 'link', 'href': 'https://www.ligafemenil.mx/cancha/mxm/81228/eyJpZERpdmlzaW9uIjoiMTQiLCJpZFRlbXBvcmFkYSI6IjY4IiwiaWRUb3JuZW8iOiIxIiwiaWRDbHVibG9jYWwiOiIxMTE4OSIsImlkQ2x1YnZpc2l0YSI6IjExMTkyIiwiaWRQYXJ0aWRvIjoiODEyMjgiLCJwZXN0YW5hIjoiMSJ9/minuto-a-minuto-necaxa-vs-santos-laguna-jornada-4-estadio-victoria', 'text': ''}","{'type': 'link', 'href': 'https://www.ligafemenil.mx/cancha/mxm/81228/eyJpZERpdmlzaW9uIjoiMTQiLCJpZFRlbXBvcmFkYSI6IjY4IiwiaWRUb3JuZW8iOiIxIiwiaWRDbHVibG9jYWwiOiIxMTE4OSIsImlkQ2x1YnZpc2l0YSI6IjExMTkyIiwiaWRQYXJ0aWRvIjoiODEyMjgiLCJwZXN0YW5hIjoiMyJ9/minuto-a-minuto-necaxa-vs-santos-laguna-jornada-4-estadio-victoria', 'text': ''}","{'type': 'link', 'href': 'https://www.ligafemenil.mx/cancha/informeArbitral/81228/eyJpZERpdmlzaW9uIjoiMTQiLCJpZFRlbXBvcmFkYSI6IjY4IiwiaWRUb3JuZW8iOiIxIiwiaWRDbHVibG9jYWwiOiIxMTE4OSIsImlkQ2x1YnZpc2l0YSI6IjExMTkyIn0=/informe-arbitral-necaxa-vs-santos-laguna-jornada-4-estadio-victoria', 'text': ''}","{'type': 'link', 'href': 'https://www.ligafemenil.mx/cancha/mxm/81228/eyJpZERpdmlzaW9uIjoiMTQiLCJpZFRlbXBvcmFkYSI6IjY4IiwiaWRUb3JuZW8iOiIxIiwiaWRDbHVibG9jYWwiOiIxMTE4OSIsImlkQ2x1YnZpc2l0YSI6IjExMTkyIiwiaWRQYXJ0aWRvIjoiODEyMjgiLCJwZXN0YW5hIjoiNCJ9/minuto-a-minuto-necaxa-vs-santos-laguna-jornada-4-estadio-victoria', 'text': ''}","{'type': 'link', 'href': 'https://www.ligafemenil.mx/cancha/galeria/ODEyMjgvNC82OC8xLzE0/necaxa-vs-santos-laguna', 'text': ''}","{'type': 'link', 'href': 'https://www.ligafemenil.mx/cancha/playlist/81228/necaxa-vs-santos-laguna', 'text': ''}"
2017-2018,Apertura,"{'type': 'text', 'value': 'Sábado 19 de Agosto de 2017\nTemporada 2017-2018\nTorneo Apertura\nJornada 4\n19 Agosto 2017 - 09:00 hrs.'}","{'type': 'link', 'href': 'https://www.ligafemenil.mx/cancha/club/11242/veracruz', 'text': ''}","{'type': 'link', 'href': 'https://www.ligafemenil.mx/cancha/informeArbitral/81232/eyJpZERpdmlzaW9uIjoiMTQiLCJpZFRlbXBvcmFkYSI6IjY4IiwiaWRUb3JuZW8iOiIxIiwiaWRDbHVibG9jYWwiOjExMjQyLCJpZENsdWJ2aXNpdGEiOjExMTg3fQ==/informe-arbitral-veracruz-vs-toluca-jornada-4-estadio-luis-pirata-fuente', 'text': '2 - 3'}","{'type': 'link', 'href': 'https://www.ligafemenil.mx/cancha/club/11187/toluca', 'text': ''}","{'type': 'link', 'href': 'https://www.ligafemenil.mx/cancha/estadio/57/estadio-luis-pirata-fuente', 'text': 'Luis Pirata Fuente'}","{'type': 'link', 'href': 'https://www.ligafemenil.mx/cancha/mxm/81232/eyJpZERpdmlzaW9uIjoiMTQiLCJpZFRlbXBvcmFkYSI6IjY4IiwiaWRUb3JuZW8iOiIxIiwiaWRDbHVibG9jYWwiOiIxMTI0MiIsImlkQ2x1YnZpc2l0YSI6IjExMTg3IiwiaWRQYXJ0aWRvIjoiODEyMzIiLCJwZXN0YW5hIjoiMSJ9/minuto-a-minuto-veracruz-vs-toluca-jornada-4-estadio-luis-pirata-fuente', 'text': ''}","{'type': 'link', 'href': 'https://www.ligafemenil.mx/cancha/mxm/81232/eyJpZERpdmlzaW9uIjoiMTQiLCJpZFRlbXBvcmFkYSI6IjY4IiwiaWRUb3JuZW8iOiIxIiwiaWRDbHVibG9jYWwiOiIxMTI0MiIsImlkQ2x1YnZpc2l0YSI6IjExMTg3IiwiaWRQYXJ0aWRvIjoiODEyMzIiLCJwZXN0YW5hIjoiMyJ9/minuto-a-minuto-veracruz-vs-toluca-jornada-4-estadio-luis-pirata-fuente', 'text': ''}","{'type': 'link', 'href': 'https://www.ligafemenil.mx/cancha/informeArbitral/81232/eyJpZERpdmlzaW9uIjoiMTQiLCJpZFRlbXBvcmFkYSI6IjY4IiwiaWRUb3JuZW8iOiIxIiwiaWRDbHVibG9jYWwiOiIxMTI0MiIsImlkQ2x1YnZpc2l0YSI6IjExMTg3In0=/informe-arbitral-veracruz-vs-toluca-jornada-4-estadio-luis-pirata-fuente', 'text': ''}","{'type': 'link', 'href': 'https://www.ligafemenil.mx/cancha/mxm/81232/eyJpZERpdmlzaW9uIjoiMTQiLCJpZFRlbXBvcmFkYSI6IjY4IiwiaWRUb3JuZW8iOiIxIiwiaWRDbHVibG9jYWwiOiIxMTI0MiIsImlkQ2x1YnZpc2l0YSI6IjExMTg3IiwiaWRQYXJ0aWRvIjoiODEyMzIiLCJwZXN0YW5hIjoiNCJ9/minuto-a-minuto-veracruz-vs-toluca-jornada-4-estadio-luis-pirata-fuente', 'text': ''}","{'type': 'link', 'href': 'https://www.ligafemenil.mx/cancha/galeria/ODEyMzIvNC82OC8xLzE0/veracruz-vs-toluca', 'text': ''}","{'type': 'link', 'href': 'https://www.ligafemenil.mx/cancha/playlist/81232/veracruz-vs-toluca', 'text': ''}"
2017-2018,Apertura,"{'type': 'text', 'value': 'Sábado 19 de Agosto de 2017\nTemporada 2017-2018\nTorneo Apertura\nJornada 4\n19 Agosto 2017 - 11:00 hrs.'}","{'type': 'link', 'href': 'https://www.ligafemenil.mx/cancha/club/11245/atlas', 'text': ''}","{'type': 'link', 'href': 'https://www.ligafemenil.mx/cancha/informeArbitral/81241/eyJpZERpdmlzaW9uIjoiMTQiLCJpZFRlbXBvcmFkYSI6IjY4IiwiaWRUb3JuZW8iOiIxIiwiaWRDbHVibG9jYWwiOjExMjQ1LCJpZENsdWJ2aXNpdGEiOjExMTg1fQ==/informe-arbitral-atlas-vs-rayados-de-monterrey-jornada-4-estadio-colomos', 'text': '4 - 2'}","{'type': 'link', 'href': 'https://www.ligafemenil.mx/cancha/club/11185/rayados-de-monterrey', 'text': ''}","{'type': 'link', 'href': 'https://www.ligafemenil.mx/cancha/estadio/109/estadio-colomos', 'text': 'Colomos'}","{'type': 'link', 'href': 'https://www.ligafemenil.mx/cancha/mxm/81241/eyJpZERpdmlzaW9uIjoiMTQiLCJpZFRlbXBvcmFkYSI6IjY4IiwiaWRUb3JuZW8iOiIxIiwiaWRDbHVibG9jYWwiOiIxMTI0NSIsImlkQ2x1YnZpc2l0YSI6IjExMTg1IiwiaWRQYXJ0aWRvIjoiODEyNDEiLCJwZXN0YW5hIjoiMSJ9/minuto-a-minuto-atlas-vs-rayados-de-monterrey-jornada-4-estadio-colomos', 'text': ''}","{'type': 'link', 'href': 'https://www.ligafemenil.mx/cancha/mxm/81241/eyJpZERpdmlzaW9uIjoiMTQiLCJpZFRlbXBvcmFkYSI6IjY4IiwiaWRUb3JuZW8iOiIxIiwiaWRDbHVibG9jYWwiOiIxMTI0NSIsImlkQ2x1YnZpc2l0YSI6IjExMTg1IiwiaWRQYXJ0aWRvIjoiODEyNDEiLCJwZXN0YW5hIjoiMyJ9/minuto-a-minuto-atlas-vs-rayados-de-monterrey-jornada-4-estadio-colomos', 'text': ''}","{'type': 'link', 'href': 'https://www.ligafemenil.mx/cancha/informeArbitral/81241/eyJpZERpdmlzaW9uIjoiMTQiLCJpZFRlbXBvcmFkYSI6IjY4IiwiaWRUb3JuZW8iOiIxIiwiaWRDbHVibG9jYWwiOiIxMTI0NSIsImlkQ2x1YnZpc2l0YSI6IjExMTg1In0=/informe-arbitral-atlas-vs-rayados-de-monterrey-jornada-4-estadio-colomos', 'text': ''}","{'type': 'link', 'href': 'https://www.ligafemenil.mx/cancha/mxm/81241/eyJpZERpdmlzaW9uIjoiMTQiLCJpZFRlbXBvcmFkYSI6IjY4IiwiaWRUb3JuZW8iOiIxIiwiaWRDbHVibG9jYWwiOiIxMTI0NSIsImlkQ2x1YnZpc2l0YSI6IjExMTg1IiwiaWRQYXJ0aWRvIjoiODEyNDEiLCJwZXN0YW5hIjoiNCJ9/minuto-a-minuto-atlas-vs-rayados-de-monterrey-jornada-4-estadio-colomos', 'text': ''}","{'type': 'link', 'href': 'https://www.ligafemenil.mx/cancha/galeria/ODEyNDEvNC82OC8xLzE0/atlas-vs-rayados-de-monterrey', 'text': ''}","{'type': 'link', 'href': 'https://www.ligafemenil.mx/cancha/playlist/81241/atlas-vs-rayados-de-monterrey', 'text': ''}"
2017-2018,Apertura,"{'type': 'text', 'value': 'Sábado 19 de Agosto de 2017\nTemporada 2017-2018\nTorneo Apertura\nJornada 4\n19 Agosto 2017 - 11:00 hrs.'}","{'type': 'link', 'href': 'https://www.ligafemenil.mx/cancha/club/11181/cruz-azul', 'text': ''}","{'type': 'link', 'href': 'https://www.ligafemenil.mx/cancha/informeArbitral/81225/eyJpZERpdmlzaW9uIjoiMTQiLCJpZFRlbXBvcmFkYSI6IjY4IiwiaWRUb3JuZW8iOiIxIiwiaWRDbHVibG9jYWwiOjExMTgxLCJpZENsdWJ2aXNpdGEiOjExMTg0fQ==/informe-arbitral-cruz-azul-vs-pachuca-jornada-4-estadio-ciudad-de-los-deportes', 'text': '1 - 9'}","{'type': 'link', 'href': 'https://www.ligafemenil.mx/cancha/club/11184/pachuca', 'text': ''}","{'type': 'link', 'href': 'https://www.ligafemenil.mx/cancha/estadio/2/estadio-ciudad-de-los-deportes', 'text': 'Ciudad De Los Deportes'}","{'type': 'link', 'href': 'https://www.ligafemenil.mx/cancha/mxm/81225/eyJpZERpdmlzaW9uIjoiMTQiLCJpZFRlbXBvcmFkYSI6IjY4IiwiaWRUb3JuZW8iOiIxIiwiaWRDbHVibG9jYWwiOiIxMTE4MSIsImlkQ2x1YnZpc2l0YSI6IjExMTg0IiwiaWRQYXJ0aWRvIjoiODEyMjUiLCJwZXN0YW5hIjoiMSJ9/minuto-a-minuto-cruz-azul-vs-pachuca-jornada-4-estadio-ciudad-de-los-deportes', 'text': ''}","{'type': 'link', 'href': 'https://www.ligafemenil.mx/cancha/mxm/81225/eyJpZERpdmlzaW9uIjoiMTQiLCJpZFRlbXBvcmFkYSI6IjY4IiwiaWRUb3JuZW8iOiIxIiwiaWRDbHVibG9jYWwiOiIxMTE4MSIsImlkQ2x1YnZpc2l0YSI6IjExMTg0IiwiaWRQYXJ0aWRvIjoiODEyMjUiLCJwZXN0YW5hIjoiMyJ9/minuto-a-minuto-cruz-azul-vs-pachuca-jornada-4-estadio-ciudad-de-los-deportes', 'text': ''}","{'type': 'link', 'href': 'https://www.ligafemenil.mx/cancha/informeArbitral/81225/eyJpZERpdmlzaW9uIjoiMTQiLCJpZFRlbXBvcmFkYSI6IjY4IiwiaWRUb3JuZW8iOiIxIiwiaWRDbHVibG9jYWwiOiIxMTE4MSIsImlkQ2x1YnZpc2l0YSI6IjExMTg0In0=/informe-arbitral-cruz-azul-vs-pachuca-jornada-4-estadio-ciudad-de-los-deportes', 'text': ''}","{'type': 'link', 'href': 'https://www.ligafemenil.mx/cancha/mxm/81225/eyJpZERpdmlzaW9uIjoiMTQiLCJpZFRlbXBvcmFkYSI6IjY4IiwiaWRUb3JuZW8iOiIxIiwiaWRDbHVibG9jYWwiOiIxMTE4MSIsImlkQ2x1YnZpc2l0YSI6IjExMTg0IiwiaWRQYXJ0aWRvIjoiODEyMjUiLCJwZXN0YW5hIjoiNCJ9/minuto-a-minuto-cruz-azul-vs-pachuca-jornada-4-estadio-ciudad-de-los-deportes', 'text': ''}","{'type': 'link', 'href': 'https://www.ligafemenil.mx/cancha/galeria/ODEyMjUvNC82OC8xLzE0/cruz-azul-vs-pachuca', 'text': ''}","{'type': 'link', 'href': 'https://www.ligafemenil.mx/cancha/playlist/81225/cruz-azul-vs-pachuca', 'text': ''}"
2017-2018,Apertura,"{'type': 'text', 'value': 'Sábado 19 de Agosto de 2017\nTemporada 2017-2018\nTorneo Apertura\nJornada 4\n19 Agosto 2017 - 11:30 hrs.'}","{'type': 'link', 'href': 'https://www.ligafemenil.mx/cancha/club/11244/queretaro', 'text': ''}","{'type': 'link', 'href': 'https://www.ligafemenil.mx/cancha/informeArbitral/81238/eyJpZERpdmlzaW9uIjoiMTQiLCJpZFRlbXBvcmFkYSI6IjY4IiwiaWRUb3JuZW8iOiIxIiwiaWRDbHVibG9jYWwiOjExMjQ0LCJpZENsdWJ2aXNpdGEiOjExMTgyfQ==/informe-arbitral-queretaro-vs-guadalajara-jornada-4-estadio-la-corregidora', 'text': '1 - 3'}","{'type': 'link', 'href': 'https://www.ligafemenil.mx/cancha/club/11182/guadalajara', 'text': ''}","{'type': 'link', 'href': 'https://www.ligafemenil.mx/cancha/estadio/25/estadio-la-corregidora', 'text': 'La Corregidora'}","{'type': 'link', 'href': 'https://www.ligafemenil.mx/cancha/mxm/81238/eyJpZERpdmlzaW9uIjoiMTQiLCJpZFRlbXBvcmFkYSI6IjY4IiwiaWRUb3JuZW8iOiIxIiwiaWRDbHVibG9jYWwiOiIxMTI0NCIsImlkQ2x1YnZpc2l0YSI6IjExMTgyIiwiaWRQYXJ0aWRvIjoiODEyMzgiLCJwZXN0YW5hIjoiMSJ9/minuto-a-minuto-queretaro-vs-guadalajara-jornada-4-estadio-la-corregidora', 'text': ''}","{'type': 'link', 'href': 'https://www.ligafemenil.mx/cancha/mxm/81238/eyJpZERpdmlzaW9uIjoiMTQiLCJpZFRlbXBvcmFkYSI6IjY4IiwiaWRUb3JuZW8iOiIxIiwiaWRDbHVibG9jYWwiOiIxMTI0NCIsImlkQ2x1YnZpc2l0YSI6IjExMTgyIiwiaWRQYXJ0aWRvIjoiODEyMzgiLCJwZXN0YW5hIjoiMyJ9/minuto-a-minuto-queretaro-vs-guadalajara-jornada-4-estadio-la-corregidora', 'text': ''}","{'type': 'link', 'href': 'https://www.ligafemenil.mx/cancha/informeArbitral/81238/eyJpZERpdmlzaW9uIjoiMTQiLCJpZFRlbXBvcmFkYSI6IjY4IiwiaWRUb3JuZW8iOiIxIiwiaWRDbHVibG9jYWwiOiIxMTI0NCIsImlkQ2x1YnZpc2l0YSI6IjExMTgyIn0=/informe-arbitral-queretaro-vs-guadalajara-jornada-4-estadio-la-corregidora', 'text': ''}","{'type': 'link', 'href': 'https://www.ligafemenil.mx/cancha/mxm/81238/eyJpZERpdmlzaW9uIjoiMTQiLCJpZFRlbXBvcmFkYSI6IjY4IiwiaWRUb3JuZW8iOiIxIiwiaWRDbHVibG9jYWwiOiIxMTI0NCIsImlkQ2x1YnZpc2l0YSI6IjExMTgyIiwiaWRQYXJ0aWRvIjoiODEyMzgiLCJwZXN0YW5hIjoiNCJ9/minuto-a-minuto-queretaro-vs-guadalajara-jornada-4-estadio-la-corregidora', 'text': ''}","{'type': 'link', 'href': 'https://www.ligafemenil.mx/cancha/galeria/ODEyMzgvNC82OC8xLzE0/queretaro-vs-guadalajara', 'text': ''}","{'type': 'link', 'href': 'https://www.ligafemenil.mx/cancha/playlist/81238/queretaro-vs-guadalajara', 'text': ''}"
2017-2018,Apertura,"{'type': 'text', 'value': 'Sábado 19 de Agosto de 2017\nTemporada 2017-2018\nTorneo Apertura\nJornada 4\n19 Agosto 2017 - 16:00 hrs.'}","{'type': 'link', 'href': 'https://www.ligafemenil.mx/cancha/club/11191/america', 'text': ''}","{'type': 'link', 'href': 'https://www.ligafemenil.mx/cancha/informeArbitral/81243/eyJpZERpdmlzaW9uIjoiMTQiLCJpZFRlbXBvcmFkYSI6IjY4IiwiaWRUb3JuZW8iOiIxIiwiaWRDbHVibG9jYWwiOjExMTkxLCJpZENsdWJ2aXNpdGEiOjExMTgzfQ==/informe-arbitral-america-vs-m-morelia-jornada-4-estadio-azteca', 'text': '5 - 0'}","{'type': 'link', 'href': 'https://www.ligafemenil.mx/cancha/club/11183/m-morelia', 'text': ''}","{'type': 'link', 'href': 'https://www.ligafemenil.mx/cancha/estadio/1/estadio-azteca', 'text': 'Azteca'}","{'type': 'link', 'href': 'https://www.ligafemenil.mx/cancha/mxm/81243/eyJpZERpdmlzaW9uIjoiMTQiLCJpZFRlbXBvcmFkYSI6IjY4IiwiaWRUb3JuZW8iOiIxIiwiaWRDbHVibG9jYWwiOiIxMTE5MSIsImlkQ2x1YnZpc2l0YSI6IjExMTgzIiwiaWRQYXJ0aWRvIjoiODEyNDMiLCJwZXN0YW5hIjoiMSJ9/minuto-a-minuto-america-vs-m-morelia-jornada-4-estadio-azteca', 'text': ''}","{'type': 'link', 'href': 'https://www.ligafemenil.mx/cancha/mxm/81243/eyJpZERpdmlzaW9uIjoiMTQiLCJpZFRlbXBvcmFkYSI6IjY4IiwiaWRUb3JuZW8iOiIxIiwiaWRDbHVibG9jYWwiOiIxMTE5MSIsImlkQ2x1YnZpc2l0YSI6IjExMTgzIiwiaWRQYXJ0aWRvIjoiODEyNDMiLCJwZXN0YW5hIjoiMyJ9/minuto-a-minuto-america-vs-m-morelia-jornada-4-estadio-azteca', 'text': ''}","{'type': 'link', 'href': 'https://www.ligafemenil.mx/cancha/informeArbitral/81243/eyJpZERpdmlzaW9uIjoiMTQiLCJpZFRlbXBvcmFkYSI6IjY4IiwiaWRUb3JuZW8iOiIxIiwiaWRDbHVibG9jYWwiOiIxMTE5MSIsImlkQ2x1YnZpc2l0YSI6IjExMTgzIn0=/informe-arbitral-america-vs-m-morelia-jornada-4-estadio-azteca', 'text': ''}","{'type': 'link', 'href': 'https://www.ligafemenil.mx/cancha/mxm/81243/eyJpZERpdmlzaW9uIjoiMTQiLCJpZFRlbXBvcmFkYSI6IjY4IiwiaWRUb3JuZW8iOiIxIiwiaWRDbHVibG9jYWwiOiIxMTE5MSIsImlkQ2x1YnZpc2l0YSI6IjExMTgzIiwiaWRQYXJ0aWRvIjoiODEyNDMiLCJwZXN0YW5hIjoiNCJ9/minuto-a-minuto-america-vs-m-morelia-jornada-4-estadio-azteca', 'text': ''}","{'type': 'link', 'href': 'https://www.ligafemenil.mx/cancha/galeria/ODEyNDMvNC82OC8xLzE0/america-vs-m-morelia', 'text': ''}","{'type': 'link', 'href': 'https://www.ligafemenil.mx/cancha/playlist/81243/america-vs-m-morelia', 'text': ''}"
2017-2018,Apertura,"{'type': 'text', 'value': 'Sábado 19 de Agosto de 2017\nTemporada 2017-2018\nTorneo Apertura\nJornada 4\n19 Agosto 2017 - 16:00 hrs.'}","{'type': 'link', 'href': 'https://www.ligafemenil.mx/cancha/club/11180/tijuana', 'text': ''}","{'type': 'link', 'href': 'https://www.ligafemenil.mx/cancha/informeArbitral/81246/eyJpZERpdmlzaW9uIjoiMTQiLCJpZFRlbXBvcmFkYSI6IjY4IiwiaWRUb3JuZW8iOiIxIiwiaWRDbHVibG9jYWwiOjExMTgwLCJpZENsdWJ2aXNpdGEiOjExMTg4fQ==/informe-arbitral-tijuana-vs-pumas-jornada-4-estadio-caliente', 'text': '3 - 3'}","{'type': 'link', 'href': 'https://www.ligafemenil.mx/cancha/club/11188/pumas', 'text': ''}","{'type': 'link', 'href': 'https://www.ligafemenil.mx/cancha/estadio/48/estadio-caliente', 'text': 'Caliente'}","{'type': 'link', 'href': 'https://www.ligafemenil.mx/cancha/mxm/81246/eyJpZERpdmlzaW9uIjoiMTQiLCJpZFRlbXBvcmFkYSI6IjY4IiwiaWRUb3JuZW8iOiIxIiwiaWRDbHVibG9jYWwiOiIxMTE4MCIsImlkQ2x1YnZpc2l0YSI6IjExMTg4IiwiaWRQYXJ0aWRvIjoiODEyNDYiLCJwZXN0YW5hIjoiMSJ9/minuto-a-minuto-tijuana-vs-pumas-jornada-4-estadio-caliente', 'text': ''}","{'type': 'link', 'href': 'https://www.ligafemenil.mx/cancha/mxm/81246/eyJpZERpdmlzaW9uIjoiMTQiLCJpZFRlbXBvcmFkYSI6IjY4IiwiaWRUb3JuZW8iOiIxIiwiaWRDbHVibG9jYWwiOiIxMTE4MCIsImlkQ2x1YnZpc2l0YSI6IjExMTg4IiwiaWRQYXJ0aWRvIjoiODEyNDYiLCJwZXN0YW5hIjoiMyJ9/minuto-a-minuto-tijuana-vs-pumas-jornada-4-estadio-caliente', 'text': ''}","{'type': 'link', 'href': 'https://www.ligafemenil.mx/cancha/informeArbitral/81246/eyJpZERpdmlzaW9uIjoiMTQiLCJpZFRlbXBvcmFkYSI6IjY4IiwiaWRUb3JuZW8iOiIxIiwiaWRDbHVibG9jYWwiOiIxMTE4MCIsImlkQ2x1YnZpc2l0YSI6IjExMTg4In0=/informe-arbitral-tijuana-vs-pumas-jornada-4-estadio-caliente', 'text': ''}","{'type': 'link', 'href': 'https://www.ligafemenil.mx/cancha/mxm/81246/eyJpZERpdmlzaW9uIjoiMTQiLCJpZFRlbXBvcmFkYSI6IjY4IiwiaWRUb3JuZW8iOiIxIiwiaWRDbHVibG9jYWwiOiIxMTE4MCIsImlkQ2x1YnZpc2l0YSI6IjExMTg4IiwiaWRQYXJ0aWRvIjoiODEyNDYiLCJwZXN0YW5hIjoiNCJ9/minuto-a-minuto-tijuana-vs-pumas-jornada-4-estadio-caliente', 'text': ''}","{'type': 'link', 'href': 'https://www.ligafemenil.mx/cancha/galeria/ODEyNDYvNC82OC8xLzE0/tijuana-vs-pumas', 'text': ''}","{'type': 'link', 'href': 'https://www.ligafemenil.mx/cancha/playlist/81246/tijuana-vs-pumas', 'text': ''}"
2017-2018,Apertura,"{'type': 'text', 'value': 'Sábado 19 de Agosto de 2017\nTemporada 2017-2018\nTorneo Apertura\nJornada 4\n19 Agosto 2017 - 21:05 hrs.'}","{'type': 'link', 'href': 'https://www.ligafemenil.mx/cancha/club/11186/tigres-de-la-uanl', 'text': ''}","{'type': 'link', 'href': 'https://www.ligafemenil.mx/cancha/informeArbitral/81235/eyJpZERpdmlzaW9uIjoiMTQiLCJpZFRlbXBvcmFkYSI6IjY4IiwiaWRUb3JuZW8iOiIxIiwiaWRDbHVibG9jYWwiOjExMTg2LCJpZENsdWJ2aXNpdGEiOjExMjQzfQ==/informe-arbitral-tigres-de-la-uanl-vs-leon-jornada-4-estadio-universitario', 'text': '9 - 0'}","{'type': 'link', 'href': 'https://www.ligafemenil.mx/cancha/club/11243/leon', 'text': ''}","{'type': 'link', 'href': 'https://www.ligafemenil.mx/cancha/estadio/12/estadio-universitario', 'text': 'Universitario'}","{'type': 'link', 'href': 'https://www.ligafemenil.mx/cancha/mxm/81235/eyJpZERpdmlzaW9uIjoiMTQiLCJpZFRlbXBvcmFkYSI6IjY4IiwiaWRUb3JuZW8iOiIxIiwiaWRDbHVibG9jYWwiOiIxMTE4NiIsImlkQ2x1YnZpc2l0YSI6IjExMjQzIiwiaWRQYXJ0aWRvIjoiODEyMzUiLCJwZXN0YW5hIjoiMSJ9/minuto-a-minuto-tigres-de-la-uanl-vs-leon-jornada-4-estadio-universitario', 'text': ''}","{'type': 'link', 'href': 'https://www.ligafemenil.mx/cancha/mxm/81235/eyJpZERpdmlzaW9uIjoiMTQiLCJpZFRlbXBvcmFkYSI6IjY4IiwiaWRUb3JuZW8iOiIxIiwiaWRDbHVibG9jYWwiOiIxMTE4NiIsImlkQ2x1YnZpc2l0YSI6IjExMjQzIiwiaWRQYXJ0aWRvIjoiODEyMzUiLCJwZXN0YW5hIjoiMyJ9/minuto-a-minuto-tigres-de-la-uanl-vs-leon-jornada-4-estadio-universitario', 'text': ''}","{'type': 'link', 'href': 'https://www.ligafemenil.mx/cancha/informeArbitral/81235/eyJpZERpdmlzaW9uIjoiMTQiLCJpZFRlbXBvcmFkYSI6IjY4IiwiaWRUb3JuZW8iOiIxIiwiaWRDbHVibG9jYWwiOiIxMTE4NiIsImlkQ2x1YnZpc2l0YSI6IjExMjQzIn0=/informe-arbitral-tigres-de-la-uanl-vs-leon-jornada-4-estadio-universitario', 'text': ''}","{'type': 'link', 'href': 'https://www.ligafemenil.mx/cancha/mxm/81235/eyJpZERpdmlzaW9uIjoiMTQiLCJpZFRlbXBvcmFkYSI6IjY4IiwiaWRUb3JuZW8iOiIxIiwiaWRDbHVibG9jYWwiOiIxMTE4NiIsImlkQ2x1YnZpc2l0YSI6IjExMjQzIiwiaWRQYXJ0aWRvIjoiODEyMzUiLCJwZXN0YW5hIjoiNCJ9/minuto-a-minuto-tigres-de-la-uanl-vs-leon-jornada-4-estadio-universitario', 'text': ''}","{'type': 'link', 'href': 'https://www.ligafemenil.mx/cancha/galeria/ODEyMzUvNC82OC8xLzE0/tigres-de-la-uanl-vs-leon', 'text': ''}","{'type': 'link', 'href': 'https://www.ligafemenil.mx/cancha/playlist/81235/tigres-de-la-uanl-vs-leon', 'text': ''}"
2017-2018,Apertura,"{'type': 'text', 'value': 'Viernes 25 de Agosto de 2017\nTemporada 2017-2018\nTorneo Apertura\nJornada 5\n25 Agosto 2017 - 12:00 hrs.'}","{'type': 'link', 'href': 'https://www.ligafemenil.mx/cancha/club/11187/toluca', 'text': ''}","{'type': 'link', 'href': 'https://www.ligafemenil.mx/cancha/informeArbitral/81160/eyJpZERpdmlzaW9uIjoiMTQiLCJpZFRlbXBvcmFkYSI6IjY4IiwiaWRUb3JuZW8iOiIxIiwiaWRDbHVibG9jYWwiOjExMTg3LCJpZENsdWJ2aXNpdGEiOjExMTgzfQ==/informe-arbitral-toluca-vs-m-morelia-jornada-5-estadio-instalaciones-metepec-cancha-1', 'text': '0 - 2'}","{'type': 'link', 'href': 'https://www.ligafemenil.mx/cancha/club/11183/m-morelia', 'text': ''}","{'type': 'link', 'href': 'https://www.ligafemenil.mx/cancha/estadio/1133/estadio-instalaciones-metepec-cancha-1', 'text': 'Instalaciones Metepec Cancha 1'}","{'type': 'link', 'href': 'https://www.ligafemenil.mx/cancha/mxm/81160/eyJpZERpdmlzaW9uIjoiMTQiLCJpZFRlbXBvcmFkYSI6IjY4IiwiaWRUb3JuZW8iOiIxIiwiaWRDbHVibG9jYWwiOiIxMTE4NyIsImlkQ2x1YnZpc2l0YSI6IjExMTgzIiwiaWRQYXJ0aWRvIjoiODExNjAiLCJwZXN0YW5hIjoiMSJ9/minuto-a-minuto-toluca-vs-m-morelia-jornada-5-estadio-instalaciones-metepec-cancha-1', 'text': ''}","{'type': 'link', 'href': 'https://www.ligafemenil.mx/cancha/mxm/81160/eyJpZERpdmlzaW9uIjoiMTQiLCJpZFRlbXBvcmFkYSI6IjY4IiwiaWRUb3JuZW8iOiIxIiwiaWRDbHVibG9jYWwiOiIxMTE4NyIsImlkQ2x1YnZpc2l0YSI6IjExMTgzIiwiaWRQYXJ0aWRvIjoiODExNjAiLCJwZXN0YW5hIjoiMyJ9/minuto-a-minuto-toluca-vs-m-morelia-jornada-5-estadio-instalaciones-metepec-cancha-1', 'text': ''}","{'type': 'link', 'href': 'https://www.ligafemenil.mx/cancha/informeArbitral/81160/eyJpZERpdmlzaW9uIjoiMTQiLCJpZFRlbXBvcmFkYSI6IjY4IiwiaWRUb3JuZW8iOiIxIiwiaWRDbHVibG9jYWwiOiIxMTE4NyIsImlkQ2x1YnZpc2l0YSI6IjExMTgzIn0=/informe-arbitral-toluca-vs-m-morelia-jornada-5-estadio-instalaciones-metepec-cancha-1', 'text': ''}","{'type': 'link', 'href': 'https://www.ligafemenil.mx/cancha/mxm/81160/eyJpZERpdmlzaW9uIjoiMTQiLCJpZFRlbXBvcmFkYSI6IjY4IiwiaWRUb3JuZW8iOiIxIiwiaWRDbHVibG9jYWwiOiIxMTE4NyIsImlkQ2x1YnZpc2l0YSI6IjExMTgzIiwiaWRQYXJ0aWRvIjoiODExNjAiLCJwZXN0YW5hIjoiNCJ9/minuto-a-minuto-toluca-vs-m-morelia-jornada-5-estadio-instalaciones-metepec-cancha-1', 'text': ''}","{'type': 'link', 'href': 'https://www.ligafemenil.mx/cancha/galeria/ODExNjAvNS82OC8xLzE0/toluca-vs-m-morelia', 'text': ''}","{'type': 'link', 'href': 'https://www.ligafemenil.mx/cancha/playlist/81160/toluca-vs-m-morelia', 'text': ''}"
2017-2018,Apertura,"{'type': 'text', 'value': 'Viernes 25 de Agosto de 2017\nTemporada 2017-2018\nTorneo Apertura\nJornada 5\n25 Agosto 2017 - 17:00 hrs.'}","{'type': 'link', 'href': 'https://www.ligafemenil.mx/cancha/club/11243/leon', 'text': ''}","{'type': 'link', 'href': 'https://www.ligafemenil.mx/cancha/informeArbitral/81158/eyJpZERpdmlzaW9uIjoiMTQiLCJpZFRlbXBvcmFkYSI6IjY4IiwiaWRUb3JuZW8iOiIxIiwiaWRDbHVibG9jYWwiOjExMjQzLCJpZENsdWJ2aXNpdGEiOjExMTg5fQ==/informe-arbitral-leon-vs-necaxa-jornada-5-estadio-nou-camp', 'text': '3 - 0'}","{'type': 'link', 'href': 'https://www.ligafemenil.mx/cancha/club/11189/necaxa', 'text': ''}","{'type': 'link', 'href': 'https://www.ligafemenil.mx/cancha/estadio/23/estadio-nou-camp', 'text': 'Nou Camp'}","{'type': 'link', 'href': 'https://www.ligafemenil.mx/cancha/mxm/81158/eyJpZERpdmlzaW9uIjoiMTQiLCJpZFRlbXBvcmFkYSI6IjY4IiwiaWRUb3JuZW8iOiIxIiwiaWRDbHVibG9jYWwiOiIxMTI0MyIsImlkQ2x1YnZpc2l0YSI6IjExMTg5IiwiaWRQYXJ0aWRvIjoiODExNTgiLCJwZXN0YW5hIjoiMSJ9/minuto-a-minuto-leon-vs-necaxa-jornada-5-estadio-nou-camp', 'text': ''}","{'type': 'link', 'href': 'https://www.ligafemenil.mx/cancha/mxm/81158/eyJpZERpdmlzaW9uIjoiMTQiLCJpZFRlbXBvcmFkYSI6IjY4IiwiaWRUb3JuZW8iOiIxIiwiaWRDbHVibG9jYWwiOiIxMTI0MyIsImlkQ2x1YnZpc2l0YSI6IjExMTg5IiwiaWRQYXJ0aWRvIjoiODExNTgiLCJwZXN0YW5hIjoiMyJ9/minuto-a-minuto-leon-vs-necaxa-jornada-5-estadio-nou-camp', 'text': ''}","{'type': 'link', 'href': 'https://www.ligafemenil.mx/cancha/informeArbitral/81158/eyJpZERpdmlzaW9uIjoiMTQiLCJpZFRlbXBvcmFkYSI6IjY4IiwiaWRUb3JuZW8iOiIxIiwiaWRDbHVibG9jYWwiOiIxMTI0MyIsImlkQ2x1YnZpc2l0YSI6IjExMTg5In0=/informe-arbitral-leon-vs-necaxa-jornada-5-estadio-nou-camp', 'text': ''}","{'type': 'link', 'href': 'https://www.ligafemenil.mx/cancha/mxm/81158/eyJpZERpdmlzaW9uIjoiMTQiLCJpZFRlbXBvcmFkYSI6IjY4IiwiaWRUb3JuZW8iOiIxIiwiaWRDbHVibG9jYWwiOiIxMTI0MyIsImlkQ2x1YnZpc2l0YSI6IjExMTg5IiwiaWRQYXJ0aWRvIjoiODExNTgiLCJwZXN0YW5hIjoiNCJ9/minuto-a-minuto-leon-vs-necaxa-jornada-5-estadio-nou-camp', 'text': ''}","{'type': 'link', 'href': 'https://www.ligafemenil.mx/cancha/galeria/ODExNTgvNS82OC8xLzE0/leon-vs-necaxa', 'text': ''}","{'type': 'link', 'href': 'https://www.ligafemenil.mx/cancha/playlist/81158/leon-vs-necaxa', 'text': ''}"
2017-2018,Apertura,"{'type': 'text', 'value': 'Sábado 26 de Agosto de 2017\nTemporada 2017-2018\nTorneo Apertura\nJornada 5\n26 Agosto 2017 - 09:00 hrs.'}","{'type': 'link', 'href': 'https://www.ligafemenil.mx/cancha/club/11192/santos-laguna', 'text': ''}","{'type': 'link', 'href': 'https://www.ligafemenil.mx/cancha/informeArbitral/81165/eyJpZERpdmlzaW9uIjoiMTQiLCJpZFRlbXBvcmFkYSI6IjY4IiwiaWRUb3JuZW8iOiIxIiwiaWRDbHVibG9jYWwiOjExMTkyLCJpZENsdWJ2aXNpdGEiOjExMjQ0fQ==/informe-arbitral-santos-laguna-vs-queretaro-jornada-5-estadio-tsm-corona', 'text': '1 - 2'}","{'type': 'link', 'href': 'https://www.ligafemenil.mx/cancha/club/11244/queretaro', 'text': ''}","{'type': 'link', 'href': 'https://www.ligafemenil.mx/cancha/estadio/63/estadio-tsm-corona', 'text': 'TSM Corona'}","{'type': 'link', 'href': 'https://www.ligafemenil.mx/cancha/mxm/81165/eyJpZERpdmlzaW9uIjoiMTQiLCJpZFRlbXBvcmFkYSI6IjY4IiwiaWRUb3JuZW8iOiIxIiwiaWRDbHVibG9jYWwiOiIxMTE5MiIsImlkQ2x1YnZpc2l0YSI6IjExMjQ0IiwiaWRQYXJ0aWRvIjoiODExNjUiLCJwZXN0YW5hIjoiMSJ9/minuto-a-minuto-santos-laguna-vs-queretaro-jornada-5-estadio-tsm-corona', 'text': ''}","{'type': 'link', 'href': 'https://www.ligafemenil.mx/cancha/mxm/81165/eyJpZERpdmlzaW9uIjoiMTQiLCJpZFRlbXBvcmFkYSI6IjY4IiwiaWRUb3JuZW8iOiIxIiwiaWRDbHVibG9jYWwiOiIxMTE5MiIsImlkQ2x1YnZpc2l0YSI6IjExMjQ0IiwiaWRQYXJ0aWRvIjoiODExNjUiLCJwZXN0YW5hIjoiMyJ9/minuto-a-minuto-santos-laguna-vs-queretaro-jornada-5-estadio-tsm-corona', 'text': ''}","{'type': 'link', 'href': 'https://www.ligafemenil.mx/cancha/informeArbitral/81165/eyJpZERpdmlzaW9uIjoiMTQiLCJpZFRlbXBvcmFkYSI6IjY4IiwiaWRUb3JuZW8iOiIxIiwiaWRDbHVibG9jYWwiOiIxMTE5MiIsImlkQ2x1YnZpc2l0YSI6IjExMjQ0In0=/informe-arbitral-santos-laguna-vs-queretaro-jornada-5-estadio-tsm-corona', 'text': ''}","{'type': 'link', 'href': 'https://www.ligafemenil.mx/cancha/mxm/81165/eyJpZERpdmlzaW9uIjoiMTQiLCJpZFRlbXBvcmFkYSI6IjY4IiwiaWRUb3JuZW8iOiIxIiwiaWRDbHVibG9jYWwiOiIxMTE5MiIsImlkQ2x1YnZpc2l0YSI6IjExMjQ0IiwiaWRQYXJ0aWRvIjoiODExNjUiLCJwZXN0YW5hIjoiNCJ9/minuto-a-minuto-santos-laguna-vs-queretaro-jornada-5-estadio-tsm-corona', 'text': ''}","{'type': 'link', 'href': 'https://www.ligafemenil.mx/cancha/galeria/ODExNjUvNS82OC8xLzE0/santos-laguna-vs-queretaro', 'text': ''}","{'type': 'link', 'href': 'https://www.ligafemenil.mx/cancha/playlist/81165/santos-laguna-vs-queretaro', 'text': ''}"
2017-2018,Apertura,"{'type': 'text', 'value': 'Sábado 26 de Agosto de 2017\nTemporada 2017-2018\nTorneo Apertura\nJornada 5\n26 Agosto 2017 - 09:00 hrs.'}","{'type': 'link', 'href': 'https://www.ligafemenil.mx/cancha/club/11242/veracruz', 'text': ''}","{'type': 'link', 'href': 'https://www.ligafemenil.mx/cancha/informeArbitral/81163/eyJpZERpdmlzaW9uIjoiMTQiLCJpZFRlbXBvcmFkYSI6IjY4IiwiaWRUb3JuZW8iOiIxIiwiaWRDbHVibG9jYWwiOjExMjQyLCJpZENsdWJ2aXNpdGEiOjExMTgwfQ==/informe-arbitral-veracruz-vs-tijuana-jornada-5-estadio-centro-de-alto-rendimiento-cancha-1', 'text': '0 - 3'}","{'type': 'link', 'href': 'https://www.ligafemenil.mx/cancha/club/11180/tijuana', 'text': ''}","{'type': 'link', 'href': 'https://www.ligafemenil.mx/cancha/estadio/1416/estadio-centro-de-alto-rendimiento-cancha-1', 'text': 'Centro de Alto Rendimiento Cancha 1'}","{'type': 'link', 'href': 'https://www.ligafemenil.mx/cancha/mxm/81163/eyJpZERpdmlzaW9uIjoiMTQiLCJpZFRlbXBvcmFkYSI6IjY4IiwiaWRUb3JuZW8iOiIxIiwiaWRDbHVibG9jYWwiOiIxMTI0MiIsImlkQ2x1YnZpc2l0YSI6IjExMTgwIiwiaWRQYXJ0aWRvIjoiODExNjMiLCJwZXN0YW5hIjoiMSJ9/minuto-a-minuto-veracruz-vs-tijuana-jornada-5-estadio-centro-de-alto-rendimiento-cancha-1', 'text': ''}","{'type': 'link', 'href': 'https://www.ligafemenil.mx/cancha/mxm/81163/eyJpZERpdmlzaW9uIjoiMTQiLCJpZFRlbXBvcmFkYSI6IjY4IiwiaWRUb3JuZW8iOiIxIiwiaWRDbHVibG9jYWwiOiIxMTI0MiIsImlkQ2x1YnZpc2l0YSI6IjExMTgwIiwiaWRQYXJ0aWRvIjoiODExNjMiLCJwZXN0YW5hIjoiMyJ9/minuto-a-minuto-veracruz-vs-tijuana-jornada-5-estadio-centro-de-alto-rendimiento-cancha-1', 'text': ''}","{'type': 'link', 'href': 'https://www.ligafemenil.mx/cancha/informeArbitral/81163/eyJpZERpdmlzaW9uIjoiMTQiLCJpZFRlbXBvcmFkYSI6IjY4IiwiaWRUb3JuZW8iOiIxIiwiaWRDbHVibG9jYWwiOiIxMTI0MiIsImlkQ2x1YnZpc2l0YSI6IjExMTgwIn0=/informe-arbitral-veracruz-vs-tijuana-jornada-5-estadio-centro-de-alto-rendimiento-cancha-1', 'text': ''}","{'type': 'link', 'href': 'https://www.ligafemenil.mx/cancha/mxm/81163/eyJpZERpdmlzaW9uIjoiMTQiLCJpZFRlbXBvcmFkYSI6IjY4IiwiaWRUb3JuZW8iOiIxIiwiaWRDbHVibG9jYWwiOiIxMTI0MiIsImlkQ2x1YnZpc2l0YSI6IjExMTgwIiwiaWRQYXJ0aWRvIjoiODExNjMiLCJwZXN0YW5hIjoiNCJ9/minuto-a-minuto-veracruz-vs-tijuana-jornada-5-estadio-centro-de-alto-rendimiento-cancha-1', 'text': ''}","{'type': 'link', 'href': 'https://www.ligafemenil.mx/cancha/galeria/ODExNjMvNS82OC8xLzE0/veracruz-vs-tijuana', 'text': ''}","{'type': 'link', 'href': 'https://www.ligafemenil.mx/cancha/playlist/81163/veracruz-vs-tijuana', 'text': ''}"
2017-2018,Apertura,"{'type': 'text', 'value': 'Sábado 26 de Agosto de 2017\nTemporada 2017-2018\nTorneo Apertura\nJornada 5\n26 Agosto 2017 - 16:00 hrs.'}","{'type': 'link', 'href': 'https://www.ligafemenil.mx/cancha/club/11188/pumas', 'text': ''}","{'type': 'link', 'href': 'https://www.ligafemenil.mx/cancha/informeArbitral/81173/eyJpZERpdmlzaW9uIjoiMTQiLCJpZFRlbXBvcmFkYSI6IjY4IiwiaWRUb3JuZW8iOiIxIiwiaWRDbHVibG9jYWwiOjExMTg4LCJpZENsdWJ2aXNpdGEiOjExMTgxfQ==/informe-arbitral-pumas-vs-cruz-azul-jornada-5-estadio-la-cantera', 'text': '4 - 1'}","{'type': 'link', 'href': 'https://www.ligafemenil.mx/cancha/club/11181/cruz-azul', 'text': ''}","{'type': 'link', 'href': 'https://www.ligafemenil.mx/cancha/estadio/37/estadio-la-cantera', 'text': 'La Cantera'}","{'type': 'link', 'href': 'https://www.ligafemenil.mx/cancha/mxm/81173/eyJpZERpdmlzaW9uIjoiMTQiLCJpZFRlbXBvcmFkYSI6IjY4IiwiaWRUb3JuZW8iOiIxIiwiaWRDbHVibG9jYWwiOiIxMTE4OCIsImlkQ2x1YnZpc2l0YSI6IjExMTgxIiwiaWRQYXJ0aWRvIjoiODExNzMiLCJwZXN0YW5hIjoiMSJ9/minuto-a-minuto-pumas-vs-cruz-azul-jornada-5-estadio-la-cantera', 'text': ''}","{'type': 'link', 'href': 'https://www.ligafemenil.mx/cancha/mxm/81173/eyJpZERpdmlzaW9uIjoiMTQiLCJpZFRlbXBvcmFkYSI6IjY4IiwiaWRUb3JuZW8iOiIxIiwiaWRDbHVibG9jYWwiOiIxMTE4OCIsImlkQ2x1YnZpc2l0YSI6IjExMTgxIiwiaWRQYXJ0aWRvIjoiODExNzMiLCJwZXN0YW5hIjoiMyJ9/minuto-a-minuto-pumas-vs-cruz-azul-jornada-5-estadio-la-cantera', 'text': ''}","{'type': 'link', 'href': 'https://www.ligafemenil.mx/cancha/informeArbitral/81173/eyJpZERpdmlzaW9uIjoiMTQiLCJpZFRlbXBvcmFkYSI6IjY4IiwiaWRUb3JuZW8iOiIxIiwiaWRDbHVibG9jYWwiOiIxMTE4OCIsImlkQ2x1YnZpc2l0YSI6IjExMTgxIn0=/informe-arbitral-pumas-vs-cruz-azul-jornada-5-estadio-la-cantera', 'text': ''}","{'type': 'link', 'href': 'https://www.ligafemenil.mx/cancha/mxm/81173/eyJpZERpdmlzaW9uIjoiMTQiLCJpZFRlbXBvcmFkYSI6IjY4IiwiaWRUb3JuZW8iOiIxIiwiaWRDbHVibG9jYWwiOiIxMTE4OCIsImlkQ2x1YnZpc2l0YSI6IjExMTgxIiwiaWRQYXJ0aWRvIjoiODExNzMiLCJwZXN0YW5hIjoiNCJ9/minuto-a-minuto-pumas-vs-cruz-azul-jornada-5-estadio-la-cantera', 'text': ''}","{'type': 'link', 'href': 'https://www.ligafemenil.mx/cancha/galeria/ODExNzMvNS82OC8xLzE0/pumas-vs-cruz-azul', 'text': ''}","{'type': 'link', 'href': 'https://www.ligafemenil.mx/cancha/playlist/81173/pumas-vs-cruz-azul', 'text': ''}"
2017-2018,Apertura,"{'type': 'text', 'value': 'Sábado 26 de Agosto de 2017\nTemporada 2017-2018\nTorneo Apertura\nJornada 5\n26 Agosto 2017 - 21:05 hrs.'}","{'type': 'link', 'href': 'https://www.ligafemenil.mx/cancha/club/11186/tigres-de-la-uanl', 'text': ''}","{'type': 'link', 'href': 'https://www.ligafemenil.mx/cancha/informeArbitral/81170/eyJpZERpdmlzaW9uIjoiMTQiLCJpZFRlbXBvcmFkYSI6IjY4IiwiaWRUb3JuZW8iOiIxIiwiaWRDbHVibG9jYWwiOjExMTg2LCJpZENsdWJ2aXNpdGEiOjExMjQ1fQ==/informe-arbitral-tigres-de-la-uanl-vs-atlas-jornada-5-estadio-universitario', 'text': '4 - 0'}","{'type': 'link', 'href': 'https://www.ligafemenil.mx/cancha/club/11245/atlas', 'text': ''}","{'type': 'link', 'href': 'https://www.ligafemenil.mx/cancha/estadio/12/estadio-universitario', 'text': 'Universitario'}","{'type': 'link', 'href': 'https://www.ligafemenil.mx/cancha/mxm/81170/eyJpZERpdmlzaW9uIjoiMTQiLCJpZFRlbXBvcmFkYSI6IjY4IiwiaWRUb3JuZW8iOiIxIiwiaWRDbHVibG9jYWwiOiIxMTE4NiIsImlkQ2x1YnZpc2l0YSI6IjExMjQ1IiwiaWRQYXJ0aWRvIjoiODExNzAiLCJwZXN0YW5hIjoiMSJ9/minuto-a-minuto-tigres-de-la-uanl-vs-atlas-jornada-5-estadio-universitario', 'text': ''}","{'type': 'link', 'href': 'https://www.ligafemenil.mx/cancha/mxm/81170/eyJpZERpdmlzaW9uIjoiMTQiLCJpZFRlbXBvcmFkYSI6IjY4IiwiaWRUb3JuZW8iOiIxIiwiaWRDbHVibG9jYWwiOiIxMTE4NiIsImlkQ2x1YnZpc2l0YSI6IjExMjQ1IiwiaWRQYXJ0aWRvIjoiODExNzAiLCJwZXN0YW5hIjoiMyJ9/minuto-a-minuto-tigres-de-la-uanl-vs-atlas-jornada-5-estadio-universitario', 'text': ''}","{'type': 'link', 'href': 'https://www.ligafemenil.mx/cancha/informeArbitral/81170/eyJpZERpdmlzaW9uIjoiMTQiLCJpZFRlbXBvcmFkYSI6IjY4IiwiaWRUb3JuZW8iOiIxIiwiaWRDbHVibG9jYWwiOiIxMTE4NiIsImlkQ2x1YnZpc2l0YSI6IjExMjQ1In0=/informe-arbitral-tigres-de-la-uanl-vs-atlas-jornada-5-estadio-universitario', 'text': ''}","{'type': 'link', 'href': 'https://www.ligafemenil.mx/cancha/mxm/81170/eyJpZERpdmlzaW9uIjoiMTQiLCJpZFRlbXBvcmFkYSI6IjY4IiwiaWRUb3JuZW8iOiIxIiwiaWRDbHVibG9jYWwiOiIxMTE4NiIsImlkQ2x1YnZpc2l0YSI6IjExMjQ1IiwiaWRQYXJ0aWRvIjoiODExNzAiLCJwZXN0YW5hIjoiNCJ9/minuto-a-minuto-tigres-de-la-uanl-vs-atlas-jornada-5-estadio-universitario', 'text': ''}","{'type': 'link', 'href': 'https://www.ligafemenil.mx/cancha/galeria/ODExNzAvNS82OC8xLzE0/tigres-de-la-uanl-vs-atlas', 'text': ''}","{'type': 'link', 'href': 'https://www.ligafemenil.mx/cancha/playlist/81170/tigres-de-la-uanl-vs-atlas', 'text': ''}"
2017-2018,Apertura,"{'type': 'text', 'value': 'Domingo 27 de Agosto de 2017\nTemporada 2017-2018\nTorneo Apertura\nJornada 5\n27 Agosto 2017 - 10:00 hrs.'}","{'type': 'link', 'href': 'https://www.ligafemenil.mx/cancha/club/11185/rayados-de-monterrey', 'text': ''}","{'type': 'link', 'href': 'https://www.ligafemenil.mx/cancha/informeArbitral/81176/eyJpZERpdmlzaW9uIjoiMTQiLCJpZFRlbXBvcmFkYSI6IjY4IiwiaWRUb3JuZW8iOiIxIiwiaWRDbHVibG9jYWwiOjExMTg1LCJpZENsdWJ2aXNpdGEiOjExMTgyfQ==/informe-arbitral-rayados-de-monterrey-vs-guadalajara-jornada-5-estadio-bbva-bancomer', 'text': '2 - 1'}","{'type': 'link', 'href': 'https://www.ligafemenil.mx/cancha/club/11182/guadalajara', 'text': ''}","{'type': 'link', 'href': 'https://www.ligafemenil.mx/cancha/estadio/793/estadio-bbva-bancomer', 'text': 'Estadio BBVA Bancomer'}","{'type': 'link', 'href': 'https://www.ligafemenil.mx/cancha/mxm/81176/eyJpZERpdmlzaW9uIjoiMTQiLCJpZFRlbXBvcmFkYSI6IjY4IiwiaWRUb3JuZW8iOiIxIiwiaWRDbHVibG9jYWwiOiIxMTE4NSIsImlkQ2x1YnZpc2l0YSI6IjExMTgyIiwiaWRQYXJ0aWRvIjoiODExNzYiLCJwZXN0YW5hIjoiMSJ9/minuto-a-minuto-rayados-de-monterrey-vs-guadalajara-jornada-5-estadio-bbva-bancomer', 'text': ''}","{'type': 'link', 'href': 'https://www.ligafemenil.mx/cancha/mxm/81176/eyJpZERpdmlzaW9uIjoiMTQiLCJpZFRlbXBvcmFkYSI6IjY4IiwiaWRUb3JuZW8iOiIxIiwiaWRDbHVibG9jYWwiOiIxMTE4NSIsImlkQ2x1YnZpc2l0YSI6IjExMTgyIiwiaWRQYXJ0aWRvIjoiODExNzYiLCJwZXN0YW5hIjoiMyJ9/minuto-a-minuto-rayados-de-monterrey-vs-guadalajara-jornada-5-estadio-bbva-bancomer', 'text': ''}","{'type': 'link', 'href': 'https://www.ligafemenil.mx/cancha/informeArbitral/81176/eyJpZERpdmlzaW9uIjoiMTQiLCJpZFRlbXBvcmFkYSI6IjY4IiwiaWRUb3JuZW8iOiIxIiwiaWRDbHVibG9jYWwiOiIxMTE4NSIsImlkQ2x1YnZpc2l0YSI6IjExMTgyIn0=/informe-arbitral-rayados-de-monterrey-vs-guadalajara-jornada-5-estadio-bbva-bancomer', 'text': ''}","{'type': 'link', 'href': 'https://www.ligafemenil.mx/cancha/mxm/81176/eyJpZERpdmlzaW9uIjoiMTQiLCJpZFRlbXBvcmFkYSI6IjY4IiwiaWRUb3JuZW8iOiIxIiwiaWRDbHVibG9jYWwiOiIxMTE4NSIsImlkQ2x1YnZpc2l0YSI6IjExMTgyIiwiaWRQYXJ0aWRvIjoiODExNzYiLCJwZXN0YW5hIjoiNCJ9/minuto-a-minuto-rayados-de-monterrey-vs-guadalajara-jornada-5-estadio-bbva-bancomer', 'text': ''}","{'type': 'link', 'href': 'https://www.ligafemenil.mx/cancha/galeria/ODExNzYvNS82OC8xLzE0/rayados-de-monterrey-vs-guadalajara', 'text': ''}","{'type': 'link', 'href': 'https://www.ligafemenil.mx/cancha/playlist/81176/rayados-de-monterrey-vs-guadalajara', 'text': ''}"
2017-2018,Apertura,"{'type': 'text', 'value': 'Lunes 28 de Agosto de 2017\nTemporada 2017-2018\nTorneo Apertura\nJornada 5\n28 Agosto 2017 - 19:00 hrs.'}","{'type': 'link', 'href': 'https://www.ligafemenil.mx/cancha/club/11184/pachuca', 'text': ''}","{'type': 'link', 'href': 'https://www.ligafemenil.mx/cancha/informeArbitral/81157/eyJpZERpdmlzaW9uIjoiMTQiLCJpZFRlbXBvcmFkYSI6IjY4IiwiaWRUb3JuZW8iOiIxIiwiaWRDbHVibG9jYWwiOjExMTg0LCJpZENsdWJ2aXNpdGEiOjExMTkxfQ==/informe-arbitral-pachuca-vs-america-jornada-5-estadio-hidalgo', 'text': '1 - 1'}","{'type': 'link', 'href': 'https://www.ligafemenil.mx/cancha/club/11191/america', 'text': ''}","{'type': 'link', 'href': 'https://www.ligafemenil.mx/cancha/estadio/11/estadio-hidalgo', 'text': 'Hidalgo'}","{'type': 'link', 'href': 'https://www.ligafemenil.mx/cancha/mxm/81157/eyJpZERpdmlzaW9uIjoiMTQiLCJpZFRlbXBvcmFkYSI6IjY4IiwiaWRUb3JuZW8iOiIxIiwiaWRDbHVibG9jYWwiOiIxMTE4NCIsImlkQ2x1YnZpc2l0YSI6IjExMTkxIiwiaWRQYXJ0aWRvIjoiODExNTciLCJwZXN0YW5hIjoiMSJ9/minuto-a-minuto-pachuca-vs-america-jornada-5-estadio-hidalgo', 'text': ''}","{'type': 'link', 'href': 'https://www.ligafemenil.mx/cancha/mxm/81157/eyJpZERpdmlzaW9uIjoiMTQiLCJpZFRlbXBvcmFkYSI6IjY4IiwiaWRUb3JuZW8iOiIxIiwiaWRDbHVibG9jYWwiOiIxMTE4NCIsImlkQ2x1YnZpc2l0YSI6IjExMTkxIiwiaWRQYXJ0aWRvIjoiODExNTciLCJwZXN0YW5hIjoiMyJ9/minuto-a-minuto-pachuca-vs-america-jornada-5-estadio-hidalgo', 'text': ''}","{'type': 'link', 'href': 'https://www.ligafemenil.mx/cancha/informeArbitral/81157/eyJpZERpdmlzaW9uIjoiMTQiLCJpZFRlbXBvcmFkYSI6IjY4IiwiaWRUb3JuZW8iOiIxIiwiaWRDbHVibG9jYWwiOiIxMTE4NCIsImlkQ2x1YnZpc2l0YSI6IjExMTkxIn0=/informe-arbitral-pachuca-vs-america-jornada-5-estadio-hidalgo', 'text': ''}","{'type': 'link', 'href': 'https://www.ligafemenil.mx/cancha/mxm/81157/eyJpZERpdmlzaW9uIjoiMTQiLCJpZFRlbXBvcmFkYSI6IjY4IiwiaWRUb3JuZW8iOiIxIiwiaWRDbHVibG9jYWwiOiIxMTE4NCIsImlkQ2x1YnZpc2l0YSI6IjExMTkxIiwiaWRQYXJ0aWRvIjoiODExNTciLCJwZXN0YW5hIjoiNCJ9/minuto-a-minuto-pachuca-vs-america-jornada-5-estadio-hidalgo', 'text': ''}","{'type': 'link', 'href': 'https://www.ligafemenil.mx/cancha/galeria/ODExNTcvNS82OC8xLzE0/pachuca-vs-america', 'text': ''}","{'type': 'link', 'href': 'https://www.ligafemenil.mx/cancha/playlist/81157/pachuca-vs-america', 'text': ''}"
2017-2018,Apertura,"{'type': 'text', 'value': 'Viernes 1 de Septiembre de 2017\nTemporada 2017-2018\nTorneo Apertura\nJornada 6\n1 Septiembre 2017 - 12:00 hrs.'}","{'type': 'link', 'href': 'https://www.ligafemenil.mx/cancha/club/11187/toluca', 'text': ''}","{'type': 'link', 'href': 'https://www.ligafemenil.mx/cancha/informeArbitral/81178/eyJpZERpdmlzaW9uIjoiMTQiLCJpZFRlbXBvcmFkYSI6IjY4IiwiaWRUb3JuZW8iOiIxIiwiaWRDbHVibG9jYWwiOjExMTg3LCJpZENsdWJ2aXNpdGEiOjExMTgwfQ==/informe-arbitral-toluca-vs-tijuana-jornada-6-estadio-nemesio-diez', 'text': '4 - 0'}","{'type': 'link', 'href': 'https://www.ligafemenil.mx/cancha/club/11180/tijuana', 'text': ''}","{'type': 'link', 'href': 'https://www.ligafemenil.mx/cancha/estadio/6/estadio-nemesio-diez', 'text': 'Nemesio Diez'}","{'type': 'link', 'href': 'https://www.ligafemenil.mx/cancha/mxm/81178/eyJpZERpdmlzaW9uIjoiMTQiLCJpZFRlbXBvcmFkYSI6IjY4IiwiaWRUb3JuZW8iOiIxIiwiaWRDbHVibG9jYWwiOiIxMTE4NyIsImlkQ2x1YnZpc2l0YSI6IjExMTgwIiwiaWRQYXJ0aWRvIjoiODExNzgiLCJwZXN0YW5hIjoiMSJ9/minuto-a-minuto-toluca-vs-tijuana-jornada-6-estadio-nemesio-diez', 'text': ''}","{'type': 'link', 'href': 'https://www.ligafemenil.mx/cancha/mxm/81178/eyJpZERpdmlzaW9uIjoiMTQiLCJpZFRlbXBvcmFkYSI6IjY4IiwiaWRUb3JuZW8iOiIxIiwiaWRDbHVibG9jYWwiOiIxMTE4NyIsImlkQ2x1YnZpc2l0YSI6IjExMTgwIiwiaWRQYXJ0aWRvIjoiODExNzgiLCJwZXN0YW5hIjoiMyJ9/minuto-a-minuto-toluca-vs-tijuana-jornada-6-estadio-nemesio-diez', 'text': ''}","{'type': 'link', 'href': 'https://www.ligafemenil.mx/cancha/informeArbitral/81178/eyJpZERpdmlzaW9uIjoiMTQiLCJpZFRlbXBvcmFkYSI6IjY4IiwiaWRUb3JuZW8iOiIxIiwiaWRDbHVibG9jYWwiOiIxMTE4NyIsImlkQ2x1YnZpc2l0YSI6IjExMTgwIn0=/informe-arbitral-toluca-vs-tijuana-jornada-6-estadio-nemesio-diez', 'text': ''}","{'type': 'link', 'href': 'https://www.ligafemenil.mx/cancha/mxm/81178/eyJpZERpdmlzaW9uIjoiMTQiLCJpZFRlbXBvcmFkYSI6IjY4IiwiaWRUb3JuZW8iOiIxIiwiaWRDbHVibG9jYWwiOiIxMTE4NyIsImlkQ2x1YnZpc2l0YSI6IjExMTgwIiwiaWRQYXJ0aWRvIjoiODExNzgiLCJwZXN0YW5hIjoiNCJ9/minuto-a-minuto-toluca-vs-tijuana-jornada-6-estadio-nemesio-diez', 'text': ''}","{'type': 'link', 'href': 'https://www.ligafemenil.mx/cancha/galeria/ODExNzgvNi82OC8xLzE0/toluca-vs-tijuana', 'text': ''}","{'type': 'link', 'href': 'https://www.ligafemenil.mx/cancha/playlist/81178/toluca-vs-tijuana', 'text': ''}"
2017-2018,Apertura,"{'type': 'text', 'value': 'Viernes 1 de Septiembre de 2017\nTemporada 2017-2018\nTorneo Apertura\nJornada 6\n1 Septiembre 2017 - 16:00 hrs.'}","{'type': 'link', 'href': 'https://www.ligafemenil.mx/cancha/club/11181/cruz-azul', 'text': ''}","{'type': 'link', 'href': 'https://www.ligafemenil.mx/cancha/informeArbitral/81181/eyJpZERpdmlzaW9uIjoiMTQiLCJpZFRlbXBvcmFkYSI6IjY4IiwiaWRUb3JuZW8iOiIxIiwiaWRDbHVibG9jYWwiOjExMTgxLCJpZENsdWJ2aXNpdGEiOjExMjQyfQ==/informe-arbitral-cruz-azul-vs-veracruz-jornada-6-estadio-ciudad-de-los-deportes', 'text': '3 - 1'}","{'type': 'link', 'href': 'https://www.ligafemenil.mx/cancha/club/11242/veracruz', 'text': ''}","{'type': 'link', 'href': 'https://www.ligafemenil.mx/cancha/estadio/2/estadio-ciudad-de-los-deportes', 'text': 'Ciudad De Los Deportes'}","{'type': 'link', 'href': 'https://www.ligafemenil.mx/cancha/mxm/81181/eyJpZERpdmlzaW9uIjoiMTQiLCJpZFRlbXBvcmFkYSI6IjY4IiwiaWRUb3JuZW8iOiIxIiwiaWRDbHVibG9jYWwiOiIxMTE4MSIsImlkQ2x1YnZpc2l0YSI6IjExMjQyIiwiaWRQYXJ0aWRvIjoiODExODEiLCJwZXN0YW5hIjoiMSJ9/minuto-a-minuto-cruz-azul-vs-veracruz-jornada-6-estadio-ciudad-de-los-deportes', 'text': ''}","{'type': 'link', 'href': 'https://www.ligafemenil.mx/cancha/mxm/81181/eyJpZERpdmlzaW9uIjoiMTQiLCJpZFRlbXBvcmFkYSI6IjY4IiwiaWRUb3JuZW8iOiIxIiwiaWRDbHVibG9jYWwiOiIxMTE4MSIsImlkQ2x1YnZpc2l0YSI6IjExMjQyIiwiaWRQYXJ0aWRvIjoiODExODEiLCJwZXN0YW5hIjoiMyJ9/minuto-a-minuto-cruz-azul-vs-veracruz-jornada-6-estadio-ciudad-de-los-deportes', 'text': ''}","{'type': 'link', 'href': 'https://www.ligafemenil.mx/cancha/informeArbitral/81181/eyJpZERpdmlzaW9uIjoiMTQiLCJpZFRlbXBvcmFkYSI6IjY4IiwiaWRUb3JuZW8iOiIxIiwiaWRDbHVibG9jYWwiOiIxMTE4MSIsImlkQ2x1YnZpc2l0YSI6IjExMjQyIn0=/informe-arbitral-cruz-azul-vs-veracruz-jornada-6-estadio-ciudad-de-los-deportes', 'text': ''}","{'type': 'link', 'href': 'https://www.ligafemenil.mx/cancha/mxm/81181/eyJpZERpdmlzaW9uIjoiMTQiLCJpZFRlbXBvcmFkYSI6IjY4IiwiaWRUb3JuZW8iOiIxIiwiaWRDbHVibG9jYWwiOiIxMTE4MSIsImlkQ2x1YnZpc2l0YSI6IjExMjQyIiwiaWRQYXJ0aWRvIjoiODExODEiLCJwZXN0YW5hIjoiNCJ9/minuto-a-minuto-cruz-azul-vs-veracruz-jornada-6-estadio-ciudad-de-los-deportes', 'text': ''}","{'type': 'link', 'href': 'https://www.ligafemenil.mx/cancha/galeria/ODExODEvNi82OC8xLzE0/cruz-azul-vs-veracruz', 'text': ''}","{'type': 'link', 'href': 'https://www.ligafemenil.mx/cancha/playlist/81181/cruz-azul-vs-veracruz', 'text': ''}"
2017-2018,Apertura,"{'type': 'text', 'value': 'Viernes 1 de Septiembre de 2017\nTemporada 2017-2018\nTorneo Apertura\nJornada 6\n1 Septiembre 2017 - 16:00 hrs.'}","{'type': 'link', 'href': 'https://www.ligafemenil.mx/cancha/club/11189/necaxa', 'text': ''}","{'type': 'link', 'href': 'https://www.ligafemenil.mx/cancha/informeArbitral/81184/eyJpZERpdmlzaW9uIjoiMTQiLCJpZFRlbXBvcmFkYSI6IjY4IiwiaWRUb3JuZW8iOiIxIiwiaWRDbHVibG9jYWwiOjExMTg5LCJpZENsdWJ2aXNpdGEiOjExMjQ1fQ==/informe-arbitral-necaxa-vs-atlas-jornada-6-estadio-instalaciones-casa-club-necaxa-cancha-5-sintetica', 'text': '1 - 0'}","{'type': 'link', 'href': 'https://www.ligafemenil.mx/cancha/club/11245/atlas', 'text': ''}","{'type': 'link', 'href': 'https://www.ligafemenil.mx/cancha/estadio/622/estadio-instalaciones-casa-club-necaxa-cancha-5-sintetica', 'text': 'Instalaciones Casa Club Necaxa Cancha 5 Sintética'}","{'type': 'link', 'href': 'https://www.ligafemenil.mx/cancha/mxm/81184/eyJpZERpdmlzaW9uIjoiMTQiLCJpZFRlbXBvcmFkYSI6IjY4IiwiaWRUb3JuZW8iOiIxIiwiaWRDbHVibG9jYWwiOiIxMTE4OSIsImlkQ2x1YnZpc2l0YSI6IjExMjQ1IiwiaWRQYXJ0aWRvIjoiODExODQiLCJwZXN0YW5hIjoiMSJ9/minuto-a-minuto-necaxa-vs-atlas-jornada-6-estadio-instalaciones-casa-club-necaxa-cancha-5-sintetica', 'text': ''}","{'type': 'link', 'href': 'https://www.ligafemenil.mx/cancha/mxm/81184/eyJpZERpdmlzaW9uIjoiMTQiLCJpZFRlbXBvcmFkYSI6IjY4IiwiaWRUb3JuZW8iOiIxIiwiaWRDbHVibG9jYWwiOiIxMTE4OSIsImlkQ2x1YnZpc2l0YSI6IjExMjQ1IiwiaWRQYXJ0aWRvIjoiODExODQiLCJwZXN0YW5hIjoiMyJ9/minuto-a-minuto-necaxa-vs-atlas-jornada-6-estadio-instalaciones-casa-club-necaxa-cancha-5-sintetica', 'text': ''}","{'type': 'link', 'href': 'https://www.ligafemenil.mx/cancha/informeArbitral/81184/eyJpZERpdmlzaW9uIjoiMTQiLCJpZFRlbXBvcmFkYSI6IjY4IiwiaWRUb3JuZW8iOiIxIiwiaWRDbHVibG9jYWwiOiIxMTE4OSIsImlkQ2x1YnZpc2l0YSI6IjExMjQ1In0=/informe-arbitral-necaxa-vs-atlas-jornada-6-estadio-instalaciones-casa-club-necaxa-cancha-5-sintetica', 'text': ''}","{'type': 'link', 'href': 'https://www.ligafemenil.mx/cancha/mxm/81184/eyJpZERpdmlzaW9uIjoiMTQiLCJpZFRlbXBvcmFkYSI6IjY4IiwiaWRUb3JuZW8iOiIxIiwiaWRDbHVibG9jYWwiOiIxMTE4OSIsImlkQ2x1YnZpc2l0YSI6IjExMjQ1IiwiaWRQYXJ0aWRvIjoiODExODQiLCJwZXN0YW5hIjoiNCJ9/minuto-a-minuto-necaxa-vs-atlas-jornada-6-estadio-instalaciones-casa-club-necaxa-cancha-5-sintetica', 'text': ''}","{'type': 'link', 'href': 'https://www.ligafemenil.mx/cancha/galeria/ODExODQvNi82OC8xLzE0/necaxa-vs-atlas', 'text': ''}","{'type': 'link', 'href': 'https://www.ligafemenil.mx/cancha/playlist/81184/necaxa-vs-atlas', 'text': ''}"
2017-2018,Apertura,"{'type': 'text', 'value': 'Sábado 2 de Septiembre de 2017\nTemporada 2017-2018\nTorneo Apertura\nJornada 6\n2 Septiembre 2017 - 11:30 hrs.'}","{'type': 'link', 'href': 'https://www.ligafemenil.mx/cancha/club/11244/queretaro', 'text': ''}","{'type': 'link', 'href': 'https://www.ligafemenil.mx/cancha/informeArbitral/81190/eyJpZERpdmlzaW9uIjoiMTQiLCJpZFRlbXBvcmFkYSI6IjY4IiwiaWRUb3JuZW8iOiIxIiwiaWRDbHVibG9jYWwiOjExMjQ0LCJpZENsdWJ2aXNpdGEiOjExMjQzfQ==/informe-arbitral-queretaro-vs-leon-jornada-6-estadio-la-corregidora', 'text': '0 - 3'}","{'type': 'link', 'href': 'https://www.ligafemenil.mx/cancha/club/11243/leon', 'text': ''}","{'type': 'link', 'href': 'https://www.ligafemenil.mx/cancha/estadio/25/estadio-la-corregidora', 'text': 'La Corregidora'}","{'type': 'link', 'href': 'https://www.ligafemenil.mx/cancha/mxm/81190/eyJpZERpdmlzaW9uIjoiMTQiLCJpZFRlbXBvcmFkYSI6IjY4IiwiaWRUb3JuZW8iOiIxIiwiaWRDbHVibG9jYWwiOiIxMTI0NCIsImlkQ2x1YnZpc2l0YSI6IjExMjQzIiwiaWRQYXJ0aWRvIjoiODExOTAiLCJwZXN0YW5hIjoiMSJ9/minuto-a-minuto-queretaro-vs-leon-jornada-6-estadio-la-corregidora', 'text': ''}","{'type': 'link', 'href': 'https://www.ligafemenil.mx/cancha/mxm/81190/eyJpZERpdmlzaW9uIjoiMTQiLCJpZFRlbXBvcmFkYSI6IjY4IiwiaWRUb3JuZW8iOiIxIiwiaWRDbHVibG9jYWwiOiIxMTI0NCIsImlkQ2x1YnZpc2l0YSI6IjExMjQzIiwiaWRQYXJ0aWRvIjoiODExOTAiLCJwZXN0YW5hIjoiMyJ9/minuto-a-minuto-queretaro-vs-leon-jornada-6-estadio-la-corregidora', 'text': ''}","{'type': 'link', 'href': 'https://www.ligafemenil.mx/cancha/informeArbitral/81190/eyJpZERpdmlzaW9uIjoiMTQiLCJpZFRlbXBvcmFkYSI6IjY4IiwiaWRUb3JuZW8iOiIxIiwiaWRDbHVibG9jYWwiOiIxMTI0NCIsImlkQ2x1YnZpc2l0YSI6IjExMjQzIn0=/informe-arbitral-queretaro-vs-leon-jornada-6-estadio-la-corregidora', 'text': ''}","{'type': 'link', 'href': 'https://www.ligafemenil.mx/cancha/mxm/81190/eyJpZERpdmlzaW9uIjoiMTQiLCJpZFRlbXBvcmFkYSI6IjY4IiwiaWRUb3JuZW8iOiIxIiwiaWRDbHVibG9jYWwiOiIxMTI0NCIsImlkQ2x1YnZpc2l0YSI6IjExMjQzIiwiaWRQYXJ0aWRvIjoiODExOTAiLCJwZXN0YW5hIjoiNCJ9/minuto-a-minuto-queretaro-vs-leon-jornada-6-estadio-la-corregidora', 'text': ''}","{'type': 'link', 'href': 'https://www.ligafemenil.mx/cancha/galeria/ODExOTAvNi82OC8xLzE0/queretaro-vs-leon', 'text': ''}","{'type': 'link', 'href': 'https://www.ligafemenil.mx/cancha/playlist/81190/queretaro-vs-leon', 'text': ''}"
2017-2018,Apertura,"{'type': 'text', 'value': 'Sábado 2 de Septiembre de 2017\nTemporada 2017-2018\nTorneo Apertura\nJornada 6\n2 Septiembre 2017 - 12:30 hrs.'}","{'type': 'link', 'href': 'https://www.ligafemenil.mx/cancha/club/11183/m-morelia', 'text': ''}","{'type': 'link', 'href': 'https://www.ligafemenil.mx/cancha/informeArbitral/81193/eyJpZERpdmlzaW9uIjoiMTQiLCJpZFRlbXBvcmFkYSI6IjY4IiwiaWRUb3JuZW8iOiIxIiwiaWRDbHVibG9jYWwiOjExMTgzLCJpZENsdWJ2aXNpdGEiOjExMTg0fQ==/informe-arbitral-m-morelia-vs-pachuca-jornada-6-estadio-jose-maria-morelos-y-pavon', 'text': '0 - 4'}","{'type': 'link', 'href': 'https://www.ligafemenil.mx/cancha/club/11184/pachuca', 'text': ''}","{'type': 'link', 'href': 'https://www.ligafemenil.mx/cancha/estadio/10/estadio-jose-maria-morelos-y-pavon', 'text': 'José María Morelos y Pavón'}","{'type': 'link', 'href': 'https://www.ligafemenil.mx/cancha/mxm/81193/eyJpZERpdmlzaW9uIjoiMTQiLCJpZFRlbXBvcmFkYSI6IjY4IiwiaWRUb3JuZW8iOiIxIiwiaWRDbHVibG9jYWwiOiIxMTE4MyIsImlkQ2x1YnZpc2l0YSI6IjExMTg0IiwiaWRQYXJ0aWRvIjoiODExOTMiLCJwZXN0YW5hIjoiMSJ9/minuto-a-minuto-m-morelia-vs-pachuca-jornada-6-estadio-jose-maria-morelos-y-pavon', 'text': ''}","{'type': 'link', 'href': 'https://www.ligafemenil.mx/cancha/mxm/81193/eyJpZERpdmlzaW9uIjoiMTQiLCJpZFRlbXBvcmFkYSI6IjY4IiwiaWRUb3JuZW8iOiIxIiwiaWRDbHVibG9jYWwiOiIxMTE4MyIsImlkQ2x1YnZpc2l0YSI6IjExMTg0IiwiaWRQYXJ0aWRvIjoiODExOTMiLCJwZXN0YW5hIjoiMyJ9/minuto-a-minuto-m-morelia-vs-pachuca-jornada-6-estadio-jose-maria-morelos-y-pavon', 'text': ''}","{'type': 'link', 'href': 'https://www.ligafemenil.mx/cancha/informeArbitral/81193/eyJpZERpdmlzaW9uIjoiMTQiLCJpZFRlbXBvcmFkYSI6IjY4IiwiaWRUb3JuZW8iOiIxIiwiaWRDbHVibG9jYWwiOiIxMTE4MyIsImlkQ2x1YnZpc2l0YSI6IjExMTg0In0=/informe-arbitral-m-morelia-vs-pachuca-jornada-6-estadio-jose-maria-morelos-y-pavon', 'text': ''}","{'type': 'link', 'href': 'https://www.ligafemenil.mx/cancha/mxm/81193/eyJpZERpdmlzaW9uIjoiMTQiLCJpZFRlbXBvcmFkYSI6IjY4IiwiaWRUb3JuZW8iOiIxIiwiaWRDbHVibG9jYWwiOiIxMTE4MyIsImlkQ2x1YnZpc2l0YSI6IjExMTg0IiwiaWRQYXJ0aWRvIjoiODExOTMiLCJwZXN0YW5hIjoiNCJ9/minuto-a-minuto-m-morelia-vs-pachuca-jornada-6-estadio-jose-maria-morelos-y-pavon', 'text': ''}","{'type': 'link', 'href': 'https://www.ligafemenil.mx/cancha/galeria/ODExOTMvNi82OC8xLzE0/m-morelia-vs-pachuca', 'text': ''}","{'type': 'link', 'href': 'https://www.ligafemenil.mx/cancha/playlist/81193/m-morelia-vs-pachuca', 'text': ''}"
2017-2018,Apertura,"{'type': 'text', 'value': 'Sábado 2 de Septiembre de 2017\nTemporada 2017-2018\nTorneo Apertura\nJornada 6\n2 Septiembre 2017 - 16:00 hrs.'}","{'type': 'link', 'href': 'https://www.ligafemenil.mx/cancha/club/11191/america', 'text': ''}","{'type': 'link', 'href': 'https://www.ligafemenil.mx/cancha/informeArbitral/81196/eyJpZERpdmlzaW9uIjoiMTQiLCJpZFRlbXBvcmFkYSI6IjY4IiwiaWRUb3JuZW8iOiIxIiwiaWRDbHVibG9jYWwiOjExMTkxLCJpZENsdWJ2aXNpdGEiOjExMTg4fQ==/informe-arbitral-america-vs-pumas-jornada-6-estadio-azteca', 'text': '1 - 0'}","{'type': 'link', 'href': 'https://www.ligafemenil.mx/cancha/club/11188/pumas', 'text': ''}","{'type': 'link', 'href': 'https://www.ligafemenil.mx/cancha/estadio/1/estadio-azteca', 'text': 'Azteca'}","{'type': 'link', 'href': 'https://www.ligafemenil.mx/cancha/mxm/81196/eyJpZERpdmlzaW9uIjoiMTQiLCJpZFRlbXBvcmFkYSI6IjY4IiwiaWRUb3JuZW8iOiIxIiwiaWRDbHVibG9jYWwiOiIxMTE5MSIsImlkQ2x1YnZpc2l0YSI6IjExMTg4IiwiaWRQYXJ0aWRvIjoiODExOTYiLCJwZXN0YW5hIjoiMSJ9/minuto-a-minuto-america-vs-pumas-jornada-6-estadio-azteca', 'text': ''}","{'type': 'link', 'href': 'https://www.ligafemenil.mx/cancha/mxm/81196/eyJpZERpdmlzaW9uIjoiMTQiLCJpZFRlbXBvcmFkYSI6IjY4IiwiaWRUb3JuZW8iOiIxIiwiaWRDbHVibG9jYWwiOiIxMTE5MSIsImlkQ2x1YnZpc2l0YSI6IjExMTg4IiwiaWRQYXJ0aWRvIjoiODExOTYiLCJwZXN0YW5hIjoiMyJ9/minuto-a-minuto-america-vs-pumas-jornada-6-estadio-azteca', 'text': ''}","{'type': 'link', 'href': 'https://www.ligafemenil.mx/cancha/informeArbitral/81196/eyJpZERpdmlzaW9uIjoiMTQiLCJpZFRlbXBvcmFkYSI6IjY4IiwiaWRUb3JuZW8iOiIxIiwiaWRDbHVibG9jYWwiOiIxMTE5MSIsImlkQ2x1YnZpc2l0YSI6IjExMTg4In0=/informe-arbitral-america-vs-pumas-jornada-6-estadio-azteca', 'text': ''}","{'type': 'link', 'href': 'https://www.ligafemenil.mx/cancha/mxm/81196/eyJpZERpdmlzaW9uIjoiMTQiLCJpZFRlbXBvcmFkYSI6IjY4IiwiaWRUb3JuZW8iOiIxIiwiaWRDbHVibG9jYWwiOiIxMTE5MSIsImlkQ2x1YnZpc2l0YSI6IjExMTg4IiwiaWRQYXJ0aWRvIjoiODExOTYiLCJwZXN0YW5hIjoiNCJ9/minuto-a-minuto-america-vs-pumas-jornada-6-estadio-azteca', 'text': ''}","{'type': 'link', 'href': 'https://www.ligafemenil.mx/cancha/galeria/ODExOTYvNi82OC8xLzE0/america-vs-pumas', 'text': ''}","{'type': 'link', 'href': 'https://www.ligafemenil.mx/cancha/playlist/81196/america-vs-pumas', 'text': ''}"
2017-2018,Apertura,"{'type': 'text', 'value': 'Sábado 2 de Septiembre de 2017\nTemporada 2017-2018\nTorneo Apertura\nJornada 6\n2 Septiembre 2017 - 19:15 hrs.'}","{'type': 'link', 'href': 'https://www.ligafemenil.mx/cancha/club/11185/rayados-de-monterrey', 'text': ''}","{'type': 'link', 'href': 'https://www.ligafemenil.mx/cancha/informeArbitral/81199/eyJpZERpdmlzaW9uIjoiMTQiLCJpZFRlbXBvcmFkYSI6IjY4IiwiaWRUb3JuZW8iOiIxIiwiaWRDbHVibG9jYWwiOjExMTg1LCJpZENsdWJ2aXNpdGEiOjExMTg2fQ==/informe-arbitral-rayados-de-monterrey-vs-tigres-de-la-uanl-jornada-6-estadio-bbva-bancomer', 'text': '2 - 1'}","{'type': 'link', 'href': 'https://www.ligafemenil.mx/cancha/club/11186/tigres-de-la-uanl', 'text': ''}","{'type': 'link', 'href': 'https://www.ligafemenil.mx/cancha/estadio/793/estadio-bbva-bancomer', 'text': 'Estadio BBVA Bancomer'}","{'type': 'link', 'href': 'https://www.ligafemenil.mx/cancha/mxm/81199/eyJpZERpdmlzaW9uIjoiMTQiLCJpZFRlbXBvcmFkYSI6IjY4IiwiaWRUb3JuZW8iOiIxIiwiaWRDbHVibG9jYWwiOiIxMTE4NSIsImlkQ2x1YnZpc2l0YSI6IjExMTg2IiwiaWRQYXJ0aWRvIjoiODExOTkiLCJwZXN0YW5hIjoiMSJ9/minuto-a-minuto-rayados-de-monterrey-vs-tigres-de-la-uanl-jornada-6-estadio-bbva-bancomer', 'text': ''}","{'type': 'link', 'href': 'https://www.ligafemenil.mx/cancha/mxm/81199/eyJpZERpdmlzaW9uIjoiMTQiLCJpZFRlbXBvcmFkYSI6IjY4IiwiaWRUb3JuZW8iOiIxIiwiaWRDbHVibG9jYWwiOiIxMTE4NSIsImlkQ2x1YnZpc2l0YSI6IjExMTg2IiwiaWRQYXJ0aWRvIjoiODExOTkiLCJwZXN0YW5hIjoiMyJ9/minuto-a-minuto-rayados-de-monterrey-vs-tigres-de-la-uanl-jornada-6-estadio-bbva-bancomer', 'text': ''}","{'type': 'link', 'href': 'https://www.ligafemenil.mx/cancha/informeArbitral/81199/eyJpZERpdmlzaW9uIjoiMTQiLCJpZFRlbXBvcmFkYSI6IjY4IiwiaWRUb3JuZW8iOiIxIiwiaWRDbHVibG9jYWwiOiIxMTE4NSIsImlkQ2x1YnZpc2l0YSI6IjExMTg2In0=/informe-arbitral-rayados-de-monterrey-vs-tigres-de-la-uanl-jornada-6-estadio-bbva-bancomer', 'text': ''}","{'type': 'link', 'href': 'https://www.ligafemenil.mx/cancha/mxm/81199/eyJpZERpdmlzaW9uIjoiMTQiLCJpZFRlbXBvcmFkYSI6IjY4IiwiaWRUb3JuZW8iOiIxIiwiaWRDbHVibG9jYWwiOiIxMTE4NSIsImlkQ2x1YnZpc2l0YSI6IjExMTg2IiwiaWRQYXJ0aWRvIjoiODExOTkiLCJwZXN0YW5hIjoiNCJ9/minuto-a-minuto-rayados-de-monterrey-vs-tigres-de-la-uanl-jornada-6-estadio-bbva-bancomer', 'text': ''}","{'type': 'link', 'href': 'https://www.ligafemenil.mx/cancha/galeria/ODExOTkvNi82OC8xLzE0/rayados-de-monterrey-vs-tigres-de-la-uanl', 'text': ''}","{'type': 'link', 'href': 'https://www.ligafemenil.mx/cancha/playlist/81199/rayados-de-monterrey-vs-tigres-de-la-uanl', 'text': ''}"
2017-2018,Apertura,"{'type': 'text', 'value': 'Domingo 3 de Septiembre de 2017\nTemporada 2017-2018\nTorneo Apertura\nJornada 6\n3 Septiembre 2017 - 10:00 hrs.'}","{'type': 'link', 'href': 'https://www.ligafemenil.mx/cancha/club/11182/guadalajara', 'text': ''}","{'type': 'link', 'href': 'https://www.ligafemenil.mx/cancha/informeArbitral/81187/eyJpZERpdmlzaW9uIjoiMTQiLCJpZFRlbXBvcmFkYSI6IjY4IiwiaWRUb3JuZW8iOiIxIiwiaWRDbHVibG9jYWwiOjExMTgyLCJpZENsdWJ2aXNpdGEiOjExMTkyfQ==/informe-arbitral-guadalajara-vs-santos-laguna-jornada-6-estadio-verde-valle', 'text': '6 - 0'}","{'type': 'link', 'href': 'https://www.ligafemenil.mx/cancha/club/11192/santos-laguna', 'text': ''}","{'type': 'link', 'href': 'https://www.ligafemenil.mx/cancha/estadio/36/estadio-verde-valle', 'text': 'Verde Valle'}","{'type': 'link', 'href': 'https://www.ligafemenil.mx/cancha/mxm/81187/eyJpZERpdmlzaW9uIjoiMTQiLCJpZFRlbXBvcmFkYSI6IjY4IiwiaWRUb3JuZW8iOiIxIiwiaWRDbHVibG9jYWwiOiIxMTE4MiIsImlkQ2x1YnZpc2l0YSI6IjExMTkyIiwiaWRQYXJ0aWRvIjoiODExODciLCJwZXN0YW5hIjoiMSJ9/minuto-a-minuto-guadalajara-vs-santos-laguna-jornada-6-estadio-verde-valle', 'text': ''}","{'type': 'link', 'href': 'https://www.ligafemenil.mx/cancha/mxm/81187/eyJpZERpdmlzaW9uIjoiMTQiLCJpZFRlbXBvcmFkYSI6IjY4IiwiaWRUb3JuZW8iOiIxIiwiaWRDbHVibG9jYWwiOiIxMTE4MiIsImlkQ2x1YnZpc2l0YSI6IjExMTkyIiwiaWRQYXJ0aWRvIjoiODExODciLCJwZXN0YW5hIjoiMyJ9/minuto-a-minuto-guadalajara-vs-santos-laguna-jornada-6-estadio-verde-valle', 'text': ''}","{'type': 'link', 'href': 'https://www.ligafemenil.mx/cancha/informeArbitral/81187/eyJpZERpdmlzaW9uIjoiMTQiLCJpZFRlbXBvcmFkYSI6IjY4IiwiaWRUb3JuZW8iOiIxIiwiaWRDbHVibG9jYWwiOiIxMTE4MiIsImlkQ2x1YnZpc2l0YSI6IjExMTkyIn0=/informe-arbitral-guadalajara-vs-santos-laguna-jornada-6-estadio-verde-valle', 'text': ''}","{'type': 'link', 'href': 'https://www.ligafemenil.mx/cancha/mxm/81187/eyJpZERpdmlzaW9uIjoiMTQiLCJpZFRlbXBvcmFkYSI6IjY4IiwiaWRUb3JuZW8iOiIxIiwiaWRDbHVibG9jYWwiOiIxMTE4MiIsImlkQ2x1YnZpc2l0YSI6IjExMTkyIiwiaWRQYXJ0aWRvIjoiODExODciLCJwZXN0YW5hIjoiNCJ9/minuto-a-minuto-guadalajara-vs-santos-laguna-jornada-6-estadio-verde-valle', 'text': ''}","{'type': 'link', 'href': 'https://www.ligafemenil.mx/cancha/galeria/ODExODcvNi82OC8xLzE0/guadalajara-vs-santos-laguna', 'text': ''}","{'type': 'link', 'href': 'https://www.ligafemenil.mx/cancha/playlist/81187/guadalajara-vs-santos-laguna', 'text': ''}"
2017-2018,Apertura,"{'type': 'text', 'value': 'Sábado 9 de Septiembre de 2017\nTemporada 2017-2018\nTorneo Apertura\nJornada 7\n9 Septiembre 2017 - 09:00 hrs.'}","{'type': 'link', 'href': 'https://www.ligafemenil.mx/cancha/club/11192/santos-laguna', 'text': ''}","{'type': 'link', 'href': 'https://www.ligafemenil.mx/cancha/informeArbitral/81210/eyJpZERpdmlzaW9uIjoiMTQiLCJpZFRlbXBvcmFkYSI6IjY4IiwiaWRUb3JuZW8iOiIxIiwiaWRDbHVibG9jYWwiOjExMTkyLCJpZENsdWJ2aXNpdGEiOjExMTg1fQ==/informe-arbitral-santos-laguna-vs-rayados-de-monterrey-jornada-7-estadio-tsm-corona', 'text': '0 - 3'}","{'type': 'link', 'href': 'https://www.ligafemenil.mx/cancha/club/11185/rayados-de-monterrey', 'text': ''}","{'type': 'link', 'href': 'https://www.ligafemenil.mx/cancha/estadio/63/estadio-tsm-corona', 'text': 'TSM Corona'}","{'type': 'link', 'href': 'https://www.ligafemenil.mx/cancha/mxm/81210/eyJpZERpdmlzaW9uIjoiMTQiLCJpZFRlbXBvcmFkYSI6IjY4IiwiaWRUb3JuZW8iOiIxIiwiaWRDbHVibG9jYWwiOiIxMTE5MiIsImlkQ2x1YnZpc2l0YSI6IjExMTg1IiwiaWRQYXJ0aWRvIjoiODEyMTAiLCJwZXN0YW5hIjoiMSJ9/minuto-a-minuto-santos-laguna-vs-rayados-de-monterrey-jornada-7-estadio-tsm-corona', 'text': ''}","{'type': 'link', 'href': 'https://www.ligafemenil.mx/cancha/mxm/81210/eyJpZERpdmlzaW9uIjoiMTQiLCJpZFRlbXBvcmFkYSI6IjY4IiwiaWRUb3JuZW8iOiIxIiwiaWRDbHVibG9jYWwiOiIxMTE5MiIsImlkQ2x1YnZpc2l0YSI6IjExMTg1IiwiaWRQYXJ0aWRvIjoiODEyMTAiLCJwZXN0YW5hIjoiMyJ9/minuto-a-minuto-santos-laguna-vs-rayados-de-monterrey-jornada-7-estadio-tsm-corona', 'text': ''}","{'type': 'link', 'href': 'https://www.ligafemenil.mx/cancha/informeArbitral/81210/eyJpZERpdmlzaW9uIjoiMTQiLCJpZFRlbXBvcmFkYSI6IjY4IiwiaWRUb3JuZW8iOiIxIiwiaWRDbHVibG9jYWwiOiIxMTE5MiIsImlkQ2x1YnZpc2l0YSI6IjExMTg1In0=/informe-arbitral-santos-laguna-vs-rayados-de-monterrey-jornada-7-estadio-tsm-corona', 'text': ''}","{'type': 'link', 'href': 'https://www.ligafemenil.mx/cancha/mxm/81210/eyJpZERpdmlzaW9uIjoiMTQiLCJpZFRlbXBvcmFkYSI6IjY4IiwiaWRUb3JuZW8iOiIxIiwiaWRDbHVibG9jYWwiOiIxMTE5MiIsImlkQ2x1YnZpc2l0YSI6IjExMTg1IiwiaWRQYXJ0aWRvIjoiODEyMTAiLCJwZXN0YW5hIjoiNCJ9/minuto-a-minuto-santos-laguna-vs-rayados-de-monterrey-jornada-7-estadio-tsm-corona', 'text': ''}","{'type': 'link', 'href': 'https://www.ligafemenil.mx/cancha/galeria/ODEyMTAvNy82OC8xLzE0/santos-laguna-vs-rayados-de-monterrey', 'text': ''}","{'type': 'link', 'href': 'https://www.ligafemenil.mx/cancha/playlist/81210/santos-laguna-vs-rayados-de-monterrey', 'text': ''}"
2017-2018,Apertura,"{'type': 'text', 'value': 'Sábado 9 de Septiembre de 2017\nTemporada 2017-2018\nTorneo Apertura\nJornada 7\n9 Septiembre 2017 - 10:00 hrs.'}","{'type': 'link', 'href': 'https://www.ligafemenil.mx/cancha/club/11186/tigres-de-la-uanl', 'text': ''}","{'type': 'link', 'href': 'https://www.ligafemenil.mx/cancha/informeArbitral/81213/eyJpZERpdmlzaW9uIjoiMTQiLCJpZFRlbXBvcmFkYSI6IjY4IiwiaWRUb3JuZW8iOiIxIiwiaWRDbHVibG9jYWwiOjExMTg2LCJpZENsdWJ2aXNpdGEiOjExMTg5fQ==/informe-arbitral-tigres-de-la-uanl-vs-necaxa-jornada-7-estadio-instalaciones-zuazua', 'text': '3 - 0'}","{'type': 'link', 'href': 'https://www.ligafemenil.mx/cancha/club/11189/necaxa', 'text': ''}","{'type': 'link', 'href': 'https://www.ligafemenil.mx/cancha/estadio/34/estadio-instalaciones-zuazua', 'text': 'Instalaciones Zuazua'}","{'type': 'link', 'href': 'https://www.ligafemenil.mx/cancha/mxm/81213/eyJpZERpdmlzaW9uIjoiMTQiLCJpZFRlbXBvcmFkYSI6IjY4IiwiaWRUb3JuZW8iOiIxIiwiaWRDbHVibG9jYWwiOiIxMTE4NiIsImlkQ2x1YnZpc2l0YSI6IjExMTg5IiwiaWRQYXJ0aWRvIjoiODEyMTMiLCJwZXN0YW5hIjoiMSJ9/minuto-a-minuto-tigres-de-la-uanl-vs-necaxa-jornada-7-estadio-instalaciones-zuazua', 'text': ''}","{'type': 'link', 'href': 'https://www.ligafemenil.mx/cancha/mxm/81213/eyJpZERpdmlzaW9uIjoiMTQiLCJpZFRlbXBvcmFkYSI6IjY4IiwiaWRUb3JuZW8iOiIxIiwiaWRDbHVibG9jYWwiOiIxMTE4NiIsImlkQ2x1YnZpc2l0YSI6IjExMTg5IiwiaWRQYXJ0aWRvIjoiODEyMTMiLCJwZXN0YW5hIjoiMyJ9/minuto-a-minuto-tigres-de-la-uanl-vs-necaxa-jornada-7-estadio-instalaciones-zuazua', 'text': ''}","{'type': 'link', 'href': 'https://www.ligafemenil.mx/cancha/informeArbitral/81213/eyJpZERpdmlzaW9uIjoiMTQiLCJpZFRlbXBvcmFkYSI6IjY4IiwiaWRUb3JuZW8iOiIxIiwiaWRDbHVibG9jYWwiOiIxMTE4NiIsImlkQ2x1YnZpc2l0YSI6IjExMTg5In0=/informe-arbitral-tigres-de-la-uanl-vs-necaxa-jornada-7-estadio-instalaciones-zuazua', 'text': ''}","{'type': 'link', 'href': 'https://www.ligafemenil.mx/cancha/mxm/81213/eyJpZERpdmlzaW9uIjoiMTQiLCJpZFRlbXBvcmFkYSI6IjY4IiwiaWRUb3JuZW8iOiIxIiwiaWRDbHVibG9jYWwiOiIxMTE4NiIsImlkQ2x1YnZpc2l0YSI6IjExMTg5IiwiaWRQYXJ0aWRvIjoiODEyMTMiLCJwZXN0YW5hIjoiNCJ9/minuto-a-minuto-tigres-de-la-uanl-vs-necaxa-jornada-7-estadio-instalaciones-zuazua', 'text': ''}","{'type': 'link', 'href': 'https://www.ligafemenil.mx/cancha/galeria/ODEyMTMvNy82OC8xLzE0/tigres-de-la-uanl-vs-necaxa', 'text': ''}","{'type': 'link', 'href': 'https://www.ligafemenil.mx/cancha/playlist/81213/tigres-de-la-uanl-vs-necaxa', 'text': ''}"
2017-2018,Apertura,"{'type': 'text', 'value': 'Sábado 9 de Septiembre de 2017\nTemporada 2017-2018\nTorneo Apertura\nJornada 7\n9 Septiembre 2017 - 10:10 hrs.'}","{'type': 'link', 'href': 'https://www.ligafemenil.mx/cancha/club/11242/veracruz', 'text': ''}","{'type': 'link', 'href': 'https://www.ligafemenil.mx/cancha/informeArbitral/81207/eyJpZERpdmlzaW9uIjoiMTQiLCJpZFRlbXBvcmFkYSI6IjY4IiwiaWRUb3JuZW8iOiIxIiwiaWRDbHVibG9jYWwiOjExMjQyLCJpZENsdWJ2aXNpdGEiOjExMTkxfQ==/informe-arbitral-veracruz-vs-america-jornada-7-estadio-luis-pirata-fuente', 'text': '1 - 8'}","{'type': 'link', 'href': 'https://www.ligafemenil.mx/cancha/club/11191/america', 'text': ''}","{'type': 'link', 'href': 'https://www.ligafemenil.mx/cancha/estadio/57/estadio-luis-pirata-fuente', 'text': 'Luis Pirata Fuente'}","{'type': 'link', 'href': 'https://www.ligafemenil.mx/cancha/mxm/81207/eyJpZERpdmlzaW9uIjoiMTQiLCJpZFRlbXBvcmFkYSI6IjY4IiwiaWRUb3JuZW8iOiIxIiwiaWRDbHVibG9jYWwiOiIxMTI0MiIsImlkQ2x1YnZpc2l0YSI6IjExMTkxIiwiaWRQYXJ0aWRvIjoiODEyMDciLCJwZXN0YW5hIjoiMSJ9/minuto-a-minuto-veracruz-vs-america-jornada-7-estadio-luis-pirata-fuente', 'text': ''}","{'type': 'link', 'href': 'https://www.ligafemenil.mx/cancha/mxm/81207/eyJpZERpdmlzaW9uIjoiMTQiLCJpZFRlbXBvcmFkYSI6IjY4IiwiaWRUb3JuZW8iOiIxIiwiaWRDbHVibG9jYWwiOiIxMTI0MiIsImlkQ2x1YnZpc2l0YSI6IjExMTkxIiwiaWRQYXJ0aWRvIjoiODEyMDciLCJwZXN0YW5hIjoiMyJ9/minuto-a-minuto-veracruz-vs-america-jornada-7-estadio-luis-pirata-fuente', 'text': ''}","{'type': 'link', 'href': 'https://www.ligafemenil.mx/cancha/informeArbitral/81207/eyJpZERpdmlzaW9uIjoiMTQiLCJpZFRlbXBvcmFkYSI6IjY4IiwiaWRUb3JuZW8iOiIxIiwiaWRDbHVibG9jYWwiOiIxMTI0MiIsImlkQ2x1YnZpc2l0YSI6IjExMTkxIn0=/informe-arbitral-veracruz-vs-america-jornada-7-estadio-luis-pirata-fuente', 'text': ''}","{'type': 'link', 'href': 'https://www.ligafemenil.mx/cancha/mxm/81207/eyJpZERpdmlzaW9uIjoiMTQiLCJpZFRlbXBvcmFkYSI6IjY4IiwiaWRUb3JuZW8iOiIxIiwiaWRDbHVibG9jYWwiOiIxMTI0MiIsImlkQ2x1YnZpc2l0YSI6IjExMTkxIiwiaWRQYXJ0aWRvIjoiODEyMDciLCJwZXN0YW5hIjoiNCJ9/minuto-a-minuto-veracruz-vs-america-jornada-7-estadio-luis-pirata-fuente', 'text': ''}","{'type': 'link', 'href': 'https://www.ligafemenil.mx/cancha/galeria/ODEyMDcvNy82OC8xLzE0/veracruz-vs-america', 'text': ''}","{'type': 'link', 'href': 'https://www.ligafemenil.mx/cancha/playlist/81207/veracruz-vs-america', 'text': ''}"
2017-2018,Apertura,"{'type': 'text', 'value': 'Sábado 9 de Septiembre de 2017\nTemporada 2017-2018\nTorneo Apertura\nJornada 7\n9 Septiembre 2017 - 11:00 hrs.'}","{'type': 'link', 'href': 'https://www.ligafemenil.mx/cancha/club/11245/atlas', 'text': ''}","{'type': 'link', 'href': 'https://www.ligafemenil.mx/cancha/informeArbitral/81215/eyJpZERpdmlzaW9uIjoiMTQiLCJpZFRlbXBvcmFkYSI6IjY4IiwiaWRUb3JuZW8iOiIxIiwiaWRDbHVibG9jYWwiOjExMjQ1LCJpZENsdWJ2aXNpdGEiOjExMjQ0fQ==/informe-arbitral-atlas-vs-queretaro-jornada-7-estadio-colomos', 'text': '4 - 2'}","{'type': 'link', 'href': 'https://www.ligafemenil.mx/cancha/club/11244/queretaro', 'text': ''}","{'type': 'link', 'href': 'https://www.ligafemenil.mx/cancha/estadio/109/estadio-colomos', 'text': 'Colomos'}","{'type': 'link', 'href': 'https://www.ligafemenil.mx/cancha/mxm/81215/eyJpZERpdmlzaW9uIjoiMTQiLCJpZFRlbXBvcmFkYSI6IjY4IiwiaWRUb3JuZW8iOiIxIiwiaWRDbHVibG9jYWwiOiIxMTI0NSIsImlkQ2x1YnZpc2l0YSI6IjExMjQ0IiwiaWRQYXJ0aWRvIjoiODEyMTUiLCJwZXN0YW5hIjoiMSJ9/minuto-a-minuto-atlas-vs-queretaro-jornada-7-estadio-colomos', 'text': ''}","{'type': 'link', 'href': 'https://www.ligafemenil.mx/cancha/mxm/81215/eyJpZERpdmlzaW9uIjoiMTQiLCJpZFRlbXBvcmFkYSI6IjY4IiwiaWRUb3JuZW8iOiIxIiwiaWRDbHVibG9jYWwiOiIxMTI0NSIsImlkQ2x1YnZpc2l0YSI6IjExMjQ0IiwiaWRQYXJ0aWRvIjoiODEyMTUiLCJwZXN0YW5hIjoiMyJ9/minuto-a-minuto-atlas-vs-queretaro-jornada-7-estadio-colomos', 'text': ''}","{'type': 'link', 'href': 'https://www.ligafemenil.mx/cancha/informeArbitral/81215/eyJpZERpdmlzaW9uIjoiMTQiLCJpZFRlbXBvcmFkYSI6IjY4IiwiaWRUb3JuZW8iOiIxIiwiaWRDbHVibG9jYWwiOiIxMTI0NSIsImlkQ2x1YnZpc2l0YSI6IjExMjQ0In0=/informe-arbitral-atlas-vs-queretaro-jornada-7-estadio-colomos', 'text': ''}","{'type': 'link', 'href': 'https://www.ligafemenil.mx/cancha/mxm/81215/eyJpZERpdmlzaW9uIjoiMTQiLCJpZFRlbXBvcmFkYSI6IjY4IiwiaWRUb3JuZW8iOiIxIiwiaWRDbHVibG9jYWwiOiIxMTI0NSIsImlkQ2x1YnZpc2l0YSI6IjExMjQ0IiwiaWRQYXJ0aWRvIjoiODEyMTUiLCJwZXN0YW5hIjoiNCJ9/minuto-a-minuto-atlas-vs-queretaro-jornada-7-estadio-colomos', 'text': ''}","{'type': 'link', 'href': 'https://www.ligafemenil.mx/cancha/galeria/ODEyMTUvNy82OC8xLzE0/atlas-vs-queretaro', 'text': ''}","{'type': 'link', 'href': 'https://www.ligafemenil.mx/cancha/playlist/81215/atlas-vs-queretaro', 'text': ''}"
2017-2018,Apertura,"{'type': 'text', 'value': 'Sábado 9 de Septiembre de 2017\nTemporada 2017-2018\nTorneo Apertura\nJornada 7\n9 Septiembre 2017 - 16:00 hrs.'}","{'type': 'link', 'href': 'https://www.ligafemenil.mx/cancha/club/11188/pumas', 'text': ''}","{'type': 'link', 'href': 'https://www.ligafemenil.mx/cancha/informeArbitral/81217/eyJpZERpdmlzaW9uIjoiMTQiLCJpZFRlbXBvcmFkYSI6IjY4IiwiaWRUb3JuZW8iOiIxIiwiaWRDbHVibG9jYWwiOjExMTg4LCJpZENsdWJ2aXNpdGEiOjExMTgzfQ==/informe-arbitral-pumas-vs-m-morelia-jornada-7-estadio-la-cantera', 'text': '3 - 0'}","{'type': 'link', 'href': 'https://www.ligafemenil.mx/cancha/club/11183/m-morelia', 'text': ''}","{'type': 'link', 'href': 'https://www.ligafemenil.mx/cancha/estadio/37/estadio-la-cantera', 'text': 'La Cantera'}","{'type': 'link', 'href': 'https://www.ligafemenil.mx/cancha/mxm/81217/eyJpZERpdmlzaW9uIjoiMTQiLCJpZFRlbXBvcmFkYSI6IjY4IiwiaWRUb3JuZW8iOiIxIiwiaWRDbHVibG9jYWwiOiIxMTE4OCIsImlkQ2x1YnZpc2l0YSI6IjExMTgzIiwiaWRQYXJ0aWRvIjoiODEyMTciLCJwZXN0YW5hIjoiMSJ9/minuto-a-minuto-pumas-vs-m-morelia-jornada-7-estadio-la-cantera', 'text': ''}","{'type': 'link', 'href': 'https://www.ligafemenil.mx/cancha/mxm/81217/eyJpZERpdmlzaW9uIjoiMTQiLCJpZFRlbXBvcmFkYSI6IjY4IiwiaWRUb3JuZW8iOiIxIiwiaWRDbHVibG9jYWwiOiIxMTE4OCIsImlkQ2x1YnZpc2l0YSI6IjExMTgzIiwiaWRQYXJ0aWRvIjoiODEyMTciLCJwZXN0YW5hIjoiMyJ9/minuto-a-minuto-pumas-vs-m-morelia-jornada-7-estadio-la-cantera', 'text': ''}","{'type': 'link', 'href': 'https://www.ligafemenil.mx/cancha/informeArbitral/81217/eyJpZERpdmlzaW9uIjoiMTQiLCJpZFRlbXBvcmFkYSI6IjY4IiwiaWRUb3JuZW8iOiIxIiwiaWRDbHVibG9jYWwiOiIxMTE4OCIsImlkQ2x1YnZpc2l0YSI6IjExMTgzIn0=/informe-arbitral-pumas-vs-m-morelia-jornada-7-estadio-la-cantera', 'text': ''}","{'type': 'link', 'href': 'https://www.ligafemenil.mx/cancha/mxm/81217/eyJpZERpdmlzaW9uIjoiMTQiLCJpZFRlbXBvcmFkYSI6IjY4IiwiaWRUb3JuZW8iOiIxIiwiaWRDbHVibG9jYWwiOiIxMTE4OCIsImlkQ2x1YnZpc2l0YSI6IjExMTgzIiwiaWRQYXJ0aWRvIjoiODEyMTciLCJwZXN0YW5hIjoiNCJ9/minuto-a-minuto-pumas-vs-m-morelia-jornada-7-estadio-la-cantera', 'text': ''}","{'type': 'link', 'href': 'https://www.ligafemenil.mx/cancha/galeria/ODEyMTcvNy82OC8xLzE0/pumas-vs-m-morelia', 'text': ''}","{'type': 'link', 'href': 'https://www.ligafemenil.mx/cancha/playlist/81217/pumas-vs-m-morelia', 'text': ''}"
2017-2018,Apertura,"{'type': 'text', 'value': 'Sábado 9 de Septiembre de 2017\nTemporada 2017-2018\nTorneo Apertura\nJornada 7\n9 Septiembre 2017 - 16:00 hrs.'}","{'type': 'link', 'href': 'https://www.ligafemenil.mx/cancha/club/11180/tijuana', 'text': ''}","{'type': 'link', 'href': 'https://www.ligafemenil.mx/cancha/informeArbitral/81222/eyJpZERpdmlzaW9uIjoiMTQiLCJpZFRlbXBvcmFkYSI6IjY4IiwiaWRUb3JuZW8iOiIxIiwiaWRDbHVibG9jYWwiOjExMTgwLCJpZENsdWJ2aXNpdGEiOjExMTgxfQ==/informe-arbitral-tijuana-vs-cruz-azul-jornada-7-estadio-cancha-alterna-n%C3%B9mero-1-pasto-natural-del-caliente', 'text': '1 - 0'}","{'type': 'link', 'href': 'https://www.ligafemenil.mx/cancha/club/11181/cruz-azul', 'text': ''}","{'type': 'link', 'href': 'https://www.ligafemenil.mx/cancha/estadio/922/estadio-cancha-alterna-n%C3%B9mero-1-pasto-natural-del-caliente', 'text': 'Cancha Alterna nùmero 1 (Pasto Natural) del Estadio Caliente'}","{'type': 'link', 'href': 'https://www.ligafemenil.mx/cancha/mxm/81222/eyJpZERpdmlzaW9uIjoiMTQiLCJpZFRlbXBvcmFkYSI6IjY4IiwiaWRUb3JuZW8iOiIxIiwiaWRDbHVibG9jYWwiOiIxMTE4MCIsImlkQ2x1YnZpc2l0YSI6IjExMTgxIiwiaWRQYXJ0aWRvIjoiODEyMjIiLCJwZXN0YW5hIjoiMSJ9/minuto-a-minuto-tijuana-vs-cruz-azul-jornada-7-estadio-cancha-alterna-n%C3%B9mero-1-pasto-natural-del-caliente', 'text': ''}","{'type': 'link', 'href': 'https://www.ligafemenil.mx/cancha/mxm/81222/eyJpZERpdmlzaW9uIjoiMTQiLCJpZFRlbXBvcmFkYSI6IjY4IiwiaWRUb3JuZW8iOiIxIiwiaWRDbHVibG9jYWwiOiIxMTE4MCIsImlkQ2x1YnZpc2l0YSI6IjExMTgxIiwiaWRQYXJ0aWRvIjoiODEyMjIiLCJwZXN0YW5hIjoiMyJ9/minuto-a-minuto-tijuana-vs-cruz-azul-jornada-7-estadio-cancha-alterna-n%C3%B9mero-1-pasto-natural-del-caliente', 'text': ''}","{'type': 'link', 'href': 'https://www.ligafemenil.mx/cancha/informeArbitral/81222/eyJpZERpdmlzaW9uIjoiMTQiLCJpZFRlbXBvcmFkYSI6IjY4IiwiaWRUb3JuZW8iOiIxIiwiaWRDbHVibG9jYWwiOiIxMTE4MCIsImlkQ2x1YnZpc2l0YSI6IjExMTgxIn0=/informe-arbitral-tijuana-vs-cruz-azul-jornada-7-estadio-cancha-alterna-n%C3%B9mero-1-pasto-natural-del-caliente', 'text': ''}","{'type': 'link', 'href': 'https://www.ligafemenil.mx/cancha/mxm/81222/eyJpZERpdmlzaW9uIjoiMTQiLCJpZFRlbXBvcmFkYSI6IjY4IiwiaWRUb3JuZW8iOiIxIiwiaWRDbHVibG9jYWwiOiIxMTE4MCIsImlkQ2x1YnZpc2l0YSI6IjExMTgxIiwiaWRQYXJ0aWRvIjoiODEyMjIiLCJwZXN0YW5hIjoiNCJ9/minuto-a-minuto-tijuana-vs-cruz-azul-jornada-7-estadio-cancha-alterna-n%C3%B9mero-1-pasto-natural-del-caliente', 'text': ''}","{'type': 'link', 'href': 'https://www.ligafemenil.mx/cancha/galeria/ODEyMjIvNy82OC8xLzE0/tijuana-vs-cruz-azul', 'text': ''}","{'type': 'link', 'href': 'https://www.ligafemenil.mx/cancha/playlist/81222/tijuana-vs-cruz-azul', 'text': ''}"
2017-2018,Apertura,"{'type': 'text', 'value': 'Lunes 11 de Septiembre de 2017\nTemporada 2017-2018\nTorneo Apertura\nJornada 7\n11 Septiembre 2017 - 19:00 hrs.'}","{'type': 'link', 'href': 'https://www.ligafemenil.mx/cancha/club/11184/pachuca', 'text': ''}","{'type': 'link', 'href': 'https://www.ligafemenil.mx/cancha/informeArbitral/81202/eyJpZERpdmlzaW9uIjoiMTQiLCJpZFRlbXBvcmFkYSI6IjY4IiwiaWRUb3JuZW8iOiIxIiwiaWRDbHVibG9jYWwiOjExMTg0LCJpZENsdWJ2aXNpdGEiOjExMTg3fQ==/informe-arbitral-pachuca-vs-toluca-jornada-7-estadio-hidalgo-fox-sports', 'text': '0 - 2'}","{'type': 'link', 'href': 'https://www.ligafemenil.mx/cancha/club/11187/toluca', 'text': ''}","{'type': 'link', 'href': 'https://www.ligafemenil.mx/cancha/estadio/11/estadio-hidalgo', 'text': 'Hidalgo'}","{'type': 'link', 'href': 'https://www.ligafemenil.mx/cancha/mxm/81202/eyJpZERpdmlzaW9uIjoiMTQiLCJpZFRlbXBvcmFkYSI6IjY4IiwiaWRUb3JuZW8iOiIxIiwiaWRDbHVibG9jYWwiOiIxMTE4NCIsImlkQ2x1YnZpc2l0YSI6IjExMTg3IiwiaWRQYXJ0aWRvIjoiODEyMDIiLCJwZXN0YW5hIjoiMSJ9/minuto-a-minuto-pachuca-vs-toluca-jornada-7-estadio-hidalgo-fox-sports', 'text': ''}","{'type': 'link', 'href': 'https://www.ligafemenil.mx/cancha/mxm/81202/eyJpZERpdmlzaW9uIjoiMTQiLCJpZFRlbXBvcmFkYSI6IjY4IiwiaWRUb3JuZW8iOiIxIiwiaWRDbHVibG9jYWwiOiIxMTE4NCIsImlkQ2x1YnZpc2l0YSI6IjExMTg3IiwiaWRQYXJ0aWRvIjoiODEyMDIiLCJwZXN0YW5hIjoiMyJ9/minuto-a-minuto-pachuca-vs-toluca-jornada-7-estadio-hidalgo-fox-sports', 'text': ''}","{'type': 'link', 'href': 'https://www.ligafemenil.mx/cancha/informeArbitral/81202/eyJpZERpdmlzaW9uIjoiMTQiLCJpZFRlbXBvcmFkYSI6IjY4IiwiaWRUb3JuZW8iOiIxIiwiaWRDbHVibG9jYWwiOiIxMTE4NCIsImlkQ2x1YnZpc2l0YSI6IjExMTg3In0=/informe-arbitral-pachuca-vs-toluca-jornada-7-estadio-hidalgo-fox-sports', 'text': ''}","{'type': 'link', 'href': 'https://www.ligafemenil.mx/cancha/mxm/81202/eyJpZERpdmlzaW9uIjoiMTQiLCJpZFRlbXBvcmFkYSI6IjY4IiwiaWRUb3JuZW8iOiIxIiwiaWRDbHVibG9jYWwiOiIxMTE4NCIsImlkQ2x1YnZpc2l0YSI6IjExMTg3IiwiaWRQYXJ0aWRvIjoiODEyMDIiLCJwZXN0YW5hIjoiNCJ9/minuto-a-minuto-pachuca-vs-toluca-jornada-7-estadio-hidalgo-fox-sports', 'text': ''}","{'type': 'link', 'href': 'https://www.ligafemenil.mx/cancha/galeria/ODEyMDIvNy82OC8xLzE0/pachuca-vs-toluca', 'text': ''}","{'type': 'link', 'href': 'https://www.ligafemenil.mx/cancha/playlist/81202/pachuca-vs-toluca', 'text': ''}"
2017-2018,Apertura,"{'type': 'text', 'value': 'Lunes 11 de Septiembre de 2017\nTemporada 2017-2018\nTorneo Apertura\nJornada 7\n11 Septiembre 2017 - 21:00 hrs.'}","{'type': 'link', 'href': 'https://www.ligafemenil.mx/cancha/club/11243/leon', 'text': ''}","{'type': 'link', 'href': 'https://www.ligafemenil.mx/cancha/informeArbitral/81204/eyJpZERpdmlzaW9uIjoiMTQiLCJpZFRlbXBvcmFkYSI6IjY4IiwiaWRUb3JuZW8iOiIxIiwiaWRDbHVibG9jYWwiOjExMjQzLCJpZENsdWJ2aXNpdGEiOjExMTgyfQ==/informe-arbitral-leon-vs-guadalajara-jornada-7-estadio-nou-camp-fox-sports', 'text': '1 - 3'}","{'type': 'link', 'href': 'https://www.ligafemenil.mx/cancha/club/11182/guadalajara', 'text': ''}","{'type': 'link', 'href': 'https://www.ligafemenil.mx/cancha/estadio/23/estadio-nou-camp', 'text': 'Nou Camp'}","{'type': 'link', 'href': 'https://www.ligafemenil.mx/cancha/mxm/81204/eyJpZERpdmlzaW9uIjoiMTQiLCJpZFRlbXBvcmFkYSI6IjY4IiwiaWRUb3JuZW8iOiIxIiwiaWRDbHVibG9jYWwiOiIxMTI0MyIsImlkQ2x1YnZpc2l0YSI6IjExMTgyIiwiaWRQYXJ0aWRvIjoiODEyMDQiLCJwZXN0YW5hIjoiMSJ9/minuto-a-minuto-leon-vs-guadalajara-jornada-7-estadio-nou-camp-fox-sports', 'text': ''}","{'type': 'link', 'href': 'https://www.ligafemenil.mx/cancha/mxm/81204/eyJpZERpdmlzaW9uIjoiMTQiLCJpZFRlbXBvcmFkYSI6IjY4IiwiaWRUb3JuZW8iOiIxIiwiaWRDbHVibG9jYWwiOiIxMTI0MyIsImlkQ2x1YnZpc2l0YSI6IjExMTgyIiwiaWRQYXJ0aWRvIjoiODEyMDQiLCJwZXN0YW5hIjoiMyJ9/minuto-a-minuto-leon-vs-guadalajara-jornada-7-estadio-nou-camp-fox-sports', 'text': ''}","{'type': 'link', 'href': 'https://www.ligafemenil.mx/cancha/informeArbitral/81204/eyJpZERpdmlzaW9uIjoiMTQiLCJpZFRlbXBvcmFkYSI6IjY4IiwiaWRUb3JuZW8iOiIxIiwiaWRDbHVibG9jYWwiOiIxMTI0MyIsImlkQ2x1YnZpc2l0YSI6IjExMTgyIn0=/informe-arbitral-leon-vs-guadalajara-jornada-7-estadio-nou-camp-fox-sports', 'text': ''}","{'type': 'link', 'href': 'https://www.ligafemenil.mx/cancha/mxm/81204/eyJpZERpdmlzaW9uIjoiMTQiLCJpZFRlbXBvcmFkYSI6IjY4IiwiaWRUb3JuZW8iOiIxIiwiaWRDbHVibG9jYWwiOiIxMTI0MyIsImlkQ2x1YnZpc2l0YSI6IjExMTgyIiwiaWRQYXJ0aWRvIjoiODEyMDQiLCJwZXN0YW5hIjoiNCJ9/minuto-a-minuto-leon-vs-guadalajara-jornada-7-estadio-nou-camp-fox-sports', 'text': ''}","{'type': 'link', 'href': 'https://www.ligafemenil.mx/cancha/galeria/ODEyMDQvNy82OC8xLzE0/leon-vs-guadalajara', 'text': ''}","{'type': 'link', 'href': 'https://www.ligafemenil.mx/cancha/playlist/81204/leon-vs-guadalajara', 'text': ''}"
2017-2018,Apertura,"{'type': 'text', 'value': 'Viernes 15 de Septiembre de 2017\nTemporada 2017-2018\nTorneo Apertura\nJornada 8\n15 Septiembre 2017 - 10:00 hrs.'}","{'type': 'link', 'href': 'https://www.ligafemenil.mx/cancha/club/11181/cruz-azul', 'text': ''}","{'type': 'link', 'href': 'https://www.ligafemenil.mx/cancha/informeArbitral/81229/eyJpZERpdmlzaW9uIjoiMTQiLCJpZFRlbXBvcmFkYSI6IjY4IiwiaWRUb3JuZW8iOiIxIiwiaWRDbHVibG9jYWwiOjExMTgxLCJpZENsdWJ2aXNpdGEiOjExMTg3fQ==/informe-arbitral-cruz-azul-vs-toluca-jornada-8-estadio-instalaciones-la-noria-cancha-1', 'text': '0 - 1'}","{'type': 'link', 'href': 'https://www.ligafemenil.mx/cancha/club/11187/toluca', 'text': ''}","{'type': 'link', 'href': 'https://www.ligafemenil.mx/cancha/estadio/47/estadio-instalaciones-la-noria-cancha-1', 'text': 'Instalaciones La Noria Cancha 1'}","{'type': 'link', 'href': 'https://www.ligafemenil.mx/cancha/mxm/81229/eyJpZERpdmlzaW9uIjoiMTQiLCJpZFRlbXBvcmFkYSI6IjY4IiwiaWRUb3JuZW8iOiIxIiwiaWRDbHVibG9jYWwiOiIxMTE4MSIsImlkQ2x1YnZpc2l0YSI6IjExMTg3IiwiaWRQYXJ0aWRvIjoiODEyMjkiLCJwZXN0YW5hIjoiMSJ9/minuto-a-minuto-cruz-azul-vs-toluca-jornada-8-estadio-instalaciones-la-noria-cancha-1', 'text': ''}","{'type': 'link', 'href': 'https://www.ligafemenil.mx/cancha/mxm/81229/eyJpZERpdmlzaW9uIjoiMTQiLCJpZFRlbXBvcmFkYSI6IjY4IiwiaWRUb3JuZW8iOiIxIiwiaWRDbHVibG9jYWwiOiIxMTE4MSIsImlkQ2x1YnZpc2l0YSI6IjExMTg3IiwiaWRQYXJ0aWRvIjoiODEyMjkiLCJwZXN0YW5hIjoiMyJ9/minuto-a-minuto-cruz-azul-vs-toluca-jornada-8-estadio-instalaciones-la-noria-cancha-1', 'text': ''}","{'type': 'link', 'href': 'https://www.ligafemenil.mx/cancha/informeArbitral/81229/eyJpZERpdmlzaW9uIjoiMTQiLCJpZFRlbXBvcmFkYSI6IjY4IiwiaWRUb3JuZW8iOiIxIiwiaWRDbHVibG9jYWwiOiIxMTE4MSIsImlkQ2x1YnZpc2l0YSI6IjExMTg3In0=/informe-arbitral-cruz-azul-vs-toluca-jornada-8-estadio-instalaciones-la-noria-cancha-1', 'text': ''}","{'type': 'link', 'href': 'https://www.ligafemenil.mx/cancha/mxm/81229/eyJpZERpdmlzaW9uIjoiMTQiLCJpZFRlbXBvcmFkYSI6IjY4IiwiaWRUb3JuZW8iOiIxIiwiaWRDbHVibG9jYWwiOiIxMTE4MSIsImlkQ2x1YnZpc2l0YSI6IjExMTg3IiwiaWRQYXJ0aWRvIjoiODEyMjkiLCJwZXN0YW5hIjoiNCJ9/minuto-a-minuto-cruz-azul-vs-toluca-jornada-8-estadio-instalaciones-la-noria-cancha-1', 'text': ''}","{'type': 'link', 'href': 'https://www.ligafemenil.mx/cancha/galeria/ODEyMjkvOC82OC8xLzE0/cruz-azul-vs-toluca', 'text': ''}","{'type': 'link', 'href': 'https://www.ligafemenil.mx/cancha/playlist/81229/cruz-azul-vs-toluca', 'text': ''}"
2017-2018,Apertura,"{'type': 'text', 'value': 'Viernes 15 de Septiembre de 2017\nTemporada 2017-2018\nTorneo Apertura\nJornada 8\n15 Septiembre 2017 - 11:00 hrs.'}","{'type': 'link', 'href': 'https://www.ligafemenil.mx/cancha/club/11245/atlas', 'text': ''}","{'type': 'link', 'href': 'https://www.ligafemenil.mx/cancha/informeArbitral/81240/eyJpZERpdmlzaW9uIjoiMTQiLCJpZFRlbXBvcmFkYSI6IjY4IiwiaWRUb3JuZW8iOiIxIiwiaWRDbHVibG9jYWwiOjExMjQ1LCJpZENsdWJ2aXNpdGEiOjExMTgyfQ==/informe-arbitral-atlas-vs-guadalajara-jornada-8-estadio-colomos-tvc-deportes', 'text': '1 - 1'}","{'type': 'link', 'href': 'https://www.ligafemenil.mx/cancha/club/11182/guadalajara', 'text': ''}","{'type': 'link', 'href': 'https://www.ligafemenil.mx/cancha/estadio/109/estadio-colomos', 'text': 'Colomos'}","{'type': 'link', 'href': 'https://www.ligafemenil.mx/cancha/mxm/81240/eyJpZERpdmlzaW9uIjoiMTQiLCJpZFRlbXBvcmFkYSI6IjY4IiwiaWRUb3JuZW8iOiIxIiwiaWRDbHVibG9jYWwiOiIxMTI0NSIsImlkQ2x1YnZpc2l0YSI6IjExMTgyIiwiaWRQYXJ0aWRvIjoiODEyNDAiLCJwZXN0YW5hIjoiMSJ9/minuto-a-minuto-atlas-vs-guadalajara-jornada-8-estadio-colomos-tvc-deportes', 'text': ''}","{'type': 'link', 'href': 'https://www.ligafemenil.mx/cancha/mxm/81240/eyJpZERpdmlzaW9uIjoiMTQiLCJpZFRlbXBvcmFkYSI6IjY4IiwiaWRUb3JuZW8iOiIxIiwiaWRDbHVibG9jYWwiOiIxMTI0NSIsImlkQ2x1YnZpc2l0YSI6IjExMTgyIiwiaWRQYXJ0aWRvIjoiODEyNDAiLCJwZXN0YW5hIjoiMyJ9/minuto-a-minuto-atlas-vs-guadalajara-jornada-8-estadio-colomos-tvc-deportes', 'text': ''}","{'type': 'link', 'href': 'https://www.ligafemenil.mx/cancha/informeArbitral/81240/eyJpZERpdmlzaW9uIjoiMTQiLCJpZFRlbXBvcmFkYSI6IjY4IiwiaWRUb3JuZW8iOiIxIiwiaWRDbHVibG9jYWwiOiIxMTI0NSIsImlkQ2x1YnZpc2l0YSI6IjExMTgyIn0=/informe-arbitral-atlas-vs-guadalajara-jornada-8-estadio-colomos-tvc-deportes', 'text': ''}","{'type': 'link', 'href': 'https://www.ligafemenil.mx/cancha/mxm/81240/eyJpZERpdmlzaW9uIjoiMTQiLCJpZFRlbXBvcmFkYSI6IjY4IiwiaWRUb3JuZW8iOiIxIiwiaWRDbHVibG9jYWwiOiIxMTI0NSIsImlkQ2x1YnZpc2l0YSI6IjExMTgyIiwiaWRQYXJ0aWRvIjoiODEyNDAiLCJwZXN0YW5hIjoiNCJ9/minuto-a-minuto-atlas-vs-guadalajara-jornada-8-estadio-colomos-tvc-deportes', 'text': ''}","{'type': 'link', 'href': 'https://www.ligafemenil.mx/cancha/galeria/ODEyNDAvOC82OC8xLzE0/atlas-vs-guadalajara', 'text': ''}","{'type': 'link', 'href': 'https://www.ligafemenil.mx/cancha/playlist/81240/atlas-vs-guadalajara', 'text': ''}"
2017-2018,Apertura,"{'type': 'text', 'value': 'Viernes 15 de Septiembre de 2017\nTemporada 2017-2018\nTorneo Apertura\nJornada 8\n15 Septiembre 2017 - 16:00 hrs.'}","{'type': 'link', 'href': 'https://www.ligafemenil.mx/cancha/club/11189/necaxa', 'text': ''}","{'type': 'link', 'href': 'https://www.ligafemenil.mx/cancha/informeArbitral/81231/eyJpZERpdmlzaW9uIjoiMTQiLCJpZFRlbXBvcmFkYSI6IjY4IiwiaWRUb3JuZW8iOiIxIiwiaWRDbHVibG9jYWwiOjExMTg5LCJpZENsdWJ2aXNpdGEiOjExMTg1fQ==/informe-arbitral-necaxa-vs-rayados-de-monterrey-jornada-8-estadio-victoria', 'text': '2 - 2'}","{'type': 'link', 'href': 'https://www.ligafemenil.mx/cancha/club/11185/rayados-de-monterrey', 'text': ''}","{'type': 'link', 'href': 'https://www.ligafemenil.mx/cancha/estadio/15/estadio-victoria', 'text': 'Victoria'}","{'type': 'link', 'href': 'https://www.ligafemenil.mx/cancha/mxm/81231/eyJpZERpdmlzaW9uIjoiMTQiLCJpZFRlbXBvcmFkYSI6IjY4IiwiaWRUb3JuZW8iOiIxIiwiaWRDbHVibG9jYWwiOiIxMTE4OSIsImlkQ2x1YnZpc2l0YSI6IjExMTg1IiwiaWRQYXJ0aWRvIjoiODEyMzEiLCJwZXN0YW5hIjoiMSJ9/minuto-a-minuto-necaxa-vs-rayados-de-monterrey-jornada-8-estadio-victoria', 'text': ''}","{'type': 'link', 'href': 'https://www.ligafemenil.mx/cancha/mxm/81231/eyJpZERpdmlzaW9uIjoiMTQiLCJpZFRlbXBvcmFkYSI6IjY4IiwiaWRUb3JuZW8iOiIxIiwiaWRDbHVibG9jYWwiOiIxMTE4OSIsImlkQ2x1YnZpc2l0YSI6IjExMTg1IiwiaWRQYXJ0aWRvIjoiODEyMzEiLCJwZXN0YW5hIjoiMyJ9/minuto-a-minuto-necaxa-vs-rayados-de-monterrey-jornada-8-estadio-victoria', 'text': ''}","{'type': 'link', 'href': 'https://www.ligafemenil.mx/cancha/informeArbitral/81231/eyJpZERpdmlzaW9uIjoiMTQiLCJpZFRlbXBvcmFkYSI6IjY4IiwiaWRUb3JuZW8iOiIxIiwiaWRDbHVibG9jYWwiOiIxMTE4OSIsImlkQ2x1YnZpc2l0YSI6IjExMTg1In0=/informe-arbitral-necaxa-vs-rayados-de-monterrey-jornada-8-estadio-victoria', 'text': ''}","{'type': 'link', 'href': 'https://www.ligafemenil.mx/cancha/mxm/81231/eyJpZERpdmlzaW9uIjoiMTQiLCJpZFRlbXBvcmFkYSI6IjY4IiwiaWRUb3JuZW8iOiIxIiwiaWRDbHVibG9jYWwiOiIxMTE4OSIsImlkQ2x1YnZpc2l0YSI6IjExMTg1IiwiaWRQYXJ0aWRvIjoiODEyMzEiLCJwZXN0YW5hIjoiNCJ9/minuto-a-minuto-necaxa-vs-rayados-de-monterrey-jornada-8-estadio-victoria', 'text': ''}","{'type': 'link', 'href': 'https://www.ligafemenil.mx/cancha/galeria/ODEyMzEvOC82OC8xLzE0/necaxa-vs-rayados-de-monterrey', 'text': ''}","{'type': 'link', 'href': 'https://www.ligafemenil.mx/cancha/playlist/81231/necaxa-vs-rayados-de-monterrey', 'text': ''}"
2017-2018,Apertura,"{'type': 'text', 'value': 'Viernes 15 de Septiembre de 2017\nTemporada 2017-2018\nTorneo Apertura\nJornada 8\n15 Septiembre 2017 - 17:00 hrs.'}","{'type': 'link', 'href': 'https://www.ligafemenil.mx/cancha/club/11243/leon', 'text': ''}","{'type': 'link', 'href': 'https://www.ligafemenil.mx/cancha/informeArbitral/81227/eyJpZERpdmlzaW9uIjoiMTQiLCJpZFRlbXBvcmFkYSI6IjY4IiwiaWRUb3JuZW8iOiIxIiwiaWRDbHVibG9jYWwiOjExMjQzLCJpZENsdWJ2aXNpdGEiOjExMTkyfQ==/informe-arbitral-leon-vs-santos-laguna-jornada-8-estadio-nou-camp', 'text': '5 - 2'}","{'type': 'link', 'href': 'https://www.ligafemenil.mx/cancha/club/11192/santos-laguna', 'text': ''}","{'type': 'link', 'href': 'https://www.ligafemenil.mx/cancha/estadio/23/estadio-nou-camp', 'text': 'Nou Camp'}","{'type': 'link', 'href': 'https://www.ligafemenil.mx/cancha/mxm/81227/eyJpZERpdmlzaW9uIjoiMTQiLCJpZFRlbXBvcmFkYSI6IjY4IiwiaWRUb3JuZW8iOiIxIiwiaWRDbHVibG9jYWwiOiIxMTI0MyIsImlkQ2x1YnZpc2l0YSI6IjExMTkyIiwiaWRQYXJ0aWRvIjoiODEyMjciLCJwZXN0YW5hIjoiMSJ9/minuto-a-minuto-leon-vs-santos-laguna-jornada-8-estadio-nou-camp', 'text': ''}","{'type': 'link', 'href': 'https://www.ligafemenil.mx/cancha/mxm/81227/eyJpZERpdmlzaW9uIjoiMTQiLCJpZFRlbXBvcmFkYSI6IjY4IiwiaWRUb3JuZW8iOiIxIiwiaWRDbHVibG9jYWwiOiIxMTI0MyIsImlkQ2x1YnZpc2l0YSI6IjExMTkyIiwiaWRQYXJ0aWRvIjoiODEyMjciLCJwZXN0YW5hIjoiMyJ9/minuto-a-minuto-leon-vs-santos-laguna-jornada-8-estadio-nou-camp', 'text': ''}","{'type': 'link', 'href': 'https://www.ligafemenil.mx/cancha/informeArbitral/81227/eyJpZERpdmlzaW9uIjoiMTQiLCJpZFRlbXBvcmFkYSI6IjY4IiwiaWRUb3JuZW8iOiIxIiwiaWRDbHVibG9jYWwiOiIxMTI0MyIsImlkQ2x1YnZpc2l0YSI6IjExMTkyIn0=/informe-arbitral-leon-vs-santos-laguna-jornada-8-estadio-nou-camp', 'text': ''}","{'type': 'link', 'href': 'https://www.ligafemenil.mx/cancha/mxm/81227/eyJpZERpdmlzaW9uIjoiMTQiLCJpZFRlbXBvcmFkYSI6IjY4IiwiaWRUb3JuZW8iOiIxIiwiaWRDbHVibG9jYWwiOiIxMTI0MyIsImlkQ2x1YnZpc2l0YSI6IjExMTkyIiwiaWRQYXJ0aWRvIjoiODEyMjciLCJwZXN0YW5hIjoiNCJ9/minuto-a-minuto-leon-vs-santos-laguna-jornada-8-estadio-nou-camp', 'text': ''}","{'type': 'link', 'href': 'https://www.ligafemenil.mx/cancha/galeria/ODEyMjcvOC82OC8xLzE0/leon-vs-santos-laguna', 'text': ''}","{'type': 'link', 'href': 'https://www.ligafemenil.mx/cancha/playlist/81227/leon-vs-santos-laguna', 'text': ''}"
2017-2018,Apertura,"{'type': 'text', 'value': 'Viernes 15 de Septiembre de 2017\nTemporada 2017-2018\nTorneo Apertura\nJornada 8\n15 Septiembre 2017 - 21:15 hrs.'}","{'type': 'link', 'href': 'https://www.ligafemenil.mx/cancha/club/11180/tijuana', 'text': ''}","{'type': 'link', 'href': 'https://www.ligafemenil.mx/cancha/informeArbitral/81247/eyJpZERpdmlzaW9uIjoiMTQiLCJpZFRlbXBvcmFkYSI6IjY4IiwiaWRUb3JuZW8iOiIxIiwiaWRDbHVibG9jYWwiOjExMTgwLCJpZENsdWJ2aXNpdGEiOjExMTkxfQ==/informe-arbitral-tijuana-vs-america-jornada-8-estadio-caliente', 'text': '2 - 2'}","{'type': 'link', 'href': 'https://www.ligafemenil.mx/cancha/club/11191/america', 'text': ''}","{'type': 'link', 'href': 'https://www.ligafemenil.mx/cancha/estadio/48/estadio-caliente', 'text': 'Caliente'}","{'type': 'link', 'href': 'https://www.ligafemenil.mx/cancha/mxm/81247/eyJpZERpdmlzaW9uIjoiMTQiLCJpZFRlbXBvcmFkYSI6IjY4IiwiaWRUb3JuZW8iOiIxIiwiaWRDbHVibG9jYWwiOiIxMTE4MCIsImlkQ2x1YnZpc2l0YSI6IjExMTkxIiwiaWRQYXJ0aWRvIjoiODEyNDciLCJwZXN0YW5hIjoiMSJ9/minuto-a-minuto-tijuana-vs-america-jornada-8-estadio-caliente', 'text': ''}","{'type': 'link', 'href': 'https://www.ligafemenil.mx/cancha/mxm/81247/eyJpZERpdmlzaW9uIjoiMTQiLCJpZFRlbXBvcmFkYSI6IjY4IiwiaWRUb3JuZW8iOiIxIiwiaWRDbHVibG9jYWwiOiIxMTE4MCIsImlkQ2x1YnZpc2l0YSI6IjExMTkxIiwiaWRQYXJ0aWRvIjoiODEyNDciLCJwZXN0YW5hIjoiMyJ9/minuto-a-minuto-tijuana-vs-america-jornada-8-estadio-caliente', 'text': ''}","{'type': 'link', 'href': 'https://www.ligafemenil.mx/cancha/informeArbitral/81247/eyJpZERpdmlzaW9uIjoiMTQiLCJpZFRlbXBvcmFkYSI6IjY4IiwiaWRUb3JuZW8iOiIxIiwiaWRDbHVibG9jYWwiOiIxMTE4MCIsImlkQ2x1YnZpc2l0YSI6IjExMTkxIn0=/informe-arbitral-tijuana-vs-america-jornada-8-estadio-caliente', 'text': ''}","{'type': 'link', 'href': 'https://www.ligafemenil.mx/cancha/mxm/81247/eyJpZERpdmlzaW9uIjoiMTQiLCJpZFRlbXBvcmFkYSI6IjY4IiwiaWRUb3JuZW8iOiIxIiwiaWRDbHVibG9jYWwiOiIxMTE4MCIsImlkQ2x1YnZpc2l0YSI6IjExMTkxIiwiaWRQYXJ0aWRvIjoiODEyNDciLCJwZXN0YW5hIjoiNCJ9/minuto-a-minuto-tijuana-vs-america-jornada-8-estadio-caliente', 'text': ''}","{'type': 'link', 'href': 'https://www.ligafemenil.mx/cancha/galeria/ODEyNDcvOC82OC8xLzE0/tijuana-vs-america', 'text': ''}","{'type': 'link', 'href': 'https://www.ligafemenil.mx/cancha/playlist/81247/tijuana-vs-america', 'text': ''}"
2017-2018,Apertura,"{'type': 'text', 'value': 'Sábado 16 de Septiembre de 2017\nTemporada 2017-2018\nTorneo Apertura\nJornada 8\n16 Septiembre 2017 - 10:00 hrs.'}","{'type': 'link', 'href': 'https://www.ligafemenil.mx/cancha/club/11242/veracruz', 'text': ''}","{'type': 'link', 'href': 'https://www.ligafemenil.mx/cancha/informeArbitral/81234/eyJpZERpdmlzaW9uIjoiMTQiLCJpZFRlbXBvcmFkYSI6IjY4IiwiaWRUb3JuZW8iOiIxIiwiaWRDbHVibG9jYWwiOjExMjQyLCJpZENsdWJ2aXNpdGEiOjExMTgzfQ==/informe-arbitral-veracruz-vs-m-morelia-jornada-8-estadio-centro-de-alto-rendimiento-cancha-1', 'text': '0 - 1'}","{'type': 'link', 'href': 'https://www.ligafemenil.mx/cancha/club/11183/m-morelia', 'text': ''}","{'type': 'link', 'href': 'https://www.ligafemenil.mx/cancha/estadio/1416/estadio-centro-de-alto-rendimiento-cancha-1', 'text': 'Centro de Alto Rendimiento Cancha 1'}","{'type': 'link', 'href': 'https://www.ligafemenil.mx/cancha/mxm/81234/eyJpZERpdmlzaW9uIjoiMTQiLCJpZFRlbXBvcmFkYSI6IjY4IiwiaWRUb3JuZW8iOiIxIiwiaWRDbHVibG9jYWwiOiIxMTI0MiIsImlkQ2x1YnZpc2l0YSI6IjExMTgzIiwiaWRQYXJ0aWRvIjoiODEyMzQiLCJwZXN0YW5hIjoiMSJ9/minuto-a-minuto-veracruz-vs-m-morelia-jornada-8-estadio-centro-de-alto-rendimiento-cancha-1', 'text': ''}","{'type': 'link', 'href': 'https://www.ligafemenil.mx/cancha/mxm/81234/eyJpZERpdmlzaW9uIjoiMTQiLCJpZFRlbXBvcmFkYSI6IjY4IiwiaWRUb3JuZW8iOiIxIiwiaWRDbHVibG9jYWwiOiIxMTI0MiIsImlkQ2x1YnZpc2l0YSI6IjExMTgzIiwiaWRQYXJ0aWRvIjoiODEyMzQiLCJwZXN0YW5hIjoiMyJ9/minuto-a-minuto-veracruz-vs-m-morelia-jornada-8-estadio-centro-de-alto-rendimiento-cancha-1', 'text': ''}","{'type': 'link', 'href': 'https://www.ligafemenil.mx/cancha/informeArbitral/81234/eyJpZERpdmlzaW9uIjoiMTQiLCJpZFRlbXBvcmFkYSI6IjY4IiwiaWRUb3JuZW8iOiIxIiwiaWRDbHVibG9jYWwiOiIxMTI0MiIsImlkQ2x1YnZpc2l0YSI6IjExMTgzIn0=/informe-arbitral-veracruz-vs-m-morelia-jornada-8-estadio-centro-de-alto-rendimiento-cancha-1', 'text': ''}","{'type': 'link', 'href': 'https://www.ligafemenil.mx/cancha/mxm/81234/eyJpZERpdmlzaW9uIjoiMTQiLCJpZFRlbXBvcmFkYSI6IjY4IiwiaWRUb3JuZW8iOiIxIiwiaWRDbHVibG9jYWwiOiIxMTI0MiIsImlkQ2x1YnZpc2l0YSI6IjExMTgzIiwiaWRQYXJ0aWRvIjoiODEyMzQiLCJwZXN0YW5hIjoiNCJ9/minuto-a-minuto-veracruz-vs-m-morelia-jornada-8-estadio-centro-de-alto-rendimiento-cancha-1', 'text': ''}","{'type': 'link', 'href': 'https://www.ligafemenil.mx/cancha/galeria/ODEyMzQvOC82OC8xLzE0/veracruz-vs-m-morelia', 'text': ''}","{'type': 'link', 'href': 'https://www.ligafemenil.mx/cancha/playlist/81234/veracruz-vs-m-morelia', 'text': ''}"
2017-2018,Apertura,"{'type': 'text', 'value': 'Sábado 16 de Septiembre de 2017\nTemporada 2017-2018\nTorneo Apertura\nJornada 8\n16 Septiembre 2017 - 16:00 hrs.'}","{'type': 'link', 'href': 'https://www.ligafemenil.mx/cancha/club/11188/pumas', 'text': ''}","{'type': 'link', 'href': 'https://www.ligafemenil.mx/cancha/informeArbitral/81244/eyJpZERpdmlzaW9uIjoiMTQiLCJpZFRlbXBvcmFkYSI6IjY4IiwiaWRUb3JuZW8iOiIxIiwiaWRDbHVibG9jYWwiOjExMTg4LCJpZENsdWJ2aXNpdGEiOjExMTg0fQ==/informe-arbitral-pumas-vs-pachuca-jornada-8-estadio-la-cantera', 'text': '1 - 1'}","{'type': 'link', 'href': 'https://www.ligafemenil.mx/cancha/club/11184/pachuca', 'text': ''}","{'type': 'link', 'href': 'https://www.ligafemenil.mx/cancha/estadio/37/estadio-la-cantera', 'text': 'La Cantera'}","{'type': 'link', 'href': 'https://www.ligafemenil.mx/cancha/mxm/81244/eyJpZERpdmlzaW9uIjoiMTQiLCJpZFRlbXBvcmFkYSI6IjY4IiwiaWRUb3JuZW8iOiIxIiwiaWRDbHVibG9jYWwiOiIxMTE4OCIsImlkQ2x1YnZpc2l0YSI6IjExMTg0IiwiaWRQYXJ0aWRvIjoiODEyNDQiLCJwZXN0YW5hIjoiMSJ9/minuto-a-minuto-pumas-vs-pachuca-jornada-8-estadio-la-cantera', 'text': ''}","{'type': 'link', 'href': 'https://www.ligafemenil.mx/cancha/mxm/81244/eyJpZERpdmlzaW9uIjoiMTQiLCJpZFRlbXBvcmFkYSI6IjY4IiwiaWRUb3JuZW8iOiIxIiwiaWRDbHVibG9jYWwiOiIxMTE4OCIsImlkQ2x1YnZpc2l0YSI6IjExMTg0IiwiaWRQYXJ0aWRvIjoiODEyNDQiLCJwZXN0YW5hIjoiMyJ9/minuto-a-minuto-pumas-vs-pachuca-jornada-8-estadio-la-cantera', 'text': ''}","{'type': 'link', 'href': 'https://www.ligafemenil.mx/cancha/informeArbitral/81244/eyJpZERpdmlzaW9uIjoiMTQiLCJpZFRlbXBvcmFkYSI6IjY4IiwiaWRUb3JuZW8iOiIxIiwiaWRDbHVibG9jYWwiOiIxMTE4OCIsImlkQ2x1YnZpc2l0YSI6IjExMTg0In0=/informe-arbitral-pumas-vs-pachuca-jornada-8-estadio-la-cantera', 'text': ''}","{'type': 'link', 'href': 'https://www.ligafemenil.mx/cancha/mxm/81244/eyJpZERpdmlzaW9uIjoiMTQiLCJpZFRlbXBvcmFkYSI6IjY4IiwiaWRUb3JuZW8iOiIxIiwiaWRDbHVibG9jYWwiOiIxMTE4OCIsImlkQ2x1YnZpc2l0YSI6IjExMTg0IiwiaWRQYXJ0aWRvIjoiODEyNDQiLCJwZXN0YW5hIjoiNCJ9/minuto-a-minuto-pumas-vs-pachuca-jornada-8-estadio-la-cantera', 'text': ''}","{'type': 'link', 'href': 'https://www.ligafemenil.mx/cancha/galeria/ODEyNDQvOC82OC8xLzE0/pumas-vs-pachuca', 'text': ''}","{'type': 'link', 'href': 'https://www.ligafemenil.mx/cancha/playlist/81244/pumas-vs-pachuca', 'text': ''}"
2017-2018,Apertura,"{'type': 'text', 'value': 'Sábado 16 de Septiembre de 2017\nTemporada 2017-2018\nTorneo Apertura\nJornada 8\n16 Septiembre 2017 - 19:00 hrs.'}","{'type': 'link', 'href': 'https://www.ligafemenil.mx/cancha/club/11186/tigres-de-la-uanl', 'text': ''}","{'type': 'link', 'href': 'https://www.ligafemenil.mx/cancha/informeArbitral/81237/eyJpZERpdmlzaW9uIjoiMTQiLCJpZFRlbXBvcmFkYSI6IjY4IiwiaWRUb3JuZW8iOiIxIiwiaWRDbHVibG9jYWwiOjExMTg2LCJpZENsdWJ2aXNpdGEiOjExMjQ0fQ==/informe-arbitral-tigres-de-la-uanl-vs-queretaro-jornada-8-estadio-universitario', 'text': '4 - 0'}","{'type': 'link', 'href': 'https://www.ligafemenil.mx/cancha/club/11244/queretaro', 'text': ''}","{'type': 'link', 'href': 'https://www.ligafemenil.mx/cancha/estadio/12/estadio-universitario', 'text': 'Universitario'}","{'type': 'link', 'href': 'https://www.ligafemenil.mx/cancha/mxm/81237/eyJpZERpdmlzaW9uIjoiMTQiLCJpZFRlbXBvcmFkYSI6IjY4IiwiaWRUb3JuZW8iOiIxIiwiaWRDbHVibG9jYWwiOiIxMTE4NiIsImlkQ2x1YnZpc2l0YSI6IjExMjQ0IiwiaWRQYXJ0aWRvIjoiODEyMzciLCJwZXN0YW5hIjoiMSJ9/minuto-a-minuto-tigres-de-la-uanl-vs-queretaro-jornada-8-estadio-universitario', 'text': ''}","{'type': 'link', 'href': 'https://www.ligafemenil.mx/cancha/mxm/81237/eyJpZERpdmlzaW9uIjoiMTQiLCJpZFRlbXBvcmFkYSI6IjY4IiwiaWRUb3JuZW8iOiIxIiwiaWRDbHVibG9jYWwiOiIxMTE4NiIsImlkQ2x1YnZpc2l0YSI6IjExMjQ0IiwiaWRQYXJ0aWRvIjoiODEyMzciLCJwZXN0YW5hIjoiMyJ9/minuto-a-minuto-tigres-de-la-uanl-vs-queretaro-jornada-8-estadio-universitario', 'text': ''}","{'type': 'link', 'href': 'https://www.ligafemenil.mx/cancha/informeArbitral/81237/eyJpZERpdmlzaW9uIjoiMTQiLCJpZFRlbXBvcmFkYSI6IjY4IiwiaWRUb3JuZW8iOiIxIiwiaWRDbHVibG9jYWwiOiIxMTE4NiIsImlkQ2x1YnZpc2l0YSI6IjExMjQ0In0=/informe-arbitral-tigres-de-la-uanl-vs-queretaro-jornada-8-estadio-universitario', 'text': ''}","{'type': 'link', 'href': 'https://www.ligafemenil.mx/cancha/mxm/81237/eyJpZERpdmlzaW9uIjoiMTQiLCJpZFRlbXBvcmFkYSI6IjY4IiwiaWRUb3JuZW8iOiIxIiwiaWRDbHVibG9jYWwiOiIxMTE4NiIsImlkQ2x1YnZpc2l0YSI6IjExMjQ0IiwiaWRQYXJ0aWRvIjoiODEyMzciLCJwZXN0YW5hIjoiNCJ9/minuto-a-minuto-tigres-de-la-uanl-vs-queretaro-jornada-8-estadio-universitario', 'text': ''}","{'type': 'link', 'href': 'https://www.ligafemenil.mx/cancha/galeria/ODEyMzcvOC82OC8xLzE0/tigres-de-la-uanl-vs-queretaro', 'text': ''}","{'type': 'link', 'href': 'https://www.ligafemenil.mx/cancha/playlist/81237/tigres-de-la-uanl-vs-queretaro', 'text': ''}"
2017-2018,Apertura,"{'type': 'text', 'value': 'Viernes 29 de Septiembre de 2017\nTemporada 2017-2018\nTorneo Apertura\nJornada 10\n29 Septiembre 2017 - 16:00 hrs.'}","{'type': 'link', 'href': 'https://www.ligafemenil.mx/cancha/club/11189/necaxa', 'text': ''}","{'type': 'link', 'href': 'https://www.ligafemenil.mx/cancha/informeArbitral/81182/eyJpZERpdmlzaW9uIjoiMTQiLCJpZFRlbXBvcmFkYSI6IjY4IiwiaWRUb3JuZW8iOiIxIiwiaWRDbHVibG9jYWwiOjExMTg5LCJpZENsdWJ2aXNpdGEiOjExMTgyfQ==/informe-arbitral-necaxa-vs-guadalajara-jornada-10-estadio-victoria', 'text': '0 - 1'}","{'type': 'link', 'href': 'https://www.ligafemenil.mx/cancha/club/11182/guadalajara', 'text': ''}","{'type': 'link', 'href': 'https://www.ligafemenil.mx/cancha/estadio/15/estadio-victoria', 'text': 'Victoria'}","{'type': 'link', 'href': 'https://www.ligafemenil.mx/cancha/mxm/81182/eyJpZERpdmlzaW9uIjoiMTQiLCJpZFRlbXBvcmFkYSI6IjY4IiwiaWRUb3JuZW8iOiIxIiwiaWRDbHVibG9jYWwiOiIxMTE4OSIsImlkQ2x1YnZpc2l0YSI6IjExMTgyIiwiaWRQYXJ0aWRvIjoiODExODIiLCJwZXN0YW5hIjoiMSJ9/minuto-a-minuto-necaxa-vs-guadalajara-jornada-10-estadio-victoria', 'text': ''}","{'type': 'link', 'href': 'https://www.ligafemenil.mx/cancha/mxm/81182/eyJpZERpdmlzaW9uIjoiMTQiLCJpZFRlbXBvcmFkYSI6IjY4IiwiaWRUb3JuZW8iOiIxIiwiaWRDbHVibG9jYWwiOiIxMTE4OSIsImlkQ2x1YnZpc2l0YSI6IjExMTgyIiwiaWRQYXJ0aWRvIjoiODExODIiLCJwZXN0YW5hIjoiMyJ9/minuto-a-minuto-necaxa-vs-guadalajara-jornada-10-estadio-victoria', 'text': ''}","{'type': 'link', 'href': 'https://www.ligafemenil.mx/cancha/informeArbitral/81182/eyJpZERpdmlzaW9uIjoiMTQiLCJpZFRlbXBvcmFkYSI6IjY4IiwiaWRUb3JuZW8iOiIxIiwiaWRDbHVibG9jYWwiOiIxMTE4OSIsImlkQ2x1YnZpc2l0YSI6IjExMTgyIn0=/informe-arbitral-necaxa-vs-guadalajara-jornada-10-estadio-victoria', 'text': ''}","{'type': 'link', 'href': 'https://www.ligafemenil.mx/cancha/mxm/81182/eyJpZERpdmlzaW9uIjoiMTQiLCJpZFRlbXBvcmFkYSI6IjY4IiwiaWRUb3JuZW8iOiIxIiwiaWRDbHVibG9jYWwiOiIxMTE4OSIsImlkQ2x1YnZpc2l0YSI6IjExMTgyIiwiaWRQYXJ0aWRvIjoiODExODIiLCJwZXN0YW5hIjoiNCJ9/minuto-a-minuto-necaxa-vs-guadalajara-jornada-10-estadio-victoria', 'text': ''}","{'type': 'link', 'href': 'https://www.ligafemenil.mx/cancha/galeria/ODExODIvMTAvNjgvMS8xNA==/necaxa-vs-guadalajara', 'text': ''}","{'type': 'link', 'href': 'https://www.ligafemenil.mx/cancha/playlist/81182/necaxa-vs-guadalajara', 'text': ''}"
2017-2018,Apertura,"{'type': 'text', 'value': 'Viernes 29 de Septiembre de 2017\nTemporada 2017-2018\nTorneo Apertura\nJornada 10\n29 Septiembre 2017 - 16:00 hrs.'}","{'type': 'link', 'href': 'https://www.ligafemenil.mx/cancha/club/11181/cruz-azul', 'text': ''}","{'type': 'link', 'href': 'https://www.ligafemenil.mx/cancha/informeArbitral/81179/eyJpZERpdmlzaW9uIjoiMTQiLCJpZFRlbXBvcmFkYSI6IjY4IiwiaWRUb3JuZW8iOiIxIiwiaWRDbHVibG9jYWwiOjExMTgxLCJpZENsdWJ2aXNpdGEiOjExMTgzfQ==/informe-arbitral-cruz-azul-vs-m-morelia-jornada-10-estadio-instalaciones-la-noria-cancha-1', 'text': '0 - 2'}","{'type': 'link', 'href': 'https://www.ligafemenil.mx/cancha/club/11183/m-morelia', 'text': ''}","{'type': 'link', 'href': 'https://www.ligafemenil.mx/cancha/estadio/47/estadio-instalaciones-la-noria-cancha-1', 'text': 'Instalaciones La Noria Cancha 1'}","{'type': 'link', 'href': 'https://www.ligafemenil.mx/cancha/mxm/81179/eyJpZERpdmlzaW9uIjoiMTQiLCJpZFRlbXBvcmFkYSI6IjY4IiwiaWRUb3JuZW8iOiIxIiwiaWRDbHVibG9jYWwiOiIxMTE4MSIsImlkQ2x1YnZpc2l0YSI6IjExMTgzIiwiaWRQYXJ0aWRvIjoiODExNzkiLCJwZXN0YW5hIjoiMSJ9/minuto-a-minuto-cruz-azul-vs-m-morelia-jornada-10-estadio-instalaciones-la-noria-cancha-1', 'text': ''}","{'type': 'link', 'href': 'https://www.ligafemenil.mx/cancha/mxm/81179/eyJpZERpdmlzaW9uIjoiMTQiLCJpZFRlbXBvcmFkYSI6IjY4IiwiaWRUb3JuZW8iOiIxIiwiaWRDbHVibG9jYWwiOiIxMTE4MSIsImlkQ2x1YnZpc2l0YSI6IjExMTgzIiwiaWRQYXJ0aWRvIjoiODExNzkiLCJwZXN0YW5hIjoiMyJ9/minuto-a-minuto-cruz-azul-vs-m-morelia-jornada-10-estadio-instalaciones-la-noria-cancha-1', 'text': ''}","{'type': 'link', 'href': 'https://www.ligafemenil.mx/cancha/informeArbitral/81179/eyJpZERpdmlzaW9uIjoiMTQiLCJpZFRlbXBvcmFkYSI6IjY4IiwiaWRUb3JuZW8iOiIxIiwiaWRDbHVibG9jYWwiOiIxMTE4MSIsImlkQ2x1YnZpc2l0YSI6IjExMTgzIn0=/informe-arbitral-cruz-azul-vs-m-morelia-jornada-10-estadio-instalaciones-la-noria-cancha-1', 'text': ''}","{'type': 'link', 'href': 'https://www.ligafemenil.mx/cancha/mxm/81179/eyJpZERpdmlzaW9uIjoiMTQiLCJpZFRlbXBvcmFkYSI6IjY4IiwiaWRUb3JuZW8iOiIxIiwiaWRDbHVibG9jYWwiOiIxMTE4MSIsImlkQ2x1YnZpc2l0YSI6IjExMTgzIiwiaWRQYXJ0aWRvIjoiODExNzkiLCJwZXN0YW5hIjoiNCJ9/minuto-a-minuto-cruz-azul-vs-m-morelia-jornada-10-estadio-instalaciones-la-noria-cancha-1', 'text': ''}","{'type': 'link', 'href': 'https://www.ligafemenil.mx/cancha/galeria/ODExNzkvMTAvNjgvMS8xNA==/cruz-azul-vs-m-morelia', 'text': ''}","{'type': 'link', 'href': 'https://www.ligafemenil.mx/cancha/playlist/81179/cruz-azul-vs-m-morelia', 'text': ''}"
2017-2018,Apertura,"{'type': 'text', 'value': 'Sábado 30 de Septiembre de 2017\nTemporada 2017-2018\nTorneo Apertura\nJornada 10\n30 Septiembre 2017 - 09:00 hrs.'}","{'type': 'link', 'href': 'https://www.ligafemenil.mx/cancha/club/11242/veracruz', 'text': ''}","{'type': 'link', 'href': 'https://www.ligafemenil.mx/cancha/informeArbitral/81185/eyJpZERpdmlzaW9uIjoiMTQiLCJpZFRlbXBvcmFkYSI6IjY4IiwiaWRUb3JuZW8iOiIxIiwiaWRDbHVibG9jYWwiOjExMjQyLCJpZENsdWJ2aXNpdGEiOjExMTg4fQ==/informe-arbitral-veracruz-vs-pumas-jornada-10-estadio-luis-pirata-fuente', 'text': '1 - 1'}","{'type': 'link', 'href': 'https://www.ligafemenil.mx/cancha/club/11188/pumas', 'text': ''}","{'type': 'link', 'href': 'https://www.ligafemenil.mx/cancha/estadio/57/estadio-luis-pirata-fuente', 'text': 'Luis Pirata Fuente'}","{'type': 'link', 'href': 'https://www.ligafemenil.mx/cancha/mxm/81185/eyJpZERpdmlzaW9uIjoiMTQiLCJpZFRlbXBvcmFkYSI6IjY4IiwiaWRUb3JuZW8iOiIxIiwiaWRDbHVibG9jYWwiOiIxMTI0MiIsImlkQ2x1YnZpc2l0YSI6IjExMTg4IiwiaWRQYXJ0aWRvIjoiODExODUiLCJwZXN0YW5hIjoiMSJ9/minuto-a-minuto-veracruz-vs-pumas-jornada-10-estadio-luis-pirata-fuente', 'text': ''}","{'type': 'link', 'href': 'https://www.ligafemenil.mx/cancha/mxm/81185/eyJpZERpdmlzaW9uIjoiMTQiLCJpZFRlbXBvcmFkYSI6IjY4IiwiaWRUb3JuZW8iOiIxIiwiaWRDbHVibG9jYWwiOiIxMTI0MiIsImlkQ2x1YnZpc2l0YSI6IjExMTg4IiwiaWRQYXJ0aWRvIjoiODExODUiLCJwZXN0YW5hIjoiMyJ9/minuto-a-minuto-veracruz-vs-pumas-jornada-10-estadio-luis-pirata-fuente', 'text': ''}","{'type': 'link', 'href': 'https://www.ligafemenil.mx/cancha/informeArbitral/81185/eyJpZERpdmlzaW9uIjoiMTQiLCJpZFRlbXBvcmFkYSI6IjY4IiwiaWRUb3JuZW8iOiIxIiwiaWRDbHVibG9jYWwiOiIxMTI0MiIsImlkQ2x1YnZpc2l0YSI6IjExMTg4In0=/informe-arbitral-veracruz-vs-pumas-jornada-10-estadio-luis-pirata-fuente', 'text': ''}","{'type': 'link', 'href': 'https://www.ligafemenil.mx/cancha/mxm/81185/eyJpZERpdmlzaW9uIjoiMTQiLCJpZFRlbXBvcmFkYSI6IjY4IiwiaWRUb3JuZW8iOiIxIiwiaWRDbHVibG9jYWwiOiIxMTI0MiIsImlkQ2x1YnZpc2l0YSI6IjExMTg4IiwiaWRQYXJ0aWRvIjoiODExODUiLCJwZXN0YW5hIjoiNCJ9/minuto-a-minuto-veracruz-vs-pumas-jornada-10-estadio-luis-pirata-fuente', 'text': ''}","{'type': 'link', 'href': 'https://www.ligafemenil.mx/cancha/galeria/ODExODUvMTAvNjgvMS8xNA==/veracruz-vs-pumas', 'text': ''}","{'type': 'link', 'href': 'https://www.ligafemenil.mx/cancha/playlist/81185/veracruz-vs-pumas', 'text': ''}"
2017-2018,Apertura,"{'type': 'text', 'value': 'Sábado 30 de Septiembre de 2017\nTemporada 2017-2018\nTorneo Apertura\nJornada 10\n30 Septiembre 2017 - 11:00 hrs.'}","{'type': 'link', 'href': 'https://www.ligafemenil.mx/cancha/club/11245/atlas', 'text': ''}","{'type': 'link', 'href': 'https://www.ligafemenil.mx/cancha/informeArbitral/81194/eyJpZERpdmlzaW9uIjoiMTQiLCJpZFRlbXBvcmFkYSI6IjY4IiwiaWRUb3JuZW8iOiIxIiwiaWRDbHVibG9jYWwiOjExMjQ1LCJpZENsdWJ2aXNpdGEiOjExMjQzfQ==/informe-arbitral-atlas-vs-leon-jornada-10-estadio-colomos', 'text': '2 - 1'}","{'type': 'link', 'href': 'https://www.ligafemenil.mx/cancha/club/11243/leon', 'text': ''}","{'type': 'link', 'href': 'https://www.ligafemenil.mx/cancha/estadio/109/estadio-colomos', 'text': 'Colomos'}","{'type': 'link', 'href': 'https://www.ligafemenil.mx/cancha/mxm/81194/eyJpZERpdmlzaW9uIjoiMTQiLCJpZFRlbXBvcmFkYSI6IjY4IiwiaWRUb3JuZW8iOiIxIiwiaWRDbHVibG9jYWwiOiIxMTI0NSIsImlkQ2x1YnZpc2l0YSI6IjExMjQzIiwiaWRQYXJ0aWRvIjoiODExOTQiLCJwZXN0YW5hIjoiMSJ9/minuto-a-minuto-atlas-vs-leon-jornada-10-estadio-colomos', 'text': ''}","{'type': 'link', 'href': 'https://www.ligafemenil.mx/cancha/mxm/81194/eyJpZERpdmlzaW9uIjoiMTQiLCJpZFRlbXBvcmFkYSI6IjY4IiwiaWRUb3JuZW8iOiIxIiwiaWRDbHVibG9jYWwiOiIxMTI0NSIsImlkQ2x1YnZpc2l0YSI6IjExMjQzIiwiaWRQYXJ0aWRvIjoiODExOTQiLCJwZXN0YW5hIjoiMyJ9/minuto-a-minuto-atlas-vs-leon-jornada-10-estadio-colomos', 'text': ''}","{'type': 'link', 'href': 'https://www.ligafemenil.mx/cancha/informeArbitral/81194/eyJpZERpdmlzaW9uIjoiMTQiLCJpZFRlbXBvcmFkYSI6IjY4IiwiaWRUb3JuZW8iOiIxIiwiaWRDbHVibG9jYWwiOiIxMTI0NSIsImlkQ2x1YnZpc2l0YSI6IjExMjQzIn0=/informe-arbitral-atlas-vs-leon-jornada-10-estadio-colomos', 'text': ''}","{'type': 'link', 'href': 'https://www.ligafemenil.mx/cancha/mxm/81194/eyJpZERpdmlzaW9uIjoiMTQiLCJpZFRlbXBvcmFkYSI6IjY4IiwiaWRUb3JuZW8iOiIxIiwiaWRDbHVibG9jYWwiOiIxMTI0NSIsImlkQ2x1YnZpc2l0YSI6IjExMjQzIiwiaWRQYXJ0aWRvIjoiODExOTQiLCJwZXN0YW5hIjoiNCJ9/minuto-a-minuto-atlas-vs-leon-jornada-10-estadio-colomos', 'text': ''}","{'type': 'link', 'href': 'https://www.ligafemenil.mx/cancha/galeria/ODExOTQvMTAvNjgvMS8xNA==/atlas-vs-leon', 'text': ''}","{'type': 'link', 'href': 'https://www.ligafemenil.mx/cancha/playlist/81194/atlas-vs-leon', 'text': ''}"
2017-2018,Apertura,"{'type': 'text', 'value': 'Sábado 30 de Septiembre de 2017\nTemporada 2017-2018\nTorneo Apertura\nJornada 10\n30 Septiembre 2017 - 11:00 hrs.'}","{'type': 'link', 'href': 'https://www.ligafemenil.mx/cancha/club/11244/queretaro', 'text': ''}","{'type': 'link', 'href': 'https://www.ligafemenil.mx/cancha/informeArbitral/81191/eyJpZERpdmlzaW9uIjoiMTQiLCJpZFRlbXBvcmFkYSI6IjY4IiwiaWRUb3JuZW8iOiIxIiwiaWRDbHVibG9jYWwiOjExMjQ0LCJpZENsdWJ2aXNpdGEiOjExMTg1fQ==/informe-arbitral-queretaro-vs-rayados-de-monterrey-jornada-10-estadio-la-corregidora', 'text': '0 - 2'}","{'type': 'link', 'href': 'https://www.ligafemenil.mx/cancha/club/11185/rayados-de-monterrey', 'text': ''}","{'type': 'link', 'href': 'https://www.ligafemenil.mx/cancha/estadio/25/estadio-la-corregidora', 'text': 'La Corregidora'}","{'type': 'link', 'href': 'https://www.ligafemenil.mx/cancha/mxm/81191/eyJpZERpdmlzaW9uIjoiMTQiLCJpZFRlbXBvcmFkYSI6IjY4IiwiaWRUb3JuZW8iOiIxIiwiaWRDbHVibG9jYWwiOiIxMTI0NCIsImlkQ2x1YnZpc2l0YSI6IjExMTg1IiwiaWRQYXJ0aWRvIjoiODExOTEiLCJwZXN0YW5hIjoiMSJ9/minuto-a-minuto-queretaro-vs-rayados-de-monterrey-jornada-10-estadio-la-corregidora', 'text': ''}","{'type': 'link', 'href': 'https://www.ligafemenil.mx/cancha/mxm/81191/eyJpZERpdmlzaW9uIjoiMTQiLCJpZFRlbXBvcmFkYSI6IjY4IiwiaWRUb3JuZW8iOiIxIiwiaWRDbHVibG9jYWwiOiIxMTI0NCIsImlkQ2x1YnZpc2l0YSI6IjExMTg1IiwiaWRQYXJ0aWRvIjoiODExOTEiLCJwZXN0YW5hIjoiMyJ9/minuto-a-minuto-queretaro-vs-rayados-de-monterrey-jornada-10-estadio-la-corregidora', 'text': ''}","{'type': 'link', 'href': 'https://www.ligafemenil.mx/cancha/informeArbitral/81191/eyJpZERpdmlzaW9uIjoiMTQiLCJpZFRlbXBvcmFkYSI6IjY4IiwiaWRUb3JuZW8iOiIxIiwiaWRDbHVibG9jYWwiOiIxMTI0NCIsImlkQ2x1YnZpc2l0YSI6IjExMTg1In0=/informe-arbitral-queretaro-vs-rayados-de-monterrey-jornada-10-estadio-la-corregidora', 'text': ''}","{'type': 'link', 'href': 'https://www.ligafemenil.mx/cancha/mxm/81191/eyJpZERpdmlzaW9uIjoiMTQiLCJpZFRlbXBvcmFkYSI6IjY4IiwiaWRUb3JuZW8iOiIxIiwiaWRDbHVibG9jYWwiOiIxMTI0NCIsImlkQ2x1YnZpc2l0YSI6IjExMTg1IiwiaWRQYXJ0aWRvIjoiODExOTEiLCJwZXN0YW5hIjoiNCJ9/minuto-a-minuto-queretaro-vs-rayados-de-monterrey-jornada-10-estadio-la-corregidora', 'text': ''}","{'type': 'link', 'href': 'https://www.ligafemenil.mx/cancha/galeria/ODExOTEvMTAvNjgvMS8xNA==/queretaro-vs-rayados-de-monterrey', 'text': ''}","{'type': 'link', 'href': 'https://www.ligafemenil.mx/cancha/playlist/81191/queretaro-vs-rayados-de-monterrey', 'text': ''}"
2017-2018,Apertura,"{'type': 'text', 'value': 'Sábado 30 de Septiembre de 2017\nTemporada 2017-2018\nTorneo Apertura\nJornada 10\n30 Septiembre 2017 - 16:00 hrs.'}","{'type': 'link', 'href': 'https://www.ligafemenil.mx/cancha/club/11191/america', 'text': ''}","{'type': 'link', 'href': 'https://www.ligafemenil.mx/cancha/informeArbitral/81198/eyJpZERpdmlzaW9uIjoiMTQiLCJpZFRlbXBvcmFkYSI6IjY4IiwiaWRUb3JuZW8iOiIxIiwiaWRDbHVibG9jYWwiOjExMTkxLCJpZENsdWJ2aXNpdGEiOjExMTg3fQ==/informe-arbitral-america-vs-toluca-jornada-10-estadio-instalaciones-club-america-coapa', 'text': '3 - 0'}","{'type': 'link', 'href': 'https://www.ligafemenil.mx/cancha/club/11187/toluca', 'text': ''}","{'type': 'link', 'href': 'https://www.ligafemenil.mx/cancha/estadio/32/estadio-instalaciones-club-america-coapa', 'text': 'Instalaciones Club América Coapa'}","{'type': 'link', 'href': 'https://www.ligafemenil.mx/cancha/mxm/81198/eyJpZERpdmlzaW9uIjoiMTQiLCJpZFRlbXBvcmFkYSI6IjY4IiwiaWRUb3JuZW8iOiIxIiwiaWRDbHVibG9jYWwiOiIxMTE5MSIsImlkQ2x1YnZpc2l0YSI6IjExMTg3IiwiaWRQYXJ0aWRvIjoiODExOTgiLCJwZXN0YW5hIjoiMSJ9/minuto-a-minuto-america-vs-toluca-jornada-10-estadio-instalaciones-club-america-coapa', 'text': ''}","{'type': 'link', 'href': 'https://www.ligafemenil.mx/cancha/mxm/81198/eyJpZERpdmlzaW9uIjoiMTQiLCJpZFRlbXBvcmFkYSI6IjY4IiwiaWRUb3JuZW8iOiIxIiwiaWRDbHVibG9jYWwiOiIxMTE5MSIsImlkQ2x1YnZpc2l0YSI6IjExMTg3IiwiaWRQYXJ0aWRvIjoiODExOTgiLCJwZXN0YW5hIjoiMyJ9/minuto-a-minuto-america-vs-toluca-jornada-10-estadio-instalaciones-club-america-coapa', 'text': ''}","{'type': 'link', 'href': 'https://www.ligafemenil.mx/cancha/informeArbitral/81198/eyJpZERpdmlzaW9uIjoiMTQiLCJpZFRlbXBvcmFkYSI6IjY4IiwiaWRUb3JuZW8iOiIxIiwiaWRDbHVibG9jYWwiOiIxMTE5MSIsImlkQ2x1YnZpc2l0YSI6IjExMTg3In0=/informe-arbitral-america-vs-toluca-jornada-10-estadio-instalaciones-club-america-coapa', 'text': ''}","{'type': 'link', 'href': 'https://www.ligafemenil.mx/cancha/mxm/81198/eyJpZERpdmlzaW9uIjoiMTQiLCJpZFRlbXBvcmFkYSI6IjY4IiwiaWRUb3JuZW8iOiIxIiwiaWRDbHVibG9jYWwiOiIxMTE5MSIsImlkQ2x1YnZpc2l0YSI6IjExMTg3IiwiaWRQYXJ0aWRvIjoiODExOTgiLCJwZXN0YW5hIjoiNCJ9/minuto-a-minuto-america-vs-toluca-jornada-10-estadio-instalaciones-club-america-coapa', 'text': ''}","{'type': 'link', 'href': 'https://www.ligafemenil.mx/cancha/galeria/ODExOTgvMTAvNjgvMS8xNA==/america-vs-toluca', 'text': ''}","{'type': 'link', 'href': 'https://www.ligafemenil.mx/cancha/playlist/81198/america-vs-toluca', 'text': ''}"
2017-2018,Apertura,"{'type': 'text', 'value': 'Sábado 30 de Septiembre de 2017\nTemporada 2017-2018\nTorneo Apertura\nJornada 10\n30 Septiembre 2017 - 16:00 hrs.'}","{'type': 'link', 'href': 'https://www.ligafemenil.mx/cancha/club/11180/tijuana', 'text': ''}","{'type': 'link', 'href': 'https://www.ligafemenil.mx/cancha/informeArbitral/81201/eyJpZERpdmlzaW9uIjoiMTQiLCJpZFRlbXBvcmFkYSI6IjY4IiwiaWRUb3JuZW8iOiIxIiwiaWRDbHVibG9jYWwiOjExMTgwLCJpZENsdWJ2aXNpdGEiOjExMTg0fQ==/informe-arbitral-tijuana-vs-pachuca-jornada-10-estadio-caliente', 'text': '1 - 2'}","{'type': 'link', 'href': 'https://www.ligafemenil.mx/cancha/club/11184/pachuca', 'text': ''}","{'type': 'link', 'href': 'https://www.ligafemenil.mx/cancha/estadio/48/estadio-caliente', 'text': 'Caliente'}","{'type': 'link', 'href': 'https://www.ligafemenil.mx/cancha/mxm/81201/eyJpZERpdmlzaW9uIjoiMTQiLCJpZFRlbXBvcmFkYSI6IjY4IiwiaWRUb3JuZW8iOiIxIiwiaWRDbHVibG9jYWwiOiIxMTE4MCIsImlkQ2x1YnZpc2l0YSI6IjExMTg0IiwiaWRQYXJ0aWRvIjoiODEyMDEiLCJwZXN0YW5hIjoiMSJ9/minuto-a-minuto-tijuana-vs-pachuca-jornada-10-estadio-caliente', 'text': ''}","{'type': 'link', 'href': 'https://www.ligafemenil.mx/cancha/mxm/81201/eyJpZERpdmlzaW9uIjoiMTQiLCJpZFRlbXBvcmFkYSI6IjY4IiwiaWRUb3JuZW8iOiIxIiwiaWRDbHVibG9jYWwiOiIxMTE4MCIsImlkQ2x1YnZpc2l0YSI6IjExMTg0IiwiaWRQYXJ0aWRvIjoiODEyMDEiLCJwZXN0YW5hIjoiMyJ9/minuto-a-minuto-tijuana-vs-pachuca-jornada-10-estadio-caliente', 'text': ''}","{'type': 'link', 'href': 'https://www.ligafemenil.mx/cancha/informeArbitral/81201/eyJpZERpdmlzaW9uIjoiMTQiLCJpZFRlbXBvcmFkYSI6IjY4IiwiaWRUb3JuZW8iOiIxIiwiaWRDbHVibG9jYWwiOiIxMTE4MCIsImlkQ2x1YnZpc2l0YSI6IjExMTg0In0=/informe-arbitral-tijuana-vs-pachuca-jornada-10-estadio-caliente', 'text': ''}","{'type': 'link', 'href': 'https://www.ligafemenil.mx/cancha/mxm/81201/eyJpZERpdmlzaW9uIjoiMTQiLCJpZFRlbXBvcmFkYSI6IjY4IiwiaWRUb3JuZW8iOiIxIiwiaWRDbHVibG9jYWwiOiIxMTE4MCIsImlkQ2x1YnZpc2l0YSI6IjExMTg0IiwiaWRQYXJ0aWRvIjoiODEyMDEiLCJwZXN0YW5hIjoiNCJ9/minuto-a-minuto-tijuana-vs-pachuca-jornada-10-estadio-caliente', 'text': ''}","{'type': 'link', 'href': 'https://www.ligafemenil.mx/cancha/galeria/ODEyMDEvMTAvNjgvMS8xNA==/tijuana-vs-pachuca', 'text': ''}","{'type': 'link', 'href': 'https://www.ligafemenil.mx/cancha/playlist/81201/tijuana-vs-pachuca', 'text': ''}"
2017-2018,Apertura,"{'type': 'text', 'value': 'Sábado 30 de Septiembre de 2017\nTemporada 2017-2018\nTorneo Apertura\nJornada 10\n30 Septiembre 2017 - 21:05 hrs.'}","{'type': 'link', 'href': 'https://www.ligafemenil.mx/cancha/club/11186/tigres-de-la-uanl', 'text': ''}","{'type': 'link', 'href': 'https://www.ligafemenil.mx/cancha/informeArbitral/81188/eyJpZERpdmlzaW9uIjoiMTQiLCJpZFRlbXBvcmFkYSI6IjY4IiwiaWRUb3JuZW8iOiIxIiwiaWRDbHVibG9jYWwiOjExMTg2LCJpZENsdWJ2aXNpdGEiOjExMTkyfQ==/informe-arbitral-tigres-de-la-uanl-vs-santos-laguna-jornada-10-estadio-universitario', 'text': '7 - 1'}","{'type': 'link', 'href': 'https://www.ligafemenil.mx/cancha/club/11192/santos-laguna', 'text': ''}","{'type': 'link', 'href': 'https://www.ligafemenil.mx/cancha/estadio/12/estadio-universitario', 'text': 'Universitario'}","{'type': 'link', 'href': 'https://www.ligafemenil.mx/cancha/mxm/81188/eyJpZERpdmlzaW9uIjoiMTQiLCJpZFRlbXBvcmFkYSI6IjY4IiwiaWRUb3JuZW8iOiIxIiwiaWRDbHVibG9jYWwiOiIxMTE4NiIsImlkQ2x1YnZpc2l0YSI6IjExMTkyIiwiaWRQYXJ0aWRvIjoiODExODgiLCJwZXN0YW5hIjoiMSJ9/minuto-a-minuto-tigres-de-la-uanl-vs-santos-laguna-jornada-10-estadio-universitario', 'text': ''}","{'type': 'link', 'href': 'https://www.ligafemenil.mx/cancha/mxm/81188/eyJpZERpdmlzaW9uIjoiMTQiLCJpZFRlbXBvcmFkYSI6IjY4IiwiaWRUb3JuZW8iOiIxIiwiaWRDbHVibG9jYWwiOiIxMTE4NiIsImlkQ2x1YnZpc2l0YSI6IjExMTkyIiwiaWRQYXJ0aWRvIjoiODExODgiLCJwZXN0YW5hIjoiMyJ9/minuto-a-minuto-tigres-de-la-uanl-vs-santos-laguna-jornada-10-estadio-universitario', 'text': ''}","{'type': 'link', 'href': 'https://www.ligafemenil.mx/cancha/informeArbitral/81188/eyJpZERpdmlzaW9uIjoiMTQiLCJpZFRlbXBvcmFkYSI6IjY4IiwiaWRUb3JuZW8iOiIxIiwiaWRDbHVibG9jYWwiOiIxMTE4NiIsImlkQ2x1YnZpc2l0YSI6IjExMTkyIn0=/informe-arbitral-tigres-de-la-uanl-vs-santos-laguna-jornada-10-estadio-universitario', 'text': ''}","{'type': 'link', 'href': 'https://www.ligafemenil.mx/cancha/mxm/81188/eyJpZERpdmlzaW9uIjoiMTQiLCJpZFRlbXBvcmFkYSI6IjY4IiwiaWRUb3JuZW8iOiIxIiwiaWRDbHVibG9jYWwiOiIxMTE4NiIsImlkQ2x1YnZpc2l0YSI6IjExMTkyIiwiaWRQYXJ0aWRvIjoiODExODgiLCJwZXN0YW5hIjoiNCJ9/minuto-a-minuto-tigres-de-la-uanl-vs-santos-laguna-jornada-10-estadio-universitario', 'text': ''}","{'type': 'link', 'href': 'https://www.ligafemenil.mx/cancha/galeria/ODExODgvMTAvNjgvMS8xNA==/tigres-de-la-uanl-vs-santos-laguna', 'text': ''}","{'type': 'link', 'href': 'https://www.ligafemenil.mx/cancha/playlist/81188/tigres-de-la-uanl-vs-santos-laguna', 'text': ''}"
2017-2018,Apertura,"{'type': 'text', 'value': 'Viernes 6 de Octubre de 2017\nTemporada 2017-2018\nTorneo Apertura\nJornada 11\n6 Octubre 2017 - 12:00 hrs.'}","{'type': 'link', 'href': 'https://www.ligafemenil.mx/cancha/club/11187/toluca', 'text': ''}","{'type': 'link', 'href': 'https://www.ligafemenil.mx/cancha/informeArbitral/81211/eyJpZERpdmlzaW9uIjoiMTQiLCJpZFRlbXBvcmFkYSI6IjY4IiwiaWRUb3JuZW8iOiIxIiwiaWRDbHVibG9jYWwiOjExMTg3LCJpZENsdWJ2aXNpdGEiOjExMjQyfQ==/informe-arbitral-toluca-vs-veracruz-jornada-11-estadio-instalaciones-metepec-cancha-1-natural', 'text': '3 - 0'}","{'type': 'link', 'href': 'https://www.ligafemenil.mx/cancha/club/11242/veracruz', 'text': ''}","{'type': 'link', 'href': 'https://www.ligafemenil.mx/cancha/estadio/33/estadio-instalaciones-metepec-cancha-1-natural', 'text': 'Instalaciones Metepec Cancha 1 Natural'}","{'type': 'link', 'href': 'https://www.ligafemenil.mx/cancha/mxm/81211/eyJpZERpdmlzaW9uIjoiMTQiLCJpZFRlbXBvcmFkYSI6IjY4IiwiaWRUb3JuZW8iOiIxIiwiaWRDbHVibG9jYWwiOiIxMTE4NyIsImlkQ2x1YnZpc2l0YSI6IjExMjQyIiwiaWRQYXJ0aWRvIjoiODEyMTEiLCJwZXN0YW5hIjoiMSJ9/minuto-a-minuto-toluca-vs-veracruz-jornada-11-estadio-instalaciones-metepec-cancha-1-natural', 'text': ''}","{'type': 'link', 'href': 'https://www.ligafemenil.mx/cancha/mxm/81211/eyJpZERpdmlzaW9uIjoiMTQiLCJpZFRlbXBvcmFkYSI6IjY4IiwiaWRUb3JuZW8iOiIxIiwiaWRDbHVibG9jYWwiOiIxMTE4NyIsImlkQ2x1YnZpc2l0YSI6IjExMjQyIiwiaWRQYXJ0aWRvIjoiODEyMTEiLCJwZXN0YW5hIjoiMyJ9/minuto-a-minuto-toluca-vs-veracruz-jornada-11-estadio-instalaciones-metepec-cancha-1-natural', 'text': ''}","{'type': 'link', 'href': 'https://www.ligafemenil.mx/cancha/informeArbitral/81211/eyJpZERpdmlzaW9uIjoiMTQiLCJpZFRlbXBvcmFkYSI6IjY4IiwiaWRUb3JuZW8iOiIxIiwiaWRDbHVibG9jYWwiOiIxMTE4NyIsImlkQ2x1YnZpc2l0YSI6IjExMjQyIn0=/informe-arbitral-toluca-vs-veracruz-jornada-11-estadio-instalaciones-metepec-cancha-1-natural', 'text': ''}","{'type': 'link', 'href': 'https://www.ligafemenil.mx/cancha/mxm/81211/eyJpZERpdmlzaW9uIjoiMTQiLCJpZFRlbXBvcmFkYSI6IjY4IiwiaWRUb3JuZW8iOiIxIiwiaWRDbHVibG9jYWwiOiIxMTE4NyIsImlkQ2x1YnZpc2l0YSI6IjExMjQyIiwiaWRQYXJ0aWRvIjoiODEyMTEiLCJwZXN0YW5hIjoiNCJ9/minuto-a-minuto-toluca-vs-veracruz-jornada-11-estadio-instalaciones-metepec-cancha-1-natural', 'text': ''}","{'type': 'link', 'href': 'https://www.ligafemenil.mx/cancha/galeria/ODEyMTEvMTEvNjgvMS8xNA==/toluca-vs-veracruz', 'text': ''}","{'type': 'link', 'href': 'https://www.ligafemenil.mx/cancha/playlist/81211/toluca-vs-veracruz', 'text': ''}"
2017-2018,Apertura,"{'type': 'text', 'value': 'Viernes 6 de Octubre de 2017\nTemporada 2017-2018\nTorneo Apertura\nJornada 11\n6 Octubre 2017 - 17:00 hrs.'}","{'type': 'link', 'href': 'https://www.ligafemenil.mx/cancha/club/11243/leon', 'text': ''}","{'type': 'link', 'href': 'https://www.ligafemenil.mx/cancha/informeArbitral/81208/eyJpZERpdmlzaW9uIjoiMTQiLCJpZFRlbXBvcmFkYSI6IjY4IiwiaWRUb3JuZW8iOiIxIiwiaWRDbHVibG9jYWwiOjExMjQzLCJpZENsdWJ2aXNpdGEiOjExMTg2fQ==/informe-arbitral-leon-vs-tigres-de-la-uanl-jornada-11-estadio-nou-camp', 'text': '1 - 8'}","{'type': 'link', 'href': 'https://www.ligafemenil.mx/cancha/club/11186/tigres-de-la-uanl', 'text': ''}","{'type': 'link', 'href': 'https://www.ligafemenil.mx/cancha/estadio/23/estadio-nou-camp', 'text': 'Nou Camp'}","{'type': 'link', 'href': 'https://www.ligafemenil.mx/cancha/mxm/81208/eyJpZERpdmlzaW9uIjoiMTQiLCJpZFRlbXBvcmFkYSI6IjY4IiwiaWRUb3JuZW8iOiIxIiwiaWRDbHVibG9jYWwiOiIxMTI0MyIsImlkQ2x1YnZpc2l0YSI6IjExMTg2IiwiaWRQYXJ0aWRvIjoiODEyMDgiLCJwZXN0YW5hIjoiMSJ9/minuto-a-minuto-leon-vs-tigres-de-la-uanl-jornada-11-estadio-nou-camp', 'text': ''}","{'type': 'link', 'href': 'https://www.ligafemenil.mx/cancha/mxm/81208/eyJpZERpdmlzaW9uIjoiMTQiLCJpZFRlbXBvcmFkYSI6IjY4IiwiaWRUb3JuZW8iOiIxIiwiaWRDbHVibG9jYWwiOiIxMTI0MyIsImlkQ2x1YnZpc2l0YSI6IjExMTg2IiwiaWRQYXJ0aWRvIjoiODEyMDgiLCJwZXN0YW5hIjoiMyJ9/minuto-a-minuto-leon-vs-tigres-de-la-uanl-jornada-11-estadio-nou-camp', 'text': ''}","{'type': 'link', 'href': 'https://www.ligafemenil.mx/cancha/informeArbitral/81208/eyJpZERpdmlzaW9uIjoiMTQiLCJpZFRlbXBvcmFkYSI6IjY4IiwiaWRUb3JuZW8iOiIxIiwiaWRDbHVibG9jYWwiOiIxMTI0MyIsImlkQ2x1YnZpc2l0YSI6IjExMTg2In0=/informe-arbitral-leon-vs-tigres-de-la-uanl-jornada-11-estadio-nou-camp', 'text': ''}","{'type': 'link', 'href': 'https://www.ligafemenil.mx/cancha/mxm/81208/eyJpZERpdmlzaW9uIjoiMTQiLCJpZFRlbXBvcmFkYSI6IjY4IiwiaWRUb3JuZW8iOiIxIiwiaWRDbHVibG9jYWwiOiIxMTI0MyIsImlkQ2x1YnZpc2l0YSI6IjExMTg2IiwiaWRQYXJ0aWRvIjoiODEyMDgiLCJwZXN0YW5hIjoiNCJ9/minuto-a-minuto-leon-vs-tigres-de-la-uanl-jornada-11-estadio-nou-camp', 'text': ''}","{'type': 'link', 'href': 'https://www.ligafemenil.mx/cancha/galeria/ODEyMDgvMTEvNjgvMS8xNA==/leon-vs-tigres-de-la-uanl', 'text': ''}","{'type': 'link', 'href': 'https://www.ligafemenil.mx/cancha/playlist/81208/leon-vs-tigres-de-la-uanl', 'text': ''}"
2017-2018,Apertura,"{'type': 'text', 'value': 'Sábado 7 de Octubre de 2017\nTemporada 2017-2018\nTorneo Apertura\nJornada 11\n7 Octubre 2017 - 10:00 hrs.'}","{'type': 'link', 'href': 'https://www.ligafemenil.mx/cancha/club/11192/santos-laguna', 'text': ''}","{'type': 'link', 'href': 'https://www.ligafemenil.mx/cancha/informeArbitral/81216/eyJpZERpdmlzaW9uIjoiMTQiLCJpZFRlbXBvcmFkYSI6IjY4IiwiaWRUb3JuZW8iOiIxIiwiaWRDbHVibG9jYWwiOjExMTkyLCJpZENsdWJ2aXNpdGEiOjExMTg5fQ==/informe-arbitral-santos-laguna-vs-necaxa-jornada-11-estadio-tsm-corona', 'text': '0 - 0'}","{'type': 'link', 'href': 'https://www.ligafemenil.mx/cancha/club/11189/necaxa', 'text': ''}","{'type': 'link', 'href': 'https://www.ligafemenil.mx/cancha/estadio/63/estadio-tsm-corona', 'text': 'TSM Corona'}","{'type': 'link', 'href': 'https://www.ligafemenil.mx/cancha/mxm/81216/eyJpZERpdmlzaW9uIjoiMTQiLCJpZFRlbXBvcmFkYSI6IjY4IiwiaWRUb3JuZW8iOiIxIiwiaWRDbHVibG9jYWwiOiIxMTE5MiIsImlkQ2x1YnZpc2l0YSI6IjExMTg5IiwiaWRQYXJ0aWRvIjoiODEyMTYiLCJwZXN0YW5hIjoiMSJ9/minuto-a-minuto-santos-laguna-vs-necaxa-jornada-11-estadio-tsm-corona', 'text': ''}","{'type': 'link', 'href': 'https://www.ligafemenil.mx/cancha/mxm/81216/eyJpZERpdmlzaW9uIjoiMTQiLCJpZFRlbXBvcmFkYSI6IjY4IiwiaWRUb3JuZW8iOiIxIiwiaWRDbHVibG9jYWwiOiIxMTE5MiIsImlkQ2x1YnZpc2l0YSI6IjExMTg5IiwiaWRQYXJ0aWRvIjoiODEyMTYiLCJwZXN0YW5hIjoiMyJ9/minuto-a-minuto-santos-laguna-vs-necaxa-jornada-11-estadio-tsm-corona', 'text': ''}","{'type': 'link', 'href': 'https://www.ligafemenil.mx/cancha/informeArbitral/81216/eyJpZERpdmlzaW9uIjoiMTQiLCJpZFRlbXBvcmFkYSI6IjY4IiwiaWRUb3JuZW8iOiIxIiwiaWRDbHVibG9jYWwiOiIxMTE5MiIsImlkQ2x1YnZpc2l0YSI6IjExMTg5In0=/informe-arbitral-santos-laguna-vs-necaxa-jornada-11-estadio-tsm-corona', 'text': ''}","{'type': 'link', 'href': 'https://www.ligafemenil.mx/cancha/mxm/81216/eyJpZERpdmlzaW9uIjoiMTQiLCJpZFRlbXBvcmFkYSI6IjY4IiwiaWRUb3JuZW8iOiIxIiwiaWRDbHVibG9jYWwiOiIxMTE5MiIsImlkQ2x1YnZpc2l0YSI6IjExMTg5IiwiaWRQYXJ0aWRvIjoiODEyMTYiLCJwZXN0YW5hIjoiNCJ9/minuto-a-minuto-santos-laguna-vs-necaxa-jornada-11-estadio-tsm-corona', 'text': ''}","{'type': 'link', 'href': 'https://www.ligafemenil.mx/cancha/galeria/ODEyMTYvMTEvNjgvMS8xNA==/santos-laguna-vs-necaxa', 'text': ''}","{'type': 'link', 'href': 'https://www.ligafemenil.mx/cancha/playlist/81216/santos-laguna-vs-necaxa', 'text': ''}"
2017-2018,Apertura,"{'type': 'text', 'value': 'Sábado 7 de Octubre de 2017\nTemporada 2017-2018\nTorneo Apertura\nJornada 11\n7 Octubre 2017 - 12:30 hrs.'}","{'type': 'link', 'href': 'https://www.ligafemenil.mx/cancha/club/11183/m-morelia', 'text': ''}","{'type': 'link', 'href': 'https://www.ligafemenil.mx/cancha/informeArbitral/81221/eyJpZERpdmlzaW9uIjoiMTQiLCJpZFRlbXBvcmFkYSI6IjY4IiwiaWRUb3JuZW8iOiIxIiwiaWRDbHVibG9jYWwiOjExMTgzLCJpZENsdWJ2aXNpdGEiOjExMTkxfQ==/informe-arbitral-m-morelia-vs-america-jornada-11-estadio-jose-maria-morelos-y-pavon', 'text': '1 - 7'}","{'type': 'link', 'href': 'https://www.ligafemenil.mx/cancha/club/11191/america', 'text': ''}","{'type': 'link', 'href': 'https://www.ligafemenil.mx/cancha/estadio/10/estadio-jose-maria-morelos-y-pavon', 'text': 'José María Morelos y Pavón'}","{'type': 'link', 'href': 'https://www.ligafemenil.mx/cancha/mxm/81221/eyJpZERpdmlzaW9uIjoiMTQiLCJpZFRlbXBvcmFkYSI6IjY4IiwiaWRUb3JuZW8iOiIxIiwiaWRDbHVibG9jYWwiOiIxMTE4MyIsImlkQ2x1YnZpc2l0YSI6IjExMTkxIiwiaWRQYXJ0aWRvIjoiODEyMjEiLCJwZXN0YW5hIjoiMSJ9/minuto-a-minuto-m-morelia-vs-america-jornada-11-estadio-jose-maria-morelos-y-pavon', 'text': ''}","{'type': 'link', 'href': 'https://www.ligafemenil.mx/cancha/mxm/81221/eyJpZERpdmlzaW9uIjoiMTQiLCJpZFRlbXBvcmFkYSI6IjY4IiwiaWRUb3JuZW8iOiIxIiwiaWRDbHVibG9jYWwiOiIxMTE4MyIsImlkQ2x1YnZpc2l0YSI6IjExMTkxIiwiaWRQYXJ0aWRvIjoiODEyMjEiLCJwZXN0YW5hIjoiMyJ9/minuto-a-minuto-m-morelia-vs-america-jornada-11-estadio-jose-maria-morelos-y-pavon', 'text': ''}","{'type': 'link', 'href': 'https://www.ligafemenil.mx/cancha/informeArbitral/81221/eyJpZERpdmlzaW9uIjoiMTQiLCJpZFRlbXBvcmFkYSI6IjY4IiwiaWRUb3JuZW8iOiIxIiwiaWRDbHVibG9jYWwiOiIxMTE4MyIsImlkQ2x1YnZpc2l0YSI6IjExMTkxIn0=/informe-arbitral-m-morelia-vs-america-jornada-11-estadio-jose-maria-morelos-y-pavon', 'text': ''}","{'type': 'link', 'href': 'https://www.ligafemenil.mx/cancha/mxm/81221/eyJpZERpdmlzaW9uIjoiMTQiLCJpZFRlbXBvcmFkYSI6IjY4IiwiaWRUb3JuZW8iOiIxIiwiaWRDbHVibG9jYWwiOiIxMTE4MyIsImlkQ2x1YnZpc2l0YSI6IjExMTkxIiwiaWRQYXJ0aWRvIjoiODEyMjEiLCJwZXN0YW5hIjoiNCJ9/minuto-a-minuto-m-morelia-vs-america-jornada-11-estadio-jose-maria-morelos-y-pavon', 'text': ''}","{'type': 'link', 'href': 'https://www.ligafemenil.mx/cancha/galeria/ODEyMjEvMTEvNjgvMS8xNA==/m-morelia-vs-america', 'text': ''}","{'type': 'link', 'href': 'https://www.ligafemenil.mx/cancha/playlist/81221/m-morelia-vs-america', 'text': ''}"
2017-2018,Apertura,"{'type': 'text', 'value': 'Sábado 7 de Octubre de 2017\nTemporada 2017-2018\nTorneo Apertura\nJornada 11\n7 Octubre 2017 - 16:00 hrs.'}","{'type': 'link', 'href': 'https://www.ligafemenil.mx/cancha/club/11188/pumas', 'text': ''}","{'type': 'link', 'href': 'https://www.ligafemenil.mx/cancha/informeArbitral/81224/eyJpZERpdmlzaW9uIjoiMTQiLCJpZFRlbXBvcmFkYSI6IjY4IiwiaWRUb3JuZW8iOiIxIiwiaWRDbHVibG9jYWwiOjExMTg4LCJpZENsdWJ2aXNpdGEiOjExMTgwfQ==/informe-arbitral-pumas-vs-tijuana-jornada-11-estadio-la-cantera', 'text': '1 - 1'}","{'type': 'link', 'href': 'https://www.ligafemenil.mx/cancha/club/11180/tijuana', 'text': ''}","{'type': 'link', 'href': 'https://www.ligafemenil.mx/cancha/estadio/37/estadio-la-cantera', 'text': 'La Cantera'}","{'type': 'link', 'href': 'https://www.ligafemenil.mx/cancha/mxm/81224/eyJpZERpdmlzaW9uIjoiMTQiLCJpZFRlbXBvcmFkYSI6IjY4IiwiaWRUb3JuZW8iOiIxIiwiaWRDbHVibG9jYWwiOiIxMTE4OCIsImlkQ2x1YnZpc2l0YSI6IjExMTgwIiwiaWRQYXJ0aWRvIjoiODEyMjQiLCJwZXN0YW5hIjoiMSJ9/minuto-a-minuto-pumas-vs-tijuana-jornada-11-estadio-la-cantera', 'text': ''}","{'type': 'link', 'href': 'https://www.ligafemenil.mx/cancha/mxm/81224/eyJpZERpdmlzaW9uIjoiMTQiLCJpZFRlbXBvcmFkYSI6IjY4IiwiaWRUb3JuZW8iOiIxIiwiaWRDbHVibG9jYWwiOiIxMTE4OCIsImlkQ2x1YnZpc2l0YSI6IjExMTgwIiwiaWRQYXJ0aWRvIjoiODEyMjQiLCJwZXN0YW5hIjoiMyJ9/minuto-a-minuto-pumas-vs-tijuana-jornada-11-estadio-la-cantera', 'text': ''}","{'type': 'link', 'href': 'https://www.ligafemenil.mx/cancha/informeArbitral/81224/eyJpZERpdmlzaW9uIjoiMTQiLCJpZFRlbXBvcmFkYSI6IjY4IiwiaWRUb3JuZW8iOiIxIiwiaWRDbHVibG9jYWwiOiIxMTE4OCIsImlkQ2x1YnZpc2l0YSI6IjExMTgwIn0=/informe-arbitral-pumas-vs-tijuana-jornada-11-estadio-la-cantera', 'text': ''}","{'type': 'link', 'href': 'https://www.ligafemenil.mx/cancha/mxm/81224/eyJpZERpdmlzaW9uIjoiMTQiLCJpZFRlbXBvcmFkYSI6IjY4IiwiaWRUb3JuZW8iOiIxIiwiaWRDbHVibG9jYWwiOiIxMTE4OCIsImlkQ2x1YnZpc2l0YSI6IjExMTgwIiwiaWRQYXJ0aWRvIjoiODEyMjQiLCJwZXN0YW5hIjoiNCJ9/minuto-a-minuto-pumas-vs-tijuana-jornada-11-estadio-la-cantera', 'text': ''}","{'type': 'link', 'href': 'https://www.ligafemenil.mx/cancha/galeria/ODEyMjQvMTEvNjgvMS8xNA==/pumas-vs-tijuana', 'text': ''}","{'type': 'link', 'href': 'https://www.ligafemenil.mx/cancha/playlist/81224/pumas-vs-tijuana', 'text': ''}"
2017-2018,Apertura,"{'type': 'text', 'value': 'Sábado 7 de Octubre de 2017\nTemporada 2017-2018\nTorneo Apertura\nJornada 11\n7 Octubre 2017 - 17:00 hrs.'}","{'type': 'link', 'href': 'https://www.ligafemenil.mx/cancha/club/11185/rayados-de-monterrey', 'text': ''}","{'type': 'link', 'href': 'https://www.ligafemenil.mx/cancha/informeArbitral/81226/eyJpZERpdmlzaW9uIjoiMTQiLCJpZFRlbXBvcmFkYSI6IjY4IiwiaWRUb3JuZW8iOiIxIiwiaWRDbHVibG9jYWwiOjExMTg1LCJpZENsdWJ2aXNpdGEiOjExMjQ1fQ==/informe-arbitral-rayados-de-monterrey-vs-atlas-jornada-11-estadio-bbva-bancomer', 'text': '4 - 1'}","{'type': 'link', 'href': 'https://www.ligafemenil.mx/cancha/club/11245/atlas', 'text': ''}","{'type': 'link', 'href': 'https://www.ligafemenil.mx/cancha/estadio/793/estadio-bbva-bancomer', 'text': 'Estadio BBVA Bancomer'}","{'type': 'link', 'href': 'https://www.ligafemenil.mx/cancha/mxm/81226/eyJpZERpdmlzaW9uIjoiMTQiLCJpZFRlbXBvcmFkYSI6IjY4IiwiaWRUb3JuZW8iOiIxIiwiaWRDbHVibG9jYWwiOiIxMTE4NSIsImlkQ2x1YnZpc2l0YSI6IjExMjQ1IiwiaWRQYXJ0aWRvIjoiODEyMjYiLCJwZXN0YW5hIjoiMSJ9/minuto-a-minuto-rayados-de-monterrey-vs-atlas-jornada-11-estadio-bbva-bancomer', 'text': ''}","{'type': 'link', 'href': 'https://www.ligafemenil.mx/cancha/mxm/81226/eyJpZERpdmlzaW9uIjoiMTQiLCJpZFRlbXBvcmFkYSI6IjY4IiwiaWRUb3JuZW8iOiIxIiwiaWRDbHVibG9jYWwiOiIxMTE4NSIsImlkQ2x1YnZpc2l0YSI6IjExMjQ1IiwiaWRQYXJ0aWRvIjoiODEyMjYiLCJwZXN0YW5hIjoiMyJ9/minuto-a-minuto-rayados-de-monterrey-vs-atlas-jornada-11-estadio-bbva-bancomer', 'text': ''}","{'type': 'link', 'href': 'https://www.ligafemenil.mx/cancha/informeArbitral/81226/eyJpZERpdmlzaW9uIjoiMTQiLCJpZFRlbXBvcmFkYSI6IjY4IiwiaWRUb3JuZW8iOiIxIiwiaWRDbHVibG9jYWwiOiIxMTE4NSIsImlkQ2x1YnZpc2l0YSI6IjExMjQ1In0=/informe-arbitral-rayados-de-monterrey-vs-atlas-jornada-11-estadio-bbva-bancomer', 'text': ''}","{'type': 'link', 'href': 'https://www.ligafemenil.mx/cancha/mxm/81226/eyJpZERpdmlzaW9uIjoiMTQiLCJpZFRlbXBvcmFkYSI6IjY4IiwiaWRUb3JuZW8iOiIxIiwiaWRDbHVibG9jYWwiOiIxMTE4NSIsImlkQ2x1YnZpc2l0YSI6IjExMjQ1IiwiaWRQYXJ0aWRvIjoiODEyMjYiLCJwZXN0YW5hIjoiNCJ9/minuto-a-minuto-rayados-de-monterrey-vs-atlas-jornada-11-estadio-bbva-bancomer', 'text': ''}","{'type': 'link', 'href': 'https://www.ligafemenil.mx/cancha/galeria/ODEyMjYvMTEvNjgvMS8xNA==/rayados-de-monterrey-vs-atlas', 'text': ''}","{'type': 'link', 'href': 'https://www.ligafemenil.mx/cancha/playlist/81226/rayados-de-monterrey-vs-atlas', 'text': ''}"
2017-2018,Apertura,"{'type': 'text', 'value': 'Domingo 8 de Octubre de 2017\nTemporada 2017-2018\nTorneo Apertura\nJornada 11\n8 Octubre 2017 - 12:00 hrs.'}","{'type': 'link', 'href': 'https://www.ligafemenil.mx/cancha/club/11182/guadalajara', 'text': ''}","{'type': 'link', 'href': 'https://www.ligafemenil.mx/cancha/informeArbitral/81218/eyJpZERpdmlzaW9uIjoiMTQiLCJpZFRlbXBvcmFkYSI6IjY4IiwiaWRUb3JuZW8iOiIxIiwiaWRDbHVibG9jYWwiOjExMTgyLCJpZENsdWJ2aXNpdGEiOjExMjQ0fQ==/informe-arbitral-guadalajara-vs-queretaro-jornada-11-estadio-verde-valle', 'text': '6 - 2'}","{'type': 'link', 'href': 'https://www.ligafemenil.mx/cancha/club/11244/queretaro', 'text': ''}","{'type': 'link', 'href': 'https://www.ligafemenil.mx/cancha/estadio/36/estadio-verde-valle', 'text': 'Verde Valle'}","{'type': 'link', 'href': 'https://www.ligafemenil.mx/cancha/mxm/81218/eyJpZERpdmlzaW9uIjoiMTQiLCJpZFRlbXBvcmFkYSI6IjY4IiwiaWRUb3JuZW8iOiIxIiwiaWRDbHVibG9jYWwiOiIxMTE4MiIsImlkQ2x1YnZpc2l0YSI6IjExMjQ0IiwiaWRQYXJ0aWRvIjoiODEyMTgiLCJwZXN0YW5hIjoiMSJ9/minuto-a-minuto-guadalajara-vs-queretaro-jornada-11-estadio-verde-valle', 'text': ''}","{'type': 'link', 'href': 'https://www.ligafemenil.mx/cancha/mxm/81218/eyJpZERpdmlzaW9uIjoiMTQiLCJpZFRlbXBvcmFkYSI6IjY4IiwiaWRUb3JuZW8iOiIxIiwiaWRDbHVibG9jYWwiOiIxMTE4MiIsImlkQ2x1YnZpc2l0YSI6IjExMjQ0IiwiaWRQYXJ0aWRvIjoiODEyMTgiLCJwZXN0YW5hIjoiMyJ9/minuto-a-minuto-guadalajara-vs-queretaro-jornada-11-estadio-verde-valle', 'text': ''}","{'type': 'link', 'href': 'https://www.ligafemenil.mx/cancha/informeArbitral/81218/eyJpZERpdmlzaW9uIjoiMTQiLCJpZFRlbXBvcmFkYSI6IjY4IiwiaWRUb3JuZW8iOiIxIiwiaWRDbHVibG9jYWwiOiIxMTE4MiIsImlkQ2x1YnZpc2l0YSI6IjExMjQ0In0=/informe-arbitral-guadalajara-vs-queretaro-jornada-11-estadio-verde-valle', 'text': ''}","{'type': 'link', 'href': 'https://www.ligafemenil.mx/cancha/mxm/81218/eyJpZERpdmlzaW9uIjoiMTQiLCJpZFRlbXBvcmFkYSI6IjY4IiwiaWRUb3JuZW8iOiIxIiwiaWRDbHVibG9jYWwiOiIxMTE4MiIsImlkQ2x1YnZpc2l0YSI6IjExMjQ0IiwiaWRQYXJ0aWRvIjoiODEyMTgiLCJwZXN0YW5hIjoiNCJ9/minuto-a-minuto-guadalajara-vs-queretaro-jornada-11-estadio-verde-valle', 'text': ''}","{'type': 'link', 'href': 'https://www.ligafemenil.mx/cancha/galeria/ODEyMTgvMTEvNjgvMS8xNA==/guadalajara-vs-queretaro', 'text': ''}","{'type': 'link', 'href': 'https://www.ligafemenil.mx/cancha/playlist/81218/guadalajara-vs-queretaro', 'text': ''}"
2017-2018,Apertura,"{'type': 'text', 'value': 'Lunes 9 de Octubre de 2017\nTemporada 2017-2018\nTorneo Apertura\nJornada 11\n9 Octubre 2017 - 19:00 hrs.'}","{'type': 'link', 'href': 'https://www.ligafemenil.mx/cancha/club/11184/pachuca', 'text': ''}","{'type': 'link', 'href': 'https://www.ligafemenil.mx/cancha/informeArbitral/81205/eyJpZERpdmlzaW9uIjoiMTQiLCJpZFRlbXBvcmFkYSI6IjY4IiwiaWRUb3JuZW8iOiIxIiwiaWRDbHVibG9jYWwiOjExMTg0LCJpZENsdWJ2aXNpdGEiOjExMTgxfQ==/informe-arbitral-pachuca-vs-cruz-azul-jornada-11-estadio-hidalgo', 'text': '1 - 1'}","{'type': 'link', 'href': 'https://www.ligafemenil.mx/cancha/club/11181/cruz-azul', 'text': ''}","{'type': 'link', 'href': 'https://www.ligafemenil.mx/cancha/estadio/11/estadio-hidalgo', 'text': 'Hidalgo'}","{'type': 'link', 'href': 'https://www.ligafemenil.mx/cancha/mxm/81205/eyJpZERpdmlzaW9uIjoiMTQiLCJpZFRlbXBvcmFkYSI6IjY4IiwiaWRUb3JuZW8iOiIxIiwiaWRDbHVibG9jYWwiOiIxMTE4NCIsImlkQ2x1YnZpc2l0YSI6IjExMTgxIiwiaWRQYXJ0aWRvIjoiODEyMDUiLCJwZXN0YW5hIjoiMSJ9/minuto-a-minuto-pachuca-vs-cruz-azul-jornada-11-estadio-hidalgo', 'text': ''}","{'type': 'link', 'href': 'https://www.ligafemenil.mx/cancha/mxm/81205/eyJpZERpdmlzaW9uIjoiMTQiLCJpZFRlbXBvcmFkYSI6IjY4IiwiaWRUb3JuZW8iOiIxIiwiaWRDbHVibG9jYWwiOiIxMTE4NCIsImlkQ2x1YnZpc2l0YSI6IjExMTgxIiwiaWRQYXJ0aWRvIjoiODEyMDUiLCJwZXN0YW5hIjoiMyJ9/minuto-a-minuto-pachuca-vs-cruz-azul-jornada-11-estadio-hidalgo', 'text': ''}","{'type': 'link', 'href': 'https://www.ligafemenil.mx/cancha/informeArbitral/81205/eyJpZERpdmlzaW9uIjoiMTQiLCJpZFRlbXBvcmFkYSI6IjY4IiwiaWRUb3JuZW8iOiIxIiwiaWRDbHVibG9jYWwiOiIxMTE4NCIsImlkQ2x1YnZpc2l0YSI6IjExMTgxIn0=/informe-arbitral-pachuca-vs-cruz-azul-jornada-11-estadio-hidalgo', 'text': ''}","{'type': 'link', 'href': 'https://www.ligafemenil.mx/cancha/mxm/81205/eyJpZERpdmlzaW9uIjoiMTQiLCJpZFRlbXBvcmFkYSI6IjY4IiwiaWRUb3JuZW8iOiIxIiwiaWRDbHVibG9jYWwiOiIxMTE4NCIsImlkQ2x1YnZpc2l0YSI6IjExMTgxIiwiaWRQYXJ0aWRvIjoiODEyMDUiLCJwZXN0YW5hIjoiNCJ9/minuto-a-minuto-pachuca-vs-cruz-azul-jornada-11-estadio-hidalgo', 'text': ''}","{'type': 'link', 'href': 'https://www.ligafemenil.mx/cancha/galeria/ODEyMDUvMTEvNjgvMS8xNA==/pachuca-vs-cruz-azul', 'text': ''}","{'type': 'link', 'href': 'https://www.ligafemenil.mx/cancha/playlist/81205/pachuca-vs-cruz-azul', 'text': ''}"
2017-2018,Apertura,"{'type': 'text', 'value': 'Viernes 13 de Octubre de 2017\nTemporada 2017-2018\nTorneo Apertura\nJornada 12\n13 Octubre 2017 - 16:00 hrs.'}","{'type': 'link', 'href': 'https://www.ligafemenil.mx/cancha/club/11189/necaxa', 'text': ''}","{'type': 'link', 'href': 'https://www.ligafemenil.mx/cancha/informeArbitral/81233/eyJpZERpdmlzaW9uIjoiMTQiLCJpZFRlbXBvcmFkYSI6IjY4IiwiaWRUb3JuZW8iOiIxIiwiaWRDbHVibG9jYWwiOjExMTg5LCJpZENsdWJ2aXNpdGEiOjExMjQzfQ==/informe-arbitral-necaxa-vs-leon-jornada-12-estadio-instalaciones-casa-club-necaxa-cancha-5-sintetica', 'text': '1 - 0'}","{'type': 'link', 'href': 'https://www.ligafemenil.mx/cancha/club/11243/leon', 'text': ''}","{'type': 'link', 'href': 'https://www.ligafemenil.mx/cancha/estadio/622/estadio-instalaciones-casa-club-necaxa-cancha-5-sintetica', 'text': 'Instalaciones Casa Club Necaxa Cancha 5 Sintética'}","{'type': 'link', 'href': 'https://www.ligafemenil.mx/cancha/mxm/81233/eyJpZERpdmlzaW9uIjoiMTQiLCJpZFRlbXBvcmFkYSI6IjY4IiwiaWRUb3JuZW8iOiIxIiwiaWRDbHVibG9jYWwiOiIxMTE4OSIsImlkQ2x1YnZpc2l0YSI6IjExMjQzIiwiaWRQYXJ0aWRvIjoiODEyMzMiLCJwZXN0YW5hIjoiMSJ9/minuto-a-minuto-necaxa-vs-leon-jornada-12-estadio-instalaciones-casa-club-necaxa-cancha-5-sintetica', 'text': ''}","{'type': 'link', 'href': 'https://www.ligafemenil.mx/cancha/mxm/81233/eyJpZERpdmlzaW9uIjoiMTQiLCJpZFRlbXBvcmFkYSI6IjY4IiwiaWRUb3JuZW8iOiIxIiwiaWRDbHVibG9jYWwiOiIxMTE4OSIsImlkQ2x1YnZpc2l0YSI6IjExMjQzIiwiaWRQYXJ0aWRvIjoiODEyMzMiLCJwZXN0YW5hIjoiMyJ9/minuto-a-minuto-necaxa-vs-leon-jornada-12-estadio-instalaciones-casa-club-necaxa-cancha-5-sintetica', 'text': ''}","{'type': 'link', 'href': 'https://www.ligafemenil.mx/cancha/informeArbitral/81233/eyJpZERpdmlzaW9uIjoiMTQiLCJpZFRlbXBvcmFkYSI6IjY4IiwiaWRUb3JuZW8iOiIxIiwiaWRDbHVibG9jYWwiOiIxMTE4OSIsImlkQ2x1YnZpc2l0YSI6IjExMjQzIn0=/informe-arbitral-necaxa-vs-leon-jornada-12-estadio-instalaciones-casa-club-necaxa-cancha-5-sintetica', 'text': ''}","{'type': 'link', 'href': 'https://www.ligafemenil.mx/cancha/mxm/81233/eyJpZERpdmlzaW9uIjoiMTQiLCJpZFRlbXBvcmFkYSI6IjY4IiwiaWRUb3JuZW8iOiIxIiwiaWRDbHVibG9jYWwiOiIxMTE4OSIsImlkQ2x1YnZpc2l0YSI6IjExMjQzIiwiaWRQYXJ0aWRvIjoiODEyMzMiLCJwZXN0YW5hIjoiNCJ9/minuto-a-minuto-necaxa-vs-leon-jornada-12-estadio-instalaciones-casa-club-necaxa-cancha-5-sintetica', 'text': ''}","{'type': 'link', 'href': 'https://www.ligafemenil.mx/cancha/galeria/ODEyMzMvMTIvNjgvMS8xNA==/necaxa-vs-leon', 'text': ''}","{'type': 'link', 'href': 'https://www.ligafemenil.mx/cancha/playlist/81233/necaxa-vs-leon', 'text': ''}"
2017-2018,Apertura,"{'type': 'text', 'value': 'Sábado 14 de Octubre de 2017\nTemporada 2017-2018\nTorneo Apertura\nJornada 12\n14 Octubre 2017 - 11:00 hrs.'}","{'type': 'link', 'href': 'https://www.ligafemenil.mx/cancha/club/11244/queretaro', 'text': ''}","{'type': 'link', 'href': 'https://www.ligafemenil.mx/cancha/informeArbitral/81242/eyJpZERpdmlzaW9uIjoiMTQiLCJpZFRlbXBvcmFkYSI6IjY4IiwiaWRUb3JuZW8iOiIxIiwiaWRDbHVibG9jYWwiOjExMjQ0LCJpZENsdWJ2aXNpdGEiOjExMTkyfQ==/informe-arbitral-queretaro-vs-santos-laguna-jornada-12-estadio-la-corregidora', 'text': '1 - 0'}","{'type': 'link', 'href': 'https://www.ligafemenil.mx/cancha/club/11192/santos-laguna', 'text': ''}","{'type': 'link', 'href': 'https://www.ligafemenil.mx/cancha/estadio/25/estadio-la-corregidora', 'text': 'La Corregidora'}","{'type': 'link', 'href': 'https://www.ligafemenil.mx/cancha/mxm/81242/eyJpZERpdmlzaW9uIjoiMTQiLCJpZFRlbXBvcmFkYSI6IjY4IiwiaWRUb3JuZW8iOiIxIiwiaWRDbHVibG9jYWwiOiIxMTI0NCIsImlkQ2x1YnZpc2l0YSI6IjExMTkyIiwiaWRQYXJ0aWRvIjoiODEyNDIiLCJwZXN0YW5hIjoiMSJ9/minuto-a-minuto-queretaro-vs-santos-laguna-jornada-12-estadio-la-corregidora', 'text': ''}","{'type': 'link', 'href': 'https://www.ligafemenil.mx/cancha/mxm/81242/eyJpZERpdmlzaW9uIjoiMTQiLCJpZFRlbXBvcmFkYSI6IjY4IiwiaWRUb3JuZW8iOiIxIiwiaWRDbHVibG9jYWwiOiIxMTI0NCIsImlkQ2x1YnZpc2l0YSI6IjExMTkyIiwiaWRQYXJ0aWRvIjoiODEyNDIiLCJwZXN0YW5hIjoiMyJ9/minuto-a-minuto-queretaro-vs-santos-laguna-jornada-12-estadio-la-corregidora', 'text': ''}","{'type': 'link', 'href': 'https://www.ligafemenil.mx/cancha/informeArbitral/81242/eyJpZERpdmlzaW9uIjoiMTQiLCJpZFRlbXBvcmFkYSI6IjY4IiwiaWRUb3JuZW8iOiIxIiwiaWRDbHVibG9jYWwiOiIxMTI0NCIsImlkQ2x1YnZpc2l0YSI6IjExMTkyIn0=/informe-arbitral-queretaro-vs-santos-laguna-jornada-12-estadio-la-corregidora', 'text': ''}","{'type': 'link', 'href': 'https://www.ligafemenil.mx/cancha/mxm/81242/eyJpZERpdmlzaW9uIjoiMTQiLCJpZFRlbXBvcmFkYSI6IjY4IiwiaWRUb3JuZW8iOiIxIiwiaWRDbHVibG9jYWwiOiIxMTI0NCIsImlkQ2x1YnZpc2l0YSI6IjExMTkyIiwiaWRQYXJ0aWRvIjoiODEyNDIiLCJwZXN0YW5hIjoiNCJ9/minuto-a-minuto-queretaro-vs-santos-laguna-jornada-12-estadio-la-corregidora', 'text': ''}","{'type': 'link', 'href': 'https://www.ligafemenil.mx/cancha/galeria/ODEyNDIvMTIvNjgvMS8xNA==/queretaro-vs-santos-laguna', 'text': ''}","{'type': 'link', 'href': 'https://www.ligafemenil.mx/cancha/playlist/81242/queretaro-vs-santos-laguna', 'text': ''}"
2017-2018,Apertura,"{'type': 'text', 'value': 'Sábado 14 de Octubre de 2017\nTemporada 2017-2018\nTorneo Apertura\nJornada 12\n14 Octubre 2017 - 12:30 hrs.'}","{'type': 'link', 'href': 'https://www.ligafemenil.mx/cancha/club/11183/m-morelia', 'text': ''}","{'type': 'link', 'href': 'https://www.ligafemenil.mx/cancha/informeArbitral/81245/eyJpZERpdmlzaW9uIjoiMTQiLCJpZFRlbXBvcmFkYSI6IjY4IiwiaWRUb3JuZW8iOiIxIiwiaWRDbHVibG9jYWwiOjExMTgzLCJpZENsdWJ2aXNpdGEiOjExMTg3fQ==/informe-arbitral-m-morelia-vs-toluca-jornada-12-estadio-jose-maria-morelos-y-pavon', 'text': '0 - 2'}","{'type': 'link', 'href': 'https://www.ligafemenil.mx/cancha/club/11187/toluca', 'text': ''}","{'type': 'link', 'href': 'https://www.ligafemenil.mx/cancha/estadio/10/estadio-jose-maria-morelos-y-pavon', 'text': 'José María Morelos y Pavón'}","{'type': 'link', 'href': 'https://www.ligafemenil.mx/cancha/mxm/81245/eyJpZERpdmlzaW9uIjoiMTQiLCJpZFRlbXBvcmFkYSI6IjY4IiwiaWRUb3JuZW8iOiIxIiwiaWRDbHVibG9jYWwiOiIxMTE4MyIsImlkQ2x1YnZpc2l0YSI6IjExMTg3IiwiaWRQYXJ0aWRvIjoiODEyNDUiLCJwZXN0YW5hIjoiMSJ9/minuto-a-minuto-m-morelia-vs-toluca-jornada-12-estadio-jose-maria-morelos-y-pavon', 'text': ''}","{'type': 'link', 'href': 'https://www.ligafemenil.mx/cancha/mxm/81245/eyJpZERpdmlzaW9uIjoiMTQiLCJpZFRlbXBvcmFkYSI6IjY4IiwiaWRUb3JuZW8iOiIxIiwiaWRDbHVibG9jYWwiOiIxMTE4MyIsImlkQ2x1YnZpc2l0YSI6IjExMTg3IiwiaWRQYXJ0aWRvIjoiODEyNDUiLCJwZXN0YW5hIjoiMyJ9/minuto-a-minuto-m-morelia-vs-toluca-jornada-12-estadio-jose-maria-morelos-y-pavon', 'text': ''}","{'type': 'link', 'href': 'https://www.ligafemenil.mx/cancha/informeArbitral/81245/eyJpZERpdmlzaW9uIjoiMTQiLCJpZFRlbXBvcmFkYSI6IjY4IiwiaWRUb3JuZW8iOiIxIiwiaWRDbHVibG9jYWwiOiIxMTE4MyIsImlkQ2x1YnZpc2l0YSI6IjExMTg3In0=/informe-arbitral-m-morelia-vs-toluca-jornada-12-estadio-jose-maria-morelos-y-pavon', 'text': ''}","{'type': 'link', 'href': 'https://www.ligafemenil.mx/cancha/mxm/81245/eyJpZERpdmlzaW9uIjoiMTQiLCJpZFRlbXBvcmFkYSI6IjY4IiwiaWRUb3JuZW8iOiIxIiwiaWRDbHVibG9jYWwiOiIxMTE4MyIsImlkQ2x1YnZpc2l0YSI6IjExMTg3IiwiaWRQYXJ0aWRvIjoiODEyNDUiLCJwZXN0YW5hIjoiNCJ9/minuto-a-minuto-m-morelia-vs-toluca-jornada-12-estadio-jose-maria-morelos-y-pavon', 'text': ''}","{'type': 'link', 'href': 'https://www.ligafemenil.mx/cancha/galeria/ODEyNDUvMTIvNjgvMS8xNA==/m-morelia-vs-toluca', 'text': ''}","{'type': 'link', 'href': 'https://www.ligafemenil.mx/cancha/playlist/81245/m-morelia-vs-toluca', 'text': ''}"
2017-2018,Apertura,"{'type': 'text', 'value': 'Sábado 14 de Octubre de 2017\nTemporada 2017-2018\nTorneo Apertura\nJornada 12\n14 Octubre 2017 - 16:00 hrs.'}","{'type': 'link', 'href': 'https://www.ligafemenil.mx/cancha/club/11180/tijuana', 'text': ''}","{'type': 'link', 'href': 'https://www.ligafemenil.mx/cancha/informeArbitral/81249/eyJpZERpdmlzaW9uIjoiMTQiLCJpZFRlbXBvcmFkYSI6IjY4IiwiaWRUb3JuZW8iOiIxIiwiaWRDbHVibG9jYWwiOjExMTgwLCJpZENsdWJ2aXNpdGEiOjExMjQyfQ==/informe-arbitral-tijuana-vs-veracruz-jornada-12-estadio-caliente', 'text': '1 - 0'}","{'type': 'link', 'href': 'https://www.ligafemenil.mx/cancha/club/11242/veracruz', 'text': ''}","{'type': 'link', 'href': 'https://www.ligafemenil.mx/cancha/estadio/48/estadio-caliente', 'text': 'Caliente'}","{'type': 'link', 'href': 'https://www.ligafemenil.mx/cancha/mxm/81249/eyJpZERpdmlzaW9uIjoiMTQiLCJpZFRlbXBvcmFkYSI6IjY4IiwiaWRUb3JuZW8iOiIxIiwiaWRDbHVibG9jYWwiOiIxMTE4MCIsImlkQ2x1YnZpc2l0YSI6IjExMjQyIiwiaWRQYXJ0aWRvIjoiODEyNDkiLCJwZXN0YW5hIjoiMSJ9/minuto-a-minuto-tijuana-vs-veracruz-jornada-12-estadio-caliente', 'text': ''}","{'type': 'link', 'href': 'https://www.ligafemenil.mx/cancha/mxm/81249/eyJpZERpdmlzaW9uIjoiMTQiLCJpZFRlbXBvcmFkYSI6IjY4IiwiaWRUb3JuZW8iOiIxIiwiaWRDbHVibG9jYWwiOiIxMTE4MCIsImlkQ2x1YnZpc2l0YSI6IjExMjQyIiwiaWRQYXJ0aWRvIjoiODEyNDkiLCJwZXN0YW5hIjoiMyJ9/minuto-a-minuto-tijuana-vs-veracruz-jornada-12-estadio-caliente', 'text': ''}","{'type': 'link', 'href': 'https://www.ligafemenil.mx/cancha/informeArbitral/81249/eyJpZERpdmlzaW9uIjoiMTQiLCJpZFRlbXBvcmFkYSI6IjY4IiwiaWRUb3JuZW8iOiIxIiwiaWRDbHVibG9jYWwiOiIxMTE4MCIsImlkQ2x1YnZpc2l0YSI6IjExMjQyIn0=/informe-arbitral-tijuana-vs-veracruz-jornada-12-estadio-caliente', 'text': ''}","{'type': 'link', 'href': 'https://www.ligafemenil.mx/cancha/mxm/81249/eyJpZERpdmlzaW9uIjoiMTQiLCJpZFRlbXBvcmFkYSI6IjY4IiwiaWRUb3JuZW8iOiIxIiwiaWRDbHVibG9jYWwiOiIxMTE4MCIsImlkQ2x1YnZpc2l0YSI6IjExMjQyIiwiaWRQYXJ0aWRvIjoiODEyNDkiLCJwZXN0YW5hIjoiNCJ9/minuto-a-minuto-tijuana-vs-veracruz-jornada-12-estadio-caliente', 'text': ''}","{'type': 'link', 'href': 'https://www.ligafemenil.mx/cancha/galeria/ODEyNDkvMTIvNjgvMS8xNA==/tijuana-vs-veracruz', 'text': ''}","{'type': 'link', 'href': 'https://www.ligafemenil.mx/cancha/playlist/81249/tijuana-vs-veracruz', 'text': ''}"
2017-2018,Apertura,"{'type': 'text', 'value': 'Domingo 15 de Octubre de 2017\nTemporada 2017-2018\nTorneo Apertura\nJornada 12\n15 Octubre 2017 - 11:00 hrs.'}","{'type': 'link', 'href': 'https://www.ligafemenil.mx/cancha/club/11245/atlas', 'text': ''}","{'type': 'link', 'href': 'https://www.ligafemenil.mx/cancha/informeArbitral/81239/eyJpZERpdmlzaW9uIjoiMTQiLCJpZFRlbXBvcmFkYSI6IjY4IiwiaWRUb3JuZW8iOiIxIiwiaWRDbHVibG9jYWwiOjExMjQ1LCJpZENsdWJ2aXNpdGEiOjExMTg2fQ==/informe-arbitral-atlas-vs-tigres-de-la-uanl-jornada-12-estadio-jalisco', 'text': '1 - 2'}","{'type': 'link', 'href': 'https://www.ligafemenil.mx/cancha/club/11186/tigres-de-la-uanl', 'text': ''}","{'type': 'link', 'href': 'https://www.ligafemenil.mx/cancha/estadio/5/estadio-jalisco', 'text': 'Jalisco'}","{'type': 'link', 'href': 'https://www.ligafemenil.mx/cancha/mxm/81239/eyJpZERpdmlzaW9uIjoiMTQiLCJpZFRlbXBvcmFkYSI6IjY4IiwiaWRUb3JuZW8iOiIxIiwiaWRDbHVibG9jYWwiOiIxMTI0NSIsImlkQ2x1YnZpc2l0YSI6IjExMTg2IiwiaWRQYXJ0aWRvIjoiODEyMzkiLCJwZXN0YW5hIjoiMSJ9/minuto-a-minuto-atlas-vs-tigres-de-la-uanl-jornada-12-estadio-jalisco', 'text': ''}","{'type': 'link', 'href': 'https://www.ligafemenil.mx/cancha/mxm/81239/eyJpZERpdmlzaW9uIjoiMTQiLCJpZFRlbXBvcmFkYSI6IjY4IiwiaWRUb3JuZW8iOiIxIiwiaWRDbHVibG9jYWwiOiIxMTI0NSIsImlkQ2x1YnZpc2l0YSI6IjExMTg2IiwiaWRQYXJ0aWRvIjoiODEyMzkiLCJwZXN0YW5hIjoiMyJ9/minuto-a-minuto-atlas-vs-tigres-de-la-uanl-jornada-12-estadio-jalisco', 'text': ''}","{'type': 'link', 'href': 'https://www.ligafemenil.mx/cancha/informeArbitral/81239/eyJpZERpdmlzaW9uIjoiMTQiLCJpZFRlbXBvcmFkYSI6IjY4IiwiaWRUb3JuZW8iOiIxIiwiaWRDbHVibG9jYWwiOiIxMTI0NSIsImlkQ2x1YnZpc2l0YSI6IjExMTg2In0=/informe-arbitral-atlas-vs-tigres-de-la-uanl-jornada-12-estadio-jalisco', 'text': ''}","{'type': 'link', 'href': 'https://www.ligafemenil.mx/cancha/mxm/81239/eyJpZERpdmlzaW9uIjoiMTQiLCJpZFRlbXBvcmFkYSI6IjY4IiwiaWRUb3JuZW8iOiIxIiwiaWRDbHVibG9jYWwiOiIxMTI0NSIsImlkQ2x1YnZpc2l0YSI6IjExMTg2IiwiaWRQYXJ0aWRvIjoiODEyMzkiLCJwZXN0YW5hIjoiNCJ9/minuto-a-minuto-atlas-vs-tigres-de-la-uanl-jornada-12-estadio-jalisco', 'text': ''}","{'type': 'link', 'href': 'https://www.ligafemenil.mx/cancha/galeria/ODEyMzkvMTIvNjgvMS8xNA==/atlas-vs-tigres-de-la-uanl', 'text': ''}","{'type': 'link', 'href': 'https://www.ligafemenil.mx/cancha/playlist/81239/atlas-vs-tigres-de-la-uanl', 'text': ''}"
2017-2018,Apertura,"{'type': 'text', 'value': 'Domingo 15 de Octubre de 2017\nTemporada 2017-2018\nTorneo Apertura\nJornada 12\n15 Octubre 2017 - 11:00 hrs.'}","{'type': 'link', 'href': 'https://www.ligafemenil.mx/cancha/club/11181/cruz-azul', 'text': ''}","{'type': 'link', 'href': 'https://www.ligafemenil.mx/cancha/informeArbitral/81230/eyJpZERpdmlzaW9uIjoiMTQiLCJpZFRlbXBvcmFkYSI6IjY4IiwiaWRUb3JuZW8iOiIxIiwiaWRDbHVibG9jYWwiOjExMTgxLCJpZENsdWJ2aXNpdGEiOjExMTg4fQ==/informe-arbitral-cruz-azul-vs-pumas-jornada-12-estadio-ciudad-de-los-deportes', 'text': '1 - 4'}","{'type': 'link', 'href': 'https://www.ligafemenil.mx/cancha/club/11188/pumas', 'text': ''}","{'type': 'link', 'href': 'https://www.ligafemenil.mx/cancha/estadio/2/estadio-ciudad-de-los-deportes', 'text': 'Ciudad De Los Deportes'}","{'type': 'link', 'href': 'https://www.ligafemenil.mx/cancha/mxm/81230/eyJpZERpdmlzaW9uIjoiMTQiLCJpZFRlbXBvcmFkYSI6IjY4IiwiaWRUb3JuZW8iOiIxIiwiaWRDbHVibG9jYWwiOiIxMTE4MSIsImlkQ2x1YnZpc2l0YSI6IjExMTg4IiwiaWRQYXJ0aWRvIjoiODEyMzAiLCJwZXN0YW5hIjoiMSJ9/minuto-a-minuto-cruz-azul-vs-pumas-jornada-12-estadio-ciudad-de-los-deportes', 'text': ''}","{'type': 'link', 'href': 'https://www.ligafemenil.mx/cancha/mxm/81230/eyJpZERpdmlzaW9uIjoiMTQiLCJpZFRlbXBvcmFkYSI6IjY4IiwiaWRUb3JuZW8iOiIxIiwiaWRDbHVibG9jYWwiOiIxMTE4MSIsImlkQ2x1YnZpc2l0YSI6IjExMTg4IiwiaWRQYXJ0aWRvIjoiODEyMzAiLCJwZXN0YW5hIjoiMyJ9/minuto-a-minuto-cruz-azul-vs-pumas-jornada-12-estadio-ciudad-de-los-deportes', 'text': ''}","{'type': 'link', 'href': 'https://www.ligafemenil.mx/cancha/informeArbitral/81230/eyJpZERpdmlzaW9uIjoiMTQiLCJpZFRlbXBvcmFkYSI6IjY4IiwiaWRUb3JuZW8iOiIxIiwiaWRDbHVibG9jYWwiOiIxMTE4MSIsImlkQ2x1YnZpc2l0YSI6IjExMTg4In0=/informe-arbitral-cruz-azul-vs-pumas-jornada-12-estadio-ciudad-de-los-deportes', 'text': ''}","{'type': 'link', 'href': 'https://www.ligafemenil.mx/cancha/mxm/81230/eyJpZERpdmlzaW9uIjoiMTQiLCJpZFRlbXBvcmFkYSI6IjY4IiwiaWRUb3JuZW8iOiIxIiwiaWRDbHVibG9jYWwiOiIxMTE4MSIsImlkQ2x1YnZpc2l0YSI6IjExMTg4IiwiaWRQYXJ0aWRvIjoiODEyMzAiLCJwZXN0YW5hIjoiNCJ9/minuto-a-minuto-cruz-azul-vs-pumas-jornada-12-estadio-ciudad-de-los-deportes', 'text': ''}","{'type': 'link', 'href': 'https://www.ligafemenil.mx/cancha/galeria/ODEyMzAvMTIvNjgvMS8xNA==/cruz-azul-vs-pumas', 'text': ''}","{'type': 'link', 'href': 'https://www.ligafemenil.mx/cancha/playlist/81230/cruz-azul-vs-pumas', 'text': ''}"
2017-2018,Apertura,"{'type': 'text', 'value': 'Domingo 15 de Octubre de 2017\nTemporada 2017-2018\nTorneo Apertura\nJornada 12\n15 Octubre 2017 - 12:00 hrs.'}","{'type': 'link', 'href': 'https://www.ligafemenil.mx/cancha/club/11182/guadalajara', 'text': ''}","{'type': 'link', 'href': 'https://www.ligafemenil.mx/cancha/informeArbitral/81236/eyJpZERpdmlzaW9uIjoiMTQiLCJpZFRlbXBvcmFkYSI6IjY4IiwiaWRUb3JuZW8iOiIxIiwiaWRDbHVibG9jYWwiOjExMTgyLCJpZENsdWJ2aXNpdGEiOjExMTg1fQ==/informe-arbitral-guadalajara-vs-rayados-de-monterrey-jornada-12-estadio-verde-valle', 'text': '1 - 0'}","{'type': 'link', 'href': 'https://www.ligafemenil.mx/cancha/club/11185/rayados-de-monterrey', 'text': ''}","{'type': 'link', 'href': 'https://www.ligafemenil.mx/cancha/estadio/36/estadio-verde-valle', 'text': 'Verde Valle'}","{'type': 'link', 'href': 'https://www.ligafemenil.mx/cancha/mxm/81236/eyJpZERpdmlzaW9uIjoiMTQiLCJpZFRlbXBvcmFkYSI6IjY4IiwiaWRUb3JuZW8iOiIxIiwiaWRDbHVibG9jYWwiOiIxMTE4MiIsImlkQ2x1YnZpc2l0YSI6IjExMTg1IiwiaWRQYXJ0aWRvIjoiODEyMzYiLCJwZXN0YW5hIjoiMSJ9/minuto-a-minuto-guadalajara-vs-rayados-de-monterrey-jornada-12-estadio-verde-valle', 'text': ''}","{'type': 'link', 'href': 'https://www.ligafemenil.mx/cancha/mxm/81236/eyJpZERpdmlzaW9uIjoiMTQiLCJpZFRlbXBvcmFkYSI6IjY4IiwiaWRUb3JuZW8iOiIxIiwiaWRDbHVibG9jYWwiOiIxMTE4MiIsImlkQ2x1YnZpc2l0YSI6IjExMTg1IiwiaWRQYXJ0aWRvIjoiODEyMzYiLCJwZXN0YW5hIjoiMyJ9/minuto-a-minuto-guadalajara-vs-rayados-de-monterrey-jornada-12-estadio-verde-valle', 'text': ''}","{'type': 'link', 'href': 'https://www.ligafemenil.mx/cancha/informeArbitral/81236/eyJpZERpdmlzaW9uIjoiMTQiLCJpZFRlbXBvcmFkYSI6IjY4IiwiaWRUb3JuZW8iOiIxIiwiaWRDbHVibG9jYWwiOiIxMTE4MiIsImlkQ2x1YnZpc2l0YSI6IjExMTg1In0=/informe-arbitral-guadalajara-vs-rayados-de-monterrey-jornada-12-estadio-verde-valle', 'text': ''}","{'type': 'link', 'href': 'https://www.ligafemenil.mx/cancha/mxm/81236/eyJpZERpdmlzaW9uIjoiMTQiLCJpZFRlbXBvcmFkYSI6IjY4IiwiaWRUb3JuZW8iOiIxIiwiaWRDbHVibG9jYWwiOiIxMTE4MiIsImlkQ2x1YnZpc2l0YSI6IjExMTg1IiwiaWRQYXJ0aWRvIjoiODEyMzYiLCJwZXN0YW5hIjoiNCJ9/minuto-a-minuto-guadalajara-vs-rayados-de-monterrey-jornada-12-estadio-verde-valle', 'text': ''}","{'type': 'link', 'href': 'https://www.ligafemenil.mx/cancha/galeria/ODEyMzYvMTIvNjgvMS8xNA==/guadalajara-vs-rayados-de-monterrey', 'text': ''}","{'type': 'link', 'href': 'https://www.ligafemenil.mx/cancha/playlist/81236/guadalajara-vs-rayados-de-monterrey', 'text': ''}"
2017-2018,Apertura,"{'type': 'text', 'value': 'Domingo 15 de Octubre de 2017\nTemporada 2017-2018\nTorneo Apertura\nJornada 12\n15 Octubre 2017 - 16:00 hrs.'}","{'type': 'link', 'href': 'https://www.ligafemenil.mx/cancha/club/11191/america', 'text': ''}","{'type': 'link', 'href': 'https://www.ligafemenil.mx/cancha/informeArbitral/81248/eyJpZERpdmlzaW9uIjoiMTQiLCJpZFRlbXBvcmFkYSI6IjY4IiwiaWRUb3JuZW8iOiIxIiwiaWRDbHVibG9jYWwiOjExMTkxLCJpZENsdWJ2aXNpdGEiOjExMTg0fQ==/informe-arbitral-america-vs-pachuca-jornada-12-estadio-azteca', 'text': '3 - 4'}","{'type': 'link', 'href': 'https://www.ligafemenil.mx/cancha/club/11184/pachuca', 'text': ''}","{'type': 'link', 'href': 'https://www.ligafemenil.mx/cancha/estadio/1/estadio-azteca', 'text': 'Azteca'}","{'type': 'link', 'href': 'https://www.ligafemenil.mx/cancha/mxm/81248/eyJpZERpdmlzaW9uIjoiMTQiLCJpZFRlbXBvcmFkYSI6IjY4IiwiaWRUb3JuZW8iOiIxIiwiaWRDbHVibG9jYWwiOiIxMTE5MSIsImlkQ2x1YnZpc2l0YSI6IjExMTg0IiwiaWRQYXJ0aWRvIjoiODEyNDgiLCJwZXN0YW5hIjoiMSJ9/minuto-a-minuto-america-vs-pachuca-jornada-12-estadio-azteca', 'text': ''}","{'type': 'link', 'href': 'https://www.ligafemenil.mx/cancha/mxm/81248/eyJpZERpdmlzaW9uIjoiMTQiLCJpZFRlbXBvcmFkYSI6IjY4IiwiaWRUb3JuZW8iOiIxIiwiaWRDbHVibG9jYWwiOiIxMTE5MSIsImlkQ2x1YnZpc2l0YSI6IjExMTg0IiwiaWRQYXJ0aWRvIjoiODEyNDgiLCJwZXN0YW5hIjoiMyJ9/minuto-a-minuto-america-vs-pachuca-jornada-12-estadio-azteca', 'text': ''}","{'type': 'link', 'href': 'https://www.ligafemenil.mx/cancha/informeArbitral/81248/eyJpZERpdmlzaW9uIjoiMTQiLCJpZFRlbXBvcmFkYSI6IjY4IiwiaWRUb3JuZW8iOiIxIiwiaWRDbHVibG9jYWwiOiIxMTE5MSIsImlkQ2x1YnZpc2l0YSI6IjExMTg0In0=/informe-arbitral-america-vs-pachuca-jornada-12-estadio-azteca', 'text': ''}","{'type': 'link', 'href': 'https://www.ligafemenil.mx/cancha/mxm/81248/eyJpZERpdmlzaW9uIjoiMTQiLCJpZFRlbXBvcmFkYSI6IjY4IiwiaWRUb3JuZW8iOiIxIiwiaWRDbHVibG9jYWwiOiIxMTE5MSIsImlkQ2x1YnZpc2l0YSI6IjExMTg0IiwiaWRQYXJ0aWRvIjoiODEyNDgiLCJwZXN0YW5hIjoiNCJ9/minuto-a-minuto-america-vs-pachuca-jornada-12-estadio-azteca', 'text': ''}","{'type': 'link', 'href': 'https://www.ligafemenil.mx/cancha/galeria/ODEyNDgvMTIvNjgvMS8xNA==/america-vs-pachuca', 'text': ''}","{'type': 'link', 'href': 'https://www.ligafemenil.mx/cancha/playlist/81248/america-vs-pachuca', 'text': ''}"
2017-2018,Apertura,"{'type': 'text', 'value': 'Martes 17 de Octubre de 2017\nTemporada 2017-2018\nTorneo Apertura\nJornada 9\n17 Octubre 2017 - 11:00 hrs.'}","{'type': 'link', 'href': 'https://www.ligafemenil.mx/cancha/club/11192/santos-laguna', 'text': ''}","{'type': 'link', 'href': 'https://www.ligafemenil.mx/cancha/informeArbitral/81162/eyJpZERpdmlzaW9uIjoiMTQiLCJpZFRlbXBvcmFkYSI6IjY4IiwiaWRUb3JuZW8iOiIxIiwiaWRDbHVibG9jYWwiOjExMTkyLCJpZENsdWJ2aXNpdGEiOjExMjQ1fQ==/informe-arbitral-santos-laguna-vs-atlas-jornada-9-estadio-cancha-alterna-tsm-cancha-2-sintetica', 'text': '1 - 2'}","{'type': 'link', 'href': 'https://www.ligafemenil.mx/cancha/club/11245/atlas', 'text': ''}","{'type': 'link', 'href': 'https://www.ligafemenil.mx/cancha/estadio/64/estadio-cancha-alterna-tsm-cancha-2-sintetica', 'text': 'Cancha Alterna TSM Cancha 2 Sintética'}","{'type': 'link', 'href': 'https://www.ligafemenil.mx/cancha/mxm/81162/eyJpZERpdmlzaW9uIjoiMTQiLCJpZFRlbXBvcmFkYSI6IjY4IiwiaWRUb3JuZW8iOiIxIiwiaWRDbHVibG9jYWwiOiIxMTE5MiIsImlkQ2x1YnZpc2l0YSI6IjExMjQ1IiwiaWRQYXJ0aWRvIjoiODExNjIiLCJwZXN0YW5hIjoiMSJ9/minuto-a-minuto-santos-laguna-vs-atlas-jornada-9-estadio-cancha-alterna-tsm-cancha-2-sintetica', 'text': ''}","{'type': 'link', 'href': 'https://www.ligafemenil.mx/cancha/mxm/81162/eyJpZERpdmlzaW9uIjoiMTQiLCJpZFRlbXBvcmFkYSI6IjY4IiwiaWRUb3JuZW8iOiIxIiwiaWRDbHVibG9jYWwiOiIxMTE5MiIsImlkQ2x1YnZpc2l0YSI6IjExMjQ1IiwiaWRQYXJ0aWRvIjoiODExNjIiLCJwZXN0YW5hIjoiMyJ9/minuto-a-minuto-santos-laguna-vs-atlas-jornada-9-estadio-cancha-alterna-tsm-cancha-2-sintetica', 'text': ''}","{'type': 'link', 'href': 'https://www.ligafemenil.mx/cancha/informeArbitral/81162/eyJpZERpdmlzaW9uIjoiMTQiLCJpZFRlbXBvcmFkYSI6IjY4IiwiaWRUb3JuZW8iOiIxIiwiaWRDbHVibG9jYWwiOiIxMTE5MiIsImlkQ2x1YnZpc2l0YSI6IjExMjQ1In0=/informe-arbitral-santos-laguna-vs-atlas-jornada-9-estadio-cancha-alterna-tsm-cancha-2-sintetica', 'text': ''}","{'type': 'link', 'href': 'https://www.ligafemenil.mx/cancha/mxm/81162/eyJpZERpdmlzaW9uIjoiMTQiLCJpZFRlbXBvcmFkYSI6IjY4IiwiaWRUb3JuZW8iOiIxIiwiaWRDbHVibG9jYWwiOiIxMTE5MiIsImlkQ2x1YnZpc2l0YSI6IjExMjQ1IiwiaWRQYXJ0aWRvIjoiODExNjIiLCJwZXN0YW5hIjoiNCJ9/minuto-a-minuto-santos-laguna-vs-atlas-jornada-9-estadio-cancha-alterna-tsm-cancha-2-sintetica', 'text': ''}","{'type': 'link', 'href': 'https://www.ligafemenil.mx/cancha/galeria/ODExNjIvOS82OC8xLzE0/santos-laguna-vs-atlas', 'text': ''}","{'type': 'link', 'href': 'https://www.ligafemenil.mx/cancha/playlist/81162/santos-laguna-vs-atlas', 'text': ''}"
2017-2018,Apertura,"{'type': 'text', 'value': 'Martes 17 de Octubre de 2017\nTemporada 2017-2018\nTorneo Apertura\nJornada 9\n17 Octubre 2017 - 11:00 hrs.'}","{'type': 'link', 'href': 'https://www.ligafemenil.mx/cancha/club/11244/queretaro', 'text': ''}","{'type': 'link', 'href': 'https://www.ligafemenil.mx/cancha/informeArbitral/81166/eyJpZERpdmlzaW9uIjoiMTQiLCJpZFRlbXBvcmFkYSI6IjY4IiwiaWRUb3JuZW8iOiIxIiwiaWRDbHVibG9jYWwiOjExMjQ0LCJpZENsdWJ2aXNpdGEiOjExMTg5fQ==/informe-arbitral-queretaro-vs-necaxa-jornada-9-estadio-la-corregidora', 'text': '3 - 0'}","{'type': 'link', 'href': 'https://www.ligafemenil.mx/cancha/club/11189/necaxa', 'text': ''}","{'type': 'link', 'href': 'https://www.ligafemenil.mx/cancha/estadio/25/estadio-la-corregidora', 'text': 'La Corregidora'}","{'type': 'link', 'href': 'https://www.ligafemenil.mx/cancha/mxm/81166/eyJpZERpdmlzaW9uIjoiMTQiLCJpZFRlbXBvcmFkYSI6IjY4IiwiaWRUb3JuZW8iOiIxIiwiaWRDbHVibG9jYWwiOiIxMTI0NCIsImlkQ2x1YnZpc2l0YSI6IjExMTg5IiwiaWRQYXJ0aWRvIjoiODExNjYiLCJwZXN0YW5hIjoiMSJ9/minuto-a-minuto-queretaro-vs-necaxa-jornada-9-estadio-la-corregidora', 'text': ''}","{'type': 'link', 'href': 'https://www.ligafemenil.mx/cancha/mxm/81166/eyJpZERpdmlzaW9uIjoiMTQiLCJpZFRlbXBvcmFkYSI6IjY4IiwiaWRUb3JuZW8iOiIxIiwiaWRDbHVibG9jYWwiOiIxMTI0NCIsImlkQ2x1YnZpc2l0YSI6IjExMTg5IiwiaWRQYXJ0aWRvIjoiODExNjYiLCJwZXN0YW5hIjoiMyJ9/minuto-a-minuto-queretaro-vs-necaxa-jornada-9-estadio-la-corregidora', 'text': ''}","{'type': 'link', 'href': 'https://www.ligafemenil.mx/cancha/informeArbitral/81166/eyJpZERpdmlzaW9uIjoiMTQiLCJpZFRlbXBvcmFkYSI6IjY4IiwiaWRUb3JuZW8iOiIxIiwiaWRDbHVibG9jYWwiOiIxMTI0NCIsImlkQ2x1YnZpc2l0YSI6IjExMTg5In0=/informe-arbitral-queretaro-vs-necaxa-jornada-9-estadio-la-corregidora', 'text': ''}","{'type': 'link', 'href': 'https://www.ligafemenil.mx/cancha/mxm/81166/eyJpZERpdmlzaW9uIjoiMTQiLCJpZFRlbXBvcmFkYSI6IjY4IiwiaWRUb3JuZW8iOiIxIiwiaWRDbHVibG9jYWwiOiIxMTI0NCIsImlkQ2x1YnZpc2l0YSI6IjExMTg5IiwiaWRQYXJ0aWRvIjoiODExNjYiLCJwZXN0YW5hIjoiNCJ9/minuto-a-minuto-queretaro-vs-necaxa-jornada-9-estadio-la-corregidora', 'text': ''}","{'type': 'link', 'href': 'https://www.ligafemenil.mx/cancha/galeria/ODExNjYvOS82OC8xLzE0/queretaro-vs-necaxa', 'text': ''}","{'type': 'link', 'href': 'https://www.ligafemenil.mx/cancha/playlist/81166/queretaro-vs-necaxa', 'text': ''}"
2017-2018,Apertura,"{'type': 'text', 'value': 'Miércoles 18 de Octubre de 2017\nTemporada 2017-2018\nTorneo Apertura\nJornada 9\n18 Octubre 2017 - 12:00 hrs.'}","{'type': 'link', 'href': 'https://www.ligafemenil.mx/cancha/club/11184/pachuca', 'text': ''}","{'type': 'link', 'href': 'https://www.ligafemenil.mx/cancha/informeArbitral/81159/eyJpZERpdmlzaW9uIjoiMTQiLCJpZFRlbXBvcmFkYSI6IjY4IiwiaWRUb3JuZW8iOiIxIiwiaWRDbHVibG9jYWwiOjExMTg0LCJpZENsdWJ2aXNpdGEiOjExMjQyfQ==/informe-arbitral-pachuca-vs-veracruz-jornada-9-estadio-hidalgo', 'text': '2 - 1'}","{'type': 'link', 'href': 'https://www.ligafemenil.mx/cancha/club/11242/veracruz', 'text': ''}","{'type': 'link', 'href': 'https://www.ligafemenil.mx/cancha/estadio/11/estadio-hidalgo', 'text': 'Hidalgo'}","{'type': 'link', 'href': 'https://www.ligafemenil.mx/cancha/mxm/81159/eyJpZERpdmlzaW9uIjoiMTQiLCJpZFRlbXBvcmFkYSI6IjY4IiwiaWRUb3JuZW8iOiIxIiwiaWRDbHVibG9jYWwiOiIxMTE4NCIsImlkQ2x1YnZpc2l0YSI6IjExMjQyIiwiaWRQYXJ0aWRvIjoiODExNTkiLCJwZXN0YW5hIjoiMSJ9/minuto-a-minuto-pachuca-vs-veracruz-jornada-9-estadio-hidalgo', 'text': ''}","{'type': 'link', 'href': 'https://www.ligafemenil.mx/cancha/mxm/81159/eyJpZERpdmlzaW9uIjoiMTQiLCJpZFRlbXBvcmFkYSI6IjY4IiwiaWRUb3JuZW8iOiIxIiwiaWRDbHVibG9jYWwiOiIxMTE4NCIsImlkQ2x1YnZpc2l0YSI6IjExMjQyIiwiaWRQYXJ0aWRvIjoiODExNTkiLCJwZXN0YW5hIjoiMyJ9/minuto-a-minuto-pachuca-vs-veracruz-jornada-9-estadio-hidalgo', 'text': ''}","{'type': 'link', 'href': 'https://www.ligafemenil.mx/cancha/informeArbitral/81159/eyJpZERpdmlzaW9uIjoiMTQiLCJpZFRlbXBvcmFkYSI6IjY4IiwiaWRUb3JuZW8iOiIxIiwiaWRDbHVibG9jYWwiOiIxMTE4NCIsImlkQ2x1YnZpc2l0YSI6IjExMjQyIn0=/informe-arbitral-pachuca-vs-veracruz-jornada-9-estadio-hidalgo', 'text': ''}","{'type': 'link', 'href': 'https://www.ligafemenil.mx/cancha/mxm/81159/eyJpZERpdmlzaW9uIjoiMTQiLCJpZFRlbXBvcmFkYSI6IjY4IiwiaWRUb3JuZW8iOiIxIiwiaWRDbHVibG9jYWwiOiIxMTE4NCIsImlkQ2x1YnZpc2l0YSI6IjExMjQyIiwiaWRQYXJ0aWRvIjoiODExNTkiLCJwZXN0YW5hIjoiNCJ9/minuto-a-minuto-pachuca-vs-veracruz-jornada-9-estadio-hidalgo', 'text': ''}","{'type': 'link', 'href': 'https://www.ligafemenil.mx/cancha/galeria/ODExNTkvOS82OC8xLzE0/pachuca-vs-veracruz', 'text': ''}","{'type': 'link', 'href': 'https://www.ligafemenil.mx/cancha/playlist/81159/pachuca-vs-veracruz', 'text': ''}"
2017-2018,Apertura,"{'type': 'text', 'value': 'Miércoles 18 de Octubre de 2017\nTemporada 2017-2018\nTorneo Apertura\nJornada 9\n18 Octubre 2017 - 12:00 hrs.'}","{'type': 'link', 'href': 'https://www.ligafemenil.mx/cancha/club/11187/toluca', 'text': ''}","{'type': 'link', 'href': 'https://www.ligafemenil.mx/cancha/informeArbitral/81155/eyJpZERpdmlzaW9uIjoiMTQiLCJpZFRlbXBvcmFkYSI6IjY4IiwiaWRUb3JuZW8iOiIxIiwiaWRDbHVibG9jYWwiOjExMTg3LCJpZENsdWJ2aXNpdGEiOjExMTg4fQ==/informe-arbitral-toluca-vs-pumas-jornada-9-estadio-instalaciones-metepec-cancha-1-natural', 'text': '1 - 3'}","{'type': 'link', 'href': 'https://www.ligafemenil.mx/cancha/club/11188/pumas', 'text': ''}","{'type': 'link', 'href': 'https://www.ligafemenil.mx/cancha/estadio/33/estadio-instalaciones-metepec-cancha-1-natural', 'text': 'Instalaciones Metepec Cancha 1 Natural'}","{'type': 'link', 'href': 'https://www.ligafemenil.mx/cancha/mxm/81155/eyJpZERpdmlzaW9uIjoiMTQiLCJpZFRlbXBvcmFkYSI6IjY4IiwiaWRUb3JuZW8iOiIxIiwiaWRDbHVibG9jYWwiOiIxMTE4NyIsImlkQ2x1YnZpc2l0YSI6IjExMTg4IiwiaWRQYXJ0aWRvIjoiODExNTUiLCJwZXN0YW5hIjoiMSJ9/minuto-a-minuto-toluca-vs-pumas-jornada-9-estadio-instalaciones-metepec-cancha-1-natural', 'text': ''}","{'type': 'link', 'href': 'https://www.ligafemenil.mx/cancha/mxm/81155/eyJpZERpdmlzaW9uIjoiMTQiLCJpZFRlbXBvcmFkYSI6IjY4IiwiaWRUb3JuZW8iOiIxIiwiaWRDbHVibG9jYWwiOiIxMTE4NyIsImlkQ2x1YnZpc2l0YSI6IjExMTg4IiwiaWRQYXJ0aWRvIjoiODExNTUiLCJwZXN0YW5hIjoiMyJ9/minuto-a-minuto-toluca-vs-pumas-jornada-9-estadio-instalaciones-metepec-cancha-1-natural', 'text': ''}","{'type': 'link', 'href': 'https://www.ligafemenil.mx/cancha/informeArbitral/81155/eyJpZERpdmlzaW9uIjoiMTQiLCJpZFRlbXBvcmFkYSI6IjY4IiwiaWRUb3JuZW8iOiIxIiwiaWRDbHVibG9jYWwiOiIxMTE4NyIsImlkQ2x1YnZpc2l0YSI6IjExMTg4In0=/informe-arbitral-toluca-vs-pumas-jornada-9-estadio-instalaciones-metepec-cancha-1-natural', 'text': ''}","{'type': 'link', 'href': 'https://www.ligafemenil.mx/cancha/mxm/81155/eyJpZERpdmlzaW9uIjoiMTQiLCJpZFRlbXBvcmFkYSI6IjY4IiwiaWRUb3JuZW8iOiIxIiwiaWRDbHVibG9jYWwiOiIxMTE4NyIsImlkQ2x1YnZpc2l0YSI6IjExMTg4IiwiaWRQYXJ0aWRvIjoiODExNTUiLCJwZXN0YW5hIjoiNCJ9/minuto-a-minuto-toluca-vs-pumas-jornada-9-estadio-instalaciones-metepec-cancha-1-natural', 'text': ''}","{'type': 'link', 'href': 'https://www.ligafemenil.mx/cancha/galeria/ODExNTUvOS82OC8xLzE0/toluca-vs-pumas', 'text': ''}","{'type': 'link', 'href': 'https://www.ligafemenil.mx/cancha/playlist/81155/toluca-vs-pumas', 'text': ''}"
2017-2018,Apertura,"{'type': 'text', 'value': 'Miércoles 18 de Octubre de 2017\nTemporada 2017-2018\nTorneo Apertura\nJornada 9\n18 Octubre 2017 - 16:00 hrs.'}","{'type': 'link', 'href': 'https://www.ligafemenil.mx/cancha/club/11182/guadalajara', 'text': ''}","{'type': 'link', 'href': 'https://www.ligafemenil.mx/cancha/informeArbitral/81156/eyJpZERpdmlzaW9uIjoiMTQiLCJpZFRlbXBvcmFkYSI6IjY4IiwiaWRUb3JuZW8iOiIxIiwiaWRDbHVibG9jYWwiOjExMTgyLCJpZENsdWJ2aXNpdGEiOjExMTg2fQ==/informe-arbitral-guadalajara-vs-tigres-de-la-uanl-jornada-9-estadio-verde-valle', 'text': '1 - 0'}","{'type': 'link', 'href': 'https://www.ligafemenil.mx/cancha/club/11186/tigres-de-la-uanl', 'text': ''}","{'type': 'link', 'href': 'https://www.ligafemenil.mx/cancha/estadio/36/estadio-verde-valle', 'text': 'Verde Valle'}","{'type': 'link', 'href': 'https://www.ligafemenil.mx/cancha/mxm/81156/eyJpZERpdmlzaW9uIjoiMTQiLCJpZFRlbXBvcmFkYSI6IjY4IiwiaWRUb3JuZW8iOiIxIiwiaWRDbHVibG9jYWwiOiIxMTE4MiIsImlkQ2x1YnZpc2l0YSI6IjExMTg2IiwiaWRQYXJ0aWRvIjoiODExNTYiLCJwZXN0YW5hIjoiMSJ9/minuto-a-minuto-guadalajara-vs-tigres-de-la-uanl-jornada-9-estadio-verde-valle', 'text': ''}","{'type': 'link', 'href': 'https://www.ligafemenil.mx/cancha/mxm/81156/eyJpZERpdmlzaW9uIjoiMTQiLCJpZFRlbXBvcmFkYSI6IjY4IiwiaWRUb3JuZW8iOiIxIiwiaWRDbHVibG9jYWwiOiIxMTE4MiIsImlkQ2x1YnZpc2l0YSI6IjExMTg2IiwiaWRQYXJ0aWRvIjoiODExNTYiLCJwZXN0YW5hIjoiMyJ9/minuto-a-minuto-guadalajara-vs-tigres-de-la-uanl-jornada-9-estadio-verde-valle', 'text': ''}","{'type': 'link', 'href': 'https://www.ligafemenil.mx/cancha/informeArbitral/81156/eyJpZERpdmlzaW9uIjoiMTQiLCJpZFRlbXBvcmFkYSI6IjY4IiwiaWRUb3JuZW8iOiIxIiwiaWRDbHVibG9jYWwiOiIxMTE4MiIsImlkQ2x1YnZpc2l0YSI6IjExMTg2In0=/informe-arbitral-guadalajara-vs-tigres-de-la-uanl-jornada-9-estadio-verde-valle', 'text': ''}","{'type': 'link', 'href': 'https://www.ligafemenil.mx/cancha/mxm/81156/eyJpZERpdmlzaW9uIjoiMTQiLCJpZFRlbXBvcmFkYSI6IjY4IiwiaWRUb3JuZW8iOiIxIiwiaWRDbHVibG9jYWwiOiIxMTE4MiIsImlkQ2x1YnZpc2l0YSI6IjExMTg2IiwiaWRQYXJ0aWRvIjoiODExNTYiLCJwZXN0YW5hIjoiNCJ9/minuto-a-minuto-guadalajara-vs-tigres-de-la-uanl-jornada-9-estadio-verde-valle', 'text': ''}","{'type': 'link', 'href': 'https://www.ligafemenil.mx/cancha/galeria/ODExNTYvOS82OC8xLzE0/guadalajara-vs-tigres-de-la-uanl', 'text': ''}","{'type': 'link', 'href': 'https://www.ligafemenil.mx/cancha/playlist/81156/guadalajara-vs-tigres-de-la-uanl', 'text': ''}"
2017-2018,Apertura,"{'type': 'text', 'value': 'Miércoles 18 de Octubre de 2017\nTemporada 2017-2018\nTorneo Apertura\nJornada 9\n18 Octubre 2017 - 16:00 hrs.'}","{'type': 'link', 'href': 'https://www.ligafemenil.mx/cancha/club/11183/m-morelia', 'text': ''}","{'type': 'link', 'href': 'https://www.ligafemenil.mx/cancha/informeArbitral/81168/eyJpZERpdmlzaW9uIjoiMTQiLCJpZFRlbXBvcmFkYSI6IjY4IiwiaWRUb3JuZW8iOiIxIiwiaWRDbHVibG9jYWwiOjExMTgzLCJpZENsdWJ2aXNpdGEiOjExMTgwfQ==/informe-arbitral-m-morelia-vs-tijuana-jornada-9-estadio-jose-maria-morelos-y-pavon', 'text': '1 - 0'}","{'type': 'link', 'href': 'https://www.ligafemenil.mx/cancha/club/11180/tijuana', 'text': ''}","{'type': 'link', 'href': 'https://www.ligafemenil.mx/cancha/estadio/10/estadio-jose-maria-morelos-y-pavon', 'text': 'José María Morelos y Pavón'}","{'type': 'link', 'href': 'https://www.ligafemenil.mx/cancha/mxm/81168/eyJpZERpdmlzaW9uIjoiMTQiLCJpZFRlbXBvcmFkYSI6IjY4IiwiaWRUb3JuZW8iOiIxIiwiaWRDbHVibG9jYWwiOiIxMTE4MyIsImlkQ2x1YnZpc2l0YSI6IjExMTgwIiwiaWRQYXJ0aWRvIjoiODExNjgiLCJwZXN0YW5hIjoiMSJ9/minuto-a-minuto-m-morelia-vs-tijuana-jornada-9-estadio-jose-maria-morelos-y-pavon', 'text': ''}","{'type': 'link', 'href': 'https://www.ligafemenil.mx/cancha/mxm/81168/eyJpZERpdmlzaW9uIjoiMTQiLCJpZFRlbXBvcmFkYSI6IjY4IiwiaWRUb3JuZW8iOiIxIiwiaWRDbHVibG9jYWwiOiIxMTE4MyIsImlkQ2x1YnZpc2l0YSI6IjExMTgwIiwiaWRQYXJ0aWRvIjoiODExNjgiLCJwZXN0YW5hIjoiMyJ9/minuto-a-minuto-m-morelia-vs-tijuana-jornada-9-estadio-jose-maria-morelos-y-pavon', 'text': ''}","{'type': 'link', 'href': 'https://www.ligafemenil.mx/cancha/informeArbitral/81168/eyJpZERpdmlzaW9uIjoiMTQiLCJpZFRlbXBvcmFkYSI6IjY4IiwiaWRUb3JuZW8iOiIxIiwiaWRDbHVibG9jYWwiOiIxMTE4MyIsImlkQ2x1YnZpc2l0YSI6IjExMTgwIn0=/informe-arbitral-m-morelia-vs-tijuana-jornada-9-estadio-jose-maria-morelos-y-pavon', 'text': ''}","{'type': 'link', 'href': 'https://www.ligafemenil.mx/cancha/mxm/81168/eyJpZERpdmlzaW9uIjoiMTQiLCJpZFRlbXBvcmFkYSI6IjY4IiwiaWRUb3JuZW8iOiIxIiwiaWRDbHVibG9jYWwiOiIxMTE4MyIsImlkQ2x1YnZpc2l0YSI6IjExMTgwIiwiaWRQYXJ0aWRvIjoiODExNjgiLCJwZXN0YW5hIjoiNCJ9/minuto-a-minuto-m-morelia-vs-tijuana-jornada-9-estadio-jose-maria-morelos-y-pavon', 'text': ''}","{'type': 'link', 'href': 'https://www.ligafemenil.mx/cancha/galeria/ODExNjgvOS82OC8xLzE0/m-morelia-vs-tijuana', 'text': ''}","{'type': 'link', 'href': 'https://www.ligafemenil.mx/cancha/playlist/81168/m-morelia-vs-tijuana', 'text': ''}"
2017-2018,Apertura,"{'type': 'text', 'value': 'Miércoles 18 de Octubre de 2017\nTemporada 2017-2018\nTorneo Apertura\nJornada 9\n18 Octubre 2017 - 16:00 hrs.'}","{'type': 'link', 'href': 'https://www.ligafemenil.mx/cancha/club/11191/america', 'text': ''}","{'type': 'link', 'href': 'https://www.ligafemenil.mx/cancha/informeArbitral/81172/eyJpZERpdmlzaW9uIjoiMTQiLCJpZFRlbXBvcmFkYSI6IjY4IiwiaWRUb3JuZW8iOiIxIiwiaWRDbHVibG9jYWwiOjExMTkxLCJpZENsdWJ2aXNpdGEiOjExMTgxfQ==/informe-arbitral-america-vs-cruz-azul-jornada-9-estadio-instalaciones-club-america-coapa', 'text': '6 - 0'}","{'type': 'link', 'href': 'https://www.ligafemenil.mx/cancha/club/11181/cruz-azul', 'text': ''}","{'type': 'link', 'href': 'https://www.ligafemenil.mx/cancha/estadio/32/estadio-instalaciones-club-america-coapa', 'text': 'Instalaciones Club América Coapa'}","{'type': 'link', 'href': 'https://www.ligafemenil.mx/cancha/mxm/81172/eyJpZERpdmlzaW9uIjoiMTQiLCJpZFRlbXBvcmFkYSI6IjY4IiwiaWRUb3JuZW8iOiIxIiwiaWRDbHVibG9jYWwiOiIxMTE5MSIsImlkQ2x1YnZpc2l0YSI6IjExMTgxIiwiaWRQYXJ0aWRvIjoiODExNzIiLCJwZXN0YW5hIjoiMSJ9/minuto-a-minuto-america-vs-cruz-azul-jornada-9-estadio-instalaciones-club-america-coapa', 'text': ''}","{'type': 'link', 'href': 'https://www.ligafemenil.mx/cancha/mxm/81172/eyJpZERpdmlzaW9uIjoiMTQiLCJpZFRlbXBvcmFkYSI6IjY4IiwiaWRUb3JuZW8iOiIxIiwiaWRDbHVibG9jYWwiOiIxMTE5MSIsImlkQ2x1YnZpc2l0YSI6IjExMTgxIiwiaWRQYXJ0aWRvIjoiODExNzIiLCJwZXN0YW5hIjoiMyJ9/minuto-a-minuto-america-vs-cruz-azul-jornada-9-estadio-instalaciones-club-america-coapa', 'text': ''}","{'type': 'link', 'href': 'https://www.ligafemenil.mx/cancha/informeArbitral/81172/eyJpZERpdmlzaW9uIjoiMTQiLCJpZFRlbXBvcmFkYSI6IjY4IiwiaWRUb3JuZW8iOiIxIiwiaWRDbHVibG9jYWwiOiIxMTE5MSIsImlkQ2x1YnZpc2l0YSI6IjExMTgxIn0=/informe-arbitral-america-vs-cruz-azul-jornada-9-estadio-instalaciones-club-america-coapa', 'text': ''}","{'type': 'link', 'href': 'https://www.ligafemenil.mx/cancha/mxm/81172/eyJpZERpdmlzaW9uIjoiMTQiLCJpZFRlbXBvcmFkYSI6IjY4IiwiaWRUb3JuZW8iOiIxIiwiaWRDbHVibG9jYWwiOiIxMTE5MSIsImlkQ2x1YnZpc2l0YSI6IjExMTgxIiwiaWRQYXJ0aWRvIjoiODExNzIiLCJwZXN0YW5hIjoiNCJ9/minuto-a-minuto-america-vs-cruz-azul-jornada-9-estadio-instalaciones-club-america-coapa', 'text': ''}","{'type': 'link', 'href': 'https://www.ligafemenil.mx/cancha/galeria/ODExNzIvOS82OC8xLzE0/america-vs-cruz-azul', 'text': ''}","{'type': 'link', 'href': 'https://www.ligafemenil.mx/cancha/playlist/81172/america-vs-cruz-azul', 'text': ''}"
2017-2018,Apertura,"{'type': 'text', 'value': 'Miércoles 18 de Octubre de 2017\nTemporada 2017-2018\nTorneo Apertura\nJornada 9\n18 Octubre 2017 - 17:00 hrs.'}","{'type': 'link', 'href': 'https://www.ligafemenil.mx/cancha/club/11185/rayados-de-monterrey', 'text': ''}","{'type': 'link', 'href': 'https://www.ligafemenil.mx/cancha/informeArbitral/81175/eyJpZERpdmlzaW9uIjoiMTQiLCJpZFRlbXBvcmFkYSI6IjY4IiwiaWRUb3JuZW8iOiIxIiwiaWRDbHVibG9jYWwiOjExMTg1LCJpZENsdWJ2aXNpdGEiOjExMjQzfQ==/informe-arbitral-rayados-de-monterrey-vs-leon-jornada-9-estadio-el-barrial', 'text': '4 - 0'}","{'type': 'link', 'href': 'https://www.ligafemenil.mx/cancha/club/11243/leon', 'text': ''}","{'type': 'link', 'href': 'https://www.ligafemenil.mx/cancha/estadio/675/estadio-el-barrial', 'text': 'El Barrial'}","{'type': 'link', 'href': 'https://www.ligafemenil.mx/cancha/mxm/81175/eyJpZERpdmlzaW9uIjoiMTQiLCJpZFRlbXBvcmFkYSI6IjY4IiwiaWRUb3JuZW8iOiIxIiwiaWRDbHVibG9jYWwiOiIxMTE4NSIsImlkQ2x1YnZpc2l0YSI6IjExMjQzIiwiaWRQYXJ0aWRvIjoiODExNzUiLCJwZXN0YW5hIjoiMSJ9/minuto-a-minuto-rayados-de-monterrey-vs-leon-jornada-9-estadio-el-barrial', 'text': ''}","{'type': 'link', 'href': 'https://www.ligafemenil.mx/cancha/mxm/81175/eyJpZERpdmlzaW9uIjoiMTQiLCJpZFRlbXBvcmFkYSI6IjY4IiwiaWRUb3JuZW8iOiIxIiwiaWRDbHVibG9jYWwiOiIxMTE4NSIsImlkQ2x1YnZpc2l0YSI6IjExMjQzIiwiaWRQYXJ0aWRvIjoiODExNzUiLCJwZXN0YW5hIjoiMyJ9/minuto-a-minuto-rayados-de-monterrey-vs-leon-jornada-9-estadio-el-barrial', 'text': ''}","{'type': 'link', 'href': 'https://www.ligafemenil.mx/cancha/informeArbitral/81175/eyJpZERpdmlzaW9uIjoiMTQiLCJpZFRlbXBvcmFkYSI6IjY4IiwiaWRUb3JuZW8iOiIxIiwiaWRDbHVibG9jYWwiOiIxMTE4NSIsImlkQ2x1YnZpc2l0YSI6IjExMjQzIn0=/informe-arbitral-rayados-de-monterrey-vs-leon-jornada-9-estadio-el-barrial', 'text': ''}","{'type': 'link', 'href': 'https://www.ligafemenil.mx/cancha/mxm/81175/eyJpZERpdmlzaW9uIjoiMTQiLCJpZFRlbXBvcmFkYSI6IjY4IiwiaWRUb3JuZW8iOiIxIiwiaWRDbHVibG9jYWwiOiIxMTE4NSIsImlkQ2x1YnZpc2l0YSI6IjExMjQzIiwiaWRQYXJ0aWRvIjoiODExNzUiLCJwZXN0YW5hIjoiNCJ9/minuto-a-minuto-rayados-de-monterrey-vs-leon-jornada-9-estadio-el-barrial', 'text': ''}","{'type': 'link', 'href': 'https://www.ligafemenil.mx/cancha/galeria/ODExNzUvOS82OC8xLzE0/rayados-de-monterrey-vs-leon', 'text': ''}","{'type': 'link', 'href': 'https://www.ligafemenil.mx/cancha/playlist/81175/rayados-de-monterrey-vs-leon', 'text': ''}"
2017-2018,Apertura,"{'type': 'text', 'value': 'Viernes 20 de Octubre de 2017\nTemporada 2017-2018\nTorneo Apertura\nJornada 13\n20 Octubre 2017 - 17:00 hrs.'}","{'type': 'link', 'href': 'https://www.ligafemenil.mx/cancha/club/11243/leon', 'text': ''}","{'type': 'link', 'href': 'https://www.ligafemenil.mx/cancha/informeArbitral/81251/eyJpZERpdmlzaW9uIjoiMTQiLCJpZFRlbXBvcmFkYSI6IjY4IiwiaWRUb3JuZW8iOiIxIiwiaWRDbHVibG9jYWwiOjExMjQzLCJpZENsdWJ2aXNpdGEiOjExMjQ0fQ==/informe-arbitral-leon-vs-queretaro-jornada-13-estadio-nou-camp', 'text': '2 - 2'}","{'type': 'link', 'href': 'https://www.ligafemenil.mx/cancha/club/11244/queretaro', 'text': ''}","{'type': 'link', 'href': 'https://www.ligafemenil.mx/cancha/estadio/23/estadio-nou-camp', 'text': 'Nou Camp'}","{'type': 'link', 'href': 'https://www.ligafemenil.mx/cancha/mxm/81251/eyJpZERpdmlzaW9uIjoiMTQiLCJpZFRlbXBvcmFkYSI6IjY4IiwiaWRUb3JuZW8iOiIxIiwiaWRDbHVibG9jYWwiOiIxMTI0MyIsImlkQ2x1YnZpc2l0YSI6IjExMjQ0IiwiaWRQYXJ0aWRvIjoiODEyNTEiLCJwZXN0YW5hIjoiMSJ9/minuto-a-minuto-leon-vs-queretaro-jornada-13-estadio-nou-camp', 'text': ''}","{'type': 'link', 'href': 'https://www.ligafemenil.mx/cancha/mxm/81251/eyJpZERpdmlzaW9uIjoiMTQiLCJpZFRlbXBvcmFkYSI6IjY4IiwiaWRUb3JuZW8iOiIxIiwiaWRDbHVibG9jYWwiOiIxMTI0MyIsImlkQ2x1YnZpc2l0YSI6IjExMjQ0IiwiaWRQYXJ0aWRvIjoiODEyNTEiLCJwZXN0YW5hIjoiMyJ9/minuto-a-minuto-leon-vs-queretaro-jornada-13-estadio-nou-camp', 'text': ''}","{'type': 'link', 'href': 'https://www.ligafemenil.mx/cancha/informeArbitral/81251/eyJpZERpdmlzaW9uIjoiMTQiLCJpZFRlbXBvcmFkYSI6IjY4IiwiaWRUb3JuZW8iOiIxIiwiaWRDbHVibG9jYWwiOiIxMTI0MyIsImlkQ2x1YnZpc2l0YSI6IjExMjQ0In0=/informe-arbitral-leon-vs-queretaro-jornada-13-estadio-nou-camp', 'text': ''}","{'type': 'link', 'href': 'https://www.ligafemenil.mx/cancha/mxm/81251/eyJpZERpdmlzaW9uIjoiMTQiLCJpZFRlbXBvcmFkYSI6IjY4IiwiaWRUb3JuZW8iOiIxIiwiaWRDbHVibG9jYWwiOiIxMTI0MyIsImlkQ2x1YnZpc2l0YSI6IjExMjQ0IiwiaWRQYXJ0aWRvIjoiODEyNTEiLCJwZXN0YW5hIjoiNCJ9/minuto-a-minuto-leon-vs-queretaro-jornada-13-estadio-nou-camp', 'text': ''}","{'type': 'link', 'href': 'https://www.ligafemenil.mx/cancha/galeria/ODEyNTEvMTMvNjgvMS8xNA==/leon-vs-queretaro', 'text': ''}","{'type': 'link', 'href': 'https://www.ligafemenil.mx/cancha/playlist/81251/leon-vs-queretaro', 'text': ''}"
2017-2018,Apertura,"{'type': 'text', 'value': 'Sábado 21 de Octubre de 2017\nTemporada 2017-2018\nTorneo Apertura\nJornada 13\n21 Octubre 2017 - 09:00 hrs.'}","{'type': 'link', 'href': 'https://www.ligafemenil.mx/cancha/club/11242/veracruz', 'text': ''}","{'type': 'link', 'href': 'https://www.ligafemenil.mx/cancha/informeArbitral/81252/eyJpZERpdmlzaW9uIjoiMTQiLCJpZFRlbXBvcmFkYSI6IjY4IiwiaWRUb3JuZW8iOiIxIiwiaWRDbHVibG9jYWwiOjExMjQyLCJpZENsdWJ2aXNpdGEiOjExMTgxfQ==/informe-arbitral-veracruz-vs-cruz-azul-jornada-13-estadio-centro-de-alto-rendimiento-cancha-1', 'text': '0 - 0'}","{'type': 'link', 'href': 'https://www.ligafemenil.mx/cancha/club/11181/cruz-azul', 'text': ''}","{'type': 'link', 'href': 'https://www.ligafemenil.mx/cancha/estadio/1416/estadio-centro-de-alto-rendimiento-cancha-1', 'text': 'Centro de Alto Rendimiento Cancha 1'}","{'type': 'link', 'href': 'https://www.ligafemenil.mx/cancha/mxm/81252/eyJpZERpdmlzaW9uIjoiMTQiLCJpZFRlbXBvcmFkYSI6IjY4IiwiaWRUb3JuZW8iOiIxIiwiaWRDbHVibG9jYWwiOiIxMTI0MiIsImlkQ2x1YnZpc2l0YSI6IjExMTgxIiwiaWRQYXJ0aWRvIjoiODEyNTIiLCJwZXN0YW5hIjoiMSJ9/minuto-a-minuto-veracruz-vs-cruz-azul-jornada-13-estadio-centro-de-alto-rendimiento-cancha-1', 'text': ''}","{'type': 'link', 'href': 'https://www.ligafemenil.mx/cancha/mxm/81252/eyJpZERpdmlzaW9uIjoiMTQiLCJpZFRlbXBvcmFkYSI6IjY4IiwiaWRUb3JuZW8iOiIxIiwiaWRDbHVibG9jYWwiOiIxMTI0MiIsImlkQ2x1YnZpc2l0YSI6IjExMTgxIiwiaWRQYXJ0aWRvIjoiODEyNTIiLCJwZXN0YW5hIjoiMyJ9/minuto-a-minuto-veracruz-vs-cruz-azul-jornada-13-estadio-centro-de-alto-rendimiento-cancha-1', 'text': ''}","{'type': 'link', 'href': 'https://www.ligafemenil.mx/cancha/informeArbitral/81252/eyJpZERpdmlzaW9uIjoiMTQiLCJpZFRlbXBvcmFkYSI6IjY4IiwiaWRUb3JuZW8iOiIxIiwiaWRDbHVibG9jYWwiOiIxMTI0MiIsImlkQ2x1YnZpc2l0YSI6IjExMTgxIn0=/informe-arbitral-veracruz-vs-cruz-azul-jornada-13-estadio-centro-de-alto-rendimiento-cancha-1', 'text': ''}","{'type': 'link', 'href': 'https://www.ligafemenil.mx/cancha/mxm/81252/eyJpZERpdmlzaW9uIjoiMTQiLCJpZFRlbXBvcmFkYSI6IjY4IiwiaWRUb3JuZW8iOiIxIiwiaWRDbHVibG9jYWwiOiIxMTI0MiIsImlkQ2x1YnZpc2l0YSI6IjExMTgxIiwiaWRQYXJ0aWRvIjoiODEyNTIiLCJwZXN0YW5hIjoiNCJ9/minuto-a-minuto-veracruz-vs-cruz-azul-jornada-13-estadio-centro-de-alto-rendimiento-cancha-1', 'text': ''}","{'type': 'link', 'href': 'https://www.ligafemenil.mx/cancha/galeria/ODEyNTIvMTMvNjgvMS8xNA==/veracruz-vs-cruz-azul', 'text': ''}","{'type': 'link', 'href': 'https://www.ligafemenil.mx/cancha/playlist/81252/veracruz-vs-cruz-azul', 'text': ''}"
2017-2018,Apertura,"{'type': 'text', 'value': 'Sábado 21 de Octubre de 2017\nTemporada 2017-2018\nTorneo Apertura\nJornada 13\n21 Octubre 2017 - 10:00 hrs.'}","{'type': 'link', 'href': 'https://www.ligafemenil.mx/cancha/club/11192/santos-laguna', 'text': ''}","{'type': 'link', 'href': 'https://www.ligafemenil.mx/cancha/informeArbitral/81253/eyJpZERpdmlzaW9uIjoiMTQiLCJpZFRlbXBvcmFkYSI6IjY4IiwiaWRUb3JuZW8iOiIxIiwiaWRDbHVibG9jYWwiOjExMTkyLCJpZENsdWJ2aXNpdGEiOjExMTgyfQ==/informe-arbitral-santos-laguna-vs-guadalajara-jornada-13-estadio-tsm-corona', 'text': '1 - 2'}","{'type': 'link', 'href': 'https://www.ligafemenil.mx/cancha/club/11182/guadalajara', 'text': ''}","{'type': 'link', 'href': 'https://www.ligafemenil.mx/cancha/estadio/63/estadio-tsm-corona', 'text': 'TSM Corona'}","{'type': 'link', 'href': 'https://www.ligafemenil.mx/cancha/mxm/81253/eyJpZERpdmlzaW9uIjoiMTQiLCJpZFRlbXBvcmFkYSI6IjY4IiwiaWRUb3JuZW8iOiIxIiwiaWRDbHVibG9jYWwiOiIxMTE5MiIsImlkQ2x1YnZpc2l0YSI6IjExMTgyIiwiaWRQYXJ0aWRvIjoiODEyNTMiLCJwZXN0YW5hIjoiMSJ9/minuto-a-minuto-santos-laguna-vs-guadalajara-jornada-13-estadio-tsm-corona', 'text': ''}","{'type': 'link', 'href': 'https://www.ligafemenil.mx/cancha/mxm/81253/eyJpZERpdmlzaW9uIjoiMTQiLCJpZFRlbXBvcmFkYSI6IjY4IiwiaWRUb3JuZW8iOiIxIiwiaWRDbHVibG9jYWwiOiIxMTE5MiIsImlkQ2x1YnZpc2l0YSI6IjExMTgyIiwiaWRQYXJ0aWRvIjoiODEyNTMiLCJwZXN0YW5hIjoiMyJ9/minuto-a-minuto-santos-laguna-vs-guadalajara-jornada-13-estadio-tsm-corona', 'text': ''}","{'type': 'link', 'href': 'https://www.ligafemenil.mx/cancha/informeArbitral/81253/eyJpZERpdmlzaW9uIjoiMTQiLCJpZFRlbXBvcmFkYSI6IjY4IiwiaWRUb3JuZW8iOiIxIiwiaWRDbHVibG9jYWwiOiIxMTE5MiIsImlkQ2x1YnZpc2l0YSI6IjExMTgyIn0=/informe-arbitral-santos-laguna-vs-guadalajara-jornada-13-estadio-tsm-corona', 'text': ''}","{'type': 'link', 'href': 'https://www.ligafemenil.mx/cancha/mxm/81253/eyJpZERpdmlzaW9uIjoiMTQiLCJpZFRlbXBvcmFkYSI6IjY4IiwiaWRUb3JuZW8iOiIxIiwiaWRDbHVibG9jYWwiOiIxMTE5MiIsImlkQ2x1YnZpc2l0YSI6IjExMTgyIiwiaWRQYXJ0aWRvIjoiODEyNTMiLCJwZXN0YW5hIjoiNCJ9/minuto-a-minuto-santos-laguna-vs-guadalajara-jornada-13-estadio-tsm-corona', 'text': ''}","{'type': 'link', 'href': 'https://www.ligafemenil.mx/cancha/galeria/ODEyNTMvMTMvNjgvMS8xNA==/santos-laguna-vs-guadalajara', 'text': ''}","{'type': 'link', 'href': 'https://www.ligafemenil.mx/cancha/playlist/81253/santos-laguna-vs-guadalajara', 'text': ''}"
2017-2018,Apertura,"{'type': 'text', 'value': 'Sábado 21 de Octubre de 2017\nTemporada 2017-2018\nTorneo Apertura\nJornada 13\n21 Octubre 2017 - 11:00 hrs.'}","{'type': 'link', 'href': 'https://www.ligafemenil.mx/cancha/club/11245/atlas', 'text': ''}","{'type': 'link', 'href': 'https://www.ligafemenil.mx/cancha/informeArbitral/81255/eyJpZERpdmlzaW9uIjoiMTQiLCJpZFRlbXBvcmFkYSI6IjY4IiwiaWRUb3JuZW8iOiIxIiwiaWRDbHVibG9jYWwiOjExMjQ1LCJpZENsdWJ2aXNpdGEiOjExMTg5fQ==/informe-arbitral-atlas-vs-necaxa-jornada-13-estadio-colomos', 'text': '1 - 1'}","{'type': 'link', 'href': 'https://www.ligafemenil.mx/cancha/club/11189/necaxa', 'text': ''}","{'type': 'link', 'href': 'https://www.ligafemenil.mx/cancha/estadio/109/estadio-colomos', 'text': 'Colomos'}","{'type': 'link', 'href': 'https://www.ligafemenil.mx/cancha/mxm/81255/eyJpZERpdmlzaW9uIjoiMTQiLCJpZFRlbXBvcmFkYSI6IjY4IiwiaWRUb3JuZW8iOiIxIiwiaWRDbHVibG9jYWwiOiIxMTI0NSIsImlkQ2x1YnZpc2l0YSI6IjExMTg5IiwiaWRQYXJ0aWRvIjoiODEyNTUiLCJwZXN0YW5hIjoiMSJ9/minuto-a-minuto-atlas-vs-necaxa-jornada-13-estadio-colomos', 'text': ''}","{'type': 'link', 'href': 'https://www.ligafemenil.mx/cancha/mxm/81255/eyJpZERpdmlzaW9uIjoiMTQiLCJpZFRlbXBvcmFkYSI6IjY4IiwiaWRUb3JuZW8iOiIxIiwiaWRDbHVibG9jYWwiOiIxMTI0NSIsImlkQ2x1YnZpc2l0YSI6IjExMTg5IiwiaWRQYXJ0aWRvIjoiODEyNTUiLCJwZXN0YW5hIjoiMyJ9/minuto-a-minuto-atlas-vs-necaxa-jornada-13-estadio-colomos', 'text': ''}","{'type': 'link', 'href': 'https://www.ligafemenil.mx/cancha/informeArbitral/81255/eyJpZERpdmlzaW9uIjoiMTQiLCJpZFRlbXBvcmFkYSI6IjY4IiwiaWRUb3JuZW8iOiIxIiwiaWRDbHVibG9jYWwiOiIxMTI0NSIsImlkQ2x1YnZpc2l0YSI6IjExMTg5In0=/informe-arbitral-atlas-vs-necaxa-jornada-13-estadio-colomos', 'text': ''}","{'type': 'link', 'href': 'https://www.ligafemenil.mx/cancha/mxm/81255/eyJpZERpdmlzaW9uIjoiMTQiLCJpZFRlbXBvcmFkYSI6IjY4IiwiaWRUb3JuZW8iOiIxIiwiaWRDbHVibG9jYWwiOiIxMTI0NSIsImlkQ2x1YnZpc2l0YSI6IjExMTg5IiwiaWRQYXJ0aWRvIjoiODEyNTUiLCJwZXN0YW5hIjoiNCJ9/minuto-a-minuto-atlas-vs-necaxa-jornada-13-estadio-colomos', 'text': ''}","{'type': 'link', 'href': 'https://www.ligafemenil.mx/cancha/galeria/ODEyNTUvMTMvNjgvMS8xNA==/atlas-vs-necaxa', 'text': ''}","{'type': 'link', 'href': 'https://www.ligafemenil.mx/cancha/playlist/81255/atlas-vs-necaxa', 'text': ''}"
2017-2018,Apertura,"{'type': 'text', 'value': 'Sábado 21 de Octubre de 2017\nTemporada 2017-2018\nTorneo Apertura\nJornada 13\n21 Octubre 2017 - 16:00 hrs.'}","{'type': 'link', 'href': 'https://www.ligafemenil.mx/cancha/club/11188/pumas', 'text': ''}","{'type': 'link', 'href': 'https://www.ligafemenil.mx/cancha/informeArbitral/81256/eyJpZERpdmlzaW9uIjoiMTQiLCJpZFRlbXBvcmFkYSI6IjY4IiwiaWRUb3JuZW8iOiIxIiwiaWRDbHVibG9jYWwiOjExMTg4LCJpZENsdWJ2aXNpdGEiOjExMTkxfQ==/informe-arbitral-pumas-vs-america-jornada-13-estadio-la-cantera', 'text': '0 - 1'}","{'type': 'link', 'href': 'https://www.ligafemenil.mx/cancha/club/11191/america', 'text': ''}","{'type': 'link', 'href': 'https://www.ligafemenil.mx/cancha/estadio/37/estadio-la-cantera', 'text': 'La Cantera'}","{'type': 'link', 'href': 'https://www.ligafemenil.mx/cancha/mxm/81256/eyJpZERpdmlzaW9uIjoiMTQiLCJpZFRlbXBvcmFkYSI6IjY4IiwiaWRUb3JuZW8iOiIxIiwiaWRDbHVibG9jYWwiOiIxMTE4OCIsImlkQ2x1YnZpc2l0YSI6IjExMTkxIiwiaWRQYXJ0aWRvIjoiODEyNTYiLCJwZXN0YW5hIjoiMSJ9/minuto-a-minuto-pumas-vs-america-jornada-13-estadio-la-cantera', 'text': ''}","{'type': 'link', 'href': 'https://www.ligafemenil.mx/cancha/mxm/81256/eyJpZERpdmlzaW9uIjoiMTQiLCJpZFRlbXBvcmFkYSI6IjY4IiwiaWRUb3JuZW8iOiIxIiwiaWRDbHVibG9jYWwiOiIxMTE4OCIsImlkQ2x1YnZpc2l0YSI6IjExMTkxIiwiaWRQYXJ0aWRvIjoiODEyNTYiLCJwZXN0YW5hIjoiMyJ9/minuto-a-minuto-pumas-vs-america-jornada-13-estadio-la-cantera', 'text': ''}","{'type': 'link', 'href': 'https://www.ligafemenil.mx/cancha/informeArbitral/81256/eyJpZERpdmlzaW9uIjoiMTQiLCJpZFRlbXBvcmFkYSI6IjY4IiwiaWRUb3JuZW8iOiIxIiwiaWRDbHVibG9jYWwiOiIxMTE4OCIsImlkQ2x1YnZpc2l0YSI6IjExMTkxIn0=/informe-arbitral-pumas-vs-america-jornada-13-estadio-la-cantera', 'text': ''}","{'type': 'link', 'href': 'https://www.ligafemenil.mx/cancha/mxm/81256/eyJpZERpdmlzaW9uIjoiMTQiLCJpZFRlbXBvcmFkYSI6IjY4IiwiaWRUb3JuZW8iOiIxIiwiaWRDbHVibG9jYWwiOiIxMTE4OCIsImlkQ2x1YnZpc2l0YSI6IjExMTkxIiwiaWRQYXJ0aWRvIjoiODEyNTYiLCJwZXN0YW5hIjoiNCJ9/minuto-a-minuto-pumas-vs-america-jornada-13-estadio-la-cantera', 'text': ''}","{'type': 'link', 'href': 'https://www.ligafemenil.mx/cancha/galeria/ODEyNTYvMTMvNjgvMS8xNA==/pumas-vs-america', 'text': ''}","{'type': 'link', 'href': 'https://www.ligafemenil.mx/cancha/playlist/81256/pumas-vs-america', 'text': ''}"
2017-2018,Apertura,"{'type': 'text', 'value': 'Sábado 21 de Octubre de 2017\nTemporada 2017-2018\nTorneo Apertura\nJornada 13\n21 Octubre 2017 - 16:00 hrs.'}","{'type': 'link', 'href': 'https://www.ligafemenil.mx/cancha/club/11180/tijuana', 'text': ''}","{'type': 'link', 'href': 'https://www.ligafemenil.mx/cancha/informeArbitral/81257/eyJpZERpdmlzaW9uIjoiMTQiLCJpZFRlbXBvcmFkYSI6IjY4IiwiaWRUb3JuZW8iOiIxIiwiaWRDbHVibG9jYWwiOjExMTgwLCJpZENsdWJ2aXNpdGEiOjExMTg3fQ==/informe-arbitral-tijuana-vs-toluca-jornada-13-estadio-caliente', 'text': '2 - 2'}","{'type': 'link', 'href': 'https://www.ligafemenil.mx/cancha/club/11187/toluca', 'text': ''}","{'type': 'link', 'href': 'https://www.ligafemenil.mx/cancha/estadio/48/estadio-caliente', 'text': 'Caliente'}","{'type': 'link', 'href': 'https://www.ligafemenil.mx/cancha/mxm/81257/eyJpZERpdmlzaW9uIjoiMTQiLCJpZFRlbXBvcmFkYSI6IjY4IiwiaWRUb3JuZW8iOiIxIiwiaWRDbHVibG9jYWwiOiIxMTE4MCIsImlkQ2x1YnZpc2l0YSI6IjExMTg3IiwiaWRQYXJ0aWRvIjoiODEyNTciLCJwZXN0YW5hIjoiMSJ9/minuto-a-minuto-tijuana-vs-toluca-jornada-13-estadio-caliente', 'text': ''}","{'type': 'link', 'href': 'https://www.ligafemenil.mx/cancha/mxm/81257/eyJpZERpdmlzaW9uIjoiMTQiLCJpZFRlbXBvcmFkYSI6IjY4IiwiaWRUb3JuZW8iOiIxIiwiaWRDbHVibG9jYWwiOiIxMTE4MCIsImlkQ2x1YnZpc2l0YSI6IjExMTg3IiwiaWRQYXJ0aWRvIjoiODEyNTciLCJwZXN0YW5hIjoiMyJ9/minuto-a-minuto-tijuana-vs-toluca-jornada-13-estadio-caliente', 'text': ''}","{'type': 'link', 'href': 'https://www.ligafemenil.mx/cancha/informeArbitral/81257/eyJpZERpdmlzaW9uIjoiMTQiLCJpZFRlbXBvcmFkYSI6IjY4IiwiaWRUb3JuZW8iOiIxIiwiaWRDbHVibG9jYWwiOiIxMTE4MCIsImlkQ2x1YnZpc2l0YSI6IjExMTg3In0=/informe-arbitral-tijuana-vs-toluca-jornada-13-estadio-caliente', 'text': ''}","{'type': 'link', 'href': 'https://www.ligafemenil.mx/cancha/mxm/81257/eyJpZERpdmlzaW9uIjoiMTQiLCJpZFRlbXBvcmFkYSI6IjY4IiwiaWRUb3JuZW8iOiIxIiwiaWRDbHVibG9jYWwiOiIxMTE4MCIsImlkQ2x1YnZpc2l0YSI6IjExMTg3IiwiaWRQYXJ0aWRvIjoiODEyNTciLCJwZXN0YW5hIjoiNCJ9/minuto-a-minuto-tijuana-vs-toluca-jornada-13-estadio-caliente', 'text': ''}","{'type': 'link', 'href': 'https://www.ligafemenil.mx/cancha/galeria/ODEyNTcvMTMvNjgvMS8xNA==/tijuana-vs-toluca', 'text': ''}","{'type': 'link', 'href': 'https://www.ligafemenil.mx/cancha/playlist/81257/tijuana-vs-toluca', 'text': ''}"
2017-2018,Apertura,"{'type': 'text', 'value': 'Sábado 21 de Octubre de 2017\nTemporada 2017-2018\nTorneo Apertura\nJornada 13\n21 Octubre 2017 - 21:05 hrs.'}","{'type': 'link', 'href': 'https://www.ligafemenil.mx/cancha/club/11186/tigres-de-la-uanl', 'text': ''}","{'type': 'link', 'href': 'https://www.ligafemenil.mx/cancha/informeArbitral/81254/eyJpZERpdmlzaW9uIjoiMTQiLCJpZFRlbXBvcmFkYSI6IjY4IiwiaWRUb3JuZW8iOiIxIiwiaWRDbHVibG9jYWwiOjExMTg2LCJpZENsdWJ2aXNpdGEiOjExMTg1fQ==/informe-arbitral-tigres-de-la-uanl-vs-rayados-de-monterrey-jornada-13-estadio-universitario', 'text': '4 - 1'}","{'type': 'link', 'href': 'https://www.ligafemenil.mx/cancha/club/11185/rayados-de-monterrey', 'text': ''}","{'type': 'link', 'href': 'https://www.ligafemenil.mx/cancha/estadio/12/estadio-universitario', 'text': 'Universitario'}","{'type': 'link', 'href': 'https://www.ligafemenil.mx/cancha/mxm/81254/eyJpZERpdmlzaW9uIjoiMTQiLCJpZFRlbXBvcmFkYSI6IjY4IiwiaWRUb3JuZW8iOiIxIiwiaWRDbHVibG9jYWwiOiIxMTE4NiIsImlkQ2x1YnZpc2l0YSI6IjExMTg1IiwiaWRQYXJ0aWRvIjoiODEyNTQiLCJwZXN0YW5hIjoiMSJ9/minuto-a-minuto-tigres-de-la-uanl-vs-rayados-de-monterrey-jornada-13-estadio-universitario', 'text': ''}","{'type': 'link', 'href': 'https://www.ligafemenil.mx/cancha/mxm/81254/eyJpZERpdmlzaW9uIjoiMTQiLCJpZFRlbXBvcmFkYSI6IjY4IiwiaWRUb3JuZW8iOiIxIiwiaWRDbHVibG9jYWwiOiIxMTE4NiIsImlkQ2x1YnZpc2l0YSI6IjExMTg1IiwiaWRQYXJ0aWRvIjoiODEyNTQiLCJwZXN0YW5hIjoiMyJ9/minuto-a-minuto-tigres-de-la-uanl-vs-rayados-de-monterrey-jornada-13-estadio-universitario', 'text': ''}","{'type': 'link', 'href': 'https://www.ligafemenil.mx/cancha/informeArbitral/81254/eyJpZERpdmlzaW9uIjoiMTQiLCJpZFRlbXBvcmFkYSI6IjY4IiwiaWRUb3JuZW8iOiIxIiwiaWRDbHVibG9jYWwiOiIxMTE4NiIsImlkQ2x1YnZpc2l0YSI6IjExMTg1In0=/informe-arbitral-tigres-de-la-uanl-vs-rayados-de-monterrey-jornada-13-estadio-universitario', 'text': ''}","{'type': 'link', 'href': 'https://www.ligafemenil.mx/cancha/mxm/81254/eyJpZERpdmlzaW9uIjoiMTQiLCJpZFRlbXBvcmFkYSI6IjY4IiwiaWRUb3JuZW8iOiIxIiwiaWRDbHVibG9jYWwiOiIxMTE4NiIsImlkQ2x1YnZpc2l0YSI6IjExMTg1IiwiaWRQYXJ0aWRvIjoiODEyNTQiLCJwZXN0YW5hIjoiNCJ9/minuto-a-minuto-tigres-de-la-uanl-vs-rayados-de-monterrey-jornada-13-estadio-universitario', 'text': ''}","{'type': 'link', 'href': 'https://www.ligafemenil.mx/cancha/galeria/ODEyNTQvMTMvNjgvMS8xNA==/tigres-de-la-uanl-vs-rayados-de-monterrey', 'text': ''}","{'type': 'link', 'href': 'https://www.ligafemenil.mx/cancha/playlist/81254/tigres-de-la-uanl-vs-rayados-de-monterrey', 'text': ''}"
2017-2018,Apertura,"{'type': 'text', 'value': 'Lunes 23 de Octubre de 2017\nTemporada 2017-2018\nTorneo Apertura\nJornada 13\n23 Octubre 2017 - 19:00 hrs.'}","{'type': 'link', 'href': 'https://www.ligafemenil.mx/cancha/club/11184/pachuca', 'text': ''}","{'type': 'link', 'href': 'https://www.ligafemenil.mx/cancha/informeArbitral/81250/eyJpZERpdmlzaW9uIjoiMTQiLCJpZFRlbXBvcmFkYSI6IjY4IiwiaWRUb3JuZW8iOiIxIiwiaWRDbHVibG9jYWwiOjExMTg0LCJpZENsdWJ2aXNpdGEiOjExMTgzfQ==/informe-arbitral-pachuca-vs-m-morelia-jornada-13-estadio-hidalgo', 'text': '4 - 1'}","{'type': 'link', 'href': 'https://www.ligafemenil.mx/cancha/club/11183/m-morelia', 'text': ''}","{'type': 'link', 'href': 'https://www.ligafemenil.mx/cancha/estadio/11/estadio-hidalgo', 'text': 'Hidalgo'}","{'type': 'link', 'href': 'https://www.ligafemenil.mx/cancha/mxm/81250/eyJpZERpdmlzaW9uIjoiMTQiLCJpZFRlbXBvcmFkYSI6IjY4IiwiaWRUb3JuZW8iOiIxIiwiaWRDbHVibG9jYWwiOiIxMTE4NCIsImlkQ2x1YnZpc2l0YSI6IjExMTgzIiwiaWRQYXJ0aWRvIjoiODEyNTAiLCJwZXN0YW5hIjoiMSJ9/minuto-a-minuto-pachuca-vs-m-morelia-jornada-13-estadio-hidalgo', 'text': ''}","{'type': 'link', 'href': 'https://www.ligafemenil.mx/cancha/mxm/81250/eyJpZERpdmlzaW9uIjoiMTQiLCJpZFRlbXBvcmFkYSI6IjY4IiwiaWRUb3JuZW8iOiIxIiwiaWRDbHVibG9jYWwiOiIxMTE4NCIsImlkQ2x1YnZpc2l0YSI6IjExMTgzIiwiaWRQYXJ0aWRvIjoiODEyNTAiLCJwZXN0YW5hIjoiMyJ9/minuto-a-minuto-pachuca-vs-m-morelia-jornada-13-estadio-hidalgo', 'text': ''}","{'type': 'link', 'href': 'https://www.ligafemenil.mx/cancha/informeArbitral/81250/eyJpZERpdmlzaW9uIjoiMTQiLCJpZFRlbXBvcmFkYSI6IjY4IiwiaWRUb3JuZW8iOiIxIiwiaWRDbHVibG9jYWwiOiIxMTE4NCIsImlkQ2x1YnZpc2l0YSI6IjExMTgzIn0=/informe-arbitral-pachuca-vs-m-morelia-jornada-13-estadio-hidalgo', 'text': ''}","{'type': 'link', 'href': 'https://www.ligafemenil.mx/cancha/mxm/81250/eyJpZERpdmlzaW9uIjoiMTQiLCJpZFRlbXBvcmFkYSI6IjY4IiwiaWRUb3JuZW8iOiIxIiwiaWRDbHVibG9jYWwiOiIxMTE4NCIsImlkQ2x1YnZpc2l0YSI6IjExMTgzIiwiaWRQYXJ0aWRvIjoiODEyNTAiLCJwZXN0YW5hIjoiNCJ9/minuto-a-minuto-pachuca-vs-m-morelia-jornada-13-estadio-hidalgo', 'text': ''}","{'type': 'link', 'href': 'https://www.ligafemenil.mx/cancha/galeria/ODEyNTAvMTMvNjgvMS8xNA==/pachuca-vs-m-morelia', 'text': ''}","{'type': 'link', 'href': 'https://www.ligafemenil.mx/cancha/playlist/81250/pachuca-vs-m-morelia', 'text': ''}"
2017-2018,Apertura,"{'type': 'text', 'value': 'Viernes 27 de Octubre de 2017\nTemporada 2017-2018\nTorneo Apertura\nJornada 14\n27 Octubre 2017 - 12:00 hrs.'}","{'type': 'link', 'href': 'https://www.ligafemenil.mx/cancha/club/11187/toluca', 'text': ''}","{'type': 'link', 'href': 'https://www.ligafemenil.mx/cancha/informeArbitral/81258/eyJpZERpdmlzaW9uIjoiMTQiLCJpZFRlbXBvcmFkYSI6IjY4IiwiaWRUb3JuZW8iOiIxIiwiaWRDbHVibG9jYWwiOjExMTg3LCJpZENsdWJ2aXNpdGEiOjExMTg0fQ==/informe-arbitral-toluca-vs-pachuca-jornada-14-estadio-instalaciones-metepec-cancha-1-natural', 'text': '4 - 0'}","{'type': 'link', 'href': 'https://www.ligafemenil.mx/cancha/club/11184/pachuca', 'text': ''}","{'type': 'link', 'href': 'https://www.ligafemenil.mx/cancha/estadio/33/estadio-instalaciones-metepec-cancha-1-natural', 'text': 'Instalaciones Metepec Cancha 1 Natural'}","{'type': 'link', 'href': 'https://www.ligafemenil.mx/cancha/mxm/81258/eyJpZERpdmlzaW9uIjoiMTQiLCJpZFRlbXBvcmFkYSI6IjY4IiwiaWRUb3JuZW8iOiIxIiwiaWRDbHVibG9jYWwiOiIxMTE4NyIsImlkQ2x1YnZpc2l0YSI6IjExMTg0IiwiaWRQYXJ0aWRvIjoiODEyNTgiLCJwZXN0YW5hIjoiMSJ9/minuto-a-minuto-toluca-vs-pachuca-jornada-14-estadio-instalaciones-metepec-cancha-1-natural', 'text': ''}","{'type': 'link', 'href': 'https://www.ligafemenil.mx/cancha/mxm/81258/eyJpZERpdmlzaW9uIjoiMTQiLCJpZFRlbXBvcmFkYSI6IjY4IiwiaWRUb3JuZW8iOiIxIiwiaWRDbHVibG9jYWwiOiIxMTE4NyIsImlkQ2x1YnZpc2l0YSI6IjExMTg0IiwiaWRQYXJ0aWRvIjoiODEyNTgiLCJwZXN0YW5hIjoiMyJ9/minuto-a-minuto-toluca-vs-pachuca-jornada-14-estadio-instalaciones-metepec-cancha-1-natural', 'text': ''}","{'type': 'link', 'href': 'https://www.ligafemenil.mx/cancha/informeArbitral/81258/eyJpZERpdmlzaW9uIjoiMTQiLCJpZFRlbXBvcmFkYSI6IjY4IiwiaWRUb3JuZW8iOiIxIiwiaWRDbHVibG9jYWwiOiIxMTE4NyIsImlkQ2x1YnZpc2l0YSI6IjExMTg0In0=/informe-arbitral-toluca-vs-pachuca-jornada-14-estadio-instalaciones-metepec-cancha-1-natural', 'text': ''}","{'type': 'link', 'href': 'https://www.ligafemenil.mx/cancha/mxm/81258/eyJpZERpdmlzaW9uIjoiMTQiLCJpZFRlbXBvcmFkYSI6IjY4IiwiaWRUb3JuZW8iOiIxIiwiaWRDbHVibG9jYWwiOiIxMTE4NyIsImlkQ2x1YnZpc2l0YSI6IjExMTg0IiwiaWRQYXJ0aWRvIjoiODEyNTgiLCJwZXN0YW5hIjoiNCJ9/minuto-a-minuto-toluca-vs-pachuca-jornada-14-estadio-instalaciones-metepec-cancha-1-natural', 'text': ''}","{'type': 'link', 'href': 'https://www.ligafemenil.mx/cancha/galeria/ODEyNTgvMTQvNjgvMS8xNA==/toluca-vs-pachuca', 'text': ''}","{'type': 'link', 'href': 'https://www.ligafemenil.mx/cancha/playlist/81258/toluca-vs-pachuca', 'text': ''}"
2017-2018,Apertura,"{'type': 'text', 'value': 'Viernes 27 de Octubre de 2017\nTemporada 2017-2018\nTorneo Apertura\nJornada 14\n27 Octubre 2017 - 16:00 hrs.'}","{'type': 'link', 'href': 'https://www.ligafemenil.mx/cancha/club/11181/cruz-azul', 'text': ''}","{'type': 'link', 'href': 'https://www.ligafemenil.mx/cancha/informeArbitral/81259/eyJpZERpdmlzaW9uIjoiMTQiLCJpZFRlbXBvcmFkYSI6IjY4IiwiaWRUb3JuZW8iOiIxIiwiaWRDbHVibG9jYWwiOjExMTgxLCJpZENsdWJ2aXNpdGEiOjExMTgwfQ==/informe-arbitral-cruz-azul-vs-tijuana-jornada-14-estadio-instalaciones-la-noria-cancha-3-sintetica', 'text': '0 - 1'}","{'type': 'link', 'href': 'https://www.ligafemenil.mx/cancha/club/11180/tijuana', 'text': ''}","{'type': 'link', 'href': 'https://www.ligafemenil.mx/cancha/estadio/67/estadio-instalaciones-la-noria-cancha-3-sintetica', 'text': 'Instalaciones la Noria Cancha 3 (Sintética)'}","{'type': 'link', 'href': 'https://www.ligafemenil.mx/cancha/mxm/81259/eyJpZERpdmlzaW9uIjoiMTQiLCJpZFRlbXBvcmFkYSI6IjY4IiwiaWRUb3JuZW8iOiIxIiwiaWRDbHVibG9jYWwiOiIxMTE4MSIsImlkQ2x1YnZpc2l0YSI6IjExMTgwIiwiaWRQYXJ0aWRvIjoiODEyNTkiLCJwZXN0YW5hIjoiMSJ9/minuto-a-minuto-cruz-azul-vs-tijuana-jornada-14-estadio-instalaciones-la-noria-cancha-3-sintetica', 'text': ''}","{'type': 'link', 'href': 'https://www.ligafemenil.mx/cancha/mxm/81259/eyJpZERpdmlzaW9uIjoiMTQiLCJpZFRlbXBvcmFkYSI6IjY4IiwiaWRUb3JuZW8iOiIxIiwiaWRDbHVibG9jYWwiOiIxMTE4MSIsImlkQ2x1YnZpc2l0YSI6IjExMTgwIiwiaWRQYXJ0aWRvIjoiODEyNTkiLCJwZXN0YW5hIjoiMyJ9/minuto-a-minuto-cruz-azul-vs-tijuana-jornada-14-estadio-instalaciones-la-noria-cancha-3-sintetica', 'text': ''}","{'type': 'link', 'href': 'https://www.ligafemenil.mx/cancha/informeArbitral/81259/eyJpZERpdmlzaW9uIjoiMTQiLCJpZFRlbXBvcmFkYSI6IjY4IiwiaWRUb3JuZW8iOiIxIiwiaWRDbHVibG9jYWwiOiIxMTE4MSIsImlkQ2x1YnZpc2l0YSI6IjExMTgwIn0=/informe-arbitral-cruz-azul-vs-tijuana-jornada-14-estadio-instalaciones-la-noria-cancha-3-sintetica', 'text': ''}","{'type': 'link', 'href': 'https://www.ligafemenil.mx/cancha/mxm/81259/eyJpZERpdmlzaW9uIjoiMTQiLCJpZFRlbXBvcmFkYSI6IjY4IiwiaWRUb3JuZW8iOiIxIiwiaWRDbHVibG9jYWwiOiIxMTE4MSIsImlkQ2x1YnZpc2l0YSI6IjExMTgwIiwiaWRQYXJ0aWRvIjoiODEyNTkiLCJwZXN0YW5hIjoiNCJ9/minuto-a-minuto-cruz-azul-vs-tijuana-jornada-14-estadio-instalaciones-la-noria-cancha-3-sintetica', 'text': ''}","{'type': 'link', 'href': 'https://www.ligafemenil.mx/cancha/galeria/ODEyNTkvMTQvNjgvMS8xNA==/cruz-azul-vs-tijuana', 'text': ''}","{'type': 'link', 'href': 'https://www.ligafemenil.mx/cancha/playlist/81259/cruz-azul-vs-tijuana', 'text': ''}"
2017-2018,Apertura,"{'type': 'text', 'value': 'Viernes 27 de Octubre de 2017\nTemporada 2017-2018\nTorneo Apertura\nJornada 14\n27 Octubre 2017 - 16:00 hrs.'}","{'type': 'link', 'href': 'https://www.ligafemenil.mx/cancha/club/11189/necaxa', 'text': ''}","{'type': 'link', 'href': 'https://www.ligafemenil.mx/cancha/informeArbitral/81260/eyJpZERpdmlzaW9uIjoiMTQiLCJpZFRlbXBvcmFkYSI6IjY4IiwiaWRUb3JuZW8iOiIxIiwiaWRDbHVibG9jYWwiOjExMTg5LCJpZENsdWJ2aXNpdGEiOjExMTg2fQ==/informe-arbitral-necaxa-vs-tigres-de-la-uanl-jornada-14-estadio-instalaciones-casa-club-necaxa-cancha-5-sintetica', 'text': '0 - 1'}","{'type': 'link', 'href': 'https://www.ligafemenil.mx/cancha/club/11186/tigres-de-la-uanl', 'text': ''}","{'type': 'link', 'href': 'https://www.ligafemenil.mx/cancha/estadio/622/estadio-instalaciones-casa-club-necaxa-cancha-5-sintetica', 'text': 'Instalaciones Casa Club Necaxa Cancha 5 Sintética'}","{'type': 'link', 'href': 'https://www.ligafemenil.mx/cancha/mxm/81260/eyJpZERpdmlzaW9uIjoiMTQiLCJpZFRlbXBvcmFkYSI6IjY4IiwiaWRUb3JuZW8iOiIxIiwiaWRDbHVibG9jYWwiOiIxMTE4OSIsImlkQ2x1YnZpc2l0YSI6IjExMTg2IiwiaWRQYXJ0aWRvIjoiODEyNjAiLCJwZXN0YW5hIjoiMSJ9/minuto-a-minuto-necaxa-vs-tigres-de-la-uanl-jornada-14-estadio-instalaciones-casa-club-necaxa-cancha-5-sintetica', 'text': ''}","{'type': 'link', 'href': 'https://www.ligafemenil.mx/cancha/mxm/81260/eyJpZERpdmlzaW9uIjoiMTQiLCJpZFRlbXBvcmFkYSI6IjY4IiwiaWRUb3JuZW8iOiIxIiwiaWRDbHVibG9jYWwiOiIxMTE4OSIsImlkQ2x1YnZpc2l0YSI6IjExMTg2IiwiaWRQYXJ0aWRvIjoiODEyNjAiLCJwZXN0YW5hIjoiMyJ9/minuto-a-minuto-necaxa-vs-tigres-de-la-uanl-jornada-14-estadio-instalaciones-casa-club-necaxa-cancha-5-sintetica', 'text': ''}","{'type': 'link', 'href': 'https://www.ligafemenil.mx/cancha/informeArbitral/81260/eyJpZERpdmlzaW9uIjoiMTQiLCJpZFRlbXBvcmFkYSI6IjY4IiwiaWRUb3JuZW8iOiIxIiwiaWRDbHVibG9jYWwiOiIxMTE4OSIsImlkQ2x1YnZpc2l0YSI6IjExMTg2In0=/informe-arbitral-necaxa-vs-tigres-de-la-uanl-jornada-14-estadio-instalaciones-casa-club-necaxa-cancha-5-sintetica', 'text': ''}","{'type': 'link', 'href': 'https://www.ligafemenil.mx/cancha/mxm/81260/eyJpZERpdmlzaW9uIjoiMTQiLCJpZFRlbXBvcmFkYSI6IjY4IiwiaWRUb3JuZW8iOiIxIiwiaWRDbHVibG9jYWwiOiIxMTE4OSIsImlkQ2x1YnZpc2l0YSI6IjExMTg2IiwiaWRQYXJ0aWRvIjoiODEyNjAiLCJwZXN0YW5hIjoiNCJ9/minuto-a-minuto-necaxa-vs-tigres-de-la-uanl-jornada-14-estadio-instalaciones-casa-club-necaxa-cancha-5-sintetica', 'text': ''}","{'type': 'link', 'href': 'https://www.ligafemenil.mx/cancha/galeria/ODEyNjAvMTQvNjgvMS8xNA==/necaxa-vs-tigres-de-la-uanl', 'text': ''}","{'type': 'link', 'href': 'https://www.ligafemenil.mx/cancha/playlist/81260/necaxa-vs-tigres-de-la-uanl', 'text': ''}"
2017-2018,Apertura,"{'type': 'text', 'value': 'Sábado 28 de Octubre de 2017\nTemporada 2017-2018\nTorneo Apertura\nJornada 14\n28 Octubre 2017 - 11:00 hrs.'}","{'type': 'link', 'href': 'https://www.ligafemenil.mx/cancha/club/11244/queretaro', 'text': ''}","{'type': 'link', 'href': 'https://www.ligafemenil.mx/cancha/informeArbitral/81262/eyJpZERpdmlzaW9uIjoiMTQiLCJpZFRlbXBvcmFkYSI6IjY4IiwiaWRUb3JuZW8iOiIxIiwiaWRDbHVibG9jYWwiOjExMjQ0LCJpZENsdWJ2aXNpdGEiOjExMjQ1fQ==/informe-arbitral-queretaro-vs-atlas-jornada-14-estadio-la-corregidora', 'text': '4 - 2'}","{'type': 'link', 'href': 'https://www.ligafemenil.mx/cancha/club/11245/atlas', 'text': ''}","{'type': 'link', 'href': 'https://www.ligafemenil.mx/cancha/estadio/25/estadio-la-corregidora', 'text': 'La Corregidora'}","{'type': 'link', 'href': 'https://www.ligafemenil.mx/cancha/mxm/81262/eyJpZERpdmlzaW9uIjoiMTQiLCJpZFRlbXBvcmFkYSI6IjY4IiwiaWRUb3JuZW8iOiIxIiwiaWRDbHVibG9jYWwiOiIxMTI0NCIsImlkQ2x1YnZpc2l0YSI6IjExMjQ1IiwiaWRQYXJ0aWRvIjoiODEyNjIiLCJwZXN0YW5hIjoiMSJ9/minuto-a-minuto-queretaro-vs-atlas-jornada-14-estadio-la-corregidora', 'text': ''}","{'type': 'link', 'href': 'https://www.ligafemenil.mx/cancha/mxm/81262/eyJpZERpdmlzaW9uIjoiMTQiLCJpZFRlbXBvcmFkYSI6IjY4IiwiaWRUb3JuZW8iOiIxIiwiaWRDbHVibG9jYWwiOiIxMTI0NCIsImlkQ2x1YnZpc2l0YSI6IjExMjQ1IiwiaWRQYXJ0aWRvIjoiODEyNjIiLCJwZXN0YW5hIjoiMyJ9/minuto-a-minuto-queretaro-vs-atlas-jornada-14-estadio-la-corregidora', 'text': ''}","{'type': 'link', 'href': 'https://www.ligafemenil.mx/cancha/informeArbitral/81262/eyJpZERpdmlzaW9uIjoiMTQiLCJpZFRlbXBvcmFkYSI6IjY4IiwiaWRUb3JuZW8iOiIxIiwiaWRDbHVibG9jYWwiOiIxMTI0NCIsImlkQ2x1YnZpc2l0YSI6IjExMjQ1In0=/informe-arbitral-queretaro-vs-atlas-jornada-14-estadio-la-corregidora', 'text': ''}","{'type': 'link', 'href': 'https://www.ligafemenil.mx/cancha/mxm/81262/eyJpZERpdmlzaW9uIjoiMTQiLCJpZFRlbXBvcmFkYSI6IjY4IiwiaWRUb3JuZW8iOiIxIiwiaWRDbHVibG9jYWwiOiIxMTI0NCIsImlkQ2x1YnZpc2l0YSI6IjExMjQ1IiwiaWRQYXJ0aWRvIjoiODEyNjIiLCJwZXN0YW5hIjoiNCJ9/minuto-a-minuto-queretaro-vs-atlas-jornada-14-estadio-la-corregidora', 'text': ''}","{'type': 'link', 'href': 'https://www.ligafemenil.mx/cancha/galeria/ODEyNjIvMTQvNjgvMS8xNA==/queretaro-vs-atlas', 'text': ''}","{'type': 'link', 'href': 'https://www.ligafemenil.mx/cancha/playlist/81262/queretaro-vs-atlas', 'text': ''}"
2017-2018,Apertura,"{'type': 'text', 'value': 'Sábado 28 de Octubre de 2017\nTemporada 2017-2018\nTorneo Apertura\nJornada 14\n28 Octubre 2017 - 11:00 hrs.'}","{'type': 'link', 'href': 'https://www.ligafemenil.mx/cancha/club/11185/rayados-de-monterrey', 'text': ''}","{'type': 'link', 'href': 'https://www.ligafemenil.mx/cancha/informeArbitral/81265/eyJpZERpdmlzaW9uIjoiMTQiLCJpZFRlbXBvcmFkYSI6IjY4IiwiaWRUb3JuZW8iOiIxIiwiaWRDbHVibG9jYWwiOjExMTg1LCJpZENsdWJ2aXNpdGEiOjExMTkyfQ==/informe-arbitral-rayados-de-monterrey-vs-santos-laguna-jornada-14-estadio-el-barrial', 'text': '7 - 0'}","{'type': 'link', 'href': 'https://www.ligafemenil.mx/cancha/club/11192/santos-laguna', 'text': ''}","{'type': 'link', 'href': 'https://www.ligafemenil.mx/cancha/estadio/675/estadio-el-barrial', 'text': 'El Barrial'}","{'type': 'link', 'href': 'https://www.ligafemenil.mx/cancha/mxm/81265/eyJpZERpdmlzaW9uIjoiMTQiLCJpZFRlbXBvcmFkYSI6IjY4IiwiaWRUb3JuZW8iOiIxIiwiaWRDbHVibG9jYWwiOiIxMTE4NSIsImlkQ2x1YnZpc2l0YSI6IjExMTkyIiwiaWRQYXJ0aWRvIjoiODEyNjUiLCJwZXN0YW5hIjoiMSJ9/minuto-a-minuto-rayados-de-monterrey-vs-santos-laguna-jornada-14-estadio-el-barrial', 'text': ''}","{'type': 'link', 'href': 'https://www.ligafemenil.mx/cancha/mxm/81265/eyJpZERpdmlzaW9uIjoiMTQiLCJpZFRlbXBvcmFkYSI6IjY4IiwiaWRUb3JuZW8iOiIxIiwiaWRDbHVibG9jYWwiOiIxMTE4NSIsImlkQ2x1YnZpc2l0YSI6IjExMTkyIiwiaWRQYXJ0aWRvIjoiODEyNjUiLCJwZXN0YW5hIjoiMyJ9/minuto-a-minuto-rayados-de-monterrey-vs-santos-laguna-jornada-14-estadio-el-barrial', 'text': ''}","{'type': 'link', 'href': 'https://www.ligafemenil.mx/cancha/informeArbitral/81265/eyJpZERpdmlzaW9uIjoiMTQiLCJpZFRlbXBvcmFkYSI6IjY4IiwiaWRUb3JuZW8iOiIxIiwiaWRDbHVibG9jYWwiOiIxMTE4NSIsImlkQ2x1YnZpc2l0YSI6IjExMTkyIn0=/informe-arbitral-rayados-de-monterrey-vs-santos-laguna-jornada-14-estadio-el-barrial', 'text': ''}","{'type': 'link', 'href': 'https://www.ligafemenil.mx/cancha/mxm/81265/eyJpZERpdmlzaW9uIjoiMTQiLCJpZFRlbXBvcmFkYSI6IjY4IiwiaWRUb3JuZW8iOiIxIiwiaWRDbHVibG9jYWwiOiIxMTE4NSIsImlkQ2x1YnZpc2l0YSI6IjExMTkyIiwiaWRQYXJ0aWRvIjoiODEyNjUiLCJwZXN0YW5hIjoiNCJ9/minuto-a-minuto-rayados-de-monterrey-vs-santos-laguna-jornada-14-estadio-el-barrial', 'text': ''}","{'type': 'link', 'href': 'https://www.ligafemenil.mx/cancha/galeria/ODEyNjUvMTQvNjgvMS8xNA==/rayados-de-monterrey-vs-santos-laguna', 'text': ''}","{'type': 'link', 'href': 'https://www.ligafemenil.mx/cancha/playlist/81265/rayados-de-monterrey-vs-santos-laguna', 'text': ''}"
2017-2018,Apertura,"{'type': 'text', 'value': 'Sábado 28 de Octubre de 2017\nTemporada 2017-2018\nTorneo Apertura\nJornada 14\n28 Octubre 2017 - 12:30 hrs.'}","{'type': 'link', 'href': 'https://www.ligafemenil.mx/cancha/club/11183/m-morelia', 'text': ''}","{'type': 'link', 'href': 'https://www.ligafemenil.mx/cancha/informeArbitral/81263/eyJpZERpdmlzaW9uIjoiMTQiLCJpZFRlbXBvcmFkYSI6IjY4IiwiaWRUb3JuZW8iOiIxIiwiaWRDbHVibG9jYWwiOjExMTgzLCJpZENsdWJ2aXNpdGEiOjExMTg4fQ==/informe-arbitral-m-morelia-vs-pumas-jornada-14-estadio-jose-maria-morelos-y-pavon', 'text': '0 - 0'}","{'type': 'link', 'href': 'https://www.ligafemenil.mx/cancha/club/11188/pumas', 'text': ''}","{'type': 'link', 'href': 'https://www.ligafemenil.mx/cancha/estadio/10/estadio-jose-maria-morelos-y-pavon', 'text': 'José María Morelos y Pavón'}","{'type': 'link', 'href': 'https://www.ligafemenil.mx/cancha/mxm/81263/eyJpZERpdmlzaW9uIjoiMTQiLCJpZFRlbXBvcmFkYSI6IjY4IiwiaWRUb3JuZW8iOiIxIiwiaWRDbHVibG9jYWwiOiIxMTE4MyIsImlkQ2x1YnZpc2l0YSI6IjExMTg4IiwiaWRQYXJ0aWRvIjoiODEyNjMiLCJwZXN0YW5hIjoiMSJ9/minuto-a-minuto-m-morelia-vs-pumas-jornada-14-estadio-jose-maria-morelos-y-pavon', 'text': ''}","{'type': 'link', 'href': 'https://www.ligafemenil.mx/cancha/mxm/81263/eyJpZERpdmlzaW9uIjoiMTQiLCJpZFRlbXBvcmFkYSI6IjY4IiwiaWRUb3JuZW8iOiIxIiwiaWRDbHVibG9jYWwiOiIxMTE4MyIsImlkQ2x1YnZpc2l0YSI6IjExMTg4IiwiaWRQYXJ0aWRvIjoiODEyNjMiLCJwZXN0YW5hIjoiMyJ9/minuto-a-minuto-m-morelia-vs-pumas-jornada-14-estadio-jose-maria-morelos-y-pavon', 'text': ''}","{'type': 'link', 'href': 'https://www.ligafemenil.mx/cancha/informeArbitral/81263/eyJpZERpdmlzaW9uIjoiMTQiLCJpZFRlbXBvcmFkYSI6IjY4IiwiaWRUb3JuZW8iOiIxIiwiaWRDbHVibG9jYWwiOiIxMTE4MyIsImlkQ2x1YnZpc2l0YSI6IjExMTg4In0=/informe-arbitral-m-morelia-vs-pumas-jornada-14-estadio-jose-maria-morelos-y-pavon', 'text': ''}","{'type': 'link', 'href': 'https://www.ligafemenil.mx/cancha/mxm/81263/eyJpZERpdmlzaW9uIjoiMTQiLCJpZFRlbXBvcmFkYSI6IjY4IiwiaWRUb3JuZW8iOiIxIiwiaWRDbHVibG9jYWwiOiIxMTE4MyIsImlkQ2x1YnZpc2l0YSI6IjExMTg4IiwiaWRQYXJ0aWRvIjoiODEyNjMiLCJwZXN0YW5hIjoiNCJ9/minuto-a-minuto-m-morelia-vs-pumas-jornada-14-estadio-jose-maria-morelos-y-pavon', 'text': ''}","{'type': 'link', 'href': 'https://www.ligafemenil.mx/cancha/galeria/ODEyNjMvMTQvNjgvMS8xNA==/m-morelia-vs-pumas', 'text': ''}","{'type': 'link', 'href': 'https://www.ligafemenil.mx/cancha/playlist/81263/m-morelia-vs-pumas', 'text': ''}"
2017-2018,Apertura,"{'type': 'text', 'value': 'Sábado 28 de Octubre de 2017\nTemporada 2017-2018\nTorneo Apertura\nJornada 14\n28 Octubre 2017 - 16:00 hrs.'}","{'type': 'link', 'href': 'https://www.ligafemenil.mx/cancha/club/11191/america', 'text': ''}","{'type': 'link', 'href': 'https://www.ligafemenil.mx/cancha/informeArbitral/81264/eyJpZERpdmlzaW9uIjoiMTQiLCJpZFRlbXBvcmFkYSI6IjY4IiwiaWRUb3JuZW8iOiIxIiwiaWRDbHVibG9jYWwiOjExMTkxLCJpZENsdWJ2aXNpdGEiOjExMjQyfQ==/informe-arbitral-america-vs-veracruz-jornada-14-estadio-instalaciones-club-america-coapa', 'text': '3 - 1'}","{'type': 'link', 'href': 'https://www.ligafemenil.mx/cancha/club/11242/veracruz', 'text': ''}","{'type': 'link', 'href': 'https://www.ligafemenil.mx/cancha/estadio/32/estadio-instalaciones-club-america-coapa', 'text': 'Instalaciones Club América Coapa'}","{'type': 'link', 'href': 'https://www.ligafemenil.mx/cancha/mxm/81264/eyJpZERpdmlzaW9uIjoiMTQiLCJpZFRlbXBvcmFkYSI6IjY4IiwiaWRUb3JuZW8iOiIxIiwiaWRDbHVibG9jYWwiOiIxMTE5MSIsImlkQ2x1YnZpc2l0YSI6IjExMjQyIiwiaWRQYXJ0aWRvIjoiODEyNjQiLCJwZXN0YW5hIjoiMSJ9/minuto-a-minuto-america-vs-veracruz-jornada-14-estadio-instalaciones-club-america-coapa', 'text': ''}","{'type': 'link', 'href': 'https://www.ligafemenil.mx/cancha/mxm/81264/eyJpZERpdmlzaW9uIjoiMTQiLCJpZFRlbXBvcmFkYSI6IjY4IiwiaWRUb3JuZW8iOiIxIiwiaWRDbHVibG9jYWwiOiIxMTE5MSIsImlkQ2x1YnZpc2l0YSI6IjExMjQyIiwiaWRQYXJ0aWRvIjoiODEyNjQiLCJwZXN0YW5hIjoiMyJ9/minuto-a-minuto-america-vs-veracruz-jornada-14-estadio-instalaciones-club-america-coapa', 'text': ''}","{'type': 'link', 'href': 'https://www.ligafemenil.mx/cancha/informeArbitral/81264/eyJpZERpdmlzaW9uIjoiMTQiLCJpZFRlbXBvcmFkYSI6IjY4IiwiaWRUb3JuZW8iOiIxIiwiaWRDbHVibG9jYWwiOiIxMTE5MSIsImlkQ2x1YnZpc2l0YSI6IjExMjQyIn0=/informe-arbitral-america-vs-veracruz-jornada-14-estadio-instalaciones-club-america-coapa', 'text': ''}","{'type': 'link', 'href': 'https://www.ligafemenil.mx/cancha/mxm/81264/eyJpZERpdmlzaW9uIjoiMTQiLCJpZFRlbXBvcmFkYSI6IjY4IiwiaWRUb3JuZW8iOiIxIiwiaWRDbHVibG9jYWwiOiIxMTE5MSIsImlkQ2x1YnZpc2l0YSI6IjExMjQyIiwiaWRQYXJ0aWRvIjoiODEyNjQiLCJwZXN0YW5hIjoiNCJ9/minuto-a-minuto-america-vs-veracruz-jornada-14-estadio-instalaciones-club-america-coapa', 'text': ''}","{'type': 'link', 'href': 'https://www.ligafemenil.mx/cancha/galeria/ODEyNjQvMTQvNjgvMS8xNA==/america-vs-veracruz', 'text': ''}","{'type': 'link', 'href': 'https://www.ligafemenil.mx/cancha/playlist/81264/america-vs-veracruz', 'text': ''}"
2017-2018,Apertura,"{'type': 'text', 'value': 'Domingo 29 de Octubre de 2017\nTemporada 2017-2018\nTorneo Apertura\nJornada 14\n29 Octubre 2017 - 12:00 hrs.'}","{'type': 'link', 'href': 'https://www.ligafemenil.mx/cancha/club/11182/guadalajara', 'text': ''}","{'type': 'link', 'href': 'https://www.ligafemenil.mx/cancha/informeArbitral/81261/eyJpZERpdmlzaW9uIjoiMTQiLCJpZFRlbXBvcmFkYSI6IjY4IiwiaWRUb3JuZW8iOiIxIiwiaWRDbHVibG9jYWwiOjExMTgyLCJpZENsdWJ2aXNpdGEiOjExMjQzfQ==/informe-arbitral-guadalajara-vs-leon-jornada-14-estadio-verde-valle', 'text': '4 - 0'}","{'type': 'link', 'href': 'https://www.ligafemenil.mx/cancha/club/11243/leon', 'text': ''}","{'type': 'link', 'href': 'https://www.ligafemenil.mx/cancha/estadio/36/estadio-verde-valle', 'text': 'Verde Valle'}","{'type': 'link', 'href': 'https://www.ligafemenil.mx/cancha/mxm/81261/eyJpZERpdmlzaW9uIjoiMTQiLCJpZFRlbXBvcmFkYSI6IjY4IiwiaWRUb3JuZW8iOiIxIiwiaWRDbHVibG9jYWwiOiIxMTE4MiIsImlkQ2x1YnZpc2l0YSI6IjExMjQzIiwiaWRQYXJ0aWRvIjoiODEyNjEiLCJwZXN0YW5hIjoiMSJ9/minuto-a-minuto-guadalajara-vs-leon-jornada-14-estadio-verde-valle', 'text': ''}","{'type': 'link', 'href': 'https://www.ligafemenil.mx/cancha/mxm/81261/eyJpZERpdmlzaW9uIjoiMTQiLCJpZFRlbXBvcmFkYSI6IjY4IiwiaWRUb3JuZW8iOiIxIiwiaWRDbHVibG9jYWwiOiIxMTE4MiIsImlkQ2x1YnZpc2l0YSI6IjExMjQzIiwiaWRQYXJ0aWRvIjoiODEyNjEiLCJwZXN0YW5hIjoiMyJ9/minuto-a-minuto-guadalajara-vs-leon-jornada-14-estadio-verde-valle', 'text': ''}","{'type': 'link', 'href': 'https://www.ligafemenil.mx/cancha/informeArbitral/81261/eyJpZERpdmlzaW9uIjoiMTQiLCJpZFRlbXBvcmFkYSI6IjY4IiwiaWRUb3JuZW8iOiIxIiwiaWRDbHVibG9jYWwiOiIxMTE4MiIsImlkQ2x1YnZpc2l0YSI6IjExMjQzIn0=/informe-arbitral-guadalajara-vs-leon-jornada-14-estadio-verde-valle', 'text': ''}","{'type': 'link', 'href': 'https://www.ligafemenil.mx/cancha/mxm/81261/eyJpZERpdmlzaW9uIjoiMTQiLCJpZFRlbXBvcmFkYSI6IjY4IiwiaWRUb3JuZW8iOiIxIiwiaWRDbHVibG9jYWwiOiIxMTE4MiIsImlkQ2x1YnZpc2l0YSI6IjExMjQzIiwiaWRQYXJ0aWRvIjoiODEyNjEiLCJwZXN0YW5hIjoiNCJ9/minuto-a-minuto-guadalajara-vs-leon-jornada-14-estadio-verde-valle', 'text': ''}","{'type': 'link', 'href': 'https://www.ligafemenil.mx/cancha/galeria/ODEyNjEvMTQvNjgvMS8xNA==/guadalajara-vs-leon', 'text': ''}","{'type': 'link', 'href': 'https://www.ligafemenil.mx/cancha/playlist/81261/guadalajara-vs-leon', 'text': ''}"
2017-2018,Apertura,"{'type': 'text', 'value': 'Sábado 4 de Noviembre de 2017\nTemporada 2017-2018\nTorneo Apertura\nSemifinal Ida\n4 Noviembre 2017 - 16:30 hrs.'}","{'type': 'link', 'href': 'https://www.ligafemenil.mx/cancha/club/11182/guadalajara', 'text': ''}","{'type': 'link', 'href': 'https://www.ligafemenil.mx/cancha/informeArbitral/87356/eyJpZERpdmlzaW9uIjoiMTQiLCJpZFRlbXBvcmFkYSI6IjY4IiwiaWRUb3JuZW8iOiIxIiwiaWRDbHVibG9jYWwiOjExMTgyLCJpZENsdWJ2aXNpdGEiOjExMTkxfQ==/informe-arbitral-guadalajara-vs-america-semifinal-ida-estadio-chivas', 'text': '4 - 2'}","{'type': 'link', 'href': 'https://www.ligafemenil.mx/cancha/club/11191/america', 'text': ''}","{'type': 'link', 'href': 'https://www.ligafemenil.mx/cancha/estadio/1337/estadio-chivas', 'text': 'Estadio Chivas'}","{'type': 'link', 'href': 'https://www.ligafemenil.mx/cancha/mxm/87356/eyJpZERpdmlzaW9uIjoiMTQiLCJpZFRlbXBvcmFkYSI6IjY4IiwiaWRUb3JuZW8iOiIxIiwiaWRDbHVibG9jYWwiOiIxMTE4MiIsImlkQ2x1YnZpc2l0YSI6IjExMTkxIiwiaWRQYXJ0aWRvIjoiODczNTYiLCJwZXN0YW5hIjoiMSJ9/minuto-a-minuto-guadalajara-vs-america-semifinal-ida-estadio-chivas', 'text': ''}","{'type': 'link', 'href': 'https://www.ligafemenil.mx/cancha/mxm/87356/eyJpZERpdmlzaW9uIjoiMTQiLCJpZFRlbXBvcmFkYSI6IjY4IiwiaWRUb3JuZW8iOiIxIiwiaWRDbHVibG9jYWwiOiIxMTE4MiIsImlkQ2x1YnZpc2l0YSI6IjExMTkxIiwiaWRQYXJ0aWRvIjoiODczNTYiLCJwZXN0YW5hIjoiMyJ9/minuto-a-minuto-guadalajara-vs-america-semifinal-ida-estadio-chivas', 'text': ''}","{'type': 'link', 'href': 'https://www.ligafemenil.mx/cancha/informeArbitral/87356/eyJpZERpdmlzaW9uIjoiMTQiLCJpZFRlbXBvcmFkYSI6IjY4IiwiaWRUb3JuZW8iOiIxIiwiaWRDbHVibG9jYWwiOiIxMTE4MiIsImlkQ2x1YnZpc2l0YSI6IjExMTkxIn0=/informe-arbitral-guadalajara-vs-america-semifinal-ida-estadio-chivas', 'text': ''}","{'type': 'link', 'href': 'https://www.ligafemenil.mx/cancha/mxm/87356/eyJpZERpdmlzaW9uIjoiMTQiLCJpZFRlbXBvcmFkYSI6IjY4IiwiaWRUb3JuZW8iOiIxIiwiaWRDbHVibG9jYWwiOiIxMTE4MiIsImlkQ2x1YnZpc2l0YSI6IjExMTkxIiwiaWRQYXJ0aWRvIjoiODczNTYiLCJwZXN0YW5hIjoiNCJ9/minuto-a-minuto-guadalajara-vs-america-semifinal-ida-estadio-chivas', 'text': ''}","{'type': 'link', 'href': 'https://www.ligafemenil.mx/cancha/galeria/ODczNTYvMTUvNjgvMS8xNA==/guadalajara-vs-america', 'text': ''}","{'type': 'link', 'href': 'https://www.ligafemenil.mx/cancha/playlist/87356/guadalajara-vs-america', 'text': ''}"
2017-2018,Apertura,"{'type': 'text', 'value': 'Lunes 6 de Noviembre de 2017\nTemporada 2017-2018\nTorneo Apertura\nSemifinal Ida\n6 Noviembre 2017 - 21:00 hrs.'}","{'type': 'link', 'href': 'https://www.ligafemenil.mx/cancha/club/11184/pachuca', 'text': ''}","{'type': 'link', 'href': 'https://www.ligafemenil.mx/cancha/informeArbitral/87357/eyJpZERpdmlzaW9uIjoiMTQiLCJpZFRlbXBvcmFkYSI6IjY4IiwiaWRUb3JuZW8iOiIxIiwiaWRDbHVibG9jYWwiOjExMTg0LCJpZENsdWJ2aXNpdGEiOjExMTg2fQ==/informe-arbitral-pachuca-vs-tigres-de-la-uanl-semifinal-ida-estadio-hidalgo', 'text': '4 - 0'}","{'type': 'link', 'href': 'https://www.ligafemenil.mx/cancha/club/11186/tigres-de-la-uanl', 'text': ''}","{'type': 'link', 'href': 'https://www.ligafemenil.mx/cancha/estadio/11/estadio-hidalgo', 'text': 'Hidalgo'}","{'type': 'link', 'href': 'https://www.ligafemenil.mx/cancha/mxm/87357/eyJpZERpdmlzaW9uIjoiMTQiLCJpZFRlbXBvcmFkYSI6IjY4IiwiaWRUb3JuZW8iOiIxIiwiaWRDbHVibG9jYWwiOiIxMTE4NCIsImlkQ2x1YnZpc2l0YSI6IjExMTg2IiwiaWRQYXJ0aWRvIjoiODczNTciLCJwZXN0YW5hIjoiMSJ9/minuto-a-minuto-pachuca-vs-tigres-de-la-uanl-semifinal-ida-estadio-hidalgo', 'text': ''}","{'type': 'link', 'href': 'https://www.ligafemenil.mx/cancha/mxm/87357/eyJpZERpdmlzaW9uIjoiMTQiLCJpZFRlbXBvcmFkYSI6IjY4IiwiaWRUb3JuZW8iOiIxIiwiaWRDbHVibG9jYWwiOiIxMTE4NCIsImlkQ2x1YnZpc2l0YSI6IjExMTg2IiwiaWRQYXJ0aWRvIjoiODczNTciLCJwZXN0YW5hIjoiMyJ9/minuto-a-minuto-pachuca-vs-tigres-de-la-uanl-semifinal-ida-estadio-hidalgo', 'text': ''}","{'type': 'link', 'href': 'https://www.ligafemenil.mx/cancha/informeArbitral/87357/eyJpZERpdmlzaW9uIjoiMTQiLCJpZFRlbXBvcmFkYSI6IjY4IiwiaWRUb3JuZW8iOiIxIiwiaWRDbHVibG9jYWwiOiIxMTE4NCIsImlkQ2x1YnZpc2l0YSI6IjExMTg2In0=/informe-arbitral-pachuca-vs-tigres-de-la-uanl-semifinal-ida-estadio-hidalgo', 'text': ''}","{'type': 'link', 'href': 'https://www.ligafemenil.mx/cancha/mxm/87357/eyJpZERpdmlzaW9uIjoiMTQiLCJpZFRlbXBvcmFkYSI6IjY4IiwiaWRUb3JuZW8iOiIxIiwiaWRDbHVibG9jYWwiOiIxMTE4NCIsImlkQ2x1YnZpc2l0YSI6IjExMTg2IiwiaWRQYXJ0aWRvIjoiODczNTciLCJwZXN0YW5hIjoiNCJ9/minuto-a-minuto-pachuca-vs-tigres-de-la-uanl-semifinal-ida-estadio-hidalgo', 'text': ''}","{'type': 'link', 'href': 'https://www.ligafemenil.mx/cancha/galeria/ODczNTcvMTUvNjgvMS8xNA==/pachuca-vs-tigres-de-la-uanl', 'text': ''}","{'type': 'link', 'href': 'https://www.ligafemenil.mx/cancha/playlist/87357/pachuca-vs-tigres-de-la-uanl', 'text': ''}"
2017-2018,Apertura,"{'type': 'text', 'value': 'Sábado 11 de Noviembre de 2017\nTemporada 2017-2018\nTorneo Apertura\nSemifinal Vuelta\n11 Noviembre 2017 - 16:00 hrs.'}","{'type': 'link', 'href': 'https://www.ligafemenil.mx/cancha/club/11191/america', 'text': ''}","{'type': 'link', 'href': 'https://www.ligafemenil.mx/cancha/informeArbitral/87358/eyJpZERpdmlzaW9uIjoiMTQiLCJpZFRlbXBvcmFkYSI6IjY4IiwiaWRUb3JuZW8iOiIxIiwiaWRDbHVibG9jYWwiOjExMTkxLCJpZENsdWJ2aXNpdGEiOjExMTgyfQ==/informe-arbitral-america-vs-guadalajara-semifinal-vuelta-estadio-azteca', 'text': '2 - 2'}","{'type': 'link', 'href': 'https://www.ligafemenil.mx/cancha/club/11182/guadalajara', 'text': ''}","{'type': 'link', 'href': 'https://www.ligafemenil.mx/cancha/estadio/1/estadio-azteca', 'text': 'Azteca'}","{'type': 'link', 'href': 'https://www.ligafemenil.mx/cancha/mxm/87358/eyJpZERpdmlzaW9uIjoiMTQiLCJpZFRlbXBvcmFkYSI6IjY4IiwiaWRUb3JuZW8iOiIxIiwiaWRDbHVibG9jYWwiOiIxMTE5MSIsImlkQ2x1YnZpc2l0YSI6IjExMTgyIiwiaWRQYXJ0aWRvIjoiODczNTgiLCJwZXN0YW5hIjoiMSJ9/minuto-a-minuto-america-vs-guadalajara-semifinal-vuelta-estadio-azteca', 'text': ''}","{'type': 'link', 'href': 'https://www.ligafemenil.mx/cancha/mxm/87358/eyJpZERpdmlzaW9uIjoiMTQiLCJpZFRlbXBvcmFkYSI6IjY4IiwiaWRUb3JuZW8iOiIxIiwiaWRDbHVibG9jYWwiOiIxMTE5MSIsImlkQ2x1YnZpc2l0YSI6IjExMTgyIiwiaWRQYXJ0aWRvIjoiODczNTgiLCJwZXN0YW5hIjoiMyJ9/minuto-a-minuto-america-vs-guadalajara-semifinal-vuelta-estadio-azteca', 'text': ''}","{'type': 'link', 'href': 'https://www.ligafemenil.mx/cancha/informeArbitral/87358/eyJpZERpdmlzaW9uIjoiMTQiLCJpZFRlbXBvcmFkYSI6IjY4IiwiaWRUb3JuZW8iOiIxIiwiaWRDbHVibG9jYWwiOiIxMTE5MSIsImlkQ2x1YnZpc2l0YSI6IjExMTgyIn0=/informe-arbitral-america-vs-guadalajara-semifinal-vuelta-estadio-azteca', 'text': ''}","{'type': 'link', 'href': 'https://www.ligafemenil.mx/cancha/mxm/87358/eyJpZERpdmlzaW9uIjoiMTQiLCJpZFRlbXBvcmFkYSI6IjY4IiwiaWRUb3JuZW8iOiIxIiwiaWRDbHVibG9jYWwiOiIxMTE5MSIsImlkQ2x1YnZpc2l0YSI6IjExMTgyIiwiaWRQYXJ0aWRvIjoiODczNTgiLCJwZXN0YW5hIjoiNCJ9/minuto-a-minuto-america-vs-guadalajara-semifinal-vuelta-estadio-azteca', 'text': ''}","{'type': 'link', 'href': 'https://www.ligafemenil.mx/cancha/galeria/ODczNTgvMTYvNjgvMS8xNA==/america-vs-guadalajara', 'text': ''}","{'type': 'link', 'href': 'https://www.ligafemenil.mx/cancha/playlist/87358/america-vs-guadalajara', 'text': ''}"
2017-2018,Apertura,"{'type': 'text', 'value': 'Sábado 11 de Noviembre de 2017\nTemporada 2017-2018\nTorneo Apertura\nSemifinal Vuelta\n11 Noviembre 2017 - 19:00 hrs.'}","{'type': 'link', 'href': 'https://www.ligafemenil.mx/cancha/club/11186/tigres-de-la-uanl', 'text': ''}","{'type': 'link', 'href': 'https://www.ligafemenil.mx/cancha/informeArbitral/87359/eyJpZERpdmlzaW9uIjoiMTQiLCJpZFRlbXBvcmFkYSI6IjY4IiwiaWRUb3JuZW8iOiIxIiwiaWRDbHVibG9jYWwiOjExMTg2LCJpZENsdWJ2aXNpdGEiOjExMTg0fQ==/informe-arbitral-tigres-de-la-uanl-vs-pachuca-semifinal-vuelta-estadio-universitario', 'text': '3 - 0'}","{'type': 'link', 'href': 'https://www.ligafemenil.mx/cancha/club/11184/pachuca', 'text': ''}","{'type': 'link', 'href': 'https://www.ligafemenil.mx/cancha/estadio/12/estadio-universitario', 'text': 'Universitario'}","{'type': 'link', 'href': 'https://www.ligafemenil.mx/cancha/mxm/87359/eyJpZERpdmlzaW9uIjoiMTQiLCJpZFRlbXBvcmFkYSI6IjY4IiwiaWRUb3JuZW8iOiIxIiwiaWRDbHVibG9jYWwiOiIxMTE4NiIsImlkQ2x1YnZpc2l0YSI6IjExMTg0IiwiaWRQYXJ0aWRvIjoiODczNTkiLCJwZXN0YW5hIjoiMSJ9/minuto-a-minuto-tigres-de-la-uanl-vs-pachuca-semifinal-vuelta-estadio-universitario', 'text': ''}","{'type': 'link', 'href': 'https://www.ligafemenil.mx/cancha/mxm/87359/eyJpZERpdmlzaW9uIjoiMTQiLCJpZFRlbXBvcmFkYSI6IjY4IiwiaWRUb3JuZW8iOiIxIiwiaWRDbHVibG9jYWwiOiIxMTE4NiIsImlkQ2x1YnZpc2l0YSI6IjExMTg0IiwiaWRQYXJ0aWRvIjoiODczNTkiLCJwZXN0YW5hIjoiMyJ9/minuto-a-minuto-tigres-de-la-uanl-vs-pachuca-semifinal-vuelta-estadio-universitario', 'text': ''}","{'type': 'link', 'href': 'https://www.ligafemenil.mx/cancha/informeArbitral/87359/eyJpZERpdmlzaW9uIjoiMTQiLCJpZFRlbXBvcmFkYSI6IjY4IiwiaWRUb3JuZW8iOiIxIiwiaWRDbHVibG9jYWwiOiIxMTE4NiIsImlkQ2x1YnZpc2l0YSI6IjExMTg0In0=/informe-arbitral-tigres-de-la-uanl-vs-pachuca-semifinal-vuelta-estadio-universitario', 'text': ''}","{'type': 'link', 'href': 'https://www.ligafemenil.mx/cancha/mxm/87359/eyJpZERpdmlzaW9uIjoiMTQiLCJpZFRlbXBvcmFkYSI6IjY4IiwiaWRUb3JuZW8iOiIxIiwiaWRDbHVibG9jYWwiOiIxMTE4NiIsImlkQ2x1YnZpc2l0YSI6IjExMTg0IiwiaWRQYXJ0aWRvIjoiODczNTkiLCJwZXN0YW5hIjoiNCJ9/minuto-a-minuto-tigres-de-la-uanl-vs-pachuca-semifinal-vuelta-estadio-universitario', 'text': ''}","{'type': 'link', 'href': 'https://www.ligafemenil.mx/cancha/galeria/ODczNTkvMTYvNjgvMS8xNA==/tigres-de-la-uanl-vs-pachuca', 'text': ''}","{'type': 'link', 'href': 'https://www.ligafemenil.mx/cancha/playlist/87359/tigres-de-la-uanl-vs-pachuca', 'text': ''}"
2017-2018,Apertura,"{'type': 'text', 'value': 'Lunes 20 de Noviembre de 2017\nTemporada 2017-2018\nTorneo Apertura\nFinal Ida\n20 Noviembre 2017 - 21:06 hrs.'}","{'type': 'link', 'href': 'https://www.ligafemenil.mx/cancha/club/11184/pachuca', 'text': ''}","{'type': 'link', 'href': 'https://www.ligafemenil.mx/cancha/informeArbitral/87422/eyJpZERpdmlzaW9uIjoiMTQiLCJpZFRlbXBvcmFkYSI6IjY4IiwiaWRUb3JuZW8iOiIxIiwiaWRDbHVibG9jYWwiOjExMTg0LCJpZENsdWJ2aXNpdGEiOjExMTgyfQ==/informe-arbitral-pachuca-vs-guadalajara-final-ida-estadio-hidalgo-fox-sports', 'text': '2 - 0'}","{'type': 'link', 'href': 'https://www.ligafemenil.mx/cancha/club/11182/guadalajara', 'text': ''}","{'type': 'link', 'href': 'https://www.ligafemenil.mx/cancha/estadio/11/estadio-hidalgo', 'text': 'Hidalgo'}","{'type': 'link', 'href': 'https://www.ligafemenil.mx/cancha/mxm/87422/eyJpZERpdmlzaW9uIjoiMTQiLCJpZFRlbXBvcmFkYSI6IjY4IiwiaWRUb3JuZW8iOiIxIiwiaWRDbHVibG9jYWwiOiIxMTE4NCIsImlkQ2x1YnZpc2l0YSI6IjExMTgyIiwiaWRQYXJ0aWRvIjoiODc0MjIiLCJwZXN0YW5hIjoiMSJ9/minuto-a-minuto-pachuca-vs-guadalajara-final-ida-estadio-hidalgo-fox-sports', 'text': ''}","{'type': 'link', 'href': 'https://www.ligafemenil.mx/cancha/mxm/87422/eyJpZERpdmlzaW9uIjoiMTQiLCJpZFRlbXBvcmFkYSI6IjY4IiwiaWRUb3JuZW8iOiIxIiwiaWRDbHVibG9jYWwiOiIxMTE4NCIsImlkQ2x1YnZpc2l0YSI6IjExMTgyIiwiaWRQYXJ0aWRvIjoiODc0MjIiLCJwZXN0YW5hIjoiMyJ9/minuto-a-minuto-pachuca-vs-guadalajara-final-ida-estadio-hidalgo-fox-sports', 'text': ''}","{'type': 'link', 'href': 'https://www.ligafemenil.mx/cancha/informeArbitral/87422/eyJpZERpdmlzaW9uIjoiMTQiLCJpZFRlbXBvcmFkYSI6IjY4IiwiaWRUb3JuZW8iOiIxIiwiaWRDbHVibG9jYWwiOiIxMTE4NCIsImlkQ2x1YnZpc2l0YSI6IjExMTgyIn0=/informe-arbitral-pachuca-vs-guadalajara-final-ida-estadio-hidalgo-fox-sports', 'text': ''}","{'type': 'link', 'href': 'https://www.ligafemenil.mx/cancha/mxm/87422/eyJpZERpdmlzaW9uIjoiMTQiLCJpZFRlbXBvcmFkYSI6IjY4IiwiaWRUb3JuZW8iOiIxIiwiaWRDbHVibG9jYWwiOiIxMTE4NCIsImlkQ2x1YnZpc2l0YSI6IjExMTgyIiwiaWRQYXJ0aWRvIjoiODc0MjIiLCJwZXN0YW5hIjoiNCJ9/minuto-a-minuto-pachuca-vs-guadalajara-final-ida-estadio-hidalgo-fox-sports', 'text': ''}","{'type': 'link', 'href': 'https://www.ligafemenil.mx/cancha/galeria/ODc0MjIvMTcvNjgvMS8xNA==/pachuca-vs-guadalajara', 'text': ''}","{'type': 'link', 'href': 'https://www.ligafemenil.mx/cancha/playlist/87422/pachuca-vs-guadalajara', 'text': ''}"
2017-2018,Apertura,"{'type': 'text', 'value': 'Viernes 24 de Noviembre de 2017\nTemporada 2017-2018\nTorneo Apertura\nFinal Vuelta\n24 Noviembre 2017 - 20:06 hrs.'}","{'type': 'link', 'href': 'https://www.ligafemenil.mx/cancha/club/11182/guadalajara', 'text': ''}","{'type': 'link', 'href': 'https://www.ligafemenil.mx/cancha/informeArbitral/87423/eyJpZERpdmlzaW9uIjoiMTQiLCJpZFRlbXBvcmFkYSI6IjY4IiwiaWRUb3JuZW8iOiIxIiwiaWRDbHVibG9jYWwiOjExMTgyLCJpZENsdWJ2aXNpdGEiOjExMTg0fQ==/informe-arbitral-guadalajara-vs-pachuca-final-vuelta-estadio-chivas-fox-sports', 'text': '3 - 0'}","{'type': 'link', 'href': 'https://www.ligafemenil.mx/cancha/club/11184/pachuca', 'text': ''}","{'type': 'link', 'href': 'https://www.ligafemenil.mx/cancha/estadio/1337/estadio-chivas', 'text': 'Estadio Chivas'}","{'type': 'link', 'href': 'https://www.ligafemenil.mx/cancha/mxm/87423/eyJpZERpdmlzaW9uIjoiMTQiLCJpZFRlbXBvcmFkYSI6IjY4IiwiaWRUb3JuZW8iOiIxIiwiaWRDbHVibG9jYWwiOiIxMTE4MiIsImlkQ2x1YnZpc2l0YSI6IjExMTg0IiwiaWRQYXJ0aWRvIjoiODc0MjMiLCJwZXN0YW5hIjoiMSJ9/minuto-a-minuto-guadalajara-vs-pachuca-final-vuelta-estadio-chivas-fox-sports', 'text': ''}","{'type': 'link', 'href': 'https://www.ligafemenil.mx/cancha/mxm/87423/eyJpZERpdmlzaW9uIjoiMTQiLCJpZFRlbXBvcmFkYSI6IjY4IiwiaWRUb3JuZW8iOiIxIiwiaWRDbHVibG9jYWwiOiIxMTE4MiIsImlkQ2x1YnZpc2l0YSI6IjExMTg0IiwiaWRQYXJ0aWRvIjoiODc0MjMiLCJwZXN0YW5hIjoiMyJ9/minuto-a-minuto-guadalajara-vs-pachuca-final-vuelta-estadio-chivas-fox-sports', 'text': ''}","{'type': 'link', 'href': 'https://www.ligafemenil.mx/cancha/informeArbitral/87423/eyJpZERpdmlzaW9uIjoiMTQiLCJpZFRlbXBvcmFkYSI6IjY4IiwiaWRUb3JuZW8iOiIxIiwiaWRDbHVibG9jYWwiOiIxMTE4MiIsImlkQ2x1YnZpc2l0YSI6IjExMTg0In0=/informe-arbitral-guadalajara-vs-pachuca-final-vuelta-estadio-chivas-fox-sports', 'text': ''}","{'type': 'link', 'href': 'https://www.ligafemenil.mx/cancha/mxm/87423/eyJpZERpdmlzaW9uIjoiMTQiLCJpZFRlbXBvcmFkYSI6IjY4IiwiaWRUb3JuZW8iOiIxIiwiaWRDbHVibG9jYWwiOiIxMTE4MiIsImlkQ2x1YnZpc2l0YSI6IjExMTg0IiwiaWRQYXJ0aWRvIjoiODc0MjMiLCJwZXN0YW5hIjoiNCJ9/minuto-a-minuto-guadalajara-vs-pachuca-final-vuelta-estadio-chivas-fox-sports', 'text': ''}","{'type': 'link', 'href': 'https://www.ligafemenil.mx/cancha/galeria/ODc0MjMvMTgvNjgvMS8xNA==/guadalajara-vs-pachuca', 'text': ''}","{'type': 'link', 'href': 'https://www.ligafemenil.mx/cancha/playlist/87423/guadalajara-vs-pachuca', 'text': ''}"
