Temporada,Torneo,Columna_3,Columna_4,Columna_5,Columna_6,Columna_7,Columna_8,Columna_9,Columna_10,Columna_11,Columna_12,Columna_13
2024-2025,Clausura,"{'type': 'text', 'value': 'Viernes 3 de Enero de 2025\nTemporada 2024-2025\nTorneo Clausura\nJornada 1\n3 Enero 2025 - 19:00 hrs.'}","{'type': 'link', 'href': 'https://www.ligafemenil.mx/cancha/club/11245/atlas', 'text': ''}","{'type': 'link', 'href': 'https://www.ligafemenil.mx/cancha/informeArbitral/144853/eyJpZENsdWJsb2NhbCI6MTEyNDUsImlkQ2x1YnZpc2l0YSI6MTExOTJ9/informe-arbitral-atlas-vs-santos-laguna-jornada-1-estadio-jalisco-calientemx', 'text': '1 - 3'}","{'type': 'link', 'href': 'https://www.ligafemenil.mx/cancha/club/11192/santos-laguna', 'text': ''}","{'type': 'link', 'href': 'https://www.ligafemenil.mx/cancha/estadio/5/estadio-jalisco', 'text': 'Jalisco'}","{'type': 'link', 'href': 'https://www.ligafemenil.mx/cancha/mxm/144853/eyJpZENsdWJsb2NhbCI6IjExMjQ1IiwiaWRDbHVidmlzaXRhIjoiMTExOTIiLCJpZFBhcnRpZG8iOiIxNDQ4NTMiLCJwZXN0YW5hIjoiMSJ9/minuto-a-minuto-atlas-vs-santos-laguna-jornada-1-estadio-jalisco-calientemx', 'text': ''}","{'type': 'link', 'href': 'https://www.ligafemenil.mx/cancha/mxm/144853/eyJpZENsdWJsb2NhbCI6IjExMjQ1IiwiaWRDbHVidmlzaXRhIjoiMTExOTIiLCJpZFBhcnRpZG8iOiIxNDQ4NTMiLCJwZXN0YW5hIjoiMyJ9/minuto-a-minuto-atlas-vs-santos-laguna-jornada-1-estadio-jalisco-calientemx', 'text': ''}","{'type': 'link', 'href': 'https://www.ligafemenil.mx/cancha/informeArbitral/144853/eyJpZENsdWJsb2NhbCI6IjExMjQ1IiwiaWRDbHVidmlzaXRhIjoiMTExOTIifQ==/informe-arbitral-atlas-vs-santos-laguna-jornada-1-estadio-jalisco-calientemx', 'text': ''}","{'type': 'link', 'href': 'https://www.ligafemenil.mx/cancha/mxm/144853/eyJpZENsdWJsb2NhbCI6IjExMjQ1IiwiaWRDbHVidmlzaXRhIjoiMTExOTIiLCJpZFBhcnRpZG8iOiIxNDQ4NTMiLCJwZXN0YW5hIjoiNCJ9/minuto-a-minuto-atlas-vs-santos-laguna-jornada-1-estadio-jalisco-calientemx', 'text': ''}","{'type': 'link', 'href': 'https://www.ligafemenil.mx/cancha/galeria/MTQ0ODUzLzEvNzUvMi8xNA==/atlas-vs-santos-laguna', 'text': ''}","{'type': 'link', 'href': 'https://www.ligafemenil.mx/cancha/playlist/144853/atlas-vs-santos-laguna', 'text': ''}"
2024-2025,Clausura,"{'type': 'text', 'value': 'Sábado 4 de Enero de 2025\nTemporada 2024-2025\nTorneo Clausura\nJornada 1\n4 Enero 2025 - 12:00 hrs.'}","{'type': 'link', 'href': 'https://www.ligafemenil.mx/cancha/club/11188/pumas', 'text': ''}","{'type': 'link', 'href': 'https://www.ligafemenil.mx/cancha/informeArbitral/144854/eyJpZENsdWJsb2NhbCI6MTExODgsImlkQ2x1YnZpc2l0YSI6MTE3Nzh9/informe-arbitral-pumas-vs-club-atletico-de-san-luis-jornada-1-estadio-olimpico-universitario-lmxf-tv--vix', 'text': '2 - 0'}","{'type': 'link', 'href': 'https://www.ligafemenil.mx/cancha/club/11778/club-atletico-de-san-luis', 'text': ''}","{'type': 'link', 'href': 'https://www.ligafemenil.mx/cancha/estadio/7/estadio-olimpico-universitario', 'text': 'Olímpico Universitario'}","{'type': 'link', 'href': 'https://www.ligafemenil.mx/cancha/mxm/144854/eyJpZENsdWJsb2NhbCI6IjExMTg4IiwiaWRDbHVidmlzaXRhIjoiMTE3NzgiLCJpZFBhcnRpZG8iOiIxNDQ4NTQiLCJwZXN0YW5hIjoiMSJ9/minuto-a-minuto-pumas-vs-club-atletico-de-san-luis-jornada-1-estadio-olimpico-universitario-lmxf-tv--vix', 'text': ''}","{'type': 'link', 'href': 'https://www.ligafemenil.mx/cancha/mxm/144854/eyJpZENsdWJsb2NhbCI6IjExMTg4IiwiaWRDbHVidmlzaXRhIjoiMTE3NzgiLCJpZFBhcnRpZG8iOiIxNDQ4NTQiLCJwZXN0YW5hIjoiMyJ9/minuto-a-minuto-pumas-vs-club-atletico-de-san-luis-jornada-1-estadio-olimpico-universitario-lmxf-tv--vix', 'text': ''}","{'type': 'link', 'href': 'https://www.ligafemenil.mx/cancha/informeArbitral/144854/eyJpZENsdWJsb2NhbCI6IjExMTg4IiwiaWRDbHVidmlzaXRhIjoiMTE3NzgifQ==/informe-arbitral-pumas-vs-club-atletico-de-san-luis-jornada-1-estadio-olimpico-universitario-lmxf-tv--vix', 'text': ''}","{'type': 'link', 'href': 'https://www.ligafemenil.mx/cancha/mxm/144854/eyJpZENsdWJsb2NhbCI6IjExMTg4IiwiaWRDbHVidmlzaXRhIjoiMTE3NzgiLCJpZFBhcnRpZG8iOiIxNDQ4NTQiLCJwZXN0YW5hIjoiNCJ9/minuto-a-minuto-pumas-vs-club-atletico-de-san-luis-jornada-1-estadio-olimpico-universitario-lmxf-tv--vix', 'text': ''}","{'type': 'link', 'href': 'https://www.ligafemenil.mx/cancha/galeria/MTQ0ODU0LzEvNzUvMi8xNA==/pumas-vs-club-atletico-de-san-luis', 'text': ''}","{'type': 'link', 'href': 'https://www.ligafemenil.mx/cancha/playlist/144854/pumas-vs-club-atletico-de-san-luis', 'text': ''}"
2024-2025,Clausura,"{'type': 'text', 'value': 'Domingo 5 de Enero de 2025\nTemporada 2024-2025\nTorneo Clausura\nJornada 1\n5 Enero 2025 - 19:00 hrs.'}","{'type': 'link', 'href': 'https://www.ligafemenil.mx/cancha/club/11243/leon', 'text': ''}","{'type': 'link', 'href': 'https://www.ligafemenil.mx/cancha/informeArbitral/144859/eyJpZENsdWJsb2NhbCI6MTEyNDMsImlkQ2x1YnZpc2l0YSI6MTExODd9/informe-arbitral-leon-vs-toluca-jornada-1-estadio-nou-camp-fox-sports', 'text': '1 - 1'}","{'type': 'link', 'href': 'https://www.ligafemenil.mx/cancha/club/11187/toluca', 'text': ''}","{'type': 'link', 'href': 'https://www.ligafemenil.mx/cancha/estadio/23/estadio-nou-camp', 'text': 'Nou Camp'}","{'type': 'link', 'href': 'https://www.ligafemenil.mx/cancha/mxm/144859/eyJpZENsdWJsb2NhbCI6IjExMjQzIiwiaWRDbHVidmlzaXRhIjoiMTExODciLCJpZFBhcnRpZG8iOiIxNDQ4NTkiLCJwZXN0YW5hIjoiMSJ9/minuto-a-minuto-leon-vs-toluca-jornada-1-estadio-nou-camp-fox-sports', 'text': ''}","{'type': 'link', 'href': 'https://www.ligafemenil.mx/cancha/mxm/144859/eyJpZENsdWJsb2NhbCI6IjExMjQzIiwiaWRDbHVidmlzaXRhIjoiMTExODciLCJpZFBhcnRpZG8iOiIxNDQ4NTkiLCJwZXN0YW5hIjoiMyJ9/minuto-a-minuto-leon-vs-toluca-jornada-1-estadio-nou-camp-fox-sports', 'text': ''}","{'type': 'link', 'href': 'https://www.ligafemenil.mx/cancha/informeArbitral/144859/eyJpZENsdWJsb2NhbCI6IjExMjQzIiwiaWRDbHVidmlzaXRhIjoiMTExODcifQ==/informe-arbitral-leon-vs-toluca-jornada-1-estadio-nou-camp-fox-sports', 'text': ''}","{'type': 'link', 'href': 'https://www.ligafemenil.mx/cancha/mxm/144859/eyJpZENsdWJsb2NhbCI6IjExMjQzIiwiaWRDbHVidmlzaXRhIjoiMTExODciLCJpZFBhcnRpZG8iOiIxNDQ4NTkiLCJwZXN0YW5hIjoiNCJ9/minuto-a-minuto-leon-vs-toluca-jornada-1-estadio-nou-camp-fox-sports', 'text': ''}","{'type': 'link', 'href': 'https://www.ligafemenil.mx/cancha/galeria/MTQ0ODU5LzEvNzUvMi8xNA==/leon-vs-toluca', 'text': ''}","{'type': 'link', 'href': 'https://www.ligafemenil.mx/cancha/playlist/144859/leon-vs-toluca', 'text': ''}"
2024-2025,Clausura,"{'type': 'text', 'value': 'Domingo 5 de Enero de 2025\nTemporada 2024-2025\nTorneo Clausura\nJornada 1\n5 Enero 2025 - 20:06 hrs.'}","{'type': 'link', 'href': 'https://www.ligafemenil.mx/cancha/club/12051/mazatlan-fc', 'text': ''}","{'type': 'link', 'href': 'https://www.ligafemenil.mx/cancha/informeArbitral/144864/eyJpZENsdWJsb2NhbCI6MTIwNTEsImlkQ2x1YnZpc2l0YSI6MTExODV9/informe-arbitral-mazatlan-fc-vs-rayados-de-monterrey-jornada-1-estadio-el-encanto-fox-sports', 'text': '0 - 7'}","{'type': 'link', 'href': 'https://www.ligafemenil.mx/cancha/club/11185/rayados-de-monterrey', 'text': ''}","{'type': 'link', 'href': 'https://www.ligafemenil.mx/cancha/estadio/1931/estadio-el-encanto', 'text': 'El Encanto'}","{'type': 'link', 'href': 'https://www.ligafemenil.mx/cancha/mxm/144864/eyJpZENsdWJsb2NhbCI6IjEyMDUxIiwiaWRDbHVidmlzaXRhIjoiMTExODUiLCJpZFBhcnRpZG8iOiIxNDQ4NjQiLCJwZXN0YW5hIjoiMSJ9/minuto-a-minuto-mazatlan-fc-vs-rayados-de-monterrey-jornada-1-estadio-el-encanto-fox-sports', 'text': ''}","{'type': 'link', 'href': 'https://www.ligafemenil.mx/cancha/mxm/144864/eyJpZENsdWJsb2NhbCI6IjEyMDUxIiwiaWRDbHVidmlzaXRhIjoiMTExODUiLCJpZFBhcnRpZG8iOiIxNDQ4NjQiLCJwZXN0YW5hIjoiMyJ9/minuto-a-minuto-mazatlan-fc-vs-rayados-de-monterrey-jornada-1-estadio-el-encanto-fox-sports', 'text': ''}","{'type': 'link', 'href': 'https://www.ligafemenil.mx/cancha/informeArbitral/144864/eyJpZENsdWJsb2NhbCI6IjEyMDUxIiwiaWRDbHVidmlzaXRhIjoiMTExODUifQ==/informe-arbitral-mazatlan-fc-vs-rayados-de-monterrey-jornada-1-estadio-el-encanto-fox-sports', 'text': ''}","{'type': 'link', 'href': 'https://www.ligafemenil.mx/cancha/mxm/144864/eyJpZENsdWJsb2NhbCI6IjEyMDUxIiwiaWRDbHVidmlzaXRhIjoiMTExODUiLCJpZFBhcnRpZG8iOiIxNDQ4NjQiLCJwZXN0YW5hIjoiNCJ9/minuto-a-minuto-mazatlan-fc-vs-rayados-de-monterrey-jornada-1-estadio-el-encanto-fox-sports', 'text': ''}","{'type': 'link', 'href': 'https://www.ligafemenil.mx/cancha/galeria/MTQ0ODY0LzEvNzUvMi8xNA==/mazatlan-fc-vs-rayados-de-monterrey', 'text': ''}","{'type': 'link', 'href': 'https://www.ligafemenil.mx/cancha/playlist/144864/mazatlan-fc-vs-rayados-de-monterrey', 'text': ''}"
2024-2025,Clausura,"{'type': 'text', 'value': 'Lunes 6 de Enero de 2025\nTemporada 2024-2025\nTorneo Clausura\nJornada 1\n6 Enero 2025 - 17:00 hrs.'}","{'type': 'link', 'href': 'https://www.ligafemenil.mx/cancha/club/11189/necaxa', 'text': ''}","{'type': 'link', 'href': 'https://www.ligafemenil.mx/cancha/informeArbitral/144867/eyJpZENsdWJsb2NhbCI6MTExODksImlkQ2x1YnZpc2l0YSI6MTExODJ9/informe-arbitral-necaxa-vs-guadalajara-jornada-1-estadio-victoria-lmxf-tv--vix', 'text': '0 - 3'}","{'type': 'link', 'href': 'https://www.ligafemenil.mx/cancha/club/11182/guadalajara', 'text': ''}","{'type': 'link', 'href': 'https://www.ligafemenil.mx/cancha/estadio/15/estadio-victoria', 'text': 'Victoria'}","{'type': 'link', 'href': 'https://www.ligafemenil.mx/cancha/mxm/144867/eyJpZENsdWJsb2NhbCI6IjExMTg5IiwiaWRDbHVidmlzaXRhIjoiMTExODIiLCJpZFBhcnRpZG8iOiIxNDQ4NjciLCJwZXN0YW5hIjoiMSJ9/minuto-a-minuto-necaxa-vs-guadalajara-jornada-1-estadio-victoria-lmxf-tv--vix', 'text': ''}","{'type': 'link', 'href': 'https://www.ligafemenil.mx/cancha/mxm/144867/eyJpZENsdWJsb2NhbCI6IjExMTg5IiwiaWRDbHVidmlzaXRhIjoiMTExODIiLCJpZFBhcnRpZG8iOiIxNDQ4NjciLCJwZXN0YW5hIjoiMyJ9/minuto-a-minuto-necaxa-vs-guadalajara-jornada-1-estadio-victoria-lmxf-tv--vix', 'text': ''}","{'type': 'link', 'href': 'https://www.ligafemenil.mx/cancha/informeArbitral/144867/eyJpZENsdWJsb2NhbCI6IjExMTg5IiwiaWRDbHVidmlzaXRhIjoiMTExODIifQ==/informe-arbitral-necaxa-vs-guadalajara-jornada-1-estadio-victoria-lmxf-tv--vix', 'text': ''}","{'type': 'link', 'href': 'https://www.ligafemenil.mx/cancha/mxm/144867/eyJpZENsdWJsb2NhbCI6IjExMTg5IiwiaWRDbHVidmlzaXRhIjoiMTExODIiLCJpZFBhcnRpZG8iOiIxNDQ4NjciLCJwZXN0YW5hIjoiNCJ9/minuto-a-minuto-necaxa-vs-guadalajara-jornada-1-estadio-victoria-lmxf-tv--vix', 'text': ''}","{'type': 'link', 'href': 'https://www.ligafemenil.mx/cancha/galeria/MTQ0ODY3LzEvNzUvMi8xNA==/necaxa-vs-guadalajara', 'text': ''}","{'type': 'link', 'href': 'https://www.ligafemenil.mx/cancha/playlist/144867/necaxa-vs-guadalajara', 'text': ''}"
2024-2025,Clausura,"{'type': 'text', 'value': 'Lunes 6 de Enero de 2025\nTemporada 2024-2025\nTorneo Clausura\nJornada 1\n6 Enero 2025 - 17:00 hrs.'}","{'type': 'link', 'href': 'https://www.ligafemenil.mx/cancha/club/12042/gallos-blancos-de-queretaro', 'text': ''}","{'type': 'link', 'href': 'https://www.ligafemenil.mx/cancha/informeArbitral/144852/eyJpZENsdWJsb2NhbCI6MTIwNDIsImlkQ2x1YnZpc2l0YSI6MTExODR9/informe-arbitral-gallos-blancos-de-queretaro-vs-pachuca-jornada-1-estadio-la-corregidora-calientemx', 'text': '1 - 7'}","{'type': 'link', 'href': 'https://www.ligafemenil.mx/cancha/club/11184/pachuca', 'text': ''}","{'type': 'link', 'href': 'https://www.ligafemenil.mx/cancha/estadio/25/estadio-la-corregidora', 'text': 'La Corregidora'}","{'type': 'link', 'href': 'https://www.ligafemenil.mx/cancha/mxm/144852/eyJpZENsdWJsb2NhbCI6IjEyMDQyIiwiaWRDbHVidmlzaXRhIjoiMTExODQiLCJpZFBhcnRpZG8iOiIxNDQ4NTIiLCJwZXN0YW5hIjoiMSJ9/minuto-a-minuto-gallos-blancos-de-queretaro-vs-pachuca-jornada-1-estadio-la-corregidora-calientemx', 'text': ''}","{'type': 'link', 'href': 'https://www.ligafemenil.mx/cancha/mxm/144852/eyJpZENsdWJsb2NhbCI6IjEyMDQyIiwiaWRDbHVidmlzaXRhIjoiMTExODQiLCJpZFBhcnRpZG8iOiIxNDQ4NTIiLCJwZXN0YW5hIjoiMyJ9/minuto-a-minuto-gallos-blancos-de-queretaro-vs-pachuca-jornada-1-estadio-la-corregidora-calientemx', 'text': ''}","{'type': 'link', 'href': 'https://www.ligafemenil.mx/cancha/informeArbitral/144852/eyJpZENsdWJsb2NhbCI6IjEyMDQyIiwiaWRDbHVidmlzaXRhIjoiMTExODQifQ==/informe-arbitral-gallos-blancos-de-queretaro-vs-pachuca-jornada-1-estadio-la-corregidora-calientemx', 'text': ''}","{'type': 'link', 'href': 'https://www.ligafemenil.mx/cancha/mxm/144852/eyJpZENsdWJsb2NhbCI6IjEyMDQyIiwiaWRDbHVidmlzaXRhIjoiMTExODQiLCJpZFBhcnRpZG8iOiIxNDQ4NTIiLCJwZXN0YW5hIjoiNCJ9/minuto-a-minuto-gallos-blancos-de-queretaro-vs-pachuca-jornada-1-estadio-la-corregidora-calientemx', 'text': ''}","{'type': 'link', 'href': 'https://www.ligafemenil.mx/cancha/galeria/MTQ0ODUyLzEvNzUvMi8xNA==/gallos-blancos-de-queretaro-vs-pachuca', 'text': ''}","{'type': 'link', 'href': 'https://www.ligafemenil.mx/cancha/playlist/144852/gallos-blancos-de-queretaro-vs-pachuca', 'text': ''}"
2024-2025,Clausura,"{'type': 'text', 'value': 'Lunes 6 de Enero de 2025\nTemporada 2024-2025\nTorneo Clausura\nJornada 1\n6 Enero 2025 - 18:00 hrs.'}","{'type': 'link', 'href': 'https://www.ligafemenil.mx/cancha/club/11795/fc-juarez', 'text': ''}","{'type': 'link', 'href': 'https://www.ligafemenil.mx/cancha/informeArbitral/144872/eyJpZENsdWJsb2NhbCI6MTE3OTUsImlkQ2x1YnZpc2l0YSI6MTE1NDN9/informe-arbitral-fc-juarez-vs-puebla-fc-jornada-1-estadio-olimpico-benito-juarez-youtube', 'text': '3 - 0'}","{'type': 'link', 'href': 'https://www.ligafemenil.mx/cancha/club/11543/puebla-fc', 'text': ''}","{'type': 'link', 'href': 'https://www.ligafemenil.mx/cancha/estadio/17/estadio-olimpico-benito-juarez', 'text': 'Olímpico Benito Juárez'}","{'type': 'link', 'href': 'https://www.ligafemenil.mx/cancha/mxm/144872/eyJpZENsdWJsb2NhbCI6IjExNzk1IiwiaWRDbHVidmlzaXRhIjoiMTE1NDMiLCJpZFBhcnRpZG8iOiIxNDQ4NzIiLCJwZXN0YW5hIjoiMSJ9/minuto-a-minuto-fc-juarez-vs-puebla-fc-jornada-1-estadio-olimpico-benito-juarez-youtube', 'text': ''}","{'type': 'link', 'href': 'https://www.ligafemenil.mx/cancha/mxm/144872/eyJpZENsdWJsb2NhbCI6IjExNzk1IiwiaWRDbHVidmlzaXRhIjoiMTE1NDMiLCJpZFBhcnRpZG8iOiIxNDQ4NzIiLCJwZXN0YW5hIjoiMyJ9/minuto-a-minuto-fc-juarez-vs-puebla-fc-jornada-1-estadio-olimpico-benito-juarez-youtube', 'text': ''}","{'type': 'link', 'href': 'https://www.ligafemenil.mx/cancha/informeArbitral/144872/eyJpZENsdWJsb2NhbCI6IjExNzk1IiwiaWRDbHVidmlzaXRhIjoiMTE1NDMifQ==/informe-arbitral-fc-juarez-vs-puebla-fc-jornada-1-estadio-olimpico-benito-juarez-youtube', 'text': ''}","{'type': 'link', 'href': 'https://www.ligafemenil.mx/cancha/mxm/144872/eyJpZENsdWJsb2NhbCI6IjExNzk1IiwiaWRDbHVidmlzaXRhIjoiMTE1NDMiLCJpZFBhcnRpZG8iOiIxNDQ4NzIiLCJwZXN0YW5hIjoiNCJ9/minuto-a-minuto-fc-juarez-vs-puebla-fc-jornada-1-estadio-olimpico-benito-juarez-youtube', 'text': ''}","{'type': 'link', 'href': 'https://www.ligafemenil.mx/cancha/galeria/MTQ0ODcyLzEvNzUvMi8xNA==/fc-juarez-vs-puebla-fc', 'text': ''}","{'type': 'link', 'href': 'https://www.ligafemenil.mx/cancha/playlist/144872/fc-juarez-vs-puebla-fc', 'text': ''}"
2024-2025,Clausura,"{'type': 'text', 'value': 'Lunes 6 de Enero de 2025\nTemporada 2024-2025\nTorneo Clausura\nJornada 1\n6 Enero 2025 - 19:10 hrs.'}","{'type': 'link', 'href': 'https://www.ligafemenil.mx/cancha/club/11191/america', 'text': ''}","{'type': 'link', 'href': 'https://www.ligafemenil.mx/cancha/informeArbitral/144870/eyJpZENsdWJsb2NhbCI6MTExOTEsImlkQ2x1YnZpc2l0YSI6MTExODF9/informe-arbitral-america-vs-cruz-azul-jornada-1-estadio-ciudad-de-los-deportes-lmxf-tv--vix', 'text': '2 - 1'}","{'type': 'link', 'href': 'https://www.ligafemenil.mx/cancha/club/11181/cruz-azul', 'text': ''}","{'type': 'link', 'href': 'https://www.ligafemenil.mx/cancha/estadio/2/estadio-ciudad-de-los-deportes', 'text': 'Ciudad De Los Deportes'}","{'type': 'link', 'href': 'https://www.ligafemenil.mx/cancha/mxm/144870/eyJpZENsdWJsb2NhbCI6IjExMTkxIiwiaWRDbHVidmlzaXRhIjoiMTExODEiLCJpZFBhcnRpZG8iOiIxNDQ4NzAiLCJwZXN0YW5hIjoiMSJ9/minuto-a-minuto-america-vs-cruz-azul-jornada-1-estadio-ciudad-de-los-deportes-lmxf-tv--vix', 'text': ''}","{'type': 'link', 'href': 'https://www.ligafemenil.mx/cancha/mxm/144870/eyJpZENsdWJsb2NhbCI6IjExMTkxIiwiaWRDbHVidmlzaXRhIjoiMTExODEiLCJpZFBhcnRpZG8iOiIxNDQ4NzAiLCJwZXN0YW5hIjoiMyJ9/minuto-a-minuto-america-vs-cruz-azul-jornada-1-estadio-ciudad-de-los-deportes-lmxf-tv--vix', 'text': ''}","{'type': 'link', 'href': 'https://www.ligafemenil.mx/cancha/informeArbitral/144870/eyJpZENsdWJsb2NhbCI6IjExMTkxIiwiaWRDbHVidmlzaXRhIjoiMTExODEifQ==/informe-arbitral-america-vs-cruz-azul-jornada-1-estadio-ciudad-de-los-deportes-lmxf-tv--vix', 'text': ''}","{'type': 'link', 'href': 'https://www.ligafemenil.mx/cancha/mxm/144870/eyJpZENsdWJsb2NhbCI6IjExMTkxIiwiaWRDbHVidmlzaXRhIjoiMTExODEiLCJpZFBhcnRpZG8iOiIxNDQ4NzAiLCJwZXN0YW5hIjoiNCJ9/minuto-a-minuto-america-vs-cruz-azul-jornada-1-estadio-ciudad-de-los-deportes-lmxf-tv--vix', 'text': ''}","{'type': 'link', 'href': 'https://www.ligafemenil.mx/cancha/galeria/MTQ0ODcwLzEvNzUvMi8xNA==/america-vs-cruz-azul', 'text': ''}","{'type': 'link', 'href': 'https://www.ligafemenil.mx/cancha/playlist/144870/america-vs-cruz-azul', 'text': ''}"
2024-2025,Clausura,"{'type': 'text', 'value': 'Lunes 6 de Enero de 2025\nTemporada 2024-2025\nTorneo Clausura\nJornada 1\n6 Enero 2025 - 21:06 hrs.'}","{'type': 'link', 'href': 'https://www.ligafemenil.mx/cancha/club/11186/tigres-de-la-uanl', 'text': ''}","{'type': 'link', 'href': 'https://www.ligafemenil.mx/cancha/informeArbitral/144877/eyJpZENsdWJsb2NhbCI6MTExODYsImlkQ2x1YnZpc2l0YSI6MTExODB9/informe-arbitral-tigres-de-la-uanl-vs-tijuana-jornada-1-estadio-universitario-fox-sports', 'text': '1 - 2'}","{'type': 'link', 'href': 'https://www.ligafemenil.mx/cancha/club/11180/tijuana', 'text': ''}","{'type': 'link', 'href': 'https://www.ligafemenil.mx/cancha/estadio/12/estadio-universitario', 'text': 'Universitario'}","{'type': 'link', 'href': 'https://www.ligafemenil.mx/cancha/mxm/144877/eyJpZENsdWJsb2NhbCI6IjExMTg2IiwiaWRDbHVidmlzaXRhIjoiMTExODAiLCJpZFBhcnRpZG8iOiIxNDQ4NzciLCJwZXN0YW5hIjoiMSJ9/minuto-a-minuto-tigres-de-la-uanl-vs-tijuana-jornada-1-estadio-universitario-fox-sports', 'text': ''}","{'type': 'link', 'href': 'https://www.ligafemenil.mx/cancha/mxm/144877/eyJpZENsdWJsb2NhbCI6IjExMTg2IiwiaWRDbHVidmlzaXRhIjoiMTExODAiLCJpZFBhcnRpZG8iOiIxNDQ4NzciLCJwZXN0YW5hIjoiMyJ9/minuto-a-minuto-tigres-de-la-uanl-vs-tijuana-jornada-1-estadio-universitario-fox-sports', 'text': ''}","{'type': 'link', 'href': 'https://www.ligafemenil.mx/cancha/informeArbitral/144877/eyJpZENsdWJsb2NhbCI6IjExMTg2IiwiaWRDbHVidmlzaXRhIjoiMTExODAifQ==/informe-arbitral-tigres-de-la-uanl-vs-tijuana-jornada-1-estadio-universitario-fox-sports', 'text': ''}","{'type': 'link', 'href': 'https://www.ligafemenil.mx/cancha/mxm/144877/eyJpZENsdWJsb2NhbCI6IjExMTg2IiwiaWRDbHVidmlzaXRhIjoiMTExODAiLCJpZFBhcnRpZG8iOiIxNDQ4NzciLCJwZXN0YW5hIjoiNCJ9/minuto-a-minuto-tigres-de-la-uanl-vs-tijuana-jornada-1-estadio-universitario-fox-sports', 'text': ''}","{'type': 'link', 'href': 'https://www.ligafemenil.mx/cancha/galeria/MTQ0ODc3LzEvNzUvMi8xNA==/tigres-de-la-uanl-vs-tijuana', 'text': ''}","{'type': 'link', 'href': 'https://www.ligafemenil.mx/cancha/playlist/144877/tigres-de-la-uanl-vs-tijuana', 'text': ''}"
2024-2025,Clausura,"{'type': 'text', 'value': 'Jueves 9 de Enero de 2025\nTemporada 2024-2025\nTorneo Clausura\nJornada 2\n9 Enero 2025 - 17:00 hrs.'}","{'type': 'link', 'href': 'https://www.ligafemenil.mx/cancha/club/11187/toluca', 'text': ''}","{'type': 'link', 'href': 'https://www.ligafemenil.mx/cancha/informeArbitral/144885/eyJpZENsdWJsb2NhbCI6MTExODcsImlkQ2x1YnZpc2l0YSI6MTIwNTF9/informe-arbitral-toluca-vs-mazatlan-fc-jornada-2-estadio-nemesio-diez-lmxf-tv--vix', 'text': '5 - 0'}","{'type': 'link', 'href': 'https://www.ligafemenil.mx/cancha/club/12051/mazatlan-fc', 'text': ''}","{'type': 'link', 'href': 'https://www.ligafemenil.mx/cancha/estadio/6/estadio-nemesio-diez', 'text': 'Nemesio Diez'}","{'type': 'link', 'href': 'https://www.ligafemenil.mx/cancha/mxm/144885/eyJpZENsdWJsb2NhbCI6IjExMTg3IiwiaWRDbHVidmlzaXRhIjoiMTIwNTEiLCJpZFBhcnRpZG8iOiIxNDQ4ODUiLCJwZXN0YW5hIjoiMSJ9/minuto-a-minuto-toluca-vs-mazatlan-fc-jornada-2-estadio-nemesio-diez-lmxf-tv--vix', 'text': ''}","{'type': 'link', 'href': 'https://www.ligafemenil.mx/cancha/mxm/144885/eyJpZENsdWJsb2NhbCI6IjExMTg3IiwiaWRDbHVidmlzaXRhIjoiMTIwNTEiLCJpZFBhcnRpZG8iOiIxNDQ4ODUiLCJwZXN0YW5hIjoiMyJ9/minuto-a-minuto-toluca-vs-mazatlan-fc-jornada-2-estadio-nemesio-diez-lmxf-tv--vix', 'text': ''}","{'type': 'link', 'href': 'https://www.ligafemenil.mx/cancha/informeArbitral/144885/eyJpZENsdWJsb2NhbCI6IjExMTg3IiwiaWRDbHVidmlzaXRhIjoiMTIwNTEifQ==/informe-arbitral-toluca-vs-mazatlan-fc-jornada-2-estadio-nemesio-diez-lmxf-tv--vix', 'text': ''}","{'type': 'link', 'href': 'https://www.ligafemenil.mx/cancha/mxm/144885/eyJpZENsdWJsb2NhbCI6IjExMTg3IiwiaWRDbHVidmlzaXRhIjoiMTIwNTEiLCJpZFBhcnRpZG8iOiIxNDQ4ODUiLCJwZXN0YW5hIjoiNCJ9/minuto-a-minuto-toluca-vs-mazatlan-fc-jornada-2-estadio-nemesio-diez-lmxf-tv--vix', 'text': ''}","{'type': 'link', 'href': 'https://www.ligafemenil.mx/cancha/galeria/MTQ0ODg1LzIvNzUvMi8xNA==/toluca-vs-mazatlan-fc', 'text': ''}","{'type': 'link', 'href': 'https://www.ligafemenil.mx/cancha/playlist/144885/toluca-vs-mazatlan-fc', 'text': ''}"
2024-2025,Clausura,"{'type': 'text', 'value': 'Jueves 9 de Enero de 2025\nTemporada 2024-2025\nTorneo Clausura\nJornada 2\n9 Enero 2025 - 19:00 hrs.'}","{'type': 'link', 'href': 'https://www.ligafemenil.mx/cancha/club/11245/atlas', 'text': ''}","{'type': 'link', 'href': 'https://www.ligafemenil.mx/cancha/informeArbitral/144882/eyJpZENsdWJsb2NhbCI6MTEyNDUsImlkQ2x1YnZpc2l0YSI6MTExODR9/informe-arbitral-atlas-vs-pachuca-jornada-2-estadio-jalisco-calientemx', 'text': '2 - 3'}","{'type': 'link', 'href': 'https://www.ligafemenil.mx/cancha/club/11184/pachuca', 'text': ''}","{'type': 'link', 'href': 'https://www.ligafemenil.mx/cancha/estadio/5/estadio-jalisco', 'text': 'Jalisco'}","{'type': 'link', 'href': 'https://www.ligafemenil.mx/cancha/mxm/144882/eyJpZENsdWJsb2NhbCI6IjExMjQ1IiwiaWRDbHVidmlzaXRhIjoiMTExODQiLCJpZFBhcnRpZG8iOiIxNDQ4ODIiLCJwZXN0YW5hIjoiMSJ9/minuto-a-minuto-atlas-vs-pachuca-jornada-2-estadio-jalisco-calientemx', 'text': ''}","{'type': 'link', 'href': 'https://www.ligafemenil.mx/cancha/mxm/144882/eyJpZENsdWJsb2NhbCI6IjExMjQ1IiwiaWRDbHVidmlzaXRhIjoiMTExODQiLCJpZFBhcnRpZG8iOiIxNDQ4ODIiLCJwZXN0YW5hIjoiMyJ9/minuto-a-minuto-atlas-vs-pachuca-jornada-2-estadio-jalisco-calientemx', 'text': ''}","{'type': 'link', 'href': 'https://www.ligafemenil.mx/cancha/informeArbitral/144882/eyJpZENsdWJsb2NhbCI6IjExMjQ1IiwiaWRDbHVidmlzaXRhIjoiMTExODQifQ==/informe-arbitral-atlas-vs-pachuca-jornada-2-estadio-jalisco-calientemx', 'text': ''}","{'type': 'link', 'href': 'https://www.ligafemenil.mx/cancha/mxm/144882/eyJpZENsdWJsb2NhbCI6IjExMjQ1IiwiaWRDbHVidmlzaXRhIjoiMTExODQiLCJpZFBhcnRpZG8iOiIxNDQ4ODIiLCJwZXN0YW5hIjoiNCJ9/minuto-a-minuto-atlas-vs-pachuca-jornada-2-estadio-jalisco-calientemx', 'text': ''}","{'type': 'link', 'href': 'https://www.ligafemenil.mx/cancha/galeria/MTQ0ODgyLzIvNzUvMi8xNA==/atlas-vs-pachuca', 'text': ''}","{'type': 'link', 'href': 'https://www.ligafemenil.mx/cancha/playlist/144882/atlas-vs-pachuca', 'text': ''}"
2024-2025,Clausura,"{'type': 'text', 'value': 'Jueves 9 de Enero de 2025\nTemporada 2024-2025\nTorneo Clausura\nJornada 2\n9 Enero 2025 - 21:00 hrs.'}","{'type': 'link', 'href': 'https://www.ligafemenil.mx/cancha/club/11185/rayados-de-monterrey', 'text': ''}","{'type': 'link', 'href': 'https://www.ligafemenil.mx/cancha/informeArbitral/144883/eyJpZENsdWJsb2NhbCI6MTExODUsImlkQ2x1YnZpc2l0YSI6MTExODh9/informe-arbitral-rayados-de-monterrey-vs-pumas-jornada-2-estadio-bbva-canal-9--lmxf-tv-vix', 'text': '2 - 1'}","{'type': 'link', 'href': 'https://www.ligafemenil.mx/cancha/club/11188/pumas', 'text': ''}","{'type': 'link', 'href': 'https://www.ligafemenil.mx/cancha/estadio/1608/estadio-bbva', 'text': 'Estadio BBVA'}","{'type': 'link', 'href': 'https://www.ligafemenil.mx/cancha/mxm/144883/eyJpZENsdWJsb2NhbCI6IjExMTg1IiwiaWRDbHVidmlzaXRhIjoiMTExODgiLCJpZFBhcnRpZG8iOiIxNDQ4ODMiLCJwZXN0YW5hIjoiMSJ9/minuto-a-minuto-rayados-de-monterrey-vs-pumas-jornada-2-estadio-bbva-canal-9--lmxf-tv-vix', 'text': ''}","{'type': 'link', 'href': 'https://www.ligafemenil.mx/cancha/mxm/144883/eyJpZENsdWJsb2NhbCI6IjExMTg1IiwiaWRDbHVidmlzaXRhIjoiMTExODgiLCJpZFBhcnRpZG8iOiIxNDQ4ODMiLCJwZXN0YW5hIjoiMyJ9/minuto-a-minuto-rayados-de-monterrey-vs-pumas-jornada-2-estadio-bbva-canal-9--lmxf-tv-vix', 'text': ''}","{'type': 'link', 'href': 'https://www.ligafemenil.mx/cancha/informeArbitral/144883/eyJpZENsdWJsb2NhbCI6IjExMTg1IiwiaWRDbHVidmlzaXRhIjoiMTExODgifQ==/informe-arbitral-rayados-de-monterrey-vs-pumas-jornada-2-estadio-bbva-canal-9--lmxf-tv-vix', 'text': ''}","{'type': 'link', 'href': 'https://www.ligafemenil.mx/cancha/mxm/144883/eyJpZENsdWJsb2NhbCI6IjExMTg1IiwiaWRDbHVidmlzaXRhIjoiMTExODgiLCJpZFBhcnRpZG8iOiIxNDQ4ODMiLCJwZXN0YW5hIjoiNCJ9/minuto-a-minuto-rayados-de-monterrey-vs-pumas-jornada-2-estadio-bbva-canal-9--lmxf-tv-vix', 'text': ''}","{'type': 'link', 'href': 'https://www.ligafemenil.mx/cancha/galeria/MTQ0ODgzLzIvNzUvMi8xNA==/rayados-de-monterrey-vs-pumas', 'text': ''}","{'type': 'link', 'href': 'https://www.ligafemenil.mx/cancha/playlist/144883/rayados-de-monterrey-vs-pumas', 'text': ''}"
2024-2025,Clausura,"{'type': 'text', 'value': 'Viernes 10 de Enero de 2025\nTemporada 2024-2025\nTorneo Clausura\nJornada 2\n10 Enero 2025 - 17:00 hrs.'}","{'type': 'link', 'href': 'https://www.ligafemenil.mx/cancha/club/11192/santos-laguna', 'text': ''}","{'type': 'link', 'href': 'https://www.ligafemenil.mx/cancha/informeArbitral/144892/eyJpZENsdWJsb2NhbCI6MTExOTIsImlkQ2x1YnZpc2l0YSI6MTExODJ9/informe-arbitral-santos-laguna-vs-guadalajara-jornada-2-estadio-tsm-corona-calientemx', 'text': '0 - 1'}","{'type': 'link', 'href': 'https://www.ligafemenil.mx/cancha/club/11182/guadalajara', 'text': ''}","{'type': 'link', 'href': 'https://www.ligafemenil.mx/cancha/estadio/63/estadio-tsm-corona', 'text': 'TSM Corona'}","{'type': 'link', 'href': 'https://www.ligafemenil.mx/cancha/mxm/144892/eyJpZENsdWJsb2NhbCI6IjExMTkyIiwiaWRDbHVidmlzaXRhIjoiMTExODIiLCJpZFBhcnRpZG8iOiIxNDQ4OTIiLCJwZXN0YW5hIjoiMSJ9/minuto-a-minuto-santos-laguna-vs-guadalajara-jornada-2-estadio-tsm-corona-calientemx', 'text': ''}","{'type': 'link', 'href': 'https://www.ligafemenil.mx/cancha/mxm/144892/eyJpZENsdWJsb2NhbCI6IjExMTkyIiwiaWRDbHVidmlzaXRhIjoiMTExODIiLCJpZFBhcnRpZG8iOiIxNDQ4OTIiLCJwZXN0YW5hIjoiMyJ9/minuto-a-minuto-santos-laguna-vs-guadalajara-jornada-2-estadio-tsm-corona-calientemx', 'text': ''}","{'type': 'link', 'href': 'https://www.ligafemenil.mx/cancha/informeArbitral/144892/eyJpZENsdWJsb2NhbCI6IjExMTkyIiwiaWRDbHVidmlzaXRhIjoiMTExODIifQ==/informe-arbitral-santos-laguna-vs-guadalajara-jornada-2-estadio-tsm-corona-calientemx', 'text': ''}","{'type': 'link', 'href': 'https://www.ligafemenil.mx/cancha/mxm/144892/eyJpZENsdWJsb2NhbCI6IjExMTkyIiwiaWRDbHVidmlzaXRhIjoiMTExODIiLCJpZFBhcnRpZG8iOiIxNDQ4OTIiLCJwZXN0YW5hIjoiNCJ9/minuto-a-minuto-santos-laguna-vs-guadalajara-jornada-2-estadio-tsm-corona-calientemx', 'text': ''}","{'type': 'link', 'href': 'https://www.ligafemenil.mx/cancha/galeria/MTQ0ODkyLzIvNzUvMi8xNA==/santos-laguna-vs-guadalajara', 'text': ''}","{'type': 'link', 'href': 'https://www.ligafemenil.mx/cancha/playlist/144892/santos-laguna-vs-guadalajara', 'text': ''}"
2024-2025,Clausura,"{'type': 'text', 'value': 'Viernes 10 de Enero de 2025\nTemporada 2024-2025\nTorneo Clausura\nJornada 2\n10 Enero 2025 - 17:00 hrs.'}","{'type': 'link', 'href': 'https://www.ligafemenil.mx/cancha/club/11191/america', 'text': ''}","{'type': 'link', 'href': 'https://www.ligafemenil.mx/cancha/informeArbitral/144894/eyJpZENsdWJsb2NhbCI6MTExOTEsImlkQ2x1YnZpc2l0YSI6MTIwNDJ9/informe-arbitral-america-vs-gallos-blancos-de-queretaro-jornada-2-estadio-ciudad-de-los-deportes-lmxf-tv--vix', 'text': '7 - 0'}","{'type': 'link', 'href': 'https://www.ligafemenil.mx/cancha/club/12042/gallos-blancos-de-queretaro', 'text': ''}","{'type': 'link', 'href': 'https://www.ligafemenil.mx/cancha/estadio/2/estadio-ciudad-de-los-deportes', 'text': 'Ciudad De Los Deportes'}","{'type': 'link', 'href': 'https://www.ligafemenil.mx/cancha/mxm/144894/eyJpZENsdWJsb2NhbCI6IjExMTkxIiwiaWRDbHVidmlzaXRhIjoiMTIwNDIiLCJpZFBhcnRpZG8iOiIxNDQ4OTQiLCJwZXN0YW5hIjoiMSJ9/minuto-a-minuto-america-vs-gallos-blancos-de-queretaro-jornada-2-estadio-ciudad-de-los-deportes-lmxf-tv--vix', 'text': ''}","{'type': 'link', 'href': 'https://www.ligafemenil.mx/cancha/mxm/144894/eyJpZENsdWJsb2NhbCI6IjExMTkxIiwiaWRDbHVidmlzaXRhIjoiMTIwNDIiLCJpZFBhcnRpZG8iOiIxNDQ4OTQiLCJwZXN0YW5hIjoiMyJ9/minuto-a-minuto-america-vs-gallos-blancos-de-queretaro-jornada-2-estadio-ciudad-de-los-deportes-lmxf-tv--vix', 'text': ''}","{'type': 'link', 'href': 'https://www.ligafemenil.mx/cancha/informeArbitral/144894/eyJpZENsdWJsb2NhbCI6IjExMTkxIiwiaWRDbHVidmlzaXRhIjoiMTIwNDIifQ==/informe-arbitral-america-vs-gallos-blancos-de-queretaro-jornada-2-estadio-ciudad-de-los-deportes-lmxf-tv--vix', 'text': ''}","{'type': 'link', 'href': 'https://www.ligafemenil.mx/cancha/mxm/144894/eyJpZENsdWJsb2NhbCI6IjExMTkxIiwiaWRDbHVidmlzaXRhIjoiMTIwNDIiLCJpZFBhcnRpZG8iOiIxNDQ4OTQiLCJwZXN0YW5hIjoiNCJ9/minuto-a-minuto-america-vs-gallos-blancos-de-queretaro-jornada-2-estadio-ciudad-de-los-deportes-lmxf-tv--vix', 'text': ''}","{'type': 'link', 'href': 'https://www.ligafemenil.mx/cancha/galeria/MTQ0ODk0LzIvNzUvMi8xNA==/america-vs-gallos-blancos-de-queretaro', 'text': ''}","{'type': 'link', 'href': 'https://www.ligafemenil.mx/cancha/playlist/144894/america-vs-gallos-blancos-de-queretaro', 'text': ''}"
2024-2025,Clausura,"{'type': 'text', 'value': 'Sábado 11 de Enero de 2025\nTemporada 2024-2025\nTorneo Clausura\nJornada 2\n11 Enero 2025 - 17:00 hrs.'}","{'type': 'link', 'href': 'https://www.ligafemenil.mx/cancha/club/11243/leon', 'text': ''}","{'type': 'link', 'href': 'https://www.ligafemenil.mx/cancha/informeArbitral/144896/eyJpZENsdWJsb2NhbCI6MTEyNDMsImlkQ2x1YnZpc2l0YSI6MTE3Nzh9/informe-arbitral-leon-vs-club-atletico-de-san-luis-jornada-2-estadio-nou-camp-fox-sports', 'text': '0 - 1'}","{'type': 'link', 'href': 'https://www.ligafemenil.mx/cancha/club/11778/club-atletico-de-san-luis', 'text': ''}","{'type': 'link', 'href': 'https://www.ligafemenil.mx/cancha/estadio/23/estadio-nou-camp', 'text': 'Nou Camp'}","{'type': 'link', 'href': 'https://www.ligafemenil.mx/cancha/mxm/144896/eyJpZENsdWJsb2NhbCI6IjExMjQzIiwiaWRDbHVidmlzaXRhIjoiMTE3NzgiLCJpZFBhcnRpZG8iOiIxNDQ4OTYiLCJwZXN0YW5hIjoiMSJ9/minuto-a-minuto-leon-vs-club-atletico-de-san-luis-jornada-2-estadio-nou-camp-fox-sports', 'text': ''}","{'type': 'link', 'href': 'https://www.ligafemenil.mx/cancha/mxm/144896/eyJpZENsdWJsb2NhbCI6IjExMjQzIiwiaWRDbHVidmlzaXRhIjoiMTE3NzgiLCJpZFBhcnRpZG8iOiIxNDQ4OTYiLCJwZXN0YW5hIjoiMyJ9/minuto-a-minuto-leon-vs-club-atletico-de-san-luis-jornada-2-estadio-nou-camp-fox-sports', 'text': ''}","{'type': 'link', 'href': 'https://www.ligafemenil.mx/cancha/informeArbitral/144896/eyJpZENsdWJsb2NhbCI6IjExMjQzIiwiaWRDbHVidmlzaXRhIjoiMTE3NzgifQ==/informe-arbitral-leon-vs-club-atletico-de-san-luis-jornada-2-estadio-nou-camp-fox-sports', 'text': ''}","{'type': 'link', 'href': 'https://www.ligafemenil.mx/cancha/mxm/144896/eyJpZENsdWJsb2NhbCI6IjExMjQzIiwiaWRDbHVidmlzaXRhIjoiMTE3NzgiLCJpZFBhcnRpZG8iOiIxNDQ4OTYiLCJwZXN0YW5hIjoiNCJ9/minuto-a-minuto-leon-vs-club-atletico-de-san-luis-jornada-2-estadio-nou-camp-fox-sports', 'text': ''}","{'type': 'link', 'href': 'https://www.ligafemenil.mx/cancha/galeria/MTQ0ODk2LzIvNzUvMi8xNA==/leon-vs-club-atletico-de-san-luis', 'text': ''}","{'type': 'link', 'href': 'https://www.ligafemenil.mx/cancha/playlist/144896/leon-vs-club-atletico-de-san-luis', 'text': ''}"
2024-2025,Clausura,"{'type': 'text', 'value': 'Domingo 12 de Enero de 2025\nTemporada 2024-2025\nTorneo Clausura\nJornada 2\n12 Enero 2025 - 12:00 hrs.'}","{'type': 'link', 'href': 'https://www.ligafemenil.mx/cancha/club/11543/puebla-fc', 'text': ''}","{'type': 'link', 'href': 'https://www.ligafemenil.mx/cancha/informeArbitral/144899/eyJpZENsdWJsb2NhbCI6MTE1NDMsImlkQ2x1YnZpc2l0YSI6MTExODZ9/informe-arbitral-puebla-fc-vs-tigres-de-la-uanl-jornada-2-estadio-cuauhtemoc-fox-sports', 'text': '0 - 3'}","{'type': 'link', 'href': 'https://www.ligafemenil.mx/cancha/club/11186/tigres-de-la-uanl', 'text': ''}","{'type': 'link', 'href': 'https://www.ligafemenil.mx/cancha/estadio/9/estadio-cuauhtemoc', 'text': 'Cuauhtémoc'}","{'type': 'link', 'href': 'https://www.ligafemenil.mx/cancha/mxm/144899/eyJpZENsdWJsb2NhbCI6IjExNTQzIiwiaWRDbHVidmlzaXRhIjoiMTExODYiLCJpZFBhcnRpZG8iOiIxNDQ4OTkiLCJwZXN0YW5hIjoiMSJ9/minuto-a-minuto-puebla-fc-vs-tigres-de-la-uanl-jornada-2-estadio-cuauhtemoc-fox-sports', 'text': ''}","{'type': 'link', 'href': 'https://www.ligafemenil.mx/cancha/mxm/144899/eyJpZENsdWJsb2NhbCI6IjExNTQzIiwiaWRDbHVidmlzaXRhIjoiMTExODYiLCJpZFBhcnRpZG8iOiIxNDQ4OTkiLCJwZXN0YW5hIjoiMyJ9/minuto-a-minuto-puebla-fc-vs-tigres-de-la-uanl-jornada-2-estadio-cuauhtemoc-fox-sports', 'text': ''}","{'type': 'link', 'href': 'https://www.ligafemenil.mx/cancha/informeArbitral/144899/eyJpZENsdWJsb2NhbCI6IjExNTQzIiwiaWRDbHVidmlzaXRhIjoiMTExODYifQ==/informe-arbitral-puebla-fc-vs-tigres-de-la-uanl-jornada-2-estadio-cuauhtemoc-fox-sports', 'text': ''}","{'type': 'link', 'href': 'https://www.ligafemenil.mx/cancha/mxm/144899/eyJpZENsdWJsb2NhbCI6IjExNTQzIiwiaWRDbHVidmlzaXRhIjoiMTExODYiLCJpZFBhcnRpZG8iOiIxNDQ4OTkiLCJwZXN0YW5hIjoiNCJ9/minuto-a-minuto-puebla-fc-vs-tigres-de-la-uanl-jornada-2-estadio-cuauhtemoc-fox-sports', 'text': ''}","{'type': 'link', 'href': 'https://www.ligafemenil.mx/cancha/galeria/MTQ0ODk5LzIvNzUvMi8xNA==/puebla-fc-vs-tigres-de-la-uanl', 'text': ''}","{'type': 'link', 'href': 'https://www.ligafemenil.mx/cancha/playlist/144899/puebla-fc-vs-tigres-de-la-uanl', 'text': ''}"
2024-2025,Clausura,"{'type': 'text', 'value': 'Domingo 12 de Enero de 2025\nTemporada 2024-2025\nTorneo Clausura\nJornada 2\n12 Enero 2025 - 15:45 hrs.'}","{'type': 'link', 'href': 'https://www.ligafemenil.mx/cancha/club/11181/cruz-azul', 'text': ''}","{'type': 'link', 'href': 'https://www.ligafemenil.mx/cancha/informeArbitral/144901/eyJpZENsdWJsb2NhbCI6MTExODEsImlkQ2x1YnZpc2l0YSI6MTExODB9/informe-arbitral-cruz-azul-vs-tijuana-jornada-2-estadio-instalaciones-la-noria-cancha-1-lmxf-tv--vix', 'text': '1 - 1'}","{'type': 'link', 'href': 'https://www.ligafemenil.mx/cancha/club/11180/tijuana', 'text': ''}","{'type': 'link', 'href': 'https://www.ligafemenil.mx/cancha/estadio/1549/estadio-instalaciones-la-noria-cancha-1', 'text': 'Instalaciones la Noria Cancha 1'}","{'type': 'link', 'href': 'https://www.ligafemenil.mx/cancha/mxm/144901/eyJpZENsdWJsb2NhbCI6IjExMTgxIiwiaWRDbHVidmlzaXRhIjoiMTExODAiLCJpZFBhcnRpZG8iOiIxNDQ5MDEiLCJwZXN0YW5hIjoiMSJ9/minuto-a-minuto-cruz-azul-vs-tijuana-jornada-2-estadio-instalaciones-la-noria-cancha-1-lmxf-tv--vix', 'text': ''}","{'type': 'link', 'href': 'https://www.ligafemenil.mx/cancha/mxm/144901/eyJpZENsdWJsb2NhbCI6IjExMTgxIiwiaWRDbHVidmlzaXRhIjoiMTExODAiLCJpZFBhcnRpZG8iOiIxNDQ5MDEiLCJwZXN0YW5hIjoiMyJ9/minuto-a-minuto-cruz-azul-vs-tijuana-jornada-2-estadio-instalaciones-la-noria-cancha-1-lmxf-tv--vix', 'text': ''}","{'type': 'link', 'href': 'https://www.ligafemenil.mx/cancha/informeArbitral/144901/eyJpZENsdWJsb2NhbCI6IjExMTgxIiwiaWRDbHVidmlzaXRhIjoiMTExODAifQ==/informe-arbitral-cruz-azul-vs-tijuana-jornada-2-estadio-instalaciones-la-noria-cancha-1-lmxf-tv--vix', 'text': ''}","{'type': 'link', 'href': 'https://www.ligafemenil.mx/cancha/mxm/144901/eyJpZENsdWJsb2NhbCI6IjExMTgxIiwiaWRDbHVidmlzaXRhIjoiMTExODAiLCJpZFBhcnRpZG8iOiIxNDQ5MDEiLCJwZXN0YW5hIjoiNCJ9/minuto-a-minuto-cruz-azul-vs-tijuana-jornada-2-estadio-instalaciones-la-noria-cancha-1-lmxf-tv--vix', 'text': ''}","{'type': 'link', 'href': 'https://www.ligafemenil.mx/cancha/galeria/MTQ0OTAxLzIvNzUvMi8xNA==/cruz-azul-vs-tijuana', 'text': ''}","{'type': 'link', 'href': 'https://www.ligafemenil.mx/cancha/playlist/144901/cruz-azul-vs-tijuana', 'text': ''}"
2024-2025,Clausura,"{'type': 'text', 'value': 'Domingo 12 de Enero de 2025\nTemporada 2024-2025\nTorneo Clausura\nJornada 2\n12 Enero 2025 - 17:00 hrs.'}","{'type': 'link', 'href': 'https://www.ligafemenil.mx/cancha/club/11795/fc-juarez', 'text': ''}","{'type': 'link', 'href': 'https://www.ligafemenil.mx/cancha/informeArbitral/144904/eyJpZENsdWJsb2NhbCI6MTE3OTUsImlkQ2x1YnZpc2l0YSI6MTExODl9/informe-arbitral-fc-juarez-vs-necaxa-jornada-2-estadio-olimpico-benito-juarez-youtube', 'text': '1 - 0'}","{'type': 'link', 'href': 'https://www.ligafemenil.mx/cancha/club/11189/necaxa', 'text': ''}","{'type': 'link', 'href': 'https://www.ligafemenil.mx/cancha/estadio/17/estadio-olimpico-benito-juarez', 'text': 'Olímpico Benito Juárez'}","{'type': 'link', 'href': 'https://www.ligafemenil.mx/cancha/mxm/144904/eyJpZENsdWJsb2NhbCI6IjExNzk1IiwiaWRDbHVidmlzaXRhIjoiMTExODkiLCJpZFBhcnRpZG8iOiIxNDQ5MDQiLCJwZXN0YW5hIjoiMSJ9/minuto-a-minuto-fc-juarez-vs-necaxa-jornada-2-estadio-olimpico-benito-juarez-youtube', 'text': ''}","{'type': 'link', 'href': 'https://www.ligafemenil.mx/cancha/mxm/144904/eyJpZENsdWJsb2NhbCI6IjExNzk1IiwiaWRDbHVidmlzaXRhIjoiMTExODkiLCJpZFBhcnRpZG8iOiIxNDQ5MDQiLCJwZXN0YW5hIjoiMyJ9/minuto-a-minuto-fc-juarez-vs-necaxa-jornada-2-estadio-olimpico-benito-juarez-youtube', 'text': ''}","{'type': 'link', 'href': 'https://www.ligafemenil.mx/cancha/informeArbitral/144904/eyJpZENsdWJsb2NhbCI6IjExNzk1IiwiaWRDbHVidmlzaXRhIjoiMTExODkifQ==/informe-arbitral-fc-juarez-vs-necaxa-jornada-2-estadio-olimpico-benito-juarez-youtube', 'text': ''}","{'type': 'link', 'href': 'https://www.ligafemenil.mx/cancha/mxm/144904/eyJpZENsdWJsb2NhbCI6IjExNzk1IiwiaWRDbHVidmlzaXRhIjoiMTExODkiLCJpZFBhcnRpZG8iOiIxNDQ5MDQiLCJwZXN0YW5hIjoiNCJ9/minuto-a-minuto-fc-juarez-vs-necaxa-jornada-2-estadio-olimpico-benito-juarez-youtube', 'text': ''}","{'type': 'link', 'href': 'https://www.ligafemenil.mx/cancha/galeria/MTQ0OTA0LzIvNzUvMi8xNA==/fc-juarez-vs-necaxa', 'text': ''}","{'type': 'link', 'href': 'https://www.ligafemenil.mx/cancha/playlist/144904/fc-juarez-vs-necaxa', 'text': ''}"
2024-2025,Clausura,"{'type': 'text', 'value': 'Martes 14 de Enero de 2025\nTemporada 2024-2025\nTorneo Clausura\nJornada 3\n14 Enero 2025 - 17:00 hrs.'}","{'type': 'link', 'href': 'https://www.ligafemenil.mx/cancha/club/11188/pumas', 'text': ''}","{'type': 'link', 'href': 'https://www.ligafemenil.mx/cancha/informeArbitral/144917/eyJpZENsdWJsb2NhbCI6MTExODgsImlkQ2x1YnZpc2l0YSI6MTExOTJ9/informe-arbitral-pumas-vs-santos-laguna-jornada-3-estadio-olimpico-universitario-lmxf-tv--vix', 'text': '6 - 1'}","{'type': 'link', 'href': 'https://www.ligafemenil.mx/cancha/club/11192/santos-laguna', 'text': ''}","{'type': 'link', 'href': 'https://www.ligafemenil.mx/cancha/estadio/7/estadio-olimpico-universitario', 'text': 'Olímpico Universitario'}","{'type': 'link', 'href': 'https://www.ligafemenil.mx/cancha/mxm/144917/eyJpZENsdWJsb2NhbCI6IjExMTg4IiwiaWRDbHVidmlzaXRhIjoiMTExOTIiLCJpZFBhcnRpZG8iOiIxNDQ5MTciLCJwZXN0YW5hIjoiMSJ9/minuto-a-minuto-pumas-vs-santos-laguna-jornada-3-estadio-olimpico-universitario-lmxf-tv--vix', 'text': ''}","{'type': 'link', 'href': 'https://www.ligafemenil.mx/cancha/mxm/144917/eyJpZENsdWJsb2NhbCI6IjExMTg4IiwiaWRDbHVidmlzaXRhIjoiMTExOTIiLCJpZFBhcnRpZG8iOiIxNDQ5MTciLCJwZXN0YW5hIjoiMyJ9/minuto-a-minuto-pumas-vs-santos-laguna-jornada-3-estadio-olimpico-universitario-lmxf-tv--vix', 'text': ''}","{'type': 'link', 'href': 'https://www.ligafemenil.mx/cancha/informeArbitral/144917/eyJpZENsdWJsb2NhbCI6IjExMTg4IiwiaWRDbHVidmlzaXRhIjoiMTExOTIifQ==/informe-arbitral-pumas-vs-santos-laguna-jornada-3-estadio-olimpico-universitario-lmxf-tv--vix', 'text': ''}","{'type': 'link', 'href': 'https://www.ligafemenil.mx/cancha/mxm/144917/eyJpZENsdWJsb2NhbCI6IjExMTg4IiwiaWRDbHVidmlzaXRhIjoiMTExOTIiLCJpZFBhcnRpZG8iOiIxNDQ5MTciLCJwZXN0YW5hIjoiNCJ9/minuto-a-minuto-pumas-vs-santos-laguna-jornada-3-estadio-olimpico-universitario-lmxf-tv--vix', 'text': ''}","{'type': 'link', 'href': 'https://www.ligafemenil.mx/cancha/galeria/MTQ0OTE3LzMvNzUvMi8xNA==/pumas-vs-santos-laguna', 'text': ''}","{'type': 'link', 'href': 'https://www.ligafemenil.mx/cancha/playlist/144917/pumas-vs-santos-laguna', 'text': ''}"
2024-2025,Clausura,"{'type': 'text', 'value': 'Miércoles 15 de Enero de 2025\nTemporada 2024-2025\nTorneo Clausura\nJornada 3\n15 Enero 2025 - 15:45 hrs.'}","{'type': 'link', 'href': 'https://www.ligafemenil.mx/cancha/club/11184/pachuca', 'text': ''}","{'type': 'link', 'href': 'https://www.ligafemenil.mx/cancha/informeArbitral/144919/eyJpZENsdWJsb2NhbCI6MTExODQsImlkQ2x1YnZpc2l0YSI6MTExODF9/informe-arbitral-pachuca-vs-cruz-azul-jornada-3-estadio-hidalgo-fox-sports', 'text': '2 - 2'}","{'type': 'link', 'href': 'https://www.ligafemenil.mx/cancha/club/11181/cruz-azul', 'text': ''}","{'type': 'link', 'href': 'https://www.ligafemenil.mx/cancha/estadio/11/estadio-hidalgo', 'text': 'Hidalgo'}","{'type': 'link', 'href': 'https://www.ligafemenil.mx/cancha/mxm/144919/eyJpZENsdWJsb2NhbCI6IjExMTg0IiwiaWRDbHVidmlzaXRhIjoiMTExODEiLCJpZFBhcnRpZG8iOiIxNDQ5MTkiLCJwZXN0YW5hIjoiMSJ9/minuto-a-minuto-pachuca-vs-cruz-azul-jornada-3-estadio-hidalgo-fox-sports', 'text': ''}","{'type': 'link', 'href': 'https://www.ligafemenil.mx/cancha/mxm/144919/eyJpZENsdWJsb2NhbCI6IjExMTg0IiwiaWRDbHVidmlzaXRhIjoiMTExODEiLCJpZFBhcnRpZG8iOiIxNDQ5MTkiLCJwZXN0YW5hIjoiMyJ9/minuto-a-minuto-pachuca-vs-cruz-azul-jornada-3-estadio-hidalgo-fox-sports', 'text': ''}","{'type': 'link', 'href': 'https://www.ligafemenil.mx/cancha/informeArbitral/144919/eyJpZENsdWJsb2NhbCI6IjExMTg0IiwiaWRDbHVidmlzaXRhIjoiMTExODEifQ==/informe-arbitral-pachuca-vs-cruz-azul-jornada-3-estadio-hidalgo-fox-sports', 'text': ''}","{'type': 'link', 'href': 'https://www.ligafemenil.mx/cancha/mxm/144919/eyJpZENsdWJsb2NhbCI6IjExMTg0IiwiaWRDbHVidmlzaXRhIjoiMTExODEiLCJpZFBhcnRpZG8iOiIxNDQ5MTkiLCJwZXN0YW5hIjoiNCJ9/minuto-a-minuto-pachuca-vs-cruz-azul-jornada-3-estadio-hidalgo-fox-sports', 'text': ''}","{'type': 'link', 'href': 'https://www.ligafemenil.mx/cancha/galeria/MTQ0OTE5LzMvNzUvMi8xNA==/pachuca-vs-cruz-azul', 'text': ''}","{'type': 'link', 'href': 'https://www.ligafemenil.mx/cancha/playlist/144919/pachuca-vs-cruz-azul', 'text': ''}"
2024-2025,Clausura,"{'type': 'text', 'value': 'Miércoles 15 de Enero de 2025\nTemporada 2024-2025\nTorneo Clausura\nJornada 3\n15 Enero 2025 - 18:00 hrs.'}","{'type': 'link', 'href': 'https://www.ligafemenil.mx/cancha/club/11778/club-atletico-de-san-luis', 'text': ''}","{'type': 'link', 'href': 'https://www.ligafemenil.mx/cancha/informeArbitral/144924/eyJpZENsdWJsb2NhbCI6MTE3NzgsImlkQ2x1YnZpc2l0YSI6MTExODV9/informe-arbitral-club-atletico-de-san-luis-vs-rayados-de-monterrey-jornada-3-estadio-alfonso-lastras-ramirez-espn', 'text': '1 - 0'}","{'type': 'link', 'href': 'https://www.ligafemenil.mx/cancha/club/11185/rayados-de-monterrey', 'text': ''}","{'type': 'link', 'href': 'https://www.ligafemenil.mx/cancha/estadio/14/estadio-alfonso-lastras-ramirez', 'text': 'Alfonso Lastras Ramírez'}","{'type': 'link', 'href': 'https://www.ligafemenil.mx/cancha/mxm/144924/eyJpZENsdWJsb2NhbCI6IjExNzc4IiwiaWRDbHVidmlzaXRhIjoiMTExODUiLCJpZFBhcnRpZG8iOiIxNDQ5MjQiLCJwZXN0YW5hIjoiMSJ9/minuto-a-minuto-club-atletico-de-san-luis-vs-rayados-de-monterrey-jornada-3-estadio-alfonso-lastras-ramirez-espn', 'text': ''}","{'type': 'link', 'href': 'https://www.ligafemenil.mx/cancha/mxm/144924/eyJpZENsdWJsb2NhbCI6IjExNzc4IiwiaWRDbHVidmlzaXRhIjoiMTExODUiLCJpZFBhcnRpZG8iOiIxNDQ5MjQiLCJwZXN0YW5hIjoiMyJ9/minuto-a-minuto-club-atletico-de-san-luis-vs-rayados-de-monterrey-jornada-3-estadio-alfonso-lastras-ramirez-espn', 'text': ''}","{'type': 'link', 'href': 'https://www.ligafemenil.mx/cancha/informeArbitral/144924/eyJpZENsdWJsb2NhbCI6IjExNzc4IiwiaWRDbHVidmlzaXRhIjoiMTExODUifQ==/informe-arbitral-club-atletico-de-san-luis-vs-rayados-de-monterrey-jornada-3-estadio-alfonso-lastras-ramirez-espn', 'text': ''}","{'type': 'link', 'href': 'https://www.ligafemenil.mx/cancha/mxm/144924/eyJpZENsdWJsb2NhbCI6IjExNzc4IiwiaWRDbHVidmlzaXRhIjoiMTExODUiLCJpZFBhcnRpZG8iOiIxNDQ5MjQiLCJwZXN0YW5hIjoiNCJ9/minuto-a-minuto-club-atletico-de-san-luis-vs-rayados-de-monterrey-jornada-3-estadio-alfonso-lastras-ramirez-espn', 'text': ''}","{'type': 'link', 'href': 'https://www.ligafemenil.mx/cancha/galeria/MTQ0OTI0LzMvNzUvMi8xNA==/club-atletico-de-san-luis-vs-rayados-de-monterrey', 'text': ''}","{'type': 'link', 'href': 'https://www.ligafemenil.mx/cancha/playlist/144924/club-atletico-de-san-luis-vs-rayados-de-monterrey', 'text': ''}"
2024-2025,Clausura,"{'type': 'text', 'value': 'Miércoles 15 de Enero de 2025\nTemporada 2024-2025\nTorneo Clausura\nJornada 3\n15 Enero 2025 - 19:00 hrs.'}","{'type': 'link', 'href': 'https://www.ligafemenil.mx/cancha/club/11543/puebla-fc', 'text': ''}","{'type': 'link', 'href': 'https://www.ligafemenil.mx/cancha/informeArbitral/144930/eyJpZENsdWJsb2NhbCI6MTE1NDMsImlkQ2x1YnZpc2l0YSI6MTEyNDN9/informe-arbitral-puebla-fc-vs-leon-jornada-3-estadio-cuauhtemoc-fox-sports', 'text': '1 - 2'}","{'type': 'link', 'href': 'https://www.ligafemenil.mx/cancha/club/11243/leon', 'text': ''}","{'type': 'link', 'href': 'https://www.ligafemenil.mx/cancha/estadio/9/estadio-cuauhtemoc', 'text': 'Cuauhtémoc'}","{'type': 'link', 'href': 'https://www.ligafemenil.mx/cancha/mxm/144930/eyJpZENsdWJsb2NhbCI6IjExNTQzIiwiaWRDbHVidmlzaXRhIjoiMTEyNDMiLCJpZFBhcnRpZG8iOiIxNDQ5MzAiLCJwZXN0YW5hIjoiMSJ9/minuto-a-minuto-puebla-fc-vs-leon-jornada-3-estadio-cuauhtemoc-fox-sports', 'text': ''}","{'type': 'link', 'href': 'https://www.ligafemenil.mx/cancha/mxm/144930/eyJpZENsdWJsb2NhbCI6IjExNTQzIiwiaWRDbHVidmlzaXRhIjoiMTEyNDMiLCJpZFBhcnRpZG8iOiIxNDQ5MzAiLCJwZXN0YW5hIjoiMyJ9/minuto-a-minuto-puebla-fc-vs-leon-jornada-3-estadio-cuauhtemoc-fox-sports', 'text': ''}","{'type': 'link', 'href': 'https://www.ligafemenil.mx/cancha/informeArbitral/144930/eyJpZENsdWJsb2NhbCI6IjExNTQzIiwiaWRDbHVidmlzaXRhIjoiMTEyNDMifQ==/informe-arbitral-puebla-fc-vs-leon-jornada-3-estadio-cuauhtemoc-fox-sports', 'text': ''}","{'type': 'link', 'href': 'https://www.ligafemenil.mx/cancha/mxm/144930/eyJpZENsdWJsb2NhbCI6IjExNTQzIiwiaWRDbHVidmlzaXRhIjoiMTEyNDMiLCJpZFBhcnRpZG8iOiIxNDQ5MzAiLCJwZXN0YW5hIjoiNCJ9/minuto-a-minuto-puebla-fc-vs-leon-jornada-3-estadio-cuauhtemoc-fox-sports', 'text': ''}","{'type': 'link', 'href': 'https://www.ligafemenil.mx/cancha/galeria/MTQ0OTMwLzMvNzUvMi8xNA==/puebla-fc-vs-leon', 'text': ''}","{'type': 'link', 'href': 'https://www.ligafemenil.mx/cancha/playlist/144930/puebla-fc-vs-leon', 'text': ''}"
2024-2025,Clausura,"{'type': 'text', 'value': 'Miércoles 15 de Enero de 2025\nTemporada 2024-2025\nTorneo Clausura\nJornada 3\n15 Enero 2025 - 20:00 hrs.'}","{'type': 'link', 'href': 'https://www.ligafemenil.mx/cancha/club/12042/gallos-blancos-de-queretaro', 'text': ''}","{'type': 'link', 'href': 'https://www.ligafemenil.mx/cancha/informeArbitral/144931/eyJpZENsdWJsb2NhbCI6MTIwNDIsImlkQ2x1YnZpc2l0YSI6MTIwNTF9/informe-arbitral-gallos-blancos-de-queretaro-vs-mazatlan-fc-jornada-3-estadio-la-corregidora-calientemx', 'text': '3 - 1'}","{'type': 'link', 'href': 'https://www.ligafemenil.mx/cancha/club/12051/mazatlan-fc', 'text': ''}","{'type': 'link', 'href': 'https://www.ligafemenil.mx/cancha/estadio/25/estadio-la-corregidora', 'text': 'La Corregidora'}","{'type': 'link', 'href': 'https://www.ligafemenil.mx/cancha/mxm/144931/eyJpZENsdWJsb2NhbCI6IjEyMDQyIiwiaWRDbHVidmlzaXRhIjoiMTIwNTEiLCJpZFBhcnRpZG8iOiIxNDQ5MzEiLCJwZXN0YW5hIjoiMSJ9/minuto-a-minuto-gallos-blancos-de-queretaro-vs-mazatlan-fc-jornada-3-estadio-la-corregidora-calientemx', 'text': ''}","{'type': 'link', 'href': 'https://www.ligafemenil.mx/cancha/mxm/144931/eyJpZENsdWJsb2NhbCI6IjEyMDQyIiwiaWRDbHVidmlzaXRhIjoiMTIwNTEiLCJpZFBhcnRpZG8iOiIxNDQ5MzEiLCJwZXN0YW5hIjoiMyJ9/minuto-a-minuto-gallos-blancos-de-queretaro-vs-mazatlan-fc-jornada-3-estadio-la-corregidora-calientemx', 'text': ''}","{'type': 'link', 'href': 'https://www.ligafemenil.mx/cancha/informeArbitral/144931/eyJpZENsdWJsb2NhbCI6IjEyMDQyIiwiaWRDbHVidmlzaXRhIjoiMTIwNTEifQ==/informe-arbitral-gallos-blancos-de-queretaro-vs-mazatlan-fc-jornada-3-estadio-la-corregidora-calientemx', 'text': ''}","{'type': 'link', 'href': 'https://www.ligafemenil.mx/cancha/mxm/144931/eyJpZENsdWJsb2NhbCI6IjEyMDQyIiwiaWRDbHVidmlzaXRhIjoiMTIwNTEiLCJpZFBhcnRpZG8iOiIxNDQ5MzEiLCJwZXN0YW5hIjoiNCJ9/minuto-a-minuto-gallos-blancos-de-queretaro-vs-mazatlan-fc-jornada-3-estadio-la-corregidora-calientemx', 'text': ''}","{'type': 'link', 'href': 'https://www.ligafemenil.mx/cancha/galeria/MTQ0OTMxLzMvNzUvMi8xNA==/gallos-blancos-de-queretaro-vs-mazatlan-fc', 'text': ''}","{'type': 'link', 'href': 'https://www.ligafemenil.mx/cancha/playlist/144931/gallos-blancos-de-queretaro-vs-mazatlan-fc', 'text': ''}"
2024-2025,Clausura,"{'type': 'text', 'value': 'Jueves 16 de Enero de 2025\nTemporada 2024-2025\nTorneo Clausura\nJornada 3\n16 Enero 2025 - 15:45 hrs.'}","{'type': 'link', 'href': 'https://www.ligafemenil.mx/cancha/club/11189/necaxa', 'text': ''}","{'type': 'link', 'href': 'https://www.ligafemenil.mx/cancha/informeArbitral/144933/eyJpZENsdWJsb2NhbCI6MTExODksImlkQ2x1YnZpc2l0YSI6MTExOTF9/informe-arbitral-necaxa-vs-america-jornada-3-estadio-instalaciones-casa-club-necaxa-cancha-1-lmxf-tv--vix', 'text': '0 - 5'}","{'type': 'link', 'href': 'https://www.ligafemenil.mx/cancha/club/11191/america', 'text': ''}","{'type': 'link', 'href': 'https://www.ligafemenil.mx/cancha/estadio/2009/estadio-instalaciones-casa-club-necaxa-cancha-1', 'text': 'Instalaciones Casa Club Necaxa Cancha 1'}","{'type': 'link', 'href': 'https://www.ligafemenil.mx/cancha/mxm/144933/eyJpZENsdWJsb2NhbCI6IjExMTg5IiwiaWRDbHVidmlzaXRhIjoiMTExOTEiLCJpZFBhcnRpZG8iOiIxNDQ5MzMiLCJwZXN0YW5hIjoiMSJ9/minuto-a-minuto-necaxa-vs-america-jornada-3-estadio-instalaciones-casa-club-necaxa-cancha-1-lmxf-tv--vix', 'text': ''}","{'type': 'link', 'href': 'https://www.ligafemenil.mx/cancha/mxm/144933/eyJpZENsdWJsb2NhbCI6IjExMTg5IiwiaWRDbHVidmlzaXRhIjoiMTExOTEiLCJpZFBhcnRpZG8iOiIxNDQ5MzMiLCJwZXN0YW5hIjoiMyJ9/minuto-a-minuto-necaxa-vs-america-jornada-3-estadio-instalaciones-casa-club-necaxa-cancha-1-lmxf-tv--vix', 'text': ''}","{'type': 'link', 'href': 'https://www.ligafemenil.mx/cancha/informeArbitral/144933/eyJpZENsdWJsb2NhbCI6IjExMTg5IiwiaWRDbHVidmlzaXRhIjoiMTExOTEifQ==/informe-arbitral-necaxa-vs-america-jornada-3-estadio-instalaciones-casa-club-necaxa-cancha-1-lmxf-tv--vix', 'text': ''}","{'type': 'link', 'href': 'https://www.ligafemenil.mx/cancha/mxm/144933/eyJpZENsdWJsb2NhbCI6IjExMTg5IiwiaWRDbHVidmlzaXRhIjoiMTExOTEiLCJpZFBhcnRpZG8iOiIxNDQ5MzMiLCJwZXN0YW5hIjoiNCJ9/minuto-a-minuto-necaxa-vs-america-jornada-3-estadio-instalaciones-casa-club-necaxa-cancha-1-lmxf-tv--vix', 'text': ''}","{'type': 'link', 'href': 'https://www.ligafemenil.mx/cancha/galeria/MTQ0OTMzLzMvNzUvMi8xNA==/necaxa-vs-america', 'text': ''}","{'type': 'link', 'href': 'https://www.ligafemenil.mx/cancha/playlist/144933/necaxa-vs-america', 'text': ''}"
2024-2025,Clausura,"{'type': 'text', 'value': 'Jueves 16 de Enero de 2025\nTemporada 2024-2025\nTorneo Clausura\nJornada 3\n16 Enero 2025 - 19:00 hrs.'}","{'type': 'link', 'href': 'https://www.ligafemenil.mx/cancha/club/11186/tigres-de-la-uanl', 'text': ''}","{'type': 'link', 'href': 'https://www.ligafemenil.mx/cancha/informeArbitral/144936/eyJpZENsdWJsb2NhbCI6MTExODYsImlkQ2x1YnZpc2l0YSI6MTEyNDV9/informe-arbitral-tigres-de-la-uanl-vs-atlas-jornada-3-estadio-universitario-fox-sports', 'text': '1 - 2'}","{'type': 'link', 'href': 'https://www.ligafemenil.mx/cancha/club/11245/atlas', 'text': ''}","{'type': 'link', 'href': 'https://www.ligafemenil.mx/cancha/estadio/12/estadio-universitario', 'text': 'Universitario'}","{'type': 'link', 'href': 'https://www.ligafemenil.mx/cancha/mxm/144936/eyJpZENsdWJsb2NhbCI6IjExMTg2IiwiaWRDbHVidmlzaXRhIjoiMTEyNDUiLCJpZFBhcnRpZG8iOiIxNDQ5MzYiLCJwZXN0YW5hIjoiMSJ9/minuto-a-minuto-tigres-de-la-uanl-vs-atlas-jornada-3-estadio-universitario-fox-sports', 'text': ''}","{'type': 'link', 'href': 'https://www.ligafemenil.mx/cancha/mxm/144936/eyJpZENsdWJsb2NhbCI6IjExMTg2IiwiaWRDbHVidmlzaXRhIjoiMTEyNDUiLCJpZFBhcnRpZG8iOiIxNDQ5MzYiLCJwZXN0YW5hIjoiMyJ9/minuto-a-minuto-tigres-de-la-uanl-vs-atlas-jornada-3-estadio-universitario-fox-sports', 'text': ''}","{'type': 'link', 'href': 'https://www.ligafemenil.mx/cancha/informeArbitral/144936/eyJpZENsdWJsb2NhbCI6IjExMTg2IiwiaWRDbHVidmlzaXRhIjoiMTEyNDUifQ==/informe-arbitral-tigres-de-la-uanl-vs-atlas-jornada-3-estadio-universitario-fox-sports', 'text': ''}","{'type': 'link', 'href': 'https://www.ligafemenil.mx/cancha/mxm/144936/eyJpZENsdWJsb2NhbCI6IjExMTg2IiwiaWRDbHVidmlzaXRhIjoiMTEyNDUiLCJpZFBhcnRpZG8iOiIxNDQ5MzYiLCJwZXN0YW5hIjoiNCJ9/minuto-a-minuto-tigres-de-la-uanl-vs-atlas-jornada-3-estadio-universitario-fox-sports', 'text': ''}","{'type': 'link', 'href': 'https://www.ligafemenil.mx/cancha/galeria/MTQ0OTM2LzMvNzUvMi8xNA==/tigres-de-la-uanl-vs-atlas', 'text': ''}","{'type': 'link', 'href': 'https://www.ligafemenil.mx/cancha/playlist/144936/tigres-de-la-uanl-vs-atlas', 'text': ''}"
2024-2025,Clausura,"{'type': 'text', 'value': 'Jueves 16 de Enero de 2025\nTemporada 2024-2025\nTorneo Clausura\nJornada 3\n16 Enero 2025 - 21:06 hrs.'}","{'type': 'link', 'href': 'https://www.ligafemenil.mx/cancha/club/11182/guadalajara', 'text': ''}","{'type': 'link', 'href': 'https://www.ligafemenil.mx/cancha/informeArbitral/144937/eyJpZENsdWJsb2NhbCI6MTExODIsImlkQ2x1YnZpc2l0YSI6MTE3OTV9/informe-arbitral-guadalajara-vs-fc-juarez-jornada-3-estadio-akron-fox-sports', 'text': '0 - 0'}","{'type': 'link', 'href': 'https://www.ligafemenil.mx/cancha/club/11795/fc-juarez', 'text': ''}","{'type': 'link', 'href': 'https://www.ligafemenil.mx/cancha/estadio/1538/estadio-akron', 'text': 'Estadio AKRON'}","{'type': 'link', 'href': 'https://www.ligafemenil.mx/cancha/mxm/144937/eyJpZENsdWJsb2NhbCI6IjExMTgyIiwiaWRDbHVidmlzaXRhIjoiMTE3OTUiLCJpZFBhcnRpZG8iOiIxNDQ5MzciLCJwZXN0YW5hIjoiMSJ9/minuto-a-minuto-guadalajara-vs-fc-juarez-jornada-3-estadio-akron-fox-sports', 'text': ''}","{'type': 'link', 'href': 'https://www.ligafemenil.mx/cancha/mxm/144937/eyJpZENsdWJsb2NhbCI6IjExMTgyIiwiaWRDbHVidmlzaXRhIjoiMTE3OTUiLCJpZFBhcnRpZG8iOiIxNDQ5MzciLCJwZXN0YW5hIjoiMyJ9/minuto-a-minuto-guadalajara-vs-fc-juarez-jornada-3-estadio-akron-fox-sports', 'text': ''}","{'type': 'link', 'href': 'https://www.ligafemenil.mx/cancha/informeArbitral/144937/eyJpZENsdWJsb2NhbCI6IjExMTgyIiwiaWRDbHVidmlzaXRhIjoiMTE3OTUifQ==/informe-arbitral-guadalajara-vs-fc-juarez-jornada-3-estadio-akron-fox-sports', 'text': ''}","{'type': 'link', 'href': 'https://www.ligafemenil.mx/cancha/mxm/144937/eyJpZENsdWJsb2NhbCI6IjExMTgyIiwiaWRDbHVidmlzaXRhIjoiMTE3OTUiLCJpZFBhcnRpZG8iOiIxNDQ5MzciLCJwZXN0YW5hIjoiNCJ9/minuto-a-minuto-guadalajara-vs-fc-juarez-jornada-3-estadio-akron-fox-sports', 'text': ''}","{'type': 'link', 'href': 'https://www.ligafemenil.mx/cancha/galeria/MTQ0OTM3LzMvNzUvMi8xNA==/guadalajara-vs-fc-juarez', 'text': ''}","{'type': 'link', 'href': 'https://www.ligafemenil.mx/cancha/playlist/144937/guadalajara-vs-fc-juarez', 'text': ''}"
2024-2025,Clausura,"{'type': 'text', 'value': 'Viernes 17 de Enero de 2025\nTemporada 2024-2025\nTorneo Clausura\nJornada 3\n17 Enero 2025 - 19:00 hrs.'}","{'type': 'link', 'href': 'https://www.ligafemenil.mx/cancha/club/11180/tijuana', 'text': ''}","{'type': 'link', 'href': 'https://www.ligafemenil.mx/cancha/informeArbitral/144939/eyJpZENsdWJsb2NhbCI6MTExODAsImlkQ2x1YnZpc2l0YSI6MTExODd9/informe-arbitral-tijuana-vs-toluca-jornada-3-estadio-caliente-calientemx', 'text': '3 - 1'}","{'type': 'link', 'href': 'https://www.ligafemenil.mx/cancha/club/11187/toluca', 'text': ''}","{'type': 'link', 'href': 'https://www.ligafemenil.mx/cancha/estadio/48/estadio-caliente', 'text': 'Caliente'}","{'type': 'link', 'href': 'https://www.ligafemenil.mx/cancha/mxm/144939/eyJpZENsdWJsb2NhbCI6IjExMTgwIiwiaWRDbHVidmlzaXRhIjoiMTExODciLCJpZFBhcnRpZG8iOiIxNDQ5MzkiLCJwZXN0YW5hIjoiMSJ9/minuto-a-minuto-tijuana-vs-toluca-jornada-3-estadio-caliente-calientemx', 'text': ''}","{'type': 'link', 'href': 'https://www.ligafemenil.mx/cancha/mxm/144939/eyJpZENsdWJsb2NhbCI6IjExMTgwIiwiaWRDbHVidmlzaXRhIjoiMTExODciLCJpZFBhcnRpZG8iOiIxNDQ5MzkiLCJwZXN0YW5hIjoiMyJ9/minuto-a-minuto-tijuana-vs-toluca-jornada-3-estadio-caliente-calientemx', 'text': ''}","{'type': 'link', 'href': 'https://www.ligafemenil.mx/cancha/informeArbitral/144939/eyJpZENsdWJsb2NhbCI6IjExMTgwIiwiaWRDbHVidmlzaXRhIjoiMTExODcifQ==/informe-arbitral-tijuana-vs-toluca-jornada-3-estadio-caliente-calientemx', 'text': ''}","{'type': 'link', 'href': 'https://www.ligafemenil.mx/cancha/mxm/144939/eyJpZENsdWJsb2NhbCI6IjExMTgwIiwiaWRDbHVidmlzaXRhIjoiMTExODciLCJpZFBhcnRpZG8iOiIxNDQ5MzkiLCJwZXN0YW5hIjoiNCJ9/minuto-a-minuto-tijuana-vs-toluca-jornada-3-estadio-caliente-calientemx', 'text': ''}","{'type': 'link', 'href': 'https://www.ligafemenil.mx/cancha/galeria/MTQ0OTM5LzMvNzUvMi8xNA==/tijuana-vs-toluca', 'text': ''}","{'type': 'link', 'href': 'https://www.ligafemenil.mx/cancha/playlist/144939/tijuana-vs-toluca', 'text': ''}"
2024-2025,Clausura,"{'type': 'text', 'value': 'Domingo 19 de Enero de 2025\nTemporada 2024-2025\nTorneo Clausura\nJornada 4\n19 Enero 2025 - 19:00 hrs.'}","{'type': 'link', 'href': 'https://www.ligafemenil.mx/cancha/club/11185/rayados-de-monterrey', 'text': ''}","{'type': 'link', 'href': 'https://www.ligafemenil.mx/cancha/informeArbitral/144945/eyJpZENsdWJsb2NhbCI6MTExODUsImlkQ2x1YnZpc2l0YSI6MTE1NDN9/informe-arbitral-rayados-de-monterrey-vs-puebla-fc-jornada-4-estadio-bbva-lmxf-tv--vix', 'text': '5 - 1'}","{'type': 'link', 'href': 'https://www.ligafemenil.mx/cancha/club/11543/puebla-fc', 'text': ''}","{'type': 'link', 'href': 'https://www.ligafemenil.mx/cancha/estadio/1608/estadio-bbva', 'text': 'Estadio BBVA'}","{'type': 'link', 'href': 'https://www.ligafemenil.mx/cancha/mxm/144945/eyJpZENsdWJsb2NhbCI6IjExMTg1IiwiaWRDbHVidmlzaXRhIjoiMTE1NDMiLCJpZFBhcnRpZG8iOiIxNDQ5NDUiLCJwZXN0YW5hIjoiMSJ9/minuto-a-minuto-rayados-de-monterrey-vs-puebla-fc-jornada-4-estadio-bbva-lmxf-tv--vix', 'text': ''}","{'type': 'link', 'href': 'https://www.ligafemenil.mx/cancha/mxm/144945/eyJpZENsdWJsb2NhbCI6IjExMTg1IiwiaWRDbHVidmlzaXRhIjoiMTE1NDMiLCJpZFBhcnRpZG8iOiIxNDQ5NDUiLCJwZXN0YW5hIjoiMyJ9/minuto-a-minuto-rayados-de-monterrey-vs-puebla-fc-jornada-4-estadio-bbva-lmxf-tv--vix', 'text': ''}","{'type': 'link', 'href': 'https://www.ligafemenil.mx/cancha/informeArbitral/144945/eyJpZENsdWJsb2NhbCI6IjExMTg1IiwiaWRDbHVidmlzaXRhIjoiMTE1NDMifQ==/informe-arbitral-rayados-de-monterrey-vs-puebla-fc-jornada-4-estadio-bbva-lmxf-tv--vix', 'text': ''}","{'type': 'link', 'href': 'https://www.ligafemenil.mx/cancha/mxm/144945/eyJpZENsdWJsb2NhbCI6IjExMTg1IiwiaWRDbHVidmlzaXRhIjoiMTE1NDMiLCJpZFBhcnRpZG8iOiIxNDQ5NDUiLCJwZXN0YW5hIjoiNCJ9/minuto-a-minuto-rayados-de-monterrey-vs-puebla-fc-jornada-4-estadio-bbva-lmxf-tv--vix', 'text': ''}","{'type': 'link', 'href': 'https://www.ligafemenil.mx/cancha/galeria/MTQ0OTQ1LzQvNzUvMi8xNA==/rayados-de-monterrey-vs-puebla-fc', 'text': ''}","{'type': 'link', 'href': 'https://www.ligafemenil.mx/cancha/playlist/144945/rayados-de-monterrey-vs-puebla-fc', 'text': ''}"
2024-2025,Clausura,"{'type': 'text', 'value': 'Domingo 19 de Enero de 2025\nTemporada 2024-2025\nTorneo Clausura\nJornada 4\n19 Enero 2025 - 20:00 hrs.'}","{'type': 'link', 'href': 'https://www.ligafemenil.mx/cancha/club/12051/mazatlan-fc', 'text': ''}","{'type': 'link', 'href': 'https://www.ligafemenil.mx/cancha/informeArbitral/144946/eyJpZENsdWJsb2NhbCI6MTIwNTEsImlkQ2x1YnZpc2l0YSI6MTExODR9/informe-arbitral-mazatlan-fc-vs-pachuca-jornada-4-estadio-el-encanto-fox-sports', 'text': '0 - 2'}","{'type': 'link', 'href': 'https://www.ligafemenil.mx/cancha/club/11184/pachuca', 'text': ''}","{'type': 'link', 'href': 'https://www.ligafemenil.mx/cancha/estadio/1931/estadio-el-encanto', 'text': 'El Encanto'}","{'type': 'link', 'href': 'https://www.ligafemenil.mx/cancha/mxm/144946/eyJpZENsdWJsb2NhbCI6IjEyMDUxIiwiaWRDbHVidmlzaXRhIjoiMTExODQiLCJpZFBhcnRpZG8iOiIxNDQ5NDYiLCJwZXN0YW5hIjoiMSJ9/minuto-a-minuto-mazatlan-fc-vs-pachuca-jornada-4-estadio-el-encanto-fox-sports', 'text': ''}","{'type': 'link', 'href': 'https://www.ligafemenil.mx/cancha/mxm/144946/eyJpZENsdWJsb2NhbCI6IjEyMDUxIiwiaWRDbHVidmlzaXRhIjoiMTExODQiLCJpZFBhcnRpZG8iOiIxNDQ5NDYiLCJwZXN0YW5hIjoiMyJ9/minuto-a-minuto-mazatlan-fc-vs-pachuca-jornada-4-estadio-el-encanto-fox-sports', 'text': ''}","{'type': 'link', 'href': 'https://www.ligafemenil.mx/cancha/informeArbitral/144946/eyJpZENsdWJsb2NhbCI6IjEyMDUxIiwiaWRDbHVidmlzaXRhIjoiMTExODQifQ==/informe-arbitral-mazatlan-fc-vs-pachuca-jornada-4-estadio-el-encanto-fox-sports', 'text': ''}","{'type': 'link', 'href': 'https://www.ligafemenil.mx/cancha/mxm/144946/eyJpZENsdWJsb2NhbCI6IjEyMDUxIiwiaWRDbHVidmlzaXRhIjoiMTExODQiLCJpZFBhcnRpZG8iOiIxNDQ5NDYiLCJwZXN0YW5hIjoiNCJ9/minuto-a-minuto-mazatlan-fc-vs-pachuca-jornada-4-estadio-el-encanto-fox-sports', 'text': ''}","{'type': 'link', 'href': 'https://www.ligafemenil.mx/cancha/galeria/MTQ0OTQ2LzQvNzUvMi8xNA==/mazatlan-fc-vs-pachuca', 'text': ''}","{'type': 'link', 'href': 'https://www.ligafemenil.mx/cancha/playlist/144946/mazatlan-fc-vs-pachuca', 'text': ''}"
2024-2025,Clausura,"{'type': 'text', 'value': 'Lunes 20 de Enero de 2025\nTemporada 2024-2025\nTorneo Clausura\nJornada 4\n20 Enero 2025 - 16:30 hrs.'}","{'type': 'link', 'href': 'https://www.ligafemenil.mx/cancha/club/11243/leon', 'text': ''}","{'type': 'link', 'href': 'https://www.ligafemenil.mx/cancha/informeArbitral/144951/eyJpZENsdWJsb2NhbCI6MTEyNDMsImlkQ2x1YnZpc2l0YSI6MTExODZ9/informe-arbitral-leon-vs-tigres-de-la-uanl-jornada-4-estadio-nou-camp-tbd', 'text': '2 - 2'}","{'type': 'link', 'href': 'https://www.ligafemenil.mx/cancha/club/11186/tigres-de-la-uanl', 'text': ''}","{'type': 'link', 'href': 'https://www.ligafemenil.mx/cancha/estadio/23/estadio-nou-camp', 'text': 'Nou Camp'}","{'type': 'link', 'href': 'https://www.ligafemenil.mx/cancha/mxm/144951/eyJpZENsdWJsb2NhbCI6IjExMjQzIiwiaWRDbHVidmlzaXRhIjoiMTExODYiLCJpZFBhcnRpZG8iOiIxNDQ5NTEiLCJwZXN0YW5hIjoiMSJ9/minuto-a-minuto-leon-vs-tigres-de-la-uanl-jornada-4-estadio-nou-camp-tbd', 'text': ''}","{'type': 'link', 'href': 'https://www.ligafemenil.mx/cancha/mxm/144951/eyJpZENsdWJsb2NhbCI6IjExMjQzIiwiaWRDbHVidmlzaXRhIjoiMTExODYiLCJpZFBhcnRpZG8iOiIxNDQ5NTEiLCJwZXN0YW5hIjoiMyJ9/minuto-a-minuto-leon-vs-tigres-de-la-uanl-jornada-4-estadio-nou-camp-tbd', 'text': ''}","{'type': 'link', 'href': 'https://www.ligafemenil.mx/cancha/informeArbitral/144951/eyJpZENsdWJsb2NhbCI6IjExMjQzIiwiaWRDbHVidmlzaXRhIjoiMTExODYifQ==/informe-arbitral-leon-vs-tigres-de-la-uanl-jornada-4-estadio-nou-camp-tbd', 'text': ''}","{'type': 'link', 'href': 'https://www.ligafemenil.mx/cancha/mxm/144951/eyJpZENsdWJsb2NhbCI6IjExMjQzIiwiaWRDbHVidmlzaXRhIjoiMTExODYiLCJpZFBhcnRpZG8iOiIxNDQ5NTEiLCJwZXN0YW5hIjoiNCJ9/minuto-a-minuto-leon-vs-tigres-de-la-uanl-jornada-4-estadio-nou-camp-tbd', 'text': ''}","{'type': 'link', 'href': 'https://www.ligafemenil.mx/cancha/galeria/MTQ0OTUxLzQvNzUvMi8xNA==/leon-vs-tigres-de-la-uanl', 'text': ''}","{'type': 'link', 'href': 'https://www.ligafemenil.mx/cancha/playlist/144951/leon-vs-tigres-de-la-uanl', 'text': ''}"
2024-2025,Clausura,"{'type': 'text', 'value': 'Lunes 20 de Enero de 2025\nTemporada 2024-2025\nTorneo Clausura\nJornada 4\n20 Enero 2025 - 15:45 hrs.'}","{'type': 'link', 'href': 'https://www.ligafemenil.mx/cancha/club/11795/fc-juarez', 'text': ''}","{'type': 'link', 'href': 'https://www.ligafemenil.mx/cancha/informeArbitral/144955/eyJpZENsdWJsb2NhbCI6MTE3OTUsImlkQ2x1YnZpc2l0YSI6MTExODh9/informe-arbitral-fc-juarez-vs-pumas-jornada-4-estadio-olimpico-benito-juarez-nh', 'text': '1 - 1'}","{'type': 'link', 'href': 'https://www.ligafemenil.mx/cancha/club/11188/pumas', 'text': ''}","{'type': 'link', 'href': 'https://www.ligafemenil.mx/cancha/estadio/17/estadio-olimpico-benito-juarez', 'text': 'Olímpico Benito Juárez'}","{'type': 'link', 'href': 'https://www.ligafemenil.mx/cancha/mxm/144955/eyJpZENsdWJsb2NhbCI6IjExNzk1IiwiaWRDbHVidmlzaXRhIjoiMTExODgiLCJpZFBhcnRpZG8iOiIxNDQ5NTUiLCJwZXN0YW5hIjoiMSJ9/minuto-a-minuto-fc-juarez-vs-pumas-jornada-4-estadio-olimpico-benito-juarez-nh', 'text': ''}","{'type': 'link', 'href': 'https://www.ligafemenil.mx/cancha/mxm/144955/eyJpZENsdWJsb2NhbCI6IjExNzk1IiwiaWRDbHVidmlzaXRhIjoiMTExODgiLCJpZFBhcnRpZG8iOiIxNDQ5NTUiLCJwZXN0YW5hIjoiMyJ9/minuto-a-minuto-fc-juarez-vs-pumas-jornada-4-estadio-olimpico-benito-juarez-nh', 'text': ''}","{'type': 'link', 'href': 'https://www.ligafemenil.mx/cancha/informeArbitral/144955/eyJpZENsdWJsb2NhbCI6IjExNzk1IiwiaWRDbHVidmlzaXRhIjoiMTExODgifQ==/informe-arbitral-fc-juarez-vs-pumas-jornada-4-estadio-olimpico-benito-juarez-nh', 'text': ''}","{'type': 'link', 'href': 'https://www.ligafemenil.mx/cancha/mxm/144955/eyJpZENsdWJsb2NhbCI6IjExNzk1IiwiaWRDbHVidmlzaXRhIjoiMTExODgiLCJpZFBhcnRpZG8iOiIxNDQ5NTUiLCJwZXN0YW5hIjoiNCJ9/minuto-a-minuto-fc-juarez-vs-pumas-jornada-4-estadio-olimpico-benito-juarez-nh', 'text': ''}","{'type': 'link', 'href': 'https://www.ligafemenil.mx/cancha/galeria/MTQ0OTU1LzQvNzUvMi8xNA==/fc-juarez-vs-pumas', 'text': ''}","{'type': 'link', 'href': 'https://www.ligafemenil.mx/cancha/playlist/144955/fc-juarez-vs-pumas', 'text': ''}"
2024-2025,Clausura,"{'type': 'text', 'value': 'Lunes 20 de Enero de 2025\nTemporada 2024-2025\nTorneo Clausura\nJornada 4\n20 Enero 2025 - 17:00 hrs.'}","{'type': 'link', 'href': 'https://www.ligafemenil.mx/cancha/club/11778/club-atletico-de-san-luis', 'text': ''}","{'type': 'link', 'href': 'https://www.ligafemenil.mx/cancha/informeArbitral/144949/eyJpZENsdWJsb2NhbCI6MTE3NzgsImlkQ2x1YnZpc2l0YSI6MTExODB9/informe-arbitral-club-atletico-de-san-luis-vs-tijuana-jornada-4-estadio-alfonso-lastras-ramirez-espn', 'text': '2 - 0'}","{'type': 'link', 'href': 'https://www.ligafemenil.mx/cancha/club/11180/tijuana', 'text': ''}","{'type': 'link', 'href': 'https://www.ligafemenil.mx/cancha/estadio/14/estadio-alfonso-lastras-ramirez', 'text': 'Alfonso Lastras Ramírez'}","{'type': 'link', 'href': 'https://www.ligafemenil.mx/cancha/mxm/144949/eyJpZENsdWJsb2NhbCI6IjExNzc4IiwiaWRDbHVidmlzaXRhIjoiMTExODAiLCJpZFBhcnRpZG8iOiIxNDQ5NDkiLCJwZXN0YW5hIjoiMSJ9/minuto-a-minuto-club-atletico-de-san-luis-vs-tijuana-jornada-4-estadio-alfonso-lastras-ramirez-espn', 'text': ''}","{'type': 'link', 'href': 'https://www.ligafemenil.mx/cancha/mxm/144949/eyJpZENsdWJsb2NhbCI6IjExNzc4IiwiaWRDbHVidmlzaXRhIjoiMTExODAiLCJpZFBhcnRpZG8iOiIxNDQ5NDkiLCJwZXN0YW5hIjoiMyJ9/minuto-a-minuto-club-atletico-de-san-luis-vs-tijuana-jornada-4-estadio-alfonso-lastras-ramirez-espn', 'text': ''}","{'type': 'link', 'href': 'https://www.ligafemenil.mx/cancha/informeArbitral/144949/eyJpZENsdWJsb2NhbCI6IjExNzc4IiwiaWRDbHVidmlzaXRhIjoiMTExODAifQ==/informe-arbitral-club-atletico-de-san-luis-vs-tijuana-jornada-4-estadio-alfonso-lastras-ramirez-espn', 'text': ''}","{'type': 'link', 'href': 'https://www.ligafemenil.mx/cancha/mxm/144949/eyJpZENsdWJsb2NhbCI6IjExNzc4IiwiaWRDbHVidmlzaXRhIjoiMTExODAiLCJpZFBhcnRpZG8iOiIxNDQ5NDkiLCJwZXN0YW5hIjoiNCJ9/minuto-a-minuto-club-atletico-de-san-luis-vs-tijuana-jornada-4-estadio-alfonso-lastras-ramirez-espn', 'text': ''}","{'type': 'link', 'href': 'https://www.ligafemenil.mx/cancha/galeria/MTQ0OTQ5LzQvNzUvMi8xNA==/club-atletico-de-san-luis-vs-tijuana', 'text': ''}","{'type': 'link', 'href': 'https://www.ligafemenil.mx/cancha/playlist/144949/club-atletico-de-san-luis-vs-tijuana', 'text': ''}"
2024-2025,Clausura,"{'type': 'text', 'value': 'Lunes 20 de Enero de 2025\nTemporada 2024-2025\nTorneo Clausura\nJornada 4\n20 Enero 2025 - 19:00 hrs.'}","{'type': 'link', 'href': 'https://www.ligafemenil.mx/cancha/club/11187/toluca', 'text': ''}","{'type': 'link', 'href': 'https://www.ligafemenil.mx/cancha/informeArbitral/144953/eyJpZENsdWJsb2NhbCI6MTExODcsImlkQ2x1YnZpc2l0YSI6MTIwNDJ9/informe-arbitral-toluca-vs-gallos-blancos-de-queretaro-jornada-4-estadio-nemesio-diez-lmxf-tv--vix', 'text': '1 - 2'}","{'type': 'link', 'href': 'https://www.ligafemenil.mx/cancha/club/12042/gallos-blancos-de-queretaro', 'text': ''}","{'type': 'link', 'href': 'https://www.ligafemenil.mx/cancha/estadio/6/estadio-nemesio-diez', 'text': 'Nemesio Diez'}","{'type': 'link', 'href': 'https://www.ligafemenil.mx/cancha/mxm/144953/eyJpZENsdWJsb2NhbCI6IjExMTg3IiwiaWRDbHVidmlzaXRhIjoiMTIwNDIiLCJpZFBhcnRpZG8iOiIxNDQ5NTMiLCJwZXN0YW5hIjoiMSJ9/minuto-a-minuto-toluca-vs-gallos-blancos-de-queretaro-jornada-4-estadio-nemesio-diez-lmxf-tv--vix', 'text': ''}","{'type': 'link', 'href': 'https://www.ligafemenil.mx/cancha/mxm/144953/eyJpZENsdWJsb2NhbCI6IjExMTg3IiwiaWRDbHVidmlzaXRhIjoiMTIwNDIiLCJpZFBhcnRpZG8iOiIxNDQ5NTMiLCJwZXN0YW5hIjoiMyJ9/minuto-a-minuto-toluca-vs-gallos-blancos-de-queretaro-jornada-4-estadio-nemesio-diez-lmxf-tv--vix', 'text': ''}","{'type': 'link', 'href': 'https://www.ligafemenil.mx/cancha/informeArbitral/144953/eyJpZENsdWJsb2NhbCI6IjExMTg3IiwiaWRDbHVidmlzaXRhIjoiMTIwNDIifQ==/informe-arbitral-toluca-vs-gallos-blancos-de-queretaro-jornada-4-estadio-nemesio-diez-lmxf-tv--vix', 'text': ''}","{'type': 'link', 'href': 'https://www.ligafemenil.mx/cancha/mxm/144953/eyJpZENsdWJsb2NhbCI6IjExMTg3IiwiaWRDbHVidmlzaXRhIjoiMTIwNDIiLCJpZFBhcnRpZG8iOiIxNDQ5NTMiLCJwZXN0YW5hIjoiNCJ9/minuto-a-minuto-toluca-vs-gallos-blancos-de-queretaro-jornada-4-estadio-nemesio-diez-lmxf-tv--vix', 'text': ''}","{'type': 'link', 'href': 'https://www.ligafemenil.mx/cancha/galeria/MTQ0OTUzLzQvNzUvMi8xNA==/toluca-vs-gallos-blancos-de-queretaro', 'text': ''}","{'type': 'link', 'href': 'https://www.ligafemenil.mx/cancha/playlist/144953/toluca-vs-gallos-blancos-de-queretaro', 'text': ''}"
2024-2025,Clausura,"{'type': 'text', 'value': 'Martes 21 de Enero de 2025\nTemporada 2024-2025\nTorneo Clausura\nJornada 4\n21 Enero 2025 - 15:45 hrs.'}","{'type': 'link', 'href': 'https://www.ligafemenil.mx/cancha/club/11181/cruz-azul', 'text': ''}","{'type': 'link', 'href': 'https://www.ligafemenil.mx/cancha/informeArbitral/144957/eyJpZENsdWJsb2NhbCI6MTExODEsImlkQ2x1YnZpc2l0YSI6MTExODJ9/informe-arbitral-cruz-azul-vs-guadalajara-jornada-4-estadio-instalaciones-la-noria-cancha-1-lmxf-tv--vix', 'text': '1 - 1'}","{'type': 'link', 'href': 'https://www.ligafemenil.mx/cancha/club/11182/guadalajara', 'text': ''}","{'type': 'link', 'href': 'https://www.ligafemenil.mx/cancha/estadio/1549/estadio-instalaciones-la-noria-cancha-1', 'text': 'Instalaciones la Noria Cancha 1'}","{'type': 'link', 'href': 'https://www.ligafemenil.mx/cancha/mxm/144957/eyJpZENsdWJsb2NhbCI6IjExMTgxIiwiaWRDbHVidmlzaXRhIjoiMTExODIiLCJpZFBhcnRpZG8iOiIxNDQ5NTciLCJwZXN0YW5hIjoiMSJ9/minuto-a-minuto-cruz-azul-vs-guadalajara-jornada-4-estadio-instalaciones-la-noria-cancha-1-lmxf-tv--vix', 'text': ''}","{'type': 'link', 'href': 'https://www.ligafemenil.mx/cancha/mxm/144957/eyJpZENsdWJsb2NhbCI6IjExMTgxIiwiaWRDbHVidmlzaXRhIjoiMTExODIiLCJpZFBhcnRpZG8iOiIxNDQ5NTciLCJwZXN0YW5hIjoiMyJ9/minuto-a-minuto-cruz-azul-vs-guadalajara-jornada-4-estadio-instalaciones-la-noria-cancha-1-lmxf-tv--vix', 'text': ''}","{'type': 'link', 'href': 'https://www.ligafemenil.mx/cancha/informeArbitral/144957/eyJpZENsdWJsb2NhbCI6IjExMTgxIiwiaWRDbHVidmlzaXRhIjoiMTExODIifQ==/informe-arbitral-cruz-azul-vs-guadalajara-jornada-4-estadio-instalaciones-la-noria-cancha-1-lmxf-tv--vix', 'text': ''}","{'type': 'link', 'href': 'https://www.ligafemenil.mx/cancha/mxm/144957/eyJpZENsdWJsb2NhbCI6IjExMTgxIiwiaWRDbHVidmlzaXRhIjoiMTExODIiLCJpZFBhcnRpZG8iOiIxNDQ5NTciLCJwZXN0YW5hIjoiNCJ9/minuto-a-minuto-cruz-azul-vs-guadalajara-jornada-4-estadio-instalaciones-la-noria-cancha-1-lmxf-tv--vix', 'text': ''}","{'type': 'link', 'href': 'https://www.ligafemenil.mx/cancha/galeria/MTQ0OTU3LzQvNzUvMi8xNA==/cruz-azul-vs-guadalajara', 'text': ''}","{'type': 'link', 'href': 'https://www.ligafemenil.mx/cancha/playlist/144957/cruz-azul-vs-guadalajara', 'text': ''}"
2024-2025,Clausura,"{'type': 'text', 'value': 'Martes 21 de Enero de 2025\nTemporada 2024-2025\nTorneo Clausura\nJornada 4\n21 Enero 2025 - 19:00 hrs.'}","{'type': 'link', 'href': 'https://www.ligafemenil.mx/cancha/club/11245/atlas', 'text': ''}","{'type': 'link', 'href': 'https://www.ligafemenil.mx/cancha/informeArbitral/144961/eyJpZENsdWJsb2NhbCI6MTEyNDUsImlkQ2x1YnZpc2l0YSI6MTExOTF9/informe-arbitral-atlas-vs-america-jornada-4-estadio-jalisco-calientemx', 'text': '0 - 3'}","{'type': 'link', 'href': 'https://www.ligafemenil.mx/cancha/club/11191/america', 'text': ''}","{'type': 'link', 'href': 'https://www.ligafemenil.mx/cancha/estadio/5/estadio-jalisco', 'text': 'Jalisco'}","{'type': 'link', 'href': 'https://www.ligafemenil.mx/cancha/mxm/144961/eyJpZENsdWJsb2NhbCI6IjExMjQ1IiwiaWRDbHVidmlzaXRhIjoiMTExOTEiLCJpZFBhcnRpZG8iOiIxNDQ5NjEiLCJwZXN0YW5hIjoiMSJ9/minuto-a-minuto-atlas-vs-america-jornada-4-estadio-jalisco-calientemx', 'text': ''}","{'type': 'link', 'href': 'https://www.ligafemenil.mx/cancha/mxm/144961/eyJpZENsdWJsb2NhbCI6IjExMjQ1IiwiaWRDbHVidmlzaXRhIjoiMTExOTEiLCJpZFBhcnRpZG8iOiIxNDQ5NjEiLCJwZXN0YW5hIjoiMyJ9/minuto-a-minuto-atlas-vs-america-jornada-4-estadio-jalisco-calientemx', 'text': ''}","{'type': 'link', 'href': 'https://www.ligafemenil.mx/cancha/informeArbitral/144961/eyJpZENsdWJsb2NhbCI6IjExMjQ1IiwiaWRDbHVidmlzaXRhIjoiMTExOTEifQ==/informe-arbitral-atlas-vs-america-jornada-4-estadio-jalisco-calientemx', 'text': ''}","{'type': 'link', 'href': 'https://www.ligafemenil.mx/cancha/mxm/144961/eyJpZENsdWJsb2NhbCI6IjExMjQ1IiwiaWRDbHVidmlzaXRhIjoiMTExOTEiLCJpZFBhcnRpZG8iOiIxNDQ5NjEiLCJwZXN0YW5hIjoiNCJ9/minuto-a-minuto-atlas-vs-america-jornada-4-estadio-jalisco-calientemx', 'text': ''}","{'type': 'link', 'href': 'https://www.ligafemenil.mx/cancha/galeria/MTQ0OTYxLzQvNzUvMi8xNA==/atlas-vs-america', 'text': ''}","{'type': 'link', 'href': 'https://www.ligafemenil.mx/cancha/playlist/144961/atlas-vs-america', 'text': ''}"
2024-2025,Clausura,"{'type': 'text', 'value': 'Martes 21 de Enero de 2025\nTemporada 2024-2025\nTorneo Clausura\nJornada 4\n21 Enero 2025 - 21:00 hrs.'}","{'type': 'link', 'href': 'https://www.ligafemenil.mx/cancha/club/11192/santos-laguna', 'text': ''}","{'type': 'link', 'href': 'https://www.ligafemenil.mx/cancha/informeArbitral/144962/eyJpZENsdWJsb2NhbCI6MTExOTIsImlkQ2x1YnZpc2l0YSI6MTExODl9/informe-arbitral-santos-laguna-vs-necaxa-jornada-4-estadio-tsm-corona-calientemx', 'text': '2 - 3'}","{'type': 'link', 'href': 'https://www.ligafemenil.mx/cancha/club/11189/necaxa', 'text': ''}","{'type': 'link', 'href': 'https://www.ligafemenil.mx/cancha/estadio/63/estadio-tsm-corona', 'text': 'TSM Corona'}","{'type': 'link', 'href': 'https://www.ligafemenil.mx/cancha/mxm/144962/eyJpZENsdWJsb2NhbCI6IjExMTkyIiwiaWRDbHVidmlzaXRhIjoiMTExODkiLCJpZFBhcnRpZG8iOiIxNDQ5NjIiLCJwZXN0YW5hIjoiMSJ9/minuto-a-minuto-santos-laguna-vs-necaxa-jornada-4-estadio-tsm-corona-calientemx', 'text': ''}","{'type': 'link', 'href': 'https://www.ligafemenil.mx/cancha/mxm/144962/eyJpZENsdWJsb2NhbCI6IjExMTkyIiwiaWRDbHVidmlzaXRhIjoiMTExODkiLCJpZFBhcnRpZG8iOiIxNDQ5NjIiLCJwZXN0YW5hIjoiMyJ9/minuto-a-minuto-santos-laguna-vs-necaxa-jornada-4-estadio-tsm-corona-calientemx', 'text': ''}","{'type': 'link', 'href': 'https://www.ligafemenil.mx/cancha/informeArbitral/144962/eyJpZENsdWJsb2NhbCI6IjExMTkyIiwiaWRDbHVidmlzaXRhIjoiMTExODkifQ==/informe-arbitral-santos-laguna-vs-necaxa-jornada-4-estadio-tsm-corona-calientemx', 'text': ''}","{'type': 'link', 'href': 'https://www.ligafemenil.mx/cancha/mxm/144962/eyJpZENsdWJsb2NhbCI6IjExMTkyIiwiaWRDbHVidmlzaXRhIjoiMTExODkiLCJpZFBhcnRpZG8iOiIxNDQ5NjIiLCJwZXN0YW5hIjoiNCJ9/minuto-a-minuto-santos-laguna-vs-necaxa-jornada-4-estadio-tsm-corona-calientemx', 'text': ''}","{'type': 'link', 'href': 'https://www.ligafemenil.mx/cancha/galeria/MTQ0OTYyLzQvNzUvMi8xNA==/santos-laguna-vs-necaxa', 'text': ''}","{'type': 'link', 'href': 'https://www.ligafemenil.mx/cancha/playlist/144962/santos-laguna-vs-necaxa', 'text': ''}"
2024-2025,Clausura,"{'type': 'text', 'value': 'Viernes 24 de Enero de 2025\nTemporada 2024-2025\nTorneo Clausura\nJornada 5\n24 Enero 2025 - 16:00 hrs.'}","{'type': 'link', 'href': 'https://www.ligafemenil.mx/cancha/club/11180/tijuana', 'text': ''}","{'type': 'link', 'href': 'https://www.ligafemenil.mx/cancha/informeArbitral/144966/eyJpZENsdWJsb2NhbCI6MTExODAsImlkQ2x1YnZpc2l0YSI6MTIwNDJ9/informe-arbitral-tijuana-vs-gallos-blancos-de-queretaro-jornada-5-estadio-caliente-calientemx', 'text': '- - -'}","{'type': 'link', 'href': 'https://www.ligafemenil.mx/cancha/club/12042/gallos-blancos-de-queretaro', 'text': ''}","{'type': 'link', 'href': 'https://www.ligafemenil.mx/cancha/estadio/48/estadio-caliente', 'text': 'Caliente'}","{'type': 'link', 'href': 'https://www.ligafemenil.mx/cancha/mxm/144966/eyJpZENsdWJsb2NhbCI6IjExMTgwIiwiaWRDbHVidmlzaXRhIjoiMTIwNDIiLCJpZFBhcnRpZG8iOiIxNDQ5NjYiLCJwZXN0YW5hIjoiMSJ9/minuto-a-minuto-tijuana-vs-gallos-blancos-de-queretaro-jornada-5-estadio-caliente-calientemx', 'text': ''}","{'type': 'link', 'href': 'https://www.ligafemenil.mx/cancha/mxm/144966/eyJpZENsdWJsb2NhbCI6IjExMTgwIiwiaWRDbHVidmlzaXRhIjoiMTIwNDIiLCJpZFBhcnRpZG8iOiIxNDQ5NjYiLCJwZXN0YW5hIjoiMyJ9/minuto-a-minuto-tijuana-vs-gallos-blancos-de-queretaro-jornada-5-estadio-caliente-calientemx', 'text': ''}","{'type': 'link', 'href': 'https://www.ligafemenil.mx/cancha/informeArbitral/144966/eyJpZENsdWJsb2NhbCI6IjExMTgwIiwiaWRDbHVidmlzaXRhIjoiMTIwNDIifQ==/informe-arbitral-tijuana-vs-gallos-blancos-de-queretaro-jornada-5-estadio-caliente-calientemx', 'text': ''}","{'type': 'link', 'href': 'https://www.ligafemenil.mx/cancha/mxm/144966/eyJpZENsdWJsb2NhbCI6IjExMTgwIiwiaWRDbHVidmlzaXRhIjoiMTIwNDIiLCJpZFBhcnRpZG8iOiIxNDQ5NjYiLCJwZXN0YW5hIjoiNCJ9/minuto-a-minuto-tijuana-vs-gallos-blancos-de-queretaro-jornada-5-estadio-caliente-calientemx', 'text': ''}","{'type': 'link', 'href': 'https://www.ligafemenil.mx/cancha/galeria/MTQ0OTY2LzUvNzUvMi8xNA==/tijuana-vs-gallos-blancos-de-queretaro', 'text': ''}","{'type': 'link', 'href': 'https://www.ligafemenil.mx/cancha/playlist/144966/tijuana-vs-gallos-blancos-de-queretaro', 'text': ''}"
2024-2025,Clausura,"{'type': 'text', 'value': 'Sábado 25 de Enero de 2025\nTemporada 2024-2025\nTorneo Clausura\nJornada 5\n25 Enero 2025 - 15:45 hrs.'}","{'type': 'link', 'href': 'https://www.ligafemenil.mx/cancha/club/11191/america', 'text': ''}","{'type': 'link', 'href': 'https://www.ligafemenil.mx/cancha/informeArbitral/144979/eyJpZENsdWJsb2NhbCI6MTExOTEsImlkQ2x1YnZpc2l0YSI6MTEyNDN9/informe-arbitral-america-vs-leon-jornada-5-estadio-ciudad-de-los-deportes-lmxf-tv--vix', 'text': '- - -'}","{'type': 'link', 'href': 'https://www.ligafemenil.mx/cancha/club/11243/leon', 'text': ''}","{'type': 'link', 'href': 'https://www.ligafemenil.mx/cancha/estadio/2/estadio-ciudad-de-los-deportes', 'text': 'Ciudad De Los Deportes'}","{'type': 'link', 'href': 'https://www.ligafemenil.mx/cancha/mxm/144979/eyJpZENsdWJsb2NhbCI6IjExMTkxIiwiaWRDbHVidmlzaXRhIjoiMTEyNDMiLCJpZFBhcnRpZG8iOiIxNDQ5NzkiLCJwZXN0YW5hIjoiMSJ9/minuto-a-minuto-america-vs-leon-jornada-5-estadio-ciudad-de-los-deportes-lmxf-tv--vix', 'text': ''}","{'type': 'link', 'href': 'https://www.ligafemenil.mx/cancha/mxm/144979/eyJpZENsdWJsb2NhbCI6IjExMTkxIiwiaWRDbHVidmlzaXRhIjoiMTEyNDMiLCJpZFBhcnRpZG8iOiIxNDQ5NzkiLCJwZXN0YW5hIjoiMyJ9/minuto-a-minuto-america-vs-leon-jornada-5-estadio-ciudad-de-los-deportes-lmxf-tv--vix', 'text': ''}","{'type': 'link', 'href': 'https://www.ligafemenil.mx/cancha/informeArbitral/144979/eyJpZENsdWJsb2NhbCI6IjExMTkxIiwiaWRDbHVidmlzaXRhIjoiMTEyNDMifQ==/informe-arbitral-america-vs-leon-jornada-5-estadio-ciudad-de-los-deportes-lmxf-tv--vix', 'text': ''}","{'type': 'link', 'href': 'https://www.ligafemenil.mx/cancha/mxm/144979/eyJpZENsdWJsb2NhbCI6IjExMTkxIiwiaWRDbHVidmlzaXRhIjoiMTEyNDMiLCJpZFBhcnRpZG8iOiIxNDQ5NzkiLCJwZXN0YW5hIjoiNCJ9/minuto-a-minuto-america-vs-leon-jornada-5-estadio-ciudad-de-los-deportes-lmxf-tv--vix', 'text': ''}","{'type': 'link', 'href': 'https://www.ligafemenil.mx/cancha/galeria/MTQ0OTc5LzUvNzUvMi8xNA==/america-vs-leon', 'text': ''}","{'type': 'link', 'href': 'https://www.ligafemenil.mx/cancha/playlist/144979/america-vs-leon', 'text': ''}"
2024-2025,Clausura,"{'type': 'text', 'value': 'Domingo 26 de Enero de 2025\nTemporada 2024-2025\nTorneo Clausura\nJornada 5\n26 Enero 2025 - 12:00 hrs.'}","{'type': 'link', 'href': 'https://www.ligafemenil.mx/cancha/club/11543/puebla-fc', 'text': ''}","{'type': 'link', 'href': 'https://www.ligafemenil.mx/cancha/informeArbitral/144967/eyJpZENsdWJsb2NhbCI6MTE1NDMsImlkQ2x1YnZpc2l0YSI6MTEyNDV9/informe-arbitral-puebla-fc-vs-atlas-jornada-5-estadio-cuauhtemoc-fox-sports', 'text': '- - -'}","{'type': 'link', 'href': 'https://www.ligafemenil.mx/cancha/club/11245/atlas', 'text': ''}","{'type': 'link', 'href': 'https://www.ligafemenil.mx/cancha/estadio/9/estadio-cuauhtemoc', 'text': 'Cuauhtémoc'}","{'type': 'link', 'href': 'https://www.ligafemenil.mx/cancha/mxm/144967/eyJpZENsdWJsb2NhbCI6IjExNTQzIiwiaWRDbHVidmlzaXRhIjoiMTEyNDUiLCJpZFBhcnRpZG8iOiIxNDQ5NjciLCJwZXN0YW5hIjoiMSJ9/minuto-a-minuto-puebla-fc-vs-atlas-jornada-5-estadio-cuauhtemoc-fox-sports', 'text': ''}","{'type': 'link', 'href': 'https://www.ligafemenil.mx/cancha/mxm/144967/eyJpZENsdWJsb2NhbCI6IjExNTQzIiwiaWRDbHVidmlzaXRhIjoiMTEyNDUiLCJpZFBhcnRpZG8iOiIxNDQ5NjciLCJwZXN0YW5hIjoiMyJ9/minuto-a-minuto-puebla-fc-vs-atlas-jornada-5-estadio-cuauhtemoc-fox-sports', 'text': ''}","{'type': 'link', 'href': 'https://www.ligafemenil.mx/cancha/informeArbitral/144967/eyJpZENsdWJsb2NhbCI6IjExNTQzIiwiaWRDbHVidmlzaXRhIjoiMTEyNDUifQ==/informe-arbitral-puebla-fc-vs-atlas-jornada-5-estadio-cuauhtemoc-fox-sports', 'text': ''}","{'type': 'link', 'href': 'https://www.ligafemenil.mx/cancha/mxm/144967/eyJpZENsdWJsb2NhbCI6IjExNTQzIiwiaWRDbHVidmlzaXRhIjoiMTEyNDUiLCJpZFBhcnRpZG8iOiIxNDQ5NjciLCJwZXN0YW5hIjoiNCJ9/minuto-a-minuto-puebla-fc-vs-atlas-jornada-5-estadio-cuauhtemoc-fox-sports', 'text': ''}","{'type': 'link', 'href': 'https://www.ligafemenil.mx/cancha/galeria/MTQ0OTY3LzUvNzUvMi8xNA==/puebla-fc-vs-atlas', 'text': ''}","{'type': 'link', 'href': 'https://www.ligafemenil.mx/cancha/playlist/144967/puebla-fc-vs-atlas', 'text': ''}"
2024-2025,Clausura,"{'type': 'text', 'value': 'Domingo 26 de Enero de 2025\nTemporada 2024-2025\nTorneo Clausura\nJornada 5\n26 Enero 2025 - 15:45 hrs.'}","{'type': 'link', 'href': 'https://www.ligafemenil.mx/cancha/club/11181/cruz-azul', 'text': ''}","{'type': 'link', 'href': 'https://www.ligafemenil.mx/cancha/informeArbitral/144970/eyJpZENsdWJsb2NhbCI6MTExODEsImlkQ2x1YnZpc2l0YSI6MTIwNTF9/informe-arbitral-cruz-azul-vs-mazatlan-fc-jornada-5-estadio-instalaciones-la-noria-cancha-1-lmxf-tv--vix', 'text': '- - -'}","{'type': 'link', 'href': 'https://www.ligafemenil.mx/cancha/club/12051/mazatlan-fc', 'text': ''}","{'type': 'link', 'href': 'https://www.ligafemenil.mx/cancha/estadio/1549/estadio-instalaciones-la-noria-cancha-1', 'text': 'Instalaciones la Noria Cancha 1'}","{'type': 'link', 'href': 'https://www.ligafemenil.mx/cancha/mxm/144970/eyJpZENsdWJsb2NhbCI6IjExMTgxIiwiaWRDbHVidmlzaXRhIjoiMTIwNTEiLCJpZFBhcnRpZG8iOiIxNDQ5NzAiLCJwZXN0YW5hIjoiMSJ9/minuto-a-minuto-cruz-azul-vs-mazatlan-fc-jornada-5-estadio-instalaciones-la-noria-cancha-1-lmxf-tv--vix', 'text': ''}","{'type': 'link', 'href': 'https://www.ligafemenil.mx/cancha/mxm/144970/eyJpZENsdWJsb2NhbCI6IjExMTgxIiwiaWRDbHVidmlzaXRhIjoiMTIwNTEiLCJpZFBhcnRpZG8iOiIxNDQ5NzAiLCJwZXN0YW5hIjoiMyJ9/minuto-a-minuto-cruz-azul-vs-mazatlan-fc-jornada-5-estadio-instalaciones-la-noria-cancha-1-lmxf-tv--vix', 'text': ''}","{'type': 'link', 'href': 'https://www.ligafemenil.mx/cancha/informeArbitral/144970/eyJpZENsdWJsb2NhbCI6IjExMTgxIiwiaWRDbHVidmlzaXRhIjoiMTIwNTEifQ==/informe-arbitral-cruz-azul-vs-mazatlan-fc-jornada-5-estadio-instalaciones-la-noria-cancha-1-lmxf-tv--vix', 'text': ''}","{'type': 'link', 'href': 'https://www.ligafemenil.mx/cancha/mxm/144970/eyJpZENsdWJsb2NhbCI6IjExMTgxIiwiaWRDbHVidmlzaXRhIjoiMTIwNTEiLCJpZFBhcnRpZG8iOiIxNDQ5NzAiLCJwZXN0YW5hIjoiNCJ9/minuto-a-minuto-cruz-azul-vs-mazatlan-fc-jornada-5-estadio-instalaciones-la-noria-cancha-1-lmxf-tv--vix', 'text': ''}","{'type': 'link', 'href': 'https://www.ligafemenil.mx/cancha/galeria/MTQ0OTcwLzUvNzUvMi8xNA==/cruz-azul-vs-mazatlan-fc', 'text': ''}","{'type': 'link', 'href': 'https://www.ligafemenil.mx/cancha/playlist/144970/cruz-azul-vs-mazatlan-fc', 'text': ''}"
2024-2025,Clausura,"{'type': 'text', 'value': 'Domingo 26 de Enero de 2025\nTemporada 2024-2025\nTorneo Clausura\nJornada 5\n26 Enero 2025 - 17:00 hrs.'}","{'type': 'link', 'href': 'https://www.ligafemenil.mx/cancha/club/11182/guadalajara', 'text': ''}","{'type': 'link', 'href': 'https://www.ligafemenil.mx/cancha/informeArbitral/144972/eyJpZENsdWJsb2NhbCI6MTExODIsImlkQ2x1YnZpc2l0YSI6MTExODV9/informe-arbitral-guadalajara-vs-rayados-de-monterrey-jornada-5-estadio-akron-fox-sports', 'text': '- - -'}","{'type': 'link', 'href': 'https://www.ligafemenil.mx/cancha/club/11185/rayados-de-monterrey', 'text': ''}","{'type': 'link', 'href': 'https://www.ligafemenil.mx/cancha/estadio/1538/estadio-akron', 'text': 'Estadio AKRON'}","{'type': 'link', 'href': 'https://www.ligafemenil.mx/cancha/mxm/144972/eyJpZENsdWJsb2NhbCI6IjExMTgyIiwiaWRDbHVidmlzaXRhIjoiMTExODUiLCJpZFBhcnRpZG8iOiIxNDQ5NzIiLCJwZXN0YW5hIjoiMSJ9/minuto-a-minuto-guadalajara-vs-rayados-de-monterrey-jornada-5-estadio-akron-fox-sports', 'text': ''}","{'type': 'link', 'href': 'https://www.ligafemenil.mx/cancha/mxm/144972/eyJpZENsdWJsb2NhbCI6IjExMTgyIiwiaWRDbHVidmlzaXRhIjoiMTExODUiLCJpZFBhcnRpZG8iOiIxNDQ5NzIiLCJwZXN0YW5hIjoiMyJ9/minuto-a-minuto-guadalajara-vs-rayados-de-monterrey-jornada-5-estadio-akron-fox-sports', 'text': ''}","{'type': 'link', 'href': 'https://www.ligafemenil.mx/cancha/informeArbitral/144972/eyJpZENsdWJsb2NhbCI6IjExMTgyIiwiaWRDbHVidmlzaXRhIjoiMTExODUifQ==/informe-arbitral-guadalajara-vs-rayados-de-monterrey-jornada-5-estadio-akron-fox-sports', 'text': ''}","{'type': 'link', 'href': 'https://www.ligafemenil.mx/cancha/mxm/144972/eyJpZENsdWJsb2NhbCI6IjExMTgyIiwiaWRDbHVidmlzaXRhIjoiMTExODUiLCJpZFBhcnRpZG8iOiIxNDQ5NzIiLCJwZXN0YW5hIjoiNCJ9/minuto-a-minuto-guadalajara-vs-rayados-de-monterrey-jornada-5-estadio-akron-fox-sports', 'text': ''}","{'type': 'link', 'href': 'https://www.ligafemenil.mx/cancha/galeria/MTQ0OTcyLzUvNzUvMi8xNA==/guadalajara-vs-rayados-de-monterrey', 'text': ''}","{'type': 'link', 'href': 'https://www.ligafemenil.mx/cancha/playlist/144972/guadalajara-vs-rayados-de-monterrey', 'text': ''}"
2024-2025,Clausura,"{'type': 'text', 'value': 'Domingo 26 de Enero de 2025\nTemporada 2024-2025\nTorneo Clausura\nJornada 5\n26 Enero 2025 - 19:06 hrs.'}","{'type': 'link', 'href': 'https://www.ligafemenil.mx/cancha/club/11186/tigres-de-la-uanl', 'text': ''}","{'type': 'link', 'href': 'https://www.ligafemenil.mx/cancha/informeArbitral/144975/eyJpZENsdWJsb2NhbCI6MTExODYsImlkQ2x1YnZpc2l0YSI6MTExODd9/informe-arbitral-tigres-de-la-uanl-vs-toluca-jornada-5-estadio-universitario-fox-sports', 'text': '- - -'}","{'type': 'link', 'href': 'https://www.ligafemenil.mx/cancha/club/11187/toluca', 'text': ''}","{'type': 'link', 'href': 'https://www.ligafemenil.mx/cancha/estadio/12/estadio-universitario', 'text': 'Universitario'}","{'type': 'link', 'href': 'https://www.ligafemenil.mx/cancha/mxm/144975/eyJpZENsdWJsb2NhbCI6IjExMTg2IiwiaWRDbHVidmlzaXRhIjoiMTExODciLCJpZFBhcnRpZG8iOiIxNDQ5NzUiLCJwZXN0YW5hIjoiMSJ9/minuto-a-minuto-tigres-de-la-uanl-vs-toluca-jornada-5-estadio-universitario-fox-sports', 'text': ''}","{'type': 'link', 'href': 'https://www.ligafemenil.mx/cancha/mxm/144975/eyJpZENsdWJsb2NhbCI6IjExMTg2IiwiaWRDbHVidmlzaXRhIjoiMTExODciLCJpZFBhcnRpZG8iOiIxNDQ5NzUiLCJwZXN0YW5hIjoiMyJ9/minuto-a-minuto-tigres-de-la-uanl-vs-toluca-jornada-5-estadio-universitario-fox-sports', 'text': ''}","{'type': 'link', 'href': 'https://www.ligafemenil.mx/cancha/informeArbitral/144975/eyJpZENsdWJsb2NhbCI6IjExMTg2IiwiaWRDbHVidmlzaXRhIjoiMTExODcifQ==/informe-arbitral-tigres-de-la-uanl-vs-toluca-jornada-5-estadio-universitario-fox-sports', 'text': ''}","{'type': 'link', 'href': 'https://www.ligafemenil.mx/cancha/mxm/144975/eyJpZENsdWJsb2NhbCI6IjExMTg2IiwiaWRDbHVidmlzaXRhIjoiMTExODciLCJpZFBhcnRpZG8iOiIxNDQ5NzUiLCJwZXN0YW5hIjoiNCJ9/minuto-a-minuto-tigres-de-la-uanl-vs-toluca-jornada-5-estadio-universitario-fox-sports', 'text': ''}","{'type': 'link', 'href': 'https://www.ligafemenil.mx/cancha/galeria/MTQ0OTc1LzUvNzUvMi8xNA==/tigres-de-la-uanl-vs-toluca', 'text': ''}","{'type': 'link', 'href': 'https://www.ligafemenil.mx/cancha/playlist/144975/tigres-de-la-uanl-vs-toluca', 'text': ''}"
2024-2025,Clausura,"{'type': 'text', 'value': 'Domingo 26 de Enero de 2025\nTemporada 2024-2025\nTorneo Clausura\nJornada 5\n26 Enero 2025 - 21:10 hrs.'}","{'type': 'link', 'href': 'https://www.ligafemenil.mx/cancha/club/11184/pachuca', 'text': ''}","{'type': 'link', 'href': 'https://www.ligafemenil.mx/cancha/informeArbitral/144976/eyJpZENsdWJsb2NhbCI6MTExODQsImlkQ2x1YnZpc2l0YSI6MTE3Nzh9/informe-arbitral-pachuca-vs-club-atletico-de-san-luis-jornada-5-estadio-hidalgo-tbd', 'text': '- - -'}","{'type': 'link', 'href': 'https://www.ligafemenil.mx/cancha/club/11778/club-atletico-de-san-luis', 'text': ''}","{'type': 'link', 'href': 'https://www.ligafemenil.mx/cancha/estadio/11/estadio-hidalgo', 'text': 'Hidalgo'}","{'type': 'link', 'href': 'https://www.ligafemenil.mx/cancha/mxm/144976/eyJpZENsdWJsb2NhbCI6IjExMTg0IiwiaWRDbHVidmlzaXRhIjoiMTE3NzgiLCJpZFBhcnRpZG8iOiIxNDQ5NzYiLCJwZXN0YW5hIjoiMSJ9/minuto-a-minuto-pachuca-vs-club-atletico-de-san-luis-jornada-5-estadio-hidalgo-tbd', 'text': ''}","{'type': 'link', 'href': 'https://www.ligafemenil.mx/cancha/mxm/144976/eyJpZENsdWJsb2NhbCI6IjExMTg0IiwiaWRDbHVidmlzaXRhIjoiMTE3NzgiLCJpZFBhcnRpZG8iOiIxNDQ5NzYiLCJwZXN0YW5hIjoiMyJ9/minuto-a-minuto-pachuca-vs-club-atletico-de-san-luis-jornada-5-estadio-hidalgo-tbd', 'text': ''}","{'type': 'link', 'href': 'https://www.ligafemenil.mx/cancha/informeArbitral/144976/eyJpZENsdWJsb2NhbCI6IjExMTg0IiwiaWRDbHVidmlzaXRhIjoiMTE3NzgifQ==/informe-arbitral-pachuca-vs-club-atletico-de-san-luis-jornada-5-estadio-hidalgo-tbd', 'text': ''}","{'type': 'link', 'href': 'https://www.ligafemenil.mx/cancha/mxm/144976/eyJpZENsdWJsb2NhbCI6IjExMTg0IiwiaWRDbHVidmlzaXRhIjoiMTE3NzgiLCJpZFBhcnRpZG8iOiIxNDQ5NzYiLCJwZXN0YW5hIjoiNCJ9/minuto-a-minuto-pachuca-vs-club-atletico-de-san-luis-jornada-5-estadio-hidalgo-tbd', 'text': ''}","{'type': 'link', 'href': 'https://www.ligafemenil.mx/cancha/galeria/MTQ0OTc2LzUvNzUvMi8xNA==/pachuca-vs-club-atletico-de-san-luis', 'text': ''}","{'type': 'link', 'href': 'https://www.ligafemenil.mx/cancha/playlist/144976/pachuca-vs-club-atletico-de-san-luis', 'text': ''}"
2024-2025,Clausura,"{'type': 'text', 'value': 'Lunes 27 de Enero de 2025\nTemporada 2024-2025\nTorneo Clausura\nJornada 5\n27 Enero 2025 - 18:00 hrs.'}","{'type': 'link', 'href': 'https://www.ligafemenil.mx/cancha/club/11189/necaxa', 'text': ''}","{'type': 'link', 'href': 'https://www.ligafemenil.mx/cancha/informeArbitral/144978/eyJpZENsdWJsb2NhbCI6MTExODksImlkQ2x1YnZpc2l0YSI6MTExODh9/informe-arbitral-necaxa-vs-pumas-jornada-5-estadio-victoria-lmxf-tv--vix', 'text': '- - -'}","{'type': 'link', 'href': 'https://www.ligafemenil.mx/cancha/club/11188/pumas', 'text': ''}","{'type': 'link', 'href': 'https://www.ligafemenil.mx/cancha/estadio/15/estadio-victoria', 'text': 'Victoria'}","{'type': 'link', 'href': 'https://www.ligafemenil.mx/cancha/mxm/144978/eyJpZENsdWJsb2NhbCI6IjExMTg5IiwiaWRDbHVidmlzaXRhIjoiMTExODgiLCJpZFBhcnRpZG8iOiIxNDQ5NzgiLCJwZXN0YW5hIjoiMSJ9/minuto-a-minuto-necaxa-vs-pumas-jornada-5-estadio-victoria-lmxf-tv--vix', 'text': ''}","{'type': 'link', 'href': 'https://www.ligafemenil.mx/cancha/mxm/144978/eyJpZENsdWJsb2NhbCI6IjExMTg5IiwiaWRDbHVidmlzaXRhIjoiMTExODgiLCJpZFBhcnRpZG8iOiIxNDQ5NzgiLCJwZXN0YW5hIjoiMyJ9/minuto-a-minuto-necaxa-vs-pumas-jornada-5-estadio-victoria-lmxf-tv--vix', 'text': ''}","{'type': 'link', 'href': 'https://www.ligafemenil.mx/cancha/informeArbitral/144978/eyJpZENsdWJsb2NhbCI6IjExMTg5IiwiaWRDbHVidmlzaXRhIjoiMTExODgifQ==/informe-arbitral-necaxa-vs-pumas-jornada-5-estadio-victoria-lmxf-tv--vix', 'text': ''}","{'type': 'link', 'href': 'https://www.ligafemenil.mx/cancha/mxm/144978/eyJpZENsdWJsb2NhbCI6IjExMTg5IiwiaWRDbHVidmlzaXRhIjoiMTExODgiLCJpZFBhcnRpZG8iOiIxNDQ5NzgiLCJwZXN0YW5hIjoiNCJ9/minuto-a-minuto-necaxa-vs-pumas-jornada-5-estadio-victoria-lmxf-tv--vix', 'text': ''}","{'type': 'link', 'href': 'https://www.ligafemenil.mx/cancha/galeria/MTQ0OTc4LzUvNzUvMi8xNA==/necaxa-vs-pumas', 'text': ''}","{'type': 'link', 'href': 'https://www.ligafemenil.mx/cancha/playlist/144978/necaxa-vs-pumas', 'text': ''}"
2024-2025,Clausura,"{'type': 'text', 'value': 'Lunes 27 de Enero de 2025\nTemporada 2024-2025\nTorneo Clausura\nJornada 5\n27 Enero 2025 - 21:00 hrs.'}","{'type': 'link', 'href': 'https://www.ligafemenil.mx/cancha/club/11192/santos-laguna', 'text': ''}","{'type': 'link', 'href': 'https://www.ligafemenil.mx/cancha/informeArbitral/144980/eyJpZENsdWJsb2NhbCI6MTExOTIsImlkQ2x1YnZpc2l0YSI6MTE3OTV9/informe-arbitral-santos-laguna-vs-fc-juarez-jornada-5-estadio-tsm-corona-calientemx', 'text': '- - -'}","{'type': 'link', 'href': 'https://www.ligafemenil.mx/cancha/club/11795/fc-juarez', 'text': ''}","{'type': 'link', 'href': 'https://www.ligafemenil.mx/cancha/estadio/63/estadio-tsm-corona', 'text': 'TSM Corona'}","{'type': 'link', 'href': 'https://www.ligafemenil.mx/cancha/mxm/144980/eyJpZENsdWJsb2NhbCI6IjExMTkyIiwiaWRDbHVidmlzaXRhIjoiMTE3OTUiLCJpZFBhcnRpZG8iOiIxNDQ5ODAiLCJwZXN0YW5hIjoiMSJ9/minuto-a-minuto-santos-laguna-vs-fc-juarez-jornada-5-estadio-tsm-corona-calientemx', 'text': ''}","{'type': 'link', 'href': 'https://www.ligafemenil.mx/cancha/mxm/144980/eyJpZENsdWJsb2NhbCI6IjExMTkyIiwiaWRDbHVidmlzaXRhIjoiMTE3OTUiLCJpZFBhcnRpZG8iOiIxNDQ5ODAiLCJwZXN0YW5hIjoiMyJ9/minuto-a-minuto-santos-laguna-vs-fc-juarez-jornada-5-estadio-tsm-corona-calientemx', 'text': ''}","{'type': 'link', 'href': 'https://www.ligafemenil.mx/cancha/informeArbitral/144980/eyJpZENsdWJsb2NhbCI6IjExMTkyIiwiaWRDbHVidmlzaXRhIjoiMTE3OTUifQ==/informe-arbitral-santos-laguna-vs-fc-juarez-jornada-5-estadio-tsm-corona-calientemx', 'text': ''}","{'type': 'link', 'href': 'https://www.ligafemenil.mx/cancha/mxm/144980/eyJpZENsdWJsb2NhbCI6IjExMTkyIiwiaWRDbHVidmlzaXRhIjoiMTE3OTUiLCJpZFBhcnRpZG8iOiIxNDQ5ODAiLCJwZXN0YW5hIjoiNCJ9/minuto-a-minuto-santos-laguna-vs-fc-juarez-jornada-5-estadio-tsm-corona-calientemx', 'text': ''}","{'type': 'link', 'href': 'https://www.ligafemenil.mx/cancha/galeria/MTQ0OTgwLzUvNzUvMi8xNA==/santos-laguna-vs-fc-juarez', 'text': ''}","{'type': 'link', 'href': 'https://www.ligafemenil.mx/cancha/playlist/144980/santos-laguna-vs-fc-juarez', 'text': ''}"
2024-2025,Clausura,"{'type': 'text', 'value': 'Viernes 31 de Enero de 2025\nTemporada 2024-2025\nTorneo Clausura\nJornada 6\n31 Enero 2025 - 17:00 hrs.'}","{'type': 'link', 'href': 'https://www.ligafemenil.mx/cancha/club/11245/atlas', 'text': ''}","{'type': 'link', 'href': 'https://www.ligafemenil.mx/cancha/informeArbitral/144982/eyJpZENsdWJsb2NhbCI6MTEyNDUsImlkQ2x1YnZpc2l0YSI6MTExODF9/informe-arbitral-atlas-vs-cruz-azul-jornada-6-estadio-jalisco-calientemx', 'text': '- - -'}","{'type': 'link', 'href': 'https://www.ligafemenil.mx/cancha/club/11181/cruz-azul', 'text': ''}","{'type': 'link', 'href': 'https://www.ligafemenil.mx/cancha/estadio/5/estadio-jalisco', 'text': 'Jalisco'}","{'type': 'link', 'href': 'https://www.ligafemenil.mx/cancha/mxm/144982/eyJpZENsdWJsb2NhbCI6IjExMjQ1IiwiaWRDbHVidmlzaXRhIjoiMTExODEiLCJpZFBhcnRpZG8iOiIxNDQ5ODIiLCJwZXN0YW5hIjoiMSJ9/minuto-a-minuto-atlas-vs-cruz-azul-jornada-6-estadio-jalisco-calientemx', 'text': ''}","{'type': 'link', 'href': 'https://www.ligafemenil.mx/cancha/mxm/144982/eyJpZENsdWJsb2NhbCI6IjExMjQ1IiwiaWRDbHVidmlzaXRhIjoiMTExODEiLCJpZFBhcnRpZG8iOiIxNDQ5ODIiLCJwZXN0YW5hIjoiMyJ9/minuto-a-minuto-atlas-vs-cruz-azul-jornada-6-estadio-jalisco-calientemx', 'text': ''}","{'type': 'link', 'href': 'https://www.ligafemenil.mx/cancha/informeArbitral/144982/eyJpZENsdWJsb2NhbCI6IjExMjQ1IiwiaWRDbHVidmlzaXRhIjoiMTExODEifQ==/informe-arbitral-atlas-vs-cruz-azul-jornada-6-estadio-jalisco-calientemx', 'text': ''}","{'type': 'link', 'href': 'https://www.ligafemenil.mx/cancha/mxm/144982/eyJpZENsdWJsb2NhbCI6IjExMjQ1IiwiaWRDbHVidmlzaXRhIjoiMTExODEiLCJpZFBhcnRpZG8iOiIxNDQ5ODIiLCJwZXN0YW5hIjoiNCJ9/minuto-a-minuto-atlas-vs-cruz-azul-jornada-6-estadio-jalisco-calientemx', 'text': ''}","{'type': 'link', 'href': 'https://www.ligafemenil.mx/cancha/galeria/MTQ0OTgyLzYvNzUvMi8xNA==/atlas-vs-cruz-azul', 'text': ''}","{'type': 'link', 'href': 'https://www.ligafemenil.mx/cancha/playlist/144982/atlas-vs-cruz-azul', 'text': ''}"
2024-2025,Clausura,"{'type': 'text', 'value': 'Viernes 31 de Enero de 2025\nTemporada 2024-2025\nTorneo Clausura\nJornada 6\n31 Enero 2025 - 17:00 hrs.'}","{'type': 'link', 'href': 'https://www.ligafemenil.mx/cancha/club/11188/pumas', 'text': ''}","{'type': 'link', 'href': 'https://www.ligafemenil.mx/cancha/informeArbitral/144986/eyJpZENsdWJsb2NhbCI6MTExODgsImlkQ2x1YnZpc2l0YSI6MTExODd9/informe-arbitral-pumas-vs-toluca-jornada-6-estadio-olimpico-universitario-lmxf-tv--vix', 'text': '- - -'}","{'type': 'link', 'href': 'https://www.ligafemenil.mx/cancha/club/11187/toluca', 'text': ''}","{'type': 'link', 'href': 'https://www.ligafemenil.mx/cancha/estadio/7/estadio-olimpico-universitario', 'text': 'Olímpico Universitario'}","{'type': 'link', 'href': 'https://www.ligafemenil.mx/cancha/mxm/144986/eyJpZENsdWJsb2NhbCI6IjExMTg4IiwiaWRDbHVidmlzaXRhIjoiMTExODciLCJpZFBhcnRpZG8iOiIxNDQ5ODYiLCJwZXN0YW5hIjoiMSJ9/minuto-a-minuto-pumas-vs-toluca-jornada-6-estadio-olimpico-universitario-lmxf-tv--vix', 'text': ''}","{'type': 'link', 'href': 'https://www.ligafemenil.mx/cancha/mxm/144986/eyJpZENsdWJsb2NhbCI6IjExMTg4IiwiaWRDbHVidmlzaXRhIjoiMTExODciLCJpZFBhcnRpZG8iOiIxNDQ5ODYiLCJwZXN0YW5hIjoiMyJ9/minuto-a-minuto-pumas-vs-toluca-jornada-6-estadio-olimpico-universitario-lmxf-tv--vix', 'text': ''}","{'type': 'link', 'href': 'https://www.ligafemenil.mx/cancha/informeArbitral/144986/eyJpZENsdWJsb2NhbCI6IjExMTg4IiwiaWRDbHVidmlzaXRhIjoiMTExODcifQ==/informe-arbitral-pumas-vs-toluca-jornada-6-estadio-olimpico-universitario-lmxf-tv--vix', 'text': ''}","{'type': 'link', 'href': 'https://www.ligafemenil.mx/cancha/mxm/144986/eyJpZENsdWJsb2NhbCI6IjExMTg4IiwiaWRDbHVidmlzaXRhIjoiMTExODciLCJpZFBhcnRpZG8iOiIxNDQ5ODYiLCJwZXN0YW5hIjoiNCJ9/minuto-a-minuto-pumas-vs-toluca-jornada-6-estadio-olimpico-universitario-lmxf-tv--vix', 'text': ''}","{'type': 'link', 'href': 'https://www.ligafemenil.mx/cancha/galeria/MTQ0OTg2LzYvNzUvMi8xNA==/pumas-vs-toluca', 'text': ''}","{'type': 'link', 'href': 'https://www.ligafemenil.mx/cancha/playlist/144986/pumas-vs-toluca', 'text': ''}"
2024-2025,Clausura,"{'type': 'text', 'value': 'Viernes 31 de Enero de 2025\nTemporada 2024-2025\nTorneo Clausura\nJornada 6\n31 Enero 2025 - 19:00 hrs.'}","{'type': 'link', 'href': 'https://www.ligafemenil.mx/cancha/club/12042/gallos-blancos-de-queretaro', 'text': ''}","{'type': 'link', 'href': 'https://www.ligafemenil.mx/cancha/informeArbitral/144988/eyJpZENsdWJsb2NhbCI6MTIwNDIsImlkQ2x1YnZpc2l0YSI6MTExODZ9/informe-arbitral-gallos-blancos-de-queretaro-vs-tigres-de-la-uanl-jornada-6-estadio-la-corregidora-calientemx', 'text': '- - -'}","{'type': 'link', 'href': 'https://www.ligafemenil.mx/cancha/club/11186/tigres-de-la-uanl', 'text': ''}","{'type': 'link', 'href': 'https://www.ligafemenil.mx/cancha/estadio/25/estadio-la-corregidora', 'text': 'La Corregidora'}","{'type': 'link', 'href': 'https://www.ligafemenil.mx/cancha/mxm/144988/eyJpZENsdWJsb2NhbCI6IjEyMDQyIiwiaWRDbHVidmlzaXRhIjoiMTExODYiLCJpZFBhcnRpZG8iOiIxNDQ5ODgiLCJwZXN0YW5hIjoiMSJ9/minuto-a-minuto-gallos-blancos-de-queretaro-vs-tigres-de-la-uanl-jornada-6-estadio-la-corregidora-calientemx', 'text': ''}","{'type': 'link', 'href': 'https://www.ligafemenil.mx/cancha/mxm/144988/eyJpZENsdWJsb2NhbCI6IjEyMDQyIiwiaWRDbHVidmlzaXRhIjoiMTExODYiLCJpZFBhcnRpZG8iOiIxNDQ5ODgiLCJwZXN0YW5hIjoiMyJ9/minuto-a-minuto-gallos-blancos-de-queretaro-vs-tigres-de-la-uanl-jornada-6-estadio-la-corregidora-calientemx', 'text': ''}","{'type': 'link', 'href': 'https://www.ligafemenil.mx/cancha/informeArbitral/144988/eyJpZENsdWJsb2NhbCI6IjEyMDQyIiwiaWRDbHVidmlzaXRhIjoiMTExODYifQ==/informe-arbitral-gallos-blancos-de-queretaro-vs-tigres-de-la-uanl-jornada-6-estadio-la-corregidora-calientemx', 'text': ''}","{'type': 'link', 'href': 'https://www.ligafemenil.mx/cancha/mxm/144988/eyJpZENsdWJsb2NhbCI6IjEyMDQyIiwiaWRDbHVidmlzaXRhIjoiMTExODYiLCJpZFBhcnRpZG8iOiIxNDQ5ODgiLCJwZXN0YW5hIjoiNCJ9/minuto-a-minuto-gallos-blancos-de-queretaro-vs-tigres-de-la-uanl-jornada-6-estadio-la-corregidora-calientemx', 'text': ''}","{'type': 'link', 'href': 'https://www.ligafemenil.mx/cancha/galeria/MTQ0OTg4LzYvNzUvMi8xNA==/gallos-blancos-de-queretaro-vs-tigres-de-la-uanl', 'text': ''}","{'type': 'link', 'href': 'https://www.ligafemenil.mx/cancha/playlist/144988/gallos-blancos-de-queretaro-vs-tigres-de-la-uanl', 'text': ''}"
2024-2025,Clausura,"{'type': 'text', 'value': 'Viernes 31 de Enero de 2025\nTemporada 2024-2025\nTorneo Clausura\nJornada 6\n31 Enero 2025 - 19:00 hrs.'}","{'type': 'link', 'href': 'https://www.ligafemenil.mx/cancha/club/11778/club-atletico-de-san-luis', 'text': ''}","{'type': 'link', 'href': 'https://www.ligafemenil.mx/cancha/informeArbitral/144990/eyJpZENsdWJsb2NhbCI6MTE3NzgsImlkQ2x1YnZpc2l0YSI6MTExOTJ9/informe-arbitral-club-atletico-de-san-luis-vs-santos-laguna-jornada-6-estadio-alfonso-lastras-ramirez-espn', 'text': '- - -'}","{'type': 'link', 'href': 'https://www.ligafemenil.mx/cancha/club/11192/santos-laguna', 'text': ''}","{'type': 'link', 'href': 'https://www.ligafemenil.mx/cancha/estadio/14/estadio-alfonso-lastras-ramirez', 'text': 'Alfonso Lastras Ramírez'}","{'type': 'link', 'href': 'https://www.ligafemenil.mx/cancha/mxm/144990/eyJpZENsdWJsb2NhbCI6IjExNzc4IiwiaWRDbHVidmlzaXRhIjoiMTExOTIiLCJpZFBhcnRpZG8iOiIxNDQ5OTAiLCJwZXN0YW5hIjoiMSJ9/minuto-a-minuto-club-atletico-de-san-luis-vs-santos-laguna-jornada-6-estadio-alfonso-lastras-ramirez-espn', 'text': ''}","{'type': 'link', 'href': 'https://www.ligafemenil.mx/cancha/mxm/144990/eyJpZENsdWJsb2NhbCI6IjExNzc4IiwiaWRDbHVidmlzaXRhIjoiMTExOTIiLCJpZFBhcnRpZG8iOiIxNDQ5OTAiLCJwZXN0YW5hIjoiMyJ9/minuto-a-minuto-club-atletico-de-san-luis-vs-santos-laguna-jornada-6-estadio-alfonso-lastras-ramirez-espn', 'text': ''}","{'type': 'link', 'href': 'https://www.ligafemenil.mx/cancha/informeArbitral/144990/eyJpZENsdWJsb2NhbCI6IjExNzc4IiwiaWRDbHVidmlzaXRhIjoiMTExOTIifQ==/informe-arbitral-club-atletico-de-san-luis-vs-santos-laguna-jornada-6-estadio-alfonso-lastras-ramirez-espn', 'text': ''}","{'type': 'link', 'href': 'https://www.ligafemenil.mx/cancha/mxm/144990/eyJpZENsdWJsb2NhbCI6IjExNzc4IiwiaWRDbHVidmlzaXRhIjoiMTExOTIiLCJpZFBhcnRpZG8iOiIxNDQ5OTAiLCJwZXN0YW5hIjoiNCJ9/minuto-a-minuto-club-atletico-de-san-luis-vs-santos-laguna-jornada-6-estadio-alfonso-lastras-ramirez-espn', 'text': ''}","{'type': 'link', 'href': 'https://www.ligafemenil.mx/cancha/galeria/MTQ0OTkwLzYvNzUvMi8xNA==/club-atletico-de-san-luis-vs-santos-laguna', 'text': ''}","{'type': 'link', 'href': 'https://www.ligafemenil.mx/cancha/playlist/144990/club-atletico-de-san-luis-vs-santos-laguna', 'text': ''}"
2024-2025,Clausura,"{'type': 'text', 'value': 'Domingo 2 de Febrero de 2025\nTemporada 2024-2025\nTorneo Clausura\nJornada 6\n2 Febrero 2025 - 19:00 hrs.'}","{'type': 'link', 'href': 'https://www.ligafemenil.mx/cancha/club/11185/rayados-de-monterrey', 'text': ''}","{'type': 'link', 'href': 'https://www.ligafemenil.mx/cancha/informeArbitral/144992/eyJpZENsdWJsb2NhbCI6MTExODUsImlkQ2x1YnZpc2l0YSI6MTExODB9/informe-arbitral-rayados-de-monterrey-vs-tijuana-jornada-6-estadio-bbva-lmxf-tv--vix', 'text': '- - -'}","{'type': 'link', 'href': 'https://www.ligafemenil.mx/cancha/club/11180/tijuana', 'text': ''}","{'type': 'link', 'href': 'https://www.ligafemenil.mx/cancha/estadio/1608/estadio-bbva', 'text': 'Estadio BBVA'}","{'type': 'link', 'href': 'https://www.ligafemenil.mx/cancha/mxm/144992/eyJpZENsdWJsb2NhbCI6IjExMTg1IiwiaWRDbHVidmlzaXRhIjoiMTExODAiLCJpZFBhcnRpZG8iOiIxNDQ5OTIiLCJwZXN0YW5hIjoiMSJ9/minuto-a-minuto-rayados-de-monterrey-vs-tijuana-jornada-6-estadio-bbva-lmxf-tv--vix', 'text': ''}","{'type': 'link', 'href': 'https://www.ligafemenil.mx/cancha/mxm/144992/eyJpZENsdWJsb2NhbCI6IjExMTg1IiwiaWRDbHVidmlzaXRhIjoiMTExODAiLCJpZFBhcnRpZG8iOiIxNDQ5OTIiLCJwZXN0YW5hIjoiMyJ9/minuto-a-minuto-rayados-de-monterrey-vs-tijuana-jornada-6-estadio-bbva-lmxf-tv--vix', 'text': ''}","{'type': 'link', 'href': 'https://www.ligafemenil.mx/cancha/informeArbitral/144992/eyJpZENsdWJsb2NhbCI6IjExMTg1IiwiaWRDbHVidmlzaXRhIjoiMTExODAifQ==/informe-arbitral-rayados-de-monterrey-vs-tijuana-jornada-6-estadio-bbva-lmxf-tv--vix', 'text': ''}","{'type': 'link', 'href': 'https://www.ligafemenil.mx/cancha/mxm/144992/eyJpZENsdWJsb2NhbCI6IjExMTg1IiwiaWRDbHVidmlzaXRhIjoiMTExODAiLCJpZFBhcnRpZG8iOiIxNDQ5OTIiLCJwZXN0YW5hIjoiNCJ9/minuto-a-minuto-rayados-de-monterrey-vs-tijuana-jornada-6-estadio-bbva-lmxf-tv--vix', 'text': ''}","{'type': 'link', 'href': 'https://www.ligafemenil.mx/cancha/galeria/MTQ0OTkyLzYvNzUvMi8xNA==/rayados-de-monterrey-vs-tijuana', 'text': ''}","{'type': 'link', 'href': 'https://www.ligafemenil.mx/cancha/playlist/144992/rayados-de-monterrey-vs-tijuana', 'text': ''}"
2024-2025,Clausura,"{'type': 'text', 'value': 'Domingo 2 de Febrero de 2025\nTemporada 2024-2025\nTorneo Clausura\nJornada 6\n2 Febrero 2025 - 20:00 hrs.'}","{'type': 'link', 'href': 'https://www.ligafemenil.mx/cancha/club/12051/mazatlan-fc', 'text': ''}","{'type': 'link', 'href': 'https://www.ligafemenil.mx/cancha/informeArbitral/144993/eyJpZENsdWJsb2NhbCI6MTIwNTEsImlkQ2x1YnZpc2l0YSI6MTExODJ9/informe-arbitral-mazatlan-fc-vs-guadalajara-jornada-6-estadio-el-encanto-fox-sports', 'text': '- - -'}","{'type': 'link', 'href': 'https://www.ligafemenil.mx/cancha/club/11182/guadalajara', 'text': ''}","{'type': 'link', 'href': 'https://www.ligafemenil.mx/cancha/estadio/1931/estadio-el-encanto', 'text': 'El Encanto'}","{'type': 'link', 'href': 'https://www.ligafemenil.mx/cancha/mxm/144993/eyJpZENsdWJsb2NhbCI6IjEyMDUxIiwiaWRDbHVidmlzaXRhIjoiMTExODIiLCJpZFBhcnRpZG8iOiIxNDQ5OTMiLCJwZXN0YW5hIjoiMSJ9/minuto-a-minuto-mazatlan-fc-vs-guadalajara-jornada-6-estadio-el-encanto-fox-sports', 'text': ''}","{'type': 'link', 'href': 'https://www.ligafemenil.mx/cancha/mxm/144993/eyJpZENsdWJsb2NhbCI6IjEyMDUxIiwiaWRDbHVidmlzaXRhIjoiMTExODIiLCJpZFBhcnRpZG8iOiIxNDQ5OTMiLCJwZXN0YW5hIjoiMyJ9/minuto-a-minuto-mazatlan-fc-vs-guadalajara-jornada-6-estadio-el-encanto-fox-sports', 'text': ''}","{'type': 'link', 'href': 'https://www.ligafemenil.mx/cancha/informeArbitral/144993/eyJpZENsdWJsb2NhbCI6IjEyMDUxIiwiaWRDbHVidmlzaXRhIjoiMTExODIifQ==/informe-arbitral-mazatlan-fc-vs-guadalajara-jornada-6-estadio-el-encanto-fox-sports', 'text': ''}","{'type': 'link', 'href': 'https://www.ligafemenil.mx/cancha/mxm/144993/eyJpZENsdWJsb2NhbCI6IjEyMDUxIiwiaWRDbHVidmlzaXRhIjoiMTExODIiLCJpZFBhcnRpZG8iOiIxNDQ5OTMiLCJwZXN0YW5hIjoiNCJ9/minuto-a-minuto-mazatlan-fc-vs-guadalajara-jornada-6-estadio-el-encanto-fox-sports', 'text': ''}","{'type': 'link', 'href': 'https://www.ligafemenil.mx/cancha/galeria/MTQ0OTkzLzYvNzUvMi8xNA==/mazatlan-fc-vs-guadalajara', 'text': ''}","{'type': 'link', 'href': 'https://www.ligafemenil.mx/cancha/playlist/144993/mazatlan-fc-vs-guadalajara', 'text': ''}"
2024-2025,Clausura,"{'type': 'text', 'value': 'Lunes 3 de Febrero de 2025\nTemporada 2024-2025\nTorneo Clausura\nJornada 6\n3 Febrero 2025 - 15:45 hrs.'}","{'type': 'link', 'href': 'https://www.ligafemenil.mx/cancha/club/11795/fc-juarez', 'text': ''}","{'type': 'link', 'href': 'https://www.ligafemenil.mx/cancha/informeArbitral/144998/eyJpZENsdWJsb2NhbCI6MTE3OTUsImlkQ2x1YnZpc2l0YSI6MTEyNDN9/informe-arbitral-fc-juarez-vs-leon-jornada-6-estadio-olimpico-benito-juarez-nh', 'text': '- - -'}","{'type': 'link', 'href': 'https://www.ligafemenil.mx/cancha/club/11243/leon', 'text': ''}","{'type': 'link', 'href': 'https://www.ligafemenil.mx/cancha/estadio/17/estadio-olimpico-benito-juarez', 'text': 'Olímpico Benito Juárez'}","{'type': 'link', 'href': 'https://www.ligafemenil.mx/cancha/mxm/144998/eyJpZENsdWJsb2NhbCI6IjExNzk1IiwiaWRDbHVidmlzaXRhIjoiMTEyNDMiLCJpZFBhcnRpZG8iOiIxNDQ5OTgiLCJwZXN0YW5hIjoiMSJ9/minuto-a-minuto-fc-juarez-vs-leon-jornada-6-estadio-olimpico-benito-juarez-nh', 'text': ''}","{'type': 'link', 'href': 'https://www.ligafemenil.mx/cancha/mxm/144998/eyJpZENsdWJsb2NhbCI6IjExNzk1IiwiaWRDbHVidmlzaXRhIjoiMTEyNDMiLCJpZFBhcnRpZG8iOiIxNDQ5OTgiLCJwZXN0YW5hIjoiMyJ9/minuto-a-minuto-fc-juarez-vs-leon-jornada-6-estadio-olimpico-benito-juarez-nh', 'text': ''}","{'type': 'link', 'href': 'https://www.ligafemenil.mx/cancha/informeArbitral/144998/eyJpZENsdWJsb2NhbCI6IjExNzk1IiwiaWRDbHVidmlzaXRhIjoiMTEyNDMifQ==/informe-arbitral-fc-juarez-vs-leon-jornada-6-estadio-olimpico-benito-juarez-nh', 'text': ''}","{'type': 'link', 'href': 'https://www.ligafemenil.mx/cancha/mxm/144998/eyJpZENsdWJsb2NhbCI6IjExNzk1IiwiaWRDbHVidmlzaXRhIjoiMTEyNDMiLCJpZFBhcnRpZG8iOiIxNDQ5OTgiLCJwZXN0YW5hIjoiNCJ9/minuto-a-minuto-fc-juarez-vs-leon-jornada-6-estadio-olimpico-benito-juarez-nh', 'text': ''}","{'type': 'link', 'href': 'https://www.ligafemenil.mx/cancha/galeria/MTQ0OTk4LzYvNzUvMi8xNA==/fc-juarez-vs-leon', 'text': ''}","{'type': 'link', 'href': 'https://www.ligafemenil.mx/cancha/playlist/144998/fc-juarez-vs-leon', 'text': ''}"
2024-2025,Clausura,"{'type': 'text', 'value': 'Lunes 3 de Febrero de 2025\nTemporada 2024-2025\nTorneo Clausura\nJornada 6\n3 Febrero 2025 - 17:00 hrs.'}","{'type': 'link', 'href': 'https://www.ligafemenil.mx/cancha/club/11189/necaxa', 'text': ''}","{'type': 'link', 'href': 'https://www.ligafemenil.mx/cancha/informeArbitral/144995/eyJpZENsdWJsb2NhbCI6MTExODksImlkQ2x1YnZpc2l0YSI6MTE1NDN9/informe-arbitral-necaxa-vs-puebla-fc-jornada-6-estadio-victoria-lmxf-tv', 'text': '- - -'}","{'type': 'link', 'href': 'https://www.ligafemenil.mx/cancha/club/11543/puebla-fc', 'text': ''}","{'type': 'link', 'href': 'https://www.ligafemenil.mx/cancha/estadio/15/estadio-victoria', 'text': 'Victoria'}","{'type': 'link', 'href': 'https://www.ligafemenil.mx/cancha/mxm/144995/eyJpZENsdWJsb2NhbCI6IjExMTg5IiwiaWRDbHVidmlzaXRhIjoiMTE1NDMiLCJpZFBhcnRpZG8iOiIxNDQ5OTUiLCJwZXN0YW5hIjoiMSJ9/minuto-a-minuto-necaxa-vs-puebla-fc-jornada-6-estadio-victoria-lmxf-tv', 'text': ''}","{'type': 'link', 'href': 'https://www.ligafemenil.mx/cancha/mxm/144995/eyJpZENsdWJsb2NhbCI6IjExMTg5IiwiaWRDbHVidmlzaXRhIjoiMTE1NDMiLCJpZFBhcnRpZG8iOiIxNDQ5OTUiLCJwZXN0YW5hIjoiMyJ9/minuto-a-minuto-necaxa-vs-puebla-fc-jornada-6-estadio-victoria-lmxf-tv', 'text': ''}","{'type': 'link', 'href': 'https://www.ligafemenil.mx/cancha/informeArbitral/144995/eyJpZENsdWJsb2NhbCI6IjExMTg5IiwiaWRDbHVidmlzaXRhIjoiMTE1NDMifQ==/informe-arbitral-necaxa-vs-puebla-fc-jornada-6-estadio-victoria-lmxf-tv', 'text': ''}","{'type': 'link', 'href': 'https://www.ligafemenil.mx/cancha/mxm/144995/eyJpZENsdWJsb2NhbCI6IjExMTg5IiwiaWRDbHVidmlzaXRhIjoiMTE1NDMiLCJpZFBhcnRpZG8iOiIxNDQ5OTUiLCJwZXN0YW5hIjoiNCJ9/minuto-a-minuto-necaxa-vs-puebla-fc-jornada-6-estadio-victoria-lmxf-tv', 'text': ''}","{'type': 'link', 'href': 'https://www.ligafemenil.mx/cancha/galeria/MTQ0OTk1LzYvNzUvMi8xNA==/necaxa-vs-puebla-fc', 'text': ''}","{'type': 'link', 'href': 'https://www.ligafemenil.mx/cancha/playlist/144995/necaxa-vs-puebla-fc', 'text': ''}"
2024-2025,Clausura,"{'type': 'text', 'value': 'Lunes 3 de Febrero de 2025\nTemporada 2024-2025\nTorneo Clausura\nJornada 6\n3 Febrero 2025 - 19:00 hrs.'}","{'type': 'link', 'href': 'https://www.ligafemenil.mx/cancha/club/11184/pachuca', 'text': ''}","{'type': 'link', 'href': 'https://www.ligafemenil.mx/cancha/informeArbitral/144997/eyJpZENsdWJsb2NhbCI6MTExODQsImlkQ2x1YnZpc2l0YSI6MTExOTF9/informe-arbitral-pachuca-vs-america-jornada-6-estadio-hidalgo-tbd', 'text': '- - -'}","{'type': 'link', 'href': 'https://www.ligafemenil.mx/cancha/club/11191/america', 'text': ''}","{'type': 'link', 'href': 'https://www.ligafemenil.mx/cancha/estadio/11/estadio-hidalgo', 'text': 'Hidalgo'}","{'type': 'link', 'href': 'https://www.ligafemenil.mx/cancha/mxm/144997/eyJpZENsdWJsb2NhbCI6IjExMTg0IiwiaWRDbHVidmlzaXRhIjoiMTExOTEiLCJpZFBhcnRpZG8iOiIxNDQ5OTciLCJwZXN0YW5hIjoiMSJ9/minuto-a-minuto-pachuca-vs-america-jornada-6-estadio-hidalgo-tbd', 'text': ''}","{'type': 'link', 'href': 'https://www.ligafemenil.mx/cancha/mxm/144997/eyJpZENsdWJsb2NhbCI6IjExMTg0IiwiaWRDbHVidmlzaXRhIjoiMTExOTEiLCJpZFBhcnRpZG8iOiIxNDQ5OTciLCJwZXN0YW5hIjoiMyJ9/minuto-a-minuto-pachuca-vs-america-jornada-6-estadio-hidalgo-tbd', 'text': ''}","{'type': 'link', 'href': 'https://www.ligafemenil.mx/cancha/informeArbitral/144997/eyJpZENsdWJsb2NhbCI6IjExMTg0IiwiaWRDbHVidmlzaXRhIjoiMTExOTEifQ==/informe-arbitral-pachuca-vs-america-jornada-6-estadio-hidalgo-tbd', 'text': ''}","{'type': 'link', 'href': 'https://www.ligafemenil.mx/cancha/mxm/144997/eyJpZENsdWJsb2NhbCI6IjExMTg0IiwiaWRDbHVidmlzaXRhIjoiMTExOTEiLCJpZFBhcnRpZG8iOiIxNDQ5OTciLCJwZXN0YW5hIjoiNCJ9/minuto-a-minuto-pachuca-vs-america-jornada-6-estadio-hidalgo-tbd', 'text': ''}","{'type': 'link', 'href': 'https://www.ligafemenil.mx/cancha/galeria/MTQ0OTk3LzYvNzUvMi8xNA==/pachuca-vs-america', 'text': ''}","{'type': 'link', 'href': 'https://www.ligafemenil.mx/cancha/playlist/144997/pachuca-vs-america', 'text': ''}"
2024-2025,Clausura,"{'type': 'text', 'value': 'Miércoles 5 de Febrero de 2025\nTemporada 2024-2025\nTorneo Clausura\nJornada 7\n5 Febrero 2025 - 15:45 hrs.'}","{'type': 'link', 'href': 'https://www.ligafemenil.mx/cancha/club/11181/cruz-azul', 'text': ''}","{'type': 'link', 'href': 'https://www.ligafemenil.mx/cancha/informeArbitral/145005/eyJpZENsdWJsb2NhbCI6MTExODEsImlkQ2x1YnZpc2l0YSI6MTExODZ9/informe-arbitral-cruz-azul-vs-tigres-de-la-uanl-jornada-7-estadio-instalaciones-la-noria-cancha-1-lmxf-tv--vix', 'text': '- - -'}","{'type': 'link', 'href': 'https://www.ligafemenil.mx/cancha/club/11186/tigres-de-la-uanl', 'text': ''}","{'type': 'link', 'href': 'https://www.ligafemenil.mx/cancha/estadio/1549/estadio-instalaciones-la-noria-cancha-1', 'text': 'Instalaciones la Noria Cancha 1'}","{'type': 'link', 'href': 'https://www.ligafemenil.mx/cancha/mxm/145005/eyJpZENsdWJsb2NhbCI6IjExMTgxIiwiaWRDbHVidmlzaXRhIjoiMTExODYiLCJpZFBhcnRpZG8iOiIxNDUwMDUiLCJwZXN0YW5hIjoiMSJ9/minuto-a-minuto-cruz-azul-vs-tigres-de-la-uanl-jornada-7-estadio-instalaciones-la-noria-cancha-1-lmxf-tv--vix', 'text': ''}","{'type': 'link', 'href': 'https://www.ligafemenil.mx/cancha/mxm/145005/eyJpZENsdWJsb2NhbCI6IjExMTgxIiwiaWRDbHVidmlzaXRhIjoiMTExODYiLCJpZFBhcnRpZG8iOiIxNDUwMDUiLCJwZXN0YW5hIjoiMyJ9/minuto-a-minuto-cruz-azul-vs-tigres-de-la-uanl-jornada-7-estadio-instalaciones-la-noria-cancha-1-lmxf-tv--vix', 'text': ''}","{'type': 'link', 'href': 'https://www.ligafemenil.mx/cancha/informeArbitral/145005/eyJpZENsdWJsb2NhbCI6IjExMTgxIiwiaWRDbHVidmlzaXRhIjoiMTExODYifQ==/informe-arbitral-cruz-azul-vs-tigres-de-la-uanl-jornada-7-estadio-instalaciones-la-noria-cancha-1-lmxf-tv--vix', 'text': ''}","{'type': 'link', 'href': 'https://www.ligafemenil.mx/cancha/mxm/145005/eyJpZENsdWJsb2NhbCI6IjExMTgxIiwiaWRDbHVidmlzaXRhIjoiMTExODYiLCJpZFBhcnRpZG8iOiIxNDUwMDUiLCJwZXN0YW5hIjoiNCJ9/minuto-a-minuto-cruz-azul-vs-tigres-de-la-uanl-jornada-7-estadio-instalaciones-la-noria-cancha-1-lmxf-tv--vix', 'text': ''}","{'type': 'link', 'href': 'https://www.ligafemenil.mx/cancha/galeria/MTQ1MDA1LzcvNzUvMi8xNA==/cruz-azul-vs-tigres-de-la-uanl', 'text': ''}","{'type': 'link', 'href': 'https://www.ligafemenil.mx/cancha/playlist/145005/cruz-azul-vs-tigres-de-la-uanl', 'text': ''}"
2024-2025,Clausura,"{'type': 'text', 'value': 'Miércoles 5 de Febrero de 2025\nTemporada 2024-2025\nTorneo Clausura\nJornada 7\n5 Febrero 2025 - 17:00 hrs.'}","{'type': 'link', 'href': 'https://www.ligafemenil.mx/cancha/club/11543/puebla-fc', 'text': ''}","{'type': 'link', 'href': 'https://www.ligafemenil.mx/cancha/informeArbitral/145007/eyJpZENsdWJsb2NhbCI6MTE1NDMsImlkQ2x1YnZpc2l0YSI6MTExODh9/informe-arbitral-puebla-fc-vs-pumas-jornada-7-estadio-cuauhtemoc-fox-sports', 'text': '- - -'}","{'type': 'link', 'href': 'https://www.ligafemenil.mx/cancha/club/11188/pumas', 'text': ''}","{'type': 'link', 'href': 'https://www.ligafemenil.mx/cancha/estadio/9/estadio-cuauhtemoc', 'text': 'Cuauhtémoc'}","{'type': 'link', 'href': 'https://www.ligafemenil.mx/cancha/mxm/145007/eyJpZENsdWJsb2NhbCI6IjExNTQzIiwiaWRDbHVidmlzaXRhIjoiMTExODgiLCJpZFBhcnRpZG8iOiIxNDUwMDciLCJwZXN0YW5hIjoiMSJ9/minuto-a-minuto-puebla-fc-vs-pumas-jornada-7-estadio-cuauhtemoc-fox-sports', 'text': ''}","{'type': 'link', 'href': 'https://www.ligafemenil.mx/cancha/mxm/145007/eyJpZENsdWJsb2NhbCI6IjExNTQzIiwiaWRDbHVidmlzaXRhIjoiMTExODgiLCJpZFBhcnRpZG8iOiIxNDUwMDciLCJwZXN0YW5hIjoiMyJ9/minuto-a-minuto-puebla-fc-vs-pumas-jornada-7-estadio-cuauhtemoc-fox-sports', 'text': ''}","{'type': 'link', 'href': 'https://www.ligafemenil.mx/cancha/informeArbitral/145007/eyJpZENsdWJsb2NhbCI6IjExNTQzIiwiaWRDbHVidmlzaXRhIjoiMTExODgifQ==/informe-arbitral-puebla-fc-vs-pumas-jornada-7-estadio-cuauhtemoc-fox-sports', 'text': ''}","{'type': 'link', 'href': 'https://www.ligafemenil.mx/cancha/mxm/145007/eyJpZENsdWJsb2NhbCI6IjExNTQzIiwiaWRDbHVidmlzaXRhIjoiMTExODgiLCJpZFBhcnRpZG8iOiIxNDUwMDciLCJwZXN0YW5hIjoiNCJ9/minuto-a-minuto-puebla-fc-vs-pumas-jornada-7-estadio-cuauhtemoc-fox-sports', 'text': ''}","{'type': 'link', 'href': 'https://www.ligafemenil.mx/cancha/galeria/MTQ1MDA3LzcvNzUvMi8xNA==/puebla-fc-vs-pumas', 'text': ''}","{'type': 'link', 'href': 'https://www.ligafemenil.mx/cancha/playlist/145007/puebla-fc-vs-pumas', 'text': ''}"
2024-2025,Clausura,"{'type': 'text', 'value': 'Miércoles 5 de Febrero de 2025\nTemporada 2024-2025\nTorneo Clausura\nJornada 7\n5 Febrero 2025 - 18:00 hrs.'}","{'type': 'link', 'href': 'https://www.ligafemenil.mx/cancha/club/11187/toluca', 'text': ''}","{'type': 'link', 'href': 'https://www.ligafemenil.mx/cancha/informeArbitral/145008/eyJpZENsdWJsb2NhbCI6MTExODcsImlkQ2x1YnZpc2l0YSI6MTEyNDV9/informe-arbitral-toluca-vs-atlas-jornada-7-estadio-nemesio-diez-lmxf-tv--vix', 'text': '- - -'}","{'type': 'link', 'href': 'https://www.ligafemenil.mx/cancha/club/11245/atlas', 'text': ''}","{'type': 'link', 'href': 'https://www.ligafemenil.mx/cancha/estadio/6/estadio-nemesio-diez', 'text': 'Nemesio Diez'}","{'type': 'link', 'href': 'https://www.ligafemenil.mx/cancha/mxm/145008/eyJpZENsdWJsb2NhbCI6IjExMTg3IiwiaWRDbHVidmlzaXRhIjoiMTEyNDUiLCJpZFBhcnRpZG8iOiIxNDUwMDgiLCJwZXN0YW5hIjoiMSJ9/minuto-a-minuto-toluca-vs-atlas-jornada-7-estadio-nemesio-diez-lmxf-tv--vix', 'text': ''}","{'type': 'link', 'href': 'https://www.ligafemenil.mx/cancha/mxm/145008/eyJpZENsdWJsb2NhbCI6IjExMTg3IiwiaWRDbHVidmlzaXRhIjoiMTEyNDUiLCJpZFBhcnRpZG8iOiIxNDUwMDgiLCJwZXN0YW5hIjoiMyJ9/minuto-a-minuto-toluca-vs-atlas-jornada-7-estadio-nemesio-diez-lmxf-tv--vix', 'text': ''}","{'type': 'link', 'href': 'https://www.ligafemenil.mx/cancha/informeArbitral/145008/eyJpZENsdWJsb2NhbCI6IjExMTg3IiwiaWRDbHVidmlzaXRhIjoiMTEyNDUifQ==/informe-arbitral-toluca-vs-atlas-jornada-7-estadio-nemesio-diez-lmxf-tv--vix', 'text': ''}","{'type': 'link', 'href': 'https://www.ligafemenil.mx/cancha/mxm/145008/eyJpZENsdWJsb2NhbCI6IjExMTg3IiwiaWRDbHVidmlzaXRhIjoiMTEyNDUiLCJpZFBhcnRpZG8iOiIxNDUwMDgiLCJwZXN0YW5hIjoiNCJ9/minuto-a-minuto-toluca-vs-atlas-jornada-7-estadio-nemesio-diez-lmxf-tv--vix', 'text': ''}","{'type': 'link', 'href': 'https://www.ligafemenil.mx/cancha/galeria/MTQ1MDA4LzcvNzUvMi8xNA==/toluca-vs-atlas', 'text': ''}","{'type': 'link', 'href': 'https://www.ligafemenil.mx/cancha/playlist/145008/toluca-vs-atlas', 'text': ''}"
2024-2025,Clausura,"{'type': 'text', 'value': 'Miércoles 5 de Febrero de 2025\nTemporada 2024-2025\nTorneo Clausura\nJornada 7\n5 Febrero 2025 - 20:00 hrs.'}","{'type': 'link', 'href': 'https://www.ligafemenil.mx/cancha/club/11185/rayados-de-monterrey', 'text': ''}","{'type': 'link', 'href': 'https://www.ligafemenil.mx/cancha/informeArbitral/145010/eyJpZENsdWJsb2NhbCI6MTExODUsImlkQ2x1YnZpc2l0YSI6MTExODl9/informe-arbitral-rayados-de-monterrey-vs-necaxa-jornada-7-estadio-bbva-lmxf-tv--vix', 'text': '- - -'}","{'type': 'link', 'href': 'https://www.ligafemenil.mx/cancha/club/11189/necaxa', 'text': ''}","{'type': 'link', 'href': 'https://www.ligafemenil.mx/cancha/estadio/1608/estadio-bbva', 'text': 'Estadio BBVA'}","{'type': 'link', 'href': 'https://www.ligafemenil.mx/cancha/mxm/145010/eyJpZENsdWJsb2NhbCI6IjExMTg1IiwiaWRDbHVidmlzaXRhIjoiMTExODkiLCJpZFBhcnRpZG8iOiIxNDUwMTAiLCJwZXN0YW5hIjoiMSJ9/minuto-a-minuto-rayados-de-monterrey-vs-necaxa-jornada-7-estadio-bbva-lmxf-tv--vix', 'text': ''}","{'type': 'link', 'href': 'https://www.ligafemenil.mx/cancha/mxm/145010/eyJpZENsdWJsb2NhbCI6IjExMTg1IiwiaWRDbHVidmlzaXRhIjoiMTExODkiLCJpZFBhcnRpZG8iOiIxNDUwMTAiLCJwZXN0YW5hIjoiMyJ9/minuto-a-minuto-rayados-de-monterrey-vs-necaxa-jornada-7-estadio-bbva-lmxf-tv--vix', 'text': ''}","{'type': 'link', 'href': 'https://www.ligafemenil.mx/cancha/informeArbitral/145010/eyJpZENsdWJsb2NhbCI6IjExMTg1IiwiaWRDbHVidmlzaXRhIjoiMTExODkifQ==/informe-arbitral-rayados-de-monterrey-vs-necaxa-jornada-7-estadio-bbva-lmxf-tv--vix', 'text': ''}","{'type': 'link', 'href': 'https://www.ligafemenil.mx/cancha/mxm/145010/eyJpZENsdWJsb2NhbCI6IjExMTg1IiwiaWRDbHVidmlzaXRhIjoiMTExODkiLCJpZFBhcnRpZG8iOiIxNDUwMTAiLCJwZXN0YW5hIjoiNCJ9/minuto-a-minuto-rayados-de-monterrey-vs-necaxa-jornada-7-estadio-bbva-lmxf-tv--vix', 'text': ''}","{'type': 'link', 'href': 'https://www.ligafemenil.mx/cancha/galeria/MTQ1MDEwLzcvNzUvMi8xNA==/rayados-de-monterrey-vs-necaxa', 'text': ''}","{'type': 'link', 'href': 'https://www.ligafemenil.mx/cancha/playlist/145010/rayados-de-monterrey-vs-necaxa', 'text': ''}"
2024-2025,Clausura,"{'type': 'text', 'value': 'Jueves 6 de Febrero de 2025\nTemporada 2024-2025\nTorneo Clausura\nJornada 7\n6 Febrero 2025 - 19:00 hrs.'}","{'type': 'link', 'href': 'https://www.ligafemenil.mx/cancha/club/11182/guadalajara', 'text': ''}","{'type': 'link', 'href': 'https://www.ligafemenil.mx/cancha/informeArbitral/145014/eyJpZENsdWJsb2NhbCI6MTExODIsImlkQ2x1YnZpc2l0YSI6MTE3Nzh9/informe-arbitral-guadalajara-vs-club-atletico-de-san-luis-jornada-7-estadio-akron-fox-sports', 'text': '- - -'}","{'type': 'link', 'href': 'https://www.ligafemenil.mx/cancha/club/11778/club-atletico-de-san-luis', 'text': ''}","{'type': 'link', 'href': 'https://www.ligafemenil.mx/cancha/estadio/1538/estadio-akron', 'text': 'Estadio AKRON'}","{'type': 'link', 'href': 'https://www.ligafemenil.mx/cancha/mxm/145014/eyJpZENsdWJsb2NhbCI6IjExMTgyIiwiaWRDbHVidmlzaXRhIjoiMTE3NzgiLCJpZFBhcnRpZG8iOiIxNDUwMTQiLCJwZXN0YW5hIjoiMSJ9/minuto-a-minuto-guadalajara-vs-club-atletico-de-san-luis-jornada-7-estadio-akron-fox-sports', 'text': ''}","{'type': 'link', 'href': 'https://www.ligafemenil.mx/cancha/mxm/145014/eyJpZENsdWJsb2NhbCI6IjExMTgyIiwiaWRDbHVidmlzaXRhIjoiMTE3NzgiLCJpZFBhcnRpZG8iOiIxNDUwMTQiLCJwZXN0YW5hIjoiMyJ9/minuto-a-minuto-guadalajara-vs-club-atletico-de-san-luis-jornada-7-estadio-akron-fox-sports', 'text': ''}","{'type': 'link', 'href': 'https://www.ligafemenil.mx/cancha/informeArbitral/145014/eyJpZENsdWJsb2NhbCI6IjExMTgyIiwiaWRDbHVidmlzaXRhIjoiMTE3NzgifQ==/informe-arbitral-guadalajara-vs-club-atletico-de-san-luis-jornada-7-estadio-akron-fox-sports', 'text': ''}","{'type': 'link', 'href': 'https://www.ligafemenil.mx/cancha/mxm/145014/eyJpZENsdWJsb2NhbCI6IjExMTgyIiwiaWRDbHVidmlzaXRhIjoiMTE3NzgiLCJpZFBhcnRpZG8iOiIxNDUwMTQiLCJwZXN0YW5hIjoiNCJ9/minuto-a-minuto-guadalajara-vs-club-atletico-de-san-luis-jornada-7-estadio-akron-fox-sports', 'text': ''}","{'type': 'link', 'href': 'https://www.ligafemenil.mx/cancha/galeria/MTQ1MDE0LzcvNzUvMi8xNA==/guadalajara-vs-club-atletico-de-san-luis', 'text': ''}","{'type': 'link', 'href': 'https://www.ligafemenil.mx/cancha/playlist/145014/guadalajara-vs-club-atletico-de-san-luis', 'text': ''}"
2024-2025,Clausura,"{'type': 'text', 'value': 'Jueves 6 de Febrero de 2025\nTemporada 2024-2025\nTorneo Clausura\nJornada 7\n6 Febrero 2025 - 20:00 hrs.'}","{'type': 'link', 'href': 'https://www.ligafemenil.mx/cancha/club/11191/america', 'text': ''}","{'type': 'link', 'href': 'https://www.ligafemenil.mx/cancha/informeArbitral/145012/eyJpZENsdWJsb2NhbCI6MTExOTEsImlkQ2x1YnZpc2l0YSI6MTIwNTF9/informe-arbitral-america-vs-mazatlan-fc-jornada-7-estadio-ciudad-de-los-deportes-lmxf-tv--vix', 'text': '- - -'}","{'type': 'link', 'href': 'https://www.ligafemenil.mx/cancha/club/12051/mazatlan-fc', 'text': ''}","{'type': 'link', 'href': 'https://www.ligafemenil.mx/cancha/estadio/2/estadio-ciudad-de-los-deportes', 'text': 'Ciudad De Los Deportes'}","{'type': 'link', 'href': 'https://www.ligafemenil.mx/cancha/mxm/145012/eyJpZENsdWJsb2NhbCI6IjExMTkxIiwiaWRDbHVidmlzaXRhIjoiMTIwNTEiLCJpZFBhcnRpZG8iOiIxNDUwMTIiLCJwZXN0YW5hIjoiMSJ9/minuto-a-minuto-america-vs-mazatlan-fc-jornada-7-estadio-ciudad-de-los-deportes-lmxf-tv--vix', 'text': ''}","{'type': 'link', 'href': 'https://www.ligafemenil.mx/cancha/mxm/145012/eyJpZENsdWJsb2NhbCI6IjExMTkxIiwiaWRDbHVidmlzaXRhIjoiMTIwNTEiLCJpZFBhcnRpZG8iOiIxNDUwMTIiLCJwZXN0YW5hIjoiMyJ9/minuto-a-minuto-america-vs-mazatlan-fc-jornada-7-estadio-ciudad-de-los-deportes-lmxf-tv--vix', 'text': ''}","{'type': 'link', 'href': 'https://www.ligafemenil.mx/cancha/informeArbitral/145012/eyJpZENsdWJsb2NhbCI6IjExMTkxIiwiaWRDbHVidmlzaXRhIjoiMTIwNTEifQ==/informe-arbitral-america-vs-mazatlan-fc-jornada-7-estadio-ciudad-de-los-deportes-lmxf-tv--vix', 'text': ''}","{'type': 'link', 'href': 'https://www.ligafemenil.mx/cancha/mxm/145012/eyJpZENsdWJsb2NhbCI6IjExMTkxIiwiaWRDbHVidmlzaXRhIjoiMTIwNTEiLCJpZFBhcnRpZG8iOiIxNDUwMTIiLCJwZXN0YW5hIjoiNCJ9/minuto-a-minuto-america-vs-mazatlan-fc-jornada-7-estadio-ciudad-de-los-deportes-lmxf-tv--vix', 'text': ''}","{'type': 'link', 'href': 'https://www.ligafemenil.mx/cancha/galeria/MTQ1MDEyLzcvNzUvMi8xNA==/america-vs-mazatlan-fc', 'text': ''}","{'type': 'link', 'href': 'https://www.ligafemenil.mx/cancha/playlist/145012/america-vs-mazatlan-fc', 'text': ''}"
2024-2025,Clausura,"{'type': 'text', 'value': 'Jueves 6 de Febrero de 2025\nTemporada 2024-2025\nTorneo Clausura\nJornada 7\n6 Febrero 2025 - 21:00 hrs.'}","{'type': 'link', 'href': 'https://www.ligafemenil.mx/cancha/club/11192/santos-laguna', 'text': ''}","{'type': 'link', 'href': 'https://www.ligafemenil.mx/cancha/informeArbitral/145017/eyJpZENsdWJsb2NhbCI6MTExOTIsImlkQ2x1YnZpc2l0YSI6MTExODB9/informe-arbitral-santos-laguna-vs-tijuana-jornada-7-estadio-tsm-corona-calientemx', 'text': '- - -'}","{'type': 'link', 'href': 'https://www.ligafemenil.mx/cancha/club/11180/tijuana', 'text': ''}","{'type': 'link', 'href': 'https://www.ligafemenil.mx/cancha/estadio/63/estadio-tsm-corona', 'text': 'TSM Corona'}","{'type': 'link', 'href': 'https://www.ligafemenil.mx/cancha/mxm/145017/eyJpZENsdWJsb2NhbCI6IjExMTkyIiwiaWRDbHVidmlzaXRhIjoiMTExODAiLCJpZFBhcnRpZG8iOiIxNDUwMTciLCJwZXN0YW5hIjoiMSJ9/minuto-a-minuto-santos-laguna-vs-tijuana-jornada-7-estadio-tsm-corona-calientemx', 'text': ''}","{'type': 'link', 'href': 'https://www.ligafemenil.mx/cancha/mxm/145017/eyJpZENsdWJsb2NhbCI6IjExMTkyIiwiaWRDbHVidmlzaXRhIjoiMTExODAiLCJpZFBhcnRpZG8iOiIxNDUwMTciLCJwZXN0YW5hIjoiMyJ9/minuto-a-minuto-santos-laguna-vs-tijuana-jornada-7-estadio-tsm-corona-calientemx', 'text': ''}","{'type': 'link', 'href': 'https://www.ligafemenil.mx/cancha/informeArbitral/145017/eyJpZENsdWJsb2NhbCI6IjExMTkyIiwiaWRDbHVidmlzaXRhIjoiMTExODAifQ==/informe-arbitral-santos-laguna-vs-tijuana-jornada-7-estadio-tsm-corona-calientemx', 'text': ''}","{'type': 'link', 'href': 'https://www.ligafemenil.mx/cancha/mxm/145017/eyJpZENsdWJsb2NhbCI6IjExMTkyIiwiaWRDbHVidmlzaXRhIjoiMTExODAiLCJpZFBhcnRpZG8iOiIxNDUwMTciLCJwZXN0YW5hIjoiNCJ9/minuto-a-minuto-santos-laguna-vs-tijuana-jornada-7-estadio-tsm-corona-calientemx', 'text': ''}","{'type': 'link', 'href': 'https://www.ligafemenil.mx/cancha/galeria/MTQ1MDE3LzcvNzUvMi8xNA==/santos-laguna-vs-tijuana', 'text': ''}","{'type': 'link', 'href': 'https://www.ligafemenil.mx/cancha/playlist/145017/santos-laguna-vs-tijuana', 'text': ''}"
2024-2025,Clausura,"{'type': 'text', 'value': 'Jueves 6 de Febrero de 2025\nTemporada 2024-2025\nTorneo Clausura\nJornada 7\n6 Febrero 2025 - 20:06 hrs.'}","{'type': 'link', 'href': 'https://www.ligafemenil.mx/cancha/club/11795/fc-juarez', 'text': ''}","{'type': 'link', 'href': 'https://www.ligafemenil.mx/cancha/informeArbitral/145019/eyJpZENsdWJsb2NhbCI6MTE3OTUsImlkQ2x1YnZpc2l0YSI6MTIwNDJ9/informe-arbitral-fc-juarez-vs-gallos-blancos-de-queretaro-jornada-7-estadio-olimpico-benito-juarez-tbd', 'text': '- - -'}","{'type': 'link', 'href': 'https://www.ligafemenil.mx/cancha/club/12042/gallos-blancos-de-queretaro', 'text': ''}","{'type': 'link', 'href': 'https://www.ligafemenil.mx/cancha/estadio/17/estadio-olimpico-benito-juarez', 'text': 'Olímpico Benito Juárez'}","{'type': 'link', 'href': 'https://www.ligafemenil.mx/cancha/mxm/145019/eyJpZENsdWJsb2NhbCI6IjExNzk1IiwiaWRDbHVidmlzaXRhIjoiMTIwNDIiLCJpZFBhcnRpZG8iOiIxNDUwMTkiLCJwZXN0YW5hIjoiMSJ9/minuto-a-minuto-fc-juarez-vs-gallos-blancos-de-queretaro-jornada-7-estadio-olimpico-benito-juarez-tbd', 'text': ''}","{'type': 'link', 'href': 'https://www.ligafemenil.mx/cancha/mxm/145019/eyJpZENsdWJsb2NhbCI6IjExNzk1IiwiaWRDbHVidmlzaXRhIjoiMTIwNDIiLCJpZFBhcnRpZG8iOiIxNDUwMTkiLCJwZXN0YW5hIjoiMyJ9/minuto-a-minuto-fc-juarez-vs-gallos-blancos-de-queretaro-jornada-7-estadio-olimpico-benito-juarez-tbd', 'text': ''}","{'type': 'link', 'href': 'https://www.ligafemenil.mx/cancha/informeArbitral/145019/eyJpZENsdWJsb2NhbCI6IjExNzk1IiwiaWRDbHVidmlzaXRhIjoiMTIwNDIifQ==/informe-arbitral-fc-juarez-vs-gallos-blancos-de-queretaro-jornada-7-estadio-olimpico-benito-juarez-tbd', 'text': ''}","{'type': 'link', 'href': 'https://www.ligafemenil.mx/cancha/mxm/145019/eyJpZENsdWJsb2NhbCI6IjExNzk1IiwiaWRDbHVidmlzaXRhIjoiMTIwNDIiLCJpZFBhcnRpZG8iOiIxNDUwMTkiLCJwZXN0YW5hIjoiNCJ9/minuto-a-minuto-fc-juarez-vs-gallos-blancos-de-queretaro-jornada-7-estadio-olimpico-benito-juarez-tbd', 'text': ''}","{'type': 'link', 'href': 'https://www.ligafemenil.mx/cancha/galeria/MTQ1MDE5LzcvNzUvMi8xNA==/fc-juarez-vs-gallos-blancos-de-queretaro', 'text': ''}","{'type': 'link', 'href': 'https://www.ligafemenil.mx/cancha/playlist/145019/fc-juarez-vs-gallos-blancos-de-queretaro', 'text': ''}"
2024-2025,Clausura,"{'type': 'text', 'value': 'Viernes 7 de Febrero de 2025\nTemporada 2024-2025\nTorneo Clausura\nJornada 7\n7 Febrero 2025 - 19:00 hrs.'}","{'type': 'link', 'href': 'https://www.ligafemenil.mx/cancha/club/11243/leon', 'text': ''}","{'type': 'link', 'href': 'https://www.ligafemenil.mx/cancha/informeArbitral/145021/eyJpZENsdWJsb2NhbCI6MTEyNDMsImlkQ2x1YnZpc2l0YSI6MTExODR9/informe-arbitral-leon-vs-pachuca-jornada-7-estadio-nou-camp-tbd', 'text': '- - -'}","{'type': 'link', 'href': 'https://www.ligafemenil.mx/cancha/club/11184/pachuca', 'text': ''}","{'type': 'link', 'href': 'https://www.ligafemenil.mx/cancha/estadio/23/estadio-nou-camp', 'text': 'Nou Camp'}","{'type': 'link', 'href': 'https://www.ligafemenil.mx/cancha/mxm/145021/eyJpZENsdWJsb2NhbCI6IjExMjQzIiwiaWRDbHVidmlzaXRhIjoiMTExODQiLCJpZFBhcnRpZG8iOiIxNDUwMjEiLCJwZXN0YW5hIjoiMSJ9/minuto-a-minuto-leon-vs-pachuca-jornada-7-estadio-nou-camp-tbd', 'text': ''}","{'type': 'link', 'href': 'https://www.ligafemenil.mx/cancha/mxm/145021/eyJpZENsdWJsb2NhbCI6IjExMjQzIiwiaWRDbHVidmlzaXRhIjoiMTExODQiLCJpZFBhcnRpZG8iOiIxNDUwMjEiLCJwZXN0YW5hIjoiMyJ9/minuto-a-minuto-leon-vs-pachuca-jornada-7-estadio-nou-camp-tbd', 'text': ''}","{'type': 'link', 'href': 'https://www.ligafemenil.mx/cancha/informeArbitral/145021/eyJpZENsdWJsb2NhbCI6IjExMjQzIiwiaWRDbHVidmlzaXRhIjoiMTExODQifQ==/informe-arbitral-leon-vs-pachuca-jornada-7-estadio-nou-camp-tbd', 'text': ''}","{'type': 'link', 'href': 'https://www.ligafemenil.mx/cancha/mxm/145021/eyJpZENsdWJsb2NhbCI6IjExMjQzIiwiaWRDbHVidmlzaXRhIjoiMTExODQiLCJpZFBhcnRpZG8iOiIxNDUwMjEiLCJwZXN0YW5hIjoiNCJ9/minuto-a-minuto-leon-vs-pachuca-jornada-7-estadio-nou-camp-tbd', 'text': ''}","{'type': 'link', 'href': 'https://www.ligafemenil.mx/cancha/galeria/MTQ1MDIxLzcvNzUvMi8xNA==/leon-vs-pachuca', 'text': ''}","{'type': 'link', 'href': 'https://www.ligafemenil.mx/cancha/playlist/145021/leon-vs-pachuca', 'text': ''}"
2024-2025,Clausura,"{'type': 'text', 'value': 'Domingo 9 de Febrero de 2025\nTemporada 2024-2025\nTorneo Clausura\nJornada 8\n9 Febrero 2025 - 12:00 hrs.'}","{'type': 'link', 'href': 'https://www.ligafemenil.mx/cancha/club/11187/toluca', 'text': ''}","{'type': 'link', 'href': 'https://www.ligafemenil.mx/cancha/informeArbitral/145026/eyJpZENsdWJsb2NhbCI6MTExODcsImlkQ2x1YnZpc2l0YSI6MTExOTJ9/informe-arbitral-toluca-vs-santos-laguna-jornada-8-estadio-nemesio-diez-lmxf-tv--vix', 'text': '- - -'}","{'type': 'link', 'href': 'https://www.ligafemenil.mx/cancha/club/11192/santos-laguna', 'text': ''}","{'type': 'link', 'href': 'https://www.ligafemenil.mx/cancha/estadio/6/estadio-nemesio-diez', 'text': 'Nemesio Diez'}","{'type': 'link', 'href': 'https://www.ligafemenil.mx/cancha/mxm/145026/eyJpZENsdWJsb2NhbCI6IjExMTg3IiwiaWRDbHVidmlzaXRhIjoiMTExOTIiLCJpZFBhcnRpZG8iOiIxNDUwMjYiLCJwZXN0YW5hIjoiMSJ9/minuto-a-minuto-toluca-vs-santos-laguna-jornada-8-estadio-nemesio-diez-lmxf-tv--vix', 'text': ''}","{'type': 'link', 'href': 'https://www.ligafemenil.mx/cancha/mxm/145026/eyJpZENsdWJsb2NhbCI6IjExMTg3IiwiaWRDbHVidmlzaXRhIjoiMTExOTIiLCJpZFBhcnRpZG8iOiIxNDUwMjYiLCJwZXN0YW5hIjoiMyJ9/minuto-a-minuto-toluca-vs-santos-laguna-jornada-8-estadio-nemesio-diez-lmxf-tv--vix', 'text': ''}","{'type': 'link', 'href': 'https://www.ligafemenil.mx/cancha/informeArbitral/145026/eyJpZENsdWJsb2NhbCI6IjExMTg3IiwiaWRDbHVidmlzaXRhIjoiMTExOTIifQ==/informe-arbitral-toluca-vs-santos-laguna-jornada-8-estadio-nemesio-diez-lmxf-tv--vix', 'text': ''}","{'type': 'link', 'href': 'https://www.ligafemenil.mx/cancha/mxm/145026/eyJpZENsdWJsb2NhbCI6IjExMTg3IiwiaWRDbHVidmlzaXRhIjoiMTExOTIiLCJpZFBhcnRpZG8iOiIxNDUwMjYiLCJwZXN0YW5hIjoiNCJ9/minuto-a-minuto-toluca-vs-santos-laguna-jornada-8-estadio-nemesio-diez-lmxf-tv--vix', 'text': ''}","{'type': 'link', 'href': 'https://www.ligafemenil.mx/cancha/galeria/MTQ1MDI2LzgvNzUvMi8xNA==/toluca-vs-santos-laguna', 'text': ''}","{'type': 'link', 'href': 'https://www.ligafemenil.mx/cancha/playlist/145026/toluca-vs-santos-laguna', 'text': ''}"
2024-2025,Clausura,"{'type': 'text', 'value': 'Lunes 10 de Febrero de 2025\nTemporada 2024-2025\nTorneo Clausura\nJornada 8\n10 Febrero 2025 - 17:00 hrs.'}","{'type': 'link', 'href': 'https://www.ligafemenil.mx/cancha/club/11186/tigres-de-la-uanl', 'text': ''}","{'type': 'link', 'href': 'https://www.ligafemenil.mx/cancha/informeArbitral/145029/eyJpZENsdWJsb2NhbCI6MTExODYsImlkQ2x1YnZpc2l0YSI6MTE3Nzh9/informe-arbitral-tigres-de-la-uanl-vs-club-atletico-de-san-luis-jornada-8-estadio-universitario-fox-sports', 'text': '- - -'}","{'type': 'link', 'href': 'https://www.ligafemenil.mx/cancha/club/11778/club-atletico-de-san-luis', 'text': ''}","{'type': 'link', 'href': 'https://www.ligafemenil.mx/cancha/estadio/12/estadio-universitario', 'text': 'Universitario'}","{'type': 'link', 'href': 'https://www.ligafemenil.mx/cancha/mxm/145029/eyJpZENsdWJsb2NhbCI6IjExMTg2IiwiaWRDbHVidmlzaXRhIjoiMTE3NzgiLCJpZFBhcnRpZG8iOiIxNDUwMjkiLCJwZXN0YW5hIjoiMSJ9/minuto-a-minuto-tigres-de-la-uanl-vs-club-atletico-de-san-luis-jornada-8-estadio-universitario-fox-sports', 'text': ''}","{'type': 'link', 'href': 'https://www.ligafemenil.mx/cancha/mxm/145029/eyJpZENsdWJsb2NhbCI6IjExMTg2IiwiaWRDbHVidmlzaXRhIjoiMTE3NzgiLCJpZFBhcnRpZG8iOiIxNDUwMjkiLCJwZXN0YW5hIjoiMyJ9/minuto-a-minuto-tigres-de-la-uanl-vs-club-atletico-de-san-luis-jornada-8-estadio-universitario-fox-sports', 'text': ''}","{'type': 'link', 'href': 'https://www.ligafemenil.mx/cancha/informeArbitral/145029/eyJpZENsdWJsb2NhbCI6IjExMTg2IiwiaWRDbHVidmlzaXRhIjoiMTE3NzgifQ==/informe-arbitral-tigres-de-la-uanl-vs-club-atletico-de-san-luis-jornada-8-estadio-universitario-fox-sports', 'text': ''}","{'type': 'link', 'href': 'https://www.ligafemenil.mx/cancha/mxm/145029/eyJpZENsdWJsb2NhbCI6IjExMTg2IiwiaWRDbHVidmlzaXRhIjoiMTE3NzgiLCJpZFBhcnRpZG8iOiIxNDUwMjkiLCJwZXN0YW5hIjoiNCJ9/minuto-a-minuto-tigres-de-la-uanl-vs-club-atletico-de-san-luis-jornada-8-estadio-universitario-fox-sports', 'text': ''}","{'type': 'link', 'href': 'https://www.ligafemenil.mx/cancha/galeria/MTQ1MDI5LzgvNzUvMi8xNA==/tigres-de-la-uanl-vs-club-atletico-de-san-luis', 'text': ''}","{'type': 'link', 'href': 'https://www.ligafemenil.mx/cancha/playlist/145029/tigres-de-la-uanl-vs-club-atletico-de-san-luis', 'text': ''}"
2024-2025,Clausura,"{'type': 'text', 'value': 'Lunes 10 de Febrero de 2025\nTemporada 2024-2025\nTorneo Clausura\nJornada 8\n10 Febrero 2025 - 17:00 hrs.'}","{'type': 'link', 'href': 'https://www.ligafemenil.mx/cancha/club/11188/pumas', 'text': ''}","{'type': 'link', 'href': 'https://www.ligafemenil.mx/cancha/informeArbitral/145032/eyJpZENsdWJsb2NhbCI6MTExODgsImlkQ2x1YnZpc2l0YSI6MTExODF9/informe-arbitral-pumas-vs-cruz-azul-jornada-8-estadio-olimpico-universitario-lmxf-tv--vix', 'text': '- - -'}","{'type': 'link', 'href': 'https://www.ligafemenil.mx/cancha/club/11181/cruz-azul', 'text': ''}","{'type': 'link', 'href': 'https://www.ligafemenil.mx/cancha/estadio/7/estadio-olimpico-universitario', 'text': 'Olímpico Universitario'}","{'type': 'link', 'href': 'https://www.ligafemenil.mx/cancha/mxm/145032/eyJpZENsdWJsb2NhbCI6IjExMTg4IiwiaWRDbHVidmlzaXRhIjoiMTExODEiLCJpZFBhcnRpZG8iOiIxNDUwMzIiLCJwZXN0YW5hIjoiMSJ9/minuto-a-minuto-pumas-vs-cruz-azul-jornada-8-estadio-olimpico-universitario-lmxf-tv--vix', 'text': ''}","{'type': 'link', 'href': 'https://www.ligafemenil.mx/cancha/mxm/145032/eyJpZENsdWJsb2NhbCI6IjExMTg4IiwiaWRDbHVidmlzaXRhIjoiMTExODEiLCJpZFBhcnRpZG8iOiIxNDUwMzIiLCJwZXN0YW5hIjoiMyJ9/minuto-a-minuto-pumas-vs-cruz-azul-jornada-8-estadio-olimpico-universitario-lmxf-tv--vix', 'text': ''}","{'type': 'link', 'href': 'https://www.ligafemenil.mx/cancha/informeArbitral/145032/eyJpZENsdWJsb2NhbCI6IjExMTg4IiwiaWRDbHVidmlzaXRhIjoiMTExODEifQ==/informe-arbitral-pumas-vs-cruz-azul-jornada-8-estadio-olimpico-universitario-lmxf-tv--vix', 'text': ''}","{'type': 'link', 'href': 'https://www.ligafemenil.mx/cancha/mxm/145032/eyJpZENsdWJsb2NhbCI6IjExMTg4IiwiaWRDbHVidmlzaXRhIjoiMTExODEiLCJpZFBhcnRpZG8iOiIxNDUwMzIiLCJwZXN0YW5hIjoiNCJ9/minuto-a-minuto-pumas-vs-cruz-azul-jornada-8-estadio-olimpico-universitario-lmxf-tv--vix', 'text': ''}","{'type': 'link', 'href': 'https://www.ligafemenil.mx/cancha/galeria/MTQ1MDMyLzgvNzUvMi8xNA==/pumas-vs-cruz-azul', 'text': ''}","{'type': 'link', 'href': 'https://www.ligafemenil.mx/cancha/playlist/145032/pumas-vs-cruz-azul', 'text': ''}"
2024-2025,Clausura,"{'type': 'text', 'value': 'Lunes 10 de Febrero de 2025\nTemporada 2024-2025\nTorneo Clausura\nJornada 8\n10 Febrero 2025 - 19:00 hrs.'}","{'type': 'link', 'href': 'https://www.ligafemenil.mx/cancha/club/12042/gallos-blancos-de-queretaro', 'text': ''}","{'type': 'link', 'href': 'https://www.ligafemenil.mx/cancha/informeArbitral/145034/eyJpZENsdWJsb2NhbCI6MTIwNDIsImlkQ2x1YnZpc2l0YSI6MTE1NDN9/informe-arbitral-gallos-blancos-de-queretaro-vs-puebla-fc-jornada-8-estadio-la-corregidora-calientemx', 'text': '- - -'}","{'type': 'link', 'href': 'https://www.ligafemenil.mx/cancha/club/11543/puebla-fc', 'text': ''}","{'type': 'link', 'href': 'https://www.ligafemenil.mx/cancha/estadio/25/estadio-la-corregidora', 'text': 'La Corregidora'}","{'type': 'link', 'href': 'https://www.ligafemenil.mx/cancha/mxm/145034/eyJpZENsdWJsb2NhbCI6IjEyMDQyIiwiaWRDbHVidmlzaXRhIjoiMTE1NDMiLCJpZFBhcnRpZG8iOiIxNDUwMzQiLCJwZXN0YW5hIjoiMSJ9/minuto-a-minuto-gallos-blancos-de-queretaro-vs-puebla-fc-jornada-8-estadio-la-corregidora-calientemx', 'text': ''}","{'type': 'link', 'href': 'https://www.ligafemenil.mx/cancha/mxm/145034/eyJpZENsdWJsb2NhbCI6IjEyMDQyIiwiaWRDbHVidmlzaXRhIjoiMTE1NDMiLCJpZFBhcnRpZG8iOiIxNDUwMzQiLCJwZXN0YW5hIjoiMyJ9/minuto-a-minuto-gallos-blancos-de-queretaro-vs-puebla-fc-jornada-8-estadio-la-corregidora-calientemx', 'text': ''}","{'type': 'link', 'href': 'https://www.ligafemenil.mx/cancha/informeArbitral/145034/eyJpZENsdWJsb2NhbCI6IjEyMDQyIiwiaWRDbHVidmlzaXRhIjoiMTE1NDMifQ==/informe-arbitral-gallos-blancos-de-queretaro-vs-puebla-fc-jornada-8-estadio-la-corregidora-calientemx', 'text': ''}","{'type': 'link', 'href': 'https://www.ligafemenil.mx/cancha/mxm/145034/eyJpZENsdWJsb2NhbCI6IjEyMDQyIiwiaWRDbHVidmlzaXRhIjoiMTE1NDMiLCJpZFBhcnRpZG8iOiIxNDUwMzQiLCJwZXN0YW5hIjoiNCJ9/minuto-a-minuto-gallos-blancos-de-queretaro-vs-puebla-fc-jornada-8-estadio-la-corregidora-calientemx', 'text': ''}","{'type': 'link', 'href': 'https://www.ligafemenil.mx/cancha/galeria/MTQ1MDM0LzgvNzUvMi8xNA==/gallos-blancos-de-queretaro-vs-puebla-fc', 'text': ''}","{'type': 'link', 'href': 'https://www.ligafemenil.mx/cancha/playlist/145034/gallos-blancos-de-queretaro-vs-puebla-fc', 'text': ''}"
2024-2025,Clausura,"{'type': 'text', 'value': 'Lunes 10 de Febrero de 2025\nTemporada 2024-2025\nTorneo Clausura\nJornada 8\n10 Febrero 2025 - 19:06 hrs.'}","{'type': 'link', 'href': 'https://www.ligafemenil.mx/cancha/club/11184/pachuca', 'text': ''}","{'type': 'link', 'href': 'https://www.ligafemenil.mx/cancha/informeArbitral/145036/eyJpZENsdWJsb2NhbCI6MTExODQsImlkQ2x1YnZpc2l0YSI6MTE3OTV9/informe-arbitral-pachuca-vs-fc-juarez-jornada-8-estadio-hidalgo-tbd', 'text': '- - -'}","{'type': 'link', 'href': 'https://www.ligafemenil.mx/cancha/club/11795/fc-juarez', 'text': ''}","{'type': 'link', 'href': 'https://www.ligafemenil.mx/cancha/estadio/11/estadio-hidalgo', 'text': 'Hidalgo'}","{'type': 'link', 'href': 'https://www.ligafemenil.mx/cancha/mxm/145036/eyJpZENsdWJsb2NhbCI6IjExMTg0IiwiaWRDbHVidmlzaXRhIjoiMTE3OTUiLCJpZFBhcnRpZG8iOiIxNDUwMzYiLCJwZXN0YW5hIjoiMSJ9/minuto-a-minuto-pachuca-vs-fc-juarez-jornada-8-estadio-hidalgo-tbd', 'text': ''}","{'type': 'link', 'href': 'https://www.ligafemenil.mx/cancha/mxm/145036/eyJpZENsdWJsb2NhbCI6IjExMTg0IiwiaWRDbHVidmlzaXRhIjoiMTE3OTUiLCJpZFBhcnRpZG8iOiIxNDUwMzYiLCJwZXN0YW5hIjoiMyJ9/minuto-a-minuto-pachuca-vs-fc-juarez-jornada-8-estadio-hidalgo-tbd', 'text': ''}","{'type': 'link', 'href': 'https://www.ligafemenil.mx/cancha/informeArbitral/145036/eyJpZENsdWJsb2NhbCI6IjExMTg0IiwiaWRDbHVidmlzaXRhIjoiMTE3OTUifQ==/informe-arbitral-pachuca-vs-fc-juarez-jornada-8-estadio-hidalgo-tbd', 'text': ''}","{'type': 'link', 'href': 'https://www.ligafemenil.mx/cancha/mxm/145036/eyJpZENsdWJsb2NhbCI6IjExMTg0IiwiaWRDbHVidmlzaXRhIjoiMTE3OTUiLCJpZFBhcnRpZG8iOiIxNDUwMzYiLCJwZXN0YW5hIjoiNCJ9/minuto-a-minuto-pachuca-vs-fc-juarez-jornada-8-estadio-hidalgo-tbd', 'text': ''}","{'type': 'link', 'href': 'https://www.ligafemenil.mx/cancha/galeria/MTQ1MDM2LzgvNzUvMi8xNA==/pachuca-vs-fc-juarez', 'text': ''}","{'type': 'link', 'href': 'https://www.ligafemenil.mx/cancha/playlist/145036/pachuca-vs-fc-juarez', 'text': ''}"
2024-2025,Clausura,"{'type': 'text', 'value': 'Lunes 10 de Febrero de 2025\nTemporada 2024-2025\nTorneo Clausura\nJornada 8\n10 Febrero 2025 - 20:00 hrs.'}","{'type': 'link', 'href': 'https://www.ligafemenil.mx/cancha/club/11191/america', 'text': ''}","{'type': 'link', 'href': 'https://www.ligafemenil.mx/cancha/informeArbitral/145038/eyJpZENsdWJsb2NhbCI6MTExOTEsImlkQ2x1YnZpc2l0YSI6MTExODV9/informe-arbitral-america-vs-rayados-de-monterrey-jornada-8-estadio-ciudad-de-los-deportes-lmxf-tv--vix', 'text': '- - -'}","{'type': 'link', 'href': 'https://www.ligafemenil.mx/cancha/club/11185/rayados-de-monterrey', 'text': ''}","{'type': 'link', 'href': 'https://www.ligafemenil.mx/cancha/estadio/2/estadio-ciudad-de-los-deportes', 'text': 'Ciudad De Los Deportes'}","{'type': 'link', 'href': 'https://www.ligafemenil.mx/cancha/mxm/145038/eyJpZENsdWJsb2NhbCI6IjExMTkxIiwiaWRDbHVidmlzaXRhIjoiMTExODUiLCJpZFBhcnRpZG8iOiIxNDUwMzgiLCJwZXN0YW5hIjoiMSJ9/minuto-a-minuto-america-vs-rayados-de-monterrey-jornada-8-estadio-ciudad-de-los-deportes-lmxf-tv--vix', 'text': ''}","{'type': 'link', 'href': 'https://www.ligafemenil.mx/cancha/mxm/145038/eyJpZENsdWJsb2NhbCI6IjExMTkxIiwiaWRDbHVidmlzaXRhIjoiMTExODUiLCJpZFBhcnRpZG8iOiIxNDUwMzgiLCJwZXN0YW5hIjoiMyJ9/minuto-a-minuto-america-vs-rayados-de-monterrey-jornada-8-estadio-ciudad-de-los-deportes-lmxf-tv--vix', 'text': ''}","{'type': 'link', 'href': 'https://www.ligafemenil.mx/cancha/informeArbitral/145038/eyJpZENsdWJsb2NhbCI6IjExMTkxIiwiaWRDbHVidmlzaXRhIjoiMTExODUifQ==/informe-arbitral-america-vs-rayados-de-monterrey-jornada-8-estadio-ciudad-de-los-deportes-lmxf-tv--vix', 'text': ''}","{'type': 'link', 'href': 'https://www.ligafemenil.mx/cancha/mxm/145038/eyJpZENsdWJsb2NhbCI6IjExMTkxIiwiaWRDbHVidmlzaXRhIjoiMTExODUiLCJpZFBhcnRpZG8iOiIxNDUwMzgiLCJwZXN0YW5hIjoiNCJ9/minuto-a-minuto-america-vs-rayados-de-monterrey-jornada-8-estadio-ciudad-de-los-deportes-lmxf-tv--vix', 'text': ''}","{'type': 'link', 'href': 'https://www.ligafemenil.mx/cancha/galeria/MTQ1MDM4LzgvNzUvMi8xNA==/america-vs-rayados-de-monterrey', 'text': ''}","{'type': 'link', 'href': 'https://www.ligafemenil.mx/cancha/playlist/145038/america-vs-rayados-de-monterrey', 'text': ''}"
2024-2025,Clausura,"{'type': 'text', 'value': 'Lunes 10 de Febrero de 2025\nTemporada 2024-2025\nTorneo Clausura\nJornada 8\n10 Febrero 2025 - 19:00 hrs.'}","{'type': 'link', 'href': 'https://www.ligafemenil.mx/cancha/club/11180/tijuana', 'text': ''}","{'type': 'link', 'href': 'https://www.ligafemenil.mx/cancha/informeArbitral/145040/eyJpZENsdWJsb2NhbCI6MTExODAsImlkQ2x1YnZpc2l0YSI6MTExODJ9/informe-arbitral-tijuana-vs-guadalajara-jornada-8-estadio-caliente-calientemx', 'text': '- - -'}","{'type': 'link', 'href': 'https://www.ligafemenil.mx/cancha/club/11182/guadalajara', 'text': ''}","{'type': 'link', 'href': 'https://www.ligafemenil.mx/cancha/estadio/48/estadio-caliente', 'text': 'Caliente'}","{'type': 'link', 'href': 'https://www.ligafemenil.mx/cancha/mxm/145040/eyJpZENsdWJsb2NhbCI6IjExMTgwIiwiaWRDbHVidmlzaXRhIjoiMTExODIiLCJpZFBhcnRpZG8iOiIxNDUwNDAiLCJwZXN0YW5hIjoiMSJ9/minuto-a-minuto-tijuana-vs-guadalajara-jornada-8-estadio-caliente-calientemx', 'text': ''}","{'type': 'link', 'href': 'https://www.ligafemenil.mx/cancha/mxm/145040/eyJpZENsdWJsb2NhbCI6IjExMTgwIiwiaWRDbHVidmlzaXRhIjoiMTExODIiLCJpZFBhcnRpZG8iOiIxNDUwNDAiLCJwZXN0YW5hIjoiMyJ9/minuto-a-minuto-tijuana-vs-guadalajara-jornada-8-estadio-caliente-calientemx', 'text': ''}","{'type': 'link', 'href': 'https://www.ligafemenil.mx/cancha/informeArbitral/145040/eyJpZENsdWJsb2NhbCI6IjExMTgwIiwiaWRDbHVidmlzaXRhIjoiMTExODIifQ==/informe-arbitral-tijuana-vs-guadalajara-jornada-8-estadio-caliente-calientemx', 'text': ''}","{'type': 'link', 'href': 'https://www.ligafemenil.mx/cancha/mxm/145040/eyJpZENsdWJsb2NhbCI6IjExMTgwIiwiaWRDbHVidmlzaXRhIjoiMTExODIiLCJpZFBhcnRpZG8iOiIxNDUwNDAiLCJwZXN0YW5hIjoiNCJ9/minuto-a-minuto-tijuana-vs-guadalajara-jornada-8-estadio-caliente-calientemx', 'text': ''}","{'type': 'link', 'href': 'https://www.ligafemenil.mx/cancha/galeria/MTQ1MDQwLzgvNzUvMi8xNA==/tijuana-vs-guadalajara', 'text': ''}","{'type': 'link', 'href': 'https://www.ligafemenil.mx/cancha/playlist/145040/tijuana-vs-guadalajara', 'text': ''}"
2024-2025,Clausura,"{'type': 'text', 'value': 'Martes 11 de Febrero de 2025\nTemporada 2024-2025\nTorneo Clausura\nJornada 8\n11 Febrero 2025 - 19:00 hrs.'}","{'type': 'link', 'href': 'https://www.ligafemenil.mx/cancha/club/11245/atlas', 'text': ''}","{'type': 'link', 'href': 'https://www.ligafemenil.mx/cancha/informeArbitral/145041/eyJpZENsdWJsb2NhbCI6MTEyNDUsImlkQ2x1YnZpc2l0YSI6MTExODl9/informe-arbitral-atlas-vs-necaxa-jornada-8-estadio-jalisco-calientemx', 'text': '- - -'}","{'type': 'link', 'href': 'https://www.ligafemenil.mx/cancha/club/11189/necaxa', 'text': ''}","{'type': 'link', 'href': 'https://www.ligafemenil.mx/cancha/estadio/5/estadio-jalisco', 'text': 'Jalisco'}","{'type': 'link', 'href': 'https://www.ligafemenil.mx/cancha/mxm/145041/eyJpZENsdWJsb2NhbCI6IjExMjQ1IiwiaWRDbHVidmlzaXRhIjoiMTExODkiLCJpZFBhcnRpZG8iOiIxNDUwNDEiLCJwZXN0YW5hIjoiMSJ9/minuto-a-minuto-atlas-vs-necaxa-jornada-8-estadio-jalisco-calientemx', 'text': ''}","{'type': 'link', 'href': 'https://www.ligafemenil.mx/cancha/mxm/145041/eyJpZENsdWJsb2NhbCI6IjExMjQ1IiwiaWRDbHVidmlzaXRhIjoiMTExODkiLCJpZFBhcnRpZG8iOiIxNDUwNDEiLCJwZXN0YW5hIjoiMyJ9/minuto-a-minuto-atlas-vs-necaxa-jornada-8-estadio-jalisco-calientemx', 'text': ''}","{'type': 'link', 'href': 'https://www.ligafemenil.mx/cancha/informeArbitral/145041/eyJpZENsdWJsb2NhbCI6IjExMjQ1IiwiaWRDbHVidmlzaXRhIjoiMTExODkifQ==/informe-arbitral-atlas-vs-necaxa-jornada-8-estadio-jalisco-calientemx', 'text': ''}","{'type': 'link', 'href': 'https://www.ligafemenil.mx/cancha/mxm/145041/eyJpZENsdWJsb2NhbCI6IjExMjQ1IiwiaWRDbHVidmlzaXRhIjoiMTExODkiLCJpZFBhcnRpZG8iOiIxNDUwNDEiLCJwZXN0YW5hIjoiNCJ9/minuto-a-minuto-atlas-vs-necaxa-jornada-8-estadio-jalisco-calientemx', 'text': ''}","{'type': 'link', 'href': 'https://www.ligafemenil.mx/cancha/galeria/MTQ1MDQxLzgvNzUvMi8xNA==/atlas-vs-necaxa', 'text': ''}","{'type': 'link', 'href': 'https://www.ligafemenil.mx/cancha/playlist/145041/atlas-vs-necaxa', 'text': ''}"
2024-2025,Clausura,"{'type': 'text', 'value': 'Martes 11 de Febrero de 2025\nTemporada 2024-2025\nTorneo Clausura\nJornada 8\n11 Febrero 2025 - 20:06 hrs.'}","{'type': 'link', 'href': 'https://www.ligafemenil.mx/cancha/club/12051/mazatlan-fc', 'text': ''}","{'type': 'link', 'href': 'https://www.ligafemenil.mx/cancha/informeArbitral/145043/eyJpZENsdWJsb2NhbCI6MTIwNTEsImlkQ2x1YnZpc2l0YSI6MTEyNDN9/informe-arbitral-mazatlan-fc-vs-leon-jornada-8-estadio-el-encanto-fox-sports', 'text': '- - -'}","{'type': 'link', 'href': 'https://www.ligafemenil.mx/cancha/club/11243/leon', 'text': ''}","{'type': 'link', 'href': 'https://www.ligafemenil.mx/cancha/estadio/1931/estadio-el-encanto', 'text': 'El Encanto'}","{'type': 'link', 'href': 'https://www.ligafemenil.mx/cancha/mxm/145043/eyJpZENsdWJsb2NhbCI6IjEyMDUxIiwiaWRDbHVidmlzaXRhIjoiMTEyNDMiLCJpZFBhcnRpZG8iOiIxNDUwNDMiLCJwZXN0YW5hIjoiMSJ9/minuto-a-minuto-mazatlan-fc-vs-leon-jornada-8-estadio-el-encanto-fox-sports', 'text': ''}","{'type': 'link', 'href': 'https://www.ligafemenil.mx/cancha/mxm/145043/eyJpZENsdWJsb2NhbCI6IjEyMDUxIiwiaWRDbHVidmlzaXRhIjoiMTEyNDMiLCJpZFBhcnRpZG8iOiIxNDUwNDMiLCJwZXN0YW5hIjoiMyJ9/minuto-a-minuto-mazatlan-fc-vs-leon-jornada-8-estadio-el-encanto-fox-sports', 'text': ''}","{'type': 'link', 'href': 'https://www.ligafemenil.mx/cancha/informeArbitral/145043/eyJpZENsdWJsb2NhbCI6IjEyMDUxIiwiaWRDbHVidmlzaXRhIjoiMTEyNDMifQ==/informe-arbitral-mazatlan-fc-vs-leon-jornada-8-estadio-el-encanto-fox-sports', 'text': ''}","{'type': 'link', 'href': 'https://www.ligafemenil.mx/cancha/mxm/145043/eyJpZENsdWJsb2NhbCI6IjEyMDUxIiwiaWRDbHVidmlzaXRhIjoiMTEyNDMiLCJpZFBhcnRpZG8iOiIxNDUwNDMiLCJwZXN0YW5hIjoiNCJ9/minuto-a-minuto-mazatlan-fc-vs-leon-jornada-8-estadio-el-encanto-fox-sports', 'text': ''}","{'type': 'link', 'href': 'https://www.ligafemenil.mx/cancha/galeria/MTQ1MDQzLzgvNzUvMi8xNA==/mazatlan-fc-vs-leon', 'text': ''}","{'type': 'link', 'href': 'https://www.ligafemenil.mx/cancha/playlist/145043/mazatlan-fc-vs-leon', 'text': ''}"
2024-2025,Clausura,"{'type': 'text', 'value': 'Jueves 13 de Febrero de 2025\nTemporada 2024-2025\nTorneo Clausura\nJornada 9\n13 Febrero 2025 - 21:00 hrs.'}","{'type': 'link', 'href': 'https://www.ligafemenil.mx/cancha/club/11182/guadalajara', 'text': ''}","{'type': 'link', 'href': 'https://www.ligafemenil.mx/cancha/informeArbitral/145049/eyJpZENsdWJsb2NhbCI6MTExODIsImlkQ2x1YnZpc2l0YSI6MTExODd9/informe-arbitral-guadalajara-vs-toluca-jornada-9-estadio-akron-fox-sports', 'text': '- - -'}","{'type': 'link', 'href': 'https://www.ligafemenil.mx/cancha/club/11187/toluca', 'text': ''}","{'type': 'link', 'href': 'https://www.ligafemenil.mx/cancha/estadio/1538/estadio-akron', 'text': 'Estadio AKRON'}","{'type': 'link', 'href': 'https://www.ligafemenil.mx/cancha/mxm/145049/eyJpZENsdWJsb2NhbCI6IjExMTgyIiwiaWRDbHVidmlzaXRhIjoiMTExODciLCJpZFBhcnRpZG8iOiIxNDUwNDkiLCJwZXN0YW5hIjoiMSJ9/minuto-a-minuto-guadalajara-vs-toluca-jornada-9-estadio-akron-fox-sports', 'text': ''}","{'type': 'link', 'href': 'https://www.ligafemenil.mx/cancha/mxm/145049/eyJpZENsdWJsb2NhbCI6IjExMTgyIiwiaWRDbHVidmlzaXRhIjoiMTExODciLCJpZFBhcnRpZG8iOiIxNDUwNDkiLCJwZXN0YW5hIjoiMyJ9/minuto-a-minuto-guadalajara-vs-toluca-jornada-9-estadio-akron-fox-sports', 'text': ''}","{'type': 'link', 'href': 'https://www.ligafemenil.mx/cancha/informeArbitral/145049/eyJpZENsdWJsb2NhbCI6IjExMTgyIiwiaWRDbHVidmlzaXRhIjoiMTExODcifQ==/informe-arbitral-guadalajara-vs-toluca-jornada-9-estadio-akron-fox-sports', 'text': ''}","{'type': 'link', 'href': 'https://www.ligafemenil.mx/cancha/mxm/145049/eyJpZENsdWJsb2NhbCI6IjExMTgyIiwiaWRDbHVidmlzaXRhIjoiMTExODciLCJpZFBhcnRpZG8iOiIxNDUwNDkiLCJwZXN0YW5hIjoiNCJ9/minuto-a-minuto-guadalajara-vs-toluca-jornada-9-estadio-akron-fox-sports', 'text': ''}","{'type': 'link', 'href': 'https://www.ligafemenil.mx/cancha/galeria/MTQ1MDQ5LzkvNzUvMi8xNA==/guadalajara-vs-toluca', 'text': ''}","{'type': 'link', 'href': 'https://www.ligafemenil.mx/cancha/playlist/145049/guadalajara-vs-toluca', 'text': ''}"
2024-2025,Clausura,"{'type': 'text', 'value': 'Viernes 14 de Febrero de 2025\nTemporada 2024-2025\nTorneo Clausura\nJornada 9\n14 Febrero 2025 - 16:00 hrs.'}","{'type': 'link', 'href': 'https://www.ligafemenil.mx/cancha/club/11189/necaxa', 'text': ''}","{'type': 'link', 'href': 'https://www.ligafemenil.mx/cancha/informeArbitral/145051/eyJpZENsdWJsb2NhbCI6MTExODksImlkQ2x1YnZpc2l0YSI6MTExODB9/informe-arbitral-necaxa-vs-tijuana-jornada-9-estadio-victoria-lmxf-tv--vix', 'text': '- - -'}","{'type': 'link', 'href': 'https://www.ligafemenil.mx/cancha/club/11180/tijuana', 'text': ''}","{'type': 'link', 'href': 'https://www.ligafemenil.mx/cancha/estadio/15/estadio-victoria', 'text': 'Victoria'}","{'type': 'link', 'href': 'https://www.ligafemenil.mx/cancha/mxm/145051/eyJpZENsdWJsb2NhbCI6IjExMTg5IiwiaWRDbHVidmlzaXRhIjoiMTExODAiLCJpZFBhcnRpZG8iOiIxNDUwNTEiLCJwZXN0YW5hIjoiMSJ9/minuto-a-minuto-necaxa-vs-tijuana-jornada-9-estadio-victoria-lmxf-tv--vix', 'text': ''}","{'type': 'link', 'href': 'https://www.ligafemenil.mx/cancha/mxm/145051/eyJpZENsdWJsb2NhbCI6IjExMTg5IiwiaWRDbHVidmlzaXRhIjoiMTExODAiLCJpZFBhcnRpZG8iOiIxNDUwNTEiLCJwZXN0YW5hIjoiMyJ9/minuto-a-minuto-necaxa-vs-tijuana-jornada-9-estadio-victoria-lmxf-tv--vix', 'text': ''}","{'type': 'link', 'href': 'https://www.ligafemenil.mx/cancha/informeArbitral/145051/eyJpZENsdWJsb2NhbCI6IjExMTg5IiwiaWRDbHVidmlzaXRhIjoiMTExODAifQ==/informe-arbitral-necaxa-vs-tijuana-jornada-9-estadio-victoria-lmxf-tv--vix', 'text': ''}","{'type': 'link', 'href': 'https://www.ligafemenil.mx/cancha/mxm/145051/eyJpZENsdWJsb2NhbCI6IjExMTg5IiwiaWRDbHVidmlzaXRhIjoiMTExODAiLCJpZFBhcnRpZG8iOiIxNDUwNTEiLCJwZXN0YW5hIjoiNCJ9/minuto-a-minuto-necaxa-vs-tijuana-jornada-9-estadio-victoria-lmxf-tv--vix', 'text': ''}","{'type': 'link', 'href': 'https://www.ligafemenil.mx/cancha/galeria/MTQ1MDUxLzkvNzUvMi8xNA==/necaxa-vs-tijuana', 'text': ''}","{'type': 'link', 'href': 'https://www.ligafemenil.mx/cancha/playlist/145051/necaxa-vs-tijuana', 'text': ''}"
2024-2025,Clausura,"{'type': 'text', 'value': 'Viernes 14 de Febrero de 2025\nTemporada 2024-2025\nTorneo Clausura\nJornada 9\n14 Febrero 2025 - 17:00 hrs.'}","{'type': 'link', 'href': 'https://www.ligafemenil.mx/cancha/club/11192/santos-laguna', 'text': ''}","{'type': 'link', 'href': 'https://www.ligafemenil.mx/cancha/informeArbitral/145052/eyJpZENsdWJsb2NhbCI6MTExOTIsImlkQ2x1YnZpc2l0YSI6MTExODR9/informe-arbitral-santos-laguna-vs-pachuca-jornada-9-estadio-tsm-corona-calientemx', 'text': '- - -'}","{'type': 'link', 'href': 'https://www.ligafemenil.mx/cancha/club/11184/pachuca', 'text': ''}","{'type': 'link', 'href': 'https://www.ligafemenil.mx/cancha/estadio/63/estadio-tsm-corona', 'text': 'TSM Corona'}","{'type': 'link', 'href': 'https://www.ligafemenil.mx/cancha/mxm/145052/eyJpZENsdWJsb2NhbCI6IjExMTkyIiwiaWRDbHVidmlzaXRhIjoiMTExODQiLCJpZFBhcnRpZG8iOiIxNDUwNTIiLCJwZXN0YW5hIjoiMSJ9/minuto-a-minuto-santos-laguna-vs-pachuca-jornada-9-estadio-tsm-corona-calientemx', 'text': ''}","{'type': 'link', 'href': 'https://www.ligafemenil.mx/cancha/mxm/145052/eyJpZENsdWJsb2NhbCI6IjExMTkyIiwiaWRDbHVidmlzaXRhIjoiMTExODQiLCJpZFBhcnRpZG8iOiIxNDUwNTIiLCJwZXN0YW5hIjoiMyJ9/minuto-a-minuto-santos-laguna-vs-pachuca-jornada-9-estadio-tsm-corona-calientemx', 'text': ''}","{'type': 'link', 'href': 'https://www.ligafemenil.mx/cancha/informeArbitral/145052/eyJpZENsdWJsb2NhbCI6IjExMTkyIiwiaWRDbHVidmlzaXRhIjoiMTExODQifQ==/informe-arbitral-santos-laguna-vs-pachuca-jornada-9-estadio-tsm-corona-calientemx', 'text': ''}","{'type': 'link', 'href': 'https://www.ligafemenil.mx/cancha/mxm/145052/eyJpZENsdWJsb2NhbCI6IjExMTkyIiwiaWRDbHVidmlzaXRhIjoiMTExODQiLCJpZFBhcnRpZG8iOiIxNDUwNTIiLCJwZXN0YW5hIjoiNCJ9/minuto-a-minuto-santos-laguna-vs-pachuca-jornada-9-estadio-tsm-corona-calientemx', 'text': ''}","{'type': 'link', 'href': 'https://www.ligafemenil.mx/cancha/galeria/MTQ1MDUyLzkvNzUvMi8xNA==/santos-laguna-vs-pachuca', 'text': ''}","{'type': 'link', 'href': 'https://www.ligafemenil.mx/cancha/playlist/145052/santos-laguna-vs-pachuca', 'text': ''}"
2024-2025,Clausura,"{'type': 'text', 'value': 'Viernes 14 de Febrero de 2025\nTemporada 2024-2025\nTorneo Clausura\nJornada 9\n14 Febrero 2025 - 18:00 hrs.'}","{'type': 'link', 'href': 'https://www.ligafemenil.mx/cancha/club/11188/pumas', 'text': ''}","{'type': 'link', 'href': 'https://www.ligafemenil.mx/cancha/informeArbitral/145056/eyJpZENsdWJsb2NhbCI6MTExODgsImlkQ2x1YnZpc2l0YSI6MTExOTF9/informe-arbitral-pumas-vs-america-jornada-9-estadio-olimpico-universitario-lmxf-tv--vix', 'text': '- - -'}","{'type': 'link', 'href': 'https://www.ligafemenil.mx/cancha/club/11191/america', 'text': ''}","{'type': 'link', 'href': 'https://www.ligafemenil.mx/cancha/estadio/7/estadio-olimpico-universitario', 'text': 'Olímpico Universitario'}","{'type': 'link', 'href': 'https://www.ligafemenil.mx/cancha/mxm/145056/eyJpZENsdWJsb2NhbCI6IjExMTg4IiwiaWRDbHVidmlzaXRhIjoiMTExOTEiLCJpZFBhcnRpZG8iOiIxNDUwNTYiLCJwZXN0YW5hIjoiMSJ9/minuto-a-minuto-pumas-vs-america-jornada-9-estadio-olimpico-universitario-lmxf-tv--vix', 'text': ''}","{'type': 'link', 'href': 'https://www.ligafemenil.mx/cancha/mxm/145056/eyJpZENsdWJsb2NhbCI6IjExMTg4IiwiaWRDbHVidmlzaXRhIjoiMTExOTEiLCJpZFBhcnRpZG8iOiIxNDUwNTYiLCJwZXN0YW5hIjoiMyJ9/minuto-a-minuto-pumas-vs-america-jornada-9-estadio-olimpico-universitario-lmxf-tv--vix', 'text': ''}","{'type': 'link', 'href': 'https://www.ligafemenil.mx/cancha/informeArbitral/145056/eyJpZENsdWJsb2NhbCI6IjExMTg4IiwiaWRDbHVidmlzaXRhIjoiMTExOTEifQ==/informe-arbitral-pumas-vs-america-jornada-9-estadio-olimpico-universitario-lmxf-tv--vix', 'text': ''}","{'type': 'link', 'href': 'https://www.ligafemenil.mx/cancha/mxm/145056/eyJpZENsdWJsb2NhbCI6IjExMTg4IiwiaWRDbHVidmlzaXRhIjoiMTExOTEiLCJpZFBhcnRpZG8iOiIxNDUwNTYiLCJwZXN0YW5hIjoiNCJ9/minuto-a-minuto-pumas-vs-america-jornada-9-estadio-olimpico-universitario-lmxf-tv--vix', 'text': ''}","{'type': 'link', 'href': 'https://www.ligafemenil.mx/cancha/galeria/MTQ1MDU2LzkvNzUvMi8xNA==/pumas-vs-america', 'text': ''}","{'type': 'link', 'href': 'https://www.ligafemenil.mx/cancha/playlist/145056/pumas-vs-america', 'text': ''}"
2024-2025,Clausura,"{'type': 'text', 'value': 'Viernes 14 de Febrero de 2025\nTemporada 2024-2025\nTorneo Clausura\nJornada 9\n14 Febrero 2025 - 20:10 hrs.'}","{'type': 'link', 'href': 'https://www.ligafemenil.mx/cancha/club/11185/rayados-de-monterrey', 'text': ''}","{'type': 'link', 'href': 'https://www.ligafemenil.mx/cancha/informeArbitral/145067/eyJpZENsdWJsb2NhbCI6MTExODUsImlkQ2x1YnZpc2l0YSI6MTExODZ9/informe-arbitral-rayados-de-monterrey-vs-tigres-de-la-uanl-jornada-9-estadio-bbva-lmxf-tv--vix', 'text': '- - -'}","{'type': 'link', 'href': 'https://www.ligafemenil.mx/cancha/club/11186/tigres-de-la-uanl', 'text': ''}","{'type': 'link', 'href': 'https://www.ligafemenil.mx/cancha/estadio/1608/estadio-bbva', 'text': 'Estadio BBVA'}","{'type': 'link', 'href': 'https://www.ligafemenil.mx/cancha/mxm/145067/eyJpZENsdWJsb2NhbCI6IjExMTg1IiwiaWRDbHVidmlzaXRhIjoiMTExODYiLCJpZFBhcnRpZG8iOiIxNDUwNjciLCJwZXN0YW5hIjoiMSJ9/minuto-a-minuto-rayados-de-monterrey-vs-tigres-de-la-uanl-jornada-9-estadio-bbva-lmxf-tv--vix', 'text': ''}","{'type': 'link', 'href': 'https://www.ligafemenil.mx/cancha/mxm/145067/eyJpZENsdWJsb2NhbCI6IjExMTg1IiwiaWRDbHVidmlzaXRhIjoiMTExODYiLCJpZFBhcnRpZG8iOiIxNDUwNjciLCJwZXN0YW5hIjoiMyJ9/minuto-a-minuto-rayados-de-monterrey-vs-tigres-de-la-uanl-jornada-9-estadio-bbva-lmxf-tv--vix', 'text': ''}","{'type': 'link', 'href': 'https://www.ligafemenil.mx/cancha/informeArbitral/145067/eyJpZENsdWJsb2NhbCI6IjExMTg1IiwiaWRDbHVidmlzaXRhIjoiMTExODYifQ==/informe-arbitral-rayados-de-monterrey-vs-tigres-de-la-uanl-jornada-9-estadio-bbva-lmxf-tv--vix', 'text': ''}","{'type': 'link', 'href': 'https://www.ligafemenil.mx/cancha/mxm/145067/eyJpZENsdWJsb2NhbCI6IjExMTg1IiwiaWRDbHVidmlzaXRhIjoiMTExODYiLCJpZFBhcnRpZG8iOiIxNDUwNjciLCJwZXN0YW5hIjoiNCJ9/minuto-a-minuto-rayados-de-monterrey-vs-tigres-de-la-uanl-jornada-9-estadio-bbva-lmxf-tv--vix', 'text': ''}","{'type': 'link', 'href': 'https://www.ligafemenil.mx/cancha/galeria/MTQ1MDY3LzkvNzUvMi8xNA==/rayados-de-monterrey-vs-tigres-de-la-uanl', 'text': ''}","{'type': 'link', 'href': 'https://www.ligafemenil.mx/cancha/playlist/145067/rayados-de-monterrey-vs-tigres-de-la-uanl', 'text': ''}"
2024-2025,Clausura,"{'type': 'text', 'value': 'Sábado 15 de Febrero de 2025\nTemporada 2024-2025\nTorneo Clausura\nJornada 9\n15 Febrero 2025 - 17:00 hrs.'}","{'type': 'link', 'href': 'https://www.ligafemenil.mx/cancha/club/11778/club-atletico-de-san-luis', 'text': ''}","{'type': 'link', 'href': 'https://www.ligafemenil.mx/cancha/informeArbitral/145068/eyJpZENsdWJsb2NhbCI6MTE3NzgsImlkQ2x1YnZpc2l0YSI6MTIwNDJ9/informe-arbitral-club-atletico-de-san-luis-vs-gallos-blancos-de-queretaro-jornada-9-estadio-alfonso-lastras-ramirez-espn', 'text': '- - -'}","{'type': 'link', 'href': 'https://www.ligafemenil.mx/cancha/club/12042/gallos-blancos-de-queretaro', 'text': ''}","{'type': 'link', 'href': 'https://www.ligafemenil.mx/cancha/estadio/14/estadio-alfonso-lastras-ramirez', 'text': 'Alfonso Lastras Ramírez'}","{'type': 'link', 'href': 'https://www.ligafemenil.mx/cancha/mxm/145068/eyJpZENsdWJsb2NhbCI6IjExNzc4IiwiaWRDbHVidmlzaXRhIjoiMTIwNDIiLCJpZFBhcnRpZG8iOiIxNDUwNjgiLCJwZXN0YW5hIjoiMSJ9/minuto-a-minuto-club-atletico-de-san-luis-vs-gallos-blancos-de-queretaro-jornada-9-estadio-alfonso-lastras-ramirez-espn', 'text': ''}","{'type': 'link', 'href': 'https://www.ligafemenil.mx/cancha/mxm/145068/eyJpZENsdWJsb2NhbCI6IjExNzc4IiwiaWRDbHVidmlzaXRhIjoiMTIwNDIiLCJpZFBhcnRpZG8iOiIxNDUwNjgiLCJwZXN0YW5hIjoiMyJ9/minuto-a-minuto-club-atletico-de-san-luis-vs-gallos-blancos-de-queretaro-jornada-9-estadio-alfonso-lastras-ramirez-espn', 'text': ''}","{'type': 'link', 'href': 'https://www.ligafemenil.mx/cancha/informeArbitral/145068/eyJpZENsdWJsb2NhbCI6IjExNzc4IiwiaWRDbHVidmlzaXRhIjoiMTIwNDIifQ==/informe-arbitral-club-atletico-de-san-luis-vs-gallos-blancos-de-queretaro-jornada-9-estadio-alfonso-lastras-ramirez-espn', 'text': ''}","{'type': 'link', 'href': 'https://www.ligafemenil.mx/cancha/mxm/145068/eyJpZENsdWJsb2NhbCI6IjExNzc4IiwiaWRDbHVidmlzaXRhIjoiMTIwNDIiLCJpZFBhcnRpZG8iOiIxNDUwNjgiLCJwZXN0YW5hIjoiNCJ9/minuto-a-minuto-club-atletico-de-san-luis-vs-gallos-blancos-de-queretaro-jornada-9-estadio-alfonso-lastras-ramirez-espn', 'text': ''}","{'type': 'link', 'href': 'https://www.ligafemenil.mx/cancha/galeria/MTQ1MDY4LzkvNzUvMi8xNA==/club-atletico-de-san-luis-vs-gallos-blancos-de-queretaro', 'text': ''}","{'type': 'link', 'href': 'https://www.ligafemenil.mx/cancha/playlist/145068/club-atletico-de-san-luis-vs-gallos-blancos-de-queretaro', 'text': ''}"
2024-2025,Clausura,"{'type': 'text', 'value': 'Domingo 16 de Febrero de 2025\nTemporada 2024-2025\nTorneo Clausura\nJornada 9\n16 Febrero 2025 - 12:00 hrs.'}","{'type': 'link', 'href': 'https://www.ligafemenil.mx/cancha/club/11543/puebla-fc', 'text': ''}","{'type': 'link', 'href': 'https://www.ligafemenil.mx/cancha/informeArbitral/145070/eyJpZENsdWJsb2NhbCI6MTE1NDMsImlkQ2x1YnZpc2l0YSI6MTExODF9/informe-arbitral-puebla-fc-vs-cruz-azul-jornada-9-estadio-cuauhtemoc-fox-sports', 'text': '- - -'}","{'type': 'link', 'href': 'https://www.ligafemenil.mx/cancha/club/11181/cruz-azul', 'text': ''}","{'type': 'link', 'href': 'https://www.ligafemenil.mx/cancha/estadio/9/estadio-cuauhtemoc', 'text': 'Cuauhtémoc'}","{'type': 'link', 'href': 'https://www.ligafemenil.mx/cancha/mxm/145070/eyJpZENsdWJsb2NhbCI6IjExNTQzIiwiaWRDbHVidmlzaXRhIjoiMTExODEiLCJpZFBhcnRpZG8iOiIxNDUwNzAiLCJwZXN0YW5hIjoiMSJ9/minuto-a-minuto-puebla-fc-vs-cruz-azul-jornada-9-estadio-cuauhtemoc-fox-sports', 'text': ''}","{'type': 'link', 'href': 'https://www.ligafemenil.mx/cancha/mxm/145070/eyJpZENsdWJsb2NhbCI6IjExNTQzIiwiaWRDbHVidmlzaXRhIjoiMTExODEiLCJpZFBhcnRpZG8iOiIxNDUwNzAiLCJwZXN0YW5hIjoiMyJ9/minuto-a-minuto-puebla-fc-vs-cruz-azul-jornada-9-estadio-cuauhtemoc-fox-sports', 'text': ''}","{'type': 'link', 'href': 'https://www.ligafemenil.mx/cancha/informeArbitral/145070/eyJpZENsdWJsb2NhbCI6IjExNTQzIiwiaWRDbHVidmlzaXRhIjoiMTExODEifQ==/informe-arbitral-puebla-fc-vs-cruz-azul-jornada-9-estadio-cuauhtemoc-fox-sports', 'text': ''}","{'type': 'link', 'href': 'https://www.ligafemenil.mx/cancha/mxm/145070/eyJpZENsdWJsb2NhbCI6IjExNTQzIiwiaWRDbHVidmlzaXRhIjoiMTExODEiLCJpZFBhcnRpZG8iOiIxNDUwNzAiLCJwZXN0YW5hIjoiNCJ9/minuto-a-minuto-puebla-fc-vs-cruz-azul-jornada-9-estadio-cuauhtemoc-fox-sports', 'text': ''}","{'type': 'link', 'href': 'https://www.ligafemenil.mx/cancha/galeria/MTQ1MDcwLzkvNzUvMi8xNA==/puebla-fc-vs-cruz-azul', 'text': ''}","{'type': 'link', 'href': 'https://www.ligafemenil.mx/cancha/playlist/145070/puebla-fc-vs-cruz-azul', 'text': ''}"
2024-2025,Clausura,"{'type': 'text', 'value': 'Domingo 16 de Febrero de 2025\nTemporada 2024-2025\nTorneo Clausura\nJornada 9\n16 Febrero 2025 - 17:00 hrs.'}","{'type': 'link', 'href': 'https://www.ligafemenil.mx/cancha/club/11243/leon', 'text': ''}","{'type': 'link', 'href': 'https://www.ligafemenil.mx/cancha/informeArbitral/145072/eyJpZENsdWJsb2NhbCI6MTEyNDMsImlkQ2x1YnZpc2l0YSI6MTEyNDV9/informe-arbitral-leon-vs-atlas-jornada-9-estadio-nou-camp-tbd', 'text': '- - -'}","{'type': 'link', 'href': 'https://www.ligafemenil.mx/cancha/club/11245/atlas', 'text': ''}","{'type': 'link', 'href': 'https://www.ligafemenil.mx/cancha/estadio/23/estadio-nou-camp', 'text': 'Nou Camp'}","{'type': 'link', 'href': 'https://www.ligafemenil.mx/cancha/mxm/145072/eyJpZENsdWJsb2NhbCI6IjExMjQzIiwiaWRDbHVidmlzaXRhIjoiMTEyNDUiLCJpZFBhcnRpZG8iOiIxNDUwNzIiLCJwZXN0YW5hIjoiMSJ9/minuto-a-minuto-leon-vs-atlas-jornada-9-estadio-nou-camp-tbd', 'text': ''}","{'type': 'link', 'href': 'https://www.ligafemenil.mx/cancha/mxm/145072/eyJpZENsdWJsb2NhbCI6IjExMjQzIiwiaWRDbHVidmlzaXRhIjoiMTEyNDUiLCJpZFBhcnRpZG8iOiIxNDUwNzIiLCJwZXN0YW5hIjoiMyJ9/minuto-a-minuto-leon-vs-atlas-jornada-9-estadio-nou-camp-tbd', 'text': ''}","{'type': 'link', 'href': 'https://www.ligafemenil.mx/cancha/informeArbitral/145072/eyJpZENsdWJsb2NhbCI6IjExMjQzIiwiaWRDbHVidmlzaXRhIjoiMTEyNDUifQ==/informe-arbitral-leon-vs-atlas-jornada-9-estadio-nou-camp-tbd', 'text': ''}","{'type': 'link', 'href': 'https://www.ligafemenil.mx/cancha/mxm/145072/eyJpZENsdWJsb2NhbCI6IjExMjQzIiwiaWRDbHVidmlzaXRhIjoiMTEyNDUiLCJpZFBhcnRpZG8iOiIxNDUwNzIiLCJwZXN0YW5hIjoiNCJ9/minuto-a-minuto-leon-vs-atlas-jornada-9-estadio-nou-camp-tbd', 'text': ''}","{'type': 'link', 'href': 'https://www.ligafemenil.mx/cancha/galeria/MTQ1MDcyLzkvNzUvMi8xNA==/leon-vs-atlas', 'text': ''}","{'type': 'link', 'href': 'https://www.ligafemenil.mx/cancha/playlist/145072/leon-vs-atlas', 'text': ''}"
2024-2025,Clausura,"{'type': 'text', 'value': 'Domingo 16 de Febrero de 2025\nTemporada 2024-2025\nTorneo Clausura\nJornada 9\n16 Febrero 2025 - 20:00 hrs.'}","{'type': 'link', 'href': 'https://www.ligafemenil.mx/cancha/club/11795/fc-juarez', 'text': ''}","{'type': 'link', 'href': 'https://www.ligafemenil.mx/cancha/informeArbitral/145074/eyJpZENsdWJsb2NhbCI6MTE3OTUsImlkQ2x1YnZpc2l0YSI6MTIwNTF9/informe-arbitral-fc-juarez-vs-mazatlan-fc-jornada-9-estadio-olimpico-benito-juarez-tbd', 'text': '- - -'}","{'type': 'link', 'href': 'https://www.ligafemenil.mx/cancha/club/12051/mazatlan-fc', 'text': ''}","{'type': 'link', 'href': 'https://www.ligafemenil.mx/cancha/estadio/17/estadio-olimpico-benito-juarez', 'text': 'Olímpico Benito Juárez'}","{'type': 'link', 'href': 'https://www.ligafemenil.mx/cancha/mxm/145074/eyJpZENsdWJsb2NhbCI6IjExNzk1IiwiaWRDbHVidmlzaXRhIjoiMTIwNTEiLCJpZFBhcnRpZG8iOiIxNDUwNzQiLCJwZXN0YW5hIjoiMSJ9/minuto-a-minuto-fc-juarez-vs-mazatlan-fc-jornada-9-estadio-olimpico-benito-juarez-tbd', 'text': ''}","{'type': 'link', 'href': 'https://www.ligafemenil.mx/cancha/mxm/145074/eyJpZENsdWJsb2NhbCI6IjExNzk1IiwiaWRDbHVidmlzaXRhIjoiMTIwNTEiLCJpZFBhcnRpZG8iOiIxNDUwNzQiLCJwZXN0YW5hIjoiMyJ9/minuto-a-minuto-fc-juarez-vs-mazatlan-fc-jornada-9-estadio-olimpico-benito-juarez-tbd', 'text': ''}","{'type': 'link', 'href': 'https://www.ligafemenil.mx/cancha/informeArbitral/145074/eyJpZENsdWJsb2NhbCI6IjExNzk1IiwiaWRDbHVidmlzaXRhIjoiMTIwNTEifQ==/informe-arbitral-fc-juarez-vs-mazatlan-fc-jornada-9-estadio-olimpico-benito-juarez-tbd', 'text': ''}","{'type': 'link', 'href': 'https://www.ligafemenil.mx/cancha/mxm/145074/eyJpZENsdWJsb2NhbCI6IjExNzk1IiwiaWRDbHVidmlzaXRhIjoiMTIwNTEiLCJpZFBhcnRpZG8iOiIxNDUwNzQiLCJwZXN0YW5hIjoiNCJ9/minuto-a-minuto-fc-juarez-vs-mazatlan-fc-jornada-9-estadio-olimpico-benito-juarez-tbd', 'text': ''}","{'type': 'link', 'href': 'https://www.ligafemenil.mx/cancha/galeria/MTQ1MDc0LzkvNzUvMi8xNA==/fc-juarez-vs-mazatlan-fc', 'text': ''}","{'type': 'link', 'href': 'https://www.ligafemenil.mx/cancha/playlist/145074/fc-juarez-vs-mazatlan-fc', 'text': ''}"
2024-2025,Clausura,"{'type': 'text', 'value': 'Jueves 27 de Febrero de 2025\nTemporada 2024-2025\nTorneo Clausura\nJornada 13\n27 Febrero 2025 - 18:00 hrs.'}","{'type': 'link', 'href': 'https://www.ligafemenil.mx/cancha/club/11187/toluca', 'text': ''}","{'type': 'link', 'href': 'https://www.ligafemenil.mx/cancha/informeArbitral/145152/eyJpZENsdWJsb2NhbCI6MTExODcsImlkQ2x1YnZpc2l0YSI6MTExODl9/informe-arbitral-toluca-vs-necaxa-jornada-13-estadio-nemesio-diez-lmxf-tv--vix', 'text': '- - -'}","{'type': 'link', 'href': 'https://www.ligafemenil.mx/cancha/club/11189/necaxa', 'text': ''}","{'type': 'link', 'href': 'https://www.ligafemenil.mx/cancha/estadio/6/estadio-nemesio-diez', 'text': 'Nemesio Diez'}","{'type': 'link', 'href': 'https://www.ligafemenil.mx/cancha/mxm/145152/eyJpZENsdWJsb2NhbCI6IjExMTg3IiwiaWRDbHVidmlzaXRhIjoiMTExODkiLCJpZFBhcnRpZG8iOiIxNDUxNTIiLCJwZXN0YW5hIjoiMSJ9/minuto-a-minuto-toluca-vs-necaxa-jornada-13-estadio-nemesio-diez-lmxf-tv--vix', 'text': ''}","{'type': 'link', 'href': 'https://www.ligafemenil.mx/cancha/mxm/145152/eyJpZENsdWJsb2NhbCI6IjExMTg3IiwiaWRDbHVidmlzaXRhIjoiMTExODkiLCJpZFBhcnRpZG8iOiIxNDUxNTIiLCJwZXN0YW5hIjoiMyJ9/minuto-a-minuto-toluca-vs-necaxa-jornada-13-estadio-nemesio-diez-lmxf-tv--vix', 'text': ''}","{'type': 'link', 'href': 'https://www.ligafemenil.mx/cancha/informeArbitral/145152/eyJpZENsdWJsb2NhbCI6IjExMTg3IiwiaWRDbHVidmlzaXRhIjoiMTExODkifQ==/informe-arbitral-toluca-vs-necaxa-jornada-13-estadio-nemesio-diez-lmxf-tv--vix', 'text': ''}","{'type': 'link', 'href': 'https://www.ligafemenil.mx/cancha/mxm/145152/eyJpZENsdWJsb2NhbCI6IjExMTg3IiwiaWRDbHVidmlzaXRhIjoiMTExODkiLCJpZFBhcnRpZG8iOiIxNDUxNTIiLCJwZXN0YW5hIjoiNCJ9/minuto-a-minuto-toluca-vs-necaxa-jornada-13-estadio-nemesio-diez-lmxf-tv--vix', 'text': ''}","{'type': 'link', 'href': 'https://www.ligafemenil.mx/cancha/galeria/MTQ1MTUyLzEzLzc1LzIvMTQ=/toluca-vs-necaxa', 'text': ''}","{'type': 'link', 'href': 'https://www.ligafemenil.mx/cancha/playlist/145152/toluca-vs-necaxa', 'text': ''}"
2024-2025,Clausura,"{'type': 'text', 'value': 'Viernes 28 de Febrero de 2025\nTemporada 2024-2025\nTorneo Clausura\nJornada 10\n28 Febrero 2025 - 20:00 hrs.'}","{'type': 'link', 'href': 'https://www.ligafemenil.mx/cancha/club/11191/america', 'text': ''}","{'type': 'link', 'href': 'https://www.ligafemenil.mx/cancha/informeArbitral/145077/eyJpZENsdWJsb2NhbCI6MTExOTEsImlkQ2x1YnZpc2l0YSI6MTE3Nzh9/informe-arbitral-america-vs-club-atletico-de-san-luis-jornada-10-estadio-ciudad-de-los-deportes-lmxf-tv--vix', 'text': '- - -'}","{'type': 'link', 'href': 'https://www.ligafemenil.mx/cancha/club/11778/club-atletico-de-san-luis', 'text': ''}","{'type': 'link', 'href': 'https://www.ligafemenil.mx/cancha/estadio/2/estadio-ciudad-de-los-deportes', 'text': 'Ciudad De Los Deportes'}","{'type': 'link', 'href': 'https://www.ligafemenil.mx/cancha/mxm/145077/eyJpZENsdWJsb2NhbCI6IjExMTkxIiwiaWRDbHVidmlzaXRhIjoiMTE3NzgiLCJpZFBhcnRpZG8iOiIxNDUwNzciLCJwZXN0YW5hIjoiMSJ9/minuto-a-minuto-america-vs-club-atletico-de-san-luis-jornada-10-estadio-ciudad-de-los-deportes-lmxf-tv--vix', 'text': ''}","{'type': 'link', 'href': 'https://www.ligafemenil.mx/cancha/mxm/145077/eyJpZENsdWJsb2NhbCI6IjExMTkxIiwiaWRDbHVidmlzaXRhIjoiMTE3NzgiLCJpZFBhcnRpZG8iOiIxNDUwNzciLCJwZXN0YW5hIjoiMyJ9/minuto-a-minuto-america-vs-club-atletico-de-san-luis-jornada-10-estadio-ciudad-de-los-deportes-lmxf-tv--vix', 'text': ''}","{'type': 'link', 'href': 'https://www.ligafemenil.mx/cancha/informeArbitral/145077/eyJpZENsdWJsb2NhbCI6IjExMTkxIiwiaWRDbHVidmlzaXRhIjoiMTE3NzgifQ==/informe-arbitral-america-vs-club-atletico-de-san-luis-jornada-10-estadio-ciudad-de-los-deportes-lmxf-tv--vix', 'text': ''}","{'type': 'link', 'href': 'https://www.ligafemenil.mx/cancha/mxm/145077/eyJpZENsdWJsb2NhbCI6IjExMTkxIiwiaWRDbHVidmlzaXRhIjoiMTE3NzgiLCJpZFBhcnRpZG8iOiIxNDUwNzciLCJwZXN0YW5hIjoiNCJ9/minuto-a-minuto-america-vs-club-atletico-de-san-luis-jornada-10-estadio-ciudad-de-los-deportes-lmxf-tv--vix', 'text': ''}","{'type': 'link', 'href': 'https://www.ligafemenil.mx/cancha/galeria/MTQ1MDc3LzEwLzc1LzIvMTQ=/america-vs-club-atletico-de-san-luis', 'text': ''}","{'type': 'link', 'href': 'https://www.ligafemenil.mx/cancha/playlist/145077/america-vs-club-atletico-de-san-luis', 'text': ''}"
2024-2025,Clausura,"{'type': 'text', 'value': 'Domingo 2 de Marzo de 2025\nTemporada 2024-2025\nTorneo Clausura\nJornada 10\n2 Marzo 2025 - 16:00 hrs.'}","{'type': 'link', 'href': 'https://www.ligafemenil.mx/cancha/club/11180/tijuana', 'text': ''}","{'type': 'link', 'href': 'https://www.ligafemenil.mx/cancha/informeArbitral/145080/eyJpZENsdWJsb2NhbCI6MTExODAsImlkQ2x1YnZpc2l0YSI6MTEyNDN9/informe-arbitral-tijuana-vs-leon-jornada-10-estadio-caliente-calientemx', 'text': '- - -'}","{'type': 'link', 'href': 'https://www.ligafemenil.mx/cancha/club/11243/leon', 'text': ''}","{'type': 'link', 'href': 'https://www.ligafemenil.mx/cancha/estadio/48/estadio-caliente', 'text': 'Caliente'}","{'type': 'link', 'href': 'https://www.ligafemenil.mx/cancha/mxm/145080/eyJpZENsdWJsb2NhbCI6IjExMTgwIiwiaWRDbHVidmlzaXRhIjoiMTEyNDMiLCJpZFBhcnRpZG8iOiIxNDUwODAiLCJwZXN0YW5hIjoiMSJ9/minuto-a-minuto-tijuana-vs-leon-jornada-10-estadio-caliente-calientemx', 'text': ''}","{'type': 'link', 'href': 'https://www.ligafemenil.mx/cancha/mxm/145080/eyJpZENsdWJsb2NhbCI6IjExMTgwIiwiaWRDbHVidmlzaXRhIjoiMTEyNDMiLCJpZFBhcnRpZG8iOiIxNDUwODAiLCJwZXN0YW5hIjoiMyJ9/minuto-a-minuto-tijuana-vs-leon-jornada-10-estadio-caliente-calientemx', 'text': ''}","{'type': 'link', 'href': 'https://www.ligafemenil.mx/cancha/informeArbitral/145080/eyJpZENsdWJsb2NhbCI6IjExMTgwIiwiaWRDbHVidmlzaXRhIjoiMTEyNDMifQ==/informe-arbitral-tijuana-vs-leon-jornada-10-estadio-caliente-calientemx', 'text': ''}","{'type': 'link', 'href': 'https://www.ligafemenil.mx/cancha/mxm/145080/eyJpZENsdWJsb2NhbCI6IjExMTgwIiwiaWRDbHVidmlzaXRhIjoiMTEyNDMiLCJpZFBhcnRpZG8iOiIxNDUwODAiLCJwZXN0YW5hIjoiNCJ9/minuto-a-minuto-tijuana-vs-leon-jornada-10-estadio-caliente-calientemx', 'text': ''}","{'type': 'link', 'href': 'https://www.ligafemenil.mx/cancha/galeria/MTQ1MDgwLzEwLzc1LzIvMTQ=/tijuana-vs-leon', 'text': ''}","{'type': 'link', 'href': 'https://www.ligafemenil.mx/cancha/playlist/145080/tijuana-vs-leon', 'text': ''}"
2024-2025,Clausura,"{'type': 'text', 'value': 'Domingo 2 de Marzo de 2025\nTemporada 2024-2025\nTorneo Clausura\nJornada 10\n2 Marzo 2025 - 19:00 hrs.'}","{'type': 'link', 'href': 'https://www.ligafemenil.mx/cancha/club/12051/mazatlan-fc', 'text': ''}","{'type': 'link', 'href': 'https://www.ligafemenil.mx/cancha/informeArbitral/145082/eyJpZENsdWJsb2NhbCI6MTIwNTEsImlkQ2x1YnZpc2l0YSI6MTE1NDN9/informe-arbitral-mazatlan-fc-vs-puebla-fc-jornada-10-estadio-el-encanto-fox-sports', 'text': '- - -'}","{'type': 'link', 'href': 'https://www.ligafemenil.mx/cancha/club/11543/puebla-fc', 'text': ''}","{'type': 'link', 'href': 'https://www.ligafemenil.mx/cancha/estadio/1931/estadio-el-encanto', 'text': 'El Encanto'}","{'type': 'link', 'href': 'https://www.ligafemenil.mx/cancha/mxm/145082/eyJpZENsdWJsb2NhbCI6IjEyMDUxIiwiaWRDbHVidmlzaXRhIjoiMTE1NDMiLCJpZFBhcnRpZG8iOiIxNDUwODIiLCJwZXN0YW5hIjoiMSJ9/minuto-a-minuto-mazatlan-fc-vs-puebla-fc-jornada-10-estadio-el-encanto-fox-sports', 'text': ''}","{'type': 'link', 'href': 'https://www.ligafemenil.mx/cancha/mxm/145082/eyJpZENsdWJsb2NhbCI6IjEyMDUxIiwiaWRDbHVidmlzaXRhIjoiMTE1NDMiLCJpZFBhcnRpZG8iOiIxNDUwODIiLCJwZXN0YW5hIjoiMyJ9/minuto-a-minuto-mazatlan-fc-vs-puebla-fc-jornada-10-estadio-el-encanto-fox-sports', 'text': ''}","{'type': 'link', 'href': 'https://www.ligafemenil.mx/cancha/informeArbitral/145082/eyJpZENsdWJsb2NhbCI6IjEyMDUxIiwiaWRDbHVidmlzaXRhIjoiMTE1NDMifQ==/informe-arbitral-mazatlan-fc-vs-puebla-fc-jornada-10-estadio-el-encanto-fox-sports', 'text': ''}","{'type': 'link', 'href': 'https://www.ligafemenil.mx/cancha/mxm/145082/eyJpZENsdWJsb2NhbCI6IjEyMDUxIiwiaWRDbHVidmlzaXRhIjoiMTE1NDMiLCJpZFBhcnRpZG8iOiIxNDUwODIiLCJwZXN0YW5hIjoiNCJ9/minuto-a-minuto-mazatlan-fc-vs-puebla-fc-jornada-10-estadio-el-encanto-fox-sports', 'text': ''}","{'type': 'link', 'href': 'https://www.ligafemenil.mx/cancha/galeria/MTQ1MDgyLzEwLzc1LzIvMTQ=/mazatlan-fc-vs-puebla-fc', 'text': ''}","{'type': 'link', 'href': 'https://www.ligafemenil.mx/cancha/playlist/145082/mazatlan-fc-vs-puebla-fc', 'text': ''}"
2024-2025,Clausura,"{'type': 'text', 'value': 'Lunes 3 de Marzo de 2025\nTemporada 2024-2025\nTorneo Clausura\nJornada 10\n3 Marzo 2025 - 15:45 hrs.'}","{'type': 'link', 'href': 'https://www.ligafemenil.mx/cancha/club/11181/cruz-azul', 'text': ''}","{'type': 'link', 'href': 'https://www.ligafemenil.mx/cancha/informeArbitral/145084/eyJpZENsdWJsb2NhbCI6MTExODEsImlkQ2x1YnZpc2l0YSI6MTExODV9/informe-arbitral-cruz-azul-vs-rayados-de-monterrey-jornada-10-estadio-instalaciones-la-noria-cancha-1-lmxf-tv--vix', 'text': '- - -'}","{'type': 'link', 'href': 'https://www.ligafemenil.mx/cancha/club/11185/rayados-de-monterrey', 'text': ''}","{'type': 'link', 'href': 'https://www.ligafemenil.mx/cancha/estadio/47/estadio-instalaciones-la-noria-cancha-1', 'text': 'Instalaciones La Noria Cancha 1'}","{'type': 'link', 'href': 'https://www.ligafemenil.mx/cancha/mxm/145084/eyJpZENsdWJsb2NhbCI6IjExMTgxIiwiaWRDbHVidmlzaXRhIjoiMTExODUiLCJpZFBhcnRpZG8iOiIxNDUwODQiLCJwZXN0YW5hIjoiMSJ9/minuto-a-minuto-cruz-azul-vs-rayados-de-monterrey-jornada-10-estadio-instalaciones-la-noria-cancha-1-lmxf-tv--vix', 'text': ''}","{'type': 'link', 'href': 'https://www.ligafemenil.mx/cancha/mxm/145084/eyJpZENsdWJsb2NhbCI6IjExMTgxIiwiaWRDbHVidmlzaXRhIjoiMTExODUiLCJpZFBhcnRpZG8iOiIxNDUwODQiLCJwZXN0YW5hIjoiMyJ9/minuto-a-minuto-cruz-azul-vs-rayados-de-monterrey-jornada-10-estadio-instalaciones-la-noria-cancha-1-lmxf-tv--vix', 'text': ''}","{'type': 'link', 'href': 'https://www.ligafemenil.mx/cancha/informeArbitral/145084/eyJpZENsdWJsb2NhbCI6IjExMTgxIiwiaWRDbHVidmlzaXRhIjoiMTExODUifQ==/informe-arbitral-cruz-azul-vs-rayados-de-monterrey-jornada-10-estadio-instalaciones-la-noria-cancha-1-lmxf-tv--vix', 'text': ''}","{'type': 'link', 'href': 'https://www.ligafemenil.mx/cancha/mxm/145084/eyJpZENsdWJsb2NhbCI6IjExMTgxIiwiaWRDbHVidmlzaXRhIjoiMTExODUiLCJpZFBhcnRpZG8iOiIxNDUwODQiLCJwZXN0YW5hIjoiNCJ9/minuto-a-minuto-cruz-azul-vs-rayados-de-monterrey-jornada-10-estadio-instalaciones-la-noria-cancha-1-lmxf-tv--vix', 'text': ''}","{'type': 'link', 'href': 'https://www.ligafemenil.mx/cancha/galeria/MTQ1MDg0LzEwLzc1LzIvMTQ=/cruz-azul-vs-rayados-de-monterrey', 'text': ''}","{'type': 'link', 'href': 'https://www.ligafemenil.mx/cancha/playlist/145084/cruz-azul-vs-rayados-de-monterrey', 'text': ''}"
2024-2025,Clausura,"{'type': 'text', 'value': 'Lunes 3 de Marzo de 2025\nTemporada 2024-2025\nTorneo Clausura\nJornada 10\n3 Marzo 2025 - 19:00 hrs.'}","{'type': 'link', 'href': 'https://www.ligafemenil.mx/cancha/club/11245/atlas', 'text': ''}","{'type': 'link', 'href': 'https://www.ligafemenil.mx/cancha/informeArbitral/145085/eyJpZENsdWJsb2NhbCI6MTEyNDUsImlkQ2x1YnZpc2l0YSI6MTExODh9/informe-arbitral-atlas-vs-pumas-jornada-10-estadio-jalisco-calientemx', 'text': '- - -'}","{'type': 'link', 'href': 'https://www.ligafemenil.mx/cancha/club/11188/pumas', 'text': ''}","{'type': 'link', 'href': 'https://www.ligafemenil.mx/cancha/estadio/5/estadio-jalisco', 'text': 'Jalisco'}","{'type': 'link', 'href': 'https://www.ligafemenil.mx/cancha/mxm/145085/eyJpZENsdWJsb2NhbCI6IjExMjQ1IiwiaWRDbHVidmlzaXRhIjoiMTExODgiLCJpZFBhcnRpZG8iOiIxNDUwODUiLCJwZXN0YW5hIjoiMSJ9/minuto-a-minuto-atlas-vs-pumas-jornada-10-estadio-jalisco-calientemx', 'text': ''}","{'type': 'link', 'href': 'https://www.ligafemenil.mx/cancha/mxm/145085/eyJpZENsdWJsb2NhbCI6IjExMjQ1IiwiaWRDbHVidmlzaXRhIjoiMTExODgiLCJpZFBhcnRpZG8iOiIxNDUwODUiLCJwZXN0YW5hIjoiMyJ9/minuto-a-minuto-atlas-vs-pumas-jornada-10-estadio-jalisco-calientemx', 'text': ''}","{'type': 'link', 'href': 'https://www.ligafemenil.mx/cancha/informeArbitral/145085/eyJpZENsdWJsb2NhbCI6IjExMjQ1IiwiaWRDbHVidmlzaXRhIjoiMTExODgifQ==/informe-arbitral-atlas-vs-pumas-jornada-10-estadio-jalisco-calientemx', 'text': ''}","{'type': 'link', 'href': 'https://www.ligafemenil.mx/cancha/mxm/145085/eyJpZENsdWJsb2NhbCI6IjExMjQ1IiwiaWRDbHVidmlzaXRhIjoiMTExODgiLCJpZFBhcnRpZG8iOiIxNDUwODUiLCJwZXN0YW5hIjoiNCJ9/minuto-a-minuto-atlas-vs-pumas-jornada-10-estadio-jalisco-calientemx', 'text': ''}","{'type': 'link', 'href': 'https://www.ligafemenil.mx/cancha/galeria/MTQ1MDg1LzEwLzc1LzIvMTQ=/atlas-vs-pumas', 'text': ''}","{'type': 'link', 'href': 'https://www.ligafemenil.mx/cancha/playlist/145085/atlas-vs-pumas', 'text': ''}"
2024-2025,Clausura,"{'type': 'text', 'value': 'Lunes 3 de Marzo de 2025\nTemporada 2024-2025\nTorneo Clausura\nJornada 10\n3 Marzo 2025 - 19:00 hrs.'}","{'type': 'link', 'href': 'https://www.ligafemenil.mx/cancha/club/11186/tigres-de-la-uanl', 'text': ''}","{'type': 'link', 'href': 'https://www.ligafemenil.mx/cancha/informeArbitral/145088/eyJpZENsdWJsb2NhbCI6MTExODYsImlkQ2x1YnZpc2l0YSI6MTExODJ9/informe-arbitral-tigres-de-la-uanl-vs-guadalajara-jornada-10-estadio-universitario-fox-sports', 'text': '- - -'}","{'type': 'link', 'href': 'https://www.ligafemenil.mx/cancha/club/11182/guadalajara', 'text': ''}","{'type': 'link', 'href': 'https://www.ligafemenil.mx/cancha/estadio/12/estadio-universitario', 'text': 'Universitario'}","{'type': 'link', 'href': 'https://www.ligafemenil.mx/cancha/mxm/145088/eyJpZENsdWJsb2NhbCI6IjExMTg2IiwiaWRDbHVidmlzaXRhIjoiMTExODIiLCJpZFBhcnRpZG8iOiIxNDUwODgiLCJwZXN0YW5hIjoiMSJ9/minuto-a-minuto-tigres-de-la-uanl-vs-guadalajara-jornada-10-estadio-universitario-fox-sports', 'text': ''}","{'type': 'link', 'href': 'https://www.ligafemenil.mx/cancha/mxm/145088/eyJpZENsdWJsb2NhbCI6IjExMTg2IiwiaWRDbHVidmlzaXRhIjoiMTExODIiLCJpZFBhcnRpZG8iOiIxNDUwODgiLCJwZXN0YW5hIjoiMyJ9/minuto-a-minuto-tigres-de-la-uanl-vs-guadalajara-jornada-10-estadio-universitario-fox-sports', 'text': ''}","{'type': 'link', 'href': 'https://www.ligafemenil.mx/cancha/informeArbitral/145088/eyJpZENsdWJsb2NhbCI6IjExMTg2IiwiaWRDbHVidmlzaXRhIjoiMTExODIifQ==/informe-arbitral-tigres-de-la-uanl-vs-guadalajara-jornada-10-estadio-universitario-fox-sports', 'text': ''}","{'type': 'link', 'href': 'https://www.ligafemenil.mx/cancha/mxm/145088/eyJpZENsdWJsb2NhbCI6IjExMTg2IiwiaWRDbHVidmlzaXRhIjoiMTExODIiLCJpZFBhcnRpZG8iOiIxNDUwODgiLCJwZXN0YW5hIjoiNCJ9/minuto-a-minuto-tigres-de-la-uanl-vs-guadalajara-jornada-10-estadio-universitario-fox-sports', 'text': ''}","{'type': 'link', 'href': 'https://www.ligafemenil.mx/cancha/galeria/MTQ1MDg4LzEwLzc1LzIvMTQ=/tigres-de-la-uanl-vs-guadalajara', 'text': ''}","{'type': 'link', 'href': 'https://www.ligafemenil.mx/cancha/playlist/145088/tigres-de-la-uanl-vs-guadalajara', 'text': ''}"
2024-2025,Clausura,"{'type': 'text', 'value': 'Lunes 3 de Marzo de 2025\nTemporada 2024-2025\nTorneo Clausura\nJornada 10\n3 Marzo 2025 - 21:06 hrs.'}","{'type': 'link', 'href': 'https://www.ligafemenil.mx/cancha/club/11184/pachuca', 'text': ''}","{'type': 'link', 'href': 'https://www.ligafemenil.mx/cancha/informeArbitral/145090/eyJpZENsdWJsb2NhbCI6MTExODQsImlkQ2x1YnZpc2l0YSI6MTExODl9/informe-arbitral-pachuca-vs-necaxa-jornada-10-estadio-hidalgo-tbd', 'text': '- - -'}","{'type': 'link', 'href': 'https://www.ligafemenil.mx/cancha/club/11189/necaxa', 'text': ''}","{'type': 'link', 'href': 'https://www.ligafemenil.mx/cancha/estadio/11/estadio-hidalgo', 'text': 'Hidalgo'}","{'type': 'link', 'href': 'https://www.ligafemenil.mx/cancha/mxm/145090/eyJpZENsdWJsb2NhbCI6IjExMTg0IiwiaWRDbHVidmlzaXRhIjoiMTExODkiLCJpZFBhcnRpZG8iOiIxNDUwOTAiLCJwZXN0YW5hIjoiMSJ9/minuto-a-minuto-pachuca-vs-necaxa-jornada-10-estadio-hidalgo-tbd', 'text': ''}","{'type': 'link', 'href': 'https://www.ligafemenil.mx/cancha/mxm/145090/eyJpZENsdWJsb2NhbCI6IjExMTg0IiwiaWRDbHVidmlzaXRhIjoiMTExODkiLCJpZFBhcnRpZG8iOiIxNDUwOTAiLCJwZXN0YW5hIjoiMyJ9/minuto-a-minuto-pachuca-vs-necaxa-jornada-10-estadio-hidalgo-tbd', 'text': ''}","{'type': 'link', 'href': 'https://www.ligafemenil.mx/cancha/informeArbitral/145090/eyJpZENsdWJsb2NhbCI6IjExMTg0IiwiaWRDbHVidmlzaXRhIjoiMTExODkifQ==/informe-arbitral-pachuca-vs-necaxa-jornada-10-estadio-hidalgo-tbd', 'text': ''}","{'type': 'link', 'href': 'https://www.ligafemenil.mx/cancha/mxm/145090/eyJpZENsdWJsb2NhbCI6IjExMTg0IiwiaWRDbHVidmlzaXRhIjoiMTExODkiLCJpZFBhcnRpZG8iOiIxNDUwOTAiLCJwZXN0YW5hIjoiNCJ9/minuto-a-minuto-pachuca-vs-necaxa-jornada-10-estadio-hidalgo-tbd', 'text': ''}","{'type': 'link', 'href': 'https://www.ligafemenil.mx/cancha/galeria/MTQ1MDkwLzEwLzc1LzIvMTQ=/pachuca-vs-necaxa', 'text': ''}","{'type': 'link', 'href': 'https://www.ligafemenil.mx/cancha/playlist/145090/pachuca-vs-necaxa', 'text': ''}"
2024-2025,Clausura,"{'type': 'text', 'value': 'Martes 4 de Marzo de 2025\nTemporada 2024-2025\nTorneo Clausura\nJornada 10\n4 Marzo 2025 - 17:00 hrs.'}","{'type': 'link', 'href': 'https://www.ligafemenil.mx/cancha/club/11187/toluca', 'text': ''}","{'type': 'link', 'href': 'https://www.ligafemenil.mx/cancha/informeArbitral/145091/eyJpZENsdWJsb2NhbCI6MTExODcsImlkQ2x1YnZpc2l0YSI6MTE3OTV9/informe-arbitral-toluca-vs-fc-juarez-jornada-10-estadio-nemesio-diez-lmxf-tv--vix', 'text': '- - -'}","{'type': 'link', 'href': 'https://www.ligafemenil.mx/cancha/club/11795/fc-juarez', 'text': ''}","{'type': 'link', 'href': 'https://www.ligafemenil.mx/cancha/estadio/6/estadio-nemesio-diez', 'text': 'Nemesio Diez'}","{'type': 'link', 'href': 'https://www.ligafemenil.mx/cancha/mxm/145091/eyJpZENsdWJsb2NhbCI6IjExMTg3IiwiaWRDbHVidmlzaXRhIjoiMTE3OTUiLCJpZFBhcnRpZG8iOiIxNDUwOTEiLCJwZXN0YW5hIjoiMSJ9/minuto-a-minuto-toluca-vs-fc-juarez-jornada-10-estadio-nemesio-diez-lmxf-tv--vix', 'text': ''}","{'type': 'link', 'href': 'https://www.ligafemenil.mx/cancha/mxm/145091/eyJpZENsdWJsb2NhbCI6IjExMTg3IiwiaWRDbHVidmlzaXRhIjoiMTE3OTUiLCJpZFBhcnRpZG8iOiIxNDUwOTEiLCJwZXN0YW5hIjoiMyJ9/minuto-a-minuto-toluca-vs-fc-juarez-jornada-10-estadio-nemesio-diez-lmxf-tv--vix', 'text': ''}","{'type': 'link', 'href': 'https://www.ligafemenil.mx/cancha/informeArbitral/145091/eyJpZENsdWJsb2NhbCI6IjExMTg3IiwiaWRDbHVidmlzaXRhIjoiMTE3OTUifQ==/informe-arbitral-toluca-vs-fc-juarez-jornada-10-estadio-nemesio-diez-lmxf-tv--vix', 'text': ''}","{'type': 'link', 'href': 'https://www.ligafemenil.mx/cancha/mxm/145091/eyJpZENsdWJsb2NhbCI6IjExMTg3IiwiaWRDbHVidmlzaXRhIjoiMTE3OTUiLCJpZFBhcnRpZG8iOiIxNDUwOTEiLCJwZXN0YW5hIjoiNCJ9/minuto-a-minuto-toluca-vs-fc-juarez-jornada-10-estadio-nemesio-diez-lmxf-tv--vix', 'text': ''}","{'type': 'link', 'href': 'https://www.ligafemenil.mx/cancha/galeria/MTQ1MDkxLzEwLzc1LzIvMTQ=/toluca-vs-fc-juarez', 'text': ''}","{'type': 'link', 'href': 'https://www.ligafemenil.mx/cancha/playlist/145091/toluca-vs-fc-juarez', 'text': ''}"
2024-2025,Clausura,"{'type': 'text', 'value': 'Martes 4 de Marzo de 2025\nTemporada 2024-2025\nTorneo Clausura\nJornada 10\n4 Marzo 2025 - 19:00 hrs.'}","{'type': 'link', 'href': 'https://www.ligafemenil.mx/cancha/club/12042/gallos-blancos-de-queretaro', 'text': ''}","{'type': 'link', 'href': 'https://www.ligafemenil.mx/cancha/informeArbitral/145093/eyJpZENsdWJsb2NhbCI6MTIwNDIsImlkQ2x1YnZpc2l0YSI6MTExOTJ9/informe-arbitral-gallos-blancos-de-queretaro-vs-santos-laguna-jornada-10-estadio-la-corregidora-calientemx', 'text': '- - -'}","{'type': 'link', 'href': 'https://www.ligafemenil.mx/cancha/club/11192/santos-laguna', 'text': ''}","{'type': 'link', 'href': 'https://www.ligafemenil.mx/cancha/estadio/25/estadio-la-corregidora', 'text': 'La Corregidora'}","{'type': 'link', 'href': 'https://www.ligafemenil.mx/cancha/mxm/145093/eyJpZENsdWJsb2NhbCI6IjEyMDQyIiwiaWRDbHVidmlzaXRhIjoiMTExOTIiLCJpZFBhcnRpZG8iOiIxNDUwOTMiLCJwZXN0YW5hIjoiMSJ9/minuto-a-minuto-gallos-blancos-de-queretaro-vs-santos-laguna-jornada-10-estadio-la-corregidora-calientemx', 'text': ''}","{'type': 'link', 'href': 'https://www.ligafemenil.mx/cancha/mxm/145093/eyJpZENsdWJsb2NhbCI6IjEyMDQyIiwiaWRDbHVidmlzaXRhIjoiMTExOTIiLCJpZFBhcnRpZG8iOiIxNDUwOTMiLCJwZXN0YW5hIjoiMyJ9/minuto-a-minuto-gallos-blancos-de-queretaro-vs-santos-laguna-jornada-10-estadio-la-corregidora-calientemx', 'text': ''}","{'type': 'link', 'href': 'https://www.ligafemenil.mx/cancha/informeArbitral/145093/eyJpZENsdWJsb2NhbCI6IjEyMDQyIiwiaWRDbHVidmlzaXRhIjoiMTExOTIifQ==/informe-arbitral-gallos-blancos-de-queretaro-vs-santos-laguna-jornada-10-estadio-la-corregidora-calientemx', 'text': ''}","{'type': 'link', 'href': 'https://www.ligafemenil.mx/cancha/mxm/145093/eyJpZENsdWJsb2NhbCI6IjEyMDQyIiwiaWRDbHVidmlzaXRhIjoiMTExOTIiLCJpZFBhcnRpZG8iOiIxNDUwOTMiLCJwZXN0YW5hIjoiNCJ9/minuto-a-minuto-gallos-blancos-de-queretaro-vs-santos-laguna-jornada-10-estadio-la-corregidora-calientemx', 'text': ''}","{'type': 'link', 'href': 'https://www.ligafemenil.mx/cancha/galeria/MTQ1MDkzLzEwLzc1LzIvMTQ=/gallos-blancos-de-queretaro-vs-santos-laguna', 'text': ''}","{'type': 'link', 'href': 'https://www.ligafemenil.mx/cancha/playlist/145093/gallos-blancos-de-queretaro-vs-santos-laguna', 'text': ''}"
2024-2025,Clausura,"{'type': 'text', 'value': 'Jueves 6 de Marzo de 2025\nTemporada 2024-2025\nTorneo Clausura\nJornada 11\n6 Marzo 2025 - 17:00 hrs.'}","{'type': 'link', 'href': 'https://www.ligafemenil.mx/cancha/club/11189/necaxa', 'text': ''}","{'type': 'link', 'href': 'https://www.ligafemenil.mx/cancha/informeArbitral/145101/eyJpZENsdWJsb2NhbCI6MTExODksImlkQ2x1YnZpc2l0YSI6MTExODZ9/informe-arbitral-necaxa-vs-tigres-de-la-uanl-jornada-11-estadio-victoria-lmxf-tv--vix', 'text': '- - -'}","{'type': 'link', 'href': 'https://www.ligafemenil.mx/cancha/club/11186/tigres-de-la-uanl', 'text': ''}","{'type': 'link', 'href': 'https://www.ligafemenil.mx/cancha/estadio/15/estadio-victoria', 'text': 'Victoria'}","{'type': 'link', 'href': 'https://www.ligafemenil.mx/cancha/mxm/145101/eyJpZENsdWJsb2NhbCI6IjExMTg5IiwiaWRDbHVidmlzaXRhIjoiMTExODYiLCJpZFBhcnRpZG8iOiIxNDUxMDEiLCJwZXN0YW5hIjoiMSJ9/minuto-a-minuto-necaxa-vs-tigres-de-la-uanl-jornada-11-estadio-victoria-lmxf-tv--vix', 'text': ''}","{'type': 'link', 'href': 'https://www.ligafemenil.mx/cancha/mxm/145101/eyJpZENsdWJsb2NhbCI6IjExMTg5IiwiaWRDbHVidmlzaXRhIjoiMTExODYiLCJpZFBhcnRpZG8iOiIxNDUxMDEiLCJwZXN0YW5hIjoiMyJ9/minuto-a-minuto-necaxa-vs-tigres-de-la-uanl-jornada-11-estadio-victoria-lmxf-tv--vix', 'text': ''}","{'type': 'link', 'href': 'https://www.ligafemenil.mx/cancha/informeArbitral/145101/eyJpZENsdWJsb2NhbCI6IjExMTg5IiwiaWRDbHVidmlzaXRhIjoiMTExODYifQ==/informe-arbitral-necaxa-vs-tigres-de-la-uanl-jornada-11-estadio-victoria-lmxf-tv--vix', 'text': ''}","{'type': 'link', 'href': 'https://www.ligafemenil.mx/cancha/mxm/145101/eyJpZENsdWJsb2NhbCI6IjExMTg5IiwiaWRDbHVidmlzaXRhIjoiMTExODYiLCJpZFBhcnRpZG8iOiIxNDUxMDEiLCJwZXN0YW5hIjoiNCJ9/minuto-a-minuto-necaxa-vs-tigres-de-la-uanl-jornada-11-estadio-victoria-lmxf-tv--vix', 'text': ''}","{'type': 'link', 'href': 'https://www.ligafemenil.mx/cancha/galeria/MTQ1MTAxLzExLzc1LzIvMTQ=/necaxa-vs-tigres-de-la-uanl', 'text': ''}","{'type': 'link', 'href': 'https://www.ligafemenil.mx/cancha/playlist/145101/necaxa-vs-tigres-de-la-uanl', 'text': ''}"
2024-2025,Clausura,"{'type': 'text', 'value': 'Jueves 6 de Marzo de 2025\nTemporada 2024-2025\nTorneo Clausura\nJornada 11\n6 Marzo 2025 - 19:00 hrs.'}","{'type': 'link', 'href': 'https://www.ligafemenil.mx/cancha/club/11185/rayados-de-monterrey', 'text': ''}","{'type': 'link', 'href': 'https://www.ligafemenil.mx/cancha/informeArbitral/145104/eyJpZENsdWJsb2NhbCI6MTExODUsImlkQ2x1YnZpc2l0YSI6MTExODR9/informe-arbitral-rayados-de-monterrey-vs-pachuca-jornada-11-estadio-bbva-lmxf-tv--vix', 'text': '- - -'}","{'type': 'link', 'href': 'https://www.ligafemenil.mx/cancha/club/11184/pachuca', 'text': ''}","{'type': 'link', 'href': 'https://www.ligafemenil.mx/cancha/estadio/1608/estadio-bbva', 'text': 'Estadio BBVA'}","{'type': 'link', 'href': 'https://www.ligafemenil.mx/cancha/mxm/145104/eyJpZENsdWJsb2NhbCI6IjExMTg1IiwiaWRDbHVidmlzaXRhIjoiMTExODQiLCJpZFBhcnRpZG8iOiIxNDUxMDQiLCJwZXN0YW5hIjoiMSJ9/minuto-a-minuto-rayados-de-monterrey-vs-pachuca-jornada-11-estadio-bbva-lmxf-tv--vix', 'text': ''}","{'type': 'link', 'href': 'https://www.ligafemenil.mx/cancha/mxm/145104/eyJpZENsdWJsb2NhbCI6IjExMTg1IiwiaWRDbHVidmlzaXRhIjoiMTExODQiLCJpZFBhcnRpZG8iOiIxNDUxMDQiLCJwZXN0YW5hIjoiMyJ9/minuto-a-minuto-rayados-de-monterrey-vs-pachuca-jornada-11-estadio-bbva-lmxf-tv--vix', 'text': ''}","{'type': 'link', 'href': 'https://www.ligafemenil.mx/cancha/informeArbitral/145104/eyJpZENsdWJsb2NhbCI6IjExMTg1IiwiaWRDbHVidmlzaXRhIjoiMTExODQifQ==/informe-arbitral-rayados-de-monterrey-vs-pachuca-jornada-11-estadio-bbva-lmxf-tv--vix', 'text': ''}","{'type': 'link', 'href': 'https://www.ligafemenil.mx/cancha/mxm/145104/eyJpZENsdWJsb2NhbCI6IjExMTg1IiwiaWRDbHVidmlzaXRhIjoiMTExODQiLCJpZFBhcnRpZG8iOiIxNDUxMDQiLCJwZXN0YW5hIjoiNCJ9/minuto-a-minuto-rayados-de-monterrey-vs-pachuca-jornada-11-estadio-bbva-lmxf-tv--vix', 'text': ''}","{'type': 'link', 'href': 'https://www.ligafemenil.mx/cancha/galeria/MTQ1MTA0LzExLzc1LzIvMTQ=/rayados-de-monterrey-vs-pachuca', 'text': ''}","{'type': 'link', 'href': 'https://www.ligafemenil.mx/cancha/playlist/145104/rayados-de-monterrey-vs-pachuca', 'text': ''}"
2024-2025,Clausura,"{'type': 'text', 'value': 'Viernes 7 de Marzo de 2025\nTemporada 2024-2025\nTorneo Clausura\nJornada 11\n7 Marzo 2025 - 16:00 hrs.'}","{'type': 'link', 'href': 'https://www.ligafemenil.mx/cancha/club/11188/pumas', 'text': ''}","{'type': 'link', 'href': 'https://www.ligafemenil.mx/cancha/informeArbitral/145105/eyJpZENsdWJsb2NhbCI6MTExODgsImlkQ2x1YnZpc2l0YSI6MTIwNTF9/informe-arbitral-pumas-vs-mazatlan-fc-jornada-11-estadio-olimpico-universitario-lmxf-tv--vix', 'text': '- - -'}","{'type': 'link', 'href': 'https://www.ligafemenil.mx/cancha/club/12051/mazatlan-fc', 'text': ''}","{'type': 'link', 'href': 'https://www.ligafemenil.mx/cancha/estadio/7/estadio-olimpico-universitario', 'text': 'Olímpico Universitario'}","{'type': 'link', 'href': 'https://www.ligafemenil.mx/cancha/mxm/145105/eyJpZENsdWJsb2NhbCI6IjExMTg4IiwiaWRDbHVidmlzaXRhIjoiMTIwNTEiLCJpZFBhcnRpZG8iOiIxNDUxMDUiLCJwZXN0YW5hIjoiMSJ9/minuto-a-minuto-pumas-vs-mazatlan-fc-jornada-11-estadio-olimpico-universitario-lmxf-tv--vix', 'text': ''}","{'type': 'link', 'href': 'https://www.ligafemenil.mx/cancha/mxm/145105/eyJpZENsdWJsb2NhbCI6IjExMTg4IiwiaWRDbHVidmlzaXRhIjoiMTIwNTEiLCJpZFBhcnRpZG8iOiIxNDUxMDUiLCJwZXN0YW5hIjoiMyJ9/minuto-a-minuto-pumas-vs-mazatlan-fc-jornada-11-estadio-olimpico-universitario-lmxf-tv--vix', 'text': ''}","{'type': 'link', 'href': 'https://www.ligafemenil.mx/cancha/informeArbitral/145105/eyJpZENsdWJsb2NhbCI6IjExMTg4IiwiaWRDbHVidmlzaXRhIjoiMTIwNTEifQ==/informe-arbitral-pumas-vs-mazatlan-fc-jornada-11-estadio-olimpico-universitario-lmxf-tv--vix', 'text': ''}","{'type': 'link', 'href': 'https://www.ligafemenil.mx/cancha/mxm/145105/eyJpZENsdWJsb2NhbCI6IjExMTg4IiwiaWRDbHVidmlzaXRhIjoiMTIwNTEiLCJpZFBhcnRpZG8iOiIxNDUxMDUiLCJwZXN0YW5hIjoiNCJ9/minuto-a-minuto-pumas-vs-mazatlan-fc-jornada-11-estadio-olimpico-universitario-lmxf-tv--vix', 'text': ''}","{'type': 'link', 'href': 'https://www.ligafemenil.mx/cancha/galeria/MTQ1MTA1LzExLzc1LzIvMTQ=/pumas-vs-mazatlan-fc', 'text': ''}","{'type': 'link', 'href': 'https://www.ligafemenil.mx/cancha/playlist/145105/pumas-vs-mazatlan-fc', 'text': ''}"
2024-2025,Clausura,"{'type': 'text', 'value': 'Viernes 7 de Marzo de 2025\nTemporada 2024-2025\nTorneo Clausura\nJornada 11\n7 Marzo 2025 - 19:00 hrs.'}","{'type': 'link', 'href': 'https://www.ligafemenil.mx/cancha/club/11182/guadalajara', 'text': ''}","{'type': 'link', 'href': 'https://www.ligafemenil.mx/cancha/informeArbitral/145107/eyJpZENsdWJsb2NhbCI6MTExODIsImlkQ2x1YnZpc2l0YSI6MTExOTF9/informe-arbitral-guadalajara-vs-america-jornada-11-estadio-akron-fox-sports', 'text': '- - -'}","{'type': 'link', 'href': 'https://www.ligafemenil.mx/cancha/club/11191/america', 'text': ''}","{'type': 'link', 'href': 'https://www.ligafemenil.mx/cancha/estadio/1538/estadio-akron', 'text': 'Estadio AKRON'}","{'type': 'link', 'href': 'https://www.ligafemenil.mx/cancha/mxm/145107/eyJpZENsdWJsb2NhbCI6IjExMTgyIiwiaWRDbHVidmlzaXRhIjoiMTExOTEiLCJpZFBhcnRpZG8iOiIxNDUxMDciLCJwZXN0YW5hIjoiMSJ9/minuto-a-minuto-guadalajara-vs-america-jornada-11-estadio-akron-fox-sports', 'text': ''}","{'type': 'link', 'href': 'https://www.ligafemenil.mx/cancha/mxm/145107/eyJpZENsdWJsb2NhbCI6IjExMTgyIiwiaWRDbHVidmlzaXRhIjoiMTExOTEiLCJpZFBhcnRpZG8iOiIxNDUxMDciLCJwZXN0YW5hIjoiMyJ9/minuto-a-minuto-guadalajara-vs-america-jornada-11-estadio-akron-fox-sports', 'text': ''}","{'type': 'link', 'href': 'https://www.ligafemenil.mx/cancha/informeArbitral/145107/eyJpZENsdWJsb2NhbCI6IjExMTgyIiwiaWRDbHVidmlzaXRhIjoiMTExOTEifQ==/informe-arbitral-guadalajara-vs-america-jornada-11-estadio-akron-fox-sports', 'text': ''}","{'type': 'link', 'href': 'https://www.ligafemenil.mx/cancha/mxm/145107/eyJpZENsdWJsb2NhbCI6IjExMTgyIiwiaWRDbHVidmlzaXRhIjoiMTExOTEiLCJpZFBhcnRpZG8iOiIxNDUxMDciLCJwZXN0YW5hIjoiNCJ9/minuto-a-minuto-guadalajara-vs-america-jornada-11-estadio-akron-fox-sports', 'text': ''}","{'type': 'link', 'href': 'https://www.ligafemenil.mx/cancha/galeria/MTQ1MTA3LzExLzc1LzIvMTQ=/guadalajara-vs-america', 'text': ''}","{'type': 'link', 'href': 'https://www.ligafemenil.mx/cancha/playlist/145107/guadalajara-vs-america', 'text': ''}"
2024-2025,Clausura,"{'type': 'text', 'value': 'Domingo 9 de Marzo de 2025\nTemporada 2024-2025\nTorneo Clausura\nJornada 11\n9 Marzo 2025 - 12:00 hrs.'}","{'type': 'link', 'href': 'https://www.ligafemenil.mx/cancha/club/11543/puebla-fc', 'text': ''}","{'type': 'link', 'href': 'https://www.ligafemenil.mx/cancha/informeArbitral/145109/eyJpZENsdWJsb2NhbCI6MTE1NDMsImlkQ2x1YnZpc2l0YSI6MTExODB9/informe-arbitral-puebla-fc-vs-tijuana-jornada-11-estadio-cuauhtemoc-fox-sports', 'text': '- - -'}","{'type': 'link', 'href': 'https://www.ligafemenil.mx/cancha/club/11180/tijuana', 'text': ''}","{'type': 'link', 'href': 'https://www.ligafemenil.mx/cancha/estadio/9/estadio-cuauhtemoc', 'text': 'Cuauhtémoc'}","{'type': 'link', 'href': 'https://www.ligafemenil.mx/cancha/mxm/145109/eyJpZENsdWJsb2NhbCI6IjExNTQzIiwiaWRDbHVidmlzaXRhIjoiMTExODAiLCJpZFBhcnRpZG8iOiIxNDUxMDkiLCJwZXN0YW5hIjoiMSJ9/minuto-a-minuto-puebla-fc-vs-tijuana-jornada-11-estadio-cuauhtemoc-fox-sports', 'text': ''}","{'type': 'link', 'href': 'https://www.ligafemenil.mx/cancha/mxm/145109/eyJpZENsdWJsb2NhbCI6IjExNTQzIiwiaWRDbHVidmlzaXRhIjoiMTExODAiLCJpZFBhcnRpZG8iOiIxNDUxMDkiLCJwZXN0YW5hIjoiMyJ9/minuto-a-minuto-puebla-fc-vs-tijuana-jornada-11-estadio-cuauhtemoc-fox-sports', 'text': ''}","{'type': 'link', 'href': 'https://www.ligafemenil.mx/cancha/informeArbitral/145109/eyJpZENsdWJsb2NhbCI6IjExNTQzIiwiaWRDbHVidmlzaXRhIjoiMTExODAifQ==/informe-arbitral-puebla-fc-vs-tijuana-jornada-11-estadio-cuauhtemoc-fox-sports', 'text': ''}","{'type': 'link', 'href': 'https://www.ligafemenil.mx/cancha/mxm/145109/eyJpZENsdWJsb2NhbCI6IjExNTQzIiwiaWRDbHVidmlzaXRhIjoiMTExODAiLCJpZFBhcnRpZG8iOiIxNDUxMDkiLCJwZXN0YW5hIjoiNCJ9/minuto-a-minuto-puebla-fc-vs-tijuana-jornada-11-estadio-cuauhtemoc-fox-sports', 'text': ''}","{'type': 'link', 'href': 'https://www.ligafemenil.mx/cancha/galeria/MTQ1MTA5LzExLzc1LzIvMTQ=/puebla-fc-vs-tijuana', 'text': ''}","{'type': 'link', 'href': 'https://www.ligafemenil.mx/cancha/playlist/145109/puebla-fc-vs-tijuana', 'text': ''}"
2024-2025,Clausura,"{'type': 'text', 'value': 'Domingo 9 de Marzo de 2025\nTemporada 2024-2025\nTorneo Clausura\nJornada 11\n9 Marzo 2025 - 17:00 hrs.'}","{'type': 'link', 'href': 'https://www.ligafemenil.mx/cancha/club/11778/club-atletico-de-san-luis', 'text': ''}","{'type': 'link', 'href': 'https://www.ligafemenil.mx/cancha/informeArbitral/145111/eyJpZENsdWJsb2NhbCI6MTE3NzgsImlkQ2x1YnZpc2l0YSI6MTExODd9/informe-arbitral-club-atletico-de-san-luis-vs-toluca-jornada-11-estadio-alfonso-lastras-ramirez-espn', 'text': '- - -'}","{'type': 'link', 'href': 'https://www.ligafemenil.mx/cancha/club/11187/toluca', 'text': ''}","{'type': 'link', 'href': 'https://www.ligafemenil.mx/cancha/estadio/14/estadio-alfonso-lastras-ramirez', 'text': 'Alfonso Lastras Ramírez'}","{'type': 'link', 'href': 'https://www.ligafemenil.mx/cancha/mxm/145111/eyJpZENsdWJsb2NhbCI6IjExNzc4IiwiaWRDbHVidmlzaXRhIjoiMTExODciLCJpZFBhcnRpZG8iOiIxNDUxMTEiLCJwZXN0YW5hIjoiMSJ9/minuto-a-minuto-club-atletico-de-san-luis-vs-toluca-jornada-11-estadio-alfonso-lastras-ramirez-espn', 'text': ''}","{'type': 'link', 'href': 'https://www.ligafemenil.mx/cancha/mxm/145111/eyJpZENsdWJsb2NhbCI6IjExNzc4IiwiaWRDbHVidmlzaXRhIjoiMTExODciLCJpZFBhcnRpZG8iOiIxNDUxMTEiLCJwZXN0YW5hIjoiMyJ9/minuto-a-minuto-club-atletico-de-san-luis-vs-toluca-jornada-11-estadio-alfonso-lastras-ramirez-espn', 'text': ''}","{'type': 'link', 'href': 'https://www.ligafemenil.mx/cancha/informeArbitral/145111/eyJpZENsdWJsb2NhbCI6IjExNzc4IiwiaWRDbHVidmlzaXRhIjoiMTExODcifQ==/informe-arbitral-club-atletico-de-san-luis-vs-toluca-jornada-11-estadio-alfonso-lastras-ramirez-espn', 'text': ''}","{'type': 'link', 'href': 'https://www.ligafemenil.mx/cancha/mxm/145111/eyJpZENsdWJsb2NhbCI6IjExNzc4IiwiaWRDbHVidmlzaXRhIjoiMTExODciLCJpZFBhcnRpZG8iOiIxNDUxMTEiLCJwZXN0YW5hIjoiNCJ9/minuto-a-minuto-club-atletico-de-san-luis-vs-toluca-jornada-11-estadio-alfonso-lastras-ramirez-espn', 'text': ''}","{'type': 'link', 'href': 'https://www.ligafemenil.mx/cancha/galeria/MTQ1MTExLzExLzc1LzIvMTQ=/club-atletico-de-san-luis-vs-toluca', 'text': ''}","{'type': 'link', 'href': 'https://www.ligafemenil.mx/cancha/playlist/145111/club-atletico-de-san-luis-vs-toluca', 'text': ''}"
2024-2025,Clausura,"{'type': 'text', 'value': 'Lunes 10 de Marzo de 2025\nTemporada 2024-2025\nTorneo Clausura\nJornada 11\n10 Marzo 2025 - 19:00 hrs.'}","{'type': 'link', 'href': 'https://www.ligafemenil.mx/cancha/club/11243/leon', 'text': ''}","{'type': 'link', 'href': 'https://www.ligafemenil.mx/cancha/informeArbitral/145112/eyJpZENsdWJsb2NhbCI6MTEyNDMsImlkQ2x1YnZpc2l0YSI6MTIwNDJ9/informe-arbitral-leon-vs-gallos-blancos-de-queretaro-jornada-11-estadio-nou-camp-tbd', 'text': '- - -'}","{'type': 'link', 'href': 'https://www.ligafemenil.mx/cancha/club/12042/gallos-blancos-de-queretaro', 'text': ''}","{'type': 'link', 'href': 'https://www.ligafemenil.mx/cancha/estadio/23/estadio-nou-camp', 'text': 'Nou Camp'}","{'type': 'link', 'href': 'https://www.ligafemenil.mx/cancha/mxm/145112/eyJpZENsdWJsb2NhbCI6IjExMjQzIiwiaWRDbHVidmlzaXRhIjoiMTIwNDIiLCJpZFBhcnRpZG8iOiIxNDUxMTIiLCJwZXN0YW5hIjoiMSJ9/minuto-a-minuto-leon-vs-gallos-blancos-de-queretaro-jornada-11-estadio-nou-camp-tbd', 'text': ''}","{'type': 'link', 'href': 'https://www.ligafemenil.mx/cancha/mxm/145112/eyJpZENsdWJsb2NhbCI6IjExMjQzIiwiaWRDbHVidmlzaXRhIjoiMTIwNDIiLCJpZFBhcnRpZG8iOiIxNDUxMTIiLCJwZXN0YW5hIjoiMyJ9/minuto-a-minuto-leon-vs-gallos-blancos-de-queretaro-jornada-11-estadio-nou-camp-tbd', 'text': ''}","{'type': 'link', 'href': 'https://www.ligafemenil.mx/cancha/informeArbitral/145112/eyJpZENsdWJsb2NhbCI6IjExMjQzIiwiaWRDbHVidmlzaXRhIjoiMTIwNDIifQ==/informe-arbitral-leon-vs-gallos-blancos-de-queretaro-jornada-11-estadio-nou-camp-tbd', 'text': ''}","{'type': 'link', 'href': 'https://www.ligafemenil.mx/cancha/mxm/145112/eyJpZENsdWJsb2NhbCI6IjExMjQzIiwiaWRDbHVidmlzaXRhIjoiMTIwNDIiLCJpZFBhcnRpZG8iOiIxNDUxMTIiLCJwZXN0YW5hIjoiNCJ9/minuto-a-minuto-leon-vs-gallos-blancos-de-queretaro-jornada-11-estadio-nou-camp-tbd', 'text': ''}","{'type': 'link', 'href': 'https://www.ligafemenil.mx/cancha/galeria/MTQ1MTEyLzExLzc1LzIvMTQ=/leon-vs-gallos-blancos-de-queretaro', 'text': ''}","{'type': 'link', 'href': 'https://www.ligafemenil.mx/cancha/playlist/145112/leon-vs-gallos-blancos-de-queretaro', 'text': ''}"
2024-2025,Clausura,"{'type': 'text', 'value': 'Lunes 10 de Marzo de 2025\nTemporada 2024-2025\nTorneo Clausura\nJornada 11\n10 Marzo 2025 - 19:00 hrs.'}","{'type': 'link', 'href': 'https://www.ligafemenil.mx/cancha/club/11192/santos-laguna', 'text': ''}","{'type': 'link', 'href': 'https://www.ligafemenil.mx/cancha/informeArbitral/145114/eyJpZENsdWJsb2NhbCI6MTExOTIsImlkQ2x1YnZpc2l0YSI6MTExODF9/informe-arbitral-santos-laguna-vs-cruz-azul-jornada-11-estadio-tsm-corona-calientemx', 'text': '- - -'}","{'type': 'link', 'href': 'https://www.ligafemenil.mx/cancha/club/11181/cruz-azul', 'text': ''}","{'type': 'link', 'href': 'https://www.ligafemenil.mx/cancha/estadio/63/estadio-tsm-corona', 'text': 'TSM Corona'}","{'type': 'link', 'href': 'https://www.ligafemenil.mx/cancha/mxm/145114/eyJpZENsdWJsb2NhbCI6IjExMTkyIiwiaWRDbHVidmlzaXRhIjoiMTExODEiLCJpZFBhcnRpZG8iOiIxNDUxMTQiLCJwZXN0YW5hIjoiMSJ9/minuto-a-minuto-santos-laguna-vs-cruz-azul-jornada-11-estadio-tsm-corona-calientemx', 'text': ''}","{'type': 'link', 'href': 'https://www.ligafemenil.mx/cancha/mxm/145114/eyJpZENsdWJsb2NhbCI6IjExMTkyIiwiaWRDbHVidmlzaXRhIjoiMTExODEiLCJpZFBhcnRpZG8iOiIxNDUxMTQiLCJwZXN0YW5hIjoiMyJ9/minuto-a-minuto-santos-laguna-vs-cruz-azul-jornada-11-estadio-tsm-corona-calientemx', 'text': ''}","{'type': 'link', 'href': 'https://www.ligafemenil.mx/cancha/informeArbitral/145114/eyJpZENsdWJsb2NhbCI6IjExMTkyIiwiaWRDbHVidmlzaXRhIjoiMTExODEifQ==/informe-arbitral-santos-laguna-vs-cruz-azul-jornada-11-estadio-tsm-corona-calientemx', 'text': ''}","{'type': 'link', 'href': 'https://www.ligafemenil.mx/cancha/mxm/145114/eyJpZENsdWJsb2NhbCI6IjExMTkyIiwiaWRDbHVidmlzaXRhIjoiMTExODEiLCJpZFBhcnRpZG8iOiIxNDUxMTQiLCJwZXN0YW5hIjoiNCJ9/minuto-a-minuto-santos-laguna-vs-cruz-azul-jornada-11-estadio-tsm-corona-calientemx', 'text': ''}","{'type': 'link', 'href': 'https://www.ligafemenil.mx/cancha/galeria/MTQ1MTE0LzExLzc1LzIvMTQ=/santos-laguna-vs-cruz-azul', 'text': ''}","{'type': 'link', 'href': 'https://www.ligafemenil.mx/cancha/playlist/145114/santos-laguna-vs-cruz-azul', 'text': ''}"
2024-2025,Clausura,"{'type': 'text', 'value': 'Lunes 10 de Marzo de 2025\nTemporada 2024-2025\nTorneo Clausura\nJornada 11\n10 Marzo 2025 - 21:06 hrs.'}","{'type': 'link', 'href': 'https://www.ligafemenil.mx/cancha/club/11795/fc-juarez', 'text': ''}","{'type': 'link', 'href': 'https://www.ligafemenil.mx/cancha/informeArbitral/145116/eyJpZENsdWJsb2NhbCI6MTE3OTUsImlkQ2x1YnZpc2l0YSI6MTEyNDV9/informe-arbitral-fc-juarez-vs-atlas-jornada-11-estadio-olimpico-benito-juarez-tbd', 'text': '- - -'}","{'type': 'link', 'href': 'https://www.ligafemenil.mx/cancha/club/11245/atlas', 'text': ''}","{'type': 'link', 'href': 'https://www.ligafemenil.mx/cancha/estadio/17/estadio-olimpico-benito-juarez', 'text': 'Olímpico Benito Juárez'}","{'type': 'link', 'href': 'https://www.ligafemenil.mx/cancha/mxm/145116/eyJpZENsdWJsb2NhbCI6IjExNzk1IiwiaWRDbHVidmlzaXRhIjoiMTEyNDUiLCJpZFBhcnRpZG8iOiIxNDUxMTYiLCJwZXN0YW5hIjoiMSJ9/minuto-a-minuto-fc-juarez-vs-atlas-jornada-11-estadio-olimpico-benito-juarez-tbd', 'text': ''}","{'type': 'link', 'href': 'https://www.ligafemenil.mx/cancha/mxm/145116/eyJpZENsdWJsb2NhbCI6IjExNzk1IiwiaWRDbHVidmlzaXRhIjoiMTEyNDUiLCJpZFBhcnRpZG8iOiIxNDUxMTYiLCJwZXN0YW5hIjoiMyJ9/minuto-a-minuto-fc-juarez-vs-atlas-jornada-11-estadio-olimpico-benito-juarez-tbd', 'text': ''}","{'type': 'link', 'href': 'https://www.ligafemenil.mx/cancha/informeArbitral/145116/eyJpZENsdWJsb2NhbCI6IjExNzk1IiwiaWRDbHVidmlzaXRhIjoiMTEyNDUifQ==/informe-arbitral-fc-juarez-vs-atlas-jornada-11-estadio-olimpico-benito-juarez-tbd', 'text': ''}","{'type': 'link', 'href': 'https://www.ligafemenil.mx/cancha/mxm/145116/eyJpZENsdWJsb2NhbCI6IjExNzk1IiwiaWRDbHVidmlzaXRhIjoiMTEyNDUiLCJpZFBhcnRpZG8iOiIxNDUxMTYiLCJwZXN0YW5hIjoiNCJ9/minuto-a-minuto-fc-juarez-vs-atlas-jornada-11-estadio-olimpico-benito-juarez-tbd', 'text': ''}","{'type': 'link', 'href': 'https://www.ligafemenil.mx/cancha/galeria/MTQ1MTE2LzExLzc1LzIvMTQ=/fc-juarez-vs-atlas', 'text': ''}","{'type': 'link', 'href': 'https://www.ligafemenil.mx/cancha/playlist/145116/fc-juarez-vs-atlas', 'text': ''}"
2024-2025,Clausura,"{'type': 'text', 'value': 'Miércoles 12 de Marzo de 2025\nTemporada 2024-2025\nTorneo Clausura\nJornada 12\n12 Marzo 2025 - 19:00 hrs.'}","{'type': 'link', 'href': 'https://www.ligafemenil.mx/cancha/club/11184/pachuca', 'text': ''}","{'type': 'link', 'href': 'https://www.ligafemenil.mx/cancha/informeArbitral/145122/eyJpZENsdWJsb2NhbCI6MTExODQsImlkQ2x1YnZpc2l0YSI6MTExODh9/informe-arbitral-pachuca-vs-pumas-jornada-12-estadio-hidalgo-tbd', 'text': '- - -'}","{'type': 'link', 'href': 'https://www.ligafemenil.mx/cancha/club/11188/pumas', 'text': ''}","{'type': 'link', 'href': 'https://www.ligafemenil.mx/cancha/estadio/11/estadio-hidalgo', 'text': 'Hidalgo'}","{'type': 'link', 'href': 'https://www.ligafemenil.mx/cancha/mxm/145122/eyJpZENsdWJsb2NhbCI6IjExMTg0IiwiaWRDbHVidmlzaXRhIjoiMTExODgiLCJpZFBhcnRpZG8iOiIxNDUxMjIiLCJwZXN0YW5hIjoiMSJ9/minuto-a-minuto-pachuca-vs-pumas-jornada-12-estadio-hidalgo-tbd', 'text': ''}","{'type': 'link', 'href': 'https://www.ligafemenil.mx/cancha/mxm/145122/eyJpZENsdWJsb2NhbCI6IjExMTg0IiwiaWRDbHVidmlzaXRhIjoiMTExODgiLCJpZFBhcnRpZG8iOiIxNDUxMjIiLCJwZXN0YW5hIjoiMyJ9/minuto-a-minuto-pachuca-vs-pumas-jornada-12-estadio-hidalgo-tbd', 'text': ''}","{'type': 'link', 'href': 'https://www.ligafemenil.mx/cancha/informeArbitral/145122/eyJpZENsdWJsb2NhbCI6IjExMTg0IiwiaWRDbHVidmlzaXRhIjoiMTExODgifQ==/informe-arbitral-pachuca-vs-pumas-jornada-12-estadio-hidalgo-tbd', 'text': ''}","{'type': 'link', 'href': 'https://www.ligafemenil.mx/cancha/mxm/145122/eyJpZENsdWJsb2NhbCI6IjExMTg0IiwiaWRDbHVidmlzaXRhIjoiMTExODgiLCJpZFBhcnRpZG8iOiIxNDUxMjIiLCJwZXN0YW5hIjoiNCJ9/minuto-a-minuto-pachuca-vs-pumas-jornada-12-estadio-hidalgo-tbd', 'text': ''}","{'type': 'link', 'href': 'https://www.ligafemenil.mx/cancha/galeria/MTQ1MTIyLzEyLzc1LzIvMTQ=/pachuca-vs-pumas', 'text': ''}","{'type': 'link', 'href': 'https://www.ligafemenil.mx/cancha/playlist/145122/pachuca-vs-pumas', 'text': ''}"
2024-2025,Clausura,"{'type': 'text', 'value': 'Miércoles 12 de Marzo de 2025\nTemporada 2024-2025\nTorneo Clausura\nJornada 12\n12 Marzo 2025 - 20:00 hrs.'}","{'type': 'link', 'href': 'https://www.ligafemenil.mx/cancha/club/11191/america', 'text': ''}","{'type': 'link', 'href': 'https://www.ligafemenil.mx/cancha/informeArbitral/145121/eyJpZENsdWJsb2NhbCI6MTExOTEsImlkQ2x1YnZpc2l0YSI6MTE1NDN9/informe-arbitral-america-vs-puebla-fc-jornada-12-estadio-ciudad-de-los-deportes-lmxf-tv--vix', 'text': '- - -'}","{'type': 'link', 'href': 'https://www.ligafemenil.mx/cancha/club/11543/puebla-fc', 'text': ''}","{'type': 'link', 'href': 'https://www.ligafemenil.mx/cancha/estadio/2/estadio-ciudad-de-los-deportes', 'text': 'Ciudad De Los Deportes'}","{'type': 'link', 'href': 'https://www.ligafemenil.mx/cancha/mxm/145121/eyJpZENsdWJsb2NhbCI6IjExMTkxIiwiaWRDbHVidmlzaXRhIjoiMTE1NDMiLCJpZFBhcnRpZG8iOiIxNDUxMjEiLCJwZXN0YW5hIjoiMSJ9/minuto-a-minuto-america-vs-puebla-fc-jornada-12-estadio-ciudad-de-los-deportes-lmxf-tv--vix', 'text': ''}","{'type': 'link', 'href': 'https://www.ligafemenil.mx/cancha/mxm/145121/eyJpZENsdWJsb2NhbCI6IjExMTkxIiwiaWRDbHVidmlzaXRhIjoiMTE1NDMiLCJpZFBhcnRpZG8iOiIxNDUxMjEiLCJwZXN0YW5hIjoiMyJ9/minuto-a-minuto-america-vs-puebla-fc-jornada-12-estadio-ciudad-de-los-deportes-lmxf-tv--vix', 'text': ''}","{'type': 'link', 'href': 'https://www.ligafemenil.mx/cancha/informeArbitral/145121/eyJpZENsdWJsb2NhbCI6IjExMTkxIiwiaWRDbHVidmlzaXRhIjoiMTE1NDMifQ==/informe-arbitral-america-vs-puebla-fc-jornada-12-estadio-ciudad-de-los-deportes-lmxf-tv--vix', 'text': ''}","{'type': 'link', 'href': 'https://www.ligafemenil.mx/cancha/mxm/145121/eyJpZENsdWJsb2NhbCI6IjExMTkxIiwiaWRDbHVidmlzaXRhIjoiMTE1NDMiLCJpZFBhcnRpZG8iOiIxNDUxMjEiLCJwZXN0YW5hIjoiNCJ9/minuto-a-minuto-america-vs-puebla-fc-jornada-12-estadio-ciudad-de-los-deportes-lmxf-tv--vix', 'text': ''}","{'type': 'link', 'href': 'https://www.ligafemenil.mx/cancha/galeria/MTQ1MTIxLzEyLzc1LzIvMTQ=/america-vs-puebla-fc', 'text': ''}","{'type': 'link', 'href': 'https://www.ligafemenil.mx/cancha/playlist/145121/america-vs-puebla-fc', 'text': ''}"
2024-2025,Clausura,"{'type': 'text', 'value': 'Jueves 13 de Marzo de 2025\nTemporada 2024-2025\nTorneo Clausura\nJornada 12\n13 Marzo 2025 - 15:45 hrs.'}","{'type': 'link', 'href': 'https://www.ligafemenil.mx/cancha/club/11181/cruz-azul', 'text': ''}","{'type': 'link', 'href': 'https://www.ligafemenil.mx/cancha/informeArbitral/145124/eyJpZENsdWJsb2NhbCI6MTExODEsImlkQ2x1YnZpc2l0YSI6MTExODd9/informe-arbitral-cruz-azul-vs-toluca-jornada-12-estadio-instalaciones-la-noria-cancha-1-lmxf-tv--vix', 'text': '- - -'}","{'type': 'link', 'href': 'https://www.ligafemenil.mx/cancha/club/11187/toluca', 'text': ''}","{'type': 'link', 'href': 'https://www.ligafemenil.mx/cancha/estadio/47/estadio-instalaciones-la-noria-cancha-1', 'text': 'Instalaciones La Noria Cancha 1'}","{'type': 'link', 'href': 'https://www.ligafemenil.mx/cancha/mxm/145124/eyJpZENsdWJsb2NhbCI6IjExMTgxIiwiaWRDbHVidmlzaXRhIjoiMTExODciLCJpZFBhcnRpZG8iOiIxNDUxMjQiLCJwZXN0YW5hIjoiMSJ9/minuto-a-minuto-cruz-azul-vs-toluca-jornada-12-estadio-instalaciones-la-noria-cancha-1-lmxf-tv--vix', 'text': ''}","{'type': 'link', 'href': 'https://www.ligafemenil.mx/cancha/mxm/145124/eyJpZENsdWJsb2NhbCI6IjExMTgxIiwiaWRDbHVidmlzaXRhIjoiMTExODciLCJpZFBhcnRpZG8iOiIxNDUxMjQiLCJwZXN0YW5hIjoiMyJ9/minuto-a-minuto-cruz-azul-vs-toluca-jornada-12-estadio-instalaciones-la-noria-cancha-1-lmxf-tv--vix', 'text': ''}","{'type': 'link', 'href': 'https://www.ligafemenil.mx/cancha/informeArbitral/145124/eyJpZENsdWJsb2NhbCI6IjExMTgxIiwiaWRDbHVidmlzaXRhIjoiMTExODcifQ==/informe-arbitral-cruz-azul-vs-toluca-jornada-12-estadio-instalaciones-la-noria-cancha-1-lmxf-tv--vix', 'text': ''}","{'type': 'link', 'href': 'https://www.ligafemenil.mx/cancha/mxm/145124/eyJpZENsdWJsb2NhbCI6IjExMTgxIiwiaWRDbHVidmlzaXRhIjoiMTExODciLCJpZFBhcnRpZG8iOiIxNDUxMjQiLCJwZXN0YW5hIjoiNCJ9/minuto-a-minuto-cruz-azul-vs-toluca-jornada-12-estadio-instalaciones-la-noria-cancha-1-lmxf-tv--vix', 'text': ''}","{'type': 'link', 'href': 'https://www.ligafemenil.mx/cancha/galeria/MTQ1MTI0LzEyLzc1LzIvMTQ=/cruz-azul-vs-toluca', 'text': ''}","{'type': 'link', 'href': 'https://www.ligafemenil.mx/cancha/playlist/145124/cruz-azul-vs-toluca', 'text': ''}"
2024-2025,Clausura,"{'type': 'text', 'value': 'Jueves 13 de Marzo de 2025\nTemporada 2024-2025\nTorneo Clausura\nJornada 12\n13 Marzo 2025 - 17:00 hrs.'}","{'type': 'link', 'href': 'https://www.ligafemenil.mx/cancha/club/12042/gallos-blancos-de-queretaro', 'text': ''}","{'type': 'link', 'href': 'https://www.ligafemenil.mx/cancha/informeArbitral/145126/eyJpZENsdWJsb2NhbCI6MTIwNDIsImlkQ2x1YnZpc2l0YSI6MTExODJ9/informe-arbitral-gallos-blancos-de-queretaro-vs-guadalajara-jornada-12-estadio-la-corregidora-calientemx', 'text': '- - -'}","{'type': 'link', 'href': 'https://www.ligafemenil.mx/cancha/club/11182/guadalajara', 'text': ''}","{'type': 'link', 'href': 'https://www.ligafemenil.mx/cancha/estadio/25/estadio-la-corregidora', 'text': 'La Corregidora'}","{'type': 'link', 'href': 'https://www.ligafemenil.mx/cancha/mxm/145126/eyJpZENsdWJsb2NhbCI6IjEyMDQyIiwiaWRDbHVidmlzaXRhIjoiMTExODIiLCJpZFBhcnRpZG8iOiIxNDUxMjYiLCJwZXN0YW5hIjoiMSJ9/minuto-a-minuto-gallos-blancos-de-queretaro-vs-guadalajara-jornada-12-estadio-la-corregidora-calientemx', 'text': ''}","{'type': 'link', 'href': 'https://www.ligafemenil.mx/cancha/mxm/145126/eyJpZENsdWJsb2NhbCI6IjEyMDQyIiwiaWRDbHVidmlzaXRhIjoiMTExODIiLCJpZFBhcnRpZG8iOiIxNDUxMjYiLCJwZXN0YW5hIjoiMyJ9/minuto-a-minuto-gallos-blancos-de-queretaro-vs-guadalajara-jornada-12-estadio-la-corregidora-calientemx', 'text': ''}","{'type': 'link', 'href': 'https://www.ligafemenil.mx/cancha/informeArbitral/145126/eyJpZENsdWJsb2NhbCI6IjEyMDQyIiwiaWRDbHVidmlzaXRhIjoiMTExODIifQ==/informe-arbitral-gallos-blancos-de-queretaro-vs-guadalajara-jornada-12-estadio-la-corregidora-calientemx', 'text': ''}","{'type': 'link', 'href': 'https://www.ligafemenil.mx/cancha/mxm/145126/eyJpZENsdWJsb2NhbCI6IjEyMDQyIiwiaWRDbHVidmlzaXRhIjoiMTExODIiLCJpZFBhcnRpZG8iOiIxNDUxMjYiLCJwZXN0YW5hIjoiNCJ9/minuto-a-minuto-gallos-blancos-de-queretaro-vs-guadalajara-jornada-12-estadio-la-corregidora-calientemx', 'text': ''}","{'type': 'link', 'href': 'https://www.ligafemenil.mx/cancha/galeria/MTQ1MTI2LzEyLzc1LzIvMTQ=/gallos-blancos-de-queretaro-vs-guadalajara', 'text': ''}","{'type': 'link', 'href': 'https://www.ligafemenil.mx/cancha/playlist/145126/gallos-blancos-de-queretaro-vs-guadalajara', 'text': ''}"
2024-2025,Clausura,"{'type': 'text', 'value': 'Jueves 13 de Marzo de 2025\nTemporada 2024-2025\nTorneo Clausura\nJornada 12\n13 Marzo 2025 - 18:00 hrs.'}","{'type': 'link', 'href': 'https://www.ligafemenil.mx/cancha/club/11189/necaxa', 'text': ''}","{'type': 'link', 'href': 'https://www.ligafemenil.mx/cancha/informeArbitral/145146/eyJpZENsdWJsb2NhbCI6MTExODksImlkQ2x1YnZpc2l0YSI6MTEyNDN9/informe-arbitral-necaxa-vs-leon-jornada-12-estadio-victoria-lmxf-tv--vix', 'text': '- - -'}","{'type': 'link', 'href': 'https://www.ligafemenil.mx/cancha/club/11243/leon', 'text': ''}","{'type': 'link', 'href': 'https://www.ligafemenil.mx/cancha/estadio/15/estadio-victoria', 'text': 'Victoria'}","{'type': 'link', 'href': 'https://www.ligafemenil.mx/cancha/mxm/145146/eyJpZENsdWJsb2NhbCI6IjExMTg5IiwiaWRDbHVidmlzaXRhIjoiMTEyNDMiLCJpZFBhcnRpZG8iOiIxNDUxNDYiLCJwZXN0YW5hIjoiMSJ9/minuto-a-minuto-necaxa-vs-leon-jornada-12-estadio-victoria-lmxf-tv--vix', 'text': ''}","{'type': 'link', 'href': 'https://www.ligafemenil.mx/cancha/mxm/145146/eyJpZENsdWJsb2NhbCI6IjExMTg5IiwiaWRDbHVidmlzaXRhIjoiMTEyNDMiLCJpZFBhcnRpZG8iOiIxNDUxNDYiLCJwZXN0YW5hIjoiMyJ9/minuto-a-minuto-necaxa-vs-leon-jornada-12-estadio-victoria-lmxf-tv--vix', 'text': ''}","{'type': 'link', 'href': 'https://www.ligafemenil.mx/cancha/informeArbitral/145146/eyJpZENsdWJsb2NhbCI6IjExMTg5IiwiaWRDbHVidmlzaXRhIjoiMTEyNDMifQ==/informe-arbitral-necaxa-vs-leon-jornada-12-estadio-victoria-lmxf-tv--vix', 'text': ''}","{'type': 'link', 'href': 'https://www.ligafemenil.mx/cancha/mxm/145146/eyJpZENsdWJsb2NhbCI6IjExMTg5IiwiaWRDbHVidmlzaXRhIjoiMTEyNDMiLCJpZFBhcnRpZG8iOiIxNDUxNDYiLCJwZXN0YW5hIjoiNCJ9/minuto-a-minuto-necaxa-vs-leon-jornada-12-estadio-victoria-lmxf-tv--vix', 'text': ''}","{'type': 'link', 'href': 'https://www.ligafemenil.mx/cancha/galeria/MTQ1MTQ2LzEyLzc1LzIvMTQ=/necaxa-vs-leon', 'text': ''}","{'type': 'link', 'href': 'https://www.ligafemenil.mx/cancha/playlist/145146/necaxa-vs-leon', 'text': ''}"
2024-2025,Clausura,"{'type': 'text', 'value': 'Jueves 13 de Marzo de 2025\nTemporada 2024-2025\nTorneo Clausura\nJornada 12\n13 Marzo 2025 - 19:00 hrs.'}","{'type': 'link', 'href': 'https://www.ligafemenil.mx/cancha/club/11245/atlas', 'text': ''}","{'type': 'link', 'href': 'https://www.ligafemenil.mx/cancha/informeArbitral/145128/eyJpZENsdWJsb2NhbCI6MTEyNDUsImlkQ2x1YnZpc2l0YSI6MTExODV9/informe-arbitral-atlas-vs-rayados-de-monterrey-jornada-12-estadio-jalisco-calientemx', 'text': '- - -'}","{'type': 'link', 'href': 'https://www.ligafemenil.mx/cancha/club/11185/rayados-de-monterrey', 'text': ''}","{'type': 'link', 'href': 'https://www.ligafemenil.mx/cancha/estadio/5/estadio-jalisco', 'text': 'Jalisco'}","{'type': 'link', 'href': 'https://www.ligafemenil.mx/cancha/mxm/145128/eyJpZENsdWJsb2NhbCI6IjExMjQ1IiwiaWRDbHVidmlzaXRhIjoiMTExODUiLCJpZFBhcnRpZG8iOiIxNDUxMjgiLCJwZXN0YW5hIjoiMSJ9/minuto-a-minuto-atlas-vs-rayados-de-monterrey-jornada-12-estadio-jalisco-calientemx', 'text': ''}","{'type': 'link', 'href': 'https://www.ligafemenil.mx/cancha/mxm/145128/eyJpZENsdWJsb2NhbCI6IjExMjQ1IiwiaWRDbHVidmlzaXRhIjoiMTExODUiLCJpZFBhcnRpZG8iOiIxNDUxMjgiLCJwZXN0YW5hIjoiMyJ9/minuto-a-minuto-atlas-vs-rayados-de-monterrey-jornada-12-estadio-jalisco-calientemx', 'text': ''}","{'type': 'link', 'href': 'https://www.ligafemenil.mx/cancha/informeArbitral/145128/eyJpZENsdWJsb2NhbCI6IjExMjQ1IiwiaWRDbHVidmlzaXRhIjoiMTExODUifQ==/informe-arbitral-atlas-vs-rayados-de-monterrey-jornada-12-estadio-jalisco-calientemx', 'text': ''}","{'type': 'link', 'href': 'https://www.ligafemenil.mx/cancha/mxm/145128/eyJpZENsdWJsb2NhbCI6IjExMjQ1IiwiaWRDbHVidmlzaXRhIjoiMTExODUiLCJpZFBhcnRpZG8iOiIxNDUxMjgiLCJwZXN0YW5hIjoiNCJ9/minuto-a-minuto-atlas-vs-rayados-de-monterrey-jornada-12-estadio-jalisco-calientemx', 'text': ''}","{'type': 'link', 'href': 'https://www.ligafemenil.mx/cancha/galeria/MTQ1MTI4LzEyLzc1LzIvMTQ=/atlas-vs-rayados-de-monterrey', 'text': ''}","{'type': 'link', 'href': 'https://www.ligafemenil.mx/cancha/playlist/145128/atlas-vs-rayados-de-monterrey', 'text': ''}"
2024-2025,Clausura,"{'type': 'text', 'value': 'Jueves 13 de Marzo de 2025\nTemporada 2024-2025\nTorneo Clausura\nJornada 12\n13 Marzo 2025 - 20:00 hrs.'}","{'type': 'link', 'href': 'https://www.ligafemenil.mx/cancha/club/11180/tijuana', 'text': ''}","{'type': 'link', 'href': 'https://www.ligafemenil.mx/cancha/informeArbitral/145145/eyJpZENsdWJsb2NhbCI6MTExODAsImlkQ2x1YnZpc2l0YSI6MTE3OTV9/informe-arbitral-tijuana-vs-fc-juarez-jornada-12-estadio-caliente-calientemx', 'text': '- - -'}","{'type': 'link', 'href': 'https://www.ligafemenil.mx/cancha/club/11795/fc-juarez', 'text': ''}","{'type': 'link', 'href': 'https://www.ligafemenil.mx/cancha/estadio/48/estadio-caliente', 'text': 'Caliente'}","{'type': 'link', 'href': 'https://www.ligafemenil.mx/cancha/mxm/145145/eyJpZENsdWJsb2NhbCI6IjExMTgwIiwiaWRDbHVidmlzaXRhIjoiMTE3OTUiLCJpZFBhcnRpZG8iOiIxNDUxNDUiLCJwZXN0YW5hIjoiMSJ9/minuto-a-minuto-tijuana-vs-fc-juarez-jornada-12-estadio-caliente-calientemx', 'text': ''}","{'type': 'link', 'href': 'https://www.ligafemenil.mx/cancha/mxm/145145/eyJpZENsdWJsb2NhbCI6IjExMTgwIiwiaWRDbHVidmlzaXRhIjoiMTE3OTUiLCJpZFBhcnRpZG8iOiIxNDUxNDUiLCJwZXN0YW5hIjoiMyJ9/minuto-a-minuto-tijuana-vs-fc-juarez-jornada-12-estadio-caliente-calientemx', 'text': ''}","{'type': 'link', 'href': 'https://www.ligafemenil.mx/cancha/informeArbitral/145145/eyJpZENsdWJsb2NhbCI6IjExMTgwIiwiaWRDbHVidmlzaXRhIjoiMTE3OTUifQ==/informe-arbitral-tijuana-vs-fc-juarez-jornada-12-estadio-caliente-calientemx', 'text': ''}","{'type': 'link', 'href': 'https://www.ligafemenil.mx/cancha/mxm/145145/eyJpZENsdWJsb2NhbCI6IjExMTgwIiwiaWRDbHVidmlzaXRhIjoiMTE3OTUiLCJpZFBhcnRpZG8iOiIxNDUxNDUiLCJwZXN0YW5hIjoiNCJ9/minuto-a-minuto-tijuana-vs-fc-juarez-jornada-12-estadio-caliente-calientemx', 'text': ''}","{'type': 'link', 'href': 'https://www.ligafemenil.mx/cancha/galeria/MTQ1MTQ1LzEyLzc1LzIvMTQ=/tijuana-vs-fc-juarez', 'text': ''}","{'type': 'link', 'href': 'https://www.ligafemenil.mx/cancha/playlist/145145/tijuana-vs-fc-juarez', 'text': ''}"
2024-2025,Clausura,"{'type': 'text', 'value': 'Viernes 14 de Marzo de 2025\nTemporada 2024-2025\nTorneo Clausura\nJornada 12\n14 Marzo 2025 - 18:00 hrs.'}","{'type': 'link', 'href': 'https://www.ligafemenil.mx/cancha/club/12051/mazatlan-fc', 'text': ''}","{'type': 'link', 'href': 'https://www.ligafemenil.mx/cancha/informeArbitral/145147/eyJpZENsdWJsb2NhbCI6MTIwNTEsImlkQ2x1YnZpc2l0YSI6MTE3Nzh9/informe-arbitral-mazatlan-fc-vs-club-atletico-de-san-luis-jornada-12-estadio-el-encanto-fox-sports', 'text': '- - -'}","{'type': 'link', 'href': 'https://www.ligafemenil.mx/cancha/club/11778/club-atletico-de-san-luis', 'text': ''}","{'type': 'link', 'href': 'https://www.ligafemenil.mx/cancha/estadio/1931/estadio-el-encanto', 'text': 'El Encanto'}","{'type': 'link', 'href': 'https://www.ligafemenil.mx/cancha/mxm/145147/eyJpZENsdWJsb2NhbCI6IjEyMDUxIiwiaWRDbHVidmlzaXRhIjoiMTE3NzgiLCJpZFBhcnRpZG8iOiIxNDUxNDciLCJwZXN0YW5hIjoiMSJ9/minuto-a-minuto-mazatlan-fc-vs-club-atletico-de-san-luis-jornada-12-estadio-el-encanto-fox-sports', 'text': ''}","{'type': 'link', 'href': 'https://www.ligafemenil.mx/cancha/mxm/145147/eyJpZENsdWJsb2NhbCI6IjEyMDUxIiwiaWRDbHVidmlzaXRhIjoiMTE3NzgiLCJpZFBhcnRpZG8iOiIxNDUxNDciLCJwZXN0YW5hIjoiMyJ9/minuto-a-minuto-mazatlan-fc-vs-club-atletico-de-san-luis-jornada-12-estadio-el-encanto-fox-sports', 'text': ''}","{'type': 'link', 'href': 'https://www.ligafemenil.mx/cancha/informeArbitral/145147/eyJpZENsdWJsb2NhbCI6IjEyMDUxIiwiaWRDbHVidmlzaXRhIjoiMTE3NzgifQ==/informe-arbitral-mazatlan-fc-vs-club-atletico-de-san-luis-jornada-12-estadio-el-encanto-fox-sports', 'text': ''}","{'type': 'link', 'href': 'https://www.ligafemenil.mx/cancha/mxm/145147/eyJpZENsdWJsb2NhbCI6IjEyMDUxIiwiaWRDbHVidmlzaXRhIjoiMTE3NzgiLCJpZFBhcnRpZG8iOiIxNDUxNDciLCJwZXN0YW5hIjoiNCJ9/minuto-a-minuto-mazatlan-fc-vs-club-atletico-de-san-luis-jornada-12-estadio-el-encanto-fox-sports', 'text': ''}","{'type': 'link', 'href': 'https://www.ligafemenil.mx/cancha/galeria/MTQ1MTQ3LzEyLzc1LzIvMTQ=/mazatlan-fc-vs-club-atletico-de-san-luis', 'text': ''}","{'type': 'link', 'href': 'https://www.ligafemenil.mx/cancha/playlist/145147/mazatlan-fc-vs-club-atletico-de-san-luis', 'text': ''}"
2024-2025,Clausura,"{'type': 'text', 'value': 'Viernes 14 de Marzo de 2025\nTemporada 2024-2025\nTorneo Clausura\nJornada 12\n14 Marzo 2025 - 21:06 hrs.'}","{'type': 'link', 'href': 'https://www.ligafemenil.mx/cancha/club/11186/tigres-de-la-uanl', 'text': ''}","{'type': 'link', 'href': 'https://www.ligafemenil.mx/cancha/informeArbitral/145148/eyJpZENsdWJsb2NhbCI6MTExODYsImlkQ2x1YnZpc2l0YSI6MTExOTJ9/informe-arbitral-tigres-de-la-uanl-vs-santos-laguna-jornada-12-estadio-universitario-fox-sports', 'text': '- - -'}","{'type': 'link', 'href': 'https://www.ligafemenil.mx/cancha/club/11192/santos-laguna', 'text': ''}","{'type': 'link', 'href': 'https://www.ligafemenil.mx/cancha/estadio/12/estadio-universitario', 'text': 'Universitario'}","{'type': 'link', 'href': 'https://www.ligafemenil.mx/cancha/mxm/145148/eyJpZENsdWJsb2NhbCI6IjExMTg2IiwiaWRDbHVidmlzaXRhIjoiMTExOTIiLCJpZFBhcnRpZG8iOiIxNDUxNDgiLCJwZXN0YW5hIjoiMSJ9/minuto-a-minuto-tigres-de-la-uanl-vs-santos-laguna-jornada-12-estadio-universitario-fox-sports', 'text': ''}","{'type': 'link', 'href': 'https://www.ligafemenil.mx/cancha/mxm/145148/eyJpZENsdWJsb2NhbCI6IjExMTg2IiwiaWRDbHVidmlzaXRhIjoiMTExOTIiLCJpZFBhcnRpZG8iOiIxNDUxNDgiLCJwZXN0YW5hIjoiMyJ9/minuto-a-minuto-tigres-de-la-uanl-vs-santos-laguna-jornada-12-estadio-universitario-fox-sports', 'text': ''}","{'type': 'link', 'href': 'https://www.ligafemenil.mx/cancha/informeArbitral/145148/eyJpZENsdWJsb2NhbCI6IjExMTg2IiwiaWRDbHVidmlzaXRhIjoiMTExOTIifQ==/informe-arbitral-tigres-de-la-uanl-vs-santos-laguna-jornada-12-estadio-universitario-fox-sports', 'text': ''}","{'type': 'link', 'href': 'https://www.ligafemenil.mx/cancha/mxm/145148/eyJpZENsdWJsb2NhbCI6IjExMTg2IiwiaWRDbHVidmlzaXRhIjoiMTExOTIiLCJpZFBhcnRpZG8iOiIxNDUxNDgiLCJwZXN0YW5hIjoiNCJ9/minuto-a-minuto-tigres-de-la-uanl-vs-santos-laguna-jornada-12-estadio-universitario-fox-sports', 'text': ''}","{'type': 'link', 'href': 'https://www.ligafemenil.mx/cancha/galeria/MTQ1MTQ4LzEyLzc1LzIvMTQ=/tigres-de-la-uanl-vs-santos-laguna', 'text': ''}","{'type': 'link', 'href': 'https://www.ligafemenil.mx/cancha/playlist/145148/tigres-de-la-uanl-vs-santos-laguna', 'text': ''}"
2024-2025,Clausura,"{'type': 'text', 'value': 'Domingo 16 de Marzo de 2025\nTemporada 2024-2025\nTorneo Clausura\nJornada 13\n16 Marzo 2025 - 12:00 hrs.'}","{'type': 'link', 'href': 'https://www.ligafemenil.mx/cancha/club/11543/puebla-fc', 'text': ''}","{'type': 'link', 'href': 'https://www.ligafemenil.mx/cancha/informeArbitral/145149/eyJpZENsdWJsb2NhbCI6MTE1NDMsImlkQ2x1YnZpc2l0YSI6MTExODR9/informe-arbitral-puebla-fc-vs-pachuca-jornada-13-estadio-cuauhtemoc-fox-sports', 'text': '- - -'}","{'type': 'link', 'href': 'https://www.ligafemenil.mx/cancha/club/11184/pachuca', 'text': ''}","{'type': 'link', 'href': 'https://www.ligafemenil.mx/cancha/estadio/9/estadio-cuauhtemoc', 'text': 'Cuauhtémoc'}","{'type': 'link', 'href': 'https://www.ligafemenil.mx/cancha/mxm/145149/eyJpZENsdWJsb2NhbCI6IjExNTQzIiwiaWRDbHVidmlzaXRhIjoiMTExODQiLCJpZFBhcnRpZG8iOiIxNDUxNDkiLCJwZXN0YW5hIjoiMSJ9/minuto-a-minuto-puebla-fc-vs-pachuca-jornada-13-estadio-cuauhtemoc-fox-sports', 'text': ''}","{'type': 'link', 'href': 'https://www.ligafemenil.mx/cancha/mxm/145149/eyJpZENsdWJsb2NhbCI6IjExNTQzIiwiaWRDbHVidmlzaXRhIjoiMTExODQiLCJpZFBhcnRpZG8iOiIxNDUxNDkiLCJwZXN0YW5hIjoiMyJ9/minuto-a-minuto-puebla-fc-vs-pachuca-jornada-13-estadio-cuauhtemoc-fox-sports', 'text': ''}","{'type': 'link', 'href': 'https://www.ligafemenil.mx/cancha/informeArbitral/145149/eyJpZENsdWJsb2NhbCI6IjExNTQzIiwiaWRDbHVidmlzaXRhIjoiMTExODQifQ==/informe-arbitral-puebla-fc-vs-pachuca-jornada-13-estadio-cuauhtemoc-fox-sports', 'text': ''}","{'type': 'link', 'href': 'https://www.ligafemenil.mx/cancha/mxm/145149/eyJpZENsdWJsb2NhbCI6IjExNTQzIiwiaWRDbHVidmlzaXRhIjoiMTExODQiLCJpZFBhcnRpZG8iOiIxNDUxNDkiLCJwZXN0YW5hIjoiNCJ9/minuto-a-minuto-puebla-fc-vs-pachuca-jornada-13-estadio-cuauhtemoc-fox-sports', 'text': ''}","{'type': 'link', 'href': 'https://www.ligafemenil.mx/cancha/galeria/MTQ1MTQ5LzEzLzc1LzIvMTQ=/puebla-fc-vs-pachuca', 'text': ''}","{'type': 'link', 'href': 'https://www.ligafemenil.mx/cancha/playlist/145149/puebla-fc-vs-pachuca', 'text': ''}"
2024-2025,Clausura,"{'type': 'text', 'value': 'Domingo 16 de Marzo de 2025\nTemporada 2024-2025\nTorneo Clausura\nJornada 13\n16 Marzo 2025 - 18:00 hrs.'}","{'type': 'link', 'href': 'https://www.ligafemenil.mx/cancha/club/11795/fc-juarez', 'text': ''}","{'type': 'link', 'href': 'https://www.ligafemenil.mx/cancha/informeArbitral/145150/eyJpZENsdWJsb2NhbCI6MTE3OTUsImlkQ2x1YnZpc2l0YSI6MTExOTF9/informe-arbitral-fc-juarez-vs-america-jornada-13-estadio-olimpico-benito-juarez-tbd', 'text': '- - -'}","{'type': 'link', 'href': 'https://www.ligafemenil.mx/cancha/club/11191/america', 'text': ''}","{'type': 'link', 'href': 'https://www.ligafemenil.mx/cancha/estadio/17/estadio-olimpico-benito-juarez', 'text': 'Olímpico Benito Juárez'}","{'type': 'link', 'href': 'https://www.ligafemenil.mx/cancha/mxm/145150/eyJpZENsdWJsb2NhbCI6IjExNzk1IiwiaWRDbHVidmlzaXRhIjoiMTExOTEiLCJpZFBhcnRpZG8iOiIxNDUxNTAiLCJwZXN0YW5hIjoiMSJ9/minuto-a-minuto-fc-juarez-vs-america-jornada-13-estadio-olimpico-benito-juarez-tbd', 'text': ''}","{'type': 'link', 'href': 'https://www.ligafemenil.mx/cancha/mxm/145150/eyJpZENsdWJsb2NhbCI6IjExNzk1IiwiaWRDbHVidmlzaXRhIjoiMTExOTEiLCJpZFBhcnRpZG8iOiIxNDUxNTAiLCJwZXN0YW5hIjoiMyJ9/minuto-a-minuto-fc-juarez-vs-america-jornada-13-estadio-olimpico-benito-juarez-tbd', 'text': ''}","{'type': 'link', 'href': 'https://www.ligafemenil.mx/cancha/informeArbitral/145150/eyJpZENsdWJsb2NhbCI6IjExNzk1IiwiaWRDbHVidmlzaXRhIjoiMTExOTEifQ==/informe-arbitral-fc-juarez-vs-america-jornada-13-estadio-olimpico-benito-juarez-tbd', 'text': ''}","{'type': 'link', 'href': 'https://www.ligafemenil.mx/cancha/mxm/145150/eyJpZENsdWJsb2NhbCI6IjExNzk1IiwiaWRDbHVidmlzaXRhIjoiMTExOTEiLCJpZFBhcnRpZG8iOiIxNDUxNTAiLCJwZXN0YW5hIjoiNCJ9/minuto-a-minuto-fc-juarez-vs-america-jornada-13-estadio-olimpico-benito-juarez-tbd', 'text': ''}","{'type': 'link', 'href': 'https://www.ligafemenil.mx/cancha/galeria/MTQ1MTUwLzEzLzc1LzIvMTQ=/fc-juarez-vs-america', 'text': ''}","{'type': 'link', 'href': 'https://www.ligafemenil.mx/cancha/playlist/145150/fc-juarez-vs-america', 'text': ''}"
2024-2025,Clausura,"{'type': 'text', 'value': 'Lunes 17 de Marzo de 2025\nTemporada 2024-2025\nTorneo Clausura\nJornada 13\n17 Marzo 2025 - 16:00 hrs.'}","{'type': 'link', 'href': 'https://www.ligafemenil.mx/cancha/club/11188/pumas', 'text': ''}","{'type': 'link', 'href': 'https://www.ligafemenil.mx/cancha/informeArbitral/145151/eyJpZENsdWJsb2NhbCI6MTExODgsImlkQ2x1YnZpc2l0YSI6MTExODB9/informe-arbitral-pumas-vs-tijuana-jornada-13-estadio-olimpico-universitario-lmxf-tv--vix', 'text': '- - -'}","{'type': 'link', 'href': 'https://www.ligafemenil.mx/cancha/club/11180/tijuana', 'text': ''}","{'type': 'link', 'href': 'https://www.ligafemenil.mx/cancha/estadio/7/estadio-olimpico-universitario', 'text': 'Olímpico Universitario'}","{'type': 'link', 'href': 'https://www.ligafemenil.mx/cancha/mxm/145151/eyJpZENsdWJsb2NhbCI6IjExMTg4IiwiaWRDbHVidmlzaXRhIjoiMTExODAiLCJpZFBhcnRpZG8iOiIxNDUxNTEiLCJwZXN0YW5hIjoiMSJ9/minuto-a-minuto-pumas-vs-tijuana-jornada-13-estadio-olimpico-universitario-lmxf-tv--vix', 'text': ''}","{'type': 'link', 'href': 'https://www.ligafemenil.mx/cancha/mxm/145151/eyJpZENsdWJsb2NhbCI6IjExMTg4IiwiaWRDbHVidmlzaXRhIjoiMTExODAiLCJpZFBhcnRpZG8iOiIxNDUxNTEiLCJwZXN0YW5hIjoiMyJ9/minuto-a-minuto-pumas-vs-tijuana-jornada-13-estadio-olimpico-universitario-lmxf-tv--vix', 'text': ''}","{'type': 'link', 'href': 'https://www.ligafemenil.mx/cancha/informeArbitral/145151/eyJpZENsdWJsb2NhbCI6IjExMTg4IiwiaWRDbHVidmlzaXRhIjoiMTExODAifQ==/informe-arbitral-pumas-vs-tijuana-jornada-13-estadio-olimpico-universitario-lmxf-tv--vix', 'text': ''}","{'type': 'link', 'href': 'https://www.ligafemenil.mx/cancha/mxm/145151/eyJpZENsdWJsb2NhbCI6IjExMTg4IiwiaWRDbHVidmlzaXRhIjoiMTExODAiLCJpZFBhcnRpZG8iOiIxNDUxNTEiLCJwZXN0YW5hIjoiNCJ9/minuto-a-minuto-pumas-vs-tijuana-jornada-13-estadio-olimpico-universitario-lmxf-tv--vix', 'text': ''}","{'type': 'link', 'href': 'https://www.ligafemenil.mx/cancha/galeria/MTQ1MTUxLzEzLzc1LzIvMTQ=/pumas-vs-tijuana', 'text': ''}","{'type': 'link', 'href': 'https://www.ligafemenil.mx/cancha/playlist/145151/pumas-vs-tijuana', 'text': ''}"
2024-2025,Clausura,"{'type': 'text', 'value': 'Lunes 17 de Marzo de 2025\nTemporada 2024-2025\nTorneo Clausura\nJornada 13\n17 Marzo 2025 - 19:00 hrs.'}","{'type': 'link', 'href': 'https://www.ligafemenil.mx/cancha/club/11186/tigres-de-la-uanl', 'text': ''}","{'type': 'link', 'href': 'https://www.ligafemenil.mx/cancha/informeArbitral/145153/eyJpZENsdWJsb2NhbCI6MTExODYsImlkQ2x1YnZpc2l0YSI6MTIwNTF9/informe-arbitral-tigres-de-la-uanl-vs-mazatlan-fc-jornada-13-estadio-universitario-fox-sports', 'text': '- - -'}","{'type': 'link', 'href': 'https://www.ligafemenil.mx/cancha/club/12051/mazatlan-fc', 'text': ''}","{'type': 'link', 'href': 'https://www.ligafemenil.mx/cancha/estadio/12/estadio-universitario', 'text': 'Universitario'}","{'type': 'link', 'href': 'https://www.ligafemenil.mx/cancha/mxm/145153/eyJpZENsdWJsb2NhbCI6IjExMTg2IiwiaWRDbHVidmlzaXRhIjoiMTIwNTEiLCJpZFBhcnRpZG8iOiIxNDUxNTMiLCJwZXN0YW5hIjoiMSJ9/minuto-a-minuto-tigres-de-la-uanl-vs-mazatlan-fc-jornada-13-estadio-universitario-fox-sports', 'text': ''}","{'type': 'link', 'href': 'https://www.ligafemenil.mx/cancha/mxm/145153/eyJpZENsdWJsb2NhbCI6IjExMTg2IiwiaWRDbHVidmlzaXRhIjoiMTIwNTEiLCJpZFBhcnRpZG8iOiIxNDUxNTMiLCJwZXN0YW5hIjoiMyJ9/minuto-a-minuto-tigres-de-la-uanl-vs-mazatlan-fc-jornada-13-estadio-universitario-fox-sports', 'text': ''}","{'type': 'link', 'href': 'https://www.ligafemenil.mx/cancha/informeArbitral/145153/eyJpZENsdWJsb2NhbCI6IjExMTg2IiwiaWRDbHVidmlzaXRhIjoiMTIwNTEifQ==/informe-arbitral-tigres-de-la-uanl-vs-mazatlan-fc-jornada-13-estadio-universitario-fox-sports', 'text': ''}","{'type': 'link', 'href': 'https://www.ligafemenil.mx/cancha/mxm/145153/eyJpZENsdWJsb2NhbCI6IjExMTg2IiwiaWRDbHVidmlzaXRhIjoiMTIwNTEiLCJpZFBhcnRpZG8iOiIxNDUxNTMiLCJwZXN0YW5hIjoiNCJ9/minuto-a-minuto-tigres-de-la-uanl-vs-mazatlan-fc-jornada-13-estadio-universitario-fox-sports', 'text': ''}","{'type': 'link', 'href': 'https://www.ligafemenil.mx/cancha/galeria/MTQ1MTUzLzEzLzc1LzIvMTQ=/tigres-de-la-uanl-vs-mazatlan-fc', 'text': ''}","{'type': 'link', 'href': 'https://www.ligafemenil.mx/cancha/playlist/145153/tigres-de-la-uanl-vs-mazatlan-fc', 'text': ''}"
2024-2025,Clausura,"{'type': 'text', 'value': 'Lunes 17 de Marzo de 2025\nTemporada 2024-2025\nTorneo Clausura\nJornada 13\n17 Marzo 2025 - 21:06 hrs.'}","{'type': 'link', 'href': 'https://www.ligafemenil.mx/cancha/club/11243/leon', 'text': ''}","{'type': 'link', 'href': 'https://www.ligafemenil.mx/cancha/informeArbitral/145154/eyJpZENsdWJsb2NhbCI6MTEyNDMsImlkQ2x1YnZpc2l0YSI6MTExODJ9/informe-arbitral-leon-vs-guadalajara-jornada-13-estadio-nou-camp-tbd', 'text': '- - -'}","{'type': 'link', 'href': 'https://www.ligafemenil.mx/cancha/club/11182/guadalajara', 'text': ''}","{'type': 'link', 'href': 'https://www.ligafemenil.mx/cancha/estadio/23/estadio-nou-camp', 'text': 'Nou Camp'}","{'type': 'link', 'href': 'https://www.ligafemenil.mx/cancha/mxm/145154/eyJpZENsdWJsb2NhbCI6IjExMjQzIiwiaWRDbHVidmlzaXRhIjoiMTExODIiLCJpZFBhcnRpZG8iOiIxNDUxNTQiLCJwZXN0YW5hIjoiMSJ9/minuto-a-minuto-leon-vs-guadalajara-jornada-13-estadio-nou-camp-tbd', 'text': ''}","{'type': 'link', 'href': 'https://www.ligafemenil.mx/cancha/mxm/145154/eyJpZENsdWJsb2NhbCI6IjExMjQzIiwiaWRDbHVidmlzaXRhIjoiMTExODIiLCJpZFBhcnRpZG8iOiIxNDUxNTQiLCJwZXN0YW5hIjoiMyJ9/minuto-a-minuto-leon-vs-guadalajara-jornada-13-estadio-nou-camp-tbd', 'text': ''}","{'type': 'link', 'href': 'https://www.ligafemenil.mx/cancha/informeArbitral/145154/eyJpZENsdWJsb2NhbCI6IjExMjQzIiwiaWRDbHVidmlzaXRhIjoiMTExODIifQ==/informe-arbitral-leon-vs-guadalajara-jornada-13-estadio-nou-camp-tbd', 'text': ''}","{'type': 'link', 'href': 'https://www.ligafemenil.mx/cancha/mxm/145154/eyJpZENsdWJsb2NhbCI6IjExMjQzIiwiaWRDbHVidmlzaXRhIjoiMTExODIiLCJpZFBhcnRpZG8iOiIxNDUxNTQiLCJwZXN0YW5hIjoiNCJ9/minuto-a-minuto-leon-vs-guadalajara-jornada-13-estadio-nou-camp-tbd', 'text': ''}","{'type': 'link', 'href': 'https://www.ligafemenil.mx/cancha/galeria/MTQ1MTU0LzEzLzc1LzIvMTQ=/leon-vs-guadalajara', 'text': ''}","{'type': 'link', 'href': 'https://www.ligafemenil.mx/cancha/playlist/145154/leon-vs-guadalajara', 'text': ''}"
2024-2025,Clausura,"{'type': 'text', 'value': 'Martes 18 de Marzo de 2025\nTemporada 2024-2025\nTorneo Clausura\nJornada 13\n18 Marzo 2025 - 17:00 hrs.'}","{'type': 'link', 'href': 'https://www.ligafemenil.mx/cancha/club/11778/club-atletico-de-san-luis', 'text': ''}","{'type': 'link', 'href': 'https://www.ligafemenil.mx/cancha/informeArbitral/145155/eyJpZENsdWJsb2NhbCI6MTE3NzgsImlkQ2x1YnZpc2l0YSI6MTExODF9/informe-arbitral-club-atletico-de-san-luis-vs-cruz-azul-jornada-13-estadio-alfonso-lastras-ramirez-espn', 'text': '- - -'}","{'type': 'link', 'href': 'https://www.ligafemenil.mx/cancha/club/11181/cruz-azul', 'text': ''}","{'type': 'link', 'href': 'https://www.ligafemenil.mx/cancha/estadio/14/estadio-alfonso-lastras-ramirez', 'text': 'Alfonso Lastras Ramírez'}","{'type': 'link', 'href': 'https://www.ligafemenil.mx/cancha/mxm/145155/eyJpZENsdWJsb2NhbCI6IjExNzc4IiwiaWRDbHVidmlzaXRhIjoiMTExODEiLCJpZFBhcnRpZG8iOiIxNDUxNTUiLCJwZXN0YW5hIjoiMSJ9/minuto-a-minuto-club-atletico-de-san-luis-vs-cruz-azul-jornada-13-estadio-alfonso-lastras-ramirez-espn', 'text': ''}","{'type': 'link', 'href': 'https://www.ligafemenil.mx/cancha/mxm/145155/eyJpZENsdWJsb2NhbCI6IjExNzc4IiwiaWRDbHVidmlzaXRhIjoiMTExODEiLCJpZFBhcnRpZG8iOiIxNDUxNTUiLCJwZXN0YW5hIjoiMyJ9/minuto-a-minuto-club-atletico-de-san-luis-vs-cruz-azul-jornada-13-estadio-alfonso-lastras-ramirez-espn', 'text': ''}","{'type': 'link', 'href': 'https://www.ligafemenil.mx/cancha/informeArbitral/145155/eyJpZENsdWJsb2NhbCI6IjExNzc4IiwiaWRDbHVidmlzaXRhIjoiMTExODEifQ==/informe-arbitral-club-atletico-de-san-luis-vs-cruz-azul-jornada-13-estadio-alfonso-lastras-ramirez-espn', 'text': ''}","{'type': 'link', 'href': 'https://www.ligafemenil.mx/cancha/mxm/145155/eyJpZENsdWJsb2NhbCI6IjExNzc4IiwiaWRDbHVidmlzaXRhIjoiMTExODEiLCJpZFBhcnRpZG8iOiIxNDUxNTUiLCJwZXN0YW5hIjoiNCJ9/minuto-a-minuto-club-atletico-de-san-luis-vs-cruz-azul-jornada-13-estadio-alfonso-lastras-ramirez-espn', 'text': ''}","{'type': 'link', 'href': 'https://www.ligafemenil.mx/cancha/galeria/MTQ1MTU1LzEzLzc1LzIvMTQ=/club-atletico-de-san-luis-vs-cruz-azul', 'text': ''}","{'type': 'link', 'href': 'https://www.ligafemenil.mx/cancha/playlist/145155/club-atletico-de-san-luis-vs-cruz-azul', 'text': ''}"
2024-2025,Clausura,"{'type': 'text', 'value': 'Martes 18 de Marzo de 2025\nTemporada 2024-2025\nTorneo Clausura\nJornada 13\n18 Marzo 2025 - 19:00 hrs.'}","{'type': 'link', 'href': 'https://www.ligafemenil.mx/cancha/club/11245/atlas', 'text': ''}","{'type': 'link', 'href': 'https://www.ligafemenil.mx/cancha/informeArbitral/145156/eyJpZENsdWJsb2NhbCI6MTEyNDUsImlkQ2x1YnZpc2l0YSI6MTIwNDJ9/informe-arbitral-atlas-vs-gallos-blancos-de-queretaro-jornada-13-estadio-jalisco-calientemx', 'text': '- - -'}","{'type': 'link', 'href': 'https://www.ligafemenil.mx/cancha/club/12042/gallos-blancos-de-queretaro', 'text': ''}","{'type': 'link', 'href': 'https://www.ligafemenil.mx/cancha/estadio/5/estadio-jalisco', 'text': 'Jalisco'}","{'type': 'link', 'href': 'https://www.ligafemenil.mx/cancha/mxm/145156/eyJpZENsdWJsb2NhbCI6IjExMjQ1IiwiaWRDbHVidmlzaXRhIjoiMTIwNDIiLCJpZFBhcnRpZG8iOiIxNDUxNTYiLCJwZXN0YW5hIjoiMSJ9/minuto-a-minuto-atlas-vs-gallos-blancos-de-queretaro-jornada-13-estadio-jalisco-calientemx', 'text': ''}","{'type': 'link', 'href': 'https://www.ligafemenil.mx/cancha/mxm/145156/eyJpZENsdWJsb2NhbCI6IjExMjQ1IiwiaWRDbHVidmlzaXRhIjoiMTIwNDIiLCJpZFBhcnRpZG8iOiIxNDUxNTYiLCJwZXN0YW5hIjoiMyJ9/minuto-a-minuto-atlas-vs-gallos-blancos-de-queretaro-jornada-13-estadio-jalisco-calientemx', 'text': ''}","{'type': 'link', 'href': 'https://www.ligafemenil.mx/cancha/informeArbitral/145156/eyJpZENsdWJsb2NhbCI6IjExMjQ1IiwiaWRDbHVidmlzaXRhIjoiMTIwNDIifQ==/informe-arbitral-atlas-vs-gallos-blancos-de-queretaro-jornada-13-estadio-jalisco-calientemx', 'text': ''}","{'type': 'link', 'href': 'https://www.ligafemenil.mx/cancha/mxm/145156/eyJpZENsdWJsb2NhbCI6IjExMjQ1IiwiaWRDbHVidmlzaXRhIjoiMTIwNDIiLCJpZFBhcnRpZG8iOiIxNDUxNTYiLCJwZXN0YW5hIjoiNCJ9/minuto-a-minuto-atlas-vs-gallos-blancos-de-queretaro-jornada-13-estadio-jalisco-calientemx', 'text': ''}","{'type': 'link', 'href': 'https://www.ligafemenil.mx/cancha/galeria/MTQ1MTU2LzEzLzc1LzIvMTQ=/atlas-vs-gallos-blancos-de-queretaro', 'text': ''}","{'type': 'link', 'href': 'https://www.ligafemenil.mx/cancha/playlist/145156/atlas-vs-gallos-blancos-de-queretaro', 'text': ''}"
2024-2025,Clausura,"{'type': 'text', 'value': 'Martes 18 de Marzo de 2025\nTemporada 2024-2025\nTorneo Clausura\nJornada 13\n18 Marzo 2025 - 21:00 hrs.'}","{'type': 'link', 'href': 'https://www.ligafemenil.mx/cancha/club/11192/santos-laguna', 'text': ''}","{'type': 'link', 'href': 'https://www.ligafemenil.mx/cancha/informeArbitral/145157/eyJpZENsdWJsb2NhbCI6MTExOTIsImlkQ2x1YnZpc2l0YSI6MTExODV9/informe-arbitral-santos-laguna-vs-rayados-de-monterrey-jornada-13-estadio-tsm-corona-calientemx', 'text': '- - -'}","{'type': 'link', 'href': 'https://www.ligafemenil.mx/cancha/club/11185/rayados-de-monterrey', 'text': ''}","{'type': 'link', 'href': 'https://www.ligafemenil.mx/cancha/estadio/63/estadio-tsm-corona', 'text': 'TSM Corona'}","{'type': 'link', 'href': 'https://www.ligafemenil.mx/cancha/mxm/145157/eyJpZENsdWJsb2NhbCI6IjExMTkyIiwiaWRDbHVidmlzaXRhIjoiMTExODUiLCJpZFBhcnRpZG8iOiIxNDUxNTciLCJwZXN0YW5hIjoiMSJ9/minuto-a-minuto-santos-laguna-vs-rayados-de-monterrey-jornada-13-estadio-tsm-corona-calientemx', 'text': ''}","{'type': 'link', 'href': 'https://www.ligafemenil.mx/cancha/mxm/145157/eyJpZENsdWJsb2NhbCI6IjExMTkyIiwiaWRDbHVidmlzaXRhIjoiMTExODUiLCJpZFBhcnRpZG8iOiIxNDUxNTciLCJwZXN0YW5hIjoiMyJ9/minuto-a-minuto-santos-laguna-vs-rayados-de-monterrey-jornada-13-estadio-tsm-corona-calientemx', 'text': ''}","{'type': 'link', 'href': 'https://www.ligafemenil.mx/cancha/informeArbitral/145157/eyJpZENsdWJsb2NhbCI6IjExMTkyIiwiaWRDbHVidmlzaXRhIjoiMTExODUifQ==/informe-arbitral-santos-laguna-vs-rayados-de-monterrey-jornada-13-estadio-tsm-corona-calientemx', 'text': ''}","{'type': 'link', 'href': 'https://www.ligafemenil.mx/cancha/mxm/145157/eyJpZENsdWJsb2NhbCI6IjExMTkyIiwiaWRDbHVidmlzaXRhIjoiMTExODUiLCJpZFBhcnRpZG8iOiIxNDUxNTciLCJwZXN0YW5hIjoiNCJ9/minuto-a-minuto-santos-laguna-vs-rayados-de-monterrey-jornada-13-estadio-tsm-corona-calientemx', 'text': ''}","{'type': 'link', 'href': 'https://www.ligafemenil.mx/cancha/galeria/MTQ1MTU3LzEzLzc1LzIvMTQ=/santos-laguna-vs-rayados-de-monterrey', 'text': ''}","{'type': 'link', 'href': 'https://www.ligafemenil.mx/cancha/playlist/145157/santos-laguna-vs-rayados-de-monterrey', 'text': ''}"
2024-2025,Clausura,"{'type': 'text', 'value': 'Jueves 20 de Marzo de 2025\nTemporada 2024-2025\nTorneo Clausura\nJornada 14\n20 Marzo 2025 - 17:00 hrs.'}","{'type': 'link', 'href': 'https://www.ligafemenil.mx/cancha/club/11184/pachuca', 'text': ''}","{'type': 'link', 'href': 'https://www.ligafemenil.mx/cancha/informeArbitral/145163/eyJpZENsdWJsb2NhbCI6MTExODQsImlkQ2x1YnZpc2l0YSI6MTExODd9/informe-arbitral-pachuca-vs-toluca-jornada-14-estadio-hidalgo-tbd', 'text': '- - -'}","{'type': 'link', 'href': 'https://www.ligafemenil.mx/cancha/club/11187/toluca', 'text': ''}","{'type': 'link', 'href': 'https://www.ligafemenil.mx/cancha/estadio/11/estadio-hidalgo', 'text': 'Hidalgo'}","{'type': 'link', 'href': 'https://www.ligafemenil.mx/cancha/mxm/145163/eyJpZENsdWJsb2NhbCI6IjExMTg0IiwiaWRDbHVidmlzaXRhIjoiMTExODciLCJpZFBhcnRpZG8iOiIxNDUxNjMiLCJwZXN0YW5hIjoiMSJ9/minuto-a-minuto-pachuca-vs-toluca-jornada-14-estadio-hidalgo-tbd', 'text': ''}","{'type': 'link', 'href': 'https://www.ligafemenil.mx/cancha/mxm/145163/eyJpZENsdWJsb2NhbCI6IjExMTg0IiwiaWRDbHVidmlzaXRhIjoiMTExODciLCJpZFBhcnRpZG8iOiIxNDUxNjMiLCJwZXN0YW5hIjoiMyJ9/minuto-a-minuto-pachuca-vs-toluca-jornada-14-estadio-hidalgo-tbd', 'text': ''}","{'type': 'link', 'href': 'https://www.ligafemenil.mx/cancha/informeArbitral/145163/eyJpZENsdWJsb2NhbCI6IjExMTg0IiwiaWRDbHVidmlzaXRhIjoiMTExODcifQ==/informe-arbitral-pachuca-vs-toluca-jornada-14-estadio-hidalgo-tbd', 'text': ''}","{'type': 'link', 'href': 'https://www.ligafemenil.mx/cancha/mxm/145163/eyJpZENsdWJsb2NhbCI6IjExMTg0IiwiaWRDbHVidmlzaXRhIjoiMTExODciLCJpZFBhcnRpZG8iOiIxNDUxNjMiLCJwZXN0YW5hIjoiNCJ9/minuto-a-minuto-pachuca-vs-toluca-jornada-14-estadio-hidalgo-tbd', 'text': ''}","{'type': 'link', 'href': 'https://www.ligafemenil.mx/cancha/galeria/MTQ1MTYzLzE0Lzc1LzIvMTQ=/pachuca-vs-toluca', 'text': ''}","{'type': 'link', 'href': 'https://www.ligafemenil.mx/cancha/playlist/145163/pachuca-vs-toluca', 'text': ''}"
2024-2025,Clausura,"{'type': 'text', 'value': 'Viernes 21 de Marzo de 2025\nTemporada 2024-2025\nTorneo Clausura\nJornada 14\n21 Marzo 2025 - 20:00 hrs.'}","{'type': 'link', 'href': 'https://www.ligafemenil.mx/cancha/club/11180/tijuana', 'text': ''}","{'type': 'link', 'href': 'https://www.ligafemenil.mx/cancha/informeArbitral/145158/eyJpZENsdWJsb2NhbCI6MTExODAsImlkQ2x1YnZpc2l0YSI6MTIwNTF9/informe-arbitral-tijuana-vs-mazatlan-fc-jornada-14-estadio-caliente-calientemx', 'text': '- - -'}","{'type': 'link', 'href': 'https://www.ligafemenil.mx/cancha/club/12051/mazatlan-fc', 'text': ''}","{'type': 'link', 'href': 'https://www.ligafemenil.mx/cancha/estadio/48/estadio-caliente', 'text': 'Caliente'}","{'type': 'link', 'href': 'https://www.ligafemenil.mx/cancha/mxm/145158/eyJpZENsdWJsb2NhbCI6IjExMTgwIiwiaWRDbHVidmlzaXRhIjoiMTIwNTEiLCJpZFBhcnRpZG8iOiIxNDUxNTgiLCJwZXN0YW5hIjoiMSJ9/minuto-a-minuto-tijuana-vs-mazatlan-fc-jornada-14-estadio-caliente-calientemx', 'text': ''}","{'type': 'link', 'href': 'https://www.ligafemenil.mx/cancha/mxm/145158/eyJpZENsdWJsb2NhbCI6IjExMTgwIiwiaWRDbHVidmlzaXRhIjoiMTIwNTEiLCJpZFBhcnRpZG8iOiIxNDUxNTgiLCJwZXN0YW5hIjoiMyJ9/minuto-a-minuto-tijuana-vs-mazatlan-fc-jornada-14-estadio-caliente-calientemx', 'text': ''}","{'type': 'link', 'href': 'https://www.ligafemenil.mx/cancha/informeArbitral/145158/eyJpZENsdWJsb2NhbCI6IjExMTgwIiwiaWRDbHVidmlzaXRhIjoiMTIwNTEifQ==/informe-arbitral-tijuana-vs-mazatlan-fc-jornada-14-estadio-caliente-calientemx', 'text': ''}","{'type': 'link', 'href': 'https://www.ligafemenil.mx/cancha/mxm/145158/eyJpZENsdWJsb2NhbCI6IjExMTgwIiwiaWRDbHVidmlzaXRhIjoiMTIwNTEiLCJpZFBhcnRpZG8iOiIxNDUxNTgiLCJwZXN0YW5hIjoiNCJ9/minuto-a-minuto-tijuana-vs-mazatlan-fc-jornada-14-estadio-caliente-calientemx', 'text': ''}","{'type': 'link', 'href': 'https://www.ligafemenil.mx/cancha/galeria/MTQ1MTU4LzE0Lzc1LzIvMTQ=/tijuana-vs-mazatlan-fc', 'text': ''}","{'type': 'link', 'href': 'https://www.ligafemenil.mx/cancha/playlist/145158/tijuana-vs-mazatlan-fc', 'text': ''}"
2024-2025,Clausura,"{'type': 'text', 'value': 'Sábado 22 de Marzo de 2025\nTemporada 2024-2025\nTorneo Clausura\nJornada 14\n22 Marzo 2025 - 15:45 hrs.'}","{'type': 'link', 'href': 'https://www.ligafemenil.mx/cancha/club/11181/cruz-azul', 'text': ''}","{'type': 'link', 'href': 'https://www.ligafemenil.mx/cancha/informeArbitral/145159/eyJpZENsdWJsb2NhbCI6MTExODEsImlkQ2x1YnZpc2l0YSI6MTEyNDN9/informe-arbitral-cruz-azul-vs-leon-jornada-14-estadio-instalaciones-la-noria-cancha-1-lmxf-tv--vix', 'text': '- - -'}","{'type': 'link', 'href': 'https://www.ligafemenil.mx/cancha/club/11243/leon', 'text': ''}","{'type': 'link', 'href': 'https://www.ligafemenil.mx/cancha/estadio/1549/estadio-instalaciones-la-noria-cancha-1', 'text': 'Instalaciones la Noria Cancha 1'}","{'type': 'link', 'href': 'https://www.ligafemenil.mx/cancha/mxm/145159/eyJpZENsdWJsb2NhbCI6IjExMTgxIiwiaWRDbHVidmlzaXRhIjoiMTEyNDMiLCJpZFBhcnRpZG8iOiIxNDUxNTkiLCJwZXN0YW5hIjoiMSJ9/minuto-a-minuto-cruz-azul-vs-leon-jornada-14-estadio-instalaciones-la-noria-cancha-1-lmxf-tv--vix', 'text': ''}","{'type': 'link', 'href': 'https://www.ligafemenil.mx/cancha/mxm/145159/eyJpZENsdWJsb2NhbCI6IjExMTgxIiwiaWRDbHVidmlzaXRhIjoiMTEyNDMiLCJpZFBhcnRpZG8iOiIxNDUxNTkiLCJwZXN0YW5hIjoiMyJ9/minuto-a-minuto-cruz-azul-vs-leon-jornada-14-estadio-instalaciones-la-noria-cancha-1-lmxf-tv--vix', 'text': ''}","{'type': 'link', 'href': 'https://www.ligafemenil.mx/cancha/informeArbitral/145159/eyJpZENsdWJsb2NhbCI6IjExMTgxIiwiaWRDbHVidmlzaXRhIjoiMTEyNDMifQ==/informe-arbitral-cruz-azul-vs-leon-jornada-14-estadio-instalaciones-la-noria-cancha-1-lmxf-tv--vix', 'text': ''}","{'type': 'link', 'href': 'https://www.ligafemenil.mx/cancha/mxm/145159/eyJpZENsdWJsb2NhbCI6IjExMTgxIiwiaWRDbHVidmlzaXRhIjoiMTEyNDMiLCJpZFBhcnRpZG8iOiIxNDUxNTkiLCJwZXN0YW5hIjoiNCJ9/minuto-a-minuto-cruz-azul-vs-leon-jornada-14-estadio-instalaciones-la-noria-cancha-1-lmxf-tv--vix', 'text': ''}","{'type': 'link', 'href': 'https://www.ligafemenil.mx/cancha/galeria/MTQ1MTU5LzE0Lzc1LzIvMTQ=/cruz-azul-vs-leon', 'text': ''}","{'type': 'link', 'href': 'https://www.ligafemenil.mx/cancha/playlist/145159/cruz-azul-vs-leon', 'text': ''}"
2024-2025,Clausura,"{'type': 'text', 'value': 'Sábado 22 de Marzo de 2025\nTemporada 2024-2025\nTorneo Clausura\nJornada 14\n22 Marzo 2025 - 18:00 hrs.'}","{'type': 'link', 'href': 'https://www.ligafemenil.mx/cancha/club/11189/necaxa', 'text': ''}","{'type': 'link', 'href': 'https://www.ligafemenil.mx/cancha/informeArbitral/145160/eyJpZENsdWJsb2NhbCI6MTExODksImlkQ2x1YnZpc2l0YSI6MTE3Nzh9/informe-arbitral-necaxa-vs-club-atletico-de-san-luis-jornada-14-estadio-victoria-lmxf-tv--vix', 'text': '- - -'}","{'type': 'link', 'href': 'https://www.ligafemenil.mx/cancha/club/11778/club-atletico-de-san-luis', 'text': ''}","{'type': 'link', 'href': 'https://www.ligafemenil.mx/cancha/estadio/15/estadio-victoria', 'text': 'Victoria'}","{'type': 'link', 'href': 'https://www.ligafemenil.mx/cancha/mxm/145160/eyJpZENsdWJsb2NhbCI6IjExMTg5IiwiaWRDbHVidmlzaXRhIjoiMTE3NzgiLCJpZFBhcnRpZG8iOiIxNDUxNjAiLCJwZXN0YW5hIjoiMSJ9/minuto-a-minuto-necaxa-vs-club-atletico-de-san-luis-jornada-14-estadio-victoria-lmxf-tv--vix', 'text': ''}","{'type': 'link', 'href': 'https://www.ligafemenil.mx/cancha/mxm/145160/eyJpZENsdWJsb2NhbCI6IjExMTg5IiwiaWRDbHVidmlzaXRhIjoiMTE3NzgiLCJpZFBhcnRpZG8iOiIxNDUxNjAiLCJwZXN0YW5hIjoiMyJ9/minuto-a-minuto-necaxa-vs-club-atletico-de-san-luis-jornada-14-estadio-victoria-lmxf-tv--vix', 'text': ''}","{'type': 'link', 'href': 'https://www.ligafemenil.mx/cancha/informeArbitral/145160/eyJpZENsdWJsb2NhbCI6IjExMTg5IiwiaWRDbHVidmlzaXRhIjoiMTE3NzgifQ==/informe-arbitral-necaxa-vs-club-atletico-de-san-luis-jornada-14-estadio-victoria-lmxf-tv--vix', 'text': ''}","{'type': 'link', 'href': 'https://www.ligafemenil.mx/cancha/mxm/145160/eyJpZENsdWJsb2NhbCI6IjExMTg5IiwiaWRDbHVidmlzaXRhIjoiMTE3NzgiLCJpZFBhcnRpZG8iOiIxNDUxNjAiLCJwZXN0YW5hIjoiNCJ9/minuto-a-minuto-necaxa-vs-club-atletico-de-san-luis-jornada-14-estadio-victoria-lmxf-tv--vix', 'text': ''}","{'type': 'link', 'href': 'https://www.ligafemenil.mx/cancha/galeria/MTQ1MTYwLzE0Lzc1LzIvMTQ=/necaxa-vs-club-atletico-de-san-luis', 'text': ''}","{'type': 'link', 'href': 'https://www.ligafemenil.mx/cancha/playlist/145160/necaxa-vs-club-atletico-de-san-luis', 'text': ''}"
2024-2025,Clausura,"{'type': 'text', 'value': 'Sábado 22 de Marzo de 2025\nTemporada 2024-2025\nTorneo Clausura\nJornada 14\n22 Marzo 2025 - 20:10 hrs.'}","{'type': 'link', 'href': 'https://www.ligafemenil.mx/cancha/club/11191/america', 'text': ''}","{'type': 'link', 'href': 'https://www.ligafemenil.mx/cancha/informeArbitral/145161/eyJpZENsdWJsb2NhbCI6MTExOTEsImlkQ2x1YnZpc2l0YSI6MTExODZ9/informe-arbitral-america-vs-tigres-de-la-uanl-jornada-14-estadio-ciudad-de-los-deportes-lmxf-tv--vix', 'text': '- - -'}","{'type': 'link', 'href': 'https://www.ligafemenil.mx/cancha/club/11186/tigres-de-la-uanl', 'text': ''}","{'type': 'link', 'href': 'https://www.ligafemenil.mx/cancha/estadio/2/estadio-ciudad-de-los-deportes', 'text': 'Ciudad De Los Deportes'}","{'type': 'link', 'href': 'https://www.ligafemenil.mx/cancha/mxm/145161/eyJpZENsdWJsb2NhbCI6IjExMTkxIiwiaWRDbHVidmlzaXRhIjoiMTExODYiLCJpZFBhcnRpZG8iOiIxNDUxNjEiLCJwZXN0YW5hIjoiMSJ9/minuto-a-minuto-america-vs-tigres-de-la-uanl-jornada-14-estadio-ciudad-de-los-deportes-lmxf-tv--vix', 'text': ''}","{'type': 'link', 'href': 'https://www.ligafemenil.mx/cancha/mxm/145161/eyJpZENsdWJsb2NhbCI6IjExMTkxIiwiaWRDbHVidmlzaXRhIjoiMTExODYiLCJpZFBhcnRpZG8iOiIxNDUxNjEiLCJwZXN0YW5hIjoiMyJ9/minuto-a-minuto-america-vs-tigres-de-la-uanl-jornada-14-estadio-ciudad-de-los-deportes-lmxf-tv--vix', 'text': ''}","{'type': 'link', 'href': 'https://www.ligafemenil.mx/cancha/informeArbitral/145161/eyJpZENsdWJsb2NhbCI6IjExMTkxIiwiaWRDbHVidmlzaXRhIjoiMTExODYifQ==/informe-arbitral-america-vs-tigres-de-la-uanl-jornada-14-estadio-ciudad-de-los-deportes-lmxf-tv--vix', 'text': ''}","{'type': 'link', 'href': 'https://www.ligafemenil.mx/cancha/mxm/145161/eyJpZENsdWJsb2NhbCI6IjExMTkxIiwiaWRDbHVidmlzaXRhIjoiMTExODYiLCJpZFBhcnRpZG8iOiIxNDUxNjEiLCJwZXN0YW5hIjoiNCJ9/minuto-a-minuto-america-vs-tigres-de-la-uanl-jornada-14-estadio-ciudad-de-los-deportes-lmxf-tv--vix', 'text': ''}","{'type': 'link', 'href': 'https://www.ligafemenil.mx/cancha/galeria/MTQ1MTYxLzE0Lzc1LzIvMTQ=/america-vs-tigres-de-la-uanl', 'text': ''}","{'type': 'link', 'href': 'https://www.ligafemenil.mx/cancha/playlist/145161/america-vs-tigres-de-la-uanl', 'text': ''}"
2024-2025,Clausura,"{'type': 'text', 'value': 'Domingo 23 de Marzo de 2025\nTemporada 2024-2025\nTorneo Clausura\nJornada 14\n23 Marzo 2025 - 12:00 hrs.'}","{'type': 'link', 'href': 'https://www.ligafemenil.mx/cancha/club/11543/puebla-fc', 'text': ''}","{'type': 'link', 'href': 'https://www.ligafemenil.mx/cancha/informeArbitral/145162/eyJpZENsdWJsb2NhbCI6MTE1NDMsImlkQ2x1YnZpc2l0YSI6MTExOTJ9/informe-arbitral-puebla-fc-vs-santos-laguna-jornada-14-estadio-cuauhtemoc-fox-sports', 'text': '- - -'}","{'type': 'link', 'href': 'https://www.ligafemenil.mx/cancha/club/11192/santos-laguna', 'text': ''}","{'type': 'link', 'href': 'https://www.ligafemenil.mx/cancha/estadio/9/estadio-cuauhtemoc', 'text': 'Cuauhtémoc'}","{'type': 'link', 'href': 'https://www.ligafemenil.mx/cancha/mxm/145162/eyJpZENsdWJsb2NhbCI6IjExNTQzIiwiaWRDbHVidmlzaXRhIjoiMTExOTIiLCJpZFBhcnRpZG8iOiIxNDUxNjIiLCJwZXN0YW5hIjoiMSJ9/minuto-a-minuto-puebla-fc-vs-santos-laguna-jornada-14-estadio-cuauhtemoc-fox-sports', 'text': ''}","{'type': 'link', 'href': 'https://www.ligafemenil.mx/cancha/mxm/145162/eyJpZENsdWJsb2NhbCI6IjExNTQzIiwiaWRDbHVidmlzaXRhIjoiMTExOTIiLCJpZFBhcnRpZG8iOiIxNDUxNjIiLCJwZXN0YW5hIjoiMyJ9/minuto-a-minuto-puebla-fc-vs-santos-laguna-jornada-14-estadio-cuauhtemoc-fox-sports', 'text': ''}","{'type': 'link', 'href': 'https://www.ligafemenil.mx/cancha/informeArbitral/145162/eyJpZENsdWJsb2NhbCI6IjExNTQzIiwiaWRDbHVidmlzaXRhIjoiMTExOTIifQ==/informe-arbitral-puebla-fc-vs-santos-laguna-jornada-14-estadio-cuauhtemoc-fox-sports', 'text': ''}","{'type': 'link', 'href': 'https://www.ligafemenil.mx/cancha/mxm/145162/eyJpZENsdWJsb2NhbCI6IjExNTQzIiwiaWRDbHVidmlzaXRhIjoiMTExOTIiLCJpZFBhcnRpZG8iOiIxNDUxNjIiLCJwZXN0YW5hIjoiNCJ9/minuto-a-minuto-puebla-fc-vs-santos-laguna-jornada-14-estadio-cuauhtemoc-fox-sports', 'text': ''}","{'type': 'link', 'href': 'https://www.ligafemenil.mx/cancha/galeria/MTQ1MTYyLzE0Lzc1LzIvMTQ=/puebla-fc-vs-santos-laguna', 'text': ''}","{'type': 'link', 'href': 'https://www.ligafemenil.mx/cancha/playlist/145162/puebla-fc-vs-santos-laguna', 'text': ''}"
2024-2025,Clausura,"{'type': 'text', 'value': 'Domingo 23 de Marzo de 2025\nTemporada 2024-2025\nTorneo Clausura\nJornada 14\n23 Marzo 2025 - 19:06 hrs.'}","{'type': 'link', 'href': 'https://www.ligafemenil.mx/cancha/club/11182/guadalajara', 'text': ''}","{'type': 'link', 'href': 'https://www.ligafemenil.mx/cancha/informeArbitral/145164/eyJpZENsdWJsb2NhbCI6MTExODIsImlkQ2x1YnZpc2l0YSI6MTEyNDV9/informe-arbitral-guadalajara-vs-atlas-jornada-14-estadio-akron-fox-sports', 'text': '- - -'}","{'type': 'link', 'href': 'https://www.ligafemenil.mx/cancha/club/11245/atlas', 'text': ''}","{'type': 'link', 'href': 'https://www.ligafemenil.mx/cancha/estadio/1538/estadio-akron', 'text': 'Estadio AKRON'}","{'type': 'link', 'href': 'https://www.ligafemenil.mx/cancha/mxm/145164/eyJpZENsdWJsb2NhbCI6IjExMTgyIiwiaWRDbHVidmlzaXRhIjoiMTEyNDUiLCJpZFBhcnRpZG8iOiIxNDUxNjQiLCJwZXN0YW5hIjoiMSJ9/minuto-a-minuto-guadalajara-vs-atlas-jornada-14-estadio-akron-fox-sports', 'text': ''}","{'type': 'link', 'href': 'https://www.ligafemenil.mx/cancha/mxm/145164/eyJpZENsdWJsb2NhbCI6IjExMTgyIiwiaWRDbHVidmlzaXRhIjoiMTEyNDUiLCJpZFBhcnRpZG8iOiIxNDUxNjQiLCJwZXN0YW5hIjoiMyJ9/minuto-a-minuto-guadalajara-vs-atlas-jornada-14-estadio-akron-fox-sports', 'text': ''}","{'type': 'link', 'href': 'https://www.ligafemenil.mx/cancha/informeArbitral/145164/eyJpZENsdWJsb2NhbCI6IjExMTgyIiwiaWRDbHVidmlzaXRhIjoiMTEyNDUifQ==/informe-arbitral-guadalajara-vs-atlas-jornada-14-estadio-akron-fox-sports', 'text': ''}","{'type': 'link', 'href': 'https://www.ligafemenil.mx/cancha/mxm/145164/eyJpZENsdWJsb2NhbCI6IjExMTgyIiwiaWRDbHVidmlzaXRhIjoiMTEyNDUiLCJpZFBhcnRpZG8iOiIxNDUxNjQiLCJwZXN0YW5hIjoiNCJ9/minuto-a-minuto-guadalajara-vs-atlas-jornada-14-estadio-akron-fox-sports', 'text': ''}","{'type': 'link', 'href': 'https://www.ligafemenil.mx/cancha/galeria/MTQ1MTY0LzE0Lzc1LzIvMTQ=/guadalajara-vs-atlas', 'text': ''}","{'type': 'link', 'href': 'https://www.ligafemenil.mx/cancha/playlist/145164/guadalajara-vs-atlas', 'text': ''}"
2024-2025,Clausura,"{'type': 'text', 'value': 'Lunes 24 de Marzo de 2025\nTemporada 2024-2025\nTorneo Clausura\nJornada 14\n24 Marzo 2025 - 18:00 hrs.'}","{'type': 'link', 'href': 'https://www.ligafemenil.mx/cancha/club/12042/gallos-blancos-de-queretaro', 'text': ''}","{'type': 'link', 'href': 'https://www.ligafemenil.mx/cancha/informeArbitral/145165/eyJpZENsdWJsb2NhbCI6MTIwNDIsImlkQ2x1YnZpc2l0YSI6MTExODh9/informe-arbitral-gallos-blancos-de-queretaro-vs-pumas-jornada-14-estadio-olimpico-alameda-calientemx', 'text': '- - -'}","{'type': 'link', 'href': 'https://www.ligafemenil.mx/cancha/club/11188/pumas', 'text': ''}","{'type': 'link', 'href': 'https://www.ligafemenil.mx/cancha/estadio/1741/estadio-olimpico-alameda', 'text': 'Estadio Olímpico Alameda'}","{'type': 'link', 'href': 'https://www.ligafemenil.mx/cancha/mxm/145165/eyJpZENsdWJsb2NhbCI6IjEyMDQyIiwiaWRDbHVidmlzaXRhIjoiMTExODgiLCJpZFBhcnRpZG8iOiIxNDUxNjUiLCJwZXN0YW5hIjoiMSJ9/minuto-a-minuto-gallos-blancos-de-queretaro-vs-pumas-jornada-14-estadio-olimpico-alameda-calientemx', 'text': ''}","{'type': 'link', 'href': 'https://www.ligafemenil.mx/cancha/mxm/145165/eyJpZENsdWJsb2NhbCI6IjEyMDQyIiwiaWRDbHVidmlzaXRhIjoiMTExODgiLCJpZFBhcnRpZG8iOiIxNDUxNjUiLCJwZXN0YW5hIjoiMyJ9/minuto-a-minuto-gallos-blancos-de-queretaro-vs-pumas-jornada-14-estadio-olimpico-alameda-calientemx', 'text': ''}","{'type': 'link', 'href': 'https://www.ligafemenil.mx/cancha/informeArbitral/145165/eyJpZENsdWJsb2NhbCI6IjEyMDQyIiwiaWRDbHVidmlzaXRhIjoiMTExODgifQ==/informe-arbitral-gallos-blancos-de-queretaro-vs-pumas-jornada-14-estadio-olimpico-alameda-calientemx', 'text': ''}","{'type': 'link', 'href': 'https://www.ligafemenil.mx/cancha/mxm/145165/eyJpZENsdWJsb2NhbCI6IjEyMDQyIiwiaWRDbHVidmlzaXRhIjoiMTExODgiLCJpZFBhcnRpZG8iOiIxNDUxNjUiLCJwZXN0YW5hIjoiNCJ9/minuto-a-minuto-gallos-blancos-de-queretaro-vs-pumas-jornada-14-estadio-olimpico-alameda-calientemx', 'text': ''}","{'type': 'link', 'href': 'https://www.ligafemenil.mx/cancha/galeria/MTQ1MTY1LzE0Lzc1LzIvMTQ=/gallos-blancos-de-queretaro-vs-pumas', 'text': ''}","{'type': 'link', 'href': 'https://www.ligafemenil.mx/cancha/playlist/145165/gallos-blancos-de-queretaro-vs-pumas', 'text': ''}"
2024-2025,Clausura,"{'type': 'text', 'value': 'Lunes 24 de Marzo de 2025\nTemporada 2024-2025\nTorneo Clausura\nJornada 15\n24 Marzo 2025 - 18:05 hrs.'}","{'type': 'link', 'href': 'https://www.ligafemenil.mx/cancha/club/11180/tijuana', 'text': ''}","{'type': 'link', 'href': 'https://www.ligafemenil.mx/cancha/informeArbitral/145174/eyJpZENsdWJsb2NhbCI6MTExODAsImlkQ2x1YnZpc2l0YSI6MTExODR9/informe-arbitral-tijuana-vs-pachuca-jornada-15-estadio-caliente-calientemx', 'text': '- - -'}","{'type': 'link', 'href': 'https://www.ligafemenil.mx/cancha/club/11184/pachuca', 'text': ''}","{'type': 'link', 'href': 'https://www.ligafemenil.mx/cancha/estadio/48/estadio-caliente', 'text': 'Caliente'}","{'type': 'link', 'href': 'https://www.ligafemenil.mx/cancha/mxm/145174/eyJpZENsdWJsb2NhbCI6IjExMTgwIiwiaWRDbHVidmlzaXRhIjoiMTExODQiLCJpZFBhcnRpZG8iOiIxNDUxNzQiLCJwZXN0YW5hIjoiMSJ9/minuto-a-minuto-tijuana-vs-pachuca-jornada-15-estadio-caliente-calientemx', 'text': ''}","{'type': 'link', 'href': 'https://www.ligafemenil.mx/cancha/mxm/145174/eyJpZENsdWJsb2NhbCI6IjExMTgwIiwiaWRDbHVidmlzaXRhIjoiMTExODQiLCJpZFBhcnRpZG8iOiIxNDUxNzQiLCJwZXN0YW5hIjoiMyJ9/minuto-a-minuto-tijuana-vs-pachuca-jornada-15-estadio-caliente-calientemx', 'text': ''}","{'type': 'link', 'href': 'https://www.ligafemenil.mx/cancha/informeArbitral/145174/eyJpZENsdWJsb2NhbCI6IjExMTgwIiwiaWRDbHVidmlzaXRhIjoiMTExODQifQ==/informe-arbitral-tijuana-vs-pachuca-jornada-15-estadio-caliente-calientemx', 'text': ''}","{'type': 'link', 'href': 'https://www.ligafemenil.mx/cancha/mxm/145174/eyJpZENsdWJsb2NhbCI6IjExMTgwIiwiaWRDbHVidmlzaXRhIjoiMTExODQiLCJpZFBhcnRpZG8iOiIxNDUxNzQiLCJwZXN0YW5hIjoiNCJ9/minuto-a-minuto-tijuana-vs-pachuca-jornada-15-estadio-caliente-calientemx', 'text': ''}","{'type': 'link', 'href': 'https://www.ligafemenil.mx/cancha/galeria/MTQ1MTc0LzE1Lzc1LzIvMTQ=/tijuana-vs-pachuca', 'text': ''}","{'type': 'link', 'href': 'https://www.ligafemenil.mx/cancha/playlist/145174/tijuana-vs-pachuca', 'text': ''}"
2024-2025,Clausura,"{'type': 'text', 'value': 'Lunes 24 de Marzo de 2025\nTemporada 2024-2025\nTorneo Clausura\nJornada 14\n24 Marzo 2025 - 20:00 hrs.'}","{'type': 'link', 'href': 'https://www.ligafemenil.mx/cancha/club/11185/rayados-de-monterrey', 'text': ''}","{'type': 'link', 'href': 'https://www.ligafemenil.mx/cancha/informeArbitral/145166/eyJpZENsdWJsb2NhbCI6MTExODUsImlkQ2x1YnZpc2l0YSI6MTE3OTV9/informe-arbitral-rayados-de-monterrey-vs-fc-juarez-jornada-14-estadio-bbva-lmxf-tv--vix', 'text': '- - -'}","{'type': 'link', 'href': 'https://www.ligafemenil.mx/cancha/club/11795/fc-juarez', 'text': ''}","{'type': 'link', 'href': 'https://www.ligafemenil.mx/cancha/estadio/1608/estadio-bbva', 'text': 'Estadio BBVA'}","{'type': 'link', 'href': 'https://www.ligafemenil.mx/cancha/mxm/145166/eyJpZENsdWJsb2NhbCI6IjExMTg1IiwiaWRDbHVidmlzaXRhIjoiMTE3OTUiLCJpZFBhcnRpZG8iOiIxNDUxNjYiLCJwZXN0YW5hIjoiMSJ9/minuto-a-minuto-rayados-de-monterrey-vs-fc-juarez-jornada-14-estadio-bbva-lmxf-tv--vix', 'text': ''}","{'type': 'link', 'href': 'https://www.ligafemenil.mx/cancha/mxm/145166/eyJpZENsdWJsb2NhbCI6IjExMTg1IiwiaWRDbHVidmlzaXRhIjoiMTE3OTUiLCJpZFBhcnRpZG8iOiIxNDUxNjYiLCJwZXN0YW5hIjoiMyJ9/minuto-a-minuto-rayados-de-monterrey-vs-fc-juarez-jornada-14-estadio-bbva-lmxf-tv--vix', 'text': ''}","{'type': 'link', 'href': 'https://www.ligafemenil.mx/cancha/informeArbitral/145166/eyJpZENsdWJsb2NhbCI6IjExMTg1IiwiaWRDbHVidmlzaXRhIjoiMTE3OTUifQ==/informe-arbitral-rayados-de-monterrey-vs-fc-juarez-jornada-14-estadio-bbva-lmxf-tv--vix', 'text': ''}","{'type': 'link', 'href': 'https://www.ligafemenil.mx/cancha/mxm/145166/eyJpZENsdWJsb2NhbCI6IjExMTg1IiwiaWRDbHVidmlzaXRhIjoiMTE3OTUiLCJpZFBhcnRpZG8iOiIxNDUxNjYiLCJwZXN0YW5hIjoiNCJ9/minuto-a-minuto-rayados-de-monterrey-vs-fc-juarez-jornada-14-estadio-bbva-lmxf-tv--vix', 'text': ''}","{'type': 'link', 'href': 'https://www.ligafemenil.mx/cancha/galeria/MTQ1MTY2LzE0Lzc1LzIvMTQ=/rayados-de-monterrey-vs-fc-juarez', 'text': ''}","{'type': 'link', 'href': 'https://www.ligafemenil.mx/cancha/playlist/145166/rayados-de-monterrey-vs-fc-juarez', 'text': ''}"
2024-2025,Clausura,"{'type': 'text', 'value': 'Viernes 28 de Marzo de 2025\nTemporada 2024-2025\nTorneo Clausura\nJornada 15\n28 Marzo 2025 - 15:45 hrs.'}","{'type': 'link', 'href': 'https://www.ligafemenil.mx/cancha/club/11181/cruz-azul', 'text': ''}","{'type': 'link', 'href': 'https://www.ligafemenil.mx/cancha/informeArbitral/145167/eyJpZENsdWJsb2NhbCI6MTExODEsImlkQ2x1YnZpc2l0YSI6MTIwNDJ9/informe-arbitral-cruz-azul-vs-gallos-blancos-de-queretaro-jornada-15-estadio-instalaciones-la-noria-cancha-1-lmxf-tv--vix', 'text': '- - -'}","{'type': 'link', 'href': 'https://www.ligafemenil.mx/cancha/club/12042/gallos-blancos-de-queretaro', 'text': ''}","{'type': 'link', 'href': 'https://www.ligafemenil.mx/cancha/estadio/1549/estadio-instalaciones-la-noria-cancha-1', 'text': 'Instalaciones la Noria Cancha 1'}","{'type': 'link', 'href': 'https://www.ligafemenil.mx/cancha/mxm/145167/eyJpZENsdWJsb2NhbCI6IjExMTgxIiwiaWRDbHVidmlzaXRhIjoiMTIwNDIiLCJpZFBhcnRpZG8iOiIxNDUxNjciLCJwZXN0YW5hIjoiMSJ9/minuto-a-minuto-cruz-azul-vs-gallos-blancos-de-queretaro-jornada-15-estadio-instalaciones-la-noria-cancha-1-lmxf-tv--vix', 'text': ''}","{'type': 'link', 'href': 'https://www.ligafemenil.mx/cancha/mxm/145167/eyJpZENsdWJsb2NhbCI6IjExMTgxIiwiaWRDbHVidmlzaXRhIjoiMTIwNDIiLCJpZFBhcnRpZG8iOiIxNDUxNjciLCJwZXN0YW5hIjoiMyJ9/minuto-a-minuto-cruz-azul-vs-gallos-blancos-de-queretaro-jornada-15-estadio-instalaciones-la-noria-cancha-1-lmxf-tv--vix', 'text': ''}","{'type': 'link', 'href': 'https://www.ligafemenil.mx/cancha/informeArbitral/145167/eyJpZENsdWJsb2NhbCI6IjExMTgxIiwiaWRDbHVidmlzaXRhIjoiMTIwNDIifQ==/informe-arbitral-cruz-azul-vs-gallos-blancos-de-queretaro-jornada-15-estadio-instalaciones-la-noria-cancha-1-lmxf-tv--vix', 'text': ''}","{'type': 'link', 'href': 'https://www.ligafemenil.mx/cancha/mxm/145167/eyJpZENsdWJsb2NhbCI6IjExMTgxIiwiaWRDbHVidmlzaXRhIjoiMTIwNDIiLCJpZFBhcnRpZG8iOiIxNDUxNjciLCJwZXN0YW5hIjoiNCJ9/minuto-a-minuto-cruz-azul-vs-gallos-blancos-de-queretaro-jornada-15-estadio-instalaciones-la-noria-cancha-1-lmxf-tv--vix', 'text': ''}","{'type': 'link', 'href': 'https://www.ligafemenil.mx/cancha/galeria/MTQ1MTY3LzE1Lzc1LzIvMTQ=/cruz-azul-vs-gallos-blancos-de-queretaro', 'text': ''}","{'type': 'link', 'href': 'https://www.ligafemenil.mx/cancha/playlist/145167/cruz-azul-vs-gallos-blancos-de-queretaro', 'text': ''}"
2024-2025,Clausura,"{'type': 'text', 'value': 'Viernes 28 de Marzo de 2025\nTemporada 2024-2025\nTorneo Clausura\nJornada 15\n28 Marzo 2025 - 17:00 hrs.'}","{'type': 'link', 'href': 'https://www.ligafemenil.mx/cancha/club/12051/mazatlan-fc', 'text': ''}","{'type': 'link', 'href': 'https://www.ligafemenil.mx/cancha/informeArbitral/145168/eyJpZENsdWJsb2NhbCI6MTIwNTEsImlkQ2x1YnZpc2l0YSI6MTExODl9/informe-arbitral-mazatlan-fc-vs-necaxa-jornada-15-estadio-el-encanto-fox-sports', 'text': '- - -'}","{'type': 'link', 'href': 'https://www.ligafemenil.mx/cancha/club/11189/necaxa', 'text': ''}","{'type': 'link', 'href': 'https://www.ligafemenil.mx/cancha/estadio/1931/estadio-el-encanto', 'text': 'El Encanto'}","{'type': 'link', 'href': 'https://www.ligafemenil.mx/cancha/mxm/145168/eyJpZENsdWJsb2NhbCI6IjEyMDUxIiwiaWRDbHVidmlzaXRhIjoiMTExODkiLCJpZFBhcnRpZG8iOiIxNDUxNjgiLCJwZXN0YW5hIjoiMSJ9/minuto-a-minuto-mazatlan-fc-vs-necaxa-jornada-15-estadio-el-encanto-fox-sports', 'text': ''}","{'type': 'link', 'href': 'https://www.ligafemenil.mx/cancha/mxm/145168/eyJpZENsdWJsb2NhbCI6IjEyMDUxIiwiaWRDbHVidmlzaXRhIjoiMTExODkiLCJpZFBhcnRpZG8iOiIxNDUxNjgiLCJwZXN0YW5hIjoiMyJ9/minuto-a-minuto-mazatlan-fc-vs-necaxa-jornada-15-estadio-el-encanto-fox-sports', 'text': ''}","{'type': 'link', 'href': 'https://www.ligafemenil.mx/cancha/informeArbitral/145168/eyJpZENsdWJsb2NhbCI6IjEyMDUxIiwiaWRDbHVidmlzaXRhIjoiMTExODkifQ==/informe-arbitral-mazatlan-fc-vs-necaxa-jornada-15-estadio-el-encanto-fox-sports', 'text': ''}","{'type': 'link', 'href': 'https://www.ligafemenil.mx/cancha/mxm/145168/eyJpZENsdWJsb2NhbCI6IjEyMDUxIiwiaWRDbHVidmlzaXRhIjoiMTExODkiLCJpZFBhcnRpZG8iOiIxNDUxNjgiLCJwZXN0YW5hIjoiNCJ9/minuto-a-minuto-mazatlan-fc-vs-necaxa-jornada-15-estadio-el-encanto-fox-sports', 'text': ''}","{'type': 'link', 'href': 'https://www.ligafemenil.mx/cancha/galeria/MTQ1MTY4LzE1Lzc1LzIvMTQ=/mazatlan-fc-vs-necaxa', 'text': ''}","{'type': 'link', 'href': 'https://www.ligafemenil.mx/cancha/playlist/145168/mazatlan-fc-vs-necaxa', 'text': ''}"
2024-2025,Clausura,"{'type': 'text', 'value': 'Viernes 28 de Marzo de 2025\nTemporada 2024-2025\nTorneo Clausura\nJornada 15\n28 Marzo 2025 - 20:00 hrs.'}","{'type': 'link', 'href': 'https://www.ligafemenil.mx/cancha/club/11192/santos-laguna', 'text': ''}","{'type': 'link', 'href': 'https://www.ligafemenil.mx/cancha/informeArbitral/145169/eyJpZENsdWJsb2NhbCI6MTExOTIsImlkQ2x1YnZpc2l0YSI6MTExOTF9/informe-arbitral-santos-laguna-vs-america-jornada-15-estadio-tsm-corona-calientemx', 'text': '- - -'}","{'type': 'link', 'href': 'https://www.ligafemenil.mx/cancha/club/11191/america', 'text': ''}","{'type': 'link', 'href': 'https://www.ligafemenil.mx/cancha/estadio/63/estadio-tsm-corona', 'text': 'TSM Corona'}","{'type': 'link', 'href': 'https://www.ligafemenil.mx/cancha/mxm/145169/eyJpZENsdWJsb2NhbCI6IjExMTkyIiwiaWRDbHVidmlzaXRhIjoiMTExOTEiLCJpZFBhcnRpZG8iOiIxNDUxNjkiLCJwZXN0YW5hIjoiMSJ9/minuto-a-minuto-santos-laguna-vs-america-jornada-15-estadio-tsm-corona-calientemx', 'text': ''}","{'type': 'link', 'href': 'https://www.ligafemenil.mx/cancha/mxm/145169/eyJpZENsdWJsb2NhbCI6IjExMTkyIiwiaWRDbHVidmlzaXRhIjoiMTExOTEiLCJpZFBhcnRpZG8iOiIxNDUxNjkiLCJwZXN0YW5hIjoiMyJ9/minuto-a-minuto-santos-laguna-vs-america-jornada-15-estadio-tsm-corona-calientemx', 'text': ''}","{'type': 'link', 'href': 'https://www.ligafemenil.mx/cancha/informeArbitral/145169/eyJpZENsdWJsb2NhbCI6IjExMTkyIiwiaWRDbHVidmlzaXRhIjoiMTExOTEifQ==/informe-arbitral-santos-laguna-vs-america-jornada-15-estadio-tsm-corona-calientemx', 'text': ''}","{'type': 'link', 'href': 'https://www.ligafemenil.mx/cancha/mxm/145169/eyJpZENsdWJsb2NhbCI6IjExMTkyIiwiaWRDbHVidmlzaXRhIjoiMTExOTEiLCJpZFBhcnRpZG8iOiIxNDUxNjkiLCJwZXN0YW5hIjoiNCJ9/minuto-a-minuto-santos-laguna-vs-america-jornada-15-estadio-tsm-corona-calientemx', 'text': ''}","{'type': 'link', 'href': 'https://www.ligafemenil.mx/cancha/galeria/MTQ1MTY5LzE1Lzc1LzIvMTQ=/santos-laguna-vs-america', 'text': ''}","{'type': 'link', 'href': 'https://www.ligafemenil.mx/cancha/playlist/145169/santos-laguna-vs-america', 'text': ''}"
2024-2025,Clausura,"{'type': 'text', 'value': 'Sábado 29 de Marzo de 2025\nTemporada 2024-2025\nTorneo Clausura\nJornada 15\n29 Marzo 2025 - 17:00 hrs.'}","{'type': 'link', 'href': 'https://www.ligafemenil.mx/cancha/club/11243/leon', 'text': ''}","{'type': 'link', 'href': 'https://www.ligafemenil.mx/cancha/informeArbitral/145170/eyJpZENsdWJsb2NhbCI6MTEyNDMsImlkQ2x1YnZpc2l0YSI6MTExODh9/informe-arbitral-leon-vs-pumas-jornada-15-estadio-nou-camp-tbd', 'text': '- - -'}","{'type': 'link', 'href': 'https://www.ligafemenil.mx/cancha/club/11188/pumas', 'text': ''}","{'type': 'link', 'href': 'https://www.ligafemenil.mx/cancha/estadio/23/estadio-nou-camp', 'text': 'Nou Camp'}","{'type': 'link', 'href': 'https://www.ligafemenil.mx/cancha/mxm/145170/eyJpZENsdWJsb2NhbCI6IjExMjQzIiwiaWRDbHVidmlzaXRhIjoiMTExODgiLCJpZFBhcnRpZG8iOiIxNDUxNzAiLCJwZXN0YW5hIjoiMSJ9/minuto-a-minuto-leon-vs-pumas-jornada-15-estadio-nou-camp-tbd', 'text': ''}","{'type': 'link', 'href': 'https://www.ligafemenil.mx/cancha/mxm/145170/eyJpZENsdWJsb2NhbCI6IjExMjQzIiwiaWRDbHVidmlzaXRhIjoiMTExODgiLCJpZFBhcnRpZG8iOiIxNDUxNzAiLCJwZXN0YW5hIjoiMyJ9/minuto-a-minuto-leon-vs-pumas-jornada-15-estadio-nou-camp-tbd', 'text': ''}","{'type': 'link', 'href': 'https://www.ligafemenil.mx/cancha/informeArbitral/145170/eyJpZENsdWJsb2NhbCI6IjExMjQzIiwiaWRDbHVidmlzaXRhIjoiMTExODgifQ==/informe-arbitral-leon-vs-pumas-jornada-15-estadio-nou-camp-tbd', 'text': ''}","{'type': 'link', 'href': 'https://www.ligafemenil.mx/cancha/mxm/145170/eyJpZENsdWJsb2NhbCI6IjExMjQzIiwiaWRDbHVidmlzaXRhIjoiMTExODgiLCJpZFBhcnRpZG8iOiIxNDUxNzAiLCJwZXN0YW5hIjoiNCJ9/minuto-a-minuto-leon-vs-pumas-jornada-15-estadio-nou-camp-tbd', 'text': ''}","{'type': 'link', 'href': 'https://www.ligafemenil.mx/cancha/galeria/MTQ1MTcwLzE1Lzc1LzIvMTQ=/leon-vs-pumas', 'text': ''}","{'type': 'link', 'href': 'https://www.ligafemenil.mx/cancha/playlist/145170/leon-vs-pumas', 'text': ''}"
2024-2025,Clausura,"{'type': 'text', 'value': 'Domingo 30 de Marzo de 2025\nTemporada 2024-2025\nTorneo Clausura\nJornada 15\n30 Marzo 2025 - 12:00 hrs.'}","{'type': 'link', 'href': 'https://www.ligafemenil.mx/cancha/club/11187/toluca', 'text': ''}","{'type': 'link', 'href': 'https://www.ligafemenil.mx/cancha/informeArbitral/145171/eyJpZENsdWJsb2NhbCI6MTExODcsImlkQ2x1YnZpc2l0YSI6MTExODV9/informe-arbitral-toluca-vs-rayados-de-monterrey-jornada-15-estadio-nemesio-diez-lmxf-tv--vix', 'text': '- - -'}","{'type': 'link', 'href': 'https://www.ligafemenil.mx/cancha/club/11185/rayados-de-monterrey', 'text': ''}","{'type': 'link', 'href': 'https://www.ligafemenil.mx/cancha/estadio/6/estadio-nemesio-diez', 'text': 'Nemesio Diez'}","{'type': 'link', 'href': 'https://www.ligafemenil.mx/cancha/mxm/145171/eyJpZENsdWJsb2NhbCI6IjExMTg3IiwiaWRDbHVidmlzaXRhIjoiMTExODUiLCJpZFBhcnRpZG8iOiIxNDUxNzEiLCJwZXN0YW5hIjoiMSJ9/minuto-a-minuto-toluca-vs-rayados-de-monterrey-jornada-15-estadio-nemesio-diez-lmxf-tv--vix', 'text': ''}","{'type': 'link', 'href': 'https://www.ligafemenil.mx/cancha/mxm/145171/eyJpZENsdWJsb2NhbCI6IjExMTg3IiwiaWRDbHVidmlzaXRhIjoiMTExODUiLCJpZFBhcnRpZG8iOiIxNDUxNzEiLCJwZXN0YW5hIjoiMyJ9/minuto-a-minuto-toluca-vs-rayados-de-monterrey-jornada-15-estadio-nemesio-diez-lmxf-tv--vix', 'text': ''}","{'type': 'link', 'href': 'https://www.ligafemenil.mx/cancha/informeArbitral/145171/eyJpZENsdWJsb2NhbCI6IjExMTg3IiwiaWRDbHVidmlzaXRhIjoiMTExODUifQ==/informe-arbitral-toluca-vs-rayados-de-monterrey-jornada-15-estadio-nemesio-diez-lmxf-tv--vix', 'text': ''}","{'type': 'link', 'href': 'https://www.ligafemenil.mx/cancha/mxm/145171/eyJpZENsdWJsb2NhbCI6IjExMTg3IiwiaWRDbHVidmlzaXRhIjoiMTExODUiLCJpZFBhcnRpZG8iOiIxNDUxNzEiLCJwZXN0YW5hIjoiNCJ9/minuto-a-minuto-toluca-vs-rayados-de-monterrey-jornada-15-estadio-nemesio-diez-lmxf-tv--vix', 'text': ''}","{'type': 'link', 'href': 'https://www.ligafemenil.mx/cancha/galeria/MTQ1MTcxLzE1Lzc1LzIvMTQ=/toluca-vs-rayados-de-monterrey', 'text': ''}","{'type': 'link', 'href': 'https://www.ligafemenil.mx/cancha/playlist/145171/toluca-vs-rayados-de-monterrey', 'text': ''}"
2024-2025,Clausura,"{'type': 'text', 'value': 'Domingo 30 de Marzo de 2025\nTemporada 2024-2025\nTorneo Clausura\nJornada 15\n30 Marzo 2025 - 17:00 hrs.'}","{'type': 'link', 'href': 'https://www.ligafemenil.mx/cancha/club/11778/club-atletico-de-san-luis', 'text': ''}","{'type': 'link', 'href': 'https://www.ligafemenil.mx/cancha/informeArbitral/145172/eyJpZENsdWJsb2NhbCI6MTE3NzgsImlkQ2x1YnZpc2l0YSI6MTEyNDV9/informe-arbitral-club-atletico-de-san-luis-vs-atlas-jornada-15-estadio-alfonso-lastras-ramirez-espn', 'text': '- - -'}","{'type': 'link', 'href': 'https://www.ligafemenil.mx/cancha/club/11245/atlas', 'text': ''}","{'type': 'link', 'href': 'https://www.ligafemenil.mx/cancha/estadio/14/estadio-alfonso-lastras-ramirez', 'text': 'Alfonso Lastras Ramírez'}","{'type': 'link', 'href': 'https://www.ligafemenil.mx/cancha/mxm/145172/eyJpZENsdWJsb2NhbCI6IjExNzc4IiwiaWRDbHVidmlzaXRhIjoiMTEyNDUiLCJpZFBhcnRpZG8iOiIxNDUxNzIiLCJwZXN0YW5hIjoiMSJ9/minuto-a-minuto-club-atletico-de-san-luis-vs-atlas-jornada-15-estadio-alfonso-lastras-ramirez-espn', 'text': ''}","{'type': 'link', 'href': 'https://www.ligafemenil.mx/cancha/mxm/145172/eyJpZENsdWJsb2NhbCI6IjExNzc4IiwiaWRDbHVidmlzaXRhIjoiMTEyNDUiLCJpZFBhcnRpZG8iOiIxNDUxNzIiLCJwZXN0YW5hIjoiMyJ9/minuto-a-minuto-club-atletico-de-san-luis-vs-atlas-jornada-15-estadio-alfonso-lastras-ramirez-espn', 'text': ''}","{'type': 'link', 'href': 'https://www.ligafemenil.mx/cancha/informeArbitral/145172/eyJpZENsdWJsb2NhbCI6IjExNzc4IiwiaWRDbHVidmlzaXRhIjoiMTEyNDUifQ==/informe-arbitral-club-atletico-de-san-luis-vs-atlas-jornada-15-estadio-alfonso-lastras-ramirez-espn', 'text': ''}","{'type': 'link', 'href': 'https://www.ligafemenil.mx/cancha/mxm/145172/eyJpZENsdWJsb2NhbCI6IjExNzc4IiwiaWRDbHVidmlzaXRhIjoiMTEyNDUiLCJpZFBhcnRpZG8iOiIxNDUxNzIiLCJwZXN0YW5hIjoiNCJ9/minuto-a-minuto-club-atletico-de-san-luis-vs-atlas-jornada-15-estadio-alfonso-lastras-ramirez-espn', 'text': ''}","{'type': 'link', 'href': 'https://www.ligafemenil.mx/cancha/galeria/MTQ1MTcyLzE1Lzc1LzIvMTQ=/club-atletico-de-san-luis-vs-atlas', 'text': ''}","{'type': 'link', 'href': 'https://www.ligafemenil.mx/cancha/playlist/145172/club-atletico-de-san-luis-vs-atlas', 'text': ''}"
2024-2025,Clausura,"{'type': 'text', 'value': 'Domingo 30 de Marzo de 2025\nTemporada 2024-2025\nTorneo Clausura\nJornada 15\n30 Marzo 2025 - 17:00 hrs.'}","{'type': 'link', 'href': 'https://www.ligafemenil.mx/cancha/club/11182/guadalajara', 'text': ''}","{'type': 'link', 'href': 'https://www.ligafemenil.mx/cancha/informeArbitral/145173/eyJpZENsdWJsb2NhbCI6MTExODIsImlkQ2x1YnZpc2l0YSI6MTE1NDN9/informe-arbitral-guadalajara-vs-puebla-fc-jornada-15-estadio-akron', 'text': '- - -'}","{'type': 'link', 'href': 'https://www.ligafemenil.mx/cancha/club/11543/puebla-fc', 'text': ''}","{'type': 'link', 'href': 'https://www.ligafemenil.mx/cancha/estadio/1538/estadio-akron', 'text': 'Estadio AKRON'}","{'type': 'link', 'href': 'https://www.ligafemenil.mx/cancha/mxm/145173/eyJpZENsdWJsb2NhbCI6IjExMTgyIiwiaWRDbHVidmlzaXRhIjoiMTE1NDMiLCJpZFBhcnRpZG8iOiIxNDUxNzMiLCJwZXN0YW5hIjoiMSJ9/minuto-a-minuto-guadalajara-vs-puebla-fc-jornada-15-estadio-akron', 'text': ''}","{'type': 'link', 'href': 'https://www.ligafemenil.mx/cancha/mxm/145173/eyJpZENsdWJsb2NhbCI6IjExMTgyIiwiaWRDbHVidmlzaXRhIjoiMTE1NDMiLCJpZFBhcnRpZG8iOiIxNDUxNzMiLCJwZXN0YW5hIjoiMyJ9/minuto-a-minuto-guadalajara-vs-puebla-fc-jornada-15-estadio-akron', 'text': ''}","{'type': 'link', 'href': 'https://www.ligafemenil.mx/cancha/informeArbitral/145173/eyJpZENsdWJsb2NhbCI6IjExMTgyIiwiaWRDbHVidmlzaXRhIjoiMTE1NDMifQ==/informe-arbitral-guadalajara-vs-puebla-fc-jornada-15-estadio-akron', 'text': ''}","{'type': 'link', 'href': 'https://www.ligafemenil.mx/cancha/mxm/145173/eyJpZENsdWJsb2NhbCI6IjExMTgyIiwiaWRDbHVidmlzaXRhIjoiMTE1NDMiLCJpZFBhcnRpZG8iOiIxNDUxNzMiLCJwZXN0YW5hIjoiNCJ9/minuto-a-minuto-guadalajara-vs-puebla-fc-jornada-15-estadio-akron', 'text': ''}","{'type': 'link', 'href': 'https://www.ligafemenil.mx/cancha/galeria/MTQ1MTczLzE1Lzc1LzIvMTQ=/guadalajara-vs-puebla-fc', 'text': ''}","{'type': 'link', 'href': 'https://www.ligafemenil.mx/cancha/playlist/145173/guadalajara-vs-puebla-fc', 'text': ''}"
2024-2025,Clausura,"{'type': 'text', 'value': 'Domingo 30 de Marzo de 2025\nTemporada 2024-2025\nTorneo Clausura\nJornada 15\n30 Marzo 2025 - 21:06 hrs.'}","{'type': 'link', 'href': 'https://www.ligafemenil.mx/cancha/club/11186/tigres-de-la-uanl', 'text': ''}","{'type': 'link', 'href': 'https://www.ligafemenil.mx/cancha/informeArbitral/145175/eyJpZENsdWJsb2NhbCI6MTExODYsImlkQ2x1YnZpc2l0YSI6MTE3OTV9/informe-arbitral-tigres-de-la-uanl-vs-fc-juarez-jornada-15-estadio-universitario-fox-sports', 'text': '- - -'}","{'type': 'link', 'href': 'https://www.ligafemenil.mx/cancha/club/11795/fc-juarez', 'text': ''}","{'type': 'link', 'href': 'https://www.ligafemenil.mx/cancha/estadio/12/estadio-universitario', 'text': 'Universitario'}","{'type': 'link', 'href': 'https://www.ligafemenil.mx/cancha/mxm/145175/eyJpZENsdWJsb2NhbCI6IjExMTg2IiwiaWRDbHVidmlzaXRhIjoiMTE3OTUiLCJpZFBhcnRpZG8iOiIxNDUxNzUiLCJwZXN0YW5hIjoiMSJ9/minuto-a-minuto-tigres-de-la-uanl-vs-fc-juarez-jornada-15-estadio-universitario-fox-sports', 'text': ''}","{'type': 'link', 'href': 'https://www.ligafemenil.mx/cancha/mxm/145175/eyJpZENsdWJsb2NhbCI6IjExMTg2IiwiaWRDbHVidmlzaXRhIjoiMTE3OTUiLCJpZFBhcnRpZG8iOiIxNDUxNzUiLCJwZXN0YW5hIjoiMyJ9/minuto-a-minuto-tigres-de-la-uanl-vs-fc-juarez-jornada-15-estadio-universitario-fox-sports', 'text': ''}","{'type': 'link', 'href': 'https://www.ligafemenil.mx/cancha/informeArbitral/145175/eyJpZENsdWJsb2NhbCI6IjExMTg2IiwiaWRDbHVidmlzaXRhIjoiMTE3OTUifQ==/informe-arbitral-tigres-de-la-uanl-vs-fc-juarez-jornada-15-estadio-universitario-fox-sports', 'text': ''}","{'type': 'link', 'href': 'https://www.ligafemenil.mx/cancha/mxm/145175/eyJpZENsdWJsb2NhbCI6IjExMTg2IiwiaWRDbHVidmlzaXRhIjoiMTE3OTUiLCJpZFBhcnRpZG8iOiIxNDUxNzUiLCJwZXN0YW5hIjoiNCJ9/minuto-a-minuto-tigres-de-la-uanl-vs-fc-juarez-jornada-15-estadio-universitario-fox-sports', 'text': ''}","{'type': 'link', 'href': 'https://www.ligafemenil.mx/cancha/galeria/MTQ1MTc1LzE1Lzc1LzIvMTQ=/tigres-de-la-uanl-vs-fc-juarez', 'text': ''}","{'type': 'link', 'href': 'https://www.ligafemenil.mx/cancha/playlist/145175/tigres-de-la-uanl-vs-fc-juarez', 'text': ''}"
2024-2025,Clausura,"{'type': 'text', 'value': 'Sábado 12 de Abril de 2025\nTemporada 2024-2025\nTorneo Clausura\nJornada 16\n12 Abril 2025 - 16:00 hrs.'}","{'type': 'link', 'href': 'https://www.ligafemenil.mx/cancha/club/11189/necaxa', 'text': ''}","{'type': 'link', 'href': 'https://www.ligafemenil.mx/cancha/informeArbitral/145176/eyJpZENsdWJsb2NhbCI6MTExODksImlkQ2x1YnZpc2l0YSI6MTExODF9/informe-arbitral-necaxa-vs-cruz-azul-jornada-16-estadio-victoria-lmxf-tv--vix', 'text': '- - -'}","{'type': 'link', 'href': 'https://www.ligafemenil.mx/cancha/club/11181/cruz-azul', 'text': ''}","{'type': 'link', 'href': 'https://www.ligafemenil.mx/cancha/estadio/15/estadio-victoria', 'text': 'Victoria'}","{'type': 'link', 'href': 'https://www.ligafemenil.mx/cancha/mxm/145176/eyJpZENsdWJsb2NhbCI6IjExMTg5IiwiaWRDbHVidmlzaXRhIjoiMTExODEiLCJpZFBhcnRpZG8iOiIxNDUxNzYiLCJwZXN0YW5hIjoiMSJ9/minuto-a-minuto-necaxa-vs-cruz-azul-jornada-16-estadio-victoria-lmxf-tv--vix', 'text': ''}","{'type': 'link', 'href': 'https://www.ligafemenil.mx/cancha/mxm/145176/eyJpZENsdWJsb2NhbCI6IjExMTg5IiwiaWRDbHVidmlzaXRhIjoiMTExODEiLCJpZFBhcnRpZG8iOiIxNDUxNzYiLCJwZXN0YW5hIjoiMyJ9/minuto-a-minuto-necaxa-vs-cruz-azul-jornada-16-estadio-victoria-lmxf-tv--vix', 'text': ''}","{'type': 'link', 'href': 'https://www.ligafemenil.mx/cancha/informeArbitral/145176/eyJpZENsdWJsb2NhbCI6IjExMTg5IiwiaWRDbHVidmlzaXRhIjoiMTExODEifQ==/informe-arbitral-necaxa-vs-cruz-azul-jornada-16-estadio-victoria-lmxf-tv--vix', 'text': ''}","{'type': 'link', 'href': 'https://www.ligafemenil.mx/cancha/mxm/145176/eyJpZENsdWJsb2NhbCI6IjExMTg5IiwiaWRDbHVidmlzaXRhIjoiMTExODEiLCJpZFBhcnRpZG8iOiIxNDUxNzYiLCJwZXN0YW5hIjoiNCJ9/minuto-a-minuto-necaxa-vs-cruz-azul-jornada-16-estadio-victoria-lmxf-tv--vix', 'text': ''}","{'type': 'link', 'href': 'https://www.ligafemenil.mx/cancha/galeria/MTQ1MTc2LzE2Lzc1LzIvMTQ=/necaxa-vs-cruz-azul', 'text': ''}","{'type': 'link', 'href': 'https://www.ligafemenil.mx/cancha/playlist/145176/necaxa-vs-cruz-azul', 'text': ''}"
2024-2025,Clausura,"{'type': 'text', 'value': 'Domingo 13 de Abril de 2025\nTemporada 2024-2025\nTorneo Clausura\nJornada 16\n13 Abril 2025 - 12:00 hrs.'}","{'type': 'link', 'href': 'https://www.ligafemenil.mx/cancha/club/11543/puebla-fc', 'text': ''}","{'type': 'link', 'href': 'https://www.ligafemenil.mx/cancha/informeArbitral/145177/eyJpZENsdWJsb2NhbCI6MTE1NDMsImlkQ2x1YnZpc2l0YSI6MTExODd9/informe-arbitral-puebla-fc-vs-toluca-jornada-16-estadio-cuauhtemoc-fox-sports', 'text': '- - -'}","{'type': 'link', 'href': 'https://www.ligafemenil.mx/cancha/club/11187/toluca', 'text': ''}","{'type': 'link', 'href': 'https://www.ligafemenil.mx/cancha/estadio/9/estadio-cuauhtemoc', 'text': 'Cuauhtémoc'}","{'type': 'link', 'href': 'https://www.ligafemenil.mx/cancha/mxm/145177/eyJpZENsdWJsb2NhbCI6IjExNTQzIiwiaWRDbHVidmlzaXRhIjoiMTExODciLCJpZFBhcnRpZG8iOiIxNDUxNzciLCJwZXN0YW5hIjoiMSJ9/minuto-a-minuto-puebla-fc-vs-toluca-jornada-16-estadio-cuauhtemoc-fox-sports', 'text': ''}","{'type': 'link', 'href': 'https://www.ligafemenil.mx/cancha/mxm/145177/eyJpZENsdWJsb2NhbCI6IjExNTQzIiwiaWRDbHVidmlzaXRhIjoiMTExODciLCJpZFBhcnRpZG8iOiIxNDUxNzciLCJwZXN0YW5hIjoiMyJ9/minuto-a-minuto-puebla-fc-vs-toluca-jornada-16-estadio-cuauhtemoc-fox-sports', 'text': ''}","{'type': 'link', 'href': 'https://www.ligafemenil.mx/cancha/informeArbitral/145177/eyJpZENsdWJsb2NhbCI6IjExNTQzIiwiaWRDbHVidmlzaXRhIjoiMTExODcifQ==/informe-arbitral-puebla-fc-vs-toluca-jornada-16-estadio-cuauhtemoc-fox-sports', 'text': ''}","{'type': 'link', 'href': 'https://www.ligafemenil.mx/cancha/mxm/145177/eyJpZENsdWJsb2NhbCI6IjExNTQzIiwiaWRDbHVidmlzaXRhIjoiMTExODciLCJpZFBhcnRpZG8iOiIxNDUxNzciLCJwZXN0YW5hIjoiNCJ9/minuto-a-minuto-puebla-fc-vs-toluca-jornada-16-estadio-cuauhtemoc-fox-sports', 'text': ''}","{'type': 'link', 'href': 'https://www.ligafemenil.mx/cancha/galeria/MTQ1MTc3LzE2Lzc1LzIvMTQ=/puebla-fc-vs-toluca', 'text': ''}","{'type': 'link', 'href': 'https://www.ligafemenil.mx/cancha/playlist/145177/puebla-fc-vs-toluca', 'text': ''}"
2024-2025,Clausura,"{'type': 'text', 'value': 'Domingo 13 de Abril de 2025\nTemporada 2024-2025\nTorneo Clausura\nJornada 16\n13 Abril 2025 - 12:00 hrs.'}","{'type': 'link', 'href': 'https://www.ligafemenil.mx/cancha/club/11188/pumas', 'text': ''}","{'type': 'link', 'href': 'https://www.ligafemenil.mx/cancha/informeArbitral/145178/eyJpZENsdWJsb2NhbCI6MTExODgsImlkQ2x1YnZpc2l0YSI6MTExODZ9/informe-arbitral-pumas-vs-tigres-de-la-uanl-jornada-16-estadio-olimpico-universitario-lmxf-tv--vix', 'text': '- - -'}","{'type': 'link', 'href': 'https://www.ligafemenil.mx/cancha/club/11186/tigres-de-la-uanl', 'text': ''}","{'type': 'link', 'href': 'https://www.ligafemenil.mx/cancha/estadio/7/estadio-olimpico-universitario', 'text': 'Olímpico Universitario'}","{'type': 'link', 'href': 'https://www.ligafemenil.mx/cancha/mxm/145178/eyJpZENsdWJsb2NhbCI6IjExMTg4IiwiaWRDbHVidmlzaXRhIjoiMTExODYiLCJpZFBhcnRpZG8iOiIxNDUxNzgiLCJwZXN0YW5hIjoiMSJ9/minuto-a-minuto-pumas-vs-tigres-de-la-uanl-jornada-16-estadio-olimpico-universitario-lmxf-tv--vix', 'text': ''}","{'type': 'link', 'href': 'https://www.ligafemenil.mx/cancha/mxm/145178/eyJpZENsdWJsb2NhbCI6IjExMTg4IiwiaWRDbHVidmlzaXRhIjoiMTExODYiLCJpZFBhcnRpZG8iOiIxNDUxNzgiLCJwZXN0YW5hIjoiMyJ9/minuto-a-minuto-pumas-vs-tigres-de-la-uanl-jornada-16-estadio-olimpico-universitario-lmxf-tv--vix', 'text': ''}","{'type': 'link', 'href': 'https://www.ligafemenil.mx/cancha/informeArbitral/145178/eyJpZENsdWJsb2NhbCI6IjExMTg4IiwiaWRDbHVidmlzaXRhIjoiMTExODYifQ==/informe-arbitral-pumas-vs-tigres-de-la-uanl-jornada-16-estadio-olimpico-universitario-lmxf-tv--vix', 'text': ''}","{'type': 'link', 'href': 'https://www.ligafemenil.mx/cancha/mxm/145178/eyJpZENsdWJsb2NhbCI6IjExMTg4IiwiaWRDbHVidmlzaXRhIjoiMTExODYiLCJpZFBhcnRpZG8iOiIxNDUxNzgiLCJwZXN0YW5hIjoiNCJ9/minuto-a-minuto-pumas-vs-tigres-de-la-uanl-jornada-16-estadio-olimpico-universitario-lmxf-tv--vix', 'text': ''}","{'type': 'link', 'href': 'https://www.ligafemenil.mx/cancha/galeria/MTQ1MTc4LzE2Lzc1LzIvMTQ=/pumas-vs-tigres-de-la-uanl', 'text': ''}","{'type': 'link', 'href': 'https://www.ligafemenil.mx/cancha/playlist/145178/pumas-vs-tigres-de-la-uanl', 'text': ''}"
2024-2025,Clausura,"{'type': 'text', 'value': 'Domingo 13 de Abril de 2025\nTemporada 2024-2025\nTorneo Clausura\nJornada 16\n13 Abril 2025 - 17:00 hrs.'}","{'type': 'link', 'href': 'https://www.ligafemenil.mx/cancha/club/11245/atlas', 'text': ''}","{'type': 'link', 'href': 'https://www.ligafemenil.mx/cancha/informeArbitral/145179/eyJpZENsdWJsb2NhbCI6MTEyNDUsImlkQ2x1YnZpc2l0YSI6MTIwNTF9/informe-arbitral-atlas-vs-mazatlan-fc-jornada-16-estadio-jalisco-calientemx', 'text': '- - -'}","{'type': 'link', 'href': 'https://www.ligafemenil.mx/cancha/club/12051/mazatlan-fc', 'text': ''}","{'type': 'link', 'href': 'https://www.ligafemenil.mx/cancha/estadio/5/estadio-jalisco', 'text': 'Jalisco'}","{'type': 'link', 'href': 'https://www.ligafemenil.mx/cancha/mxm/145179/eyJpZENsdWJsb2NhbCI6IjExMjQ1IiwiaWRDbHVidmlzaXRhIjoiMTIwNTEiLCJpZFBhcnRpZG8iOiIxNDUxNzkiLCJwZXN0YW5hIjoiMSJ9/minuto-a-minuto-atlas-vs-mazatlan-fc-jornada-16-estadio-jalisco-calientemx', 'text': ''}","{'type': 'link', 'href': 'https://www.ligafemenil.mx/cancha/mxm/145179/eyJpZENsdWJsb2NhbCI6IjExMjQ1IiwiaWRDbHVidmlzaXRhIjoiMTIwNTEiLCJpZFBhcnRpZG8iOiIxNDUxNzkiLCJwZXN0YW5hIjoiMyJ9/minuto-a-minuto-atlas-vs-mazatlan-fc-jornada-16-estadio-jalisco-calientemx', 'text': ''}","{'type': 'link', 'href': 'https://www.ligafemenil.mx/cancha/informeArbitral/145179/eyJpZENsdWJsb2NhbCI6IjExMjQ1IiwiaWRDbHVidmlzaXRhIjoiMTIwNTEifQ==/informe-arbitral-atlas-vs-mazatlan-fc-jornada-16-estadio-jalisco-calientemx', 'text': ''}","{'type': 'link', 'href': 'https://www.ligafemenil.mx/cancha/mxm/145179/eyJpZENsdWJsb2NhbCI6IjExMjQ1IiwiaWRDbHVidmlzaXRhIjoiMTIwNTEiLCJpZFBhcnRpZG8iOiIxNDUxNzkiLCJwZXN0YW5hIjoiNCJ9/minuto-a-minuto-atlas-vs-mazatlan-fc-jornada-16-estadio-jalisco-calientemx', 'text': ''}","{'type': 'link', 'href': 'https://www.ligafemenil.mx/cancha/galeria/MTQ1MTc5LzE2Lzc1LzIvMTQ=/atlas-vs-mazatlan-fc', 'text': ''}","{'type': 'link', 'href': 'https://www.ligafemenil.mx/cancha/playlist/145179/atlas-vs-mazatlan-fc', 'text': ''}"
2024-2025,Clausura,"{'type': 'text', 'value': 'Domingo 13 de Abril de 2025\nTemporada 2024-2025\nTorneo Clausura\nJornada 16\n13 Abril 2025 - 17:00 hrs.'}","{'type': 'link', 'href': 'https://www.ligafemenil.mx/cancha/club/11191/america', 'text': ''}","{'type': 'link', 'href': 'https://www.ligafemenil.mx/cancha/informeArbitral/145182/eyJpZENsdWJsb2NhbCI6MTExOTEsImlkQ2x1YnZpc2l0YSI6MTExODB9/informe-arbitral-america-vs-tijuana-jornada-16-estadio-ciudad-de-los-deportes-lmxf-tv--vix', 'text': '- - -'}","{'type': 'link', 'href': 'https://www.ligafemenil.mx/cancha/club/11180/tijuana', 'text': ''}","{'type': 'link', 'href': 'https://www.ligafemenil.mx/cancha/estadio/2/estadio-ciudad-de-los-deportes', 'text': 'Ciudad De Los Deportes'}","{'type': 'link', 'href': 'https://www.ligafemenil.mx/cancha/mxm/145182/eyJpZENsdWJsb2NhbCI6IjExMTkxIiwiaWRDbHVidmlzaXRhIjoiMTExODAiLCJpZFBhcnRpZG8iOiIxNDUxODIiLCJwZXN0YW5hIjoiMSJ9/minuto-a-minuto-america-vs-tijuana-jornada-16-estadio-ciudad-de-los-deportes-lmxf-tv--vix', 'text': ''}","{'type': 'link', 'href': 'https://www.ligafemenil.mx/cancha/mxm/145182/eyJpZENsdWJsb2NhbCI6IjExMTkxIiwiaWRDbHVidmlzaXRhIjoiMTExODAiLCJpZFBhcnRpZG8iOiIxNDUxODIiLCJwZXN0YW5hIjoiMyJ9/minuto-a-minuto-america-vs-tijuana-jornada-16-estadio-ciudad-de-los-deportes-lmxf-tv--vix', 'text': ''}","{'type': 'link', 'href': 'https://www.ligafemenil.mx/cancha/informeArbitral/145182/eyJpZENsdWJsb2NhbCI6IjExMTkxIiwiaWRDbHVidmlzaXRhIjoiMTExODAifQ==/informe-arbitral-america-vs-tijuana-jornada-16-estadio-ciudad-de-los-deportes-lmxf-tv--vix', 'text': ''}","{'type': 'link', 'href': 'https://www.ligafemenil.mx/cancha/mxm/145182/eyJpZENsdWJsb2NhbCI6IjExMTkxIiwiaWRDbHVidmlzaXRhIjoiMTExODAiLCJpZFBhcnRpZG8iOiIxNDUxODIiLCJwZXN0YW5hIjoiNCJ9/minuto-a-minuto-america-vs-tijuana-jornada-16-estadio-ciudad-de-los-deportes-lmxf-tv--vix', 'text': ''}","{'type': 'link', 'href': 'https://www.ligafemenil.mx/cancha/galeria/MTQ1MTgyLzE2Lzc1LzIvMTQ=/america-vs-tijuana', 'text': ''}","{'type': 'link', 'href': 'https://www.ligafemenil.mx/cancha/playlist/145182/america-vs-tijuana', 'text': ''}"
2024-2025,Clausura,"{'type': 'text', 'value': 'Domingo 13 de Abril de 2025\nTemporada 2024-2025\nTorneo Clausura\nJornada 16\n13 Abril 2025 - 19:00 hrs.'}","{'type': 'link', 'href': 'https://www.ligafemenil.mx/cancha/club/11184/pachuca', 'text': ''}","{'type': 'link', 'href': 'https://www.ligafemenil.mx/cancha/informeArbitral/145180/eyJpZENsdWJsb2NhbCI6MTExODQsImlkQ2x1YnZpc2l0YSI6MTExODJ9/informe-arbitral-pachuca-vs-guadalajara-jornada-16-estadio-hidalgo-tbd', 'text': '- - -'}","{'type': 'link', 'href': 'https://www.ligafemenil.mx/cancha/club/11182/guadalajara', 'text': ''}","{'type': 'link', 'href': 'https://www.ligafemenil.mx/cancha/estadio/11/estadio-hidalgo', 'text': 'Hidalgo'}","{'type': 'link', 'href': 'https://www.ligafemenil.mx/cancha/mxm/145180/eyJpZENsdWJsb2NhbCI6IjExMTg0IiwiaWRDbHVidmlzaXRhIjoiMTExODIiLCJpZFBhcnRpZG8iOiIxNDUxODAiLCJwZXN0YW5hIjoiMSJ9/minuto-a-minuto-pachuca-vs-guadalajara-jornada-16-estadio-hidalgo-tbd', 'text': ''}","{'type': 'link', 'href': 'https://www.ligafemenil.mx/cancha/mxm/145180/eyJpZENsdWJsb2NhbCI6IjExMTg0IiwiaWRDbHVidmlzaXRhIjoiMTExODIiLCJpZFBhcnRpZG8iOiIxNDUxODAiLCJwZXN0YW5hIjoiMyJ9/minuto-a-minuto-pachuca-vs-guadalajara-jornada-16-estadio-hidalgo-tbd', 'text': ''}","{'type': 'link', 'href': 'https://www.ligafemenil.mx/cancha/informeArbitral/145180/eyJpZENsdWJsb2NhbCI6IjExMTg0IiwiaWRDbHVidmlzaXRhIjoiMTExODIifQ==/informe-arbitral-pachuca-vs-guadalajara-jornada-16-estadio-hidalgo-tbd', 'text': ''}","{'type': 'link', 'href': 'https://www.ligafemenil.mx/cancha/mxm/145180/eyJpZENsdWJsb2NhbCI6IjExMTg0IiwiaWRDbHVidmlzaXRhIjoiMTExODIiLCJpZFBhcnRpZG8iOiIxNDUxODAiLCJwZXN0YW5hIjoiNCJ9/minuto-a-minuto-pachuca-vs-guadalajara-jornada-16-estadio-hidalgo-tbd', 'text': ''}","{'type': 'link', 'href': 'https://www.ligafemenil.mx/cancha/galeria/MTQ1MTgwLzE2Lzc1LzIvMTQ=/pachuca-vs-guadalajara', 'text': ''}","{'type': 'link', 'href': 'https://www.ligafemenil.mx/cancha/playlist/145180/pachuca-vs-guadalajara', 'text': ''}"
2024-2025,Clausura,"{'type': 'text', 'value': 'Domingo 13 de Abril de 2025\nTemporada 2024-2025\nTorneo Clausura\nJornada 16\n13 Abril 2025 - 21:06 hrs.'}","{'type': 'link', 'href': 'https://www.ligafemenil.mx/cancha/club/11795/fc-juarez', 'text': ''}","{'type': 'link', 'href': 'https://www.ligafemenil.mx/cancha/informeArbitral/145181/eyJpZENsdWJsb2NhbCI6MTE3OTUsImlkQ2x1YnZpc2l0YSI6MTE3Nzh9/informe-arbitral-fc-juarez-vs-club-atletico-de-san-luis-jornada-16-estadio-olimpico-benito-juarez-tbd', 'text': '- - -'}","{'type': 'link', 'href': 'https://www.ligafemenil.mx/cancha/club/11778/club-atletico-de-san-luis', 'text': ''}","{'type': 'link', 'href': 'https://www.ligafemenil.mx/cancha/estadio/17/estadio-olimpico-benito-juarez', 'text': 'Olímpico Benito Juárez'}","{'type': 'link', 'href': 'https://www.ligafemenil.mx/cancha/mxm/145181/eyJpZENsdWJsb2NhbCI6IjExNzk1IiwiaWRDbHVidmlzaXRhIjoiMTE3NzgiLCJpZFBhcnRpZG8iOiIxNDUxODEiLCJwZXN0YW5hIjoiMSJ9/minuto-a-minuto-fc-juarez-vs-club-atletico-de-san-luis-jornada-16-estadio-olimpico-benito-juarez-tbd', 'text': ''}","{'type': 'link', 'href': 'https://www.ligafemenil.mx/cancha/mxm/145181/eyJpZENsdWJsb2NhbCI6IjExNzk1IiwiaWRDbHVidmlzaXRhIjoiMTE3NzgiLCJpZFBhcnRpZG8iOiIxNDUxODEiLCJwZXN0YW5hIjoiMyJ9/minuto-a-minuto-fc-juarez-vs-club-atletico-de-san-luis-jornada-16-estadio-olimpico-benito-juarez-tbd', 'text': ''}","{'type': 'link', 'href': 'https://www.ligafemenil.mx/cancha/informeArbitral/145181/eyJpZENsdWJsb2NhbCI6IjExNzk1IiwiaWRDbHVidmlzaXRhIjoiMTE3NzgifQ==/informe-arbitral-fc-juarez-vs-club-atletico-de-san-luis-jornada-16-estadio-olimpico-benito-juarez-tbd', 'text': ''}","{'type': 'link', 'href': 'https://www.ligafemenil.mx/cancha/mxm/145181/eyJpZENsdWJsb2NhbCI6IjExNzk1IiwiaWRDbHVidmlzaXRhIjoiMTE3NzgiLCJpZFBhcnRpZG8iOiIxNDUxODEiLCJwZXN0YW5hIjoiNCJ9/minuto-a-minuto-fc-juarez-vs-club-atletico-de-san-luis-jornada-16-estadio-olimpico-benito-juarez-tbd', 'text': ''}","{'type': 'link', 'href': 'https://www.ligafemenil.mx/cancha/galeria/MTQ1MTgxLzE2Lzc1LzIvMTQ=/fc-juarez-vs-club-atletico-de-san-luis', 'text': ''}","{'type': 'link', 'href': 'https://www.ligafemenil.mx/cancha/playlist/145181/fc-juarez-vs-club-atletico-de-san-luis', 'text': ''}"
2024-2025,Clausura,"{'type': 'text', 'value': 'Lunes 14 de Abril de 2025\nTemporada 2024-2025\nTorneo Clausura\nJornada 16\n14 Abril 2025 - 21:00 hrs.'}","{'type': 'link', 'href': 'https://www.ligafemenil.mx/cancha/club/11185/rayados-de-monterrey', 'text': ''}","{'type': 'link', 'href': 'https://www.ligafemenil.mx/cancha/informeArbitral/145183/eyJpZENsdWJsb2NhbCI6MTExODUsImlkQ2x1YnZpc2l0YSI6MTIwNDJ9/informe-arbitral-rayados-de-monterrey-vs-gallos-blancos-de-queretaro-jornada-16-estadio-bbva-lmxf-tv--vix', 'text': '- - -'}","{'type': 'link', 'href': 'https://www.ligafemenil.mx/cancha/club/12042/gallos-blancos-de-queretaro', 'text': ''}","{'type': 'link', 'href': 'https://www.ligafemenil.mx/cancha/estadio/1608/estadio-bbva', 'text': 'Estadio BBVA'}","{'type': 'link', 'href': 'https://www.ligafemenil.mx/cancha/mxm/145183/eyJpZENsdWJsb2NhbCI6IjExMTg1IiwiaWRDbHVidmlzaXRhIjoiMTIwNDIiLCJpZFBhcnRpZG8iOiIxNDUxODMiLCJwZXN0YW5hIjoiMSJ9/minuto-a-minuto-rayados-de-monterrey-vs-gallos-blancos-de-queretaro-jornada-16-estadio-bbva-lmxf-tv--vix', 'text': ''}","{'type': 'link', 'href': 'https://www.ligafemenil.mx/cancha/mxm/145183/eyJpZENsdWJsb2NhbCI6IjExMTg1IiwiaWRDbHVidmlzaXRhIjoiMTIwNDIiLCJpZFBhcnRpZG8iOiIxNDUxODMiLCJwZXN0YW5hIjoiMyJ9/minuto-a-minuto-rayados-de-monterrey-vs-gallos-blancos-de-queretaro-jornada-16-estadio-bbva-lmxf-tv--vix', 'text': ''}","{'type': 'link', 'href': 'https://www.ligafemenil.mx/cancha/informeArbitral/145183/eyJpZENsdWJsb2NhbCI6IjExMTg1IiwiaWRDbHVidmlzaXRhIjoiMTIwNDIifQ==/informe-arbitral-rayados-de-monterrey-vs-gallos-blancos-de-queretaro-jornada-16-estadio-bbva-lmxf-tv--vix', 'text': ''}","{'type': 'link', 'href': 'https://www.ligafemenil.mx/cancha/mxm/145183/eyJpZENsdWJsb2NhbCI6IjExMTg1IiwiaWRDbHVidmlzaXRhIjoiMTIwNDIiLCJpZFBhcnRpZG8iOiIxNDUxODMiLCJwZXN0YW5hIjoiNCJ9/minuto-a-minuto-rayados-de-monterrey-vs-gallos-blancos-de-queretaro-jornada-16-estadio-bbva-lmxf-tv--vix', 'text': ''}","{'type': 'link', 'href': 'https://www.ligafemenil.mx/cancha/galeria/MTQ1MTgzLzE2Lzc1LzIvMTQ=/rayados-de-monterrey-vs-gallos-blancos-de-queretaro', 'text': ''}","{'type': 'link', 'href': 'https://www.ligafemenil.mx/cancha/playlist/145183/rayados-de-monterrey-vs-gallos-blancos-de-queretaro', 'text': ''}"
2024-2025,Clausura,"{'type': 'text', 'value': 'Lunes 14 de Abril de 2025\nTemporada 2024-2025\nTorneo Clausura\nJornada 16\n14 Abril 2025 - 21:06 hrs.'}","{'type': 'link', 'href': 'https://www.ligafemenil.mx/cancha/club/11243/leon', 'text': ''}","{'type': 'link', 'href': 'https://www.ligafemenil.mx/cancha/informeArbitral/145184/eyJpZENsdWJsb2NhbCI6MTEyNDMsImlkQ2x1YnZpc2l0YSI6MTExOTJ9/informe-arbitral-leon-vs-santos-laguna-jornada-16-estadio-nou-camp-tbd', 'text': '- - -'}","{'type': 'link', 'href': 'https://www.ligafemenil.mx/cancha/club/11192/santos-laguna', 'text': ''}","{'type': 'link', 'href': 'https://www.ligafemenil.mx/cancha/estadio/23/estadio-nou-camp', 'text': 'Nou Camp'}","{'type': 'link', 'href': 'https://www.ligafemenil.mx/cancha/mxm/145184/eyJpZENsdWJsb2NhbCI6IjExMjQzIiwiaWRDbHVidmlzaXRhIjoiMTExOTIiLCJpZFBhcnRpZG8iOiIxNDUxODQiLCJwZXN0YW5hIjoiMSJ9/minuto-a-minuto-leon-vs-santos-laguna-jornada-16-estadio-nou-camp-tbd', 'text': ''}","{'type': 'link', 'href': 'https://www.ligafemenil.mx/cancha/mxm/145184/eyJpZENsdWJsb2NhbCI6IjExMjQzIiwiaWRDbHVidmlzaXRhIjoiMTExOTIiLCJpZFBhcnRpZG8iOiIxNDUxODQiLCJwZXN0YW5hIjoiMyJ9/minuto-a-minuto-leon-vs-santos-laguna-jornada-16-estadio-nou-camp-tbd', 'text': ''}","{'type': 'link', 'href': 'https://www.ligafemenil.mx/cancha/informeArbitral/145184/eyJpZENsdWJsb2NhbCI6IjExMjQzIiwiaWRDbHVidmlzaXRhIjoiMTExOTIifQ==/informe-arbitral-leon-vs-santos-laguna-jornada-16-estadio-nou-camp-tbd', 'text': ''}","{'type': 'link', 'href': 'https://www.ligafemenil.mx/cancha/mxm/145184/eyJpZENsdWJsb2NhbCI6IjExMjQzIiwiaWRDbHVidmlzaXRhIjoiMTExOTIiLCJpZFBhcnRpZG8iOiIxNDUxODQiLCJwZXN0YW5hIjoiNCJ9/minuto-a-minuto-leon-vs-santos-laguna-jornada-16-estadio-nou-camp-tbd', 'text': ''}","{'type': 'link', 'href': 'https://www.ligafemenil.mx/cancha/galeria/MTQ1MTg0LzE2Lzc1LzIvMTQ=/leon-vs-santos-laguna', 'text': ''}","{'type': 'link', 'href': 'https://www.ligafemenil.mx/cancha/playlist/145184/leon-vs-santos-laguna', 'text': ''}"
2024-2025,Clausura,"{'type': 'text', 'value': 'Jueves 17 de Abril de 2025\nTemporada 2024-2025\nTorneo Clausura\nJornada 17\n17 Abril 2025 - 15:45 hrs.'}","{'type': 'link', 'href': 'https://www.ligafemenil.mx/cancha/club/11181/cruz-azul', 'text': ''}","{'type': 'link', 'href': 'https://www.ligafemenil.mx/cancha/informeArbitral/145185/eyJpZENsdWJsb2NhbCI6MTExODEsImlkQ2x1YnZpc2l0YSI6MTE3OTV9/informe-arbitral-cruz-azul-vs-fc-juarez-jornada-17-estadio-instalaciones-la-noria-cancha-1-lmxf-tv--vix', 'text': '- - -'}","{'type': 'link', 'href': 'https://www.ligafemenil.mx/cancha/club/11795/fc-juarez', 'text': ''}","{'type': 'link', 'href': 'https://www.ligafemenil.mx/cancha/estadio/1549/estadio-instalaciones-la-noria-cancha-1', 'text': 'Instalaciones la Noria Cancha 1'}","{'type': 'link', 'href': 'https://www.ligafemenil.mx/cancha/mxm/145185/eyJpZENsdWJsb2NhbCI6IjExMTgxIiwiaWRDbHVidmlzaXRhIjoiMTE3OTUiLCJpZFBhcnRpZG8iOiIxNDUxODUiLCJwZXN0YW5hIjoiMSJ9/minuto-a-minuto-cruz-azul-vs-fc-juarez-jornada-17-estadio-instalaciones-la-noria-cancha-1-lmxf-tv--vix', 'text': ''}","{'type': 'link', 'href': 'https://www.ligafemenil.mx/cancha/mxm/145185/eyJpZENsdWJsb2NhbCI6IjExMTgxIiwiaWRDbHVidmlzaXRhIjoiMTE3OTUiLCJpZFBhcnRpZG8iOiIxNDUxODUiLCJwZXN0YW5hIjoiMyJ9/minuto-a-minuto-cruz-azul-vs-fc-juarez-jornada-17-estadio-instalaciones-la-noria-cancha-1-lmxf-tv--vix', 'text': ''}","{'type': 'link', 'href': 'https://www.ligafemenil.mx/cancha/informeArbitral/145185/eyJpZENsdWJsb2NhbCI6IjExMTgxIiwiaWRDbHVidmlzaXRhIjoiMTE3OTUifQ==/informe-arbitral-cruz-azul-vs-fc-juarez-jornada-17-estadio-instalaciones-la-noria-cancha-1-lmxf-tv--vix', 'text': ''}","{'type': 'link', 'href': 'https://www.ligafemenil.mx/cancha/mxm/145185/eyJpZENsdWJsb2NhbCI6IjExMTgxIiwiaWRDbHVidmlzaXRhIjoiMTE3OTUiLCJpZFBhcnRpZG8iOiIxNDUxODUiLCJwZXN0YW5hIjoiNCJ9/minuto-a-minuto-cruz-azul-vs-fc-juarez-jornada-17-estadio-instalaciones-la-noria-cancha-1-lmxf-tv--vix', 'text': ''}","{'type': 'link', 'href': 'https://www.ligafemenil.mx/cancha/galeria/MTQ1MTg1LzE3Lzc1LzIvMTQ=/cruz-azul-vs-fc-juarez', 'text': ''}","{'type': 'link', 'href': 'https://www.ligafemenil.mx/cancha/playlist/145185/cruz-azul-vs-fc-juarez', 'text': ''}"
2024-2025,Clausura,"{'type': 'text', 'value': 'Jueves 17 de Abril de 2025\nTemporada 2024-2025\nTorneo Clausura\nJornada 17\n17 Abril 2025 - 17:00 hrs.'}","{'type': 'link', 'href': 'https://www.ligafemenil.mx/cancha/club/11778/club-atletico-de-san-luis', 'text': ''}","{'type': 'link', 'href': 'https://www.ligafemenil.mx/cancha/informeArbitral/145186/eyJpZENsdWJsb2NhbCI6MTE3NzgsImlkQ2x1YnZpc2l0YSI6MTE1NDN9/informe-arbitral-club-atletico-de-san-luis-vs-puebla-fc-jornada-17-estadio-alfonso-lastras-ramirez-espn', 'text': '- - -'}","{'type': 'link', 'href': 'https://www.ligafemenil.mx/cancha/club/11543/puebla-fc', 'text': ''}","{'type': 'link', 'href': 'https://www.ligafemenil.mx/cancha/estadio/14/estadio-alfonso-lastras-ramirez', 'text': 'Alfonso Lastras Ramírez'}","{'type': 'link', 'href': 'https://www.ligafemenil.mx/cancha/mxm/145186/eyJpZENsdWJsb2NhbCI6IjExNzc4IiwiaWRDbHVidmlzaXRhIjoiMTE1NDMiLCJpZFBhcnRpZG8iOiIxNDUxODYiLCJwZXN0YW5hIjoiMSJ9/minuto-a-minuto-club-atletico-de-san-luis-vs-puebla-fc-jornada-17-estadio-alfonso-lastras-ramirez-espn', 'text': ''}","{'type': 'link', 'href': 'https://www.ligafemenil.mx/cancha/mxm/145186/eyJpZENsdWJsb2NhbCI6IjExNzc4IiwiaWRDbHVidmlzaXRhIjoiMTE1NDMiLCJpZFBhcnRpZG8iOiIxNDUxODYiLCJwZXN0YW5hIjoiMyJ9/minuto-a-minuto-club-atletico-de-san-luis-vs-puebla-fc-jornada-17-estadio-alfonso-lastras-ramirez-espn', 'text': ''}","{'type': 'link', 'href': 'https://www.ligafemenil.mx/cancha/informeArbitral/145186/eyJpZENsdWJsb2NhbCI6IjExNzc4IiwiaWRDbHVidmlzaXRhIjoiMTE1NDMifQ==/informe-arbitral-club-atletico-de-san-luis-vs-puebla-fc-jornada-17-estadio-alfonso-lastras-ramirez-espn', 'text': ''}","{'type': 'link', 'href': 'https://www.ligafemenil.mx/cancha/mxm/145186/eyJpZENsdWJsb2NhbCI6IjExNzc4IiwiaWRDbHVidmlzaXRhIjoiMTE1NDMiLCJpZFBhcnRpZG8iOiIxNDUxODYiLCJwZXN0YW5hIjoiNCJ9/minuto-a-minuto-club-atletico-de-san-luis-vs-puebla-fc-jornada-17-estadio-alfonso-lastras-ramirez-espn', 'text': ''}","{'type': 'link', 'href': 'https://www.ligafemenil.mx/cancha/galeria/MTQ1MTg2LzE3Lzc1LzIvMTQ=/club-atletico-de-san-luis-vs-puebla-fc', 'text': ''}","{'type': 'link', 'href': 'https://www.ligafemenil.mx/cancha/playlist/145186/club-atletico-de-san-luis-vs-puebla-fc', 'text': ''}"
2024-2025,Clausura,"{'type': 'text', 'value': 'Jueves 17 de Abril de 2025\nTemporada 2024-2025\nTorneo Clausura\nJornada 17\n17 Abril 2025 - 19:00 hrs.'}","{'type': 'link', 'href': 'https://www.ligafemenil.mx/cancha/club/11182/guadalajara', 'text': ''}","{'type': 'link', 'href': 'https://www.ligafemenil.mx/cancha/informeArbitral/145187/eyJpZENsdWJsb2NhbCI6MTExODIsImlkQ2x1YnZpc2l0YSI6MTExODh9/informe-arbitral-guadalajara-vs-pumas-jornada-17-estadio-akron-fox-sports', 'text': '- - -'}","{'type': 'link', 'href': 'https://www.ligafemenil.mx/cancha/club/11188/pumas', 'text': ''}","{'type': 'link', 'href': 'https://www.ligafemenil.mx/cancha/estadio/1538/estadio-akron', 'text': 'Estadio AKRON'}","{'type': 'link', 'href': 'https://www.ligafemenil.mx/cancha/mxm/145187/eyJpZENsdWJsb2NhbCI6IjExMTgyIiwiaWRDbHVidmlzaXRhIjoiMTExODgiLCJpZFBhcnRpZG8iOiIxNDUxODciLCJwZXN0YW5hIjoiMSJ9/minuto-a-minuto-guadalajara-vs-pumas-jornada-17-estadio-akron-fox-sports', 'text': ''}","{'type': 'link', 'href': 'https://www.ligafemenil.mx/cancha/mxm/145187/eyJpZENsdWJsb2NhbCI6IjExMTgyIiwiaWRDbHVidmlzaXRhIjoiMTExODgiLCJpZFBhcnRpZG8iOiIxNDUxODciLCJwZXN0YW5hIjoiMyJ9/minuto-a-minuto-guadalajara-vs-pumas-jornada-17-estadio-akron-fox-sports', 'text': ''}","{'type': 'link', 'href': 'https://www.ligafemenil.mx/cancha/informeArbitral/145187/eyJpZENsdWJsb2NhbCI6IjExMTgyIiwiaWRDbHVidmlzaXRhIjoiMTExODgifQ==/informe-arbitral-guadalajara-vs-pumas-jornada-17-estadio-akron-fox-sports', 'text': ''}","{'type': 'link', 'href': 'https://www.ligafemenil.mx/cancha/mxm/145187/eyJpZENsdWJsb2NhbCI6IjExMTgyIiwiaWRDbHVidmlzaXRhIjoiMTExODgiLCJpZFBhcnRpZG8iOiIxNDUxODciLCJwZXN0YW5hIjoiNCJ9/minuto-a-minuto-guadalajara-vs-pumas-jornada-17-estadio-akron-fox-sports', 'text': ''}","{'type': 'link', 'href': 'https://www.ligafemenil.mx/cancha/galeria/MTQ1MTg3LzE3Lzc1LzIvMTQ=/guadalajara-vs-pumas', 'text': ''}","{'type': 'link', 'href': 'https://www.ligafemenil.mx/cancha/playlist/145187/guadalajara-vs-pumas', 'text': ''}"
2024-2025,Clausura,"{'type': 'text', 'value': 'Jueves 17 de Abril de 2025\nTemporada 2024-2025\nTorneo Clausura\nJornada 17\n17 Abril 2025 - 20:06 hrs.'}","{'type': 'link', 'href': 'https://www.ligafemenil.mx/cancha/club/12051/mazatlan-fc', 'text': ''}","{'type': 'link', 'href': 'https://www.ligafemenil.mx/cancha/informeArbitral/145188/eyJpZENsdWJsb2NhbCI6MTIwNTEsImlkQ2x1YnZpc2l0YSI6MTExOTJ9/informe-arbitral-mazatlan-fc-vs-santos-laguna-jornada-17-estadio-el-encanto-fox-sports', 'text': '- - -'}","{'type': 'link', 'href': 'https://www.ligafemenil.mx/cancha/club/11192/santos-laguna', 'text': ''}","{'type': 'link', 'href': 'https://www.ligafemenil.mx/cancha/estadio/1931/estadio-el-encanto', 'text': 'El Encanto'}","{'type': 'link', 'href': 'https://www.ligafemenil.mx/cancha/mxm/145188/eyJpZENsdWJsb2NhbCI6IjEyMDUxIiwiaWRDbHVidmlzaXRhIjoiMTExOTIiLCJpZFBhcnRpZG8iOiIxNDUxODgiLCJwZXN0YW5hIjoiMSJ9/minuto-a-minuto-mazatlan-fc-vs-santos-laguna-jornada-17-estadio-el-encanto-fox-sports', 'text': ''}","{'type': 'link', 'href': 'https://www.ligafemenil.mx/cancha/mxm/145188/eyJpZENsdWJsb2NhbCI6IjEyMDUxIiwiaWRDbHVidmlzaXRhIjoiMTExOTIiLCJpZFBhcnRpZG8iOiIxNDUxODgiLCJwZXN0YW5hIjoiMyJ9/minuto-a-minuto-mazatlan-fc-vs-santos-laguna-jornada-17-estadio-el-encanto-fox-sports', 'text': ''}","{'type': 'link', 'href': 'https://www.ligafemenil.mx/cancha/informeArbitral/145188/eyJpZENsdWJsb2NhbCI6IjEyMDUxIiwiaWRDbHVidmlzaXRhIjoiMTExOTIifQ==/informe-arbitral-mazatlan-fc-vs-santos-laguna-jornada-17-estadio-el-encanto-fox-sports', 'text': ''}","{'type': 'link', 'href': 'https://www.ligafemenil.mx/cancha/mxm/145188/eyJpZENsdWJsb2NhbCI6IjEyMDUxIiwiaWRDbHVidmlzaXRhIjoiMTExOTIiLCJpZFBhcnRpZG8iOiIxNDUxODgiLCJwZXN0YW5hIjoiNCJ9/minuto-a-minuto-mazatlan-fc-vs-santos-laguna-jornada-17-estadio-el-encanto-fox-sports', 'text': ''}","{'type': 'link', 'href': 'https://www.ligafemenil.mx/cancha/galeria/MTQ1MTg4LzE3Lzc1LzIvMTQ=/mazatlan-fc-vs-santos-laguna', 'text': ''}","{'type': 'link', 'href': 'https://www.ligafemenil.mx/cancha/playlist/145188/mazatlan-fc-vs-santos-laguna', 'text': ''}"
2024-2025,Clausura,"{'type': 'text', 'value': 'Viernes 18 de Abril de 2025\nTemporada 2024-2025\nTorneo Clausura\nJornada 17\n18 Abril 2025 - 17:00 hrs.'}","{'type': 'link', 'href': 'https://www.ligafemenil.mx/cancha/club/12042/gallos-blancos-de-queretaro', 'text': ''}","{'type': 'link', 'href': 'https://www.ligafemenil.mx/cancha/informeArbitral/145189/eyJpZENsdWJsb2NhbCI6MTIwNDIsImlkQ2x1YnZpc2l0YSI6MTExODl9/informe-arbitral-gallos-blancos-de-queretaro-vs-necaxa-jornada-17-estadio-la-corregidora-calientemx', 'text': '- - -'}","{'type': 'link', 'href': 'https://www.ligafemenil.mx/cancha/club/11189/necaxa', 'text': ''}","{'type': 'link', 'href': 'https://www.ligafemenil.mx/cancha/estadio/25/estadio-la-corregidora', 'text': 'La Corregidora'}","{'type': 'link', 'href': 'https://www.ligafemenil.mx/cancha/mxm/145189/eyJpZENsdWJsb2NhbCI6IjEyMDQyIiwiaWRDbHVidmlzaXRhIjoiMTExODkiLCJpZFBhcnRpZG8iOiIxNDUxODkiLCJwZXN0YW5hIjoiMSJ9/minuto-a-minuto-gallos-blancos-de-queretaro-vs-necaxa-jornada-17-estadio-la-corregidora-calientemx', 'text': ''}","{'type': 'link', 'href': 'https://www.ligafemenil.mx/cancha/mxm/145189/eyJpZENsdWJsb2NhbCI6IjEyMDQyIiwiaWRDbHVidmlzaXRhIjoiMTExODkiLCJpZFBhcnRpZG8iOiIxNDUxODkiLCJwZXN0YW5hIjoiMyJ9/minuto-a-minuto-gallos-blancos-de-queretaro-vs-necaxa-jornada-17-estadio-la-corregidora-calientemx', 'text': ''}","{'type': 'link', 'href': 'https://www.ligafemenil.mx/cancha/informeArbitral/145189/eyJpZENsdWJsb2NhbCI6IjEyMDQyIiwiaWRDbHVidmlzaXRhIjoiMTExODkifQ==/informe-arbitral-gallos-blancos-de-queretaro-vs-necaxa-jornada-17-estadio-la-corregidora-calientemx', 'text': ''}","{'type': 'link', 'href': 'https://www.ligafemenil.mx/cancha/mxm/145189/eyJpZENsdWJsb2NhbCI6IjEyMDQyIiwiaWRDbHVidmlzaXRhIjoiMTExODkiLCJpZFBhcnRpZG8iOiIxNDUxODkiLCJwZXN0YW5hIjoiNCJ9/minuto-a-minuto-gallos-blancos-de-queretaro-vs-necaxa-jornada-17-estadio-la-corregidora-calientemx', 'text': ''}","{'type': 'link', 'href': 'https://www.ligafemenil.mx/cancha/galeria/MTQ1MTg5LzE3Lzc1LzIvMTQ=/gallos-blancos-de-queretaro-vs-necaxa', 'text': ''}","{'type': 'link', 'href': 'https://www.ligafemenil.mx/cancha/playlist/145189/gallos-blancos-de-queretaro-vs-necaxa', 'text': ''}"
2024-2025,Clausura,"{'type': 'text', 'value': 'Viernes 18 de Abril de 2025\nTemporada 2024-2025\nTorneo Clausura\nJornada 17\n18 Abril 2025 - 17:00 hrs.'}","{'type': 'link', 'href': 'https://www.ligafemenil.mx/cancha/club/11187/toluca', 'text': ''}","{'type': 'link', 'href': 'https://www.ligafemenil.mx/cancha/informeArbitral/145190/eyJpZENsdWJsb2NhbCI6MTExODcsImlkQ2x1YnZpc2l0YSI6MTExOTF9/informe-arbitral-toluca-vs-america-jornada-17-estadio-nemesio-diez-lmxf-tv--vix', 'text': '- - -'}","{'type': 'link', 'href': 'https://www.ligafemenil.mx/cancha/club/11191/america', 'text': ''}","{'type': 'link', 'href': 'https://www.ligafemenil.mx/cancha/estadio/6/estadio-nemesio-diez', 'text': 'Nemesio Diez'}","{'type': 'link', 'href': 'https://www.ligafemenil.mx/cancha/mxm/145190/eyJpZENsdWJsb2NhbCI6IjExMTg3IiwiaWRDbHVidmlzaXRhIjoiMTExOTEiLCJpZFBhcnRpZG8iOiIxNDUxOTAiLCJwZXN0YW5hIjoiMSJ9/minuto-a-minuto-toluca-vs-america-jornada-17-estadio-nemesio-diez-lmxf-tv--vix', 'text': ''}","{'type': 'link', 'href': 'https://www.ligafemenil.mx/cancha/mxm/145190/eyJpZENsdWJsb2NhbCI6IjExMTg3IiwiaWRDbHVidmlzaXRhIjoiMTExOTEiLCJpZFBhcnRpZG8iOiIxNDUxOTAiLCJwZXN0YW5hIjoiMyJ9/minuto-a-minuto-toluca-vs-america-jornada-17-estadio-nemesio-diez-lmxf-tv--vix', 'text': ''}","{'type': 'link', 'href': 'https://www.ligafemenil.mx/cancha/informeArbitral/145190/eyJpZENsdWJsb2NhbCI6IjExMTg3IiwiaWRDbHVidmlzaXRhIjoiMTExOTEifQ==/informe-arbitral-toluca-vs-america-jornada-17-estadio-nemesio-diez-lmxf-tv--vix', 'text': ''}","{'type': 'link', 'href': 'https://www.ligafemenil.mx/cancha/mxm/145190/eyJpZENsdWJsb2NhbCI6IjExMTg3IiwiaWRDbHVidmlzaXRhIjoiMTExOTEiLCJpZFBhcnRpZG8iOiIxNDUxOTAiLCJwZXN0YW5hIjoiNCJ9/minuto-a-minuto-toluca-vs-america-jornada-17-estadio-nemesio-diez-lmxf-tv--vix', 'text': ''}","{'type': 'link', 'href': 'https://www.ligafemenil.mx/cancha/galeria/MTQ1MTkwLzE3Lzc1LzIvMTQ=/toluca-vs-america', 'text': ''}","{'type': 'link', 'href': 'https://www.ligafemenil.mx/cancha/playlist/145190/toluca-vs-america', 'text': ''}"
2024-2025,Clausura,"{'type': 'text', 'value': 'Viernes 18 de Abril de 2025\nTemporada 2024-2025\nTorneo Clausura\nJornada 17\n18 Abril 2025 - 18:00 hrs.'}","{'type': 'link', 'href': 'https://www.ligafemenil.mx/cancha/club/11180/tijuana', 'text': ''}","{'type': 'link', 'href': 'https://www.ligafemenil.mx/cancha/informeArbitral/145191/eyJpZENsdWJsb2NhbCI6MTExODAsImlkQ2x1YnZpc2l0YSI6MTEyNDV9/informe-arbitral-tijuana-vs-atlas-jornada-17-estadio-caliente-calientemx', 'text': '- - -'}","{'type': 'link', 'href': 'https://www.ligafemenil.mx/cancha/club/11245/atlas', 'text': ''}","{'type': 'link', 'href': 'https://www.ligafemenil.mx/cancha/estadio/48/estadio-caliente', 'text': 'Caliente'}","{'type': 'link', 'href': 'https://www.ligafemenil.mx/cancha/mxm/145191/eyJpZENsdWJsb2NhbCI6IjExMTgwIiwiaWRDbHVidmlzaXRhIjoiMTEyNDUiLCJpZFBhcnRpZG8iOiIxNDUxOTEiLCJwZXN0YW5hIjoiMSJ9/minuto-a-minuto-tijuana-vs-atlas-jornada-17-estadio-caliente-calientemx', 'text': ''}","{'type': 'link', 'href': 'https://www.ligafemenil.mx/cancha/mxm/145191/eyJpZENsdWJsb2NhbCI6IjExMTgwIiwiaWRDbHVidmlzaXRhIjoiMTEyNDUiLCJpZFBhcnRpZG8iOiIxNDUxOTEiLCJwZXN0YW5hIjoiMyJ9/minuto-a-minuto-tijuana-vs-atlas-jornada-17-estadio-caliente-calientemx', 'text': ''}","{'type': 'link', 'href': 'https://www.ligafemenil.mx/cancha/informeArbitral/145191/eyJpZENsdWJsb2NhbCI6IjExMTgwIiwiaWRDbHVidmlzaXRhIjoiMTEyNDUifQ==/informe-arbitral-tijuana-vs-atlas-jornada-17-estadio-caliente-calientemx', 'text': ''}","{'type': 'link', 'href': 'https://www.ligafemenil.mx/cancha/mxm/145191/eyJpZENsdWJsb2NhbCI6IjExMTgwIiwiaWRDbHVidmlzaXRhIjoiMTEyNDUiLCJpZFBhcnRpZG8iOiIxNDUxOTEiLCJwZXN0YW5hIjoiNCJ9/minuto-a-minuto-tijuana-vs-atlas-jornada-17-estadio-caliente-calientemx', 'text': ''}","{'type': 'link', 'href': 'https://www.ligafemenil.mx/cancha/galeria/MTQ1MTkxLzE3Lzc1LzIvMTQ=/tijuana-vs-atlas', 'text': ''}","{'type': 'link', 'href': 'https://www.ligafemenil.mx/cancha/playlist/145191/tijuana-vs-atlas', 'text': ''}"
2024-2025,Clausura,"{'type': 'text', 'value': 'Viernes 18 de Abril de 2025\nTemporada 2024-2025\nTorneo Clausura\nJornada 17\n18 Abril 2025 - 19:00 hrs.'}","{'type': 'link', 'href': 'https://www.ligafemenil.mx/cancha/club/11184/pachuca', 'text': ''}","{'type': 'link', 'href': 'https://www.ligafemenil.mx/cancha/informeArbitral/145192/eyJpZENsdWJsb2NhbCI6MTExODQsImlkQ2x1YnZpc2l0YSI6MTExODZ9/informe-arbitral-pachuca-vs-tigres-de-la-uanl-jornada-17-estadio-hidalgo-tbd', 'text': '- - -'}","{'type': 'link', 'href': 'https://www.ligafemenil.mx/cancha/club/11186/tigres-de-la-uanl', 'text': ''}","{'type': 'link', 'href': 'https://www.ligafemenil.mx/cancha/estadio/11/estadio-hidalgo', 'text': 'Hidalgo'}","{'type': 'link', 'href': 'https://www.ligafemenil.mx/cancha/mxm/145192/eyJpZENsdWJsb2NhbCI6IjExMTg0IiwiaWRDbHVidmlzaXRhIjoiMTExODYiLCJpZFBhcnRpZG8iOiIxNDUxOTIiLCJwZXN0YW5hIjoiMSJ9/minuto-a-minuto-pachuca-vs-tigres-de-la-uanl-jornada-17-estadio-hidalgo-tbd', 'text': ''}","{'type': 'link', 'href': 'https://www.ligafemenil.mx/cancha/mxm/145192/eyJpZENsdWJsb2NhbCI6IjExMTg0IiwiaWRDbHVidmlzaXRhIjoiMTExODYiLCJpZFBhcnRpZG8iOiIxNDUxOTIiLCJwZXN0YW5hIjoiMyJ9/minuto-a-minuto-pachuca-vs-tigres-de-la-uanl-jornada-17-estadio-hidalgo-tbd', 'text': ''}","{'type': 'link', 'href': 'https://www.ligafemenil.mx/cancha/informeArbitral/145192/eyJpZENsdWJsb2NhbCI6IjExMTg0IiwiaWRDbHVidmlzaXRhIjoiMTExODYifQ==/informe-arbitral-pachuca-vs-tigres-de-la-uanl-jornada-17-estadio-hidalgo-tbd', 'text': ''}","{'type': 'link', 'href': 'https://www.ligafemenil.mx/cancha/mxm/145192/eyJpZENsdWJsb2NhbCI6IjExMTg0IiwiaWRDbHVidmlzaXRhIjoiMTExODYiLCJpZFBhcnRpZG8iOiIxNDUxOTIiLCJwZXN0YW5hIjoiNCJ9/minuto-a-minuto-pachuca-vs-tigres-de-la-uanl-jornada-17-estadio-hidalgo-tbd', 'text': ''}","{'type': 'link', 'href': 'https://www.ligafemenil.mx/cancha/galeria/MTQ1MTkyLzE3Lzc1LzIvMTQ=/pachuca-vs-tigres-de-la-uanl', 'text': ''}","{'type': 'link', 'href': 'https://www.ligafemenil.mx/cancha/playlist/145192/pachuca-vs-tigres-de-la-uanl', 'text': ''}"
2024-2025,Clausura,"{'type': 'text', 'value': 'Viernes 18 de Abril de 2025\nTemporada 2024-2025\nTorneo Clausura\nJornada 17\n18 Abril 2025 - 20:10 hrs.'}","{'type': 'link', 'href': 'https://www.ligafemenil.mx/cancha/club/11185/rayados-de-monterrey', 'text': ''}","{'type': 'link', 'href': 'https://www.ligafemenil.mx/cancha/informeArbitral/145193/eyJpZENsdWJsb2NhbCI6MTExODUsImlkQ2x1YnZpc2l0YSI6MTEyNDN9/informe-arbitral-rayados-de-monterrey-vs-leon-jornada-17-estadio-bbva-lmxf-tv--vix', 'text': '- - -'}","{'type': 'link', 'href': 'https://www.ligafemenil.mx/cancha/club/11243/leon', 'text': ''}","{'type': 'link', 'href': 'https://www.ligafemenil.mx/cancha/estadio/1608/estadio-bbva', 'text': 'Estadio BBVA'}","{'type': 'link', 'href': 'https://www.ligafemenil.mx/cancha/mxm/145193/eyJpZENsdWJsb2NhbCI6IjExMTg1IiwiaWRDbHVidmlzaXRhIjoiMTEyNDMiLCJpZFBhcnRpZG8iOiIxNDUxOTMiLCJwZXN0YW5hIjoiMSJ9/minuto-a-minuto-rayados-de-monterrey-vs-leon-jornada-17-estadio-bbva-lmxf-tv--vix', 'text': ''}","{'type': 'link', 'href': 'https://www.ligafemenil.mx/cancha/mxm/145193/eyJpZENsdWJsb2NhbCI6IjExMTg1IiwiaWRDbHVidmlzaXRhIjoiMTEyNDMiLCJpZFBhcnRpZG8iOiIxNDUxOTMiLCJwZXN0YW5hIjoiMyJ9/minuto-a-minuto-rayados-de-monterrey-vs-leon-jornada-17-estadio-bbva-lmxf-tv--vix', 'text': ''}","{'type': 'link', 'href': 'https://www.ligafemenil.mx/cancha/informeArbitral/145193/eyJpZENsdWJsb2NhbCI6IjExMTg1IiwiaWRDbHVidmlzaXRhIjoiMTEyNDMifQ==/informe-arbitral-rayados-de-monterrey-vs-leon-jornada-17-estadio-bbva-lmxf-tv--vix', 'text': ''}","{'type': 'link', 'href': 'https://www.ligafemenil.mx/cancha/mxm/145193/eyJpZENsdWJsb2NhbCI6IjExMTg1IiwiaWRDbHVidmlzaXRhIjoiMTEyNDMiLCJpZFBhcnRpZG8iOiIxNDUxOTMiLCJwZXN0YW5hIjoiNCJ9/minuto-a-minuto-rayados-de-monterrey-vs-leon-jornada-17-estadio-bbva-lmxf-tv--vix', 'text': ''}","{'type': 'link', 'href': 'https://www.ligafemenil.mx/cancha/galeria/MTQ1MTkzLzE3Lzc1LzIvMTQ=/rayados-de-monterrey-vs-leon', 'text': ''}","{'type': 'link', 'href': 'https://www.ligafemenil.mx/cancha/playlist/145193/rayados-de-monterrey-vs-leon', 'text': ''}"
