Temporada,Torneo,Columna_3,Columna_4,Columna_5,Columna_6,Columna_7,Columna_8,Columna_9,Columna_10,Columna_11,Columna_12,Columna_13
2019-2020,Clausura,"{'type': 'text', 'value': 'Jueves 23 de Enero de 2025\nTemporada 2019-2020\nTorneo Clausura\nJornada 13\n23 Enero 2025 - 00:00 hrs.'}","{'type': 'link', 'href': 'https://www.ligafemenil.mx/cancha/club/11181/cruz-azul', 'text': ''}","{'type': 'link', 'href': 'https://www.ligafemenil.mx/cancha/informeArbitral/102118/eyJpZERpdmlzaW9uIjoiMTQiLCJpZFRlbXBvcmFkYSI6IjcwIiwiaWRUb3JuZW8iOiIyIiwiaWRDbHVibG9jYWwiOjExMTgxLCJpZENsdWJ2aXNpdGEiOjExNTQzfQ==/informe-arbitral-cruz-azul-vs-puebla-fc-jornada-13-estadio-10-de-diciembre-tudn', 'text': '- - -'}","{'type': 'link', 'href': 'https://www.ligafemenil.mx/cancha/club/11543/puebla-fc', 'text': ''}","{'type': 'link', 'href': 'https://www.ligafemenil.mx/cancha/estadio/30/estadio-10-de-diciembre', 'text': '10 de Diciembre'}","{'type': 'link', 'href': 'https://www.ligafemenil.mx/cancha/mxm/102118/eyJpZERpdmlzaW9uIjoiMTQiLCJpZFRlbXBvcmFkYSI6IjcwIiwiaWRUb3JuZW8iOiIyIiwiaWRDbHVibG9jYWwiOiIxMTE4MSIsImlkQ2x1YnZpc2l0YSI6IjExNTQzIiwiaWRQYXJ0aWRvIjoiMTAyMTE4IiwicGVzdGFuYSI6IjEifQ==/minuto-a-minuto-cruz-azul-vs-puebla-fc-jornada-13-estadio-10-de-diciembre-tudn', 'text': ''}","{'type': 'link', 'href': 'https://www.ligafemenil.mx/cancha/mxm/102118/eyJpZERpdmlzaW9uIjoiMTQiLCJpZFRlbXBvcmFkYSI6IjcwIiwiaWRUb3JuZW8iOiIyIiwiaWRDbHVibG9jYWwiOiIxMTE4MSIsImlkQ2x1YnZpc2l0YSI6IjExNTQzIiwiaWRQYXJ0aWRvIjoiMTAyMTE4IiwicGVzdGFuYSI6IjMifQ==/minuto-a-minuto-cruz-azul-vs-puebla-fc-jornada-13-estadio-10-de-diciembre-tudn', 'text': ''}","{'type': 'link', 'href': 'https://www.ligafemenil.mx/cancha/informeArbitral/102118/eyJpZERpdmlzaW9uIjoiMTQiLCJpZFRlbXBvcmFkYSI6IjcwIiwiaWRUb3JuZW8iOiIyIiwiaWRDbHVibG9jYWwiOiIxMTE4MSIsImlkQ2x1YnZpc2l0YSI6IjExNTQzIn0=/informe-arbitral-cruz-azul-vs-puebla-fc-jornada-13-estadio-10-de-diciembre-tudn', 'text': ''}","{'type': 'link', 'href': 'https://www.ligafemenil.mx/cancha/mxm/102118/eyJpZERpdmlzaW9uIjoiMTQiLCJpZFRlbXBvcmFkYSI6IjcwIiwiaWRUb3JuZW8iOiIyIiwiaWRDbHVibG9jYWwiOiIxMTE4MSIsImlkQ2x1YnZpc2l0YSI6IjExNTQzIiwiaWRQYXJ0aWRvIjoiMTAyMTE4IiwicGVzdGFuYSI6IjQifQ==/minuto-a-minuto-cruz-azul-vs-puebla-fc-jornada-13-estadio-10-de-diciembre-tudn', 'text': ''}","{'type': 'link', 'href': 'https://www.ligafemenil.mx/cancha/galeria/MTAyMTE4LzEzLzcwLzIvMTQ=/cruz-azul-vs-puebla-fc', 'text': ''}","{'type': 'link', 'href': 'https://www.ligafemenil.mx/cancha/playlist/102118/cruz-azul-vs-puebla-fc', 'text': ''}"
2019-2020,Clausura,"{'type': 'text', 'value': 'Jueves 23 de Enero de 2025\nTemporada 2019-2020\nTorneo Clausura\nJornada 13\n23 Enero 2025 - 00:00 hrs.'}","{'type': 'link', 'href': 'https://www.ligafemenil.mx/cancha/club/11189/necaxa', 'text': ''}","{'type': 'link', 'href': 'https://www.ligafemenil.mx/cancha/informeArbitral/102121/eyJpZERpdmlzaW9uIjoiMTQiLCJpZFRlbXBvcmFkYSI6IjcwIiwiaWRUb3JuZW8iOiIyIiwiaWRDbHVibG9jYWwiOjExMTg5LCJpZENsdWJ2aXNpdGEiOjExMTg1fQ==/informe-arbitral-necaxa-vs-rayados-de-monterrey-jornada-13-estadio-victoria-claro-sports', 'text': '- - -'}","{'type': 'link', 'href': 'https://www.ligafemenil.mx/cancha/club/11185/rayados-de-monterrey', 'text': ''}","{'type': 'link', 'href': 'https://www.ligafemenil.mx/cancha/estadio/15/estadio-victoria', 'text': 'Victoria'}","{'type': 'link', 'href': 'https://www.ligafemenil.mx/cancha/mxm/102121/eyJpZERpdmlzaW9uIjoiMTQiLCJpZFRlbXBvcmFkYSI6IjcwIiwiaWRUb3JuZW8iOiIyIiwiaWRDbHVibG9jYWwiOiIxMTE4OSIsImlkQ2x1YnZpc2l0YSI6IjExMTg1IiwiaWRQYXJ0aWRvIjoiMTAyMTIxIiwicGVzdGFuYSI6IjEifQ==/minuto-a-minuto-necaxa-vs-rayados-de-monterrey-jornada-13-estadio-victoria-claro-sports', 'text': ''}","{'type': 'link', 'href': 'https://www.ligafemenil.mx/cancha/mxm/102121/eyJpZERpdmlzaW9uIjoiMTQiLCJpZFRlbXBvcmFkYSI6IjcwIiwiaWRUb3JuZW8iOiIyIiwiaWRDbHVibG9jYWwiOiIxMTE4OSIsImlkQ2x1YnZpc2l0YSI6IjExMTg1IiwiaWRQYXJ0aWRvIjoiMTAyMTIxIiwicGVzdGFuYSI6IjMifQ==/minuto-a-minuto-necaxa-vs-rayados-de-monterrey-jornada-13-estadio-victoria-claro-sports', 'text': ''}","{'type': 'link', 'href': 'https://www.ligafemenil.mx/cancha/informeArbitral/102121/eyJpZERpdmlzaW9uIjoiMTQiLCJpZFRlbXBvcmFkYSI6IjcwIiwiaWRUb3JuZW8iOiIyIiwiaWRDbHVibG9jYWwiOiIxMTE4OSIsImlkQ2x1YnZpc2l0YSI6IjExMTg1In0=/informe-arbitral-necaxa-vs-rayados-de-monterrey-jornada-13-estadio-victoria-claro-sports', 'text': ''}","{'type': 'link', 'href': 'https://www.ligafemenil.mx/cancha/mxm/102121/eyJpZERpdmlzaW9uIjoiMTQiLCJpZFRlbXBvcmFkYSI6IjcwIiwiaWRUb3JuZW8iOiIyIiwiaWRDbHVibG9jYWwiOiIxMTE4OSIsImlkQ2x1YnZpc2l0YSI6IjExMTg1IiwiaWRQYXJ0aWRvIjoiMTAyMTIxIiwicGVzdGFuYSI6IjQifQ==/minuto-a-minuto-necaxa-vs-rayados-de-monterrey-jornada-13-estadio-victoria-claro-sports', 'text': ''}","{'type': 'link', 'href': 'https://www.ligafemenil.mx/cancha/galeria/MTAyMTIxLzEzLzcwLzIvMTQ=/necaxa-vs-rayados-de-monterrey', 'text': ''}","{'type': 'link', 'href': 'https://www.ligafemenil.mx/cancha/playlist/102121/necaxa-vs-rayados-de-monterrey', 'text': ''}"
2019-2020,Clausura,"{'type': 'text', 'value': 'Jueves 23 de Enero de 2025\nTemporada 2019-2020\nTorneo Clausura\nJornada 13\n23 Enero 2025 - 00:00 hrs.'}","{'type': 'link', 'href': 'https://www.ligafemenil.mx/cancha/club/11245/atlas', 'text': ''}","{'type': 'link', 'href': 'https://www.ligafemenil.mx/cancha/informeArbitral/102125/eyJpZERpdmlzaW9uIjoiMTQiLCJpZFRlbXBvcmFkYSI6IjcwIiwiaWRUb3JuZW8iOiIyIiwiaWRDbHVibG9jYWwiOjExMjQ1LCJpZENsdWJ2aXNpdGEiOjExMTg0fQ==/informe-arbitral-atlas-vs-pachuca-jornada-13-estadio-club-atlas-chapalita-tvc-deportes', 'text': '- - -'}","{'type': 'link', 'href': 'https://www.ligafemenil.mx/cancha/club/11184/pachuca', 'text': ''}","{'type': 'link', 'href': 'https://www.ligafemenil.mx/cancha/estadio/35/estadio-club-atlas-chapalita', 'text': 'Club Atlas Chapalita'}","{'type': 'link', 'href': 'https://www.ligafemenil.mx/cancha/mxm/102125/eyJpZERpdmlzaW9uIjoiMTQiLCJpZFRlbXBvcmFkYSI6IjcwIiwiaWRUb3JuZW8iOiIyIiwiaWRDbHVibG9jYWwiOiIxMTI0NSIsImlkQ2x1YnZpc2l0YSI6IjExMTg0IiwiaWRQYXJ0aWRvIjoiMTAyMTI1IiwicGVzdGFuYSI6IjEifQ==/minuto-a-minuto-atlas-vs-pachuca-jornada-13-estadio-club-atlas-chapalita-tvc-deportes', 'text': ''}","{'type': 'link', 'href': 'https://www.ligafemenil.mx/cancha/mxm/102125/eyJpZERpdmlzaW9uIjoiMTQiLCJpZFRlbXBvcmFkYSI6IjcwIiwiaWRUb3JuZW8iOiIyIiwiaWRDbHVibG9jYWwiOiIxMTI0NSIsImlkQ2x1YnZpc2l0YSI6IjExMTg0IiwiaWRQYXJ0aWRvIjoiMTAyMTI1IiwicGVzdGFuYSI6IjMifQ==/minuto-a-minuto-atlas-vs-pachuca-jornada-13-estadio-club-atlas-chapalita-tvc-deportes', 'text': ''}","{'type': 'link', 'href': 'https://www.ligafemenil.mx/cancha/informeArbitral/102125/eyJpZERpdmlzaW9uIjoiMTQiLCJpZFRlbXBvcmFkYSI6IjcwIiwiaWRUb3JuZW8iOiIyIiwiaWRDbHVibG9jYWwiOiIxMTI0NSIsImlkQ2x1YnZpc2l0YSI6IjExMTg0In0=/informe-arbitral-atlas-vs-pachuca-jornada-13-estadio-club-atlas-chapalita-tvc-deportes', 'text': ''}","{'type': 'link', 'href': 'https://www.ligafemenil.mx/cancha/mxm/102125/eyJpZERpdmlzaW9uIjoiMTQiLCJpZFRlbXBvcmFkYSI6IjcwIiwiaWRUb3JuZW8iOiIyIiwiaWRDbHVibG9jYWwiOiIxMTI0NSIsImlkQ2x1YnZpc2l0YSI6IjExMTg0IiwiaWRQYXJ0aWRvIjoiMTAyMTI1IiwicGVzdGFuYSI6IjQifQ==/minuto-a-minuto-atlas-vs-pachuca-jornada-13-estadio-club-atlas-chapalita-tvc-deportes', 'text': ''}","{'type': 'link', 'href': 'https://www.ligafemenil.mx/cancha/galeria/MTAyMTI1LzEzLzcwLzIvMTQ=/atlas-vs-pachuca', 'text': ''}","{'type': 'link', 'href': 'https://www.ligafemenil.mx/cancha/playlist/102125/atlas-vs-pachuca', 'text': ''}"
2019-2020,Clausura,"{'type': 'text', 'value': 'Jueves 23 de Enero de 2025\nTemporada 2019-2020\nTorneo Clausura\nJornada 13\n23 Enero 2025 - 00:00 hrs.'}","{'type': 'link', 'href': 'https://www.ligafemenil.mx/cancha/club/11183/m-morelia', 'text': ''}","{'type': 'link', 'href': 'https://www.ligafemenil.mx/cancha/informeArbitral/102133/eyJpZERpdmlzaW9uIjoiMTQiLCJpZFRlbXBvcmFkYSI6IjcwIiwiaWRUb3JuZW8iOiIyIiwiaWRDbHVibG9jYWwiOjExMTgzLCJpZENsdWJ2aXNpdGEiOjExMTg4fQ==/informe-arbitral-m-morelia-vs-pumas-jornada-13-estadio-jose-maria-morelos-y-pavon-am', 'text': '- - -'}","{'type': 'link', 'href': 'https://www.ligafemenil.mx/cancha/club/11188/pumas', 'text': ''}","{'type': 'link', 'href': 'https://www.ligafemenil.mx/cancha/estadio/10/estadio-jose-maria-morelos-y-pavon', 'text': 'José María Morelos y Pavón'}","{'type': 'link', 'href': 'https://www.ligafemenil.mx/cancha/mxm/102133/eyJpZERpdmlzaW9uIjoiMTQiLCJpZFRlbXBvcmFkYSI6IjcwIiwiaWRUb3JuZW8iOiIyIiwiaWRDbHVibG9jYWwiOiIxMTE4MyIsImlkQ2x1YnZpc2l0YSI6IjExMTg4IiwiaWRQYXJ0aWRvIjoiMTAyMTMzIiwicGVzdGFuYSI6IjEifQ==/minuto-a-minuto-m-morelia-vs-pumas-jornada-13-estadio-jose-maria-morelos-y-pavon-am', 'text': ''}","{'type': 'link', 'href': 'https://www.ligafemenil.mx/cancha/mxm/102133/eyJpZERpdmlzaW9uIjoiMTQiLCJpZFRlbXBvcmFkYSI6IjcwIiwiaWRUb3JuZW8iOiIyIiwiaWRDbHVibG9jYWwiOiIxMTE4MyIsImlkQ2x1YnZpc2l0YSI6IjExMTg4IiwiaWRQYXJ0aWRvIjoiMTAyMTMzIiwicGVzdGFuYSI6IjMifQ==/minuto-a-minuto-m-morelia-vs-pumas-jornada-13-estadio-jose-maria-morelos-y-pavon-am', 'text': ''}","{'type': 'link', 'href': 'https://www.ligafemenil.mx/cancha/informeArbitral/102133/eyJpZERpdmlzaW9uIjoiMTQiLCJpZFRlbXBvcmFkYSI6IjcwIiwiaWRUb3JuZW8iOiIyIiwiaWRDbHVibG9jYWwiOiIxMTE4MyIsImlkQ2x1YnZpc2l0YSI6IjExMTg4In0=/informe-arbitral-m-morelia-vs-pumas-jornada-13-estadio-jose-maria-morelos-y-pavon-am', 'text': ''}","{'type': 'link', 'href': 'https://www.ligafemenil.mx/cancha/mxm/102133/eyJpZERpdmlzaW9uIjoiMTQiLCJpZFRlbXBvcmFkYSI6IjcwIiwiaWRUb3JuZW8iOiIyIiwiaWRDbHVibG9jYWwiOiIxMTE4MyIsImlkQ2x1YnZpc2l0YSI6IjExMTg4IiwiaWRQYXJ0aWRvIjoiMTAyMTMzIiwicGVzdGFuYSI6IjQifQ==/minuto-a-minuto-m-morelia-vs-pumas-jornada-13-estadio-jose-maria-morelos-y-pavon-am', 'text': ''}","{'type': 'link', 'href': 'https://www.ligafemenil.mx/cancha/galeria/MTAyMTMzLzEzLzcwLzIvMTQ=/m-morelia-vs-pumas', 'text': ''}","{'type': 'link', 'href': 'https://www.ligafemenil.mx/cancha/playlist/102133/m-morelia-vs-pumas', 'text': ''}"
2019-2020,Clausura,"{'type': 'text', 'value': 'Jueves 23 de Enero de 2025\nTemporada 2019-2020\nTorneo Clausura\nJornada 13\n23 Enero 2025 - 00:00 hrs.'}","{'type': 'link', 'href': 'https://www.ligafemenil.mx/cancha/club/11191/america', 'text': ''}","{'type': 'link', 'href': 'https://www.ligafemenil.mx/cancha/informeArbitral/102136/eyJpZERpdmlzaW9uIjoiMTQiLCJpZFRlbXBvcmFkYSI6IjcwIiwiaWRUb3JuZW8iOiIyIiwiaWRDbHVibG9jYWwiOjExMTkxLCJpZENsdWJ2aXNpdGEiOjExMTgyfQ==/informe-arbitral-america-vs-guadalajara-jornada-13-estadio-azteca-tudn', 'text': '- - -'}","{'type': 'link', 'href': 'https://www.ligafemenil.mx/cancha/club/11182/guadalajara', 'text': ''}","{'type': 'link', 'href': 'https://www.ligafemenil.mx/cancha/estadio/1/estadio-azteca', 'text': 'Azteca'}","{'type': 'link', 'href': 'https://www.ligafemenil.mx/cancha/mxm/102136/eyJpZERpdmlzaW9uIjoiMTQiLCJpZFRlbXBvcmFkYSI6IjcwIiwiaWRUb3JuZW8iOiIyIiwiaWRDbHVibG9jYWwiOiIxMTE5MSIsImlkQ2x1YnZpc2l0YSI6IjExMTgyIiwiaWRQYXJ0aWRvIjoiMTAyMTM2IiwicGVzdGFuYSI6IjEifQ==/minuto-a-minuto-america-vs-guadalajara-jornada-13-estadio-azteca-tudn', 'text': ''}","{'type': 'link', 'href': 'https://www.ligafemenil.mx/cancha/mxm/102136/eyJpZERpdmlzaW9uIjoiMTQiLCJpZFRlbXBvcmFkYSI6IjcwIiwiaWRUb3JuZW8iOiIyIiwiaWRDbHVibG9jYWwiOiIxMTE5MSIsImlkQ2x1YnZpc2l0YSI6IjExMTgyIiwiaWRQYXJ0aWRvIjoiMTAyMTM2IiwicGVzdGFuYSI6IjMifQ==/minuto-a-minuto-america-vs-guadalajara-jornada-13-estadio-azteca-tudn', 'text': ''}","{'type': 'link', 'href': 'https://www.ligafemenil.mx/cancha/informeArbitral/102136/eyJpZERpdmlzaW9uIjoiMTQiLCJpZFRlbXBvcmFkYSI6IjcwIiwiaWRUb3JuZW8iOiIyIiwiaWRDbHVibG9jYWwiOiIxMTE5MSIsImlkQ2x1YnZpc2l0YSI6IjExMTgyIn0=/informe-arbitral-america-vs-guadalajara-jornada-13-estadio-azteca-tudn', 'text': ''}","{'type': 'link', 'href': 'https://www.ligafemenil.mx/cancha/mxm/102136/eyJpZERpdmlzaW9uIjoiMTQiLCJpZFRlbXBvcmFkYSI6IjcwIiwiaWRUb3JuZW8iOiIyIiwiaWRDbHVibG9jYWwiOiIxMTE5MSIsImlkQ2x1YnZpc2l0YSI6IjExMTgyIiwiaWRQYXJ0aWRvIjoiMTAyMTM2IiwicGVzdGFuYSI6IjQifQ==/minuto-a-minuto-america-vs-guadalajara-jornada-13-estadio-azteca-tudn', 'text': ''}","{'type': 'link', 'href': 'https://www.ligafemenil.mx/cancha/galeria/MTAyMTM2LzEzLzcwLzIvMTQ=/america-vs-guadalajara', 'text': ''}","{'type': 'link', 'href': 'https://www.ligafemenil.mx/cancha/playlist/102136/america-vs-guadalajara', 'text': ''}"
2019-2020,Clausura,"{'type': 'text', 'value': 'Jueves 23 de Enero de 2025\nTemporada 2019-2020\nTorneo Clausura\nJornada 13\n23 Enero 2025 - 00:00 hrs.'}","{'type': 'link', 'href': 'https://www.ligafemenil.mx/cancha/club/11243/leon', 'text': ''}","{'type': 'link', 'href': 'https://www.ligafemenil.mx/cancha/informeArbitral/102138/eyJpZERpdmlzaW9uIjoiMTQiLCJpZFRlbXBvcmFkYSI6IjcwIiwiaWRUb3JuZW8iOiIyIiwiaWRDbHVibG9jYWwiOjExMjQzLCJpZENsdWJ2aXNpdGEiOjExMjQ0fQ==/informe-arbitral-leon-vs-queretaro-jornada-13-estadio-nou-camp-fox-sports', 'text': '- - -'}","{'type': 'link', 'href': 'https://www.ligafemenil.mx/cancha/club/11244/queretaro', 'text': ''}","{'type': 'link', 'href': 'https://www.ligafemenil.mx/cancha/estadio/23/estadio-nou-camp', 'text': 'Nou Camp'}","{'type': 'link', 'href': 'https://www.ligafemenil.mx/cancha/mxm/102138/eyJpZERpdmlzaW9uIjoiMTQiLCJpZFRlbXBvcmFkYSI6IjcwIiwiaWRUb3JuZW8iOiIyIiwiaWRDbHVibG9jYWwiOiIxMTI0MyIsImlkQ2x1YnZpc2l0YSI6IjExMjQ0IiwiaWRQYXJ0aWRvIjoiMTAyMTM4IiwicGVzdGFuYSI6IjEifQ==/minuto-a-minuto-leon-vs-queretaro-jornada-13-estadio-nou-camp-fox-sports', 'text': ''}","{'type': 'link', 'href': 'https://www.ligafemenil.mx/cancha/mxm/102138/eyJpZERpdmlzaW9uIjoiMTQiLCJpZFRlbXBvcmFkYSI6IjcwIiwiaWRUb3JuZW8iOiIyIiwiaWRDbHVibG9jYWwiOiIxMTI0MyIsImlkQ2x1YnZpc2l0YSI6IjExMjQ0IiwiaWRQYXJ0aWRvIjoiMTAyMTM4IiwicGVzdGFuYSI6IjMifQ==/minuto-a-minuto-leon-vs-queretaro-jornada-13-estadio-nou-camp-fox-sports', 'text': ''}","{'type': 'link', 'href': 'https://www.ligafemenil.mx/cancha/informeArbitral/102138/eyJpZERpdmlzaW9uIjoiMTQiLCJpZFRlbXBvcmFkYSI6IjcwIiwiaWRUb3JuZW8iOiIyIiwiaWRDbHVibG9jYWwiOiIxMTI0MyIsImlkQ2x1YnZpc2l0YSI6IjExMjQ0In0=/informe-arbitral-leon-vs-queretaro-jornada-13-estadio-nou-camp-fox-sports', 'text': ''}","{'type': 'link', 'href': 'https://www.ligafemenil.mx/cancha/mxm/102138/eyJpZERpdmlzaW9uIjoiMTQiLCJpZFRlbXBvcmFkYSI6IjcwIiwiaWRUb3JuZW8iOiIyIiwiaWRDbHVibG9jYWwiOiIxMTI0MyIsImlkQ2x1YnZpc2l0YSI6IjExMjQ0IiwiaWRQYXJ0aWRvIjoiMTAyMTM4IiwicGVzdGFuYSI6IjQifQ==/minuto-a-minuto-leon-vs-queretaro-jornada-13-estadio-nou-camp-fox-sports', 'text': ''}","{'type': 'link', 'href': 'https://www.ligafemenil.mx/cancha/galeria/MTAyMTM4LzEzLzcwLzIvMTQ=/leon-vs-queretaro', 'text': ''}","{'type': 'link', 'href': 'https://www.ligafemenil.mx/cancha/playlist/102138/leon-vs-queretaro', 'text': ''}"
2019-2020,Clausura,"{'type': 'text', 'value': 'Jueves 23 de Enero de 2025\nTemporada 2019-2020\nTorneo Clausura\nJornada 13\n23 Enero 2025 - 00:00 hrs.'}","{'type': 'link', 'href': 'https://www.ligafemenil.mx/cancha/club/11778/club-atletico-de-san-luis', 'text': ''}","{'type': 'link', 'href': 'https://www.ligafemenil.mx/cancha/informeArbitral/102140/eyJpZERpdmlzaW9uIjoiMTQiLCJpZFRlbXBvcmFkYSI6IjcwIiwiaWRUb3JuZW8iOiIyIiwiaWRDbHVibG9jYWwiOjExNzc4LCJpZENsdWJ2aXNpdGEiOjExMTg3fQ==/informe-arbitral-club-atletico-de-san-luis-vs-toluca-jornada-13-estadio-alfonso-lastras-ramirez', 'text': '- - -'}","{'type': 'link', 'href': 'https://www.ligafemenil.mx/cancha/club/11187/toluca', 'text': ''}","{'type': 'link', 'href': 'https://www.ligafemenil.mx/cancha/estadio/14/estadio-alfonso-lastras-ramirez', 'text': 'Alfonso Lastras Ramírez'}","{'type': 'link', 'href': 'https://www.ligafemenil.mx/cancha/mxm/102140/eyJpZERpdmlzaW9uIjoiMTQiLCJpZFRlbXBvcmFkYSI6IjcwIiwiaWRUb3JuZW8iOiIyIiwiaWRDbHVibG9jYWwiOiIxMTc3OCIsImlkQ2x1YnZpc2l0YSI6IjExMTg3IiwiaWRQYXJ0aWRvIjoiMTAyMTQwIiwicGVzdGFuYSI6IjEifQ==/minuto-a-minuto-club-atletico-de-san-luis-vs-toluca-jornada-13-estadio-alfonso-lastras-ramirez', 'text': ''}","{'type': 'link', 'href': 'https://www.ligafemenil.mx/cancha/mxm/102140/eyJpZERpdmlzaW9uIjoiMTQiLCJpZFRlbXBvcmFkYSI6IjcwIiwiaWRUb3JuZW8iOiIyIiwiaWRDbHVibG9jYWwiOiIxMTc3OCIsImlkQ2x1YnZpc2l0YSI6IjExMTg3IiwiaWRQYXJ0aWRvIjoiMTAyMTQwIiwicGVzdGFuYSI6IjMifQ==/minuto-a-minuto-club-atletico-de-san-luis-vs-toluca-jornada-13-estadio-alfonso-lastras-ramirez', 'text': ''}","{'type': 'link', 'href': 'https://www.ligafemenil.mx/cancha/informeArbitral/102140/eyJpZERpdmlzaW9uIjoiMTQiLCJpZFRlbXBvcmFkYSI6IjcwIiwiaWRUb3JuZW8iOiIyIiwiaWRDbHVibG9jYWwiOiIxMTc3OCIsImlkQ2x1YnZpc2l0YSI6IjExMTg3In0=/informe-arbitral-club-atletico-de-san-luis-vs-toluca-jornada-13-estadio-alfonso-lastras-ramirez', 'text': ''}","{'type': 'link', 'href': 'https://www.ligafemenil.mx/cancha/mxm/102140/eyJpZERpdmlzaW9uIjoiMTQiLCJpZFRlbXBvcmFkYSI6IjcwIiwiaWRUb3JuZW8iOiIyIiwiaWRDbHVibG9jYWwiOiIxMTc3OCIsImlkQ2x1YnZpc2l0YSI6IjExMTg3IiwiaWRQYXJ0aWRvIjoiMTAyMTQwIiwicGVzdGFuYSI6IjQifQ==/minuto-a-minuto-club-atletico-de-san-luis-vs-toluca-jornada-13-estadio-alfonso-lastras-ramirez', 'text': ''}","{'type': 'link', 'href': 'https://www.ligafemenil.mx/cancha/galeria/MTAyMTQwLzEzLzcwLzIvMTQ=/club-atletico-de-san-luis-vs-toluca', 'text': ''}","{'type': 'link', 'href': 'https://www.ligafemenil.mx/cancha/playlist/102140/club-atletico-de-san-luis-vs-toluca', 'text': ''}"
2019-2020,Clausura,"{'type': 'text', 'value': 'Jueves 23 de Enero de 2025\nTemporada 2019-2020\nTorneo Clausura\nJornada 13\n23 Enero 2025 - 00:00 hrs.'}","{'type': 'link', 'href': 'https://www.ligafemenil.mx/cancha/club/11186/tigres-de-la-uanl', 'text': ''}","{'type': 'link', 'href': 'https://www.ligafemenil.mx/cancha/informeArbitral/102143/eyJpZERpdmlzaW9uIjoiMTQiLCJpZFRlbXBvcmFkYSI6IjcwIiwiaWRUb3JuZW8iOiIyIiwiaWRDbHVibG9jYWwiOjExMTg2LCJpZENsdWJ2aXNpdGEiOjExNzk1fQ==/informe-arbitral-tigres-de-la-uanl-vs-fc-juarez-jornada-13-estadio-universitario-tudn', 'text': '- - -'}","{'type': 'link', 'href': 'https://www.ligafemenil.mx/cancha/club/11795/fc-juarez', 'text': ''}","{'type': 'link', 'href': 'https://www.ligafemenil.mx/cancha/estadio/12/estadio-universitario', 'text': 'Universitario'}","{'type': 'link', 'href': 'https://www.ligafemenil.mx/cancha/mxm/102143/eyJpZERpdmlzaW9uIjoiMTQiLCJpZFRlbXBvcmFkYSI6IjcwIiwiaWRUb3JuZW8iOiIyIiwiaWRDbHVibG9jYWwiOiIxMTE4NiIsImlkQ2x1YnZpc2l0YSI6IjExNzk1IiwiaWRQYXJ0aWRvIjoiMTAyMTQzIiwicGVzdGFuYSI6IjEifQ==/minuto-a-minuto-tigres-de-la-uanl-vs-fc-juarez-jornada-13-estadio-universitario-tudn', 'text': ''}","{'type': 'link', 'href': 'https://www.ligafemenil.mx/cancha/mxm/102143/eyJpZERpdmlzaW9uIjoiMTQiLCJpZFRlbXBvcmFkYSI6IjcwIiwiaWRUb3JuZW8iOiIyIiwiaWRDbHVibG9jYWwiOiIxMTE4NiIsImlkQ2x1YnZpc2l0YSI6IjExNzk1IiwiaWRQYXJ0aWRvIjoiMTAyMTQzIiwicGVzdGFuYSI6IjMifQ==/minuto-a-minuto-tigres-de-la-uanl-vs-fc-juarez-jornada-13-estadio-universitario-tudn', 'text': ''}","{'type': 'link', 'href': 'https://www.ligafemenil.mx/cancha/informeArbitral/102143/eyJpZERpdmlzaW9uIjoiMTQiLCJpZFRlbXBvcmFkYSI6IjcwIiwiaWRUb3JuZW8iOiIyIiwiaWRDbHVibG9jYWwiOiIxMTE4NiIsImlkQ2x1YnZpc2l0YSI6IjExNzk1In0=/informe-arbitral-tigres-de-la-uanl-vs-fc-juarez-jornada-13-estadio-universitario-tudn', 'text': ''}","{'type': 'link', 'href': 'https://www.ligafemenil.mx/cancha/mxm/102143/eyJpZERpdmlzaW9uIjoiMTQiLCJpZFRlbXBvcmFkYSI6IjcwIiwiaWRUb3JuZW8iOiIyIiwiaWRDbHVibG9jYWwiOiIxMTE4NiIsImlkQ2x1YnZpc2l0YSI6IjExNzk1IiwiaWRQYXJ0aWRvIjoiMTAyMTQzIiwicGVzdGFuYSI6IjQifQ==/minuto-a-minuto-tigres-de-la-uanl-vs-fc-juarez-jornada-13-estadio-universitario-tudn', 'text': ''}","{'type': 'link', 'href': 'https://www.ligafemenil.mx/cancha/galeria/MTAyMTQzLzEzLzcwLzIvMTQ=/tigres-de-la-uanl-vs-fc-juarez', 'text': ''}","{'type': 'link', 'href': 'https://www.ligafemenil.mx/cancha/playlist/102143/tigres-de-la-uanl-vs-fc-juarez', 'text': ''}"
2019-2020,Clausura,"{'type': 'text', 'value': 'Jueves 23 de Enero de 2025\nTemporada 2019-2020\nTorneo Clausura\nJornada 13\n23 Enero 2025 - 00:00 hrs.'}","{'type': 'link', 'href': 'https://www.ligafemenil.mx/cancha/club/11192/santos-laguna', 'text': ''}","{'type': 'link', 'href': 'https://www.ligafemenil.mx/cancha/informeArbitral/102145/eyJpZERpdmlzaW9uIjoiMTQiLCJpZFRlbXBvcmFkYSI6IjcwIiwiaWRUb3JuZW8iOiIyIiwiaWRDbHVibG9jYWwiOjExMTkyLCJpZENsdWJ2aXNpdGEiOjExMTgwfQ==/informe-arbitral-santos-laguna-vs-tijuana-jornada-13-estadio-tsm-corona-fox-sports', 'text': '- - -'}","{'type': 'link', 'href': 'https://www.ligafemenil.mx/cancha/club/11180/tijuana', 'text': ''}","{'type': 'link', 'href': 'https://www.ligafemenil.mx/cancha/estadio/63/estadio-tsm-corona', 'text': 'TSM Corona'}","{'type': 'link', 'href': 'https://www.ligafemenil.mx/cancha/mxm/102145/eyJpZERpdmlzaW9uIjoiMTQiLCJpZFRlbXBvcmFkYSI6IjcwIiwiaWRUb3JuZW8iOiIyIiwiaWRDbHVibG9jYWwiOiIxMTE5MiIsImlkQ2x1YnZpc2l0YSI6IjExMTgwIiwiaWRQYXJ0aWRvIjoiMTAyMTQ1IiwicGVzdGFuYSI6IjEifQ==/minuto-a-minuto-santos-laguna-vs-tijuana-jornada-13-estadio-tsm-corona-fox-sports', 'text': ''}","{'type': 'link', 'href': 'https://www.ligafemenil.mx/cancha/mxm/102145/eyJpZERpdmlzaW9uIjoiMTQiLCJpZFRlbXBvcmFkYSI6IjcwIiwiaWRUb3JuZW8iOiIyIiwiaWRDbHVibG9jYWwiOiIxMTE5MiIsImlkQ2x1YnZpc2l0YSI6IjExMTgwIiwiaWRQYXJ0aWRvIjoiMTAyMTQ1IiwicGVzdGFuYSI6IjMifQ==/minuto-a-minuto-santos-laguna-vs-tijuana-jornada-13-estadio-tsm-corona-fox-sports', 'text': ''}","{'type': 'link', 'href': 'https://www.ligafemenil.mx/cancha/informeArbitral/102145/eyJpZERpdmlzaW9uIjoiMTQiLCJpZFRlbXBvcmFkYSI6IjcwIiwiaWRUb3JuZW8iOiIyIiwiaWRDbHVibG9jYWwiOiIxMTE5MiIsImlkQ2x1YnZpc2l0YSI6IjExMTgwIn0=/informe-arbitral-santos-laguna-vs-tijuana-jornada-13-estadio-tsm-corona-fox-sports', 'text': ''}","{'type': 'link', 'href': 'https://www.ligafemenil.mx/cancha/mxm/102145/eyJpZERpdmlzaW9uIjoiMTQiLCJpZFRlbXBvcmFkYSI6IjcwIiwiaWRUb3JuZW8iOiIyIiwiaWRDbHVibG9jYWwiOiIxMTE5MiIsImlkQ2x1YnZpc2l0YSI6IjExMTgwIiwiaWRQYXJ0aWRvIjoiMTAyMTQ1IiwicGVzdGFuYSI6IjQifQ==/minuto-a-minuto-santos-laguna-vs-tijuana-jornada-13-estadio-tsm-corona-fox-sports', 'text': ''}","{'type': 'link', 'href': 'https://www.ligafemenil.mx/cancha/galeria/MTAyMTQ1LzEzLzcwLzIvMTQ=/santos-laguna-vs-tijuana', 'text': ''}","{'type': 'link', 'href': 'https://www.ligafemenil.mx/cancha/playlist/102145/santos-laguna-vs-tijuana', 'text': ''}"
2019-2020,Clausura,"{'type': 'text', 'value': 'Jueves 23 de Enero de 2025\nTemporada 2019-2020\nTorneo Clausura\nJornada 14\n23 Enero 2025 - 00:00 hrs.'}","{'type': 'link', 'href': 'https://www.ligafemenil.mx/cancha/club/11244/queretaro', 'text': ''}","{'type': 'link', 'href': 'https://www.ligafemenil.mx/cancha/informeArbitral/102147/eyJpZERpdmlzaW9uIjoiMTQiLCJpZFRlbXBvcmFkYSI6IjcwIiwiaWRUb3JuZW8iOiIyIiwiaWRDbHVibG9jYWwiOjExMjQ0LCJpZENsdWJ2aXNpdGEiOjExNzc4fQ==/informe-arbitral-queretaro-vs-club-atletico-de-san-luis-jornada-14-estadio-la-corregidora-tvc-deportes', 'text': '- - -'}","{'type': 'link', 'href': 'https://www.ligafemenil.mx/cancha/club/11778/club-atletico-de-san-luis', 'text': ''}","{'type': 'link', 'href': 'https://www.ligafemenil.mx/cancha/estadio/25/estadio-la-corregidora', 'text': 'La Corregidora'}","{'type': 'link', 'href': 'https://www.ligafemenil.mx/cancha/mxm/102147/eyJpZERpdmlzaW9uIjoiMTQiLCJpZFRlbXBvcmFkYSI6IjcwIiwiaWRUb3JuZW8iOiIyIiwiaWRDbHVibG9jYWwiOiIxMTI0NCIsImlkQ2x1YnZpc2l0YSI6IjExNzc4IiwiaWRQYXJ0aWRvIjoiMTAyMTQ3IiwicGVzdGFuYSI6IjEifQ==/minuto-a-minuto-queretaro-vs-club-atletico-de-san-luis-jornada-14-estadio-la-corregidora-tvc-deportes', 'text': ''}","{'type': 'link', 'href': 'https://www.ligafemenil.mx/cancha/mxm/102147/eyJpZERpdmlzaW9uIjoiMTQiLCJpZFRlbXBvcmFkYSI6IjcwIiwiaWRUb3JuZW8iOiIyIiwiaWRDbHVibG9jYWwiOiIxMTI0NCIsImlkQ2x1YnZpc2l0YSI6IjExNzc4IiwiaWRQYXJ0aWRvIjoiMTAyMTQ3IiwicGVzdGFuYSI6IjMifQ==/minuto-a-minuto-queretaro-vs-club-atletico-de-san-luis-jornada-14-estadio-la-corregidora-tvc-deportes', 'text': ''}","{'type': 'link', 'href': 'https://www.ligafemenil.mx/cancha/informeArbitral/102147/eyJpZERpdmlzaW9uIjoiMTQiLCJpZFRlbXBvcmFkYSI6IjcwIiwiaWRUb3JuZW8iOiIyIiwiaWRDbHVibG9jYWwiOiIxMTI0NCIsImlkQ2x1YnZpc2l0YSI6IjExNzc4In0=/informe-arbitral-queretaro-vs-club-atletico-de-san-luis-jornada-14-estadio-la-corregidora-tvc-deportes', 'text': ''}","{'type': 'link', 'href': 'https://www.ligafemenil.mx/cancha/mxm/102147/eyJpZERpdmlzaW9uIjoiMTQiLCJpZFRlbXBvcmFkYSI6IjcwIiwiaWRUb3JuZW8iOiIyIiwiaWRDbHVibG9jYWwiOiIxMTI0NCIsImlkQ2x1YnZpc2l0YSI6IjExNzc4IiwiaWRQYXJ0aWRvIjoiMTAyMTQ3IiwicGVzdGFuYSI6IjQifQ==/minuto-a-minuto-queretaro-vs-club-atletico-de-san-luis-jornada-14-estadio-la-corregidora-tvc-deportes', 'text': ''}","{'type': 'link', 'href': 'https://www.ligafemenil.mx/cancha/galeria/MTAyMTQ3LzE0LzcwLzIvMTQ=/queretaro-vs-club-atletico-de-san-luis', 'text': ''}","{'type': 'link', 'href': 'https://www.ligafemenil.mx/cancha/playlist/102147/queretaro-vs-club-atletico-de-san-luis', 'text': ''}"
2019-2020,Clausura,"{'type': 'text', 'value': 'Jueves 23 de Enero de 2025\nTemporada 2019-2020\nTorneo Clausura\nJornada 14\n23 Enero 2025 - 00:00 hrs.'}","{'type': 'link', 'href': 'https://www.ligafemenil.mx/cancha/club/11795/fc-juarez', 'text': ''}","{'type': 'link', 'href': 'https://www.ligafemenil.mx/cancha/informeArbitral/102150/eyJpZERpdmlzaW9uIjoiMTQiLCJpZFRlbXBvcmFkYSI6IjcwIiwiaWRUb3JuZW8iOiIyIiwiaWRDbHVibG9jYWwiOjExNzk1LCJpZENsdWJ2aXNpdGEiOjExMjQzfQ==/informe-arbitral-fc-juarez-vs-leon-jornada-14-estadio-olimpico-benito-juarez-tudn', 'text': '- - -'}","{'type': 'link', 'href': 'https://www.ligafemenil.mx/cancha/club/11243/leon', 'text': ''}","{'type': 'link', 'href': 'https://www.ligafemenil.mx/cancha/estadio/17/estadio-olimpico-benito-juarez', 'text': 'Olímpico Benito Juárez'}","{'type': 'link', 'href': 'https://www.ligafemenil.mx/cancha/mxm/102150/eyJpZERpdmlzaW9uIjoiMTQiLCJpZFRlbXBvcmFkYSI6IjcwIiwiaWRUb3JuZW8iOiIyIiwiaWRDbHVibG9jYWwiOiIxMTc5NSIsImlkQ2x1YnZpc2l0YSI6IjExMjQzIiwiaWRQYXJ0aWRvIjoiMTAyMTUwIiwicGVzdGFuYSI6IjEifQ==/minuto-a-minuto-fc-juarez-vs-leon-jornada-14-estadio-olimpico-benito-juarez-tudn', 'text': ''}","{'type': 'link', 'href': 'https://www.ligafemenil.mx/cancha/mxm/102150/eyJpZERpdmlzaW9uIjoiMTQiLCJpZFRlbXBvcmFkYSI6IjcwIiwiaWRUb3JuZW8iOiIyIiwiaWRDbHVibG9jYWwiOiIxMTc5NSIsImlkQ2x1YnZpc2l0YSI6IjExMjQzIiwiaWRQYXJ0aWRvIjoiMTAyMTUwIiwicGVzdGFuYSI6IjMifQ==/minuto-a-minuto-fc-juarez-vs-leon-jornada-14-estadio-olimpico-benito-juarez-tudn', 'text': ''}","{'type': 'link', 'href': 'https://www.ligafemenil.mx/cancha/informeArbitral/102150/eyJpZERpdmlzaW9uIjoiMTQiLCJpZFRlbXBvcmFkYSI6IjcwIiwiaWRUb3JuZW8iOiIyIiwiaWRDbHVibG9jYWwiOiIxMTc5NSIsImlkQ2x1YnZpc2l0YSI6IjExMjQzIn0=/informe-arbitral-fc-juarez-vs-leon-jornada-14-estadio-olimpico-benito-juarez-tudn', 'text': ''}","{'type': 'link', 'href': 'https://www.ligafemenil.mx/cancha/mxm/102150/eyJpZERpdmlzaW9uIjoiMTQiLCJpZFRlbXBvcmFkYSI6IjcwIiwiaWRUb3JuZW8iOiIyIiwiaWRDbHVibG9jYWwiOiIxMTc5NSIsImlkQ2x1YnZpc2l0YSI6IjExMjQzIiwiaWRQYXJ0aWRvIjoiMTAyMTUwIiwicGVzdGFuYSI6IjQifQ==/minuto-a-minuto-fc-juarez-vs-leon-jornada-14-estadio-olimpico-benito-juarez-tudn', 'text': ''}","{'type': 'link', 'href': 'https://www.ligafemenil.mx/cancha/galeria/MTAyMTUwLzE0LzcwLzIvMTQ=/fc-juarez-vs-leon', 'text': ''}","{'type': 'link', 'href': 'https://www.ligafemenil.mx/cancha/playlist/102150/fc-juarez-vs-leon', 'text': ''}"
2019-2020,Clausura,"{'type': 'text', 'value': 'Jueves 23 de Enero de 2025\nTemporada 2019-2020\nTorneo Clausura\nJornada 14\n23 Enero 2025 - 00:00 hrs.'}","{'type': 'link', 'href': 'https://www.ligafemenil.mx/cancha/club/11188/pumas', 'text': ''}","{'type': 'link', 'href': 'https://www.ligafemenil.mx/cancha/informeArbitral/102153/eyJpZERpdmlzaW9uIjoiMTQiLCJpZFRlbXBvcmFkYSI6IjcwIiwiaWRUb3JuZW8iOiIyIiwiaWRDbHVibG9jYWwiOjExMTg4LCJpZENsdWJ2aXNpdGEiOjExMTg5fQ==/informe-arbitral-pumas-vs-necaxa-jornada-14-estadio-la-cantera-tudn', 'text': '- - -'}","{'type': 'link', 'href': 'https://www.ligafemenil.mx/cancha/club/11189/necaxa', 'text': ''}","{'type': 'link', 'href': 'https://www.ligafemenil.mx/cancha/estadio/37/estadio-la-cantera', 'text': 'La Cantera'}","{'type': 'link', 'href': 'https://www.ligafemenil.mx/cancha/mxm/102153/eyJpZERpdmlzaW9uIjoiMTQiLCJpZFRlbXBvcmFkYSI6IjcwIiwiaWRUb3JuZW8iOiIyIiwiaWRDbHVibG9jYWwiOiIxMTE4OCIsImlkQ2x1YnZpc2l0YSI6IjExMTg5IiwiaWRQYXJ0aWRvIjoiMTAyMTUzIiwicGVzdGFuYSI6IjEifQ==/minuto-a-minuto-pumas-vs-necaxa-jornada-14-estadio-la-cantera-tudn', 'text': ''}","{'type': 'link', 'href': 'https://www.ligafemenil.mx/cancha/mxm/102153/eyJpZERpdmlzaW9uIjoiMTQiLCJpZFRlbXBvcmFkYSI6IjcwIiwiaWRUb3JuZW8iOiIyIiwiaWRDbHVibG9jYWwiOiIxMTE4OCIsImlkQ2x1YnZpc2l0YSI6IjExMTg5IiwiaWRQYXJ0aWRvIjoiMTAyMTUzIiwicGVzdGFuYSI6IjMifQ==/minuto-a-minuto-pumas-vs-necaxa-jornada-14-estadio-la-cantera-tudn', 'text': ''}","{'type': 'link', 'href': 'https://www.ligafemenil.mx/cancha/informeArbitral/102153/eyJpZERpdmlzaW9uIjoiMTQiLCJpZFRlbXBvcmFkYSI6IjcwIiwiaWRUb3JuZW8iOiIyIiwiaWRDbHVibG9jYWwiOiIxMTE4OCIsImlkQ2x1YnZpc2l0YSI6IjExMTg5In0=/informe-arbitral-pumas-vs-necaxa-jornada-14-estadio-la-cantera-tudn', 'text': ''}","{'type': 'link', 'href': 'https://www.ligafemenil.mx/cancha/mxm/102153/eyJpZERpdmlzaW9uIjoiMTQiLCJpZFRlbXBvcmFkYSI6IjcwIiwiaWRUb3JuZW8iOiIyIiwiaWRDbHVibG9jYWwiOiIxMTE4OCIsImlkQ2x1YnZpc2l0YSI6IjExMTg5IiwiaWRQYXJ0aWRvIjoiMTAyMTUzIiwicGVzdGFuYSI6IjQifQ==/minuto-a-minuto-pumas-vs-necaxa-jornada-14-estadio-la-cantera-tudn', 'text': ''}","{'type': 'link', 'href': 'https://www.ligafemenil.mx/cancha/galeria/MTAyMTUzLzE0LzcwLzIvMTQ=/pumas-vs-necaxa', 'text': ''}","{'type': 'link', 'href': 'https://www.ligafemenil.mx/cancha/playlist/102153/pumas-vs-necaxa', 'text': ''}"
2019-2020,Clausura,"{'type': 'text', 'value': 'Jueves 23 de Enero de 2025\nTemporada 2019-2020\nTorneo Clausura\nJornada 14\n23 Enero 2025 - 00:00 hrs.'}","{'type': 'link', 'href': 'https://www.ligafemenil.mx/cancha/club/11182/guadalajara', 'text': ''}","{'type': 'link', 'href': 'https://www.ligafemenil.mx/cancha/informeArbitral/102156/eyJpZERpdmlzaW9uIjoiMTQiLCJpZFRlbXBvcmFkYSI6IjcwIiwiaWRUb3JuZW8iOiIyIiwiaWRDbHVibG9jYWwiOjExMTgyLCJpZENsdWJ2aXNpdGEiOjExMTg2fQ==/informe-arbitral-guadalajara-vs-tigres-de-la-uanl-jornada-14-estadio-akron-fox-sports', 'text': '- - -'}","{'type': 'link', 'href': 'https://www.ligafemenil.mx/cancha/club/11186/tigres-de-la-uanl', 'text': ''}","{'type': 'link', 'href': 'https://www.ligafemenil.mx/cancha/estadio/1538/estadio-akron', 'text': 'Estadio AKRON'}","{'type': 'link', 'href': 'https://www.ligafemenil.mx/cancha/mxm/102156/eyJpZERpdmlzaW9uIjoiMTQiLCJpZFRlbXBvcmFkYSI6IjcwIiwiaWRUb3JuZW8iOiIyIiwiaWRDbHVibG9jYWwiOiIxMTE4MiIsImlkQ2x1YnZpc2l0YSI6IjExMTg2IiwiaWRQYXJ0aWRvIjoiMTAyMTU2IiwicGVzdGFuYSI6IjEifQ==/minuto-a-minuto-guadalajara-vs-tigres-de-la-uanl-jornada-14-estadio-akron-fox-sports', 'text': ''}","{'type': 'link', 'href': 'https://www.ligafemenil.mx/cancha/mxm/102156/eyJpZERpdmlzaW9uIjoiMTQiLCJpZFRlbXBvcmFkYSI6IjcwIiwiaWRUb3JuZW8iOiIyIiwiaWRDbHVibG9jYWwiOiIxMTE4MiIsImlkQ2x1YnZpc2l0YSI6IjExMTg2IiwiaWRQYXJ0aWRvIjoiMTAyMTU2IiwicGVzdGFuYSI6IjMifQ==/minuto-a-minuto-guadalajara-vs-tigres-de-la-uanl-jornada-14-estadio-akron-fox-sports', 'text': ''}","{'type': 'link', 'href': 'https://www.ligafemenil.mx/cancha/informeArbitral/102156/eyJpZERpdmlzaW9uIjoiMTQiLCJpZFRlbXBvcmFkYSI6IjcwIiwiaWRUb3JuZW8iOiIyIiwiaWRDbHVibG9jYWwiOiIxMTE4MiIsImlkQ2x1YnZpc2l0YSI6IjExMTg2In0=/informe-arbitral-guadalajara-vs-tigres-de-la-uanl-jornada-14-estadio-akron-fox-sports', 'text': ''}","{'type': 'link', 'href': 'https://www.ligafemenil.mx/cancha/mxm/102156/eyJpZERpdmlzaW9uIjoiMTQiLCJpZFRlbXBvcmFkYSI6IjcwIiwiaWRUb3JuZW8iOiIyIiwiaWRDbHVibG9jYWwiOiIxMTE4MiIsImlkQ2x1YnZpc2l0YSI6IjExMTg2IiwiaWRQYXJ0aWRvIjoiMTAyMTU2IiwicGVzdGFuYSI6IjQifQ==/minuto-a-minuto-guadalajara-vs-tigres-de-la-uanl-jornada-14-estadio-akron-fox-sports', 'text': ''}","{'type': 'link', 'href': 'https://www.ligafemenil.mx/cancha/galeria/MTAyMTU2LzE0LzcwLzIvMTQ=/guadalajara-vs-tigres-de-la-uanl', 'text': ''}","{'type': 'link', 'href': 'https://www.ligafemenil.mx/cancha/playlist/102156/guadalajara-vs-tigres-de-la-uanl', 'text': ''}"
2019-2020,Clausura,"{'type': 'text', 'value': 'Jueves 23 de Enero de 2025\nTemporada 2019-2020\nTorneo Clausura\nJornada 14\n23 Enero 2025 - 00:00 hrs.'}","{'type': 'link', 'href': 'https://www.ligafemenil.mx/cancha/club/11543/puebla-fc', 'text': ''}","{'type': 'link', 'href': 'https://www.ligafemenil.mx/cancha/informeArbitral/102159/eyJpZERpdmlzaW9uIjoiMTQiLCJpZFRlbXBvcmFkYSI6IjcwIiwiaWRUb3JuZW8iOiIyIiwiaWRDbHVibG9jYWwiOjExNTQzLCJpZENsdWJ2aXNpdGEiOjExMTkyfQ==/informe-arbitral-puebla-fc-vs-santos-laguna-jornada-14-estadio-cuauhtemoc-tvc-deportes', 'text': '- - -'}","{'type': 'link', 'href': 'https://www.ligafemenil.mx/cancha/club/11192/santos-laguna', 'text': ''}","{'type': 'link', 'href': 'https://www.ligafemenil.mx/cancha/estadio/9/estadio-cuauhtemoc', 'text': 'Cuauhtémoc'}","{'type': 'link', 'href': 'https://www.ligafemenil.mx/cancha/mxm/102159/eyJpZERpdmlzaW9uIjoiMTQiLCJpZFRlbXBvcmFkYSI6IjcwIiwiaWRUb3JuZW8iOiIyIiwiaWRDbHVibG9jYWwiOiIxMTU0MyIsImlkQ2x1YnZpc2l0YSI6IjExMTkyIiwiaWRQYXJ0aWRvIjoiMTAyMTU5IiwicGVzdGFuYSI6IjEifQ==/minuto-a-minuto-puebla-fc-vs-santos-laguna-jornada-14-estadio-cuauhtemoc-tvc-deportes', 'text': ''}","{'type': 'link', 'href': 'https://www.ligafemenil.mx/cancha/mxm/102159/eyJpZERpdmlzaW9uIjoiMTQiLCJpZFRlbXBvcmFkYSI6IjcwIiwiaWRUb3JuZW8iOiIyIiwiaWRDbHVibG9jYWwiOiIxMTU0MyIsImlkQ2x1YnZpc2l0YSI6IjExMTkyIiwiaWRQYXJ0aWRvIjoiMTAyMTU5IiwicGVzdGFuYSI6IjMifQ==/minuto-a-minuto-puebla-fc-vs-santos-laguna-jornada-14-estadio-cuauhtemoc-tvc-deportes', 'text': ''}","{'type': 'link', 'href': 'https://www.ligafemenil.mx/cancha/informeArbitral/102159/eyJpZERpdmlzaW9uIjoiMTQiLCJpZFRlbXBvcmFkYSI6IjcwIiwiaWRUb3JuZW8iOiIyIiwiaWRDbHVibG9jYWwiOiIxMTU0MyIsImlkQ2x1YnZpc2l0YSI6IjExMTkyIn0=/informe-arbitral-puebla-fc-vs-santos-laguna-jornada-14-estadio-cuauhtemoc-tvc-deportes', 'text': ''}","{'type': 'link', 'href': 'https://www.ligafemenil.mx/cancha/mxm/102159/eyJpZERpdmlzaW9uIjoiMTQiLCJpZFRlbXBvcmFkYSI6IjcwIiwiaWRUb3JuZW8iOiIyIiwiaWRDbHVibG9jYWwiOiIxMTU0MyIsImlkQ2x1YnZpc2l0YSI6IjExMTkyIiwiaWRQYXJ0aWRvIjoiMTAyMTU5IiwicGVzdGFuYSI6IjQifQ==/minuto-a-minuto-puebla-fc-vs-santos-laguna-jornada-14-estadio-cuauhtemoc-tvc-deportes', 'text': ''}","{'type': 'link', 'href': 'https://www.ligafemenil.mx/cancha/galeria/MTAyMTU5LzE0LzcwLzIvMTQ=/puebla-fc-vs-santos-laguna', 'text': ''}","{'type': 'link', 'href': 'https://www.ligafemenil.mx/cancha/playlist/102159/puebla-fc-vs-santos-laguna', 'text': ''}"
2019-2020,Clausura,"{'type': 'text', 'value': 'Jueves 23 de Enero de 2025\nTemporada 2019-2020\nTorneo Clausura\nJornada 14\n23 Enero 2025 - 00:00 hrs.'}","{'type': 'link', 'href': 'https://www.ligafemenil.mx/cancha/club/11187/toluca', 'text': ''}","{'type': 'link', 'href': 'https://www.ligafemenil.mx/cancha/informeArbitral/102161/eyJpZERpdmlzaW9uIjoiMTQiLCJpZFRlbXBvcmFkYSI6IjcwIiwiaWRUb3JuZW8iOiIyIiwiaWRDbHVibG9jYWwiOjExMTg3LCJpZENsdWJ2aXNpdGEiOjExMjQ1fQ==/informe-arbitral-toluca-vs-atlas-jornada-14-estadio-nemesio-diez-tudn', 'text': '- - -'}","{'type': 'link', 'href': 'https://www.ligafemenil.mx/cancha/club/11245/atlas', 'text': ''}","{'type': 'link', 'href': 'https://www.ligafemenil.mx/cancha/estadio/6/estadio-nemesio-diez', 'text': 'Nemesio Diez'}","{'type': 'link', 'href': 'https://www.ligafemenil.mx/cancha/mxm/102161/eyJpZERpdmlzaW9uIjoiMTQiLCJpZFRlbXBvcmFkYSI6IjcwIiwiaWRUb3JuZW8iOiIyIiwiaWRDbHVibG9jYWwiOiIxMTE4NyIsImlkQ2x1YnZpc2l0YSI6IjExMjQ1IiwiaWRQYXJ0aWRvIjoiMTAyMTYxIiwicGVzdGFuYSI6IjEifQ==/minuto-a-minuto-toluca-vs-atlas-jornada-14-estadio-nemesio-diez-tudn', 'text': ''}","{'type': 'link', 'href': 'https://www.ligafemenil.mx/cancha/mxm/102161/eyJpZERpdmlzaW9uIjoiMTQiLCJpZFRlbXBvcmFkYSI6IjcwIiwiaWRUb3JuZW8iOiIyIiwiaWRDbHVibG9jYWwiOiIxMTE4NyIsImlkQ2x1YnZpc2l0YSI6IjExMjQ1IiwiaWRQYXJ0aWRvIjoiMTAyMTYxIiwicGVzdGFuYSI6IjMifQ==/minuto-a-minuto-toluca-vs-atlas-jornada-14-estadio-nemesio-diez-tudn', 'text': ''}","{'type': 'link', 'href': 'https://www.ligafemenil.mx/cancha/informeArbitral/102161/eyJpZERpdmlzaW9uIjoiMTQiLCJpZFRlbXBvcmFkYSI6IjcwIiwiaWRUb3JuZW8iOiIyIiwiaWRDbHVibG9jYWwiOiIxMTE4NyIsImlkQ2x1YnZpc2l0YSI6IjExMjQ1In0=/informe-arbitral-toluca-vs-atlas-jornada-14-estadio-nemesio-diez-tudn', 'text': ''}","{'type': 'link', 'href': 'https://www.ligafemenil.mx/cancha/mxm/102161/eyJpZERpdmlzaW9uIjoiMTQiLCJpZFRlbXBvcmFkYSI6IjcwIiwiaWRUb3JuZW8iOiIyIiwiaWRDbHVibG9jYWwiOiIxMTE4NyIsImlkQ2x1YnZpc2l0YSI6IjExMjQ1IiwiaWRQYXJ0aWRvIjoiMTAyMTYxIiwicGVzdGFuYSI6IjQifQ==/minuto-a-minuto-toluca-vs-atlas-jornada-14-estadio-nemesio-diez-tudn', 'text': ''}","{'type': 'link', 'href': 'https://www.ligafemenil.mx/cancha/galeria/MTAyMTYxLzE0LzcwLzIvMTQ=/toluca-vs-atlas', 'text': ''}","{'type': 'link', 'href': 'https://www.ligafemenil.mx/cancha/playlist/102161/toluca-vs-atlas', 'text': ''}"
2019-2020,Clausura,"{'type': 'text', 'value': 'Jueves 23 de Enero de 2025\nTemporada 2019-2020\nTorneo Clausura\nJornada 14\n23 Enero 2025 - 00:00 hrs.'}","{'type': 'link', 'href': 'https://www.ligafemenil.mx/cancha/club/11184/pachuca', 'text': ''}","{'type': 'link', 'href': 'https://www.ligafemenil.mx/cancha/informeArbitral/102163/eyJpZERpdmlzaW9uIjoiMTQiLCJpZFRlbXBvcmFkYSI6IjcwIiwiaWRUb3JuZW8iOiIyIiwiaWRDbHVibG9jYWwiOjExMTg0LCJpZENsdWJ2aXNpdGEiOjExMTkxfQ==/informe-arbitral-pachuca-vs-america-jornada-14-estadio-hidalgo-fox-sports', 'text': '- - -'}","{'type': 'link', 'href': 'https://www.ligafemenil.mx/cancha/club/11191/america', 'text': ''}","{'type': 'link', 'href': 'https://www.ligafemenil.mx/cancha/estadio/11/estadio-hidalgo', 'text': 'Hidalgo'}","{'type': 'link', 'href': 'https://www.ligafemenil.mx/cancha/mxm/102163/eyJpZERpdmlzaW9uIjoiMTQiLCJpZFRlbXBvcmFkYSI6IjcwIiwiaWRUb3JuZW8iOiIyIiwiaWRDbHVibG9jYWwiOiIxMTE4NCIsImlkQ2x1YnZpc2l0YSI6IjExMTkxIiwiaWRQYXJ0aWRvIjoiMTAyMTYzIiwicGVzdGFuYSI6IjEifQ==/minuto-a-minuto-pachuca-vs-america-jornada-14-estadio-hidalgo-fox-sports', 'text': ''}","{'type': 'link', 'href': 'https://www.ligafemenil.mx/cancha/mxm/102163/eyJpZERpdmlzaW9uIjoiMTQiLCJpZFRlbXBvcmFkYSI6IjcwIiwiaWRUb3JuZW8iOiIyIiwiaWRDbHVibG9jYWwiOiIxMTE4NCIsImlkQ2x1YnZpc2l0YSI6IjExMTkxIiwiaWRQYXJ0aWRvIjoiMTAyMTYzIiwicGVzdGFuYSI6IjMifQ==/minuto-a-minuto-pachuca-vs-america-jornada-14-estadio-hidalgo-fox-sports', 'text': ''}","{'type': 'link', 'href': 'https://www.ligafemenil.mx/cancha/informeArbitral/102163/eyJpZERpdmlzaW9uIjoiMTQiLCJpZFRlbXBvcmFkYSI6IjcwIiwiaWRUb3JuZW8iOiIyIiwiaWRDbHVibG9jYWwiOiIxMTE4NCIsImlkQ2x1YnZpc2l0YSI6IjExMTkxIn0=/informe-arbitral-pachuca-vs-america-jornada-14-estadio-hidalgo-fox-sports', 'text': ''}","{'type': 'link', 'href': 'https://www.ligafemenil.mx/cancha/mxm/102163/eyJpZERpdmlzaW9uIjoiMTQiLCJpZFRlbXBvcmFkYSI6IjcwIiwiaWRUb3JuZW8iOiIyIiwiaWRDbHVibG9jYWwiOiIxMTE4NCIsImlkQ2x1YnZpc2l0YSI6IjExMTkxIiwiaWRQYXJ0aWRvIjoiMTAyMTYzIiwicGVzdGFuYSI6IjQifQ==/minuto-a-minuto-pachuca-vs-america-jornada-14-estadio-hidalgo-fox-sports', 'text': ''}","{'type': 'link', 'href': 'https://www.ligafemenil.mx/cancha/galeria/MTAyMTYzLzE0LzcwLzIvMTQ=/pachuca-vs-america', 'text': ''}","{'type': 'link', 'href': 'https://www.ligafemenil.mx/cancha/playlist/102163/pachuca-vs-america', 'text': ''}"
2019-2020,Clausura,"{'type': 'text', 'value': 'Jueves 23 de Enero de 2025\nTemporada 2019-2020\nTorneo Clausura\nJornada 14\n23 Enero 2025 - 00:00 hrs.'}","{'type': 'link', 'href': 'https://www.ligafemenil.mx/cancha/club/11185/rayados-de-monterrey', 'text': ''}","{'type': 'link', 'href': 'https://www.ligafemenil.mx/cancha/informeArbitral/102165/eyJpZERpdmlzaW9uIjoiMTQiLCJpZFRlbXBvcmFkYSI6IjcwIiwiaWRUb3JuZW8iOiIyIiwiaWRDbHVibG9jYWwiOjExMTg1LCJpZENsdWJ2aXNpdGEiOjExMTgzfQ==/informe-arbitral-rayados-de-monterrey-vs-m-morelia-jornada-14-estadio-el-barrial', 'text': '- - -'}","{'type': 'link', 'href': 'https://www.ligafemenil.mx/cancha/club/11183/m-morelia', 'text': ''}","{'type': 'link', 'href': 'https://www.ligafemenil.mx/cancha/estadio/675/estadio-el-barrial', 'text': 'El Barrial'}","{'type': 'link', 'href': 'https://www.ligafemenil.mx/cancha/mxm/102165/eyJpZERpdmlzaW9uIjoiMTQiLCJpZFRlbXBvcmFkYSI6IjcwIiwiaWRUb3JuZW8iOiIyIiwiaWRDbHVibG9jYWwiOiIxMTE4NSIsImlkQ2x1YnZpc2l0YSI6IjExMTgzIiwiaWRQYXJ0aWRvIjoiMTAyMTY1IiwicGVzdGFuYSI6IjEifQ==/minuto-a-minuto-rayados-de-monterrey-vs-m-morelia-jornada-14-estadio-el-barrial', 'text': ''}","{'type': 'link', 'href': 'https://www.ligafemenil.mx/cancha/mxm/102165/eyJpZERpdmlzaW9uIjoiMTQiLCJpZFRlbXBvcmFkYSI6IjcwIiwiaWRUb3JuZW8iOiIyIiwiaWRDbHVibG9jYWwiOiIxMTE4NSIsImlkQ2x1YnZpc2l0YSI6IjExMTgzIiwiaWRQYXJ0aWRvIjoiMTAyMTY1IiwicGVzdGFuYSI6IjMifQ==/minuto-a-minuto-rayados-de-monterrey-vs-m-morelia-jornada-14-estadio-el-barrial', 'text': ''}","{'type': 'link', 'href': 'https://www.ligafemenil.mx/cancha/informeArbitral/102165/eyJpZERpdmlzaW9uIjoiMTQiLCJpZFRlbXBvcmFkYSI6IjcwIiwiaWRUb3JuZW8iOiIyIiwiaWRDbHVibG9jYWwiOiIxMTE4NSIsImlkQ2x1YnZpc2l0YSI6IjExMTgzIn0=/informe-arbitral-rayados-de-monterrey-vs-m-morelia-jornada-14-estadio-el-barrial', 'text': ''}","{'type': 'link', 'href': 'https://www.ligafemenil.mx/cancha/mxm/102165/eyJpZERpdmlzaW9uIjoiMTQiLCJpZFRlbXBvcmFkYSI6IjcwIiwiaWRUb3JuZW8iOiIyIiwiaWRDbHVibG9jYWwiOiIxMTE4NSIsImlkQ2x1YnZpc2l0YSI6IjExMTgzIiwiaWRQYXJ0aWRvIjoiMTAyMTY1IiwicGVzdGFuYSI6IjQifQ==/minuto-a-minuto-rayados-de-monterrey-vs-m-morelia-jornada-14-estadio-el-barrial', 'text': ''}","{'type': 'link', 'href': 'https://www.ligafemenil.mx/cancha/galeria/MTAyMTY1LzE0LzcwLzIvMTQ=/rayados-de-monterrey-vs-m-morelia', 'text': ''}","{'type': 'link', 'href': 'https://www.ligafemenil.mx/cancha/playlist/102165/rayados-de-monterrey-vs-m-morelia', 'text': ''}"
2019-2020,Clausura,"{'type': 'text', 'value': 'Jueves 23 de Enero de 2025\nTemporada 2019-2020\nTorneo Clausura\nJornada 15\n23 Enero 2025 - 00:00 hrs.'}","{'type': 'link', 'href': 'https://www.ligafemenil.mx/cancha/club/11243/leon', 'text': ''}","{'type': 'link', 'href': 'https://www.ligafemenil.mx/cancha/informeArbitral/102180/eyJpZERpdmlzaW9uIjoiMTQiLCJpZFRlbXBvcmFkYSI6IjcwIiwiaWRUb3JuZW8iOiIyIiwiaWRDbHVibG9jYWwiOjExMjQzLCJpZENsdWJ2aXNpdGEiOjExMjQ1fQ==/informe-arbitral-leon-vs-atlas-jornada-15-estadio-nou-camp-fox-sports', 'text': '- - -'}","{'type': 'link', 'href': 'https://www.ligafemenil.mx/cancha/club/11245/atlas', 'text': ''}","{'type': 'link', 'href': 'https://www.ligafemenil.mx/cancha/estadio/23/estadio-nou-camp', 'text': 'Nou Camp'}","{'type': 'link', 'href': 'https://www.ligafemenil.mx/cancha/mxm/102180/eyJpZERpdmlzaW9uIjoiMTQiLCJpZFRlbXBvcmFkYSI6IjcwIiwiaWRUb3JuZW8iOiIyIiwiaWRDbHVibG9jYWwiOiIxMTI0MyIsImlkQ2x1YnZpc2l0YSI6IjExMjQ1IiwiaWRQYXJ0aWRvIjoiMTAyMTgwIiwicGVzdGFuYSI6IjEifQ==/minuto-a-minuto-leon-vs-atlas-jornada-15-estadio-nou-camp-fox-sports', 'text': ''}","{'type': 'link', 'href': 'https://www.ligafemenil.mx/cancha/mxm/102180/eyJpZERpdmlzaW9uIjoiMTQiLCJpZFRlbXBvcmFkYSI6IjcwIiwiaWRUb3JuZW8iOiIyIiwiaWRDbHVibG9jYWwiOiIxMTI0MyIsImlkQ2x1YnZpc2l0YSI6IjExMjQ1IiwiaWRQYXJ0aWRvIjoiMTAyMTgwIiwicGVzdGFuYSI6IjMifQ==/minuto-a-minuto-leon-vs-atlas-jornada-15-estadio-nou-camp-fox-sports', 'text': ''}","{'type': 'link', 'href': 'https://www.ligafemenil.mx/cancha/informeArbitral/102180/eyJpZERpdmlzaW9uIjoiMTQiLCJpZFRlbXBvcmFkYSI6IjcwIiwiaWRUb3JuZW8iOiIyIiwiaWRDbHVibG9jYWwiOiIxMTI0MyIsImlkQ2x1YnZpc2l0YSI6IjExMjQ1In0=/informe-arbitral-leon-vs-atlas-jornada-15-estadio-nou-camp-fox-sports', 'text': ''}","{'type': 'link', 'href': 'https://www.ligafemenil.mx/cancha/mxm/102180/eyJpZERpdmlzaW9uIjoiMTQiLCJpZFRlbXBvcmFkYSI6IjcwIiwiaWRUb3JuZW8iOiIyIiwiaWRDbHVibG9jYWwiOiIxMTI0MyIsImlkQ2x1YnZpc2l0YSI6IjExMjQ1IiwiaWRQYXJ0aWRvIjoiMTAyMTgwIiwicGVzdGFuYSI6IjQifQ==/minuto-a-minuto-leon-vs-atlas-jornada-15-estadio-nou-camp-fox-sports', 'text': ''}","{'type': 'link', 'href': 'https://www.ligafemenil.mx/cancha/galeria/MTAyMTgwLzE1LzcwLzIvMTQ=/leon-vs-atlas', 'text': ''}","{'type': 'link', 'href': 'https://www.ligafemenil.mx/cancha/playlist/102180/leon-vs-atlas', 'text': ''}"
2019-2020,Clausura,"{'type': 'text', 'value': 'Jueves 23 de Enero de 2025\nTemporada 2019-2020\nTorneo Clausura\nJornada 15\n23 Enero 2025 - 00:00 hrs.'}","{'type': 'link', 'href': 'https://www.ligafemenil.mx/cancha/club/11778/club-atletico-de-san-luis', 'text': ''}","{'type': 'link', 'href': 'https://www.ligafemenil.mx/cancha/informeArbitral/102181/eyJpZERpdmlzaW9uIjoiMTQiLCJpZFRlbXBvcmFkYSI6IjcwIiwiaWRUb3JuZW8iOiIyIiwiaWRDbHVibG9jYWwiOjExNzc4LCJpZENsdWJ2aXNpdGEiOjExMTgwfQ==/informe-arbitral-club-atletico-de-san-luis-vs-tijuana-jornada-15-estadio-alfonso-lastras-ramirez', 'text': '- - -'}","{'type': 'link', 'href': 'https://www.ligafemenil.mx/cancha/club/11180/tijuana', 'text': ''}","{'type': 'link', 'href': 'https://www.ligafemenil.mx/cancha/estadio/14/estadio-alfonso-lastras-ramirez', 'text': 'Alfonso Lastras Ramírez'}","{'type': 'link', 'href': 'https://www.ligafemenil.mx/cancha/mxm/102181/eyJpZERpdmlzaW9uIjoiMTQiLCJpZFRlbXBvcmFkYSI6IjcwIiwiaWRUb3JuZW8iOiIyIiwiaWRDbHVibG9jYWwiOiIxMTc3OCIsImlkQ2x1YnZpc2l0YSI6IjExMTgwIiwiaWRQYXJ0aWRvIjoiMTAyMTgxIiwicGVzdGFuYSI6IjEifQ==/minuto-a-minuto-club-atletico-de-san-luis-vs-tijuana-jornada-15-estadio-alfonso-lastras-ramirez', 'text': ''}","{'type': 'link', 'href': 'https://www.ligafemenil.mx/cancha/mxm/102181/eyJpZERpdmlzaW9uIjoiMTQiLCJpZFRlbXBvcmFkYSI6IjcwIiwiaWRUb3JuZW8iOiIyIiwiaWRDbHVibG9jYWwiOiIxMTc3OCIsImlkQ2x1YnZpc2l0YSI6IjExMTgwIiwiaWRQYXJ0aWRvIjoiMTAyMTgxIiwicGVzdGFuYSI6IjMifQ==/minuto-a-minuto-club-atletico-de-san-luis-vs-tijuana-jornada-15-estadio-alfonso-lastras-ramirez', 'text': ''}","{'type': 'link', 'href': 'https://www.ligafemenil.mx/cancha/informeArbitral/102181/eyJpZERpdmlzaW9uIjoiMTQiLCJpZFRlbXBvcmFkYSI6IjcwIiwiaWRUb3JuZW8iOiIyIiwiaWRDbHVibG9jYWwiOiIxMTc3OCIsImlkQ2x1YnZpc2l0YSI6IjExMTgwIn0=/informe-arbitral-club-atletico-de-san-luis-vs-tijuana-jornada-15-estadio-alfonso-lastras-ramirez', 'text': ''}","{'type': 'link', 'href': 'https://www.ligafemenil.mx/cancha/mxm/102181/eyJpZERpdmlzaW9uIjoiMTQiLCJpZFRlbXBvcmFkYSI6IjcwIiwiaWRUb3JuZW8iOiIyIiwiaWRDbHVibG9jYWwiOiIxMTc3OCIsImlkQ2x1YnZpc2l0YSI6IjExMTgwIiwiaWRQYXJ0aWRvIjoiMTAyMTgxIiwicGVzdGFuYSI6IjQifQ==/minuto-a-minuto-club-atletico-de-san-luis-vs-tijuana-jornada-15-estadio-alfonso-lastras-ramirez', 'text': ''}","{'type': 'link', 'href': 'https://www.ligafemenil.mx/cancha/galeria/MTAyMTgxLzE1LzcwLzIvMTQ=/club-atletico-de-san-luis-vs-tijuana', 'text': ''}","{'type': 'link', 'href': 'https://www.ligafemenil.mx/cancha/playlist/102181/club-atletico-de-san-luis-vs-tijuana', 'text': ''}"
2019-2020,Clausura,"{'type': 'text', 'value': 'Jueves 23 de Enero de 2025\nTemporada 2019-2020\nTorneo Clausura\nJornada 11\n23 Enero 2025 - 00:00 hrs.'}","{'type': 'link', 'href': 'https://www.ligafemenil.mx/cancha/club/11245/atlas', 'text': ''}","{'type': 'link', 'href': 'https://www.ligafemenil.mx/cancha/informeArbitral/102182/eyJpZERpdmlzaW9uIjoiMTQiLCJpZFRlbXBvcmFkYSI6IjcwIiwiaWRUb3JuZW8iOiIyIiwiaWRDbHVibG9jYWwiOjExMjQ1LCJpZENsdWJ2aXNpdGEiOjExNzc4fQ==/informe-arbitral-atlas-vs-club-atletico-de-san-luis-jornada-11-estadio-club-atlas-chapalita-tvc-deportes', 'text': '- - -'}","{'type': 'link', 'href': 'https://www.ligafemenil.mx/cancha/club/11778/club-atletico-de-san-luis', 'text': ''}","{'type': 'link', 'href': 'https://www.ligafemenil.mx/cancha/estadio/35/estadio-club-atlas-chapalita', 'text': 'Club Atlas Chapalita'}","{'type': 'link', 'href': 'https://www.ligafemenil.mx/cancha/mxm/102182/eyJpZERpdmlzaW9uIjoiMTQiLCJpZFRlbXBvcmFkYSI6IjcwIiwiaWRUb3JuZW8iOiIyIiwiaWRDbHVibG9jYWwiOiIxMTI0NSIsImlkQ2x1YnZpc2l0YSI6IjExNzc4IiwiaWRQYXJ0aWRvIjoiMTAyMTgyIiwicGVzdGFuYSI6IjEifQ==/minuto-a-minuto-atlas-vs-club-atletico-de-san-luis-jornada-11-estadio-club-atlas-chapalita-tvc-deportes', 'text': ''}","{'type': 'link', 'href': 'https://www.ligafemenil.mx/cancha/mxm/102182/eyJpZERpdmlzaW9uIjoiMTQiLCJpZFRlbXBvcmFkYSI6IjcwIiwiaWRUb3JuZW8iOiIyIiwiaWRDbHVibG9jYWwiOiIxMTI0NSIsImlkQ2x1YnZpc2l0YSI6IjExNzc4IiwiaWRQYXJ0aWRvIjoiMTAyMTgyIiwicGVzdGFuYSI6IjMifQ==/minuto-a-minuto-atlas-vs-club-atletico-de-san-luis-jornada-11-estadio-club-atlas-chapalita-tvc-deportes', 'text': ''}","{'type': 'link', 'href': 'https://www.ligafemenil.mx/cancha/informeArbitral/102182/eyJpZERpdmlzaW9uIjoiMTQiLCJpZFRlbXBvcmFkYSI6IjcwIiwiaWRUb3JuZW8iOiIyIiwiaWRDbHVibG9jYWwiOiIxMTI0NSIsImlkQ2x1YnZpc2l0YSI6IjExNzc4In0=/informe-arbitral-atlas-vs-club-atletico-de-san-luis-jornada-11-estadio-club-atlas-chapalita-tvc-deportes', 'text': ''}","{'type': 'link', 'href': 'https://www.ligafemenil.mx/cancha/mxm/102182/eyJpZERpdmlzaW9uIjoiMTQiLCJpZFRlbXBvcmFkYSI6IjcwIiwiaWRUb3JuZW8iOiIyIiwiaWRDbHVibG9jYWwiOiIxMTI0NSIsImlkQ2x1YnZpc2l0YSI6IjExNzc4IiwiaWRQYXJ0aWRvIjoiMTAyMTgyIiwicGVzdGFuYSI6IjQifQ==/minuto-a-minuto-atlas-vs-club-atletico-de-san-luis-jornada-11-estadio-club-atlas-chapalita-tvc-deportes', 'text': ''}","{'type': 'link', 'href': 'https://www.ligafemenil.mx/cancha/galeria/MTAyMTgyLzExLzcwLzIvMTQ=/atlas-vs-club-atletico-de-san-luis', 'text': ''}","{'type': 'link', 'href': 'https://www.ligafemenil.mx/cancha/playlist/102182/atlas-vs-club-atletico-de-san-luis', 'text': ''}"
2019-2020,Clausura,"{'type': 'text', 'value': 'Jueves 23 de Enero de 2025\nTemporada 2019-2020\nTorneo Clausura\nJornada 11\n23 Enero 2025 - 00:00 hrs.'}","{'type': 'link', 'href': 'https://www.ligafemenil.mx/cancha/club/11183/m-morelia', 'text': ''}","{'type': 'link', 'href': 'https://www.ligafemenil.mx/cancha/informeArbitral/102183/eyJpZERpdmlzaW9uIjoiMTQiLCJpZFRlbXBvcmFkYSI6IjcwIiwiaWRUb3JuZW8iOiIyIiwiaWRDbHVibG9jYWwiOjExMTgzLCJpZENsdWJ2aXNpdGEiOjExMTgyfQ==/informe-arbitral-m-morelia-vs-guadalajara-jornada-11-estadio-jose-maria-morelos-y-pavon-am', 'text': '- - -'}","{'type': 'link', 'href': 'https://www.ligafemenil.mx/cancha/club/11182/guadalajara', 'text': ''}","{'type': 'link', 'href': 'https://www.ligafemenil.mx/cancha/estadio/10/estadio-jose-maria-morelos-y-pavon', 'text': 'José María Morelos y Pavón'}","{'type': 'link', 'href': 'https://www.ligafemenil.mx/cancha/mxm/102183/eyJpZERpdmlzaW9uIjoiMTQiLCJpZFRlbXBvcmFkYSI6IjcwIiwiaWRUb3JuZW8iOiIyIiwiaWRDbHVibG9jYWwiOiIxMTE4MyIsImlkQ2x1YnZpc2l0YSI6IjExMTgyIiwiaWRQYXJ0aWRvIjoiMTAyMTgzIiwicGVzdGFuYSI6IjEifQ==/minuto-a-minuto-m-morelia-vs-guadalajara-jornada-11-estadio-jose-maria-morelos-y-pavon-am', 'text': ''}","{'type': 'link', 'href': 'https://www.ligafemenil.mx/cancha/mxm/102183/eyJpZERpdmlzaW9uIjoiMTQiLCJpZFRlbXBvcmFkYSI6IjcwIiwiaWRUb3JuZW8iOiIyIiwiaWRDbHVibG9jYWwiOiIxMTE4MyIsImlkQ2x1YnZpc2l0YSI6IjExMTgyIiwiaWRQYXJ0aWRvIjoiMTAyMTgzIiwicGVzdGFuYSI6IjMifQ==/minuto-a-minuto-m-morelia-vs-guadalajara-jornada-11-estadio-jose-maria-morelos-y-pavon-am', 'text': ''}","{'type': 'link', 'href': 'https://www.ligafemenil.mx/cancha/informeArbitral/102183/eyJpZERpdmlzaW9uIjoiMTQiLCJpZFRlbXBvcmFkYSI6IjcwIiwiaWRUb3JuZW8iOiIyIiwiaWRDbHVibG9jYWwiOiIxMTE4MyIsImlkQ2x1YnZpc2l0YSI6IjExMTgyIn0=/informe-arbitral-m-morelia-vs-guadalajara-jornada-11-estadio-jose-maria-morelos-y-pavon-am', 'text': ''}","{'type': 'link', 'href': 'https://www.ligafemenil.mx/cancha/mxm/102183/eyJpZERpdmlzaW9uIjoiMTQiLCJpZFRlbXBvcmFkYSI6IjcwIiwiaWRUb3JuZW8iOiIyIiwiaWRDbHVibG9jYWwiOiIxMTE4MyIsImlkQ2x1YnZpc2l0YSI6IjExMTgyIiwiaWRQYXJ0aWRvIjoiMTAyMTgzIiwicGVzdGFuYSI6IjQifQ==/minuto-a-minuto-m-morelia-vs-guadalajara-jornada-11-estadio-jose-maria-morelos-y-pavon-am', 'text': ''}","{'type': 'link', 'href': 'https://www.ligafemenil.mx/cancha/galeria/MTAyMTgzLzExLzcwLzIvMTQ=/m-morelia-vs-guadalajara', 'text': ''}","{'type': 'link', 'href': 'https://www.ligafemenil.mx/cancha/playlist/102183/m-morelia-vs-guadalajara', 'text': ''}"
2019-2020,Clausura,"{'type': 'text', 'value': 'Jueves 23 de Enero de 2025\nTemporada 2019-2020\nTorneo Clausura\nJornada 15\n23 Enero 2025 - 00:00 hrs.'}","{'type': 'link', 'href': 'https://www.ligafemenil.mx/cancha/club/11186/tigres-de-la-uanl', 'text': ''}","{'type': 'link', 'href': 'https://www.ligafemenil.mx/cancha/informeArbitral/102184/eyJpZERpdmlzaW9uIjoiMTQiLCJpZFRlbXBvcmFkYSI6IjcwIiwiaWRUb3JuZW8iOiIyIiwiaWRDbHVibG9jYWwiOjExMTg2LCJpZENsdWJ2aXNpdGEiOjExMjQ0fQ==/informe-arbitral-tigres-de-la-uanl-vs-queretaro-jornada-15-estadio-universitario-tudn', 'text': '- - -'}","{'type': 'link', 'href': 'https://www.ligafemenil.mx/cancha/club/11244/queretaro', 'text': ''}","{'type': 'link', 'href': 'https://www.ligafemenil.mx/cancha/estadio/12/estadio-universitario', 'text': 'Universitario'}","{'type': 'link', 'href': 'https://www.ligafemenil.mx/cancha/mxm/102184/eyJpZERpdmlzaW9uIjoiMTQiLCJpZFRlbXBvcmFkYSI6IjcwIiwiaWRUb3JuZW8iOiIyIiwiaWRDbHVibG9jYWwiOiIxMTE4NiIsImlkQ2x1YnZpc2l0YSI6IjExMjQ0IiwiaWRQYXJ0aWRvIjoiMTAyMTg0IiwicGVzdGFuYSI6IjEifQ==/minuto-a-minuto-tigres-de-la-uanl-vs-queretaro-jornada-15-estadio-universitario-tudn', 'text': ''}","{'type': 'link', 'href': 'https://www.ligafemenil.mx/cancha/mxm/102184/eyJpZERpdmlzaW9uIjoiMTQiLCJpZFRlbXBvcmFkYSI6IjcwIiwiaWRUb3JuZW8iOiIyIiwiaWRDbHVibG9jYWwiOiIxMTE4NiIsImlkQ2x1YnZpc2l0YSI6IjExMjQ0IiwiaWRQYXJ0aWRvIjoiMTAyMTg0IiwicGVzdGFuYSI6IjMifQ==/minuto-a-minuto-tigres-de-la-uanl-vs-queretaro-jornada-15-estadio-universitario-tudn', 'text': ''}","{'type': 'link', 'href': 'https://www.ligafemenil.mx/cancha/informeArbitral/102184/eyJpZERpdmlzaW9uIjoiMTQiLCJpZFRlbXBvcmFkYSI6IjcwIiwiaWRUb3JuZW8iOiIyIiwiaWRDbHVibG9jYWwiOiIxMTE4NiIsImlkQ2x1YnZpc2l0YSI6IjExMjQ0In0=/informe-arbitral-tigres-de-la-uanl-vs-queretaro-jornada-15-estadio-universitario-tudn', 'text': ''}","{'type': 'link', 'href': 'https://www.ligafemenil.mx/cancha/mxm/102184/eyJpZERpdmlzaW9uIjoiMTQiLCJpZFRlbXBvcmFkYSI6IjcwIiwiaWRUb3JuZW8iOiIyIiwiaWRDbHVibG9jYWwiOiIxMTE4NiIsImlkQ2x1YnZpc2l0YSI6IjExMjQ0IiwiaWRQYXJ0aWRvIjoiMTAyMTg0IiwicGVzdGFuYSI6IjQifQ==/minuto-a-minuto-tigres-de-la-uanl-vs-queretaro-jornada-15-estadio-universitario-tudn', 'text': ''}","{'type': 'link', 'href': 'https://www.ligafemenil.mx/cancha/galeria/MTAyMTg0LzE1LzcwLzIvMTQ=/tigres-de-la-uanl-vs-queretaro', 'text': ''}","{'type': 'link', 'href': 'https://www.ligafemenil.mx/cancha/playlist/102184/tigres-de-la-uanl-vs-queretaro', 'text': ''}"
2019-2020,Clausura,"{'type': 'text', 'value': 'Jueves 23 de Enero de 2025\nTemporada 2019-2020\nTorneo Clausura\nJornada 15\n23 Enero 2025 - 00:00 hrs.'}","{'type': 'link', 'href': 'https://www.ligafemenil.mx/cancha/club/11192/santos-laguna', 'text': ''}","{'type': 'link', 'href': 'https://www.ligafemenil.mx/cancha/informeArbitral/102185/eyJpZERpdmlzaW9uIjoiMTQiLCJpZFRlbXBvcmFkYSI6IjcwIiwiaWRUb3JuZW8iOiIyIiwiaWRDbHVibG9jYWwiOjExMTkyLCJpZENsdWJ2aXNpdGEiOjExMTg3fQ==/informe-arbitral-santos-laguna-vs-toluca-jornada-15-estadio-tsm-corona-fox-sports', 'text': '- - -'}","{'type': 'link', 'href': 'https://www.ligafemenil.mx/cancha/club/11187/toluca', 'text': ''}","{'type': 'link', 'href': 'https://www.ligafemenil.mx/cancha/estadio/63/estadio-tsm-corona', 'text': 'TSM Corona'}","{'type': 'link', 'href': 'https://www.ligafemenil.mx/cancha/mxm/102185/eyJpZERpdmlzaW9uIjoiMTQiLCJpZFRlbXBvcmFkYSI6IjcwIiwiaWRUb3JuZW8iOiIyIiwiaWRDbHVibG9jYWwiOiIxMTE5MiIsImlkQ2x1YnZpc2l0YSI6IjExMTg3IiwiaWRQYXJ0aWRvIjoiMTAyMTg1IiwicGVzdGFuYSI6IjEifQ==/minuto-a-minuto-santos-laguna-vs-toluca-jornada-15-estadio-tsm-corona-fox-sports', 'text': ''}","{'type': 'link', 'href': 'https://www.ligafemenil.mx/cancha/mxm/102185/eyJpZERpdmlzaW9uIjoiMTQiLCJpZFRlbXBvcmFkYSI6IjcwIiwiaWRUb3JuZW8iOiIyIiwiaWRDbHVibG9jYWwiOiIxMTE5MiIsImlkQ2x1YnZpc2l0YSI6IjExMTg3IiwiaWRQYXJ0aWRvIjoiMTAyMTg1IiwicGVzdGFuYSI6IjMifQ==/minuto-a-minuto-santos-laguna-vs-toluca-jornada-15-estadio-tsm-corona-fox-sports', 'text': ''}","{'type': 'link', 'href': 'https://www.ligafemenil.mx/cancha/informeArbitral/102185/eyJpZERpdmlzaW9uIjoiMTQiLCJpZFRlbXBvcmFkYSI6IjcwIiwiaWRUb3JuZW8iOiIyIiwiaWRDbHVibG9jYWwiOiIxMTE5MiIsImlkQ2x1YnZpc2l0YSI6IjExMTg3In0=/informe-arbitral-santos-laguna-vs-toluca-jornada-15-estadio-tsm-corona-fox-sports', 'text': ''}","{'type': 'link', 'href': 'https://www.ligafemenil.mx/cancha/mxm/102185/eyJpZERpdmlzaW9uIjoiMTQiLCJpZFRlbXBvcmFkYSI6IjcwIiwiaWRUb3JuZW8iOiIyIiwiaWRDbHVibG9jYWwiOiIxMTE5MiIsImlkQ2x1YnZpc2l0YSI6IjExMTg3IiwiaWRQYXJ0aWRvIjoiMTAyMTg1IiwicGVzdGFuYSI6IjQifQ==/minuto-a-minuto-santos-laguna-vs-toluca-jornada-15-estadio-tsm-corona-fox-sports', 'text': ''}","{'type': 'link', 'href': 'https://www.ligafemenil.mx/cancha/galeria/MTAyMTg1LzE1LzcwLzIvMTQ=/santos-laguna-vs-toluca', 'text': ''}","{'type': 'link', 'href': 'https://www.ligafemenil.mx/cancha/playlist/102185/santos-laguna-vs-toluca', 'text': ''}"
2019-2020,Clausura,"{'type': 'text', 'value': 'Jueves 23 de Enero de 2025\nTemporada 2019-2020\nTorneo Clausura\nJornada 11\n23 Enero 2025 - 00:00 hrs.'}","{'type': 'link', 'href': 'https://www.ligafemenil.mx/cancha/club/11187/toluca', 'text': ''}","{'type': 'link', 'href': 'https://www.ligafemenil.mx/cancha/informeArbitral/102186/eyJpZERpdmlzaW9uIjoiMTQiLCJpZFRlbXBvcmFkYSI6IjcwIiwiaWRUb3JuZW8iOiIyIiwiaWRDbHVibG9jYWwiOjExMTg3LCJpZENsdWJ2aXNpdGEiOjExMjQ0fQ==/informe-arbitral-toluca-vs-queretaro-jornada-11-estadio-nemesio-diez-tudn', 'text': '- - -'}","{'type': 'link', 'href': 'https://www.ligafemenil.mx/cancha/club/11244/queretaro', 'text': ''}","{'type': 'link', 'href': 'https://www.ligafemenil.mx/cancha/estadio/6/estadio-nemesio-diez', 'text': 'Nemesio Diez'}","{'type': 'link', 'href': 'https://www.ligafemenil.mx/cancha/mxm/102186/eyJpZERpdmlzaW9uIjoiMTQiLCJpZFRlbXBvcmFkYSI6IjcwIiwiaWRUb3JuZW8iOiIyIiwiaWRDbHVibG9jYWwiOiIxMTE4NyIsImlkQ2x1YnZpc2l0YSI6IjExMjQ0IiwiaWRQYXJ0aWRvIjoiMTAyMTg2IiwicGVzdGFuYSI6IjEifQ==/minuto-a-minuto-toluca-vs-queretaro-jornada-11-estadio-nemesio-diez-tudn', 'text': ''}","{'type': 'link', 'href': 'https://www.ligafemenil.mx/cancha/mxm/102186/eyJpZERpdmlzaW9uIjoiMTQiLCJpZFRlbXBvcmFkYSI6IjcwIiwiaWRUb3JuZW8iOiIyIiwiaWRDbHVibG9jYWwiOiIxMTE4NyIsImlkQ2x1YnZpc2l0YSI6IjExMjQ0IiwiaWRQYXJ0aWRvIjoiMTAyMTg2IiwicGVzdGFuYSI6IjMifQ==/minuto-a-minuto-toluca-vs-queretaro-jornada-11-estadio-nemesio-diez-tudn', 'text': ''}","{'type': 'link', 'href': 'https://www.ligafemenil.mx/cancha/informeArbitral/102186/eyJpZERpdmlzaW9uIjoiMTQiLCJpZFRlbXBvcmFkYSI6IjcwIiwiaWRUb3JuZW8iOiIyIiwiaWRDbHVibG9jYWwiOiIxMTE4NyIsImlkQ2x1YnZpc2l0YSI6IjExMjQ0In0=/informe-arbitral-toluca-vs-queretaro-jornada-11-estadio-nemesio-diez-tudn', 'text': ''}","{'type': 'link', 'href': 'https://www.ligafemenil.mx/cancha/mxm/102186/eyJpZERpdmlzaW9uIjoiMTQiLCJpZFRlbXBvcmFkYSI6IjcwIiwiaWRUb3JuZW8iOiIyIiwiaWRDbHVibG9jYWwiOiIxMTE4NyIsImlkQ2x1YnZpc2l0YSI6IjExMjQ0IiwiaWRQYXJ0aWRvIjoiMTAyMTg2IiwicGVzdGFuYSI6IjQifQ==/minuto-a-minuto-toluca-vs-queretaro-jornada-11-estadio-nemesio-diez-tudn', 'text': ''}","{'type': 'link', 'href': 'https://www.ligafemenil.mx/cancha/galeria/MTAyMTg2LzExLzcwLzIvMTQ=/toluca-vs-queretaro', 'text': ''}","{'type': 'link', 'href': 'https://www.ligafemenil.mx/cancha/playlist/102186/toluca-vs-queretaro', 'text': ''}"
2019-2020,Clausura,"{'type': 'text', 'value': 'Jueves 23 de Enero de 2025\nTemporada 2019-2020\nTorneo Clausura\nJornada 11\n23 Enero 2025 - 00:00 hrs.'}","{'type': 'link', 'href': 'https://www.ligafemenil.mx/cancha/club/11243/leon', 'text': ''}","{'type': 'link', 'href': 'https://www.ligafemenil.mx/cancha/informeArbitral/102187/eyJpZERpdmlzaW9uIjoiMTQiLCJpZFRlbXBvcmFkYSI6IjcwIiwiaWRUb3JuZW8iOiIyIiwiaWRDbHVibG9jYWwiOjExMjQzLCJpZENsdWJ2aXNpdGEiOjExMTkxfQ==/informe-arbitral-leon-vs-america-jornada-11-estadio-nou-camp-fox-sports', 'text': '- - -'}","{'type': 'link', 'href': 'https://www.ligafemenil.mx/cancha/club/11191/america', 'text': ''}","{'type': 'link', 'href': 'https://www.ligafemenil.mx/cancha/estadio/23/estadio-nou-camp', 'text': 'Nou Camp'}","{'type': 'link', 'href': 'https://www.ligafemenil.mx/cancha/mxm/102187/eyJpZERpdmlzaW9uIjoiMTQiLCJpZFRlbXBvcmFkYSI6IjcwIiwiaWRUb3JuZW8iOiIyIiwiaWRDbHVibG9jYWwiOiIxMTI0MyIsImlkQ2x1YnZpc2l0YSI6IjExMTkxIiwiaWRQYXJ0aWRvIjoiMTAyMTg3IiwicGVzdGFuYSI6IjEifQ==/minuto-a-minuto-leon-vs-america-jornada-11-estadio-nou-camp-fox-sports', 'text': ''}","{'type': 'link', 'href': 'https://www.ligafemenil.mx/cancha/mxm/102187/eyJpZERpdmlzaW9uIjoiMTQiLCJpZFRlbXBvcmFkYSI6IjcwIiwiaWRUb3JuZW8iOiIyIiwiaWRDbHVibG9jYWwiOiIxMTI0MyIsImlkQ2x1YnZpc2l0YSI6IjExMTkxIiwiaWRQYXJ0aWRvIjoiMTAyMTg3IiwicGVzdGFuYSI6IjMifQ==/minuto-a-minuto-leon-vs-america-jornada-11-estadio-nou-camp-fox-sports', 'text': ''}","{'type': 'link', 'href': 'https://www.ligafemenil.mx/cancha/informeArbitral/102187/eyJpZERpdmlzaW9uIjoiMTQiLCJpZFRlbXBvcmFkYSI6IjcwIiwiaWRUb3JuZW8iOiIyIiwiaWRDbHVibG9jYWwiOiIxMTI0MyIsImlkQ2x1YnZpc2l0YSI6IjExMTkxIn0=/informe-arbitral-leon-vs-america-jornada-11-estadio-nou-camp-fox-sports', 'text': ''}","{'type': 'link', 'href': 'https://www.ligafemenil.mx/cancha/mxm/102187/eyJpZERpdmlzaW9uIjoiMTQiLCJpZFRlbXBvcmFkYSI6IjcwIiwiaWRUb3JuZW8iOiIyIiwiaWRDbHVibG9jYWwiOiIxMTI0MyIsImlkQ2x1YnZpc2l0YSI6IjExMTkxIiwiaWRQYXJ0aWRvIjoiMTAyMTg3IiwicGVzdGFuYSI6IjQifQ==/minuto-a-minuto-leon-vs-america-jornada-11-estadio-nou-camp-fox-sports', 'text': ''}","{'type': 'link', 'href': 'https://www.ligafemenil.mx/cancha/galeria/MTAyMTg3LzExLzcwLzIvMTQ=/leon-vs-america', 'text': ''}","{'type': 'link', 'href': 'https://www.ligafemenil.mx/cancha/playlist/102187/leon-vs-america', 'text': ''}"
2019-2020,Clausura,"{'type': 'text', 'value': 'Jueves 23 de Enero de 2025\nTemporada 2019-2020\nTorneo Clausura\nJornada 16\n23 Enero 2025 - 00:00 hrs.'}","{'type': 'link', 'href': 'https://www.ligafemenil.mx/cancha/club/11181/cruz-azul', 'text': ''}","{'type': 'link', 'href': 'https://www.ligafemenil.mx/cancha/informeArbitral/102188/eyJpZERpdmlzaW9uIjoiMTQiLCJpZFRlbXBvcmFkYSI6IjcwIiwiaWRUb3JuZW8iOiIyIiwiaWRDbHVibG9jYWwiOjExMTgxLCJpZENsdWJ2aXNpdGEiOjExMjQzfQ==/informe-arbitral-cruz-azul-vs-leon-jornada-16-estadio-10-de-diciembre-tudn', 'text': '- - -'}","{'type': 'link', 'href': 'https://www.ligafemenil.mx/cancha/club/11243/leon', 'text': ''}","{'type': 'link', 'href': 'https://www.ligafemenil.mx/cancha/estadio/30/estadio-10-de-diciembre', 'text': '10 de Diciembre'}","{'type': 'link', 'href': 'https://www.ligafemenil.mx/cancha/mxm/102188/eyJpZERpdmlzaW9uIjoiMTQiLCJpZFRlbXBvcmFkYSI6IjcwIiwiaWRUb3JuZW8iOiIyIiwiaWRDbHVibG9jYWwiOiIxMTE4MSIsImlkQ2x1YnZpc2l0YSI6IjExMjQzIiwiaWRQYXJ0aWRvIjoiMTAyMTg4IiwicGVzdGFuYSI6IjEifQ==/minuto-a-minuto-cruz-azul-vs-leon-jornada-16-estadio-10-de-diciembre-tudn', 'text': ''}","{'type': 'link', 'href': 'https://www.ligafemenil.mx/cancha/mxm/102188/eyJpZERpdmlzaW9uIjoiMTQiLCJpZFRlbXBvcmFkYSI6IjcwIiwiaWRUb3JuZW8iOiIyIiwiaWRDbHVibG9jYWwiOiIxMTE4MSIsImlkQ2x1YnZpc2l0YSI6IjExMjQzIiwiaWRQYXJ0aWRvIjoiMTAyMTg4IiwicGVzdGFuYSI6IjMifQ==/minuto-a-minuto-cruz-azul-vs-leon-jornada-16-estadio-10-de-diciembre-tudn', 'text': ''}","{'type': 'link', 'href': 'https://www.ligafemenil.mx/cancha/informeArbitral/102188/eyJpZERpdmlzaW9uIjoiMTQiLCJpZFRlbXBvcmFkYSI6IjcwIiwiaWRUb3JuZW8iOiIyIiwiaWRDbHVibG9jYWwiOiIxMTE4MSIsImlkQ2x1YnZpc2l0YSI6IjExMjQzIn0=/informe-arbitral-cruz-azul-vs-leon-jornada-16-estadio-10-de-diciembre-tudn', 'text': ''}","{'type': 'link', 'href': 'https://www.ligafemenil.mx/cancha/mxm/102188/eyJpZERpdmlzaW9uIjoiMTQiLCJpZFRlbXBvcmFkYSI6IjcwIiwiaWRUb3JuZW8iOiIyIiwiaWRDbHVibG9jYWwiOiIxMTE4MSIsImlkQ2x1YnZpc2l0YSI6IjExMjQzIiwiaWRQYXJ0aWRvIjoiMTAyMTg4IiwicGVzdGFuYSI6IjQifQ==/minuto-a-minuto-cruz-azul-vs-leon-jornada-16-estadio-10-de-diciembre-tudn', 'text': ''}","{'type': 'link', 'href': 'https://www.ligafemenil.mx/cancha/galeria/MTAyMTg4LzE2LzcwLzIvMTQ=/cruz-azul-vs-leon', 'text': ''}","{'type': 'link', 'href': 'https://www.ligafemenil.mx/cancha/playlist/102188/cruz-azul-vs-leon', 'text': ''}"
2019-2020,Clausura,"{'type': 'text', 'value': 'Jueves 23 de Enero de 2025\nTemporada 2019-2020\nTorneo Clausura\nJornada 11\n23 Enero 2025 - 00:00 hrs.'}","{'type': 'link', 'href': 'https://www.ligafemenil.mx/cancha/club/11186/tigres-de-la-uanl', 'text': ''}","{'type': 'link', 'href': 'https://www.ligafemenil.mx/cancha/informeArbitral/102189/eyJpZERpdmlzaW9uIjoiMTQiLCJpZFRlbXBvcmFkYSI6IjcwIiwiaWRUb3JuZW8iOiIyIiwiaWRDbHVibG9jYWwiOjExMTg2LCJpZENsdWJ2aXNpdGEiOjExMTkyfQ==/informe-arbitral-tigres-de-la-uanl-vs-santos-laguna-jornada-11-estadio-universitario-tudn', 'text': '- - -'}","{'type': 'link', 'href': 'https://www.ligafemenil.mx/cancha/club/11192/santos-laguna', 'text': ''}","{'type': 'link', 'href': 'https://www.ligafemenil.mx/cancha/estadio/12/estadio-universitario', 'text': 'Universitario'}","{'type': 'link', 'href': 'https://www.ligafemenil.mx/cancha/mxm/102189/eyJpZERpdmlzaW9uIjoiMTQiLCJpZFRlbXBvcmFkYSI6IjcwIiwiaWRUb3JuZW8iOiIyIiwiaWRDbHVibG9jYWwiOiIxMTE4NiIsImlkQ2x1YnZpc2l0YSI6IjExMTkyIiwiaWRQYXJ0aWRvIjoiMTAyMTg5IiwicGVzdGFuYSI6IjEifQ==/minuto-a-minuto-tigres-de-la-uanl-vs-santos-laguna-jornada-11-estadio-universitario-tudn', 'text': ''}","{'type': 'link', 'href': 'https://www.ligafemenil.mx/cancha/mxm/102189/eyJpZERpdmlzaW9uIjoiMTQiLCJpZFRlbXBvcmFkYSI6IjcwIiwiaWRUb3JuZW8iOiIyIiwiaWRDbHVibG9jYWwiOiIxMTE4NiIsImlkQ2x1YnZpc2l0YSI6IjExMTkyIiwiaWRQYXJ0aWRvIjoiMTAyMTg5IiwicGVzdGFuYSI6IjMifQ==/minuto-a-minuto-tigres-de-la-uanl-vs-santos-laguna-jornada-11-estadio-universitario-tudn', 'text': ''}","{'type': 'link', 'href': 'https://www.ligafemenil.mx/cancha/informeArbitral/102189/eyJpZERpdmlzaW9uIjoiMTQiLCJpZFRlbXBvcmFkYSI6IjcwIiwiaWRUb3JuZW8iOiIyIiwiaWRDbHVibG9jYWwiOiIxMTE4NiIsImlkQ2x1YnZpc2l0YSI6IjExMTkyIn0=/informe-arbitral-tigres-de-la-uanl-vs-santos-laguna-jornada-11-estadio-universitario-tudn', 'text': ''}","{'type': 'link', 'href': 'https://www.ligafemenil.mx/cancha/mxm/102189/eyJpZERpdmlzaW9uIjoiMTQiLCJpZFRlbXBvcmFkYSI6IjcwIiwiaWRUb3JuZW8iOiIyIiwiaWRDbHVibG9jYWwiOiIxMTE4NiIsImlkQ2x1YnZpc2l0YSI6IjExMTkyIiwiaWRQYXJ0aWRvIjoiMTAyMTg5IiwicGVzdGFuYSI6IjQifQ==/minuto-a-minuto-tigres-de-la-uanl-vs-santos-laguna-jornada-11-estadio-universitario-tudn', 'text': ''}","{'type': 'link', 'href': 'https://www.ligafemenil.mx/cancha/galeria/MTAyMTg5LzExLzcwLzIvMTQ=/tigres-de-la-uanl-vs-santos-laguna', 'text': ''}","{'type': 'link', 'href': 'https://www.ligafemenil.mx/cancha/playlist/102189/tigres-de-la-uanl-vs-santos-laguna', 'text': ''}"
2019-2020,Clausura,"{'type': 'text', 'value': 'Jueves 23 de Enero de 2025\nTemporada 2019-2020\nTorneo Clausura\nJornada 11\n23 Enero 2025 - 00:00 hrs.'}","{'type': 'link', 'href': 'https://www.ligafemenil.mx/cancha/club/11180/tijuana', 'text': ''}","{'type': 'link', 'href': 'https://www.ligafemenil.mx/cancha/informeArbitral/102190/eyJpZERpdmlzaW9uIjoiMTQiLCJpZFRlbXBvcmFkYSI6IjcwIiwiaWRUb3JuZW8iOiIyIiwiaWRDbHVibG9jYWwiOjExMTgwLCJpZENsdWJ2aXNpdGEiOjExMTg4fQ==/informe-arbitral-tijuana-vs-pumas-jornada-11-estadio-caliente-fox-sports', 'text': '- - -'}","{'type': 'link', 'href': 'https://www.ligafemenil.mx/cancha/club/11188/pumas', 'text': ''}","{'type': 'link', 'href': 'https://www.ligafemenil.mx/cancha/estadio/48/estadio-caliente', 'text': 'Caliente'}","{'type': 'link', 'href': 'https://www.ligafemenil.mx/cancha/mxm/102190/eyJpZERpdmlzaW9uIjoiMTQiLCJpZFRlbXBvcmFkYSI6IjcwIiwiaWRUb3JuZW8iOiIyIiwiaWRDbHVibG9jYWwiOiIxMTE4MCIsImlkQ2x1YnZpc2l0YSI6IjExMTg4IiwiaWRQYXJ0aWRvIjoiMTAyMTkwIiwicGVzdGFuYSI6IjEifQ==/minuto-a-minuto-tijuana-vs-pumas-jornada-11-estadio-caliente-fox-sports', 'text': ''}","{'type': 'link', 'href': 'https://www.ligafemenil.mx/cancha/mxm/102190/eyJpZERpdmlzaW9uIjoiMTQiLCJpZFRlbXBvcmFkYSI6IjcwIiwiaWRUb3JuZW8iOiIyIiwiaWRDbHVibG9jYWwiOiIxMTE4MCIsImlkQ2x1YnZpc2l0YSI6IjExMTg4IiwiaWRQYXJ0aWRvIjoiMTAyMTkwIiwicGVzdGFuYSI6IjMifQ==/minuto-a-minuto-tijuana-vs-pumas-jornada-11-estadio-caliente-fox-sports', 'text': ''}","{'type': 'link', 'href': 'https://www.ligafemenil.mx/cancha/informeArbitral/102190/eyJpZERpdmlzaW9uIjoiMTQiLCJpZFRlbXBvcmFkYSI6IjcwIiwiaWRUb3JuZW8iOiIyIiwiaWRDbHVibG9jYWwiOiIxMTE4MCIsImlkQ2x1YnZpc2l0YSI6IjExMTg4In0=/informe-arbitral-tijuana-vs-pumas-jornada-11-estadio-caliente-fox-sports', 'text': ''}","{'type': 'link', 'href': 'https://www.ligafemenil.mx/cancha/mxm/102190/eyJpZERpdmlzaW9uIjoiMTQiLCJpZFRlbXBvcmFkYSI6IjcwIiwiaWRUb3JuZW8iOiIyIiwiaWRDbHVibG9jYWwiOiIxMTE4MCIsImlkQ2x1YnZpc2l0YSI6IjExMTg4IiwiaWRQYXJ0aWRvIjoiMTAyMTkwIiwicGVzdGFuYSI6IjQifQ==/minuto-a-minuto-tijuana-vs-pumas-jornada-11-estadio-caliente-fox-sports', 'text': ''}","{'type': 'link', 'href': 'https://www.ligafemenil.mx/cancha/galeria/MTAyMTkwLzExLzcwLzIvMTQ=/tijuana-vs-pumas', 'text': ''}","{'type': 'link', 'href': 'https://www.ligafemenil.mx/cancha/playlist/102190/tijuana-vs-pumas', 'text': ''}"
2019-2020,Clausura,"{'type': 'text', 'value': 'Jueves 23 de Enero de 2025\nTemporada 2019-2020\nTorneo Clausura\nJornada 16\n23 Enero 2025 - 00:00 hrs.'}","{'type': 'link', 'href': 'https://www.ligafemenil.mx/cancha/club/11244/queretaro', 'text': ''}","{'type': 'link', 'href': 'https://www.ligafemenil.mx/cancha/informeArbitral/102191/eyJpZERpdmlzaW9uIjoiMTQiLCJpZFRlbXBvcmFkYSI6IjcwIiwiaWRUb3JuZW8iOiIyIiwiaWRDbHVibG9jYWwiOjExMjQ0LCJpZENsdWJ2aXNpdGEiOjExMTgyfQ==/informe-arbitral-queretaro-vs-guadalajara-jornada-16-estadio-la-corregidora-tvc-deportes', 'text': '- - -'}","{'type': 'link', 'href': 'https://www.ligafemenil.mx/cancha/club/11182/guadalajara', 'text': ''}","{'type': 'link', 'href': 'https://www.ligafemenil.mx/cancha/estadio/25/estadio-la-corregidora', 'text': 'La Corregidora'}","{'type': 'link', 'href': 'https://www.ligafemenil.mx/cancha/mxm/102191/eyJpZERpdmlzaW9uIjoiMTQiLCJpZFRlbXBvcmFkYSI6IjcwIiwiaWRUb3JuZW8iOiIyIiwiaWRDbHVibG9jYWwiOiIxMTI0NCIsImlkQ2x1YnZpc2l0YSI6IjExMTgyIiwiaWRQYXJ0aWRvIjoiMTAyMTkxIiwicGVzdGFuYSI6IjEifQ==/minuto-a-minuto-queretaro-vs-guadalajara-jornada-16-estadio-la-corregidora-tvc-deportes', 'text': ''}","{'type': 'link', 'href': 'https://www.ligafemenil.mx/cancha/mxm/102191/eyJpZERpdmlzaW9uIjoiMTQiLCJpZFRlbXBvcmFkYSI6IjcwIiwiaWRUb3JuZW8iOiIyIiwiaWRDbHVibG9jYWwiOiIxMTI0NCIsImlkQ2x1YnZpc2l0YSI6IjExMTgyIiwiaWRQYXJ0aWRvIjoiMTAyMTkxIiwicGVzdGFuYSI6IjMifQ==/minuto-a-minuto-queretaro-vs-guadalajara-jornada-16-estadio-la-corregidora-tvc-deportes', 'text': ''}","{'type': 'link', 'href': 'https://www.ligafemenil.mx/cancha/informeArbitral/102191/eyJpZERpdmlzaW9uIjoiMTQiLCJpZFRlbXBvcmFkYSI6IjcwIiwiaWRUb3JuZW8iOiIyIiwiaWRDbHVibG9jYWwiOiIxMTI0NCIsImlkQ2x1YnZpc2l0YSI6IjExMTgyIn0=/informe-arbitral-queretaro-vs-guadalajara-jornada-16-estadio-la-corregidora-tvc-deportes', 'text': ''}","{'type': 'link', 'href': 'https://www.ligafemenil.mx/cancha/mxm/102191/eyJpZERpdmlzaW9uIjoiMTQiLCJpZFRlbXBvcmFkYSI6IjcwIiwiaWRUb3JuZW8iOiIyIiwiaWRDbHVibG9jYWwiOiIxMTI0NCIsImlkQ2x1YnZpc2l0YSI6IjExMTgyIiwiaWRQYXJ0aWRvIjoiMTAyMTkxIiwicGVzdGFuYSI6IjQifQ==/minuto-a-minuto-queretaro-vs-guadalajara-jornada-16-estadio-la-corregidora-tvc-deportes', 'text': ''}","{'type': 'link', 'href': 'https://www.ligafemenil.mx/cancha/galeria/MTAyMTkxLzE2LzcwLzIvMTQ=/queretaro-vs-guadalajara', 'text': ''}","{'type': 'link', 'href': 'https://www.ligafemenil.mx/cancha/playlist/102191/queretaro-vs-guadalajara', 'text': ''}"
2019-2020,Clausura,"{'type': 'text', 'value': 'Jueves 23 de Enero de 2025\nTemporada 2019-2020\nTorneo Clausura\nJornada 16\n23 Enero 2025 - 00:00 hrs.'}","{'type': 'link', 'href': 'https://www.ligafemenil.mx/cancha/club/11795/fc-juarez', 'text': ''}","{'type': 'link', 'href': 'https://www.ligafemenil.mx/cancha/informeArbitral/102192/eyJpZERpdmlzaW9uIjoiMTQiLCJpZFRlbXBvcmFkYSI6IjcwIiwiaWRUb3JuZW8iOiIyIiwiaWRDbHVibG9jYWwiOjExNzk1LCJpZENsdWJ2aXNpdGEiOjExMTgzfQ==/informe-arbitral-fc-juarez-vs-m-morelia-jornada-16-estadio-olimpico-benito-juarez-tudn', 'text': '- - -'}","{'type': 'link', 'href': 'https://www.ligafemenil.mx/cancha/club/11183/m-morelia', 'text': ''}","{'type': 'link', 'href': 'https://www.ligafemenil.mx/cancha/estadio/17/estadio-olimpico-benito-juarez', 'text': 'Olímpico Benito Juárez'}","{'type': 'link', 'href': 'https://www.ligafemenil.mx/cancha/mxm/102192/eyJpZERpdmlzaW9uIjoiMTQiLCJpZFRlbXBvcmFkYSI6IjcwIiwiaWRUb3JuZW8iOiIyIiwiaWRDbHVibG9jYWwiOiIxMTc5NSIsImlkQ2x1YnZpc2l0YSI6IjExMTgzIiwiaWRQYXJ0aWRvIjoiMTAyMTkyIiwicGVzdGFuYSI6IjEifQ==/minuto-a-minuto-fc-juarez-vs-m-morelia-jornada-16-estadio-olimpico-benito-juarez-tudn', 'text': ''}","{'type': 'link', 'href': 'https://www.ligafemenil.mx/cancha/mxm/102192/eyJpZERpdmlzaW9uIjoiMTQiLCJpZFRlbXBvcmFkYSI6IjcwIiwiaWRUb3JuZW8iOiIyIiwiaWRDbHVibG9jYWwiOiIxMTc5NSIsImlkQ2x1YnZpc2l0YSI6IjExMTgzIiwiaWRQYXJ0aWRvIjoiMTAyMTkyIiwicGVzdGFuYSI6IjMifQ==/minuto-a-minuto-fc-juarez-vs-m-morelia-jornada-16-estadio-olimpico-benito-juarez-tudn', 'text': ''}","{'type': 'link', 'href': 'https://www.ligafemenil.mx/cancha/informeArbitral/102192/eyJpZERpdmlzaW9uIjoiMTQiLCJpZFRlbXBvcmFkYSI6IjcwIiwiaWRUb3JuZW8iOiIyIiwiaWRDbHVibG9jYWwiOiIxMTc5NSIsImlkQ2x1YnZpc2l0YSI6IjExMTgzIn0=/informe-arbitral-fc-juarez-vs-m-morelia-jornada-16-estadio-olimpico-benito-juarez-tudn', 'text': ''}","{'type': 'link', 'href': 'https://www.ligafemenil.mx/cancha/mxm/102192/eyJpZERpdmlzaW9uIjoiMTQiLCJpZFRlbXBvcmFkYSI6IjcwIiwiaWRUb3JuZW8iOiIyIiwiaWRDbHVibG9jYWwiOiIxMTc5NSIsImlkQ2x1YnZpc2l0YSI6IjExMTgzIiwiaWRQYXJ0aWRvIjoiMTAyMTkyIiwicGVzdGFuYSI6IjQifQ==/minuto-a-minuto-fc-juarez-vs-m-morelia-jornada-16-estadio-olimpico-benito-juarez-tudn', 'text': ''}","{'type': 'link', 'href': 'https://www.ligafemenil.mx/cancha/galeria/MTAyMTkyLzE2LzcwLzIvMTQ=/fc-juarez-vs-m-morelia', 'text': ''}","{'type': 'link', 'href': 'https://www.ligafemenil.mx/cancha/playlist/102192/fc-juarez-vs-m-morelia', 'text': ''}"
2019-2020,Clausura,"{'type': 'text', 'value': 'Jueves 23 de Enero de 2025\nTemporada 2019-2020\nTorneo Clausura\nJornada 12\n23 Enero 2025 - 00:00 hrs.'}","{'type': 'link', 'href': 'https://www.ligafemenil.mx/cancha/club/11182/guadalajara', 'text': ''}","{'type': 'link', 'href': 'https://www.ligafemenil.mx/cancha/informeArbitral/102193/eyJpZERpdmlzaW9uIjoiMTQiLCJpZFRlbXBvcmFkYSI6IjcwIiwiaWRUb3JuZW8iOiIyIiwiaWRDbHVibG9jYWwiOjExMTgyLCJpZENsdWJ2aXNpdGEiOjExMTg5fQ==/informe-arbitral-guadalajara-vs-necaxa-jornada-12-estadio-verde-valle-chivas-tv', 'text': '- - -'}","{'type': 'link', 'href': 'https://www.ligafemenil.mx/cancha/club/11189/necaxa', 'text': ''}","{'type': 'link', 'href': 'https://www.ligafemenil.mx/cancha/estadio/36/estadio-verde-valle', 'text': 'Verde Valle'}","{'type': 'link', 'href': 'https://www.ligafemenil.mx/cancha/mxm/102193/eyJpZERpdmlzaW9uIjoiMTQiLCJpZFRlbXBvcmFkYSI6IjcwIiwiaWRUb3JuZW8iOiIyIiwiaWRDbHVibG9jYWwiOiIxMTE4MiIsImlkQ2x1YnZpc2l0YSI6IjExMTg5IiwiaWRQYXJ0aWRvIjoiMTAyMTkzIiwicGVzdGFuYSI6IjEifQ==/minuto-a-minuto-guadalajara-vs-necaxa-jornada-12-estadio-verde-valle-chivas-tv', 'text': ''}","{'type': 'link', 'href': 'https://www.ligafemenil.mx/cancha/mxm/102193/eyJpZERpdmlzaW9uIjoiMTQiLCJpZFRlbXBvcmFkYSI6IjcwIiwiaWRUb3JuZW8iOiIyIiwiaWRDbHVibG9jYWwiOiIxMTE4MiIsImlkQ2x1YnZpc2l0YSI6IjExMTg5IiwiaWRQYXJ0aWRvIjoiMTAyMTkzIiwicGVzdGFuYSI6IjMifQ==/minuto-a-minuto-guadalajara-vs-necaxa-jornada-12-estadio-verde-valle-chivas-tv', 'text': ''}","{'type': 'link', 'href': 'https://www.ligafemenil.mx/cancha/informeArbitral/102193/eyJpZERpdmlzaW9uIjoiMTQiLCJpZFRlbXBvcmFkYSI6IjcwIiwiaWRUb3JuZW8iOiIyIiwiaWRDbHVibG9jYWwiOiIxMTE4MiIsImlkQ2x1YnZpc2l0YSI6IjExMTg5In0=/informe-arbitral-guadalajara-vs-necaxa-jornada-12-estadio-verde-valle-chivas-tv', 'text': ''}","{'type': 'link', 'href': 'https://www.ligafemenil.mx/cancha/mxm/102193/eyJpZERpdmlzaW9uIjoiMTQiLCJpZFRlbXBvcmFkYSI6IjcwIiwiaWRUb3JuZW8iOiIyIiwiaWRDbHVibG9jYWwiOiIxMTE4MiIsImlkQ2x1YnZpc2l0YSI6IjExMTg5IiwiaWRQYXJ0aWRvIjoiMTAyMTkzIiwicGVzdGFuYSI6IjQifQ==/minuto-a-minuto-guadalajara-vs-necaxa-jornada-12-estadio-verde-valle-chivas-tv', 'text': ''}","{'type': 'link', 'href': 'https://www.ligafemenil.mx/cancha/galeria/MTAyMTkzLzEyLzcwLzIvMTQ=/guadalajara-vs-necaxa', 'text': ''}","{'type': 'link', 'href': 'https://www.ligafemenil.mx/cancha/playlist/102193/guadalajara-vs-necaxa', 'text': ''}"
2019-2020,Clausura,"{'type': 'text', 'value': 'Jueves 23 de Enero de 2025\nTemporada 2019-2020\nTorneo Clausura\nJornada 12\n23 Enero 2025 - 00:00 hrs.'}","{'type': 'link', 'href': 'https://www.ligafemenil.mx/cancha/club/11543/puebla-fc', 'text': ''}","{'type': 'link', 'href': 'https://www.ligafemenil.mx/cancha/informeArbitral/102194/eyJpZERpdmlzaW9uIjoiMTQiLCJpZFRlbXBvcmFkYSI6IjcwIiwiaWRUb3JuZW8iOiIyIiwiaWRDbHVibG9jYWwiOjExNTQzLCJpZENsdWJ2aXNpdGEiOjExMjQ1fQ==/informe-arbitral-puebla-fc-vs-atlas-jornada-12-estadio-cuauhtemoc-tvc-deportes', 'text': '- - -'}","{'type': 'link', 'href': 'https://www.ligafemenil.mx/cancha/club/11245/atlas', 'text': ''}","{'type': 'link', 'href': 'https://www.ligafemenil.mx/cancha/estadio/9/estadio-cuauhtemoc', 'text': 'Cuauhtémoc'}","{'type': 'link', 'href': 'https://www.ligafemenil.mx/cancha/mxm/102194/eyJpZERpdmlzaW9uIjoiMTQiLCJpZFRlbXBvcmFkYSI6IjcwIiwiaWRUb3JuZW8iOiIyIiwiaWRDbHVibG9jYWwiOiIxMTU0MyIsImlkQ2x1YnZpc2l0YSI6IjExMjQ1IiwiaWRQYXJ0aWRvIjoiMTAyMTk0IiwicGVzdGFuYSI6IjEifQ==/minuto-a-minuto-puebla-fc-vs-atlas-jornada-12-estadio-cuauhtemoc-tvc-deportes', 'text': ''}","{'type': 'link', 'href': 'https://www.ligafemenil.mx/cancha/mxm/102194/eyJpZERpdmlzaW9uIjoiMTQiLCJpZFRlbXBvcmFkYSI6IjcwIiwiaWRUb3JuZW8iOiIyIiwiaWRDbHVibG9jYWwiOiIxMTU0MyIsImlkQ2x1YnZpc2l0YSI6IjExMjQ1IiwiaWRQYXJ0aWRvIjoiMTAyMTk0IiwicGVzdGFuYSI6IjMifQ==/minuto-a-minuto-puebla-fc-vs-atlas-jornada-12-estadio-cuauhtemoc-tvc-deportes', 'text': ''}","{'type': 'link', 'href': 'https://www.ligafemenil.mx/cancha/informeArbitral/102194/eyJpZERpdmlzaW9uIjoiMTQiLCJpZFRlbXBvcmFkYSI6IjcwIiwiaWRUb3JuZW8iOiIyIiwiaWRDbHVibG9jYWwiOiIxMTU0MyIsImlkQ2x1YnZpc2l0YSI6IjExMjQ1In0=/informe-arbitral-puebla-fc-vs-atlas-jornada-12-estadio-cuauhtemoc-tvc-deportes', 'text': ''}","{'type': 'link', 'href': 'https://www.ligafemenil.mx/cancha/mxm/102194/eyJpZERpdmlzaW9uIjoiMTQiLCJpZFRlbXBvcmFkYSI6IjcwIiwiaWRUb3JuZW8iOiIyIiwiaWRDbHVibG9jYWwiOiIxMTU0MyIsImlkQ2x1YnZpc2l0YSI6IjExMjQ1IiwiaWRQYXJ0aWRvIjoiMTAyMTk0IiwicGVzdGFuYSI6IjQifQ==/minuto-a-minuto-puebla-fc-vs-atlas-jornada-12-estadio-cuauhtemoc-tvc-deportes', 'text': ''}","{'type': 'link', 'href': 'https://www.ligafemenil.mx/cancha/galeria/MTAyMTk0LzEyLzcwLzIvMTQ=/puebla-fc-vs-atlas', 'text': ''}","{'type': 'link', 'href': 'https://www.ligafemenil.mx/cancha/playlist/102194/puebla-fc-vs-atlas', 'text': ''}"
2019-2020,Clausura,"{'type': 'text', 'value': 'Jueves 23 de Enero de 2025\nTemporada 2019-2020\nTorneo Clausura\nJornada 12\n23 Enero 2025 - 00:00 hrs.'}","{'type': 'link', 'href': 'https://www.ligafemenil.mx/cancha/club/11244/queretaro', 'text': ''}","{'type': 'link', 'href': 'https://www.ligafemenil.mx/cancha/informeArbitral/102195/eyJpZERpdmlzaW9uIjoiMTQiLCJpZFRlbXBvcmFkYSI6IjcwIiwiaWRUb3JuZW8iOiIyIiwiaWRDbHVibG9jYWwiOjExMjQ0LCJpZENsdWJ2aXNpdGEiOjExMTgxfQ==/informe-arbitral-queretaro-vs-cruz-azul-jornada-12-estadio-la-corregidora-tvc-deportes', 'text': '- - -'}","{'type': 'link', 'href': 'https://www.ligafemenil.mx/cancha/club/11181/cruz-azul', 'text': ''}","{'type': 'link', 'href': 'https://www.ligafemenil.mx/cancha/estadio/25/estadio-la-corregidora', 'text': 'La Corregidora'}","{'type': 'link', 'href': 'https://www.ligafemenil.mx/cancha/mxm/102195/eyJpZERpdmlzaW9uIjoiMTQiLCJpZFRlbXBvcmFkYSI6IjcwIiwiaWRUb3JuZW8iOiIyIiwiaWRDbHVibG9jYWwiOiIxMTI0NCIsImlkQ2x1YnZpc2l0YSI6IjExMTgxIiwiaWRQYXJ0aWRvIjoiMTAyMTk1IiwicGVzdGFuYSI6IjEifQ==/minuto-a-minuto-queretaro-vs-cruz-azul-jornada-12-estadio-la-corregidora-tvc-deportes', 'text': ''}","{'type': 'link', 'href': 'https://www.ligafemenil.mx/cancha/mxm/102195/eyJpZERpdmlzaW9uIjoiMTQiLCJpZFRlbXBvcmFkYSI6IjcwIiwiaWRUb3JuZW8iOiIyIiwiaWRDbHVibG9jYWwiOiIxMTI0NCIsImlkQ2x1YnZpc2l0YSI6IjExMTgxIiwiaWRQYXJ0aWRvIjoiMTAyMTk1IiwicGVzdGFuYSI6IjMifQ==/minuto-a-minuto-queretaro-vs-cruz-azul-jornada-12-estadio-la-corregidora-tvc-deportes', 'text': ''}","{'type': 'link', 'href': 'https://www.ligafemenil.mx/cancha/informeArbitral/102195/eyJpZERpdmlzaW9uIjoiMTQiLCJpZFRlbXBvcmFkYSI6IjcwIiwiaWRUb3JuZW8iOiIyIiwiaWRDbHVibG9jYWwiOiIxMTI0NCIsImlkQ2x1YnZpc2l0YSI6IjExMTgxIn0=/informe-arbitral-queretaro-vs-cruz-azul-jornada-12-estadio-la-corregidora-tvc-deportes', 'text': ''}","{'type': 'link', 'href': 'https://www.ligafemenil.mx/cancha/mxm/102195/eyJpZERpdmlzaW9uIjoiMTQiLCJpZFRlbXBvcmFkYSI6IjcwIiwiaWRUb3JuZW8iOiIyIiwiaWRDbHVibG9jYWwiOiIxMTI0NCIsImlkQ2x1YnZpc2l0YSI6IjExMTgxIiwiaWRQYXJ0aWRvIjoiMTAyMTk1IiwicGVzdGFuYSI6IjQifQ==/minuto-a-minuto-queretaro-vs-cruz-azul-jornada-12-estadio-la-corregidora-tvc-deportes', 'text': ''}","{'type': 'link', 'href': 'https://www.ligafemenil.mx/cancha/galeria/MTAyMTk1LzEyLzcwLzIvMTQ=/queretaro-vs-cruz-azul', 'text': ''}","{'type': 'link', 'href': 'https://www.ligafemenil.mx/cancha/playlist/102195/queretaro-vs-cruz-azul', 'text': ''}"
2019-2020,Clausura,"{'type': 'text', 'value': 'Jueves 23 de Enero de 2025\nTemporada 2019-2020\nTorneo Clausura\nJornada 16\n23 Enero 2025 - 00:00 hrs.'}","{'type': 'link', 'href': 'https://www.ligafemenil.mx/cancha/club/11245/atlas', 'text': ''}","{'type': 'link', 'href': 'https://www.ligafemenil.mx/cancha/informeArbitral/102196/eyJpZERpdmlzaW9uIjoiMTQiLCJpZFRlbXBvcmFkYSI6IjcwIiwiaWRUb3JuZW8iOiIyIiwiaWRDbHVibG9jYWwiOjExMjQ1LCJpZENsdWJ2aXNpdGEiOjExMTg4fQ==/informe-arbitral-atlas-vs-pumas-jornada-16-estadio-colomos-tvc-deportes', 'text': '- - -'}","{'type': 'link', 'href': 'https://www.ligafemenil.mx/cancha/club/11188/pumas', 'text': ''}","{'type': 'link', 'href': 'https://www.ligafemenil.mx/cancha/estadio/109/estadio-colomos', 'text': 'Colomos'}","{'type': 'link', 'href': 'https://www.ligafemenil.mx/cancha/mxm/102196/eyJpZERpdmlzaW9uIjoiMTQiLCJpZFRlbXBvcmFkYSI6IjcwIiwiaWRUb3JuZW8iOiIyIiwiaWRDbHVibG9jYWwiOiIxMTI0NSIsImlkQ2x1YnZpc2l0YSI6IjExMTg4IiwiaWRQYXJ0aWRvIjoiMTAyMTk2IiwicGVzdGFuYSI6IjEifQ==/minuto-a-minuto-atlas-vs-pumas-jornada-16-estadio-colomos-tvc-deportes', 'text': ''}","{'type': 'link', 'href': 'https://www.ligafemenil.mx/cancha/mxm/102196/eyJpZERpdmlzaW9uIjoiMTQiLCJpZFRlbXBvcmFkYSI6IjcwIiwiaWRUb3JuZW8iOiIyIiwiaWRDbHVibG9jYWwiOiIxMTI0NSIsImlkQ2x1YnZpc2l0YSI6IjExMTg4IiwiaWRQYXJ0aWRvIjoiMTAyMTk2IiwicGVzdGFuYSI6IjMifQ==/minuto-a-minuto-atlas-vs-pumas-jornada-16-estadio-colomos-tvc-deportes', 'text': ''}","{'type': 'link', 'href': 'https://www.ligafemenil.mx/cancha/informeArbitral/102196/eyJpZERpdmlzaW9uIjoiMTQiLCJpZFRlbXBvcmFkYSI6IjcwIiwiaWRUb3JuZW8iOiIyIiwiaWRDbHVibG9jYWwiOiIxMTI0NSIsImlkQ2x1YnZpc2l0YSI6IjExMTg4In0=/informe-arbitral-atlas-vs-pumas-jornada-16-estadio-colomos-tvc-deportes', 'text': ''}","{'type': 'link', 'href': 'https://www.ligafemenil.mx/cancha/mxm/102196/eyJpZERpdmlzaW9uIjoiMTQiLCJpZFRlbXBvcmFkYSI6IjcwIiwiaWRUb3JuZW8iOiIyIiwiaWRDbHVibG9jYWwiOiIxMTI0NSIsImlkQ2x1YnZpc2l0YSI6IjExMTg4IiwiaWRQYXJ0aWRvIjoiMTAyMTk2IiwicGVzdGFuYSI6IjQifQ==/minuto-a-minuto-atlas-vs-pumas-jornada-16-estadio-colomos-tvc-deportes', 'text': ''}","{'type': 'link', 'href': 'https://www.ligafemenil.mx/cancha/galeria/MTAyMTk2LzE2LzcwLzIvMTQ=/atlas-vs-pumas', 'text': ''}","{'type': 'link', 'href': 'https://www.ligafemenil.mx/cancha/playlist/102196/atlas-vs-pumas', 'text': ''}"
2019-2020,Clausura,"{'type': 'text', 'value': 'Jueves 23 de Enero de 2025\nTemporada 2019-2020\nTorneo Clausura\nJornada 12\n23 Enero 2025 - 00:00 hrs.'}","{'type': 'link', 'href': 'https://www.ligafemenil.mx/cancha/club/11184/pachuca', 'text': ''}","{'type': 'link', 'href': 'https://www.ligafemenil.mx/cancha/informeArbitral/102197/eyJpZERpdmlzaW9uIjoiMTQiLCJpZFRlbXBvcmFkYSI6IjcwIiwiaWRUb3JuZW8iOiIyIiwiaWRDbHVibG9jYWwiOjExMTg0LCJpZENsdWJ2aXNpdGEiOjExMTgzfQ==/informe-arbitral-pachuca-vs-m-morelia-jornada-12-estadio-hidalgo-fox-sports', 'text': '- - -'}","{'type': 'link', 'href': 'https://www.ligafemenil.mx/cancha/club/11183/m-morelia', 'text': ''}","{'type': 'link', 'href': 'https://www.ligafemenil.mx/cancha/estadio/11/estadio-hidalgo', 'text': 'Hidalgo'}","{'type': 'link', 'href': 'https://www.ligafemenil.mx/cancha/mxm/102197/eyJpZERpdmlzaW9uIjoiMTQiLCJpZFRlbXBvcmFkYSI6IjcwIiwiaWRUb3JuZW8iOiIyIiwiaWRDbHVibG9jYWwiOiIxMTE4NCIsImlkQ2x1YnZpc2l0YSI6IjExMTgzIiwiaWRQYXJ0aWRvIjoiMTAyMTk3IiwicGVzdGFuYSI6IjEifQ==/minuto-a-minuto-pachuca-vs-m-morelia-jornada-12-estadio-hidalgo-fox-sports', 'text': ''}","{'type': 'link', 'href': 'https://www.ligafemenil.mx/cancha/mxm/102197/eyJpZERpdmlzaW9uIjoiMTQiLCJpZFRlbXBvcmFkYSI6IjcwIiwiaWRUb3JuZW8iOiIyIiwiaWRDbHVibG9jYWwiOiIxMTE4NCIsImlkQ2x1YnZpc2l0YSI6IjExMTgzIiwiaWRQYXJ0aWRvIjoiMTAyMTk3IiwicGVzdGFuYSI6IjMifQ==/minuto-a-minuto-pachuca-vs-m-morelia-jornada-12-estadio-hidalgo-fox-sports', 'text': ''}","{'type': 'link', 'href': 'https://www.ligafemenil.mx/cancha/informeArbitral/102197/eyJpZERpdmlzaW9uIjoiMTQiLCJpZFRlbXBvcmFkYSI6IjcwIiwiaWRUb3JuZW8iOiIyIiwiaWRDbHVibG9jYWwiOiIxMTE4NCIsImlkQ2x1YnZpc2l0YSI6IjExMTgzIn0=/informe-arbitral-pachuca-vs-m-morelia-jornada-12-estadio-hidalgo-fox-sports', 'text': ''}","{'type': 'link', 'href': 'https://www.ligafemenil.mx/cancha/mxm/102197/eyJpZERpdmlzaW9uIjoiMTQiLCJpZFRlbXBvcmFkYSI6IjcwIiwiaWRUb3JuZW8iOiIyIiwiaWRDbHVibG9jYWwiOiIxMTE4NCIsImlkQ2x1YnZpc2l0YSI6IjExMTgzIiwiaWRQYXJ0aWRvIjoiMTAyMTk3IiwicGVzdGFuYSI6IjQifQ==/minuto-a-minuto-pachuca-vs-m-morelia-jornada-12-estadio-hidalgo-fox-sports', 'text': ''}","{'type': 'link', 'href': 'https://www.ligafemenil.mx/cancha/galeria/MTAyMTk3LzEyLzcwLzIvMTQ=/pachuca-vs-m-morelia', 'text': ''}","{'type': 'link', 'href': 'https://www.ligafemenil.mx/cancha/playlist/102197/pachuca-vs-m-morelia', 'text': ''}"
2019-2020,Clausura,"{'type': 'text', 'value': 'Jueves 23 de Enero de 2025\nTemporada 2019-2020\nTorneo Clausura\nJornada 12\n23 Enero 2025 - 00:00 hrs.'}","{'type': 'link', 'href': 'https://www.ligafemenil.mx/cancha/club/11191/america', 'text': ''}","{'type': 'link', 'href': 'https://www.ligafemenil.mx/cancha/informeArbitral/102198/eyJpZERpdmlzaW9uIjoiMTQiLCJpZFRlbXBvcmFkYSI6IjcwIiwiaWRUb3JuZW8iOiIyIiwiaWRDbHVibG9jYWwiOjExMTkxLCJpZENsdWJ2aXNpdGEiOjExNzc4fQ==/informe-arbitral-america-vs-club-atletico-de-san-luis-jornada-12-estadio-cancha-centenario-no-5-natural-instalaciones-club-america-tudn', 'text': '- - -'}","{'type': 'link', 'href': 'https://www.ligafemenil.mx/cancha/club/11778/club-atletico-de-san-luis', 'text': ''}","{'type': 'link', 'href': 'https://www.ligafemenil.mx/cancha/estadio/1421/estadio-cancha-centenario-no-5-natural-instalaciones-club-america', 'text': 'Cancha Centenario No. 5 (Natural) Instalaciones Club América'}","{'type': 'link', 'href': 'https://www.ligafemenil.mx/cancha/mxm/102198/eyJpZERpdmlzaW9uIjoiMTQiLCJpZFRlbXBvcmFkYSI6IjcwIiwiaWRUb3JuZW8iOiIyIiwiaWRDbHVibG9jYWwiOiIxMTE5MSIsImlkQ2x1YnZpc2l0YSI6IjExNzc4IiwiaWRQYXJ0aWRvIjoiMTAyMTk4IiwicGVzdGFuYSI6IjEifQ==/minuto-a-minuto-america-vs-club-atletico-de-san-luis-jornada-12-estadio-cancha-centenario-no-5-natural-instalaciones-club-america-tudn', 'text': ''}","{'type': 'link', 'href': 'https://www.ligafemenil.mx/cancha/mxm/102198/eyJpZERpdmlzaW9uIjoiMTQiLCJpZFRlbXBvcmFkYSI6IjcwIiwiaWRUb3JuZW8iOiIyIiwiaWRDbHVibG9jYWwiOiIxMTE5MSIsImlkQ2x1YnZpc2l0YSI6IjExNzc4IiwiaWRQYXJ0aWRvIjoiMTAyMTk4IiwicGVzdGFuYSI6IjMifQ==/minuto-a-minuto-america-vs-club-atletico-de-san-luis-jornada-12-estadio-cancha-centenario-no-5-natural-instalaciones-club-america-tudn', 'text': ''}","{'type': 'link', 'href': 'https://www.ligafemenil.mx/cancha/informeArbitral/102198/eyJpZERpdmlzaW9uIjoiMTQiLCJpZFRlbXBvcmFkYSI6IjcwIiwiaWRUb3JuZW8iOiIyIiwiaWRDbHVibG9jYWwiOiIxMTE5MSIsImlkQ2x1YnZpc2l0YSI6IjExNzc4In0=/informe-arbitral-america-vs-club-atletico-de-san-luis-jornada-12-estadio-cancha-centenario-no-5-natural-instalaciones-club-america-tudn', 'text': ''}","{'type': 'link', 'href': 'https://www.ligafemenil.mx/cancha/mxm/102198/eyJpZERpdmlzaW9uIjoiMTQiLCJpZFRlbXBvcmFkYSI6IjcwIiwiaWRUb3JuZW8iOiIyIiwiaWRDbHVibG9jYWwiOiIxMTE5MSIsImlkQ2x1YnZpc2l0YSI6IjExNzc4IiwiaWRQYXJ0aWRvIjoiMTAyMTk4IiwicGVzdGFuYSI6IjQifQ==/minuto-a-minuto-america-vs-club-atletico-de-san-luis-jornada-12-estadio-cancha-centenario-no-5-natural-instalaciones-club-america-tudn', 'text': ''}","{'type': 'link', 'href': 'https://www.ligafemenil.mx/cancha/galeria/MTAyMTk4LzEyLzcwLzIvMTQ=/america-vs-club-atletico-de-san-luis', 'text': ''}","{'type': 'link', 'href': 'https://www.ligafemenil.mx/cancha/playlist/102198/america-vs-club-atletico-de-san-luis', 'text': ''}"
2019-2020,Clausura,"{'type': 'text', 'value': 'Jueves 23 de Enero de 2025\nTemporada 2019-2020\nTorneo Clausura\nJornada 16\n23 Enero 2025 - 00:00 hrs.'}","{'type': 'link', 'href': 'https://www.ligafemenil.mx/cancha/club/11543/puebla-fc', 'text': ''}","{'type': 'link', 'href': 'https://www.ligafemenil.mx/cancha/informeArbitral/102199/eyJpZERpdmlzaW9uIjoiMTQiLCJpZFRlbXBvcmFkYSI6IjcwIiwiaWRUb3JuZW8iOiIyIiwiaWRDbHVibG9jYWwiOjExNTQzLCJpZENsdWJ2aXNpdGEiOjExMTkxfQ==/informe-arbitral-puebla-fc-vs-america-jornada-16-estadio-cuauhtemoc-tvc-deportes', 'text': '- - -'}","{'type': 'link', 'href': 'https://www.ligafemenil.mx/cancha/club/11191/america', 'text': ''}","{'type': 'link', 'href': 'https://www.ligafemenil.mx/cancha/estadio/9/estadio-cuauhtemoc', 'text': 'Cuauhtémoc'}","{'type': 'link', 'href': 'https://www.ligafemenil.mx/cancha/mxm/102199/eyJpZERpdmlzaW9uIjoiMTQiLCJpZFRlbXBvcmFkYSI6IjcwIiwiaWRUb3JuZW8iOiIyIiwiaWRDbHVibG9jYWwiOiIxMTU0MyIsImlkQ2x1YnZpc2l0YSI6IjExMTkxIiwiaWRQYXJ0aWRvIjoiMTAyMTk5IiwicGVzdGFuYSI6IjEifQ==/minuto-a-minuto-puebla-fc-vs-america-jornada-16-estadio-cuauhtemoc-tvc-deportes', 'text': ''}","{'type': 'link', 'href': 'https://www.ligafemenil.mx/cancha/mxm/102199/eyJpZERpdmlzaW9uIjoiMTQiLCJpZFRlbXBvcmFkYSI6IjcwIiwiaWRUb3JuZW8iOiIyIiwiaWRDbHVibG9jYWwiOiIxMTU0MyIsImlkQ2x1YnZpc2l0YSI6IjExMTkxIiwiaWRQYXJ0aWRvIjoiMTAyMTk5IiwicGVzdGFuYSI6IjMifQ==/minuto-a-minuto-puebla-fc-vs-america-jornada-16-estadio-cuauhtemoc-tvc-deportes', 'text': ''}","{'type': 'link', 'href': 'https://www.ligafemenil.mx/cancha/informeArbitral/102199/eyJpZERpdmlzaW9uIjoiMTQiLCJpZFRlbXBvcmFkYSI6IjcwIiwiaWRUb3JuZW8iOiIyIiwiaWRDbHVibG9jYWwiOiIxMTU0MyIsImlkQ2x1YnZpc2l0YSI6IjExMTkxIn0=/informe-arbitral-puebla-fc-vs-america-jornada-16-estadio-cuauhtemoc-tvc-deportes', 'text': ''}","{'type': 'link', 'href': 'https://www.ligafemenil.mx/cancha/mxm/102199/eyJpZERpdmlzaW9uIjoiMTQiLCJpZFRlbXBvcmFkYSI6IjcwIiwiaWRUb3JuZW8iOiIyIiwiaWRDbHVibG9jYWwiOiIxMTU0MyIsImlkQ2x1YnZpc2l0YSI6IjExMTkxIiwiaWRQYXJ0aWRvIjoiMTAyMTk5IiwicGVzdGFuYSI6IjQifQ==/minuto-a-minuto-puebla-fc-vs-america-jornada-16-estadio-cuauhtemoc-tvc-deportes', 'text': ''}","{'type': 'link', 'href': 'https://www.ligafemenil.mx/cancha/galeria/MTAyMTk5LzE2LzcwLzIvMTQ=/puebla-fc-vs-america', 'text': ''}","{'type': 'link', 'href': 'https://www.ligafemenil.mx/cancha/playlist/102199/puebla-fc-vs-america', 'text': ''}"
2019-2020,Clausura,"{'type': 'text', 'value': 'Jueves 23 de Enero de 2025\nTemporada 2019-2020\nTorneo Clausura\nJornada 12\n23 Enero 2025 - 00:00 hrs.'}","{'type': 'link', 'href': 'https://www.ligafemenil.mx/cancha/club/11185/rayados-de-monterrey', 'text': ''}","{'type': 'link', 'href': 'https://www.ligafemenil.mx/cancha/informeArbitral/102200/eyJpZERpdmlzaW9uIjoiMTQiLCJpZFRlbXBvcmFkYSI6IjcwIiwiaWRUb3JuZW8iOiIyIiwiaWRDbHVibG9jYWwiOjExMTg1LCJpZENsdWJ2aXNpdGEiOjExMTkyfQ==/informe-arbitral-rayados-de-monterrey-vs-santos-laguna-jornada-12-estadio-bbva-fox-sports', 'text': '- - -'}","{'type': 'link', 'href': 'https://www.ligafemenil.mx/cancha/club/11192/santos-laguna', 'text': ''}","{'type': 'link', 'href': 'https://www.ligafemenil.mx/cancha/estadio/1608/estadio-bbva', 'text': 'Estadio BBVA'}","{'type': 'link', 'href': 'https://www.ligafemenil.mx/cancha/mxm/102200/eyJpZERpdmlzaW9uIjoiMTQiLCJpZFRlbXBvcmFkYSI6IjcwIiwiaWRUb3JuZW8iOiIyIiwiaWRDbHVibG9jYWwiOiIxMTE4NSIsImlkQ2x1YnZpc2l0YSI6IjExMTkyIiwiaWRQYXJ0aWRvIjoiMTAyMjAwIiwicGVzdGFuYSI6IjEifQ==/minuto-a-minuto-rayados-de-monterrey-vs-santos-laguna-jornada-12-estadio-bbva-fox-sports', 'text': ''}","{'type': 'link', 'href': 'https://www.ligafemenil.mx/cancha/mxm/102200/eyJpZERpdmlzaW9uIjoiMTQiLCJpZFRlbXBvcmFkYSI6IjcwIiwiaWRUb3JuZW8iOiIyIiwiaWRDbHVibG9jYWwiOiIxMTE4NSIsImlkQ2x1YnZpc2l0YSI6IjExMTkyIiwiaWRQYXJ0aWRvIjoiMTAyMjAwIiwicGVzdGFuYSI6IjMifQ==/minuto-a-minuto-rayados-de-monterrey-vs-santos-laguna-jornada-12-estadio-bbva-fox-sports', 'text': ''}","{'type': 'link', 'href': 'https://www.ligafemenil.mx/cancha/informeArbitral/102200/eyJpZERpdmlzaW9uIjoiMTQiLCJpZFRlbXBvcmFkYSI6IjcwIiwiaWRUb3JuZW8iOiIyIiwiaWRDbHVibG9jYWwiOiIxMTE4NSIsImlkQ2x1YnZpc2l0YSI6IjExMTkyIn0=/informe-arbitral-rayados-de-monterrey-vs-santos-laguna-jornada-12-estadio-bbva-fox-sports', 'text': ''}","{'type': 'link', 'href': 'https://www.ligafemenil.mx/cancha/mxm/102200/eyJpZERpdmlzaW9uIjoiMTQiLCJpZFRlbXBvcmFkYSI6IjcwIiwiaWRUb3JuZW8iOiIyIiwiaWRDbHVibG9jYWwiOiIxMTE4NSIsImlkQ2x1YnZpc2l0YSI6IjExMTkyIiwiaWRQYXJ0aWRvIjoiMTAyMjAwIiwicGVzdGFuYSI6IjQifQ==/minuto-a-minuto-rayados-de-monterrey-vs-santos-laguna-jornada-12-estadio-bbva-fox-sports', 'text': ''}","{'type': 'link', 'href': 'https://www.ligafemenil.mx/cancha/galeria/MTAyMjAwLzEyLzcwLzIvMTQ=/rayados-de-monterrey-vs-santos-laguna', 'text': ''}","{'type': 'link', 'href': 'https://www.ligafemenil.mx/cancha/playlist/102200/rayados-de-monterrey-vs-santos-laguna', 'text': ''}"
2019-2020,Clausura,"{'type': 'text', 'value': 'Jueves 23 de Enero de 2025\nTemporada 2019-2020\nTorneo Clausura\nJornada 16\n23 Enero 2025 - 00:00 hrs.'}","{'type': 'link', 'href': 'https://www.ligafemenil.mx/cancha/club/11187/toluca', 'text': ''}","{'type': 'link', 'href': 'https://www.ligafemenil.mx/cancha/informeArbitral/102201/eyJpZERpdmlzaW9uIjoiMTQiLCJpZFRlbXBvcmFkYSI6IjcwIiwiaWRUb3JuZW8iOiIyIiwiaWRDbHVibG9jYWwiOjExMTg3LCJpZENsdWJ2aXNpdGEiOjExMTg5fQ==/informe-arbitral-toluca-vs-necaxa-jornada-16-estadio-nemesio-diez-tudn', 'text': '- - -'}","{'type': 'link', 'href': 'https://www.ligafemenil.mx/cancha/club/11189/necaxa', 'text': ''}","{'type': 'link', 'href': 'https://www.ligafemenil.mx/cancha/estadio/6/estadio-nemesio-diez', 'text': 'Nemesio Diez'}","{'type': 'link', 'href': 'https://www.ligafemenil.mx/cancha/mxm/102201/eyJpZERpdmlzaW9uIjoiMTQiLCJpZFRlbXBvcmFkYSI6IjcwIiwiaWRUb3JuZW8iOiIyIiwiaWRDbHVibG9jYWwiOiIxMTE4NyIsImlkQ2x1YnZpc2l0YSI6IjExMTg5IiwiaWRQYXJ0aWRvIjoiMTAyMjAxIiwicGVzdGFuYSI6IjEifQ==/minuto-a-minuto-toluca-vs-necaxa-jornada-16-estadio-nemesio-diez-tudn', 'text': ''}","{'type': 'link', 'href': 'https://www.ligafemenil.mx/cancha/mxm/102201/eyJpZERpdmlzaW9uIjoiMTQiLCJpZFRlbXBvcmFkYSI6IjcwIiwiaWRUb3JuZW8iOiIyIiwiaWRDbHVibG9jYWwiOiIxMTE4NyIsImlkQ2x1YnZpc2l0YSI6IjExMTg5IiwiaWRQYXJ0aWRvIjoiMTAyMjAxIiwicGVzdGFuYSI6IjMifQ==/minuto-a-minuto-toluca-vs-necaxa-jornada-16-estadio-nemesio-diez-tudn', 'text': ''}","{'type': 'link', 'href': 'https://www.ligafemenil.mx/cancha/informeArbitral/102201/eyJpZERpdmlzaW9uIjoiMTQiLCJpZFRlbXBvcmFkYSI6IjcwIiwiaWRUb3JuZW8iOiIyIiwiaWRDbHVibG9jYWwiOiIxMTE4NyIsImlkQ2x1YnZpc2l0YSI6IjExMTg5In0=/informe-arbitral-toluca-vs-necaxa-jornada-16-estadio-nemesio-diez-tudn', 'text': ''}","{'type': 'link', 'href': 'https://www.ligafemenil.mx/cancha/mxm/102201/eyJpZERpdmlzaW9uIjoiMTQiLCJpZFRlbXBvcmFkYSI6IjcwIiwiaWRUb3JuZW8iOiIyIiwiaWRDbHVibG9jYWwiOiIxMTE4NyIsImlkQ2x1YnZpc2l0YSI6IjExMTg5IiwiaWRQYXJ0aWRvIjoiMTAyMjAxIiwicGVzdGFuYSI6IjQifQ==/minuto-a-minuto-toluca-vs-necaxa-jornada-16-estadio-nemesio-diez-tudn', 'text': ''}","{'type': 'link', 'href': 'https://www.ligafemenil.mx/cancha/galeria/MTAyMjAxLzE2LzcwLzIvMTQ=/toluca-vs-necaxa', 'text': ''}","{'type': 'link', 'href': 'https://www.ligafemenil.mx/cancha/playlist/102201/toluca-vs-necaxa', 'text': ''}"
2019-2020,Clausura,"{'type': 'text', 'value': 'Jueves 23 de Enero de 2025\nTemporada 2019-2020\nTorneo Clausura\nJornada 14\n23 Enero 2025 - 00:00 hrs.'}","{'type': 'link', 'href': 'https://www.ligafemenil.mx/cancha/club/11180/tijuana', 'text': ''}","{'type': 'link', 'href': 'https://www.ligafemenil.mx/cancha/informeArbitral/102168/eyJpZERpdmlzaW9uIjoiMTQiLCJpZFRlbXBvcmFkYSI6IjcwIiwiaWRUb3JuZW8iOiIyIiwiaWRDbHVibG9jYWwiOjExMTgwLCJpZENsdWJ2aXNpdGEiOjExMTgxfQ==/informe-arbitral-tijuana-vs-cruz-azul-jornada-14-estadio-caliente', 'text': '- - -'}","{'type': 'link', 'href': 'https://www.ligafemenil.mx/cancha/club/11181/cruz-azul', 'text': ''}","{'type': 'link', 'href': 'https://www.ligafemenil.mx/cancha/estadio/48/estadio-caliente', 'text': 'Caliente'}","{'type': 'link', 'href': 'https://www.ligafemenil.mx/cancha/mxm/102168/eyJpZERpdmlzaW9uIjoiMTQiLCJpZFRlbXBvcmFkYSI6IjcwIiwiaWRUb3JuZW8iOiIyIiwiaWRDbHVibG9jYWwiOiIxMTE4MCIsImlkQ2x1YnZpc2l0YSI6IjExMTgxIiwiaWRQYXJ0aWRvIjoiMTAyMTY4IiwicGVzdGFuYSI6IjEifQ==/minuto-a-minuto-tijuana-vs-cruz-azul-jornada-14-estadio-caliente', 'text': ''}","{'type': 'link', 'href': 'https://www.ligafemenil.mx/cancha/mxm/102168/eyJpZERpdmlzaW9uIjoiMTQiLCJpZFRlbXBvcmFkYSI6IjcwIiwiaWRUb3JuZW8iOiIyIiwiaWRDbHVibG9jYWwiOiIxMTE4MCIsImlkQ2x1YnZpc2l0YSI6IjExMTgxIiwiaWRQYXJ0aWRvIjoiMTAyMTY4IiwicGVzdGFuYSI6IjMifQ==/minuto-a-minuto-tijuana-vs-cruz-azul-jornada-14-estadio-caliente', 'text': ''}","{'type': 'link', 'href': 'https://www.ligafemenil.mx/cancha/informeArbitral/102168/eyJpZERpdmlzaW9uIjoiMTQiLCJpZFRlbXBvcmFkYSI6IjcwIiwiaWRUb3JuZW8iOiIyIiwiaWRDbHVibG9jYWwiOiIxMTE4MCIsImlkQ2x1YnZpc2l0YSI6IjExMTgxIn0=/informe-arbitral-tijuana-vs-cruz-azul-jornada-14-estadio-caliente', 'text': ''}","{'type': 'link', 'href': 'https://www.ligafemenil.mx/cancha/mxm/102168/eyJpZERpdmlzaW9uIjoiMTQiLCJpZFRlbXBvcmFkYSI6IjcwIiwiaWRUb3JuZW8iOiIyIiwiaWRDbHVibG9jYWwiOiIxMTE4MCIsImlkQ2x1YnZpc2l0YSI6IjExMTgxIiwiaWRQYXJ0aWRvIjoiMTAyMTY4IiwicGVzdGFuYSI6IjQifQ==/minuto-a-minuto-tijuana-vs-cruz-azul-jornada-14-estadio-caliente', 'text': ''}","{'type': 'link', 'href': 'https://www.ligafemenil.mx/cancha/galeria/MTAyMTY4LzE0LzcwLzIvMTQ=/tijuana-vs-cruz-azul', 'text': ''}","{'type': 'link', 'href': 'https://www.ligafemenil.mx/cancha/playlist/102168/tijuana-vs-cruz-azul', 'text': ''}"
2019-2020,Clausura,"{'type': 'text', 'value': 'Jueves 23 de Enero de 2025\nTemporada 2019-2020\nTorneo Clausura\nJornada 15\n23 Enero 2025 - 00:00 hrs.'}","{'type': 'link', 'href': 'https://www.ligafemenil.mx/cancha/club/11181/cruz-azul', 'text': ''}","{'type': 'link', 'href': 'https://www.ligafemenil.mx/cancha/informeArbitral/102171/eyJpZERpdmlzaW9uIjoiMTQiLCJpZFRlbXBvcmFkYSI6IjcwIiwiaWRUb3JuZW8iOiIyIiwiaWRDbHVibG9jYWwiOjExMTgxLCJpZENsdWJ2aXNpdGEiOjExMTg0fQ==/informe-arbitral-cruz-azul-vs-pachuca-jornada-15-estadio-10-de-diciembre-tudn', 'text': '- - -'}","{'type': 'link', 'href': 'https://www.ligafemenil.mx/cancha/club/11184/pachuca', 'text': ''}","{'type': 'link', 'href': 'https://www.ligafemenil.mx/cancha/estadio/30/estadio-10-de-diciembre', 'text': '10 de Diciembre'}","{'type': 'link', 'href': 'https://www.ligafemenil.mx/cancha/mxm/102171/eyJpZERpdmlzaW9uIjoiMTQiLCJpZFRlbXBvcmFkYSI6IjcwIiwiaWRUb3JuZW8iOiIyIiwiaWRDbHVibG9jYWwiOiIxMTE4MSIsImlkQ2x1YnZpc2l0YSI6IjExMTg0IiwiaWRQYXJ0aWRvIjoiMTAyMTcxIiwicGVzdGFuYSI6IjEifQ==/minuto-a-minuto-cruz-azul-vs-pachuca-jornada-15-estadio-10-de-diciembre-tudn', 'text': ''}","{'type': 'link', 'href': 'https://www.ligafemenil.mx/cancha/mxm/102171/eyJpZERpdmlzaW9uIjoiMTQiLCJpZFRlbXBvcmFkYSI6IjcwIiwiaWRUb3JuZW8iOiIyIiwiaWRDbHVibG9jYWwiOiIxMTE4MSIsImlkQ2x1YnZpc2l0YSI6IjExMTg0IiwiaWRQYXJ0aWRvIjoiMTAyMTcxIiwicGVzdGFuYSI6IjMifQ==/minuto-a-minuto-cruz-azul-vs-pachuca-jornada-15-estadio-10-de-diciembre-tudn', 'text': ''}","{'type': 'link', 'href': 'https://www.ligafemenil.mx/cancha/informeArbitral/102171/eyJpZERpdmlzaW9uIjoiMTQiLCJpZFRlbXBvcmFkYSI6IjcwIiwiaWRUb3JuZW8iOiIyIiwiaWRDbHVibG9jYWwiOiIxMTE4MSIsImlkQ2x1YnZpc2l0YSI6IjExMTg0In0=/informe-arbitral-cruz-azul-vs-pachuca-jornada-15-estadio-10-de-diciembre-tudn', 'text': ''}","{'type': 'link', 'href': 'https://www.ligafemenil.mx/cancha/mxm/102171/eyJpZERpdmlzaW9uIjoiMTQiLCJpZFRlbXBvcmFkYSI6IjcwIiwiaWRUb3JuZW8iOiIyIiwiaWRDbHVibG9jYWwiOiIxMTE4MSIsImlkQ2x1YnZpc2l0YSI6IjExMTg0IiwiaWRQYXJ0aWRvIjoiMTAyMTcxIiwicGVzdGFuYSI6IjQifQ==/minuto-a-minuto-cruz-azul-vs-pachuca-jornada-15-estadio-10-de-diciembre-tudn', 'text': ''}","{'type': 'link', 'href': 'https://www.ligafemenil.mx/cancha/galeria/MTAyMTcxLzE1LzcwLzIvMTQ=/cruz-azul-vs-pachuca', 'text': ''}","{'type': 'link', 'href': 'https://www.ligafemenil.mx/cancha/playlist/102171/cruz-azul-vs-pachuca', 'text': ''}"
2019-2020,Clausura,"{'type': 'text', 'value': 'Jueves 23 de Enero de 2025\nTemporada 2019-2020\nTorneo Clausura\nJornada 15\n23 Enero 2025 - 00:00 hrs.'}","{'type': 'link', 'href': 'https://www.ligafemenil.mx/cancha/club/11189/necaxa', 'text': ''}","{'type': 'link', 'href': 'https://www.ligafemenil.mx/cancha/informeArbitral/102173/eyJpZERpdmlzaW9uIjoiMTQiLCJpZFRlbXBvcmFkYSI6IjcwIiwiaWRUb3JuZW8iOiIyIiwiaWRDbHVibG9jYWwiOjExMTg5LCJpZENsdWJ2aXNpdGEiOjExNzk1fQ==/informe-arbitral-necaxa-vs-fc-juarez-jornada-15-estadio-victoria-claro-sports', 'text': '- - -'}","{'type': 'link', 'href': 'https://www.ligafemenil.mx/cancha/club/11795/fc-juarez', 'text': ''}","{'type': 'link', 'href': 'https://www.ligafemenil.mx/cancha/estadio/15/estadio-victoria', 'text': 'Victoria'}","{'type': 'link', 'href': 'https://www.ligafemenil.mx/cancha/mxm/102173/eyJpZERpdmlzaW9uIjoiMTQiLCJpZFRlbXBvcmFkYSI6IjcwIiwiaWRUb3JuZW8iOiIyIiwiaWRDbHVibG9jYWwiOiIxMTE4OSIsImlkQ2x1YnZpc2l0YSI6IjExNzk1IiwiaWRQYXJ0aWRvIjoiMTAyMTczIiwicGVzdGFuYSI6IjEifQ==/minuto-a-minuto-necaxa-vs-fc-juarez-jornada-15-estadio-victoria-claro-sports', 'text': ''}","{'type': 'link', 'href': 'https://www.ligafemenil.mx/cancha/mxm/102173/eyJpZERpdmlzaW9uIjoiMTQiLCJpZFRlbXBvcmFkYSI6IjcwIiwiaWRUb3JuZW8iOiIyIiwiaWRDbHVibG9jYWwiOiIxMTE4OSIsImlkQ2x1YnZpc2l0YSI6IjExNzk1IiwiaWRQYXJ0aWRvIjoiMTAyMTczIiwicGVzdGFuYSI6IjMifQ==/minuto-a-minuto-necaxa-vs-fc-juarez-jornada-15-estadio-victoria-claro-sports', 'text': ''}","{'type': 'link', 'href': 'https://www.ligafemenil.mx/cancha/informeArbitral/102173/eyJpZERpdmlzaW9uIjoiMTQiLCJpZFRlbXBvcmFkYSI6IjcwIiwiaWRUb3JuZW8iOiIyIiwiaWRDbHVibG9jYWwiOiIxMTE4OSIsImlkQ2x1YnZpc2l0YSI6IjExNzk1In0=/informe-arbitral-necaxa-vs-fc-juarez-jornada-15-estadio-victoria-claro-sports', 'text': ''}","{'type': 'link', 'href': 'https://www.ligafemenil.mx/cancha/mxm/102173/eyJpZERpdmlzaW9uIjoiMTQiLCJpZFRlbXBvcmFkYSI6IjcwIiwiaWRUb3JuZW8iOiIyIiwiaWRDbHVibG9jYWwiOiIxMTE4OSIsImlkQ2x1YnZpc2l0YSI6IjExNzk1IiwiaWRQYXJ0aWRvIjoiMTAyMTczIiwicGVzdGFuYSI6IjQifQ==/minuto-a-minuto-necaxa-vs-fc-juarez-jornada-15-estadio-victoria-claro-sports', 'text': ''}","{'type': 'link', 'href': 'https://www.ligafemenil.mx/cancha/galeria/MTAyMTczLzE1LzcwLzIvMTQ=/necaxa-vs-fc-juarez', 'text': ''}","{'type': 'link', 'href': 'https://www.ligafemenil.mx/cancha/playlist/102173/necaxa-vs-fc-juarez', 'text': ''}"
2019-2020,Clausura,"{'type': 'text', 'value': 'Jueves 23 de Enero de 2025\nTemporada 2019-2020\nTorneo Clausura\nJornada 11\n23 Enero 2025 - 00:00 hrs.'}","{'type': 'link', 'href': 'https://www.ligafemenil.mx/cancha/club/11181/cruz-azul', 'text': ''}","{'type': 'link', 'href': 'https://www.ligafemenil.mx/cancha/informeArbitral/102174/eyJpZERpdmlzaW9uIjoiMTQiLCJpZFRlbXBvcmFkYSI6IjcwIiwiaWRUb3JuZW8iOiIyIiwiaWRDbHVibG9jYWwiOjExMTgxLCJpZENsdWJ2aXNpdGEiOjExMTg1fQ==/informe-arbitral-cruz-azul-vs-rayados-de-monterrey-jornada-11-estadio-10-de-diciembre-tudn', 'text': '- - -'}","{'type': 'link', 'href': 'https://www.ligafemenil.mx/cancha/club/11185/rayados-de-monterrey', 'text': ''}","{'type': 'link', 'href': 'https://www.ligafemenil.mx/cancha/estadio/30/estadio-10-de-diciembre', 'text': '10 de Diciembre'}","{'type': 'link', 'href': 'https://www.ligafemenil.mx/cancha/mxm/102174/eyJpZERpdmlzaW9uIjoiMTQiLCJpZFRlbXBvcmFkYSI6IjcwIiwiaWRUb3JuZW8iOiIyIiwiaWRDbHVibG9jYWwiOiIxMTE4MSIsImlkQ2x1YnZpc2l0YSI6IjExMTg1IiwiaWRQYXJ0aWRvIjoiMTAyMTc0IiwicGVzdGFuYSI6IjEifQ==/minuto-a-minuto-cruz-azul-vs-rayados-de-monterrey-jornada-11-estadio-10-de-diciembre-tudn', 'text': ''}","{'type': 'link', 'href': 'https://www.ligafemenil.mx/cancha/mxm/102174/eyJpZERpdmlzaW9uIjoiMTQiLCJpZFRlbXBvcmFkYSI6IjcwIiwiaWRUb3JuZW8iOiIyIiwiaWRDbHVibG9jYWwiOiIxMTE4MSIsImlkQ2x1YnZpc2l0YSI6IjExMTg1IiwiaWRQYXJ0aWRvIjoiMTAyMTc0IiwicGVzdGFuYSI6IjMifQ==/minuto-a-minuto-cruz-azul-vs-rayados-de-monterrey-jornada-11-estadio-10-de-diciembre-tudn', 'text': ''}","{'type': 'link', 'href': 'https://www.ligafemenil.mx/cancha/informeArbitral/102174/eyJpZERpdmlzaW9uIjoiMTQiLCJpZFRlbXBvcmFkYSI6IjcwIiwiaWRUb3JuZW8iOiIyIiwiaWRDbHVibG9jYWwiOiIxMTE4MSIsImlkQ2x1YnZpc2l0YSI6IjExMTg1In0=/informe-arbitral-cruz-azul-vs-rayados-de-monterrey-jornada-11-estadio-10-de-diciembre-tudn', 'text': ''}","{'type': 'link', 'href': 'https://www.ligafemenil.mx/cancha/mxm/102174/eyJpZERpdmlzaW9uIjoiMTQiLCJpZFRlbXBvcmFkYSI6IjcwIiwiaWRUb3JuZW8iOiIyIiwiaWRDbHVibG9jYWwiOiIxMTE4MSIsImlkQ2x1YnZpc2l0YSI6IjExMTg1IiwiaWRQYXJ0aWRvIjoiMTAyMTc0IiwicGVzdGFuYSI6IjQifQ==/minuto-a-minuto-cruz-azul-vs-rayados-de-monterrey-jornada-11-estadio-10-de-diciembre-tudn', 'text': ''}","{'type': 'link', 'href': 'https://www.ligafemenil.mx/cancha/galeria/MTAyMTc0LzExLzcwLzIvMTQ=/cruz-azul-vs-rayados-de-monterrey', 'text': ''}","{'type': 'link', 'href': 'https://www.ligafemenil.mx/cancha/playlist/102174/cruz-azul-vs-rayados-de-monterrey', 'text': ''}"
2019-2020,Clausura,"{'type': 'text', 'value': 'Jueves 23 de Enero de 2025\nTemporada 2019-2020\nTorneo Clausura\nJornada 15\n23 Enero 2025 - 00:00 hrs.'}","{'type': 'link', 'href': 'https://www.ligafemenil.mx/cancha/club/11188/pumas', 'text': ''}","{'type': 'link', 'href': 'https://www.ligafemenil.mx/cancha/informeArbitral/102175/eyJpZERpdmlzaW9uIjoiMTQiLCJpZFRlbXBvcmFkYSI6IjcwIiwiaWRUb3JuZW8iOiIyIiwiaWRDbHVibG9jYWwiOjExMTg4LCJpZENsdWJ2aXNpdGEiOjExMTgyfQ==/informe-arbitral-pumas-vs-guadalajara-jornada-15-estadio-la-cantera-cancha-1-tudn', 'text': '- - -'}","{'type': 'link', 'href': 'https://www.ligafemenil.mx/cancha/club/11182/guadalajara', 'text': ''}","{'type': 'link', 'href': 'https://www.ligafemenil.mx/cancha/estadio/1146/estadio-la-cantera-cancha-1', 'text': 'La Cantera Cancha 1'}","{'type': 'link', 'href': 'https://www.ligafemenil.mx/cancha/mxm/102175/eyJpZERpdmlzaW9uIjoiMTQiLCJpZFRlbXBvcmFkYSI6IjcwIiwiaWRUb3JuZW8iOiIyIiwiaWRDbHVibG9jYWwiOiIxMTE4OCIsImlkQ2x1YnZpc2l0YSI6IjExMTgyIiwiaWRQYXJ0aWRvIjoiMTAyMTc1IiwicGVzdGFuYSI6IjEifQ==/minuto-a-minuto-pumas-vs-guadalajara-jornada-15-estadio-la-cantera-cancha-1-tudn', 'text': ''}","{'type': 'link', 'href': 'https://www.ligafemenil.mx/cancha/mxm/102175/eyJpZERpdmlzaW9uIjoiMTQiLCJpZFRlbXBvcmFkYSI6IjcwIiwiaWRUb3JuZW8iOiIyIiwiaWRDbHVibG9jYWwiOiIxMTE4OCIsImlkQ2x1YnZpc2l0YSI6IjExMTgyIiwiaWRQYXJ0aWRvIjoiMTAyMTc1IiwicGVzdGFuYSI6IjMifQ==/minuto-a-minuto-pumas-vs-guadalajara-jornada-15-estadio-la-cantera-cancha-1-tudn', 'text': ''}","{'type': 'link', 'href': 'https://www.ligafemenil.mx/cancha/informeArbitral/102175/eyJpZERpdmlzaW9uIjoiMTQiLCJpZFRlbXBvcmFkYSI6IjcwIiwiaWRUb3JuZW8iOiIyIiwiaWRDbHVibG9jYWwiOiIxMTE4OCIsImlkQ2x1YnZpc2l0YSI6IjExMTgyIn0=/informe-arbitral-pumas-vs-guadalajara-jornada-15-estadio-la-cantera-cancha-1-tudn', 'text': ''}","{'type': 'link', 'href': 'https://www.ligafemenil.mx/cancha/mxm/102175/eyJpZERpdmlzaW9uIjoiMTQiLCJpZFRlbXBvcmFkYSI6IjcwIiwiaWRUb3JuZW8iOiIyIiwiaWRDbHVibG9jYWwiOiIxMTE4OCIsImlkQ2x1YnZpc2l0YSI6IjExMTgyIiwiaWRQYXJ0aWRvIjoiMTAyMTc1IiwicGVzdGFuYSI6IjQifQ==/minuto-a-minuto-pumas-vs-guadalajara-jornada-15-estadio-la-cantera-cancha-1-tudn', 'text': ''}","{'type': 'link', 'href': 'https://www.ligafemenil.mx/cancha/galeria/MTAyMTc1LzE1LzcwLzIvMTQ=/pumas-vs-guadalajara', 'text': ''}","{'type': 'link', 'href': 'https://www.ligafemenil.mx/cancha/playlist/102175/pumas-vs-guadalajara', 'text': ''}"
2019-2020,Clausura,"{'type': 'text', 'value': 'Jueves 23 de Enero de 2025\nTemporada 2019-2020\nTorneo Clausura\nJornada 15\n23 Enero 2025 - 00:00 hrs.'}","{'type': 'link', 'href': 'https://www.ligafemenil.mx/cancha/club/11183/m-morelia', 'text': ''}","{'type': 'link', 'href': 'https://www.ligafemenil.mx/cancha/informeArbitral/102176/eyJpZERpdmlzaW9uIjoiMTQiLCJpZFRlbXBvcmFkYSI6IjcwIiwiaWRUb3JuZW8iOiIyIiwiaWRDbHVibG9jYWwiOjExMTgzLCJpZENsdWJ2aXNpdGEiOjExNTQzfQ==/informe-arbitral-m-morelia-vs-puebla-fc-jornada-15-estadio-jose-maria-morelos-y-pavon-am', 'text': '- - -'}","{'type': 'link', 'href': 'https://www.ligafemenil.mx/cancha/club/11543/puebla-fc', 'text': ''}","{'type': 'link', 'href': 'https://www.ligafemenil.mx/cancha/estadio/10/estadio-jose-maria-morelos-y-pavon', 'text': 'José María Morelos y Pavón'}","{'type': 'link', 'href': 'https://www.ligafemenil.mx/cancha/mxm/102176/eyJpZERpdmlzaW9uIjoiMTQiLCJpZFRlbXBvcmFkYSI6IjcwIiwiaWRUb3JuZW8iOiIyIiwiaWRDbHVibG9jYWwiOiIxMTE4MyIsImlkQ2x1YnZpc2l0YSI6IjExNTQzIiwiaWRQYXJ0aWRvIjoiMTAyMTc2IiwicGVzdGFuYSI6IjEifQ==/minuto-a-minuto-m-morelia-vs-puebla-fc-jornada-15-estadio-jose-maria-morelos-y-pavon-am', 'text': ''}","{'type': 'link', 'href': 'https://www.ligafemenil.mx/cancha/mxm/102176/eyJpZERpdmlzaW9uIjoiMTQiLCJpZFRlbXBvcmFkYSI6IjcwIiwiaWRUb3JuZW8iOiIyIiwiaWRDbHVibG9jYWwiOiIxMTE4MyIsImlkQ2x1YnZpc2l0YSI6IjExNTQzIiwiaWRQYXJ0aWRvIjoiMTAyMTc2IiwicGVzdGFuYSI6IjMifQ==/minuto-a-minuto-m-morelia-vs-puebla-fc-jornada-15-estadio-jose-maria-morelos-y-pavon-am', 'text': ''}","{'type': 'link', 'href': 'https://www.ligafemenil.mx/cancha/informeArbitral/102176/eyJpZERpdmlzaW9uIjoiMTQiLCJpZFRlbXBvcmFkYSI6IjcwIiwiaWRUb3JuZW8iOiIyIiwiaWRDbHVibG9jYWwiOiIxMTE4MyIsImlkQ2x1YnZpc2l0YSI6IjExNTQzIn0=/informe-arbitral-m-morelia-vs-puebla-fc-jornada-15-estadio-jose-maria-morelos-y-pavon-am', 'text': ''}","{'type': 'link', 'href': 'https://www.ligafemenil.mx/cancha/mxm/102176/eyJpZERpdmlzaW9uIjoiMTQiLCJpZFRlbXBvcmFkYSI6IjcwIiwiaWRUb3JuZW8iOiIyIiwiaWRDbHVibG9jYWwiOiIxMTE4MyIsImlkQ2x1YnZpc2l0YSI6IjExNTQzIiwiaWRQYXJ0aWRvIjoiMTAyMTc2IiwicGVzdGFuYSI6IjQifQ==/minuto-a-minuto-m-morelia-vs-puebla-fc-jornada-15-estadio-jose-maria-morelos-y-pavon-am', 'text': ''}","{'type': 'link', 'href': 'https://www.ligafemenil.mx/cancha/galeria/MTAyMTc2LzE1LzcwLzIvMTQ=/m-morelia-vs-puebla-fc', 'text': ''}","{'type': 'link', 'href': 'https://www.ligafemenil.mx/cancha/playlist/102176/m-morelia-vs-puebla-fc', 'text': ''}"
2019-2020,Clausura,"{'type': 'text', 'value': 'Jueves 23 de Enero de 2025\nTemporada 2019-2020\nTorneo Clausura\nJornada 11\n23 Enero 2025 - 00:00 hrs.'}","{'type': 'link', 'href': 'https://www.ligafemenil.mx/cancha/club/11189/necaxa', 'text': ''}","{'type': 'link', 'href': 'https://www.ligafemenil.mx/cancha/informeArbitral/102177/eyJpZERpdmlzaW9uIjoiMTQiLCJpZFRlbXBvcmFkYSI6IjcwIiwiaWRUb3JuZW8iOiIyIiwiaWRDbHVibG9jYWwiOjExMTg5LCJpZENsdWJ2aXNpdGEiOjExMTg0fQ==/informe-arbitral-necaxa-vs-pachuca-jornada-11-estadio-victoria-claro-sports', 'text': '- - -'}","{'type': 'link', 'href': 'https://www.ligafemenil.mx/cancha/club/11184/pachuca', 'text': ''}","{'type': 'link', 'href': 'https://www.ligafemenil.mx/cancha/estadio/15/estadio-victoria', 'text': 'Victoria'}","{'type': 'link', 'href': 'https://www.ligafemenil.mx/cancha/mxm/102177/eyJpZERpdmlzaW9uIjoiMTQiLCJpZFRlbXBvcmFkYSI6IjcwIiwiaWRUb3JuZW8iOiIyIiwiaWRDbHVibG9jYWwiOiIxMTE4OSIsImlkQ2x1YnZpc2l0YSI6IjExMTg0IiwiaWRQYXJ0aWRvIjoiMTAyMTc3IiwicGVzdGFuYSI6IjEifQ==/minuto-a-minuto-necaxa-vs-pachuca-jornada-11-estadio-victoria-claro-sports', 'text': ''}","{'type': 'link', 'href': 'https://www.ligafemenil.mx/cancha/mxm/102177/eyJpZERpdmlzaW9uIjoiMTQiLCJpZFRlbXBvcmFkYSI6IjcwIiwiaWRUb3JuZW8iOiIyIiwiaWRDbHVibG9jYWwiOiIxMTE4OSIsImlkQ2x1YnZpc2l0YSI6IjExMTg0IiwiaWRQYXJ0aWRvIjoiMTAyMTc3IiwicGVzdGFuYSI6IjMifQ==/minuto-a-minuto-necaxa-vs-pachuca-jornada-11-estadio-victoria-claro-sports', 'text': ''}","{'type': 'link', 'href': 'https://www.ligafemenil.mx/cancha/informeArbitral/102177/eyJpZERpdmlzaW9uIjoiMTQiLCJpZFRlbXBvcmFkYSI6IjcwIiwiaWRUb3JuZW8iOiIyIiwiaWRDbHVibG9jYWwiOiIxMTE4OSIsImlkQ2x1YnZpc2l0YSI6IjExMTg0In0=/informe-arbitral-necaxa-vs-pachuca-jornada-11-estadio-victoria-claro-sports', 'text': ''}","{'type': 'link', 'href': 'https://www.ligafemenil.mx/cancha/mxm/102177/eyJpZERpdmlzaW9uIjoiMTQiLCJpZFRlbXBvcmFkYSI6IjcwIiwiaWRUb3JuZW8iOiIyIiwiaWRDbHVibG9jYWwiOiIxMTE4OSIsImlkQ2x1YnZpc2l0YSI6IjExMTg0IiwiaWRQYXJ0aWRvIjoiMTAyMTc3IiwicGVzdGFuYSI6IjQifQ==/minuto-a-minuto-necaxa-vs-pachuca-jornada-11-estadio-victoria-claro-sports', 'text': ''}","{'type': 'link', 'href': 'https://www.ligafemenil.mx/cancha/galeria/MTAyMTc3LzExLzcwLzIvMTQ=/necaxa-vs-pachuca', 'text': ''}","{'type': 'link', 'href': 'https://www.ligafemenil.mx/cancha/playlist/102177/necaxa-vs-pachuca', 'text': ''}"
2019-2020,Clausura,"{'type': 'text', 'value': 'Jueves 23 de Enero de 2025\nTemporada 2019-2020\nTorneo Clausura\nJornada 15\n23 Enero 2025 - 00:00 hrs.'}","{'type': 'link', 'href': 'https://www.ligafemenil.mx/cancha/club/11191/america', 'text': ''}","{'type': 'link', 'href': 'https://www.ligafemenil.mx/cancha/informeArbitral/102178/eyJpZERpdmlzaW9uIjoiMTQiLCJpZFRlbXBvcmFkYSI6IjcwIiwiaWRUb3JuZW8iOiIyIiwiaWRDbHVibG9jYWwiOjExMTkxLCJpZENsdWJ2aXNpdGEiOjExMTg1fQ==/informe-arbitral-america-vs-rayados-de-monterrey-jornada-15-estadio-azteca-tudn', 'text': '- - -'}","{'type': 'link', 'href': 'https://www.ligafemenil.mx/cancha/club/11185/rayados-de-monterrey', 'text': ''}","{'type': 'link', 'href': 'https://www.ligafemenil.mx/cancha/estadio/1/estadio-azteca', 'text': 'Azteca'}","{'type': 'link', 'href': 'https://www.ligafemenil.mx/cancha/mxm/102178/eyJpZERpdmlzaW9uIjoiMTQiLCJpZFRlbXBvcmFkYSI6IjcwIiwiaWRUb3JuZW8iOiIyIiwiaWRDbHVibG9jYWwiOiIxMTE5MSIsImlkQ2x1YnZpc2l0YSI6IjExMTg1IiwiaWRQYXJ0aWRvIjoiMTAyMTc4IiwicGVzdGFuYSI6IjEifQ==/minuto-a-minuto-america-vs-rayados-de-monterrey-jornada-15-estadio-azteca-tudn', 'text': ''}","{'type': 'link', 'href': 'https://www.ligafemenil.mx/cancha/mxm/102178/eyJpZERpdmlzaW9uIjoiMTQiLCJpZFRlbXBvcmFkYSI6IjcwIiwiaWRUb3JuZW8iOiIyIiwiaWRDbHVibG9jYWwiOiIxMTE5MSIsImlkQ2x1YnZpc2l0YSI6IjExMTg1IiwiaWRQYXJ0aWRvIjoiMTAyMTc4IiwicGVzdGFuYSI6IjMifQ==/minuto-a-minuto-america-vs-rayados-de-monterrey-jornada-15-estadio-azteca-tudn', 'text': ''}","{'type': 'link', 'href': 'https://www.ligafemenil.mx/cancha/informeArbitral/102178/eyJpZERpdmlzaW9uIjoiMTQiLCJpZFRlbXBvcmFkYSI6IjcwIiwiaWRUb3JuZW8iOiIyIiwiaWRDbHVibG9jYWwiOiIxMTE5MSIsImlkQ2x1YnZpc2l0YSI6IjExMTg1In0=/informe-arbitral-america-vs-rayados-de-monterrey-jornada-15-estadio-azteca-tudn', 'text': ''}","{'type': 'link', 'href': 'https://www.ligafemenil.mx/cancha/mxm/102178/eyJpZERpdmlzaW9uIjoiMTQiLCJpZFRlbXBvcmFkYSI6IjcwIiwiaWRUb3JuZW8iOiIyIiwiaWRDbHVibG9jYWwiOiIxMTE5MSIsImlkQ2x1YnZpc2l0YSI6IjExMTg1IiwiaWRQYXJ0aWRvIjoiMTAyMTc4IiwicGVzdGFuYSI6IjQifQ==/minuto-a-minuto-america-vs-rayados-de-monterrey-jornada-15-estadio-azteca-tudn', 'text': ''}","{'type': 'link', 'href': 'https://www.ligafemenil.mx/cancha/galeria/MTAyMTc4LzE1LzcwLzIvMTQ=/america-vs-rayados-de-monterrey', 'text': ''}","{'type': 'link', 'href': 'https://www.ligafemenil.mx/cancha/playlist/102178/america-vs-rayados-de-monterrey', 'text': ''}"
2019-2020,Clausura,"{'type': 'text', 'value': 'Jueves 23 de Enero de 2025\nTemporada 2019-2020\nTorneo Clausura\nJornada 16\n23 Enero 2025 - 00:00 hrs.'}","{'type': 'link', 'href': 'https://www.ligafemenil.mx/cancha/club/11185/rayados-de-monterrey', 'text': ''}","{'type': 'link', 'href': 'https://www.ligafemenil.mx/cancha/informeArbitral/102205/eyJpZERpdmlzaW9uIjoiMTQiLCJpZFRlbXBvcmFkYSI6IjcwIiwiaWRUb3JuZW8iOiIyIiwiaWRDbHVibG9jYWwiOjExMTg1LCJpZENsdWJ2aXNpdGEiOjExNzc4fQ==/informe-arbitral-rayados-de-monterrey-vs-club-atletico-de-san-luis-jornada-16-estadio-bbva-fox-sports', 'text': '- - -'}","{'type': 'link', 'href': 'https://www.ligafemenil.mx/cancha/club/11778/club-atletico-de-san-luis', 'text': ''}","{'type': 'link', 'href': 'https://www.ligafemenil.mx/cancha/estadio/1608/estadio-bbva', 'text': 'Estadio BBVA'}","{'type': 'link', 'href': 'https://www.ligafemenil.mx/cancha/mxm/102205/eyJpZERpdmlzaW9uIjoiMTQiLCJpZFRlbXBvcmFkYSI6IjcwIiwiaWRUb3JuZW8iOiIyIiwiaWRDbHVibG9jYWwiOiIxMTE4NSIsImlkQ2x1YnZpc2l0YSI6IjExNzc4IiwiaWRQYXJ0aWRvIjoiMTAyMjA1IiwicGVzdGFuYSI6IjEifQ==/minuto-a-minuto-rayados-de-monterrey-vs-club-atletico-de-san-luis-jornada-16-estadio-bbva-fox-sports', 'text': ''}","{'type': 'link', 'href': 'https://www.ligafemenil.mx/cancha/mxm/102205/eyJpZERpdmlzaW9uIjoiMTQiLCJpZFRlbXBvcmFkYSI6IjcwIiwiaWRUb3JuZW8iOiIyIiwiaWRDbHVibG9jYWwiOiIxMTE4NSIsImlkQ2x1YnZpc2l0YSI6IjExNzc4IiwiaWRQYXJ0aWRvIjoiMTAyMjA1IiwicGVzdGFuYSI6IjMifQ==/minuto-a-minuto-rayados-de-monterrey-vs-club-atletico-de-san-luis-jornada-16-estadio-bbva-fox-sports', 'text': ''}","{'type': 'link', 'href': 'https://www.ligafemenil.mx/cancha/informeArbitral/102205/eyJpZERpdmlzaW9uIjoiMTQiLCJpZFRlbXBvcmFkYSI6IjcwIiwiaWRUb3JuZW8iOiIyIiwiaWRDbHVibG9jYWwiOiIxMTE4NSIsImlkQ2x1YnZpc2l0YSI6IjExNzc4In0=/informe-arbitral-rayados-de-monterrey-vs-club-atletico-de-san-luis-jornada-16-estadio-bbva-fox-sports', 'text': ''}","{'type': 'link', 'href': 'https://www.ligafemenil.mx/cancha/mxm/102205/eyJpZERpdmlzaW9uIjoiMTQiLCJpZFRlbXBvcmFkYSI6IjcwIiwiaWRUb3JuZW8iOiIyIiwiaWRDbHVibG9jYWwiOiIxMTE4NSIsImlkQ2x1YnZpc2l0YSI6IjExNzc4IiwiaWRQYXJ0aWRvIjoiMTAyMjA1IiwicGVzdGFuYSI6IjQifQ==/minuto-a-minuto-rayados-de-monterrey-vs-club-atletico-de-san-luis-jornada-16-estadio-bbva-fox-sports', 'text': ''}","{'type': 'link', 'href': 'https://www.ligafemenil.mx/cancha/galeria/MTAyMjA1LzE2LzcwLzIvMTQ=/rayados-de-monterrey-vs-club-atletico-de-san-luis', 'text': ''}","{'type': 'link', 'href': 'https://www.ligafemenil.mx/cancha/playlist/102205/rayados-de-monterrey-vs-club-atletico-de-san-luis', 'text': ''}"
2019-2020,Clausura,"{'type': 'text', 'value': 'Jueves 23 de Enero de 2025\nTemporada 2019-2020\nTorneo Clausura\nJornada 12\n23 Enero 2025 - 00:00 hrs.'}","{'type': 'link', 'href': 'https://www.ligafemenil.mx/cancha/club/11188/pumas', 'text': ''}","{'type': 'link', 'href': 'https://www.ligafemenil.mx/cancha/informeArbitral/102206/eyJpZERpdmlzaW9uIjoiMTQiLCJpZFRlbXBvcmFkYSI6IjcwIiwiaWRUb3JuZW8iOiIyIiwiaWRDbHVibG9jYWwiOjExMTg4LCJpZENsdWJ2aXNpdGEiOjExMTg2fQ==/informe-arbitral-pumas-vs-tigres-de-la-uanl-jornada-12-estadio-la-cantera-tudn', 'text': '- - -'}","{'type': 'link', 'href': 'https://www.ligafemenil.mx/cancha/club/11186/tigres-de-la-uanl', 'text': ''}","{'type': 'link', 'href': 'https://www.ligafemenil.mx/cancha/estadio/37/estadio-la-cantera', 'text': 'La Cantera'}","{'type': 'link', 'href': 'https://www.ligafemenil.mx/cancha/mxm/102206/eyJpZERpdmlzaW9uIjoiMTQiLCJpZFRlbXBvcmFkYSI6IjcwIiwiaWRUb3JuZW8iOiIyIiwiaWRDbHVibG9jYWwiOiIxMTE4OCIsImlkQ2x1YnZpc2l0YSI6IjExMTg2IiwiaWRQYXJ0aWRvIjoiMTAyMjA2IiwicGVzdGFuYSI6IjEifQ==/minuto-a-minuto-pumas-vs-tigres-de-la-uanl-jornada-12-estadio-la-cantera-tudn', 'text': ''}","{'type': 'link', 'href': 'https://www.ligafemenil.mx/cancha/mxm/102206/eyJpZERpdmlzaW9uIjoiMTQiLCJpZFRlbXBvcmFkYSI6IjcwIiwiaWRUb3JuZW8iOiIyIiwiaWRDbHVibG9jYWwiOiIxMTE4OCIsImlkQ2x1YnZpc2l0YSI6IjExMTg2IiwiaWRQYXJ0aWRvIjoiMTAyMjA2IiwicGVzdGFuYSI6IjMifQ==/minuto-a-minuto-pumas-vs-tigres-de-la-uanl-jornada-12-estadio-la-cantera-tudn', 'text': ''}","{'type': 'link', 'href': 'https://www.ligafemenil.mx/cancha/informeArbitral/102206/eyJpZERpdmlzaW9uIjoiMTQiLCJpZFRlbXBvcmFkYSI6IjcwIiwiaWRUb3JuZW8iOiIyIiwiaWRDbHVibG9jYWwiOiIxMTE4OCIsImlkQ2x1YnZpc2l0YSI6IjExMTg2In0=/informe-arbitral-pumas-vs-tigres-de-la-uanl-jornada-12-estadio-la-cantera-tudn', 'text': ''}","{'type': 'link', 'href': 'https://www.ligafemenil.mx/cancha/mxm/102206/eyJpZERpdmlzaW9uIjoiMTQiLCJpZFRlbXBvcmFkYSI6IjcwIiwiaWRUb3JuZW8iOiIyIiwiaWRDbHVibG9jYWwiOiIxMTE4OCIsImlkQ2x1YnZpc2l0YSI6IjExMTg2IiwiaWRQYXJ0aWRvIjoiMTAyMjA2IiwicGVzdGFuYSI6IjQifQ==/minuto-a-minuto-pumas-vs-tigres-de-la-uanl-jornada-12-estadio-la-cantera-tudn', 'text': ''}","{'type': 'link', 'href': 'https://www.ligafemenil.mx/cancha/galeria/MTAyMjA2LzEyLzcwLzIvMTQ=/pumas-vs-tigres-de-la-uanl', 'text': ''}","{'type': 'link', 'href': 'https://www.ligafemenil.mx/cancha/playlist/102206/pumas-vs-tigres-de-la-uanl', 'text': ''}"
2019-2020,Clausura,"{'type': 'text', 'value': 'Jueves 23 de Enero de 2025\nTemporada 2019-2020\nTorneo Clausura\nJornada 16\n23 Enero 2025 - 00:00 hrs.'}","{'type': 'link', 'href': 'https://www.ligafemenil.mx/cancha/club/11180/tijuana', 'text': ''}","{'type': 'link', 'href': 'https://www.ligafemenil.mx/cancha/informeArbitral/102207/eyJpZERpdmlzaW9uIjoiMTQiLCJpZFRlbXBvcmFkYSI6IjcwIiwiaWRUb3JuZW8iOiIyIiwiaWRDbHVibG9jYWwiOjExMTgwLCJpZENsdWJ2aXNpdGEiOjExMTg2fQ==/informe-arbitral-tijuana-vs-tigres-de-la-uanl-jornada-16-estadio-caliente-fox-sports', 'text': '- - -'}","{'type': 'link', 'href': 'https://www.ligafemenil.mx/cancha/club/11186/tigres-de-la-uanl', 'text': ''}","{'type': 'link', 'href': 'https://www.ligafemenil.mx/cancha/estadio/48/estadio-caliente', 'text': 'Caliente'}","{'type': 'link', 'href': 'https://www.ligafemenil.mx/cancha/mxm/102207/eyJpZERpdmlzaW9uIjoiMTQiLCJpZFRlbXBvcmFkYSI6IjcwIiwiaWRUb3JuZW8iOiIyIiwiaWRDbHVibG9jYWwiOiIxMTE4MCIsImlkQ2x1YnZpc2l0YSI6IjExMTg2IiwiaWRQYXJ0aWRvIjoiMTAyMjA3IiwicGVzdGFuYSI6IjEifQ==/minuto-a-minuto-tijuana-vs-tigres-de-la-uanl-jornada-16-estadio-caliente-fox-sports', 'text': ''}","{'type': 'link', 'href': 'https://www.ligafemenil.mx/cancha/mxm/102207/eyJpZERpdmlzaW9uIjoiMTQiLCJpZFRlbXBvcmFkYSI6IjcwIiwiaWRUb3JuZW8iOiIyIiwiaWRDbHVibG9jYWwiOiIxMTE4MCIsImlkQ2x1YnZpc2l0YSI6IjExMTg2IiwiaWRQYXJ0aWRvIjoiMTAyMjA3IiwicGVzdGFuYSI6IjMifQ==/minuto-a-minuto-tijuana-vs-tigres-de-la-uanl-jornada-16-estadio-caliente-fox-sports', 'text': ''}","{'type': 'link', 'href': 'https://www.ligafemenil.mx/cancha/informeArbitral/102207/eyJpZERpdmlzaW9uIjoiMTQiLCJpZFRlbXBvcmFkYSI6IjcwIiwiaWRUb3JuZW8iOiIyIiwiaWRDbHVibG9jYWwiOiIxMTE4MCIsImlkQ2x1YnZpc2l0YSI6IjExMTg2In0=/informe-arbitral-tijuana-vs-tigres-de-la-uanl-jornada-16-estadio-caliente-fox-sports', 'text': ''}","{'type': 'link', 'href': 'https://www.ligafemenil.mx/cancha/mxm/102207/eyJpZERpdmlzaW9uIjoiMTQiLCJpZFRlbXBvcmFkYSI6IjcwIiwiaWRUb3JuZW8iOiIyIiwiaWRDbHVibG9jYWwiOiIxMTE4MCIsImlkQ2x1YnZpc2l0YSI6IjExMTg2IiwiaWRQYXJ0aWRvIjoiMTAyMjA3IiwicGVzdGFuYSI6IjQifQ==/minuto-a-minuto-tijuana-vs-tigres-de-la-uanl-jornada-16-estadio-caliente-fox-sports', 'text': ''}","{'type': 'link', 'href': 'https://www.ligafemenil.mx/cancha/galeria/MTAyMjA3LzE2LzcwLzIvMTQ=/tijuana-vs-tigres-de-la-uanl', 'text': ''}","{'type': 'link', 'href': 'https://www.ligafemenil.mx/cancha/playlist/102207/tijuana-vs-tigres-de-la-uanl', 'text': ''}"
2019-2020,Clausura,"{'type': 'text', 'value': 'Jueves 23 de Enero de 2025\nTemporada 2019-2020\nTorneo Clausura\nJornada 17\n23 Enero 2025 - 00:00 hrs.'}","{'type': 'link', 'href': 'https://www.ligafemenil.mx/cancha/club/11189/necaxa', 'text': ''}","{'type': 'link', 'href': 'https://www.ligafemenil.mx/cancha/informeArbitral/102208/eyJpZERpdmlzaW9uIjoiMTQiLCJpZFRlbXBvcmFkYSI6IjcwIiwiaWRUb3JuZW8iOiIyIiwiaWRDbHVibG9jYWwiOjExMTg5LCJpZENsdWJ2aXNpdGEiOjExMjQzfQ==/informe-arbitral-necaxa-vs-leon-jornada-17-estadio-victoria-claro-sports', 'text': '- - -'}","{'type': 'link', 'href': 'https://www.ligafemenil.mx/cancha/club/11243/leon', 'text': ''}","{'type': 'link', 'href': 'https://www.ligafemenil.mx/cancha/estadio/15/estadio-victoria', 'text': 'Victoria'}","{'type': 'link', 'href': 'https://www.ligafemenil.mx/cancha/mxm/102208/eyJpZERpdmlzaW9uIjoiMTQiLCJpZFRlbXBvcmFkYSI6IjcwIiwiaWRUb3JuZW8iOiIyIiwiaWRDbHVibG9jYWwiOiIxMTE4OSIsImlkQ2x1YnZpc2l0YSI6IjExMjQzIiwiaWRQYXJ0aWRvIjoiMTAyMjA4IiwicGVzdGFuYSI6IjEifQ==/minuto-a-minuto-necaxa-vs-leon-jornada-17-estadio-victoria-claro-sports', 'text': ''}","{'type': 'link', 'href': 'https://www.ligafemenil.mx/cancha/mxm/102208/eyJpZERpdmlzaW9uIjoiMTQiLCJpZFRlbXBvcmFkYSI6IjcwIiwiaWRUb3JuZW8iOiIyIiwiaWRDbHVibG9jYWwiOiIxMTE4OSIsImlkQ2x1YnZpc2l0YSI6IjExMjQzIiwiaWRQYXJ0aWRvIjoiMTAyMjA4IiwicGVzdGFuYSI6IjMifQ==/minuto-a-minuto-necaxa-vs-leon-jornada-17-estadio-victoria-claro-sports', 'text': ''}","{'type': 'link', 'href': 'https://www.ligafemenil.mx/cancha/informeArbitral/102208/eyJpZERpdmlzaW9uIjoiMTQiLCJpZFRlbXBvcmFkYSI6IjcwIiwiaWRUb3JuZW8iOiIyIiwiaWRDbHVibG9jYWwiOiIxMTE4OSIsImlkQ2x1YnZpc2l0YSI6IjExMjQzIn0=/informe-arbitral-necaxa-vs-leon-jornada-17-estadio-victoria-claro-sports', 'text': ''}","{'type': 'link', 'href': 'https://www.ligafemenil.mx/cancha/mxm/102208/eyJpZERpdmlzaW9uIjoiMTQiLCJpZFRlbXBvcmFkYSI6IjcwIiwiaWRUb3JuZW8iOiIyIiwiaWRDbHVibG9jYWwiOiIxMTE4OSIsImlkQ2x1YnZpc2l0YSI6IjExMjQzIiwiaWRQYXJ0aWRvIjoiMTAyMjA4IiwicGVzdGFuYSI6IjQifQ==/minuto-a-minuto-necaxa-vs-leon-jornada-17-estadio-victoria-claro-sports', 'text': ''}","{'type': 'link', 'href': 'https://www.ligafemenil.mx/cancha/galeria/MTAyMjA4LzE3LzcwLzIvMTQ=/necaxa-vs-leon', 'text': ''}","{'type': 'link', 'href': 'https://www.ligafemenil.mx/cancha/playlist/102208/necaxa-vs-leon', 'text': ''}"
2019-2020,Clausura,"{'type': 'text', 'value': 'Jueves 23 de Enero de 2025\nTemporada 2019-2020\nTorneo Clausura\nJornada 16\n23 Enero 2025 - 00:00 hrs.'}","{'type': 'link', 'href': 'https://www.ligafemenil.mx/cancha/club/11184/pachuca', 'text': ''}","{'type': 'link', 'href': 'https://www.ligafemenil.mx/cancha/informeArbitral/102203/eyJpZERpdmlzaW9uIjoiMTQiLCJpZFRlbXBvcmFkYSI6IjcwIiwiaWRUb3JuZW8iOiIyIiwiaWRDbHVibG9jYWwiOjExMTg0LCJpZENsdWJ2aXNpdGEiOjExMTkyfQ==/informe-arbitral-pachuca-vs-santos-laguna-jornada-16-estadio-hidalgo-fox-sports', 'text': '- - -'}","{'type': 'link', 'href': 'https://www.ligafemenil.mx/cancha/club/11192/santos-laguna', 'text': ''}","{'type': 'link', 'href': 'https://www.ligafemenil.mx/cancha/estadio/11/estadio-hidalgo', 'text': 'Hidalgo'}","{'type': 'link', 'href': 'https://www.ligafemenil.mx/cancha/mxm/102203/eyJpZERpdmlzaW9uIjoiMTQiLCJpZFRlbXBvcmFkYSI6IjcwIiwiaWRUb3JuZW8iOiIyIiwiaWRDbHVibG9jYWwiOiIxMTE4NCIsImlkQ2x1YnZpc2l0YSI6IjExMTkyIiwiaWRQYXJ0aWRvIjoiMTAyMjAzIiwicGVzdGFuYSI6IjEifQ==/minuto-a-minuto-pachuca-vs-santos-laguna-jornada-16-estadio-hidalgo-fox-sports', 'text': ''}","{'type': 'link', 'href': 'https://www.ligafemenil.mx/cancha/mxm/102203/eyJpZERpdmlzaW9uIjoiMTQiLCJpZFRlbXBvcmFkYSI6IjcwIiwiaWRUb3JuZW8iOiIyIiwiaWRDbHVibG9jYWwiOiIxMTE4NCIsImlkQ2x1YnZpc2l0YSI6IjExMTkyIiwiaWRQYXJ0aWRvIjoiMTAyMjAzIiwicGVzdGFuYSI6IjMifQ==/minuto-a-minuto-pachuca-vs-santos-laguna-jornada-16-estadio-hidalgo-fox-sports', 'text': ''}","{'type': 'link', 'href': 'https://www.ligafemenil.mx/cancha/informeArbitral/102203/eyJpZERpdmlzaW9uIjoiMTQiLCJpZFRlbXBvcmFkYSI6IjcwIiwiaWRUb3JuZW8iOiIyIiwiaWRDbHVibG9jYWwiOiIxMTE4NCIsImlkQ2x1YnZpc2l0YSI6IjExMTkyIn0=/informe-arbitral-pachuca-vs-santos-laguna-jornada-16-estadio-hidalgo-fox-sports', 'text': ''}","{'type': 'link', 'href': 'https://www.ligafemenil.mx/cancha/mxm/102203/eyJpZERpdmlzaW9uIjoiMTQiLCJpZFRlbXBvcmFkYSI6IjcwIiwiaWRUb3JuZW8iOiIyIiwiaWRDbHVibG9jYWwiOiIxMTE4NCIsImlkQ2x1YnZpc2l0YSI6IjExMTkyIiwiaWRQYXJ0aWRvIjoiMTAyMjAzIiwicGVzdGFuYSI6IjQifQ==/minuto-a-minuto-pachuca-vs-santos-laguna-jornada-16-estadio-hidalgo-fox-sports', 'text': ''}","{'type': 'link', 'href': 'https://www.ligafemenil.mx/cancha/galeria/MTAyMjAzLzE2LzcwLzIvMTQ=/pachuca-vs-santos-laguna', 'text': ''}","{'type': 'link', 'href': 'https://www.ligafemenil.mx/cancha/playlist/102203/pachuca-vs-santos-laguna', 'text': ''}"
2019-2020,Clausura,"{'type': 'text', 'value': 'Jueves 23 de Enero de 2025\nTemporada 2019-2020\nTorneo Clausura\nJornada 11\n23 Enero 2025 - 00:00 hrs.'}","{'type': 'link', 'href': 'https://www.ligafemenil.mx/cancha/club/11795/fc-juarez', 'text': ''}","{'type': 'link', 'href': 'https://www.ligafemenil.mx/cancha/informeArbitral/102179/eyJpZERpdmlzaW9uIjoiMTQiLCJpZFRlbXBvcmFkYSI6IjcwIiwiaWRUb3JuZW8iOiIyIiwiaWRDbHVibG9jYWwiOjExNzk1LCJpZENsdWJ2aXNpdGEiOjExNTQzfQ==/informe-arbitral-fc-juarez-vs-puebla-fc-jornada-11-estadio-olimpico-benito-juarez-tudn', 'text': '- - -'}","{'type': 'link', 'href': 'https://www.ligafemenil.mx/cancha/club/11543/puebla-fc', 'text': ''}","{'type': 'link', 'href': 'https://www.ligafemenil.mx/cancha/estadio/17/estadio-olimpico-benito-juarez', 'text': 'Olímpico Benito Juárez'}","{'type': 'link', 'href': 'https://www.ligafemenil.mx/cancha/mxm/102179/eyJpZERpdmlzaW9uIjoiMTQiLCJpZFRlbXBvcmFkYSI6IjcwIiwiaWRUb3JuZW8iOiIyIiwiaWRDbHVibG9jYWwiOiIxMTc5NSIsImlkQ2x1YnZpc2l0YSI6IjExNTQzIiwiaWRQYXJ0aWRvIjoiMTAyMTc5IiwicGVzdGFuYSI6IjEifQ==/minuto-a-minuto-fc-juarez-vs-puebla-fc-jornada-11-estadio-olimpico-benito-juarez-tudn', 'text': ''}","{'type': 'link', 'href': 'https://www.ligafemenil.mx/cancha/mxm/102179/eyJpZERpdmlzaW9uIjoiMTQiLCJpZFRlbXBvcmFkYSI6IjcwIiwiaWRUb3JuZW8iOiIyIiwiaWRDbHVibG9jYWwiOiIxMTc5NSIsImlkQ2x1YnZpc2l0YSI6IjExNTQzIiwiaWRQYXJ0aWRvIjoiMTAyMTc5IiwicGVzdGFuYSI6IjMifQ==/minuto-a-minuto-fc-juarez-vs-puebla-fc-jornada-11-estadio-olimpico-benito-juarez-tudn', 'text': ''}","{'type': 'link', 'href': 'https://www.ligafemenil.mx/cancha/informeArbitral/102179/eyJpZERpdmlzaW9uIjoiMTQiLCJpZFRlbXBvcmFkYSI6IjcwIiwiaWRUb3JuZW8iOiIyIiwiaWRDbHVibG9jYWwiOiIxMTc5NSIsImlkQ2x1YnZpc2l0YSI6IjExNTQzIn0=/informe-arbitral-fc-juarez-vs-puebla-fc-jornada-11-estadio-olimpico-benito-juarez-tudn', 'text': ''}","{'type': 'link', 'href': 'https://www.ligafemenil.mx/cancha/mxm/102179/eyJpZERpdmlzaW9uIjoiMTQiLCJpZFRlbXBvcmFkYSI6IjcwIiwiaWRUb3JuZW8iOiIyIiwiaWRDbHVibG9jYWwiOiIxMTc5NSIsImlkQ2x1YnZpc2l0YSI6IjExNTQzIiwiaWRQYXJ0aWRvIjoiMTAyMTc5IiwicGVzdGFuYSI6IjQifQ==/minuto-a-minuto-fc-juarez-vs-puebla-fc-jornada-11-estadio-olimpico-benito-juarez-tudn', 'text': ''}","{'type': 'link', 'href': 'https://www.ligafemenil.mx/cancha/galeria/MTAyMTc5LzExLzcwLzIvMTQ=/fc-juarez-vs-puebla-fc', 'text': ''}","{'type': 'link', 'href': 'https://www.ligafemenil.mx/cancha/playlist/102179/fc-juarez-vs-puebla-fc', 'text': ''}"
2019-2020,Clausura,"{'type': 'text', 'value': 'Jueves 23 de Enero de 2025\nTemporada 2019-2020\nTorneo Clausura\nJornada 12\n23 Enero 2025 - 00:00 hrs.'}","{'type': 'link', 'href': 'https://www.ligafemenil.mx/cancha/club/11795/fc-juarez', 'text': ''}","{'type': 'link', 'href': 'https://www.ligafemenil.mx/cancha/informeArbitral/102202/eyJpZERpdmlzaW9uIjoiMTQiLCJpZFRlbXBvcmFkYSI6IjcwIiwiaWRUb3JuZW8iOiIyIiwiaWRDbHVibG9jYWwiOjExNzk1LCJpZENsdWJ2aXNpdGEiOjExMTg3fQ==/informe-arbitral-fc-juarez-vs-toluca-jornada-12-estadio-olimpico-benito-juarez-tudn', 'text': '- - -'}","{'type': 'link', 'href': 'https://www.ligafemenil.mx/cancha/club/11187/toluca', 'text': ''}","{'type': 'link', 'href': 'https://www.ligafemenil.mx/cancha/estadio/17/estadio-olimpico-benito-juarez', 'text': 'Olímpico Benito Juárez'}","{'type': 'link', 'href': 'https://www.ligafemenil.mx/cancha/mxm/102202/eyJpZERpdmlzaW9uIjoiMTQiLCJpZFRlbXBvcmFkYSI6IjcwIiwiaWRUb3JuZW8iOiIyIiwiaWRDbHVibG9jYWwiOiIxMTc5NSIsImlkQ2x1YnZpc2l0YSI6IjExMTg3IiwiaWRQYXJ0aWRvIjoiMTAyMjAyIiwicGVzdGFuYSI6IjEifQ==/minuto-a-minuto-fc-juarez-vs-toluca-jornada-12-estadio-olimpico-benito-juarez-tudn', 'text': ''}","{'type': 'link', 'href': 'https://www.ligafemenil.mx/cancha/mxm/102202/eyJpZERpdmlzaW9uIjoiMTQiLCJpZFRlbXBvcmFkYSI6IjcwIiwiaWRUb3JuZW8iOiIyIiwiaWRDbHVibG9jYWwiOiIxMTc5NSIsImlkQ2x1YnZpc2l0YSI6IjExMTg3IiwiaWRQYXJ0aWRvIjoiMTAyMjAyIiwicGVzdGFuYSI6IjMifQ==/minuto-a-minuto-fc-juarez-vs-toluca-jornada-12-estadio-olimpico-benito-juarez-tudn', 'text': ''}","{'type': 'link', 'href': 'https://www.ligafemenil.mx/cancha/informeArbitral/102202/eyJpZERpdmlzaW9uIjoiMTQiLCJpZFRlbXBvcmFkYSI6IjcwIiwiaWRUb3JuZW8iOiIyIiwiaWRDbHVibG9jYWwiOiIxMTc5NSIsImlkQ2x1YnZpc2l0YSI6IjExMTg3In0=/informe-arbitral-fc-juarez-vs-toluca-jornada-12-estadio-olimpico-benito-juarez-tudn', 'text': ''}","{'type': 'link', 'href': 'https://www.ligafemenil.mx/cancha/mxm/102202/eyJpZERpdmlzaW9uIjoiMTQiLCJpZFRlbXBvcmFkYSI6IjcwIiwiaWRUb3JuZW8iOiIyIiwiaWRDbHVibG9jYWwiOiIxMTc5NSIsImlkQ2x1YnZpc2l0YSI6IjExMTg3IiwiaWRQYXJ0aWRvIjoiMTAyMjAyIiwicGVzdGFuYSI6IjQifQ==/minuto-a-minuto-fc-juarez-vs-toluca-jornada-12-estadio-olimpico-benito-juarez-tudn', 'text': ''}","{'type': 'link', 'href': 'https://www.ligafemenil.mx/cancha/galeria/MTAyMjAyLzEyLzcwLzIvMTQ=/fc-juarez-vs-toluca', 'text': ''}","{'type': 'link', 'href': 'https://www.ligafemenil.mx/cancha/playlist/102202/fc-juarez-vs-toluca', 'text': ''}"
2019-2020,Clausura,"{'type': 'text', 'value': 'Jueves 23 de Enero de 2025\nTemporada 2019-2020\nTorneo Clausura\nJornada 12\n23 Enero 2025 - 00:00 hrs.'}","{'type': 'link', 'href': 'https://www.ligafemenil.mx/cancha/club/11180/tijuana', 'text': ''}","{'type': 'link', 'href': 'https://www.ligafemenil.mx/cancha/informeArbitral/102204/eyJpZERpdmlzaW9uIjoiMTQiLCJpZFRlbXBvcmFkYSI6IjcwIiwiaWRUb3JuZW8iOiIyIiwiaWRDbHVibG9jYWwiOjExMTgwLCJpZENsdWJ2aXNpdGEiOjExMjQzfQ==/informe-arbitral-tijuana-vs-leon-jornada-12-estadio-caliente', 'text': '- - -'}","{'type': 'link', 'href': 'https://www.ligafemenil.mx/cancha/club/11243/leon', 'text': ''}","{'type': 'link', 'href': 'https://www.ligafemenil.mx/cancha/estadio/48/estadio-caliente', 'text': 'Caliente'}","{'type': 'link', 'href': 'https://www.ligafemenil.mx/cancha/mxm/102204/eyJpZERpdmlzaW9uIjoiMTQiLCJpZFRlbXBvcmFkYSI6IjcwIiwiaWRUb3JuZW8iOiIyIiwiaWRDbHVibG9jYWwiOiIxMTE4MCIsImlkQ2x1YnZpc2l0YSI6IjExMjQzIiwiaWRQYXJ0aWRvIjoiMTAyMjA0IiwicGVzdGFuYSI6IjEifQ==/minuto-a-minuto-tijuana-vs-leon-jornada-12-estadio-caliente', 'text': ''}","{'type': 'link', 'href': 'https://www.ligafemenil.mx/cancha/mxm/102204/eyJpZERpdmlzaW9uIjoiMTQiLCJpZFRlbXBvcmFkYSI6IjcwIiwiaWRUb3JuZW8iOiIyIiwiaWRDbHVibG9jYWwiOiIxMTE4MCIsImlkQ2x1YnZpc2l0YSI6IjExMjQzIiwiaWRQYXJ0aWRvIjoiMTAyMjA0IiwicGVzdGFuYSI6IjMifQ==/minuto-a-minuto-tijuana-vs-leon-jornada-12-estadio-caliente', 'text': ''}","{'type': 'link', 'href': 'https://www.ligafemenil.mx/cancha/informeArbitral/102204/eyJpZERpdmlzaW9uIjoiMTQiLCJpZFRlbXBvcmFkYSI6IjcwIiwiaWRUb3JuZW8iOiIyIiwiaWRDbHVibG9jYWwiOiIxMTE4MCIsImlkQ2x1YnZpc2l0YSI6IjExMjQzIn0=/informe-arbitral-tijuana-vs-leon-jornada-12-estadio-caliente', 'text': ''}","{'type': 'link', 'href': 'https://www.ligafemenil.mx/cancha/mxm/102204/eyJpZERpdmlzaW9uIjoiMTQiLCJpZFRlbXBvcmFkYSI6IjcwIiwiaWRUb3JuZW8iOiIyIiwiaWRDbHVibG9jYWwiOiIxMTE4MCIsImlkQ2x1YnZpc2l0YSI6IjExMjQzIiwiaWRQYXJ0aWRvIjoiMTAyMjA0IiwicGVzdGFuYSI6IjQifQ==/minuto-a-minuto-tijuana-vs-leon-jornada-12-estadio-caliente', 'text': ''}","{'type': 'link', 'href': 'https://www.ligafemenil.mx/cancha/galeria/MTAyMjA0LzEyLzcwLzIvMTQ=/tijuana-vs-leon', 'text': ''}","{'type': 'link', 'href': 'https://www.ligafemenil.mx/cancha/playlist/102204/tijuana-vs-leon', 'text': ''}"
2019-2020,Clausura,"{'type': 'text', 'value': 'Sábado 4 de Enero de 2020\nTemporada 2019-2020\nTorneo Clausura\nJornada 1\n4 Enero 2020 - 12:00 hrs.'}","{'type': 'link', 'href': 'https://www.ligafemenil.mx/cancha/club/11188/pumas', 'text': ''}","{'type': 'link', 'href': 'https://www.ligafemenil.mx/cancha/informeArbitral/102066/eyJpZERpdmlzaW9uIjoiMTQiLCJpZFRlbXBvcmFkYSI6IjcwIiwiaWRUb3JuZW8iOiIyIiwiaWRDbHVibG9jYWwiOjExMTg4LCJpZENsdWJ2aXNpdGEiOjExNTQzfQ==/informe-arbitral-pumas-vs-puebla-fc-jornada-1-estadio-la-cantera-tudn', 'text': '0 - 3'}","{'type': 'link', 'href': 'https://www.ligafemenil.mx/cancha/club/11543/puebla-fc', 'text': ''}","{'type': 'link', 'href': 'https://www.ligafemenil.mx/cancha/estadio/37/estadio-la-cantera', 'text': 'La Cantera'}","{'type': 'link', 'href': 'https://www.ligafemenil.mx/cancha/mxm/102066/eyJpZERpdmlzaW9uIjoiMTQiLCJpZFRlbXBvcmFkYSI6IjcwIiwiaWRUb3JuZW8iOiIyIiwiaWRDbHVibG9jYWwiOiIxMTE4OCIsImlkQ2x1YnZpc2l0YSI6IjExNTQzIiwiaWRQYXJ0aWRvIjoiMTAyMDY2IiwicGVzdGFuYSI6IjEifQ==/minuto-a-minuto-pumas-vs-puebla-fc-jornada-1-estadio-la-cantera-tudn', 'text': ''}","{'type': 'link', 'href': 'https://www.ligafemenil.mx/cancha/mxm/102066/eyJpZERpdmlzaW9uIjoiMTQiLCJpZFRlbXBvcmFkYSI6IjcwIiwiaWRUb3JuZW8iOiIyIiwiaWRDbHVibG9jYWwiOiIxMTE4OCIsImlkQ2x1YnZpc2l0YSI6IjExNTQzIiwiaWRQYXJ0aWRvIjoiMTAyMDY2IiwicGVzdGFuYSI6IjMifQ==/minuto-a-minuto-pumas-vs-puebla-fc-jornada-1-estadio-la-cantera-tudn', 'text': ''}","{'type': 'link', 'href': 'https://www.ligafemenil.mx/cancha/informeArbitral/102066/eyJpZERpdmlzaW9uIjoiMTQiLCJpZFRlbXBvcmFkYSI6IjcwIiwiaWRUb3JuZW8iOiIyIiwiaWRDbHVibG9jYWwiOiIxMTE4OCIsImlkQ2x1YnZpc2l0YSI6IjExNTQzIn0=/informe-arbitral-pumas-vs-puebla-fc-jornada-1-estadio-la-cantera-tudn', 'text': ''}","{'type': 'link', 'href': 'https://www.ligafemenil.mx/cancha/mxm/102066/eyJpZERpdmlzaW9uIjoiMTQiLCJpZFRlbXBvcmFkYSI6IjcwIiwiaWRUb3JuZW8iOiIyIiwiaWRDbHVibG9jYWwiOiIxMTE4OCIsImlkQ2x1YnZpc2l0YSI6IjExNTQzIiwiaWRQYXJ0aWRvIjoiMTAyMDY2IiwicGVzdGFuYSI6IjQifQ==/minuto-a-minuto-pumas-vs-puebla-fc-jornada-1-estadio-la-cantera-tudn', 'text': ''}","{'type': 'link', 'href': 'https://www.ligafemenil.mx/cancha/galeria/MTAyMDY2LzEvNzAvMi8xNA==/pumas-vs-puebla-fc', 'text': ''}","{'type': 'link', 'href': 'https://www.ligafemenil.mx/cancha/playlist/102066/pumas-vs-puebla-fc', 'text': ''}"
2019-2020,Clausura,"{'type': 'text', 'value': 'Lunes 6 de Enero de 2020\nTemporada 2019-2020\nTorneo Clausura\nJornada 1\n6 Enero 2020 - 15:45 hrs.'}","{'type': 'link', 'href': 'https://www.ligafemenil.mx/cancha/club/11191/america', 'text': ''}","{'type': 'link', 'href': 'https://www.ligafemenil.mx/cancha/informeArbitral/102069/eyJpZERpdmlzaW9uIjoiMTQiLCJpZFRlbXBvcmFkYSI6IjcwIiwiaWRUb3JuZW8iOiIyIiwiaWRDbHVibG9jYWwiOjExMTkxLCJpZENsdWJ2aXNpdGEiOjExNzk1fQ==/informe-arbitral-america-vs-fc-juarez-jornada-1-estadio-cancha-centenario-no-5-natural-instalaciones-club-america-tudn', 'text': '3 - 0'}","{'type': 'link', 'href': 'https://www.ligafemenil.mx/cancha/club/11795/fc-juarez', 'text': ''}","{'type': 'link', 'href': 'https://www.ligafemenil.mx/cancha/estadio/1421/estadio-cancha-centenario-no-5-natural-instalaciones-club-america', 'text': 'Cancha Centenario No. 5 (Natural) Instalaciones Club América'}","{'type': 'link', 'href': 'https://www.ligafemenil.mx/cancha/mxm/102069/eyJpZERpdmlzaW9uIjoiMTQiLCJpZFRlbXBvcmFkYSI6IjcwIiwiaWRUb3JuZW8iOiIyIiwiaWRDbHVibG9jYWwiOiIxMTE5MSIsImlkQ2x1YnZpc2l0YSI6IjExNzk1IiwiaWRQYXJ0aWRvIjoiMTAyMDY5IiwicGVzdGFuYSI6IjEifQ==/minuto-a-minuto-america-vs-fc-juarez-jornada-1-estadio-cancha-centenario-no-5-natural-instalaciones-club-america-tudn', 'text': ''}","{'type': 'link', 'href': 'https://www.ligafemenil.mx/cancha/mxm/102069/eyJpZERpdmlzaW9uIjoiMTQiLCJpZFRlbXBvcmFkYSI6IjcwIiwiaWRUb3JuZW8iOiIyIiwiaWRDbHVibG9jYWwiOiIxMTE5MSIsImlkQ2x1YnZpc2l0YSI6IjExNzk1IiwiaWRQYXJ0aWRvIjoiMTAyMDY5IiwicGVzdGFuYSI6IjMifQ==/minuto-a-minuto-america-vs-fc-juarez-jornada-1-estadio-cancha-centenario-no-5-natural-instalaciones-club-america-tudn', 'text': ''}","{'type': 'link', 'href': 'https://www.ligafemenil.mx/cancha/informeArbitral/102069/eyJpZERpdmlzaW9uIjoiMTQiLCJpZFRlbXBvcmFkYSI6IjcwIiwiaWRUb3JuZW8iOiIyIiwiaWRDbHVibG9jYWwiOiIxMTE5MSIsImlkQ2x1YnZpc2l0YSI6IjExNzk1In0=/informe-arbitral-america-vs-fc-juarez-jornada-1-estadio-cancha-centenario-no-5-natural-instalaciones-club-america-tudn', 'text': ''}","{'type': 'link', 'href': 'https://www.ligafemenil.mx/cancha/mxm/102069/eyJpZERpdmlzaW9uIjoiMTQiLCJpZFRlbXBvcmFkYSI6IjcwIiwiaWRUb3JuZW8iOiIyIiwiaWRDbHVibG9jYWwiOiIxMTE5MSIsImlkQ2x1YnZpc2l0YSI6IjExNzk1IiwiaWRQYXJ0aWRvIjoiMTAyMDY5IiwicGVzdGFuYSI6IjQifQ==/minuto-a-minuto-america-vs-fc-juarez-jornada-1-estadio-cancha-centenario-no-5-natural-instalaciones-club-america-tudn', 'text': ''}","{'type': 'link', 'href': 'https://www.ligafemenil.mx/cancha/galeria/MTAyMDY5LzEvNzAvMi8xNA==/america-vs-fc-juarez', 'text': ''}","{'type': 'link', 'href': 'https://www.ligafemenil.mx/cancha/playlist/102069/america-vs-fc-juarez', 'text': ''}"
2019-2020,Clausura,"{'type': 'text', 'value': 'Lunes 6 de Enero de 2020\nTemporada 2019-2020\nTorneo Clausura\nJornada 1\n6 Enero 2020 - 16:00 hrs.'}","{'type': 'link', 'href': 'https://www.ligafemenil.mx/cancha/club/11189/necaxa', 'text': ''}","{'type': 'link', 'href': 'https://www.ligafemenil.mx/cancha/informeArbitral/102065/eyJpZERpdmlzaW9uIjoiMTQiLCJpZFRlbXBvcmFkYSI6IjcwIiwiaWRUb3JuZW8iOiIyIiwiaWRDbHVibG9jYWwiOjExMTg5LCJpZENsdWJ2aXNpdGEiOjExMjQ1fQ==/informe-arbitral-necaxa-vs-atlas-jornada-1-estadio-victoria-claro-sports', 'text': '0 - 3'}","{'type': 'link', 'href': 'https://www.ligafemenil.mx/cancha/club/11245/atlas', 'text': ''}","{'type': 'link', 'href': 'https://www.ligafemenil.mx/cancha/estadio/15/estadio-victoria', 'text': 'Victoria'}","{'type': 'link', 'href': 'https://www.ligafemenil.mx/cancha/mxm/102065/eyJpZERpdmlzaW9uIjoiMTQiLCJpZFRlbXBvcmFkYSI6IjcwIiwiaWRUb3JuZW8iOiIyIiwiaWRDbHVibG9jYWwiOiIxMTE4OSIsImlkQ2x1YnZpc2l0YSI6IjExMjQ1IiwiaWRQYXJ0aWRvIjoiMTAyMDY1IiwicGVzdGFuYSI6IjEifQ==/minuto-a-minuto-necaxa-vs-atlas-jornada-1-estadio-victoria-claro-sports', 'text': ''}","{'type': 'link', 'href': 'https://www.ligafemenil.mx/cancha/mxm/102065/eyJpZERpdmlzaW9uIjoiMTQiLCJpZFRlbXBvcmFkYSI6IjcwIiwiaWRUb3JuZW8iOiIyIiwiaWRDbHVibG9jYWwiOiIxMTE4OSIsImlkQ2x1YnZpc2l0YSI6IjExMjQ1IiwiaWRQYXJ0aWRvIjoiMTAyMDY1IiwicGVzdGFuYSI6IjMifQ==/minuto-a-minuto-necaxa-vs-atlas-jornada-1-estadio-victoria-claro-sports', 'text': ''}","{'type': 'link', 'href': 'https://www.ligafemenil.mx/cancha/informeArbitral/102065/eyJpZERpdmlzaW9uIjoiMTQiLCJpZFRlbXBvcmFkYSI6IjcwIiwiaWRUb3JuZW8iOiIyIiwiaWRDbHVibG9jYWwiOiIxMTE4OSIsImlkQ2x1YnZpc2l0YSI6IjExMjQ1In0=/informe-arbitral-necaxa-vs-atlas-jornada-1-estadio-victoria-claro-sports', 'text': ''}","{'type': 'link', 'href': 'https://www.ligafemenil.mx/cancha/mxm/102065/eyJpZERpdmlzaW9uIjoiMTQiLCJpZFRlbXBvcmFkYSI6IjcwIiwiaWRUb3JuZW8iOiIyIiwiaWRDbHVibG9jYWwiOiIxMTE4OSIsImlkQ2x1YnZpc2l0YSI6IjExMjQ1IiwiaWRQYXJ0aWRvIjoiMTAyMDY1IiwicGVzdGFuYSI6IjQifQ==/minuto-a-minuto-necaxa-vs-atlas-jornada-1-estadio-victoria-claro-sports', 'text': ''}","{'type': 'link', 'href': 'https://www.ligafemenil.mx/cancha/galeria/MTAyMDY1LzEvNzAvMi8xNA==/necaxa-vs-atlas', 'text': ''}","{'type': 'link', 'href': 'https://www.ligafemenil.mx/cancha/playlist/102065/necaxa-vs-atlas', 'text': ''}"
2019-2020,Clausura,"{'type': 'text', 'value': 'Lunes 6 de Enero de 2020\nTemporada 2019-2020\nTorneo Clausura\nJornada 1\n6 Enero 2020 - 16:00 hrs.'}","{'type': 'link', 'href': 'https://www.ligafemenil.mx/cancha/club/11183/m-morelia', 'text': ''}","{'type': 'link', 'href': 'https://www.ligafemenil.mx/cancha/informeArbitral/102068/eyJpZERpdmlzaW9uIjoiMTQiLCJpZFRlbXBvcmFkYSI6IjcwIiwiaWRUb3JuZW8iOiIyIiwiaWRDbHVibG9jYWwiOjExMTgzLCJpZENsdWJ2aXNpdGEiOjExMTg3fQ==/informe-arbitral-m-morelia-vs-toluca-jornada-1-estadio-jose-maria-morelos-y-pavon-am', 'text': '2 - 0'}","{'type': 'link', 'href': 'https://www.ligafemenil.mx/cancha/club/11187/toluca', 'text': ''}","{'type': 'link', 'href': 'https://www.ligafemenil.mx/cancha/estadio/10/estadio-jose-maria-morelos-y-pavon', 'text': 'José María Morelos y Pavón'}","{'type': 'link', 'href': 'https://www.ligafemenil.mx/cancha/mxm/102068/eyJpZERpdmlzaW9uIjoiMTQiLCJpZFRlbXBvcmFkYSI6IjcwIiwiaWRUb3JuZW8iOiIyIiwiaWRDbHVibG9jYWwiOiIxMTE4MyIsImlkQ2x1YnZpc2l0YSI6IjExMTg3IiwiaWRQYXJ0aWRvIjoiMTAyMDY4IiwicGVzdGFuYSI6IjEifQ==/minuto-a-minuto-m-morelia-vs-toluca-jornada-1-estadio-jose-maria-morelos-y-pavon-am', 'text': ''}","{'type': 'link', 'href': 'https://www.ligafemenil.mx/cancha/mxm/102068/eyJpZERpdmlzaW9uIjoiMTQiLCJpZFRlbXBvcmFkYSI6IjcwIiwiaWRUb3JuZW8iOiIyIiwiaWRDbHVibG9jYWwiOiIxMTE4MyIsImlkQ2x1YnZpc2l0YSI6IjExMTg3IiwiaWRQYXJ0aWRvIjoiMTAyMDY4IiwicGVzdGFuYSI6IjMifQ==/minuto-a-minuto-m-morelia-vs-toluca-jornada-1-estadio-jose-maria-morelos-y-pavon-am', 'text': ''}","{'type': 'link', 'href': 'https://www.ligafemenil.mx/cancha/informeArbitral/102068/eyJpZERpdmlzaW9uIjoiMTQiLCJpZFRlbXBvcmFkYSI6IjcwIiwiaWRUb3JuZW8iOiIyIiwiaWRDbHVibG9jYWwiOiIxMTE4MyIsImlkQ2x1YnZpc2l0YSI6IjExMTg3In0=/informe-arbitral-m-morelia-vs-toluca-jornada-1-estadio-jose-maria-morelos-y-pavon-am', 'text': ''}","{'type': 'link', 'href': 'https://www.ligafemenil.mx/cancha/mxm/102068/eyJpZERpdmlzaW9uIjoiMTQiLCJpZFRlbXBvcmFkYSI6IjcwIiwiaWRUb3JuZW8iOiIyIiwiaWRDbHVibG9jYWwiOiIxMTE4MyIsImlkQ2x1YnZpc2l0YSI6IjExMTg3IiwiaWRQYXJ0aWRvIjoiMTAyMDY4IiwicGVzdGFuYSI6IjQifQ==/minuto-a-minuto-m-morelia-vs-toluca-jornada-1-estadio-jose-maria-morelos-y-pavon-am', 'text': ''}","{'type': 'link', 'href': 'https://www.ligafemenil.mx/cancha/galeria/MTAyMDY4LzEvNzAvMi8xNA==/m-morelia-vs-toluca', 'text': ''}","{'type': 'link', 'href': 'https://www.ligafemenil.mx/cancha/playlist/102068/m-morelia-vs-toluca', 'text': ''}"
2019-2020,Clausura,"{'type': 'text', 'value': 'Lunes 6 de Enero de 2020\nTemporada 2019-2020\nTorneo Clausura\nJornada 1\n6 Enero 2020 - 19:00 hrs.'}","{'type': 'link', 'href': 'https://www.ligafemenil.mx/cancha/club/11184/pachuca', 'text': ''}","{'type': 'link', 'href': 'https://www.ligafemenil.mx/cancha/informeArbitral/102070/eyJpZERpdmlzaW9uIjoiMTQiLCJpZFRlbXBvcmFkYSI6IjcwIiwiaWRUb3JuZW8iOiIyIiwiaWRDbHVibG9jYWwiOjExMTg0LCJpZENsdWJ2aXNpdGEiOjExMjQzfQ==/informe-arbitral-pachuca-vs-leon-jornada-1-estadio-hidalgo-fox-sports', 'text': '3 - 1'}","{'type': 'link', 'href': 'https://www.ligafemenil.mx/cancha/club/11243/leon', 'text': ''}","{'type': 'link', 'href': 'https://www.ligafemenil.mx/cancha/estadio/11/estadio-hidalgo', 'text': 'Hidalgo'}","{'type': 'link', 'href': 'https://www.ligafemenil.mx/cancha/mxm/102070/eyJpZERpdmlzaW9uIjoiMTQiLCJpZFRlbXBvcmFkYSI6IjcwIiwiaWRUb3JuZW8iOiIyIiwiaWRDbHVibG9jYWwiOiIxMTE4NCIsImlkQ2x1YnZpc2l0YSI6IjExMjQzIiwiaWRQYXJ0aWRvIjoiMTAyMDcwIiwicGVzdGFuYSI6IjEifQ==/minuto-a-minuto-pachuca-vs-leon-jornada-1-estadio-hidalgo-fox-sports', 'text': ''}","{'type': 'link', 'href': 'https://www.ligafemenil.mx/cancha/mxm/102070/eyJpZERpdmlzaW9uIjoiMTQiLCJpZFRlbXBvcmFkYSI6IjcwIiwiaWRUb3JuZW8iOiIyIiwiaWRDbHVibG9jYWwiOiIxMTE4NCIsImlkQ2x1YnZpc2l0YSI6IjExMjQzIiwiaWRQYXJ0aWRvIjoiMTAyMDcwIiwicGVzdGFuYSI6IjMifQ==/minuto-a-minuto-pachuca-vs-leon-jornada-1-estadio-hidalgo-fox-sports', 'text': ''}","{'type': 'link', 'href': 'https://www.ligafemenil.mx/cancha/informeArbitral/102070/eyJpZERpdmlzaW9uIjoiMTQiLCJpZFRlbXBvcmFkYSI6IjcwIiwiaWRUb3JuZW8iOiIyIiwiaWRDbHVibG9jYWwiOiIxMTE4NCIsImlkQ2x1YnZpc2l0YSI6IjExMjQzIn0=/informe-arbitral-pachuca-vs-leon-jornada-1-estadio-hidalgo-fox-sports', 'text': ''}","{'type': 'link', 'href': 'https://www.ligafemenil.mx/cancha/mxm/102070/eyJpZERpdmlzaW9uIjoiMTQiLCJpZFRlbXBvcmFkYSI6IjcwIiwiaWRUb3JuZW8iOiIyIiwiaWRDbHVibG9jYWwiOiIxMTE4NCIsImlkQ2x1YnZpc2l0YSI6IjExMjQzIiwiaWRQYXJ0aWRvIjoiMTAyMDcwIiwicGVzdGFuYSI6IjQifQ==/minuto-a-minuto-pachuca-vs-leon-jornada-1-estadio-hidalgo-fox-sports', 'text': ''}","{'type': 'link', 'href': 'https://www.ligafemenil.mx/cancha/galeria/MTAyMDcwLzEvNzAvMi8xNA==/pachuca-vs-leon', 'text': ''}","{'type': 'link', 'href': 'https://www.ligafemenil.mx/cancha/playlist/102070/pachuca-vs-leon', 'text': ''}"
2019-2020,Clausura,"{'type': 'text', 'value': 'Lunes 6 de Enero de 2020\nTemporada 2019-2020\nTorneo Clausura\nJornada 1\n6 Enero 2020 - 20:00 hrs.'}","{'type': 'link', 'href': 'https://www.ligafemenil.mx/cancha/club/11778/club-atletico-de-san-luis', 'text': ''}","{'type': 'link', 'href': 'https://www.ligafemenil.mx/cancha/informeArbitral/102071/eyJpZERpdmlzaW9uIjoiMTQiLCJpZFRlbXBvcmFkYSI6IjcwIiwiaWRUb3JuZW8iOiIyIiwiaWRDbHVibG9jYWwiOjExNzc4LCJpZENsdWJ2aXNpdGEiOjExMTkyfQ==/informe-arbitral-club-atletico-de-san-luis-vs-santos-laguna-jornada-1-estadio-alfonso-lastras-ramirez', 'text': '3 - 1'}","{'type': 'link', 'href': 'https://www.ligafemenil.mx/cancha/club/11192/santos-laguna', 'text': ''}","{'type': 'link', 'href': 'https://www.ligafemenil.mx/cancha/estadio/14/estadio-alfonso-lastras-ramirez', 'text': 'Alfonso Lastras Ramírez'}","{'type': 'link', 'href': 'https://www.ligafemenil.mx/cancha/mxm/102071/eyJpZERpdmlzaW9uIjoiMTQiLCJpZFRlbXBvcmFkYSI6IjcwIiwiaWRUb3JuZW8iOiIyIiwiaWRDbHVibG9jYWwiOiIxMTc3OCIsImlkQ2x1YnZpc2l0YSI6IjExMTkyIiwiaWRQYXJ0aWRvIjoiMTAyMDcxIiwicGVzdGFuYSI6IjEifQ==/minuto-a-minuto-club-atletico-de-san-luis-vs-santos-laguna-jornada-1-estadio-alfonso-lastras-ramirez', 'text': ''}","{'type': 'link', 'href': 'https://www.ligafemenil.mx/cancha/mxm/102071/eyJpZERpdmlzaW9uIjoiMTQiLCJpZFRlbXBvcmFkYSI6IjcwIiwiaWRUb3JuZW8iOiIyIiwiaWRDbHVibG9jYWwiOiIxMTc3OCIsImlkQ2x1YnZpc2l0YSI6IjExMTkyIiwiaWRQYXJ0aWRvIjoiMTAyMDcxIiwicGVzdGFuYSI6IjMifQ==/minuto-a-minuto-club-atletico-de-san-luis-vs-santos-laguna-jornada-1-estadio-alfonso-lastras-ramirez', 'text': ''}","{'type': 'link', 'href': 'https://www.ligafemenil.mx/cancha/informeArbitral/102071/eyJpZERpdmlzaW9uIjoiMTQiLCJpZFRlbXBvcmFkYSI6IjcwIiwiaWRUb3JuZW8iOiIyIiwiaWRDbHVibG9jYWwiOiIxMTc3OCIsImlkQ2x1YnZpc2l0YSI6IjExMTkyIn0=/informe-arbitral-club-atletico-de-san-luis-vs-santos-laguna-jornada-1-estadio-alfonso-lastras-ramirez', 'text': ''}","{'type': 'link', 'href': 'https://www.ligafemenil.mx/cancha/mxm/102071/eyJpZERpdmlzaW9uIjoiMTQiLCJpZFRlbXBvcmFkYSI6IjcwIiwiaWRUb3JuZW8iOiIyIiwiaWRDbHVibG9jYWwiOiIxMTc3OCIsImlkQ2x1YnZpc2l0YSI6IjExMTkyIiwiaWRQYXJ0aWRvIjoiMTAyMDcxIiwicGVzdGFuYSI6IjQifQ==/minuto-a-minuto-club-atletico-de-san-luis-vs-santos-laguna-jornada-1-estadio-alfonso-lastras-ramirez', 'text': ''}","{'type': 'link', 'href': 'https://www.ligafemenil.mx/cancha/galeria/MTAyMDcxLzEvNzAvMi8xNA==/club-atletico-de-san-luis-vs-santos-laguna', 'text': ''}","{'type': 'link', 'href': 'https://www.ligafemenil.mx/cancha/playlist/102071/club-atletico-de-san-luis-vs-santos-laguna', 'text': ''}"
2019-2020,Clausura,"{'type': 'text', 'value': 'Lunes 6 de Enero de 2020\nTemporada 2019-2020\nTorneo Clausura\nJornada 1\n6 Enero 2020 - 19:00 hrs.'}","{'type': 'link', 'href': 'https://www.ligafemenil.mx/cancha/club/11180/tijuana', 'text': ''}","{'type': 'link', 'href': 'https://www.ligafemenil.mx/cancha/informeArbitral/102072/eyJpZERpdmlzaW9uIjoiMTQiLCJpZFRlbXBvcmFkYSI6IjcwIiwiaWRUb3JuZW8iOiIyIiwiaWRDbHVibG9jYWwiOjExMTgwLCJpZENsdWJ2aXNpdGEiOjExMjQ0fQ==/informe-arbitral-tijuana-vs-queretaro-jornada-1-estadio-caliente', 'text': '3 - 0'}","{'type': 'link', 'href': 'https://www.ligafemenil.mx/cancha/club/11244/queretaro', 'text': ''}","{'type': 'link', 'href': 'https://www.ligafemenil.mx/cancha/estadio/48/estadio-caliente', 'text': 'Caliente'}","{'type': 'link', 'href': 'https://www.ligafemenil.mx/cancha/mxm/102072/eyJpZERpdmlzaW9uIjoiMTQiLCJpZFRlbXBvcmFkYSI6IjcwIiwiaWRUb3JuZW8iOiIyIiwiaWRDbHVibG9jYWwiOiIxMTE4MCIsImlkQ2x1YnZpc2l0YSI6IjExMjQ0IiwiaWRQYXJ0aWRvIjoiMTAyMDcyIiwicGVzdGFuYSI6IjEifQ==/minuto-a-minuto-tijuana-vs-queretaro-jornada-1-estadio-caliente', 'text': ''}","{'type': 'link', 'href': 'https://www.ligafemenil.mx/cancha/mxm/102072/eyJpZERpdmlzaW9uIjoiMTQiLCJpZFRlbXBvcmFkYSI6IjcwIiwiaWRUb3JuZW8iOiIyIiwiaWRDbHVibG9jYWwiOiIxMTE4MCIsImlkQ2x1YnZpc2l0YSI6IjExMjQ0IiwiaWRQYXJ0aWRvIjoiMTAyMDcyIiwicGVzdGFuYSI6IjMifQ==/minuto-a-minuto-tijuana-vs-queretaro-jornada-1-estadio-caliente', 'text': ''}","{'type': 'link', 'href': 'https://www.ligafemenil.mx/cancha/informeArbitral/102072/eyJpZERpdmlzaW9uIjoiMTQiLCJpZFRlbXBvcmFkYSI6IjcwIiwiaWRUb3JuZW8iOiIyIiwiaWRDbHVibG9jYWwiOiIxMTE4MCIsImlkQ2x1YnZpc2l0YSI6IjExMjQ0In0=/informe-arbitral-tijuana-vs-queretaro-jornada-1-estadio-caliente', 'text': ''}","{'type': 'link', 'href': 'https://www.ligafemenil.mx/cancha/mxm/102072/eyJpZERpdmlzaW9uIjoiMTQiLCJpZFRlbXBvcmFkYSI6IjcwIiwiaWRUb3JuZW8iOiIyIiwiaWRDbHVibG9jYWwiOiIxMTE4MCIsImlkQ2x1YnZpc2l0YSI6IjExMjQ0IiwiaWRQYXJ0aWRvIjoiMTAyMDcyIiwicGVzdGFuYSI6IjQifQ==/minuto-a-minuto-tijuana-vs-queretaro-jornada-1-estadio-caliente', 'text': ''}","{'type': 'link', 'href': 'https://www.ligafemenil.mx/cancha/galeria/MTAyMDcyLzEvNzAvMi8xNA==/tijuana-vs-queretaro', 'text': ''}","{'type': 'link', 'href': 'https://www.ligafemenil.mx/cancha/playlist/102072/tijuana-vs-queretaro', 'text': ''}"
2019-2020,Clausura,"{'type': 'text', 'value': 'Lunes 6 de Enero de 2020\nTemporada 2019-2020\nTorneo Clausura\nJornada 1\n6 Enero 2020 - 21:00 hrs.'}","{'type': 'link', 'href': 'https://www.ligafemenil.mx/cancha/club/11182/guadalajara', 'text': ''}","{'type': 'link', 'href': 'https://www.ligafemenil.mx/cancha/informeArbitral/102067/eyJpZERpdmlzaW9uIjoiMTQiLCJpZFRlbXBvcmFkYSI6IjcwIiwiaWRUb3JuZW8iOiIyIiwiaWRDbHVibG9jYWwiOjExMTgyLCJpZENsdWJ2aXNpdGEiOjExMTgxfQ==/informe-arbitral-guadalajara-vs-cruz-azul-jornada-1-estadio-akron-fox-sports', 'text': '2 - 2'}","{'type': 'link', 'href': 'https://www.ligafemenil.mx/cancha/club/11181/cruz-azul', 'text': ''}","{'type': 'link', 'href': 'https://www.ligafemenil.mx/cancha/estadio/1538/estadio-akron', 'text': 'Estadio AKRON'}","{'type': 'link', 'href': 'https://www.ligafemenil.mx/cancha/mxm/102067/eyJpZERpdmlzaW9uIjoiMTQiLCJpZFRlbXBvcmFkYSI6IjcwIiwiaWRUb3JuZW8iOiIyIiwiaWRDbHVibG9jYWwiOiIxMTE4MiIsImlkQ2x1YnZpc2l0YSI6IjExMTgxIiwiaWRQYXJ0aWRvIjoiMTAyMDY3IiwicGVzdGFuYSI6IjEifQ==/minuto-a-minuto-guadalajara-vs-cruz-azul-jornada-1-estadio-akron-fox-sports', 'text': ''}","{'type': 'link', 'href': 'https://www.ligafemenil.mx/cancha/mxm/102067/eyJpZERpdmlzaW9uIjoiMTQiLCJpZFRlbXBvcmFkYSI6IjcwIiwiaWRUb3JuZW8iOiIyIiwiaWRDbHVibG9jYWwiOiIxMTE4MiIsImlkQ2x1YnZpc2l0YSI6IjExMTgxIiwiaWRQYXJ0aWRvIjoiMTAyMDY3IiwicGVzdGFuYSI6IjMifQ==/minuto-a-minuto-guadalajara-vs-cruz-azul-jornada-1-estadio-akron-fox-sports', 'text': ''}","{'type': 'link', 'href': 'https://www.ligafemenil.mx/cancha/informeArbitral/102067/eyJpZERpdmlzaW9uIjoiMTQiLCJpZFRlbXBvcmFkYSI6IjcwIiwiaWRUb3JuZW8iOiIyIiwiaWRDbHVibG9jYWwiOiIxMTE4MiIsImlkQ2x1YnZpc2l0YSI6IjExMTgxIn0=/informe-arbitral-guadalajara-vs-cruz-azul-jornada-1-estadio-akron-fox-sports', 'text': ''}","{'type': 'link', 'href': 'https://www.ligafemenil.mx/cancha/mxm/102067/eyJpZERpdmlzaW9uIjoiMTQiLCJpZFRlbXBvcmFkYSI6IjcwIiwiaWRUb3JuZW8iOiIyIiwiaWRDbHVibG9jYWwiOiIxMTE4MiIsImlkQ2x1YnZpc2l0YSI6IjExMTgxIiwiaWRQYXJ0aWRvIjoiMTAyMDY3IiwicGVzdGFuYSI6IjQifQ==/minuto-a-minuto-guadalajara-vs-cruz-azul-jornada-1-estadio-akron-fox-sports', 'text': ''}","{'type': 'link', 'href': 'https://www.ligafemenil.mx/cancha/galeria/MTAyMDY3LzEvNzAvMi8xNA==/guadalajara-vs-cruz-azul', 'text': ''}","{'type': 'link', 'href': 'https://www.ligafemenil.mx/cancha/playlist/102067/guadalajara-vs-cruz-azul', 'text': ''}"
2019-2020,Clausura,"{'type': 'text', 'value': 'Viernes 10 de Enero de 2020\nTemporada 2019-2020\nTorneo Clausura\nJornada 2\n10 Enero 2020 - 15:45 hrs.'}","{'type': 'link', 'href': 'https://www.ligafemenil.mx/cancha/club/11181/cruz-azul', 'text': ''}","{'type': 'link', 'href': 'https://www.ligafemenil.mx/cancha/informeArbitral/102074/eyJpZERpdmlzaW9uIjoiMTQiLCJpZFRlbXBvcmFkYSI6IjcwIiwiaWRUb3JuZW8iOiIyIiwiaWRDbHVibG9jYWwiOjExMTgxLCJpZENsdWJ2aXNpdGEiOjExMTkxfQ==/informe-arbitral-cruz-azul-vs-america-jornada-2-estadio-10-de-diciembre-tudn', 'text': '1 - 2'}","{'type': 'link', 'href': 'https://www.ligafemenil.mx/cancha/club/11191/america', 'text': ''}","{'type': 'link', 'href': 'https://www.ligafemenil.mx/cancha/estadio/30/estadio-10-de-diciembre', 'text': '10 de Diciembre'}","{'type': 'link', 'href': 'https://www.ligafemenil.mx/cancha/mxm/102074/eyJpZERpdmlzaW9uIjoiMTQiLCJpZFRlbXBvcmFkYSI6IjcwIiwiaWRUb3JuZW8iOiIyIiwiaWRDbHVibG9jYWwiOiIxMTE4MSIsImlkQ2x1YnZpc2l0YSI6IjExMTkxIiwiaWRQYXJ0aWRvIjoiMTAyMDc0IiwicGVzdGFuYSI6IjEifQ==/minuto-a-minuto-cruz-azul-vs-america-jornada-2-estadio-10-de-diciembre-tudn', 'text': ''}","{'type': 'link', 'href': 'https://www.ligafemenil.mx/cancha/mxm/102074/eyJpZERpdmlzaW9uIjoiMTQiLCJpZFRlbXBvcmFkYSI6IjcwIiwiaWRUb3JuZW8iOiIyIiwiaWRDbHVibG9jYWwiOiIxMTE4MSIsImlkQ2x1YnZpc2l0YSI6IjExMTkxIiwiaWRQYXJ0aWRvIjoiMTAyMDc0IiwicGVzdGFuYSI6IjMifQ==/minuto-a-minuto-cruz-azul-vs-america-jornada-2-estadio-10-de-diciembre-tudn', 'text': ''}","{'type': 'link', 'href': 'https://www.ligafemenil.mx/cancha/informeArbitral/102074/eyJpZERpdmlzaW9uIjoiMTQiLCJpZFRlbXBvcmFkYSI6IjcwIiwiaWRUb3JuZW8iOiIyIiwiaWRDbHVibG9jYWwiOiIxMTE4MSIsImlkQ2x1YnZpc2l0YSI6IjExMTkxIn0=/informe-arbitral-cruz-azul-vs-america-jornada-2-estadio-10-de-diciembre-tudn', 'text': ''}","{'type': 'link', 'href': 'https://www.ligafemenil.mx/cancha/mxm/102074/eyJpZERpdmlzaW9uIjoiMTQiLCJpZFRlbXBvcmFkYSI6IjcwIiwiaWRUb3JuZW8iOiIyIiwiaWRDbHVibG9jYWwiOiIxMTE4MSIsImlkQ2x1YnZpc2l0YSI6IjExMTkxIiwiaWRQYXJ0aWRvIjoiMTAyMDc0IiwicGVzdGFuYSI6IjQifQ==/minuto-a-minuto-cruz-azul-vs-america-jornada-2-estadio-10-de-diciembre-tudn', 'text': ''}","{'type': 'link', 'href': 'https://www.ligafemenil.mx/cancha/galeria/MTAyMDc0LzIvNzAvMi8xNA==/cruz-azul-vs-america', 'text': ''}","{'type': 'link', 'href': 'https://www.ligafemenil.mx/cancha/playlist/102074/cruz-azul-vs-america', 'text': ''}"
2019-2020,Clausura,"{'type': 'text', 'value': 'Viernes 10 de Enero de 2020\nTemporada 2019-2020\nTorneo Clausura\nJornada 2\n10 Enero 2020 - 19:00 hrs.'}","{'type': 'link', 'href': 'https://www.ligafemenil.mx/cancha/club/11795/fc-juarez', 'text': ''}","{'type': 'link', 'href': 'https://www.ligafemenil.mx/cancha/informeArbitral/102075/eyJpZERpdmlzaW9uIjoiMTQiLCJpZFRlbXBvcmFkYSI6IjcwIiwiaWRUb3JuZW8iOiIyIiwiaWRDbHVibG9jYWwiOjExNzk1LCJpZENsdWJ2aXNpdGEiOjExMTgyfQ==/informe-arbitral-fc-juarez-vs-guadalajara-jornada-2-estadio-olimpico-benito-juarez-tudn', 'text': '0 - 0'}","{'type': 'link', 'href': 'https://www.ligafemenil.mx/cancha/club/11182/guadalajara', 'text': ''}","{'type': 'link', 'href': 'https://www.ligafemenil.mx/cancha/estadio/17/estadio-olimpico-benito-juarez', 'text': 'Olímpico Benito Juárez'}","{'type': 'link', 'href': 'https://www.ligafemenil.mx/cancha/mxm/102075/eyJpZERpdmlzaW9uIjoiMTQiLCJpZFRlbXBvcmFkYSI6IjcwIiwiaWRUb3JuZW8iOiIyIiwiaWRDbHVibG9jYWwiOiIxMTc5NSIsImlkQ2x1YnZpc2l0YSI6IjExMTgyIiwiaWRQYXJ0aWRvIjoiMTAyMDc1IiwicGVzdGFuYSI6IjEifQ==/minuto-a-minuto-fc-juarez-vs-guadalajara-jornada-2-estadio-olimpico-benito-juarez-tudn', 'text': ''}","{'type': 'link', 'href': 'https://www.ligafemenil.mx/cancha/mxm/102075/eyJpZERpdmlzaW9uIjoiMTQiLCJpZFRlbXBvcmFkYSI6IjcwIiwiaWRUb3JuZW8iOiIyIiwiaWRDbHVibG9jYWwiOiIxMTc5NSIsImlkQ2x1YnZpc2l0YSI6IjExMTgyIiwiaWRQYXJ0aWRvIjoiMTAyMDc1IiwicGVzdGFuYSI6IjMifQ==/minuto-a-minuto-fc-juarez-vs-guadalajara-jornada-2-estadio-olimpico-benito-juarez-tudn', 'text': ''}","{'type': 'link', 'href': 'https://www.ligafemenil.mx/cancha/informeArbitral/102075/eyJpZERpdmlzaW9uIjoiMTQiLCJpZFRlbXBvcmFkYSI6IjcwIiwiaWRUb3JuZW8iOiIyIiwiaWRDbHVibG9jYWwiOiIxMTc5NSIsImlkQ2x1YnZpc2l0YSI6IjExMTgyIn0=/informe-arbitral-fc-juarez-vs-guadalajara-jornada-2-estadio-olimpico-benito-juarez-tudn', 'text': ''}","{'type': 'link', 'href': 'https://www.ligafemenil.mx/cancha/mxm/102075/eyJpZERpdmlzaW9uIjoiMTQiLCJpZFRlbXBvcmFkYSI6IjcwIiwiaWRUb3JuZW8iOiIyIiwiaWRDbHVibG9jYWwiOiIxMTc5NSIsImlkQ2x1YnZpc2l0YSI6IjExMTgyIiwiaWRQYXJ0aWRvIjoiMTAyMDc1IiwicGVzdGFuYSI6IjQifQ==/minuto-a-minuto-fc-juarez-vs-guadalajara-jornada-2-estadio-olimpico-benito-juarez-tudn', 'text': ''}","{'type': 'link', 'href': 'https://www.ligafemenil.mx/cancha/galeria/MTAyMDc1LzIvNzAvMi8xNA==/fc-juarez-vs-guadalajara', 'text': ''}","{'type': 'link', 'href': 'https://www.ligafemenil.mx/cancha/playlist/102075/fc-juarez-vs-guadalajara', 'text': ''}"
2019-2020,Clausura,"{'type': 'text', 'value': 'Sábado 11 de Enero de 2020\nTemporada 2019-2020\nTorneo Clausura\nJornada 2\n11 Enero 2020 - 11:00 hrs.'}","{'type': 'link', 'href': 'https://www.ligafemenil.mx/cancha/club/11245/atlas', 'text': ''}","{'type': 'link', 'href': 'https://www.ligafemenil.mx/cancha/informeArbitral/102076/eyJpZERpdmlzaW9uIjoiMTQiLCJpZFRlbXBvcmFkYSI6IjcwIiwiaWRUb3JuZW8iOiIyIiwiaWRDbHVibG9jYWwiOjExMjQ1LCJpZENsdWJ2aXNpdGEiOjExMTgzfQ==/informe-arbitral-atlas-vs-m-morelia-jornada-2-estadio-cancha-alfredo-pistache-torres-tvc-deportes', 'text': '3 - 2'}","{'type': 'link', 'href': 'https://www.ligafemenil.mx/cancha/club/11183/m-morelia', 'text': ''}","{'type': 'link', 'href': 'https://www.ligafemenil.mx/cancha/estadio/881/estadio-cancha-alfredo-pistache-torres', 'text': 'CANCHA ALFREDO PISTACHE TORRES'}","{'type': 'link', 'href': 'https://www.ligafemenil.mx/cancha/mxm/102076/eyJpZERpdmlzaW9uIjoiMTQiLCJpZFRlbXBvcmFkYSI6IjcwIiwiaWRUb3JuZW8iOiIyIiwiaWRDbHVibG9jYWwiOiIxMTI0NSIsImlkQ2x1YnZpc2l0YSI6IjExMTgzIiwiaWRQYXJ0aWRvIjoiMTAyMDc2IiwicGVzdGFuYSI6IjEifQ==/minuto-a-minuto-atlas-vs-m-morelia-jornada-2-estadio-cancha-alfredo-pistache-torres-tvc-deportes', 'text': ''}","{'type': 'link', 'href': 'https://www.ligafemenil.mx/cancha/mxm/102076/eyJpZERpdmlzaW9uIjoiMTQiLCJpZFRlbXBvcmFkYSI6IjcwIiwiaWRUb3JuZW8iOiIyIiwiaWRDbHVibG9jYWwiOiIxMTI0NSIsImlkQ2x1YnZpc2l0YSI6IjExMTgzIiwiaWRQYXJ0aWRvIjoiMTAyMDc2IiwicGVzdGFuYSI6IjMifQ==/minuto-a-minuto-atlas-vs-m-morelia-jornada-2-estadio-cancha-alfredo-pistache-torres-tvc-deportes', 'text': ''}","{'type': 'link', 'href': 'https://www.ligafemenil.mx/cancha/informeArbitral/102076/eyJpZERpdmlzaW9uIjoiMTQiLCJpZFRlbXBvcmFkYSI6IjcwIiwiaWRUb3JuZW8iOiIyIiwiaWRDbHVibG9jYWwiOiIxMTI0NSIsImlkQ2x1YnZpc2l0YSI6IjExMTgzIn0=/informe-arbitral-atlas-vs-m-morelia-jornada-2-estadio-cancha-alfredo-pistache-torres-tvc-deportes', 'text': ''}","{'type': 'link', 'href': 'https://www.ligafemenil.mx/cancha/mxm/102076/eyJpZERpdmlzaW9uIjoiMTQiLCJpZFRlbXBvcmFkYSI6IjcwIiwiaWRUb3JuZW8iOiIyIiwiaWRDbHVibG9jYWwiOiIxMTI0NSIsImlkQ2x1YnZpc2l0YSI6IjExMTgzIiwiaWRQYXJ0aWRvIjoiMTAyMDc2IiwicGVzdGFuYSI6IjQifQ==/minuto-a-minuto-atlas-vs-m-morelia-jornada-2-estadio-cancha-alfredo-pistache-torres-tvc-deportes', 'text': ''}","{'type': 'link', 'href': 'https://www.ligafemenil.mx/cancha/galeria/MTAyMDc2LzIvNzAvMi8xNA==/atlas-vs-m-morelia', 'text': ''}","{'type': 'link', 'href': 'https://www.ligafemenil.mx/cancha/playlist/102076/atlas-vs-m-morelia', 'text': ''}"
2019-2020,Clausura,"{'type': 'text', 'value': 'Domingo 12 de Enero de 2020\nTemporada 2019-2020\nTorneo Clausura\nJornada 2\n12 Enero 2020 - 12:00 hrs.'}","{'type': 'link', 'href': 'https://www.ligafemenil.mx/cancha/club/11543/puebla-fc', 'text': ''}","{'type': 'link', 'href': 'https://www.ligafemenil.mx/cancha/informeArbitral/102077/eyJpZERpdmlzaW9uIjoiMTQiLCJpZFRlbXBvcmFkYSI6IjcwIiwiaWRUb3JuZW8iOiIyIiwiaWRDbHVibG9jYWwiOjExNTQzLCJpZENsdWJ2aXNpdGEiOjExMjQ0fQ==/informe-arbitral-puebla-fc-vs-queretaro-jornada-2-estadio-cuauhtemoc-tvc-deportes', 'text': '1 - 1'}","{'type': 'link', 'href': 'https://www.ligafemenil.mx/cancha/club/11244/queretaro', 'text': ''}","{'type': 'link', 'href': 'https://www.ligafemenil.mx/cancha/estadio/9/estadio-cuauhtemoc', 'text': 'Cuauhtémoc'}","{'type': 'link', 'href': 'https://www.ligafemenil.mx/cancha/mxm/102077/eyJpZERpdmlzaW9uIjoiMTQiLCJpZFRlbXBvcmFkYSI6IjcwIiwiaWRUb3JuZW8iOiIyIiwiaWRDbHVibG9jYWwiOiIxMTU0MyIsImlkQ2x1YnZpc2l0YSI6IjExMjQ0IiwiaWRQYXJ0aWRvIjoiMTAyMDc3IiwicGVzdGFuYSI6IjEifQ==/minuto-a-minuto-puebla-fc-vs-queretaro-jornada-2-estadio-cuauhtemoc-tvc-deportes', 'text': ''}","{'type': 'link', 'href': 'https://www.ligafemenil.mx/cancha/mxm/102077/eyJpZERpdmlzaW9uIjoiMTQiLCJpZFRlbXBvcmFkYSI6IjcwIiwiaWRUb3JuZW8iOiIyIiwiaWRDbHVibG9jYWwiOiIxMTU0MyIsImlkQ2x1YnZpc2l0YSI6IjExMjQ0IiwiaWRQYXJ0aWRvIjoiMTAyMDc3IiwicGVzdGFuYSI6IjMifQ==/minuto-a-minuto-puebla-fc-vs-queretaro-jornada-2-estadio-cuauhtemoc-tvc-deportes', 'text': ''}","{'type': 'link', 'href': 'https://www.ligafemenil.mx/cancha/informeArbitral/102077/eyJpZERpdmlzaW9uIjoiMTQiLCJpZFRlbXBvcmFkYSI6IjcwIiwiaWRUb3JuZW8iOiIyIiwiaWRDbHVibG9jYWwiOiIxMTU0MyIsImlkQ2x1YnZpc2l0YSI6IjExMjQ0In0=/informe-arbitral-puebla-fc-vs-queretaro-jornada-2-estadio-cuauhtemoc-tvc-deportes', 'text': ''}","{'type': 'link', 'href': 'https://www.ligafemenil.mx/cancha/mxm/102077/eyJpZERpdmlzaW9uIjoiMTQiLCJpZFRlbXBvcmFkYSI6IjcwIiwiaWRUb3JuZW8iOiIyIiwiaWRDbHVibG9jYWwiOiIxMTU0MyIsImlkQ2x1YnZpc2l0YSI6IjExMjQ0IiwiaWRQYXJ0aWRvIjoiMTAyMDc3IiwicGVzdGFuYSI6IjQifQ==/minuto-a-minuto-puebla-fc-vs-queretaro-jornada-2-estadio-cuauhtemoc-tvc-deportes', 'text': ''}","{'type': 'link', 'href': 'https://www.ligafemenil.mx/cancha/galeria/MTAyMDc3LzIvNzAvMi8xNA==/puebla-fc-vs-queretaro', 'text': ''}","{'type': 'link', 'href': 'https://www.ligafemenil.mx/cancha/playlist/102077/puebla-fc-vs-queretaro', 'text': ''}"
2019-2020,Clausura,"{'type': 'text', 'value': 'Lunes 13 de Enero de 2020\nTemporada 2019-2020\nTorneo Clausura\nJornada 2\n13 Enero 2020 - 17:00 hrs.'}","{'type': 'link', 'href': 'https://www.ligafemenil.mx/cancha/club/11187/toluca', 'text': ''}","{'type': 'link', 'href': 'https://www.ligafemenil.mx/cancha/informeArbitral/102078/eyJpZERpdmlzaW9uIjoiMTQiLCJpZFRlbXBvcmFkYSI6IjcwIiwiaWRUb3JuZW8iOiIyIiwiaWRDbHVibG9jYWwiOjExMTg3LCJpZENsdWJ2aXNpdGEiOjExMTgwfQ==/informe-arbitral-toluca-vs-tijuana-jornada-2-estadio-nemesio-diez-tudn', 'text': '2 - 1'}","{'type': 'link', 'href': 'https://www.ligafemenil.mx/cancha/club/11180/tijuana', 'text': ''}","{'type': 'link', 'href': 'https://www.ligafemenil.mx/cancha/estadio/6/estadio-nemesio-diez', 'text': 'Nemesio Diez'}","{'type': 'link', 'href': 'https://www.ligafemenil.mx/cancha/mxm/102078/eyJpZERpdmlzaW9uIjoiMTQiLCJpZFRlbXBvcmFkYSI6IjcwIiwiaWRUb3JuZW8iOiIyIiwiaWRDbHVibG9jYWwiOiIxMTE4NyIsImlkQ2x1YnZpc2l0YSI6IjExMTgwIiwiaWRQYXJ0aWRvIjoiMTAyMDc4IiwicGVzdGFuYSI6IjEifQ==/minuto-a-minuto-toluca-vs-tijuana-jornada-2-estadio-nemesio-diez-tudn', 'text': ''}","{'type': 'link', 'href': 'https://www.ligafemenil.mx/cancha/mxm/102078/eyJpZERpdmlzaW9uIjoiMTQiLCJpZFRlbXBvcmFkYSI6IjcwIiwiaWRUb3JuZW8iOiIyIiwiaWRDbHVibG9jYWwiOiIxMTE4NyIsImlkQ2x1YnZpc2l0YSI6IjExMTgwIiwiaWRQYXJ0aWRvIjoiMTAyMDc4IiwicGVzdGFuYSI6IjMifQ==/minuto-a-minuto-toluca-vs-tijuana-jornada-2-estadio-nemesio-diez-tudn', 'text': ''}","{'type': 'link', 'href': 'https://www.ligafemenil.mx/cancha/informeArbitral/102078/eyJpZERpdmlzaW9uIjoiMTQiLCJpZFRlbXBvcmFkYSI6IjcwIiwiaWRUb3JuZW8iOiIyIiwiaWRDbHVibG9jYWwiOiIxMTE4NyIsImlkQ2x1YnZpc2l0YSI6IjExMTgwIn0=/informe-arbitral-toluca-vs-tijuana-jornada-2-estadio-nemesio-diez-tudn', 'text': ''}","{'type': 'link', 'href': 'https://www.ligafemenil.mx/cancha/mxm/102078/eyJpZERpdmlzaW9uIjoiMTQiLCJpZFRlbXBvcmFkYSI6IjcwIiwiaWRUb3JuZW8iOiIyIiwiaWRDbHVibG9jYWwiOiIxMTE4NyIsImlkQ2x1YnZpc2l0YSI6IjExMTgwIiwiaWRQYXJ0aWRvIjoiMTAyMDc4IiwicGVzdGFuYSI6IjQifQ==/minuto-a-minuto-toluca-vs-tijuana-jornada-2-estadio-nemesio-diez-tudn', 'text': ''}","{'type': 'link', 'href': 'https://www.ligafemenil.mx/cancha/galeria/MTAyMDc4LzIvNzAvMi8xNA==/toluca-vs-tijuana', 'text': ''}","{'type': 'link', 'href': 'https://www.ligafemenil.mx/cancha/playlist/102078/toluca-vs-tijuana', 'text': ''}"
2019-2020,Clausura,"{'type': 'text', 'value': 'Lunes 13 de Enero de 2020\nTemporada 2019-2020\nTorneo Clausura\nJornada 2\n13 Enero 2020 - 19:00 hrs.'}","{'type': 'link', 'href': 'https://www.ligafemenil.mx/cancha/club/11243/leon', 'text': ''}","{'type': 'link', 'href': 'https://www.ligafemenil.mx/cancha/informeArbitral/102079/eyJpZERpdmlzaW9uIjoiMTQiLCJpZFRlbXBvcmFkYSI6IjcwIiwiaWRUb3JuZW8iOiIyIiwiaWRDbHVibG9jYWwiOjExMjQzLCJpZENsdWJ2aXNpdGEiOjExMTg2fQ==/informe-arbitral-leon-vs-tigres-de-la-uanl-jornada-2-estadio-nou-camp-fox-sports', 'text': '0 - 1'}","{'type': 'link', 'href': 'https://www.ligafemenil.mx/cancha/club/11186/tigres-de-la-uanl', 'text': ''}","{'type': 'link', 'href': 'https://www.ligafemenil.mx/cancha/estadio/23/estadio-nou-camp', 'text': 'Nou Camp'}","{'type': 'link', 'href': 'https://www.ligafemenil.mx/cancha/mxm/102079/eyJpZERpdmlzaW9uIjoiMTQiLCJpZFRlbXBvcmFkYSI6IjcwIiwiaWRUb3JuZW8iOiIyIiwiaWRDbHVibG9jYWwiOiIxMTI0MyIsImlkQ2x1YnZpc2l0YSI6IjExMTg2IiwiaWRQYXJ0aWRvIjoiMTAyMDc5IiwicGVzdGFuYSI6IjEifQ==/minuto-a-minuto-leon-vs-tigres-de-la-uanl-jornada-2-estadio-nou-camp-fox-sports', 'text': ''}","{'type': 'link', 'href': 'https://www.ligafemenil.mx/cancha/mxm/102079/eyJpZERpdmlzaW9uIjoiMTQiLCJpZFRlbXBvcmFkYSI6IjcwIiwiaWRUb3JuZW8iOiIyIiwiaWRDbHVibG9jYWwiOiIxMTI0MyIsImlkQ2x1YnZpc2l0YSI6IjExMTg2IiwiaWRQYXJ0aWRvIjoiMTAyMDc5IiwicGVzdGFuYSI6IjMifQ==/minuto-a-minuto-leon-vs-tigres-de-la-uanl-jornada-2-estadio-nou-camp-fox-sports', 'text': ''}","{'type': 'link', 'href': 'https://www.ligafemenil.mx/cancha/informeArbitral/102079/eyJpZERpdmlzaW9uIjoiMTQiLCJpZFRlbXBvcmFkYSI6IjcwIiwiaWRUb3JuZW8iOiIyIiwiaWRDbHVibG9jYWwiOiIxMTI0MyIsImlkQ2x1YnZpc2l0YSI6IjExMTg2In0=/informe-arbitral-leon-vs-tigres-de-la-uanl-jornada-2-estadio-nou-camp-fox-sports', 'text': ''}","{'type': 'link', 'href': 'https://www.ligafemenil.mx/cancha/mxm/102079/eyJpZERpdmlzaW9uIjoiMTQiLCJpZFRlbXBvcmFkYSI6IjcwIiwiaWRUb3JuZW8iOiIyIiwiaWRDbHVibG9jYWwiOiIxMTI0MyIsImlkQ2x1YnZpc2l0YSI6IjExMTg2IiwiaWRQYXJ0aWRvIjoiMTAyMDc5IiwicGVzdGFuYSI6IjQifQ==/minuto-a-minuto-leon-vs-tigres-de-la-uanl-jornada-2-estadio-nou-camp-fox-sports', 'text': ''}","{'type': 'link', 'href': 'https://www.ligafemenil.mx/cancha/galeria/MTAyMDc5LzIvNzAvMi8xNA==/leon-vs-tigres-de-la-uanl', 'text': ''}","{'type': 'link', 'href': 'https://www.ligafemenil.mx/cancha/playlist/102079/leon-vs-tigres-de-la-uanl', 'text': ''}"
2019-2020,Clausura,"{'type': 'text', 'value': 'Lunes 13 de Enero de 2020\nTemporada 2019-2020\nTorneo Clausura\nJornada 2\n13 Enero 2020 - 20:00 hrs.'}","{'type': 'link', 'href': 'https://www.ligafemenil.mx/cancha/club/11778/club-atletico-de-san-luis', 'text': ''}","{'type': 'link', 'href': 'https://www.ligafemenil.mx/cancha/informeArbitral/102080/eyJpZERpdmlzaW9uIjoiMTQiLCJpZFRlbXBvcmFkYSI6IjcwIiwiaWRUb3JuZW8iOiIyIiwiaWRDbHVibG9jYWwiOjExNzc4LCJpZENsdWJ2aXNpdGEiOjExMTg4fQ==/informe-arbitral-club-atletico-de-san-luis-vs-pumas-jornada-2-estadio-alfonso-lastras-ramirez', 'text': '1 - 2'}","{'type': 'link', 'href': 'https://www.ligafemenil.mx/cancha/club/11188/pumas', 'text': ''}","{'type': 'link', 'href': 'https://www.ligafemenil.mx/cancha/estadio/14/estadio-alfonso-lastras-ramirez', 'text': 'Alfonso Lastras Ramírez'}","{'type': 'link', 'href': 'https://www.ligafemenil.mx/cancha/mxm/102080/eyJpZERpdmlzaW9uIjoiMTQiLCJpZFRlbXBvcmFkYSI6IjcwIiwiaWRUb3JuZW8iOiIyIiwiaWRDbHVibG9jYWwiOiIxMTc3OCIsImlkQ2x1YnZpc2l0YSI6IjExMTg4IiwiaWRQYXJ0aWRvIjoiMTAyMDgwIiwicGVzdGFuYSI6IjEifQ==/minuto-a-minuto-club-atletico-de-san-luis-vs-pumas-jornada-2-estadio-alfonso-lastras-ramirez', 'text': ''}","{'type': 'link', 'href': 'https://www.ligafemenil.mx/cancha/mxm/102080/eyJpZERpdmlzaW9uIjoiMTQiLCJpZFRlbXBvcmFkYSI6IjcwIiwiaWRUb3JuZW8iOiIyIiwiaWRDbHVibG9jYWwiOiIxMTc3OCIsImlkQ2x1YnZpc2l0YSI6IjExMTg4IiwiaWRQYXJ0aWRvIjoiMTAyMDgwIiwicGVzdGFuYSI6IjMifQ==/minuto-a-minuto-club-atletico-de-san-luis-vs-pumas-jornada-2-estadio-alfonso-lastras-ramirez', 'text': ''}","{'type': 'link', 'href': 'https://www.ligafemenil.mx/cancha/informeArbitral/102080/eyJpZERpdmlzaW9uIjoiMTQiLCJpZFRlbXBvcmFkYSI6IjcwIiwiaWRUb3JuZW8iOiIyIiwiaWRDbHVibG9jYWwiOiIxMTc3OCIsImlkQ2x1YnZpc2l0YSI6IjExMTg4In0=/informe-arbitral-club-atletico-de-san-luis-vs-pumas-jornada-2-estadio-alfonso-lastras-ramirez', 'text': ''}","{'type': 'link', 'href': 'https://www.ligafemenil.mx/cancha/mxm/102080/eyJpZERpdmlzaW9uIjoiMTQiLCJpZFRlbXBvcmFkYSI6IjcwIiwiaWRUb3JuZW8iOiIyIiwiaWRDbHVibG9jYWwiOiIxMTc3OCIsImlkQ2x1YnZpc2l0YSI6IjExMTg4IiwiaWRQYXJ0aWRvIjoiMTAyMDgwIiwicGVzdGFuYSI6IjQifQ==/minuto-a-minuto-club-atletico-de-san-luis-vs-pumas-jornada-2-estadio-alfonso-lastras-ramirez', 'text': ''}","{'type': 'link', 'href': 'https://www.ligafemenil.mx/cancha/galeria/MTAyMDgwLzIvNzAvMi8xNA==/club-atletico-de-san-luis-vs-pumas', 'text': ''}","{'type': 'link', 'href': 'https://www.ligafemenil.mx/cancha/playlist/102080/club-atletico-de-san-luis-vs-pumas', 'text': ''}"
2019-2020,Clausura,"{'type': 'text', 'value': 'Lunes 13 de Enero de 2020\nTemporada 2019-2020\nTorneo Clausura\nJornada 2\n13 Enero 2020 - 21:00 hrs.'}","{'type': 'link', 'href': 'https://www.ligafemenil.mx/cancha/club/11185/rayados-de-monterrey', 'text': ''}","{'type': 'link', 'href': 'https://www.ligafemenil.mx/cancha/informeArbitral/102081/eyJpZERpdmlzaW9uIjoiMTQiLCJpZFRlbXBvcmFkYSI6IjcwIiwiaWRUb3JuZW8iOiIyIiwiaWRDbHVibG9jYWwiOjExMTg1LCJpZENsdWJ2aXNpdGEiOjExMTg0fQ==/informe-arbitral-rayados-de-monterrey-vs-pachuca-jornada-2-estadio-bbva-fox-sports', 'text': '2 - 1'}","{'type': 'link', 'href': 'https://www.ligafemenil.mx/cancha/club/11184/pachuca', 'text': ''}","{'type': 'link', 'href': 'https://www.ligafemenil.mx/cancha/estadio/1608/estadio-bbva', 'text': 'Estadio BBVA'}","{'type': 'link', 'href': 'https://www.ligafemenil.mx/cancha/mxm/102081/eyJpZERpdmlzaW9uIjoiMTQiLCJpZFRlbXBvcmFkYSI6IjcwIiwiaWRUb3JuZW8iOiIyIiwiaWRDbHVibG9jYWwiOiIxMTE4NSIsImlkQ2x1YnZpc2l0YSI6IjExMTg0IiwiaWRQYXJ0aWRvIjoiMTAyMDgxIiwicGVzdGFuYSI6IjEifQ==/minuto-a-minuto-rayados-de-monterrey-vs-pachuca-jornada-2-estadio-bbva-fox-sports', 'text': ''}","{'type': 'link', 'href': 'https://www.ligafemenil.mx/cancha/mxm/102081/eyJpZERpdmlzaW9uIjoiMTQiLCJpZFRlbXBvcmFkYSI6IjcwIiwiaWRUb3JuZW8iOiIyIiwiaWRDbHVibG9jYWwiOiIxMTE4NSIsImlkQ2x1YnZpc2l0YSI6IjExMTg0IiwiaWRQYXJ0aWRvIjoiMTAyMDgxIiwicGVzdGFuYSI6IjMifQ==/minuto-a-minuto-rayados-de-monterrey-vs-pachuca-jornada-2-estadio-bbva-fox-sports', 'text': ''}","{'type': 'link', 'href': 'https://www.ligafemenil.mx/cancha/informeArbitral/102081/eyJpZERpdmlzaW9uIjoiMTQiLCJpZFRlbXBvcmFkYSI6IjcwIiwiaWRUb3JuZW8iOiIyIiwiaWRDbHVibG9jYWwiOiIxMTE4NSIsImlkQ2x1YnZpc2l0YSI6IjExMTg0In0=/informe-arbitral-rayados-de-monterrey-vs-pachuca-jornada-2-estadio-bbva-fox-sports', 'text': ''}","{'type': 'link', 'href': 'https://www.ligafemenil.mx/cancha/mxm/102081/eyJpZERpdmlzaW9uIjoiMTQiLCJpZFRlbXBvcmFkYSI6IjcwIiwiaWRUb3JuZW8iOiIyIiwiaWRDbHVibG9jYWwiOiIxMTE4NSIsImlkQ2x1YnZpc2l0YSI6IjExMTg0IiwiaWRQYXJ0aWRvIjoiMTAyMDgxIiwicGVzdGFuYSI6IjQifQ==/minuto-a-minuto-rayados-de-monterrey-vs-pachuca-jornada-2-estadio-bbva-fox-sports', 'text': ''}","{'type': 'link', 'href': 'https://www.ligafemenil.mx/cancha/galeria/MTAyMDgxLzIvNzAvMi8xNA==/rayados-de-monterrey-vs-pachuca', 'text': ''}","{'type': 'link', 'href': 'https://www.ligafemenil.mx/cancha/playlist/102081/rayados-de-monterrey-vs-pachuca', 'text': ''}"
2019-2020,Clausura,"{'type': 'text', 'value': 'Lunes 13 de Enero de 2020\nTemporada 2019-2020\nTorneo Clausura\nJornada 2\n13 Enero 2020 - 21:00 hrs.'}","{'type': 'link', 'href': 'https://www.ligafemenil.mx/cancha/club/11192/santos-laguna', 'text': ''}","{'type': 'link', 'href': 'https://www.ligafemenil.mx/cancha/informeArbitral/102082/eyJpZERpdmlzaW9uIjoiMTQiLCJpZFRlbXBvcmFkYSI6IjcwIiwiaWRUb3JuZW8iOiIyIiwiaWRDbHVibG9jYWwiOjExMTkyLCJpZENsdWJ2aXNpdGEiOjExMTg5fQ==/informe-arbitral-santos-laguna-vs-necaxa-jornada-2-estadio-tsm-corona', 'text': '2 - 2'}","{'type': 'link', 'href': 'https://www.ligafemenil.mx/cancha/club/11189/necaxa', 'text': ''}","{'type': 'link', 'href': 'https://www.ligafemenil.mx/cancha/estadio/63/estadio-tsm-corona', 'text': 'TSM Corona'}","{'type': 'link', 'href': 'https://www.ligafemenil.mx/cancha/mxm/102082/eyJpZERpdmlzaW9uIjoiMTQiLCJpZFRlbXBvcmFkYSI6IjcwIiwiaWRUb3JuZW8iOiIyIiwiaWRDbHVibG9jYWwiOiIxMTE5MiIsImlkQ2x1YnZpc2l0YSI6IjExMTg5IiwiaWRQYXJ0aWRvIjoiMTAyMDgyIiwicGVzdGFuYSI6IjEifQ==/minuto-a-minuto-santos-laguna-vs-necaxa-jornada-2-estadio-tsm-corona', 'text': ''}","{'type': 'link', 'href': 'https://www.ligafemenil.mx/cancha/mxm/102082/eyJpZERpdmlzaW9uIjoiMTQiLCJpZFRlbXBvcmFkYSI6IjcwIiwiaWRUb3JuZW8iOiIyIiwiaWRDbHVibG9jYWwiOiIxMTE5MiIsImlkQ2x1YnZpc2l0YSI6IjExMTg5IiwiaWRQYXJ0aWRvIjoiMTAyMDgyIiwicGVzdGFuYSI6IjMifQ==/minuto-a-minuto-santos-laguna-vs-necaxa-jornada-2-estadio-tsm-corona', 'text': ''}","{'type': 'link', 'href': 'https://www.ligafemenil.mx/cancha/informeArbitral/102082/eyJpZERpdmlzaW9uIjoiMTQiLCJpZFRlbXBvcmFkYSI6IjcwIiwiaWRUb3JuZW8iOiIyIiwiaWRDbHVibG9jYWwiOiIxMTE5MiIsImlkQ2x1YnZpc2l0YSI6IjExMTg5In0=/informe-arbitral-santos-laguna-vs-necaxa-jornada-2-estadio-tsm-corona', 'text': ''}","{'type': 'link', 'href': 'https://www.ligafemenil.mx/cancha/mxm/102082/eyJpZERpdmlzaW9uIjoiMTQiLCJpZFRlbXBvcmFkYSI6IjcwIiwiaWRUb3JuZW8iOiIyIiwiaWRDbHVibG9jYWwiOiIxMTE5MiIsImlkQ2x1YnZpc2l0YSI6IjExMTg5IiwiaWRQYXJ0aWRvIjoiMTAyMDgyIiwicGVzdGFuYSI6IjQifQ==/minuto-a-minuto-santos-laguna-vs-necaxa-jornada-2-estadio-tsm-corona', 'text': ''}","{'type': 'link', 'href': 'https://www.ligafemenil.mx/cancha/galeria/MTAyMDgyLzIvNzAvMi8xNA==/santos-laguna-vs-necaxa', 'text': ''}","{'type': 'link', 'href': 'https://www.ligafemenil.mx/cancha/playlist/102082/santos-laguna-vs-necaxa', 'text': ''}"
2019-2020,Clausura,"{'type': 'text', 'value': 'Viernes 17 de Enero de 2020\nTemporada 2019-2020\nTorneo Clausura\nJornada 3\n17 Enero 2020 - 15:45 hrs.'}","{'type': 'link', 'href': 'https://www.ligafemenil.mx/cancha/club/11181/cruz-azul', 'text': ''}","{'type': 'link', 'href': 'https://www.ligafemenil.mx/cancha/informeArbitral/102083/eyJpZERpdmlzaW9uIjoiMTQiLCJpZFRlbXBvcmFkYSI6IjcwIiwiaWRUb3JuZW8iOiIyIiwiaWRDbHVibG9jYWwiOjExMTgxLCJpZENsdWJ2aXNpdGEiOjExMjQ1fQ==/informe-arbitral-cruz-azul-vs-atlas-jornada-3-estadio-10-de-diciembre-tudn', 'text': '0 - 1'}","{'type': 'link', 'href': 'https://www.ligafemenil.mx/cancha/club/11245/atlas', 'text': ''}","{'type': 'link', 'href': 'https://www.ligafemenil.mx/cancha/estadio/30/estadio-10-de-diciembre', 'text': '10 de Diciembre'}","{'type': 'link', 'href': 'https://www.ligafemenil.mx/cancha/mxm/102083/eyJpZERpdmlzaW9uIjoiMTQiLCJpZFRlbXBvcmFkYSI6IjcwIiwiaWRUb3JuZW8iOiIyIiwiaWRDbHVibG9jYWwiOiIxMTE4MSIsImlkQ2x1YnZpc2l0YSI6IjExMjQ1IiwiaWRQYXJ0aWRvIjoiMTAyMDgzIiwicGVzdGFuYSI6IjEifQ==/minuto-a-minuto-cruz-azul-vs-atlas-jornada-3-estadio-10-de-diciembre-tudn', 'text': ''}","{'type': 'link', 'href': 'https://www.ligafemenil.mx/cancha/mxm/102083/eyJpZERpdmlzaW9uIjoiMTQiLCJpZFRlbXBvcmFkYSI6IjcwIiwiaWRUb3JuZW8iOiIyIiwiaWRDbHVibG9jYWwiOiIxMTE4MSIsImlkQ2x1YnZpc2l0YSI6IjExMjQ1IiwiaWRQYXJ0aWRvIjoiMTAyMDgzIiwicGVzdGFuYSI6IjMifQ==/minuto-a-minuto-cruz-azul-vs-atlas-jornada-3-estadio-10-de-diciembre-tudn', 'text': ''}","{'type': 'link', 'href': 'https://www.ligafemenil.mx/cancha/informeArbitral/102083/eyJpZERpdmlzaW9uIjoiMTQiLCJpZFRlbXBvcmFkYSI6IjcwIiwiaWRUb3JuZW8iOiIyIiwiaWRDbHVibG9jYWwiOiIxMTE4MSIsImlkQ2x1YnZpc2l0YSI6IjExMjQ1In0=/informe-arbitral-cruz-azul-vs-atlas-jornada-3-estadio-10-de-diciembre-tudn', 'text': ''}","{'type': 'link', 'href': 'https://www.ligafemenil.mx/cancha/mxm/102083/eyJpZERpdmlzaW9uIjoiMTQiLCJpZFRlbXBvcmFkYSI6IjcwIiwiaWRUb3JuZW8iOiIyIiwiaWRDbHVibG9jYWwiOiIxMTE4MSIsImlkQ2x1YnZpc2l0YSI6IjExMjQ1IiwiaWRQYXJ0aWRvIjoiMTAyMDgzIiwicGVzdGFuYSI6IjQifQ==/minuto-a-minuto-cruz-azul-vs-atlas-jornada-3-estadio-10-de-diciembre-tudn', 'text': ''}","{'type': 'link', 'href': 'https://www.ligafemenil.mx/cancha/galeria/MTAyMDgzLzMvNzAvMi8xNA==/cruz-azul-vs-atlas', 'text': ''}","{'type': 'link', 'href': 'https://www.ligafemenil.mx/cancha/playlist/102083/cruz-azul-vs-atlas', 'text': ''}"
2019-2020,Clausura,"{'type': 'text', 'value': 'Viernes 17 de Enero de 2020\nTemporada 2019-2020\nTorneo Clausura\nJornada 3\n17 Enero 2020 - 16:00 hrs.'}","{'type': 'link', 'href': 'https://www.ligafemenil.mx/cancha/club/11244/queretaro', 'text': ''}","{'type': 'link', 'href': 'https://www.ligafemenil.mx/cancha/informeArbitral/102084/eyJpZERpdmlzaW9uIjoiMTQiLCJpZFRlbXBvcmFkYSI6IjcwIiwiaWRUb3JuZW8iOiIyIiwiaWRDbHVibG9jYWwiOjExMjQ0LCJpZENsdWJ2aXNpdGEiOjExNzk1fQ==/informe-arbitral-queretaro-vs-fc-juarez-jornada-3-estadio-la-corregidora-tvc-deportes', 'text': '0 - 2'}","{'type': 'link', 'href': 'https://www.ligafemenil.mx/cancha/club/11795/fc-juarez', 'text': ''}","{'type': 'link', 'href': 'https://www.ligafemenil.mx/cancha/estadio/25/estadio-la-corregidora', 'text': 'La Corregidora'}","{'type': 'link', 'href': 'https://www.ligafemenil.mx/cancha/mxm/102084/eyJpZERpdmlzaW9uIjoiMTQiLCJpZFRlbXBvcmFkYSI6IjcwIiwiaWRUb3JuZW8iOiIyIiwiaWRDbHVibG9jYWwiOiIxMTI0NCIsImlkQ2x1YnZpc2l0YSI6IjExNzk1IiwiaWRQYXJ0aWRvIjoiMTAyMDg0IiwicGVzdGFuYSI6IjEifQ==/minuto-a-minuto-queretaro-vs-fc-juarez-jornada-3-estadio-la-corregidora-tvc-deportes', 'text': ''}","{'type': 'link', 'href': 'https://www.ligafemenil.mx/cancha/mxm/102084/eyJpZERpdmlzaW9uIjoiMTQiLCJpZFRlbXBvcmFkYSI6IjcwIiwiaWRUb3JuZW8iOiIyIiwiaWRDbHVibG9jYWwiOiIxMTI0NCIsImlkQ2x1YnZpc2l0YSI6IjExNzk1IiwiaWRQYXJ0aWRvIjoiMTAyMDg0IiwicGVzdGFuYSI6IjMifQ==/minuto-a-minuto-queretaro-vs-fc-juarez-jornada-3-estadio-la-corregidora-tvc-deportes', 'text': ''}","{'type': 'link', 'href': 'https://www.ligafemenil.mx/cancha/informeArbitral/102084/eyJpZERpdmlzaW9uIjoiMTQiLCJpZFRlbXBvcmFkYSI6IjcwIiwiaWRUb3JuZW8iOiIyIiwiaWRDbHVibG9jYWwiOiIxMTI0NCIsImlkQ2x1YnZpc2l0YSI6IjExNzk1In0=/informe-arbitral-queretaro-vs-fc-juarez-jornada-3-estadio-la-corregidora-tvc-deportes', 'text': ''}","{'type': 'link', 'href': 'https://www.ligafemenil.mx/cancha/mxm/102084/eyJpZERpdmlzaW9uIjoiMTQiLCJpZFRlbXBvcmFkYSI6IjcwIiwiaWRUb3JuZW8iOiIyIiwiaWRDbHVibG9jYWwiOiIxMTI0NCIsImlkQ2x1YnZpc2l0YSI6IjExNzk1IiwiaWRQYXJ0aWRvIjoiMTAyMDg0IiwicGVzdGFuYSI6IjQifQ==/minuto-a-minuto-queretaro-vs-fc-juarez-jornada-3-estadio-la-corregidora-tvc-deportes', 'text': ''}","{'type': 'link', 'href': 'https://www.ligafemenil.mx/cancha/galeria/MTAyMDg0LzMvNzAvMi8xNA==/queretaro-vs-fc-juarez', 'text': ''}","{'type': 'link', 'href': 'https://www.ligafemenil.mx/cancha/playlist/102084/queretaro-vs-fc-juarez', 'text': ''}"
2019-2020,Clausura,"{'type': 'text', 'value': 'Sábado 18 de Enero de 2020\nTemporada 2019-2020\nTorneo Clausura\nJornada 3\n18 Enero 2020 - 12:00 hrs.'}","{'type': 'link', 'href': 'https://www.ligafemenil.mx/cancha/club/11188/pumas', 'text': ''}","{'type': 'link', 'href': 'https://www.ligafemenil.mx/cancha/informeArbitral/102085/eyJpZERpdmlzaW9uIjoiMTQiLCJpZFRlbXBvcmFkYSI6IjcwIiwiaWRUb3JuZW8iOiIyIiwiaWRDbHVibG9jYWwiOjExMTg4LCJpZENsdWJ2aXNpdGEiOjExMTg1fQ==/informe-arbitral-pumas-vs-rayados-de-monterrey-jornada-3-estadio-la-cantera-tudn', 'text': '2 - 2'}","{'type': 'link', 'href': 'https://www.ligafemenil.mx/cancha/club/11185/rayados-de-monterrey', 'text': ''}","{'type': 'link', 'href': 'https://www.ligafemenil.mx/cancha/estadio/37/estadio-la-cantera', 'text': 'La Cantera'}","{'type': 'link', 'href': 'https://www.ligafemenil.mx/cancha/mxm/102085/eyJpZERpdmlzaW9uIjoiMTQiLCJpZFRlbXBvcmFkYSI6IjcwIiwiaWRUb3JuZW8iOiIyIiwiaWRDbHVibG9jYWwiOiIxMTE4OCIsImlkQ2x1YnZpc2l0YSI6IjExMTg1IiwiaWRQYXJ0aWRvIjoiMTAyMDg1IiwicGVzdGFuYSI6IjEifQ==/minuto-a-minuto-pumas-vs-rayados-de-monterrey-jornada-3-estadio-la-cantera-tudn', 'text': ''}","{'type': 'link', 'href': 'https://www.ligafemenil.mx/cancha/mxm/102085/eyJpZERpdmlzaW9uIjoiMTQiLCJpZFRlbXBvcmFkYSI6IjcwIiwiaWRUb3JuZW8iOiIyIiwiaWRDbHVibG9jYWwiOiIxMTE4OCIsImlkQ2x1YnZpc2l0YSI6IjExMTg1IiwiaWRQYXJ0aWRvIjoiMTAyMDg1IiwicGVzdGFuYSI6IjMifQ==/minuto-a-minuto-pumas-vs-rayados-de-monterrey-jornada-3-estadio-la-cantera-tudn', 'text': ''}","{'type': 'link', 'href': 'https://www.ligafemenil.mx/cancha/informeArbitral/102085/eyJpZERpdmlzaW9uIjoiMTQiLCJpZFRlbXBvcmFkYSI6IjcwIiwiaWRUb3JuZW8iOiIyIiwiaWRDbHVibG9jYWwiOiIxMTE4OCIsImlkQ2x1YnZpc2l0YSI6IjExMTg1In0=/informe-arbitral-pumas-vs-rayados-de-monterrey-jornada-3-estadio-la-cantera-tudn', 'text': ''}","{'type': 'link', 'href': 'https://www.ligafemenil.mx/cancha/mxm/102085/eyJpZERpdmlzaW9uIjoiMTQiLCJpZFRlbXBvcmFkYSI6IjcwIiwiaWRUb3JuZW8iOiIyIiwiaWRDbHVibG9jYWwiOiIxMTE4OCIsImlkQ2x1YnZpc2l0YSI6IjExMTg1IiwiaWRQYXJ0aWRvIjoiMTAyMDg1IiwicGVzdGFuYSI6IjQifQ==/minuto-a-minuto-pumas-vs-rayados-de-monterrey-jornada-3-estadio-la-cantera-tudn', 'text': ''}","{'type': 'link', 'href': 'https://www.ligafemenil.mx/cancha/galeria/MTAyMDg1LzMvNzAvMi8xNA==/pumas-vs-rayados-de-monterrey', 'text': ''}","{'type': 'link', 'href': 'https://www.ligafemenil.mx/cancha/playlist/102085/pumas-vs-rayados-de-monterrey', 'text': ''}"
2019-2020,Clausura,"{'type': 'text', 'value': 'Lunes 20 de Enero de 2020\nTemporada 2019-2020\nTorneo Clausura\nJornada 3\n20 Enero 2020 - 15:45 hrs.'}","{'type': 'link', 'href': 'https://www.ligafemenil.mx/cancha/club/11191/america', 'text': ''}","{'type': 'link', 'href': 'https://www.ligafemenil.mx/cancha/informeArbitral/102088/eyJpZERpdmlzaW9uIjoiMTQiLCJpZFRlbXBvcmFkYSI6IjcwIiwiaWRUb3JuZW8iOiIyIiwiaWRDbHVibG9jYWwiOjExMTkxLCJpZENsdWJ2aXNpdGEiOjExMTkyfQ==/informe-arbitral-america-vs-santos-laguna-jornada-3-estadio-cancha-centenario-no-5-natural-instalaciones-club-america-tudn', 'text': '3 - 2'}","{'type': 'link', 'href': 'https://www.ligafemenil.mx/cancha/club/11192/santos-laguna', 'text': ''}","{'type': 'link', 'href': 'https://www.ligafemenil.mx/cancha/estadio/1421/estadio-cancha-centenario-no-5-natural-instalaciones-club-america', 'text': 'Cancha Centenario No. 5 (Natural) Instalaciones Club América'}","{'type': 'link', 'href': 'https://www.ligafemenil.mx/cancha/mxm/102088/eyJpZERpdmlzaW9uIjoiMTQiLCJpZFRlbXBvcmFkYSI6IjcwIiwiaWRUb3JuZW8iOiIyIiwiaWRDbHVibG9jYWwiOiIxMTE5MSIsImlkQ2x1YnZpc2l0YSI6IjExMTkyIiwiaWRQYXJ0aWRvIjoiMTAyMDg4IiwicGVzdGFuYSI6IjEifQ==/minuto-a-minuto-america-vs-santos-laguna-jornada-3-estadio-cancha-centenario-no-5-natural-instalaciones-club-america-tudn', 'text': ''}","{'type': 'link', 'href': 'https://www.ligafemenil.mx/cancha/mxm/102088/eyJpZERpdmlzaW9uIjoiMTQiLCJpZFRlbXBvcmFkYSI6IjcwIiwiaWRUb3JuZW8iOiIyIiwiaWRDbHVibG9jYWwiOiIxMTE5MSIsImlkQ2x1YnZpc2l0YSI6IjExMTkyIiwiaWRQYXJ0aWRvIjoiMTAyMDg4IiwicGVzdGFuYSI6IjMifQ==/minuto-a-minuto-america-vs-santos-laguna-jornada-3-estadio-cancha-centenario-no-5-natural-instalaciones-club-america-tudn', 'text': ''}","{'type': 'link', 'href': 'https://www.ligafemenil.mx/cancha/informeArbitral/102088/eyJpZERpdmlzaW9uIjoiMTQiLCJpZFRlbXBvcmFkYSI6IjcwIiwiaWRUb3JuZW8iOiIyIiwiaWRDbHVibG9jYWwiOiIxMTE5MSIsImlkQ2x1YnZpc2l0YSI6IjExMTkyIn0=/informe-arbitral-america-vs-santos-laguna-jornada-3-estadio-cancha-centenario-no-5-natural-instalaciones-club-america-tudn', 'text': ''}","{'type': 'link', 'href': 'https://www.ligafemenil.mx/cancha/mxm/102088/eyJpZERpdmlzaW9uIjoiMTQiLCJpZFRlbXBvcmFkYSI6IjcwIiwiaWRUb3JuZW8iOiIyIiwiaWRDbHVibG9jYWwiOiIxMTE5MSIsImlkQ2x1YnZpc2l0YSI6IjExMTkyIiwiaWRQYXJ0aWRvIjoiMTAyMDg4IiwicGVzdGFuYSI6IjQifQ==/minuto-a-minuto-america-vs-santos-laguna-jornada-3-estadio-cancha-centenario-no-5-natural-instalaciones-club-america-tudn', 'text': ''}","{'type': 'link', 'href': 'https://www.ligafemenil.mx/cancha/galeria/MTAyMDg4LzMvNzAvMi8xNA==/america-vs-santos-laguna', 'text': ''}","{'type': 'link', 'href': 'https://www.ligafemenil.mx/cancha/playlist/102088/america-vs-santos-laguna', 'text': ''}"
2019-2020,Clausura,"{'type': 'text', 'value': 'Lunes 20 de Enero de 2020\nTemporada 2019-2020\nTorneo Clausura\nJornada 3\n20 Enero 2020 - 16:00 hrs.'}","{'type': 'link', 'href': 'https://www.ligafemenil.mx/cancha/club/11183/m-morelia', 'text': ''}","{'type': 'link', 'href': 'https://www.ligafemenil.mx/cancha/informeArbitral/102087/eyJpZERpdmlzaW9uIjoiMTQiLCJpZFRlbXBvcmFkYSI6IjcwIiwiaWRUb3JuZW8iOiIyIiwiaWRDbHVibG9jYWwiOjExMTgzLCJpZENsdWJ2aXNpdGEiOjExMTg5fQ==/informe-arbitral-m-morelia-vs-necaxa-jornada-3-estadio-jose-maria-morelos-y-pavon-am', 'text': '1 - 2'}","{'type': 'link', 'href': 'https://www.ligafemenil.mx/cancha/club/11189/necaxa', 'text': ''}","{'type': 'link', 'href': 'https://www.ligafemenil.mx/cancha/estadio/10/estadio-jose-maria-morelos-y-pavon', 'text': 'José María Morelos y Pavón'}","{'type': 'link', 'href': 'https://www.ligafemenil.mx/cancha/mxm/102087/eyJpZERpdmlzaW9uIjoiMTQiLCJpZFRlbXBvcmFkYSI6IjcwIiwiaWRUb3JuZW8iOiIyIiwiaWRDbHVibG9jYWwiOiIxMTE4MyIsImlkQ2x1YnZpc2l0YSI6IjExMTg5IiwiaWRQYXJ0aWRvIjoiMTAyMDg3IiwicGVzdGFuYSI6IjEifQ==/minuto-a-minuto-m-morelia-vs-necaxa-jornada-3-estadio-jose-maria-morelos-y-pavon-am', 'text': ''}","{'type': 'link', 'href': 'https://www.ligafemenil.mx/cancha/mxm/102087/eyJpZERpdmlzaW9uIjoiMTQiLCJpZFRlbXBvcmFkYSI6IjcwIiwiaWRUb3JuZW8iOiIyIiwiaWRDbHVibG9jYWwiOiIxMTE4MyIsImlkQ2x1YnZpc2l0YSI6IjExMTg5IiwiaWRQYXJ0aWRvIjoiMTAyMDg3IiwicGVzdGFuYSI6IjMifQ==/minuto-a-minuto-m-morelia-vs-necaxa-jornada-3-estadio-jose-maria-morelos-y-pavon-am', 'text': ''}","{'type': 'link', 'href': 'https://www.ligafemenil.mx/cancha/informeArbitral/102087/eyJpZERpdmlzaW9uIjoiMTQiLCJpZFRlbXBvcmFkYSI6IjcwIiwiaWRUb3JuZW8iOiIyIiwiaWRDbHVibG9jYWwiOiIxMTE4MyIsImlkQ2x1YnZpc2l0YSI6IjExMTg5In0=/informe-arbitral-m-morelia-vs-necaxa-jornada-3-estadio-jose-maria-morelos-y-pavon-am', 'text': ''}","{'type': 'link', 'href': 'https://www.ligafemenil.mx/cancha/mxm/102087/eyJpZERpdmlzaW9uIjoiMTQiLCJpZFRlbXBvcmFkYSI6IjcwIiwiaWRUb3JuZW8iOiIyIiwiaWRDbHVibG9jYWwiOiIxMTE4MyIsImlkQ2x1YnZpc2l0YSI6IjExMTg5IiwiaWRQYXJ0aWRvIjoiMTAyMDg3IiwicGVzdGFuYSI6IjQifQ==/minuto-a-minuto-m-morelia-vs-necaxa-jornada-3-estadio-jose-maria-morelos-y-pavon-am', 'text': ''}","{'type': 'link', 'href': 'https://www.ligafemenil.mx/cancha/galeria/MTAyMDg3LzMvNzAvMi8xNA==/m-morelia-vs-necaxa', 'text': ''}","{'type': 'link', 'href': 'https://www.ligafemenil.mx/cancha/playlist/102087/m-morelia-vs-necaxa', 'text': ''}"
2019-2020,Clausura,"{'type': 'text', 'value': 'Lunes 20 de Enero de 2020\nTemporada 2019-2020\nTorneo Clausura\nJornada 3\n20 Enero 2020 - 19:00 hrs.'}","{'type': 'link', 'href': 'https://www.ligafemenil.mx/cancha/club/11184/pachuca', 'text': ''}","{'type': 'link', 'href': 'https://www.ligafemenil.mx/cancha/informeArbitral/102089/eyJpZERpdmlzaW9uIjoiMTQiLCJpZFRlbXBvcmFkYSI6IjcwIiwiaWRUb3JuZW8iOiIyIiwiaWRDbHVibG9jYWwiOjExMTg0LCJpZENsdWJ2aXNpdGEiOjExNzc4fQ==/informe-arbitral-pachuca-vs-club-atletico-de-san-luis-jornada-3-estadio-hidalgo', 'text': '1 - 2'}","{'type': 'link', 'href': 'https://www.ligafemenil.mx/cancha/club/11778/club-atletico-de-san-luis', 'text': ''}","{'type': 'link', 'href': 'https://www.ligafemenil.mx/cancha/estadio/11/estadio-hidalgo', 'text': 'Hidalgo'}","{'type': 'link', 'href': 'https://www.ligafemenil.mx/cancha/mxm/102089/eyJpZERpdmlzaW9uIjoiMTQiLCJpZFRlbXBvcmFkYSI6IjcwIiwiaWRUb3JuZW8iOiIyIiwiaWRDbHVibG9jYWwiOiIxMTE4NCIsImlkQ2x1YnZpc2l0YSI6IjExNzc4IiwiaWRQYXJ0aWRvIjoiMTAyMDg5IiwicGVzdGFuYSI6IjEifQ==/minuto-a-minuto-pachuca-vs-club-atletico-de-san-luis-jornada-3-estadio-hidalgo', 'text': ''}","{'type': 'link', 'href': 'https://www.ligafemenil.mx/cancha/mxm/102089/eyJpZERpdmlzaW9uIjoiMTQiLCJpZFRlbXBvcmFkYSI6IjcwIiwiaWRUb3JuZW8iOiIyIiwiaWRDbHVibG9jYWwiOiIxMTE4NCIsImlkQ2x1YnZpc2l0YSI6IjExNzc4IiwiaWRQYXJ0aWRvIjoiMTAyMDg5IiwicGVzdGFuYSI6IjMifQ==/minuto-a-minuto-pachuca-vs-club-atletico-de-san-luis-jornada-3-estadio-hidalgo', 'text': ''}","{'type': 'link', 'href': 'https://www.ligafemenil.mx/cancha/informeArbitral/102089/eyJpZERpdmlzaW9uIjoiMTQiLCJpZFRlbXBvcmFkYSI6IjcwIiwiaWRUb3JuZW8iOiIyIiwiaWRDbHVibG9jYWwiOiIxMTE4NCIsImlkQ2x1YnZpc2l0YSI6IjExNzc4In0=/informe-arbitral-pachuca-vs-club-atletico-de-san-luis-jornada-3-estadio-hidalgo', 'text': ''}","{'type': 'link', 'href': 'https://www.ligafemenil.mx/cancha/mxm/102089/eyJpZERpdmlzaW9uIjoiMTQiLCJpZFRlbXBvcmFkYSI6IjcwIiwiaWRUb3JuZW8iOiIyIiwiaWRDbHVibG9jYWwiOiIxMTE4NCIsImlkQ2x1YnZpc2l0YSI6IjExNzc4IiwiaWRQYXJ0aWRvIjoiMTAyMDg5IiwicGVzdGFuYSI6IjQifQ==/minuto-a-minuto-pachuca-vs-club-atletico-de-san-luis-jornada-3-estadio-hidalgo', 'text': ''}","{'type': 'link', 'href': 'https://www.ligafemenil.mx/cancha/galeria/MTAyMDg5LzMvNzAvMi8xNA==/pachuca-vs-club-atletico-de-san-luis', 'text': ''}","{'type': 'link', 'href': 'https://www.ligafemenil.mx/cancha/playlist/102089/pachuca-vs-club-atletico-de-san-luis', 'text': ''}"
2019-2020,Clausura,"{'type': 'text', 'value': 'Lunes 20 de Enero de 2020\nTemporada 2019-2020\nTorneo Clausura\nJornada 3\n20 Enero 2020 - 19:00 hrs.'}","{'type': 'link', 'href': 'https://www.ligafemenil.mx/cancha/club/11182/guadalajara', 'text': ''}","{'type': 'link', 'href': 'https://www.ligafemenil.mx/cancha/informeArbitral/102086/eyJpZERpdmlzaW9uIjoiMTQiLCJpZFRlbXBvcmFkYSI6IjcwIiwiaWRUb3JuZW8iOiIyIiwiaWRDbHVibG9jYWwiOjExMTgyLCJpZENsdWJ2aXNpdGEiOjExMjQzfQ==/informe-arbitral-guadalajara-vs-leon-jornada-3-estadio-akron-fox-sports', 'text': '4 - 3'}","{'type': 'link', 'href': 'https://www.ligafemenil.mx/cancha/club/11243/leon', 'text': ''}","{'type': 'link', 'href': 'https://www.ligafemenil.mx/cancha/estadio/1538/estadio-akron', 'text': 'Estadio AKRON'}","{'type': 'link', 'href': 'https://www.ligafemenil.mx/cancha/mxm/102086/eyJpZERpdmlzaW9uIjoiMTQiLCJpZFRlbXBvcmFkYSI6IjcwIiwiaWRUb3JuZW8iOiIyIiwiaWRDbHVibG9jYWwiOiIxMTE4MiIsImlkQ2x1YnZpc2l0YSI6IjExMjQzIiwiaWRQYXJ0aWRvIjoiMTAyMDg2IiwicGVzdGFuYSI6IjEifQ==/minuto-a-minuto-guadalajara-vs-leon-jornada-3-estadio-akron-fox-sports', 'text': ''}","{'type': 'link', 'href': 'https://www.ligafemenil.mx/cancha/mxm/102086/eyJpZERpdmlzaW9uIjoiMTQiLCJpZFRlbXBvcmFkYSI6IjcwIiwiaWRUb3JuZW8iOiIyIiwiaWRDbHVibG9jYWwiOiIxMTE4MiIsImlkQ2x1YnZpc2l0YSI6IjExMjQzIiwiaWRQYXJ0aWRvIjoiMTAyMDg2IiwicGVzdGFuYSI6IjMifQ==/minuto-a-minuto-guadalajara-vs-leon-jornada-3-estadio-akron-fox-sports', 'text': ''}","{'type': 'link', 'href': 'https://www.ligafemenil.mx/cancha/informeArbitral/102086/eyJpZERpdmlzaW9uIjoiMTQiLCJpZFRlbXBvcmFkYSI6IjcwIiwiaWRUb3JuZW8iOiIyIiwiaWRDbHVibG9jYWwiOiIxMTE4MiIsImlkQ2x1YnZpc2l0YSI6IjExMjQzIn0=/informe-arbitral-guadalajara-vs-leon-jornada-3-estadio-akron-fox-sports', 'text': ''}","{'type': 'link', 'href': 'https://www.ligafemenil.mx/cancha/mxm/102086/eyJpZERpdmlzaW9uIjoiMTQiLCJpZFRlbXBvcmFkYSI6IjcwIiwiaWRUb3JuZW8iOiIyIiwiaWRDbHVibG9jYWwiOiIxMTE4MiIsImlkQ2x1YnZpc2l0YSI6IjExMjQzIiwiaWRQYXJ0aWRvIjoiMTAyMDg2IiwicGVzdGFuYSI6IjQifQ==/minuto-a-minuto-guadalajara-vs-leon-jornada-3-estadio-akron-fox-sports', 'text': ''}","{'type': 'link', 'href': 'https://www.ligafemenil.mx/cancha/galeria/MTAyMDg2LzMvNzAvMi8xNA==/guadalajara-vs-leon', 'text': ''}","{'type': 'link', 'href': 'https://www.ligafemenil.mx/cancha/playlist/102086/guadalajara-vs-leon', 'text': ''}"
2019-2020,Clausura,"{'type': 'text', 'value': 'Lunes 20 de Enero de 2020\nTemporada 2019-2020\nTorneo Clausura\nJornada 3\n20 Enero 2020 - 20:00 hrs.'}","{'type': 'link', 'href': 'https://www.ligafemenil.mx/cancha/club/11186/tigres-de-la-uanl', 'text': ''}","{'type': 'link', 'href': 'https://www.ligafemenil.mx/cancha/informeArbitral/102090/eyJpZERpdmlzaW9uIjoiMTQiLCJpZFRlbXBvcmFkYSI6IjcwIiwiaWRUb3JuZW8iOiIyIiwiaWRDbHVibG9jYWwiOjExMTg2LCJpZENsdWJ2aXNpdGEiOjExMTg3fQ==/informe-arbitral-tigres-de-la-uanl-vs-toluca-jornada-3-estadio-universitario-tudn', 'text': '1 - 1'}","{'type': 'link', 'href': 'https://www.ligafemenil.mx/cancha/club/11187/toluca', 'text': ''}","{'type': 'link', 'href': 'https://www.ligafemenil.mx/cancha/estadio/12/estadio-universitario', 'text': 'Universitario'}","{'type': 'link', 'href': 'https://www.ligafemenil.mx/cancha/mxm/102090/eyJpZERpdmlzaW9uIjoiMTQiLCJpZFRlbXBvcmFkYSI6IjcwIiwiaWRUb3JuZW8iOiIyIiwiaWRDbHVibG9jYWwiOiIxMTE4NiIsImlkQ2x1YnZpc2l0YSI6IjExMTg3IiwiaWRQYXJ0aWRvIjoiMTAyMDkwIiwicGVzdGFuYSI6IjEifQ==/minuto-a-minuto-tigres-de-la-uanl-vs-toluca-jornada-3-estadio-universitario-tudn', 'text': ''}","{'type': 'link', 'href': 'https://www.ligafemenil.mx/cancha/mxm/102090/eyJpZERpdmlzaW9uIjoiMTQiLCJpZFRlbXBvcmFkYSI6IjcwIiwiaWRUb3JuZW8iOiIyIiwiaWRDbHVibG9jYWwiOiIxMTE4NiIsImlkQ2x1YnZpc2l0YSI6IjExMTg3IiwiaWRQYXJ0aWRvIjoiMTAyMDkwIiwicGVzdGFuYSI6IjMifQ==/minuto-a-minuto-tigres-de-la-uanl-vs-toluca-jornada-3-estadio-universitario-tudn', 'text': ''}","{'type': 'link', 'href': 'https://www.ligafemenil.mx/cancha/informeArbitral/102090/eyJpZERpdmlzaW9uIjoiMTQiLCJpZFRlbXBvcmFkYSI6IjcwIiwiaWRUb3JuZW8iOiIyIiwiaWRDbHVibG9jYWwiOiIxMTE4NiIsImlkQ2x1YnZpc2l0YSI6IjExMTg3In0=/informe-arbitral-tigres-de-la-uanl-vs-toluca-jornada-3-estadio-universitario-tudn', 'text': ''}","{'type': 'link', 'href': 'https://www.ligafemenil.mx/cancha/mxm/102090/eyJpZERpdmlzaW9uIjoiMTQiLCJpZFRlbXBvcmFkYSI6IjcwIiwiaWRUb3JuZW8iOiIyIiwiaWRDbHVibG9jYWwiOiIxMTE4NiIsImlkQ2x1YnZpc2l0YSI6IjExMTg3IiwiaWRQYXJ0aWRvIjoiMTAyMDkwIiwicGVzdGFuYSI6IjQifQ==/minuto-a-minuto-tigres-de-la-uanl-vs-toluca-jornada-3-estadio-universitario-tudn', 'text': ''}","{'type': 'link', 'href': 'https://www.ligafemenil.mx/cancha/galeria/MTAyMDkwLzMvNzAvMi8xNA==/tigres-de-la-uanl-vs-toluca', 'text': ''}","{'type': 'link', 'href': 'https://www.ligafemenil.mx/cancha/playlist/102090/tigres-de-la-uanl-vs-toluca', 'text': ''}"
2019-2020,Clausura,"{'type': 'text', 'value': 'Lunes 20 de Enero de 2020\nTemporada 2019-2020\nTorneo Clausura\nJornada 3\n20 Enero 2020 - 19:00 hrs.'}","{'type': 'link', 'href': 'https://www.ligafemenil.mx/cancha/club/11180/tijuana', 'text': ''}","{'type': 'link', 'href': 'https://www.ligafemenil.mx/cancha/informeArbitral/102091/eyJpZERpdmlzaW9uIjoiMTQiLCJpZFRlbXBvcmFkYSI6IjcwIiwiaWRUb3JuZW8iOiIyIiwiaWRDbHVibG9jYWwiOjExMTgwLCJpZENsdWJ2aXNpdGEiOjExNTQzfQ==/informe-arbitral-tijuana-vs-puebla-fc-jornada-3-estadio-caliente-fox-sports', 'text': '0 - 2'}","{'type': 'link', 'href': 'https://www.ligafemenil.mx/cancha/club/11543/puebla-fc', 'text': ''}","{'type': 'link', 'href': 'https://www.ligafemenil.mx/cancha/estadio/48/estadio-caliente', 'text': 'Caliente'}","{'type': 'link', 'href': 'https://www.ligafemenil.mx/cancha/mxm/102091/eyJpZERpdmlzaW9uIjoiMTQiLCJpZFRlbXBvcmFkYSI6IjcwIiwiaWRUb3JuZW8iOiIyIiwiaWRDbHVibG9jYWwiOiIxMTE4MCIsImlkQ2x1YnZpc2l0YSI6IjExNTQzIiwiaWRQYXJ0aWRvIjoiMTAyMDkxIiwicGVzdGFuYSI6IjEifQ==/minuto-a-minuto-tijuana-vs-puebla-fc-jornada-3-estadio-caliente-fox-sports', 'text': ''}","{'type': 'link', 'href': 'https://www.ligafemenil.mx/cancha/mxm/102091/eyJpZERpdmlzaW9uIjoiMTQiLCJpZFRlbXBvcmFkYSI6IjcwIiwiaWRUb3JuZW8iOiIyIiwiaWRDbHVibG9jYWwiOiIxMTE4MCIsImlkQ2x1YnZpc2l0YSI6IjExNTQzIiwiaWRQYXJ0aWRvIjoiMTAyMDkxIiwicGVzdGFuYSI6IjMifQ==/minuto-a-minuto-tijuana-vs-puebla-fc-jornada-3-estadio-caliente-fox-sports', 'text': ''}","{'type': 'link', 'href': 'https://www.ligafemenil.mx/cancha/informeArbitral/102091/eyJpZERpdmlzaW9uIjoiMTQiLCJpZFRlbXBvcmFkYSI6IjcwIiwiaWRUb3JuZW8iOiIyIiwiaWRDbHVibG9jYWwiOiIxMTE4MCIsImlkQ2x1YnZpc2l0YSI6IjExNTQzIn0=/informe-arbitral-tijuana-vs-puebla-fc-jornada-3-estadio-caliente-fox-sports', 'text': ''}","{'type': 'link', 'href': 'https://www.ligafemenil.mx/cancha/mxm/102091/eyJpZERpdmlzaW9uIjoiMTQiLCJpZFRlbXBvcmFkYSI6IjcwIiwiaWRUb3JuZW8iOiIyIiwiaWRDbHVibG9jYWwiOiIxMTE4MCIsImlkQ2x1YnZpc2l0YSI6IjExNTQzIiwiaWRQYXJ0aWRvIjoiMTAyMDkxIiwicGVzdGFuYSI6IjQifQ==/minuto-a-minuto-tijuana-vs-puebla-fc-jornada-3-estadio-caliente-fox-sports', 'text': ''}","{'type': 'link', 'href': 'https://www.ligafemenil.mx/cancha/galeria/MTAyMDkxLzMvNzAvMi8xNA==/tijuana-vs-puebla-fc', 'text': ''}","{'type': 'link', 'href': 'https://www.ligafemenil.mx/cancha/playlist/102091/tijuana-vs-puebla-fc', 'text': ''}"
2019-2020,Clausura,"{'type': 'text', 'value': 'Viernes 24 de Enero de 2020\nTemporada 2019-2020\nTorneo Clausura\nJornada 4\n24 Enero 2020 - 16:00 hrs.'}","{'type': 'link', 'href': 'https://www.ligafemenil.mx/cancha/club/11189/necaxa', 'text': ''}","{'type': 'link', 'href': 'https://www.ligafemenil.mx/cancha/informeArbitral/102092/eyJpZERpdmlzaW9uIjoiMTQiLCJpZFRlbXBvcmFkYSI6IjcwIiwiaWRUb3JuZW8iOiIyIiwiaWRDbHVibG9jYWwiOjExMTg5LCJpZENsdWJ2aXNpdGEiOjExMTkxfQ==/informe-arbitral-necaxa-vs-america-jornada-4-estadio-victoria-claro-sports', 'text': '1 - 1'}","{'type': 'link', 'href': 'https://www.ligafemenil.mx/cancha/club/11191/america', 'text': ''}","{'type': 'link', 'href': 'https://www.ligafemenil.mx/cancha/estadio/15/estadio-victoria', 'text': 'Victoria'}","{'type': 'link', 'href': 'https://www.ligafemenil.mx/cancha/mxm/102092/eyJpZERpdmlzaW9uIjoiMTQiLCJpZFRlbXBvcmFkYSI6IjcwIiwiaWRUb3JuZW8iOiIyIiwiaWRDbHVibG9jYWwiOiIxMTE4OSIsImlkQ2x1YnZpc2l0YSI6IjExMTkxIiwiaWRQYXJ0aWRvIjoiMTAyMDkyIiwicGVzdGFuYSI6IjEifQ==/minuto-a-minuto-necaxa-vs-america-jornada-4-estadio-victoria-claro-sports', 'text': ''}","{'type': 'link', 'href': 'https://www.ligafemenil.mx/cancha/mxm/102092/eyJpZERpdmlzaW9uIjoiMTQiLCJpZFRlbXBvcmFkYSI6IjcwIiwiaWRUb3JuZW8iOiIyIiwiaWRDbHVibG9jYWwiOiIxMTE4OSIsImlkQ2x1YnZpc2l0YSI6IjExMTkxIiwiaWRQYXJ0aWRvIjoiMTAyMDkyIiwicGVzdGFuYSI6IjMifQ==/minuto-a-minuto-necaxa-vs-america-jornada-4-estadio-victoria-claro-sports', 'text': ''}","{'type': 'link', 'href': 'https://www.ligafemenil.mx/cancha/informeArbitral/102092/eyJpZERpdmlzaW9uIjoiMTQiLCJpZFRlbXBvcmFkYSI6IjcwIiwiaWRUb3JuZW8iOiIyIiwiaWRDbHVibG9jYWwiOiIxMTE4OSIsImlkQ2x1YnZpc2l0YSI6IjExMTkxIn0=/informe-arbitral-necaxa-vs-america-jornada-4-estadio-victoria-claro-sports', 'text': ''}","{'type': 'link', 'href': 'https://www.ligafemenil.mx/cancha/mxm/102092/eyJpZERpdmlzaW9uIjoiMTQiLCJpZFRlbXBvcmFkYSI6IjcwIiwiaWRUb3JuZW8iOiIyIiwiaWRDbHVibG9jYWwiOiIxMTE4OSIsImlkQ2x1YnZpc2l0YSI6IjExMTkxIiwiaWRQYXJ0aWRvIjoiMTAyMDkyIiwicGVzdGFuYSI6IjQifQ==/minuto-a-minuto-necaxa-vs-america-jornada-4-estadio-victoria-claro-sports', 'text': ''}","{'type': 'link', 'href': 'https://www.ligafemenil.mx/cancha/galeria/MTAyMDkyLzQvNzAvMi8xNA==/necaxa-vs-america', 'text': ''}","{'type': 'link', 'href': 'https://www.ligafemenil.mx/cancha/playlist/102092/necaxa-vs-america', 'text': ''}"
2019-2020,Clausura,"{'type': 'text', 'value': 'Viernes 24 de Enero de 2020\nTemporada 2019-2020\nTorneo Clausura\nJornada 4\n24 Enero 2020 - 19:00 hrs.'}","{'type': 'link', 'href': 'https://www.ligafemenil.mx/cancha/club/11795/fc-juarez', 'text': ''}","{'type': 'link', 'href': 'https://www.ligafemenil.mx/cancha/informeArbitral/102093/eyJpZERpdmlzaW9uIjoiMTQiLCJpZFRlbXBvcmFkYSI6IjcwIiwiaWRUb3JuZW8iOiIyIiwiaWRDbHVibG9jYWwiOjExNzk1LCJpZENsdWJ2aXNpdGEiOjExMTg0fQ==/informe-arbitral-fc-juarez-vs-pachuca-jornada-4-estadio-olimpico-benito-juarez-tudn', 'text': '0 - 3'}","{'type': 'link', 'href': 'https://www.ligafemenil.mx/cancha/club/11184/pachuca', 'text': ''}","{'type': 'link', 'href': 'https://www.ligafemenil.mx/cancha/estadio/17/estadio-olimpico-benito-juarez', 'text': 'Olímpico Benito Juárez'}","{'type': 'link', 'href': 'https://www.ligafemenil.mx/cancha/mxm/102093/eyJpZERpdmlzaW9uIjoiMTQiLCJpZFRlbXBvcmFkYSI6IjcwIiwiaWRUb3JuZW8iOiIyIiwiaWRDbHVibG9jYWwiOiIxMTc5NSIsImlkQ2x1YnZpc2l0YSI6IjExMTg0IiwiaWRQYXJ0aWRvIjoiMTAyMDkzIiwicGVzdGFuYSI6IjEifQ==/minuto-a-minuto-fc-juarez-vs-pachuca-jornada-4-estadio-olimpico-benito-juarez-tudn', 'text': ''}","{'type': 'link', 'href': 'https://www.ligafemenil.mx/cancha/mxm/102093/eyJpZERpdmlzaW9uIjoiMTQiLCJpZFRlbXBvcmFkYSI6IjcwIiwiaWRUb3JuZW8iOiIyIiwiaWRDbHVibG9jYWwiOiIxMTc5NSIsImlkQ2x1YnZpc2l0YSI6IjExMTg0IiwiaWRQYXJ0aWRvIjoiMTAyMDkzIiwicGVzdGFuYSI6IjMifQ==/minuto-a-minuto-fc-juarez-vs-pachuca-jornada-4-estadio-olimpico-benito-juarez-tudn', 'text': ''}","{'type': 'link', 'href': 'https://www.ligafemenil.mx/cancha/informeArbitral/102093/eyJpZERpdmlzaW9uIjoiMTQiLCJpZFRlbXBvcmFkYSI6IjcwIiwiaWRUb3JuZW8iOiIyIiwiaWRDbHVibG9jYWwiOiIxMTc5NSIsImlkQ2x1YnZpc2l0YSI6IjExMTg0In0=/informe-arbitral-fc-juarez-vs-pachuca-jornada-4-estadio-olimpico-benito-juarez-tudn', 'text': ''}","{'type': 'link', 'href': 'https://www.ligafemenil.mx/cancha/mxm/102093/eyJpZERpdmlzaW9uIjoiMTQiLCJpZFRlbXBvcmFkYSI6IjcwIiwiaWRUb3JuZW8iOiIyIiwiaWRDbHVibG9jYWwiOiIxMTc5NSIsImlkQ2x1YnZpc2l0YSI6IjExMTg0IiwiaWRQYXJ0aWRvIjoiMTAyMDkzIiwicGVzdGFuYSI6IjQifQ==/minuto-a-minuto-fc-juarez-vs-pachuca-jornada-4-estadio-olimpico-benito-juarez-tudn', 'text': ''}","{'type': 'link', 'href': 'https://www.ligafemenil.mx/cancha/galeria/MTAyMDkzLzQvNzAvMi8xNA==/fc-juarez-vs-pachuca', 'text': ''}","{'type': 'link', 'href': 'https://www.ligafemenil.mx/cancha/playlist/102093/fc-juarez-vs-pachuca', 'text': ''}"
2019-2020,Clausura,"{'type': 'text', 'value': 'Sábado 25 de Enero de 2020\nTemporada 2019-2020\nTorneo Clausura\nJornada 4\n25 Enero 2020 - 11:00 hrs.'}","{'type': 'link', 'href': 'https://www.ligafemenil.mx/cancha/club/11245/atlas', 'text': ''}","{'type': 'link', 'href': 'https://www.ligafemenil.mx/cancha/informeArbitral/102094/eyJpZERpdmlzaW9uIjoiMTQiLCJpZFRlbXBvcmFkYSI6IjcwIiwiaWRUb3JuZW8iOiIyIiwiaWRDbHVibG9jYWwiOjExMjQ1LCJpZENsdWJ2aXNpdGEiOjExMjQ0fQ==/informe-arbitral-atlas-vs-queretaro-jornada-4-estadio-cancha-alfredo-pistache-torres-tvc-deportes', 'text': '4 - 0'}","{'type': 'link', 'href': 'https://www.ligafemenil.mx/cancha/club/11244/queretaro', 'text': ''}","{'type': 'link', 'href': 'https://www.ligafemenil.mx/cancha/estadio/881/estadio-cancha-alfredo-pistache-torres', 'text': 'CANCHA ALFREDO PISTACHE TORRES'}","{'type': 'link', 'href': 'https://www.ligafemenil.mx/cancha/mxm/102094/eyJpZERpdmlzaW9uIjoiMTQiLCJpZFRlbXBvcmFkYSI6IjcwIiwiaWRUb3JuZW8iOiIyIiwiaWRDbHVibG9jYWwiOiIxMTI0NSIsImlkQ2x1YnZpc2l0YSI6IjExMjQ0IiwiaWRQYXJ0aWRvIjoiMTAyMDk0IiwicGVzdGFuYSI6IjEifQ==/minuto-a-minuto-atlas-vs-queretaro-jornada-4-estadio-cancha-alfredo-pistache-torres-tvc-deportes', 'text': ''}","{'type': 'link', 'href': 'https://www.ligafemenil.mx/cancha/mxm/102094/eyJpZERpdmlzaW9uIjoiMTQiLCJpZFRlbXBvcmFkYSI6IjcwIiwiaWRUb3JuZW8iOiIyIiwiaWRDbHVibG9jYWwiOiIxMTI0NSIsImlkQ2x1YnZpc2l0YSI6IjExMjQ0IiwiaWRQYXJ0aWRvIjoiMTAyMDk0IiwicGVzdGFuYSI6IjMifQ==/minuto-a-minuto-atlas-vs-queretaro-jornada-4-estadio-cancha-alfredo-pistache-torres-tvc-deportes', 'text': ''}","{'type': 'link', 'href': 'https://www.ligafemenil.mx/cancha/informeArbitral/102094/eyJpZERpdmlzaW9uIjoiMTQiLCJpZFRlbXBvcmFkYSI6IjcwIiwiaWRUb3JuZW8iOiIyIiwiaWRDbHVibG9jYWwiOiIxMTI0NSIsImlkQ2x1YnZpc2l0YSI6IjExMjQ0In0=/informe-arbitral-atlas-vs-queretaro-jornada-4-estadio-cancha-alfredo-pistache-torres-tvc-deportes', 'text': ''}","{'type': 'link', 'href': 'https://www.ligafemenil.mx/cancha/mxm/102094/eyJpZERpdmlzaW9uIjoiMTQiLCJpZFRlbXBvcmFkYSI6IjcwIiwiaWRUb3JuZW8iOiIyIiwiaWRDbHVibG9jYWwiOiIxMTI0NSIsImlkQ2x1YnZpc2l0YSI6IjExMjQ0IiwiaWRQYXJ0aWRvIjoiMTAyMDk0IiwicGVzdGFuYSI6IjQifQ==/minuto-a-minuto-atlas-vs-queretaro-jornada-4-estadio-cancha-alfredo-pistache-torres-tvc-deportes', 'text': ''}","{'type': 'link', 'href': 'https://www.ligafemenil.mx/cancha/galeria/MTAyMDk0LzQvNzAvMi8xNA==/atlas-vs-queretaro', 'text': ''}","{'type': 'link', 'href': 'https://www.ligafemenil.mx/cancha/playlist/102094/atlas-vs-queretaro', 'text': ''}"
2019-2020,Clausura,"{'type': 'text', 'value': 'Domingo 26 de Enero de 2020\nTemporada 2019-2020\nTorneo Clausura\nJornada 4\n26 Enero 2020 - 12:00 hrs.'}","{'type': 'link', 'href': 'https://www.ligafemenil.mx/cancha/club/11543/puebla-fc', 'text': ''}","{'type': 'link', 'href': 'https://www.ligafemenil.mx/cancha/informeArbitral/102095/eyJpZERpdmlzaW9uIjoiMTQiLCJpZFRlbXBvcmFkYSI6IjcwIiwiaWRUb3JuZW8iOiIyIiwiaWRDbHVibG9jYWwiOjExNTQzLCJpZENsdWJ2aXNpdGEiOjExMTg2fQ==/informe-arbitral-puebla-fc-vs-tigres-de-la-uanl-jornada-4-estadio-cuauhtemoc-tvc-deportes', 'text': '0 - 2'}","{'type': 'link', 'href': 'https://www.ligafemenil.mx/cancha/club/11186/tigres-de-la-uanl', 'text': ''}","{'type': 'link', 'href': 'https://www.ligafemenil.mx/cancha/estadio/9/estadio-cuauhtemoc', 'text': 'Cuauhtémoc'}","{'type': 'link', 'href': 'https://www.ligafemenil.mx/cancha/mxm/102095/eyJpZERpdmlzaW9uIjoiMTQiLCJpZFRlbXBvcmFkYSI6IjcwIiwiaWRUb3JuZW8iOiIyIiwiaWRDbHVibG9jYWwiOiIxMTU0MyIsImlkQ2x1YnZpc2l0YSI6IjExMTg2IiwiaWRQYXJ0aWRvIjoiMTAyMDk1IiwicGVzdGFuYSI6IjEifQ==/minuto-a-minuto-puebla-fc-vs-tigres-de-la-uanl-jornada-4-estadio-cuauhtemoc-tvc-deportes', 'text': ''}","{'type': 'link', 'href': 'https://www.ligafemenil.mx/cancha/mxm/102095/eyJpZERpdmlzaW9uIjoiMTQiLCJpZFRlbXBvcmFkYSI6IjcwIiwiaWRUb3JuZW8iOiIyIiwiaWRDbHVibG9jYWwiOiIxMTU0MyIsImlkQ2x1YnZpc2l0YSI6IjExMTg2IiwiaWRQYXJ0aWRvIjoiMTAyMDk1IiwicGVzdGFuYSI6IjMifQ==/minuto-a-minuto-puebla-fc-vs-tigres-de-la-uanl-jornada-4-estadio-cuauhtemoc-tvc-deportes', 'text': ''}","{'type': 'link', 'href': 'https://www.ligafemenil.mx/cancha/informeArbitral/102095/eyJpZERpdmlzaW9uIjoiMTQiLCJpZFRlbXBvcmFkYSI6IjcwIiwiaWRUb3JuZW8iOiIyIiwiaWRDbHVibG9jYWwiOiIxMTU0MyIsImlkQ2x1YnZpc2l0YSI6IjExMTg2In0=/informe-arbitral-puebla-fc-vs-tigres-de-la-uanl-jornada-4-estadio-cuauhtemoc-tvc-deportes', 'text': ''}","{'type': 'link', 'href': 'https://www.ligafemenil.mx/cancha/mxm/102095/eyJpZERpdmlzaW9uIjoiMTQiLCJpZFRlbXBvcmFkYSI6IjcwIiwiaWRUb3JuZW8iOiIyIiwiaWRDbHVibG9jYWwiOiIxMTU0MyIsImlkQ2x1YnZpc2l0YSI6IjExMTg2IiwiaWRQYXJ0aWRvIjoiMTAyMDk1IiwicGVzdGFuYSI6IjQifQ==/minuto-a-minuto-puebla-fc-vs-tigres-de-la-uanl-jornada-4-estadio-cuauhtemoc-tvc-deportes', 'text': ''}","{'type': 'link', 'href': 'https://www.ligafemenil.mx/cancha/galeria/MTAyMDk1LzQvNzAvMi8xNA==/puebla-fc-vs-tigres-de-la-uanl', 'text': ''}","{'type': 'link', 'href': 'https://www.ligafemenil.mx/cancha/playlist/102095/puebla-fc-vs-tigres-de-la-uanl', 'text': ''}"
2019-2020,Clausura,"{'type': 'text', 'value': 'Lunes 27 de Enero de 2020\nTemporada 2019-2020\nTorneo Clausura\nJornada 4\n27 Enero 2020 - 17:00 hrs.'}","{'type': 'link', 'href': 'https://www.ligafemenil.mx/cancha/club/11187/toluca', 'text': ''}","{'type': 'link', 'href': 'https://www.ligafemenil.mx/cancha/informeArbitral/102096/eyJpZERpdmlzaW9uIjoiMTQiLCJpZFRlbXBvcmFkYSI6IjcwIiwiaWRUb3JuZW8iOiIyIiwiaWRDbHVibG9jYWwiOjExMTg3LCJpZENsdWJ2aXNpdGEiOjExMTgxfQ==/informe-arbitral-toluca-vs-cruz-azul-jornada-4-estadio-nemesio-diez-tudn', 'text': '1 - 2'}","{'type': 'link', 'href': 'https://www.ligafemenil.mx/cancha/club/11181/cruz-azul', 'text': ''}","{'type': 'link', 'href': 'https://www.ligafemenil.mx/cancha/estadio/6/estadio-nemesio-diez', 'text': 'Nemesio Diez'}","{'type': 'link', 'href': 'https://www.ligafemenil.mx/cancha/mxm/102096/eyJpZERpdmlzaW9uIjoiMTQiLCJpZFRlbXBvcmFkYSI6IjcwIiwiaWRUb3JuZW8iOiIyIiwiaWRDbHVibG9jYWwiOiIxMTE4NyIsImlkQ2x1YnZpc2l0YSI6IjExMTgxIiwiaWRQYXJ0aWRvIjoiMTAyMDk2IiwicGVzdGFuYSI6IjEifQ==/minuto-a-minuto-toluca-vs-cruz-azul-jornada-4-estadio-nemesio-diez-tudn', 'text': ''}","{'type': 'link', 'href': 'https://www.ligafemenil.mx/cancha/mxm/102096/eyJpZERpdmlzaW9uIjoiMTQiLCJpZFRlbXBvcmFkYSI6IjcwIiwiaWRUb3JuZW8iOiIyIiwiaWRDbHVibG9jYWwiOiIxMTE4NyIsImlkQ2x1YnZpc2l0YSI6IjExMTgxIiwiaWRQYXJ0aWRvIjoiMTAyMDk2IiwicGVzdGFuYSI6IjMifQ==/minuto-a-minuto-toluca-vs-cruz-azul-jornada-4-estadio-nemesio-diez-tudn', 'text': ''}","{'type': 'link', 'href': 'https://www.ligafemenil.mx/cancha/informeArbitral/102096/eyJpZERpdmlzaW9uIjoiMTQiLCJpZFRlbXBvcmFkYSI6IjcwIiwiaWRUb3JuZW8iOiIyIiwiaWRDbHVibG9jYWwiOiIxMTE4NyIsImlkQ2x1YnZpc2l0YSI6IjExMTgxIn0=/informe-arbitral-toluca-vs-cruz-azul-jornada-4-estadio-nemesio-diez-tudn', 'text': ''}","{'type': 'link', 'href': 'https://www.ligafemenil.mx/cancha/mxm/102096/eyJpZERpdmlzaW9uIjoiMTQiLCJpZFRlbXBvcmFkYSI6IjcwIiwiaWRUb3JuZW8iOiIyIiwiaWRDbHVibG9jYWwiOiIxMTE4NyIsImlkQ2x1YnZpc2l0YSI6IjExMTgxIiwiaWRQYXJ0aWRvIjoiMTAyMDk2IiwicGVzdGFuYSI6IjQifQ==/minuto-a-minuto-toluca-vs-cruz-azul-jornada-4-estadio-nemesio-diez-tudn', 'text': ''}","{'type': 'link', 'href': 'https://www.ligafemenil.mx/cancha/galeria/MTAyMDk2LzQvNzAvMi8xNA==/toluca-vs-cruz-azul', 'text': ''}","{'type': 'link', 'href': 'https://www.ligafemenil.mx/cancha/playlist/102096/toluca-vs-cruz-azul', 'text': ''}"
2019-2020,Clausura,"{'type': 'text', 'value': 'Lunes 27 de Enero de 2020\nTemporada 2019-2020\nTorneo Clausura\nJornada 4\n27 Enero 2020 - 19:00 hrs.'}","{'type': 'link', 'href': 'https://www.ligafemenil.mx/cancha/club/11243/leon', 'text': ''}","{'type': 'link', 'href': 'https://www.ligafemenil.mx/cancha/informeArbitral/102097/eyJpZERpdmlzaW9uIjoiMTQiLCJpZFRlbXBvcmFkYSI6IjcwIiwiaWRUb3JuZW8iOiIyIiwiaWRDbHVibG9jYWwiOjExMjQzLCJpZENsdWJ2aXNpdGEiOjExMTgzfQ==/informe-arbitral-leon-vs-m-morelia-jornada-4-estadio-nou-camp', 'text': '0 - 0'}","{'type': 'link', 'href': 'https://www.ligafemenil.mx/cancha/club/11183/m-morelia', 'text': ''}","{'type': 'link', 'href': 'https://www.ligafemenil.mx/cancha/estadio/23/estadio-nou-camp', 'text': 'Nou Camp'}","{'type': 'link', 'href': 'https://www.ligafemenil.mx/cancha/mxm/102097/eyJpZERpdmlzaW9uIjoiMTQiLCJpZFRlbXBvcmFkYSI6IjcwIiwiaWRUb3JuZW8iOiIyIiwiaWRDbHVibG9jYWwiOiIxMTI0MyIsImlkQ2x1YnZpc2l0YSI6IjExMTgzIiwiaWRQYXJ0aWRvIjoiMTAyMDk3IiwicGVzdGFuYSI6IjEifQ==/minuto-a-minuto-leon-vs-m-morelia-jornada-4-estadio-nou-camp', 'text': ''}","{'type': 'link', 'href': 'https://www.ligafemenil.mx/cancha/mxm/102097/eyJpZERpdmlzaW9uIjoiMTQiLCJpZFRlbXBvcmFkYSI6IjcwIiwiaWRUb3JuZW8iOiIyIiwiaWRDbHVibG9jYWwiOiIxMTI0MyIsImlkQ2x1YnZpc2l0YSI6IjExMTgzIiwiaWRQYXJ0aWRvIjoiMTAyMDk3IiwicGVzdGFuYSI6IjMifQ==/minuto-a-minuto-leon-vs-m-morelia-jornada-4-estadio-nou-camp', 'text': ''}","{'type': 'link', 'href': 'https://www.ligafemenil.mx/cancha/informeArbitral/102097/eyJpZERpdmlzaW9uIjoiMTQiLCJpZFRlbXBvcmFkYSI6IjcwIiwiaWRUb3JuZW8iOiIyIiwiaWRDbHVibG9jYWwiOiIxMTI0MyIsImlkQ2x1YnZpc2l0YSI6IjExMTgzIn0=/informe-arbitral-leon-vs-m-morelia-jornada-4-estadio-nou-camp', 'text': ''}","{'type': 'link', 'href': 'https://www.ligafemenil.mx/cancha/mxm/102097/eyJpZERpdmlzaW9uIjoiMTQiLCJpZFRlbXBvcmFkYSI6IjcwIiwiaWRUb3JuZW8iOiIyIiwiaWRDbHVibG9jYWwiOiIxMTI0MyIsImlkQ2x1YnZpc2l0YSI6IjExMTgzIiwiaWRQYXJ0aWRvIjoiMTAyMDk3IiwicGVzdGFuYSI6IjQifQ==/minuto-a-minuto-leon-vs-m-morelia-jornada-4-estadio-nou-camp', 'text': ''}","{'type': 'link', 'href': 'https://www.ligafemenil.mx/cancha/galeria/MTAyMDk3LzQvNzAvMi8xNA==/leon-vs-m-morelia', 'text': ''}","{'type': 'link', 'href': 'https://www.ligafemenil.mx/cancha/playlist/102097/leon-vs-m-morelia', 'text': ''}"
2019-2020,Clausura,"{'type': 'text', 'value': 'Lunes 27 de Enero de 2020\nTemporada 2019-2020\nTorneo Clausura\nJornada 4\n27 Enero 2020 - 19:00 hrs.'}","{'type': 'link', 'href': 'https://www.ligafemenil.mx/cancha/club/11185/rayados-de-monterrey', 'text': ''}","{'type': 'link', 'href': 'https://www.ligafemenil.mx/cancha/informeArbitral/102099/eyJpZERpdmlzaW9uIjoiMTQiLCJpZFRlbXBvcmFkYSI6IjcwIiwiaWRUb3JuZW8iOiIyIiwiaWRDbHVibG9jYWwiOjExMTg1LCJpZENsdWJ2aXNpdGEiOjExMTgwfQ==/informe-arbitral-rayados-de-monterrey-vs-tijuana-jornada-4-estadio-bbva-fox-sports', 'text': '3 - 1'}","{'type': 'link', 'href': 'https://www.ligafemenil.mx/cancha/club/11180/tijuana', 'text': ''}","{'type': 'link', 'href': 'https://www.ligafemenil.mx/cancha/estadio/1608/estadio-bbva', 'text': 'Estadio BBVA'}","{'type': 'link', 'href': 'https://www.ligafemenil.mx/cancha/mxm/102099/eyJpZERpdmlzaW9uIjoiMTQiLCJpZFRlbXBvcmFkYSI6IjcwIiwiaWRUb3JuZW8iOiIyIiwiaWRDbHVibG9jYWwiOiIxMTE4NSIsImlkQ2x1YnZpc2l0YSI6IjExMTgwIiwiaWRQYXJ0aWRvIjoiMTAyMDk5IiwicGVzdGFuYSI6IjEifQ==/minuto-a-minuto-rayados-de-monterrey-vs-tijuana-jornada-4-estadio-bbva-fox-sports', 'text': ''}","{'type': 'link', 'href': 'https://www.ligafemenil.mx/cancha/mxm/102099/eyJpZERpdmlzaW9uIjoiMTQiLCJpZFRlbXBvcmFkYSI6IjcwIiwiaWRUb3JuZW8iOiIyIiwiaWRDbHVibG9jYWwiOiIxMTE4NSIsImlkQ2x1YnZpc2l0YSI6IjExMTgwIiwiaWRQYXJ0aWRvIjoiMTAyMDk5IiwicGVzdGFuYSI6IjMifQ==/minuto-a-minuto-rayados-de-monterrey-vs-tijuana-jornada-4-estadio-bbva-fox-sports', 'text': ''}","{'type': 'link', 'href': 'https://www.ligafemenil.mx/cancha/informeArbitral/102099/eyJpZERpdmlzaW9uIjoiMTQiLCJpZFRlbXBvcmFkYSI6IjcwIiwiaWRUb3JuZW8iOiIyIiwiaWRDbHVibG9jYWwiOiIxMTE4NSIsImlkQ2x1YnZpc2l0YSI6IjExMTgwIn0=/informe-arbitral-rayados-de-monterrey-vs-tijuana-jornada-4-estadio-bbva-fox-sports', 'text': ''}","{'type': 'link', 'href': 'https://www.ligafemenil.mx/cancha/mxm/102099/eyJpZERpdmlzaW9uIjoiMTQiLCJpZFRlbXBvcmFkYSI6IjcwIiwiaWRUb3JuZW8iOiIyIiwiaWRDbHVibG9jYWwiOiIxMTE4NSIsImlkQ2x1YnZpc2l0YSI6IjExMTgwIiwiaWRQYXJ0aWRvIjoiMTAyMDk5IiwicGVzdGFuYSI6IjQifQ==/minuto-a-minuto-rayados-de-monterrey-vs-tijuana-jornada-4-estadio-bbva-fox-sports', 'text': ''}","{'type': 'link', 'href': 'https://www.ligafemenil.mx/cancha/galeria/MTAyMDk5LzQvNzAvMi8xNA==/rayados-de-monterrey-vs-tijuana', 'text': ''}","{'type': 'link', 'href': 'https://www.ligafemenil.mx/cancha/playlist/102099/rayados-de-monterrey-vs-tijuana', 'text': ''}"
2019-2020,Clausura,"{'type': 'text', 'value': 'Lunes 27 de Enero de 2020\nTemporada 2019-2020\nTorneo Clausura\nJornada 4\n27 Enero 2020 - 20:00 hrs.'}","{'type': 'link', 'href': 'https://www.ligafemenil.mx/cancha/club/11778/club-atletico-de-san-luis', 'text': ''}","{'type': 'link', 'href': 'https://www.ligafemenil.mx/cancha/informeArbitral/102098/eyJpZERpdmlzaW9uIjoiMTQiLCJpZFRlbXBvcmFkYSI6IjcwIiwiaWRUb3JuZW8iOiIyIiwiaWRDbHVibG9jYWwiOjExNzc4LCJpZENsdWJ2aXNpdGEiOjExMTgyfQ==/informe-arbitral-club-atletico-de-san-luis-vs-guadalajara-jornada-4-estadio-alfonso-lastras-ramirez', 'text': '0 - 2'}","{'type': 'link', 'href': 'https://www.ligafemenil.mx/cancha/club/11182/guadalajara', 'text': ''}","{'type': 'link', 'href': 'https://www.ligafemenil.mx/cancha/estadio/14/estadio-alfonso-lastras-ramirez', 'text': 'Alfonso Lastras Ramírez'}","{'type': 'link', 'href': 'https://www.ligafemenil.mx/cancha/mxm/102098/eyJpZERpdmlzaW9uIjoiMTQiLCJpZFRlbXBvcmFkYSI6IjcwIiwiaWRUb3JuZW8iOiIyIiwiaWRDbHVibG9jYWwiOiIxMTc3OCIsImlkQ2x1YnZpc2l0YSI6IjExMTgyIiwiaWRQYXJ0aWRvIjoiMTAyMDk4IiwicGVzdGFuYSI6IjEifQ==/minuto-a-minuto-club-atletico-de-san-luis-vs-guadalajara-jornada-4-estadio-alfonso-lastras-ramirez', 'text': ''}","{'type': 'link', 'href': 'https://www.ligafemenil.mx/cancha/mxm/102098/eyJpZERpdmlzaW9uIjoiMTQiLCJpZFRlbXBvcmFkYSI6IjcwIiwiaWRUb3JuZW8iOiIyIiwiaWRDbHVibG9jYWwiOiIxMTc3OCIsImlkQ2x1YnZpc2l0YSI6IjExMTgyIiwiaWRQYXJ0aWRvIjoiMTAyMDk4IiwicGVzdGFuYSI6IjMifQ==/minuto-a-minuto-club-atletico-de-san-luis-vs-guadalajara-jornada-4-estadio-alfonso-lastras-ramirez', 'text': ''}","{'type': 'link', 'href': 'https://www.ligafemenil.mx/cancha/informeArbitral/102098/eyJpZERpdmlzaW9uIjoiMTQiLCJpZFRlbXBvcmFkYSI6IjcwIiwiaWRUb3JuZW8iOiIyIiwiaWRDbHVibG9jYWwiOiIxMTc3OCIsImlkQ2x1YnZpc2l0YSI6IjExMTgyIn0=/informe-arbitral-club-atletico-de-san-luis-vs-guadalajara-jornada-4-estadio-alfonso-lastras-ramirez', 'text': ''}","{'type': 'link', 'href': 'https://www.ligafemenil.mx/cancha/mxm/102098/eyJpZERpdmlzaW9uIjoiMTQiLCJpZFRlbXBvcmFkYSI6IjcwIiwiaWRUb3JuZW8iOiIyIiwiaWRDbHVibG9jYWwiOiIxMTc3OCIsImlkQ2x1YnZpc2l0YSI6IjExMTgyIiwiaWRQYXJ0aWRvIjoiMTAyMDk4IiwicGVzdGFuYSI6IjQifQ==/minuto-a-minuto-club-atletico-de-san-luis-vs-guadalajara-jornada-4-estadio-alfonso-lastras-ramirez', 'text': ''}","{'type': 'link', 'href': 'https://www.ligafemenil.mx/cancha/galeria/MTAyMDk4LzQvNzAvMi8xNA==/club-atletico-de-san-luis-vs-guadalajara', 'text': ''}","{'type': 'link', 'href': 'https://www.ligafemenil.mx/cancha/playlist/102098/club-atletico-de-san-luis-vs-guadalajara', 'text': ''}"
2019-2020,Clausura,"{'type': 'text', 'value': 'Lunes 27 de Enero de 2020\nTemporada 2019-2020\nTorneo Clausura\nJornada 4\n27 Enero 2020 - 21:00 hrs.'}","{'type': 'link', 'href': 'https://www.ligafemenil.mx/cancha/club/11192/santos-laguna', 'text': ''}","{'type': 'link', 'href': 'https://www.ligafemenil.mx/cancha/informeArbitral/102100/eyJpZERpdmlzaW9uIjoiMTQiLCJpZFRlbXBvcmFkYSI6IjcwIiwiaWRUb3JuZW8iOiIyIiwiaWRDbHVibG9jYWwiOjExMTkyLCJpZENsdWJ2aXNpdGEiOjExMTg4fQ==/informe-arbitral-santos-laguna-vs-pumas-jornada-4-estadio-tsm-corona-fox-sports', 'text': '0 - 2'}","{'type': 'link', 'href': 'https://www.ligafemenil.mx/cancha/club/11188/pumas', 'text': ''}","{'type': 'link', 'href': 'https://www.ligafemenil.mx/cancha/estadio/63/estadio-tsm-corona', 'text': 'TSM Corona'}","{'type': 'link', 'href': 'https://www.ligafemenil.mx/cancha/mxm/102100/eyJpZERpdmlzaW9uIjoiMTQiLCJpZFRlbXBvcmFkYSI6IjcwIiwiaWRUb3JuZW8iOiIyIiwiaWRDbHVibG9jYWwiOiIxMTE5MiIsImlkQ2x1YnZpc2l0YSI6IjExMTg4IiwiaWRQYXJ0aWRvIjoiMTAyMTAwIiwicGVzdGFuYSI6IjEifQ==/minuto-a-minuto-santos-laguna-vs-pumas-jornada-4-estadio-tsm-corona-fox-sports', 'text': ''}","{'type': 'link', 'href': 'https://www.ligafemenil.mx/cancha/mxm/102100/eyJpZERpdmlzaW9uIjoiMTQiLCJpZFRlbXBvcmFkYSI6IjcwIiwiaWRUb3JuZW8iOiIyIiwiaWRDbHVibG9jYWwiOiIxMTE5MiIsImlkQ2x1YnZpc2l0YSI6IjExMTg4IiwiaWRQYXJ0aWRvIjoiMTAyMTAwIiwicGVzdGFuYSI6IjMifQ==/minuto-a-minuto-santos-laguna-vs-pumas-jornada-4-estadio-tsm-corona-fox-sports', 'text': ''}","{'type': 'link', 'href': 'https://www.ligafemenil.mx/cancha/informeArbitral/102100/eyJpZERpdmlzaW9uIjoiMTQiLCJpZFRlbXBvcmFkYSI6IjcwIiwiaWRUb3JuZW8iOiIyIiwiaWRDbHVibG9jYWwiOiIxMTE5MiIsImlkQ2x1YnZpc2l0YSI6IjExMTg4In0=/informe-arbitral-santos-laguna-vs-pumas-jornada-4-estadio-tsm-corona-fox-sports', 'text': ''}","{'type': 'link', 'href': 'https://www.ligafemenil.mx/cancha/mxm/102100/eyJpZERpdmlzaW9uIjoiMTQiLCJpZFRlbXBvcmFkYSI6IjcwIiwiaWRUb3JuZW8iOiIyIiwiaWRDbHVibG9jYWwiOiIxMTE5MiIsImlkQ2x1YnZpc2l0YSI6IjExMTg4IiwiaWRQYXJ0aWRvIjoiMTAyMTAwIiwicGVzdGFuYSI6IjQifQ==/minuto-a-minuto-santos-laguna-vs-pumas-jornada-4-estadio-tsm-corona-fox-sports', 'text': ''}","{'type': 'link', 'href': 'https://www.ligafemenil.mx/cancha/galeria/MTAyMTAwLzQvNzAvMi8xNA==/santos-laguna-vs-pumas', 'text': ''}","{'type': 'link', 'href': 'https://www.ligafemenil.mx/cancha/playlist/102100/santos-laguna-vs-pumas', 'text': ''}"
2019-2020,Clausura,"{'type': 'text', 'value': 'Viernes 31 de Enero de 2020\nTemporada 2019-2020\nTorneo Clausura\nJornada 5\n31 Enero 2020 - 15:45 hrs.'}","{'type': 'link', 'href': 'https://www.ligafemenil.mx/cancha/club/11181/cruz-azul', 'text': ''}","{'type': 'link', 'href': 'https://www.ligafemenil.mx/cancha/informeArbitral/102101/eyJpZERpdmlzaW9uIjoiMTQiLCJpZFRlbXBvcmFkYSI6IjcwIiwiaWRUb3JuZW8iOiIyIiwiaWRDbHVibG9jYWwiOjExMTgxLCJpZENsdWJ2aXNpdGEiOjExNzc4fQ==/informe-arbitral-cruz-azul-vs-club-atletico-de-san-luis-jornada-5-estadio-10-de-diciembre-tudn', 'text': '0 - 0'}","{'type': 'link', 'href': 'https://www.ligafemenil.mx/cancha/club/11778/club-atletico-de-san-luis', 'text': ''}","{'type': 'link', 'href': 'https://www.ligafemenil.mx/cancha/estadio/30/estadio-10-de-diciembre', 'text': '10 de Diciembre'}","{'type': 'link', 'href': 'https://www.ligafemenil.mx/cancha/mxm/102101/eyJpZERpdmlzaW9uIjoiMTQiLCJpZFRlbXBvcmFkYSI6IjcwIiwiaWRUb3JuZW8iOiIyIiwiaWRDbHVibG9jYWwiOiIxMTE4MSIsImlkQ2x1YnZpc2l0YSI6IjExNzc4IiwiaWRQYXJ0aWRvIjoiMTAyMTAxIiwicGVzdGFuYSI6IjEifQ==/minuto-a-minuto-cruz-azul-vs-club-atletico-de-san-luis-jornada-5-estadio-10-de-diciembre-tudn', 'text': ''}","{'type': 'link', 'href': 'https://www.ligafemenil.mx/cancha/mxm/102101/eyJpZERpdmlzaW9uIjoiMTQiLCJpZFRlbXBvcmFkYSI6IjcwIiwiaWRUb3JuZW8iOiIyIiwiaWRDbHVibG9jYWwiOiIxMTE4MSIsImlkQ2x1YnZpc2l0YSI6IjExNzc4IiwiaWRQYXJ0aWRvIjoiMTAyMTAxIiwicGVzdGFuYSI6IjMifQ==/minuto-a-minuto-cruz-azul-vs-club-atletico-de-san-luis-jornada-5-estadio-10-de-diciembre-tudn', 'text': ''}","{'type': 'link', 'href': 'https://www.ligafemenil.mx/cancha/informeArbitral/102101/eyJpZERpdmlzaW9uIjoiMTQiLCJpZFRlbXBvcmFkYSI6IjcwIiwiaWRUb3JuZW8iOiIyIiwiaWRDbHVibG9jYWwiOiIxMTE4MSIsImlkQ2x1YnZpc2l0YSI6IjExNzc4In0=/informe-arbitral-cruz-azul-vs-club-atletico-de-san-luis-jornada-5-estadio-10-de-diciembre-tudn', 'text': ''}","{'type': 'link', 'href': 'https://www.ligafemenil.mx/cancha/mxm/102101/eyJpZERpdmlzaW9uIjoiMTQiLCJpZFRlbXBvcmFkYSI6IjcwIiwiaWRUb3JuZW8iOiIyIiwiaWRDbHVibG9jYWwiOiIxMTE4MSIsImlkQ2x1YnZpc2l0YSI6IjExNzc4IiwiaWRQYXJ0aWRvIjoiMTAyMTAxIiwicGVzdGFuYSI6IjQifQ==/minuto-a-minuto-cruz-azul-vs-club-atletico-de-san-luis-jornada-5-estadio-10-de-diciembre-tudn', 'text': ''}","{'type': 'link', 'href': 'https://www.ligafemenil.mx/cancha/galeria/MTAyMTAxLzUvNzAvMi8xNA==/cruz-azul-vs-club-atletico-de-san-luis', 'text': ''}","{'type': 'link', 'href': 'https://www.ligafemenil.mx/cancha/playlist/102101/cruz-azul-vs-club-atletico-de-san-luis', 'text': ''}"
2019-2020,Clausura,"{'type': 'text', 'value': 'Viernes 31 de Enero de 2020\nTemporada 2019-2020\nTorneo Clausura\nJornada 5\n31 Enero 2020 - 16:00 hrs.'}","{'type': 'link', 'href': 'https://www.ligafemenil.mx/cancha/club/11244/queretaro', 'text': ''}","{'type': 'link', 'href': 'https://www.ligafemenil.mx/cancha/informeArbitral/102102/eyJpZERpdmlzaW9uIjoiMTQiLCJpZFRlbXBvcmFkYSI6IjcwIiwiaWRUb3JuZW8iOiIyIiwiaWRDbHVibG9jYWwiOjExMjQ0LCJpZENsdWJ2aXNpdGEiOjExMTg1fQ==/informe-arbitral-queretaro-vs-rayados-de-monterrey-jornada-5-estadio-la-corregidora-tvc-deportes', 'text': '0 - 2'}","{'type': 'link', 'href': 'https://www.ligafemenil.mx/cancha/club/11185/rayados-de-monterrey', 'text': ''}","{'type': 'link', 'href': 'https://www.ligafemenil.mx/cancha/estadio/25/estadio-la-corregidora', 'text': 'La Corregidora'}","{'type': 'link', 'href': 'https://www.ligafemenil.mx/cancha/mxm/102102/eyJpZERpdmlzaW9uIjoiMTQiLCJpZFRlbXBvcmFkYSI6IjcwIiwiaWRUb3JuZW8iOiIyIiwiaWRDbHVibG9jYWwiOiIxMTI0NCIsImlkQ2x1YnZpc2l0YSI6IjExMTg1IiwiaWRQYXJ0aWRvIjoiMTAyMTAyIiwicGVzdGFuYSI6IjEifQ==/minuto-a-minuto-queretaro-vs-rayados-de-monterrey-jornada-5-estadio-la-corregidora-tvc-deportes', 'text': ''}","{'type': 'link', 'href': 'https://www.ligafemenil.mx/cancha/mxm/102102/eyJpZERpdmlzaW9uIjoiMTQiLCJpZFRlbXBvcmFkYSI6IjcwIiwiaWRUb3JuZW8iOiIyIiwiaWRDbHVibG9jYWwiOiIxMTI0NCIsImlkQ2x1YnZpc2l0YSI6IjExMTg1IiwiaWRQYXJ0aWRvIjoiMTAyMTAyIiwicGVzdGFuYSI6IjMifQ==/minuto-a-minuto-queretaro-vs-rayados-de-monterrey-jornada-5-estadio-la-corregidora-tvc-deportes', 'text': ''}","{'type': 'link', 'href': 'https://www.ligafemenil.mx/cancha/informeArbitral/102102/eyJpZERpdmlzaW9uIjoiMTQiLCJpZFRlbXBvcmFkYSI6IjcwIiwiaWRUb3JuZW8iOiIyIiwiaWRDbHVibG9jYWwiOiIxMTI0NCIsImlkQ2x1YnZpc2l0YSI6IjExMTg1In0=/informe-arbitral-queretaro-vs-rayados-de-monterrey-jornada-5-estadio-la-corregidora-tvc-deportes', 'text': ''}","{'type': 'link', 'href': 'https://www.ligafemenil.mx/cancha/mxm/102102/eyJpZERpdmlzaW9uIjoiMTQiLCJpZFRlbXBvcmFkYSI6IjcwIiwiaWRUb3JuZW8iOiIyIiwiaWRDbHVibG9jYWwiOiIxMTI0NCIsImlkQ2x1YnZpc2l0YSI6IjExMTg1IiwiaWRQYXJ0aWRvIjoiMTAyMTAyIiwicGVzdGFuYSI6IjQifQ==/minuto-a-minuto-queretaro-vs-rayados-de-monterrey-jornada-5-estadio-la-corregidora-tvc-deportes', 'text': ''}","{'type': 'link', 'href': 'https://www.ligafemenil.mx/cancha/galeria/MTAyMTAyLzUvNzAvMi8xNA==/queretaro-vs-rayados-de-monterrey', 'text': ''}","{'type': 'link', 'href': 'https://www.ligafemenil.mx/cancha/playlist/102102/queretaro-vs-rayados-de-monterrey', 'text': ''}"
2019-2020,Clausura,"{'type': 'text', 'value': 'Sábado 1 de Febrero de 2020\nTemporada 2019-2020\nTorneo Clausura\nJornada 5\n1 Febrero 2020 - 12:00 hrs.'}","{'type': 'link', 'href': 'https://www.ligafemenil.mx/cancha/club/11188/pumas', 'text': ''}","{'type': 'link', 'href': 'https://www.ligafemenil.mx/cancha/informeArbitral/102103/eyJpZERpdmlzaW9uIjoiMTQiLCJpZFRlbXBvcmFkYSI6IjcwIiwiaWRUb3JuZW8iOiIyIiwiaWRDbHVibG9jYWwiOjExMTg4LCJpZENsdWJ2aXNpdGEiOjExMTkxfQ==/informe-arbitral-pumas-vs-america-jornada-5-estadio-la-cantera-tudn', 'text': '1 - 1'}","{'type': 'link', 'href': 'https://www.ligafemenil.mx/cancha/club/11191/america', 'text': ''}","{'type': 'link', 'href': 'https://www.ligafemenil.mx/cancha/estadio/37/estadio-la-cantera', 'text': 'La Cantera'}","{'type': 'link', 'href': 'https://www.ligafemenil.mx/cancha/mxm/102103/eyJpZERpdmlzaW9uIjoiMTQiLCJpZFRlbXBvcmFkYSI6IjcwIiwiaWRUb3JuZW8iOiIyIiwiaWRDbHVibG9jYWwiOiIxMTE4OCIsImlkQ2x1YnZpc2l0YSI6IjExMTkxIiwiaWRQYXJ0aWRvIjoiMTAyMTAzIiwicGVzdGFuYSI6IjEifQ==/minuto-a-minuto-pumas-vs-america-jornada-5-estadio-la-cantera-tudn', 'text': ''}","{'type': 'link', 'href': 'https://www.ligafemenil.mx/cancha/mxm/102103/eyJpZERpdmlzaW9uIjoiMTQiLCJpZFRlbXBvcmFkYSI6IjcwIiwiaWRUb3JuZW8iOiIyIiwiaWRDbHVibG9jYWwiOiIxMTE4OCIsImlkQ2x1YnZpc2l0YSI6IjExMTkxIiwiaWRQYXJ0aWRvIjoiMTAyMTAzIiwicGVzdGFuYSI6IjMifQ==/minuto-a-minuto-pumas-vs-america-jornada-5-estadio-la-cantera-tudn', 'text': ''}","{'type': 'link', 'href': 'https://www.ligafemenil.mx/cancha/informeArbitral/102103/eyJpZERpdmlzaW9uIjoiMTQiLCJpZFRlbXBvcmFkYSI6IjcwIiwiaWRUb3JuZW8iOiIyIiwiaWRDbHVibG9jYWwiOiIxMTE4OCIsImlkQ2x1YnZpc2l0YSI6IjExMTkxIn0=/informe-arbitral-pumas-vs-america-jornada-5-estadio-la-cantera-tudn', 'text': ''}","{'type': 'link', 'href': 'https://www.ligafemenil.mx/cancha/mxm/102103/eyJpZERpdmlzaW9uIjoiMTQiLCJpZFRlbXBvcmFkYSI6IjcwIiwiaWRUb3JuZW8iOiIyIiwiaWRDbHVibG9jYWwiOiIxMTE4OCIsImlkQ2x1YnZpc2l0YSI6IjExMTkxIiwiaWRQYXJ0aWRvIjoiMTAyMTAzIiwicGVzdGFuYSI6IjQifQ==/minuto-a-minuto-pumas-vs-america-jornada-5-estadio-la-cantera-tudn', 'text': ''}","{'type': 'link', 'href': 'https://www.ligafemenil.mx/cancha/galeria/MTAyMTAzLzUvNzAvMi8xNA==/pumas-vs-america', 'text': ''}","{'type': 'link', 'href': 'https://www.ligafemenil.mx/cancha/playlist/102103/pumas-vs-america', 'text': ''}"
2019-2020,Clausura,"{'type': 'text', 'value': 'Domingo 2 de Febrero de 2020\nTemporada 2019-2020\nTorneo Clausura\nJornada 5\n2 Febrero 2020 - 12:00 hrs.'}","{'type': 'link', 'href': 'https://www.ligafemenil.mx/cancha/club/11543/puebla-fc', 'text': ''}","{'type': 'link', 'href': 'https://www.ligafemenil.mx/cancha/informeArbitral/102217/eyJpZERpdmlzaW9uIjoiMTQiLCJpZFRlbXBvcmFkYSI6IjcwIiwiaWRUb3JuZW8iOiIyIiwiaWRDbHVibG9jYWwiOjExNTQzLCJpZENsdWJ2aXNpdGEiOjExMTg5fQ==/informe-arbitral-puebla-fc-vs-necaxa-jornada-5-estadio-cuauhtemoc-tvc-deportes', 'text': '0 - 1'}","{'type': 'link', 'href': 'https://www.ligafemenil.mx/cancha/club/11189/necaxa', 'text': ''}","{'type': 'link', 'href': 'https://www.ligafemenil.mx/cancha/estadio/9/estadio-cuauhtemoc', 'text': 'Cuauhtémoc'}","{'type': 'link', 'href': 'https://www.ligafemenil.mx/cancha/mxm/102217/eyJpZERpdmlzaW9uIjoiMTQiLCJpZFRlbXBvcmFkYSI6IjcwIiwiaWRUb3JuZW8iOiIyIiwiaWRDbHVibG9jYWwiOiIxMTU0MyIsImlkQ2x1YnZpc2l0YSI6IjExMTg5IiwiaWRQYXJ0aWRvIjoiMTAyMjE3IiwicGVzdGFuYSI6IjEifQ==/minuto-a-minuto-puebla-fc-vs-necaxa-jornada-5-estadio-cuauhtemoc-tvc-deportes', 'text': ''}","{'type': 'link', 'href': 'https://www.ligafemenil.mx/cancha/mxm/102217/eyJpZERpdmlzaW9uIjoiMTQiLCJpZFRlbXBvcmFkYSI6IjcwIiwiaWRUb3JuZW8iOiIyIiwiaWRDbHVibG9jYWwiOiIxMTU0MyIsImlkQ2x1YnZpc2l0YSI6IjExMTg5IiwiaWRQYXJ0aWRvIjoiMTAyMjE3IiwicGVzdGFuYSI6IjMifQ==/minuto-a-minuto-puebla-fc-vs-necaxa-jornada-5-estadio-cuauhtemoc-tvc-deportes', 'text': ''}","{'type': 'link', 'href': 'https://www.ligafemenil.mx/cancha/informeArbitral/102217/eyJpZERpdmlzaW9uIjoiMTQiLCJpZFRlbXBvcmFkYSI6IjcwIiwiaWRUb3JuZW8iOiIyIiwiaWRDbHVibG9jYWwiOiIxMTU0MyIsImlkQ2x1YnZpc2l0YSI6IjExMTg5In0=/informe-arbitral-puebla-fc-vs-necaxa-jornada-5-estadio-cuauhtemoc-tvc-deportes', 'text': ''}","{'type': 'link', 'href': 'https://www.ligafemenil.mx/cancha/mxm/102217/eyJpZERpdmlzaW9uIjoiMTQiLCJpZFRlbXBvcmFkYSI6IjcwIiwiaWRUb3JuZW8iOiIyIiwiaWRDbHVibG9jYWwiOiIxMTU0MyIsImlkQ2x1YnZpc2l0YSI6IjExMTg5IiwiaWRQYXJ0aWRvIjoiMTAyMjE3IiwicGVzdGFuYSI6IjQifQ==/minuto-a-minuto-puebla-fc-vs-necaxa-jornada-5-estadio-cuauhtemoc-tvc-deportes', 'text': ''}","{'type': 'link', 'href': 'https://www.ligafemenil.mx/cancha/galeria/MTAyMjE3LzUvNzAvMi8xNA==/puebla-fc-vs-necaxa', 'text': ''}","{'type': 'link', 'href': 'https://www.ligafemenil.mx/cancha/playlist/102217/puebla-fc-vs-necaxa', 'text': ''}"
2019-2020,Clausura,"{'type': 'text', 'value': 'Lunes 3 de Febrero de 2020\nTemporada 2019-2020\nTorneo Clausura\nJornada 5\n3 Febrero 2020 - 16:00 hrs.'}","{'type': 'link', 'href': 'https://www.ligafemenil.mx/cancha/club/11183/m-morelia', 'text': ''}","{'type': 'link', 'href': 'https://www.ligafemenil.mx/cancha/informeArbitral/102105/eyJpZERpdmlzaW9uIjoiMTQiLCJpZFRlbXBvcmFkYSI6IjcwIiwiaWRUb3JuZW8iOiIyIiwiaWRDbHVibG9jYWwiOjExMTgzLCJpZENsdWJ2aXNpdGEiOjExMTkyfQ==/informe-arbitral-m-morelia-vs-santos-laguna-jornada-5-estadio-jose-maria-morelos-y-pavon-am', 'text': '1 - 0'}","{'type': 'link', 'href': 'https://www.ligafemenil.mx/cancha/club/11192/santos-laguna', 'text': ''}","{'type': 'link', 'href': 'https://www.ligafemenil.mx/cancha/estadio/10/estadio-jose-maria-morelos-y-pavon', 'text': 'José María Morelos y Pavón'}","{'type': 'link', 'href': 'https://www.ligafemenil.mx/cancha/mxm/102105/eyJpZERpdmlzaW9uIjoiMTQiLCJpZFRlbXBvcmFkYSI6IjcwIiwiaWRUb3JuZW8iOiIyIiwiaWRDbHVibG9jYWwiOiIxMTE4MyIsImlkQ2x1YnZpc2l0YSI6IjExMTkyIiwiaWRQYXJ0aWRvIjoiMTAyMTA1IiwicGVzdGFuYSI6IjEifQ==/minuto-a-minuto-m-morelia-vs-santos-laguna-jornada-5-estadio-jose-maria-morelos-y-pavon-am', 'text': ''}","{'type': 'link', 'href': 'https://www.ligafemenil.mx/cancha/mxm/102105/eyJpZERpdmlzaW9uIjoiMTQiLCJpZFRlbXBvcmFkYSI6IjcwIiwiaWRUb3JuZW8iOiIyIiwiaWRDbHVibG9jYWwiOiIxMTE4MyIsImlkQ2x1YnZpc2l0YSI6IjExMTkyIiwiaWRQYXJ0aWRvIjoiMTAyMTA1IiwicGVzdGFuYSI6IjMifQ==/minuto-a-minuto-m-morelia-vs-santos-laguna-jornada-5-estadio-jose-maria-morelos-y-pavon-am', 'text': ''}","{'type': 'link', 'href': 'https://www.ligafemenil.mx/cancha/informeArbitral/102105/eyJpZERpdmlzaW9uIjoiMTQiLCJpZFRlbXBvcmFkYSI6IjcwIiwiaWRUb3JuZW8iOiIyIiwiaWRDbHVibG9jYWwiOiIxMTE4MyIsImlkQ2x1YnZpc2l0YSI6IjExMTkyIn0=/informe-arbitral-m-morelia-vs-santos-laguna-jornada-5-estadio-jose-maria-morelos-y-pavon-am', 'text': ''}","{'type': 'link', 'href': 'https://www.ligafemenil.mx/cancha/mxm/102105/eyJpZERpdmlzaW9uIjoiMTQiLCJpZFRlbXBvcmFkYSI6IjcwIiwiaWRUb3JuZW8iOiIyIiwiaWRDbHVibG9jYWwiOiIxMTE4MyIsImlkQ2x1YnZpc2l0YSI6IjExMTkyIiwiaWRQYXJ0aWRvIjoiMTAyMTA1IiwicGVzdGFuYSI6IjQifQ==/minuto-a-minuto-m-morelia-vs-santos-laguna-jornada-5-estadio-jose-maria-morelos-y-pavon-am', 'text': ''}","{'type': 'link', 'href': 'https://www.ligafemenil.mx/cancha/galeria/MTAyMTA1LzUvNzAvMi8xNA==/m-morelia-vs-santos-laguna', 'text': ''}","{'type': 'link', 'href': 'https://www.ligafemenil.mx/cancha/playlist/102105/m-morelia-vs-santos-laguna', 'text': ''}"
2019-2020,Clausura,"{'type': 'text', 'value': 'Lunes 3 de Febrero de 2020\nTemporada 2019-2020\nTorneo Clausura\nJornada 5\n3 Febrero 2020 - 17:00 hrs.'}","{'type': 'link', 'href': 'https://www.ligafemenil.mx/cancha/club/11186/tigres-de-la-uanl', 'text': ''}","{'type': 'link', 'href': 'https://www.ligafemenil.mx/cancha/informeArbitral/102107/eyJpZERpdmlzaW9uIjoiMTQiLCJpZFRlbXBvcmFkYSI6IjcwIiwiaWRUb3JuZW8iOiIyIiwiaWRDbHVibG9jYWwiOjExMTg2LCJpZENsdWJ2aXNpdGEiOjExMjQ1fQ==/informe-arbitral-tigres-de-la-uanl-vs-atlas-jornada-5-estadio-universitario-tudn', 'text': '2 - 0'}","{'type': 'link', 'href': 'https://www.ligafemenil.mx/cancha/club/11245/atlas', 'text': ''}","{'type': 'link', 'href': 'https://www.ligafemenil.mx/cancha/estadio/12/estadio-universitario', 'text': 'Universitario'}","{'type': 'link', 'href': 'https://www.ligafemenil.mx/cancha/mxm/102107/eyJpZERpdmlzaW9uIjoiMTQiLCJpZFRlbXBvcmFkYSI6IjcwIiwiaWRUb3JuZW8iOiIyIiwiaWRDbHVibG9jYWwiOiIxMTE4NiIsImlkQ2x1YnZpc2l0YSI6IjExMjQ1IiwiaWRQYXJ0aWRvIjoiMTAyMTA3IiwicGVzdGFuYSI6IjEifQ==/minuto-a-minuto-tigres-de-la-uanl-vs-atlas-jornada-5-estadio-universitario-tudn', 'text': ''}","{'type': 'link', 'href': 'https://www.ligafemenil.mx/cancha/mxm/102107/eyJpZERpdmlzaW9uIjoiMTQiLCJpZFRlbXBvcmFkYSI6IjcwIiwiaWRUb3JuZW8iOiIyIiwiaWRDbHVibG9jYWwiOiIxMTE4NiIsImlkQ2x1YnZpc2l0YSI6IjExMjQ1IiwiaWRQYXJ0aWRvIjoiMTAyMTA3IiwicGVzdGFuYSI6IjMifQ==/minuto-a-minuto-tigres-de-la-uanl-vs-atlas-jornada-5-estadio-universitario-tudn', 'text': ''}","{'type': 'link', 'href': 'https://www.ligafemenil.mx/cancha/informeArbitral/102107/eyJpZERpdmlzaW9uIjoiMTQiLCJpZFRlbXBvcmFkYSI6IjcwIiwiaWRUb3JuZW8iOiIyIiwiaWRDbHVibG9jYWwiOiIxMTE4NiIsImlkQ2x1YnZpc2l0YSI6IjExMjQ1In0=/informe-arbitral-tigres-de-la-uanl-vs-atlas-jornada-5-estadio-universitario-tudn', 'text': ''}","{'type': 'link', 'href': 'https://www.ligafemenil.mx/cancha/mxm/102107/eyJpZERpdmlzaW9uIjoiMTQiLCJpZFRlbXBvcmFkYSI6IjcwIiwiaWRUb3JuZW8iOiIyIiwiaWRDbHVibG9jYWwiOiIxMTE4NiIsImlkQ2x1YnZpc2l0YSI6IjExMjQ1IiwiaWRQYXJ0aWRvIjoiMTAyMTA3IiwicGVzdGFuYSI6IjQifQ==/minuto-a-minuto-tigres-de-la-uanl-vs-atlas-jornada-5-estadio-universitario-tudn', 'text': ''}","{'type': 'link', 'href': 'https://www.ligafemenil.mx/cancha/galeria/MTAyMTA3LzUvNzAvMi8xNA==/tigres-de-la-uanl-vs-atlas', 'text': ''}","{'type': 'link', 'href': 'https://www.ligafemenil.mx/cancha/playlist/102107/tigres-de-la-uanl-vs-atlas', 'text': ''}"
2019-2020,Clausura,"{'type': 'text', 'value': 'Lunes 3 de Febrero de 2020\nTemporada 2019-2020\nTorneo Clausura\nJornada 5\n3 Febrero 2020 - 19:00 hrs.'}","{'type': 'link', 'href': 'https://www.ligafemenil.mx/cancha/club/11182/guadalajara', 'text': ''}","{'type': 'link', 'href': 'https://www.ligafemenil.mx/cancha/informeArbitral/102104/eyJpZERpdmlzaW9uIjoiMTQiLCJpZFRlbXBvcmFkYSI6IjcwIiwiaWRUb3JuZW8iOiIyIiwiaWRDbHVibG9jYWwiOjExMTgyLCJpZENsdWJ2aXNpdGEiOjExMTg0fQ==/informe-arbitral-guadalajara-vs-pachuca-jornada-5-estadio-akron-fox-sports', 'text': '0 - 1'}","{'type': 'link', 'href': 'https://www.ligafemenil.mx/cancha/club/11184/pachuca', 'text': ''}","{'type': 'link', 'href': 'https://www.ligafemenil.mx/cancha/estadio/1538/estadio-akron', 'text': 'Estadio AKRON'}","{'type': 'link', 'href': 'https://www.ligafemenil.mx/cancha/mxm/102104/eyJpZERpdmlzaW9uIjoiMTQiLCJpZFRlbXBvcmFkYSI6IjcwIiwiaWRUb3JuZW8iOiIyIiwiaWRDbHVibG9jYWwiOiIxMTE4MiIsImlkQ2x1YnZpc2l0YSI6IjExMTg0IiwiaWRQYXJ0aWRvIjoiMTAyMTA0IiwicGVzdGFuYSI6IjEifQ==/minuto-a-minuto-guadalajara-vs-pachuca-jornada-5-estadio-akron-fox-sports', 'text': ''}","{'type': 'link', 'href': 'https://www.ligafemenil.mx/cancha/mxm/102104/eyJpZERpdmlzaW9uIjoiMTQiLCJpZFRlbXBvcmFkYSI6IjcwIiwiaWRUb3JuZW8iOiIyIiwiaWRDbHVibG9jYWwiOiIxMTE4MiIsImlkQ2x1YnZpc2l0YSI6IjExMTg0IiwiaWRQYXJ0aWRvIjoiMTAyMTA0IiwicGVzdGFuYSI6IjMifQ==/minuto-a-minuto-guadalajara-vs-pachuca-jornada-5-estadio-akron-fox-sports', 'text': ''}","{'type': 'link', 'href': 'https://www.ligafemenil.mx/cancha/informeArbitral/102104/eyJpZERpdmlzaW9uIjoiMTQiLCJpZFRlbXBvcmFkYSI6IjcwIiwiaWRUb3JuZW8iOiIyIiwiaWRDbHVibG9jYWwiOiIxMTE4MiIsImlkQ2x1YnZpc2l0YSI6IjExMTg0In0=/informe-arbitral-guadalajara-vs-pachuca-jornada-5-estadio-akron-fox-sports', 'text': ''}","{'type': 'link', 'href': 'https://www.ligafemenil.mx/cancha/mxm/102104/eyJpZERpdmlzaW9uIjoiMTQiLCJpZFRlbXBvcmFkYSI6IjcwIiwiaWRUb3JuZW8iOiIyIiwiaWRDbHVibG9jYWwiOiIxMTE4MiIsImlkQ2x1YnZpc2l0YSI6IjExMTg0IiwiaWRQYXJ0aWRvIjoiMTAyMTA0IiwicGVzdGFuYSI6IjQifQ==/minuto-a-minuto-guadalajara-vs-pachuca-jornada-5-estadio-akron-fox-sports', 'text': ''}","{'type': 'link', 'href': 'https://www.ligafemenil.mx/cancha/galeria/MTAyMTA0LzUvNzAvMi8xNA==/guadalajara-vs-pachuca', 'text': ''}","{'type': 'link', 'href': 'https://www.ligafemenil.mx/cancha/playlist/102104/guadalajara-vs-pachuca', 'text': ''}"
2019-2020,Clausura,"{'type': 'text', 'value': 'Lunes 3 de Febrero de 2020\nTemporada 2019-2020\nTorneo Clausura\nJornada 5\n3 Febrero 2020 - 19:00 hrs.'}","{'type': 'link', 'href': 'https://www.ligafemenil.mx/cancha/club/11243/leon', 'text': ''}","{'type': 'link', 'href': 'https://www.ligafemenil.mx/cancha/informeArbitral/102106/eyJpZERpdmlzaW9uIjoiMTQiLCJpZFRlbXBvcmFkYSI6IjcwIiwiaWRUb3JuZW8iOiIyIiwiaWRDbHVibG9jYWwiOjExMjQzLCJpZENsdWJ2aXNpdGEiOjExMTg3fQ==/informe-arbitral-leon-vs-toluca-jornada-5-estadio-nou-camp', 'text': '5 - 1'}","{'type': 'link', 'href': 'https://www.ligafemenil.mx/cancha/club/11187/toluca', 'text': ''}","{'type': 'link', 'href': 'https://www.ligafemenil.mx/cancha/estadio/23/estadio-nou-camp', 'text': 'Nou Camp'}","{'type': 'link', 'href': 'https://www.ligafemenil.mx/cancha/mxm/102106/eyJpZERpdmlzaW9uIjoiMTQiLCJpZFRlbXBvcmFkYSI6IjcwIiwiaWRUb3JuZW8iOiIyIiwiaWRDbHVibG9jYWwiOiIxMTI0MyIsImlkQ2x1YnZpc2l0YSI6IjExMTg3IiwiaWRQYXJ0aWRvIjoiMTAyMTA2IiwicGVzdGFuYSI6IjEifQ==/minuto-a-minuto-leon-vs-toluca-jornada-5-estadio-nou-camp', 'text': ''}","{'type': 'link', 'href': 'https://www.ligafemenil.mx/cancha/mxm/102106/eyJpZERpdmlzaW9uIjoiMTQiLCJpZFRlbXBvcmFkYSI6IjcwIiwiaWRUb3JuZW8iOiIyIiwiaWRDbHVibG9jYWwiOiIxMTI0MyIsImlkQ2x1YnZpc2l0YSI6IjExMTg3IiwiaWRQYXJ0aWRvIjoiMTAyMTA2IiwicGVzdGFuYSI6IjMifQ==/minuto-a-minuto-leon-vs-toluca-jornada-5-estadio-nou-camp', 'text': ''}","{'type': 'link', 'href': 'https://www.ligafemenil.mx/cancha/informeArbitral/102106/eyJpZERpdmlzaW9uIjoiMTQiLCJpZFRlbXBvcmFkYSI6IjcwIiwiaWRUb3JuZW8iOiIyIiwiaWRDbHVibG9jYWwiOiIxMTI0MyIsImlkQ2x1YnZpc2l0YSI6IjExMTg3In0=/informe-arbitral-leon-vs-toluca-jornada-5-estadio-nou-camp', 'text': ''}","{'type': 'link', 'href': 'https://www.ligafemenil.mx/cancha/mxm/102106/eyJpZERpdmlzaW9uIjoiMTQiLCJpZFRlbXBvcmFkYSI6IjcwIiwiaWRUb3JuZW8iOiIyIiwiaWRDbHVibG9jYWwiOiIxMTI0MyIsImlkQ2x1YnZpc2l0YSI6IjExMTg3IiwiaWRQYXJ0aWRvIjoiMTAyMTA2IiwicGVzdGFuYSI6IjQifQ==/minuto-a-minuto-leon-vs-toluca-jornada-5-estadio-nou-camp', 'text': ''}","{'type': 'link', 'href': 'https://www.ligafemenil.mx/cancha/galeria/MTAyMTA2LzUvNzAvMi8xNA==/leon-vs-toluca', 'text': ''}","{'type': 'link', 'href': 'https://www.ligafemenil.mx/cancha/playlist/102106/leon-vs-toluca', 'text': ''}"
2019-2020,Clausura,"{'type': 'text', 'value': 'Lunes 3 de Febrero de 2020\nTemporada 2019-2020\nTorneo Clausura\nJornada 5\n3 Febrero 2020 - 19:00 hrs.'}","{'type': 'link', 'href': 'https://www.ligafemenil.mx/cancha/club/11180/tijuana', 'text': ''}","{'type': 'link', 'href': 'https://www.ligafemenil.mx/cancha/informeArbitral/102108/eyJpZERpdmlzaW9uIjoiMTQiLCJpZFRlbXBvcmFkYSI6IjcwIiwiaWRUb3JuZW8iOiIyIiwiaWRDbHVibG9jYWwiOjExMTgwLCJpZENsdWJ2aXNpdGEiOjExNzk1fQ==/informe-arbitral-tijuana-vs-fc-juarez-jornada-5-estadio-caliente-fox-sports', 'text': '2 - 0'}","{'type': 'link', 'href': 'https://www.ligafemenil.mx/cancha/club/11795/fc-juarez', 'text': ''}","{'type': 'link', 'href': 'https://www.ligafemenil.mx/cancha/estadio/48/estadio-caliente', 'text': 'Caliente'}","{'type': 'link', 'href': 'https://www.ligafemenil.mx/cancha/mxm/102108/eyJpZERpdmlzaW9uIjoiMTQiLCJpZFRlbXBvcmFkYSI6IjcwIiwiaWRUb3JuZW8iOiIyIiwiaWRDbHVibG9jYWwiOiIxMTE4MCIsImlkQ2x1YnZpc2l0YSI6IjExNzk1IiwiaWRQYXJ0aWRvIjoiMTAyMTA4IiwicGVzdGFuYSI6IjEifQ==/minuto-a-minuto-tijuana-vs-fc-juarez-jornada-5-estadio-caliente-fox-sports', 'text': ''}","{'type': 'link', 'href': 'https://www.ligafemenil.mx/cancha/mxm/102108/eyJpZERpdmlzaW9uIjoiMTQiLCJpZFRlbXBvcmFkYSI6IjcwIiwiaWRUb3JuZW8iOiIyIiwiaWRDbHVibG9jYWwiOiIxMTE4MCIsImlkQ2x1YnZpc2l0YSI6IjExNzk1IiwiaWRQYXJ0aWRvIjoiMTAyMTA4IiwicGVzdGFuYSI6IjMifQ==/minuto-a-minuto-tijuana-vs-fc-juarez-jornada-5-estadio-caliente-fox-sports', 'text': ''}","{'type': 'link', 'href': 'https://www.ligafemenil.mx/cancha/informeArbitral/102108/eyJpZERpdmlzaW9uIjoiMTQiLCJpZFRlbXBvcmFkYSI6IjcwIiwiaWRUb3JuZW8iOiIyIiwiaWRDbHVibG9jYWwiOiIxMTE4MCIsImlkQ2x1YnZpc2l0YSI6IjExNzk1In0=/informe-arbitral-tijuana-vs-fc-juarez-jornada-5-estadio-caliente-fox-sports', 'text': ''}","{'type': 'link', 'href': 'https://www.ligafemenil.mx/cancha/mxm/102108/eyJpZERpdmlzaW9uIjoiMTQiLCJpZFRlbXBvcmFkYSI6IjcwIiwiaWRUb3JuZW8iOiIyIiwiaWRDbHVibG9jYWwiOiIxMTE4MCIsImlkQ2x1YnZpc2l0YSI6IjExNzk1IiwiaWRQYXJ0aWRvIjoiMTAyMTA4IiwicGVzdGFuYSI6IjQifQ==/minuto-a-minuto-tijuana-vs-fc-juarez-jornada-5-estadio-caliente-fox-sports', 'text': ''}","{'type': 'link', 'href': 'https://www.ligafemenil.mx/cancha/galeria/MTAyMTA4LzUvNzAvMi8xNA==/tijuana-vs-fc-juarez', 'text': ''}","{'type': 'link', 'href': 'https://www.ligafemenil.mx/cancha/playlist/102108/tijuana-vs-fc-juarez', 'text': ''}"
2019-2020,Clausura,"{'type': 'text', 'value': 'Viernes 7 de Febrero de 2020\nTemporada 2019-2020\nTorneo Clausura\nJornada 6\n7 Febrero 2020 - 16:00 hrs.'}","{'type': 'link', 'href': 'https://www.ligafemenil.mx/cancha/club/11189/necaxa', 'text': ''}","{'type': 'link', 'href': 'https://www.ligafemenil.mx/cancha/informeArbitral/102109/eyJpZERpdmlzaW9uIjoiMTQiLCJpZFRlbXBvcmFkYSI6IjcwIiwiaWRUb3JuZW8iOiIyIiwiaWRDbHVibG9jYWwiOjExMTg5LCJpZENsdWJ2aXNpdGEiOjExMTg2fQ==/informe-arbitral-necaxa-vs-tigres-de-la-uanl-jornada-6-estadio-victoria-claro-sports', 'text': '1 - 4'}","{'type': 'link', 'href': 'https://www.ligafemenil.mx/cancha/club/11186/tigres-de-la-uanl', 'text': ''}","{'type': 'link', 'href': 'https://www.ligafemenil.mx/cancha/estadio/15/estadio-victoria', 'text': 'Victoria'}","{'type': 'link', 'href': 'https://www.ligafemenil.mx/cancha/mxm/102109/eyJpZERpdmlzaW9uIjoiMTQiLCJpZFRlbXBvcmFkYSI6IjcwIiwiaWRUb3JuZW8iOiIyIiwiaWRDbHVibG9jYWwiOiIxMTE4OSIsImlkQ2x1YnZpc2l0YSI6IjExMTg2IiwiaWRQYXJ0aWRvIjoiMTAyMTA5IiwicGVzdGFuYSI6IjEifQ==/minuto-a-minuto-necaxa-vs-tigres-de-la-uanl-jornada-6-estadio-victoria-claro-sports', 'text': ''}","{'type': 'link', 'href': 'https://www.ligafemenil.mx/cancha/mxm/102109/eyJpZERpdmlzaW9uIjoiMTQiLCJpZFRlbXBvcmFkYSI6IjcwIiwiaWRUb3JuZW8iOiIyIiwiaWRDbHVibG9jYWwiOiIxMTE4OSIsImlkQ2x1YnZpc2l0YSI6IjExMTg2IiwiaWRQYXJ0aWRvIjoiMTAyMTA5IiwicGVzdGFuYSI6IjMifQ==/minuto-a-minuto-necaxa-vs-tigres-de-la-uanl-jornada-6-estadio-victoria-claro-sports', 'text': ''}","{'type': 'link', 'href': 'https://www.ligafemenil.mx/cancha/informeArbitral/102109/eyJpZERpdmlzaW9uIjoiMTQiLCJpZFRlbXBvcmFkYSI6IjcwIiwiaWRUb3JuZW8iOiIyIiwiaWRDbHVibG9jYWwiOiIxMTE4OSIsImlkQ2x1YnZpc2l0YSI6IjExMTg2In0=/informe-arbitral-necaxa-vs-tigres-de-la-uanl-jornada-6-estadio-victoria-claro-sports', 'text': ''}","{'type': 'link', 'href': 'https://www.ligafemenil.mx/cancha/mxm/102109/eyJpZERpdmlzaW9uIjoiMTQiLCJpZFRlbXBvcmFkYSI6IjcwIiwiaWRUb3JuZW8iOiIyIiwiaWRDbHVibG9jYWwiOiIxMTE4OSIsImlkQ2x1YnZpc2l0YSI6IjExMTg2IiwiaWRQYXJ0aWRvIjoiMTAyMTA5IiwicGVzdGFuYSI6IjQifQ==/minuto-a-minuto-necaxa-vs-tigres-de-la-uanl-jornada-6-estadio-victoria-claro-sports', 'text': ''}","{'type': 'link', 'href': 'https://www.ligafemenil.mx/cancha/galeria/MTAyMTA5LzYvNzAvMi8xNA==/necaxa-vs-tigres-de-la-uanl', 'text': ''}","{'type': 'link', 'href': 'https://www.ligafemenil.mx/cancha/playlist/102109/necaxa-vs-tigres-de-la-uanl', 'text': ''}"
2019-2020,Clausura,"{'type': 'text', 'value': 'Viernes 7 de Febrero de 2020\nTemporada 2019-2020\nTorneo Clausura\nJornada 6\n7 Febrero 2020 - 18:00 hrs.'}","{'type': 'link', 'href': 'https://www.ligafemenil.mx/cancha/club/11795/fc-juarez', 'text': ''}","{'type': 'link', 'href': 'https://www.ligafemenil.mx/cancha/informeArbitral/102110/eyJpZERpdmlzaW9uIjoiMTQiLCJpZFRlbXBvcmFkYSI6IjcwIiwiaWRUb3JuZW8iOiIyIiwiaWRDbHVibG9jYWwiOjExNzk1LCJpZENsdWJ2aXNpdGEiOjExMTgxfQ==/informe-arbitral-fc-juarez-vs-cruz-azul-jornada-6-estadio-olimpico-benito-juarez-tudn', 'text': '1 - 1'}","{'type': 'link', 'href': 'https://www.ligafemenil.mx/cancha/club/11181/cruz-azul', 'text': ''}","{'type': 'link', 'href': 'https://www.ligafemenil.mx/cancha/estadio/17/estadio-olimpico-benito-juarez', 'text': 'Olímpico Benito Juárez'}","{'type': 'link', 'href': 'https://www.ligafemenil.mx/cancha/mxm/102110/eyJpZERpdmlzaW9uIjoiMTQiLCJpZFRlbXBvcmFkYSI6IjcwIiwiaWRUb3JuZW8iOiIyIiwiaWRDbHVibG9jYWwiOiIxMTc5NSIsImlkQ2x1YnZpc2l0YSI6IjExMTgxIiwiaWRQYXJ0aWRvIjoiMTAyMTEwIiwicGVzdGFuYSI6IjEifQ==/minuto-a-minuto-fc-juarez-vs-cruz-azul-jornada-6-estadio-olimpico-benito-juarez-tudn', 'text': ''}","{'type': 'link', 'href': 'https://www.ligafemenil.mx/cancha/mxm/102110/eyJpZERpdmlzaW9uIjoiMTQiLCJpZFRlbXBvcmFkYSI6IjcwIiwiaWRUb3JuZW8iOiIyIiwiaWRDbHVibG9jYWwiOiIxMTc5NSIsImlkQ2x1YnZpc2l0YSI6IjExMTgxIiwiaWRQYXJ0aWRvIjoiMTAyMTEwIiwicGVzdGFuYSI6IjMifQ==/minuto-a-minuto-fc-juarez-vs-cruz-azul-jornada-6-estadio-olimpico-benito-juarez-tudn', 'text': ''}","{'type': 'link', 'href': 'https://www.ligafemenil.mx/cancha/informeArbitral/102110/eyJpZERpdmlzaW9uIjoiMTQiLCJpZFRlbXBvcmFkYSI6IjcwIiwiaWRUb3JuZW8iOiIyIiwiaWRDbHVibG9jYWwiOiIxMTc5NSIsImlkQ2x1YnZpc2l0YSI6IjExMTgxIn0=/informe-arbitral-fc-juarez-vs-cruz-azul-jornada-6-estadio-olimpico-benito-juarez-tudn', 'text': ''}","{'type': 'link', 'href': 'https://www.ligafemenil.mx/cancha/mxm/102110/eyJpZERpdmlzaW9uIjoiMTQiLCJpZFRlbXBvcmFkYSI6IjcwIiwiaWRUb3JuZW8iOiIyIiwiaWRDbHVibG9jYWwiOiIxMTc5NSIsImlkQ2x1YnZpc2l0YSI6IjExMTgxIiwiaWRQYXJ0aWRvIjoiMTAyMTEwIiwicGVzdGFuYSI6IjQifQ==/minuto-a-minuto-fc-juarez-vs-cruz-azul-jornada-6-estadio-olimpico-benito-juarez-tudn', 'text': ''}","{'type': 'link', 'href': 'https://www.ligafemenil.mx/cancha/galeria/MTAyMTEwLzYvNzAvMi8xNA==/fc-juarez-vs-cruz-azul', 'text': ''}","{'type': 'link', 'href': 'https://www.ligafemenil.mx/cancha/playlist/102110/fc-juarez-vs-cruz-azul', 'text': ''}"
2019-2020,Clausura,"{'type': 'text', 'value': 'Sábado 8 de Febrero de 2020\nTemporada 2019-2020\nTorneo Clausura\nJornada 6\n8 Febrero 2020 - 10:00 hrs.'}","{'type': 'link', 'href': 'https://www.ligafemenil.mx/cancha/club/11191/america', 'text': ''}","{'type': 'link', 'href': 'https://www.ligafemenil.mx/cancha/informeArbitral/102113/eyJpZERpdmlzaW9uIjoiMTQiLCJpZFRlbXBvcmFkYSI6IjcwIiwiaWRUb3JuZW8iOiIyIiwiaWRDbHVibG9jYWwiOjExMTkxLCJpZENsdWJ2aXNpdGEiOjExMjQ0fQ==/informe-arbitral-america-vs-queretaro-jornada-6-estadio-cancha-centenario-no-5-natural-instalaciones-club-america-tudn', 'text': '4 - 1'}","{'type': 'link', 'href': 'https://www.ligafemenil.mx/cancha/club/11244/queretaro', 'text': ''}","{'type': 'link', 'href': 'https://www.ligafemenil.mx/cancha/estadio/1421/estadio-cancha-centenario-no-5-natural-instalaciones-club-america', 'text': 'Cancha Centenario No. 5 (Natural) Instalaciones Club América'}","{'type': 'link', 'href': 'https://www.ligafemenil.mx/cancha/mxm/102113/eyJpZERpdmlzaW9uIjoiMTQiLCJpZFRlbXBvcmFkYSI6IjcwIiwiaWRUb3JuZW8iOiIyIiwiaWRDbHVibG9jYWwiOiIxMTE5MSIsImlkQ2x1YnZpc2l0YSI6IjExMjQ0IiwiaWRQYXJ0aWRvIjoiMTAyMTEzIiwicGVzdGFuYSI6IjEifQ==/minuto-a-minuto-america-vs-queretaro-jornada-6-estadio-cancha-centenario-no-5-natural-instalaciones-club-america-tudn', 'text': ''}","{'type': 'link', 'href': 'https://www.ligafemenil.mx/cancha/mxm/102113/eyJpZERpdmlzaW9uIjoiMTQiLCJpZFRlbXBvcmFkYSI6IjcwIiwiaWRUb3JuZW8iOiIyIiwiaWRDbHVibG9jYWwiOiIxMTE5MSIsImlkQ2x1YnZpc2l0YSI6IjExMjQ0IiwiaWRQYXJ0aWRvIjoiMTAyMTEzIiwicGVzdGFuYSI6IjMifQ==/minuto-a-minuto-america-vs-queretaro-jornada-6-estadio-cancha-centenario-no-5-natural-instalaciones-club-america-tudn', 'text': ''}","{'type': 'link', 'href': 'https://www.ligafemenil.mx/cancha/informeArbitral/102113/eyJpZERpdmlzaW9uIjoiMTQiLCJpZFRlbXBvcmFkYSI6IjcwIiwiaWRUb3JuZW8iOiIyIiwiaWRDbHVibG9jYWwiOiIxMTE5MSIsImlkQ2x1YnZpc2l0YSI6IjExMjQ0In0=/informe-arbitral-america-vs-queretaro-jornada-6-estadio-cancha-centenario-no-5-natural-instalaciones-club-america-tudn', 'text': ''}","{'type': 'link', 'href': 'https://www.ligafemenil.mx/cancha/mxm/102113/eyJpZERpdmlzaW9uIjoiMTQiLCJpZFRlbXBvcmFkYSI6IjcwIiwiaWRUb3JuZW8iOiIyIiwiaWRDbHVibG9jYWwiOiIxMTE5MSIsImlkQ2x1YnZpc2l0YSI6IjExMjQ0IiwiaWRQYXJ0aWRvIjoiMTAyMTEzIiwicGVzdGFuYSI6IjQifQ==/minuto-a-minuto-america-vs-queretaro-jornada-6-estadio-cancha-centenario-no-5-natural-instalaciones-club-america-tudn', 'text': ''}","{'type': 'link', 'href': 'https://www.ligafemenil.mx/cancha/galeria/MTAyMTEzLzYvNzAvMi8xNA==/america-vs-queretaro', 'text': ''}","{'type': 'link', 'href': 'https://www.ligafemenil.mx/cancha/playlist/102113/america-vs-queretaro', 'text': ''}"
2019-2020,Clausura,"{'type': 'text', 'value': 'Sábado 8 de Febrero de 2020\nTemporada 2019-2020\nTorneo Clausura\nJornada 6\n8 Febrero 2020 - 11:00 hrs.'}","{'type': 'link', 'href': 'https://www.ligafemenil.mx/cancha/club/11245/atlas', 'text': ''}","{'type': 'link', 'href': 'https://www.ligafemenil.mx/cancha/informeArbitral/102111/eyJpZERpdmlzaW9uIjoiMTQiLCJpZFRlbXBvcmFkYSI6IjcwIiwiaWRUb3JuZW8iOiIyIiwiaWRDbHVibG9jYWwiOjExMjQ1LCJpZENsdWJ2aXNpdGEiOjExMTgwfQ==/informe-arbitral-atlas-vs-tijuana-jornada-6-estadio-cancha-alfredo-pistache-torres-tvc-deportes', 'text': '2 - 2'}","{'type': 'link', 'href': 'https://www.ligafemenil.mx/cancha/club/11180/tijuana', 'text': ''}","{'type': 'link', 'href': 'https://www.ligafemenil.mx/cancha/estadio/881/estadio-cancha-alfredo-pistache-torres', 'text': 'CANCHA ALFREDO PISTACHE TORRES'}","{'type': 'link', 'href': 'https://www.ligafemenil.mx/cancha/mxm/102111/eyJpZERpdmlzaW9uIjoiMTQiLCJpZFRlbXBvcmFkYSI6IjcwIiwiaWRUb3JuZW8iOiIyIiwiaWRDbHVibG9jYWwiOiIxMTI0NSIsImlkQ2x1YnZpc2l0YSI6IjExMTgwIiwiaWRQYXJ0aWRvIjoiMTAyMTExIiwicGVzdGFuYSI6IjEifQ==/minuto-a-minuto-atlas-vs-tijuana-jornada-6-estadio-cancha-alfredo-pistache-torres-tvc-deportes', 'text': ''}","{'type': 'link', 'href': 'https://www.ligafemenil.mx/cancha/mxm/102111/eyJpZERpdmlzaW9uIjoiMTQiLCJpZFRlbXBvcmFkYSI6IjcwIiwiaWRUb3JuZW8iOiIyIiwiaWRDbHVibG9jYWwiOiIxMTI0NSIsImlkQ2x1YnZpc2l0YSI6IjExMTgwIiwiaWRQYXJ0aWRvIjoiMTAyMTExIiwicGVzdGFuYSI6IjMifQ==/minuto-a-minuto-atlas-vs-tijuana-jornada-6-estadio-cancha-alfredo-pistache-torres-tvc-deportes', 'text': ''}","{'type': 'link', 'href': 'https://www.ligafemenil.mx/cancha/informeArbitral/102111/eyJpZERpdmlzaW9uIjoiMTQiLCJpZFRlbXBvcmFkYSI6IjcwIiwiaWRUb3JuZW8iOiIyIiwiaWRDbHVibG9jYWwiOiIxMTI0NSIsImlkQ2x1YnZpc2l0YSI6IjExMTgwIn0=/informe-arbitral-atlas-vs-tijuana-jornada-6-estadio-cancha-alfredo-pistache-torres-tvc-deportes', 'text': ''}","{'type': 'link', 'href': 'https://www.ligafemenil.mx/cancha/mxm/102111/eyJpZERpdmlzaW9uIjoiMTQiLCJpZFRlbXBvcmFkYSI6IjcwIiwiaWRUb3JuZW8iOiIyIiwiaWRDbHVibG9jYWwiOiIxMTI0NSIsImlkQ2x1YnZpc2l0YSI6IjExMTgwIiwiaWRQYXJ0aWRvIjoiMTAyMTExIiwicGVzdGFuYSI6IjQifQ==/minuto-a-minuto-atlas-vs-tijuana-jornada-6-estadio-cancha-alfredo-pistache-torres-tvc-deportes', 'text': ''}","{'type': 'link', 'href': 'https://www.ligafemenil.mx/cancha/galeria/MTAyMTExLzYvNzAvMi8xNA==/atlas-vs-tijuana', 'text': ''}","{'type': 'link', 'href': 'https://www.ligafemenil.mx/cancha/playlist/102111/atlas-vs-tijuana', 'text': ''}"
2019-2020,Clausura,"{'type': 'text', 'value': 'Domingo 9 de Febrero de 2020\nTemporada 2019-2020\nTorneo Clausura\nJornada 6\n9 Febrero 2020 - 10:30 hrs.'}","{'type': 'link', 'href': 'https://www.ligafemenil.mx/cancha/club/11185/rayados-de-monterrey', 'text': ''}","{'type': 'link', 'href': 'https://www.ligafemenil.mx/cancha/informeArbitral/102116/eyJpZERpdmlzaW9uIjoiMTQiLCJpZFRlbXBvcmFkYSI6IjcwIiwiaWRUb3JuZW8iOiIyIiwiaWRDbHVibG9jYWwiOjExMTg1LCJpZENsdWJ2aXNpdGEiOjExMjQzfQ==/informe-arbitral-rayados-de-monterrey-vs-leon-jornada-6-estadio-el-barrial', 'text': '2 - 3'}","{'type': 'link', 'href': 'https://www.ligafemenil.mx/cancha/club/11243/leon', 'text': ''}","{'type': 'link', 'href': 'https://www.ligafemenil.mx/cancha/estadio/675/estadio-el-barrial', 'text': 'El Barrial'}","{'type': 'link', 'href': 'https://www.ligafemenil.mx/cancha/mxm/102116/eyJpZERpdmlzaW9uIjoiMTQiLCJpZFRlbXBvcmFkYSI6IjcwIiwiaWRUb3JuZW8iOiIyIiwiaWRDbHVibG9jYWwiOiIxMTE4NSIsImlkQ2x1YnZpc2l0YSI6IjExMjQzIiwiaWRQYXJ0aWRvIjoiMTAyMTE2IiwicGVzdGFuYSI6IjEifQ==/minuto-a-minuto-rayados-de-monterrey-vs-leon-jornada-6-estadio-el-barrial', 'text': ''}","{'type': 'link', 'href': 'https://www.ligafemenil.mx/cancha/mxm/102116/eyJpZERpdmlzaW9uIjoiMTQiLCJpZFRlbXBvcmFkYSI6IjcwIiwiaWRUb3JuZW8iOiIyIiwiaWRDbHVibG9jYWwiOiIxMTE4NSIsImlkQ2x1YnZpc2l0YSI6IjExMjQzIiwiaWRQYXJ0aWRvIjoiMTAyMTE2IiwicGVzdGFuYSI6IjMifQ==/minuto-a-minuto-rayados-de-monterrey-vs-leon-jornada-6-estadio-el-barrial', 'text': ''}","{'type': 'link', 'href': 'https://www.ligafemenil.mx/cancha/informeArbitral/102116/eyJpZERpdmlzaW9uIjoiMTQiLCJpZFRlbXBvcmFkYSI6IjcwIiwiaWRUb3JuZW8iOiIyIiwiaWRDbHVibG9jYWwiOiIxMTE4NSIsImlkQ2x1YnZpc2l0YSI6IjExMjQzIn0=/informe-arbitral-rayados-de-monterrey-vs-leon-jornada-6-estadio-el-barrial', 'text': ''}","{'type': 'link', 'href': 'https://www.ligafemenil.mx/cancha/mxm/102116/eyJpZERpdmlzaW9uIjoiMTQiLCJpZFRlbXBvcmFkYSI6IjcwIiwiaWRUb3JuZW8iOiIyIiwiaWRDbHVibG9jYWwiOiIxMTE4NSIsImlkQ2x1YnZpc2l0YSI6IjExMjQzIiwiaWRQYXJ0aWRvIjoiMTAyMTE2IiwicGVzdGFuYSI6IjQifQ==/minuto-a-minuto-rayados-de-monterrey-vs-leon-jornada-6-estadio-el-barrial', 'text': ''}","{'type': 'link', 'href': 'https://www.ligafemenil.mx/cancha/galeria/MTAyMTE2LzYvNzAvMi8xNA==/rayados-de-monterrey-vs-leon', 'text': ''}","{'type': 'link', 'href': 'https://www.ligafemenil.mx/cancha/playlist/102116/rayados-de-monterrey-vs-leon', 'text': ''}"
2019-2020,Clausura,"{'type': 'text', 'value': 'Lunes 10 de Febrero de 2020\nTemporada 2019-2020\nTorneo Clausura\nJornada 6\n10 Febrero 2020 - 17:00 hrs.'}","{'type': 'link', 'href': 'https://www.ligafemenil.mx/cancha/club/11187/toluca', 'text': ''}","{'type': 'link', 'href': 'https://www.ligafemenil.mx/cancha/informeArbitral/102112/eyJpZERpdmlzaW9uIjoiMTQiLCJpZFRlbXBvcmFkYSI6IjcwIiwiaWRUb3JuZW8iOiIyIiwiaWRDbHVibG9jYWwiOjExMTg3LCJpZENsdWJ2aXNpdGEiOjExNTQzfQ==/informe-arbitral-toluca-vs-puebla-fc-jornada-6-estadio-nemesio-diez-tudn', 'text': '0 - 1'}","{'type': 'link', 'href': 'https://www.ligafemenil.mx/cancha/club/11543/puebla-fc', 'text': ''}","{'type': 'link', 'href': 'https://www.ligafemenil.mx/cancha/estadio/6/estadio-nemesio-diez', 'text': 'Nemesio Diez'}","{'type': 'link', 'href': 'https://www.ligafemenil.mx/cancha/mxm/102112/eyJpZERpdmlzaW9uIjoiMTQiLCJpZFRlbXBvcmFkYSI6IjcwIiwiaWRUb3JuZW8iOiIyIiwiaWRDbHVibG9jYWwiOiIxMTE4NyIsImlkQ2x1YnZpc2l0YSI6IjExNTQzIiwiaWRQYXJ0aWRvIjoiMTAyMTEyIiwicGVzdGFuYSI6IjEifQ==/minuto-a-minuto-toluca-vs-puebla-fc-jornada-6-estadio-nemesio-diez-tudn', 'text': ''}","{'type': 'link', 'href': 'https://www.ligafemenil.mx/cancha/mxm/102112/eyJpZERpdmlzaW9uIjoiMTQiLCJpZFRlbXBvcmFkYSI6IjcwIiwiaWRUb3JuZW8iOiIyIiwiaWRDbHVibG9jYWwiOiIxMTE4NyIsImlkQ2x1YnZpc2l0YSI6IjExNTQzIiwiaWRQYXJ0aWRvIjoiMTAyMTEyIiwicGVzdGFuYSI6IjMifQ==/minuto-a-minuto-toluca-vs-puebla-fc-jornada-6-estadio-nemesio-diez-tudn', 'text': ''}","{'type': 'link', 'href': 'https://www.ligafemenil.mx/cancha/informeArbitral/102112/eyJpZERpdmlzaW9uIjoiMTQiLCJpZFRlbXBvcmFkYSI6IjcwIiwiaWRUb3JuZW8iOiIyIiwiaWRDbHVibG9jYWwiOiIxMTE4NyIsImlkQ2x1YnZpc2l0YSI6IjExNTQzIn0=/informe-arbitral-toluca-vs-puebla-fc-jornada-6-estadio-nemesio-diez-tudn', 'text': ''}","{'type': 'link', 'href': 'https://www.ligafemenil.mx/cancha/mxm/102112/eyJpZERpdmlzaW9uIjoiMTQiLCJpZFRlbXBvcmFkYSI6IjcwIiwiaWRUb3JuZW8iOiIyIiwiaWRDbHVibG9jYWwiOiIxMTE4NyIsImlkQ2x1YnZpc2l0YSI6IjExNTQzIiwiaWRQYXJ0aWRvIjoiMTAyMTEyIiwicGVzdGFuYSI6IjQifQ==/minuto-a-minuto-toluca-vs-puebla-fc-jornada-6-estadio-nemesio-diez-tudn', 'text': ''}","{'type': 'link', 'href': 'https://www.ligafemenil.mx/cancha/galeria/MTAyMTEyLzYvNzAvMi8xNA==/toluca-vs-puebla-fc', 'text': ''}","{'type': 'link', 'href': 'https://www.ligafemenil.mx/cancha/playlist/102112/toluca-vs-puebla-fc', 'text': ''}"
2019-2020,Clausura,"{'type': 'text', 'value': 'Lunes 10 de Febrero de 2020\nTemporada 2019-2020\nTorneo Clausura\nJornada 6\n10 Febrero 2020 - 19:00 hrs.'}","{'type': 'link', 'href': 'https://www.ligafemenil.mx/cancha/club/11184/pachuca', 'text': ''}","{'type': 'link', 'href': 'https://www.ligafemenil.mx/cancha/informeArbitral/102114/eyJpZERpdmlzaW9uIjoiMTQiLCJpZFRlbXBvcmFkYSI6IjcwIiwiaWRUb3JuZW8iOiIyIiwiaWRDbHVibG9jYWwiOjExMTg0LCJpZENsdWJ2aXNpdGEiOjExMTg4fQ==/informe-arbitral-pachuca-vs-pumas-jornada-6-estadio-hidalgo-fox-sports', 'text': '1 - 1'}","{'type': 'link', 'href': 'https://www.ligafemenil.mx/cancha/club/11188/pumas', 'text': ''}","{'type': 'link', 'href': 'https://www.ligafemenil.mx/cancha/estadio/11/estadio-hidalgo', 'text': 'Hidalgo'}","{'type': 'link', 'href': 'https://www.ligafemenil.mx/cancha/mxm/102114/eyJpZERpdmlzaW9uIjoiMTQiLCJpZFRlbXBvcmFkYSI6IjcwIiwiaWRUb3JuZW8iOiIyIiwiaWRDbHVibG9jYWwiOiIxMTE4NCIsImlkQ2x1YnZpc2l0YSI6IjExMTg4IiwiaWRQYXJ0aWRvIjoiMTAyMTE0IiwicGVzdGFuYSI6IjEifQ==/minuto-a-minuto-pachuca-vs-pumas-jornada-6-estadio-hidalgo-fox-sports', 'text': ''}","{'type': 'link', 'href': 'https://www.ligafemenil.mx/cancha/mxm/102114/eyJpZERpdmlzaW9uIjoiMTQiLCJpZFRlbXBvcmFkYSI6IjcwIiwiaWRUb3JuZW8iOiIyIiwiaWRDbHVibG9jYWwiOiIxMTE4NCIsImlkQ2x1YnZpc2l0YSI6IjExMTg4IiwiaWRQYXJ0aWRvIjoiMTAyMTE0IiwicGVzdGFuYSI6IjMifQ==/minuto-a-minuto-pachuca-vs-pumas-jornada-6-estadio-hidalgo-fox-sports', 'text': ''}","{'type': 'link', 'href': 'https://www.ligafemenil.mx/cancha/informeArbitral/102114/eyJpZERpdmlzaW9uIjoiMTQiLCJpZFRlbXBvcmFkYSI6IjcwIiwiaWRUb3JuZW8iOiIyIiwiaWRDbHVibG9jYWwiOiIxMTE4NCIsImlkQ2x1YnZpc2l0YSI6IjExMTg4In0=/informe-arbitral-pachuca-vs-pumas-jornada-6-estadio-hidalgo-fox-sports', 'text': ''}","{'type': 'link', 'href': 'https://www.ligafemenil.mx/cancha/mxm/102114/eyJpZERpdmlzaW9uIjoiMTQiLCJpZFRlbXBvcmFkYSI6IjcwIiwiaWRUb3JuZW8iOiIyIiwiaWRDbHVibG9jYWwiOiIxMTE4NCIsImlkQ2x1YnZpc2l0YSI6IjExMTg4IiwiaWRQYXJ0aWRvIjoiMTAyMTE0IiwicGVzdGFuYSI6IjQifQ==/minuto-a-minuto-pachuca-vs-pumas-jornada-6-estadio-hidalgo-fox-sports', 'text': ''}","{'type': 'link', 'href': 'https://www.ligafemenil.mx/cancha/galeria/MTAyMTE0LzYvNzAvMi8xNA==/pachuca-vs-pumas', 'text': ''}","{'type': 'link', 'href': 'https://www.ligafemenil.mx/cancha/playlist/102114/pachuca-vs-pumas', 'text': ''}"
2019-2020,Clausura,"{'type': 'text', 'value': 'Lunes 10 de Febrero de 2020\nTemporada 2019-2020\nTorneo Clausura\nJornada 6\n10 Febrero 2020 - 20:00 hrs.'}","{'type': 'link', 'href': 'https://www.ligafemenil.mx/cancha/club/11778/club-atletico-de-san-luis', 'text': ''}","{'type': 'link', 'href': 'https://www.ligafemenil.mx/cancha/informeArbitral/102115/eyJpZERpdmlzaW9uIjoiMTQiLCJpZFRlbXBvcmFkYSI6IjcwIiwiaWRUb3JuZW8iOiIyIiwiaWRDbHVibG9jYWwiOjExNzc4LCJpZENsdWJ2aXNpdGEiOjExMTgzfQ==/informe-arbitral-club-atletico-de-san-luis-vs-m-morelia-jornada-6-estadio-alfonso-lastras-ramirez', 'text': '1 - 3'}","{'type': 'link', 'href': 'https://www.ligafemenil.mx/cancha/club/11183/m-morelia', 'text': ''}","{'type': 'link', 'href': 'https://www.ligafemenil.mx/cancha/estadio/14/estadio-alfonso-lastras-ramirez', 'text': 'Alfonso Lastras Ramírez'}","{'type': 'link', 'href': 'https://www.ligafemenil.mx/cancha/mxm/102115/eyJpZERpdmlzaW9uIjoiMTQiLCJpZFRlbXBvcmFkYSI6IjcwIiwiaWRUb3JuZW8iOiIyIiwiaWRDbHVibG9jYWwiOiIxMTc3OCIsImlkQ2x1YnZpc2l0YSI6IjExMTgzIiwiaWRQYXJ0aWRvIjoiMTAyMTE1IiwicGVzdGFuYSI6IjEifQ==/minuto-a-minuto-club-atletico-de-san-luis-vs-m-morelia-jornada-6-estadio-alfonso-lastras-ramirez', 'text': ''}","{'type': 'link', 'href': 'https://www.ligafemenil.mx/cancha/mxm/102115/eyJpZERpdmlzaW9uIjoiMTQiLCJpZFRlbXBvcmFkYSI6IjcwIiwiaWRUb3JuZW8iOiIyIiwiaWRDbHVibG9jYWwiOiIxMTc3OCIsImlkQ2x1YnZpc2l0YSI6IjExMTgzIiwiaWRQYXJ0aWRvIjoiMTAyMTE1IiwicGVzdGFuYSI6IjMifQ==/minuto-a-minuto-club-atletico-de-san-luis-vs-m-morelia-jornada-6-estadio-alfonso-lastras-ramirez', 'text': ''}","{'type': 'link', 'href': 'https://www.ligafemenil.mx/cancha/informeArbitral/102115/eyJpZERpdmlzaW9uIjoiMTQiLCJpZFRlbXBvcmFkYSI6IjcwIiwiaWRUb3JuZW8iOiIyIiwiaWRDbHVibG9jYWwiOiIxMTc3OCIsImlkQ2x1YnZpc2l0YSI6IjExMTgzIn0=/informe-arbitral-club-atletico-de-san-luis-vs-m-morelia-jornada-6-estadio-alfonso-lastras-ramirez', 'text': ''}","{'type': 'link', 'href': 'https://www.ligafemenil.mx/cancha/mxm/102115/eyJpZERpdmlzaW9uIjoiMTQiLCJpZFRlbXBvcmFkYSI6IjcwIiwiaWRUb3JuZW8iOiIyIiwiaWRDbHVibG9jYWwiOiIxMTc3OCIsImlkQ2x1YnZpc2l0YSI6IjExMTgzIiwiaWRQYXJ0aWRvIjoiMTAyMTE1IiwicGVzdGFuYSI6IjQifQ==/minuto-a-minuto-club-atletico-de-san-luis-vs-m-morelia-jornada-6-estadio-alfonso-lastras-ramirez', 'text': ''}","{'type': 'link', 'href': 'https://www.ligafemenil.mx/cancha/galeria/MTAyMTE1LzYvNzAvMi8xNA==/club-atletico-de-san-luis-vs-m-morelia', 'text': ''}","{'type': 'link', 'href': 'https://www.ligafemenil.mx/cancha/playlist/102115/club-atletico-de-san-luis-vs-m-morelia', 'text': ''}"
2019-2020,Clausura,"{'type': 'text', 'value': 'Lunes 10 de Febrero de 2020\nTemporada 2019-2020\nTorneo Clausura\nJornada 6\n10 Febrero 2020 - 21:00 hrs.'}","{'type': 'link', 'href': 'https://www.ligafemenil.mx/cancha/club/11192/santos-laguna', 'text': ''}","{'type': 'link', 'href': 'https://www.ligafemenil.mx/cancha/informeArbitral/102117/eyJpZERpdmlzaW9uIjoiMTQiLCJpZFRlbXBvcmFkYSI6IjcwIiwiaWRUb3JuZW8iOiIyIiwiaWRDbHVibG9jYWwiOjExMTkyLCJpZENsdWJ2aXNpdGEiOjExMTgyfQ==/informe-arbitral-santos-laguna-vs-guadalajara-jornada-6-estadio-tsm-corona-fox-sports', 'text': '1 - 1'}","{'type': 'link', 'href': 'https://www.ligafemenil.mx/cancha/club/11182/guadalajara', 'text': ''}","{'type': 'link', 'href': 'https://www.ligafemenil.mx/cancha/estadio/63/estadio-tsm-corona', 'text': 'TSM Corona'}","{'type': 'link', 'href': 'https://www.ligafemenil.mx/cancha/mxm/102117/eyJpZERpdmlzaW9uIjoiMTQiLCJpZFRlbXBvcmFkYSI6IjcwIiwiaWRUb3JuZW8iOiIyIiwiaWRDbHVibG9jYWwiOiIxMTE5MiIsImlkQ2x1YnZpc2l0YSI6IjExMTgyIiwiaWRQYXJ0aWRvIjoiMTAyMTE3IiwicGVzdGFuYSI6IjEifQ==/minuto-a-minuto-santos-laguna-vs-guadalajara-jornada-6-estadio-tsm-corona-fox-sports', 'text': ''}","{'type': 'link', 'href': 'https://www.ligafemenil.mx/cancha/mxm/102117/eyJpZERpdmlzaW9uIjoiMTQiLCJpZFRlbXBvcmFkYSI6IjcwIiwiaWRUb3JuZW8iOiIyIiwiaWRDbHVibG9jYWwiOiIxMTE5MiIsImlkQ2x1YnZpc2l0YSI6IjExMTgyIiwiaWRQYXJ0aWRvIjoiMTAyMTE3IiwicGVzdGFuYSI6IjMifQ==/minuto-a-minuto-santos-laguna-vs-guadalajara-jornada-6-estadio-tsm-corona-fox-sports', 'text': ''}","{'type': 'link', 'href': 'https://www.ligafemenil.mx/cancha/informeArbitral/102117/eyJpZERpdmlzaW9uIjoiMTQiLCJpZFRlbXBvcmFkYSI6IjcwIiwiaWRUb3JuZW8iOiIyIiwiaWRDbHVibG9jYWwiOiIxMTE5MiIsImlkQ2x1YnZpc2l0YSI6IjExMTgyIn0=/informe-arbitral-santos-laguna-vs-guadalajara-jornada-6-estadio-tsm-corona-fox-sports', 'text': ''}","{'type': 'link', 'href': 'https://www.ligafemenil.mx/cancha/mxm/102117/eyJpZERpdmlzaW9uIjoiMTQiLCJpZFRlbXBvcmFkYSI6IjcwIiwiaWRUb3JuZW8iOiIyIiwiaWRDbHVibG9jYWwiOiIxMTE5MiIsImlkQ2x1YnZpc2l0YSI6IjExMTgyIiwiaWRQYXJ0aWRvIjoiMTAyMTE3IiwicGVzdGFuYSI6IjQifQ==/minuto-a-minuto-santos-laguna-vs-guadalajara-jornada-6-estadio-tsm-corona-fox-sports', 'text': ''}","{'type': 'link', 'href': 'https://www.ligafemenil.mx/cancha/galeria/MTAyMTE3LzYvNzAvMi8xNA==/santos-laguna-vs-guadalajara', 'text': ''}","{'type': 'link', 'href': 'https://www.ligafemenil.mx/cancha/playlist/102117/santos-laguna-vs-guadalajara', 'text': ''}"
2019-2020,Clausura,"{'type': 'text', 'value': 'Viernes 14 de Febrero de 2020\nTemporada 2019-2020\nTorneo Clausura\nJornada 7\n14 Febrero 2020 - 15:45 hrs.'}","{'type': 'link', 'href': 'https://www.ligafemenil.mx/cancha/club/11181/cruz-azul', 'text': ''}","{'type': 'link', 'href': 'https://www.ligafemenil.mx/cancha/informeArbitral/102119/eyJpZERpdmlzaW9uIjoiMTQiLCJpZFRlbXBvcmFkYSI6IjcwIiwiaWRUb3JuZW8iOiIyIiwiaWRDbHVibG9jYWwiOjExMTgxLCJpZENsdWJ2aXNpdGEiOjExMTkyfQ==/informe-arbitral-cruz-azul-vs-santos-laguna-jornada-7-estadio-10-de-diciembre-tudn', 'text': '3 - 1'}","{'type': 'link', 'href': 'https://www.ligafemenil.mx/cancha/club/11192/santos-laguna', 'text': ''}","{'type': 'link', 'href': 'https://www.ligafemenil.mx/cancha/estadio/30/estadio-10-de-diciembre', 'text': '10 de Diciembre'}","{'type': 'link', 'href': 'https://www.ligafemenil.mx/cancha/mxm/102119/eyJpZERpdmlzaW9uIjoiMTQiLCJpZFRlbXBvcmFkYSI6IjcwIiwiaWRUb3JuZW8iOiIyIiwiaWRDbHVibG9jYWwiOiIxMTE4MSIsImlkQ2x1YnZpc2l0YSI6IjExMTkyIiwiaWRQYXJ0aWRvIjoiMTAyMTE5IiwicGVzdGFuYSI6IjEifQ==/minuto-a-minuto-cruz-azul-vs-santos-laguna-jornada-7-estadio-10-de-diciembre-tudn', 'text': ''}","{'type': 'link', 'href': 'https://www.ligafemenil.mx/cancha/mxm/102119/eyJpZERpdmlzaW9uIjoiMTQiLCJpZFRlbXBvcmFkYSI6IjcwIiwiaWRUb3JuZW8iOiIyIiwiaWRDbHVibG9jYWwiOiIxMTE4MSIsImlkQ2x1YnZpc2l0YSI6IjExMTkyIiwiaWRQYXJ0aWRvIjoiMTAyMTE5IiwicGVzdGFuYSI6IjMifQ==/minuto-a-minuto-cruz-azul-vs-santos-laguna-jornada-7-estadio-10-de-diciembre-tudn', 'text': ''}","{'type': 'link', 'href': 'https://www.ligafemenil.mx/cancha/informeArbitral/102119/eyJpZERpdmlzaW9uIjoiMTQiLCJpZFRlbXBvcmFkYSI6IjcwIiwiaWRUb3JuZW8iOiIyIiwiaWRDbHVibG9jYWwiOiIxMTE4MSIsImlkQ2x1YnZpc2l0YSI6IjExMTkyIn0=/informe-arbitral-cruz-azul-vs-santos-laguna-jornada-7-estadio-10-de-diciembre-tudn', 'text': ''}","{'type': 'link', 'href': 'https://www.ligafemenil.mx/cancha/mxm/102119/eyJpZERpdmlzaW9uIjoiMTQiLCJpZFRlbXBvcmFkYSI6IjcwIiwiaWRUb3JuZW8iOiIyIiwiaWRDbHVibG9jYWwiOiIxMTE4MSIsImlkQ2x1YnZpc2l0YSI6IjExMTkyIiwiaWRQYXJ0aWRvIjoiMTAyMTE5IiwicGVzdGFuYSI6IjQifQ==/minuto-a-minuto-cruz-azul-vs-santos-laguna-jornada-7-estadio-10-de-diciembre-tudn', 'text': ''}","{'type': 'link', 'href': 'https://www.ligafemenil.mx/cancha/galeria/MTAyMTE5LzcvNzAvMi8xNA==/cruz-azul-vs-santos-laguna', 'text': ''}","{'type': 'link', 'href': 'https://www.ligafemenil.mx/cancha/playlist/102119/cruz-azul-vs-santos-laguna', 'text': ''}"
2019-2020,Clausura,"{'type': 'text', 'value': 'Viernes 14 de Febrero de 2020\nTemporada 2019-2020\nTorneo Clausura\nJornada 7\n14 Febrero 2020 - 16:00 hrs.'}","{'type': 'link', 'href': 'https://www.ligafemenil.mx/cancha/club/11244/queretaro', 'text': ''}","{'type': 'link', 'href': 'https://www.ligafemenil.mx/cancha/informeArbitral/102120/eyJpZERpdmlzaW9uIjoiMTQiLCJpZFRlbXBvcmFkYSI6IjcwIiwiaWRUb3JuZW8iOiIyIiwiaWRDbHVibG9jYWwiOjExMjQ0LCJpZENsdWJ2aXNpdGEiOjExMTg5fQ==/informe-arbitral-queretaro-vs-necaxa-jornada-7-estadio-la-corregidora-tvc-deportes', 'text': '3 - 3'}","{'type': 'link', 'href': 'https://www.ligafemenil.mx/cancha/club/11189/necaxa', 'text': ''}","{'type': 'link', 'href': 'https://www.ligafemenil.mx/cancha/estadio/25/estadio-la-corregidora', 'text': 'La Corregidora'}","{'type': 'link', 'href': 'https://www.ligafemenil.mx/cancha/mxm/102120/eyJpZERpdmlzaW9uIjoiMTQiLCJpZFRlbXBvcmFkYSI6IjcwIiwiaWRUb3JuZW8iOiIyIiwiaWRDbHVibG9jYWwiOiIxMTI0NCIsImlkQ2x1YnZpc2l0YSI6IjExMTg5IiwiaWRQYXJ0aWRvIjoiMTAyMTIwIiwicGVzdGFuYSI6IjEifQ==/minuto-a-minuto-queretaro-vs-necaxa-jornada-7-estadio-la-corregidora-tvc-deportes', 'text': ''}","{'type': 'link', 'href': 'https://www.ligafemenil.mx/cancha/mxm/102120/eyJpZERpdmlzaW9uIjoiMTQiLCJpZFRlbXBvcmFkYSI6IjcwIiwiaWRUb3JuZW8iOiIyIiwiaWRDbHVibG9jYWwiOiIxMTI0NCIsImlkQ2x1YnZpc2l0YSI6IjExMTg5IiwiaWRQYXJ0aWRvIjoiMTAyMTIwIiwicGVzdGFuYSI6IjMifQ==/minuto-a-minuto-queretaro-vs-necaxa-jornada-7-estadio-la-corregidora-tvc-deportes', 'text': ''}","{'type': 'link', 'href': 'https://www.ligafemenil.mx/cancha/informeArbitral/102120/eyJpZERpdmlzaW9uIjoiMTQiLCJpZFRlbXBvcmFkYSI6IjcwIiwiaWRUb3JuZW8iOiIyIiwiaWRDbHVibG9jYWwiOiIxMTI0NCIsImlkQ2x1YnZpc2l0YSI6IjExMTg5In0=/informe-arbitral-queretaro-vs-necaxa-jornada-7-estadio-la-corregidora-tvc-deportes', 'text': ''}","{'type': 'link', 'href': 'https://www.ligafemenil.mx/cancha/mxm/102120/eyJpZERpdmlzaW9uIjoiMTQiLCJpZFRlbXBvcmFkYSI6IjcwIiwiaWRUb3JuZW8iOiIyIiwiaWRDbHVibG9jYWwiOiIxMTI0NCIsImlkQ2x1YnZpc2l0YSI6IjExMTg5IiwiaWRQYXJ0aWRvIjoiMTAyMTIwIiwicGVzdGFuYSI6IjQifQ==/minuto-a-minuto-queretaro-vs-necaxa-jornada-7-estadio-la-corregidora-tvc-deportes', 'text': ''}","{'type': 'link', 'href': 'https://www.ligafemenil.mx/cancha/galeria/MTAyMTIwLzcvNzAvMi8xNA==/queretaro-vs-necaxa', 'text': ''}","{'type': 'link', 'href': 'https://www.ligafemenil.mx/cancha/playlist/102120/queretaro-vs-necaxa', 'text': ''}"
2019-2020,Clausura,"{'type': 'text', 'value': 'Sábado 15 de Febrero de 2020\nTemporada 2019-2020\nTorneo Clausura\nJornada 7\n15 Febrero 2020 - 11:00 hrs.'}","{'type': 'link', 'href': 'https://www.ligafemenil.mx/cancha/club/11245/atlas', 'text': ''}","{'type': 'link', 'href': 'https://www.ligafemenil.mx/cancha/informeArbitral/102122/eyJpZERpdmlzaW9uIjoiMTQiLCJpZFRlbXBvcmFkYSI6IjcwIiwiaWRUb3JuZW8iOiIyIiwiaWRDbHVibG9jYWwiOjExMjQ1LCJpZENsdWJ2aXNpdGEiOjExNzk1fQ==/informe-arbitral-atlas-vs-fc-juarez-jornada-7-estadio-cecaf-tvc-deportes', 'text': '2 - 1'}","{'type': 'link', 'href': 'https://www.ligafemenil.mx/cancha/club/11795/fc-juarez', 'text': ''}","{'type': 'link', 'href': 'https://www.ligafemenil.mx/cancha/estadio/728/estadio-cecaf', 'text': 'CECAF'}","{'type': 'link', 'href': 'https://www.ligafemenil.mx/cancha/mxm/102122/eyJpZERpdmlzaW9uIjoiMTQiLCJpZFRlbXBvcmFkYSI6IjcwIiwiaWRUb3JuZW8iOiIyIiwiaWRDbHVibG9jYWwiOiIxMTI0NSIsImlkQ2x1YnZpc2l0YSI6IjExNzk1IiwiaWRQYXJ0aWRvIjoiMTAyMTIyIiwicGVzdGFuYSI6IjEifQ==/minuto-a-minuto-atlas-vs-fc-juarez-jornada-7-estadio-cecaf-tvc-deportes', 'text': ''}","{'type': 'link', 'href': 'https://www.ligafemenil.mx/cancha/mxm/102122/eyJpZERpdmlzaW9uIjoiMTQiLCJpZFRlbXBvcmFkYSI6IjcwIiwiaWRUb3JuZW8iOiIyIiwiaWRDbHVibG9jYWwiOiIxMTI0NSIsImlkQ2x1YnZpc2l0YSI6IjExNzk1IiwiaWRQYXJ0aWRvIjoiMTAyMTIyIiwicGVzdGFuYSI6IjMifQ==/minuto-a-minuto-atlas-vs-fc-juarez-jornada-7-estadio-cecaf-tvc-deportes', 'text': ''}","{'type': 'link', 'href': 'https://www.ligafemenil.mx/cancha/informeArbitral/102122/eyJpZERpdmlzaW9uIjoiMTQiLCJpZFRlbXBvcmFkYSI6IjcwIiwiaWRUb3JuZW8iOiIyIiwiaWRDbHVibG9jYWwiOiIxMTI0NSIsImlkQ2x1YnZpc2l0YSI6IjExNzk1In0=/informe-arbitral-atlas-vs-fc-juarez-jornada-7-estadio-cecaf-tvc-deportes', 'text': ''}","{'type': 'link', 'href': 'https://www.ligafemenil.mx/cancha/mxm/102122/eyJpZERpdmlzaW9uIjoiMTQiLCJpZFRlbXBvcmFkYSI6IjcwIiwiaWRUb3JuZW8iOiIyIiwiaWRDbHVibG9jYWwiOiIxMTI0NSIsImlkQ2x1YnZpc2l0YSI6IjExNzk1IiwiaWRQYXJ0aWRvIjoiMTAyMTIyIiwicGVzdGFuYSI6IjQifQ==/minuto-a-minuto-atlas-vs-fc-juarez-jornada-7-estadio-cecaf-tvc-deportes', 'text': ''}","{'type': 'link', 'href': 'https://www.ligafemenil.mx/cancha/galeria/MTAyMTIyLzcvNzAvMi8xNA==/atlas-vs-fc-juarez', 'text': ''}","{'type': 'link', 'href': 'https://www.ligafemenil.mx/cancha/playlist/102122/atlas-vs-fc-juarez', 'text': ''}"
2019-2020,Clausura,"{'type': 'text', 'value': 'Domingo 16 de Febrero de 2020\nTemporada 2019-2020\nTorneo Clausura\nJornada 7\n16 Febrero 2020 - 12:00 hrs.'}","{'type': 'link', 'href': 'https://www.ligafemenil.mx/cancha/club/11543/puebla-fc', 'text': ''}","{'type': 'link', 'href': 'https://www.ligafemenil.mx/cancha/informeArbitral/102123/eyJpZERpdmlzaW9uIjoiMTQiLCJpZFRlbXBvcmFkYSI6IjcwIiwiaWRUb3JuZW8iOiIyIiwiaWRDbHVibG9jYWwiOjExNTQzLCJpZENsdWJ2aXNpdGEiOjExNzc4fQ==/informe-arbitral-puebla-fc-vs-club-atletico-de-san-luis-jornada-7-estadio-cuauhtemoc-tvc-deportes', 'text': '1 - 1'}","{'type': 'link', 'href': 'https://www.ligafemenil.mx/cancha/club/11778/club-atletico-de-san-luis', 'text': ''}","{'type': 'link', 'href': 'https://www.ligafemenil.mx/cancha/estadio/9/estadio-cuauhtemoc', 'text': 'Cuauhtémoc'}","{'type': 'link', 'href': 'https://www.ligafemenil.mx/cancha/mxm/102123/eyJpZERpdmlzaW9uIjoiMTQiLCJpZFRlbXBvcmFkYSI6IjcwIiwiaWRUb3JuZW8iOiIyIiwiaWRDbHVibG9jYWwiOiIxMTU0MyIsImlkQ2x1YnZpc2l0YSI6IjExNzc4IiwiaWRQYXJ0aWRvIjoiMTAyMTIzIiwicGVzdGFuYSI6IjEifQ==/minuto-a-minuto-puebla-fc-vs-club-atletico-de-san-luis-jornada-7-estadio-cuauhtemoc-tvc-deportes', 'text': ''}","{'type': 'link', 'href': 'https://www.ligafemenil.mx/cancha/mxm/102123/eyJpZERpdmlzaW9uIjoiMTQiLCJpZFRlbXBvcmFkYSI6IjcwIiwiaWRUb3JuZW8iOiIyIiwiaWRDbHVibG9jYWwiOiIxMTU0MyIsImlkQ2x1YnZpc2l0YSI6IjExNzc4IiwiaWRQYXJ0aWRvIjoiMTAyMTIzIiwicGVzdGFuYSI6IjMifQ==/minuto-a-minuto-puebla-fc-vs-club-atletico-de-san-luis-jornada-7-estadio-cuauhtemoc-tvc-deportes', 'text': ''}","{'type': 'link', 'href': 'https://www.ligafemenil.mx/cancha/informeArbitral/102123/eyJpZERpdmlzaW9uIjoiMTQiLCJpZFRlbXBvcmFkYSI6IjcwIiwiaWRUb3JuZW8iOiIyIiwiaWRDbHVibG9jYWwiOiIxMTU0MyIsImlkQ2x1YnZpc2l0YSI6IjExNzc4In0=/informe-arbitral-puebla-fc-vs-club-atletico-de-san-luis-jornada-7-estadio-cuauhtemoc-tvc-deportes', 'text': ''}","{'type': 'link', 'href': 'https://www.ligafemenil.mx/cancha/mxm/102123/eyJpZERpdmlzaW9uIjoiMTQiLCJpZFRlbXBvcmFkYSI6IjcwIiwiaWRUb3JuZW8iOiIyIiwiaWRDbHVibG9jYWwiOiIxMTU0MyIsImlkQ2x1YnZpc2l0YSI6IjExNzc4IiwiaWRQYXJ0aWRvIjoiMTAyMTIzIiwicGVzdGFuYSI6IjQifQ==/minuto-a-minuto-puebla-fc-vs-club-atletico-de-san-luis-jornada-7-estadio-cuauhtemoc-tvc-deportes', 'text': ''}","{'type': 'link', 'href': 'https://www.ligafemenil.mx/cancha/galeria/MTAyMTIzLzcvNzAvMi8xNA==/puebla-fc-vs-club-atletico-de-san-luis', 'text': ''}","{'type': 'link', 'href': 'https://www.ligafemenil.mx/cancha/playlist/102123/puebla-fc-vs-club-atletico-de-san-luis', 'text': ''}"
2019-2020,Clausura,"{'type': 'text', 'value': 'Lunes 17 de Febrero de 2020\nTemporada 2019-2020\nTorneo Clausura\nJornada 7\n17 Febrero 2020 - 16:00 hrs.'}","{'type': 'link', 'href': 'https://www.ligafemenil.mx/cancha/club/11183/m-morelia', 'text': ''}","{'type': 'link', 'href': 'https://www.ligafemenil.mx/cancha/informeArbitral/102124/eyJpZERpdmlzaW9uIjoiMTQiLCJpZFRlbXBvcmFkYSI6IjcwIiwiaWRUb3JuZW8iOiIyIiwiaWRDbHVibG9jYWwiOjExMTgzLCJpZENsdWJ2aXNpdGEiOjExMTkxfQ==/informe-arbitral-m-morelia-vs-america-jornada-7-estadio-jose-maria-morelos-y-pavon-am', 'text': '1 - 2'}","{'type': 'link', 'href': 'https://www.ligafemenil.mx/cancha/club/11191/america', 'text': ''}","{'type': 'link', 'href': 'https://www.ligafemenil.mx/cancha/estadio/10/estadio-jose-maria-morelos-y-pavon', 'text': 'José María Morelos y Pavón'}","{'type': 'link', 'href': 'https://www.ligafemenil.mx/cancha/mxm/102124/eyJpZERpdmlzaW9uIjoiMTQiLCJpZFRlbXBvcmFkYSI6IjcwIiwiaWRUb3JuZW8iOiIyIiwiaWRDbHVibG9jYWwiOiIxMTE4MyIsImlkQ2x1YnZpc2l0YSI6IjExMTkxIiwiaWRQYXJ0aWRvIjoiMTAyMTI0IiwicGVzdGFuYSI6IjEifQ==/minuto-a-minuto-m-morelia-vs-america-jornada-7-estadio-jose-maria-morelos-y-pavon-am', 'text': ''}","{'type': 'link', 'href': 'https://www.ligafemenil.mx/cancha/mxm/102124/eyJpZERpdmlzaW9uIjoiMTQiLCJpZFRlbXBvcmFkYSI6IjcwIiwiaWRUb3JuZW8iOiIyIiwiaWRDbHVibG9jYWwiOiIxMTE4MyIsImlkQ2x1YnZpc2l0YSI6IjExMTkxIiwiaWRQYXJ0aWRvIjoiMTAyMTI0IiwicGVzdGFuYSI6IjMifQ==/minuto-a-minuto-m-morelia-vs-america-jornada-7-estadio-jose-maria-morelos-y-pavon-am', 'text': ''}","{'type': 'link', 'href': 'https://www.ligafemenil.mx/cancha/informeArbitral/102124/eyJpZERpdmlzaW9uIjoiMTQiLCJpZFRlbXBvcmFkYSI6IjcwIiwiaWRUb3JuZW8iOiIyIiwiaWRDbHVibG9jYWwiOiIxMTE4MyIsImlkQ2x1YnZpc2l0YSI6IjExMTkxIn0=/informe-arbitral-m-morelia-vs-america-jornada-7-estadio-jose-maria-morelos-y-pavon-am', 'text': ''}","{'type': 'link', 'href': 'https://www.ligafemenil.mx/cancha/mxm/102124/eyJpZERpdmlzaW9uIjoiMTQiLCJpZFRlbXBvcmFkYSI6IjcwIiwiaWRUb3JuZW8iOiIyIiwiaWRDbHVibG9jYWwiOiIxMTE4MyIsImlkQ2x1YnZpc2l0YSI6IjExMTkxIiwiaWRQYXJ0aWRvIjoiMTAyMTI0IiwicGVzdGFuYSI6IjQifQ==/minuto-a-minuto-m-morelia-vs-america-jornada-7-estadio-jose-maria-morelos-y-pavon-am', 'text': ''}","{'type': 'link', 'href': 'https://www.ligafemenil.mx/cancha/galeria/MTAyMTI0LzcvNzAvMi8xNA==/m-morelia-vs-america', 'text': ''}","{'type': 'link', 'href': 'https://www.ligafemenil.mx/cancha/playlist/102124/m-morelia-vs-america', 'text': ''}"
2019-2020,Clausura,"{'type': 'text', 'value': 'Lunes 17 de Febrero de 2020\nTemporada 2019-2020\nTorneo Clausura\nJornada 7\n17 Febrero 2020 - 18:00 hrs.'}","{'type': 'link', 'href': 'https://www.ligafemenil.mx/cancha/club/11187/toluca', 'text': ''}","{'type': 'link', 'href': 'https://www.ligafemenil.mx/cancha/informeArbitral/102126/eyJpZERpdmlzaW9uIjoiMTQiLCJpZFRlbXBvcmFkYSI6IjcwIiwiaWRUb3JuZW8iOiIyIiwiaWRDbHVibG9jYWwiOjExMTg3LCJpZENsdWJ2aXNpdGEiOjExMTg1fQ==/informe-arbitral-toluca-vs-rayados-de-monterrey-jornada-7-estadio-nemesio-diez-tudn', 'text': '1 - 2'}","{'type': 'link', 'href': 'https://www.ligafemenil.mx/cancha/club/11185/rayados-de-monterrey', 'text': ''}","{'type': 'link', 'href': 'https://www.ligafemenil.mx/cancha/estadio/6/estadio-nemesio-diez', 'text': 'Nemesio Diez'}","{'type': 'link', 'href': 'https://www.ligafemenil.mx/cancha/mxm/102126/eyJpZERpdmlzaW9uIjoiMTQiLCJpZFRlbXBvcmFkYSI6IjcwIiwiaWRUb3JuZW8iOiIyIiwiaWRDbHVibG9jYWwiOiIxMTE4NyIsImlkQ2x1YnZpc2l0YSI6IjExMTg1IiwiaWRQYXJ0aWRvIjoiMTAyMTI2IiwicGVzdGFuYSI6IjEifQ==/minuto-a-minuto-toluca-vs-rayados-de-monterrey-jornada-7-estadio-nemesio-diez-tudn', 'text': ''}","{'type': 'link', 'href': 'https://www.ligafemenil.mx/cancha/mxm/102126/eyJpZERpdmlzaW9uIjoiMTQiLCJpZFRlbXBvcmFkYSI6IjcwIiwiaWRUb3JuZW8iOiIyIiwiaWRDbHVibG9jYWwiOiIxMTE4NyIsImlkQ2x1YnZpc2l0YSI6IjExMTg1IiwiaWRQYXJ0aWRvIjoiMTAyMTI2IiwicGVzdGFuYSI6IjMifQ==/minuto-a-minuto-toluca-vs-rayados-de-monterrey-jornada-7-estadio-nemesio-diez-tudn', 'text': ''}","{'type': 'link', 'href': 'https://www.ligafemenil.mx/cancha/informeArbitral/102126/eyJpZERpdmlzaW9uIjoiMTQiLCJpZFRlbXBvcmFkYSI6IjcwIiwiaWRUb3JuZW8iOiIyIiwiaWRDbHVibG9jYWwiOiIxMTE4NyIsImlkQ2x1YnZpc2l0YSI6IjExMTg1In0=/informe-arbitral-toluca-vs-rayados-de-monterrey-jornada-7-estadio-nemesio-diez-tudn', 'text': ''}","{'type': 'link', 'href': 'https://www.ligafemenil.mx/cancha/mxm/102126/eyJpZERpdmlzaW9uIjoiMTQiLCJpZFRlbXBvcmFkYSI6IjcwIiwiaWRUb3JuZW8iOiIyIiwiaWRDbHVibG9jYWwiOiIxMTE4NyIsImlkQ2x1YnZpc2l0YSI6IjExMTg1IiwiaWRQYXJ0aWRvIjoiMTAyMTI2IiwicGVzdGFuYSI6IjQifQ==/minuto-a-minuto-toluca-vs-rayados-de-monterrey-jornada-7-estadio-nemesio-diez-tudn', 'text': ''}","{'type': 'link', 'href': 'https://www.ligafemenil.mx/cancha/galeria/MTAyMTI2LzcvNzAvMi8xNA==/toluca-vs-rayados-de-monterrey', 'text': ''}","{'type': 'link', 'href': 'https://www.ligafemenil.mx/cancha/playlist/102126/toluca-vs-rayados-de-monterrey', 'text': ''}"
2019-2020,Clausura,"{'type': 'text', 'value': 'Lunes 17 de Febrero de 2020\nTemporada 2019-2020\nTorneo Clausura\nJornada 7\n17 Febrero 2020 - 20:00 hrs.'}","{'type': 'link', 'href': 'https://www.ligafemenil.mx/cancha/club/11186/tigres-de-la-uanl', 'text': ''}","{'type': 'link', 'href': 'https://www.ligafemenil.mx/cancha/informeArbitral/102128/eyJpZERpdmlzaW9uIjoiMTQiLCJpZFRlbXBvcmFkYSI6IjcwIiwiaWRUb3JuZW8iOiIyIiwiaWRDbHVibG9jYWwiOjExMTg2LCJpZENsdWJ2aXNpdGEiOjExMTg0fQ==/informe-arbitral-tigres-de-la-uanl-vs-pachuca-jornada-7-estadio-universitario-tudn', 'text': '3 - 1'}","{'type': 'link', 'href': 'https://www.ligafemenil.mx/cancha/club/11184/pachuca', 'text': ''}","{'type': 'link', 'href': 'https://www.ligafemenil.mx/cancha/estadio/12/estadio-universitario', 'text': 'Universitario'}","{'type': 'link', 'href': 'https://www.ligafemenil.mx/cancha/mxm/102128/eyJpZERpdmlzaW9uIjoiMTQiLCJpZFRlbXBvcmFkYSI6IjcwIiwiaWRUb3JuZW8iOiIyIiwiaWRDbHVibG9jYWwiOiIxMTE4NiIsImlkQ2x1YnZpc2l0YSI6IjExMTg0IiwiaWRQYXJ0aWRvIjoiMTAyMTI4IiwicGVzdGFuYSI6IjEifQ==/minuto-a-minuto-tigres-de-la-uanl-vs-pachuca-jornada-7-estadio-universitario-tudn', 'text': ''}","{'type': 'link', 'href': 'https://www.ligafemenil.mx/cancha/mxm/102128/eyJpZERpdmlzaW9uIjoiMTQiLCJpZFRlbXBvcmFkYSI6IjcwIiwiaWRUb3JuZW8iOiIyIiwiaWRDbHVibG9jYWwiOiIxMTE4NiIsImlkQ2x1YnZpc2l0YSI6IjExMTg0IiwiaWRQYXJ0aWRvIjoiMTAyMTI4IiwicGVzdGFuYSI6IjMifQ==/minuto-a-minuto-tigres-de-la-uanl-vs-pachuca-jornada-7-estadio-universitario-tudn', 'text': ''}","{'type': 'link', 'href': 'https://www.ligafemenil.mx/cancha/informeArbitral/102128/eyJpZERpdmlzaW9uIjoiMTQiLCJpZFRlbXBvcmFkYSI6IjcwIiwiaWRUb3JuZW8iOiIyIiwiaWRDbHVibG9jYWwiOiIxMTE4NiIsImlkQ2x1YnZpc2l0YSI6IjExMTg0In0=/informe-arbitral-tigres-de-la-uanl-vs-pachuca-jornada-7-estadio-universitario-tudn', 'text': ''}","{'type': 'link', 'href': 'https://www.ligafemenil.mx/cancha/mxm/102128/eyJpZERpdmlzaW9uIjoiMTQiLCJpZFRlbXBvcmFkYSI6IjcwIiwiaWRUb3JuZW8iOiIyIiwiaWRDbHVibG9jYWwiOiIxMTE4NiIsImlkQ2x1YnZpc2l0YSI6IjExMTg0IiwiaWRQYXJ0aWRvIjoiMTAyMTI4IiwicGVzdGFuYSI6IjQifQ==/minuto-a-minuto-tigres-de-la-uanl-vs-pachuca-jornada-7-estadio-universitario-tudn', 'text': ''}","{'type': 'link', 'href': 'https://www.ligafemenil.mx/cancha/galeria/MTAyMTI4LzcvNzAvMi8xNA==/tigres-de-la-uanl-vs-pachuca', 'text': ''}","{'type': 'link', 'href': 'https://www.ligafemenil.mx/cancha/playlist/102128/tigres-de-la-uanl-vs-pachuca', 'text': ''}"
2019-2020,Clausura,"{'type': 'text', 'value': 'Lunes 17 de Febrero de 2020\nTemporada 2019-2020\nTorneo Clausura\nJornada 7\n17 Febrero 2020 - 19:00 hrs.'}","{'type': 'link', 'href': 'https://www.ligafemenil.mx/cancha/club/11180/tijuana', 'text': ''}","{'type': 'link', 'href': 'https://www.ligafemenil.mx/cancha/informeArbitral/102129/eyJpZERpdmlzaW9uIjoiMTQiLCJpZFRlbXBvcmFkYSI6IjcwIiwiaWRUb3JuZW8iOiIyIiwiaWRDbHVibG9jYWwiOjExMTgwLCJpZENsdWJ2aXNpdGEiOjExMTgyfQ==/informe-arbitral-tijuana-vs-guadalajara-jornada-7-estadio-caliente-fox-sports', 'text': '1 - 4'}","{'type': 'link', 'href': 'https://www.ligafemenil.mx/cancha/club/11182/guadalajara', 'text': ''}","{'type': 'link', 'href': 'https://www.ligafemenil.mx/cancha/estadio/48/estadio-caliente', 'text': 'Caliente'}","{'type': 'link', 'href': 'https://www.ligafemenil.mx/cancha/mxm/102129/eyJpZERpdmlzaW9uIjoiMTQiLCJpZFRlbXBvcmFkYSI6IjcwIiwiaWRUb3JuZW8iOiIyIiwiaWRDbHVibG9jYWwiOiIxMTE4MCIsImlkQ2x1YnZpc2l0YSI6IjExMTgyIiwiaWRQYXJ0aWRvIjoiMTAyMTI5IiwicGVzdGFuYSI6IjEifQ==/minuto-a-minuto-tijuana-vs-guadalajara-jornada-7-estadio-caliente-fox-sports', 'text': ''}","{'type': 'link', 'href': 'https://www.ligafemenil.mx/cancha/mxm/102129/eyJpZERpdmlzaW9uIjoiMTQiLCJpZFRlbXBvcmFkYSI6IjcwIiwiaWRUb3JuZW8iOiIyIiwiaWRDbHVibG9jYWwiOiIxMTE4MCIsImlkQ2x1YnZpc2l0YSI6IjExMTgyIiwiaWRQYXJ0aWRvIjoiMTAyMTI5IiwicGVzdGFuYSI6IjMifQ==/minuto-a-minuto-tijuana-vs-guadalajara-jornada-7-estadio-caliente-fox-sports', 'text': ''}","{'type': 'link', 'href': 'https://www.ligafemenil.mx/cancha/informeArbitral/102129/eyJpZERpdmlzaW9uIjoiMTQiLCJpZFRlbXBvcmFkYSI6IjcwIiwiaWRUb3JuZW8iOiIyIiwiaWRDbHVibG9jYWwiOiIxMTE4MCIsImlkQ2x1YnZpc2l0YSI6IjExMTgyIn0=/informe-arbitral-tijuana-vs-guadalajara-jornada-7-estadio-caliente-fox-sports', 'text': ''}","{'type': 'link', 'href': 'https://www.ligafemenil.mx/cancha/mxm/102129/eyJpZERpdmlzaW9uIjoiMTQiLCJpZFRlbXBvcmFkYSI6IjcwIiwiaWRUb3JuZW8iOiIyIiwiaWRDbHVibG9jYWwiOiIxMTE4MCIsImlkQ2x1YnZpc2l0YSI6IjExMTgyIiwiaWRQYXJ0aWRvIjoiMTAyMTI5IiwicGVzdGFuYSI6IjQifQ==/minuto-a-minuto-tijuana-vs-guadalajara-jornada-7-estadio-caliente-fox-sports', 'text': ''}","{'type': 'link', 'href': 'https://www.ligafemenil.mx/cancha/galeria/MTAyMTI5LzcvNzAvMi8xNA==/tijuana-vs-guadalajara', 'text': ''}","{'type': 'link', 'href': 'https://www.ligafemenil.mx/cancha/playlist/102129/tijuana-vs-guadalajara', 'text': ''}"
2019-2020,Clausura,"{'type': 'text', 'value': 'Viernes 21 de Febrero de 2020\nTemporada 2019-2020\nTorneo Clausura\nJornada 8\n21 Febrero 2020 - 16:00 hrs.'}","{'type': 'link', 'href': 'https://www.ligafemenil.mx/cancha/club/11189/necaxa', 'text': ''}","{'type': 'link', 'href': 'https://www.ligafemenil.mx/cancha/informeArbitral/102130/eyJpZERpdmlzaW9uIjoiMTQiLCJpZFRlbXBvcmFkYSI6IjcwIiwiaWRUb3JuZW8iOiIyIiwiaWRDbHVibG9jYWwiOjExMTg5LCJpZENsdWJ2aXNpdGEiOjExMTgwfQ==/informe-arbitral-necaxa-vs-tijuana-jornada-8-estadio-victoria-claro-sports', 'text': '0 - 2'}","{'type': 'link', 'href': 'https://www.ligafemenil.mx/cancha/club/11180/tijuana', 'text': ''}","{'type': 'link', 'href': 'https://www.ligafemenil.mx/cancha/estadio/15/estadio-victoria', 'text': 'Victoria'}","{'type': 'link', 'href': 'https://www.ligafemenil.mx/cancha/mxm/102130/eyJpZERpdmlzaW9uIjoiMTQiLCJpZFRlbXBvcmFkYSI6IjcwIiwiaWRUb3JuZW8iOiIyIiwiaWRDbHVibG9jYWwiOiIxMTE4OSIsImlkQ2x1YnZpc2l0YSI6IjExMTgwIiwiaWRQYXJ0aWRvIjoiMTAyMTMwIiwicGVzdGFuYSI6IjEifQ==/minuto-a-minuto-necaxa-vs-tijuana-jornada-8-estadio-victoria-claro-sports', 'text': ''}","{'type': 'link', 'href': 'https://www.ligafemenil.mx/cancha/mxm/102130/eyJpZERpdmlzaW9uIjoiMTQiLCJpZFRlbXBvcmFkYSI6IjcwIiwiaWRUb3JuZW8iOiIyIiwiaWRDbHVibG9jYWwiOiIxMTE4OSIsImlkQ2x1YnZpc2l0YSI6IjExMTgwIiwiaWRQYXJ0aWRvIjoiMTAyMTMwIiwicGVzdGFuYSI6IjMifQ==/minuto-a-minuto-necaxa-vs-tijuana-jornada-8-estadio-victoria-claro-sports', 'text': ''}","{'type': 'link', 'href': 'https://www.ligafemenil.mx/cancha/informeArbitral/102130/eyJpZERpdmlzaW9uIjoiMTQiLCJpZFRlbXBvcmFkYSI6IjcwIiwiaWRUb3JuZW8iOiIyIiwiaWRDbHVibG9jYWwiOiIxMTE4OSIsImlkQ2x1YnZpc2l0YSI6IjExMTgwIn0=/informe-arbitral-necaxa-vs-tijuana-jornada-8-estadio-victoria-claro-sports', 'text': ''}","{'type': 'link', 'href': 'https://www.ligafemenil.mx/cancha/mxm/102130/eyJpZERpdmlzaW9uIjoiMTQiLCJpZFRlbXBvcmFkYSI6IjcwIiwiaWRUb3JuZW8iOiIyIiwiaWRDbHVibG9jYWwiOiIxMTE4OSIsImlkQ2x1YnZpc2l0YSI6IjExMTgwIiwiaWRQYXJ0aWRvIjoiMTAyMTMwIiwicGVzdGFuYSI6IjQifQ==/minuto-a-minuto-necaxa-vs-tijuana-jornada-8-estadio-victoria-claro-sports', 'text': ''}","{'type': 'link', 'href': 'https://www.ligafemenil.mx/cancha/galeria/MTAyMTMwLzgvNzAvMi8xNA==/necaxa-vs-tijuana', 'text': ''}","{'type': 'link', 'href': 'https://www.ligafemenil.mx/cancha/playlist/102130/necaxa-vs-tijuana', 'text': ''}"
2019-2020,Clausura,"{'type': 'text', 'value': 'Sábado 22 de Febrero de 2020\nTemporada 2019-2020\nTorneo Clausura\nJornada 8\n22 Febrero 2020 - 12:00 hrs.'}","{'type': 'link', 'href': 'https://www.ligafemenil.mx/cancha/club/11188/pumas', 'text': ''}","{'type': 'link', 'href': 'https://www.ligafemenil.mx/cancha/informeArbitral/102131/eyJpZERpdmlzaW9uIjoiMTQiLCJpZFRlbXBvcmFkYSI6IjcwIiwiaWRUb3JuZW8iOiIyIiwiaWRDbHVibG9jYWwiOjExMTg4LCJpZENsdWJ2aXNpdGEiOjExNzk1fQ==/informe-arbitral-pumas-vs-fc-juarez-jornada-8-estadio-la-cantera-tudn', 'text': '4 - 3'}","{'type': 'link', 'href': 'https://www.ligafemenil.mx/cancha/club/11795/fc-juarez', 'text': ''}","{'type': 'link', 'href': 'https://www.ligafemenil.mx/cancha/estadio/37/estadio-la-cantera', 'text': 'La Cantera'}","{'type': 'link', 'href': 'https://www.ligafemenil.mx/cancha/mxm/102131/eyJpZERpdmlzaW9uIjoiMTQiLCJpZFRlbXBvcmFkYSI6IjcwIiwiaWRUb3JuZW8iOiIyIiwiaWRDbHVibG9jYWwiOiIxMTE4OCIsImlkQ2x1YnZpc2l0YSI6IjExNzk1IiwiaWRQYXJ0aWRvIjoiMTAyMTMxIiwicGVzdGFuYSI6IjEifQ==/minuto-a-minuto-pumas-vs-fc-juarez-jornada-8-estadio-la-cantera-tudn', 'text': ''}","{'type': 'link', 'href': 'https://www.ligafemenil.mx/cancha/mxm/102131/eyJpZERpdmlzaW9uIjoiMTQiLCJpZFRlbXBvcmFkYSI6IjcwIiwiaWRUb3JuZW8iOiIyIiwiaWRDbHVibG9jYWwiOiIxMTE4OCIsImlkQ2x1YnZpc2l0YSI6IjExNzk1IiwiaWRQYXJ0aWRvIjoiMTAyMTMxIiwicGVzdGFuYSI6IjMifQ==/minuto-a-minuto-pumas-vs-fc-juarez-jornada-8-estadio-la-cantera-tudn', 'text': ''}","{'type': 'link', 'href': 'https://www.ligafemenil.mx/cancha/informeArbitral/102131/eyJpZERpdmlzaW9uIjoiMTQiLCJpZFRlbXBvcmFkYSI6IjcwIiwiaWRUb3JuZW8iOiIyIiwiaWRDbHVibG9jYWwiOiIxMTE4OCIsImlkQ2x1YnZpc2l0YSI6IjExNzk1In0=/informe-arbitral-pumas-vs-fc-juarez-jornada-8-estadio-la-cantera-tudn', 'text': ''}","{'type': 'link', 'href': 'https://www.ligafemenil.mx/cancha/mxm/102131/eyJpZERpdmlzaW9uIjoiMTQiLCJpZFRlbXBvcmFkYSI6IjcwIiwiaWRUb3JuZW8iOiIyIiwiaWRDbHVibG9jYWwiOiIxMTE4OCIsImlkQ2x1YnZpc2l0YSI6IjExNzk1IiwiaWRQYXJ0aWRvIjoiMTAyMTMxIiwicGVzdGFuYSI6IjQifQ==/minuto-a-minuto-pumas-vs-fc-juarez-jornada-8-estadio-la-cantera-tudn', 'text': ''}","{'type': 'link', 'href': 'https://www.ligafemenil.mx/cancha/galeria/MTAyMTMxLzgvNzAvMi8xNA==/pumas-vs-fc-juarez', 'text': ''}","{'type': 'link', 'href': 'https://www.ligafemenil.mx/cancha/playlist/102131/pumas-vs-fc-juarez', 'text': ''}"
2019-2020,Clausura,"{'type': 'text', 'value': 'Domingo 23 de Febrero de 2020\nTemporada 2019-2020\nTorneo Clausura\nJornada 8\n23 Febrero 2020 - 10:30 hrs.'}","{'type': 'link', 'href': 'https://www.ligafemenil.mx/cancha/club/11185/rayados-de-monterrey', 'text': ''}","{'type': 'link', 'href': 'https://www.ligafemenil.mx/cancha/informeArbitral/102141/eyJpZERpdmlzaW9uIjoiMTQiLCJpZFRlbXBvcmFkYSI6IjcwIiwiaWRUb3JuZW8iOiIyIiwiaWRDbHVibG9jYWwiOjExMTg1LCJpZENsdWJ2aXNpdGEiOjExNTQzfQ==/informe-arbitral-rayados-de-monterrey-vs-puebla-fc-jornada-8-estadio-el-barrial', 'text': '2 - 1'}","{'type': 'link', 'href': 'https://www.ligafemenil.mx/cancha/club/11543/puebla-fc', 'text': ''}","{'type': 'link', 'href': 'https://www.ligafemenil.mx/cancha/estadio/675/estadio-el-barrial', 'text': 'El Barrial'}","{'type': 'link', 'href': 'https://www.ligafemenil.mx/cancha/mxm/102141/eyJpZERpdmlzaW9uIjoiMTQiLCJpZFRlbXBvcmFkYSI6IjcwIiwiaWRUb3JuZW8iOiIyIiwiaWRDbHVibG9jYWwiOiIxMTE4NSIsImlkQ2x1YnZpc2l0YSI6IjExNTQzIiwiaWRQYXJ0aWRvIjoiMTAyMTQxIiwicGVzdGFuYSI6IjEifQ==/minuto-a-minuto-rayados-de-monterrey-vs-puebla-fc-jornada-8-estadio-el-barrial', 'text': ''}","{'type': 'link', 'href': 'https://www.ligafemenil.mx/cancha/mxm/102141/eyJpZERpdmlzaW9uIjoiMTQiLCJpZFRlbXBvcmFkYSI6IjcwIiwiaWRUb3JuZW8iOiIyIiwiaWRDbHVibG9jYWwiOiIxMTE4NSIsImlkQ2x1YnZpc2l0YSI6IjExNTQzIiwiaWRQYXJ0aWRvIjoiMTAyMTQxIiwicGVzdGFuYSI6IjMifQ==/minuto-a-minuto-rayados-de-monterrey-vs-puebla-fc-jornada-8-estadio-el-barrial', 'text': ''}","{'type': 'link', 'href': 'https://www.ligafemenil.mx/cancha/informeArbitral/102141/eyJpZERpdmlzaW9uIjoiMTQiLCJpZFRlbXBvcmFkYSI6IjcwIiwiaWRUb3JuZW8iOiIyIiwiaWRDbHVibG9jYWwiOiIxMTE4NSIsImlkQ2x1YnZpc2l0YSI6IjExNTQzIn0=/informe-arbitral-rayados-de-monterrey-vs-puebla-fc-jornada-8-estadio-el-barrial', 'text': ''}","{'type': 'link', 'href': 'https://www.ligafemenil.mx/cancha/mxm/102141/eyJpZERpdmlzaW9uIjoiMTQiLCJpZFRlbXBvcmFkYSI6IjcwIiwiaWRUb3JuZW8iOiIyIiwiaWRDbHVibG9jYWwiOiIxMTE4NSIsImlkQ2x1YnZpc2l0YSI6IjExNTQzIiwiaWRQYXJ0aWRvIjoiMTAyMTQxIiwicGVzdGFuYSI6IjQifQ==/minuto-a-minuto-rayados-de-monterrey-vs-puebla-fc-jornada-8-estadio-el-barrial', 'text': ''}","{'type': 'link', 'href': 'https://www.ligafemenil.mx/cancha/galeria/MTAyMTQxLzgvNzAvMi8xNA==/rayados-de-monterrey-vs-puebla-fc', 'text': ''}","{'type': 'link', 'href': 'https://www.ligafemenil.mx/cancha/playlist/102141/rayados-de-monterrey-vs-puebla-fc', 'text': ''}"
2019-2020,Clausura,"{'type': 'text', 'value': 'Lunes 24 de Febrero de 2020\nTemporada 2019-2020\nTorneo Clausura\nJornada 8\n24 Febrero 2020 - 15:45 hrs.'}","{'type': 'link', 'href': 'https://www.ligafemenil.mx/cancha/club/11191/america', 'text': ''}","{'type': 'link', 'href': 'https://www.ligafemenil.mx/cancha/informeArbitral/102137/eyJpZERpdmlzaW9uIjoiMTQiLCJpZFRlbXBvcmFkYSI6IjcwIiwiaWRUb3JuZW8iOiIyIiwiaWRDbHVibG9jYWwiOjExMTkxLCJpZENsdWJ2aXNpdGEiOjExMTg3fQ==/informe-arbitral-america-vs-toluca-jornada-8-estadio-cancha-centenario-no-5-natural-instalaciones-club-america-tudn', 'text': '0 - 1'}","{'type': 'link', 'href': 'https://www.ligafemenil.mx/cancha/club/11187/toluca', 'text': ''}","{'type': 'link', 'href': 'https://www.ligafemenil.mx/cancha/estadio/1421/estadio-cancha-centenario-no-5-natural-instalaciones-club-america', 'text': 'Cancha Centenario No. 5 (Natural) Instalaciones Club América'}","{'type': 'link', 'href': 'https://www.ligafemenil.mx/cancha/mxm/102137/eyJpZERpdmlzaW9uIjoiMTQiLCJpZFRlbXBvcmFkYSI6IjcwIiwiaWRUb3JuZW8iOiIyIiwiaWRDbHVibG9jYWwiOiIxMTE5MSIsImlkQ2x1YnZpc2l0YSI6IjExMTg3IiwiaWRQYXJ0aWRvIjoiMTAyMTM3IiwicGVzdGFuYSI6IjEifQ==/minuto-a-minuto-america-vs-toluca-jornada-8-estadio-cancha-centenario-no-5-natural-instalaciones-club-america-tudn', 'text': ''}","{'type': 'link', 'href': 'https://www.ligafemenil.mx/cancha/mxm/102137/eyJpZERpdmlzaW9uIjoiMTQiLCJpZFRlbXBvcmFkYSI6IjcwIiwiaWRUb3JuZW8iOiIyIiwiaWRDbHVibG9jYWwiOiIxMTE5MSIsImlkQ2x1YnZpc2l0YSI6IjExMTg3IiwiaWRQYXJ0aWRvIjoiMTAyMTM3IiwicGVzdGFuYSI6IjMifQ==/minuto-a-minuto-america-vs-toluca-jornada-8-estadio-cancha-centenario-no-5-natural-instalaciones-club-america-tudn', 'text': ''}","{'type': 'link', 'href': 'https://www.ligafemenil.mx/cancha/informeArbitral/102137/eyJpZERpdmlzaW9uIjoiMTQiLCJpZFRlbXBvcmFkYSI6IjcwIiwiaWRUb3JuZW8iOiIyIiwiaWRDbHVibG9jYWwiOiIxMTE5MSIsImlkQ2x1YnZpc2l0YSI6IjExMTg3In0=/informe-arbitral-america-vs-toluca-jornada-8-estadio-cancha-centenario-no-5-natural-instalaciones-club-america-tudn', 'text': ''}","{'type': 'link', 'href': 'https://www.ligafemenil.mx/cancha/mxm/102137/eyJpZERpdmlzaW9uIjoiMTQiLCJpZFRlbXBvcmFkYSI6IjcwIiwiaWRUb3JuZW8iOiIyIiwiaWRDbHVibG9jYWwiOiIxMTE5MSIsImlkQ2x1YnZpc2l0YSI6IjExMTg3IiwiaWRQYXJ0aWRvIjoiMTAyMTM3IiwicGVzdGFuYSI6IjQifQ==/minuto-a-minuto-america-vs-toluca-jornada-8-estadio-cancha-centenario-no-5-natural-instalaciones-club-america-tudn', 'text': ''}","{'type': 'link', 'href': 'https://www.ligafemenil.mx/cancha/galeria/MTAyMTM3LzgvNzAvMi8xNA==/america-vs-toluca', 'text': ''}","{'type': 'link', 'href': 'https://www.ligafemenil.mx/cancha/playlist/102137/america-vs-toluca', 'text': ''}"
2019-2020,Clausura,"{'type': 'text', 'value': 'Lunes 24 de Febrero de 2020\nTemporada 2019-2020\nTorneo Clausura\nJornada 8\n24 Febrero 2020 - 16:00 hrs.'}","{'type': 'link', 'href': 'https://www.ligafemenil.mx/cancha/club/11183/m-morelia', 'text': ''}","{'type': 'link', 'href': 'https://www.ligafemenil.mx/cancha/informeArbitral/102134/eyJpZERpdmlzaW9uIjoiMTQiLCJpZFRlbXBvcmFkYSI6IjcwIiwiaWRUb3JuZW8iOiIyIiwiaWRDbHVibG9jYWwiOjExMTgzLCJpZENsdWJ2aXNpdGEiOjExMTgxfQ==/informe-arbitral-m-morelia-vs-cruz-azul-jornada-8-estadio-jose-maria-morelos-y-pavon-am', 'text': '0 - 1'}","{'type': 'link', 'href': 'https://www.ligafemenil.mx/cancha/club/11181/cruz-azul', 'text': ''}","{'type': 'link', 'href': 'https://www.ligafemenil.mx/cancha/estadio/10/estadio-jose-maria-morelos-y-pavon', 'text': 'José María Morelos y Pavón'}","{'type': 'link', 'href': 'https://www.ligafemenil.mx/cancha/mxm/102134/eyJpZERpdmlzaW9uIjoiMTQiLCJpZFRlbXBvcmFkYSI6IjcwIiwiaWRUb3JuZW8iOiIyIiwiaWRDbHVibG9jYWwiOiIxMTE4MyIsImlkQ2x1YnZpc2l0YSI6IjExMTgxIiwiaWRQYXJ0aWRvIjoiMTAyMTM0IiwicGVzdGFuYSI6IjEifQ==/minuto-a-minuto-m-morelia-vs-cruz-azul-jornada-8-estadio-jose-maria-morelos-y-pavon-am', 'text': ''}","{'type': 'link', 'href': 'https://www.ligafemenil.mx/cancha/mxm/102134/eyJpZERpdmlzaW9uIjoiMTQiLCJpZFRlbXBvcmFkYSI6IjcwIiwiaWRUb3JuZW8iOiIyIiwiaWRDbHVibG9jYWwiOiIxMTE4MyIsImlkQ2x1YnZpc2l0YSI6IjExMTgxIiwiaWRQYXJ0aWRvIjoiMTAyMTM0IiwicGVzdGFuYSI6IjMifQ==/minuto-a-minuto-m-morelia-vs-cruz-azul-jornada-8-estadio-jose-maria-morelos-y-pavon-am', 'text': ''}","{'type': 'link', 'href': 'https://www.ligafemenil.mx/cancha/informeArbitral/102134/eyJpZERpdmlzaW9uIjoiMTQiLCJpZFRlbXBvcmFkYSI6IjcwIiwiaWRUb3JuZW8iOiIyIiwiaWRDbHVibG9jYWwiOiIxMTE4MyIsImlkQ2x1YnZpc2l0YSI6IjExMTgxIn0=/informe-arbitral-m-morelia-vs-cruz-azul-jornada-8-estadio-jose-maria-morelos-y-pavon-am', 'text': ''}","{'type': 'link', 'href': 'https://www.ligafemenil.mx/cancha/mxm/102134/eyJpZERpdmlzaW9uIjoiMTQiLCJpZFRlbXBvcmFkYSI6IjcwIiwiaWRUb3JuZW8iOiIyIiwiaWRDbHVibG9jYWwiOiIxMTE4MyIsImlkQ2x1YnZpc2l0YSI6IjExMTgxIiwiaWRQYXJ0aWRvIjoiMTAyMTM0IiwicGVzdGFuYSI6IjQifQ==/minuto-a-minuto-m-morelia-vs-cruz-azul-jornada-8-estadio-jose-maria-morelos-y-pavon-am', 'text': ''}","{'type': 'link', 'href': 'https://www.ligafemenil.mx/cancha/galeria/MTAyMTM0LzgvNzAvMi8xNA==/m-morelia-vs-cruz-azul', 'text': ''}","{'type': 'link', 'href': 'https://www.ligafemenil.mx/cancha/playlist/102134/m-morelia-vs-cruz-azul', 'text': ''}"
2019-2020,Clausura,"{'type': 'text', 'value': 'Lunes 24 de Febrero de 2020\nTemporada 2019-2020\nTorneo Clausura\nJornada 8\n24 Febrero 2020 - 19:00 hrs.'}","{'type': 'link', 'href': 'https://www.ligafemenil.mx/cancha/club/11184/pachuca', 'text': ''}","{'type': 'link', 'href': 'https://www.ligafemenil.mx/cancha/informeArbitral/102135/eyJpZERpdmlzaW9uIjoiMTQiLCJpZFRlbXBvcmFkYSI6IjcwIiwiaWRUb3JuZW8iOiIyIiwiaWRDbHVibG9jYWwiOjExMTg0LCJpZENsdWJ2aXNpdGEiOjExMjQ0fQ==/informe-arbitral-pachuca-vs-queretaro-jornada-8-estadio-hidalgo', 'text': '5 - 0'}","{'type': 'link', 'href': 'https://www.ligafemenil.mx/cancha/club/11244/queretaro', 'text': ''}","{'type': 'link', 'href': 'https://www.ligafemenil.mx/cancha/estadio/11/estadio-hidalgo', 'text': 'Hidalgo'}","{'type': 'link', 'href': 'https://www.ligafemenil.mx/cancha/mxm/102135/eyJpZERpdmlzaW9uIjoiMTQiLCJpZFRlbXBvcmFkYSI6IjcwIiwiaWRUb3JuZW8iOiIyIiwiaWRDbHVibG9jYWwiOiIxMTE4NCIsImlkQ2x1YnZpc2l0YSI6IjExMjQ0IiwiaWRQYXJ0aWRvIjoiMTAyMTM1IiwicGVzdGFuYSI6IjEifQ==/minuto-a-minuto-pachuca-vs-queretaro-jornada-8-estadio-hidalgo', 'text': ''}","{'type': 'link', 'href': 'https://www.ligafemenil.mx/cancha/mxm/102135/eyJpZERpdmlzaW9uIjoiMTQiLCJpZFRlbXBvcmFkYSI6IjcwIiwiaWRUb3JuZW8iOiIyIiwiaWRDbHVibG9jYWwiOiIxMTE4NCIsImlkQ2x1YnZpc2l0YSI6IjExMjQ0IiwiaWRQYXJ0aWRvIjoiMTAyMTM1IiwicGVzdGFuYSI6IjMifQ==/minuto-a-minuto-pachuca-vs-queretaro-jornada-8-estadio-hidalgo', 'text': ''}","{'type': 'link', 'href': 'https://www.ligafemenil.mx/cancha/informeArbitral/102135/eyJpZERpdmlzaW9uIjoiMTQiLCJpZFRlbXBvcmFkYSI6IjcwIiwiaWRUb3JuZW8iOiIyIiwiaWRDbHVibG9jYWwiOiIxMTE4NCIsImlkQ2x1YnZpc2l0YSI6IjExMjQ0In0=/informe-arbitral-pachuca-vs-queretaro-jornada-8-estadio-hidalgo', 'text': ''}","{'type': 'link', 'href': 'https://www.ligafemenil.mx/cancha/mxm/102135/eyJpZERpdmlzaW9uIjoiMTQiLCJpZFRlbXBvcmFkYSI6IjcwIiwiaWRUb3JuZW8iOiIyIiwiaWRDbHVibG9jYWwiOiIxMTE4NCIsImlkQ2x1YnZpc2l0YSI6IjExMjQ0IiwiaWRQYXJ0aWRvIjoiMTAyMTM1IiwicGVzdGFuYSI6IjQifQ==/minuto-a-minuto-pachuca-vs-queretaro-jornada-8-estadio-hidalgo', 'text': ''}","{'type': 'link', 'href': 'https://www.ligafemenil.mx/cancha/galeria/MTAyMTM1LzgvNzAvMi8xNA==/pachuca-vs-queretaro', 'text': ''}","{'type': 'link', 'href': 'https://www.ligafemenil.mx/cancha/playlist/102135/pachuca-vs-queretaro', 'text': ''}"
2019-2020,Clausura,"{'type': 'text', 'value': 'Lunes 24 de Febrero de 2020\nTemporada 2019-2020\nTorneo Clausura\nJornada 8\n24 Febrero 2020 - 19:00 hrs.'}","{'type': 'link', 'href': 'https://www.ligafemenil.mx/cancha/club/11182/guadalajara', 'text': ''}","{'type': 'link', 'href': 'https://www.ligafemenil.mx/cancha/informeArbitral/102132/eyJpZERpdmlzaW9uIjoiMTQiLCJpZFRlbXBvcmFkYSI6IjcwIiwiaWRUb3JuZW8iOiIyIiwiaWRDbHVibG9jYWwiOjExMTgyLCJpZENsdWJ2aXNpdGEiOjExMjQ1fQ==/informe-arbitral-guadalajara-vs-atlas-jornada-8-estadio-akron-fox-sports', 'text': '0 - 2'}","{'type': 'link', 'href': 'https://www.ligafemenil.mx/cancha/club/11245/atlas', 'text': ''}","{'type': 'link', 'href': 'https://www.ligafemenil.mx/cancha/estadio/1538/estadio-akron', 'text': 'Estadio AKRON'}","{'type': 'link', 'href': 'https://www.ligafemenil.mx/cancha/mxm/102132/eyJpZERpdmlzaW9uIjoiMTQiLCJpZFRlbXBvcmFkYSI6IjcwIiwiaWRUb3JuZW8iOiIyIiwiaWRDbHVibG9jYWwiOiIxMTE4MiIsImlkQ2x1YnZpc2l0YSI6IjExMjQ1IiwiaWRQYXJ0aWRvIjoiMTAyMTMyIiwicGVzdGFuYSI6IjEifQ==/minuto-a-minuto-guadalajara-vs-atlas-jornada-8-estadio-akron-fox-sports', 'text': ''}","{'type': 'link', 'href': 'https://www.ligafemenil.mx/cancha/mxm/102132/eyJpZERpdmlzaW9uIjoiMTQiLCJpZFRlbXBvcmFkYSI6IjcwIiwiaWRUb3JuZW8iOiIyIiwiaWRDbHVibG9jYWwiOiIxMTE4MiIsImlkQ2x1YnZpc2l0YSI6IjExMjQ1IiwiaWRQYXJ0aWRvIjoiMTAyMTMyIiwicGVzdGFuYSI6IjMifQ==/minuto-a-minuto-guadalajara-vs-atlas-jornada-8-estadio-akron-fox-sports', 'text': ''}","{'type': 'link', 'href': 'https://www.ligafemenil.mx/cancha/informeArbitral/102132/eyJpZERpdmlzaW9uIjoiMTQiLCJpZFRlbXBvcmFkYSI6IjcwIiwiaWRUb3JuZW8iOiIyIiwiaWRDbHVibG9jYWwiOiIxMTE4MiIsImlkQ2x1YnZpc2l0YSI6IjExMjQ1In0=/informe-arbitral-guadalajara-vs-atlas-jornada-8-estadio-akron-fox-sports', 'text': ''}","{'type': 'link', 'href': 'https://www.ligafemenil.mx/cancha/mxm/102132/eyJpZERpdmlzaW9uIjoiMTQiLCJpZFRlbXBvcmFkYSI6IjcwIiwiaWRUb3JuZW8iOiIyIiwiaWRDbHVibG9jYWwiOiIxMTE4MiIsImlkQ2x1YnZpc2l0YSI6IjExMjQ1IiwiaWRQYXJ0aWRvIjoiMTAyMTMyIiwicGVzdGFuYSI6IjQifQ==/minuto-a-minuto-guadalajara-vs-atlas-jornada-8-estadio-akron-fox-sports', 'text': ''}","{'type': 'link', 'href': 'https://www.ligafemenil.mx/cancha/galeria/MTAyMTMyLzgvNzAvMi8xNA==/guadalajara-vs-atlas', 'text': ''}","{'type': 'link', 'href': 'https://www.ligafemenil.mx/cancha/playlist/102132/guadalajara-vs-atlas', 'text': ''}"
2019-2020,Clausura,"{'type': 'text', 'value': 'Lunes 24 de Febrero de 2020\nTemporada 2019-2020\nTorneo Clausura\nJornada 8\n24 Febrero 2020 - 20:00 hrs.'}","{'type': 'link', 'href': 'https://www.ligafemenil.mx/cancha/club/11778/club-atletico-de-san-luis', 'text': ''}","{'type': 'link', 'href': 'https://www.ligafemenil.mx/cancha/informeArbitral/102139/eyJpZERpdmlzaW9uIjoiMTQiLCJpZFRlbXBvcmFkYSI6IjcwIiwiaWRUb3JuZW8iOiIyIiwiaWRDbHVibG9jYWwiOjExNzc4LCJpZENsdWJ2aXNpdGEiOjExMTg2fQ==/informe-arbitral-club-atletico-de-san-luis-vs-tigres-de-la-uanl-jornada-8-estadio-alfonso-lastras-ramirez', 'text': '1 - 6'}","{'type': 'link', 'href': 'https://www.ligafemenil.mx/cancha/club/11186/tigres-de-la-uanl', 'text': ''}","{'type': 'link', 'href': 'https://www.ligafemenil.mx/cancha/estadio/14/estadio-alfonso-lastras-ramirez', 'text': 'Alfonso Lastras Ramírez'}","{'type': 'link', 'href': 'https://www.ligafemenil.mx/cancha/mxm/102139/eyJpZERpdmlzaW9uIjoiMTQiLCJpZFRlbXBvcmFkYSI6IjcwIiwiaWRUb3JuZW8iOiIyIiwiaWRDbHVibG9jYWwiOiIxMTc3OCIsImlkQ2x1YnZpc2l0YSI6IjExMTg2IiwiaWRQYXJ0aWRvIjoiMTAyMTM5IiwicGVzdGFuYSI6IjEifQ==/minuto-a-minuto-club-atletico-de-san-luis-vs-tigres-de-la-uanl-jornada-8-estadio-alfonso-lastras-ramirez', 'text': ''}","{'type': 'link', 'href': 'https://www.ligafemenil.mx/cancha/mxm/102139/eyJpZERpdmlzaW9uIjoiMTQiLCJpZFRlbXBvcmFkYSI6IjcwIiwiaWRUb3JuZW8iOiIyIiwiaWRDbHVibG9jYWwiOiIxMTc3OCIsImlkQ2x1YnZpc2l0YSI6IjExMTg2IiwiaWRQYXJ0aWRvIjoiMTAyMTM5IiwicGVzdGFuYSI6IjMifQ==/minuto-a-minuto-club-atletico-de-san-luis-vs-tigres-de-la-uanl-jornada-8-estadio-alfonso-lastras-ramirez', 'text': ''}","{'type': 'link', 'href': 'https://www.ligafemenil.mx/cancha/informeArbitral/102139/eyJpZERpdmlzaW9uIjoiMTQiLCJpZFRlbXBvcmFkYSI6IjcwIiwiaWRUb3JuZW8iOiIyIiwiaWRDbHVibG9jYWwiOiIxMTc3OCIsImlkQ2x1YnZpc2l0YSI6IjExMTg2In0=/informe-arbitral-club-atletico-de-san-luis-vs-tigres-de-la-uanl-jornada-8-estadio-alfonso-lastras-ramirez', 'text': ''}","{'type': 'link', 'href': 'https://www.ligafemenil.mx/cancha/mxm/102139/eyJpZERpdmlzaW9uIjoiMTQiLCJpZFRlbXBvcmFkYSI6IjcwIiwiaWRUb3JuZW8iOiIyIiwiaWRDbHVibG9jYWwiOiIxMTc3OCIsImlkQ2x1YnZpc2l0YSI6IjExMTg2IiwiaWRQYXJ0aWRvIjoiMTAyMTM5IiwicGVzdGFuYSI6IjQifQ==/minuto-a-minuto-club-atletico-de-san-luis-vs-tigres-de-la-uanl-jornada-8-estadio-alfonso-lastras-ramirez', 'text': ''}","{'type': 'link', 'href': 'https://www.ligafemenil.mx/cancha/galeria/MTAyMTM5LzgvNzAvMi8xNA==/club-atletico-de-san-luis-vs-tigres-de-la-uanl', 'text': ''}","{'type': 'link', 'href': 'https://www.ligafemenil.mx/cancha/playlist/102139/club-atletico-de-san-luis-vs-tigres-de-la-uanl', 'text': ''}"
2019-2020,Clausura,"{'type': 'text', 'value': 'Lunes 24 de Febrero de 2020\nTemporada 2019-2020\nTorneo Clausura\nJornada 8\n24 Febrero 2020 - 21:00 hrs.'}","{'type': 'link', 'href': 'https://www.ligafemenil.mx/cancha/club/11192/santos-laguna', 'text': ''}","{'type': 'link', 'href': 'https://www.ligafemenil.mx/cancha/informeArbitral/102142/eyJpZERpdmlzaW9uIjoiMTQiLCJpZFRlbXBvcmFkYSI6IjcwIiwiaWRUb3JuZW8iOiIyIiwiaWRDbHVibG9jYWwiOjExMTkyLCJpZENsdWJ2aXNpdGEiOjExMjQzfQ==/informe-arbitral-santos-laguna-vs-leon-jornada-8-estadio-tsm-corona-fox-sports', 'text': '1 - 2'}","{'type': 'link', 'href': 'https://www.ligafemenil.mx/cancha/club/11243/leon', 'text': ''}","{'type': 'link', 'href': 'https://www.ligafemenil.mx/cancha/estadio/63/estadio-tsm-corona', 'text': 'TSM Corona'}","{'type': 'link', 'href': 'https://www.ligafemenil.mx/cancha/mxm/102142/eyJpZERpdmlzaW9uIjoiMTQiLCJpZFRlbXBvcmFkYSI6IjcwIiwiaWRUb3JuZW8iOiIyIiwiaWRDbHVibG9jYWwiOiIxMTE5MiIsImlkQ2x1YnZpc2l0YSI6IjExMjQzIiwiaWRQYXJ0aWRvIjoiMTAyMTQyIiwicGVzdGFuYSI6IjEifQ==/minuto-a-minuto-santos-laguna-vs-leon-jornada-8-estadio-tsm-corona-fox-sports', 'text': ''}","{'type': 'link', 'href': 'https://www.ligafemenil.mx/cancha/mxm/102142/eyJpZERpdmlzaW9uIjoiMTQiLCJpZFRlbXBvcmFkYSI6IjcwIiwiaWRUb3JuZW8iOiIyIiwiaWRDbHVibG9jYWwiOiIxMTE5MiIsImlkQ2x1YnZpc2l0YSI6IjExMjQzIiwiaWRQYXJ0aWRvIjoiMTAyMTQyIiwicGVzdGFuYSI6IjMifQ==/minuto-a-minuto-santos-laguna-vs-leon-jornada-8-estadio-tsm-corona-fox-sports', 'text': ''}","{'type': 'link', 'href': 'https://www.ligafemenil.mx/cancha/informeArbitral/102142/eyJpZERpdmlzaW9uIjoiMTQiLCJpZFRlbXBvcmFkYSI6IjcwIiwiaWRUb3JuZW8iOiIyIiwiaWRDbHVibG9jYWwiOiIxMTE5MiIsImlkQ2x1YnZpc2l0YSI6IjExMjQzIn0=/informe-arbitral-santos-laguna-vs-leon-jornada-8-estadio-tsm-corona-fox-sports', 'text': ''}","{'type': 'link', 'href': 'https://www.ligafemenil.mx/cancha/mxm/102142/eyJpZERpdmlzaW9uIjoiMTQiLCJpZFRlbXBvcmFkYSI6IjcwIiwiaWRUb3JuZW8iOiIyIiwiaWRDbHVibG9jYWwiOiIxMTE5MiIsImlkQ2x1YnZpc2l0YSI6IjExMjQzIiwiaWRQYXJ0aWRvIjoiMTAyMTQyIiwicGVzdGFuYSI6IjQifQ==/minuto-a-minuto-santos-laguna-vs-leon-jornada-8-estadio-tsm-corona-fox-sports', 'text': ''}","{'type': 'link', 'href': 'https://www.ligafemenil.mx/cancha/galeria/MTAyMTQyLzgvNzAvMi8xNA==/santos-laguna-vs-leon', 'text': ''}","{'type': 'link', 'href': 'https://www.ligafemenil.mx/cancha/playlist/102142/santos-laguna-vs-leon', 'text': ''}"
2019-2020,Clausura,"{'type': 'text', 'value': 'Viernes 28 de Febrero de 2020\nTemporada 2019-2020\nTorneo Clausura\nJornada 9\n28 Febrero 2020 - 15:45 hrs.'}","{'type': 'link', 'href': 'https://www.ligafemenil.mx/cancha/club/11181/cruz-azul', 'text': ''}","{'type': 'link', 'href': 'https://www.ligafemenil.mx/cancha/informeArbitral/102144/eyJpZERpdmlzaW9uIjoiMTQiLCJpZFRlbXBvcmFkYSI6IjcwIiwiaWRUb3JuZW8iOiIyIiwiaWRDbHVibG9jYWwiOjExMTgxLCJpZENsdWJ2aXNpdGEiOjExMTg5fQ==/informe-arbitral-cruz-azul-vs-necaxa-jornada-9-estadio-10-de-diciembre-tudn', 'text': '1 - 0'}","{'type': 'link', 'href': 'https://www.ligafemenil.mx/cancha/club/11189/necaxa', 'text': ''}","{'type': 'link', 'href': 'https://www.ligafemenil.mx/cancha/estadio/30/estadio-10-de-diciembre', 'text': '10 de Diciembre'}","{'type': 'link', 'href': 'https://www.ligafemenil.mx/cancha/mxm/102144/eyJpZERpdmlzaW9uIjoiMTQiLCJpZFRlbXBvcmFkYSI6IjcwIiwiaWRUb3JuZW8iOiIyIiwiaWRDbHVibG9jYWwiOiIxMTE4MSIsImlkQ2x1YnZpc2l0YSI6IjExMTg5IiwiaWRQYXJ0aWRvIjoiMTAyMTQ0IiwicGVzdGFuYSI6IjEifQ==/minuto-a-minuto-cruz-azul-vs-necaxa-jornada-9-estadio-10-de-diciembre-tudn', 'text': ''}","{'type': 'link', 'href': 'https://www.ligafemenil.mx/cancha/mxm/102144/eyJpZERpdmlzaW9uIjoiMTQiLCJpZFRlbXBvcmFkYSI6IjcwIiwiaWRUb3JuZW8iOiIyIiwiaWRDbHVibG9jYWwiOiIxMTE4MSIsImlkQ2x1YnZpc2l0YSI6IjExMTg5IiwiaWRQYXJ0aWRvIjoiMTAyMTQ0IiwicGVzdGFuYSI6IjMifQ==/minuto-a-minuto-cruz-azul-vs-necaxa-jornada-9-estadio-10-de-diciembre-tudn', 'text': ''}","{'type': 'link', 'href': 'https://www.ligafemenil.mx/cancha/informeArbitral/102144/eyJpZERpdmlzaW9uIjoiMTQiLCJpZFRlbXBvcmFkYSI6IjcwIiwiaWRUb3JuZW8iOiIyIiwiaWRDbHVibG9jYWwiOiIxMTE4MSIsImlkQ2x1YnZpc2l0YSI6IjExMTg5In0=/informe-arbitral-cruz-azul-vs-necaxa-jornada-9-estadio-10-de-diciembre-tudn', 'text': ''}","{'type': 'link', 'href': 'https://www.ligafemenil.mx/cancha/mxm/102144/eyJpZERpdmlzaW9uIjoiMTQiLCJpZFRlbXBvcmFkYSI6IjcwIiwiaWRUb3JuZW8iOiIyIiwiaWRDbHVibG9jYWwiOiIxMTE4MSIsImlkQ2x1YnZpc2l0YSI6IjExMTg5IiwiaWRQYXJ0aWRvIjoiMTAyMTQ0IiwicGVzdGFuYSI6IjQifQ==/minuto-a-minuto-cruz-azul-vs-necaxa-jornada-9-estadio-10-de-diciembre-tudn', 'text': ''}","{'type': 'link', 'href': 'https://www.ligafemenil.mx/cancha/galeria/MTAyMTQ0LzkvNzAvMi8xNA==/cruz-azul-vs-necaxa', 'text': ''}","{'type': 'link', 'href': 'https://www.ligafemenil.mx/cancha/playlist/102144/cruz-azul-vs-necaxa', 'text': ''}"
2019-2020,Clausura,"{'type': 'text', 'value': 'Viernes 28 de Febrero de 2020\nTemporada 2019-2020\nTorneo Clausura\nJornada 9\n28 Febrero 2020 - 16:00 hrs.'}","{'type': 'link', 'href': 'https://www.ligafemenil.mx/cancha/club/11244/queretaro', 'text': ''}","{'type': 'link', 'href': 'https://www.ligafemenil.mx/cancha/informeArbitral/102146/eyJpZERpdmlzaW9uIjoiMTQiLCJpZFRlbXBvcmFkYSI6IjcwIiwiaWRUb3JuZW8iOiIyIiwiaWRDbHVibG9jYWwiOjExMjQ0LCJpZENsdWJ2aXNpdGEiOjExMTg4fQ==/informe-arbitral-queretaro-vs-pumas-jornada-9-estadio-la-corregidora-tvc-deportes', 'text': '0 - 0'}","{'type': 'link', 'href': 'https://www.ligafemenil.mx/cancha/club/11188/pumas', 'text': ''}","{'type': 'link', 'href': 'https://www.ligafemenil.mx/cancha/estadio/25/estadio-la-corregidora', 'text': 'La Corregidora'}","{'type': 'link', 'href': 'https://www.ligafemenil.mx/cancha/mxm/102146/eyJpZERpdmlzaW9uIjoiMTQiLCJpZFRlbXBvcmFkYSI6IjcwIiwiaWRUb3JuZW8iOiIyIiwiaWRDbHVibG9jYWwiOiIxMTI0NCIsImlkQ2x1YnZpc2l0YSI6IjExMTg4IiwiaWRQYXJ0aWRvIjoiMTAyMTQ2IiwicGVzdGFuYSI6IjEifQ==/minuto-a-minuto-queretaro-vs-pumas-jornada-9-estadio-la-corregidora-tvc-deportes', 'text': ''}","{'type': 'link', 'href': 'https://www.ligafemenil.mx/cancha/mxm/102146/eyJpZERpdmlzaW9uIjoiMTQiLCJpZFRlbXBvcmFkYSI6IjcwIiwiaWRUb3JuZW8iOiIyIiwiaWRDbHVibG9jYWwiOiIxMTI0NCIsImlkQ2x1YnZpc2l0YSI6IjExMTg4IiwiaWRQYXJ0aWRvIjoiMTAyMTQ2IiwicGVzdGFuYSI6IjMifQ==/minuto-a-minuto-queretaro-vs-pumas-jornada-9-estadio-la-corregidora-tvc-deportes', 'text': ''}","{'type': 'link', 'href': 'https://www.ligafemenil.mx/cancha/informeArbitral/102146/eyJpZERpdmlzaW9uIjoiMTQiLCJpZFRlbXBvcmFkYSI6IjcwIiwiaWRUb3JuZW8iOiIyIiwiaWRDbHVibG9jYWwiOiIxMTI0NCIsImlkQ2x1YnZpc2l0YSI6IjExMTg4In0=/informe-arbitral-queretaro-vs-pumas-jornada-9-estadio-la-corregidora-tvc-deportes', 'text': ''}","{'type': 'link', 'href': 'https://www.ligafemenil.mx/cancha/mxm/102146/eyJpZERpdmlzaW9uIjoiMTQiLCJpZFRlbXBvcmFkYSI6IjcwIiwiaWRUb3JuZW8iOiIyIiwiaWRDbHVibG9jYWwiOiIxMTI0NCIsImlkQ2x1YnZpc2l0YSI6IjExMTg4IiwiaWRQYXJ0aWRvIjoiMTAyMTQ2IiwicGVzdGFuYSI6IjQifQ==/minuto-a-minuto-queretaro-vs-pumas-jornada-9-estadio-la-corregidora-tvc-deportes', 'text': ''}","{'type': 'link', 'href': 'https://www.ligafemenil.mx/cancha/galeria/MTAyMTQ2LzkvNzAvMi8xNA==/queretaro-vs-pumas', 'text': ''}","{'type': 'link', 'href': 'https://www.ligafemenil.mx/cancha/playlist/102146/queretaro-vs-pumas', 'text': ''}"
2019-2020,Clausura,"{'type': 'text', 'value': 'Viernes 28 de Febrero de 2020\nTemporada 2019-2020\nTorneo Clausura\nJornada 9\n28 Febrero 2020 - 20:00 hrs.'}","{'type': 'link', 'href': 'https://www.ligafemenil.mx/cancha/club/11795/fc-juarez', 'text': ''}","{'type': 'link', 'href': 'https://www.ligafemenil.mx/cancha/informeArbitral/102148/eyJpZERpdmlzaW9uIjoiMTQiLCJpZFRlbXBvcmFkYSI6IjcwIiwiaWRUb3JuZW8iOiIyIiwiaWRDbHVibG9jYWwiOjExNzk1LCJpZENsdWJ2aXNpdGEiOjExMTg1fQ==/informe-arbitral-fc-juarez-vs-rayados-de-monterrey-jornada-9-estadio-olimpico-benito-juarez-tudn', 'text': '0 - 0'}","{'type': 'link', 'href': 'https://www.ligafemenil.mx/cancha/club/11185/rayados-de-monterrey', 'text': ''}","{'type': 'link', 'href': 'https://www.ligafemenil.mx/cancha/estadio/17/estadio-olimpico-benito-juarez', 'text': 'Olímpico Benito Juárez'}","{'type': 'link', 'href': 'https://www.ligafemenil.mx/cancha/mxm/102148/eyJpZERpdmlzaW9uIjoiMTQiLCJpZFRlbXBvcmFkYSI6IjcwIiwiaWRUb3JuZW8iOiIyIiwiaWRDbHVibG9jYWwiOiIxMTc5NSIsImlkQ2x1YnZpc2l0YSI6IjExMTg1IiwiaWRQYXJ0aWRvIjoiMTAyMTQ4IiwicGVzdGFuYSI6IjEifQ==/minuto-a-minuto-fc-juarez-vs-rayados-de-monterrey-jornada-9-estadio-olimpico-benito-juarez-tudn', 'text': ''}","{'type': 'link', 'href': 'https://www.ligafemenil.mx/cancha/mxm/102148/eyJpZERpdmlzaW9uIjoiMTQiLCJpZFRlbXBvcmFkYSI6IjcwIiwiaWRUb3JuZW8iOiIyIiwiaWRDbHVibG9jYWwiOiIxMTc5NSIsImlkQ2x1YnZpc2l0YSI6IjExMTg1IiwiaWRQYXJ0aWRvIjoiMTAyMTQ4IiwicGVzdGFuYSI6IjMifQ==/minuto-a-minuto-fc-juarez-vs-rayados-de-monterrey-jornada-9-estadio-olimpico-benito-juarez-tudn', 'text': ''}","{'type': 'link', 'href': 'https://www.ligafemenil.mx/cancha/informeArbitral/102148/eyJpZERpdmlzaW9uIjoiMTQiLCJpZFRlbXBvcmFkYSI6IjcwIiwiaWRUb3JuZW8iOiIyIiwiaWRDbHVibG9jYWwiOiIxMTc5NSIsImlkQ2x1YnZpc2l0YSI6IjExMTg1In0=/informe-arbitral-fc-juarez-vs-rayados-de-monterrey-jornada-9-estadio-olimpico-benito-juarez-tudn', 'text': ''}","{'type': 'link', 'href': 'https://www.ligafemenil.mx/cancha/mxm/102148/eyJpZERpdmlzaW9uIjoiMTQiLCJpZFRlbXBvcmFkYSI6IjcwIiwiaWRUb3JuZW8iOiIyIiwiaWRDbHVibG9jYWwiOiIxMTc5NSIsImlkQ2x1YnZpc2l0YSI6IjExMTg1IiwiaWRQYXJ0aWRvIjoiMTAyMTQ4IiwicGVzdGFuYSI6IjQifQ==/minuto-a-minuto-fc-juarez-vs-rayados-de-monterrey-jornada-9-estadio-olimpico-benito-juarez-tudn', 'text': ''}","{'type': 'link', 'href': 'https://www.ligafemenil.mx/cancha/galeria/MTAyMTQ4LzkvNzAvMi8xNA==/fc-juarez-vs-rayados-de-monterrey', 'text': ''}","{'type': 'link', 'href': 'https://www.ligafemenil.mx/cancha/playlist/102148/fc-juarez-vs-rayados-de-monterrey', 'text': ''}"
2019-2020,Clausura,"{'type': 'text', 'value': 'Domingo 1 de Marzo de 2020\nTemporada 2019-2020\nTorneo Clausura\nJornada 9\n1 Marzo 2020 - 12:00 hrs.'}","{'type': 'link', 'href': 'https://www.ligafemenil.mx/cancha/club/11543/puebla-fc', 'text': ''}","{'type': 'link', 'href': 'https://www.ligafemenil.mx/cancha/informeArbitral/102151/eyJpZERpdmlzaW9uIjoiMTQiLCJpZFRlbXBvcmFkYSI6IjcwIiwiaWRUb3JuZW8iOiIyIiwiaWRDbHVibG9jYWwiOjExNTQzLCJpZENsdWJ2aXNpdGEiOjExMTgyfQ==/informe-arbitral-puebla-fc-vs-guadalajara-jornada-9-estadio-cuauhtemoc-tvc-deportes', 'text': '0 - 1'}","{'type': 'link', 'href': 'https://www.ligafemenil.mx/cancha/club/11182/guadalajara', 'text': ''}","{'type': 'link', 'href': 'https://www.ligafemenil.mx/cancha/estadio/9/estadio-cuauhtemoc', 'text': 'Cuauhtémoc'}","{'type': 'link', 'href': 'https://www.ligafemenil.mx/cancha/mxm/102151/eyJpZERpdmlzaW9uIjoiMTQiLCJpZFRlbXBvcmFkYSI6IjcwIiwiaWRUb3JuZW8iOiIyIiwiaWRDbHVibG9jYWwiOiIxMTU0MyIsImlkQ2x1YnZpc2l0YSI6IjExMTgyIiwiaWRQYXJ0aWRvIjoiMTAyMTUxIiwicGVzdGFuYSI6IjEifQ==/minuto-a-minuto-puebla-fc-vs-guadalajara-jornada-9-estadio-cuauhtemoc-tvc-deportes', 'text': ''}","{'type': 'link', 'href': 'https://www.ligafemenil.mx/cancha/mxm/102151/eyJpZERpdmlzaW9uIjoiMTQiLCJpZFRlbXBvcmFkYSI6IjcwIiwiaWRUb3JuZW8iOiIyIiwiaWRDbHVibG9jYWwiOiIxMTU0MyIsImlkQ2x1YnZpc2l0YSI6IjExMTgyIiwiaWRQYXJ0aWRvIjoiMTAyMTUxIiwicGVzdGFuYSI6IjMifQ==/minuto-a-minuto-puebla-fc-vs-guadalajara-jornada-9-estadio-cuauhtemoc-tvc-deportes', 'text': ''}","{'type': 'link', 'href': 'https://www.ligafemenil.mx/cancha/informeArbitral/102151/eyJpZERpdmlzaW9uIjoiMTQiLCJpZFRlbXBvcmFkYSI6IjcwIiwiaWRUb3JuZW8iOiIyIiwiaWRDbHVibG9jYWwiOiIxMTU0MyIsImlkQ2x1YnZpc2l0YSI6IjExMTgyIn0=/informe-arbitral-puebla-fc-vs-guadalajara-jornada-9-estadio-cuauhtemoc-tvc-deportes', 'text': ''}","{'type': 'link', 'href': 'https://www.ligafemenil.mx/cancha/mxm/102151/eyJpZERpdmlzaW9uIjoiMTQiLCJpZFRlbXBvcmFkYSI6IjcwIiwiaWRUb3JuZW8iOiIyIiwiaWRDbHVibG9jYWwiOiIxMTU0MyIsImlkQ2x1YnZpc2l0YSI6IjExMTgyIiwiaWRQYXJ0aWRvIjoiMTAyMTUxIiwicGVzdGFuYSI6IjQifQ==/minuto-a-minuto-puebla-fc-vs-guadalajara-jornada-9-estadio-cuauhtemoc-tvc-deportes', 'text': ''}","{'type': 'link', 'href': 'https://www.ligafemenil.mx/cancha/galeria/MTAyMTUxLzkvNzAvMi8xNA==/puebla-fc-vs-guadalajara', 'text': ''}","{'type': 'link', 'href': 'https://www.ligafemenil.mx/cancha/playlist/102151/puebla-fc-vs-guadalajara', 'text': ''}"
2019-2020,Clausura,"{'type': 'text', 'value': 'Lunes 2 de Marzo de 2020\nTemporada 2019-2020\nTorneo Clausura\nJornada 9\n2 Marzo 2020 - 15:45 hrs.'}","{'type': 'link', 'href': 'https://www.ligafemenil.mx/cancha/club/11245/atlas', 'text': ''}","{'type': 'link', 'href': 'https://www.ligafemenil.mx/cancha/informeArbitral/102149/eyJpZERpdmlzaW9uIjoiMTQiLCJpZFRlbXBvcmFkYSI6IjcwIiwiaWRUb3JuZW8iOiIyIiwiaWRDbHVibG9jYWwiOjExMjQ1LCJpZENsdWJ2aXNpdGEiOjExMTkyfQ==/informe-arbitral-atlas-vs-santos-laguna-jornada-9-estadio-jalisco-tvc-deportes', 'text': '1 - 0'}","{'type': 'link', 'href': 'https://www.ligafemenil.mx/cancha/club/11192/santos-laguna', 'text': ''}","{'type': 'link', 'href': 'https://www.ligafemenil.mx/cancha/estadio/5/estadio-jalisco', 'text': 'Jalisco'}","{'type': 'link', 'href': 'https://www.ligafemenil.mx/cancha/mxm/102149/eyJpZERpdmlzaW9uIjoiMTQiLCJpZFRlbXBvcmFkYSI6IjcwIiwiaWRUb3JuZW8iOiIyIiwiaWRDbHVibG9jYWwiOiIxMTI0NSIsImlkQ2x1YnZpc2l0YSI6IjExMTkyIiwiaWRQYXJ0aWRvIjoiMTAyMTQ5IiwicGVzdGFuYSI6IjEifQ==/minuto-a-minuto-atlas-vs-santos-laguna-jornada-9-estadio-jalisco-tvc-deportes', 'text': ''}","{'type': 'link', 'href': 'https://www.ligafemenil.mx/cancha/mxm/102149/eyJpZERpdmlzaW9uIjoiMTQiLCJpZFRlbXBvcmFkYSI6IjcwIiwiaWRUb3JuZW8iOiIyIiwiaWRDbHVibG9jYWwiOiIxMTI0NSIsImlkQ2x1YnZpc2l0YSI6IjExMTkyIiwiaWRQYXJ0aWRvIjoiMTAyMTQ5IiwicGVzdGFuYSI6IjMifQ==/minuto-a-minuto-atlas-vs-santos-laguna-jornada-9-estadio-jalisco-tvc-deportes', 'text': ''}","{'type': 'link', 'href': 'https://www.ligafemenil.mx/cancha/informeArbitral/102149/eyJpZERpdmlzaW9uIjoiMTQiLCJpZFRlbXBvcmFkYSI6IjcwIiwiaWRUb3JuZW8iOiIyIiwiaWRDbHVibG9jYWwiOiIxMTI0NSIsImlkQ2x1YnZpc2l0YSI6IjExMTkyIn0=/informe-arbitral-atlas-vs-santos-laguna-jornada-9-estadio-jalisco-tvc-deportes', 'text': ''}","{'type': 'link', 'href': 'https://www.ligafemenil.mx/cancha/mxm/102149/eyJpZERpdmlzaW9uIjoiMTQiLCJpZFRlbXBvcmFkYSI6IjcwIiwiaWRUb3JuZW8iOiIyIiwiaWRDbHVibG9jYWwiOiIxMTI0NSIsImlkQ2x1YnZpc2l0YSI6IjExMTkyIiwiaWRQYXJ0aWRvIjoiMTAyMTQ5IiwicGVzdGFuYSI6IjQifQ==/minuto-a-minuto-atlas-vs-santos-laguna-jornada-9-estadio-jalisco-tvc-deportes', 'text': ''}","{'type': 'link', 'href': 'https://www.ligafemenil.mx/cancha/galeria/MTAyMTQ5LzkvNzAvMi8xNA==/atlas-vs-santos-laguna', 'text': ''}","{'type': 'link', 'href': 'https://www.ligafemenil.mx/cancha/playlist/102149/atlas-vs-santos-laguna', 'text': ''}"
2019-2020,Clausura,"{'type': 'text', 'value': 'Lunes 2 de Marzo de 2020\nTemporada 2019-2020\nTorneo Clausura\nJornada 9\n2 Marzo 2020 - 18:00 hrs.'}","{'type': 'link', 'href': 'https://www.ligafemenil.mx/cancha/club/11187/toluca', 'text': ''}","{'type': 'link', 'href': 'https://www.ligafemenil.mx/cancha/informeArbitral/102152/eyJpZERpdmlzaW9uIjoiMTQiLCJpZFRlbXBvcmFkYSI6IjcwIiwiaWRUb3JuZW8iOiIyIiwiaWRDbHVibG9jYWwiOjExMTg3LCJpZENsdWJ2aXNpdGEiOjExMTg0fQ==/informe-arbitral-toluca-vs-pachuca-jornada-9-estadio-nemesio-diez-tudn', 'text': '0 - 2'}","{'type': 'link', 'href': 'https://www.ligafemenil.mx/cancha/club/11184/pachuca', 'text': ''}","{'type': 'link', 'href': 'https://www.ligafemenil.mx/cancha/estadio/6/estadio-nemesio-diez', 'text': 'Nemesio Diez'}","{'type': 'link', 'href': 'https://www.ligafemenil.mx/cancha/mxm/102152/eyJpZERpdmlzaW9uIjoiMTQiLCJpZFRlbXBvcmFkYSI6IjcwIiwiaWRUb3JuZW8iOiIyIiwiaWRDbHVibG9jYWwiOiIxMTE4NyIsImlkQ2x1YnZpc2l0YSI6IjExMTg0IiwiaWRQYXJ0aWRvIjoiMTAyMTUyIiwicGVzdGFuYSI6IjEifQ==/minuto-a-minuto-toluca-vs-pachuca-jornada-9-estadio-nemesio-diez-tudn', 'text': ''}","{'type': 'link', 'href': 'https://www.ligafemenil.mx/cancha/mxm/102152/eyJpZERpdmlzaW9uIjoiMTQiLCJpZFRlbXBvcmFkYSI6IjcwIiwiaWRUb3JuZW8iOiIyIiwiaWRDbHVibG9jYWwiOiIxMTE4NyIsImlkQ2x1YnZpc2l0YSI6IjExMTg0IiwiaWRQYXJ0aWRvIjoiMTAyMTUyIiwicGVzdGFuYSI6IjMifQ==/minuto-a-minuto-toluca-vs-pachuca-jornada-9-estadio-nemesio-diez-tudn', 'text': ''}","{'type': 'link', 'href': 'https://www.ligafemenil.mx/cancha/informeArbitral/102152/eyJpZERpdmlzaW9uIjoiMTQiLCJpZFRlbXBvcmFkYSI6IjcwIiwiaWRUb3JuZW8iOiIyIiwiaWRDbHVibG9jYWwiOiIxMTE4NyIsImlkQ2x1YnZpc2l0YSI6IjExMTg0In0=/informe-arbitral-toluca-vs-pachuca-jornada-9-estadio-nemesio-diez-tudn', 'text': ''}","{'type': 'link', 'href': 'https://www.ligafemenil.mx/cancha/mxm/102152/eyJpZERpdmlzaW9uIjoiMTQiLCJpZFRlbXBvcmFkYSI6IjcwIiwiaWRUb3JuZW8iOiIyIiwiaWRDbHVibG9jYWwiOiIxMTE4NyIsImlkQ2x1YnZpc2l0YSI6IjExMTg0IiwiaWRQYXJ0aWRvIjoiMTAyMTUyIiwicGVzdGFuYSI6IjQifQ==/minuto-a-minuto-toluca-vs-pachuca-jornada-9-estadio-nemesio-diez-tudn', 'text': ''}","{'type': 'link', 'href': 'https://www.ligafemenil.mx/cancha/galeria/MTAyMTUyLzkvNzAvMi8xNA==/toluca-vs-pachuca', 'text': ''}","{'type': 'link', 'href': 'https://www.ligafemenil.mx/cancha/playlist/102152/toluca-vs-pachuca', 'text': ''}"
2019-2020,Clausura,"{'type': 'text', 'value': 'Lunes 2 de Marzo de 2020\nTemporada 2019-2020\nTorneo Clausura\nJornada 9\n2 Marzo 2020 - 19:00 hrs.'}","{'type': 'link', 'href': 'https://www.ligafemenil.mx/cancha/club/11243/leon', 'text': ''}","{'type': 'link', 'href': 'https://www.ligafemenil.mx/cancha/informeArbitral/102154/eyJpZERpdmlzaW9uIjoiMTQiLCJpZFRlbXBvcmFkYSI6IjcwIiwiaWRUb3JuZW8iOiIyIiwiaWRDbHVibG9jYWwiOjExMjQzLCJpZENsdWJ2aXNpdGEiOjExNzc4fQ==/informe-arbitral-leon-vs-club-atletico-de-san-luis-jornada-9-estadio-nou-camp-fox-sports', 'text': '3 - 0'}","{'type': 'link', 'href': 'https://www.ligafemenil.mx/cancha/club/11778/club-atletico-de-san-luis', 'text': ''}","{'type': 'link', 'href': 'https://www.ligafemenil.mx/cancha/estadio/23/estadio-nou-camp', 'text': 'Nou Camp'}","{'type': 'link', 'href': 'https://www.ligafemenil.mx/cancha/mxm/102154/eyJpZERpdmlzaW9uIjoiMTQiLCJpZFRlbXBvcmFkYSI6IjcwIiwiaWRUb3JuZW8iOiIyIiwiaWRDbHVibG9jYWwiOiIxMTI0MyIsImlkQ2x1YnZpc2l0YSI6IjExNzc4IiwiaWRQYXJ0aWRvIjoiMTAyMTU0IiwicGVzdGFuYSI6IjEifQ==/minuto-a-minuto-leon-vs-club-atletico-de-san-luis-jornada-9-estadio-nou-camp-fox-sports', 'text': ''}","{'type': 'link', 'href': 'https://www.ligafemenil.mx/cancha/mxm/102154/eyJpZERpdmlzaW9uIjoiMTQiLCJpZFRlbXBvcmFkYSI6IjcwIiwiaWRUb3JuZW8iOiIyIiwiaWRDbHVibG9jYWwiOiIxMTI0MyIsImlkQ2x1YnZpc2l0YSI6IjExNzc4IiwiaWRQYXJ0aWRvIjoiMTAyMTU0IiwicGVzdGFuYSI6IjMifQ==/minuto-a-minuto-leon-vs-club-atletico-de-san-luis-jornada-9-estadio-nou-camp-fox-sports', 'text': ''}","{'type': 'link', 'href': 'https://www.ligafemenil.mx/cancha/informeArbitral/102154/eyJpZERpdmlzaW9uIjoiMTQiLCJpZFRlbXBvcmFkYSI6IjcwIiwiaWRUb3JuZW8iOiIyIiwiaWRDbHVibG9jYWwiOiIxMTI0MyIsImlkQ2x1YnZpc2l0YSI6IjExNzc4In0=/informe-arbitral-leon-vs-club-atletico-de-san-luis-jornada-9-estadio-nou-camp-fox-sports', 'text': ''}","{'type': 'link', 'href': 'https://www.ligafemenil.mx/cancha/mxm/102154/eyJpZERpdmlzaW9uIjoiMTQiLCJpZFRlbXBvcmFkYSI6IjcwIiwiaWRUb3JuZW8iOiIyIiwiaWRDbHVibG9jYWwiOiIxMTI0MyIsImlkQ2x1YnZpc2l0YSI6IjExNzc4IiwiaWRQYXJ0aWRvIjoiMTAyMTU0IiwicGVzdGFuYSI6IjQifQ==/minuto-a-minuto-leon-vs-club-atletico-de-san-luis-jornada-9-estadio-nou-camp-fox-sports', 'text': ''}","{'type': 'link', 'href': 'https://www.ligafemenil.mx/cancha/galeria/MTAyMTU0LzkvNzAvMi8xNA==/leon-vs-club-atletico-de-san-luis', 'text': ''}","{'type': 'link', 'href': 'https://www.ligafemenil.mx/cancha/playlist/102154/leon-vs-club-atletico-de-san-luis', 'text': ''}"
2019-2020,Clausura,"{'type': 'text', 'value': 'Lunes 2 de Marzo de 2020\nTemporada 2019-2020\nTorneo Clausura\nJornada 9\n2 Marzo 2020 - 20:00 hrs.'}","{'type': 'link', 'href': 'https://www.ligafemenil.mx/cancha/club/11186/tigres-de-la-uanl', 'text': ''}","{'type': 'link', 'href': 'https://www.ligafemenil.mx/cancha/informeArbitral/102155/eyJpZERpdmlzaW9uIjoiMTQiLCJpZFRlbXBvcmFkYSI6IjcwIiwiaWRUb3JuZW8iOiIyIiwiaWRDbHVibG9jYWwiOjExMTg2LCJpZENsdWJ2aXNpdGEiOjExMTgzfQ==/informe-arbitral-tigres-de-la-uanl-vs-m-morelia-jornada-9-estadio-universitario-tudn', 'text': '3 - 1'}","{'type': 'link', 'href': 'https://www.ligafemenil.mx/cancha/club/11183/m-morelia', 'text': ''}","{'type': 'link', 'href': 'https://www.ligafemenil.mx/cancha/estadio/12/estadio-universitario', 'text': 'Universitario'}","{'type': 'link', 'href': 'https://www.ligafemenil.mx/cancha/mxm/102155/eyJpZERpdmlzaW9uIjoiMTQiLCJpZFRlbXBvcmFkYSI6IjcwIiwiaWRUb3JuZW8iOiIyIiwiaWRDbHVibG9jYWwiOiIxMTE4NiIsImlkQ2x1YnZpc2l0YSI6IjExMTgzIiwiaWRQYXJ0aWRvIjoiMTAyMTU1IiwicGVzdGFuYSI6IjEifQ==/minuto-a-minuto-tigres-de-la-uanl-vs-m-morelia-jornada-9-estadio-universitario-tudn', 'text': ''}","{'type': 'link', 'href': 'https://www.ligafemenil.mx/cancha/mxm/102155/eyJpZERpdmlzaW9uIjoiMTQiLCJpZFRlbXBvcmFkYSI6IjcwIiwiaWRUb3JuZW8iOiIyIiwiaWRDbHVibG9jYWwiOiIxMTE4NiIsImlkQ2x1YnZpc2l0YSI6IjExMTgzIiwiaWRQYXJ0aWRvIjoiMTAyMTU1IiwicGVzdGFuYSI6IjMifQ==/minuto-a-minuto-tigres-de-la-uanl-vs-m-morelia-jornada-9-estadio-universitario-tudn', 'text': ''}","{'type': 'link', 'href': 'https://www.ligafemenil.mx/cancha/informeArbitral/102155/eyJpZERpdmlzaW9uIjoiMTQiLCJpZFRlbXBvcmFkYSI6IjcwIiwiaWRUb3JuZW8iOiIyIiwiaWRDbHVibG9jYWwiOiIxMTE4NiIsImlkQ2x1YnZpc2l0YSI6IjExMTgzIn0=/informe-arbitral-tigres-de-la-uanl-vs-m-morelia-jornada-9-estadio-universitario-tudn', 'text': ''}","{'type': 'link', 'href': 'https://www.ligafemenil.mx/cancha/mxm/102155/eyJpZERpdmlzaW9uIjoiMTQiLCJpZFRlbXBvcmFkYSI6IjcwIiwiaWRUb3JuZW8iOiIyIiwiaWRDbHVibG9jYWwiOiIxMTE4NiIsImlkQ2x1YnZpc2l0YSI6IjExMTgzIiwiaWRQYXJ0aWRvIjoiMTAyMTU1IiwicGVzdGFuYSI6IjQifQ==/minuto-a-minuto-tigres-de-la-uanl-vs-m-morelia-jornada-9-estadio-universitario-tudn', 'text': ''}","{'type': 'link', 'href': 'https://www.ligafemenil.mx/cancha/galeria/MTAyMTU1LzkvNzAvMi8xNA==/tigres-de-la-uanl-vs-m-morelia', 'text': ''}","{'type': 'link', 'href': 'https://www.ligafemenil.mx/cancha/playlist/102155/tigres-de-la-uanl-vs-m-morelia', 'text': ''}"
2019-2020,Clausura,"{'type': 'text', 'value': 'Lunes 2 de Marzo de 2020\nTemporada 2019-2020\nTorneo Clausura\nJornada 9\n2 Marzo 2020 - 19:00 hrs.'}","{'type': 'link', 'href': 'https://www.ligafemenil.mx/cancha/club/11180/tijuana', 'text': ''}","{'type': 'link', 'href': 'https://www.ligafemenil.mx/cancha/informeArbitral/102157/eyJpZERpdmlzaW9uIjoiMTQiLCJpZFRlbXBvcmFkYSI6IjcwIiwiaWRUb3JuZW8iOiIyIiwiaWRDbHVibG9jYWwiOjExMTgwLCJpZENsdWJ2aXNpdGEiOjExMTkxfQ==/informe-arbitral-tijuana-vs-america-jornada-9-estadio-caliente-fox-sports', 'text': '3 - 0'}","{'type': 'link', 'href': 'https://www.ligafemenil.mx/cancha/club/11191/america', 'text': ''}","{'type': 'link', 'href': 'https://www.ligafemenil.mx/cancha/estadio/48/estadio-caliente', 'text': 'Caliente'}","{'type': 'link', 'href': 'https://www.ligafemenil.mx/cancha/mxm/102157/eyJpZERpdmlzaW9uIjoiMTQiLCJpZFRlbXBvcmFkYSI6IjcwIiwiaWRUb3JuZW8iOiIyIiwiaWRDbHVibG9jYWwiOiIxMTE4MCIsImlkQ2x1YnZpc2l0YSI6IjExMTkxIiwiaWRQYXJ0aWRvIjoiMTAyMTU3IiwicGVzdGFuYSI6IjEifQ==/minuto-a-minuto-tijuana-vs-america-jornada-9-estadio-caliente-fox-sports', 'text': ''}","{'type': 'link', 'href': 'https://www.ligafemenil.mx/cancha/mxm/102157/eyJpZERpdmlzaW9uIjoiMTQiLCJpZFRlbXBvcmFkYSI6IjcwIiwiaWRUb3JuZW8iOiIyIiwiaWRDbHVibG9jYWwiOiIxMTE4MCIsImlkQ2x1YnZpc2l0YSI6IjExMTkxIiwiaWRQYXJ0aWRvIjoiMTAyMTU3IiwicGVzdGFuYSI6IjMifQ==/minuto-a-minuto-tijuana-vs-america-jornada-9-estadio-caliente-fox-sports', 'text': ''}","{'type': 'link', 'href': 'https://www.ligafemenil.mx/cancha/informeArbitral/102157/eyJpZERpdmlzaW9uIjoiMTQiLCJpZFRlbXBvcmFkYSI6IjcwIiwiaWRUb3JuZW8iOiIyIiwiaWRDbHVibG9jYWwiOiIxMTE4MCIsImlkQ2x1YnZpc2l0YSI6IjExMTkxIn0=/informe-arbitral-tijuana-vs-america-jornada-9-estadio-caliente-fox-sports', 'text': ''}","{'type': 'link', 'href': 'https://www.ligafemenil.mx/cancha/mxm/102157/eyJpZERpdmlzaW9uIjoiMTQiLCJpZFRlbXBvcmFkYSI6IjcwIiwiaWRUb3JuZW8iOiIyIiwiaWRDbHVibG9jYWwiOiIxMTE4MCIsImlkQ2x1YnZpc2l0YSI6IjExMTkxIiwiaWRQYXJ0aWRvIjoiMTAyMTU3IiwicGVzdGFuYSI6IjQifQ==/minuto-a-minuto-tijuana-vs-america-jornada-9-estadio-caliente-fox-sports', 'text': ''}","{'type': 'link', 'href': 'https://www.ligafemenil.mx/cancha/galeria/MTAyMTU3LzkvNzAvMi8xNA==/tijuana-vs-america', 'text': ''}","{'type': 'link', 'href': 'https://www.ligafemenil.mx/cancha/playlist/102157/tijuana-vs-america', 'text': ''}"
2019-2020,Clausura,"{'type': 'text', 'value': 'Viernes 13 de Marzo de 2020\nTemporada 2019-2020\nTorneo Clausura\nJornada 10\n13 Marzo 2020 - 16:00 hrs.'}","{'type': 'link', 'href': 'https://www.ligafemenil.mx/cancha/club/11244/queretaro', 'text': ''}","{'type': 'link', 'href': 'https://www.ligafemenil.mx/cancha/informeArbitral/102158/eyJpZERpdmlzaW9uIjoiMTQiLCJpZFRlbXBvcmFkYSI6IjcwIiwiaWRUb3JuZW8iOiIyIiwiaWRDbHVibG9jYWwiOjExMjQ0LCJpZENsdWJ2aXNpdGEiOjExMTgzfQ==/informe-arbitral-queretaro-vs-m-morelia-jornada-10-estadio-la-corregidora-tvc-deportes', 'text': '0 - 3'}","{'type': 'link', 'href': 'https://www.ligafemenil.mx/cancha/club/11183/m-morelia', 'text': ''}","{'type': 'link', 'href': 'https://www.ligafemenil.mx/cancha/estadio/25/estadio-la-corregidora', 'text': 'La Corregidora'}","{'type': 'link', 'href': 'https://www.ligafemenil.mx/cancha/mxm/102158/eyJpZERpdmlzaW9uIjoiMTQiLCJpZFRlbXBvcmFkYSI6IjcwIiwiaWRUb3JuZW8iOiIyIiwiaWRDbHVibG9jYWwiOiIxMTI0NCIsImlkQ2x1YnZpc2l0YSI6IjExMTgzIiwiaWRQYXJ0aWRvIjoiMTAyMTU4IiwicGVzdGFuYSI6IjEifQ==/minuto-a-minuto-queretaro-vs-m-morelia-jornada-10-estadio-la-corregidora-tvc-deportes', 'text': ''}","{'type': 'link', 'href': 'https://www.ligafemenil.mx/cancha/mxm/102158/eyJpZERpdmlzaW9uIjoiMTQiLCJpZFRlbXBvcmFkYSI6IjcwIiwiaWRUb3JuZW8iOiIyIiwiaWRDbHVibG9jYWwiOiIxMTI0NCIsImlkQ2x1YnZpc2l0YSI6IjExMTgzIiwiaWRQYXJ0aWRvIjoiMTAyMTU4IiwicGVzdGFuYSI6IjMifQ==/minuto-a-minuto-queretaro-vs-m-morelia-jornada-10-estadio-la-corregidora-tvc-deportes', 'text': ''}","{'type': 'link', 'href': 'https://www.ligafemenil.mx/cancha/informeArbitral/102158/eyJpZERpdmlzaW9uIjoiMTQiLCJpZFRlbXBvcmFkYSI6IjcwIiwiaWRUb3JuZW8iOiIyIiwiaWRDbHVibG9jYWwiOiIxMTI0NCIsImlkQ2x1YnZpc2l0YSI6IjExMTgzIn0=/informe-arbitral-queretaro-vs-m-morelia-jornada-10-estadio-la-corregidora-tvc-deportes', 'text': ''}","{'type': 'link', 'href': 'https://www.ligafemenil.mx/cancha/mxm/102158/eyJpZERpdmlzaW9uIjoiMTQiLCJpZFRlbXBvcmFkYSI6IjcwIiwiaWRUb3JuZW8iOiIyIiwiaWRDbHVibG9jYWwiOiIxMTI0NCIsImlkQ2x1YnZpc2l0YSI6IjExMTgzIiwiaWRQYXJ0aWRvIjoiMTAyMTU4IiwicGVzdGFuYSI6IjQifQ==/minuto-a-minuto-queretaro-vs-m-morelia-jornada-10-estadio-la-corregidora-tvc-deportes', 'text': ''}","{'type': 'link', 'href': 'https://www.ligafemenil.mx/cancha/galeria/MTAyMTU4LzEwLzcwLzIvMTQ=/queretaro-vs-m-morelia', 'text': ''}","{'type': 'link', 'href': 'https://www.ligafemenil.mx/cancha/playlist/102158/queretaro-vs-m-morelia', 'text': ''}"
2019-2020,Clausura,"{'type': 'text', 'value': 'Sábado 14 de Marzo de 2020\nTemporada 2019-2020\nTorneo Clausura\nJornada 10\n14 Marzo 2020 - 12:00 hrs.'}","{'type': 'link', 'href': 'https://www.ligafemenil.mx/cancha/club/11188/pumas', 'text': ''}","{'type': 'link', 'href': 'https://www.ligafemenil.mx/cancha/informeArbitral/102160/eyJpZERpdmlzaW9uIjoiMTQiLCJpZFRlbXBvcmFkYSI6IjcwIiwiaWRUb3JuZW8iOiIyIiwiaWRDbHVibG9jYWwiOjExMTg4LCJpZENsdWJ2aXNpdGEiOjExMTgxfQ==/informe-arbitral-pumas-vs-cruz-azul-jornada-10-estadio-olimpico-universitario-tudn', 'text': '0 - 0'}","{'type': 'link', 'href': 'https://www.ligafemenil.mx/cancha/club/11181/cruz-azul', 'text': ''}","{'type': 'link', 'href': 'https://www.ligafemenil.mx/cancha/estadio/7/estadio-olimpico-universitario', 'text': 'Olímpico Universitario'}","{'type': 'link', 'href': 'https://www.ligafemenil.mx/cancha/mxm/102160/eyJpZERpdmlzaW9uIjoiMTQiLCJpZFRlbXBvcmFkYSI6IjcwIiwiaWRUb3JuZW8iOiIyIiwiaWRDbHVibG9jYWwiOiIxMTE4OCIsImlkQ2x1YnZpc2l0YSI6IjExMTgxIiwiaWRQYXJ0aWRvIjoiMTAyMTYwIiwicGVzdGFuYSI6IjEifQ==/minuto-a-minuto-pumas-vs-cruz-azul-jornada-10-estadio-olimpico-universitario-tudn', 'text': ''}","{'type': 'link', 'href': 'https://www.ligafemenil.mx/cancha/mxm/102160/eyJpZERpdmlzaW9uIjoiMTQiLCJpZFRlbXBvcmFkYSI6IjcwIiwiaWRUb3JuZW8iOiIyIiwiaWRDbHVibG9jYWwiOiIxMTE4OCIsImlkQ2x1YnZpc2l0YSI6IjExMTgxIiwiaWRQYXJ0aWRvIjoiMTAyMTYwIiwicGVzdGFuYSI6IjMifQ==/minuto-a-minuto-pumas-vs-cruz-azul-jornada-10-estadio-olimpico-universitario-tudn', 'text': ''}","{'type': 'link', 'href': 'https://www.ligafemenil.mx/cancha/informeArbitral/102160/eyJpZERpdmlzaW9uIjoiMTQiLCJpZFRlbXBvcmFkYSI6IjcwIiwiaWRUb3JuZW8iOiIyIiwiaWRDbHVibG9jYWwiOiIxMTE4OCIsImlkQ2x1YnZpc2l0YSI6IjExMTgxIn0=/informe-arbitral-pumas-vs-cruz-azul-jornada-10-estadio-olimpico-universitario-tudn', 'text': ''}","{'type': 'link', 'href': 'https://www.ligafemenil.mx/cancha/mxm/102160/eyJpZERpdmlzaW9uIjoiMTQiLCJpZFRlbXBvcmFkYSI6IjcwIiwiaWRUb3JuZW8iOiIyIiwiaWRDbHVibG9jYWwiOiIxMTE4OCIsImlkQ2x1YnZpc2l0YSI6IjExMTgxIiwiaWRQYXJ0aWRvIjoiMTAyMTYwIiwicGVzdGFuYSI6IjQifQ==/minuto-a-minuto-pumas-vs-cruz-azul-jornada-10-estadio-olimpico-universitario-tudn', 'text': ''}","{'type': 'link', 'href': 'https://www.ligafemenil.mx/cancha/galeria/MTAyMTYwLzEwLzcwLzIvMTQ=/pumas-vs-cruz-azul', 'text': ''}","{'type': 'link', 'href': 'https://www.ligafemenil.mx/cancha/playlist/102160/pumas-vs-cruz-azul', 'text': ''}"
2019-2020,Clausura,"{'type': 'text', 'value': 'Domingo 15 de Marzo de 2020\nTemporada 2019-2020\nTorneo Clausura\nJornada 10\n15 Marzo 2020 - 12:00 hrs.'}","{'type': 'link', 'href': 'https://www.ligafemenil.mx/cancha/club/11543/puebla-fc', 'text': ''}","{'type': 'link', 'href': 'https://www.ligafemenil.mx/cancha/informeArbitral/102164/eyJpZERpdmlzaW9uIjoiMTQiLCJpZFRlbXBvcmFkYSI6IjcwIiwiaWRUb3JuZW8iOiIyIiwiaWRDbHVibG9jYWwiOjExNTQzLCJpZENsdWJ2aXNpdGEiOjExMjQzfQ==/informe-arbitral-puebla-fc-vs-leon-jornada-10-estadio-cuauhtemoc-tvc-deportes', 'text': '0 - 1'}","{'type': 'link', 'href': 'https://www.ligafemenil.mx/cancha/club/11243/leon', 'text': ''}","{'type': 'link', 'href': 'https://www.ligafemenil.mx/cancha/estadio/9/estadio-cuauhtemoc', 'text': 'Cuauhtémoc'}","{'type': 'link', 'href': 'https://www.ligafemenil.mx/cancha/mxm/102164/eyJpZERpdmlzaW9uIjoiMTQiLCJpZFRlbXBvcmFkYSI6IjcwIiwiaWRUb3JuZW8iOiIyIiwiaWRDbHVibG9jYWwiOiIxMTU0MyIsImlkQ2x1YnZpc2l0YSI6IjExMjQzIiwiaWRQYXJ0aWRvIjoiMTAyMTY0IiwicGVzdGFuYSI6IjEifQ==/minuto-a-minuto-puebla-fc-vs-leon-jornada-10-estadio-cuauhtemoc-tvc-deportes', 'text': ''}","{'type': 'link', 'href': 'https://www.ligafemenil.mx/cancha/mxm/102164/eyJpZERpdmlzaW9uIjoiMTQiLCJpZFRlbXBvcmFkYSI6IjcwIiwiaWRUb3JuZW8iOiIyIiwiaWRDbHVibG9jYWwiOiIxMTU0MyIsImlkQ2x1YnZpc2l0YSI6IjExMjQzIiwiaWRQYXJ0aWRvIjoiMTAyMTY0IiwicGVzdGFuYSI6IjMifQ==/minuto-a-minuto-puebla-fc-vs-leon-jornada-10-estadio-cuauhtemoc-tvc-deportes', 'text': ''}","{'type': 'link', 'href': 'https://www.ligafemenil.mx/cancha/informeArbitral/102164/eyJpZERpdmlzaW9uIjoiMTQiLCJpZFRlbXBvcmFkYSI6IjcwIiwiaWRUb3JuZW8iOiIyIiwiaWRDbHVibG9jYWwiOiIxMTU0MyIsImlkQ2x1YnZpc2l0YSI6IjExMjQzIn0=/informe-arbitral-puebla-fc-vs-leon-jornada-10-estadio-cuauhtemoc-tvc-deportes', 'text': ''}","{'type': 'link', 'href': 'https://www.ligafemenil.mx/cancha/mxm/102164/eyJpZERpdmlzaW9uIjoiMTQiLCJpZFRlbXBvcmFkYSI6IjcwIiwiaWRUb3JuZW8iOiIyIiwiaWRDbHVibG9jYWwiOiIxMTU0MyIsImlkQ2x1YnZpc2l0YSI6IjExMjQzIiwiaWRQYXJ0aWRvIjoiMTAyMTY0IiwicGVzdGFuYSI6IjQifQ==/minuto-a-minuto-puebla-fc-vs-leon-jornada-10-estadio-cuauhtemoc-tvc-deportes', 'text': ''}","{'type': 'link', 'href': 'https://www.ligafemenil.mx/cancha/galeria/MTAyMTY0LzEwLzcwLzIvMTQ=/puebla-fc-vs-leon', 'text': ''}","{'type': 'link', 'href': 'https://www.ligafemenil.mx/cancha/playlist/102164/puebla-fc-vs-leon', 'text': ''}"
2019-2020,Clausura,"{'type': 'text', 'value': 'Domingo 15 de Marzo de 2020\nTemporada 2019-2020\nTorneo Clausura\nJornada 10\n15 Marzo 2020 - 12:00 hrs.'}","{'type': 'link', 'href': 'https://www.ligafemenil.mx/cancha/club/11182/guadalajara', 'text': ''}","{'type': 'link', 'href': 'https://www.ligafemenil.mx/cancha/informeArbitral/102162/eyJpZERpdmlzaW9uIjoiMTQiLCJpZFRlbXBvcmFkYSI6IjcwIiwiaWRUb3JuZW8iOiIyIiwiaWRDbHVibG9jYWwiOjExMTgyLCJpZENsdWJ2aXNpdGEiOjExMTg3fQ==/informe-arbitral-guadalajara-vs-toluca-jornada-10-estadio-verde-valle-chivas-tv', 'text': '2 - 0'}","{'type': 'link', 'href': 'https://www.ligafemenil.mx/cancha/club/11187/toluca', 'text': ''}","{'type': 'link', 'href': 'https://www.ligafemenil.mx/cancha/estadio/36/estadio-verde-valle', 'text': 'Verde Valle'}","{'type': 'link', 'href': 'https://www.ligafemenil.mx/cancha/mxm/102162/eyJpZERpdmlzaW9uIjoiMTQiLCJpZFRlbXBvcmFkYSI6IjcwIiwiaWRUb3JuZW8iOiIyIiwiaWRDbHVibG9jYWwiOiIxMTE4MiIsImlkQ2x1YnZpc2l0YSI6IjExMTg3IiwiaWRQYXJ0aWRvIjoiMTAyMTYyIiwicGVzdGFuYSI6IjEifQ==/minuto-a-minuto-guadalajara-vs-toluca-jornada-10-estadio-verde-valle-chivas-tv', 'text': ''}","{'type': 'link', 'href': 'https://www.ligafemenil.mx/cancha/mxm/102162/eyJpZERpdmlzaW9uIjoiMTQiLCJpZFRlbXBvcmFkYSI6IjcwIiwiaWRUb3JuZW8iOiIyIiwiaWRDbHVibG9jYWwiOiIxMTE4MiIsImlkQ2x1YnZpc2l0YSI6IjExMTg3IiwiaWRQYXJ0aWRvIjoiMTAyMTYyIiwicGVzdGFuYSI6IjMifQ==/minuto-a-minuto-guadalajara-vs-toluca-jornada-10-estadio-verde-valle-chivas-tv', 'text': ''}","{'type': 'link', 'href': 'https://www.ligafemenil.mx/cancha/informeArbitral/102162/eyJpZERpdmlzaW9uIjoiMTQiLCJpZFRlbXBvcmFkYSI6IjcwIiwiaWRUb3JuZW8iOiIyIiwiaWRDbHVibG9jYWwiOiIxMTE4MiIsImlkQ2x1YnZpc2l0YSI6IjExMTg3In0=/informe-arbitral-guadalajara-vs-toluca-jornada-10-estadio-verde-valle-chivas-tv', 'text': ''}","{'type': 'link', 'href': 'https://www.ligafemenil.mx/cancha/mxm/102162/eyJpZERpdmlzaW9uIjoiMTQiLCJpZFRlbXBvcmFkYSI6IjcwIiwiaWRUb3JuZW8iOiIyIiwiaWRDbHVibG9jYWwiOiIxMTE4MiIsImlkQ2x1YnZpc2l0YSI6IjExMTg3IiwiaWRQYXJ0aWRvIjoiMTAyMTYyIiwicGVzdGFuYSI6IjQifQ==/minuto-a-minuto-guadalajara-vs-toluca-jornada-10-estadio-verde-valle-chivas-tv', 'text': ''}","{'type': 'link', 'href': 'https://www.ligafemenil.mx/cancha/galeria/MTAyMTYyLzEwLzcwLzIvMTQ=/guadalajara-vs-toluca', 'text': ''}","{'type': 'link', 'href': 'https://www.ligafemenil.mx/cancha/playlist/102162/guadalajara-vs-toluca', 'text': ''}"
2019-2020,Clausura,"{'type': 'text', 'value': 'Lunes 16 de Marzo de 2020\nTemporada 2019-2020\nTorneo Clausura\nJornada 10\n16 Marzo 2020 - 10:00 hrs.'}","{'type': 'link', 'href': 'https://www.ligafemenil.mx/cancha/club/11191/america', 'text': ''}","{'type': 'link', 'href': 'https://www.ligafemenil.mx/cancha/informeArbitral/102167/eyJpZERpdmlzaW9uIjoiMTQiLCJpZFRlbXBvcmFkYSI6IjcwIiwiaWRUb3JuZW8iOiIyIiwiaWRDbHVibG9jYWwiOjExMTkxLCJpZENsdWJ2aXNpdGEiOjExMTg2fQ==/informe-arbitral-america-vs-tigres-de-la-uanl-jornada-10-estadio-cancha-centenario-no-5-natural-instalaciones-club-america-tudn', 'text': '- - -'}","{'type': 'link', 'href': 'https://www.ligafemenil.mx/cancha/club/11186/tigres-de-la-uanl', 'text': ''}","{'type': 'link', 'href': 'https://www.ligafemenil.mx/cancha/estadio/1421/estadio-cancha-centenario-no-5-natural-instalaciones-club-america', 'text': 'Cancha Centenario No. 5 (Natural) Instalaciones Club América'}","{'type': 'link', 'href': 'https://www.ligafemenil.mx/cancha/mxm/102167/eyJpZERpdmlzaW9uIjoiMTQiLCJpZFRlbXBvcmFkYSI6IjcwIiwiaWRUb3JuZW8iOiIyIiwiaWRDbHVibG9jYWwiOiIxMTE5MSIsImlkQ2x1YnZpc2l0YSI6IjExMTg2IiwiaWRQYXJ0aWRvIjoiMTAyMTY3IiwicGVzdGFuYSI6IjEifQ==/minuto-a-minuto-america-vs-tigres-de-la-uanl-jornada-10-estadio-cancha-centenario-no-5-natural-instalaciones-club-america-tudn', 'text': ''}","{'type': 'link', 'href': 'https://www.ligafemenil.mx/cancha/mxm/102167/eyJpZERpdmlzaW9uIjoiMTQiLCJpZFRlbXBvcmFkYSI6IjcwIiwiaWRUb3JuZW8iOiIyIiwiaWRDbHVibG9jYWwiOiIxMTE5MSIsImlkQ2x1YnZpc2l0YSI6IjExMTg2IiwiaWRQYXJ0aWRvIjoiMTAyMTY3IiwicGVzdGFuYSI6IjMifQ==/minuto-a-minuto-america-vs-tigres-de-la-uanl-jornada-10-estadio-cancha-centenario-no-5-natural-instalaciones-club-america-tudn', 'text': ''}","{'type': 'link', 'href': 'https://www.ligafemenil.mx/cancha/informeArbitral/102167/eyJpZERpdmlzaW9uIjoiMTQiLCJpZFRlbXBvcmFkYSI6IjcwIiwiaWRUb3JuZW8iOiIyIiwiaWRDbHVibG9jYWwiOiIxMTE5MSIsImlkQ2x1YnZpc2l0YSI6IjExMTg2In0=/informe-arbitral-america-vs-tigres-de-la-uanl-jornada-10-estadio-cancha-centenario-no-5-natural-instalaciones-club-america-tudn', 'text': ''}","{'type': 'link', 'href': 'https://www.ligafemenil.mx/cancha/mxm/102167/eyJpZERpdmlzaW9uIjoiMTQiLCJpZFRlbXBvcmFkYSI6IjcwIiwiaWRUb3JuZW8iOiIyIiwiaWRDbHVibG9jYWwiOiIxMTE5MSIsImlkQ2x1YnZpc2l0YSI6IjExMTg2IiwiaWRQYXJ0aWRvIjoiMTAyMTY3IiwicGVzdGFuYSI6IjQifQ==/minuto-a-minuto-america-vs-tigres-de-la-uanl-jornada-10-estadio-cancha-centenario-no-5-natural-instalaciones-club-america-tudn', 'text': ''}","{'type': 'link', 'href': 'https://www.ligafemenil.mx/cancha/galeria/MTAyMTY3LzEwLzcwLzIvMTQ=/america-vs-tigres-de-la-uanl', 'text': ''}","{'type': 'link', 'href': 'https://www.ligafemenil.mx/cancha/playlist/102167/america-vs-tigres-de-la-uanl', 'text': ''}"
2019-2020,Clausura,"{'type': 'text', 'value': 'Lunes 16 de Marzo de 2020\nTemporada 2019-2020\nTorneo Clausura\nJornada 10\n16 Marzo 2020 - 19:00 hrs.'}","{'type': 'link', 'href': 'https://www.ligafemenil.mx/cancha/club/11184/pachuca', 'text': ''}","{'type': 'link', 'href': 'https://www.ligafemenil.mx/cancha/informeArbitral/102166/eyJpZERpdmlzaW9uIjoiMTQiLCJpZFRlbXBvcmFkYSI6IjcwIiwiaWRUb3JuZW8iOiIyIiwiaWRDbHVibG9jYWwiOjExMTg0LCJpZENsdWJ2aXNpdGEiOjExMTgwfQ==/informe-arbitral-pachuca-vs-tijuana-jornada-10-estadio-hidalgo-fox-sports', 'text': '- - -'}","{'type': 'link', 'href': 'https://www.ligafemenil.mx/cancha/club/11180/tijuana', 'text': ''}","{'type': 'link', 'href': 'https://www.ligafemenil.mx/cancha/estadio/11/estadio-hidalgo', 'text': 'Hidalgo'}","{'type': 'link', 'href': 'https://www.ligafemenil.mx/cancha/mxm/102166/eyJpZERpdmlzaW9uIjoiMTQiLCJpZFRlbXBvcmFkYSI6IjcwIiwiaWRUb3JuZW8iOiIyIiwiaWRDbHVibG9jYWwiOiIxMTE4NCIsImlkQ2x1YnZpc2l0YSI6IjExMTgwIiwiaWRQYXJ0aWRvIjoiMTAyMTY2IiwicGVzdGFuYSI6IjEifQ==/minuto-a-minuto-pachuca-vs-tijuana-jornada-10-estadio-hidalgo-fox-sports', 'text': ''}","{'type': 'link', 'href': 'https://www.ligafemenil.mx/cancha/mxm/102166/eyJpZERpdmlzaW9uIjoiMTQiLCJpZFRlbXBvcmFkYSI6IjcwIiwiaWRUb3JuZW8iOiIyIiwiaWRDbHVibG9jYWwiOiIxMTE4NCIsImlkQ2x1YnZpc2l0YSI6IjExMTgwIiwiaWRQYXJ0aWRvIjoiMTAyMTY2IiwicGVzdGFuYSI6IjMifQ==/minuto-a-minuto-pachuca-vs-tijuana-jornada-10-estadio-hidalgo-fox-sports', 'text': ''}","{'type': 'link', 'href': 'https://www.ligafemenil.mx/cancha/informeArbitral/102166/eyJpZERpdmlzaW9uIjoiMTQiLCJpZFRlbXBvcmFkYSI6IjcwIiwiaWRUb3JuZW8iOiIyIiwiaWRDbHVibG9jYWwiOiIxMTE4NCIsImlkQ2x1YnZpc2l0YSI6IjExMTgwIn0=/informe-arbitral-pachuca-vs-tijuana-jornada-10-estadio-hidalgo-fox-sports', 'text': ''}","{'type': 'link', 'href': 'https://www.ligafemenil.mx/cancha/mxm/102166/eyJpZERpdmlzaW9uIjoiMTQiLCJpZFRlbXBvcmFkYSI6IjcwIiwiaWRUb3JuZW8iOiIyIiwiaWRDbHVibG9jYWwiOiIxMTE4NCIsImlkQ2x1YnZpc2l0YSI6IjExMTgwIiwiaWRQYXJ0aWRvIjoiMTAyMTY2IiwicGVzdGFuYSI6IjQifQ==/minuto-a-minuto-pachuca-vs-tijuana-jornada-10-estadio-hidalgo-fox-sports', 'text': ''}","{'type': 'link', 'href': 'https://www.ligafemenil.mx/cancha/galeria/MTAyMTY2LzEwLzcwLzIvMTQ=/pachuca-vs-tijuana', 'text': ''}","{'type': 'link', 'href': 'https://www.ligafemenil.mx/cancha/playlist/102166/pachuca-vs-tijuana', 'text': ''}"
2019-2020,Clausura,"{'type': 'text', 'value': 'Lunes 16 de Marzo de 2020\nTemporada 2019-2020\nTorneo Clausura\nJornada 10\n16 Marzo 2020 - 20:00 hrs.'}","{'type': 'link', 'href': 'https://www.ligafemenil.mx/cancha/club/11778/club-atletico-de-san-luis', 'text': ''}","{'type': 'link', 'href': 'https://www.ligafemenil.mx/cancha/informeArbitral/102169/eyJpZERpdmlzaW9uIjoiMTQiLCJpZFRlbXBvcmFkYSI6IjcwIiwiaWRUb3JuZW8iOiIyIiwiaWRDbHVibG9jYWwiOjExNzc4LCJpZENsdWJ2aXNpdGEiOjExMTg5fQ==/informe-arbitral-club-atletico-de-san-luis-vs-necaxa-jornada-10-estadio-alfonso-lastras-ramirez', 'text': '- - -'}","{'type': 'link', 'href': 'https://www.ligafemenil.mx/cancha/club/11189/necaxa', 'text': ''}","{'type': 'link', 'href': 'https://www.ligafemenil.mx/cancha/estadio/14/estadio-alfonso-lastras-ramirez', 'text': 'Alfonso Lastras Ramírez'}","{'type': 'link', 'href': 'https://www.ligafemenil.mx/cancha/mxm/102169/eyJpZERpdmlzaW9uIjoiMTQiLCJpZFRlbXBvcmFkYSI6IjcwIiwiaWRUb3JuZW8iOiIyIiwiaWRDbHVibG9jYWwiOiIxMTc3OCIsImlkQ2x1YnZpc2l0YSI6IjExMTg5IiwiaWRQYXJ0aWRvIjoiMTAyMTY5IiwicGVzdGFuYSI6IjEifQ==/minuto-a-minuto-club-atletico-de-san-luis-vs-necaxa-jornada-10-estadio-alfonso-lastras-ramirez', 'text': ''}","{'type': 'link', 'href': 'https://www.ligafemenil.mx/cancha/mxm/102169/eyJpZERpdmlzaW9uIjoiMTQiLCJpZFRlbXBvcmFkYSI6IjcwIiwiaWRUb3JuZW8iOiIyIiwiaWRDbHVibG9jYWwiOiIxMTc3OCIsImlkQ2x1YnZpc2l0YSI6IjExMTg5IiwiaWRQYXJ0aWRvIjoiMTAyMTY5IiwicGVzdGFuYSI6IjMifQ==/minuto-a-minuto-club-atletico-de-san-luis-vs-necaxa-jornada-10-estadio-alfonso-lastras-ramirez', 'text': ''}","{'type': 'link', 'href': 'https://www.ligafemenil.mx/cancha/informeArbitral/102169/eyJpZERpdmlzaW9uIjoiMTQiLCJpZFRlbXBvcmFkYSI6IjcwIiwiaWRUb3JuZW8iOiIyIiwiaWRDbHVibG9jYWwiOiIxMTc3OCIsImlkQ2x1YnZpc2l0YSI6IjExMTg5In0=/informe-arbitral-club-atletico-de-san-luis-vs-necaxa-jornada-10-estadio-alfonso-lastras-ramirez', 'text': ''}","{'type': 'link', 'href': 'https://www.ligafemenil.mx/cancha/mxm/102169/eyJpZERpdmlzaW9uIjoiMTQiLCJpZFRlbXBvcmFkYSI6IjcwIiwiaWRUb3JuZW8iOiIyIiwiaWRDbHVibG9jYWwiOiIxMTc3OCIsImlkQ2x1YnZpc2l0YSI6IjExMTg5IiwiaWRQYXJ0aWRvIjoiMTAyMTY5IiwicGVzdGFuYSI6IjQifQ==/minuto-a-minuto-club-atletico-de-san-luis-vs-necaxa-jornada-10-estadio-alfonso-lastras-ramirez', 'text': ''}","{'type': 'link', 'href': 'https://www.ligafemenil.mx/cancha/galeria/MTAyMTY5LzEwLzcwLzIvMTQ=/club-atletico-de-san-luis-vs-necaxa', 'text': ''}","{'type': 'link', 'href': 'https://www.ligafemenil.mx/cancha/playlist/102169/club-atletico-de-san-luis-vs-necaxa', 'text': ''}"
2019-2020,Clausura,"{'type': 'text', 'value': 'Lunes 16 de Marzo de 2020\nTemporada 2019-2020\nTorneo Clausura\nJornada 10\n16 Marzo 2020 - 21:00 hrs.'}","{'type': 'link', 'href': 'https://www.ligafemenil.mx/cancha/club/11185/rayados-de-monterrey', 'text': ''}","{'type': 'link', 'href': 'https://www.ligafemenil.mx/cancha/informeArbitral/102170/eyJpZERpdmlzaW9uIjoiMTQiLCJpZFRlbXBvcmFkYSI6IjcwIiwiaWRUb3JuZW8iOiIyIiwiaWRDbHVibG9jYWwiOjExMTg1LCJpZENsdWJ2aXNpdGEiOjExMjQ1fQ==/informe-arbitral-rayados-de-monterrey-vs-atlas-jornada-10-estadio-bbva-fox-sports', 'text': '- - -'}","{'type': 'link', 'href': 'https://www.ligafemenil.mx/cancha/club/11245/atlas', 'text': ''}","{'type': 'link', 'href': 'https://www.ligafemenil.mx/cancha/estadio/1608/estadio-bbva', 'text': 'Estadio BBVA'}","{'type': 'link', 'href': 'https://www.ligafemenil.mx/cancha/mxm/102170/eyJpZERpdmlzaW9uIjoiMTQiLCJpZFRlbXBvcmFkYSI6IjcwIiwiaWRUb3JuZW8iOiIyIiwiaWRDbHVibG9jYWwiOiIxMTE4NSIsImlkQ2x1YnZpc2l0YSI6IjExMjQ1IiwiaWRQYXJ0aWRvIjoiMTAyMTcwIiwicGVzdGFuYSI6IjEifQ==/minuto-a-minuto-rayados-de-monterrey-vs-atlas-jornada-10-estadio-bbva-fox-sports', 'text': ''}","{'type': 'link', 'href': 'https://www.ligafemenil.mx/cancha/mxm/102170/eyJpZERpdmlzaW9uIjoiMTQiLCJpZFRlbXBvcmFkYSI6IjcwIiwiaWRUb3JuZW8iOiIyIiwiaWRDbHVibG9jYWwiOiIxMTE4NSIsImlkQ2x1YnZpc2l0YSI6IjExMjQ1IiwiaWRQYXJ0aWRvIjoiMTAyMTcwIiwicGVzdGFuYSI6IjMifQ==/minuto-a-minuto-rayados-de-monterrey-vs-atlas-jornada-10-estadio-bbva-fox-sports', 'text': ''}","{'type': 'link', 'href': 'https://www.ligafemenil.mx/cancha/informeArbitral/102170/eyJpZERpdmlzaW9uIjoiMTQiLCJpZFRlbXBvcmFkYSI6IjcwIiwiaWRUb3JuZW8iOiIyIiwiaWRDbHVibG9jYWwiOiIxMTE4NSIsImlkQ2x1YnZpc2l0YSI6IjExMjQ1In0=/informe-arbitral-rayados-de-monterrey-vs-atlas-jornada-10-estadio-bbva-fox-sports', 'text': ''}","{'type': 'link', 'href': 'https://www.ligafemenil.mx/cancha/mxm/102170/eyJpZERpdmlzaW9uIjoiMTQiLCJpZFRlbXBvcmFkYSI6IjcwIiwiaWRUb3JuZW8iOiIyIiwiaWRDbHVibG9jYWwiOiIxMTE4NSIsImlkQ2x1YnZpc2l0YSI6IjExMjQ1IiwiaWRQYXJ0aWRvIjoiMTAyMTcwIiwicGVzdGFuYSI6IjQifQ==/minuto-a-minuto-rayados-de-monterrey-vs-atlas-jornada-10-estadio-bbva-fox-sports', 'text': ''}","{'type': 'link', 'href': 'https://www.ligafemenil.mx/cancha/galeria/MTAyMTcwLzEwLzcwLzIvMTQ=/rayados-de-monterrey-vs-atlas', 'text': ''}","{'type': 'link', 'href': 'https://www.ligafemenil.mx/cancha/playlist/102170/rayados-de-monterrey-vs-atlas', 'text': ''}"
2019-2020,Clausura,"{'type': 'text', 'value': 'Lunes 16 de Marzo de 2020\nTemporada 2019-2020\nTorneo Clausura\nJornada 10\n16 Marzo 2020 - 21:00 hrs.'}","{'type': 'link', 'href': 'https://www.ligafemenil.mx/cancha/club/11192/santos-laguna', 'text': ''}","{'type': 'link', 'href': 'https://www.ligafemenil.mx/cancha/informeArbitral/102172/eyJpZERpdmlzaW9uIjoiMTQiLCJpZFRlbXBvcmFkYSI6IjcwIiwiaWRUb3JuZW8iOiIyIiwiaWRDbHVibG9jYWwiOjExMTkyLCJpZENsdWJ2aXNpdGEiOjExNzk1fQ==/informe-arbitral-santos-laguna-vs-fc-juarez-jornada-10-estadio-tsm-corona', 'text': '- - -'}","{'type': 'link', 'href': 'https://www.ligafemenil.mx/cancha/club/11795/fc-juarez', 'text': ''}","{'type': 'link', 'href': 'https://www.ligafemenil.mx/cancha/estadio/63/estadio-tsm-corona', 'text': 'TSM Corona'}","{'type': 'link', 'href': 'https://www.ligafemenil.mx/cancha/mxm/102172/eyJpZERpdmlzaW9uIjoiMTQiLCJpZFRlbXBvcmFkYSI6IjcwIiwiaWRUb3JuZW8iOiIyIiwiaWRDbHVibG9jYWwiOiIxMTE5MiIsImlkQ2x1YnZpc2l0YSI6IjExNzk1IiwiaWRQYXJ0aWRvIjoiMTAyMTcyIiwicGVzdGFuYSI6IjEifQ==/minuto-a-minuto-santos-laguna-vs-fc-juarez-jornada-10-estadio-tsm-corona', 'text': ''}","{'type': 'link', 'href': 'https://www.ligafemenil.mx/cancha/mxm/102172/eyJpZERpdmlzaW9uIjoiMTQiLCJpZFRlbXBvcmFkYSI6IjcwIiwiaWRUb3JuZW8iOiIyIiwiaWRDbHVibG9jYWwiOiIxMTE5MiIsImlkQ2x1YnZpc2l0YSI6IjExNzk1IiwiaWRQYXJ0aWRvIjoiMTAyMTcyIiwicGVzdGFuYSI6IjMifQ==/minuto-a-minuto-santos-laguna-vs-fc-juarez-jornada-10-estadio-tsm-corona', 'text': ''}","{'type': 'link', 'href': 'https://www.ligafemenil.mx/cancha/informeArbitral/102172/eyJpZERpdmlzaW9uIjoiMTQiLCJpZFRlbXBvcmFkYSI6IjcwIiwiaWRUb3JuZW8iOiIyIiwiaWRDbHVibG9jYWwiOiIxMTE5MiIsImlkQ2x1YnZpc2l0YSI6IjExNzk1In0=/informe-arbitral-santos-laguna-vs-fc-juarez-jornada-10-estadio-tsm-corona', 'text': ''}","{'type': 'link', 'href': 'https://www.ligafemenil.mx/cancha/mxm/102172/eyJpZERpdmlzaW9uIjoiMTQiLCJpZFRlbXBvcmFkYSI6IjcwIiwiaWRUb3JuZW8iOiIyIiwiaWRDbHVibG9jYWwiOiIxMTE5MiIsImlkQ2x1YnZpc2l0YSI6IjExNzk1IiwiaWRQYXJ0aWRvIjoiMTAyMTcyIiwicGVzdGFuYSI6IjQifQ==/minuto-a-minuto-santos-laguna-vs-fc-juarez-jornada-10-estadio-tsm-corona', 'text': ''}","{'type': 'link', 'href': 'https://www.ligafemenil.mx/cancha/galeria/MTAyMTcyLzEwLzcwLzIvMTQ=/santos-laguna-vs-fc-juarez', 'text': ''}","{'type': 'link', 'href': 'https://www.ligafemenil.mx/cancha/playlist/102172/santos-laguna-vs-fc-juarez', 'text': ''}"
2019-2020,Clausura,"{'type': 'text', 'value': 'Lunes 13 de Abril de 2020\nTemporada 2019-2020\nTorneo Clausura\nJornada 7\n13 Abril 2020 - 19:00 hrs.'}","{'type': 'link', 'href': 'https://www.ligafemenil.mx/cancha/club/11243/leon', 'text': ''}","{'type': 'link', 'href': 'https://www.ligafemenil.mx/cancha/informeArbitral/102127/eyJpZERpdmlzaW9uIjoiMTQiLCJpZFRlbXBvcmFkYSI6IjcwIiwiaWRUb3JuZW8iOiIyIiwiaWRDbHVibG9jYWwiOjExMjQzLCJpZENsdWJ2aXNpdGEiOjExMTg4fQ==/informe-arbitral-leon-vs-pumas-jornada-7-estadio-nou-camp-fox-sports', 'text': '- - -'}","{'type': 'link', 'href': 'https://www.ligafemenil.mx/cancha/club/11188/pumas', 'text': ''}","{'type': 'link', 'href': 'https://www.ligafemenil.mx/cancha/estadio/23/estadio-nou-camp', 'text': 'Nou Camp'}","{'type': 'link', 'href': 'https://www.ligafemenil.mx/cancha/mxm/102127/eyJpZERpdmlzaW9uIjoiMTQiLCJpZFRlbXBvcmFkYSI6IjcwIiwiaWRUb3JuZW8iOiIyIiwiaWRDbHVibG9jYWwiOiIxMTI0MyIsImlkQ2x1YnZpc2l0YSI6IjExMTg4IiwiaWRQYXJ0aWRvIjoiMTAyMTI3IiwicGVzdGFuYSI6IjEifQ==/minuto-a-minuto-leon-vs-pumas-jornada-7-estadio-nou-camp-fox-sports', 'text': ''}","{'type': 'link', 'href': 'https://www.ligafemenil.mx/cancha/mxm/102127/eyJpZERpdmlzaW9uIjoiMTQiLCJpZFRlbXBvcmFkYSI6IjcwIiwiaWRUb3JuZW8iOiIyIiwiaWRDbHVibG9jYWwiOiIxMTI0MyIsImlkQ2x1YnZpc2l0YSI6IjExMTg4IiwiaWRQYXJ0aWRvIjoiMTAyMTI3IiwicGVzdGFuYSI6IjMifQ==/minuto-a-minuto-leon-vs-pumas-jornada-7-estadio-nou-camp-fox-sports', 'text': ''}","{'type': 'link', 'href': 'https://www.ligafemenil.mx/cancha/informeArbitral/102127/eyJpZERpdmlzaW9uIjoiMTQiLCJpZFRlbXBvcmFkYSI6IjcwIiwiaWRUb3JuZW8iOiIyIiwiaWRDbHVibG9jYWwiOiIxMTI0MyIsImlkQ2x1YnZpc2l0YSI6IjExMTg4In0=/informe-arbitral-leon-vs-pumas-jornada-7-estadio-nou-camp-fox-sports', 'text': ''}","{'type': 'link', 'href': 'https://www.ligafemenil.mx/cancha/mxm/102127/eyJpZERpdmlzaW9uIjoiMTQiLCJpZFRlbXBvcmFkYSI6IjcwIiwiaWRUb3JuZW8iOiIyIiwiaWRDbHVibG9jYWwiOiIxMTI0MyIsImlkQ2x1YnZpc2l0YSI6IjExMTg4IiwiaWRQYXJ0aWRvIjoiMTAyMTI3IiwicGVzdGFuYSI6IjQifQ==/minuto-a-minuto-leon-vs-pumas-jornada-7-estadio-nou-camp-fox-sports', 'text': ''}","{'type': 'link', 'href': 'https://www.ligafemenil.mx/cancha/galeria/MTAyMTI3LzcvNzAvMi8xNA==/leon-vs-pumas', 'text': ''}","{'type': 'link', 'href': 'https://www.ligafemenil.mx/cancha/playlist/102127/leon-vs-pumas', 'text': ''}"
2019-2020,Clausura,"{'type': 'text', 'value': 'Lunes 13 de Abril de 2020\nTemporada 2019-2020\nTorneo Clausura\nJornada 1\n13 Abril 2020 - 21:00 hrs.'}","{'type': 'link', 'href': 'https://www.ligafemenil.mx/cancha/club/11185/rayados-de-monterrey', 'text': ''}","{'type': 'link', 'href': 'https://www.ligafemenil.mx/cancha/informeArbitral/102073/eyJpZERpdmlzaW9uIjoiMTQiLCJpZFRlbXBvcmFkYSI6IjcwIiwiaWRUb3JuZW8iOiIyIiwiaWRDbHVibG9jYWwiOjExMTg1LCJpZENsdWJ2aXNpdGEiOjExMTg2fQ==/informe-arbitral-rayados-de-monterrey-vs-tigres-de-la-uanl-jornada-1-estadio-bbva-fox-sports', 'text': '- - -'}","{'type': 'link', 'href': 'https://www.ligafemenil.mx/cancha/club/11186/tigres-de-la-uanl', 'text': ''}","{'type': 'link', 'href': 'https://www.ligafemenil.mx/cancha/estadio/1608/estadio-bbva', 'text': 'Estadio BBVA'}","{'type': 'link', 'href': 'https://www.ligafemenil.mx/cancha/mxm/102073/eyJpZERpdmlzaW9uIjoiMTQiLCJpZFRlbXBvcmFkYSI6IjcwIiwiaWRUb3JuZW8iOiIyIiwiaWRDbHVibG9jYWwiOiIxMTE4NSIsImlkQ2x1YnZpc2l0YSI6IjExMTg2IiwiaWRQYXJ0aWRvIjoiMTAyMDczIiwicGVzdGFuYSI6IjEifQ==/minuto-a-minuto-rayados-de-monterrey-vs-tigres-de-la-uanl-jornada-1-estadio-bbva-fox-sports', 'text': ''}","{'type': 'link', 'href': 'https://www.ligafemenil.mx/cancha/mxm/102073/eyJpZERpdmlzaW9uIjoiMTQiLCJpZFRlbXBvcmFkYSI6IjcwIiwiaWRUb3JuZW8iOiIyIiwiaWRDbHVibG9jYWwiOiIxMTE4NSIsImlkQ2x1YnZpc2l0YSI6IjExMTg2IiwiaWRQYXJ0aWRvIjoiMTAyMDczIiwicGVzdGFuYSI6IjMifQ==/minuto-a-minuto-rayados-de-monterrey-vs-tigres-de-la-uanl-jornada-1-estadio-bbva-fox-sports', 'text': ''}","{'type': 'link', 'href': 'https://www.ligafemenil.mx/cancha/informeArbitral/102073/eyJpZERpdmlzaW9uIjoiMTQiLCJpZFRlbXBvcmFkYSI6IjcwIiwiaWRUb3JuZW8iOiIyIiwiaWRDbHVibG9jYWwiOiIxMTE4NSIsImlkQ2x1YnZpc2l0YSI6IjExMTg2In0=/informe-arbitral-rayados-de-monterrey-vs-tigres-de-la-uanl-jornada-1-estadio-bbva-fox-sports', 'text': ''}","{'type': 'link', 'href': 'https://www.ligafemenil.mx/cancha/mxm/102073/eyJpZERpdmlzaW9uIjoiMTQiLCJpZFRlbXBvcmFkYSI6IjcwIiwiaWRUb3JuZW8iOiIyIiwiaWRDbHVibG9jYWwiOiIxMTE4NSIsImlkQ2x1YnZpc2l0YSI6IjExMTg2IiwiaWRQYXJ0aWRvIjoiMTAyMDczIiwicGVzdGFuYSI6IjQifQ==/minuto-a-minuto-rayados-de-monterrey-vs-tigres-de-la-uanl-jornada-1-estadio-bbva-fox-sports', 'text': ''}","{'type': 'link', 'href': 'https://www.ligafemenil.mx/cancha/galeria/MTAyMDczLzEvNzAvMi8xNA==/rayados-de-monterrey-vs-tigres-de-la-uanl', 'text': ''}","{'type': 'link', 'href': 'https://www.ligafemenil.mx/cancha/playlist/102073/rayados-de-monterrey-vs-tigres-de-la-uanl', 'text': ''}"
2019-2020,Clausura,"{'type': 'text', 'value': 'Sábado 2 de Mayo de 2020\nTemporada 2019-2020\nTorneo Clausura\nJornada 17\n2 Mayo 2020 - 12:00 hrs.'}","{'type': 'link', 'href': 'https://www.ligafemenil.mx/cancha/club/11188/pumas', 'text': ''}","{'type': 'link', 'href': 'https://www.ligafemenil.mx/cancha/informeArbitral/102209/eyJpZERpdmlzaW9uIjoiMTQiLCJpZFRlbXBvcmFkYSI6IjcwIiwiaWRUb3JuZW8iOiIyIiwiaWRDbHVibG9jYWwiOjExMTg4LCJpZENsdWJ2aXNpdGEiOjExMTg3fQ==/informe-arbitral-pumas-vs-toluca-jornada-17-estadio-la-cantera-cancha-1-tudn', 'text': '- - -'}","{'type': 'link', 'href': 'https://www.ligafemenil.mx/cancha/club/11187/toluca', 'text': ''}","{'type': 'link', 'href': 'https://www.ligafemenil.mx/cancha/estadio/1146/estadio-la-cantera-cancha-1', 'text': 'La Cantera Cancha 1'}","{'type': 'link', 'href': 'https://www.ligafemenil.mx/cancha/mxm/102209/eyJpZERpdmlzaW9uIjoiMTQiLCJpZFRlbXBvcmFkYSI6IjcwIiwiaWRUb3JuZW8iOiIyIiwiaWRDbHVibG9jYWwiOiIxMTE4OCIsImlkQ2x1YnZpc2l0YSI6IjExMTg3IiwiaWRQYXJ0aWRvIjoiMTAyMjA5IiwicGVzdGFuYSI6IjEifQ==/minuto-a-minuto-pumas-vs-toluca-jornada-17-estadio-la-cantera-cancha-1-tudn', 'text': ''}","{'type': 'link', 'href': 'https://www.ligafemenil.mx/cancha/mxm/102209/eyJpZERpdmlzaW9uIjoiMTQiLCJpZFRlbXBvcmFkYSI6IjcwIiwiaWRUb3JuZW8iOiIyIiwiaWRDbHVibG9jYWwiOiIxMTE4OCIsImlkQ2x1YnZpc2l0YSI6IjExMTg3IiwiaWRQYXJ0aWRvIjoiMTAyMjA5IiwicGVzdGFuYSI6IjMifQ==/minuto-a-minuto-pumas-vs-toluca-jornada-17-estadio-la-cantera-cancha-1-tudn', 'text': ''}","{'type': 'link', 'href': 'https://www.ligafemenil.mx/cancha/informeArbitral/102209/eyJpZERpdmlzaW9uIjoiMTQiLCJpZFRlbXBvcmFkYSI6IjcwIiwiaWRUb3JuZW8iOiIyIiwiaWRDbHVibG9jYWwiOiIxMTE4OCIsImlkQ2x1YnZpc2l0YSI6IjExMTg3In0=/informe-arbitral-pumas-vs-toluca-jornada-17-estadio-la-cantera-cancha-1-tudn', 'text': ''}","{'type': 'link', 'href': 'https://www.ligafemenil.mx/cancha/mxm/102209/eyJpZERpdmlzaW9uIjoiMTQiLCJpZFRlbXBvcmFkYSI6IjcwIiwiaWRUb3JuZW8iOiIyIiwiaWRDbHVibG9jYWwiOiIxMTE4OCIsImlkQ2x1YnZpc2l0YSI6IjExMTg3IiwiaWRQYXJ0aWRvIjoiMTAyMjA5IiwicGVzdGFuYSI6IjQifQ==/minuto-a-minuto-pumas-vs-toluca-jornada-17-estadio-la-cantera-cancha-1-tudn', 'text': ''}","{'type': 'link', 'href': 'https://www.ligafemenil.mx/cancha/galeria/MTAyMjA5LzE3LzcwLzIvMTQ=/pumas-vs-toluca', 'text': ''}","{'type': 'link', 'href': 'https://www.ligafemenil.mx/cancha/playlist/102209/pumas-vs-toluca', 'text': ''}"
2019-2020,Clausura,"{'type': 'text', 'value': 'Sábado 2 de Mayo de 2020\nTemporada 2019-2020\nTorneo Clausura\nJornada 17\n2 Mayo 2020 - 21:05 hrs.'}","{'type': 'link', 'href': 'https://www.ligafemenil.mx/cancha/club/11186/tigres-de-la-uanl', 'text': ''}","{'type': 'link', 'href': 'https://www.ligafemenil.mx/cancha/informeArbitral/102215/eyJpZERpdmlzaW9uIjoiMTQiLCJpZFRlbXBvcmFkYSI6IjcwIiwiaWRUb3JuZW8iOiIyIiwiaWRDbHVibG9jYWwiOjExMTg2LCJpZENsdWJ2aXNpdGEiOjExMTgxfQ==/informe-arbitral-tigres-de-la-uanl-vs-cruz-azul-jornada-17-estadio-universitario-tudn', 'text': '- - -'}","{'type': 'link', 'href': 'https://www.ligafemenil.mx/cancha/club/11181/cruz-azul', 'text': ''}","{'type': 'link', 'href': 'https://www.ligafemenil.mx/cancha/estadio/12/estadio-universitario', 'text': 'Universitario'}","{'type': 'link', 'href': 'https://www.ligafemenil.mx/cancha/mxm/102215/eyJpZERpdmlzaW9uIjoiMTQiLCJpZFRlbXBvcmFkYSI6IjcwIiwiaWRUb3JuZW8iOiIyIiwiaWRDbHVibG9jYWwiOiIxMTE4NiIsImlkQ2x1YnZpc2l0YSI6IjExMTgxIiwiaWRQYXJ0aWRvIjoiMTAyMjE1IiwicGVzdGFuYSI6IjEifQ==/minuto-a-minuto-tigres-de-la-uanl-vs-cruz-azul-jornada-17-estadio-universitario-tudn', 'text': ''}","{'type': 'link', 'href': 'https://www.ligafemenil.mx/cancha/mxm/102215/eyJpZERpdmlzaW9uIjoiMTQiLCJpZFRlbXBvcmFkYSI6IjcwIiwiaWRUb3JuZW8iOiIyIiwiaWRDbHVibG9jYWwiOiIxMTE4NiIsImlkQ2x1YnZpc2l0YSI6IjExMTgxIiwiaWRQYXJ0aWRvIjoiMTAyMjE1IiwicGVzdGFuYSI6IjMifQ==/minuto-a-minuto-tigres-de-la-uanl-vs-cruz-azul-jornada-17-estadio-universitario-tudn', 'text': ''}","{'type': 'link', 'href': 'https://www.ligafemenil.mx/cancha/informeArbitral/102215/eyJpZERpdmlzaW9uIjoiMTQiLCJpZFRlbXBvcmFkYSI6IjcwIiwiaWRUb3JuZW8iOiIyIiwiaWRDbHVibG9jYWwiOiIxMTE4NiIsImlkQ2x1YnZpc2l0YSI6IjExMTgxIn0=/informe-arbitral-tigres-de-la-uanl-vs-cruz-azul-jornada-17-estadio-universitario-tudn', 'text': ''}","{'type': 'link', 'href': 'https://www.ligafemenil.mx/cancha/mxm/102215/eyJpZERpdmlzaW9uIjoiMTQiLCJpZFRlbXBvcmFkYSI6IjcwIiwiaWRUb3JuZW8iOiIyIiwiaWRDbHVibG9jYWwiOiIxMTE4NiIsImlkQ2x1YnZpc2l0YSI6IjExMTgxIiwiaWRQYXJ0aWRvIjoiMTAyMjE1IiwicGVzdGFuYSI6IjQifQ==/minuto-a-minuto-tigres-de-la-uanl-vs-cruz-azul-jornada-17-estadio-universitario-tudn', 'text': ''}","{'type': 'link', 'href': 'https://www.ligafemenil.mx/cancha/galeria/MTAyMjE1LzE3LzcwLzIvMTQ=/tigres-de-la-uanl-vs-cruz-azul', 'text': ''}","{'type': 'link', 'href': 'https://www.ligafemenil.mx/cancha/playlist/102215/tigres-de-la-uanl-vs-cruz-azul', 'text': ''}"
2019-2020,Clausura,"{'type': 'text', 'value': 'Lunes 4 de Mayo de 2020\nTemporada 2019-2020\nTorneo Clausura\nJornada 17\n4 Mayo 2020 - 16:00 hrs.'}","{'type': 'link', 'href': 'https://www.ligafemenil.mx/cancha/club/11183/m-morelia', 'text': ''}","{'type': 'link', 'href': 'https://www.ligafemenil.mx/cancha/informeArbitral/102211/eyJpZERpdmlzaW9uIjoiMTQiLCJpZFRlbXBvcmFkYSI6IjcwIiwiaWRUb3JuZW8iOiIyIiwiaWRDbHVibG9jYWwiOjExMTgzLCJpZENsdWJ2aXNpdGEiOjExMTgwfQ==/informe-arbitral-m-morelia-vs-tijuana-jornada-17-estadio-jose-maria-morelos-y-pavon-am', 'text': '- - -'}","{'type': 'link', 'href': 'https://www.ligafemenil.mx/cancha/club/11180/tijuana', 'text': ''}","{'type': 'link', 'href': 'https://www.ligafemenil.mx/cancha/estadio/10/estadio-jose-maria-morelos-y-pavon', 'text': 'José María Morelos y Pavón'}","{'type': 'link', 'href': 'https://www.ligafemenil.mx/cancha/mxm/102211/eyJpZERpdmlzaW9uIjoiMTQiLCJpZFRlbXBvcmFkYSI6IjcwIiwiaWRUb3JuZW8iOiIyIiwiaWRDbHVibG9jYWwiOiIxMTE4MyIsImlkQ2x1YnZpc2l0YSI6IjExMTgwIiwiaWRQYXJ0aWRvIjoiMTAyMjExIiwicGVzdGFuYSI6IjEifQ==/minuto-a-minuto-m-morelia-vs-tijuana-jornada-17-estadio-jose-maria-morelos-y-pavon-am', 'text': ''}","{'type': 'link', 'href': 'https://www.ligafemenil.mx/cancha/mxm/102211/eyJpZERpdmlzaW9uIjoiMTQiLCJpZFRlbXBvcmFkYSI6IjcwIiwiaWRUb3JuZW8iOiIyIiwiaWRDbHVibG9jYWwiOiIxMTE4MyIsImlkQ2x1YnZpc2l0YSI6IjExMTgwIiwiaWRQYXJ0aWRvIjoiMTAyMjExIiwicGVzdGFuYSI6IjMifQ==/minuto-a-minuto-m-morelia-vs-tijuana-jornada-17-estadio-jose-maria-morelos-y-pavon-am', 'text': ''}","{'type': 'link', 'href': 'https://www.ligafemenil.mx/cancha/informeArbitral/102211/eyJpZERpdmlzaW9uIjoiMTQiLCJpZFRlbXBvcmFkYSI6IjcwIiwiaWRUb3JuZW8iOiIyIiwiaWRDbHVibG9jYWwiOiIxMTE4MyIsImlkQ2x1YnZpc2l0YSI6IjExMTgwIn0=/informe-arbitral-m-morelia-vs-tijuana-jornada-17-estadio-jose-maria-morelos-y-pavon-am', 'text': ''}","{'type': 'link', 'href': 'https://www.ligafemenil.mx/cancha/mxm/102211/eyJpZERpdmlzaW9uIjoiMTQiLCJpZFRlbXBvcmFkYSI6IjcwIiwiaWRUb3JuZW8iOiIyIiwiaWRDbHVibG9jYWwiOiIxMTE4MyIsImlkQ2x1YnZpc2l0YSI6IjExMTgwIiwiaWRQYXJ0aWRvIjoiMTAyMjExIiwicGVzdGFuYSI6IjQifQ==/minuto-a-minuto-m-morelia-vs-tijuana-jornada-17-estadio-jose-maria-morelos-y-pavon-am', 'text': ''}","{'type': 'link', 'href': 'https://www.ligafemenil.mx/cancha/galeria/MTAyMjExLzE3LzcwLzIvMTQ=/m-morelia-vs-tijuana', 'text': ''}","{'type': 'link', 'href': 'https://www.ligafemenil.mx/cancha/playlist/102211/m-morelia-vs-tijuana', 'text': ''}"
2019-2020,Clausura,"{'type': 'text', 'value': 'Lunes 4 de Mayo de 2020\nTemporada 2019-2020\nTorneo Clausura\nJornada 17\n4 Mayo 2020 - 18:00 hrs.'}","{'type': 'link', 'href': 'https://www.ligafemenil.mx/cancha/club/11191/america', 'text': ''}","{'type': 'link', 'href': 'https://www.ligafemenil.mx/cancha/informeArbitral/102212/eyJpZERpdmlzaW9uIjoiMTQiLCJpZFRlbXBvcmFkYSI6IjcwIiwiaWRUb3JuZW8iOiIyIiwiaWRDbHVibG9jYWwiOjExMTkxLCJpZENsdWJ2aXNpdGEiOjExMjQ1fQ==/informe-arbitral-america-vs-atlas-jornada-17-estadio-azteca-tudn', 'text': '- - -'}","{'type': 'link', 'href': 'https://www.ligafemenil.mx/cancha/club/11245/atlas', 'text': ''}","{'type': 'link', 'href': 'https://www.ligafemenil.mx/cancha/estadio/1/estadio-azteca', 'text': 'Azteca'}","{'type': 'link', 'href': 'https://www.ligafemenil.mx/cancha/mxm/102212/eyJpZERpdmlzaW9uIjoiMTQiLCJpZFRlbXBvcmFkYSI6IjcwIiwiaWRUb3JuZW8iOiIyIiwiaWRDbHVibG9jYWwiOiIxMTE5MSIsImlkQ2x1YnZpc2l0YSI6IjExMjQ1IiwiaWRQYXJ0aWRvIjoiMTAyMjEyIiwicGVzdGFuYSI6IjEifQ==/minuto-a-minuto-america-vs-atlas-jornada-17-estadio-azteca-tudn', 'text': ''}","{'type': 'link', 'href': 'https://www.ligafemenil.mx/cancha/mxm/102212/eyJpZERpdmlzaW9uIjoiMTQiLCJpZFRlbXBvcmFkYSI6IjcwIiwiaWRUb3JuZW8iOiIyIiwiaWRDbHVibG9jYWwiOiIxMTE5MSIsImlkQ2x1YnZpc2l0YSI6IjExMjQ1IiwiaWRQYXJ0aWRvIjoiMTAyMjEyIiwicGVzdGFuYSI6IjMifQ==/minuto-a-minuto-america-vs-atlas-jornada-17-estadio-azteca-tudn', 'text': ''}","{'type': 'link', 'href': 'https://www.ligafemenil.mx/cancha/informeArbitral/102212/eyJpZERpdmlzaW9uIjoiMTQiLCJpZFRlbXBvcmFkYSI6IjcwIiwiaWRUb3JuZW8iOiIyIiwiaWRDbHVibG9jYWwiOiIxMTE5MSIsImlkQ2x1YnZpc2l0YSI6IjExMjQ1In0=/informe-arbitral-america-vs-atlas-jornada-17-estadio-azteca-tudn', 'text': ''}","{'type': 'link', 'href': 'https://www.ligafemenil.mx/cancha/mxm/102212/eyJpZERpdmlzaW9uIjoiMTQiLCJpZFRlbXBvcmFkYSI6IjcwIiwiaWRUb3JuZW8iOiIyIiwiaWRDbHVibG9jYWwiOiIxMTE5MSIsImlkQ2x1YnZpc2l0YSI6IjExMjQ1IiwiaWRQYXJ0aWRvIjoiMTAyMjEyIiwicGVzdGFuYSI6IjQifQ==/minuto-a-minuto-america-vs-atlas-jornada-17-estadio-azteca-tudn', 'text': ''}","{'type': 'link', 'href': 'https://www.ligafemenil.mx/cancha/galeria/MTAyMjEyLzE3LzcwLzIvMTQ=/america-vs-atlas', 'text': ''}","{'type': 'link', 'href': 'https://www.ligafemenil.mx/cancha/playlist/102212/america-vs-atlas', 'text': ''}"
2019-2020,Clausura,"{'type': 'text', 'value': 'Lunes 4 de Mayo de 2020\nTemporada 2019-2020\nTorneo Clausura\nJornada 17\n4 Mayo 2020 - 19:00 hrs.'}","{'type': 'link', 'href': 'https://www.ligafemenil.mx/cancha/club/11184/pachuca', 'text': ''}","{'type': 'link', 'href': 'https://www.ligafemenil.mx/cancha/informeArbitral/102213/eyJpZERpdmlzaW9uIjoiMTQiLCJpZFRlbXBvcmFkYSI6IjcwIiwiaWRUb3JuZW8iOiIyIiwiaWRDbHVibG9jYWwiOjExMTg0LCJpZENsdWJ2aXNpdGEiOjExNTQzfQ==/informe-arbitral-pachuca-vs-puebla-fc-jornada-17-estadio-hidalgo', 'text': '- - -'}","{'type': 'link', 'href': 'https://www.ligafemenil.mx/cancha/club/11543/puebla-fc', 'text': ''}","{'type': 'link', 'href': 'https://www.ligafemenil.mx/cancha/estadio/11/estadio-hidalgo', 'text': 'Hidalgo'}","{'type': 'link', 'href': 'https://www.ligafemenil.mx/cancha/mxm/102213/eyJpZERpdmlzaW9uIjoiMTQiLCJpZFRlbXBvcmFkYSI6IjcwIiwiaWRUb3JuZW8iOiIyIiwiaWRDbHVibG9jYWwiOiIxMTE4NCIsImlkQ2x1YnZpc2l0YSI6IjExNTQzIiwiaWRQYXJ0aWRvIjoiMTAyMjEzIiwicGVzdGFuYSI6IjEifQ==/minuto-a-minuto-pachuca-vs-puebla-fc-jornada-17-estadio-hidalgo', 'text': ''}","{'type': 'link', 'href': 'https://www.ligafemenil.mx/cancha/mxm/102213/eyJpZERpdmlzaW9uIjoiMTQiLCJpZFRlbXBvcmFkYSI6IjcwIiwiaWRUb3JuZW8iOiIyIiwiaWRDbHVibG9jYWwiOiIxMTE4NCIsImlkQ2x1YnZpc2l0YSI6IjExNTQzIiwiaWRQYXJ0aWRvIjoiMTAyMjEzIiwicGVzdGFuYSI6IjMifQ==/minuto-a-minuto-pachuca-vs-puebla-fc-jornada-17-estadio-hidalgo', 'text': ''}","{'type': 'link', 'href': 'https://www.ligafemenil.mx/cancha/informeArbitral/102213/eyJpZERpdmlzaW9uIjoiMTQiLCJpZFRlbXBvcmFkYSI6IjcwIiwiaWRUb3JuZW8iOiIyIiwiaWRDbHVibG9jYWwiOiIxMTE4NCIsImlkQ2x1YnZpc2l0YSI6IjExNTQzIn0=/informe-arbitral-pachuca-vs-puebla-fc-jornada-17-estadio-hidalgo', 'text': ''}","{'type': 'link', 'href': 'https://www.ligafemenil.mx/cancha/mxm/102213/eyJpZERpdmlzaW9uIjoiMTQiLCJpZFRlbXBvcmFkYSI6IjcwIiwiaWRUb3JuZW8iOiIyIiwiaWRDbHVibG9jYWwiOiIxMTE4NCIsImlkQ2x1YnZpc2l0YSI6IjExNTQzIiwiaWRQYXJ0aWRvIjoiMTAyMjEzIiwicGVzdGFuYSI6IjQifQ==/minuto-a-minuto-pachuca-vs-puebla-fc-jornada-17-estadio-hidalgo', 'text': ''}","{'type': 'link', 'href': 'https://www.ligafemenil.mx/cancha/galeria/MTAyMjEzLzE3LzcwLzIvMTQ=/pachuca-vs-puebla-fc', 'text': ''}","{'type': 'link', 'href': 'https://www.ligafemenil.mx/cancha/playlist/102213/pachuca-vs-puebla-fc', 'text': ''}"
2019-2020,Clausura,"{'type': 'text', 'value': 'Lunes 4 de Mayo de 2020\nTemporada 2019-2020\nTorneo Clausura\nJornada 17\n4 Mayo 2020 - 19:00 hrs.'}","{'type': 'link', 'href': 'https://www.ligafemenil.mx/cancha/club/11182/guadalajara', 'text': ''}","{'type': 'link', 'href': 'https://www.ligafemenil.mx/cancha/informeArbitral/102210/eyJpZERpdmlzaW9uIjoiMTQiLCJpZFRlbXBvcmFkYSI6IjcwIiwiaWRUb3JuZW8iOiIyIiwiaWRDbHVibG9jYWwiOjExMTgyLCJpZENsdWJ2aXNpdGEiOjExMTg1fQ==/informe-arbitral-guadalajara-vs-rayados-de-monterrey-jornada-17-estadio-akron-fox-sports', 'text': '- - -'}","{'type': 'link', 'href': 'https://www.ligafemenil.mx/cancha/club/11185/rayados-de-monterrey', 'text': ''}","{'type': 'link', 'href': 'https://www.ligafemenil.mx/cancha/estadio/1538/estadio-akron', 'text': 'Estadio AKRON'}","{'type': 'link', 'href': 'https://www.ligafemenil.mx/cancha/mxm/102210/eyJpZERpdmlzaW9uIjoiMTQiLCJpZFRlbXBvcmFkYSI6IjcwIiwiaWRUb3JuZW8iOiIyIiwiaWRDbHVibG9jYWwiOiIxMTE4MiIsImlkQ2x1YnZpc2l0YSI6IjExMTg1IiwiaWRQYXJ0aWRvIjoiMTAyMjEwIiwicGVzdGFuYSI6IjEifQ==/minuto-a-minuto-guadalajara-vs-rayados-de-monterrey-jornada-17-estadio-akron-fox-sports', 'text': ''}","{'type': 'link', 'href': 'https://www.ligafemenil.mx/cancha/mxm/102210/eyJpZERpdmlzaW9uIjoiMTQiLCJpZFRlbXBvcmFkYSI6IjcwIiwiaWRUb3JuZW8iOiIyIiwiaWRDbHVibG9jYWwiOiIxMTE4MiIsImlkQ2x1YnZpc2l0YSI6IjExMTg1IiwiaWRQYXJ0aWRvIjoiMTAyMjEwIiwicGVzdGFuYSI6IjMifQ==/minuto-a-minuto-guadalajara-vs-rayados-de-monterrey-jornada-17-estadio-akron-fox-sports', 'text': ''}","{'type': 'link', 'href': 'https://www.ligafemenil.mx/cancha/informeArbitral/102210/eyJpZERpdmlzaW9uIjoiMTQiLCJpZFRlbXBvcmFkYSI6IjcwIiwiaWRUb3JuZW8iOiIyIiwiaWRDbHVibG9jYWwiOiIxMTE4MiIsImlkQ2x1YnZpc2l0YSI6IjExMTg1In0=/informe-arbitral-guadalajara-vs-rayados-de-monterrey-jornada-17-estadio-akron-fox-sports', 'text': ''}","{'type': 'link', 'href': 'https://www.ligafemenil.mx/cancha/mxm/102210/eyJpZERpdmlzaW9uIjoiMTQiLCJpZFRlbXBvcmFkYSI6IjcwIiwiaWRUb3JuZW8iOiIyIiwiaWRDbHVibG9jYWwiOiIxMTE4MiIsImlkQ2x1YnZpc2l0YSI6IjExMTg1IiwiaWRQYXJ0aWRvIjoiMTAyMjEwIiwicGVzdGFuYSI6IjQifQ==/minuto-a-minuto-guadalajara-vs-rayados-de-monterrey-jornada-17-estadio-akron-fox-sports', 'text': ''}","{'type': 'link', 'href': 'https://www.ligafemenil.mx/cancha/galeria/MTAyMjEwLzE3LzcwLzIvMTQ=/guadalajara-vs-rayados-de-monterrey', 'text': ''}","{'type': 'link', 'href': 'https://www.ligafemenil.mx/cancha/playlist/102210/guadalajara-vs-rayados-de-monterrey', 'text': ''}"
2019-2020,Clausura,"{'type': 'text', 'value': 'Lunes 4 de Mayo de 2020\nTemporada 2019-2020\nTorneo Clausura\nJornada 17\n4 Mayo 2020 - 20:00 hrs.'}","{'type': 'link', 'href': 'https://www.ligafemenil.mx/cancha/club/11778/club-atletico-de-san-luis', 'text': ''}","{'type': 'link', 'href': 'https://www.ligafemenil.mx/cancha/informeArbitral/102214/eyJpZERpdmlzaW9uIjoiMTQiLCJpZFRlbXBvcmFkYSI6IjcwIiwiaWRUb3JuZW8iOiIyIiwiaWRDbHVibG9jYWwiOjExNzc4LCJpZENsdWJ2aXNpdGEiOjExNzk1fQ==/informe-arbitral-club-atletico-de-san-luis-vs-fc-juarez-jornada-17-estadio-alfonso-lastras-ramirez', 'text': '- - -'}","{'type': 'link', 'href': 'https://www.ligafemenil.mx/cancha/club/11795/fc-juarez', 'text': ''}","{'type': 'link', 'href': 'https://www.ligafemenil.mx/cancha/estadio/14/estadio-alfonso-lastras-ramirez', 'text': 'Alfonso Lastras Ramírez'}","{'type': 'link', 'href': 'https://www.ligafemenil.mx/cancha/mxm/102214/eyJpZERpdmlzaW9uIjoiMTQiLCJpZFRlbXBvcmFkYSI6IjcwIiwiaWRUb3JuZW8iOiIyIiwiaWRDbHVibG9jYWwiOiIxMTc3OCIsImlkQ2x1YnZpc2l0YSI6IjExNzk1IiwiaWRQYXJ0aWRvIjoiMTAyMjE0IiwicGVzdGFuYSI6IjEifQ==/minuto-a-minuto-club-atletico-de-san-luis-vs-fc-juarez-jornada-17-estadio-alfonso-lastras-ramirez', 'text': ''}","{'type': 'link', 'href': 'https://www.ligafemenil.mx/cancha/mxm/102214/eyJpZERpdmlzaW9uIjoiMTQiLCJpZFRlbXBvcmFkYSI6IjcwIiwiaWRUb3JuZW8iOiIyIiwiaWRDbHVibG9jYWwiOiIxMTc3OCIsImlkQ2x1YnZpc2l0YSI6IjExNzk1IiwiaWRQYXJ0aWRvIjoiMTAyMjE0IiwicGVzdGFuYSI6IjMifQ==/minuto-a-minuto-club-atletico-de-san-luis-vs-fc-juarez-jornada-17-estadio-alfonso-lastras-ramirez', 'text': ''}","{'type': 'link', 'href': 'https://www.ligafemenil.mx/cancha/informeArbitral/102214/eyJpZERpdmlzaW9uIjoiMTQiLCJpZFRlbXBvcmFkYSI6IjcwIiwiaWRUb3JuZW8iOiIyIiwiaWRDbHVibG9jYWwiOiIxMTc3OCIsImlkQ2x1YnZpc2l0YSI6IjExNzk1In0=/informe-arbitral-club-atletico-de-san-luis-vs-fc-juarez-jornada-17-estadio-alfonso-lastras-ramirez', 'text': ''}","{'type': 'link', 'href': 'https://www.ligafemenil.mx/cancha/mxm/102214/eyJpZERpdmlzaW9uIjoiMTQiLCJpZFRlbXBvcmFkYSI6IjcwIiwiaWRUb3JuZW8iOiIyIiwiaWRDbHVibG9jYWwiOiIxMTc3OCIsImlkQ2x1YnZpc2l0YSI6IjExNzk1IiwiaWRQYXJ0aWRvIjoiMTAyMjE0IiwicGVzdGFuYSI6IjQifQ==/minuto-a-minuto-club-atletico-de-san-luis-vs-fc-juarez-jornada-17-estadio-alfonso-lastras-ramirez', 'text': ''}","{'type': 'link', 'href': 'https://www.ligafemenil.mx/cancha/galeria/MTAyMjE0LzE3LzcwLzIvMTQ=/club-atletico-de-san-luis-vs-fc-juarez', 'text': ''}","{'type': 'link', 'href': 'https://www.ligafemenil.mx/cancha/playlist/102214/club-atletico-de-san-luis-vs-fc-juarez', 'text': ''}"
2019-2020,Clausura,"{'type': 'text', 'value': 'Lunes 4 de Mayo de 2020\nTemporada 2019-2020\nTorneo Clausura\nJornada 17\n4 Mayo 2020 - 21:00 hrs.'}","{'type': 'link', 'href': 'https://www.ligafemenil.mx/cancha/club/11192/santos-laguna', 'text': ''}","{'type': 'link', 'href': 'https://www.ligafemenil.mx/cancha/informeArbitral/102216/eyJpZERpdmlzaW9uIjoiMTQiLCJpZFRlbXBvcmFkYSI6IjcwIiwiaWRUb3JuZW8iOiIyIiwiaWRDbHVibG9jYWwiOjExMTkyLCJpZENsdWJ2aXNpdGEiOjExMjQ0fQ==/informe-arbitral-santos-laguna-vs-queretaro-jornada-17-estadio-tsm-corona-fox-sports', 'text': '- - -'}","{'type': 'link', 'href': 'https://www.ligafemenil.mx/cancha/club/11244/queretaro', 'text': ''}","{'type': 'link', 'href': 'https://www.ligafemenil.mx/cancha/estadio/63/estadio-tsm-corona', 'text': 'TSM Corona'}","{'type': 'link', 'href': 'https://www.ligafemenil.mx/cancha/mxm/102216/eyJpZERpdmlzaW9uIjoiMTQiLCJpZFRlbXBvcmFkYSI6IjcwIiwiaWRUb3JuZW8iOiIyIiwiaWRDbHVibG9jYWwiOiIxMTE5MiIsImlkQ2x1YnZpc2l0YSI6IjExMjQ0IiwiaWRQYXJ0aWRvIjoiMTAyMjE2IiwicGVzdGFuYSI6IjEifQ==/minuto-a-minuto-santos-laguna-vs-queretaro-jornada-17-estadio-tsm-corona-fox-sports', 'text': ''}","{'type': 'link', 'href': 'https://www.ligafemenil.mx/cancha/mxm/102216/eyJpZERpdmlzaW9uIjoiMTQiLCJpZFRlbXBvcmFkYSI6IjcwIiwiaWRUb3JuZW8iOiIyIiwiaWRDbHVibG9jYWwiOiIxMTE5MiIsImlkQ2x1YnZpc2l0YSI6IjExMjQ0IiwiaWRQYXJ0aWRvIjoiMTAyMjE2IiwicGVzdGFuYSI6IjMifQ==/minuto-a-minuto-santos-laguna-vs-queretaro-jornada-17-estadio-tsm-corona-fox-sports', 'text': ''}","{'type': 'link', 'href': 'https://www.ligafemenil.mx/cancha/informeArbitral/102216/eyJpZERpdmlzaW9uIjoiMTQiLCJpZFRlbXBvcmFkYSI6IjcwIiwiaWRUb3JuZW8iOiIyIiwiaWRDbHVibG9jYWwiOiIxMTE5MiIsImlkQ2x1YnZpc2l0YSI6IjExMjQ0In0=/informe-arbitral-santos-laguna-vs-queretaro-jornada-17-estadio-tsm-corona-fox-sports', 'text': ''}","{'type': 'link', 'href': 'https://www.ligafemenil.mx/cancha/mxm/102216/eyJpZERpdmlzaW9uIjoiMTQiLCJpZFRlbXBvcmFkYSI6IjcwIiwiaWRUb3JuZW8iOiIyIiwiaWRDbHVibG9jYWwiOiIxMTE5MiIsImlkQ2x1YnZpc2l0YSI6IjExMjQ0IiwiaWRQYXJ0aWRvIjoiMTAyMjE2IiwicGVzdGFuYSI6IjQifQ==/minuto-a-minuto-santos-laguna-vs-queretaro-jornada-17-estadio-tsm-corona-fox-sports', 'text': ''}","{'type': 'link', 'href': 'https://www.ligafemenil.mx/cancha/galeria/MTAyMjE2LzE3LzcwLzIvMTQ=/santos-laguna-vs-queretaro', 'text': ''}","{'type': 'link', 'href': 'https://www.ligafemenil.mx/cancha/playlist/102216/santos-laguna-vs-queretaro', 'text': ''}"
