Temporada,Torneo,Columna_3,Columna_4,Columna_5,Columna_6,Columna_7,Columna_8,Columna_9,Columna_10,Columna_11,Columna_12,Columna_13
2024-2025,Apertura,"{'type': 'text', 'value': 'Jueves 4 de Julio de 2024\nTemporada 2024-2025\nTorneo Apertura\nJornada 1\n4 Julio 2024 - 17:00 hrs.'}","{'type': 'link', 'href': 'https://www.ligafemenil.mx/cancha/club/11189/necaxa', 'text': ''}","{'type': 'link', 'href': 'https://www.ligafemenil.mx/cancha/informeArbitral/140260/eyJpZERpdmlzaW9uIjoiMTQiLCJpZFRlbXBvcmFkYSI6Ijc1IiwiaWRUb3JuZW8iOiIxIiwiaWRDbHVibG9jYWwiOjExMTg5LCJpZENsdWJ2aXNpdGEiOjExMTg0fQ==/informe-arbitral-necaxa-vs-pachuca-jornada-1-estadio-victoria-vix', 'text': '0 - 5'}","{'type': 'link', 'href': 'https://www.ligafemenil.mx/cancha/club/11184/pachuca', 'text': ''}","{'type': 'link', 'href': 'https://www.ligafemenil.mx/cancha/estadio/15/estadio-victoria', 'text': 'Victoria'}","{'type': 'link', 'href': 'https://www.ligafemenil.mx/cancha/mxm/140260/eyJpZERpdmlzaW9uIjoiMTQiLCJpZFRlbXBvcmFkYSI6Ijc1IiwiaWRUb3JuZW8iOiIxIiwiaWRDbHVibG9jYWwiOiIxMTE4OSIsImlkQ2x1YnZpc2l0YSI6IjExMTg0IiwiaWRQYXJ0aWRvIjoiMTQwMjYwIiwicGVzdGFuYSI6IjEifQ==/minuto-a-minuto-necaxa-vs-pachuca-jornada-1-estadio-victoria-vix', 'text': ''}","{'type': 'link', 'href': 'https://www.ligafemenil.mx/cancha/mxm/140260/eyJpZERpdmlzaW9uIjoiMTQiLCJpZFRlbXBvcmFkYSI6Ijc1IiwiaWRUb3JuZW8iOiIxIiwiaWRDbHVibG9jYWwiOiIxMTE4OSIsImlkQ2x1YnZpc2l0YSI6IjExMTg0IiwiaWRQYXJ0aWRvIjoiMTQwMjYwIiwicGVzdGFuYSI6IjMifQ==/minuto-a-minuto-necaxa-vs-pachuca-jornada-1-estadio-victoria-vix', 'text': ''}","{'type': 'link', 'href': 'https://www.ligafemenil.mx/cancha/informeArbitral/140260/eyJpZERpdmlzaW9uIjoiMTQiLCJpZFRlbXBvcmFkYSI6Ijc1IiwiaWRUb3JuZW8iOiIxIiwiaWRDbHVibG9jYWwiOiIxMTE4OSIsImlkQ2x1YnZpc2l0YSI6IjExMTg0In0=/informe-arbitral-necaxa-vs-pachuca-jornada-1-estadio-victoria-vix', 'text': ''}","{'type': 'link', 'href': 'https://www.ligafemenil.mx/cancha/mxm/140260/eyJpZERpdmlzaW9uIjoiMTQiLCJpZFRlbXBvcmFkYSI6Ijc1IiwiaWRUb3JuZW8iOiIxIiwiaWRDbHVibG9jYWwiOiIxMTE4OSIsImlkQ2x1YnZpc2l0YSI6IjExMTg0IiwiaWRQYXJ0aWRvIjoiMTQwMjYwIiwicGVzdGFuYSI6IjQifQ==/minuto-a-minuto-necaxa-vs-pachuca-jornada-1-estadio-victoria-vix', 'text': ''}","{'type': 'link', 'href': 'https://www.ligafemenil.mx/cancha/galeria/MTQwMjYwLzEvNzUvMS8xNA==/necaxa-vs-pachuca', 'text': ''}","{'type': 'link', 'href': 'https://www.ligafemenil.mx/cancha/playlist/140260/necaxa-vs-pachuca', 'text': ''}"
2024-2025,Apertura,"{'type': 'text', 'value': 'Jueves 4 de Julio de 2024\nTemporada 2024-2025\nTorneo Apertura\nJornada 1\n4 Julio 2024 - 21:06 hrs.'}","{'type': 'link', 'href': 'https://www.ligafemenil.mx/cancha/club/11795/fc-juarez', 'text': ''}","{'type': 'link', 'href': 'https://www.ligafemenil.mx/cancha/informeArbitral/140261/eyJpZERpdmlzaW9uIjoiMTQiLCJpZFRlbXBvcmFkYSI6Ijc1IiwiaWRUb3JuZW8iOiIxIiwiaWRDbHVibG9jYWwiOjExNzk1LCJpZENsdWJ2aXNpdGEiOjExMTgyfQ==/informe-arbitral-fc-juarez-vs-guadalajara-jornada-1-estadio-olimpico-benito-juarez-fox-sports', 'text': '0 - 1'}","{'type': 'link', 'href': 'https://www.ligafemenil.mx/cancha/club/11182/guadalajara', 'text': ''}","{'type': 'link', 'href': 'https://www.ligafemenil.mx/cancha/estadio/17/estadio-olimpico-benito-juarez', 'text': 'Olímpico Benito Juárez'}","{'type': 'link', 'href': 'https://www.ligafemenil.mx/cancha/mxm/140261/eyJpZERpdmlzaW9uIjoiMTQiLCJpZFRlbXBvcmFkYSI6Ijc1IiwiaWRUb3JuZW8iOiIxIiwiaWRDbHVibG9jYWwiOiIxMTc5NSIsImlkQ2x1YnZpc2l0YSI6IjExMTgyIiwiaWRQYXJ0aWRvIjoiMTQwMjYxIiwicGVzdGFuYSI6IjEifQ==/minuto-a-minuto-fc-juarez-vs-guadalajara-jornada-1-estadio-olimpico-benito-juarez-fox-sports', 'text': ''}","{'type': 'link', 'href': 'https://www.ligafemenil.mx/cancha/mxm/140261/eyJpZERpdmlzaW9uIjoiMTQiLCJpZFRlbXBvcmFkYSI6Ijc1IiwiaWRUb3JuZW8iOiIxIiwiaWRDbHVibG9jYWwiOiIxMTc5NSIsImlkQ2x1YnZpc2l0YSI6IjExMTgyIiwiaWRQYXJ0aWRvIjoiMTQwMjYxIiwicGVzdGFuYSI6IjMifQ==/minuto-a-minuto-fc-juarez-vs-guadalajara-jornada-1-estadio-olimpico-benito-juarez-fox-sports', 'text': ''}","{'type': 'link', 'href': 'https://www.ligafemenil.mx/cancha/informeArbitral/140261/eyJpZERpdmlzaW9uIjoiMTQiLCJpZFRlbXBvcmFkYSI6Ijc1IiwiaWRUb3JuZW8iOiIxIiwiaWRDbHVibG9jYWwiOiIxMTc5NSIsImlkQ2x1YnZpc2l0YSI6IjExMTgyIn0=/informe-arbitral-fc-juarez-vs-guadalajara-jornada-1-estadio-olimpico-benito-juarez-fox-sports', 'text': ''}","{'type': 'link', 'href': 'https://www.ligafemenil.mx/cancha/mxm/140261/eyJpZERpdmlzaW9uIjoiMTQiLCJpZFRlbXBvcmFkYSI6Ijc1IiwiaWRUb3JuZW8iOiIxIiwiaWRDbHVibG9jYWwiOiIxMTc5NSIsImlkQ2x1YnZpc2l0YSI6IjExMTgyIiwiaWRQYXJ0aWRvIjoiMTQwMjYxIiwicGVzdGFuYSI6IjQifQ==/minuto-a-minuto-fc-juarez-vs-guadalajara-jornada-1-estadio-olimpico-benito-juarez-fox-sports', 'text': ''}","{'type': 'link', 'href': 'https://www.ligafemenil.mx/cancha/galeria/MTQwMjYxLzEvNzUvMS8xNA==/fc-juarez-vs-guadalajara', 'text': ''}","{'type': 'link', 'href': 'https://www.ligafemenil.mx/cancha/playlist/140261/fc-juarez-vs-guadalajara', 'text': ''}"
2024-2025,Apertura,"{'type': 'text', 'value': 'Viernes 5 de Julio de 2024\nTemporada 2024-2025\nTorneo Apertura\nJornada 1\n5 Julio 2024 - 17:00 hrs.'}","{'type': 'link', 'href': 'https://www.ligafemenil.mx/cancha/club/11188/pumas', 'text': ''}","{'type': 'link', 'href': 'https://www.ligafemenil.mx/cancha/informeArbitral/140262/eyJpZERpdmlzaW9uIjoiMTQiLCJpZFRlbXBvcmFkYSI6Ijc1IiwiaWRUb3JuZW8iOiIxIiwiaWRDbHVibG9jYWwiOjExMTg4LCJpZENsdWJ2aXNpdGEiOjExMjQzfQ==/informe-arbitral-pumas-vs-leon-jornada-1-estadio-olimpico-universitario-vix', 'text': '2 - 0'}","{'type': 'link', 'href': 'https://www.ligafemenil.mx/cancha/club/11243/leon', 'text': ''}","{'type': 'link', 'href': 'https://www.ligafemenil.mx/cancha/estadio/7/estadio-olimpico-universitario', 'text': 'Olímpico Universitario'}","{'type': 'link', 'href': 'https://www.ligafemenil.mx/cancha/mxm/140262/eyJpZERpdmlzaW9uIjoiMTQiLCJpZFRlbXBvcmFkYSI6Ijc1IiwiaWRUb3JuZW8iOiIxIiwiaWRDbHVibG9jYWwiOiIxMTE4OCIsImlkQ2x1YnZpc2l0YSI6IjExMjQzIiwiaWRQYXJ0aWRvIjoiMTQwMjYyIiwicGVzdGFuYSI6IjEifQ==/minuto-a-minuto-pumas-vs-leon-jornada-1-estadio-olimpico-universitario-vix', 'text': ''}","{'type': 'link', 'href': 'https://www.ligafemenil.mx/cancha/mxm/140262/eyJpZERpdmlzaW9uIjoiMTQiLCJpZFRlbXBvcmFkYSI6Ijc1IiwiaWRUb3JuZW8iOiIxIiwiaWRDbHVibG9jYWwiOiIxMTE4OCIsImlkQ2x1YnZpc2l0YSI6IjExMjQzIiwiaWRQYXJ0aWRvIjoiMTQwMjYyIiwicGVzdGFuYSI6IjMifQ==/minuto-a-minuto-pumas-vs-leon-jornada-1-estadio-olimpico-universitario-vix', 'text': ''}","{'type': 'link', 'href': 'https://www.ligafemenil.mx/cancha/informeArbitral/140262/eyJpZERpdmlzaW9uIjoiMTQiLCJpZFRlbXBvcmFkYSI6Ijc1IiwiaWRUb3JuZW8iOiIxIiwiaWRDbHVibG9jYWwiOiIxMTE4OCIsImlkQ2x1YnZpc2l0YSI6IjExMjQzIn0=/informe-arbitral-pumas-vs-leon-jornada-1-estadio-olimpico-universitario-vix', 'text': ''}","{'type': 'link', 'href': 'https://www.ligafemenil.mx/cancha/mxm/140262/eyJpZERpdmlzaW9uIjoiMTQiLCJpZFRlbXBvcmFkYSI6Ijc1IiwiaWRUb3JuZW8iOiIxIiwiaWRDbHVibG9jYWwiOiIxMTE4OCIsImlkQ2x1YnZpc2l0YSI6IjExMjQzIiwiaWRQYXJ0aWRvIjoiMTQwMjYyIiwicGVzdGFuYSI6IjQifQ==/minuto-a-minuto-pumas-vs-leon-jornada-1-estadio-olimpico-universitario-vix', 'text': ''}","{'type': 'link', 'href': 'https://www.ligafemenil.mx/cancha/galeria/MTQwMjYyLzEvNzUvMS8xNA==/pumas-vs-leon', 'text': ''}","{'type': 'link', 'href': 'https://www.ligafemenil.mx/cancha/playlist/140262/pumas-vs-leon', 'text': ''}"
2024-2025,Apertura,"{'type': 'text', 'value': 'Sábado 6 de Julio de 2024\nTemporada 2024-2025\nTorneo Apertura\nJornada 1\n6 Julio 2024 - 19:00 hrs.'}","{'type': 'link', 'href': 'https://www.ligafemenil.mx/cancha/club/11192/santos-laguna', 'text': ''}","{'type': 'link', 'href': 'https://www.ligafemenil.mx/cancha/informeArbitral/140264/eyJpZERpdmlzaW9uIjoiMTQiLCJpZFRlbXBvcmFkYSI6Ijc1IiwiaWRUb3JuZW8iOiIxIiwiaWRDbHVibG9jYWwiOjExMTkyLCJpZENsdWJ2aXNpdGEiOjExMTg3fQ==/informe-arbitral-santos-laguna-vs-toluca-jornada-1-estadio-tsm-corona', 'text': '0 - 2'}","{'type': 'link', 'href': 'https://www.ligafemenil.mx/cancha/club/11187/toluca', 'text': ''}","{'type': 'link', 'href': 'https://www.ligafemenil.mx/cancha/estadio/63/estadio-tsm-corona', 'text': 'TSM Corona'}","{'type': 'link', 'href': 'https://www.ligafemenil.mx/cancha/mxm/140264/eyJpZERpdmlzaW9uIjoiMTQiLCJpZFRlbXBvcmFkYSI6Ijc1IiwiaWRUb3JuZW8iOiIxIiwiaWRDbHVibG9jYWwiOiIxMTE5MiIsImlkQ2x1YnZpc2l0YSI6IjExMTg3IiwiaWRQYXJ0aWRvIjoiMTQwMjY0IiwicGVzdGFuYSI6IjEifQ==/minuto-a-minuto-santos-laguna-vs-toluca-jornada-1-estadio-tsm-corona', 'text': ''}","{'type': 'link', 'href': 'https://www.ligafemenil.mx/cancha/mxm/140264/eyJpZERpdmlzaW9uIjoiMTQiLCJpZFRlbXBvcmFkYSI6Ijc1IiwiaWRUb3JuZW8iOiIxIiwiaWRDbHVibG9jYWwiOiIxMTE5MiIsImlkQ2x1YnZpc2l0YSI6IjExMTg3IiwiaWRQYXJ0aWRvIjoiMTQwMjY0IiwicGVzdGFuYSI6IjMifQ==/minuto-a-minuto-santos-laguna-vs-toluca-jornada-1-estadio-tsm-corona', 'text': ''}","{'type': 'link', 'href': 'https://www.ligafemenil.mx/cancha/informeArbitral/140264/eyJpZERpdmlzaW9uIjoiMTQiLCJpZFRlbXBvcmFkYSI6Ijc1IiwiaWRUb3JuZW8iOiIxIiwiaWRDbHVibG9jYWwiOiIxMTE5MiIsImlkQ2x1YnZpc2l0YSI6IjExMTg3In0=/informe-arbitral-santos-laguna-vs-toluca-jornada-1-estadio-tsm-corona', 'text': ''}","{'type': 'link', 'href': 'https://www.ligafemenil.mx/cancha/mxm/140264/eyJpZERpdmlzaW9uIjoiMTQiLCJpZFRlbXBvcmFkYSI6Ijc1IiwiaWRUb3JuZW8iOiIxIiwiaWRDbHVibG9jYWwiOiIxMTE5MiIsImlkQ2x1YnZpc2l0YSI6IjExMTg3IiwiaWRQYXJ0aWRvIjoiMTQwMjY0IiwicGVzdGFuYSI6IjQifQ==/minuto-a-minuto-santos-laguna-vs-toluca-jornada-1-estadio-tsm-corona', 'text': ''}","{'type': 'link', 'href': 'https://www.ligafemenil.mx/cancha/galeria/MTQwMjY0LzEvNzUvMS8xNA==/santos-laguna-vs-toluca', 'text': ''}","{'type': 'link', 'href': 'https://www.ligafemenil.mx/cancha/playlist/140264/santos-laguna-vs-toluca', 'text': ''}"
2024-2025,Apertura,"{'type': 'text', 'value': 'Domingo 7 de Julio de 2024\nTemporada 2024-2025\nTorneo Apertura\nJornada 1\n7 Julio 2024 - 12:00 hrs.'}","{'type': 'link', 'href': 'https://www.ligafemenil.mx/cancha/club/11543/puebla-fc', 'text': ''}","{'type': 'link', 'href': 'https://www.ligafemenil.mx/cancha/informeArbitral/140265/eyJpZERpdmlzaW9uIjoiMTQiLCJpZFRlbXBvcmFkYSI6Ijc1IiwiaWRUb3JuZW8iOiIxIiwiaWRDbHVibG9jYWwiOjExNTQzLCJpZENsdWJ2aXNpdGEiOjExMTg1fQ==/informe-arbitral-puebla-fc-vs-rayados-de-monterrey-jornada-1-estadio-cuauhtemoc', 'text': '0 - 1'}","{'type': 'link', 'href': 'https://www.ligafemenil.mx/cancha/club/11185/rayados-de-monterrey', 'text': ''}","{'type': 'link', 'href': 'https://www.ligafemenil.mx/cancha/estadio/9/estadio-cuauhtemoc', 'text': 'Cuauhtémoc'}","{'type': 'link', 'href': 'https://www.ligafemenil.mx/cancha/mxm/140265/eyJpZERpdmlzaW9uIjoiMTQiLCJpZFRlbXBvcmFkYSI6Ijc1IiwiaWRUb3JuZW8iOiIxIiwiaWRDbHVibG9jYWwiOiIxMTU0MyIsImlkQ2x1YnZpc2l0YSI6IjExMTg1IiwiaWRQYXJ0aWRvIjoiMTQwMjY1IiwicGVzdGFuYSI6IjEifQ==/minuto-a-minuto-puebla-fc-vs-rayados-de-monterrey-jornada-1-estadio-cuauhtemoc', 'text': ''}","{'type': 'link', 'href': 'https://www.ligafemenil.mx/cancha/mxm/140265/eyJpZERpdmlzaW9uIjoiMTQiLCJpZFRlbXBvcmFkYSI6Ijc1IiwiaWRUb3JuZW8iOiIxIiwiaWRDbHVibG9jYWwiOiIxMTU0MyIsImlkQ2x1YnZpc2l0YSI6IjExMTg1IiwiaWRQYXJ0aWRvIjoiMTQwMjY1IiwicGVzdGFuYSI6IjMifQ==/minuto-a-minuto-puebla-fc-vs-rayados-de-monterrey-jornada-1-estadio-cuauhtemoc', 'text': ''}","{'type': 'link', 'href': 'https://www.ligafemenil.mx/cancha/informeArbitral/140265/eyJpZERpdmlzaW9uIjoiMTQiLCJpZFRlbXBvcmFkYSI6Ijc1IiwiaWRUb3JuZW8iOiIxIiwiaWRDbHVibG9jYWwiOiIxMTU0MyIsImlkQ2x1YnZpc2l0YSI6IjExMTg1In0=/informe-arbitral-puebla-fc-vs-rayados-de-monterrey-jornada-1-estadio-cuauhtemoc', 'text': ''}","{'type': 'link', 'href': 'https://www.ligafemenil.mx/cancha/mxm/140265/eyJpZERpdmlzaW9uIjoiMTQiLCJpZFRlbXBvcmFkYSI6Ijc1IiwiaWRUb3JuZW8iOiIxIiwiaWRDbHVibG9jYWwiOiIxMTU0MyIsImlkQ2x1YnZpc2l0YSI6IjExMTg1IiwiaWRQYXJ0aWRvIjoiMTQwMjY1IiwicGVzdGFuYSI6IjQifQ==/minuto-a-minuto-puebla-fc-vs-rayados-de-monterrey-jornada-1-estadio-cuauhtemoc', 'text': ''}","{'type': 'link', 'href': 'https://www.ligafemenil.mx/cancha/galeria/MTQwMjY1LzEvNzUvMS8xNA==/puebla-fc-vs-rayados-de-monterrey', 'text': ''}","{'type': 'link', 'href': 'https://www.ligafemenil.mx/cancha/playlist/140265/puebla-fc-vs-rayados-de-monterrey', 'text': ''}"
2024-2025,Apertura,"{'type': 'text', 'value': 'Domingo 7 de Julio de 2024\nTemporada 2024-2025\nTorneo Apertura\nJornada 1\n7 Julio 2024 - 12:00 hrs.'}","{'type': 'link', 'href': 'https://www.ligafemenil.mx/cancha/club/11181/cruz-azul', 'text': ''}","{'type': 'link', 'href': 'https://www.ligafemenil.mx/cancha/informeArbitral/140263/eyJpZERpdmlzaW9uIjoiMTQiLCJpZFRlbXBvcmFkYSI6Ijc1IiwiaWRUb3JuZW8iOiIxIiwiaWRDbHVibG9jYWwiOjExMTgxLCJpZENsdWJ2aXNpdGEiOjExMTkxfQ==/informe-arbitral-cruz-azul-vs-america-jornada-1-estadio-instalaciones-la-noria-vix', 'text': '2 - 1'}","{'type': 'link', 'href': 'https://www.ligafemenil.mx/cancha/club/11191/america', 'text': ''}","{'type': 'link', 'href': 'https://www.ligafemenil.mx/cancha/estadio/877/estadio-instalaciones-la-noria', 'text': 'INSTALACIONES LA NORIA'}","{'type': 'link', 'href': 'https://www.ligafemenil.mx/cancha/mxm/140263/eyJpZERpdmlzaW9uIjoiMTQiLCJpZFRlbXBvcmFkYSI6Ijc1IiwiaWRUb3JuZW8iOiIxIiwiaWRDbHVibG9jYWwiOiIxMTE4MSIsImlkQ2x1YnZpc2l0YSI6IjExMTkxIiwiaWRQYXJ0aWRvIjoiMTQwMjYzIiwicGVzdGFuYSI6IjEifQ==/minuto-a-minuto-cruz-azul-vs-america-jornada-1-estadio-instalaciones-la-noria-vix', 'text': ''}","{'type': 'link', 'href': 'https://www.ligafemenil.mx/cancha/mxm/140263/eyJpZERpdmlzaW9uIjoiMTQiLCJpZFRlbXBvcmFkYSI6Ijc1IiwiaWRUb3JuZW8iOiIxIiwiaWRDbHVibG9jYWwiOiIxMTE4MSIsImlkQ2x1YnZpc2l0YSI6IjExMTkxIiwiaWRQYXJ0aWRvIjoiMTQwMjYzIiwicGVzdGFuYSI6IjMifQ==/minuto-a-minuto-cruz-azul-vs-america-jornada-1-estadio-instalaciones-la-noria-vix', 'text': ''}","{'type': 'link', 'href': 'https://www.ligafemenil.mx/cancha/informeArbitral/140263/eyJpZERpdmlzaW9uIjoiMTQiLCJpZFRlbXBvcmFkYSI6Ijc1IiwiaWRUb3JuZW8iOiIxIiwiaWRDbHVibG9jYWwiOiIxMTE4MSIsImlkQ2x1YnZpc2l0YSI6IjExMTkxIn0=/informe-arbitral-cruz-azul-vs-america-jornada-1-estadio-instalaciones-la-noria-vix', 'text': ''}","{'type': 'link', 'href': 'https://www.ligafemenil.mx/cancha/mxm/140263/eyJpZERpdmlzaW9uIjoiMTQiLCJpZFRlbXBvcmFkYSI6Ijc1IiwiaWRUb3JuZW8iOiIxIiwiaWRDbHVibG9jYWwiOiIxMTE4MSIsImlkQ2x1YnZpc2l0YSI6IjExMTkxIiwiaWRQYXJ0aWRvIjoiMTQwMjYzIiwicGVzdGFuYSI6IjQifQ==/minuto-a-minuto-cruz-azul-vs-america-jornada-1-estadio-instalaciones-la-noria-vix', 'text': ''}","{'type': 'link', 'href': 'https://www.ligafemenil.mx/cancha/galeria/MTQwMjYzLzEvNzUvMS8xNA==/cruz-azul-vs-america', 'text': ''}","{'type': 'link', 'href': 'https://www.ligafemenil.mx/cancha/playlist/140263/cruz-azul-vs-america', 'text': ''}"
2024-2025,Apertura,"{'type': 'text', 'value': 'Domingo 7 de Julio de 2024\nTemporada 2024-2025\nTorneo Apertura\nJornada 1\n7 Julio 2024 - 17:00 hrs.'}","{'type': 'link', 'href': 'https://www.ligafemenil.mx/cancha/club/12042/gallos-blancos-de-queretaro', 'text': ''}","{'type': 'link', 'href': 'https://www.ligafemenil.mx/cancha/informeArbitral/140266/eyJpZERpdmlzaW9uIjoiMTQiLCJpZFRlbXBvcmFkYSI6Ijc1IiwiaWRUb3JuZW8iOiIxIiwiaWRDbHVibG9jYWwiOjEyMDQyLCJpZENsdWJ2aXNpdGEiOjExMTgwfQ==/informe-arbitral-gallos-blancos-de-queretaro-vs-tijuana-jornada-1-estadio-olimpico-alameda-caliente-tv', 'text': '1 - 0'}","{'type': 'link', 'href': 'https://www.ligafemenil.mx/cancha/club/11180/tijuana', 'text': ''}","{'type': 'link', 'href': 'https://www.ligafemenil.mx/cancha/estadio/1741/estadio-olimpico-alameda', 'text': 'Estadio Olímpico Alameda'}","{'type': 'link', 'href': 'https://www.ligafemenil.mx/cancha/mxm/140266/eyJpZERpdmlzaW9uIjoiMTQiLCJpZFRlbXBvcmFkYSI6Ijc1IiwiaWRUb3JuZW8iOiIxIiwiaWRDbHVibG9jYWwiOiIxMjA0MiIsImlkQ2x1YnZpc2l0YSI6IjExMTgwIiwiaWRQYXJ0aWRvIjoiMTQwMjY2IiwicGVzdGFuYSI6IjEifQ==/minuto-a-minuto-gallos-blancos-de-queretaro-vs-tijuana-jornada-1-estadio-olimpico-alameda-caliente-tv', 'text': ''}","{'type': 'link', 'href': 'https://www.ligafemenil.mx/cancha/mxm/140266/eyJpZERpdmlzaW9uIjoiMTQiLCJpZFRlbXBvcmFkYSI6Ijc1IiwiaWRUb3JuZW8iOiIxIiwiaWRDbHVibG9jYWwiOiIxMjA0MiIsImlkQ2x1YnZpc2l0YSI6IjExMTgwIiwiaWRQYXJ0aWRvIjoiMTQwMjY2IiwicGVzdGFuYSI6IjMifQ==/minuto-a-minuto-gallos-blancos-de-queretaro-vs-tijuana-jornada-1-estadio-olimpico-alameda-caliente-tv', 'text': ''}","{'type': 'link', 'href': 'https://www.ligafemenil.mx/cancha/informeArbitral/140266/eyJpZERpdmlzaW9uIjoiMTQiLCJpZFRlbXBvcmFkYSI6Ijc1IiwiaWRUb3JuZW8iOiIxIiwiaWRDbHVibG9jYWwiOiIxMjA0MiIsImlkQ2x1YnZpc2l0YSI6IjExMTgwIn0=/informe-arbitral-gallos-blancos-de-queretaro-vs-tijuana-jornada-1-estadio-olimpico-alameda-caliente-tv', 'text': ''}","{'type': 'link', 'href': 'https://www.ligafemenil.mx/cancha/mxm/140266/eyJpZERpdmlzaW9uIjoiMTQiLCJpZFRlbXBvcmFkYSI6Ijc1IiwiaWRUb3JuZW8iOiIxIiwiaWRDbHVibG9jYWwiOiIxMjA0MiIsImlkQ2x1YnZpc2l0YSI6IjExMTgwIiwiaWRQYXJ0aWRvIjoiMTQwMjY2IiwicGVzdGFuYSI6IjQifQ==/minuto-a-minuto-gallos-blancos-de-queretaro-vs-tijuana-jornada-1-estadio-olimpico-alameda-caliente-tv', 'text': ''}","{'type': 'link', 'href': 'https://www.ligafemenil.mx/cancha/galeria/MTQwMjY2LzEvNzUvMS8xNA==/gallos-blancos-de-queretaro-vs-tijuana', 'text': ''}","{'type': 'link', 'href': 'https://www.ligafemenil.mx/cancha/playlist/140266/gallos-blancos-de-queretaro-vs-tijuana', 'text': ''}"
2024-2025,Apertura,"{'type': 'text', 'value': 'Domingo 7 de Julio de 2024\nTemporada 2024-2025\nTorneo Apertura\nJornada 1\n7 Julio 2024 - 17:00 hrs.'}","{'type': 'link', 'href': 'https://www.ligafemenil.mx/cancha/club/11778/club-atletico-de-san-luis', 'text': ''}","{'type': 'link', 'href': 'https://www.ligafemenil.mx/cancha/informeArbitral/140267/eyJpZERpdmlzaW9uIjoiMTQiLCJpZFRlbXBvcmFkYSI6Ijc1IiwiaWRUb3JuZW8iOiIxIiwiaWRDbHVibG9jYWwiOjExNzc4LCJpZENsdWJ2aXNpdGEiOjEyMDUxfQ==/informe-arbitral-club-atletico-de-san-luis-vs-mazatlan-fc-jornada-1-estadio-alfonso-lastras-ramirez-espn', 'text': '1 - 0'}","{'type': 'link', 'href': 'https://www.ligafemenil.mx/cancha/club/12051/mazatlan-fc', 'text': ''}","{'type': 'link', 'href': 'https://www.ligafemenil.mx/cancha/estadio/14/estadio-alfonso-lastras-ramirez', 'text': 'Alfonso Lastras Ramírez'}","{'type': 'link', 'href': 'https://www.ligafemenil.mx/cancha/mxm/140267/eyJpZERpdmlzaW9uIjoiMTQiLCJpZFRlbXBvcmFkYSI6Ijc1IiwiaWRUb3JuZW8iOiIxIiwiaWRDbHVibG9jYWwiOiIxMTc3OCIsImlkQ2x1YnZpc2l0YSI6IjEyMDUxIiwiaWRQYXJ0aWRvIjoiMTQwMjY3IiwicGVzdGFuYSI6IjEifQ==/minuto-a-minuto-club-atletico-de-san-luis-vs-mazatlan-fc-jornada-1-estadio-alfonso-lastras-ramirez-espn', 'text': ''}","{'type': 'link', 'href': 'https://www.ligafemenil.mx/cancha/mxm/140267/eyJpZERpdmlzaW9uIjoiMTQiLCJpZFRlbXBvcmFkYSI6Ijc1IiwiaWRUb3JuZW8iOiIxIiwiaWRDbHVibG9jYWwiOiIxMTc3OCIsImlkQ2x1YnZpc2l0YSI6IjEyMDUxIiwiaWRQYXJ0aWRvIjoiMTQwMjY3IiwicGVzdGFuYSI6IjMifQ==/minuto-a-minuto-club-atletico-de-san-luis-vs-mazatlan-fc-jornada-1-estadio-alfonso-lastras-ramirez-espn', 'text': ''}","{'type': 'link', 'href': 'https://www.ligafemenil.mx/cancha/informeArbitral/140267/eyJpZERpdmlzaW9uIjoiMTQiLCJpZFRlbXBvcmFkYSI6Ijc1IiwiaWRUb3JuZW8iOiIxIiwiaWRDbHVibG9jYWwiOiIxMTc3OCIsImlkQ2x1YnZpc2l0YSI6IjEyMDUxIn0=/informe-arbitral-club-atletico-de-san-luis-vs-mazatlan-fc-jornada-1-estadio-alfonso-lastras-ramirez-espn', 'text': ''}","{'type': 'link', 'href': 'https://www.ligafemenil.mx/cancha/mxm/140267/eyJpZERpdmlzaW9uIjoiMTQiLCJpZFRlbXBvcmFkYSI6Ijc1IiwiaWRUb3JuZW8iOiIxIiwiaWRDbHVibG9jYWwiOiIxMTc3OCIsImlkQ2x1YnZpc2l0YSI6IjEyMDUxIiwiaWRQYXJ0aWRvIjoiMTQwMjY3IiwicGVzdGFuYSI6IjQifQ==/minuto-a-minuto-club-atletico-de-san-luis-vs-mazatlan-fc-jornada-1-estadio-alfonso-lastras-ramirez-espn', 'text': ''}","{'type': 'link', 'href': 'https://www.ligafemenil.mx/cancha/galeria/MTQwMjY3LzEvNzUvMS8xNA==/club-atletico-de-san-luis-vs-mazatlan-fc', 'text': ''}","{'type': 'link', 'href': 'https://www.ligafemenil.mx/cancha/playlist/140267/club-atletico-de-san-luis-vs-mazatlan-fc', 'text': ''}"
2024-2025,Apertura,"{'type': 'text', 'value': 'Domingo 7 de Julio de 2024\nTemporada 2024-2025\nTorneo Apertura\nJornada 1\n7 Julio 2024 - 19:00 hrs.'}","{'type': 'link', 'href': 'https://www.ligafemenil.mx/cancha/club/11245/atlas', 'text': ''}","{'type': 'link', 'href': 'https://www.ligafemenil.mx/cancha/informeArbitral/140268/eyJpZERpdmlzaW9uIjoiMTQiLCJpZFRlbXBvcmFkYSI6Ijc1IiwiaWRUb3JuZW8iOiIxIiwiaWRDbHVibG9jYWwiOjExMjQ1LCJpZENsdWJ2aXNpdGEiOjExMTg2fQ==/informe-arbitral-atlas-vs-tigres-de-la-uanl-jornada-1-estadio-jalisco', 'text': '1 - 3'}","{'type': 'link', 'href': 'https://www.ligafemenil.mx/cancha/club/11186/tigres-de-la-uanl', 'text': ''}","{'type': 'link', 'href': 'https://www.ligafemenil.mx/cancha/estadio/5/estadio-jalisco', 'text': 'Jalisco'}","{'type': 'link', 'href': 'https://www.ligafemenil.mx/cancha/mxm/140268/eyJpZERpdmlzaW9uIjoiMTQiLCJpZFRlbXBvcmFkYSI6Ijc1IiwiaWRUb3JuZW8iOiIxIiwiaWRDbHVibG9jYWwiOiIxMTI0NSIsImlkQ2x1YnZpc2l0YSI6IjExMTg2IiwiaWRQYXJ0aWRvIjoiMTQwMjY4IiwicGVzdGFuYSI6IjEifQ==/minuto-a-minuto-atlas-vs-tigres-de-la-uanl-jornada-1-estadio-jalisco', 'text': ''}","{'type': 'link', 'href': 'https://www.ligafemenil.mx/cancha/mxm/140268/eyJpZERpdmlzaW9uIjoiMTQiLCJpZFRlbXBvcmFkYSI6Ijc1IiwiaWRUb3JuZW8iOiIxIiwiaWRDbHVibG9jYWwiOiIxMTI0NSIsImlkQ2x1YnZpc2l0YSI6IjExMTg2IiwiaWRQYXJ0aWRvIjoiMTQwMjY4IiwicGVzdGFuYSI6IjMifQ==/minuto-a-minuto-atlas-vs-tigres-de-la-uanl-jornada-1-estadio-jalisco', 'text': ''}","{'type': 'link', 'href': 'https://www.ligafemenil.mx/cancha/informeArbitral/140268/eyJpZERpdmlzaW9uIjoiMTQiLCJpZFRlbXBvcmFkYSI6Ijc1IiwiaWRUb3JuZW8iOiIxIiwiaWRDbHVibG9jYWwiOiIxMTI0NSIsImlkQ2x1YnZpc2l0YSI6IjExMTg2In0=/informe-arbitral-atlas-vs-tigres-de-la-uanl-jornada-1-estadio-jalisco', 'text': ''}","{'type': 'link', 'href': 'https://www.ligafemenil.mx/cancha/mxm/140268/eyJpZERpdmlzaW9uIjoiMTQiLCJpZFRlbXBvcmFkYSI6Ijc1IiwiaWRUb3JuZW8iOiIxIiwiaWRDbHVibG9jYWwiOiIxMTI0NSIsImlkQ2x1YnZpc2l0YSI6IjExMTg2IiwiaWRQYXJ0aWRvIjoiMTQwMjY4IiwicGVzdGFuYSI6IjQifQ==/minuto-a-minuto-atlas-vs-tigres-de-la-uanl-jornada-1-estadio-jalisco', 'text': ''}","{'type': 'link', 'href': 'https://www.ligafemenil.mx/cancha/galeria/MTQwMjY4LzEvNzUvMS8xNA==/atlas-vs-tigres-de-la-uanl', 'text': ''}","{'type': 'link', 'href': 'https://www.ligafemenil.mx/cancha/playlist/140268/atlas-vs-tigres-de-la-uanl', 'text': ''}"
2024-2025,Apertura,"{'type': 'text', 'value': 'Viernes 19 de Julio de 2024\nTemporada 2024-2025\nTorneo Apertura\nJornada 2\n19 Julio 2024 - 17:00 hrs.'}","{'type': 'link', 'href': 'https://www.ligafemenil.mx/cancha/club/11187/toluca', 'text': ''}","{'type': 'link', 'href': 'https://www.ligafemenil.mx/cancha/informeArbitral/140269/eyJpZERpdmlzaW9uIjoiMTQiLCJpZFRlbXBvcmFkYSI6Ijc1IiwiaWRUb3JuZW8iOiIxIiwiaWRDbHVibG9jYWwiOjExMTg3LCJpZENsdWJ2aXNpdGEiOjExMTg4fQ==/informe-arbitral-toluca-vs-pumas-jornada-2-estadio-nemesio-diez-vix', 'text': '1 - 2'}","{'type': 'link', 'href': 'https://www.ligafemenil.mx/cancha/club/11188/pumas', 'text': ''}","{'type': 'link', 'href': 'https://www.ligafemenil.mx/cancha/estadio/6/estadio-nemesio-diez', 'text': 'Nemesio Diez'}","{'type': 'link', 'href': 'https://www.ligafemenil.mx/cancha/mxm/140269/eyJpZERpdmlzaW9uIjoiMTQiLCJpZFRlbXBvcmFkYSI6Ijc1IiwiaWRUb3JuZW8iOiIxIiwiaWRDbHVibG9jYWwiOiIxMTE4NyIsImlkQ2x1YnZpc2l0YSI6IjExMTg4IiwiaWRQYXJ0aWRvIjoiMTQwMjY5IiwicGVzdGFuYSI6IjEifQ==/minuto-a-minuto-toluca-vs-pumas-jornada-2-estadio-nemesio-diez-vix', 'text': ''}","{'type': 'link', 'href': 'https://www.ligafemenil.mx/cancha/mxm/140269/eyJpZERpdmlzaW9uIjoiMTQiLCJpZFRlbXBvcmFkYSI6Ijc1IiwiaWRUb3JuZW8iOiIxIiwiaWRDbHVibG9jYWwiOiIxMTE4NyIsImlkQ2x1YnZpc2l0YSI6IjExMTg4IiwiaWRQYXJ0aWRvIjoiMTQwMjY5IiwicGVzdGFuYSI6IjMifQ==/minuto-a-minuto-toluca-vs-pumas-jornada-2-estadio-nemesio-diez-vix', 'text': ''}","{'type': 'link', 'href': 'https://www.ligafemenil.mx/cancha/informeArbitral/140269/eyJpZERpdmlzaW9uIjoiMTQiLCJpZFRlbXBvcmFkYSI6Ijc1IiwiaWRUb3JuZW8iOiIxIiwiaWRDbHVibG9jYWwiOiIxMTE4NyIsImlkQ2x1YnZpc2l0YSI6IjExMTg4In0=/informe-arbitral-toluca-vs-pumas-jornada-2-estadio-nemesio-diez-vix', 'text': ''}","{'type': 'link', 'href': 'https://www.ligafemenil.mx/cancha/mxm/140269/eyJpZERpdmlzaW9uIjoiMTQiLCJpZFRlbXBvcmFkYSI6Ijc1IiwiaWRUb3JuZW8iOiIxIiwiaWRDbHVibG9jYWwiOiIxMTE4NyIsImlkQ2x1YnZpc2l0YSI6IjExMTg4IiwiaWRQYXJ0aWRvIjoiMTQwMjY5IiwicGVzdGFuYSI6IjQifQ==/minuto-a-minuto-toluca-vs-pumas-jornada-2-estadio-nemesio-diez-vix', 'text': ''}","{'type': 'link', 'href': 'https://www.ligafemenil.mx/cancha/galeria/MTQwMjY5LzIvNzUvMS8xNA==/toluca-vs-pumas', 'text': ''}","{'type': 'link', 'href': 'https://www.ligafemenil.mx/cancha/playlist/140269/toluca-vs-pumas', 'text': ''}"
2024-2025,Apertura,"{'type': 'text', 'value': 'Viernes 19 de Julio de 2024\nTemporada 2024-2025\nTorneo Apertura\nJornada 15\n19 Julio 2024 - 17:00 hrs.'}","{'type': 'link', 'href': 'https://www.ligafemenil.mx/cancha/club/11243/leon', 'text': ''}","{'type': 'link', 'href': 'https://www.ligafemenil.mx/cancha/informeArbitral/140400/eyJpZERpdmlzaW9uIjoiMTQiLCJpZFRlbXBvcmFkYSI6Ijc1IiwiaWRUb3JuZW8iOiIxIiwiaWRDbHVibG9jYWwiOjExMjQzLCJpZENsdWJ2aXNpdGEiOjExNzk1fQ==/informe-arbitral-leon-vs-fc-juarez-jornada-15-estadio-nou-camp-fox-sports', 'text': '1 - 0'}","{'type': 'link', 'href': 'https://www.ligafemenil.mx/cancha/club/11795/fc-juarez', 'text': ''}","{'type': 'link', 'href': 'https://www.ligafemenil.mx/cancha/estadio/23/estadio-nou-camp', 'text': 'Nou Camp'}","{'type': 'link', 'href': 'https://www.ligafemenil.mx/cancha/mxm/140400/eyJpZERpdmlzaW9uIjoiMTQiLCJpZFRlbXBvcmFkYSI6Ijc1IiwiaWRUb3JuZW8iOiIxIiwiaWRDbHVibG9jYWwiOiIxMTI0MyIsImlkQ2x1YnZpc2l0YSI6IjExNzk1IiwiaWRQYXJ0aWRvIjoiMTQwNDAwIiwicGVzdGFuYSI6IjEifQ==/minuto-a-minuto-leon-vs-fc-juarez-jornada-15-estadio-nou-camp-fox-sports', 'text': ''}","{'type': 'link', 'href': 'https://www.ligafemenil.mx/cancha/mxm/140400/eyJpZERpdmlzaW9uIjoiMTQiLCJpZFRlbXBvcmFkYSI6Ijc1IiwiaWRUb3JuZW8iOiIxIiwiaWRDbHVibG9jYWwiOiIxMTI0MyIsImlkQ2x1YnZpc2l0YSI6IjExNzk1IiwiaWRQYXJ0aWRvIjoiMTQwNDAwIiwicGVzdGFuYSI6IjMifQ==/minuto-a-minuto-leon-vs-fc-juarez-jornada-15-estadio-nou-camp-fox-sports', 'text': ''}","{'type': 'link', 'href': 'https://www.ligafemenil.mx/cancha/informeArbitral/140400/eyJpZERpdmlzaW9uIjoiMTQiLCJpZFRlbXBvcmFkYSI6Ijc1IiwiaWRUb3JuZW8iOiIxIiwiaWRDbHVibG9jYWwiOiIxMTI0MyIsImlkQ2x1YnZpc2l0YSI6IjExNzk1In0=/informe-arbitral-leon-vs-fc-juarez-jornada-15-estadio-nou-camp-fox-sports', 'text': ''}","{'type': 'link', 'href': 'https://www.ligafemenil.mx/cancha/mxm/140400/eyJpZERpdmlzaW9uIjoiMTQiLCJpZFRlbXBvcmFkYSI6Ijc1IiwiaWRUb3JuZW8iOiIxIiwiaWRDbHVibG9jYWwiOiIxMTI0MyIsImlkQ2x1YnZpc2l0YSI6IjExNzk1IiwiaWRQYXJ0aWRvIjoiMTQwNDAwIiwicGVzdGFuYSI6IjQifQ==/minuto-a-minuto-leon-vs-fc-juarez-jornada-15-estadio-nou-camp-fox-sports', 'text': ''}","{'type': 'link', 'href': 'https://www.ligafemenil.mx/cancha/galeria/MTQwNDAwLzE1Lzc1LzEvMTQ=/leon-vs-fc-juarez', 'text': ''}","{'type': 'link', 'href': 'https://www.ligafemenil.mx/cancha/playlist/140400/leon-vs-fc-juarez', 'text': ''}"
2024-2025,Apertura,"{'type': 'text', 'value': 'Viernes 19 de Julio de 2024\nTemporada 2024-2025\nTorneo Apertura\nJornada 2\n19 Julio 2024 - 19:00 hrs.'}","{'type': 'link', 'href': 'https://www.ligafemenil.mx/cancha/club/11192/santos-laguna', 'text': ''}","{'type': 'link', 'href': 'https://www.ligafemenil.mx/cancha/informeArbitral/140270/eyJpZERpdmlzaW9uIjoiMTQiLCJpZFRlbXBvcmFkYSI6Ijc1IiwiaWRUb3JuZW8iOiIxIiwiaWRDbHVibG9jYWwiOjExMTkyLCJpZENsdWJ2aXNpdGEiOjExNzc4fQ==/informe-arbitral-santos-laguna-vs-club-atletico-de-san-luis-jornada-2-estadio-tsm-corona', 'text': '0 - 0'}","{'type': 'link', 'href': 'https://www.ligafemenil.mx/cancha/club/11778/club-atletico-de-san-luis', 'text': ''}","{'type': 'link', 'href': 'https://www.ligafemenil.mx/cancha/estadio/63/estadio-tsm-corona', 'text': 'TSM Corona'}","{'type': 'link', 'href': 'https://www.ligafemenil.mx/cancha/mxm/140270/eyJpZERpdmlzaW9uIjoiMTQiLCJpZFRlbXBvcmFkYSI6Ijc1IiwiaWRUb3JuZW8iOiIxIiwiaWRDbHVibG9jYWwiOiIxMTE5MiIsImlkQ2x1YnZpc2l0YSI6IjExNzc4IiwiaWRQYXJ0aWRvIjoiMTQwMjcwIiwicGVzdGFuYSI6IjEifQ==/minuto-a-minuto-santos-laguna-vs-club-atletico-de-san-luis-jornada-2-estadio-tsm-corona', 'text': ''}","{'type': 'link', 'href': 'https://www.ligafemenil.mx/cancha/mxm/140270/eyJpZERpdmlzaW9uIjoiMTQiLCJpZFRlbXBvcmFkYSI6Ijc1IiwiaWRUb3JuZW8iOiIxIiwiaWRDbHVibG9jYWwiOiIxMTE5MiIsImlkQ2x1YnZpc2l0YSI6IjExNzc4IiwiaWRQYXJ0aWRvIjoiMTQwMjcwIiwicGVzdGFuYSI6IjMifQ==/minuto-a-minuto-santos-laguna-vs-club-atletico-de-san-luis-jornada-2-estadio-tsm-corona', 'text': ''}","{'type': 'link', 'href': 'https://www.ligafemenil.mx/cancha/informeArbitral/140270/eyJpZERpdmlzaW9uIjoiMTQiLCJpZFRlbXBvcmFkYSI6Ijc1IiwiaWRUb3JuZW8iOiIxIiwiaWRDbHVibG9jYWwiOiIxMTE5MiIsImlkQ2x1YnZpc2l0YSI6IjExNzc4In0=/informe-arbitral-santos-laguna-vs-club-atletico-de-san-luis-jornada-2-estadio-tsm-corona', 'text': ''}","{'type': 'link', 'href': 'https://www.ligafemenil.mx/cancha/mxm/140270/eyJpZERpdmlzaW9uIjoiMTQiLCJpZFRlbXBvcmFkYSI6Ijc1IiwiaWRUb3JuZW8iOiIxIiwiaWRDbHVibG9jYWwiOiIxMTE5MiIsImlkQ2x1YnZpc2l0YSI6IjExNzc4IiwiaWRQYXJ0aWRvIjoiMTQwMjcwIiwicGVzdGFuYSI6IjQifQ==/minuto-a-minuto-santos-laguna-vs-club-atletico-de-san-luis-jornada-2-estadio-tsm-corona', 'text': ''}","{'type': 'link', 'href': 'https://www.ligafemenil.mx/cancha/galeria/MTQwMjcwLzIvNzUvMS8xNA==/santos-laguna-vs-club-atletico-de-san-luis', 'text': ''}","{'type': 'link', 'href': 'https://www.ligafemenil.mx/cancha/playlist/140270/santos-laguna-vs-club-atletico-de-san-luis', 'text': ''}"
2024-2025,Apertura,"{'type': 'text', 'value': 'Sábado 20 de Julio de 2024\nTemporada 2024-2025\nTorneo Apertura\nJornada 2\n20 Julio 2024 - 18:00 hrs.'}","{'type': 'link', 'href': 'https://www.ligafemenil.mx/cancha/club/12051/mazatlan-fc', 'text': ''}","{'type': 'link', 'href': 'https://www.ligafemenil.mx/cancha/informeArbitral/140271/eyJpZERpdmlzaW9uIjoiMTQiLCJpZFRlbXBvcmFkYSI6Ijc1IiwiaWRUb3JuZW8iOiIxIiwiaWRDbHVibG9jYWwiOjEyMDUxLCJpZENsdWJ2aXNpdGEiOjExMTgxfQ==/informe-arbitral-mazatlan-fc-vs-cruz-azul-jornada-2-estadio-el-encanto-fox-sports', 'text': '1 - 5'}","{'type': 'link', 'href': 'https://www.ligafemenil.mx/cancha/club/11181/cruz-azul', 'text': ''}","{'type': 'link', 'href': 'https://www.ligafemenil.mx/cancha/estadio/1931/estadio-el-encanto', 'text': 'El Encanto'}","{'type': 'link', 'href': 'https://www.ligafemenil.mx/cancha/mxm/140271/eyJpZERpdmlzaW9uIjoiMTQiLCJpZFRlbXBvcmFkYSI6Ijc1IiwiaWRUb3JuZW8iOiIxIiwiaWRDbHVibG9jYWwiOiIxMjA1MSIsImlkQ2x1YnZpc2l0YSI6IjExMTgxIiwiaWRQYXJ0aWRvIjoiMTQwMjcxIiwicGVzdGFuYSI6IjEifQ==/minuto-a-minuto-mazatlan-fc-vs-cruz-azul-jornada-2-estadio-el-encanto-fox-sports', 'text': ''}","{'type': 'link', 'href': 'https://www.ligafemenil.mx/cancha/mxm/140271/eyJpZERpdmlzaW9uIjoiMTQiLCJpZFRlbXBvcmFkYSI6Ijc1IiwiaWRUb3JuZW8iOiIxIiwiaWRDbHVibG9jYWwiOiIxMjA1MSIsImlkQ2x1YnZpc2l0YSI6IjExMTgxIiwiaWRQYXJ0aWRvIjoiMTQwMjcxIiwicGVzdGFuYSI6IjMifQ==/minuto-a-minuto-mazatlan-fc-vs-cruz-azul-jornada-2-estadio-el-encanto-fox-sports', 'text': ''}","{'type': 'link', 'href': 'https://www.ligafemenil.mx/cancha/informeArbitral/140271/eyJpZERpdmlzaW9uIjoiMTQiLCJpZFRlbXBvcmFkYSI6Ijc1IiwiaWRUb3JuZW8iOiIxIiwiaWRDbHVibG9jYWwiOiIxMjA1MSIsImlkQ2x1YnZpc2l0YSI6IjExMTgxIn0=/informe-arbitral-mazatlan-fc-vs-cruz-azul-jornada-2-estadio-el-encanto-fox-sports', 'text': ''}","{'type': 'link', 'href': 'https://www.ligafemenil.mx/cancha/mxm/140271/eyJpZERpdmlzaW9uIjoiMTQiLCJpZFRlbXBvcmFkYSI6Ijc1IiwiaWRUb3JuZW8iOiIxIiwiaWRDbHVibG9jYWwiOiIxMjA1MSIsImlkQ2x1YnZpc2l0YSI6IjExMTgxIiwiaWRQYXJ0aWRvIjoiMTQwMjcxIiwicGVzdGFuYSI6IjQifQ==/minuto-a-minuto-mazatlan-fc-vs-cruz-azul-jornada-2-estadio-el-encanto-fox-sports', 'text': ''}","{'type': 'link', 'href': 'https://www.ligafemenil.mx/cancha/galeria/MTQwMjcxLzIvNzUvMS8xNA==/mazatlan-fc-vs-cruz-azul', 'text': ''}","{'type': 'link', 'href': 'https://www.ligafemenil.mx/cancha/playlist/140271/mazatlan-fc-vs-cruz-azul', 'text': ''}"
2024-2025,Apertura,"{'type': 'text', 'value': 'Lunes 22 de Julio de 2024\nTemporada 2024-2025\nTorneo Apertura\nJornada 2\n22 Julio 2024 - 19:00 hrs.'}","{'type': 'link', 'href': 'https://www.ligafemenil.mx/cancha/club/11186/tigres-de-la-uanl', 'text': ''}","{'type': 'link', 'href': 'https://www.ligafemenil.mx/cancha/informeArbitral/140272/eyJpZERpdmlzaW9uIjoiMTQiLCJpZFRlbXBvcmFkYSI6Ijc1IiwiaWRUb3JuZW8iOiIxIiwiaWRDbHVibG9jYWwiOjExMTg2LCJpZENsdWJ2aXNpdGEiOjExNTQzfQ==/informe-arbitral-tigres-de-la-uanl-vs-puebla-fc-jornada-2-estadio-universitario-fox-sports', 'text': '3 - 0'}","{'type': 'link', 'href': 'https://www.ligafemenil.mx/cancha/club/11543/puebla-fc', 'text': ''}","{'type': 'link', 'href': 'https://www.ligafemenil.mx/cancha/estadio/12/estadio-universitario', 'text': 'Universitario'}","{'type': 'link', 'href': 'https://www.ligafemenil.mx/cancha/mxm/140272/eyJpZERpdmlzaW9uIjoiMTQiLCJpZFRlbXBvcmFkYSI6Ijc1IiwiaWRUb3JuZW8iOiIxIiwiaWRDbHVibG9jYWwiOiIxMTE4NiIsImlkQ2x1YnZpc2l0YSI6IjExNTQzIiwiaWRQYXJ0aWRvIjoiMTQwMjcyIiwicGVzdGFuYSI6IjEifQ==/minuto-a-minuto-tigres-de-la-uanl-vs-puebla-fc-jornada-2-estadio-universitario-fox-sports', 'text': ''}","{'type': 'link', 'href': 'https://www.ligafemenil.mx/cancha/mxm/140272/eyJpZERpdmlzaW9uIjoiMTQiLCJpZFRlbXBvcmFkYSI6Ijc1IiwiaWRUb3JuZW8iOiIxIiwiaWRDbHVibG9jYWwiOiIxMTE4NiIsImlkQ2x1YnZpc2l0YSI6IjExNTQzIiwiaWRQYXJ0aWRvIjoiMTQwMjcyIiwicGVzdGFuYSI6IjMifQ==/minuto-a-minuto-tigres-de-la-uanl-vs-puebla-fc-jornada-2-estadio-universitario-fox-sports', 'text': ''}","{'type': 'link', 'href': 'https://www.ligafemenil.mx/cancha/informeArbitral/140272/eyJpZERpdmlzaW9uIjoiMTQiLCJpZFRlbXBvcmFkYSI6Ijc1IiwiaWRUb3JuZW8iOiIxIiwiaWRDbHVibG9jYWwiOiIxMTE4NiIsImlkQ2x1YnZpc2l0YSI6IjExNTQzIn0=/informe-arbitral-tigres-de-la-uanl-vs-puebla-fc-jornada-2-estadio-universitario-fox-sports', 'text': ''}","{'type': 'link', 'href': 'https://www.ligafemenil.mx/cancha/mxm/140272/eyJpZERpdmlzaW9uIjoiMTQiLCJpZFRlbXBvcmFkYSI6Ijc1IiwiaWRUb3JuZW8iOiIxIiwiaWRDbHVibG9jYWwiOiIxMTE4NiIsImlkQ2x1YnZpc2l0YSI6IjExNTQzIiwiaWRQYXJ0aWRvIjoiMTQwMjcyIiwicGVzdGFuYSI6IjQifQ==/minuto-a-minuto-tigres-de-la-uanl-vs-puebla-fc-jornada-2-estadio-universitario-fox-sports', 'text': ''}","{'type': 'link', 'href': 'https://www.ligafemenil.mx/cancha/galeria/MTQwMjcyLzIvNzUvMS8xNA==/tigres-de-la-uanl-vs-puebla-fc', 'text': ''}","{'type': 'link', 'href': 'https://www.ligafemenil.mx/cancha/playlist/140272/tigres-de-la-uanl-vs-puebla-fc', 'text': ''}"
2024-2025,Apertura,"{'type': 'text', 'value': 'Lunes 22 de Julio de 2024\nTemporada 2024-2025\nTorneo Apertura\nJornada 2\n22 Julio 2024 - 21:06 hrs.'}","{'type': 'link', 'href': 'https://www.ligafemenil.mx/cancha/club/11184/pachuca', 'text': ''}","{'type': 'link', 'href': 'https://www.ligafemenil.mx/cancha/informeArbitral/140273/eyJpZERpdmlzaW9uIjoiMTQiLCJpZFRlbXBvcmFkYSI6Ijc1IiwiaWRUb3JuZW8iOiIxIiwiaWRDbHVibG9jYWwiOjExMTg0LCJpZENsdWJ2aXNpdGEiOjEyMDQyfQ==/informe-arbitral-pachuca-vs-gallos-blancos-de-queretaro-jornada-2-estadio-hidalgo-fox-sports', 'text': '3 - 1'}","{'type': 'link', 'href': 'https://www.ligafemenil.mx/cancha/club/12042/gallos-blancos-de-queretaro', 'text': ''}","{'type': 'link', 'href': 'https://www.ligafemenil.mx/cancha/estadio/11/estadio-hidalgo', 'text': 'Hidalgo'}","{'type': 'link', 'href': 'https://www.ligafemenil.mx/cancha/mxm/140273/eyJpZERpdmlzaW9uIjoiMTQiLCJpZFRlbXBvcmFkYSI6Ijc1IiwiaWRUb3JuZW8iOiIxIiwiaWRDbHVibG9jYWwiOiIxMTE4NCIsImlkQ2x1YnZpc2l0YSI6IjEyMDQyIiwiaWRQYXJ0aWRvIjoiMTQwMjczIiwicGVzdGFuYSI6IjEifQ==/minuto-a-minuto-pachuca-vs-gallos-blancos-de-queretaro-jornada-2-estadio-hidalgo-fox-sports', 'text': ''}","{'type': 'link', 'href': 'https://www.ligafemenil.mx/cancha/mxm/140273/eyJpZERpdmlzaW9uIjoiMTQiLCJpZFRlbXBvcmFkYSI6Ijc1IiwiaWRUb3JuZW8iOiIxIiwiaWRDbHVibG9jYWwiOiIxMTE4NCIsImlkQ2x1YnZpc2l0YSI6IjEyMDQyIiwiaWRQYXJ0aWRvIjoiMTQwMjczIiwicGVzdGFuYSI6IjMifQ==/minuto-a-minuto-pachuca-vs-gallos-blancos-de-queretaro-jornada-2-estadio-hidalgo-fox-sports', 'text': ''}","{'type': 'link', 'href': 'https://www.ligafemenil.mx/cancha/informeArbitral/140273/eyJpZERpdmlzaW9uIjoiMTQiLCJpZFRlbXBvcmFkYSI6Ijc1IiwiaWRUb3JuZW8iOiIxIiwiaWRDbHVibG9jYWwiOiIxMTE4NCIsImlkQ2x1YnZpc2l0YSI6IjEyMDQyIn0=/informe-arbitral-pachuca-vs-gallos-blancos-de-queretaro-jornada-2-estadio-hidalgo-fox-sports', 'text': ''}","{'type': 'link', 'href': 'https://www.ligafemenil.mx/cancha/mxm/140273/eyJpZERpdmlzaW9uIjoiMTQiLCJpZFRlbXBvcmFkYSI6Ijc1IiwiaWRUb3JuZW8iOiIxIiwiaWRDbHVibG9jYWwiOiIxMTE4NCIsImlkQ2x1YnZpc2l0YSI6IjEyMDQyIiwiaWRQYXJ0aWRvIjoiMTQwMjczIiwicGVzdGFuYSI6IjQifQ==/minuto-a-minuto-pachuca-vs-gallos-blancos-de-queretaro-jornada-2-estadio-hidalgo-fox-sports', 'text': ''}","{'type': 'link', 'href': 'https://www.ligafemenil.mx/cancha/galeria/MTQwMjczLzIvNzUvMS8xNA==/pachuca-vs-gallos-blancos-de-queretaro', 'text': ''}","{'type': 'link', 'href': 'https://www.ligafemenil.mx/cancha/playlist/140273/pachuca-vs-gallos-blancos-de-queretaro', 'text': ''}"
2024-2025,Apertura,"{'type': 'text', 'value': 'Martes 23 de Julio de 2024\nTemporada 2024-2025\nTorneo Apertura\nJornada 2\n23 Julio 2024 - 19:00 hrs.'}","{'type': 'link', 'href': 'https://www.ligafemenil.mx/cancha/club/11185/rayados-de-monterrey', 'text': ''}","{'type': 'link', 'href': 'https://www.ligafemenil.mx/cancha/informeArbitral/140274/eyJpZERpdmlzaW9uIjoiMTQiLCJpZFRlbXBvcmFkYSI6Ijc1IiwiaWRUb3JuZW8iOiIxIiwiaWRDbHVibG9jYWwiOjExMTg1LCJpZENsdWJ2aXNpdGEiOjExMjQ1fQ==/informe-arbitral-rayados-de-monterrey-vs-atlas-jornada-2-estadio-bbva-vix', 'text': '5 - 0'}","{'type': 'link', 'href': 'https://www.ligafemenil.mx/cancha/club/11245/atlas', 'text': ''}","{'type': 'link', 'href': 'https://www.ligafemenil.mx/cancha/estadio/1608/estadio-bbva', 'text': 'Estadio BBVA'}","{'type': 'link', 'href': 'https://www.ligafemenil.mx/cancha/mxm/140274/eyJpZERpdmlzaW9uIjoiMTQiLCJpZFRlbXBvcmFkYSI6Ijc1IiwiaWRUb3JuZW8iOiIxIiwiaWRDbHVibG9jYWwiOiIxMTE4NSIsImlkQ2x1YnZpc2l0YSI6IjExMjQ1IiwiaWRQYXJ0aWRvIjoiMTQwMjc0IiwicGVzdGFuYSI6IjEifQ==/minuto-a-minuto-rayados-de-monterrey-vs-atlas-jornada-2-estadio-bbva-vix', 'text': ''}","{'type': 'link', 'href': 'https://www.ligafemenil.mx/cancha/mxm/140274/eyJpZERpdmlzaW9uIjoiMTQiLCJpZFRlbXBvcmFkYSI6Ijc1IiwiaWRUb3JuZW8iOiIxIiwiaWRDbHVibG9jYWwiOiIxMTE4NSIsImlkQ2x1YnZpc2l0YSI6IjExMjQ1IiwiaWRQYXJ0aWRvIjoiMTQwMjc0IiwicGVzdGFuYSI6IjMifQ==/minuto-a-minuto-rayados-de-monterrey-vs-atlas-jornada-2-estadio-bbva-vix', 'text': ''}","{'type': 'link', 'href': 'https://www.ligafemenil.mx/cancha/informeArbitral/140274/eyJpZERpdmlzaW9uIjoiMTQiLCJpZFRlbXBvcmFkYSI6Ijc1IiwiaWRUb3JuZW8iOiIxIiwiaWRDbHVibG9jYWwiOiIxMTE4NSIsImlkQ2x1YnZpc2l0YSI6IjExMjQ1In0=/informe-arbitral-rayados-de-monterrey-vs-atlas-jornada-2-estadio-bbva-vix', 'text': ''}","{'type': 'link', 'href': 'https://www.ligafemenil.mx/cancha/mxm/140274/eyJpZERpdmlzaW9uIjoiMTQiLCJpZFRlbXBvcmFkYSI6Ijc1IiwiaWRUb3JuZW8iOiIxIiwiaWRDbHVibG9jYWwiOiIxMTE4NSIsImlkQ2x1YnZpc2l0YSI6IjExMjQ1IiwiaWRQYXJ0aWRvIjoiMTQwMjc0IiwicGVzdGFuYSI6IjQifQ==/minuto-a-minuto-rayados-de-monterrey-vs-atlas-jornada-2-estadio-bbva-vix', 'text': ''}","{'type': 'link', 'href': 'https://www.ligafemenil.mx/cancha/galeria/MTQwMjc0LzIvNzUvMS8xNA==/rayados-de-monterrey-vs-atlas', 'text': ''}","{'type': 'link', 'href': 'https://www.ligafemenil.mx/cancha/playlist/140274/rayados-de-monterrey-vs-atlas', 'text': ''}"
2024-2025,Apertura,"{'type': 'text', 'value': 'Miércoles 24 de Julio de 2024\nTemporada 2024-2025\nTorneo Apertura\nJornada 2\n24 Julio 2024 - 20:06 hrs.'}","{'type': 'link', 'href': 'https://www.ligafemenil.mx/cancha/club/11180/tijuana', 'text': ''}","{'type': 'link', 'href': 'https://www.ligafemenil.mx/cancha/informeArbitral/140275/eyJpZERpdmlzaW9uIjoiMTQiLCJpZFRlbXBvcmFkYSI6Ijc1IiwiaWRUb3JuZW8iOiIxIiwiaWRDbHVibG9jYWwiOjExMTgwLCJpZENsdWJ2aXNpdGEiOjExMTg5fQ==/informe-arbitral-tijuana-vs-necaxa-jornada-2-estadio-caliente-caliente-tv', 'text': '3 - 0'}","{'type': 'link', 'href': 'https://www.ligafemenil.mx/cancha/club/11189/necaxa', 'text': ''}","{'type': 'link', 'href': 'https://www.ligafemenil.mx/cancha/estadio/48/estadio-caliente', 'text': 'Caliente'}","{'type': 'link', 'href': 'https://www.ligafemenil.mx/cancha/mxm/140275/eyJpZERpdmlzaW9uIjoiMTQiLCJpZFRlbXBvcmFkYSI6Ijc1IiwiaWRUb3JuZW8iOiIxIiwiaWRDbHVibG9jYWwiOiIxMTE4MCIsImlkQ2x1YnZpc2l0YSI6IjExMTg5IiwiaWRQYXJ0aWRvIjoiMTQwMjc1IiwicGVzdGFuYSI6IjEifQ==/minuto-a-minuto-tijuana-vs-necaxa-jornada-2-estadio-caliente-caliente-tv', 'text': ''}","{'type': 'link', 'href': 'https://www.ligafemenil.mx/cancha/mxm/140275/eyJpZERpdmlzaW9uIjoiMTQiLCJpZFRlbXBvcmFkYSI6Ijc1IiwiaWRUb3JuZW8iOiIxIiwiaWRDbHVibG9jYWwiOiIxMTE4MCIsImlkQ2x1YnZpc2l0YSI6IjExMTg5IiwiaWRQYXJ0aWRvIjoiMTQwMjc1IiwicGVzdGFuYSI6IjMifQ==/minuto-a-minuto-tijuana-vs-necaxa-jornada-2-estadio-caliente-caliente-tv', 'text': ''}","{'type': 'link', 'href': 'https://www.ligafemenil.mx/cancha/informeArbitral/140275/eyJpZERpdmlzaW9uIjoiMTQiLCJpZFRlbXBvcmFkYSI6Ijc1IiwiaWRUb3JuZW8iOiIxIiwiaWRDbHVibG9jYWwiOiIxMTE4MCIsImlkQ2x1YnZpc2l0YSI6IjExMTg5In0=/informe-arbitral-tijuana-vs-necaxa-jornada-2-estadio-caliente-caliente-tv', 'text': ''}","{'type': 'link', 'href': 'https://www.ligafemenil.mx/cancha/mxm/140275/eyJpZERpdmlzaW9uIjoiMTQiLCJpZFRlbXBvcmFkYSI6Ijc1IiwiaWRUb3JuZW8iOiIxIiwiaWRDbHVibG9jYWwiOiIxMTE4MCIsImlkQ2x1YnZpc2l0YSI6IjExMTg5IiwiaWRQYXJ0aWRvIjoiMTQwMjc1IiwicGVzdGFuYSI6IjQifQ==/minuto-a-minuto-tijuana-vs-necaxa-jornada-2-estadio-caliente-caliente-tv', 'text': ''}","{'type': 'link', 'href': 'https://www.ligafemenil.mx/cancha/galeria/MTQwMjc1LzIvNzUvMS8xNA==/tijuana-vs-necaxa', 'text': ''}","{'type': 'link', 'href': 'https://www.ligafemenil.mx/cancha/playlist/140275/tijuana-vs-necaxa', 'text': ''}"
2024-2025,Apertura,"{'type': 'text', 'value': 'Viernes 26 de Julio de 2024\nTemporada 2024-2025\nTorneo Apertura\nJornada 3\n26 Julio 2024 - 17:00 hrs.'}","{'type': 'link', 'href': 'https://www.ligafemenil.mx/cancha/club/11188/pumas', 'text': ''}","{'type': 'link', 'href': 'https://www.ligafemenil.mx/cancha/informeArbitral/140278/eyJpZERpdmlzaW9uIjoiMTQiLCJpZFRlbXBvcmFkYSI6Ijc1IiwiaWRUb3JuZW8iOiIxIiwiaWRDbHVibG9jYWwiOjExMTg4LCJpZENsdWJ2aXNpdGEiOjExNzk1fQ==/informe-arbitral-pumas-vs-fc-juarez-jornada-3-estadio-olimpico-universitario-vix', 'text': '3 - 2'}","{'type': 'link', 'href': 'https://www.ligafemenil.mx/cancha/club/11795/fc-juarez', 'text': ''}","{'type': 'link', 'href': 'https://www.ligafemenil.mx/cancha/estadio/7/estadio-olimpico-universitario', 'text': 'Olímpico Universitario'}","{'type': 'link', 'href': 'https://www.ligafemenil.mx/cancha/mxm/140278/eyJpZERpdmlzaW9uIjoiMTQiLCJpZFRlbXBvcmFkYSI6Ijc1IiwiaWRUb3JuZW8iOiIxIiwiaWRDbHVibG9jYWwiOiIxMTE4OCIsImlkQ2x1YnZpc2l0YSI6IjExNzk1IiwiaWRQYXJ0aWRvIjoiMTQwMjc4IiwicGVzdGFuYSI6IjEifQ==/minuto-a-minuto-pumas-vs-fc-juarez-jornada-3-estadio-olimpico-universitario-vix', 'text': ''}","{'type': 'link', 'href': 'https://www.ligafemenil.mx/cancha/mxm/140278/eyJpZERpdmlzaW9uIjoiMTQiLCJpZFRlbXBvcmFkYSI6Ijc1IiwiaWRUb3JuZW8iOiIxIiwiaWRDbHVibG9jYWwiOiIxMTE4OCIsImlkQ2x1YnZpc2l0YSI6IjExNzk1IiwiaWRQYXJ0aWRvIjoiMTQwMjc4IiwicGVzdGFuYSI6IjMifQ==/minuto-a-minuto-pumas-vs-fc-juarez-jornada-3-estadio-olimpico-universitario-vix', 'text': ''}","{'type': 'link', 'href': 'https://www.ligafemenil.mx/cancha/informeArbitral/140278/eyJpZERpdmlzaW9uIjoiMTQiLCJpZFRlbXBvcmFkYSI6Ijc1IiwiaWRUb3JuZW8iOiIxIiwiaWRDbHVibG9jYWwiOiIxMTE4OCIsImlkQ2x1YnZpc2l0YSI6IjExNzk1In0=/informe-arbitral-pumas-vs-fc-juarez-jornada-3-estadio-olimpico-universitario-vix', 'text': ''}","{'type': 'link', 'href': 'https://www.ligafemenil.mx/cancha/mxm/140278/eyJpZERpdmlzaW9uIjoiMTQiLCJpZFRlbXBvcmFkYSI6Ijc1IiwiaWRUb3JuZW8iOiIxIiwiaWRDbHVibG9jYWwiOiIxMTE4OCIsImlkQ2x1YnZpc2l0YSI6IjExNzk1IiwiaWRQYXJ0aWRvIjoiMTQwMjc4IiwicGVzdGFuYSI6IjQifQ==/minuto-a-minuto-pumas-vs-fc-juarez-jornada-3-estadio-olimpico-universitario-vix', 'text': ''}","{'type': 'link', 'href': 'https://www.ligafemenil.mx/cancha/galeria/MTQwMjc4LzMvNzUvMS8xNA==/pumas-vs-fc-juarez', 'text': ''}","{'type': 'link', 'href': 'https://www.ligafemenil.mx/cancha/playlist/140278/pumas-vs-fc-juarez', 'text': ''}"
2024-2025,Apertura,"{'type': 'text', 'value': 'Domingo 28 de Julio de 2024\nTemporada 2024-2025\nTorneo Apertura\nJornada 13\n28 Julio 2024 - 15:45 hrs.'}","{'type': 'link', 'href': 'https://www.ligafemenil.mx/cancha/club/11181/cruz-azul', 'text': ''}","{'type': 'link', 'href': 'https://www.ligafemenil.mx/cancha/informeArbitral/140403/eyJpZERpdmlzaW9uIjoiMTQiLCJpZFRlbXBvcmFkYSI6Ijc1IiwiaWRUb3JuZW8iOiIxIiwiaWRDbHVibG9jYWwiOjExMTgxLCJpZENsdWJ2aXNpdGEiOjExMjQ1fQ==/informe-arbitral-cruz-azul-vs-atlas-jornada-13-estadio-instalaciones-la-noria', 'text': '0 - 0'}","{'type': 'link', 'href': 'https://www.ligafemenil.mx/cancha/club/11245/atlas', 'text': ''}","{'type': 'link', 'href': 'https://www.ligafemenil.mx/cancha/estadio/877/estadio-instalaciones-la-noria', 'text': 'INSTALACIONES LA NORIA'}","{'type': 'link', 'href': 'https://www.ligafemenil.mx/cancha/mxm/140403/eyJpZERpdmlzaW9uIjoiMTQiLCJpZFRlbXBvcmFkYSI6Ijc1IiwiaWRUb3JuZW8iOiIxIiwiaWRDbHVibG9jYWwiOiIxMTE4MSIsImlkQ2x1YnZpc2l0YSI6IjExMjQ1IiwiaWRQYXJ0aWRvIjoiMTQwNDAzIiwicGVzdGFuYSI6IjEifQ==/minuto-a-minuto-cruz-azul-vs-atlas-jornada-13-estadio-instalaciones-la-noria', 'text': ''}","{'type': 'link', 'href': 'https://www.ligafemenil.mx/cancha/mxm/140403/eyJpZERpdmlzaW9uIjoiMTQiLCJpZFRlbXBvcmFkYSI6Ijc1IiwiaWRUb3JuZW8iOiIxIiwiaWRDbHVibG9jYWwiOiIxMTE4MSIsImlkQ2x1YnZpc2l0YSI6IjExMjQ1IiwiaWRQYXJ0aWRvIjoiMTQwNDAzIiwicGVzdGFuYSI6IjMifQ==/minuto-a-minuto-cruz-azul-vs-atlas-jornada-13-estadio-instalaciones-la-noria', 'text': ''}","{'type': 'link', 'href': 'https://www.ligafemenil.mx/cancha/informeArbitral/140403/eyJpZERpdmlzaW9uIjoiMTQiLCJpZFRlbXBvcmFkYSI6Ijc1IiwiaWRUb3JuZW8iOiIxIiwiaWRDbHVibG9jYWwiOiIxMTE4MSIsImlkQ2x1YnZpc2l0YSI6IjExMjQ1In0=/informe-arbitral-cruz-azul-vs-atlas-jornada-13-estadio-instalaciones-la-noria', 'text': ''}","{'type': 'link', 'href': 'https://www.ligafemenil.mx/cancha/mxm/140403/eyJpZERpdmlzaW9uIjoiMTQiLCJpZFRlbXBvcmFkYSI6Ijc1IiwiaWRUb3JuZW8iOiIxIiwiaWRDbHVibG9jYWwiOiIxMTE4MSIsImlkQ2x1YnZpc2l0YSI6IjExMjQ1IiwiaWRQYXJ0aWRvIjoiMTQwNDAzIiwicGVzdGFuYSI6IjQifQ==/minuto-a-minuto-cruz-azul-vs-atlas-jornada-13-estadio-instalaciones-la-noria', 'text': ''}","{'type': 'link', 'href': 'https://www.ligafemenil.mx/cancha/galeria/MTQwNDAzLzEzLzc1LzEvMTQ=/cruz-azul-vs-atlas', 'text': ''}","{'type': 'link', 'href': 'https://www.ligafemenil.mx/cancha/playlist/140403/cruz-azul-vs-atlas', 'text': ''}"
2024-2025,Apertura,"{'type': 'text', 'value': 'Domingo 28 de Julio de 2024\nTemporada 2024-2025\nTorneo Apertura\nJornada 3\n28 Julio 2024 - 17:00 hrs.'}","{'type': 'link', 'href': 'https://www.ligafemenil.mx/cancha/club/12042/gallos-blancos-de-queretaro', 'text': ''}","{'type': 'link', 'href': 'https://www.ligafemenil.mx/cancha/informeArbitral/140279/eyJpZERpdmlzaW9uIjoiMTQiLCJpZFRlbXBvcmFkYSI6Ijc1IiwiaWRUb3JuZW8iOiIxIiwiaWRDbHVibG9jYWwiOjEyMDQyLCJpZENsdWJ2aXNpdGEiOjExNzc4fQ==/informe-arbitral-gallos-blancos-de-queretaro-vs-club-atletico-de-san-luis-jornada-3-estadio-olimpico-alameda-caliente-tv', 'text': '1 - 1'}","{'type': 'link', 'href': 'https://www.ligafemenil.mx/cancha/club/11778/club-atletico-de-san-luis', 'text': ''}","{'type': 'link', 'href': 'https://www.ligafemenil.mx/cancha/estadio/1741/estadio-olimpico-alameda', 'text': 'Estadio Olímpico Alameda'}","{'type': 'link', 'href': 'https://www.ligafemenil.mx/cancha/mxm/140279/eyJpZERpdmlzaW9uIjoiMTQiLCJpZFRlbXBvcmFkYSI6Ijc1IiwiaWRUb3JuZW8iOiIxIiwiaWRDbHVibG9jYWwiOiIxMjA0MiIsImlkQ2x1YnZpc2l0YSI6IjExNzc4IiwiaWRQYXJ0aWRvIjoiMTQwMjc5IiwicGVzdGFuYSI6IjEifQ==/minuto-a-minuto-gallos-blancos-de-queretaro-vs-club-atletico-de-san-luis-jornada-3-estadio-olimpico-alameda-caliente-tv', 'text': ''}","{'type': 'link', 'href': 'https://www.ligafemenil.mx/cancha/mxm/140279/eyJpZERpdmlzaW9uIjoiMTQiLCJpZFRlbXBvcmFkYSI6Ijc1IiwiaWRUb3JuZW8iOiIxIiwiaWRDbHVibG9jYWwiOiIxMjA0MiIsImlkQ2x1YnZpc2l0YSI6IjExNzc4IiwiaWRQYXJ0aWRvIjoiMTQwMjc5IiwicGVzdGFuYSI6IjMifQ==/minuto-a-minuto-gallos-blancos-de-queretaro-vs-club-atletico-de-san-luis-jornada-3-estadio-olimpico-alameda-caliente-tv', 'text': ''}","{'type': 'link', 'href': 'https://www.ligafemenil.mx/cancha/informeArbitral/140279/eyJpZERpdmlzaW9uIjoiMTQiLCJpZFRlbXBvcmFkYSI6Ijc1IiwiaWRUb3JuZW8iOiIxIiwiaWRDbHVibG9jYWwiOiIxMjA0MiIsImlkQ2x1YnZpc2l0YSI6IjExNzc4In0=/informe-arbitral-gallos-blancos-de-queretaro-vs-club-atletico-de-san-luis-jornada-3-estadio-olimpico-alameda-caliente-tv', 'text': ''}","{'type': 'link', 'href': 'https://www.ligafemenil.mx/cancha/mxm/140279/eyJpZERpdmlzaW9uIjoiMTQiLCJpZFRlbXBvcmFkYSI6Ijc1IiwiaWRUb3JuZW8iOiIxIiwiaWRDbHVibG9jYWwiOiIxMjA0MiIsImlkQ2x1YnZpc2l0YSI6IjExNzc4IiwiaWRQYXJ0aWRvIjoiMTQwMjc5IiwicGVzdGFuYSI6IjQifQ==/minuto-a-minuto-gallos-blancos-de-queretaro-vs-club-atletico-de-san-luis-jornada-3-estadio-olimpico-alameda-caliente-tv', 'text': ''}","{'type': 'link', 'href': 'https://www.ligafemenil.mx/cancha/galeria/MTQwMjc5LzMvNzUvMS8xNA==/gallos-blancos-de-queretaro-vs-club-atletico-de-san-luis', 'text': ''}","{'type': 'link', 'href': 'https://www.ligafemenil.mx/cancha/playlist/140279/gallos-blancos-de-queretaro-vs-club-atletico-de-san-luis', 'text': ''}"
2024-2025,Apertura,"{'type': 'text', 'value': 'Domingo 28 de Julio de 2024\nTemporada 2024-2025\nTorneo Apertura\nJornada 14\n28 Julio 2024 - 18:00 hrs.'}","{'type': 'link', 'href': 'https://www.ligafemenil.mx/cancha/club/11189/necaxa', 'text': ''}","{'type': 'link', 'href': 'https://www.ligafemenil.mx/cancha/informeArbitral/140412/eyJpZERpdmlzaW9uIjoiMTQiLCJpZFRlbXBvcmFkYSI6Ijc1IiwiaWRUb3JuZW8iOiIxIiwiaWRDbHVibG9jYWwiOjExMTg5LCJpZENsdWJ2aXNpdGEiOjExMTkyfQ==/informe-arbitral-necaxa-vs-santos-laguna-jornada-14-estadio-victoria-vix', 'text': '1 - 0'}","{'type': 'link', 'href': 'https://www.ligafemenil.mx/cancha/club/11192/santos-laguna', 'text': ''}","{'type': 'link', 'href': 'https://www.ligafemenil.mx/cancha/estadio/15/estadio-victoria', 'text': 'Victoria'}","{'type': 'link', 'href': 'https://www.ligafemenil.mx/cancha/mxm/140412/eyJpZERpdmlzaW9uIjoiMTQiLCJpZFRlbXBvcmFkYSI6Ijc1IiwiaWRUb3JuZW8iOiIxIiwiaWRDbHVibG9jYWwiOiIxMTE4OSIsImlkQ2x1YnZpc2l0YSI6IjExMTkyIiwiaWRQYXJ0aWRvIjoiMTQwNDEyIiwicGVzdGFuYSI6IjEifQ==/minuto-a-minuto-necaxa-vs-santos-laguna-jornada-14-estadio-victoria-vix', 'text': ''}","{'type': 'link', 'href': 'https://www.ligafemenil.mx/cancha/mxm/140412/eyJpZERpdmlzaW9uIjoiMTQiLCJpZFRlbXBvcmFkYSI6Ijc1IiwiaWRUb3JuZW8iOiIxIiwiaWRDbHVibG9jYWwiOiIxMTE4OSIsImlkQ2x1YnZpc2l0YSI6IjExMTkyIiwiaWRQYXJ0aWRvIjoiMTQwNDEyIiwicGVzdGFuYSI6IjMifQ==/minuto-a-minuto-necaxa-vs-santos-laguna-jornada-14-estadio-victoria-vix', 'text': ''}","{'type': 'link', 'href': 'https://www.ligafemenil.mx/cancha/informeArbitral/140412/eyJpZERpdmlzaW9uIjoiMTQiLCJpZFRlbXBvcmFkYSI6Ijc1IiwiaWRUb3JuZW8iOiIxIiwiaWRDbHVibG9jYWwiOiIxMTE4OSIsImlkQ2x1YnZpc2l0YSI6IjExMTkyIn0=/informe-arbitral-necaxa-vs-santos-laguna-jornada-14-estadio-victoria-vix', 'text': ''}","{'type': 'link', 'href': 'https://www.ligafemenil.mx/cancha/mxm/140412/eyJpZERpdmlzaW9uIjoiMTQiLCJpZFRlbXBvcmFkYSI6Ijc1IiwiaWRUb3JuZW8iOiIxIiwiaWRDbHVibG9jYWwiOiIxMTE4OSIsImlkQ2x1YnZpc2l0YSI6IjExMTkyIiwiaWRQYXJ0aWRvIjoiMTQwNDEyIiwicGVzdGFuYSI6IjQifQ==/minuto-a-minuto-necaxa-vs-santos-laguna-jornada-14-estadio-victoria-vix', 'text': ''}","{'type': 'link', 'href': 'https://www.ligafemenil.mx/cancha/galeria/MTQwNDEyLzE0Lzc1LzEvMTQ=/necaxa-vs-santos-laguna', 'text': ''}","{'type': 'link', 'href': 'https://www.ligafemenil.mx/cancha/playlist/140412/necaxa-vs-santos-laguna', 'text': ''}"
2024-2025,Apertura,"{'type': 'text', 'value': 'Domingo 28 de Julio de 2024\nTemporada 2024-2025\nTorneo Apertura\nJornada 3\n28 Julio 2024 - 19:06 hrs.'}","{'type': 'link', 'href': 'https://www.ligafemenil.mx/cancha/club/11243/leon', 'text': ''}","{'type': 'link', 'href': 'https://www.ligafemenil.mx/cancha/informeArbitral/140280/eyJpZERpdmlzaW9uIjoiMTQiLCJpZFRlbXBvcmFkYSI6Ijc1IiwiaWRUb3JuZW8iOiIxIiwiaWRDbHVibG9jYWwiOjExMjQzLCJpZENsdWJ2aXNpdGEiOjExNTQzfQ==/informe-arbitral-leon-vs-puebla-fc-jornada-3-estadio-nou-camp-fox-sports', 'text': '0 - 0'}","{'type': 'link', 'href': 'https://www.ligafemenil.mx/cancha/club/11543/puebla-fc', 'text': ''}","{'type': 'link', 'href': 'https://www.ligafemenil.mx/cancha/estadio/23/estadio-nou-camp', 'text': 'Nou Camp'}","{'type': 'link', 'href': 'https://www.ligafemenil.mx/cancha/mxm/140280/eyJpZERpdmlzaW9uIjoiMTQiLCJpZFRlbXBvcmFkYSI6Ijc1IiwiaWRUb3JuZW8iOiIxIiwiaWRDbHVibG9jYWwiOiIxMTI0MyIsImlkQ2x1YnZpc2l0YSI6IjExNTQzIiwiaWRQYXJ0aWRvIjoiMTQwMjgwIiwicGVzdGFuYSI6IjEifQ==/minuto-a-minuto-leon-vs-puebla-fc-jornada-3-estadio-nou-camp-fox-sports', 'text': ''}","{'type': 'link', 'href': 'https://www.ligafemenil.mx/cancha/mxm/140280/eyJpZERpdmlzaW9uIjoiMTQiLCJpZFRlbXBvcmFkYSI6Ijc1IiwiaWRUb3JuZW8iOiIxIiwiaWRDbHVibG9jYWwiOiIxMTI0MyIsImlkQ2x1YnZpc2l0YSI6IjExNTQzIiwiaWRQYXJ0aWRvIjoiMTQwMjgwIiwicGVzdGFuYSI6IjMifQ==/minuto-a-minuto-leon-vs-puebla-fc-jornada-3-estadio-nou-camp-fox-sports', 'text': ''}","{'type': 'link', 'href': 'https://www.ligafemenil.mx/cancha/informeArbitral/140280/eyJpZERpdmlzaW9uIjoiMTQiLCJpZFRlbXBvcmFkYSI6Ijc1IiwiaWRUb3JuZW8iOiIxIiwiaWRDbHVibG9jYWwiOiIxMTI0MyIsImlkQ2x1YnZpc2l0YSI6IjExNTQzIn0=/informe-arbitral-leon-vs-puebla-fc-jornada-3-estadio-nou-camp-fox-sports', 'text': ''}","{'type': 'link', 'href': 'https://www.ligafemenil.mx/cancha/mxm/140280/eyJpZERpdmlzaW9uIjoiMTQiLCJpZFRlbXBvcmFkYSI6Ijc1IiwiaWRUb3JuZW8iOiIxIiwiaWRDbHVibG9jYWwiOiIxMTI0MyIsImlkQ2x1YnZpc2l0YSI6IjExNTQzIiwiaWRQYXJ0aWRvIjoiMTQwMjgwIiwicGVzdGFuYSI6IjQifQ==/minuto-a-minuto-leon-vs-puebla-fc-jornada-3-estadio-nou-camp-fox-sports', 'text': ''}","{'type': 'link', 'href': 'https://www.ligafemenil.mx/cancha/galeria/MTQwMjgwLzMvNzUvMS8xNA==/leon-vs-puebla-fc', 'text': ''}","{'type': 'link', 'href': 'https://www.ligafemenil.mx/cancha/playlist/140280/leon-vs-puebla-fc', 'text': ''}"
2024-2025,Apertura,"{'type': 'text', 'value': 'Lunes 29 de Julio de 2024\nTemporada 2024-2025\nTorneo Apertura\nJornada 3\n29 Julio 2024 - 18:00 hrs.'}","{'type': 'link', 'href': 'https://www.ligafemenil.mx/cancha/club/11191/america', 'text': ''}","{'type': 'link', 'href': 'https://www.ligafemenil.mx/cancha/informeArbitral/140281/eyJpZERpdmlzaW9uIjoiMTQiLCJpZFRlbXBvcmFkYSI6Ijc1IiwiaWRUb3JuZW8iOiIxIiwiaWRDbHVibG9jYWwiOjExMTkxLCJpZENsdWJ2aXNpdGEiOjExMTg3fQ==/informe-arbitral-america-vs-toluca-jornada-3-estadio-ciudad-de-los-deportes-vix', 'text': '2 - 2'}","{'type': 'link', 'href': 'https://www.ligafemenil.mx/cancha/club/11187/toluca', 'text': ''}","{'type': 'link', 'href': 'https://www.ligafemenil.mx/cancha/estadio/2/estadio-ciudad-de-los-deportes', 'text': 'Ciudad De Los Deportes'}","{'type': 'link', 'href': 'https://www.ligafemenil.mx/cancha/mxm/140281/eyJpZERpdmlzaW9uIjoiMTQiLCJpZFRlbXBvcmFkYSI6Ijc1IiwiaWRUb3JuZW8iOiIxIiwiaWRDbHVibG9jYWwiOiIxMTE5MSIsImlkQ2x1YnZpc2l0YSI6IjExMTg3IiwiaWRQYXJ0aWRvIjoiMTQwMjgxIiwicGVzdGFuYSI6IjEifQ==/minuto-a-minuto-america-vs-toluca-jornada-3-estadio-ciudad-de-los-deportes-vix', 'text': ''}","{'type': 'link', 'href': 'https://www.ligafemenil.mx/cancha/mxm/140281/eyJpZERpdmlzaW9uIjoiMTQiLCJpZFRlbXBvcmFkYSI6Ijc1IiwiaWRUb3JuZW8iOiIxIiwiaWRDbHVibG9jYWwiOiIxMTE5MSIsImlkQ2x1YnZpc2l0YSI6IjExMTg3IiwiaWRQYXJ0aWRvIjoiMTQwMjgxIiwicGVzdGFuYSI6IjMifQ==/minuto-a-minuto-america-vs-toluca-jornada-3-estadio-ciudad-de-los-deportes-vix', 'text': ''}","{'type': 'link', 'href': 'https://www.ligafemenil.mx/cancha/informeArbitral/140281/eyJpZERpdmlzaW9uIjoiMTQiLCJpZFRlbXBvcmFkYSI6Ijc1IiwiaWRUb3JuZW8iOiIxIiwiaWRDbHVibG9jYWwiOiIxMTE5MSIsImlkQ2x1YnZpc2l0YSI6IjExMTg3In0=/informe-arbitral-america-vs-toluca-jornada-3-estadio-ciudad-de-los-deportes-vix', 'text': ''}","{'type': 'link', 'href': 'https://www.ligafemenil.mx/cancha/mxm/140281/eyJpZERpdmlzaW9uIjoiMTQiLCJpZFRlbXBvcmFkYSI6Ijc1IiwiaWRUb3JuZW8iOiIxIiwiaWRDbHVibG9jYWwiOiIxMTE5MSIsImlkQ2x1YnZpc2l0YSI6IjExMTg3IiwiaWRQYXJ0aWRvIjoiMTQwMjgxIiwicGVzdGFuYSI6IjQifQ==/minuto-a-minuto-america-vs-toluca-jornada-3-estadio-ciudad-de-los-deportes-vix', 'text': ''}","{'type': 'link', 'href': 'https://www.ligafemenil.mx/cancha/galeria/MTQwMjgxLzMvNzUvMS8xNA==/america-vs-toluca', 'text': ''}","{'type': 'link', 'href': 'https://www.ligafemenil.mx/cancha/playlist/140281/america-vs-toluca', 'text': ''}"
2024-2025,Apertura,"{'type': 'text', 'value': 'Jueves 1 de Agosto de 2024\nTemporada 2024-2025\nTorneo Apertura\nJornada 4\n1 Agosto 2024 - 19:00 hrs.'}","{'type': 'link', 'href': 'https://www.ligafemenil.mx/cancha/club/11245/atlas', 'text': ''}","{'type': 'link', 'href': 'https://www.ligafemenil.mx/cancha/informeArbitral/140287/eyJpZERpdmlzaW9uIjoiMTQiLCJpZFRlbXBvcmFkYSI6Ijc1IiwiaWRUb3JuZW8iOiIxIiwiaWRDbHVibG9jYWwiOjExMjQ1LCJpZENsdWJ2aXNpdGEiOjExMjQzfQ==/informe-arbitral-atlas-vs-leon-jornada-4-estadio-jalisco-caliente-tv', 'text': '0 - 0'}","{'type': 'link', 'href': 'https://www.ligafemenil.mx/cancha/club/11243/leon', 'text': ''}","{'type': 'link', 'href': 'https://www.ligafemenil.mx/cancha/estadio/5/estadio-jalisco', 'text': 'Jalisco'}","{'type': 'link', 'href': 'https://www.ligafemenil.mx/cancha/mxm/140287/eyJpZERpdmlzaW9uIjoiMTQiLCJpZFRlbXBvcmFkYSI6Ijc1IiwiaWRUb3JuZW8iOiIxIiwiaWRDbHVibG9jYWwiOiIxMTI0NSIsImlkQ2x1YnZpc2l0YSI6IjExMjQzIiwiaWRQYXJ0aWRvIjoiMTQwMjg3IiwicGVzdGFuYSI6IjEifQ==/minuto-a-minuto-atlas-vs-leon-jornada-4-estadio-jalisco-caliente-tv', 'text': ''}","{'type': 'link', 'href': 'https://www.ligafemenil.mx/cancha/mxm/140287/eyJpZERpdmlzaW9uIjoiMTQiLCJpZFRlbXBvcmFkYSI6Ijc1IiwiaWRUb3JuZW8iOiIxIiwiaWRDbHVibG9jYWwiOiIxMTI0NSIsImlkQ2x1YnZpc2l0YSI6IjExMjQzIiwiaWRQYXJ0aWRvIjoiMTQwMjg3IiwicGVzdGFuYSI6IjMifQ==/minuto-a-minuto-atlas-vs-leon-jornada-4-estadio-jalisco-caliente-tv', 'text': ''}","{'type': 'link', 'href': 'https://www.ligafemenil.mx/cancha/informeArbitral/140287/eyJpZERpdmlzaW9uIjoiMTQiLCJpZFRlbXBvcmFkYSI6Ijc1IiwiaWRUb3JuZW8iOiIxIiwiaWRDbHVibG9jYWwiOiIxMTI0NSIsImlkQ2x1YnZpc2l0YSI6IjExMjQzIn0=/informe-arbitral-atlas-vs-leon-jornada-4-estadio-jalisco-caliente-tv', 'text': ''}","{'type': 'link', 'href': 'https://www.ligafemenil.mx/cancha/mxm/140287/eyJpZERpdmlzaW9uIjoiMTQiLCJpZFRlbXBvcmFkYSI6Ijc1IiwiaWRUb3JuZW8iOiIxIiwiaWRDbHVibG9jYWwiOiIxMTI0NSIsImlkQ2x1YnZpc2l0YSI6IjExMjQzIiwiaWRQYXJ0aWRvIjoiMTQwMjg3IiwicGVzdGFuYSI6IjQifQ==/minuto-a-minuto-atlas-vs-leon-jornada-4-estadio-jalisco-caliente-tv', 'text': ''}","{'type': 'link', 'href': 'https://www.ligafemenil.mx/cancha/galeria/MTQwMjg3LzQvNzUvMS8xNA==/atlas-vs-leon', 'text': ''}","{'type': 'link', 'href': 'https://www.ligafemenil.mx/cancha/playlist/140287/atlas-vs-leon', 'text': ''}"
2024-2025,Apertura,"{'type': 'text', 'value': 'Sábado 3 de Agosto de 2024\nTemporada 2024-2025\nTorneo Apertura\nJornada 4\n3 Agosto 2024 - 17:00 hrs.'}","{'type': 'link', 'href': 'https://www.ligafemenil.mx/cancha/club/11778/club-atletico-de-san-luis', 'text': ''}","{'type': 'link', 'href': 'https://www.ligafemenil.mx/cancha/informeArbitral/140288/eyJpZERpdmlzaW9uIjoiMTQiLCJpZFRlbXBvcmFkYSI6Ijc1IiwiaWRUb3JuZW8iOiIxIiwiaWRDbHVibG9jYWwiOjExNzc4LCJpZENsdWJ2aXNpdGEiOjExMTg4fQ==/informe-arbitral-club-atletico-de-san-luis-vs-pumas-jornada-4-estadio-alfonso-lastras-ramirez-espn', 'text': '1 - 2'}","{'type': 'link', 'href': 'https://www.ligafemenil.mx/cancha/club/11188/pumas', 'text': ''}","{'type': 'link', 'href': 'https://www.ligafemenil.mx/cancha/estadio/14/estadio-alfonso-lastras-ramirez', 'text': 'Alfonso Lastras Ramírez'}","{'type': 'link', 'href': 'https://www.ligafemenil.mx/cancha/mxm/140288/eyJpZERpdmlzaW9uIjoiMTQiLCJpZFRlbXBvcmFkYSI6Ijc1IiwiaWRUb3JuZW8iOiIxIiwiaWRDbHVibG9jYWwiOiIxMTc3OCIsImlkQ2x1YnZpc2l0YSI6IjExMTg4IiwiaWRQYXJ0aWRvIjoiMTQwMjg4IiwicGVzdGFuYSI6IjEifQ==/minuto-a-minuto-club-atletico-de-san-luis-vs-pumas-jornada-4-estadio-alfonso-lastras-ramirez-espn', 'text': ''}","{'type': 'link', 'href': 'https://www.ligafemenil.mx/cancha/mxm/140288/eyJpZERpdmlzaW9uIjoiMTQiLCJpZFRlbXBvcmFkYSI6Ijc1IiwiaWRUb3JuZW8iOiIxIiwiaWRDbHVibG9jYWwiOiIxMTc3OCIsImlkQ2x1YnZpc2l0YSI6IjExMTg4IiwiaWRQYXJ0aWRvIjoiMTQwMjg4IiwicGVzdGFuYSI6IjMifQ==/minuto-a-minuto-club-atletico-de-san-luis-vs-pumas-jornada-4-estadio-alfonso-lastras-ramirez-espn', 'text': ''}","{'type': 'link', 'href': 'https://www.ligafemenil.mx/cancha/informeArbitral/140288/eyJpZERpdmlzaW9uIjoiMTQiLCJpZFRlbXBvcmFkYSI6Ijc1IiwiaWRUb3JuZW8iOiIxIiwiaWRDbHVibG9jYWwiOiIxMTc3OCIsImlkQ2x1YnZpc2l0YSI6IjExMTg4In0=/informe-arbitral-club-atletico-de-san-luis-vs-pumas-jornada-4-estadio-alfonso-lastras-ramirez-espn', 'text': ''}","{'type': 'link', 'href': 'https://www.ligafemenil.mx/cancha/mxm/140288/eyJpZERpdmlzaW9uIjoiMTQiLCJpZFRlbXBvcmFkYSI6Ijc1IiwiaWRUb3JuZW8iOiIxIiwiaWRDbHVibG9jYWwiOiIxMTc3OCIsImlkQ2x1YnZpc2l0YSI6IjExMTg4IiwiaWRQYXJ0aWRvIjoiMTQwMjg4IiwicGVzdGFuYSI6IjQifQ==/minuto-a-minuto-club-atletico-de-san-luis-vs-pumas-jornada-4-estadio-alfonso-lastras-ramirez-espn', 'text': ''}","{'type': 'link', 'href': 'https://www.ligafemenil.mx/cancha/galeria/MTQwMjg4LzQvNzUvMS8xNA==/club-atletico-de-san-luis-vs-pumas', 'text': ''}","{'type': 'link', 'href': 'https://www.ligafemenil.mx/cancha/playlist/140288/club-atletico-de-san-luis-vs-pumas', 'text': ''}"
2024-2025,Apertura,"{'type': 'text', 'value': 'Sábado 3 de Agosto de 2024\nTemporada 2024-2025\nTorneo Apertura\nJornada 4\n3 Agosto 2024 - 21:06 hrs.'}","{'type': 'link', 'href': 'https://www.ligafemenil.mx/cancha/club/11795/fc-juarez', 'text': ''}","{'type': 'link', 'href': 'https://www.ligafemenil.mx/cancha/informeArbitral/140289/eyJpZERpdmlzaW9uIjoiMTQiLCJpZFRlbXBvcmFkYSI6Ijc1IiwiaWRUb3JuZW8iOiIxIiwiaWRDbHVibG9jYWwiOjExNzk1LCJpZENsdWJ2aXNpdGEiOjExMTkyfQ==/informe-arbitral-fc-juarez-vs-santos-laguna-jornada-4-estadio-olimpico-benito-juarez-fox-sports', 'text': '3 - 1'}","{'type': 'link', 'href': 'https://www.ligafemenil.mx/cancha/club/11192/santos-laguna', 'text': ''}","{'type': 'link', 'href': 'https://www.ligafemenil.mx/cancha/estadio/17/estadio-olimpico-benito-juarez', 'text': 'Olímpico Benito Juárez'}","{'type': 'link', 'href': 'https://www.ligafemenil.mx/cancha/mxm/140289/eyJpZERpdmlzaW9uIjoiMTQiLCJpZFRlbXBvcmFkYSI6Ijc1IiwiaWRUb3JuZW8iOiIxIiwiaWRDbHVibG9jYWwiOiIxMTc5NSIsImlkQ2x1YnZpc2l0YSI6IjExMTkyIiwiaWRQYXJ0aWRvIjoiMTQwMjg5IiwicGVzdGFuYSI6IjEifQ==/minuto-a-minuto-fc-juarez-vs-santos-laguna-jornada-4-estadio-olimpico-benito-juarez-fox-sports', 'text': ''}","{'type': 'link', 'href': 'https://www.ligafemenil.mx/cancha/mxm/140289/eyJpZERpdmlzaW9uIjoiMTQiLCJpZFRlbXBvcmFkYSI6Ijc1IiwiaWRUb3JuZW8iOiIxIiwiaWRDbHVibG9jYWwiOiIxMTc5NSIsImlkQ2x1YnZpc2l0YSI6IjExMTkyIiwiaWRQYXJ0aWRvIjoiMTQwMjg5IiwicGVzdGFuYSI6IjMifQ==/minuto-a-minuto-fc-juarez-vs-santos-laguna-jornada-4-estadio-olimpico-benito-juarez-fox-sports', 'text': ''}","{'type': 'link', 'href': 'https://www.ligafemenil.mx/cancha/informeArbitral/140289/eyJpZERpdmlzaW9uIjoiMTQiLCJpZFRlbXBvcmFkYSI6Ijc1IiwiaWRUb3JuZW8iOiIxIiwiaWRDbHVibG9jYWwiOiIxMTc5NSIsImlkQ2x1YnZpc2l0YSI6IjExMTkyIn0=/informe-arbitral-fc-juarez-vs-santos-laguna-jornada-4-estadio-olimpico-benito-juarez-fox-sports', 'text': ''}","{'type': 'link', 'href': 'https://www.ligafemenil.mx/cancha/mxm/140289/eyJpZERpdmlzaW9uIjoiMTQiLCJpZFRlbXBvcmFkYSI6Ijc1IiwiaWRUb3JuZW8iOiIxIiwiaWRDbHVibG9jYWwiOiIxMTc5NSIsImlkQ2x1YnZpc2l0YSI6IjExMTkyIiwiaWRQYXJ0aWRvIjoiMTQwMjg5IiwicGVzdGFuYSI6IjQifQ==/minuto-a-minuto-fc-juarez-vs-santos-laguna-jornada-4-estadio-olimpico-benito-juarez-fox-sports', 'text': ''}","{'type': 'link', 'href': 'https://www.ligafemenil.mx/cancha/galeria/MTQwMjg5LzQvNzUvMS8xNA==/fc-juarez-vs-santos-laguna', 'text': ''}","{'type': 'link', 'href': 'https://www.ligafemenil.mx/cancha/playlist/140289/fc-juarez-vs-santos-laguna', 'text': ''}"
2024-2025,Apertura,"{'type': 'text', 'value': 'Lunes 5 de Agosto de 2024\nTemporada 2024-2025\nTorneo Apertura\nJornada 4\n5 Agosto 2024 - 15:45 hrs.'}","{'type': 'link', 'href': 'https://www.ligafemenil.mx/cancha/club/11181/cruz-azul', 'text': ''}","{'type': 'link', 'href': 'https://www.ligafemenil.mx/cancha/informeArbitral/140290/eyJpZERpdmlzaW9uIjoiMTQiLCJpZFRlbXBvcmFkYSI6Ijc1IiwiaWRUb3JuZW8iOiIxIiwiaWRDbHVibG9jYWwiOjExMTgxLCJpZENsdWJ2aXNpdGEiOjExMTg0fQ==/informe-arbitral-cruz-azul-vs-pachuca-jornada-4-estadio-instalaciones-la-noria-vix', 'text': '0 - 4'}","{'type': 'link', 'href': 'https://www.ligafemenil.mx/cancha/club/11184/pachuca', 'text': ''}","{'type': 'link', 'href': 'https://www.ligafemenil.mx/cancha/estadio/877/estadio-instalaciones-la-noria', 'text': 'INSTALACIONES LA NORIA'}","{'type': 'link', 'href': 'https://www.ligafemenil.mx/cancha/mxm/140290/eyJpZERpdmlzaW9uIjoiMTQiLCJpZFRlbXBvcmFkYSI6Ijc1IiwiaWRUb3JuZW8iOiIxIiwiaWRDbHVibG9jYWwiOiIxMTE4MSIsImlkQ2x1YnZpc2l0YSI6IjExMTg0IiwiaWRQYXJ0aWRvIjoiMTQwMjkwIiwicGVzdGFuYSI6IjEifQ==/minuto-a-minuto-cruz-azul-vs-pachuca-jornada-4-estadio-instalaciones-la-noria-vix', 'text': ''}","{'type': 'link', 'href': 'https://www.ligafemenil.mx/cancha/mxm/140290/eyJpZERpdmlzaW9uIjoiMTQiLCJpZFRlbXBvcmFkYSI6Ijc1IiwiaWRUb3JuZW8iOiIxIiwiaWRDbHVibG9jYWwiOiIxMTE4MSIsImlkQ2x1YnZpc2l0YSI6IjExMTg0IiwiaWRQYXJ0aWRvIjoiMTQwMjkwIiwicGVzdGFuYSI6IjMifQ==/minuto-a-minuto-cruz-azul-vs-pachuca-jornada-4-estadio-instalaciones-la-noria-vix', 'text': ''}","{'type': 'link', 'href': 'https://www.ligafemenil.mx/cancha/informeArbitral/140290/eyJpZERpdmlzaW9uIjoiMTQiLCJpZFRlbXBvcmFkYSI6Ijc1IiwiaWRUb3JuZW8iOiIxIiwiaWRDbHVibG9jYWwiOiIxMTE4MSIsImlkQ2x1YnZpc2l0YSI6IjExMTg0In0=/informe-arbitral-cruz-azul-vs-pachuca-jornada-4-estadio-instalaciones-la-noria-vix', 'text': ''}","{'type': 'link', 'href': 'https://www.ligafemenil.mx/cancha/mxm/140290/eyJpZERpdmlzaW9uIjoiMTQiLCJpZFRlbXBvcmFkYSI6Ijc1IiwiaWRUb3JuZW8iOiIxIiwiaWRDbHVibG9jYWwiOiIxMTE4MSIsImlkQ2x1YnZpc2l0YSI6IjExMTg0IiwiaWRQYXJ0aWRvIjoiMTQwMjkwIiwicGVzdGFuYSI6IjQifQ==/minuto-a-minuto-cruz-azul-vs-pachuca-jornada-4-estadio-instalaciones-la-noria-vix', 'text': ''}","{'type': 'link', 'href': 'https://www.ligafemenil.mx/cancha/galeria/MTQwMjkwLzQvNzUvMS8xNA==/cruz-azul-vs-pachuca', 'text': ''}","{'type': 'link', 'href': 'https://www.ligafemenil.mx/cancha/playlist/140290/cruz-azul-vs-pachuca', 'text': ''}"
2024-2025,Apertura,"{'type': 'text', 'value': 'Lunes 5 de Agosto de 2024\nTemporada 2024-2025\nTorneo Apertura\nJornada 4\n5 Agosto 2024 - 18:00 hrs.'}","{'type': 'link', 'href': 'https://www.ligafemenil.mx/cancha/club/11189/necaxa', 'text': ''}","{'type': 'link', 'href': 'https://www.ligafemenil.mx/cancha/informeArbitral/140291/eyJpZERpdmlzaW9uIjoiMTQiLCJpZFRlbXBvcmFkYSI6Ijc1IiwiaWRUb3JuZW8iOiIxIiwiaWRDbHVibG9jYWwiOjExMTg5LCJpZENsdWJ2aXNpdGEiOjExMTg1fQ==/informe-arbitral-necaxa-vs-rayados-de-monterrey-jornada-4-estadio-victoria-vix', 'text': '0 - 4'}","{'type': 'link', 'href': 'https://www.ligafemenil.mx/cancha/club/11185/rayados-de-monterrey', 'text': ''}","{'type': 'link', 'href': 'https://www.ligafemenil.mx/cancha/estadio/15/estadio-victoria', 'text': 'Victoria'}","{'type': 'link', 'href': 'https://www.ligafemenil.mx/cancha/mxm/140291/eyJpZERpdmlzaW9uIjoiMTQiLCJpZFRlbXBvcmFkYSI6Ijc1IiwiaWRUb3JuZW8iOiIxIiwiaWRDbHVibG9jYWwiOiIxMTE4OSIsImlkQ2x1YnZpc2l0YSI6IjExMTg1IiwiaWRQYXJ0aWRvIjoiMTQwMjkxIiwicGVzdGFuYSI6IjEifQ==/minuto-a-minuto-necaxa-vs-rayados-de-monterrey-jornada-4-estadio-victoria-vix', 'text': ''}","{'type': 'link', 'href': 'https://www.ligafemenil.mx/cancha/mxm/140291/eyJpZERpdmlzaW9uIjoiMTQiLCJpZFRlbXBvcmFkYSI6Ijc1IiwiaWRUb3JuZW8iOiIxIiwiaWRDbHVibG9jYWwiOiIxMTE4OSIsImlkQ2x1YnZpc2l0YSI6IjExMTg1IiwiaWRQYXJ0aWRvIjoiMTQwMjkxIiwicGVzdGFuYSI6IjMifQ==/minuto-a-minuto-necaxa-vs-rayados-de-monterrey-jornada-4-estadio-victoria-vix', 'text': ''}","{'type': 'link', 'href': 'https://www.ligafemenil.mx/cancha/informeArbitral/140291/eyJpZERpdmlzaW9uIjoiMTQiLCJpZFRlbXBvcmFkYSI6Ijc1IiwiaWRUb3JuZW8iOiIxIiwiaWRDbHVibG9jYWwiOiIxMTE4OSIsImlkQ2x1YnZpc2l0YSI6IjExMTg1In0=/informe-arbitral-necaxa-vs-rayados-de-monterrey-jornada-4-estadio-victoria-vix', 'text': ''}","{'type': 'link', 'href': 'https://www.ligafemenil.mx/cancha/mxm/140291/eyJpZERpdmlzaW9uIjoiMTQiLCJpZFRlbXBvcmFkYSI6Ijc1IiwiaWRUb3JuZW8iOiIxIiwiaWRDbHVibG9jYWwiOiIxMTE4OSIsImlkQ2x1YnZpc2l0YSI6IjExMTg1IiwiaWRQYXJ0aWRvIjoiMTQwMjkxIiwicGVzdGFuYSI6IjQifQ==/minuto-a-minuto-necaxa-vs-rayados-de-monterrey-jornada-4-estadio-victoria-vix', 'text': ''}","{'type': 'link', 'href': 'https://www.ligafemenil.mx/cancha/galeria/MTQwMjkxLzQvNzUvMS8xNA==/necaxa-vs-rayados-de-monterrey', 'text': ''}","{'type': 'link', 'href': 'https://www.ligafemenil.mx/cancha/playlist/140291/necaxa-vs-rayados-de-monterrey', 'text': ''}"
2024-2025,Apertura,"{'type': 'text', 'value': 'Martes 6 de Agosto de 2024\nTemporada 2024-2025\nTorneo Apertura\nJornada 4\n6 Agosto 2024 - 17:00 hrs.'}","{'type': 'link', 'href': 'https://www.ligafemenil.mx/cancha/club/11187/toluca', 'text': ''}","{'type': 'link', 'href': 'https://www.ligafemenil.mx/cancha/informeArbitral/140293/eyJpZERpdmlzaW9uIjoiMTQiLCJpZFRlbXBvcmFkYSI6Ijc1IiwiaWRUb3JuZW8iOiIxIiwiaWRDbHVibG9jYWwiOjExMTg3LCJpZENsdWJ2aXNpdGEiOjExMTgwfQ==/informe-arbitral-toluca-vs-tijuana-jornada-4-estadio-nemesio-diez-vix', 'text': '2 - 4'}","{'type': 'link', 'href': 'https://www.ligafemenil.mx/cancha/club/11180/tijuana', 'text': ''}","{'type': 'link', 'href': 'https://www.ligafemenil.mx/cancha/estadio/6/estadio-nemesio-diez', 'text': 'Nemesio Diez'}","{'type': 'link', 'href': 'https://www.ligafemenil.mx/cancha/mxm/140293/eyJpZERpdmlzaW9uIjoiMTQiLCJpZFRlbXBvcmFkYSI6Ijc1IiwiaWRUb3JuZW8iOiIxIiwiaWRDbHVibG9jYWwiOiIxMTE4NyIsImlkQ2x1YnZpc2l0YSI6IjExMTgwIiwiaWRQYXJ0aWRvIjoiMTQwMjkzIiwicGVzdGFuYSI6IjEifQ==/minuto-a-minuto-toluca-vs-tijuana-jornada-4-estadio-nemesio-diez-vix', 'text': ''}","{'type': 'link', 'href': 'https://www.ligafemenil.mx/cancha/mxm/140293/eyJpZERpdmlzaW9uIjoiMTQiLCJpZFRlbXBvcmFkYSI6Ijc1IiwiaWRUb3JuZW8iOiIxIiwiaWRDbHVibG9jYWwiOiIxMTE4NyIsImlkQ2x1YnZpc2l0YSI6IjExMTgwIiwiaWRQYXJ0aWRvIjoiMTQwMjkzIiwicGVzdGFuYSI6IjMifQ==/minuto-a-minuto-toluca-vs-tijuana-jornada-4-estadio-nemesio-diez-vix', 'text': ''}","{'type': 'link', 'href': 'https://www.ligafemenil.mx/cancha/informeArbitral/140293/eyJpZERpdmlzaW9uIjoiMTQiLCJpZFRlbXBvcmFkYSI6Ijc1IiwiaWRUb3JuZW8iOiIxIiwiaWRDbHVibG9jYWwiOiIxMTE4NyIsImlkQ2x1YnZpc2l0YSI6IjExMTgwIn0=/informe-arbitral-toluca-vs-tijuana-jornada-4-estadio-nemesio-diez-vix', 'text': ''}","{'type': 'link', 'href': 'https://www.ligafemenil.mx/cancha/mxm/140293/eyJpZERpdmlzaW9uIjoiMTQiLCJpZFRlbXBvcmFkYSI6Ijc1IiwiaWRUb3JuZW8iOiIxIiwiaWRDbHVibG9jYWwiOiIxMTE4NyIsImlkQ2x1YnZpc2l0YSI6IjExMTgwIiwiaWRQYXJ0aWRvIjoiMTQwMjkzIiwicGVzdGFuYSI6IjQifQ==/minuto-a-minuto-toluca-vs-tijuana-jornada-4-estadio-nemesio-diez-vix', 'text': ''}","{'type': 'link', 'href': 'https://www.ligafemenil.mx/cancha/galeria/MTQwMjkzLzQvNzUvMS8xNA==/toluca-vs-tijuana', 'text': ''}","{'type': 'link', 'href': 'https://www.ligafemenil.mx/cancha/playlist/140293/toluca-vs-tijuana', 'text': ''}"
2024-2025,Apertura,"{'type': 'text', 'value': 'Martes 6 de Agosto de 2024\nTemporada 2024-2025\nTorneo Apertura\nJornada 4\n6 Agosto 2024 - 17:00 hrs.'}","{'type': 'link', 'href': 'https://www.ligafemenil.mx/cancha/club/11543/puebla-fc', 'text': ''}","{'type': 'link', 'href': 'https://www.ligafemenil.mx/cancha/informeArbitral/140294/eyJpZERpdmlzaW9uIjoiMTQiLCJpZFRlbXBvcmFkYSI6Ijc1IiwiaWRUb3JuZW8iOiIxIiwiaWRDbHVibG9jYWwiOjExNTQzLCJpZENsdWJ2aXNpdGEiOjExMTgyfQ==/informe-arbitral-puebla-fc-vs-guadalajara-jornada-4-estadio-cuauhtemoc-fox-sports', 'text': '0 - 1'}","{'type': 'link', 'href': 'https://www.ligafemenil.mx/cancha/club/11182/guadalajara', 'text': ''}","{'type': 'link', 'href': 'https://www.ligafemenil.mx/cancha/estadio/9/estadio-cuauhtemoc', 'text': 'Cuauhtémoc'}","{'type': 'link', 'href': 'https://www.ligafemenil.mx/cancha/mxm/140294/eyJpZERpdmlzaW9uIjoiMTQiLCJpZFRlbXBvcmFkYSI6Ijc1IiwiaWRUb3JuZW8iOiIxIiwiaWRDbHVibG9jYWwiOiIxMTU0MyIsImlkQ2x1YnZpc2l0YSI6IjExMTgyIiwiaWRQYXJ0aWRvIjoiMTQwMjk0IiwicGVzdGFuYSI6IjEifQ==/minuto-a-minuto-puebla-fc-vs-guadalajara-jornada-4-estadio-cuauhtemoc-fox-sports', 'text': ''}","{'type': 'link', 'href': 'https://www.ligafemenil.mx/cancha/mxm/140294/eyJpZERpdmlzaW9uIjoiMTQiLCJpZFRlbXBvcmFkYSI6Ijc1IiwiaWRUb3JuZW8iOiIxIiwiaWRDbHVibG9jYWwiOiIxMTU0MyIsImlkQ2x1YnZpc2l0YSI6IjExMTgyIiwiaWRQYXJ0aWRvIjoiMTQwMjk0IiwicGVzdGFuYSI6IjMifQ==/minuto-a-minuto-puebla-fc-vs-guadalajara-jornada-4-estadio-cuauhtemoc-fox-sports', 'text': ''}","{'type': 'link', 'href': 'https://www.ligafemenil.mx/cancha/informeArbitral/140294/eyJpZERpdmlzaW9uIjoiMTQiLCJpZFRlbXBvcmFkYSI6Ijc1IiwiaWRUb3JuZW8iOiIxIiwiaWRDbHVibG9jYWwiOiIxMTU0MyIsImlkQ2x1YnZpc2l0YSI6IjExMTgyIn0=/informe-arbitral-puebla-fc-vs-guadalajara-jornada-4-estadio-cuauhtemoc-fox-sports', 'text': ''}","{'type': 'link', 'href': 'https://www.ligafemenil.mx/cancha/mxm/140294/eyJpZERpdmlzaW9uIjoiMTQiLCJpZFRlbXBvcmFkYSI6Ijc1IiwiaWRUb3JuZW8iOiIxIiwiaWRDbHVibG9jYWwiOiIxMTU0MyIsImlkQ2x1YnZpc2l0YSI6IjExMTgyIiwiaWRQYXJ0aWRvIjoiMTQwMjk0IiwicGVzdGFuYSI6IjQifQ==/minuto-a-minuto-puebla-fc-vs-guadalajara-jornada-4-estadio-cuauhtemoc-fox-sports', 'text': ''}","{'type': 'link', 'href': 'https://www.ligafemenil.mx/cancha/galeria/MTQwMjk0LzQvNzUvMS8xNA==/puebla-fc-vs-guadalajara', 'text': ''}","{'type': 'link', 'href': 'https://www.ligafemenil.mx/cancha/playlist/140294/puebla-fc-vs-guadalajara', 'text': ''}"
2024-2025,Apertura,"{'type': 'text', 'value': 'Martes 6 de Agosto de 2024\nTemporada 2024-2025\nTorneo Apertura\nJornada 4\n6 Agosto 2024 - 19:06 hrs.'}","{'type': 'link', 'href': 'https://www.ligafemenil.mx/cancha/club/12042/gallos-blancos-de-queretaro', 'text': ''}","{'type': 'link', 'href': 'https://www.ligafemenil.mx/cancha/informeArbitral/140295/eyJpZERpdmlzaW9uIjoiMTQiLCJpZFRlbXBvcmFkYSI6Ijc1IiwiaWRUb3JuZW8iOiIxIiwiaWRDbHVibG9jYWwiOjEyMDQyLCJpZENsdWJ2aXNpdGEiOjExMTkxfQ==/informe-arbitral-gallos-blancos-de-queretaro-vs-america-jornada-4-estadio-olimpico-alameda-caliente-tv', 'text': '0 - 4'}","{'type': 'link', 'href': 'https://www.ligafemenil.mx/cancha/club/11191/america', 'text': ''}","{'type': 'link', 'href': 'https://www.ligafemenil.mx/cancha/estadio/1741/estadio-olimpico-alameda', 'text': 'Estadio Olímpico Alameda'}","{'type': 'link', 'href': 'https://www.ligafemenil.mx/cancha/mxm/140295/eyJpZERpdmlzaW9uIjoiMTQiLCJpZFRlbXBvcmFkYSI6Ijc1IiwiaWRUb3JuZW8iOiIxIiwiaWRDbHVibG9jYWwiOiIxMjA0MiIsImlkQ2x1YnZpc2l0YSI6IjExMTkxIiwiaWRQYXJ0aWRvIjoiMTQwMjk1IiwicGVzdGFuYSI6IjEifQ==/minuto-a-minuto-gallos-blancos-de-queretaro-vs-america-jornada-4-estadio-olimpico-alameda-caliente-tv', 'text': ''}","{'type': 'link', 'href': 'https://www.ligafemenil.mx/cancha/mxm/140295/eyJpZERpdmlzaW9uIjoiMTQiLCJpZFRlbXBvcmFkYSI6Ijc1IiwiaWRUb3JuZW8iOiIxIiwiaWRDbHVibG9jYWwiOiIxMjA0MiIsImlkQ2x1YnZpc2l0YSI6IjExMTkxIiwiaWRQYXJ0aWRvIjoiMTQwMjk1IiwicGVzdGFuYSI6IjMifQ==/minuto-a-minuto-gallos-blancos-de-queretaro-vs-america-jornada-4-estadio-olimpico-alameda-caliente-tv', 'text': ''}","{'type': 'link', 'href': 'https://www.ligafemenil.mx/cancha/informeArbitral/140295/eyJpZERpdmlzaW9uIjoiMTQiLCJpZFRlbXBvcmFkYSI6Ijc1IiwiaWRUb3JuZW8iOiIxIiwiaWRDbHVibG9jYWwiOiIxMjA0MiIsImlkQ2x1YnZpc2l0YSI6IjExMTkxIn0=/informe-arbitral-gallos-blancos-de-queretaro-vs-america-jornada-4-estadio-olimpico-alameda-caliente-tv', 'text': ''}","{'type': 'link', 'href': 'https://www.ligafemenil.mx/cancha/mxm/140295/eyJpZERpdmlzaW9uIjoiMTQiLCJpZFRlbXBvcmFkYSI6Ijc1IiwiaWRUb3JuZW8iOiIxIiwiaWRDbHVibG9jYWwiOiIxMjA0MiIsImlkQ2x1YnZpc2l0YSI6IjExMTkxIiwiaWRQYXJ0aWRvIjoiMTQwMjk1IiwicGVzdGFuYSI6IjQifQ==/minuto-a-minuto-gallos-blancos-de-queretaro-vs-america-jornada-4-estadio-olimpico-alameda-caliente-tv', 'text': ''}","{'type': 'link', 'href': 'https://www.ligafemenil.mx/cancha/galeria/MTQwMjk1LzQvNzUvMS8xNA==/gallos-blancos-de-queretaro-vs-america', 'text': ''}","{'type': 'link', 'href': 'https://www.ligafemenil.mx/cancha/playlist/140295/gallos-blancos-de-queretaro-vs-america', 'text': ''}"
2024-2025,Apertura,"{'type': 'text', 'value': 'Viernes 9 de Agosto de 2024\nTemporada 2024-2025\nTorneo Apertura\nJornada 5\n9 Agosto 2024 - 17:00 hrs.'}","{'type': 'link', 'href': 'https://www.ligafemenil.mx/cancha/club/11243/leon', 'text': ''}","{'type': 'link', 'href': 'https://www.ligafemenil.mx/cancha/informeArbitral/140296/eyJpZERpdmlzaW9uIjoiMTQiLCJpZFRlbXBvcmFkYSI6Ijc1IiwiaWRUb3JuZW8iOiIxIiwiaWRDbHVibG9jYWwiOjExMjQzLCJpZENsdWJ2aXNpdGEiOjExMTgxfQ==/informe-arbitral-leon-vs-cruz-azul-jornada-5-estadio-nou-camp-fox-sports', 'text': '1 - 0'}","{'type': 'link', 'href': 'https://www.ligafemenil.mx/cancha/club/11181/cruz-azul', 'text': ''}","{'type': 'link', 'href': 'https://www.ligafemenil.mx/cancha/estadio/23/estadio-nou-camp', 'text': 'Nou Camp'}","{'type': 'link', 'href': 'https://www.ligafemenil.mx/cancha/mxm/140296/eyJpZERpdmlzaW9uIjoiMTQiLCJpZFRlbXBvcmFkYSI6Ijc1IiwiaWRUb3JuZW8iOiIxIiwiaWRDbHVibG9jYWwiOiIxMTI0MyIsImlkQ2x1YnZpc2l0YSI6IjExMTgxIiwiaWRQYXJ0aWRvIjoiMTQwMjk2IiwicGVzdGFuYSI6IjEifQ==/minuto-a-minuto-leon-vs-cruz-azul-jornada-5-estadio-nou-camp-fox-sports', 'text': ''}","{'type': 'link', 'href': 'https://www.ligafemenil.mx/cancha/mxm/140296/eyJpZERpdmlzaW9uIjoiMTQiLCJpZFRlbXBvcmFkYSI6Ijc1IiwiaWRUb3JuZW8iOiIxIiwiaWRDbHVibG9jYWwiOiIxMTI0MyIsImlkQ2x1YnZpc2l0YSI6IjExMTgxIiwiaWRQYXJ0aWRvIjoiMTQwMjk2IiwicGVzdGFuYSI6IjMifQ==/minuto-a-minuto-leon-vs-cruz-azul-jornada-5-estadio-nou-camp-fox-sports', 'text': ''}","{'type': 'link', 'href': 'https://www.ligafemenil.mx/cancha/informeArbitral/140296/eyJpZERpdmlzaW9uIjoiMTQiLCJpZFRlbXBvcmFkYSI6Ijc1IiwiaWRUb3JuZW8iOiIxIiwiaWRDbHVibG9jYWwiOiIxMTI0MyIsImlkQ2x1YnZpc2l0YSI6IjExMTgxIn0=/informe-arbitral-leon-vs-cruz-azul-jornada-5-estadio-nou-camp-fox-sports', 'text': ''}","{'type': 'link', 'href': 'https://www.ligafemenil.mx/cancha/mxm/140296/eyJpZERpdmlzaW9uIjoiMTQiLCJpZFRlbXBvcmFkYSI6Ijc1IiwiaWRUb3JuZW8iOiIxIiwiaWRDbHVibG9jYWwiOiIxMTI0MyIsImlkQ2x1YnZpc2l0YSI6IjExMTgxIiwiaWRQYXJ0aWRvIjoiMTQwMjk2IiwicGVzdGFuYSI6IjQifQ==/minuto-a-minuto-leon-vs-cruz-azul-jornada-5-estadio-nou-camp-fox-sports', 'text': ''}","{'type': 'link', 'href': 'https://www.ligafemenil.mx/cancha/galeria/MTQwMjk2LzUvNzUvMS8xNA==/leon-vs-cruz-azul', 'text': ''}","{'type': 'link', 'href': 'https://www.ligafemenil.mx/cancha/playlist/140296/leon-vs-cruz-azul', 'text': ''}"
2024-2025,Apertura,"{'type': 'text', 'value': 'Viernes 9 de Agosto de 2024\nTemporada 2024-2025\nTorneo Apertura\nJornada 5\n9 Agosto 2024 - 19:00 hrs.'}","{'type': 'link', 'href': 'https://www.ligafemenil.mx/cancha/club/11188/pumas', 'text': ''}","{'type': 'link', 'href': 'https://www.ligafemenil.mx/cancha/informeArbitral/140298/eyJpZERpdmlzaW9uIjoiMTQiLCJpZFRlbXBvcmFkYSI6Ijc1IiwiaWRUb3JuZW8iOiIxIiwiaWRDbHVibG9jYWwiOjExMTg4LCJpZENsdWJ2aXNpdGEiOjExMTg0fQ==/informe-arbitral-pumas-vs-pachuca-jornada-5-estadio-olimpico-universitario-vix', 'text': '0 - 2'}","{'type': 'link', 'href': 'https://www.ligafemenil.mx/cancha/club/11184/pachuca', 'text': ''}","{'type': 'link', 'href': 'https://www.ligafemenil.mx/cancha/estadio/7/estadio-olimpico-universitario', 'text': 'Olímpico Universitario'}","{'type': 'link', 'href': 'https://www.ligafemenil.mx/cancha/mxm/140298/eyJpZERpdmlzaW9uIjoiMTQiLCJpZFRlbXBvcmFkYSI6Ijc1IiwiaWRUb3JuZW8iOiIxIiwiaWRDbHVibG9jYWwiOiIxMTE4OCIsImlkQ2x1YnZpc2l0YSI6IjExMTg0IiwiaWRQYXJ0aWRvIjoiMTQwMjk4IiwicGVzdGFuYSI6IjEifQ==/minuto-a-minuto-pumas-vs-pachuca-jornada-5-estadio-olimpico-universitario-vix', 'text': ''}","{'type': 'link', 'href': 'https://www.ligafemenil.mx/cancha/mxm/140298/eyJpZERpdmlzaW9uIjoiMTQiLCJpZFRlbXBvcmFkYSI6Ijc1IiwiaWRUb3JuZW8iOiIxIiwiaWRDbHVibG9jYWwiOiIxMTE4OCIsImlkQ2x1YnZpc2l0YSI6IjExMTg0IiwiaWRQYXJ0aWRvIjoiMTQwMjk4IiwicGVzdGFuYSI6IjMifQ==/minuto-a-minuto-pumas-vs-pachuca-jornada-5-estadio-olimpico-universitario-vix', 'text': ''}","{'type': 'link', 'href': 'https://www.ligafemenil.mx/cancha/informeArbitral/140298/eyJpZERpdmlzaW9uIjoiMTQiLCJpZFRlbXBvcmFkYSI6Ijc1IiwiaWRUb3JuZW8iOiIxIiwiaWRDbHVibG9jYWwiOiIxMTE4OCIsImlkQ2x1YnZpc2l0YSI6IjExMTg0In0=/informe-arbitral-pumas-vs-pachuca-jornada-5-estadio-olimpico-universitario-vix', 'text': ''}","{'type': 'link', 'href': 'https://www.ligafemenil.mx/cancha/mxm/140298/eyJpZERpdmlzaW9uIjoiMTQiLCJpZFRlbXBvcmFkYSI6Ijc1IiwiaWRUb3JuZW8iOiIxIiwiaWRDbHVibG9jYWwiOiIxMTE4OCIsImlkQ2x1YnZpc2l0YSI6IjExMTg0IiwiaWRQYXJ0aWRvIjoiMTQwMjk4IiwicGVzdGFuYSI6IjQifQ==/minuto-a-minuto-pumas-vs-pachuca-jornada-5-estadio-olimpico-universitario-vix', 'text': ''}","{'type': 'link', 'href': 'https://www.ligafemenil.mx/cancha/galeria/MTQwMjk4LzUvNzUvMS8xNA==/pumas-vs-pachuca', 'text': ''}","{'type': 'link', 'href': 'https://www.ligafemenil.mx/cancha/playlist/140298/pumas-vs-pachuca', 'text': ''}"
2024-2025,Apertura,"{'type': 'text', 'value': 'Viernes 9 de Agosto de 2024\nTemporada 2024-2025\nTorneo Apertura\nJornada 5\n9 Agosto 2024 - 20:06 hrs.'}","{'type': 'link', 'href': 'https://www.ligafemenil.mx/cancha/club/12051/mazatlan-fc', 'text': ''}","{'type': 'link', 'href': 'https://www.ligafemenil.mx/cancha/informeArbitral/140297/eyJpZERpdmlzaW9uIjoiMTQiLCJpZFRlbXBvcmFkYSI6Ijc1IiwiaWRUb3JuZW8iOiIxIiwiaWRDbHVibG9jYWwiOjEyMDUxLCJpZENsdWJ2aXNpdGEiOjExNzk1fQ==/informe-arbitral-mazatlan-fc-vs-fc-juarez-jornada-5-estadio-el-encanto-fox-sports', 'text': '0 - 6'}","{'type': 'link', 'href': 'https://www.ligafemenil.mx/cancha/club/11795/fc-juarez', 'text': ''}","{'type': 'link', 'href': 'https://www.ligafemenil.mx/cancha/estadio/1931/estadio-el-encanto', 'text': 'El Encanto'}","{'type': 'link', 'href': 'https://www.ligafemenil.mx/cancha/mxm/140297/eyJpZERpdmlzaW9uIjoiMTQiLCJpZFRlbXBvcmFkYSI6Ijc1IiwiaWRUb3JuZW8iOiIxIiwiaWRDbHVibG9jYWwiOiIxMjA1MSIsImlkQ2x1YnZpc2l0YSI6IjExNzk1IiwiaWRQYXJ0aWRvIjoiMTQwMjk3IiwicGVzdGFuYSI6IjEifQ==/minuto-a-minuto-mazatlan-fc-vs-fc-juarez-jornada-5-estadio-el-encanto-fox-sports', 'text': ''}","{'type': 'link', 'href': 'https://www.ligafemenil.mx/cancha/mxm/140297/eyJpZERpdmlzaW9uIjoiMTQiLCJpZFRlbXBvcmFkYSI6Ijc1IiwiaWRUb3JuZW8iOiIxIiwiaWRDbHVibG9jYWwiOiIxMjA1MSIsImlkQ2x1YnZpc2l0YSI6IjExNzk1IiwiaWRQYXJ0aWRvIjoiMTQwMjk3IiwicGVzdGFuYSI6IjMifQ==/minuto-a-minuto-mazatlan-fc-vs-fc-juarez-jornada-5-estadio-el-encanto-fox-sports', 'text': ''}","{'type': 'link', 'href': 'https://www.ligafemenil.mx/cancha/informeArbitral/140297/eyJpZERpdmlzaW9uIjoiMTQiLCJpZFRlbXBvcmFkYSI6Ijc1IiwiaWRUb3JuZW8iOiIxIiwiaWRDbHVibG9jYWwiOiIxMjA1MSIsImlkQ2x1YnZpc2l0YSI6IjExNzk1In0=/informe-arbitral-mazatlan-fc-vs-fc-juarez-jornada-5-estadio-el-encanto-fox-sports', 'text': ''}","{'type': 'link', 'href': 'https://www.ligafemenil.mx/cancha/mxm/140297/eyJpZERpdmlzaW9uIjoiMTQiLCJpZFRlbXBvcmFkYSI6Ijc1IiwiaWRUb3JuZW8iOiIxIiwiaWRDbHVibG9jYWwiOiIxMjA1MSIsImlkQ2x1YnZpc2l0YSI6IjExNzk1IiwiaWRQYXJ0aWRvIjoiMTQwMjk3IiwicGVzdGFuYSI6IjQifQ==/minuto-a-minuto-mazatlan-fc-vs-fc-juarez-jornada-5-estadio-el-encanto-fox-sports', 'text': ''}","{'type': 'link', 'href': 'https://www.ligafemenil.mx/cancha/galeria/MTQwMjk3LzUvNzUvMS8xNA==/mazatlan-fc-vs-fc-juarez', 'text': ''}","{'type': 'link', 'href': 'https://www.ligafemenil.mx/cancha/playlist/140297/mazatlan-fc-vs-fc-juarez', 'text': ''}"
2024-2025,Apertura,"{'type': 'text', 'value': 'Sábado 10 de Agosto de 2024\nTemporada 2024-2025\nTorneo Apertura\nJornada 5\n10 Agosto 2024 - 19:00 hrs.'}","{'type': 'link', 'href': 'https://www.ligafemenil.mx/cancha/club/11192/santos-laguna', 'text': ''}","{'type': 'link', 'href': 'https://www.ligafemenil.mx/cancha/informeArbitral/140299/eyJpZERpdmlzaW9uIjoiMTQiLCJpZFRlbXBvcmFkYSI6Ijc1IiwiaWRUb3JuZW8iOiIxIiwiaWRDbHVibG9jYWwiOjExMTkyLCJpZENsdWJ2aXNpdGEiOjExMjQ1fQ==/informe-arbitral-santos-laguna-vs-atlas-jornada-5-estadio-tsm-corona-caliente-tv', 'text': '0 - 3'}","{'type': 'link', 'href': 'https://www.ligafemenil.mx/cancha/club/11245/atlas', 'text': ''}","{'type': 'link', 'href': 'https://www.ligafemenil.mx/cancha/estadio/63/estadio-tsm-corona', 'text': 'TSM Corona'}","{'type': 'link', 'href': 'https://www.ligafemenil.mx/cancha/mxm/140299/eyJpZERpdmlzaW9uIjoiMTQiLCJpZFRlbXBvcmFkYSI6Ijc1IiwiaWRUb3JuZW8iOiIxIiwiaWRDbHVibG9jYWwiOiIxMTE5MiIsImlkQ2x1YnZpc2l0YSI6IjExMjQ1IiwiaWRQYXJ0aWRvIjoiMTQwMjk5IiwicGVzdGFuYSI6IjEifQ==/minuto-a-minuto-santos-laguna-vs-atlas-jornada-5-estadio-tsm-corona-caliente-tv', 'text': ''}","{'type': 'link', 'href': 'https://www.ligafemenil.mx/cancha/mxm/140299/eyJpZERpdmlzaW9uIjoiMTQiLCJpZFRlbXBvcmFkYSI6Ijc1IiwiaWRUb3JuZW8iOiIxIiwiaWRDbHVibG9jYWwiOiIxMTE5MiIsImlkQ2x1YnZpc2l0YSI6IjExMjQ1IiwiaWRQYXJ0aWRvIjoiMTQwMjk5IiwicGVzdGFuYSI6IjMifQ==/minuto-a-minuto-santos-laguna-vs-atlas-jornada-5-estadio-tsm-corona-caliente-tv', 'text': ''}","{'type': 'link', 'href': 'https://www.ligafemenil.mx/cancha/informeArbitral/140299/eyJpZERpdmlzaW9uIjoiMTQiLCJpZFRlbXBvcmFkYSI6Ijc1IiwiaWRUb3JuZW8iOiIxIiwiaWRDbHVibG9jYWwiOiIxMTE5MiIsImlkQ2x1YnZpc2l0YSI6IjExMjQ1In0=/informe-arbitral-santos-laguna-vs-atlas-jornada-5-estadio-tsm-corona-caliente-tv', 'text': ''}","{'type': 'link', 'href': 'https://www.ligafemenil.mx/cancha/mxm/140299/eyJpZERpdmlzaW9uIjoiMTQiLCJpZFRlbXBvcmFkYSI6Ijc1IiwiaWRUb3JuZW8iOiIxIiwiaWRDbHVibG9jYWwiOiIxMTE5MiIsImlkQ2x1YnZpc2l0YSI6IjExMjQ1IiwiaWRQYXJ0aWRvIjoiMTQwMjk5IiwicGVzdGFuYSI6IjQifQ==/minuto-a-minuto-santos-laguna-vs-atlas-jornada-5-estadio-tsm-corona-caliente-tv', 'text': ''}","{'type': 'link', 'href': 'https://www.ligafemenil.mx/cancha/galeria/MTQwMjk5LzUvNzUvMS8xNA==/santos-laguna-vs-atlas', 'text': ''}","{'type': 'link', 'href': 'https://www.ligafemenil.mx/cancha/playlist/140299/santos-laguna-vs-atlas', 'text': ''}"
2024-2025,Apertura,"{'type': 'text', 'value': 'Lunes 12 de Agosto de 2024\nTemporada 2024-2025\nTorneo Apertura\nJornada 5\n12 Agosto 2024 - 15:45 hrs.'}","{'type': 'link', 'href': 'https://www.ligafemenil.mx/cancha/club/11191/america', 'text': ''}","{'type': 'link', 'href': 'https://www.ligafemenil.mx/cancha/informeArbitral/140300/eyJpZERpdmlzaW9uIjoiMTQiLCJpZFRlbXBvcmFkYSI6Ijc1IiwiaWRUb3JuZW8iOiIxIiwiaWRDbHVibG9jYWwiOjExMTkxLCJpZENsdWJ2aXNpdGEiOjExMTg5fQ==/informe-arbitral-america-vs-necaxa-jornada-5-estadio-cancha-centenario-no-5-natural-instalaciones-club-america-vix', 'text': '4 - 0'}","{'type': 'link', 'href': 'https://www.ligafemenil.mx/cancha/club/11189/necaxa', 'text': ''}","{'type': 'link', 'href': 'https://www.ligafemenil.mx/cancha/estadio/1421/estadio-cancha-centenario-no-5-natural-instalaciones-club-america', 'text': 'Cancha Centenario No. 5 (Natural) Instalaciones Club América'}","{'type': 'link', 'href': 'https://www.ligafemenil.mx/cancha/mxm/140300/eyJpZERpdmlzaW9uIjoiMTQiLCJpZFRlbXBvcmFkYSI6Ijc1IiwiaWRUb3JuZW8iOiIxIiwiaWRDbHVibG9jYWwiOiIxMTE5MSIsImlkQ2x1YnZpc2l0YSI6IjExMTg5IiwiaWRQYXJ0aWRvIjoiMTQwMzAwIiwicGVzdGFuYSI6IjEifQ==/minuto-a-minuto-america-vs-necaxa-jornada-5-estadio-cancha-centenario-no-5-natural-instalaciones-club-america-vix', 'text': ''}","{'type': 'link', 'href': 'https://www.ligafemenil.mx/cancha/mxm/140300/eyJpZERpdmlzaW9uIjoiMTQiLCJpZFRlbXBvcmFkYSI6Ijc1IiwiaWRUb3JuZW8iOiIxIiwiaWRDbHVibG9jYWwiOiIxMTE5MSIsImlkQ2x1YnZpc2l0YSI6IjExMTg5IiwiaWRQYXJ0aWRvIjoiMTQwMzAwIiwicGVzdGFuYSI6IjMifQ==/minuto-a-minuto-america-vs-necaxa-jornada-5-estadio-cancha-centenario-no-5-natural-instalaciones-club-america-vix', 'text': ''}","{'type': 'link', 'href': 'https://www.ligafemenil.mx/cancha/informeArbitral/140300/eyJpZERpdmlzaW9uIjoiMTQiLCJpZFRlbXBvcmFkYSI6Ijc1IiwiaWRUb3JuZW8iOiIxIiwiaWRDbHVibG9jYWwiOiIxMTE5MSIsImlkQ2x1YnZpc2l0YSI6IjExMTg5In0=/informe-arbitral-america-vs-necaxa-jornada-5-estadio-cancha-centenario-no-5-natural-instalaciones-club-america-vix', 'text': ''}","{'type': 'link', 'href': 'https://www.ligafemenil.mx/cancha/mxm/140300/eyJpZERpdmlzaW9uIjoiMTQiLCJpZFRlbXBvcmFkYSI6Ijc1IiwiaWRUb3JuZW8iOiIxIiwiaWRDbHVibG9jYWwiOiIxMTE5MSIsImlkQ2x1YnZpc2l0YSI6IjExMTg5IiwiaWRQYXJ0aWRvIjoiMTQwMzAwIiwicGVzdGFuYSI6IjQifQ==/minuto-a-minuto-america-vs-necaxa-jornada-5-estadio-cancha-centenario-no-5-natural-instalaciones-club-america-vix', 'text': ''}","{'type': 'link', 'href': 'https://www.ligafemenil.mx/cancha/galeria/MTQwMzAwLzUvNzUvMS8xNA==/america-vs-necaxa', 'text': ''}","{'type': 'link', 'href': 'https://www.ligafemenil.mx/cancha/playlist/140300/america-vs-necaxa', 'text': ''}"
2024-2025,Apertura,"{'type': 'text', 'value': 'Lunes 12 de Agosto de 2024\nTemporada 2024-2025\nTorneo Apertura\nJornada 5\n12 Agosto 2024 - 18:00 hrs.'}","{'type': 'link', 'href': 'https://www.ligafemenil.mx/cancha/club/11187/toluca', 'text': ''}","{'type': 'link', 'href': 'https://www.ligafemenil.mx/cancha/informeArbitral/140301/eyJpZERpdmlzaW9uIjoiMTQiLCJpZFRlbXBvcmFkYSI6Ijc1IiwiaWRUb3JuZW8iOiIxIiwiaWRDbHVibG9jYWwiOjExMTg3LCJpZENsdWJ2aXNpdGEiOjExMTg2fQ==/informe-arbitral-toluca-vs-tigres-de-la-uanl-jornada-5-estadio-nemesio-diez-vix', 'text': '0 - 6'}","{'type': 'link', 'href': 'https://www.ligafemenil.mx/cancha/club/11186/tigres-de-la-uanl', 'text': ''}","{'type': 'link', 'href': 'https://www.ligafemenil.mx/cancha/estadio/6/estadio-nemesio-diez', 'text': 'Nemesio Diez'}","{'type': 'link', 'href': 'https://www.ligafemenil.mx/cancha/mxm/140301/eyJpZERpdmlzaW9uIjoiMTQiLCJpZFRlbXBvcmFkYSI6Ijc1IiwiaWRUb3JuZW8iOiIxIiwiaWRDbHVibG9jYWwiOiIxMTE4NyIsImlkQ2x1YnZpc2l0YSI6IjExMTg2IiwiaWRQYXJ0aWRvIjoiMTQwMzAxIiwicGVzdGFuYSI6IjEifQ==/minuto-a-minuto-toluca-vs-tigres-de-la-uanl-jornada-5-estadio-nemesio-diez-vix', 'text': ''}","{'type': 'link', 'href': 'https://www.ligafemenil.mx/cancha/mxm/140301/eyJpZERpdmlzaW9uIjoiMTQiLCJpZFRlbXBvcmFkYSI6Ijc1IiwiaWRUb3JuZW8iOiIxIiwiaWRDbHVibG9jYWwiOiIxMTE4NyIsImlkQ2x1YnZpc2l0YSI6IjExMTg2IiwiaWRQYXJ0aWRvIjoiMTQwMzAxIiwicGVzdGFuYSI6IjMifQ==/minuto-a-minuto-toluca-vs-tigres-de-la-uanl-jornada-5-estadio-nemesio-diez-vix', 'text': ''}","{'type': 'link', 'href': 'https://www.ligafemenil.mx/cancha/informeArbitral/140301/eyJpZERpdmlzaW9uIjoiMTQiLCJpZFRlbXBvcmFkYSI6Ijc1IiwiaWRUb3JuZW8iOiIxIiwiaWRDbHVibG9jYWwiOiIxMTE4NyIsImlkQ2x1YnZpc2l0YSI6IjExMTg2In0=/informe-arbitral-toluca-vs-tigres-de-la-uanl-jornada-5-estadio-nemesio-diez-vix', 'text': ''}","{'type': 'link', 'href': 'https://www.ligafemenil.mx/cancha/mxm/140301/eyJpZERpdmlzaW9uIjoiMTQiLCJpZFRlbXBvcmFkYSI6Ijc1IiwiaWRUb3JuZW8iOiIxIiwiaWRDbHVibG9jYWwiOiIxMTE4NyIsImlkQ2x1YnZpc2l0YSI6IjExMTg2IiwiaWRQYXJ0aWRvIjoiMTQwMzAxIiwicGVzdGFuYSI6IjQifQ==/minuto-a-minuto-toluca-vs-tigres-de-la-uanl-jornada-5-estadio-nemesio-diez-vix', 'text': ''}","{'type': 'link', 'href': 'https://www.ligafemenil.mx/cancha/galeria/MTQwMzAxLzUvNzUvMS8xNA==/toluca-vs-tigres-de-la-uanl', 'text': ''}","{'type': 'link', 'href': 'https://www.ligafemenil.mx/cancha/playlist/140301/toluca-vs-tigres-de-la-uanl', 'text': ''}"
2024-2025,Apertura,"{'type': 'text', 'value': 'Lunes 12 de Agosto de 2024\nTemporada 2024-2025\nTorneo Apertura\nJornada 5\n12 Agosto 2024 - 19:06 hrs.'}","{'type': 'link', 'href': 'https://www.ligafemenil.mx/cancha/club/11182/guadalajara', 'text': ''}","{'type': 'link', 'href': 'https://www.ligafemenil.mx/cancha/informeArbitral/140303/eyJpZERpdmlzaW9uIjoiMTQiLCJpZFRlbXBvcmFkYSI6Ijc1IiwiaWRUb3JuZW8iOiIxIiwiaWRDbHVibG9jYWwiOjExMTgyLCJpZENsdWJ2aXNpdGEiOjEyMDQyfQ==/informe-arbitral-guadalajara-vs-gallos-blancos-de-queretaro-jornada-5-estadio-akron-fox-sports', 'text': '0 - 0'}","{'type': 'link', 'href': 'https://www.ligafemenil.mx/cancha/club/12042/gallos-blancos-de-queretaro', 'text': ''}","{'type': 'link', 'href': 'https://www.ligafemenil.mx/cancha/estadio/1538/estadio-akron', 'text': 'Estadio AKRON'}","{'type': 'link', 'href': 'https://www.ligafemenil.mx/cancha/mxm/140303/eyJpZERpdmlzaW9uIjoiMTQiLCJpZFRlbXBvcmFkYSI6Ijc1IiwiaWRUb3JuZW8iOiIxIiwiaWRDbHVibG9jYWwiOiIxMTE4MiIsImlkQ2x1YnZpc2l0YSI6IjEyMDQyIiwiaWRQYXJ0aWRvIjoiMTQwMzAzIiwicGVzdGFuYSI6IjEifQ==/minuto-a-minuto-guadalajara-vs-gallos-blancos-de-queretaro-jornada-5-estadio-akron-fox-sports', 'text': ''}","{'type': 'link', 'href': 'https://www.ligafemenil.mx/cancha/mxm/140303/eyJpZERpdmlzaW9uIjoiMTQiLCJpZFRlbXBvcmFkYSI6Ijc1IiwiaWRUb3JuZW8iOiIxIiwiaWRDbHVibG9jYWwiOiIxMTE4MiIsImlkQ2x1YnZpc2l0YSI6IjEyMDQyIiwiaWRQYXJ0aWRvIjoiMTQwMzAzIiwicGVzdGFuYSI6IjMifQ==/minuto-a-minuto-guadalajara-vs-gallos-blancos-de-queretaro-jornada-5-estadio-akron-fox-sports', 'text': ''}","{'type': 'link', 'href': 'https://www.ligafemenil.mx/cancha/informeArbitral/140303/eyJpZERpdmlzaW9uIjoiMTQiLCJpZFRlbXBvcmFkYSI6Ijc1IiwiaWRUb3JuZW8iOiIxIiwiaWRDbHVibG9jYWwiOiIxMTE4MiIsImlkQ2x1YnZpc2l0YSI6IjEyMDQyIn0=/informe-arbitral-guadalajara-vs-gallos-blancos-de-queretaro-jornada-5-estadio-akron-fox-sports', 'text': ''}","{'type': 'link', 'href': 'https://www.ligafemenil.mx/cancha/mxm/140303/eyJpZERpdmlzaW9uIjoiMTQiLCJpZFRlbXBvcmFkYSI6Ijc1IiwiaWRUb3JuZW8iOiIxIiwiaWRDbHVibG9jYWwiOiIxMTE4MiIsImlkQ2x1YnZpc2l0YSI6IjEyMDQyIiwiaWRQYXJ0aWRvIjoiMTQwMzAzIiwicGVzdGFuYSI6IjQifQ==/minuto-a-minuto-guadalajara-vs-gallos-blancos-de-queretaro-jornada-5-estadio-akron-fox-sports', 'text': ''}","{'type': 'link', 'href': 'https://www.ligafemenil.mx/cancha/galeria/MTQwMzAzLzUvNzUvMS8xNA==/guadalajara-vs-gallos-blancos-de-queretaro', 'text': ''}","{'type': 'link', 'href': 'https://www.ligafemenil.mx/cancha/playlist/140303/guadalajara-vs-gallos-blancos-de-queretaro', 'text': ''}"
2024-2025,Apertura,"{'type': 'text', 'value': 'Lunes 12 de Agosto de 2024\nTemporada 2024-2025\nTorneo Apertura\nJornada 5\n12 Agosto 2024 - 20:00 hrs.'}","{'type': 'link', 'href': 'https://www.ligafemenil.mx/cancha/club/11185/rayados-de-monterrey', 'text': ''}","{'type': 'link', 'href': 'https://www.ligafemenil.mx/cancha/informeArbitral/140304/eyJpZERpdmlzaW9uIjoiMTQiLCJpZFRlbXBvcmFkYSI6Ijc1IiwiaWRUb3JuZW8iOiIxIiwiaWRDbHVibG9jYWwiOjExMTg1LCJpZENsdWJ2aXNpdGEiOjExNzc4fQ==/informe-arbitral-rayados-de-monterrey-vs-club-atletico-de-san-luis-jornada-5-estadio-bbva-vix', 'text': '1 - 0'}","{'type': 'link', 'href': 'https://www.ligafemenil.mx/cancha/club/11778/club-atletico-de-san-luis', 'text': ''}","{'type': 'link', 'href': 'https://www.ligafemenil.mx/cancha/estadio/1608/estadio-bbva', 'text': 'Estadio BBVA'}","{'type': 'link', 'href': 'https://www.ligafemenil.mx/cancha/mxm/140304/eyJpZERpdmlzaW9uIjoiMTQiLCJpZFRlbXBvcmFkYSI6Ijc1IiwiaWRUb3JuZW8iOiIxIiwiaWRDbHVibG9jYWwiOiIxMTE4NSIsImlkQ2x1YnZpc2l0YSI6IjExNzc4IiwiaWRQYXJ0aWRvIjoiMTQwMzA0IiwicGVzdGFuYSI6IjEifQ==/minuto-a-minuto-rayados-de-monterrey-vs-club-atletico-de-san-luis-jornada-5-estadio-bbva-vix', 'text': ''}","{'type': 'link', 'href': 'https://www.ligafemenil.mx/cancha/mxm/140304/eyJpZERpdmlzaW9uIjoiMTQiLCJpZFRlbXBvcmFkYSI6Ijc1IiwiaWRUb3JuZW8iOiIxIiwiaWRDbHVibG9jYWwiOiIxMTE4NSIsImlkQ2x1YnZpc2l0YSI6IjExNzc4IiwiaWRQYXJ0aWRvIjoiMTQwMzA0IiwicGVzdGFuYSI6IjMifQ==/minuto-a-minuto-rayados-de-monterrey-vs-club-atletico-de-san-luis-jornada-5-estadio-bbva-vix', 'text': ''}","{'type': 'link', 'href': 'https://www.ligafemenil.mx/cancha/informeArbitral/140304/eyJpZERpdmlzaW9uIjoiMTQiLCJpZFRlbXBvcmFkYSI6Ijc1IiwiaWRUb3JuZW8iOiIxIiwiaWRDbHVibG9jYWwiOiIxMTE4NSIsImlkQ2x1YnZpc2l0YSI6IjExNzc4In0=/informe-arbitral-rayados-de-monterrey-vs-club-atletico-de-san-luis-jornada-5-estadio-bbva-vix', 'text': ''}","{'type': 'link', 'href': 'https://www.ligafemenil.mx/cancha/mxm/140304/eyJpZERpdmlzaW9uIjoiMTQiLCJpZFRlbXBvcmFkYSI6Ijc1IiwiaWRUb3JuZW8iOiIxIiwiaWRDbHVibG9jYWwiOiIxMTE4NSIsImlkQ2x1YnZpc2l0YSI6IjExNzc4IiwiaWRQYXJ0aWRvIjoiMTQwMzA0IiwicGVzdGFuYSI6IjQifQ==/minuto-a-minuto-rayados-de-monterrey-vs-club-atletico-de-san-luis-jornada-5-estadio-bbva-vix', 'text': ''}","{'type': 'link', 'href': 'https://www.ligafemenil.mx/cancha/galeria/MTQwMzA0LzUvNzUvMS8xNA==/rayados-de-monterrey-vs-club-atletico-de-san-luis', 'text': ''}","{'type': 'link', 'href': 'https://www.ligafemenil.mx/cancha/playlist/140304/rayados-de-monterrey-vs-club-atletico-de-san-luis', 'text': ''}"
2024-2025,Apertura,"{'type': 'text', 'value': 'Lunes 12 de Agosto de 2024\nTemporada 2024-2025\nTorneo Apertura\nJornada 5\n12 Agosto 2024 - 20:10 hrs.'}","{'type': 'link', 'href': 'https://www.ligafemenil.mx/cancha/club/11180/tijuana', 'text': ''}","{'type': 'link', 'href': 'https://www.ligafemenil.mx/cancha/informeArbitral/140305/eyJpZERpdmlzaW9uIjoiMTQiLCJpZFRlbXBvcmFkYSI6Ijc1IiwiaWRUb3JuZW8iOiIxIiwiaWRDbHVibG9jYWwiOjExMTgwLCJpZENsdWJ2aXNpdGEiOjExNTQzfQ==/informe-arbitral-tijuana-vs-puebla-fc-jornada-5-estadio-caliente-caliente-tv', 'text': '3 - 2'}","{'type': 'link', 'href': 'https://www.ligafemenil.mx/cancha/club/11543/puebla-fc', 'text': ''}","{'type': 'link', 'href': 'https://www.ligafemenil.mx/cancha/estadio/48/estadio-caliente', 'text': 'Caliente'}","{'type': 'link', 'href': 'https://www.ligafemenil.mx/cancha/mxm/140305/eyJpZERpdmlzaW9uIjoiMTQiLCJpZFRlbXBvcmFkYSI6Ijc1IiwiaWRUb3JuZW8iOiIxIiwiaWRDbHVibG9jYWwiOiIxMTE4MCIsImlkQ2x1YnZpc2l0YSI6IjExNTQzIiwiaWRQYXJ0aWRvIjoiMTQwMzA1IiwicGVzdGFuYSI6IjEifQ==/minuto-a-minuto-tijuana-vs-puebla-fc-jornada-5-estadio-caliente-caliente-tv', 'text': ''}","{'type': 'link', 'href': 'https://www.ligafemenil.mx/cancha/mxm/140305/eyJpZERpdmlzaW9uIjoiMTQiLCJpZFRlbXBvcmFkYSI6Ijc1IiwiaWRUb3JuZW8iOiIxIiwiaWRDbHVibG9jYWwiOiIxMTE4MCIsImlkQ2x1YnZpc2l0YSI6IjExNTQzIiwiaWRQYXJ0aWRvIjoiMTQwMzA1IiwicGVzdGFuYSI6IjMifQ==/minuto-a-minuto-tijuana-vs-puebla-fc-jornada-5-estadio-caliente-caliente-tv', 'text': ''}","{'type': 'link', 'href': 'https://www.ligafemenil.mx/cancha/informeArbitral/140305/eyJpZERpdmlzaW9uIjoiMTQiLCJpZFRlbXBvcmFkYSI6Ijc1IiwiaWRUb3JuZW8iOiIxIiwiaWRDbHVibG9jYWwiOiIxMTE4MCIsImlkQ2x1YnZpc2l0YSI6IjExNTQzIn0=/informe-arbitral-tijuana-vs-puebla-fc-jornada-5-estadio-caliente-caliente-tv', 'text': ''}","{'type': 'link', 'href': 'https://www.ligafemenil.mx/cancha/mxm/140305/eyJpZERpdmlzaW9uIjoiMTQiLCJpZFRlbXBvcmFkYSI6Ijc1IiwiaWRUb3JuZW8iOiIxIiwiaWRDbHVibG9jYWwiOiIxMTE4MCIsImlkQ2x1YnZpc2l0YSI6IjExNTQzIiwiaWRQYXJ0aWRvIjoiMTQwMzA1IiwicGVzdGFuYSI6IjQifQ==/minuto-a-minuto-tijuana-vs-puebla-fc-jornada-5-estadio-caliente-caliente-tv', 'text': ''}","{'type': 'link', 'href': 'https://www.ligafemenil.mx/cancha/galeria/MTQwMzA1LzUvNzUvMS8xNA==/tijuana-vs-puebla-fc', 'text': ''}","{'type': 'link', 'href': 'https://www.ligafemenil.mx/cancha/playlist/140305/tijuana-vs-puebla-fc', 'text': ''}"
2024-2025,Apertura,"{'type': 'text', 'value': 'Viernes 16 de Agosto de 2024\nTemporada 2024-2025\nTorneo Apertura\nJornada 6\n16 Agosto 2024 - 17:00 hrs.'}","{'type': 'link', 'href': 'https://www.ligafemenil.mx/cancha/club/11189/necaxa', 'text': ''}","{'type': 'link', 'href': 'https://www.ligafemenil.mx/cancha/informeArbitral/140306/eyJpZERpdmlzaW9uIjoiMTQiLCJpZFRlbXBvcmFkYSI6Ijc1IiwiaWRUb3JuZW8iOiIxIiwiaWRDbHVibG9jYWwiOjExMTg5LCJpZENsdWJ2aXNpdGEiOjEyMDUxfQ==/informe-arbitral-necaxa-vs-mazatlan-fc-jornada-6-estadio-victoria-vix', 'text': '1 - 2'}","{'type': 'link', 'href': 'https://www.ligafemenil.mx/cancha/club/12051/mazatlan-fc', 'text': ''}","{'type': 'link', 'href': 'https://www.ligafemenil.mx/cancha/estadio/15/estadio-victoria', 'text': 'Victoria'}","{'type': 'link', 'href': 'https://www.ligafemenil.mx/cancha/mxm/140306/eyJpZERpdmlzaW9uIjoiMTQiLCJpZFRlbXBvcmFkYSI6Ijc1IiwiaWRUb3JuZW8iOiIxIiwiaWRDbHVibG9jYWwiOiIxMTE4OSIsImlkQ2x1YnZpc2l0YSI6IjEyMDUxIiwiaWRQYXJ0aWRvIjoiMTQwMzA2IiwicGVzdGFuYSI6IjEifQ==/minuto-a-minuto-necaxa-vs-mazatlan-fc-jornada-6-estadio-victoria-vix', 'text': ''}","{'type': 'link', 'href': 'https://www.ligafemenil.mx/cancha/mxm/140306/eyJpZERpdmlzaW9uIjoiMTQiLCJpZFRlbXBvcmFkYSI6Ijc1IiwiaWRUb3JuZW8iOiIxIiwiaWRDbHVibG9jYWwiOiIxMTE4OSIsImlkQ2x1YnZpc2l0YSI6IjEyMDUxIiwiaWRQYXJ0aWRvIjoiMTQwMzA2IiwicGVzdGFuYSI6IjMifQ==/minuto-a-minuto-necaxa-vs-mazatlan-fc-jornada-6-estadio-victoria-vix', 'text': ''}","{'type': 'link', 'href': 'https://www.ligafemenil.mx/cancha/informeArbitral/140306/eyJpZERpdmlzaW9uIjoiMTQiLCJpZFRlbXBvcmFkYSI6Ijc1IiwiaWRUb3JuZW8iOiIxIiwiaWRDbHVibG9jYWwiOiIxMTE4OSIsImlkQ2x1YnZpc2l0YSI6IjEyMDUxIn0=/informe-arbitral-necaxa-vs-mazatlan-fc-jornada-6-estadio-victoria-vix', 'text': ''}","{'type': 'link', 'href': 'https://www.ligafemenil.mx/cancha/mxm/140306/eyJpZERpdmlzaW9uIjoiMTQiLCJpZFRlbXBvcmFkYSI6Ijc1IiwiaWRUb3JuZW8iOiIxIiwiaWRDbHVibG9jYWwiOiIxMTE4OSIsImlkQ2x1YnZpc2l0YSI6IjEyMDUxIiwiaWRQYXJ0aWRvIjoiMTQwMzA2IiwicGVzdGFuYSI6IjQifQ==/minuto-a-minuto-necaxa-vs-mazatlan-fc-jornada-6-estadio-victoria-vix', 'text': ''}","{'type': 'link', 'href': 'https://www.ligafemenil.mx/cancha/galeria/MTQwMzA2LzYvNzUvMS8xNA==/necaxa-vs-mazatlan-fc', 'text': ''}","{'type': 'link', 'href': 'https://www.ligafemenil.mx/cancha/playlist/140306/necaxa-vs-mazatlan-fc', 'text': ''}"
2024-2025,Apertura,"{'type': 'text', 'value': 'Viernes 16 de Agosto de 2024\nTemporada 2024-2025\nTorneo Apertura\nJornada 6\n16 Agosto 2024 - 19:00 hrs.'}","{'type': 'link', 'href': 'https://www.ligafemenil.mx/cancha/club/11245/atlas', 'text': ''}","{'type': 'link', 'href': 'https://www.ligafemenil.mx/cancha/informeArbitral/140307/eyJpZERpdmlzaW9uIjoiMTQiLCJpZFRlbXBvcmFkYSI6Ijc1IiwiaWRUb3JuZW8iOiIxIiwiaWRDbHVibG9jYWwiOjExMjQ1LCJpZENsdWJ2aXNpdGEiOjExMTgwfQ==/informe-arbitral-atlas-vs-tijuana-jornada-6-estadio-jalisco-caliente-tv', 'text': '3 - 1'}","{'type': 'link', 'href': 'https://www.ligafemenil.mx/cancha/club/11180/tijuana', 'text': ''}","{'type': 'link', 'href': 'https://www.ligafemenil.mx/cancha/estadio/5/estadio-jalisco', 'text': 'Jalisco'}","{'type': 'link', 'href': 'https://www.ligafemenil.mx/cancha/mxm/140307/eyJpZERpdmlzaW9uIjoiMTQiLCJpZFRlbXBvcmFkYSI6Ijc1IiwiaWRUb3JuZW8iOiIxIiwiaWRDbHVibG9jYWwiOiIxMTI0NSIsImlkQ2x1YnZpc2l0YSI6IjExMTgwIiwiaWRQYXJ0aWRvIjoiMTQwMzA3IiwicGVzdGFuYSI6IjEifQ==/minuto-a-minuto-atlas-vs-tijuana-jornada-6-estadio-jalisco-caliente-tv', 'text': ''}","{'type': 'link', 'href': 'https://www.ligafemenil.mx/cancha/mxm/140307/eyJpZERpdmlzaW9uIjoiMTQiLCJpZFRlbXBvcmFkYSI6Ijc1IiwiaWRUb3JuZW8iOiIxIiwiaWRDbHVibG9jYWwiOiIxMTI0NSIsImlkQ2x1YnZpc2l0YSI6IjExMTgwIiwiaWRQYXJ0aWRvIjoiMTQwMzA3IiwicGVzdGFuYSI6IjMifQ==/minuto-a-minuto-atlas-vs-tijuana-jornada-6-estadio-jalisco-caliente-tv', 'text': ''}","{'type': 'link', 'href': 'https://www.ligafemenil.mx/cancha/informeArbitral/140307/eyJpZERpdmlzaW9uIjoiMTQiLCJpZFRlbXBvcmFkYSI6Ijc1IiwiaWRUb3JuZW8iOiIxIiwiaWRDbHVibG9jYWwiOiIxMTI0NSIsImlkQ2x1YnZpc2l0YSI6IjExMTgwIn0=/informe-arbitral-atlas-vs-tijuana-jornada-6-estadio-jalisco-caliente-tv', 'text': ''}","{'type': 'link', 'href': 'https://www.ligafemenil.mx/cancha/mxm/140307/eyJpZERpdmlzaW9uIjoiMTQiLCJpZFRlbXBvcmFkYSI6Ijc1IiwiaWRUb3JuZW8iOiIxIiwiaWRDbHVibG9jYWwiOiIxMTI0NSIsImlkQ2x1YnZpc2l0YSI6IjExMTgwIiwiaWRQYXJ0aWRvIjoiMTQwMzA3IiwicGVzdGFuYSI6IjQifQ==/minuto-a-minuto-atlas-vs-tijuana-jornada-6-estadio-jalisco-caliente-tv', 'text': ''}","{'type': 'link', 'href': 'https://www.ligafemenil.mx/cancha/galeria/MTQwMzA3LzYvNzUvMS8xNA==/atlas-vs-tijuana', 'text': ''}","{'type': 'link', 'href': 'https://www.ligafemenil.mx/cancha/playlist/140307/atlas-vs-tijuana', 'text': ''}"
2024-2025,Apertura,"{'type': 'text', 'value': 'Viernes 16 de Agosto de 2024\nTemporada 2024-2025\nTorneo Apertura\nJornada 6\n16 Agosto 2024 - 21:06 hrs.'}","{'type': 'link', 'href': 'https://www.ligafemenil.mx/cancha/club/11795/fc-juarez', 'text': ''}","{'type': 'link', 'href': 'https://www.ligafemenil.mx/cancha/informeArbitral/140308/eyJpZERpdmlzaW9uIjoiMTQiLCJpZFRlbXBvcmFkYSI6Ijc1IiwiaWRUb3JuZW8iOiIxIiwiaWRDbHVibG9jYWwiOjExNzk1LCJpZENsdWJ2aXNpdGEiOjExMTg1fQ==/informe-arbitral-fc-juarez-vs-rayados-de-monterrey-jornada-6-estadio-olimpico-benito-juarez-fox-sports', 'text': '0 - 1'}","{'type': 'link', 'href': 'https://www.ligafemenil.mx/cancha/club/11185/rayados-de-monterrey', 'text': ''}","{'type': 'link', 'href': 'https://www.ligafemenil.mx/cancha/estadio/17/estadio-olimpico-benito-juarez', 'text': 'Olímpico Benito Juárez'}","{'type': 'link', 'href': 'https://www.ligafemenil.mx/cancha/mxm/140308/eyJpZERpdmlzaW9uIjoiMTQiLCJpZFRlbXBvcmFkYSI6Ijc1IiwiaWRUb3JuZW8iOiIxIiwiaWRDbHVibG9jYWwiOiIxMTc5NSIsImlkQ2x1YnZpc2l0YSI6IjExMTg1IiwiaWRQYXJ0aWRvIjoiMTQwMzA4IiwicGVzdGFuYSI6IjEifQ==/minuto-a-minuto-fc-juarez-vs-rayados-de-monterrey-jornada-6-estadio-olimpico-benito-juarez-fox-sports', 'text': ''}","{'type': 'link', 'href': 'https://www.ligafemenil.mx/cancha/mxm/140308/eyJpZERpdmlzaW9uIjoiMTQiLCJpZFRlbXBvcmFkYSI6Ijc1IiwiaWRUb3JuZW8iOiIxIiwiaWRDbHVibG9jYWwiOiIxMTc5NSIsImlkQ2x1YnZpc2l0YSI6IjExMTg1IiwiaWRQYXJ0aWRvIjoiMTQwMzA4IiwicGVzdGFuYSI6IjMifQ==/minuto-a-minuto-fc-juarez-vs-rayados-de-monterrey-jornada-6-estadio-olimpico-benito-juarez-fox-sports', 'text': ''}","{'type': 'link', 'href': 'https://www.ligafemenil.mx/cancha/informeArbitral/140308/eyJpZERpdmlzaW9uIjoiMTQiLCJpZFRlbXBvcmFkYSI6Ijc1IiwiaWRUb3JuZW8iOiIxIiwiaWRDbHVibG9jYWwiOiIxMTc5NSIsImlkQ2x1YnZpc2l0YSI6IjExMTg1In0=/informe-arbitral-fc-juarez-vs-rayados-de-monterrey-jornada-6-estadio-olimpico-benito-juarez-fox-sports', 'text': ''}","{'type': 'link', 'href': 'https://www.ligafemenil.mx/cancha/mxm/140308/eyJpZERpdmlzaW9uIjoiMTQiLCJpZFRlbXBvcmFkYSI6Ijc1IiwiaWRUb3JuZW8iOiIxIiwiaWRDbHVibG9jYWwiOiIxMTc5NSIsImlkQ2x1YnZpc2l0YSI6IjExMTg1IiwiaWRQYXJ0aWRvIjoiMTQwMzA4IiwicGVzdGFuYSI6IjQifQ==/minuto-a-minuto-fc-juarez-vs-rayados-de-monterrey-jornada-6-estadio-olimpico-benito-juarez-fox-sports', 'text': ''}","{'type': 'link', 'href': 'https://www.ligafemenil.mx/cancha/galeria/MTQwMzA4LzYvNzUvMS8xNA==/fc-juarez-vs-rayados-de-monterrey', 'text': ''}","{'type': 'link', 'href': 'https://www.ligafemenil.mx/cancha/playlist/140308/fc-juarez-vs-rayados-de-monterrey', 'text': ''}"
2024-2025,Apertura,"{'type': 'text', 'value': 'Sábado 17 de Agosto de 2024\nTemporada 2024-2025\nTorneo Apertura\nJornada 6\n17 Agosto 2024 - 12:00 hrs.'}","{'type': 'link', 'href': 'https://www.ligafemenil.mx/cancha/club/11181/cruz-azul', 'text': ''}","{'type': 'link', 'href': 'https://www.ligafemenil.mx/cancha/informeArbitral/140309/eyJpZERpdmlzaW9uIjoiMTQiLCJpZFRlbXBvcmFkYSI6Ijc1IiwiaWRUb3JuZW8iOiIxIiwiaWRDbHVibG9jYWwiOjExMTgxLCJpZENsdWJ2aXNpdGEiOjExMTkyfQ==/informe-arbitral-cruz-azul-vs-santos-laguna-jornada-6-estadio-instalaciones-la-noria-vix', 'text': '4 - 1'}","{'type': 'link', 'href': 'https://www.ligafemenil.mx/cancha/club/11192/santos-laguna', 'text': ''}","{'type': 'link', 'href': 'https://www.ligafemenil.mx/cancha/estadio/877/estadio-instalaciones-la-noria', 'text': 'INSTALACIONES LA NORIA'}","{'type': 'link', 'href': 'https://www.ligafemenil.mx/cancha/mxm/140309/eyJpZERpdmlzaW9uIjoiMTQiLCJpZFRlbXBvcmFkYSI6Ijc1IiwiaWRUb3JuZW8iOiIxIiwiaWRDbHVibG9jYWwiOiIxMTE4MSIsImlkQ2x1YnZpc2l0YSI6IjExMTkyIiwiaWRQYXJ0aWRvIjoiMTQwMzA5IiwicGVzdGFuYSI6IjEifQ==/minuto-a-minuto-cruz-azul-vs-santos-laguna-jornada-6-estadio-instalaciones-la-noria-vix', 'text': ''}","{'type': 'link', 'href': 'https://www.ligafemenil.mx/cancha/mxm/140309/eyJpZERpdmlzaW9uIjoiMTQiLCJpZFRlbXBvcmFkYSI6Ijc1IiwiaWRUb3JuZW8iOiIxIiwiaWRDbHVibG9jYWwiOiIxMTE4MSIsImlkQ2x1YnZpc2l0YSI6IjExMTkyIiwiaWRQYXJ0aWRvIjoiMTQwMzA5IiwicGVzdGFuYSI6IjMifQ==/minuto-a-minuto-cruz-azul-vs-santos-laguna-jornada-6-estadio-instalaciones-la-noria-vix', 'text': ''}","{'type': 'link', 'href': 'https://www.ligafemenil.mx/cancha/informeArbitral/140309/eyJpZERpdmlzaW9uIjoiMTQiLCJpZFRlbXBvcmFkYSI6Ijc1IiwiaWRUb3JuZW8iOiIxIiwiaWRDbHVibG9jYWwiOiIxMTE4MSIsImlkQ2x1YnZpc2l0YSI6IjExMTkyIn0=/informe-arbitral-cruz-azul-vs-santos-laguna-jornada-6-estadio-instalaciones-la-noria-vix', 'text': ''}","{'type': 'link', 'href': 'https://www.ligafemenil.mx/cancha/mxm/140309/eyJpZERpdmlzaW9uIjoiMTQiLCJpZFRlbXBvcmFkYSI6Ijc1IiwiaWRUb3JuZW8iOiIxIiwiaWRDbHVibG9jYWwiOiIxMTE4MSIsImlkQ2x1YnZpc2l0YSI6IjExMTkyIiwiaWRQYXJ0aWRvIjoiMTQwMzA5IiwicGVzdGFuYSI6IjQifQ==/minuto-a-minuto-cruz-azul-vs-santos-laguna-jornada-6-estadio-instalaciones-la-noria-vix', 'text': ''}","{'type': 'link', 'href': 'https://www.ligafemenil.mx/cancha/galeria/MTQwMzA5LzYvNzUvMS8xNA==/cruz-azul-vs-santos-laguna', 'text': ''}","{'type': 'link', 'href': 'https://www.ligafemenil.mx/cancha/playlist/140309/cruz-azul-vs-santos-laguna', 'text': ''}"
2024-2025,Apertura,"{'type': 'text', 'value': 'Sábado 17 de Agosto de 2024\nTemporada 2024-2025\nTorneo Apertura\nJornada 6\n17 Agosto 2024 - 17:00 hrs.'}","{'type': 'link', 'href': 'https://www.ligafemenil.mx/cancha/club/11543/puebla-fc', 'text': ''}","{'type': 'link', 'href': 'https://www.ligafemenil.mx/cancha/informeArbitral/140310/eyJpZERpdmlzaW9uIjoiMTQiLCJpZFRlbXBvcmFkYSI6Ijc1IiwiaWRUb3JuZW8iOiIxIiwiaWRDbHVibG9jYWwiOjExNTQzLCJpZENsdWJ2aXNpdGEiOjExMTkxfQ==/informe-arbitral-puebla-fc-vs-america-jornada-6-estadio-cuauhtemoc-fox-sports', 'text': '0 - 0'}","{'type': 'link', 'href': 'https://www.ligafemenil.mx/cancha/club/11191/america', 'text': ''}","{'type': 'link', 'href': 'https://www.ligafemenil.mx/cancha/estadio/9/estadio-cuauhtemoc', 'text': 'Cuauhtémoc'}","{'type': 'link', 'href': 'https://www.ligafemenil.mx/cancha/mxm/140310/eyJpZERpdmlzaW9uIjoiMTQiLCJpZFRlbXBvcmFkYSI6Ijc1IiwiaWRUb3JuZW8iOiIxIiwiaWRDbHVibG9jYWwiOiIxMTU0MyIsImlkQ2x1YnZpc2l0YSI6IjExMTkxIiwiaWRQYXJ0aWRvIjoiMTQwMzEwIiwicGVzdGFuYSI6IjEifQ==/minuto-a-minuto-puebla-fc-vs-america-jornada-6-estadio-cuauhtemoc-fox-sports', 'text': ''}","{'type': 'link', 'href': 'https://www.ligafemenil.mx/cancha/mxm/140310/eyJpZERpdmlzaW9uIjoiMTQiLCJpZFRlbXBvcmFkYSI6Ijc1IiwiaWRUb3JuZW8iOiIxIiwiaWRDbHVibG9jYWwiOiIxMTU0MyIsImlkQ2x1YnZpc2l0YSI6IjExMTkxIiwiaWRQYXJ0aWRvIjoiMTQwMzEwIiwicGVzdGFuYSI6IjMifQ==/minuto-a-minuto-puebla-fc-vs-america-jornada-6-estadio-cuauhtemoc-fox-sports', 'text': ''}","{'type': 'link', 'href': 'https://www.ligafemenil.mx/cancha/informeArbitral/140310/eyJpZERpdmlzaW9uIjoiMTQiLCJpZFRlbXBvcmFkYSI6Ijc1IiwiaWRUb3JuZW8iOiIxIiwiaWRDbHVibG9jYWwiOiIxMTU0MyIsImlkQ2x1YnZpc2l0YSI6IjExMTkxIn0=/informe-arbitral-puebla-fc-vs-america-jornada-6-estadio-cuauhtemoc-fox-sports', 'text': ''}","{'type': 'link', 'href': 'https://www.ligafemenil.mx/cancha/mxm/140310/eyJpZERpdmlzaW9uIjoiMTQiLCJpZFRlbXBvcmFkYSI6Ijc1IiwiaWRUb3JuZW8iOiIxIiwiaWRDbHVibG9jYWwiOiIxMTU0MyIsImlkQ2x1YnZpc2l0YSI6IjExMTkxIiwiaWRQYXJ0aWRvIjoiMTQwMzEwIiwicGVzdGFuYSI6IjQifQ==/minuto-a-minuto-puebla-fc-vs-america-jornada-6-estadio-cuauhtemoc-fox-sports', 'text': ''}","{'type': 'link', 'href': 'https://www.ligafemenil.mx/cancha/galeria/MTQwMzEwLzYvNzUvMS8xNA==/puebla-fc-vs-america', 'text': ''}","{'type': 'link', 'href': 'https://www.ligafemenil.mx/cancha/playlist/140310/puebla-fc-vs-america', 'text': ''}"
2024-2025,Apertura,"{'type': 'text', 'value': 'Sábado 17 de Agosto de 2024\nTemporada 2024-2025\nTorneo Apertura\nJornada 6\n17 Agosto 2024 - 19:06 hrs.'}","{'type': 'link', 'href': 'https://www.ligafemenil.mx/cancha/club/11184/pachuca', 'text': ''}","{'type': 'link', 'href': 'https://www.ligafemenil.mx/cancha/informeArbitral/140312/eyJpZERpdmlzaW9uIjoiMTQiLCJpZFRlbXBvcmFkYSI6Ijc1IiwiaWRUb3JuZW8iOiIxIiwiaWRDbHVibG9jYWwiOjExMTg0LCJpZENsdWJ2aXNpdGEiOjExMjQzfQ==/informe-arbitral-pachuca-vs-leon-jornada-6-estadio-hidalgo-fox-sports', 'text': '1 - 0'}","{'type': 'link', 'href': 'https://www.ligafemenil.mx/cancha/club/11243/leon', 'text': ''}","{'type': 'link', 'href': 'https://www.ligafemenil.mx/cancha/estadio/11/estadio-hidalgo', 'text': 'Hidalgo'}","{'type': 'link', 'href': 'https://www.ligafemenil.mx/cancha/mxm/140312/eyJpZERpdmlzaW9uIjoiMTQiLCJpZFRlbXBvcmFkYSI6Ijc1IiwiaWRUb3JuZW8iOiIxIiwiaWRDbHVibG9jYWwiOiIxMTE4NCIsImlkQ2x1YnZpc2l0YSI6IjExMjQzIiwiaWRQYXJ0aWRvIjoiMTQwMzEyIiwicGVzdGFuYSI6IjEifQ==/minuto-a-minuto-pachuca-vs-leon-jornada-6-estadio-hidalgo-fox-sports', 'text': ''}","{'type': 'link', 'href': 'https://www.ligafemenil.mx/cancha/mxm/140312/eyJpZERpdmlzaW9uIjoiMTQiLCJpZFRlbXBvcmFkYSI6Ijc1IiwiaWRUb3JuZW8iOiIxIiwiaWRDbHVibG9jYWwiOiIxMTE4NCIsImlkQ2x1YnZpc2l0YSI6IjExMjQzIiwiaWRQYXJ0aWRvIjoiMTQwMzEyIiwicGVzdGFuYSI6IjMifQ==/minuto-a-minuto-pachuca-vs-leon-jornada-6-estadio-hidalgo-fox-sports', 'text': ''}","{'type': 'link', 'href': 'https://www.ligafemenil.mx/cancha/informeArbitral/140312/eyJpZERpdmlzaW9uIjoiMTQiLCJpZFRlbXBvcmFkYSI6Ijc1IiwiaWRUb3JuZW8iOiIxIiwiaWRDbHVibG9jYWwiOiIxMTE4NCIsImlkQ2x1YnZpc2l0YSI6IjExMjQzIn0=/informe-arbitral-pachuca-vs-leon-jornada-6-estadio-hidalgo-fox-sports', 'text': ''}","{'type': 'link', 'href': 'https://www.ligafemenil.mx/cancha/mxm/140312/eyJpZERpdmlzaW9uIjoiMTQiLCJpZFRlbXBvcmFkYSI6Ijc1IiwiaWRUb3JuZW8iOiIxIiwiaWRDbHVibG9jYWwiOiIxMTE4NCIsImlkQ2x1YnZpc2l0YSI6IjExMjQzIiwiaWRQYXJ0aWRvIjoiMTQwMzEyIiwicGVzdGFuYSI6IjQifQ==/minuto-a-minuto-pachuca-vs-leon-jornada-6-estadio-hidalgo-fox-sports', 'text': ''}","{'type': 'link', 'href': 'https://www.ligafemenil.mx/cancha/galeria/MTQwMzEyLzYvNzUvMS8xNA==/pachuca-vs-leon', 'text': ''}","{'type': 'link', 'href': 'https://www.ligafemenil.mx/cancha/playlist/140312/pachuca-vs-leon', 'text': ''}"
2024-2025,Apertura,"{'type': 'text', 'value': 'Sábado 17 de Agosto de 2024\nTemporada 2024-2025\nTorneo Apertura\nJornada 6\n17 Agosto 2024 - 21:10 hrs.'}","{'type': 'link', 'href': 'https://www.ligafemenil.mx/cancha/club/11186/tigres-de-la-uanl', 'text': ''}","{'type': 'link', 'href': 'https://www.ligafemenil.mx/cancha/informeArbitral/140313/eyJpZERpdmlzaW9uIjoiMTQiLCJpZFRlbXBvcmFkYSI6Ijc1IiwiaWRUb3JuZW8iOiIxIiwiaWRDbHVibG9jYWwiOjExMTg2LCJpZENsdWJ2aXNpdGEiOjExMTg4fQ==/informe-arbitral-tigres-de-la-uanl-vs-pumas-jornada-6-estadio-universitario-fox-sports', 'text': '3 - 1'}","{'type': 'link', 'href': 'https://www.ligafemenil.mx/cancha/club/11188/pumas', 'text': ''}","{'type': 'link', 'href': 'https://www.ligafemenil.mx/cancha/estadio/12/estadio-universitario', 'text': 'Universitario'}","{'type': 'link', 'href': 'https://www.ligafemenil.mx/cancha/mxm/140313/eyJpZERpdmlzaW9uIjoiMTQiLCJpZFRlbXBvcmFkYSI6Ijc1IiwiaWRUb3JuZW8iOiIxIiwiaWRDbHVibG9jYWwiOiIxMTE4NiIsImlkQ2x1YnZpc2l0YSI6IjExMTg4IiwiaWRQYXJ0aWRvIjoiMTQwMzEzIiwicGVzdGFuYSI6IjEifQ==/minuto-a-minuto-tigres-de-la-uanl-vs-pumas-jornada-6-estadio-universitario-fox-sports', 'text': ''}","{'type': 'link', 'href': 'https://www.ligafemenil.mx/cancha/mxm/140313/eyJpZERpdmlzaW9uIjoiMTQiLCJpZFRlbXBvcmFkYSI6Ijc1IiwiaWRUb3JuZW8iOiIxIiwiaWRDbHVibG9jYWwiOiIxMTE4NiIsImlkQ2x1YnZpc2l0YSI6IjExMTg4IiwiaWRQYXJ0aWRvIjoiMTQwMzEzIiwicGVzdGFuYSI6IjMifQ==/minuto-a-minuto-tigres-de-la-uanl-vs-pumas-jornada-6-estadio-universitario-fox-sports', 'text': ''}","{'type': 'link', 'href': 'https://www.ligafemenil.mx/cancha/informeArbitral/140313/eyJpZERpdmlzaW9uIjoiMTQiLCJpZFRlbXBvcmFkYSI6Ijc1IiwiaWRUb3JuZW8iOiIxIiwiaWRDbHVibG9jYWwiOiIxMTE4NiIsImlkQ2x1YnZpc2l0YSI6IjExMTg4In0=/informe-arbitral-tigres-de-la-uanl-vs-pumas-jornada-6-estadio-universitario-fox-sports', 'text': ''}","{'type': 'link', 'href': 'https://www.ligafemenil.mx/cancha/mxm/140313/eyJpZERpdmlzaW9uIjoiMTQiLCJpZFRlbXBvcmFkYSI6Ijc1IiwiaWRUb3JuZW8iOiIxIiwiaWRDbHVibG9jYWwiOiIxMTE4NiIsImlkQ2x1YnZpc2l0YSI6IjExMTg4IiwiaWRQYXJ0aWRvIjoiMTQwMzEzIiwicGVzdGFuYSI6IjQifQ==/minuto-a-minuto-tigres-de-la-uanl-vs-pumas-jornada-6-estadio-universitario-fox-sports', 'text': ''}","{'type': 'link', 'href': 'https://www.ligafemenil.mx/cancha/galeria/MTQwMzEzLzYvNzUvMS8xNA==/tigres-de-la-uanl-vs-pumas', 'text': ''}","{'type': 'link', 'href': 'https://www.ligafemenil.mx/cancha/playlist/140313/tigres-de-la-uanl-vs-pumas', 'text': ''}"
2024-2025,Apertura,"{'type': 'text', 'value': 'Domingo 18 de Agosto de 2024\nTemporada 2024-2025\nTorneo Apertura\nJornada 6\n18 Agosto 2024 - 20:06 hrs.'}","{'type': 'link', 'href': 'https://www.ligafemenil.mx/cancha/club/12042/gallos-blancos-de-queretaro', 'text': ''}","{'type': 'link', 'href': 'https://www.ligafemenil.mx/cancha/informeArbitral/140315/eyJpZERpdmlzaW9uIjoiMTQiLCJpZFRlbXBvcmFkYSI6Ijc1IiwiaWRUb3JuZW8iOiIxIiwiaWRDbHVibG9jYWwiOjEyMDQyLCJpZENsdWJ2aXNpdGEiOjExMTg3fQ==/informe-arbitral-gallos-blancos-de-queretaro-vs-toluca-jornada-6-estadio-olimpico-alameda-caliente-tv', 'text': '1 - 0'}","{'type': 'link', 'href': 'https://www.ligafemenil.mx/cancha/club/11187/toluca', 'text': ''}","{'type': 'link', 'href': 'https://www.ligafemenil.mx/cancha/estadio/1741/estadio-olimpico-alameda', 'text': 'Estadio Olímpico Alameda'}","{'type': 'link', 'href': 'https://www.ligafemenil.mx/cancha/mxm/140315/eyJpZERpdmlzaW9uIjoiMTQiLCJpZFRlbXBvcmFkYSI6Ijc1IiwiaWRUb3JuZW8iOiIxIiwiaWRDbHVibG9jYWwiOiIxMjA0MiIsImlkQ2x1YnZpc2l0YSI6IjExMTg3IiwiaWRQYXJ0aWRvIjoiMTQwMzE1IiwicGVzdGFuYSI6IjEifQ==/minuto-a-minuto-gallos-blancos-de-queretaro-vs-toluca-jornada-6-estadio-olimpico-alameda-caliente-tv', 'text': ''}","{'type': 'link', 'href': 'https://www.ligafemenil.mx/cancha/mxm/140315/eyJpZERpdmlzaW9uIjoiMTQiLCJpZFRlbXBvcmFkYSI6Ijc1IiwiaWRUb3JuZW8iOiIxIiwiaWRDbHVibG9jYWwiOiIxMjA0MiIsImlkQ2x1YnZpc2l0YSI6IjExMTg3IiwiaWRQYXJ0aWRvIjoiMTQwMzE1IiwicGVzdGFuYSI6IjMifQ==/minuto-a-minuto-gallos-blancos-de-queretaro-vs-toluca-jornada-6-estadio-olimpico-alameda-caliente-tv', 'text': ''}","{'type': 'link', 'href': 'https://www.ligafemenil.mx/cancha/informeArbitral/140315/eyJpZERpdmlzaW9uIjoiMTQiLCJpZFRlbXBvcmFkYSI6Ijc1IiwiaWRUb3JuZW8iOiIxIiwiaWRDbHVibG9jYWwiOiIxMjA0MiIsImlkQ2x1YnZpc2l0YSI6IjExMTg3In0=/informe-arbitral-gallos-blancos-de-queretaro-vs-toluca-jornada-6-estadio-olimpico-alameda-caliente-tv', 'text': ''}","{'type': 'link', 'href': 'https://www.ligafemenil.mx/cancha/mxm/140315/eyJpZERpdmlzaW9uIjoiMTQiLCJpZFRlbXBvcmFkYSI6Ijc1IiwiaWRUb3JuZW8iOiIxIiwiaWRDbHVibG9jYWwiOiIxMjA0MiIsImlkQ2x1YnZpc2l0YSI6IjExMTg3IiwiaWRQYXJ0aWRvIjoiMTQwMzE1IiwicGVzdGFuYSI6IjQifQ==/minuto-a-minuto-gallos-blancos-de-queretaro-vs-toluca-jornada-6-estadio-olimpico-alameda-caliente-tv', 'text': ''}","{'type': 'link', 'href': 'https://www.ligafemenil.mx/cancha/galeria/MTQwMzE1LzYvNzUvMS8xNA==/gallos-blancos-de-queretaro-vs-toluca', 'text': ''}","{'type': 'link', 'href': 'https://www.ligafemenil.mx/cancha/playlist/140315/gallos-blancos-de-queretaro-vs-toluca', 'text': ''}"
2024-2025,Apertura,"{'type': 'text', 'value': 'Lunes 19 de Agosto de 2024\nTemporada 2024-2025\nTorneo Apertura\nJornada 6\n19 Agosto 2024 - 19:00 hrs.'}","{'type': 'link', 'href': 'https://www.ligafemenil.mx/cancha/club/11778/club-atletico-de-san-luis', 'text': ''}","{'type': 'link', 'href': 'https://www.ligafemenil.mx/cancha/informeArbitral/140314/eyJpZERpdmlzaW9uIjoiMTQiLCJpZFRlbXBvcmFkYSI6Ijc1IiwiaWRUb3JuZW8iOiIxIiwiaWRDbHVibG9jYWwiOjExNzc4LCJpZENsdWJ2aXNpdGEiOjExMTgyfQ==/informe-arbitral-club-atletico-de-san-luis-vs-guadalajara-jornada-6-estadio-alfonso-lastras-ramirez-espn', 'text': '0 - 3'}","{'type': 'link', 'href': 'https://www.ligafemenil.mx/cancha/club/11182/guadalajara', 'text': ''}","{'type': 'link', 'href': 'https://www.ligafemenil.mx/cancha/estadio/14/estadio-alfonso-lastras-ramirez', 'text': 'Alfonso Lastras Ramírez'}","{'type': 'link', 'href': 'https://www.ligafemenil.mx/cancha/mxm/140314/eyJpZERpdmlzaW9uIjoiMTQiLCJpZFRlbXBvcmFkYSI6Ijc1IiwiaWRUb3JuZW8iOiIxIiwiaWRDbHVibG9jYWwiOiIxMTc3OCIsImlkQ2x1YnZpc2l0YSI6IjExMTgyIiwiaWRQYXJ0aWRvIjoiMTQwMzE0IiwicGVzdGFuYSI6IjEifQ==/minuto-a-minuto-club-atletico-de-san-luis-vs-guadalajara-jornada-6-estadio-alfonso-lastras-ramirez-espn', 'text': ''}","{'type': 'link', 'href': 'https://www.ligafemenil.mx/cancha/mxm/140314/eyJpZERpdmlzaW9uIjoiMTQiLCJpZFRlbXBvcmFkYSI6Ijc1IiwiaWRUb3JuZW8iOiIxIiwiaWRDbHVibG9jYWwiOiIxMTc3OCIsImlkQ2x1YnZpc2l0YSI6IjExMTgyIiwiaWRQYXJ0aWRvIjoiMTQwMzE0IiwicGVzdGFuYSI6IjMifQ==/minuto-a-minuto-club-atletico-de-san-luis-vs-guadalajara-jornada-6-estadio-alfonso-lastras-ramirez-espn', 'text': ''}","{'type': 'link', 'href': 'https://www.ligafemenil.mx/cancha/informeArbitral/140314/eyJpZERpdmlzaW9uIjoiMTQiLCJpZFRlbXBvcmFkYSI6Ijc1IiwiaWRUb3JuZW8iOiIxIiwiaWRDbHVibG9jYWwiOiIxMTc3OCIsImlkQ2x1YnZpc2l0YSI6IjExMTgyIn0=/informe-arbitral-club-atletico-de-san-luis-vs-guadalajara-jornada-6-estadio-alfonso-lastras-ramirez-espn', 'text': ''}","{'type': 'link', 'href': 'https://www.ligafemenil.mx/cancha/mxm/140314/eyJpZERpdmlzaW9uIjoiMTQiLCJpZFRlbXBvcmFkYSI6Ijc1IiwiaWRUb3JuZW8iOiIxIiwiaWRDbHVibG9jYWwiOiIxMTc3OCIsImlkQ2x1YnZpc2l0YSI6IjExMTgyIiwiaWRQYXJ0aWRvIjoiMTQwMzE0IiwicGVzdGFuYSI6IjQifQ==/minuto-a-minuto-club-atletico-de-san-luis-vs-guadalajara-jornada-6-estadio-alfonso-lastras-ramirez-espn', 'text': ''}","{'type': 'link', 'href': 'https://www.ligafemenil.mx/cancha/galeria/MTQwMzE0LzYvNzUvMS8xNA==/club-atletico-de-san-luis-vs-guadalajara', 'text': ''}","{'type': 'link', 'href': 'https://www.ligafemenil.mx/cancha/playlist/140314/club-atletico-de-san-luis-vs-guadalajara', 'text': ''}"
2024-2025,Apertura,"{'type': 'text', 'value': 'Miércoles 21 de Agosto de 2024\nTemporada 2024-2025\nTorneo Apertura\nJornada 3\n21 Agosto 2024 - 21:06 hrs.'}","{'type': 'link', 'href': 'https://www.ligafemenil.mx/cancha/club/11184/pachuca', 'text': ''}","{'type': 'link', 'href': 'https://www.ligafemenil.mx/cancha/informeArbitral/140283/eyJpZERpdmlzaW9uIjoiMTQiLCJpZFRlbXBvcmFkYSI6Ijc1IiwiaWRUb3JuZW8iOiIxIiwiaWRDbHVibG9jYWwiOjExMTg0LCJpZENsdWJ2aXNpdGEiOjExMjQ1fQ==/informe-arbitral-pachuca-vs-atlas-jornada-3-estadio-hidalgo-fox-sports', 'text': '3 - 0'}","{'type': 'link', 'href': 'https://www.ligafemenil.mx/cancha/club/11245/atlas', 'text': ''}","{'type': 'link', 'href': 'https://www.ligafemenil.mx/cancha/estadio/11/estadio-hidalgo', 'text': 'Hidalgo'}","{'type': 'link', 'href': 'https://www.ligafemenil.mx/cancha/mxm/140283/eyJpZERpdmlzaW9uIjoiMTQiLCJpZFRlbXBvcmFkYSI6Ijc1IiwiaWRUb3JuZW8iOiIxIiwiaWRDbHVibG9jYWwiOiIxMTE4NCIsImlkQ2x1YnZpc2l0YSI6IjExMjQ1IiwiaWRQYXJ0aWRvIjoiMTQwMjgzIiwicGVzdGFuYSI6IjEifQ==/minuto-a-minuto-pachuca-vs-atlas-jornada-3-estadio-hidalgo-fox-sports', 'text': ''}","{'type': 'link', 'href': 'https://www.ligafemenil.mx/cancha/mxm/140283/eyJpZERpdmlzaW9uIjoiMTQiLCJpZFRlbXBvcmFkYSI6Ijc1IiwiaWRUb3JuZW8iOiIxIiwiaWRDbHVibG9jYWwiOiIxMTE4NCIsImlkQ2x1YnZpc2l0YSI6IjExMjQ1IiwiaWRQYXJ0aWRvIjoiMTQwMjgzIiwicGVzdGFuYSI6IjMifQ==/minuto-a-minuto-pachuca-vs-atlas-jornada-3-estadio-hidalgo-fox-sports', 'text': ''}","{'type': 'link', 'href': 'https://www.ligafemenil.mx/cancha/informeArbitral/140283/eyJpZERpdmlzaW9uIjoiMTQiLCJpZFRlbXBvcmFkYSI6Ijc1IiwiaWRUb3JuZW8iOiIxIiwiaWRDbHVibG9jYWwiOiIxMTE4NCIsImlkQ2x1YnZpc2l0YSI6IjExMjQ1In0=/informe-arbitral-pachuca-vs-atlas-jornada-3-estadio-hidalgo-fox-sports', 'text': ''}","{'type': 'link', 'href': 'https://www.ligafemenil.mx/cancha/mxm/140283/eyJpZERpdmlzaW9uIjoiMTQiLCJpZFRlbXBvcmFkYSI6Ijc1IiwiaWRUb3JuZW8iOiIxIiwiaWRDbHVibG9jYWwiOiIxMTE4NCIsImlkQ2x1YnZpc2l0YSI6IjExMjQ1IiwiaWRQYXJ0aWRvIjoiMTQwMjgzIiwicGVzdGFuYSI6IjQifQ==/minuto-a-minuto-pachuca-vs-atlas-jornada-3-estadio-hidalgo-fox-sports', 'text': ''}","{'type': 'link', 'href': 'https://www.ligafemenil.mx/cancha/galeria/MTQwMjgzLzMvNzUvMS8xNA==/pachuca-vs-atlas', 'text': ''}","{'type': 'link', 'href': 'https://www.ligafemenil.mx/cancha/playlist/140283/pachuca-vs-atlas', 'text': ''}"
2024-2025,Apertura,"{'type': 'text', 'value': 'Jueves 22 de Agosto de 2024\nTemporada 2024-2025\nTorneo Apertura\nJornada 2\n22 Agosto 2024 - 19:06 hrs.'}","{'type': 'link', 'href': 'https://www.ligafemenil.mx/cancha/club/11182/guadalajara', 'text': ''}","{'type': 'link', 'href': 'https://www.ligafemenil.mx/cancha/informeArbitral/140276/eyJpZERpdmlzaW9uIjoiMTQiLCJpZFRlbXBvcmFkYSI6Ijc1IiwiaWRUb3JuZW8iOiIxIiwiaWRDbHVibG9jYWwiOjExMTgyLCJpZENsdWJ2aXNpdGEiOjExMjQzfQ==/informe-arbitral-guadalajara-vs-leon-jornada-2-estadio-akron-fox-sports', 'text': '2 - 1'}","{'type': 'link', 'href': 'https://www.ligafemenil.mx/cancha/club/11243/leon', 'text': ''}","{'type': 'link', 'href': 'https://www.ligafemenil.mx/cancha/estadio/1538/estadio-akron', 'text': 'Estadio AKRON'}","{'type': 'link', 'href': 'https://www.ligafemenil.mx/cancha/mxm/140276/eyJpZERpdmlzaW9uIjoiMTQiLCJpZFRlbXBvcmFkYSI6Ijc1IiwiaWRUb3JuZW8iOiIxIiwiaWRDbHVibG9jYWwiOiIxMTE4MiIsImlkQ2x1YnZpc2l0YSI6IjExMjQzIiwiaWRQYXJ0aWRvIjoiMTQwMjc2IiwicGVzdGFuYSI6IjEifQ==/minuto-a-minuto-guadalajara-vs-leon-jornada-2-estadio-akron-fox-sports', 'text': ''}","{'type': 'link', 'href': 'https://www.ligafemenil.mx/cancha/mxm/140276/eyJpZERpdmlzaW9uIjoiMTQiLCJpZFRlbXBvcmFkYSI6Ijc1IiwiaWRUb3JuZW8iOiIxIiwiaWRDbHVibG9jYWwiOiIxMTE4MiIsImlkQ2x1YnZpc2l0YSI6IjExMjQzIiwiaWRQYXJ0aWRvIjoiMTQwMjc2IiwicGVzdGFuYSI6IjMifQ==/minuto-a-minuto-guadalajara-vs-leon-jornada-2-estadio-akron-fox-sports', 'text': ''}","{'type': 'link', 'href': 'https://www.ligafemenil.mx/cancha/informeArbitral/140276/eyJpZERpdmlzaW9uIjoiMTQiLCJpZFRlbXBvcmFkYSI6Ijc1IiwiaWRUb3JuZW8iOiIxIiwiaWRDbHVibG9jYWwiOiIxMTE4MiIsImlkQ2x1YnZpc2l0YSI6IjExMjQzIn0=/informe-arbitral-guadalajara-vs-leon-jornada-2-estadio-akron-fox-sports', 'text': ''}","{'type': 'link', 'href': 'https://www.ligafemenil.mx/cancha/mxm/140276/eyJpZERpdmlzaW9uIjoiMTQiLCJpZFRlbXBvcmFkYSI6Ijc1IiwiaWRUb3JuZW8iOiIxIiwiaWRDbHVibG9jYWwiOiIxMTE4MiIsImlkQ2x1YnZpc2l0YSI6IjExMjQzIiwiaWRQYXJ0aWRvIjoiMTQwMjc2IiwicGVzdGFuYSI6IjQifQ==/minuto-a-minuto-guadalajara-vs-leon-jornada-2-estadio-akron-fox-sports', 'text': ''}","{'type': 'link', 'href': 'https://www.ligafemenil.mx/cancha/galeria/MTQwMjc2LzIvNzUvMS8xNA==/guadalajara-vs-leon', 'text': ''}","{'type': 'link', 'href': 'https://www.ligafemenil.mx/cancha/playlist/140276/guadalajara-vs-leon', 'text': ''}"
2024-2025,Apertura,"{'type': 'text', 'value': 'Jueves 22 de Agosto de 2024\nTemporada 2024-2025\nTorneo Apertura\nJornada 3\n22 Agosto 2024 - 20:10 hrs.'}","{'type': 'link', 'href': 'https://www.ligafemenil.mx/cancha/club/11180/tijuana', 'text': ''}","{'type': 'link', 'href': 'https://www.ligafemenil.mx/cancha/informeArbitral/140284/eyJpZERpdmlzaW9uIjoiMTQiLCJpZFRlbXBvcmFkYSI6Ijc1IiwiaWRUb3JuZW8iOiIxIiwiaWRDbHVibG9jYWwiOjExMTgwLCJpZENsdWJ2aXNpdGEiOjExMTgxfQ==/informe-arbitral-tijuana-vs-cruz-azul-jornada-3-estadio-caliente-caliente-tv', 'text': '3 - 0'}","{'type': 'link', 'href': 'https://www.ligafemenil.mx/cancha/club/11181/cruz-azul', 'text': ''}","{'type': 'link', 'href': 'https://www.ligafemenil.mx/cancha/estadio/48/estadio-caliente', 'text': 'Caliente'}","{'type': 'link', 'href': 'https://www.ligafemenil.mx/cancha/mxm/140284/eyJpZERpdmlzaW9uIjoiMTQiLCJpZFRlbXBvcmFkYSI6Ijc1IiwiaWRUb3JuZW8iOiIxIiwiaWRDbHVibG9jYWwiOiIxMTE4MCIsImlkQ2x1YnZpc2l0YSI6IjExMTgxIiwiaWRQYXJ0aWRvIjoiMTQwMjg0IiwicGVzdGFuYSI6IjEifQ==/minuto-a-minuto-tijuana-vs-cruz-azul-jornada-3-estadio-caliente-caliente-tv', 'text': ''}","{'type': 'link', 'href': 'https://www.ligafemenil.mx/cancha/mxm/140284/eyJpZERpdmlzaW9uIjoiMTQiLCJpZFRlbXBvcmFkYSI6Ijc1IiwiaWRUb3JuZW8iOiIxIiwiaWRDbHVibG9jYWwiOiIxMTE4MCIsImlkQ2x1YnZpc2l0YSI6IjExMTgxIiwiaWRQYXJ0aWRvIjoiMTQwMjg0IiwicGVzdGFuYSI6IjMifQ==/minuto-a-minuto-tijuana-vs-cruz-azul-jornada-3-estadio-caliente-caliente-tv', 'text': ''}","{'type': 'link', 'href': 'https://www.ligafemenil.mx/cancha/informeArbitral/140284/eyJpZERpdmlzaW9uIjoiMTQiLCJpZFRlbXBvcmFkYSI6Ijc1IiwiaWRUb3JuZW8iOiIxIiwiaWRDbHVibG9jYWwiOiIxMTE4MCIsImlkQ2x1YnZpc2l0YSI6IjExMTgxIn0=/informe-arbitral-tijuana-vs-cruz-azul-jornada-3-estadio-caliente-caliente-tv', 'text': ''}","{'type': 'link', 'href': 'https://www.ligafemenil.mx/cancha/mxm/140284/eyJpZERpdmlzaW9uIjoiMTQiLCJpZFRlbXBvcmFkYSI6Ijc1IiwiaWRUb3JuZW8iOiIxIiwiaWRDbHVibG9jYWwiOiIxMTE4MCIsImlkQ2x1YnZpc2l0YSI6IjExMTgxIiwiaWRQYXJ0aWRvIjoiMTQwMjg0IiwicGVzdGFuYSI6IjQifQ==/minuto-a-minuto-tijuana-vs-cruz-azul-jornada-3-estadio-caliente-caliente-tv', 'text': ''}","{'type': 'link', 'href': 'https://www.ligafemenil.mx/cancha/galeria/MTQwMjg0LzMvNzUvMS8xNA==/tijuana-vs-cruz-azul', 'text': ''}","{'type': 'link', 'href': 'https://www.ligafemenil.mx/cancha/playlist/140284/tijuana-vs-cruz-azul', 'text': ''}"
2024-2025,Apertura,"{'type': 'text', 'value': 'Sábado 24 de Agosto de 2024\nTemporada 2024-2025\nTorneo Apertura\nJornada 7\n24 Agosto 2024 - 12:00 hrs.'}","{'type': 'link', 'href': 'https://www.ligafemenil.mx/cancha/club/11188/pumas', 'text': ''}","{'type': 'link', 'href': 'https://www.ligafemenil.mx/cancha/informeArbitral/140316/eyJpZERpdmlzaW9uIjoiMTQiLCJpZFRlbXBvcmFkYSI6Ijc1IiwiaWRUb3JuZW8iOiIxIiwiaWRDbHVibG9jYWwiOjExMTg4LCJpZENsdWJ2aXNpdGEiOjExNTQzfQ==/informe-arbitral-pumas-vs-puebla-fc-jornada-7-estadio-olimpico-universitario-vix', 'text': '2 - 1'}","{'type': 'link', 'href': 'https://www.ligafemenil.mx/cancha/club/11543/puebla-fc', 'text': ''}","{'type': 'link', 'href': 'https://www.ligafemenil.mx/cancha/estadio/7/estadio-olimpico-universitario', 'text': 'Olímpico Universitario'}","{'type': 'link', 'href': 'https://www.ligafemenil.mx/cancha/mxm/140316/eyJpZERpdmlzaW9uIjoiMTQiLCJpZFRlbXBvcmFkYSI6Ijc1IiwiaWRUb3JuZW8iOiIxIiwiaWRDbHVibG9jYWwiOiIxMTE4OCIsImlkQ2x1YnZpc2l0YSI6IjExNTQzIiwiaWRQYXJ0aWRvIjoiMTQwMzE2IiwicGVzdGFuYSI6IjEifQ==/minuto-a-minuto-pumas-vs-puebla-fc-jornada-7-estadio-olimpico-universitario-vix', 'text': ''}","{'type': 'link', 'href': 'https://www.ligafemenil.mx/cancha/mxm/140316/eyJpZERpdmlzaW9uIjoiMTQiLCJpZFRlbXBvcmFkYSI6Ijc1IiwiaWRUb3JuZW8iOiIxIiwiaWRDbHVibG9jYWwiOiIxMTE4OCIsImlkQ2x1YnZpc2l0YSI6IjExNTQzIiwiaWRQYXJ0aWRvIjoiMTQwMzE2IiwicGVzdGFuYSI6IjMifQ==/minuto-a-minuto-pumas-vs-puebla-fc-jornada-7-estadio-olimpico-universitario-vix', 'text': ''}","{'type': 'link', 'href': 'https://www.ligafemenil.mx/cancha/informeArbitral/140316/eyJpZERpdmlzaW9uIjoiMTQiLCJpZFRlbXBvcmFkYSI6Ijc1IiwiaWRUb3JuZW8iOiIxIiwiaWRDbHVibG9jYWwiOiIxMTE4OCIsImlkQ2x1YnZpc2l0YSI6IjExNTQzIn0=/informe-arbitral-pumas-vs-puebla-fc-jornada-7-estadio-olimpico-universitario-vix', 'text': ''}","{'type': 'link', 'href': 'https://www.ligafemenil.mx/cancha/mxm/140316/eyJpZERpdmlzaW9uIjoiMTQiLCJpZFRlbXBvcmFkYSI6Ijc1IiwiaWRUb3JuZW8iOiIxIiwiaWRDbHVibG9jYWwiOiIxMTE4OCIsImlkQ2x1YnZpc2l0YSI6IjExNTQzIiwiaWRQYXJ0aWRvIjoiMTQwMzE2IiwicGVzdGFuYSI6IjQifQ==/minuto-a-minuto-pumas-vs-puebla-fc-jornada-7-estadio-olimpico-universitario-vix', 'text': ''}","{'type': 'link', 'href': 'https://www.ligafemenil.mx/cancha/galeria/MTQwMzE2LzcvNzUvMS8xNA==/pumas-vs-puebla-fc', 'text': ''}","{'type': 'link', 'href': 'https://www.ligafemenil.mx/cancha/playlist/140316/pumas-vs-puebla-fc', 'text': ''}"
2024-2025,Apertura,"{'type': 'text', 'value': 'Domingo 25 de Agosto de 2024\nTemporada 2024-2025\nTorneo Apertura\nJornada 7\n25 Agosto 2024 - 17:00 hrs.'}","{'type': 'link', 'href': 'https://www.ligafemenil.mx/cancha/club/11778/club-atletico-de-san-luis', 'text': ''}","{'type': 'link', 'href': 'https://www.ligafemenil.mx/cancha/informeArbitral/140319/eyJpZERpdmlzaW9uIjoiMTQiLCJpZFRlbXBvcmFkYSI6Ijc1IiwiaWRUb3JuZW8iOiIxIiwiaWRDbHVibG9jYWwiOjExNzc4LCJpZENsdWJ2aXNpdGEiOjExMTg0fQ==/informe-arbitral-club-atletico-de-san-luis-vs-pachuca-jornada-7-estadio-alfonso-lastras-ramirez-espn', 'text': '2 - 3'}","{'type': 'link', 'href': 'https://www.ligafemenil.mx/cancha/club/11184/pachuca', 'text': ''}","{'type': 'link', 'href': 'https://www.ligafemenil.mx/cancha/estadio/14/estadio-alfonso-lastras-ramirez', 'text': 'Alfonso Lastras Ramírez'}","{'type': 'link', 'href': 'https://www.ligafemenil.mx/cancha/mxm/140319/eyJpZERpdmlzaW9uIjoiMTQiLCJpZFRlbXBvcmFkYSI6Ijc1IiwiaWRUb3JuZW8iOiIxIiwiaWRDbHVibG9jYWwiOiIxMTc3OCIsImlkQ2x1YnZpc2l0YSI6IjExMTg0IiwiaWRQYXJ0aWRvIjoiMTQwMzE5IiwicGVzdGFuYSI6IjEifQ==/minuto-a-minuto-club-atletico-de-san-luis-vs-pachuca-jornada-7-estadio-alfonso-lastras-ramirez-espn', 'text': ''}","{'type': 'link', 'href': 'https://www.ligafemenil.mx/cancha/mxm/140319/eyJpZERpdmlzaW9uIjoiMTQiLCJpZFRlbXBvcmFkYSI6Ijc1IiwiaWRUb3JuZW8iOiIxIiwiaWRDbHVibG9jYWwiOiIxMTc3OCIsImlkQ2x1YnZpc2l0YSI6IjExMTg0IiwiaWRQYXJ0aWRvIjoiMTQwMzE5IiwicGVzdGFuYSI6IjMifQ==/minuto-a-minuto-club-atletico-de-san-luis-vs-pachuca-jornada-7-estadio-alfonso-lastras-ramirez-espn', 'text': ''}","{'type': 'link', 'href': 'https://www.ligafemenil.mx/cancha/informeArbitral/140319/eyJpZERpdmlzaW9uIjoiMTQiLCJpZFRlbXBvcmFkYSI6Ijc1IiwiaWRUb3JuZW8iOiIxIiwiaWRDbHVibG9jYWwiOiIxMTc3OCIsImlkQ2x1YnZpc2l0YSI6IjExMTg0In0=/informe-arbitral-club-atletico-de-san-luis-vs-pachuca-jornada-7-estadio-alfonso-lastras-ramirez-espn', 'text': ''}","{'type': 'link', 'href': 'https://www.ligafemenil.mx/cancha/mxm/140319/eyJpZERpdmlzaW9uIjoiMTQiLCJpZFRlbXBvcmFkYSI6Ijc1IiwiaWRUb3JuZW8iOiIxIiwiaWRDbHVibG9jYWwiOiIxMTc3OCIsImlkQ2x1YnZpc2l0YSI6IjExMTg0IiwiaWRQYXJ0aWRvIjoiMTQwMzE5IiwicGVzdGFuYSI6IjQifQ==/minuto-a-minuto-club-atletico-de-san-luis-vs-pachuca-jornada-7-estadio-alfonso-lastras-ramirez-espn', 'text': ''}","{'type': 'link', 'href': 'https://www.ligafemenil.mx/cancha/galeria/MTQwMzE5LzcvNzUvMS8xNA==/club-atletico-de-san-luis-vs-pachuca', 'text': ''}","{'type': 'link', 'href': 'https://www.ligafemenil.mx/cancha/playlist/140319/club-atletico-de-san-luis-vs-pachuca', 'text': ''}"
2024-2025,Apertura,"{'type': 'text', 'value': 'Domingo 25 de Agosto de 2024\nTemporada 2024-2025\nTorneo Apertura\nJornada 7\n25 Agosto 2024 - 19:00 hrs.'}","{'type': 'link', 'href': 'https://www.ligafemenil.mx/cancha/club/11192/santos-laguna', 'text': ''}","{'type': 'link', 'href': 'https://www.ligafemenil.mx/cancha/informeArbitral/140322/eyJpZERpdmlzaW9uIjoiMTQiLCJpZFRlbXBvcmFkYSI6Ijc1IiwiaWRUb3JuZW8iOiIxIiwiaWRDbHVibG9jYWwiOjExMTkyLCJpZENsdWJ2aXNpdGEiOjExMTg2fQ==/informe-arbitral-santos-laguna-vs-tigres-de-la-uanl-jornada-7-estadio-tsm-corona-caliente-tv', 'text': '0 - 3'}","{'type': 'link', 'href': 'https://www.ligafemenil.mx/cancha/club/11186/tigres-de-la-uanl', 'text': ''}","{'type': 'link', 'href': 'https://www.ligafemenil.mx/cancha/estadio/63/estadio-tsm-corona', 'text': 'TSM Corona'}","{'type': 'link', 'href': 'https://www.ligafemenil.mx/cancha/mxm/140322/eyJpZERpdmlzaW9uIjoiMTQiLCJpZFRlbXBvcmFkYSI6Ijc1IiwiaWRUb3JuZW8iOiIxIiwiaWRDbHVibG9jYWwiOiIxMTE5MiIsImlkQ2x1YnZpc2l0YSI6IjExMTg2IiwiaWRQYXJ0aWRvIjoiMTQwMzIyIiwicGVzdGFuYSI6IjEifQ==/minuto-a-minuto-santos-laguna-vs-tigres-de-la-uanl-jornada-7-estadio-tsm-corona-caliente-tv', 'text': ''}","{'type': 'link', 'href': 'https://www.ligafemenil.mx/cancha/mxm/140322/eyJpZERpdmlzaW9uIjoiMTQiLCJpZFRlbXBvcmFkYSI6Ijc1IiwiaWRUb3JuZW8iOiIxIiwiaWRDbHVibG9jYWwiOiIxMTE5MiIsImlkQ2x1YnZpc2l0YSI6IjExMTg2IiwiaWRQYXJ0aWRvIjoiMTQwMzIyIiwicGVzdGFuYSI6IjMifQ==/minuto-a-minuto-santos-laguna-vs-tigres-de-la-uanl-jornada-7-estadio-tsm-corona-caliente-tv', 'text': ''}","{'type': 'link', 'href': 'https://www.ligafemenil.mx/cancha/informeArbitral/140322/eyJpZERpdmlzaW9uIjoiMTQiLCJpZFRlbXBvcmFkYSI6Ijc1IiwiaWRUb3JuZW8iOiIxIiwiaWRDbHVibG9jYWwiOiIxMTE5MiIsImlkQ2x1YnZpc2l0YSI6IjExMTg2In0=/informe-arbitral-santos-laguna-vs-tigres-de-la-uanl-jornada-7-estadio-tsm-corona-caliente-tv', 'text': ''}","{'type': 'link', 'href': 'https://www.ligafemenil.mx/cancha/mxm/140322/eyJpZERpdmlzaW9uIjoiMTQiLCJpZFRlbXBvcmFkYSI6Ijc1IiwiaWRUb3JuZW8iOiIxIiwiaWRDbHVibG9jYWwiOiIxMTE5MiIsImlkQ2x1YnZpc2l0YSI6IjExMTg2IiwiaWRQYXJ0aWRvIjoiMTQwMzIyIiwicGVzdGFuYSI6IjQifQ==/minuto-a-minuto-santos-laguna-vs-tigres-de-la-uanl-jornada-7-estadio-tsm-corona-caliente-tv', 'text': ''}","{'type': 'link', 'href': 'https://www.ligafemenil.mx/cancha/galeria/MTQwMzIyLzcvNzUvMS8xNA==/santos-laguna-vs-tigres-de-la-uanl', 'text': ''}","{'type': 'link', 'href': 'https://www.ligafemenil.mx/cancha/playlist/140322/santos-laguna-vs-tigres-de-la-uanl', 'text': ''}"
2024-2025,Apertura,"{'type': 'text', 'value': 'Domingo 25 de Agosto de 2024\nTemporada 2024-2025\nTorneo Apertura\nJornada 7\n25 Agosto 2024 - 19:06 hrs.'}","{'type': 'link', 'href': 'https://www.ligafemenil.mx/cancha/club/11795/fc-juarez', 'text': ''}","{'type': 'link', 'href': 'https://www.ligafemenil.mx/cancha/informeArbitral/140321/eyJpZERpdmlzaW9uIjoiMTQiLCJpZFRlbXBvcmFkYSI6Ijc1IiwiaWRUb3JuZW8iOiIxIiwiaWRDbHVibG9jYWwiOjExNzk1LCJpZENsdWJ2aXNpdGEiOjExMTgwfQ==/informe-arbitral-fc-juarez-vs-tijuana-jornada-7-estadio-olimpico-benito-juarez-fox-sports', 'text': '4 - 0'}","{'type': 'link', 'href': 'https://www.ligafemenil.mx/cancha/club/11180/tijuana', 'text': ''}","{'type': 'link', 'href': 'https://www.ligafemenil.mx/cancha/estadio/17/estadio-olimpico-benito-juarez', 'text': 'Olímpico Benito Juárez'}","{'type': 'link', 'href': 'https://www.ligafemenil.mx/cancha/mxm/140321/eyJpZERpdmlzaW9uIjoiMTQiLCJpZFRlbXBvcmFkYSI6Ijc1IiwiaWRUb3JuZW8iOiIxIiwiaWRDbHVibG9jYWwiOiIxMTc5NSIsImlkQ2x1YnZpc2l0YSI6IjExMTgwIiwiaWRQYXJ0aWRvIjoiMTQwMzIxIiwicGVzdGFuYSI6IjEifQ==/minuto-a-minuto-fc-juarez-vs-tijuana-jornada-7-estadio-olimpico-benito-juarez-fox-sports', 'text': ''}","{'type': 'link', 'href': 'https://www.ligafemenil.mx/cancha/mxm/140321/eyJpZERpdmlzaW9uIjoiMTQiLCJpZFRlbXBvcmFkYSI6Ijc1IiwiaWRUb3JuZW8iOiIxIiwiaWRDbHVibG9jYWwiOiIxMTc5NSIsImlkQ2x1YnZpc2l0YSI6IjExMTgwIiwiaWRQYXJ0aWRvIjoiMTQwMzIxIiwicGVzdGFuYSI6IjMifQ==/minuto-a-minuto-fc-juarez-vs-tijuana-jornada-7-estadio-olimpico-benito-juarez-fox-sports', 'text': ''}","{'type': 'link', 'href': 'https://www.ligafemenil.mx/cancha/informeArbitral/140321/eyJpZERpdmlzaW9uIjoiMTQiLCJpZFRlbXBvcmFkYSI6Ijc1IiwiaWRUb3JuZW8iOiIxIiwiaWRDbHVibG9jYWwiOiIxMTc5NSIsImlkQ2x1YnZpc2l0YSI6IjExMTgwIn0=/informe-arbitral-fc-juarez-vs-tijuana-jornada-7-estadio-olimpico-benito-juarez-fox-sports', 'text': ''}","{'type': 'link', 'href': 'https://www.ligafemenil.mx/cancha/mxm/140321/eyJpZERpdmlzaW9uIjoiMTQiLCJpZFRlbXBvcmFkYSI6Ijc1IiwiaWRUb3JuZW8iOiIxIiwiaWRDbHVibG9jYWwiOiIxMTc5NSIsImlkQ2x1YnZpc2l0YSI6IjExMTgwIiwiaWRQYXJ0aWRvIjoiMTQwMzIxIiwicGVzdGFuYSI6IjQifQ==/minuto-a-minuto-fc-juarez-vs-tijuana-jornada-7-estadio-olimpico-benito-juarez-fox-sports', 'text': ''}","{'type': 'link', 'href': 'https://www.ligafemenil.mx/cancha/galeria/MTQwMzIxLzcvNzUvMS8xNA==/fc-juarez-vs-tijuana', 'text': ''}","{'type': 'link', 'href': 'https://www.ligafemenil.mx/cancha/playlist/140321/fc-juarez-vs-tijuana', 'text': ''}"
2024-2025,Apertura,"{'type': 'text', 'value': 'Domingo 25 de Agosto de 2024\nTemporada 2024-2025\nTorneo Apertura\nJornada 7\n25 Agosto 2024 - 20:10 hrs.'}","{'type': 'link', 'href': 'https://www.ligafemenil.mx/cancha/club/12051/mazatlan-fc', 'text': ''}","{'type': 'link', 'href': 'https://www.ligafemenil.mx/cancha/informeArbitral/140318/eyJpZERpdmlzaW9uIjoiMTQiLCJpZFRlbXBvcmFkYSI6Ijc1IiwiaWRUb3JuZW8iOiIxIiwiaWRDbHVibG9jYWwiOjEyMDUxLCJpZENsdWJ2aXNpdGEiOjEyMDQyfQ==/informe-arbitral-mazatlan-fc-vs-gallos-blancos-de-queretaro-jornada-7-estadio-el-encanto-fox-sports', 'text': '0 - 2'}","{'type': 'link', 'href': 'https://www.ligafemenil.mx/cancha/club/12042/gallos-blancos-de-queretaro', 'text': ''}","{'type': 'link', 'href': 'https://www.ligafemenil.mx/cancha/estadio/1931/estadio-el-encanto', 'text': 'El Encanto'}","{'type': 'link', 'href': 'https://www.ligafemenil.mx/cancha/mxm/140318/eyJpZERpdmlzaW9uIjoiMTQiLCJpZFRlbXBvcmFkYSI6Ijc1IiwiaWRUb3JuZW8iOiIxIiwiaWRDbHVibG9jYWwiOiIxMjA1MSIsImlkQ2x1YnZpc2l0YSI6IjEyMDQyIiwiaWRQYXJ0aWRvIjoiMTQwMzE4IiwicGVzdGFuYSI6IjEifQ==/minuto-a-minuto-mazatlan-fc-vs-gallos-blancos-de-queretaro-jornada-7-estadio-el-encanto-fox-sports', 'text': ''}","{'type': 'link', 'href': 'https://www.ligafemenil.mx/cancha/mxm/140318/eyJpZERpdmlzaW9uIjoiMTQiLCJpZFRlbXBvcmFkYSI6Ijc1IiwiaWRUb3JuZW8iOiIxIiwiaWRDbHVibG9jYWwiOiIxMjA1MSIsImlkQ2x1YnZpc2l0YSI6IjEyMDQyIiwiaWRQYXJ0aWRvIjoiMTQwMzE4IiwicGVzdGFuYSI6IjMifQ==/minuto-a-minuto-mazatlan-fc-vs-gallos-blancos-de-queretaro-jornada-7-estadio-el-encanto-fox-sports', 'text': ''}","{'type': 'link', 'href': 'https://www.ligafemenil.mx/cancha/informeArbitral/140318/eyJpZERpdmlzaW9uIjoiMTQiLCJpZFRlbXBvcmFkYSI6Ijc1IiwiaWRUb3JuZW8iOiIxIiwiaWRDbHVibG9jYWwiOiIxMjA1MSIsImlkQ2x1YnZpc2l0YSI6IjEyMDQyIn0=/informe-arbitral-mazatlan-fc-vs-gallos-blancos-de-queretaro-jornada-7-estadio-el-encanto-fox-sports', 'text': ''}","{'type': 'link', 'href': 'https://www.ligafemenil.mx/cancha/mxm/140318/eyJpZERpdmlzaW9uIjoiMTQiLCJpZFRlbXBvcmFkYSI6Ijc1IiwiaWRUb3JuZW8iOiIxIiwiaWRDbHVibG9jYWwiOiIxMjA1MSIsImlkQ2x1YnZpc2l0YSI6IjEyMDQyIiwiaWRQYXJ0aWRvIjoiMTQwMzE4IiwicGVzdGFuYSI6IjQifQ==/minuto-a-minuto-mazatlan-fc-vs-gallos-blancos-de-queretaro-jornada-7-estadio-el-encanto-fox-sports', 'text': ''}","{'type': 'link', 'href': 'https://www.ligafemenil.mx/cancha/galeria/MTQwMzE4LzcvNzUvMS8xNA==/mazatlan-fc-vs-gallos-blancos-de-queretaro', 'text': ''}","{'type': 'link', 'href': 'https://www.ligafemenil.mx/cancha/playlist/140318/mazatlan-fc-vs-gallos-blancos-de-queretaro', 'text': ''}"
2024-2025,Apertura,"{'type': 'text', 'value': 'Lunes 26 de Agosto de 2024\nTemporada 2024-2025\nTorneo Apertura\nJornada 7\n26 Agosto 2024 - 17:00 hrs.'}","{'type': 'link', 'href': 'https://www.ligafemenil.mx/cancha/club/11189/necaxa', 'text': ''}","{'type': 'link', 'href': 'https://www.ligafemenil.mx/cancha/informeArbitral/140323/eyJpZERpdmlzaW9uIjoiMTQiLCJpZFRlbXBvcmFkYSI6Ijc1IiwiaWRUb3JuZW8iOiIxIiwiaWRDbHVibG9jYWwiOjExMTg5LCJpZENsdWJ2aXNpdGEiOjExMjQ1fQ==/informe-arbitral-necaxa-vs-atlas-jornada-7-estadio-victoria-vix', 'text': '0 - 1'}","{'type': 'link', 'href': 'https://www.ligafemenil.mx/cancha/club/11245/atlas', 'text': ''}","{'type': 'link', 'href': 'https://www.ligafemenil.mx/cancha/estadio/15/estadio-victoria', 'text': 'Victoria'}","{'type': 'link', 'href': 'https://www.ligafemenil.mx/cancha/mxm/140323/eyJpZERpdmlzaW9uIjoiMTQiLCJpZFRlbXBvcmFkYSI6Ijc1IiwiaWRUb3JuZW8iOiIxIiwiaWRDbHVibG9jYWwiOiIxMTE4OSIsImlkQ2x1YnZpc2l0YSI6IjExMjQ1IiwiaWRQYXJ0aWRvIjoiMTQwMzIzIiwicGVzdGFuYSI6IjEifQ==/minuto-a-minuto-necaxa-vs-atlas-jornada-7-estadio-victoria-vix', 'text': ''}","{'type': 'link', 'href': 'https://www.ligafemenil.mx/cancha/mxm/140323/eyJpZERpdmlzaW9uIjoiMTQiLCJpZFRlbXBvcmFkYSI6Ijc1IiwiaWRUb3JuZW8iOiIxIiwiaWRDbHVibG9jYWwiOiIxMTE4OSIsImlkQ2x1YnZpc2l0YSI6IjExMjQ1IiwiaWRQYXJ0aWRvIjoiMTQwMzIzIiwicGVzdGFuYSI6IjMifQ==/minuto-a-minuto-necaxa-vs-atlas-jornada-7-estadio-victoria-vix', 'text': ''}","{'type': 'link', 'href': 'https://www.ligafemenil.mx/cancha/informeArbitral/140323/eyJpZERpdmlzaW9uIjoiMTQiLCJpZFRlbXBvcmFkYSI6Ijc1IiwiaWRUb3JuZW8iOiIxIiwiaWRDbHVibG9jYWwiOiIxMTE4OSIsImlkQ2x1YnZpc2l0YSI6IjExMjQ1In0=/informe-arbitral-necaxa-vs-atlas-jornada-7-estadio-victoria-vix', 'text': ''}","{'type': 'link', 'href': 'https://www.ligafemenil.mx/cancha/mxm/140323/eyJpZERpdmlzaW9uIjoiMTQiLCJpZFRlbXBvcmFkYSI6Ijc1IiwiaWRUb3JuZW8iOiIxIiwiaWRDbHVibG9jYWwiOiIxMTE4OSIsImlkQ2x1YnZpc2l0YSI6IjExMjQ1IiwiaWRQYXJ0aWRvIjoiMTQwMzIzIiwicGVzdGFuYSI6IjQifQ==/minuto-a-minuto-necaxa-vs-atlas-jornada-7-estadio-victoria-vix', 'text': ''}","{'type': 'link', 'href': 'https://www.ligafemenil.mx/cancha/galeria/MTQwMzIzLzcvNzUvMS8xNA==/necaxa-vs-atlas', 'text': ''}","{'type': 'link', 'href': 'https://www.ligafemenil.mx/cancha/playlist/140323/necaxa-vs-atlas', 'text': ''}"
2024-2025,Apertura,"{'type': 'text', 'value': 'Lunes 26 de Agosto de 2024\nTemporada 2024-2025\nTorneo Apertura\nJornada 7\n26 Agosto 2024 - 19:00 hrs.'}","{'type': 'link', 'href': 'https://www.ligafemenil.mx/cancha/club/11185/rayados-de-monterrey', 'text': ''}","{'type': 'link', 'href': 'https://www.ligafemenil.mx/cancha/informeArbitral/140327/eyJpZERpdmlzaW9uIjoiMTQiLCJpZFRlbXBvcmFkYSI6Ijc1IiwiaWRUb3JuZW8iOiIxIiwiaWRDbHVibG9jYWwiOjExMTg1LCJpZENsdWJ2aXNpdGEiOjExMTg3fQ==/informe-arbitral-rayados-de-monterrey-vs-toluca-jornada-7-estadio-bbva-vix', 'text': '5 - 0'}","{'type': 'link', 'href': 'https://www.ligafemenil.mx/cancha/club/11187/toluca', 'text': ''}","{'type': 'link', 'href': 'https://www.ligafemenil.mx/cancha/estadio/1608/estadio-bbva', 'text': 'Estadio BBVA'}","{'type': 'link', 'href': 'https://www.ligafemenil.mx/cancha/mxm/140327/eyJpZERpdmlzaW9uIjoiMTQiLCJpZFRlbXBvcmFkYSI6Ijc1IiwiaWRUb3JuZW8iOiIxIiwiaWRDbHVibG9jYWwiOiIxMTE4NSIsImlkQ2x1YnZpc2l0YSI6IjExMTg3IiwiaWRQYXJ0aWRvIjoiMTQwMzI3IiwicGVzdGFuYSI6IjEifQ==/minuto-a-minuto-rayados-de-monterrey-vs-toluca-jornada-7-estadio-bbva-vix', 'text': ''}","{'type': 'link', 'href': 'https://www.ligafemenil.mx/cancha/mxm/140327/eyJpZERpdmlzaW9uIjoiMTQiLCJpZFRlbXBvcmFkYSI6Ijc1IiwiaWRUb3JuZW8iOiIxIiwiaWRDbHVibG9jYWwiOiIxMTE4NSIsImlkQ2x1YnZpc2l0YSI6IjExMTg3IiwiaWRQYXJ0aWRvIjoiMTQwMzI3IiwicGVzdGFuYSI6IjMifQ==/minuto-a-minuto-rayados-de-monterrey-vs-toluca-jornada-7-estadio-bbva-vix', 'text': ''}","{'type': 'link', 'href': 'https://www.ligafemenil.mx/cancha/informeArbitral/140327/eyJpZERpdmlzaW9uIjoiMTQiLCJpZFRlbXBvcmFkYSI6Ijc1IiwiaWRUb3JuZW8iOiIxIiwiaWRDbHVibG9jYWwiOiIxMTE4NSIsImlkQ2x1YnZpc2l0YSI6IjExMTg3In0=/informe-arbitral-rayados-de-monterrey-vs-toluca-jornada-7-estadio-bbva-vix', 'text': ''}","{'type': 'link', 'href': 'https://www.ligafemenil.mx/cancha/mxm/140327/eyJpZERpdmlzaW9uIjoiMTQiLCJpZFRlbXBvcmFkYSI6Ijc1IiwiaWRUb3JuZW8iOiIxIiwiaWRDbHVibG9jYWwiOiIxMTE4NSIsImlkQ2x1YnZpc2l0YSI6IjExMTg3IiwiaWRQYXJ0aWRvIjoiMTQwMzI3IiwicGVzdGFuYSI6IjQifQ==/minuto-a-minuto-rayados-de-monterrey-vs-toluca-jornada-7-estadio-bbva-vix', 'text': ''}","{'type': 'link', 'href': 'https://www.ligafemenil.mx/cancha/galeria/MTQwMzI3LzcvNzUvMS8xNA==/rayados-de-monterrey-vs-toluca', 'text': ''}","{'type': 'link', 'href': 'https://www.ligafemenil.mx/cancha/playlist/140327/rayados-de-monterrey-vs-toluca', 'text': ''}"
2024-2025,Apertura,"{'type': 'text', 'value': 'Lunes 26 de Agosto de 2024\nTemporada 2024-2025\nTorneo Apertura\nJornada 7\n26 Agosto 2024 - 19:06 hrs.'}","{'type': 'link', 'href': 'https://www.ligafemenil.mx/cancha/club/11243/leon', 'text': ''}","{'type': 'link', 'href': 'https://www.ligafemenil.mx/cancha/informeArbitral/140324/eyJpZERpdmlzaW9uIjoiMTQiLCJpZFRlbXBvcmFkYSI6Ijc1IiwiaWRUb3JuZW8iOiIxIiwiaWRDbHVibG9jYWwiOjExMjQzLCJpZENsdWJ2aXNpdGEiOjExMTkxfQ==/informe-arbitral-leon-vs-america-jornada-7-estadio-nou-camp-fox-sports', 'text': '0 - 1'}","{'type': 'link', 'href': 'https://www.ligafemenil.mx/cancha/club/11191/america', 'text': ''}","{'type': 'link', 'href': 'https://www.ligafemenil.mx/cancha/estadio/23/estadio-nou-camp', 'text': 'Nou Camp'}","{'type': 'link', 'href': 'https://www.ligafemenil.mx/cancha/mxm/140324/eyJpZERpdmlzaW9uIjoiMTQiLCJpZFRlbXBvcmFkYSI6Ijc1IiwiaWRUb3JuZW8iOiIxIiwiaWRDbHVibG9jYWwiOiIxMTI0MyIsImlkQ2x1YnZpc2l0YSI6IjExMTkxIiwiaWRQYXJ0aWRvIjoiMTQwMzI0IiwicGVzdGFuYSI6IjEifQ==/minuto-a-minuto-leon-vs-america-jornada-7-estadio-nou-camp-fox-sports', 'text': ''}","{'type': 'link', 'href': 'https://www.ligafemenil.mx/cancha/mxm/140324/eyJpZERpdmlzaW9uIjoiMTQiLCJpZFRlbXBvcmFkYSI6Ijc1IiwiaWRUb3JuZW8iOiIxIiwiaWRDbHVibG9jYWwiOiIxMTI0MyIsImlkQ2x1YnZpc2l0YSI6IjExMTkxIiwiaWRQYXJ0aWRvIjoiMTQwMzI0IiwicGVzdGFuYSI6IjMifQ==/minuto-a-minuto-leon-vs-america-jornada-7-estadio-nou-camp-fox-sports', 'text': ''}","{'type': 'link', 'href': 'https://www.ligafemenil.mx/cancha/informeArbitral/140324/eyJpZERpdmlzaW9uIjoiMTQiLCJpZFRlbXBvcmFkYSI6Ijc1IiwiaWRUb3JuZW8iOiIxIiwiaWRDbHVibG9jYWwiOiIxMTI0MyIsImlkQ2x1YnZpc2l0YSI6IjExMTkxIn0=/informe-arbitral-leon-vs-america-jornada-7-estadio-nou-camp-fox-sports', 'text': ''}","{'type': 'link', 'href': 'https://www.ligafemenil.mx/cancha/mxm/140324/eyJpZERpdmlzaW9uIjoiMTQiLCJpZFRlbXBvcmFkYSI6Ijc1IiwiaWRUb3JuZW8iOiIxIiwiaWRDbHVibG9jYWwiOiIxMTI0MyIsImlkQ2x1YnZpc2l0YSI6IjExMTkxIiwiaWRQYXJ0aWRvIjoiMTQwMzI0IiwicGVzdGFuYSI6IjQifQ==/minuto-a-minuto-leon-vs-america-jornada-7-estadio-nou-camp-fox-sports', 'text': ''}","{'type': 'link', 'href': 'https://www.ligafemenil.mx/cancha/galeria/MTQwMzI0LzcvNzUvMS8xNA==/leon-vs-america', 'text': ''}","{'type': 'link', 'href': 'https://www.ligafemenil.mx/cancha/playlist/140324/leon-vs-america', 'text': ''}"
2024-2025,Apertura,"{'type': 'text', 'value': 'Lunes 26 de Agosto de 2024\nTemporada 2024-2025\nTorneo Apertura\nJornada 7\n26 Agosto 2024 - 21:10 hrs.'}","{'type': 'link', 'href': 'https://www.ligafemenil.mx/cancha/club/11182/guadalajara', 'text': ''}","{'type': 'link', 'href': 'https://www.ligafemenil.mx/cancha/informeArbitral/140325/eyJpZERpdmlzaW9uIjoiMTQiLCJpZFRlbXBvcmFkYSI6Ijc1IiwiaWRUb3JuZW8iOiIxIiwiaWRDbHVibG9jYWwiOjExMTgyLCJpZENsdWJ2aXNpdGEiOjExMTgxfQ==/informe-arbitral-guadalajara-vs-cruz-azul-jornada-7-estadio-akron-fox-sports', 'text': '2 - 0'}","{'type': 'link', 'href': 'https://www.ligafemenil.mx/cancha/club/11181/cruz-azul', 'text': ''}","{'type': 'link', 'href': 'https://www.ligafemenil.mx/cancha/estadio/1538/estadio-akron', 'text': 'Estadio AKRON'}","{'type': 'link', 'href': 'https://www.ligafemenil.mx/cancha/mxm/140325/eyJpZERpdmlzaW9uIjoiMTQiLCJpZFRlbXBvcmFkYSI6Ijc1IiwiaWRUb3JuZW8iOiIxIiwiaWRDbHVibG9jYWwiOiIxMTE4MiIsImlkQ2x1YnZpc2l0YSI6IjExMTgxIiwiaWRQYXJ0aWRvIjoiMTQwMzI1IiwicGVzdGFuYSI6IjEifQ==/minuto-a-minuto-guadalajara-vs-cruz-azul-jornada-7-estadio-akron-fox-sports', 'text': ''}","{'type': 'link', 'href': 'https://www.ligafemenil.mx/cancha/mxm/140325/eyJpZERpdmlzaW9uIjoiMTQiLCJpZFRlbXBvcmFkYSI6Ijc1IiwiaWRUb3JuZW8iOiIxIiwiaWRDbHVibG9jYWwiOiIxMTE4MiIsImlkQ2x1YnZpc2l0YSI6IjExMTgxIiwiaWRQYXJ0aWRvIjoiMTQwMzI1IiwicGVzdGFuYSI6IjMifQ==/minuto-a-minuto-guadalajara-vs-cruz-azul-jornada-7-estadio-akron-fox-sports', 'text': ''}","{'type': 'link', 'href': 'https://www.ligafemenil.mx/cancha/informeArbitral/140325/eyJpZERpdmlzaW9uIjoiMTQiLCJpZFRlbXBvcmFkYSI6Ijc1IiwiaWRUb3JuZW8iOiIxIiwiaWRDbHVibG9jYWwiOiIxMTE4MiIsImlkQ2x1YnZpc2l0YSI6IjExMTgxIn0=/informe-arbitral-guadalajara-vs-cruz-azul-jornada-7-estadio-akron-fox-sports', 'text': ''}","{'type': 'link', 'href': 'https://www.ligafemenil.mx/cancha/mxm/140325/eyJpZERpdmlzaW9uIjoiMTQiLCJpZFRlbXBvcmFkYSI6Ijc1IiwiaWRUb3JuZW8iOiIxIiwiaWRDbHVibG9jYWwiOiIxMTE4MiIsImlkQ2x1YnZpc2l0YSI6IjExMTgxIiwiaWRQYXJ0aWRvIjoiMTQwMzI1IiwicGVzdGFuYSI6IjQifQ==/minuto-a-minuto-guadalajara-vs-cruz-azul-jornada-7-estadio-akron-fox-sports', 'text': ''}","{'type': 'link', 'href': 'https://www.ligafemenil.mx/cancha/galeria/MTQwMzI1LzcvNzUvMS8xNA==/guadalajara-vs-cruz-azul', 'text': ''}","{'type': 'link', 'href': 'https://www.ligafemenil.mx/cancha/playlist/140325/guadalajara-vs-cruz-azul', 'text': ''}"
2024-2025,Apertura,"{'type': 'text', 'value': 'Jueves 29 de Agosto de 2024\nTemporada 2024-2025\nTorneo Apertura\nJornada 2\n29 Agosto 2024 - 18:00 hrs.'}","{'type': 'link', 'href': 'https://www.ligafemenil.mx/cancha/club/11191/america', 'text': ''}","{'type': 'link', 'href': 'https://www.ligafemenil.mx/cancha/informeArbitral/140277/eyJpZERpdmlzaW9uIjoiMTQiLCJpZFRlbXBvcmFkYSI6Ijc1IiwiaWRUb3JuZW8iOiIxIiwiaWRDbHVibG9jYWwiOjExMTkxLCJpZENsdWJ2aXNpdGEiOjExNzk1fQ==/informe-arbitral-america-vs-fc-juarez-jornada-2-estadio-ciudad-de-los-deportes-vix', 'text': '0 - 0'}","{'type': 'link', 'href': 'https://www.ligafemenil.mx/cancha/club/11795/fc-juarez', 'text': ''}","{'type': 'link', 'href': 'https://www.ligafemenil.mx/cancha/estadio/2/estadio-ciudad-de-los-deportes', 'text': 'Ciudad De Los Deportes'}","{'type': 'link', 'href': 'https://www.ligafemenil.mx/cancha/mxm/140277/eyJpZERpdmlzaW9uIjoiMTQiLCJpZFRlbXBvcmFkYSI6Ijc1IiwiaWRUb3JuZW8iOiIxIiwiaWRDbHVibG9jYWwiOiIxMTE5MSIsImlkQ2x1YnZpc2l0YSI6IjExNzk1IiwiaWRQYXJ0aWRvIjoiMTQwMjc3IiwicGVzdGFuYSI6IjEifQ==/minuto-a-minuto-america-vs-fc-juarez-jornada-2-estadio-ciudad-de-los-deportes-vix', 'text': ''}","{'type': 'link', 'href': 'https://www.ligafemenil.mx/cancha/mxm/140277/eyJpZERpdmlzaW9uIjoiMTQiLCJpZFRlbXBvcmFkYSI6Ijc1IiwiaWRUb3JuZW8iOiIxIiwiaWRDbHVibG9jYWwiOiIxMTE5MSIsImlkQ2x1YnZpc2l0YSI6IjExNzk1IiwiaWRQYXJ0aWRvIjoiMTQwMjc3IiwicGVzdGFuYSI6IjMifQ==/minuto-a-minuto-america-vs-fc-juarez-jornada-2-estadio-ciudad-de-los-deportes-vix', 'text': ''}","{'type': 'link', 'href': 'https://www.ligafemenil.mx/cancha/informeArbitral/140277/eyJpZERpdmlzaW9uIjoiMTQiLCJpZFRlbXBvcmFkYSI6Ijc1IiwiaWRUb3JuZW8iOiIxIiwiaWRDbHVibG9jYWwiOiIxMTE5MSIsImlkQ2x1YnZpc2l0YSI6IjExNzk1In0=/informe-arbitral-america-vs-fc-juarez-jornada-2-estadio-ciudad-de-los-deportes-vix', 'text': ''}","{'type': 'link', 'href': 'https://www.ligafemenil.mx/cancha/mxm/140277/eyJpZERpdmlzaW9uIjoiMTQiLCJpZFRlbXBvcmFkYSI6Ijc1IiwiaWRUb3JuZW8iOiIxIiwiaWRDbHVibG9jYWwiOiIxMTE5MSIsImlkQ2x1YnZpc2l0YSI6IjExNzk1IiwiaWRQYXJ0aWRvIjoiMTQwMjc3IiwicGVzdGFuYSI6IjQifQ==/minuto-a-minuto-america-vs-fc-juarez-jornada-2-estadio-ciudad-de-los-deportes-vix', 'text': ''}","{'type': 'link', 'href': 'https://www.ligafemenil.mx/cancha/galeria/MTQwMjc3LzIvNzUvMS8xNA==/america-vs-fc-juarez', 'text': ''}","{'type': 'link', 'href': 'https://www.ligafemenil.mx/cancha/playlist/140277/america-vs-fc-juarez', 'text': ''}"
2024-2025,Apertura,"{'type': 'text', 'value': 'Jueves 29 de Agosto de 2024\nTemporada 2024-2025\nTorneo Apertura\nJornada 3\n29 Agosto 2024 - 21:06 hrs.'}","{'type': 'link', 'href': 'https://www.ligafemenil.mx/cancha/club/11186/tigres-de-la-uanl', 'text': ''}","{'type': 'link', 'href': 'https://www.ligafemenil.mx/cancha/informeArbitral/140286/eyJpZERpdmlzaW9uIjoiMTQiLCJpZFRlbXBvcmFkYSI6Ijc1IiwiaWRUb3JuZW8iOiIxIiwiaWRDbHVibG9jYWwiOjExMTg2LCJpZENsdWJ2aXNpdGEiOjExMTg5fQ==/informe-arbitral-tigres-de-la-uanl-vs-necaxa-jornada-3-estadio-universitario-fox-sports', 'text': '6 - 0'}","{'type': 'link', 'href': 'https://www.ligafemenil.mx/cancha/club/11189/necaxa', 'text': ''}","{'type': 'link', 'href': 'https://www.ligafemenil.mx/cancha/estadio/12/estadio-universitario', 'text': 'Universitario'}","{'type': 'link', 'href': 'https://www.ligafemenil.mx/cancha/mxm/140286/eyJpZERpdmlzaW9uIjoiMTQiLCJpZFRlbXBvcmFkYSI6Ijc1IiwiaWRUb3JuZW8iOiIxIiwiaWRDbHVibG9jYWwiOiIxMTE4NiIsImlkQ2x1YnZpc2l0YSI6IjExMTg5IiwiaWRQYXJ0aWRvIjoiMTQwMjg2IiwicGVzdGFuYSI6IjEifQ==/minuto-a-minuto-tigres-de-la-uanl-vs-necaxa-jornada-3-estadio-universitario-fox-sports', 'text': ''}","{'type': 'link', 'href': 'https://www.ligafemenil.mx/cancha/mxm/140286/eyJpZERpdmlzaW9uIjoiMTQiLCJpZFRlbXBvcmFkYSI6Ijc1IiwiaWRUb3JuZW8iOiIxIiwiaWRDbHVibG9jYWwiOiIxMTE4NiIsImlkQ2x1YnZpc2l0YSI6IjExMTg5IiwiaWRQYXJ0aWRvIjoiMTQwMjg2IiwicGVzdGFuYSI6IjMifQ==/minuto-a-minuto-tigres-de-la-uanl-vs-necaxa-jornada-3-estadio-universitario-fox-sports', 'text': ''}","{'type': 'link', 'href': 'https://www.ligafemenil.mx/cancha/informeArbitral/140286/eyJpZERpdmlzaW9uIjoiMTQiLCJpZFRlbXBvcmFkYSI6Ijc1IiwiaWRUb3JuZW8iOiIxIiwiaWRDbHVibG9jYWwiOiIxMTE4NiIsImlkQ2x1YnZpc2l0YSI6IjExMTg5In0=/informe-arbitral-tigres-de-la-uanl-vs-necaxa-jornada-3-estadio-universitario-fox-sports', 'text': ''}","{'type': 'link', 'href': 'https://www.ligafemenil.mx/cancha/mxm/140286/eyJpZERpdmlzaW9uIjoiMTQiLCJpZFRlbXBvcmFkYSI6Ijc1IiwiaWRUb3JuZW8iOiIxIiwiaWRDbHVibG9jYWwiOiIxMTE4NiIsImlkQ2x1YnZpc2l0YSI6IjExMTg5IiwiaWRQYXJ0aWRvIjoiMTQwMjg2IiwicGVzdGFuYSI6IjQifQ==/minuto-a-minuto-tigres-de-la-uanl-vs-necaxa-jornada-3-estadio-universitario-fox-sports', 'text': ''}","{'type': 'link', 'href': 'https://www.ligafemenil.mx/cancha/galeria/MTQwMjg2LzMvNzUvMS8xNA==/tigres-de-la-uanl-vs-necaxa', 'text': ''}","{'type': 'link', 'href': 'https://www.ligafemenil.mx/cancha/playlist/140286/tigres-de-la-uanl-vs-necaxa', 'text': ''}"
2024-2025,Apertura,"{'type': 'text', 'value': 'Viernes 30 de Agosto de 2024\nTemporada 2024-2025\nTorneo Apertura\nJornada 8\n30 Agosto 2024 - 16:15 hrs.'}","{'type': 'link', 'href': 'https://www.ligafemenil.mx/cancha/club/11180/tijuana', 'text': ''}","{'type': 'link', 'href': 'https://www.ligafemenil.mx/cancha/informeArbitral/140339/eyJpZERpdmlzaW9uIjoiMTQiLCJpZFRlbXBvcmFkYSI6Ijc1IiwiaWRUb3JuZW8iOiIxIiwiaWRDbHVibG9jYWwiOjExMTgwLCJpZENsdWJ2aXNpdGEiOjExMTkyfQ==/informe-arbitral-tijuana-vs-santos-laguna-jornada-8-estadio-caliente-caliente-tv', 'text': '1 - 0'}","{'type': 'link', 'href': 'https://www.ligafemenil.mx/cancha/club/11192/santos-laguna', 'text': ''}","{'type': 'link', 'href': 'https://www.ligafemenil.mx/cancha/estadio/48/estadio-caliente', 'text': 'Caliente'}","{'type': 'link', 'href': 'https://www.ligafemenil.mx/cancha/mxm/140339/eyJpZERpdmlzaW9uIjoiMTQiLCJpZFRlbXBvcmFkYSI6Ijc1IiwiaWRUb3JuZW8iOiIxIiwiaWRDbHVibG9jYWwiOiIxMTE4MCIsImlkQ2x1YnZpc2l0YSI6IjExMTkyIiwiaWRQYXJ0aWRvIjoiMTQwMzM5IiwicGVzdGFuYSI6IjEifQ==/minuto-a-minuto-tijuana-vs-santos-laguna-jornada-8-estadio-caliente-caliente-tv', 'text': ''}","{'type': 'link', 'href': 'https://www.ligafemenil.mx/cancha/mxm/140339/eyJpZERpdmlzaW9uIjoiMTQiLCJpZFRlbXBvcmFkYSI6Ijc1IiwiaWRUb3JuZW8iOiIxIiwiaWRDbHVibG9jYWwiOiIxMTE4MCIsImlkQ2x1YnZpc2l0YSI6IjExMTkyIiwiaWRQYXJ0aWRvIjoiMTQwMzM5IiwicGVzdGFuYSI6IjMifQ==/minuto-a-minuto-tijuana-vs-santos-laguna-jornada-8-estadio-caliente-caliente-tv', 'text': ''}","{'type': 'link', 'href': 'https://www.ligafemenil.mx/cancha/informeArbitral/140339/eyJpZERpdmlzaW9uIjoiMTQiLCJpZFRlbXBvcmFkYSI6Ijc1IiwiaWRUb3JuZW8iOiIxIiwiaWRDbHVibG9jYWwiOiIxMTE4MCIsImlkQ2x1YnZpc2l0YSI6IjExMTkyIn0=/informe-arbitral-tijuana-vs-santos-laguna-jornada-8-estadio-caliente-caliente-tv', 'text': ''}","{'type': 'link', 'href': 'https://www.ligafemenil.mx/cancha/mxm/140339/eyJpZERpdmlzaW9uIjoiMTQiLCJpZFRlbXBvcmFkYSI6Ijc1IiwiaWRUb3JuZW8iOiIxIiwiaWRDbHVibG9jYWwiOiIxMTE4MCIsImlkQ2x1YnZpc2l0YSI6IjExMTkyIiwiaWRQYXJ0aWRvIjoiMTQwMzM5IiwicGVzdGFuYSI6IjQifQ==/minuto-a-minuto-tijuana-vs-santos-laguna-jornada-8-estadio-caliente-caliente-tv', 'text': ''}","{'type': 'link', 'href': 'https://www.ligafemenil.mx/cancha/galeria/MTQwMzM5LzgvNzUvMS8xNA==/tijuana-vs-santos-laguna', 'text': ''}","{'type': 'link', 'href': 'https://www.ligafemenil.mx/cancha/playlist/140339/tijuana-vs-santos-laguna', 'text': ''}"
2024-2025,Apertura,"{'type': 'text', 'value': 'Domingo 1 de Septiembre de 2024\nTemporada 2024-2025\nTorneo Apertura\nJornada 8\n1 Septiembre 2024 - 12:00 hrs.'}","{'type': 'link', 'href': 'https://www.ligafemenil.mx/cancha/club/11543/puebla-fc', 'text': ''}","{'type': 'link', 'href': 'https://www.ligafemenil.mx/cancha/informeArbitral/140328/eyJpZERpdmlzaW9uIjoiMTQiLCJpZFRlbXBvcmFkYSI6Ijc1IiwiaWRUb3JuZW8iOiIxIiwiaWRDbHVibG9jYWwiOjExNTQzLCJpZENsdWJ2aXNpdGEiOjExNzc4fQ==/informe-arbitral-puebla-fc-vs-club-atletico-de-san-luis-jornada-8-estadio-cuauhtemoc-fox-sports', 'text': '2 - 2'}","{'type': 'link', 'href': 'https://www.ligafemenil.mx/cancha/club/11778/club-atletico-de-san-luis', 'text': ''}","{'type': 'link', 'href': 'https://www.ligafemenil.mx/cancha/estadio/9/estadio-cuauhtemoc', 'text': 'Cuauhtémoc'}","{'type': 'link', 'href': 'https://www.ligafemenil.mx/cancha/mxm/140328/eyJpZERpdmlzaW9uIjoiMTQiLCJpZFRlbXBvcmFkYSI6Ijc1IiwiaWRUb3JuZW8iOiIxIiwiaWRDbHVibG9jYWwiOiIxMTU0MyIsImlkQ2x1YnZpc2l0YSI6IjExNzc4IiwiaWRQYXJ0aWRvIjoiMTQwMzI4IiwicGVzdGFuYSI6IjEifQ==/minuto-a-minuto-puebla-fc-vs-club-atletico-de-san-luis-jornada-8-estadio-cuauhtemoc-fox-sports', 'text': ''}","{'type': 'link', 'href': 'https://www.ligafemenil.mx/cancha/mxm/140328/eyJpZERpdmlzaW9uIjoiMTQiLCJpZFRlbXBvcmFkYSI6Ijc1IiwiaWRUb3JuZW8iOiIxIiwiaWRDbHVibG9jYWwiOiIxMTU0MyIsImlkQ2x1YnZpc2l0YSI6IjExNzc4IiwiaWRQYXJ0aWRvIjoiMTQwMzI4IiwicGVzdGFuYSI6IjMifQ==/minuto-a-minuto-puebla-fc-vs-club-atletico-de-san-luis-jornada-8-estadio-cuauhtemoc-fox-sports', 'text': ''}","{'type': 'link', 'href': 'https://www.ligafemenil.mx/cancha/informeArbitral/140328/eyJpZERpdmlzaW9uIjoiMTQiLCJpZFRlbXBvcmFkYSI6Ijc1IiwiaWRUb3JuZW8iOiIxIiwiaWRDbHVibG9jYWwiOiIxMTU0MyIsImlkQ2x1YnZpc2l0YSI6IjExNzc4In0=/informe-arbitral-puebla-fc-vs-club-atletico-de-san-luis-jornada-8-estadio-cuauhtemoc-fox-sports', 'text': ''}","{'type': 'link', 'href': 'https://www.ligafemenil.mx/cancha/mxm/140328/eyJpZERpdmlzaW9uIjoiMTQiLCJpZFRlbXBvcmFkYSI6Ijc1IiwiaWRUb3JuZW8iOiIxIiwiaWRDbHVibG9jYWwiOiIxMTU0MyIsImlkQ2x1YnZpc2l0YSI6IjExNzc4IiwiaWRQYXJ0aWRvIjoiMTQwMzI4IiwicGVzdGFuYSI6IjQifQ==/minuto-a-minuto-puebla-fc-vs-club-atletico-de-san-luis-jornada-8-estadio-cuauhtemoc-fox-sports', 'text': ''}","{'type': 'link', 'href': 'https://www.ligafemenil.mx/cancha/galeria/MTQwMzI4LzgvNzUvMS8xNA==/puebla-fc-vs-club-atletico-de-san-luis', 'text': ''}","{'type': 'link', 'href': 'https://www.ligafemenil.mx/cancha/playlist/140328/puebla-fc-vs-club-atletico-de-san-luis', 'text': ''}"
2024-2025,Apertura,"{'type': 'text', 'value': 'Domingo 1 de Septiembre de 2024\nTemporada 2024-2025\nTorneo Apertura\nJornada 8\n1 Septiembre 2024 - 12:00 hrs.'}","{'type': 'link', 'href': 'https://www.ligafemenil.mx/cancha/club/11191/america', 'text': ''}","{'type': 'link', 'href': 'https://www.ligafemenil.mx/cancha/informeArbitral/140329/eyJpZERpdmlzaW9uIjoiMTQiLCJpZFRlbXBvcmFkYSI6Ijc1IiwiaWRUb3JuZW8iOiIxIiwiaWRDbHVibG9jYWwiOjExMTkxLCJpZENsdWJ2aXNpdGEiOjExMTg4fQ==/informe-arbitral-america-vs-pumas-jornada-8-estadio-ciudad-de-los-deportes-las-estrellas', 'text': '2 - 2'}","{'type': 'link', 'href': 'https://www.ligafemenil.mx/cancha/club/11188/pumas', 'text': ''}","{'type': 'link', 'href': 'https://www.ligafemenil.mx/cancha/estadio/2/estadio-ciudad-de-los-deportes', 'text': 'Ciudad De Los Deportes'}","{'type': 'link', 'href': 'https://www.ligafemenil.mx/cancha/mxm/140329/eyJpZERpdmlzaW9uIjoiMTQiLCJpZFRlbXBvcmFkYSI6Ijc1IiwiaWRUb3JuZW8iOiIxIiwiaWRDbHVibG9jYWwiOiIxMTE5MSIsImlkQ2x1YnZpc2l0YSI6IjExMTg4IiwiaWRQYXJ0aWRvIjoiMTQwMzI5IiwicGVzdGFuYSI6IjEifQ==/minuto-a-minuto-america-vs-pumas-jornada-8-estadio-ciudad-de-los-deportes-las-estrellas', 'text': ''}","{'type': 'link', 'href': 'https://www.ligafemenil.mx/cancha/mxm/140329/eyJpZERpdmlzaW9uIjoiMTQiLCJpZFRlbXBvcmFkYSI6Ijc1IiwiaWRUb3JuZW8iOiIxIiwiaWRDbHVibG9jYWwiOiIxMTE5MSIsImlkQ2x1YnZpc2l0YSI6IjExMTg4IiwiaWRQYXJ0aWRvIjoiMTQwMzI5IiwicGVzdGFuYSI6IjMifQ==/minuto-a-minuto-america-vs-pumas-jornada-8-estadio-ciudad-de-los-deportes-las-estrellas', 'text': ''}","{'type': 'link', 'href': 'https://www.ligafemenil.mx/cancha/informeArbitral/140329/eyJpZERpdmlzaW9uIjoiMTQiLCJpZFRlbXBvcmFkYSI6Ijc1IiwiaWRUb3JuZW8iOiIxIiwiaWRDbHVibG9jYWwiOiIxMTE5MSIsImlkQ2x1YnZpc2l0YSI6IjExMTg4In0=/informe-arbitral-america-vs-pumas-jornada-8-estadio-ciudad-de-los-deportes-las-estrellas', 'text': ''}","{'type': 'link', 'href': 'https://www.ligafemenil.mx/cancha/mxm/140329/eyJpZERpdmlzaW9uIjoiMTQiLCJpZFRlbXBvcmFkYSI6Ijc1IiwiaWRUb3JuZW8iOiIxIiwiaWRDbHVibG9jYWwiOiIxMTE5MSIsImlkQ2x1YnZpc2l0YSI6IjExMTg4IiwiaWRQYXJ0aWRvIjoiMTQwMzI5IiwicGVzdGFuYSI6IjQifQ==/minuto-a-minuto-america-vs-pumas-jornada-8-estadio-ciudad-de-los-deportes-las-estrellas', 'text': ''}","{'type': 'link', 'href': 'https://www.ligafemenil.mx/cancha/galeria/MTQwMzI5LzgvNzUvMS8xNA==/america-vs-pumas', 'text': ''}","{'type': 'link', 'href': 'https://www.ligafemenil.mx/cancha/playlist/140329/america-vs-pumas', 'text': ''}"
2024-2025,Apertura,"{'type': 'text', 'value': 'Domingo 1 de Septiembre de 2024\nTemporada 2024-2025\nTorneo Apertura\nJornada 8\n1 Septiembre 2024 - 17:00 hrs.'}","{'type': 'link', 'href': 'https://www.ligafemenil.mx/cancha/club/11184/pachuca', 'text': ''}","{'type': 'link', 'href': 'https://www.ligafemenil.mx/cancha/informeArbitral/140331/eyJpZERpdmlzaW9uIjoiMTQiLCJpZFRlbXBvcmFkYSI6Ijc1IiwiaWRUb3JuZW8iOiIxIiwiaWRDbHVibG9jYWwiOjExMTg0LCJpZENsdWJ2aXNpdGEiOjEyMDUxfQ==/informe-arbitral-pachuca-vs-mazatlan-fc-jornada-8-estadio-hidalgo-fox-sports', 'text': '7 - 0'}","{'type': 'link', 'href': 'https://www.ligafemenil.mx/cancha/club/12051/mazatlan-fc', 'text': ''}","{'type': 'link', 'href': 'https://www.ligafemenil.mx/cancha/estadio/11/estadio-hidalgo', 'text': 'Hidalgo'}","{'type': 'link', 'href': 'https://www.ligafemenil.mx/cancha/mxm/140331/eyJpZERpdmlzaW9uIjoiMTQiLCJpZFRlbXBvcmFkYSI6Ijc1IiwiaWRUb3JuZW8iOiIxIiwiaWRDbHVibG9jYWwiOiIxMTE4NCIsImlkQ2x1YnZpc2l0YSI6IjEyMDUxIiwiaWRQYXJ0aWRvIjoiMTQwMzMxIiwicGVzdGFuYSI6IjEifQ==/minuto-a-minuto-pachuca-vs-mazatlan-fc-jornada-8-estadio-hidalgo-fox-sports', 'text': ''}","{'type': 'link', 'href': 'https://www.ligafemenil.mx/cancha/mxm/140331/eyJpZERpdmlzaW9uIjoiMTQiLCJpZFRlbXBvcmFkYSI6Ijc1IiwiaWRUb3JuZW8iOiIxIiwiaWRDbHVibG9jYWwiOiIxMTE4NCIsImlkQ2x1YnZpc2l0YSI6IjEyMDUxIiwiaWRQYXJ0aWRvIjoiMTQwMzMxIiwicGVzdGFuYSI6IjMifQ==/minuto-a-minuto-pachuca-vs-mazatlan-fc-jornada-8-estadio-hidalgo-fox-sports', 'text': ''}","{'type': 'link', 'href': 'https://www.ligafemenil.mx/cancha/informeArbitral/140331/eyJpZERpdmlzaW9uIjoiMTQiLCJpZFRlbXBvcmFkYSI6Ijc1IiwiaWRUb3JuZW8iOiIxIiwiaWRDbHVibG9jYWwiOiIxMTE4NCIsImlkQ2x1YnZpc2l0YSI6IjEyMDUxIn0=/informe-arbitral-pachuca-vs-mazatlan-fc-jornada-8-estadio-hidalgo-fox-sports', 'text': ''}","{'type': 'link', 'href': 'https://www.ligafemenil.mx/cancha/mxm/140331/eyJpZERpdmlzaW9uIjoiMTQiLCJpZFRlbXBvcmFkYSI6Ijc1IiwiaWRUb3JuZW8iOiIxIiwiaWRDbHVibG9jYWwiOiIxMTE4NCIsImlkQ2x1YnZpc2l0YSI6IjEyMDUxIiwiaWRQYXJ0aWRvIjoiMTQwMzMxIiwicGVzdGFuYSI6IjQifQ==/minuto-a-minuto-pachuca-vs-mazatlan-fc-jornada-8-estadio-hidalgo-fox-sports', 'text': ''}","{'type': 'link', 'href': 'https://www.ligafemenil.mx/cancha/galeria/MTQwMzMxLzgvNzUvMS8xNA==/pachuca-vs-mazatlan-fc', 'text': ''}","{'type': 'link', 'href': 'https://www.ligafemenil.mx/cancha/playlist/140331/pachuca-vs-mazatlan-fc', 'text': ''}"
2024-2025,Apertura,"{'type': 'text', 'value': 'Domingo 1 de Septiembre de 2024\nTemporada 2024-2025\nTorneo Apertura\nJornada 8\n1 Septiembre 2024 - 19:06 hrs.'}","{'type': 'link', 'href': 'https://www.ligafemenil.mx/cancha/club/11186/tigres-de-la-uanl', 'text': ''}","{'type': 'link', 'href': 'https://www.ligafemenil.mx/cancha/informeArbitral/140332/eyJpZERpdmlzaW9uIjoiMTQiLCJpZFRlbXBvcmFkYSI6Ijc1IiwiaWRUb3JuZW8iOiIxIiwiaWRDbHVibG9jYWwiOjExMTg2LCJpZENsdWJ2aXNpdGEiOjExMjQzfQ==/informe-arbitral-tigres-de-la-uanl-vs-leon-jornada-8-estadio-universitario-fox-sports', 'text': '1 - 0'}","{'type': 'link', 'href': 'https://www.ligafemenil.mx/cancha/club/11243/leon', 'text': ''}","{'type': 'link', 'href': 'https://www.ligafemenil.mx/cancha/estadio/12/estadio-universitario', 'text': 'Universitario'}","{'type': 'link', 'href': 'https://www.ligafemenil.mx/cancha/mxm/140332/eyJpZERpdmlzaW9uIjoiMTQiLCJpZFRlbXBvcmFkYSI6Ijc1IiwiaWRUb3JuZW8iOiIxIiwiaWRDbHVibG9jYWwiOiIxMTE4NiIsImlkQ2x1YnZpc2l0YSI6IjExMjQzIiwiaWRQYXJ0aWRvIjoiMTQwMzMyIiwicGVzdGFuYSI6IjEifQ==/minuto-a-minuto-tigres-de-la-uanl-vs-leon-jornada-8-estadio-universitario-fox-sports', 'text': ''}","{'type': 'link', 'href': 'https://www.ligafemenil.mx/cancha/mxm/140332/eyJpZERpdmlzaW9uIjoiMTQiLCJpZFRlbXBvcmFkYSI6Ijc1IiwiaWRUb3JuZW8iOiIxIiwiaWRDbHVibG9jYWwiOiIxMTE4NiIsImlkQ2x1YnZpc2l0YSI6IjExMjQzIiwiaWRQYXJ0aWRvIjoiMTQwMzMyIiwicGVzdGFuYSI6IjMifQ==/minuto-a-minuto-tigres-de-la-uanl-vs-leon-jornada-8-estadio-universitario-fox-sports', 'text': ''}","{'type': 'link', 'href': 'https://www.ligafemenil.mx/cancha/informeArbitral/140332/eyJpZERpdmlzaW9uIjoiMTQiLCJpZFRlbXBvcmFkYSI6Ijc1IiwiaWRUb3JuZW8iOiIxIiwiaWRDbHVibG9jYWwiOiIxMTE4NiIsImlkQ2x1YnZpc2l0YSI6IjExMjQzIn0=/informe-arbitral-tigres-de-la-uanl-vs-leon-jornada-8-estadio-universitario-fox-sports', 'text': ''}","{'type': 'link', 'href': 'https://www.ligafemenil.mx/cancha/mxm/140332/eyJpZERpdmlzaW9uIjoiMTQiLCJpZFRlbXBvcmFkYSI6Ijc1IiwiaWRUb3JuZW8iOiIxIiwiaWRDbHVibG9jYWwiOiIxMTE4NiIsImlkQ2x1YnZpc2l0YSI6IjExMjQzIiwiaWRQYXJ0aWRvIjoiMTQwMzMyIiwicGVzdGFuYSI6IjQifQ==/minuto-a-minuto-tigres-de-la-uanl-vs-leon-jornada-8-estadio-universitario-fox-sports', 'text': ''}","{'type': 'link', 'href': 'https://www.ligafemenil.mx/cancha/galeria/MTQwMzMyLzgvNzUvMS8xNA==/tigres-de-la-uanl-vs-leon', 'text': ''}","{'type': 'link', 'href': 'https://www.ligafemenil.mx/cancha/playlist/140332/tigres-de-la-uanl-vs-leon', 'text': ''}"
2024-2025,Apertura,"{'type': 'text', 'value': 'Lunes 2 de Septiembre de 2024\nTemporada 2024-2025\nTorneo Apertura\nJornada 8\n2 Septiembre 2024 - 16:30 hrs.'}","{'type': 'link', 'href': 'https://www.ligafemenil.mx/cancha/club/11187/toluca', 'text': ''}","{'type': 'link', 'href': 'https://www.ligafemenil.mx/cancha/informeArbitral/140333/eyJpZERpdmlzaW9uIjoiMTQiLCJpZFRlbXBvcmFkYSI6Ijc1IiwiaWRUb3JuZW8iOiIxIiwiaWRDbHVibG9jYWwiOjExMTg3LCJpZENsdWJ2aXNpdGEiOjExMTgyfQ==/informe-arbitral-toluca-vs-guadalajara-jornada-8-estadio-nemesio-diez-vix', 'text': '2 - 0'}","{'type': 'link', 'href': 'https://www.ligafemenil.mx/cancha/club/11182/guadalajara', 'text': ''}","{'type': 'link', 'href': 'https://www.ligafemenil.mx/cancha/estadio/6/estadio-nemesio-diez', 'text': 'Nemesio Diez'}","{'type': 'link', 'href': 'https://www.ligafemenil.mx/cancha/mxm/140333/eyJpZERpdmlzaW9uIjoiMTQiLCJpZFRlbXBvcmFkYSI6Ijc1IiwiaWRUb3JuZW8iOiIxIiwiaWRDbHVibG9jYWwiOiIxMTE4NyIsImlkQ2x1YnZpc2l0YSI6IjExMTgyIiwiaWRQYXJ0aWRvIjoiMTQwMzMzIiwicGVzdGFuYSI6IjEifQ==/minuto-a-minuto-toluca-vs-guadalajara-jornada-8-estadio-nemesio-diez-vix', 'text': ''}","{'type': 'link', 'href': 'https://www.ligafemenil.mx/cancha/mxm/140333/eyJpZERpdmlzaW9uIjoiMTQiLCJpZFRlbXBvcmFkYSI6Ijc1IiwiaWRUb3JuZW8iOiIxIiwiaWRDbHVibG9jYWwiOiIxMTE4NyIsImlkQ2x1YnZpc2l0YSI6IjExMTgyIiwiaWRQYXJ0aWRvIjoiMTQwMzMzIiwicGVzdGFuYSI6IjMifQ==/minuto-a-minuto-toluca-vs-guadalajara-jornada-8-estadio-nemesio-diez-vix', 'text': ''}","{'type': 'link', 'href': 'https://www.ligafemenil.mx/cancha/informeArbitral/140333/eyJpZERpdmlzaW9uIjoiMTQiLCJpZFRlbXBvcmFkYSI6Ijc1IiwiaWRUb3JuZW8iOiIxIiwiaWRDbHVibG9jYWwiOiIxMTE4NyIsImlkQ2x1YnZpc2l0YSI6IjExMTgyIn0=/informe-arbitral-toluca-vs-guadalajara-jornada-8-estadio-nemesio-diez-vix', 'text': ''}","{'type': 'link', 'href': 'https://www.ligafemenil.mx/cancha/mxm/140333/eyJpZERpdmlzaW9uIjoiMTQiLCJpZFRlbXBvcmFkYSI6Ijc1IiwiaWRUb3JuZW8iOiIxIiwiaWRDbHVibG9jYWwiOiIxMTE4NyIsImlkQ2x1YnZpc2l0YSI6IjExMTgyIiwiaWRQYXJ0aWRvIjoiMTQwMzMzIiwicGVzdGFuYSI6IjQifQ==/minuto-a-minuto-toluca-vs-guadalajara-jornada-8-estadio-nemesio-diez-vix', 'text': ''}","{'type': 'link', 'href': 'https://www.ligafemenil.mx/cancha/galeria/MTQwMzMzLzgvNzUvMS8xNA==/toluca-vs-guadalajara', 'text': ''}","{'type': 'link', 'href': 'https://www.ligafemenil.mx/cancha/playlist/140333/toluca-vs-guadalajara', 'text': ''}"
2024-2025,Apertura,"{'type': 'text', 'value': 'Lunes 2 de Septiembre de 2024\nTemporada 2024-2025\nTorneo Apertura\nJornada 8\n2 Septiembre 2024 - 17:00 hrs.'}","{'type': 'link', 'href': 'https://www.ligafemenil.mx/cancha/club/12042/gallos-blancos-de-queretaro', 'text': ''}","{'type': 'link', 'href': 'https://www.ligafemenil.mx/cancha/informeArbitral/140334/eyJpZERpdmlzaW9uIjoiMTQiLCJpZFRlbXBvcmFkYSI6Ijc1IiwiaWRUb3JuZW8iOiIxIiwiaWRDbHVibG9jYWwiOjEyMDQyLCJpZENsdWJ2aXNpdGEiOjExMTg1fQ==/informe-arbitral-gallos-blancos-de-queretaro-vs-rayados-de-monterrey-jornada-8-estadio-olimpico-alameda-caliente-tv', 'text': '1 - 3'}","{'type': 'link', 'href': 'https://www.ligafemenil.mx/cancha/club/11185/rayados-de-monterrey', 'text': ''}","{'type': 'link', 'href': 'https://www.ligafemenil.mx/cancha/estadio/1741/estadio-olimpico-alameda', 'text': 'Estadio Olímpico Alameda'}","{'type': 'link', 'href': 'https://www.ligafemenil.mx/cancha/mxm/140334/eyJpZERpdmlzaW9uIjoiMTQiLCJpZFRlbXBvcmFkYSI6Ijc1IiwiaWRUb3JuZW8iOiIxIiwiaWRDbHVibG9jYWwiOiIxMjA0MiIsImlkQ2x1YnZpc2l0YSI6IjExMTg1IiwiaWRQYXJ0aWRvIjoiMTQwMzM0IiwicGVzdGFuYSI6IjEifQ==/minuto-a-minuto-gallos-blancos-de-queretaro-vs-rayados-de-monterrey-jornada-8-estadio-olimpico-alameda-caliente-tv', 'text': ''}","{'type': 'link', 'href': 'https://www.ligafemenil.mx/cancha/mxm/140334/eyJpZERpdmlzaW9uIjoiMTQiLCJpZFRlbXBvcmFkYSI6Ijc1IiwiaWRUb3JuZW8iOiIxIiwiaWRDbHVibG9jYWwiOiIxMjA0MiIsImlkQ2x1YnZpc2l0YSI6IjExMTg1IiwiaWRQYXJ0aWRvIjoiMTQwMzM0IiwicGVzdGFuYSI6IjMifQ==/minuto-a-minuto-gallos-blancos-de-queretaro-vs-rayados-de-monterrey-jornada-8-estadio-olimpico-alameda-caliente-tv', 'text': ''}","{'type': 'link', 'href': 'https://www.ligafemenil.mx/cancha/informeArbitral/140334/eyJpZERpdmlzaW9uIjoiMTQiLCJpZFRlbXBvcmFkYSI6Ijc1IiwiaWRUb3JuZW8iOiIxIiwiaWRDbHVibG9jYWwiOiIxMjA0MiIsImlkQ2x1YnZpc2l0YSI6IjExMTg1In0=/informe-arbitral-gallos-blancos-de-queretaro-vs-rayados-de-monterrey-jornada-8-estadio-olimpico-alameda-caliente-tv', 'text': ''}","{'type': 'link', 'href': 'https://www.ligafemenil.mx/cancha/mxm/140334/eyJpZERpdmlzaW9uIjoiMTQiLCJpZFRlbXBvcmFkYSI6Ijc1IiwiaWRUb3JuZW8iOiIxIiwiaWRDbHVibG9jYWwiOiIxMjA0MiIsImlkQ2x1YnZpc2l0YSI6IjExMTg1IiwiaWRQYXJ0aWRvIjoiMTQwMzM0IiwicGVzdGFuYSI6IjQifQ==/minuto-a-minuto-gallos-blancos-de-queretaro-vs-rayados-de-monterrey-jornada-8-estadio-olimpico-alameda-caliente-tv', 'text': ''}","{'type': 'link', 'href': 'https://www.ligafemenil.mx/cancha/galeria/MTQwMzM0LzgvNzUvMS8xNA==/gallos-blancos-de-queretaro-vs-rayados-de-monterrey', 'text': ''}","{'type': 'link', 'href': 'https://www.ligafemenil.mx/cancha/playlist/140334/gallos-blancos-de-queretaro-vs-rayados-de-monterrey', 'text': ''}"
2024-2025,Apertura,"{'type': 'text', 'value': 'Martes 3 de Septiembre de 2024\nTemporada 2024-2025\nTorneo Apertura\nJornada 8\n3 Septiembre 2024 - 15:45 hrs.'}","{'type': 'link', 'href': 'https://www.ligafemenil.mx/cancha/club/11181/cruz-azul', 'text': ''}","{'type': 'link', 'href': 'https://www.ligafemenil.mx/cancha/informeArbitral/140336/eyJpZERpdmlzaW9uIjoiMTQiLCJpZFRlbXBvcmFkYSI6Ijc1IiwiaWRUb3JuZW8iOiIxIiwiaWRDbHVibG9jYWwiOjExMTgxLCJpZENsdWJ2aXNpdGEiOjExMTg5fQ==/informe-arbitral-cruz-azul-vs-necaxa-jornada-8-estadio-instalaciones-la-noria-vix', 'text': '1 - 1'}","{'type': 'link', 'href': 'https://www.ligafemenil.mx/cancha/club/11189/necaxa', 'text': ''}","{'type': 'link', 'href': 'https://www.ligafemenil.mx/cancha/estadio/877/estadio-instalaciones-la-noria', 'text': 'INSTALACIONES LA NORIA'}","{'type': 'link', 'href': 'https://www.ligafemenil.mx/cancha/mxm/140336/eyJpZERpdmlzaW9uIjoiMTQiLCJpZFRlbXBvcmFkYSI6Ijc1IiwiaWRUb3JuZW8iOiIxIiwiaWRDbHVibG9jYWwiOiIxMTE4MSIsImlkQ2x1YnZpc2l0YSI6IjExMTg5IiwiaWRQYXJ0aWRvIjoiMTQwMzM2IiwicGVzdGFuYSI6IjEifQ==/minuto-a-minuto-cruz-azul-vs-necaxa-jornada-8-estadio-instalaciones-la-noria-vix', 'text': ''}","{'type': 'link', 'href': 'https://www.ligafemenil.mx/cancha/mxm/140336/eyJpZERpdmlzaW9uIjoiMTQiLCJpZFRlbXBvcmFkYSI6Ijc1IiwiaWRUb3JuZW8iOiIxIiwiaWRDbHVibG9jYWwiOiIxMTE4MSIsImlkQ2x1YnZpc2l0YSI6IjExMTg5IiwiaWRQYXJ0aWRvIjoiMTQwMzM2IiwicGVzdGFuYSI6IjMifQ==/minuto-a-minuto-cruz-azul-vs-necaxa-jornada-8-estadio-instalaciones-la-noria-vix', 'text': ''}","{'type': 'link', 'href': 'https://www.ligafemenil.mx/cancha/informeArbitral/140336/eyJpZERpdmlzaW9uIjoiMTQiLCJpZFRlbXBvcmFkYSI6Ijc1IiwiaWRUb3JuZW8iOiIxIiwiaWRDbHVibG9jYWwiOiIxMTE4MSIsImlkQ2x1YnZpc2l0YSI6IjExMTg5In0=/informe-arbitral-cruz-azul-vs-necaxa-jornada-8-estadio-instalaciones-la-noria-vix', 'text': ''}","{'type': 'link', 'href': 'https://www.ligafemenil.mx/cancha/mxm/140336/eyJpZERpdmlzaW9uIjoiMTQiLCJpZFRlbXBvcmFkYSI6Ijc1IiwiaWRUb3JuZW8iOiIxIiwiaWRDbHVibG9jYWwiOiIxMTE4MSIsImlkQ2x1YnZpc2l0YSI6IjExMTg5IiwiaWRQYXJ0aWRvIjoiMTQwMzM2IiwicGVzdGFuYSI6IjQifQ==/minuto-a-minuto-cruz-azul-vs-necaxa-jornada-8-estadio-instalaciones-la-noria-vix', 'text': ''}","{'type': 'link', 'href': 'https://www.ligafemenil.mx/cancha/galeria/MTQwMzM2LzgvNzUvMS8xNA==/cruz-azul-vs-necaxa', 'text': ''}","{'type': 'link', 'href': 'https://www.ligafemenil.mx/cancha/playlist/140336/cruz-azul-vs-necaxa', 'text': ''}"
2024-2025,Apertura,"{'type': 'text', 'value': 'Martes 3 de Septiembre de 2024\nTemporada 2024-2025\nTorneo Apertura\nJornada 8\n3 Septiembre 2024 - 19:00 hrs.'}","{'type': 'link', 'href': 'https://www.ligafemenil.mx/cancha/club/11245/atlas', 'text': ''}","{'type': 'link', 'href': 'https://www.ligafemenil.mx/cancha/informeArbitral/140337/eyJpZERpdmlzaW9uIjoiMTQiLCJpZFRlbXBvcmFkYSI6Ijc1IiwiaWRUb3JuZW8iOiIxIiwiaWRDbHVibG9jYWwiOjExMjQ1LCJpZENsdWJ2aXNpdGEiOjExNzk1fQ==/informe-arbitral-atlas-vs-fc-juarez-jornada-8-estadio-jalisco-caliente-tv', 'text': '1 - 0'}","{'type': 'link', 'href': 'https://www.ligafemenil.mx/cancha/club/11795/fc-juarez', 'text': ''}","{'type': 'link', 'href': 'https://www.ligafemenil.mx/cancha/estadio/5/estadio-jalisco', 'text': 'Jalisco'}","{'type': 'link', 'href': 'https://www.ligafemenil.mx/cancha/mxm/140337/eyJpZERpdmlzaW9uIjoiMTQiLCJpZFRlbXBvcmFkYSI6Ijc1IiwiaWRUb3JuZW8iOiIxIiwiaWRDbHVibG9jYWwiOiIxMTI0NSIsImlkQ2x1YnZpc2l0YSI6IjExNzk1IiwiaWRQYXJ0aWRvIjoiMTQwMzM3IiwicGVzdGFuYSI6IjEifQ==/minuto-a-minuto-atlas-vs-fc-juarez-jornada-8-estadio-jalisco-caliente-tv', 'text': ''}","{'type': 'link', 'href': 'https://www.ligafemenil.mx/cancha/mxm/140337/eyJpZERpdmlzaW9uIjoiMTQiLCJpZFRlbXBvcmFkYSI6Ijc1IiwiaWRUb3JuZW8iOiIxIiwiaWRDbHVibG9jYWwiOiIxMTI0NSIsImlkQ2x1YnZpc2l0YSI6IjExNzk1IiwiaWRQYXJ0aWRvIjoiMTQwMzM3IiwicGVzdGFuYSI6IjMifQ==/minuto-a-minuto-atlas-vs-fc-juarez-jornada-8-estadio-jalisco-caliente-tv', 'text': ''}","{'type': 'link', 'href': 'https://www.ligafemenil.mx/cancha/informeArbitral/140337/eyJpZERpdmlzaW9uIjoiMTQiLCJpZFRlbXBvcmFkYSI6Ijc1IiwiaWRUb3JuZW8iOiIxIiwiaWRDbHVibG9jYWwiOiIxMTI0NSIsImlkQ2x1YnZpc2l0YSI6IjExNzk1In0=/informe-arbitral-atlas-vs-fc-juarez-jornada-8-estadio-jalisco-caliente-tv', 'text': ''}","{'type': 'link', 'href': 'https://www.ligafemenil.mx/cancha/mxm/140337/eyJpZERpdmlzaW9uIjoiMTQiLCJpZFRlbXBvcmFkYSI6Ijc1IiwiaWRUb3JuZW8iOiIxIiwiaWRDbHVibG9jYWwiOiIxMTI0NSIsImlkQ2x1YnZpc2l0YSI6IjExNzk1IiwiaWRQYXJ0aWRvIjoiMTQwMzM3IiwicGVzdGFuYSI6IjQifQ==/minuto-a-minuto-atlas-vs-fc-juarez-jornada-8-estadio-jalisco-caliente-tv', 'text': ''}","{'type': 'link', 'href': 'https://www.ligafemenil.mx/cancha/galeria/MTQwMzM3LzgvNzUvMS8xNA==/atlas-vs-fc-juarez', 'text': ''}","{'type': 'link', 'href': 'https://www.ligafemenil.mx/cancha/playlist/140337/atlas-vs-fc-juarez', 'text': ''}"
2024-2025,Apertura,"{'type': 'text', 'value': 'Miércoles 4 de Septiembre de 2024\nTemporada 2024-2025\nTorneo Apertura\nJornada 4\n4 Septiembre 2024 - 20:06 hrs.'}","{'type': 'link', 'href': 'https://www.ligafemenil.mx/cancha/club/12051/mazatlan-fc', 'text': ''}","{'type': 'link', 'href': 'https://www.ligafemenil.mx/cancha/informeArbitral/140292/eyJpZERpdmlzaW9uIjoiMTQiLCJpZFRlbXBvcmFkYSI6Ijc1IiwiaWRUb3JuZW8iOiIxIiwiaWRDbHVibG9jYWwiOjEyMDUxLCJpZENsdWJ2aXNpdGEiOjExMTg2fQ==/informe-arbitral-mazatlan-fc-vs-tigres-de-la-uanl-jornada-4-estadio-el-encanto-fox-sports', 'text': '0 - 2'}","{'type': 'link', 'href': 'https://www.ligafemenil.mx/cancha/club/11186/tigres-de-la-uanl', 'text': ''}","{'type': 'link', 'href': 'https://www.ligafemenil.mx/cancha/estadio/1931/estadio-el-encanto', 'text': 'El Encanto'}","{'type': 'link', 'href': 'https://www.ligafemenil.mx/cancha/mxm/140292/eyJpZERpdmlzaW9uIjoiMTQiLCJpZFRlbXBvcmFkYSI6Ijc1IiwiaWRUb3JuZW8iOiIxIiwiaWRDbHVibG9jYWwiOiIxMjA1MSIsImlkQ2x1YnZpc2l0YSI6IjExMTg2IiwiaWRQYXJ0aWRvIjoiMTQwMjkyIiwicGVzdGFuYSI6IjEifQ==/minuto-a-minuto-mazatlan-fc-vs-tigres-de-la-uanl-jornada-4-estadio-el-encanto-fox-sports', 'text': ''}","{'type': 'link', 'href': 'https://www.ligafemenil.mx/cancha/mxm/140292/eyJpZERpdmlzaW9uIjoiMTQiLCJpZFRlbXBvcmFkYSI6Ijc1IiwiaWRUb3JuZW8iOiIxIiwiaWRDbHVibG9jYWwiOiIxMjA1MSIsImlkQ2x1YnZpc2l0YSI6IjExMTg2IiwiaWRQYXJ0aWRvIjoiMTQwMjkyIiwicGVzdGFuYSI6IjMifQ==/minuto-a-minuto-mazatlan-fc-vs-tigres-de-la-uanl-jornada-4-estadio-el-encanto-fox-sports', 'text': ''}","{'type': 'link', 'href': 'https://www.ligafemenil.mx/cancha/informeArbitral/140292/eyJpZERpdmlzaW9uIjoiMTQiLCJpZFRlbXBvcmFkYSI6Ijc1IiwiaWRUb3JuZW8iOiIxIiwiaWRDbHVibG9jYWwiOiIxMjA1MSIsImlkQ2x1YnZpc2l0YSI6IjExMTg2In0=/informe-arbitral-mazatlan-fc-vs-tigres-de-la-uanl-jornada-4-estadio-el-encanto-fox-sports', 'text': ''}","{'type': 'link', 'href': 'https://www.ligafemenil.mx/cancha/mxm/140292/eyJpZERpdmlzaW9uIjoiMTQiLCJpZFRlbXBvcmFkYSI6Ijc1IiwiaWRUb3JuZW8iOiIxIiwiaWRDbHVibG9jYWwiOiIxMjA1MSIsImlkQ2x1YnZpc2l0YSI6IjExMTg2IiwiaWRQYXJ0aWRvIjoiMTQwMjkyIiwicGVzdGFuYSI6IjQifQ==/minuto-a-minuto-mazatlan-fc-vs-tigres-de-la-uanl-jornada-4-estadio-el-encanto-fox-sports', 'text': ''}","{'type': 'link', 'href': 'https://www.ligafemenil.mx/cancha/galeria/MTQwMjkyLzQvNzUvMS8xNA==/mazatlan-fc-vs-tigres-de-la-uanl', 'text': ''}","{'type': 'link', 'href': 'https://www.ligafemenil.mx/cancha/playlist/140292/mazatlan-fc-vs-tigres-de-la-uanl', 'text': ''}"
2024-2025,Apertura,"{'type': 'text', 'value': 'Viernes 6 de Septiembre de 2024\nTemporada 2024-2025\nTorneo Apertura\nJornada 9\n6 Septiembre 2024 - 19:00 hrs.'}","{'type': 'link', 'href': 'https://www.ligafemenil.mx/cancha/club/11192/santos-laguna', 'text': ''}","{'type': 'link', 'href': 'https://www.ligafemenil.mx/cancha/informeArbitral/140340/eyJpZERpdmlzaW9uIjoiMTQiLCJpZFRlbXBvcmFkYSI6Ijc1IiwiaWRUb3JuZW8iOiIxIiwiaWRDbHVibG9jYWwiOjExMTkyLCJpZENsdWJ2aXNpdGEiOjEyMDQyfQ==/informe-arbitral-santos-laguna-vs-gallos-blancos-de-queretaro-jornada-9-estadio-tsm-corona-caliente-tv', 'text': '0 - 2'}","{'type': 'link', 'href': 'https://www.ligafemenil.mx/cancha/club/12042/gallos-blancos-de-queretaro', 'text': ''}","{'type': 'link', 'href': 'https://www.ligafemenil.mx/cancha/estadio/63/estadio-tsm-corona', 'text': 'TSM Corona'}","{'type': 'link', 'href': 'https://www.ligafemenil.mx/cancha/mxm/140340/eyJpZERpdmlzaW9uIjoiMTQiLCJpZFRlbXBvcmFkYSI6Ijc1IiwiaWRUb3JuZW8iOiIxIiwiaWRDbHVibG9jYWwiOiIxMTE5MiIsImlkQ2x1YnZpc2l0YSI6IjEyMDQyIiwiaWRQYXJ0aWRvIjoiMTQwMzQwIiwicGVzdGFuYSI6IjEifQ==/minuto-a-minuto-santos-laguna-vs-gallos-blancos-de-queretaro-jornada-9-estadio-tsm-corona-caliente-tv', 'text': ''}","{'type': 'link', 'href': 'https://www.ligafemenil.mx/cancha/mxm/140340/eyJpZERpdmlzaW9uIjoiMTQiLCJpZFRlbXBvcmFkYSI6Ijc1IiwiaWRUb3JuZW8iOiIxIiwiaWRDbHVibG9jYWwiOiIxMTE5MiIsImlkQ2x1YnZpc2l0YSI6IjEyMDQyIiwiaWRQYXJ0aWRvIjoiMTQwMzQwIiwicGVzdGFuYSI6IjMifQ==/minuto-a-minuto-santos-laguna-vs-gallos-blancos-de-queretaro-jornada-9-estadio-tsm-corona-caliente-tv', 'text': ''}","{'type': 'link', 'href': 'https://www.ligafemenil.mx/cancha/informeArbitral/140340/eyJpZERpdmlzaW9uIjoiMTQiLCJpZFRlbXBvcmFkYSI6Ijc1IiwiaWRUb3JuZW8iOiIxIiwiaWRDbHVibG9jYWwiOiIxMTE5MiIsImlkQ2x1YnZpc2l0YSI6IjEyMDQyIn0=/informe-arbitral-santos-laguna-vs-gallos-blancos-de-queretaro-jornada-9-estadio-tsm-corona-caliente-tv', 'text': ''}","{'type': 'link', 'href': 'https://www.ligafemenil.mx/cancha/mxm/140340/eyJpZERpdmlzaW9uIjoiMTQiLCJpZFRlbXBvcmFkYSI6Ijc1IiwiaWRUb3JuZW8iOiIxIiwiaWRDbHVibG9jYWwiOiIxMTE5MiIsImlkQ2x1YnZpc2l0YSI6IjEyMDQyIiwiaWRQYXJ0aWRvIjoiMTQwMzQwIiwicGVzdGFuYSI6IjQifQ==/minuto-a-minuto-santos-laguna-vs-gallos-blancos-de-queretaro-jornada-9-estadio-tsm-corona-caliente-tv', 'text': ''}","{'type': 'link', 'href': 'https://www.ligafemenil.mx/cancha/galeria/MTQwMzQwLzkvNzUvMS8xNA==/santos-laguna-vs-gallos-blancos-de-queretaro', 'text': ''}","{'type': 'link', 'href': 'https://www.ligafemenil.mx/cancha/playlist/140340/santos-laguna-vs-gallos-blancos-de-queretaro', 'text': ''}"
2024-2025,Apertura,"{'type': 'text', 'value': 'Sábado 7 de Septiembre de 2024\nTemporada 2024-2025\nTorneo Apertura\nJornada 9\n7 Septiembre 2024 - 11:40 hrs.'}","{'type': 'link', 'href': 'https://www.ligafemenil.mx/cancha/club/11188/pumas', 'text': ''}","{'type': 'link', 'href': 'https://www.ligafemenil.mx/cancha/informeArbitral/140343/eyJpZERpdmlzaW9uIjoiMTQiLCJpZFRlbXBvcmFkYSI6Ijc1IiwiaWRUb3JuZW8iOiIxIiwiaWRDbHVibG9jYWwiOjExMTg4LCJpZENsdWJ2aXNpdGEiOjExMjQ1fQ==/informe-arbitral-pumas-vs-atlas-jornada-9-estadio-olimpico-universitario-vix', 'text': '4 - 2'}","{'type': 'link', 'href': 'https://www.ligafemenil.mx/cancha/club/11245/atlas', 'text': ''}","{'type': 'link', 'href': 'https://www.ligafemenil.mx/cancha/estadio/7/estadio-olimpico-universitario', 'text': 'Olímpico Universitario'}","{'type': 'link', 'href': 'https://www.ligafemenil.mx/cancha/mxm/140343/eyJpZERpdmlzaW9uIjoiMTQiLCJpZFRlbXBvcmFkYSI6Ijc1IiwiaWRUb3JuZW8iOiIxIiwiaWRDbHVibG9jYWwiOiIxMTE4OCIsImlkQ2x1YnZpc2l0YSI6IjExMjQ1IiwiaWRQYXJ0aWRvIjoiMTQwMzQzIiwicGVzdGFuYSI6IjEifQ==/minuto-a-minuto-pumas-vs-atlas-jornada-9-estadio-olimpico-universitario-vix', 'text': ''}","{'type': 'link', 'href': 'https://www.ligafemenil.mx/cancha/mxm/140343/eyJpZERpdmlzaW9uIjoiMTQiLCJpZFRlbXBvcmFkYSI6Ijc1IiwiaWRUb3JuZW8iOiIxIiwiaWRDbHVibG9jYWwiOiIxMTE4OCIsImlkQ2x1YnZpc2l0YSI6IjExMjQ1IiwiaWRQYXJ0aWRvIjoiMTQwMzQzIiwicGVzdGFuYSI6IjMifQ==/minuto-a-minuto-pumas-vs-atlas-jornada-9-estadio-olimpico-universitario-vix', 'text': ''}","{'type': 'link', 'href': 'https://www.ligafemenil.mx/cancha/informeArbitral/140343/eyJpZERpdmlzaW9uIjoiMTQiLCJpZFRlbXBvcmFkYSI6Ijc1IiwiaWRUb3JuZW8iOiIxIiwiaWRDbHVibG9jYWwiOiIxMTE4OCIsImlkQ2x1YnZpc2l0YSI6IjExMjQ1In0=/informe-arbitral-pumas-vs-atlas-jornada-9-estadio-olimpico-universitario-vix', 'text': ''}","{'type': 'link', 'href': 'https://www.ligafemenil.mx/cancha/mxm/140343/eyJpZERpdmlzaW9uIjoiMTQiLCJpZFRlbXBvcmFkYSI6Ijc1IiwiaWRUb3JuZW8iOiIxIiwiaWRDbHVibG9jYWwiOiIxMTE4OCIsImlkQ2x1YnZpc2l0YSI6IjExMjQ1IiwiaWRQYXJ0aWRvIjoiMTQwMzQzIiwicGVzdGFuYSI6IjQifQ==/minuto-a-minuto-pumas-vs-atlas-jornada-9-estadio-olimpico-universitario-vix', 'text': ''}","{'type': 'link', 'href': 'https://www.ligafemenil.mx/cancha/galeria/MTQwMzQzLzkvNzUvMS8xNA==/pumas-vs-atlas', 'text': ''}","{'type': 'link', 'href': 'https://www.ligafemenil.mx/cancha/playlist/140343/pumas-vs-atlas', 'text': ''}"
2024-2025,Apertura,"{'type': 'text', 'value': 'Sábado 7 de Septiembre de 2024\nTemporada 2024-2025\nTorneo Apertura\nJornada 9\n7 Septiembre 2024 - 17:00 hrs.'}","{'type': 'link', 'href': 'https://www.ligafemenil.mx/cancha/club/11187/toluca', 'text': ''}","{'type': 'link', 'href': 'https://www.ligafemenil.mx/cancha/informeArbitral/140344/eyJpZERpdmlzaW9uIjoiMTQiLCJpZFRlbXBvcmFkYSI6Ijc1IiwiaWRUb3JuZW8iOiIxIiwiaWRDbHVibG9jYWwiOjExMTg3LCJpZENsdWJ2aXNpdGEiOjExNTQzfQ==/informe-arbitral-toluca-vs-puebla-fc-jornada-9-estadio-nemesio-diez-vix', 'text': '1 - 0'}","{'type': 'link', 'href': 'https://www.ligafemenil.mx/cancha/club/11543/puebla-fc', 'text': ''}","{'type': 'link', 'href': 'https://www.ligafemenil.mx/cancha/estadio/6/estadio-nemesio-diez', 'text': 'Nemesio Diez'}","{'type': 'link', 'href': 'https://www.ligafemenil.mx/cancha/mxm/140344/eyJpZERpdmlzaW9uIjoiMTQiLCJpZFRlbXBvcmFkYSI6Ijc1IiwiaWRUb3JuZW8iOiIxIiwiaWRDbHVibG9jYWwiOiIxMTE4NyIsImlkQ2x1YnZpc2l0YSI6IjExNTQzIiwiaWRQYXJ0aWRvIjoiMTQwMzQ0IiwicGVzdGFuYSI6IjEifQ==/minuto-a-minuto-toluca-vs-puebla-fc-jornada-9-estadio-nemesio-diez-vix', 'text': ''}","{'type': 'link', 'href': 'https://www.ligafemenil.mx/cancha/mxm/140344/eyJpZERpdmlzaW9uIjoiMTQiLCJpZFRlbXBvcmFkYSI6Ijc1IiwiaWRUb3JuZW8iOiIxIiwiaWRDbHVibG9jYWwiOiIxMTE4NyIsImlkQ2x1YnZpc2l0YSI6IjExNTQzIiwiaWRQYXJ0aWRvIjoiMTQwMzQ0IiwicGVzdGFuYSI6IjMifQ==/minuto-a-minuto-toluca-vs-puebla-fc-jornada-9-estadio-nemesio-diez-vix', 'text': ''}","{'type': 'link', 'href': 'https://www.ligafemenil.mx/cancha/informeArbitral/140344/eyJpZERpdmlzaW9uIjoiMTQiLCJpZFRlbXBvcmFkYSI6Ijc1IiwiaWRUb3JuZW8iOiIxIiwiaWRDbHVibG9jYWwiOiIxMTE4NyIsImlkQ2x1YnZpc2l0YSI6IjExNTQzIn0=/informe-arbitral-toluca-vs-puebla-fc-jornada-9-estadio-nemesio-diez-vix', 'text': ''}","{'type': 'link', 'href': 'https://www.ligafemenil.mx/cancha/mxm/140344/eyJpZERpdmlzaW9uIjoiMTQiLCJpZFRlbXBvcmFkYSI6Ijc1IiwiaWRUb3JuZW8iOiIxIiwiaWRDbHVibG9jYWwiOiIxMTE4NyIsImlkQ2x1YnZpc2l0YSI6IjExNTQzIiwiaWRQYXJ0aWRvIjoiMTQwMzQ0IiwicGVzdGFuYSI6IjQifQ==/minuto-a-minuto-toluca-vs-puebla-fc-jornada-9-estadio-nemesio-diez-vix', 'text': ''}","{'type': 'link', 'href': 'https://www.ligafemenil.mx/cancha/galeria/MTQwMzQ0LzkvNzUvMS8xNA==/toluca-vs-puebla-fc', 'text': ''}","{'type': 'link', 'href': 'https://www.ligafemenil.mx/cancha/playlist/140344/toluca-vs-puebla-fc', 'text': ''}"
2024-2025,Apertura,"{'type': 'text', 'value': 'Sábado 7 de Septiembre de 2024\nTemporada 2024-2025\nTorneo Apertura\nJornada 9\n7 Septiembre 2024 - 19:25 hrs.'}","{'type': 'link', 'href': 'https://www.ligafemenil.mx/cancha/club/11795/fc-juarez', 'text': ''}","{'type': 'link', 'href': 'https://www.ligafemenil.mx/cancha/informeArbitral/140341/eyJpZERpdmlzaW9uIjoiMTQiLCJpZFRlbXBvcmFkYSI6Ijc1IiwiaWRUb3JuZW8iOiIxIiwiaWRDbHVibG9jYWwiOjExNzk1LCJpZENsdWJ2aXNpdGEiOjExMTg0fQ==/informe-arbitral-fc-juarez-vs-pachuca-jornada-9-estadio-olimpico-benito-juarez-fox-sports', 'text': '0 - 0'}","{'type': 'link', 'href': 'https://www.ligafemenil.mx/cancha/club/11184/pachuca', 'text': ''}","{'type': 'link', 'href': 'https://www.ligafemenil.mx/cancha/estadio/17/estadio-olimpico-benito-juarez', 'text': 'Olímpico Benito Juárez'}","{'type': 'link', 'href': 'https://www.ligafemenil.mx/cancha/mxm/140341/eyJpZERpdmlzaW9uIjoiMTQiLCJpZFRlbXBvcmFkYSI6Ijc1IiwiaWRUb3JuZW8iOiIxIiwiaWRDbHVibG9jYWwiOiIxMTc5NSIsImlkQ2x1YnZpc2l0YSI6IjExMTg0IiwiaWRQYXJ0aWRvIjoiMTQwMzQxIiwicGVzdGFuYSI6IjEifQ==/minuto-a-minuto-fc-juarez-vs-pachuca-jornada-9-estadio-olimpico-benito-juarez-fox-sports', 'text': ''}","{'type': 'link', 'href': 'https://www.ligafemenil.mx/cancha/mxm/140341/eyJpZERpdmlzaW9uIjoiMTQiLCJpZFRlbXBvcmFkYSI6Ijc1IiwiaWRUb3JuZW8iOiIxIiwiaWRDbHVibG9jYWwiOiIxMTc5NSIsImlkQ2x1YnZpc2l0YSI6IjExMTg0IiwiaWRQYXJ0aWRvIjoiMTQwMzQxIiwicGVzdGFuYSI6IjMifQ==/minuto-a-minuto-fc-juarez-vs-pachuca-jornada-9-estadio-olimpico-benito-juarez-fox-sports', 'text': ''}","{'type': 'link', 'href': 'https://www.ligafemenil.mx/cancha/informeArbitral/140341/eyJpZERpdmlzaW9uIjoiMTQiLCJpZFRlbXBvcmFkYSI6Ijc1IiwiaWRUb3JuZW8iOiIxIiwiaWRDbHVibG9jYWwiOiIxMTc5NSIsImlkQ2x1YnZpc2l0YSI6IjExMTg0In0=/informe-arbitral-fc-juarez-vs-pachuca-jornada-9-estadio-olimpico-benito-juarez-fox-sports', 'text': ''}","{'type': 'link', 'href': 'https://www.ligafemenil.mx/cancha/mxm/140341/eyJpZERpdmlzaW9uIjoiMTQiLCJpZFRlbXBvcmFkYSI6Ijc1IiwiaWRUb3JuZW8iOiIxIiwiaWRDbHVibG9jYWwiOiIxMTc5NSIsImlkQ2x1YnZpc2l0YSI6IjExMTg0IiwiaWRQYXJ0aWRvIjoiMTQwMzQxIiwicGVzdGFuYSI6IjQifQ==/minuto-a-minuto-fc-juarez-vs-pachuca-jornada-9-estadio-olimpico-benito-juarez-fox-sports', 'text': ''}","{'type': 'link', 'href': 'https://www.ligafemenil.mx/cancha/galeria/MTQwMzQxLzkvNzUvMS8xNA==/fc-juarez-vs-pachuca', 'text': ''}","{'type': 'link', 'href': 'https://www.ligafemenil.mx/cancha/playlist/140341/fc-juarez-vs-pachuca', 'text': ''}"
2024-2025,Apertura,"{'type': 'text', 'value': 'Domingo 8 de Septiembre de 2024\nTemporada 2024-2025\nTorneo Apertura\nJornada 9\n8 Septiembre 2024 - 15:45 hrs.'}","{'type': 'link', 'href': 'https://www.ligafemenil.mx/cancha/club/11182/guadalajara', 'text': ''}","{'type': 'link', 'href': 'https://www.ligafemenil.mx/cancha/informeArbitral/140345/eyJpZERpdmlzaW9uIjoiMTQiLCJpZFRlbXBvcmFkYSI6Ijc1IiwiaWRUb3JuZW8iOiIxIiwiaWRDbHVibG9jYWwiOjExMTgyLCJpZENsdWJ2aXNpdGEiOjExMTg5fQ==/informe-arbitral-guadalajara-vs-necaxa-jornada-9-estadio-verde-valle-2-fox-sports', 'text': '3 - 1'}","{'type': 'link', 'href': 'https://www.ligafemenil.mx/cancha/club/11189/necaxa', 'text': ''}","{'type': 'link', 'href': 'https://www.ligafemenil.mx/cancha/estadio/1554/estadio-verde-valle-2', 'text': 'Verde Valle 2'}","{'type': 'link', 'href': 'https://www.ligafemenil.mx/cancha/mxm/140345/eyJpZERpdmlzaW9uIjoiMTQiLCJpZFRlbXBvcmFkYSI6Ijc1IiwiaWRUb3JuZW8iOiIxIiwiaWRDbHVibG9jYWwiOiIxMTE4MiIsImlkQ2x1YnZpc2l0YSI6IjExMTg5IiwiaWRQYXJ0aWRvIjoiMTQwMzQ1IiwicGVzdGFuYSI6IjEifQ==/minuto-a-minuto-guadalajara-vs-necaxa-jornada-9-estadio-verde-valle-2-fox-sports', 'text': ''}","{'type': 'link', 'href': 'https://www.ligafemenil.mx/cancha/mxm/140345/eyJpZERpdmlzaW9uIjoiMTQiLCJpZFRlbXBvcmFkYSI6Ijc1IiwiaWRUb3JuZW8iOiIxIiwiaWRDbHVibG9jYWwiOiIxMTE4MiIsImlkQ2x1YnZpc2l0YSI6IjExMTg5IiwiaWRQYXJ0aWRvIjoiMTQwMzQ1IiwicGVzdGFuYSI6IjMifQ==/minuto-a-minuto-guadalajara-vs-necaxa-jornada-9-estadio-verde-valle-2-fox-sports', 'text': ''}","{'type': 'link', 'href': 'https://www.ligafemenil.mx/cancha/informeArbitral/140345/eyJpZERpdmlzaW9uIjoiMTQiLCJpZFRlbXBvcmFkYSI6Ijc1IiwiaWRUb3JuZW8iOiIxIiwiaWRDbHVibG9jYWwiOiIxMTE4MiIsImlkQ2x1YnZpc2l0YSI6IjExMTg5In0=/informe-arbitral-guadalajara-vs-necaxa-jornada-9-estadio-verde-valle-2-fox-sports', 'text': ''}","{'type': 'link', 'href': 'https://www.ligafemenil.mx/cancha/mxm/140345/eyJpZERpdmlzaW9uIjoiMTQiLCJpZFRlbXBvcmFkYSI6Ijc1IiwiaWRUb3JuZW8iOiIxIiwiaWRDbHVibG9jYWwiOiIxMTE4MiIsImlkQ2x1YnZpc2l0YSI6IjExMTg5IiwiaWRQYXJ0aWRvIjoiMTQwMzQ1IiwicGVzdGFuYSI6IjQifQ==/minuto-a-minuto-guadalajara-vs-necaxa-jornada-9-estadio-verde-valle-2-fox-sports', 'text': ''}","{'type': 'link', 'href': 'https://www.ligafemenil.mx/cancha/galeria/MTQwMzQ1LzkvNzUvMS8xNA==/guadalajara-vs-necaxa', 'text': ''}","{'type': 'link', 'href': 'https://www.ligafemenil.mx/cancha/playlist/140345/guadalajara-vs-necaxa', 'text': ''}"
2024-2025,Apertura,"{'type': 'text', 'value': 'Domingo 8 de Septiembre de 2024\nTemporada 2024-2025\nTorneo Apertura\nJornada 9\n8 Septiembre 2024 - 19:00 hrs.'}","{'type': 'link', 'href': 'https://www.ligafemenil.mx/cancha/club/11243/leon', 'text': ''}","{'type': 'link', 'href': 'https://www.ligafemenil.mx/cancha/informeArbitral/140347/eyJpZERpdmlzaW9uIjoiMTQiLCJpZFRlbXBvcmFkYSI6Ijc1IiwiaWRUb3JuZW8iOiIxIiwiaWRDbHVibG9jYWwiOjExMjQzLCJpZENsdWJ2aXNpdGEiOjExMTgwfQ==/informe-arbitral-leon-vs-tijuana-jornada-9-estadio-nou-camp-fox-sports', 'text': '4 - 3'}","{'type': 'link', 'href': 'https://www.ligafemenil.mx/cancha/club/11180/tijuana', 'text': ''}","{'type': 'link', 'href': 'https://www.ligafemenil.mx/cancha/estadio/23/estadio-nou-camp', 'text': 'Nou Camp'}","{'type': 'link', 'href': 'https://www.ligafemenil.mx/cancha/mxm/140347/eyJpZERpdmlzaW9uIjoiMTQiLCJpZFRlbXBvcmFkYSI6Ijc1IiwiaWRUb3JuZW8iOiIxIiwiaWRDbHVibG9jYWwiOiIxMTI0MyIsImlkQ2x1YnZpc2l0YSI6IjExMTgwIiwiaWRQYXJ0aWRvIjoiMTQwMzQ3IiwicGVzdGFuYSI6IjEifQ==/minuto-a-minuto-leon-vs-tijuana-jornada-9-estadio-nou-camp-fox-sports', 'text': ''}","{'type': 'link', 'href': 'https://www.ligafemenil.mx/cancha/mxm/140347/eyJpZERpdmlzaW9uIjoiMTQiLCJpZFRlbXBvcmFkYSI6Ijc1IiwiaWRUb3JuZW8iOiIxIiwiaWRDbHVibG9jYWwiOiIxMTI0MyIsImlkQ2x1YnZpc2l0YSI6IjExMTgwIiwiaWRQYXJ0aWRvIjoiMTQwMzQ3IiwicGVzdGFuYSI6IjMifQ==/minuto-a-minuto-leon-vs-tijuana-jornada-9-estadio-nou-camp-fox-sports', 'text': ''}","{'type': 'link', 'href': 'https://www.ligafemenil.mx/cancha/informeArbitral/140347/eyJpZERpdmlzaW9uIjoiMTQiLCJpZFRlbXBvcmFkYSI6Ijc1IiwiaWRUb3JuZW8iOiIxIiwiaWRDbHVibG9jYWwiOiIxMTI0MyIsImlkQ2x1YnZpc2l0YSI6IjExMTgwIn0=/informe-arbitral-leon-vs-tijuana-jornada-9-estadio-nou-camp-fox-sports', 'text': ''}","{'type': 'link', 'href': 'https://www.ligafemenil.mx/cancha/mxm/140347/eyJpZERpdmlzaW9uIjoiMTQiLCJpZFRlbXBvcmFkYSI6Ijc1IiwiaWRUb3JuZW8iOiIxIiwiaWRDbHVibG9jYWwiOiIxMTI0MyIsImlkQ2x1YnZpc2l0YSI6IjExMTgwIiwiaWRQYXJ0aWRvIjoiMTQwMzQ3IiwicGVzdGFuYSI6IjQifQ==/minuto-a-minuto-leon-vs-tijuana-jornada-9-estadio-nou-camp-fox-sports', 'text': ''}","{'type': 'link', 'href': 'https://www.ligafemenil.mx/cancha/galeria/MTQwMzQ3LzkvNzUvMS8xNA==/leon-vs-tijuana', 'text': ''}","{'type': 'link', 'href': 'https://www.ligafemenil.mx/cancha/playlist/140347/leon-vs-tijuana', 'text': ''}"
2024-2025,Apertura,"{'type': 'text', 'value': 'Domingo 8 de Septiembre de 2024\nTemporada 2024-2025\nTorneo Apertura\nJornada 9\n8 Septiembre 2024 - 19:30 hrs.'}","{'type': 'link', 'href': 'https://www.ligafemenil.mx/cancha/club/11185/rayados-de-monterrey', 'text': ''}","{'type': 'link', 'href': 'https://www.ligafemenil.mx/cancha/informeArbitral/140349/eyJpZERpdmlzaW9uIjoiMTQiLCJpZFRlbXBvcmFkYSI6Ijc1IiwiaWRUb3JuZW8iOiIxIiwiaWRDbHVibG9jYWwiOjExMTg1LCJpZENsdWJ2aXNpdGEiOjExMTgxfQ==/informe-arbitral-rayados-de-monterrey-vs-cruz-azul-jornada-9-estadio-bbva-vix', 'text': '1 - 0'}","{'type': 'link', 'href': 'https://www.ligafemenil.mx/cancha/club/11181/cruz-azul', 'text': ''}","{'type': 'link', 'href': 'https://www.ligafemenil.mx/cancha/estadio/1608/estadio-bbva', 'text': 'Estadio BBVA'}","{'type': 'link', 'href': 'https://www.ligafemenil.mx/cancha/mxm/140349/eyJpZERpdmlzaW9uIjoiMTQiLCJpZFRlbXBvcmFkYSI6Ijc1IiwiaWRUb3JuZW8iOiIxIiwiaWRDbHVibG9jYWwiOiIxMTE4NSIsImlkQ2x1YnZpc2l0YSI6IjExMTgxIiwiaWRQYXJ0aWRvIjoiMTQwMzQ5IiwicGVzdGFuYSI6IjEifQ==/minuto-a-minuto-rayados-de-monterrey-vs-cruz-azul-jornada-9-estadio-bbva-vix', 'text': ''}","{'type': 'link', 'href': 'https://www.ligafemenil.mx/cancha/mxm/140349/eyJpZERpdmlzaW9uIjoiMTQiLCJpZFRlbXBvcmFkYSI6Ijc1IiwiaWRUb3JuZW8iOiIxIiwiaWRDbHVibG9jYWwiOiIxMTE4NSIsImlkQ2x1YnZpc2l0YSI6IjExMTgxIiwiaWRQYXJ0aWRvIjoiMTQwMzQ5IiwicGVzdGFuYSI6IjMifQ==/minuto-a-minuto-rayados-de-monterrey-vs-cruz-azul-jornada-9-estadio-bbva-vix', 'text': ''}","{'type': 'link', 'href': 'https://www.ligafemenil.mx/cancha/informeArbitral/140349/eyJpZERpdmlzaW9uIjoiMTQiLCJpZFRlbXBvcmFkYSI6Ijc1IiwiaWRUb3JuZW8iOiIxIiwiaWRDbHVibG9jYWwiOiIxMTE4NSIsImlkQ2x1YnZpc2l0YSI6IjExMTgxIn0=/informe-arbitral-rayados-de-monterrey-vs-cruz-azul-jornada-9-estadio-bbva-vix', 'text': ''}","{'type': 'link', 'href': 'https://www.ligafemenil.mx/cancha/mxm/140349/eyJpZERpdmlzaW9uIjoiMTQiLCJpZFRlbXBvcmFkYSI6Ijc1IiwiaWRUb3JuZW8iOiIxIiwiaWRDbHVibG9jYWwiOiIxMTE4NSIsImlkQ2x1YnZpc2l0YSI6IjExMTgxIiwiaWRQYXJ0aWRvIjoiMTQwMzQ5IiwicGVzdGFuYSI6IjQifQ==/minuto-a-minuto-rayados-de-monterrey-vs-cruz-azul-jornada-9-estadio-bbva-vix', 'text': ''}","{'type': 'link', 'href': 'https://www.ligafemenil.mx/cancha/galeria/MTQwMzQ5LzkvNzUvMS8xNA==/rayados-de-monterrey-vs-cruz-azul', 'text': ''}","{'type': 'link', 'href': 'https://www.ligafemenil.mx/cancha/playlist/140349/rayados-de-monterrey-vs-cruz-azul', 'text': ''}"
2024-2025,Apertura,"{'type': 'text', 'value': 'Domingo 8 de Septiembre de 2024\nTemporada 2024-2025\nTorneo Apertura\nJornada 9\n8 Septiembre 2024 - 20:06 hrs.'}","{'type': 'link', 'href': 'https://www.ligafemenil.mx/cancha/club/12051/mazatlan-fc', 'text': ''}","{'type': 'link', 'href': 'https://www.ligafemenil.mx/cancha/informeArbitral/140350/eyJpZERpdmlzaW9uIjoiMTQiLCJpZFRlbXBvcmFkYSI6Ijc1IiwiaWRUb3JuZW8iOiIxIiwiaWRDbHVibG9jYWwiOjEyMDUxLCJpZENsdWJ2aXNpdGEiOjExMTkxfQ==/informe-arbitral-mazatlan-fc-vs-america-jornada-9-estadio-el-encanto-fox-sports', 'text': '1 - 8'}","{'type': 'link', 'href': 'https://www.ligafemenil.mx/cancha/club/11191/america', 'text': ''}","{'type': 'link', 'href': 'https://www.ligafemenil.mx/cancha/estadio/1931/estadio-el-encanto', 'text': 'El Encanto'}","{'type': 'link', 'href': 'https://www.ligafemenil.mx/cancha/mxm/140350/eyJpZERpdmlzaW9uIjoiMTQiLCJpZFRlbXBvcmFkYSI6Ijc1IiwiaWRUb3JuZW8iOiIxIiwiaWRDbHVibG9jYWwiOiIxMjA1MSIsImlkQ2x1YnZpc2l0YSI6IjExMTkxIiwiaWRQYXJ0aWRvIjoiMTQwMzUwIiwicGVzdGFuYSI6IjEifQ==/minuto-a-minuto-mazatlan-fc-vs-america-jornada-9-estadio-el-encanto-fox-sports', 'text': ''}","{'type': 'link', 'href': 'https://www.ligafemenil.mx/cancha/mxm/140350/eyJpZERpdmlzaW9uIjoiMTQiLCJpZFRlbXBvcmFkYSI6Ijc1IiwiaWRUb3JuZW8iOiIxIiwiaWRDbHVibG9jYWwiOiIxMjA1MSIsImlkQ2x1YnZpc2l0YSI6IjExMTkxIiwiaWRQYXJ0aWRvIjoiMTQwMzUwIiwicGVzdGFuYSI6IjMifQ==/minuto-a-minuto-mazatlan-fc-vs-america-jornada-9-estadio-el-encanto-fox-sports', 'text': ''}","{'type': 'link', 'href': 'https://www.ligafemenil.mx/cancha/informeArbitral/140350/eyJpZERpdmlzaW9uIjoiMTQiLCJpZFRlbXBvcmFkYSI6Ijc1IiwiaWRUb3JuZW8iOiIxIiwiaWRDbHVibG9jYWwiOiIxMjA1MSIsImlkQ2x1YnZpc2l0YSI6IjExMTkxIn0=/informe-arbitral-mazatlan-fc-vs-america-jornada-9-estadio-el-encanto-fox-sports', 'text': ''}","{'type': 'link', 'href': 'https://www.ligafemenil.mx/cancha/mxm/140350/eyJpZERpdmlzaW9uIjoiMTQiLCJpZFRlbXBvcmFkYSI6Ijc1IiwiaWRUb3JuZW8iOiIxIiwiaWRDbHVibG9jYWwiOiIxMjA1MSIsImlkQ2x1YnZpc2l0YSI6IjExMTkxIiwiaWRQYXJ0aWRvIjoiMTQwMzUwIiwicGVzdGFuYSI6IjQifQ==/minuto-a-minuto-mazatlan-fc-vs-america-jornada-9-estadio-el-encanto-fox-sports', 'text': ''}","{'type': 'link', 'href': 'https://www.ligafemenil.mx/cancha/galeria/MTQwMzUwLzkvNzUvMS8xNA==/mazatlan-fc-vs-america', 'text': ''}","{'type': 'link', 'href': 'https://www.ligafemenil.mx/cancha/playlist/140350/mazatlan-fc-vs-america', 'text': ''}"
2024-2025,Apertura,"{'type': 'text', 'value': 'Lunes 9 de Septiembre de 2024\nTemporada 2024-2025\nTorneo Apertura\nJornada 9\n9 Septiembre 2024 - 17:00 hrs.'}","{'type': 'link', 'href': 'https://www.ligafemenil.mx/cancha/club/11778/club-atletico-de-san-luis', 'text': ''}","{'type': 'link', 'href': 'https://www.ligafemenil.mx/cancha/informeArbitral/140346/eyJpZERpdmlzaW9uIjoiMTQiLCJpZFRlbXBvcmFkYSI6Ijc1IiwiaWRUb3JuZW8iOiIxIiwiaWRDbHVibG9jYWwiOjExNzc4LCJpZENsdWJ2aXNpdGEiOjExMTg2fQ==/informe-arbitral-club-atletico-de-san-luis-vs-tigres-de-la-uanl-jornada-9-estadio-alfonso-lastras-ramirez-espn', 'text': '1 - 2'}","{'type': 'link', 'href': 'https://www.ligafemenil.mx/cancha/club/11186/tigres-de-la-uanl', 'text': ''}","{'type': 'link', 'href': 'https://www.ligafemenil.mx/cancha/estadio/14/estadio-alfonso-lastras-ramirez', 'text': 'Alfonso Lastras Ramírez'}","{'type': 'link', 'href': 'https://www.ligafemenil.mx/cancha/mxm/140346/eyJpZERpdmlzaW9uIjoiMTQiLCJpZFRlbXBvcmFkYSI6Ijc1IiwiaWRUb3JuZW8iOiIxIiwiaWRDbHVibG9jYWwiOiIxMTc3OCIsImlkQ2x1YnZpc2l0YSI6IjExMTg2IiwiaWRQYXJ0aWRvIjoiMTQwMzQ2IiwicGVzdGFuYSI6IjEifQ==/minuto-a-minuto-club-atletico-de-san-luis-vs-tigres-de-la-uanl-jornada-9-estadio-alfonso-lastras-ramirez-espn', 'text': ''}","{'type': 'link', 'href': 'https://www.ligafemenil.mx/cancha/mxm/140346/eyJpZERpdmlzaW9uIjoiMTQiLCJpZFRlbXBvcmFkYSI6Ijc1IiwiaWRUb3JuZW8iOiIxIiwiaWRDbHVibG9jYWwiOiIxMTc3OCIsImlkQ2x1YnZpc2l0YSI6IjExMTg2IiwiaWRQYXJ0aWRvIjoiMTQwMzQ2IiwicGVzdGFuYSI6IjMifQ==/minuto-a-minuto-club-atletico-de-san-luis-vs-tigres-de-la-uanl-jornada-9-estadio-alfonso-lastras-ramirez-espn', 'text': ''}","{'type': 'link', 'href': 'https://www.ligafemenil.mx/cancha/informeArbitral/140346/eyJpZERpdmlzaW9uIjoiMTQiLCJpZFRlbXBvcmFkYSI6Ijc1IiwiaWRUb3JuZW8iOiIxIiwiaWRDbHVibG9jYWwiOiIxMTc3OCIsImlkQ2x1YnZpc2l0YSI6IjExMTg2In0=/informe-arbitral-club-atletico-de-san-luis-vs-tigres-de-la-uanl-jornada-9-estadio-alfonso-lastras-ramirez-espn', 'text': ''}","{'type': 'link', 'href': 'https://www.ligafemenil.mx/cancha/mxm/140346/eyJpZERpdmlzaW9uIjoiMTQiLCJpZFRlbXBvcmFkYSI6Ijc1IiwiaWRUb3JuZW8iOiIxIiwiaWRDbHVibG9jYWwiOiIxMTc3OCIsImlkQ2x1YnZpc2l0YSI6IjExMTg2IiwiaWRQYXJ0aWRvIjoiMTQwMzQ2IiwicGVzdGFuYSI6IjQifQ==/minuto-a-minuto-club-atletico-de-san-luis-vs-tigres-de-la-uanl-jornada-9-estadio-alfonso-lastras-ramirez-espn', 'text': ''}","{'type': 'link', 'href': 'https://www.ligafemenil.mx/cancha/galeria/MTQwMzQ2LzkvNzUvMS8xNA==/club-atletico-de-san-luis-vs-tigres-de-la-uanl', 'text': ''}","{'type': 'link', 'href': 'https://www.ligafemenil.mx/cancha/playlist/140346/club-atletico-de-san-luis-vs-tigres-de-la-uanl', 'text': ''}"
2024-2025,Apertura,"{'type': 'text', 'value': 'Jueves 12 de Septiembre de 2024\nTemporada 2024-2025\nTorneo Apertura\nJornada 10\n12 Septiembre 2024 - 19:00 hrs.'}","{'type': 'link', 'href': 'https://www.ligafemenil.mx/cancha/club/11245/atlas', 'text': ''}","{'type': 'link', 'href': 'https://www.ligafemenil.mx/cancha/informeArbitral/140352/eyJpZERpdmlzaW9uIjoiMTQiLCJpZFRlbXBvcmFkYSI6Ijc1IiwiaWRUb3JuZW8iOiIxIiwiaWRDbHVibG9jYWwiOjExMjQ1LCJpZENsdWJ2aXNpdGEiOjExMTg3fQ==/informe-arbitral-atlas-vs-toluca-jornada-10-estadio-jalisco-caliente-tv', 'text': '1 - 1'}","{'type': 'link', 'href': 'https://www.ligafemenil.mx/cancha/club/11187/toluca', 'text': ''}","{'type': 'link', 'href': 'https://www.ligafemenil.mx/cancha/estadio/5/estadio-jalisco', 'text': 'Jalisco'}","{'type': 'link', 'href': 'https://www.ligafemenil.mx/cancha/mxm/140352/eyJpZERpdmlzaW9uIjoiMTQiLCJpZFRlbXBvcmFkYSI6Ijc1IiwiaWRUb3JuZW8iOiIxIiwiaWRDbHVibG9jYWwiOiIxMTI0NSIsImlkQ2x1YnZpc2l0YSI6IjExMTg3IiwiaWRQYXJ0aWRvIjoiMTQwMzUyIiwicGVzdGFuYSI6IjEifQ==/minuto-a-minuto-atlas-vs-toluca-jornada-10-estadio-jalisco-caliente-tv', 'text': ''}","{'type': 'link', 'href': 'https://www.ligafemenil.mx/cancha/mxm/140352/eyJpZERpdmlzaW9uIjoiMTQiLCJpZFRlbXBvcmFkYSI6Ijc1IiwiaWRUb3JuZW8iOiIxIiwiaWRDbHVibG9jYWwiOiIxMTI0NSIsImlkQ2x1YnZpc2l0YSI6IjExMTg3IiwiaWRQYXJ0aWRvIjoiMTQwMzUyIiwicGVzdGFuYSI6IjMifQ==/minuto-a-minuto-atlas-vs-toluca-jornada-10-estadio-jalisco-caliente-tv', 'text': ''}","{'type': 'link', 'href': 'https://www.ligafemenil.mx/cancha/informeArbitral/140352/eyJpZERpdmlzaW9uIjoiMTQiLCJpZFRlbXBvcmFkYSI6Ijc1IiwiaWRUb3JuZW8iOiIxIiwiaWRDbHVibG9jYWwiOiIxMTI0NSIsImlkQ2x1YnZpc2l0YSI6IjExMTg3In0=/informe-arbitral-atlas-vs-toluca-jornada-10-estadio-jalisco-caliente-tv', 'text': ''}","{'type': 'link', 'href': 'https://www.ligafemenil.mx/cancha/mxm/140352/eyJpZERpdmlzaW9uIjoiMTQiLCJpZFRlbXBvcmFkYSI6Ijc1IiwiaWRUb3JuZW8iOiIxIiwiaWRDbHVibG9jYWwiOiIxMTI0NSIsImlkQ2x1YnZpc2l0YSI6IjExMTg3IiwiaWRQYXJ0aWRvIjoiMTQwMzUyIiwicGVzdGFuYSI6IjQifQ==/minuto-a-minuto-atlas-vs-toluca-jornada-10-estadio-jalisco-caliente-tv', 'text': ''}","{'type': 'link', 'href': 'https://www.ligafemenil.mx/cancha/galeria/MTQwMzUyLzEwLzc1LzEvMTQ=/atlas-vs-toluca', 'text': ''}","{'type': 'link', 'href': 'https://www.ligafemenil.mx/cancha/playlist/140352/atlas-vs-toluca', 'text': ''}"
2024-2025,Apertura,"{'type': 'text', 'value': 'Viernes 13 de Septiembre de 2024\nTemporada 2024-2025\nTorneo Apertura\nJornada 10\n13 Septiembre 2024 - 16:30 hrs.'}","{'type': 'link', 'href': 'https://www.ligafemenil.mx/cancha/club/12042/gallos-blancos-de-queretaro', 'text': ''}","{'type': 'link', 'href': 'https://www.ligafemenil.mx/cancha/informeArbitral/140353/eyJpZERpdmlzaW9uIjoiMTQiLCJpZFRlbXBvcmFkYSI6Ijc1IiwiaWRUb3JuZW8iOiIxIiwiaWRDbHVibG9jYWwiOjEyMDQyLCJpZENsdWJ2aXNpdGEiOjExMjQzfQ==/informe-arbitral-gallos-blancos-de-queretaro-vs-leon-jornada-10-estadio-olimpico-alameda-caliente-tv', 'text': '2 - 1'}","{'type': 'link', 'href': 'https://www.ligafemenil.mx/cancha/club/11243/leon', 'text': ''}","{'type': 'link', 'href': 'https://www.ligafemenil.mx/cancha/estadio/1741/estadio-olimpico-alameda', 'text': 'Estadio Olímpico Alameda'}","{'type': 'link', 'href': 'https://www.ligafemenil.mx/cancha/mxm/140353/eyJpZERpdmlzaW9uIjoiMTQiLCJpZFRlbXBvcmFkYSI6Ijc1IiwiaWRUb3JuZW8iOiIxIiwiaWRDbHVibG9jYWwiOiIxMjA0MiIsImlkQ2x1YnZpc2l0YSI6IjExMjQzIiwiaWRQYXJ0aWRvIjoiMTQwMzUzIiwicGVzdGFuYSI6IjEifQ==/minuto-a-minuto-gallos-blancos-de-queretaro-vs-leon-jornada-10-estadio-olimpico-alameda-caliente-tv', 'text': ''}","{'type': 'link', 'href': 'https://www.ligafemenil.mx/cancha/mxm/140353/eyJpZERpdmlzaW9uIjoiMTQiLCJpZFRlbXBvcmFkYSI6Ijc1IiwiaWRUb3JuZW8iOiIxIiwiaWRDbHVibG9jYWwiOiIxMjA0MiIsImlkQ2x1YnZpc2l0YSI6IjExMjQzIiwiaWRQYXJ0aWRvIjoiMTQwMzUzIiwicGVzdGFuYSI6IjMifQ==/minuto-a-minuto-gallos-blancos-de-queretaro-vs-leon-jornada-10-estadio-olimpico-alameda-caliente-tv', 'text': ''}","{'type': 'link', 'href': 'https://www.ligafemenil.mx/cancha/informeArbitral/140353/eyJpZERpdmlzaW9uIjoiMTQiLCJpZFRlbXBvcmFkYSI6Ijc1IiwiaWRUb3JuZW8iOiIxIiwiaWRDbHVibG9jYWwiOiIxMjA0MiIsImlkQ2x1YnZpc2l0YSI6IjExMjQzIn0=/informe-arbitral-gallos-blancos-de-queretaro-vs-leon-jornada-10-estadio-olimpico-alameda-caliente-tv', 'text': ''}","{'type': 'link', 'href': 'https://www.ligafemenil.mx/cancha/mxm/140353/eyJpZERpdmlzaW9uIjoiMTQiLCJpZFRlbXBvcmFkYSI6Ijc1IiwiaWRUb3JuZW8iOiIxIiwiaWRDbHVibG9jYWwiOiIxMjA0MiIsImlkQ2x1YnZpc2l0YSI6IjExMjQzIiwiaWRQYXJ0aWRvIjoiMTQwMzUzIiwicGVzdGFuYSI6IjQifQ==/minuto-a-minuto-gallos-blancos-de-queretaro-vs-leon-jornada-10-estadio-olimpico-alameda-caliente-tv', 'text': ''}","{'type': 'link', 'href': 'https://www.ligafemenil.mx/cancha/galeria/MTQwMzUzLzEwLzc1LzEvMTQ=/gallos-blancos-de-queretaro-vs-leon', 'text': ''}","{'type': 'link', 'href': 'https://www.ligafemenil.mx/cancha/playlist/140353/gallos-blancos-de-queretaro-vs-leon', 'text': ''}"
2024-2025,Apertura,"{'type': 'text', 'value': 'Sábado 14 de Septiembre de 2024\nTemporada 2024-2025\nTorneo Apertura\nJornada 10\n14 Septiembre 2024 - 12:00 hrs.'}","{'type': 'link', 'href': 'https://www.ligafemenil.mx/cancha/club/11181/cruz-azul', 'text': ''}","{'type': 'link', 'href': 'https://www.ligafemenil.mx/cancha/informeArbitral/140355/eyJpZERpdmlzaW9uIjoiMTQiLCJpZFRlbXBvcmFkYSI6Ijc1IiwiaWRUb3JuZW8iOiIxIiwiaWRDbHVibG9jYWwiOjExMTgxLCJpZENsdWJ2aXNpdGEiOjExNzc4fQ==/informe-arbitral-cruz-azul-vs-club-atletico-de-san-luis-jornada-10-estadio-instalaciones-la-noria-vix', 'text': '2 - 0'}","{'type': 'link', 'href': 'https://www.ligafemenil.mx/cancha/club/11778/club-atletico-de-san-luis', 'text': ''}","{'type': 'link', 'href': 'https://www.ligafemenil.mx/cancha/estadio/877/estadio-instalaciones-la-noria', 'text': 'INSTALACIONES LA NORIA'}","{'type': 'link', 'href': 'https://www.ligafemenil.mx/cancha/mxm/140355/eyJpZERpdmlzaW9uIjoiMTQiLCJpZFRlbXBvcmFkYSI6Ijc1IiwiaWRUb3JuZW8iOiIxIiwiaWRDbHVibG9jYWwiOiIxMTE4MSIsImlkQ2x1YnZpc2l0YSI6IjExNzc4IiwiaWRQYXJ0aWRvIjoiMTQwMzU1IiwicGVzdGFuYSI6IjEifQ==/minuto-a-minuto-cruz-azul-vs-club-atletico-de-san-luis-jornada-10-estadio-instalaciones-la-noria-vix', 'text': ''}","{'type': 'link', 'href': 'https://www.ligafemenil.mx/cancha/mxm/140355/eyJpZERpdmlzaW9uIjoiMTQiLCJpZFRlbXBvcmFkYSI6Ijc1IiwiaWRUb3JuZW8iOiIxIiwiaWRDbHVibG9jYWwiOiIxMTE4MSIsImlkQ2x1YnZpc2l0YSI6IjExNzc4IiwiaWRQYXJ0aWRvIjoiMTQwMzU1IiwicGVzdGFuYSI6IjMifQ==/minuto-a-minuto-cruz-azul-vs-club-atletico-de-san-luis-jornada-10-estadio-instalaciones-la-noria-vix', 'text': ''}","{'type': 'link', 'href': 'https://www.ligafemenil.mx/cancha/informeArbitral/140355/eyJpZERpdmlzaW9uIjoiMTQiLCJpZFRlbXBvcmFkYSI6Ijc1IiwiaWRUb3JuZW8iOiIxIiwiaWRDbHVibG9jYWwiOiIxMTE4MSIsImlkQ2x1YnZpc2l0YSI6IjExNzc4In0=/informe-arbitral-cruz-azul-vs-club-atletico-de-san-luis-jornada-10-estadio-instalaciones-la-noria-vix', 'text': ''}","{'type': 'link', 'href': 'https://www.ligafemenil.mx/cancha/mxm/140355/eyJpZERpdmlzaW9uIjoiMTQiLCJpZFRlbXBvcmFkYSI6Ijc1IiwiaWRUb3JuZW8iOiIxIiwiaWRDbHVibG9jYWwiOiIxMTE4MSIsImlkQ2x1YnZpc2l0YSI6IjExNzc4IiwiaWRQYXJ0aWRvIjoiMTQwMzU1IiwicGVzdGFuYSI6IjQifQ==/minuto-a-minuto-cruz-azul-vs-club-atletico-de-san-luis-jornada-10-estadio-instalaciones-la-noria-vix', 'text': ''}","{'type': 'link', 'href': 'https://www.ligafemenil.mx/cancha/galeria/MTQwMzU1LzEwLzc1LzEvMTQ=/cruz-azul-vs-club-atletico-de-san-luis', 'text': ''}","{'type': 'link', 'href': 'https://www.ligafemenil.mx/cancha/playlist/140355/cruz-azul-vs-club-atletico-de-san-luis', 'text': ''}"
2024-2025,Apertura,"{'type': 'text', 'value': 'Sábado 14 de Septiembre de 2024\nTemporada 2024-2025\nTorneo Apertura\nJornada 10\n14 Septiembre 2024 - 21:00 hrs.'}","{'type': 'link', 'href': 'https://www.ligafemenil.mx/cancha/club/11186/tigres-de-la-uanl', 'text': ''}","{'type': 'link', 'href': 'https://www.ligafemenil.mx/cancha/informeArbitral/140356/eyJpZERpdmlzaW9uIjoiMTQiLCJpZFRlbXBvcmFkYSI6Ijc1IiwiaWRUb3JuZW8iOiIxIiwiaWRDbHVibG9jYWwiOjExMTg2LCJpZENsdWJ2aXNpdGEiOjExMTg1fQ==/informe-arbitral-tigres-de-la-uanl-vs-rayados-de-monterrey-jornada-10-estadio-universitario-fox-sports', 'text': '0 - 0'}","{'type': 'link', 'href': 'https://www.ligafemenil.mx/cancha/club/11185/rayados-de-monterrey', 'text': ''}","{'type': 'link', 'href': 'https://www.ligafemenil.mx/cancha/estadio/12/estadio-universitario', 'text': 'Universitario'}","{'type': 'link', 'href': 'https://www.ligafemenil.mx/cancha/mxm/140356/eyJpZERpdmlzaW9uIjoiMTQiLCJpZFRlbXBvcmFkYSI6Ijc1IiwiaWRUb3JuZW8iOiIxIiwiaWRDbHVibG9jYWwiOiIxMTE4NiIsImlkQ2x1YnZpc2l0YSI6IjExMTg1IiwiaWRQYXJ0aWRvIjoiMTQwMzU2IiwicGVzdGFuYSI6IjEifQ==/minuto-a-minuto-tigres-de-la-uanl-vs-rayados-de-monterrey-jornada-10-estadio-universitario-fox-sports', 'text': ''}","{'type': 'link', 'href': 'https://www.ligafemenil.mx/cancha/mxm/140356/eyJpZERpdmlzaW9uIjoiMTQiLCJpZFRlbXBvcmFkYSI6Ijc1IiwiaWRUb3JuZW8iOiIxIiwiaWRDbHVibG9jYWwiOiIxMTE4NiIsImlkQ2x1YnZpc2l0YSI6IjExMTg1IiwiaWRQYXJ0aWRvIjoiMTQwMzU2IiwicGVzdGFuYSI6IjMifQ==/minuto-a-minuto-tigres-de-la-uanl-vs-rayados-de-monterrey-jornada-10-estadio-universitario-fox-sports', 'text': ''}","{'type': 'link', 'href': 'https://www.ligafemenil.mx/cancha/informeArbitral/140356/eyJpZERpdmlzaW9uIjoiMTQiLCJpZFRlbXBvcmFkYSI6Ijc1IiwiaWRUb3JuZW8iOiIxIiwiaWRDbHVibG9jYWwiOiIxMTE4NiIsImlkQ2x1YnZpc2l0YSI6IjExMTg1In0=/informe-arbitral-tigres-de-la-uanl-vs-rayados-de-monterrey-jornada-10-estadio-universitario-fox-sports', 'text': ''}","{'type': 'link', 'href': 'https://www.ligafemenil.mx/cancha/mxm/140356/eyJpZERpdmlzaW9uIjoiMTQiLCJpZFRlbXBvcmFkYSI6Ijc1IiwiaWRUb3JuZW8iOiIxIiwiaWRDbHVibG9jYWwiOiIxMTE4NiIsImlkQ2x1YnZpc2l0YSI6IjExMTg1IiwiaWRQYXJ0aWRvIjoiMTQwMzU2IiwicGVzdGFuYSI6IjQifQ==/minuto-a-minuto-tigres-de-la-uanl-vs-rayados-de-monterrey-jornada-10-estadio-universitario-fox-sports', 'text': ''}","{'type': 'link', 'href': 'https://www.ligafemenil.mx/cancha/galeria/MTQwMzU2LzEwLzc1LzEvMTQ=/tigres-de-la-uanl-vs-rayados-de-monterrey', 'text': ''}","{'type': 'link', 'href': 'https://www.ligafemenil.mx/cancha/playlist/140356/tigres-de-la-uanl-vs-rayados-de-monterrey', 'text': ''}"
2024-2025,Apertura,"{'type': 'text', 'value': 'Domingo 15 de Septiembre de 2024\nTemporada 2024-2025\nTorneo Apertura\nJornada 10\n15 Septiembre 2024 - 17:00 hrs.'}","{'type': 'link', 'href': 'https://www.ligafemenil.mx/cancha/club/11191/america', 'text': ''}","{'type': 'link', 'href': 'https://www.ligafemenil.mx/cancha/informeArbitral/140358/eyJpZERpdmlzaW9uIjoiMTQiLCJpZFRlbXBvcmFkYSI6Ijc1IiwiaWRUb3JuZW8iOiIxIiwiaWRDbHVibG9jYWwiOjExMTkxLCJpZENsdWJ2aXNpdGEiOjExMTgyfQ==/informe-arbitral-america-vs-guadalajara-jornada-10-estadio-ciudad-de-los-deportes-canal-5-tudn', 'text': '7 - 0'}","{'type': 'link', 'href': 'https://www.ligafemenil.mx/cancha/club/11182/guadalajara', 'text': ''}","{'type': 'link', 'href': 'https://www.ligafemenil.mx/cancha/estadio/2/estadio-ciudad-de-los-deportes', 'text': 'Ciudad De Los Deportes'}","{'type': 'link', 'href': 'https://www.ligafemenil.mx/cancha/mxm/140358/eyJpZERpdmlzaW9uIjoiMTQiLCJpZFRlbXBvcmFkYSI6Ijc1IiwiaWRUb3JuZW8iOiIxIiwiaWRDbHVibG9jYWwiOiIxMTE5MSIsImlkQ2x1YnZpc2l0YSI6IjExMTgyIiwiaWRQYXJ0aWRvIjoiMTQwMzU4IiwicGVzdGFuYSI6IjEifQ==/minuto-a-minuto-america-vs-guadalajara-jornada-10-estadio-ciudad-de-los-deportes-canal-5-tudn', 'text': ''}","{'type': 'link', 'href': 'https://www.ligafemenil.mx/cancha/mxm/140358/eyJpZERpdmlzaW9uIjoiMTQiLCJpZFRlbXBvcmFkYSI6Ijc1IiwiaWRUb3JuZW8iOiIxIiwiaWRDbHVibG9jYWwiOiIxMTE5MSIsImlkQ2x1YnZpc2l0YSI6IjExMTgyIiwiaWRQYXJ0aWRvIjoiMTQwMzU4IiwicGVzdGFuYSI6IjMifQ==/minuto-a-minuto-america-vs-guadalajara-jornada-10-estadio-ciudad-de-los-deportes-canal-5-tudn', 'text': ''}","{'type': 'link', 'href': 'https://www.ligafemenil.mx/cancha/informeArbitral/140358/eyJpZERpdmlzaW9uIjoiMTQiLCJpZFRlbXBvcmFkYSI6Ijc1IiwiaWRUb3JuZW8iOiIxIiwiaWRDbHVibG9jYWwiOiIxMTE5MSIsImlkQ2x1YnZpc2l0YSI6IjExMTgyIn0=/informe-arbitral-america-vs-guadalajara-jornada-10-estadio-ciudad-de-los-deportes-canal-5-tudn', 'text': ''}","{'type': 'link', 'href': 'https://www.ligafemenil.mx/cancha/mxm/140358/eyJpZERpdmlzaW9uIjoiMTQiLCJpZFRlbXBvcmFkYSI6Ijc1IiwiaWRUb3JuZW8iOiIxIiwiaWRDbHVibG9jYWwiOiIxMTE5MSIsImlkQ2x1YnZpc2l0YSI6IjExMTgyIiwiaWRQYXJ0aWRvIjoiMTQwMzU4IiwicGVzdGFuYSI6IjQifQ==/minuto-a-minuto-america-vs-guadalajara-jornada-10-estadio-ciudad-de-los-deportes-canal-5-tudn', 'text': ''}","{'type': 'link', 'href': 'https://www.ligafemenil.mx/cancha/galeria/MTQwMzU4LzEwLzc1LzEvMTQ=/america-vs-guadalajara', 'text': ''}","{'type': 'link', 'href': 'https://www.ligafemenil.mx/cancha/playlist/140358/america-vs-guadalajara', 'text': ''}"
2024-2025,Apertura,"{'type': 'text', 'value': 'Domingo 15 de Septiembre de 2024\nTemporada 2024-2025\nTorneo Apertura\nJornada 10\n15 Septiembre 2024 - 17:00 hrs.'}","{'type': 'link', 'href': 'https://www.ligafemenil.mx/cancha/club/11543/puebla-fc', 'text': ''}","{'type': 'link', 'href': 'https://www.ligafemenil.mx/cancha/informeArbitral/140359/eyJpZERpdmlzaW9uIjoiMTQiLCJpZFRlbXBvcmFkYSI6Ijc1IiwiaWRUb3JuZW8iOiIxIiwiaWRDbHVibG9jYWwiOjExNTQzLCJpZENsdWJ2aXNpdGEiOjEyMDUxfQ==/informe-arbitral-puebla-fc-vs-mazatlan-fc-jornada-10-estadio-cuauhtemoc-fox-sports', 'text': '3 - 1'}","{'type': 'link', 'href': 'https://www.ligafemenil.mx/cancha/club/12051/mazatlan-fc', 'text': ''}","{'type': 'link', 'href': 'https://www.ligafemenil.mx/cancha/estadio/9/estadio-cuauhtemoc', 'text': 'Cuauhtémoc'}","{'type': 'link', 'href': 'https://www.ligafemenil.mx/cancha/mxm/140359/eyJpZERpdmlzaW9uIjoiMTQiLCJpZFRlbXBvcmFkYSI6Ijc1IiwiaWRUb3JuZW8iOiIxIiwiaWRDbHVibG9jYWwiOiIxMTU0MyIsImlkQ2x1YnZpc2l0YSI6IjEyMDUxIiwiaWRQYXJ0aWRvIjoiMTQwMzU5IiwicGVzdGFuYSI6IjEifQ==/minuto-a-minuto-puebla-fc-vs-mazatlan-fc-jornada-10-estadio-cuauhtemoc-fox-sports', 'text': ''}","{'type': 'link', 'href': 'https://www.ligafemenil.mx/cancha/mxm/140359/eyJpZERpdmlzaW9uIjoiMTQiLCJpZFRlbXBvcmFkYSI6Ijc1IiwiaWRUb3JuZW8iOiIxIiwiaWRDbHVibG9jYWwiOiIxMTU0MyIsImlkQ2x1YnZpc2l0YSI6IjEyMDUxIiwiaWRQYXJ0aWRvIjoiMTQwMzU5IiwicGVzdGFuYSI6IjMifQ==/minuto-a-minuto-puebla-fc-vs-mazatlan-fc-jornada-10-estadio-cuauhtemoc-fox-sports', 'text': ''}","{'type': 'link', 'href': 'https://www.ligafemenil.mx/cancha/informeArbitral/140359/eyJpZERpdmlzaW9uIjoiMTQiLCJpZFRlbXBvcmFkYSI6Ijc1IiwiaWRUb3JuZW8iOiIxIiwiaWRDbHVibG9jYWwiOiIxMTU0MyIsImlkQ2x1YnZpc2l0YSI6IjEyMDUxIn0=/informe-arbitral-puebla-fc-vs-mazatlan-fc-jornada-10-estadio-cuauhtemoc-fox-sports', 'text': ''}","{'type': 'link', 'href': 'https://www.ligafemenil.mx/cancha/mxm/140359/eyJpZERpdmlzaW9uIjoiMTQiLCJpZFRlbXBvcmFkYSI6Ijc1IiwiaWRUb3JuZW8iOiIxIiwiaWRDbHVibG9jYWwiOiIxMTU0MyIsImlkQ2x1YnZpc2l0YSI6IjEyMDUxIiwiaWRQYXJ0aWRvIjoiMTQwMzU5IiwicGVzdGFuYSI6IjQifQ==/minuto-a-minuto-puebla-fc-vs-mazatlan-fc-jornada-10-estadio-cuauhtemoc-fox-sports', 'text': ''}","{'type': 'link', 'href': 'https://www.ligafemenil.mx/cancha/galeria/MTQwMzU5LzEwLzc1LzEvMTQ=/puebla-fc-vs-mazatlan-fc', 'text': ''}","{'type': 'link', 'href': 'https://www.ligafemenil.mx/cancha/playlist/140359/puebla-fc-vs-mazatlan-fc', 'text': ''}"
2024-2025,Apertura,"{'type': 'text', 'value': 'Domingo 15 de Septiembre de 2024\nTemporada 2024-2025\nTorneo Apertura\nJornada 10\n15 Septiembre 2024 - 19:06 hrs.'}","{'type': 'link', 'href': 'https://www.ligafemenil.mx/cancha/club/11184/pachuca', 'text': ''}","{'type': 'link', 'href': 'https://www.ligafemenil.mx/cancha/informeArbitral/140360/eyJpZERpdmlzaW9uIjoiMTQiLCJpZFRlbXBvcmFkYSI6Ijc1IiwiaWRUb3JuZW8iOiIxIiwiaWRDbHVibG9jYWwiOjExMTg0LCJpZENsdWJ2aXNpdGEiOjExMTkyfQ==/informe-arbitral-pachuca-vs-santos-laguna-jornada-10-estadio-hidalgo-fox-sports', 'text': '3 - 0'}","{'type': 'link', 'href': 'https://www.ligafemenil.mx/cancha/club/11192/santos-laguna', 'text': ''}","{'type': 'link', 'href': 'https://www.ligafemenil.mx/cancha/estadio/11/estadio-hidalgo', 'text': 'Hidalgo'}","{'type': 'link', 'href': 'https://www.ligafemenil.mx/cancha/mxm/140360/eyJpZERpdmlzaW9uIjoiMTQiLCJpZFRlbXBvcmFkYSI6Ijc1IiwiaWRUb3JuZW8iOiIxIiwiaWRDbHVibG9jYWwiOiIxMTE4NCIsImlkQ2x1YnZpc2l0YSI6IjExMTkyIiwiaWRQYXJ0aWRvIjoiMTQwMzYwIiwicGVzdGFuYSI6IjEifQ==/minuto-a-minuto-pachuca-vs-santos-laguna-jornada-10-estadio-hidalgo-fox-sports', 'text': ''}","{'type': 'link', 'href': 'https://www.ligafemenil.mx/cancha/mxm/140360/eyJpZERpdmlzaW9uIjoiMTQiLCJpZFRlbXBvcmFkYSI6Ijc1IiwiaWRUb3JuZW8iOiIxIiwiaWRDbHVibG9jYWwiOiIxMTE4NCIsImlkQ2x1YnZpc2l0YSI6IjExMTkyIiwiaWRQYXJ0aWRvIjoiMTQwMzYwIiwicGVzdGFuYSI6IjMifQ==/minuto-a-minuto-pachuca-vs-santos-laguna-jornada-10-estadio-hidalgo-fox-sports', 'text': ''}","{'type': 'link', 'href': 'https://www.ligafemenil.mx/cancha/informeArbitral/140360/eyJpZERpdmlzaW9uIjoiMTQiLCJpZFRlbXBvcmFkYSI6Ijc1IiwiaWRUb3JuZW8iOiIxIiwiaWRDbHVibG9jYWwiOiIxMTE4NCIsImlkQ2x1YnZpc2l0YSI6IjExMTkyIn0=/informe-arbitral-pachuca-vs-santos-laguna-jornada-10-estadio-hidalgo-fox-sports', 'text': ''}","{'type': 'link', 'href': 'https://www.ligafemenil.mx/cancha/mxm/140360/eyJpZERpdmlzaW9uIjoiMTQiLCJpZFRlbXBvcmFkYSI6Ijc1IiwiaWRUb3JuZW8iOiIxIiwiaWRDbHVibG9jYWwiOiIxMTE4NCIsImlkQ2x1YnZpc2l0YSI6IjExMTkyIiwiaWRQYXJ0aWRvIjoiMTQwMzYwIiwicGVzdGFuYSI6IjQifQ==/minuto-a-minuto-pachuca-vs-santos-laguna-jornada-10-estadio-hidalgo-fox-sports', 'text': ''}","{'type': 'link', 'href': 'https://www.ligafemenil.mx/cancha/galeria/MTQwMzYwLzEwLzc1LzEvMTQ=/pachuca-vs-santos-laguna', 'text': ''}","{'type': 'link', 'href': 'https://www.ligafemenil.mx/cancha/playlist/140360/pachuca-vs-santos-laguna', 'text': ''}"
2024-2025,Apertura,"{'type': 'text', 'value': 'Domingo 15 de Septiembre de 2024\nTemporada 2024-2025\nTorneo Apertura\nJornada 10\n15 Septiembre 2024 - 20:10 hrs.'}","{'type': 'link', 'href': 'https://www.ligafemenil.mx/cancha/club/11180/tijuana', 'text': ''}","{'type': 'link', 'href': 'https://www.ligafemenil.mx/cancha/informeArbitral/140362/eyJpZERpdmlzaW9uIjoiMTQiLCJpZFRlbXBvcmFkYSI6Ijc1IiwiaWRUb3JuZW8iOiIxIiwiaWRDbHVibG9jYWwiOjExMTgwLCJpZENsdWJ2aXNpdGEiOjExMTg4fQ==/informe-arbitral-tijuana-vs-pumas-jornada-10-estadio-caliente-caliente-tv', 'text': '5 - 1'}","{'type': 'link', 'href': 'https://www.ligafemenil.mx/cancha/club/11188/pumas', 'text': ''}","{'type': 'link', 'href': 'https://www.ligafemenil.mx/cancha/estadio/48/estadio-caliente', 'text': 'Caliente'}","{'type': 'link', 'href': 'https://www.ligafemenil.mx/cancha/mxm/140362/eyJpZERpdmlzaW9uIjoiMTQiLCJpZFRlbXBvcmFkYSI6Ijc1IiwiaWRUb3JuZW8iOiIxIiwiaWRDbHVibG9jYWwiOiIxMTE4MCIsImlkQ2x1YnZpc2l0YSI6IjExMTg4IiwiaWRQYXJ0aWRvIjoiMTQwMzYyIiwicGVzdGFuYSI6IjEifQ==/minuto-a-minuto-tijuana-vs-pumas-jornada-10-estadio-caliente-caliente-tv', 'text': ''}","{'type': 'link', 'href': 'https://www.ligafemenil.mx/cancha/mxm/140362/eyJpZERpdmlzaW9uIjoiMTQiLCJpZFRlbXBvcmFkYSI6Ijc1IiwiaWRUb3JuZW8iOiIxIiwiaWRDbHVibG9jYWwiOiIxMTE4MCIsImlkQ2x1YnZpc2l0YSI6IjExMTg4IiwiaWRQYXJ0aWRvIjoiMTQwMzYyIiwicGVzdGFuYSI6IjMifQ==/minuto-a-minuto-tijuana-vs-pumas-jornada-10-estadio-caliente-caliente-tv', 'text': ''}","{'type': 'link', 'href': 'https://www.ligafemenil.mx/cancha/informeArbitral/140362/eyJpZERpdmlzaW9uIjoiMTQiLCJpZFRlbXBvcmFkYSI6Ijc1IiwiaWRUb3JuZW8iOiIxIiwiaWRDbHVibG9jYWwiOiIxMTE4MCIsImlkQ2x1YnZpc2l0YSI6IjExMTg4In0=/informe-arbitral-tijuana-vs-pumas-jornada-10-estadio-caliente-caliente-tv', 'text': ''}","{'type': 'link', 'href': 'https://www.ligafemenil.mx/cancha/mxm/140362/eyJpZERpdmlzaW9uIjoiMTQiLCJpZFRlbXBvcmFkYSI6Ijc1IiwiaWRUb3JuZW8iOiIxIiwiaWRDbHVibG9jYWwiOiIxMTE4MCIsImlkQ2x1YnZpc2l0YSI6IjExMTg4IiwiaWRQYXJ0aWRvIjoiMTQwMzYyIiwicGVzdGFuYSI6IjQifQ==/minuto-a-minuto-tijuana-vs-pumas-jornada-10-estadio-caliente-caliente-tv', 'text': ''}","{'type': 'link', 'href': 'https://www.ligafemenil.mx/cancha/galeria/MTQwMzYyLzEwLzc1LzEvMTQ=/tijuana-vs-pumas', 'text': ''}","{'type': 'link', 'href': 'https://www.ligafemenil.mx/cancha/playlist/140362/tijuana-vs-pumas', 'text': ''}"
2024-2025,Apertura,"{'type': 'text', 'value': 'Lunes 16 de Septiembre de 2024\nTemporada 2024-2025\nTorneo Apertura\nJornada 10\n16 Septiembre 2024 - 17:00 hrs.'}","{'type': 'link', 'href': 'https://www.ligafemenil.mx/cancha/club/11189/necaxa', 'text': ''}","{'type': 'link', 'href': 'https://www.ligafemenil.mx/cancha/informeArbitral/140363/eyJpZERpdmlzaW9uIjoiMTQiLCJpZFRlbXBvcmFkYSI6Ijc1IiwiaWRUb3JuZW8iOiIxIiwiaWRDbHVibG9jYWwiOjExMTg5LCJpZENsdWJ2aXNpdGEiOjExNzk1fQ==/informe-arbitral-necaxa-vs-fc-juarez-jornada-10-estadio-victoria-vix', 'text': '0 - 2'}","{'type': 'link', 'href': 'https://www.ligafemenil.mx/cancha/club/11795/fc-juarez', 'text': ''}","{'type': 'link', 'href': 'https://www.ligafemenil.mx/cancha/estadio/15/estadio-victoria', 'text': 'Victoria'}","{'type': 'link', 'href': 'https://www.ligafemenil.mx/cancha/mxm/140363/eyJpZERpdmlzaW9uIjoiMTQiLCJpZFRlbXBvcmFkYSI6Ijc1IiwiaWRUb3JuZW8iOiIxIiwiaWRDbHVibG9jYWwiOiIxMTE4OSIsImlkQ2x1YnZpc2l0YSI6IjExNzk1IiwiaWRQYXJ0aWRvIjoiMTQwMzYzIiwicGVzdGFuYSI6IjEifQ==/minuto-a-minuto-necaxa-vs-fc-juarez-jornada-10-estadio-victoria-vix', 'text': ''}","{'type': 'link', 'href': 'https://www.ligafemenil.mx/cancha/mxm/140363/eyJpZERpdmlzaW9uIjoiMTQiLCJpZFRlbXBvcmFkYSI6Ijc1IiwiaWRUb3JuZW8iOiIxIiwiaWRDbHVibG9jYWwiOiIxMTE4OSIsImlkQ2x1YnZpc2l0YSI6IjExNzk1IiwiaWRQYXJ0aWRvIjoiMTQwMzYzIiwicGVzdGFuYSI6IjMifQ==/minuto-a-minuto-necaxa-vs-fc-juarez-jornada-10-estadio-victoria-vix', 'text': ''}","{'type': 'link', 'href': 'https://www.ligafemenil.mx/cancha/informeArbitral/140363/eyJpZERpdmlzaW9uIjoiMTQiLCJpZFRlbXBvcmFkYSI6Ijc1IiwiaWRUb3JuZW8iOiIxIiwiaWRDbHVibG9jYWwiOiIxMTE4OSIsImlkQ2x1YnZpc2l0YSI6IjExNzk1In0=/informe-arbitral-necaxa-vs-fc-juarez-jornada-10-estadio-victoria-vix', 'text': ''}","{'type': 'link', 'href': 'https://www.ligafemenil.mx/cancha/mxm/140363/eyJpZERpdmlzaW9uIjoiMTQiLCJpZFRlbXBvcmFkYSI6Ijc1IiwiaWRUb3JuZW8iOiIxIiwiaWRDbHVibG9jYWwiOiIxMTE4OSIsImlkQ2x1YnZpc2l0YSI6IjExNzk1IiwiaWRQYXJ0aWRvIjoiMTQwMzYzIiwicGVzdGFuYSI6IjQifQ==/minuto-a-minuto-necaxa-vs-fc-juarez-jornada-10-estadio-victoria-vix', 'text': ''}","{'type': 'link', 'href': 'https://www.ligafemenil.mx/cancha/galeria/MTQwMzYzLzEwLzc1LzEvMTQ=/necaxa-vs-fc-juarez', 'text': ''}","{'type': 'link', 'href': 'https://www.ligafemenil.mx/cancha/playlist/140363/necaxa-vs-fc-juarez', 'text': ''}"
2024-2025,Apertura,"{'type': 'text', 'value': 'Jueves 19 de Septiembre de 2024\nTemporada 2024-2025\nTorneo Apertura\nJornada 3\n19 Septiembre 2024 - 20:06 hrs.'}","{'type': 'link', 'href': 'https://www.ligafemenil.mx/cancha/club/11182/guadalajara', 'text': ''}","{'type': 'link', 'href': 'https://www.ligafemenil.mx/cancha/informeArbitral/140282/eyJpZERpdmlzaW9uIjoiMTQiLCJpZFRlbXBvcmFkYSI6Ijc1IiwiaWRUb3JuZW8iOiIxIiwiaWRDbHVibG9jYWwiOjExMTgyLCJpZENsdWJ2aXNpdGEiOjEyMDUxfQ==/informe-arbitral-guadalajara-vs-mazatlan-fc-jornada-3-estadio-akron-fox-sports', 'text': '1 - 2'}","{'type': 'link', 'href': 'https://www.ligafemenil.mx/cancha/club/12051/mazatlan-fc', 'text': ''}","{'type': 'link', 'href': 'https://www.ligafemenil.mx/cancha/estadio/1538/estadio-akron', 'text': 'Estadio AKRON'}","{'type': 'link', 'href': 'https://www.ligafemenil.mx/cancha/mxm/140282/eyJpZERpdmlzaW9uIjoiMTQiLCJpZFRlbXBvcmFkYSI6Ijc1IiwiaWRUb3JuZW8iOiIxIiwiaWRDbHVibG9jYWwiOiIxMTE4MiIsImlkQ2x1YnZpc2l0YSI6IjEyMDUxIiwiaWRQYXJ0aWRvIjoiMTQwMjgyIiwicGVzdGFuYSI6IjEifQ==/minuto-a-minuto-guadalajara-vs-mazatlan-fc-jornada-3-estadio-akron-fox-sports', 'text': ''}","{'type': 'link', 'href': 'https://www.ligafemenil.mx/cancha/mxm/140282/eyJpZERpdmlzaW9uIjoiMTQiLCJpZFRlbXBvcmFkYSI6Ijc1IiwiaWRUb3JuZW8iOiIxIiwiaWRDbHVibG9jYWwiOiIxMTE4MiIsImlkQ2x1YnZpc2l0YSI6IjEyMDUxIiwiaWRQYXJ0aWRvIjoiMTQwMjgyIiwicGVzdGFuYSI6IjMifQ==/minuto-a-minuto-guadalajara-vs-mazatlan-fc-jornada-3-estadio-akron-fox-sports', 'text': ''}","{'type': 'link', 'href': 'https://www.ligafemenil.mx/cancha/informeArbitral/140282/eyJpZERpdmlzaW9uIjoiMTQiLCJpZFRlbXBvcmFkYSI6Ijc1IiwiaWRUb3JuZW8iOiIxIiwiaWRDbHVibG9jYWwiOiIxMTE4MiIsImlkQ2x1YnZpc2l0YSI6IjEyMDUxIn0=/informe-arbitral-guadalajara-vs-mazatlan-fc-jornada-3-estadio-akron-fox-sports', 'text': ''}","{'type': 'link', 'href': 'https://www.ligafemenil.mx/cancha/mxm/140282/eyJpZERpdmlzaW9uIjoiMTQiLCJpZFRlbXBvcmFkYSI6Ijc1IiwiaWRUb3JuZW8iOiIxIiwiaWRDbHVibG9jYWwiOiIxMTE4MiIsImlkQ2x1YnZpc2l0YSI6IjEyMDUxIiwiaWRQYXJ0aWRvIjoiMTQwMjgyIiwicGVzdGFuYSI6IjQifQ==/minuto-a-minuto-guadalajara-vs-mazatlan-fc-jornada-3-estadio-akron-fox-sports', 'text': ''}","{'type': 'link', 'href': 'https://www.ligafemenil.mx/cancha/galeria/MTQwMjgyLzMvNzUvMS8xNA==/guadalajara-vs-mazatlan-fc', 'text': ''}","{'type': 'link', 'href': 'https://www.ligafemenil.mx/cancha/playlist/140282/guadalajara-vs-mazatlan-fc', 'text': ''}"
2024-2025,Apertura,"{'type': 'text', 'value': 'Viernes 20 de Septiembre de 2024\nTemporada 2024-2025\nTorneo Apertura\nJornada 11\n20 Septiembre 2024 - 17:00 hrs.'}","{'type': 'link', 'href': 'https://www.ligafemenil.mx/cancha/club/11188/pumas', 'text': ''}","{'type': 'link', 'href': 'https://www.ligafemenil.mx/cancha/informeArbitral/140364/eyJpZERpdmlzaW9uIjoiMTQiLCJpZFRlbXBvcmFkYSI6Ijc1IiwiaWRUb3JuZW8iOiIxIiwiaWRDbHVibG9jYWwiOjExMTg4LCJpZENsdWJ2aXNpdGEiOjEyMDQyfQ==/informe-arbitral-pumas-vs-gallos-blancos-de-queretaro-jornada-11-estadio-olimpico-universitario-vix', 'text': '0 - 0'}","{'type': 'link', 'href': 'https://www.ligafemenil.mx/cancha/club/12042/gallos-blancos-de-queretaro', 'text': ''}","{'type': 'link', 'href': 'https://www.ligafemenil.mx/cancha/estadio/7/estadio-olimpico-universitario', 'text': 'Olímpico Universitario'}","{'type': 'link', 'href': 'https://www.ligafemenil.mx/cancha/mxm/140364/eyJpZERpdmlzaW9uIjoiMTQiLCJpZFRlbXBvcmFkYSI6Ijc1IiwiaWRUb3JuZW8iOiIxIiwiaWRDbHVibG9jYWwiOiIxMTE4OCIsImlkQ2x1YnZpc2l0YSI6IjEyMDQyIiwiaWRQYXJ0aWRvIjoiMTQwMzY0IiwicGVzdGFuYSI6IjEifQ==/minuto-a-minuto-pumas-vs-gallos-blancos-de-queretaro-jornada-11-estadio-olimpico-universitario-vix', 'text': ''}","{'type': 'link', 'href': 'https://www.ligafemenil.mx/cancha/mxm/140364/eyJpZERpdmlzaW9uIjoiMTQiLCJpZFRlbXBvcmFkYSI6Ijc1IiwiaWRUb3JuZW8iOiIxIiwiaWRDbHVibG9jYWwiOiIxMTE4OCIsImlkQ2x1YnZpc2l0YSI6IjEyMDQyIiwiaWRQYXJ0aWRvIjoiMTQwMzY0IiwicGVzdGFuYSI6IjMifQ==/minuto-a-minuto-pumas-vs-gallos-blancos-de-queretaro-jornada-11-estadio-olimpico-universitario-vix', 'text': ''}","{'type': 'link', 'href': 'https://www.ligafemenil.mx/cancha/informeArbitral/140364/eyJpZERpdmlzaW9uIjoiMTQiLCJpZFRlbXBvcmFkYSI6Ijc1IiwiaWRUb3JuZW8iOiIxIiwiaWRDbHVibG9jYWwiOiIxMTE4OCIsImlkQ2x1YnZpc2l0YSI6IjEyMDQyIn0=/informe-arbitral-pumas-vs-gallos-blancos-de-queretaro-jornada-11-estadio-olimpico-universitario-vix', 'text': ''}","{'type': 'link', 'href': 'https://www.ligafemenil.mx/cancha/mxm/140364/eyJpZERpdmlzaW9uIjoiMTQiLCJpZFRlbXBvcmFkYSI6Ijc1IiwiaWRUb3JuZW8iOiIxIiwiaWRDbHVibG9jYWwiOiIxMTE4OCIsImlkQ2x1YnZpc2l0YSI6IjEyMDQyIiwiaWRQYXJ0aWRvIjoiMTQwMzY0IiwicGVzdGFuYSI6IjQifQ==/minuto-a-minuto-pumas-vs-gallos-blancos-de-queretaro-jornada-11-estadio-olimpico-universitario-vix', 'text': ''}","{'type': 'link', 'href': 'https://www.ligafemenil.mx/cancha/galeria/MTQwMzY0LzExLzc1LzEvMTQ=/pumas-vs-gallos-blancos-de-queretaro', 'text': ''}","{'type': 'link', 'href': 'https://www.ligafemenil.mx/cancha/playlist/140364/pumas-vs-gallos-blancos-de-queretaro', 'text': ''}"
2024-2025,Apertura,"{'type': 'text', 'value': 'Viernes 20 de Septiembre de 2024\nTemporada 2024-2025\nTorneo Apertura\nJornada 11\n20 Septiembre 2024 - 19:00 hrs.'}","{'type': 'link', 'href': 'https://www.ligafemenil.mx/cancha/club/11192/santos-laguna', 'text': ''}","{'type': 'link', 'href': 'https://www.ligafemenil.mx/cancha/informeArbitral/140366/eyJpZERpdmlzaW9uIjoiMTQiLCJpZFRlbXBvcmFkYSI6Ijc1IiwiaWRUb3JuZW8iOiIxIiwiaWRDbHVibG9jYWwiOjExMTkyLCJpZENsdWJ2aXNpdGEiOjExNTQzfQ==/informe-arbitral-santos-laguna-vs-puebla-fc-jornada-11-estadio-tsm-corona-caliente-tv', 'text': '2 - 1'}","{'type': 'link', 'href': 'https://www.ligafemenil.mx/cancha/club/11543/puebla-fc', 'text': ''}","{'type': 'link', 'href': 'https://www.ligafemenil.mx/cancha/estadio/63/estadio-tsm-corona', 'text': 'TSM Corona'}","{'type': 'link', 'href': 'https://www.ligafemenil.mx/cancha/mxm/140366/eyJpZERpdmlzaW9uIjoiMTQiLCJpZFRlbXBvcmFkYSI6Ijc1IiwiaWRUb3JuZW8iOiIxIiwiaWRDbHVibG9jYWwiOiIxMTE5MiIsImlkQ2x1YnZpc2l0YSI6IjExNTQzIiwiaWRQYXJ0aWRvIjoiMTQwMzY2IiwicGVzdGFuYSI6IjEifQ==/minuto-a-minuto-santos-laguna-vs-puebla-fc-jornada-11-estadio-tsm-corona-caliente-tv', 'text': ''}","{'type': 'link', 'href': 'https://www.ligafemenil.mx/cancha/mxm/140366/eyJpZERpdmlzaW9uIjoiMTQiLCJpZFRlbXBvcmFkYSI6Ijc1IiwiaWRUb3JuZW8iOiIxIiwiaWRDbHVibG9jYWwiOiIxMTE5MiIsImlkQ2x1YnZpc2l0YSI6IjExNTQzIiwiaWRQYXJ0aWRvIjoiMTQwMzY2IiwicGVzdGFuYSI6IjMifQ==/minuto-a-minuto-santos-laguna-vs-puebla-fc-jornada-11-estadio-tsm-corona-caliente-tv', 'text': ''}","{'type': 'link', 'href': 'https://www.ligafemenil.mx/cancha/informeArbitral/140366/eyJpZERpdmlzaW9uIjoiMTQiLCJpZFRlbXBvcmFkYSI6Ijc1IiwiaWRUb3JuZW8iOiIxIiwiaWRDbHVibG9jYWwiOiIxMTE5MiIsImlkQ2x1YnZpc2l0YSI6IjExNTQzIn0=/informe-arbitral-santos-laguna-vs-puebla-fc-jornada-11-estadio-tsm-corona-caliente-tv', 'text': ''}","{'type': 'link', 'href': 'https://www.ligafemenil.mx/cancha/mxm/140366/eyJpZERpdmlzaW9uIjoiMTQiLCJpZFRlbXBvcmFkYSI6Ijc1IiwiaWRUb3JuZW8iOiIxIiwiaWRDbHVibG9jYWwiOiIxMTE5MiIsImlkQ2x1YnZpc2l0YSI6IjExNTQzIiwiaWRQYXJ0aWRvIjoiMTQwMzY2IiwicGVzdGFuYSI6IjQifQ==/minuto-a-minuto-santos-laguna-vs-puebla-fc-jornada-11-estadio-tsm-corona-caliente-tv', 'text': ''}","{'type': 'link', 'href': 'https://www.ligafemenil.mx/cancha/galeria/MTQwMzY2LzExLzc1LzEvMTQ=/santos-laguna-vs-puebla-fc', 'text': ''}","{'type': 'link', 'href': 'https://www.ligafemenil.mx/cancha/playlist/140366/santos-laguna-vs-puebla-fc', 'text': ''}"
2024-2025,Apertura,"{'type': 'text', 'value': 'Sábado 21 de Septiembre de 2024\nTemporada 2024-2025\nTorneo Apertura\nJornada 11\n21 Septiembre 2024 - 19:06 hrs.'}","{'type': 'link', 'href': 'https://www.ligafemenil.mx/cancha/club/11795/fc-juarez', 'text': ''}","{'type': 'link', 'href': 'https://www.ligafemenil.mx/cancha/informeArbitral/140367/eyJpZERpdmlzaW9uIjoiMTQiLCJpZFRlbXBvcmFkYSI6Ijc1IiwiaWRUb3JuZW8iOiIxIiwiaWRDbHVibG9jYWwiOjExNzk1LCJpZENsdWJ2aXNpdGEiOjExMTgxfQ==/informe-arbitral-fc-juarez-vs-cruz-azul-jornada-11-estadio-olimpico-benito-juarez-fox-sports', 'text': '1 - 0'}","{'type': 'link', 'href': 'https://www.ligafemenil.mx/cancha/club/11181/cruz-azul', 'text': ''}","{'type': 'link', 'href': 'https://www.ligafemenil.mx/cancha/estadio/17/estadio-olimpico-benito-juarez', 'text': 'Olímpico Benito Juárez'}","{'type': 'link', 'href': 'https://www.ligafemenil.mx/cancha/mxm/140367/eyJpZERpdmlzaW9uIjoiMTQiLCJpZFRlbXBvcmFkYSI6Ijc1IiwiaWRUb3JuZW8iOiIxIiwiaWRDbHVibG9jYWwiOiIxMTc5NSIsImlkQ2x1YnZpc2l0YSI6IjExMTgxIiwiaWRQYXJ0aWRvIjoiMTQwMzY3IiwicGVzdGFuYSI6IjEifQ==/minuto-a-minuto-fc-juarez-vs-cruz-azul-jornada-11-estadio-olimpico-benito-juarez-fox-sports', 'text': ''}","{'type': 'link', 'href': 'https://www.ligafemenil.mx/cancha/mxm/140367/eyJpZERpdmlzaW9uIjoiMTQiLCJpZFRlbXBvcmFkYSI6Ijc1IiwiaWRUb3JuZW8iOiIxIiwiaWRDbHVibG9jYWwiOiIxMTc5NSIsImlkQ2x1YnZpc2l0YSI6IjExMTgxIiwiaWRQYXJ0aWRvIjoiMTQwMzY3IiwicGVzdGFuYSI6IjMifQ==/minuto-a-minuto-fc-juarez-vs-cruz-azul-jornada-11-estadio-olimpico-benito-juarez-fox-sports', 'text': ''}","{'type': 'link', 'href': 'https://www.ligafemenil.mx/cancha/informeArbitral/140367/eyJpZERpdmlzaW9uIjoiMTQiLCJpZFRlbXBvcmFkYSI6Ijc1IiwiaWRUb3JuZW8iOiIxIiwiaWRDbHVibG9jYWwiOiIxMTc5NSIsImlkQ2x1YnZpc2l0YSI6IjExMTgxIn0=/informe-arbitral-fc-juarez-vs-cruz-azul-jornada-11-estadio-olimpico-benito-juarez-fox-sports', 'text': ''}","{'type': 'link', 'href': 'https://www.ligafemenil.mx/cancha/mxm/140367/eyJpZERpdmlzaW9uIjoiMTQiLCJpZFRlbXBvcmFkYSI6Ijc1IiwiaWRUb3JuZW8iOiIxIiwiaWRDbHVibG9jYWwiOiIxMTc5NSIsImlkQ2x1YnZpc2l0YSI6IjExMTgxIiwiaWRQYXJ0aWRvIjoiMTQwMzY3IiwicGVzdGFuYSI6IjQifQ==/minuto-a-minuto-fc-juarez-vs-cruz-azul-jornada-11-estadio-olimpico-benito-juarez-fox-sports', 'text': ''}","{'type': 'link', 'href': 'https://www.ligafemenil.mx/cancha/galeria/MTQwMzY3LzExLzc1LzEvMTQ=/fc-juarez-vs-cruz-azul', 'text': ''}","{'type': 'link', 'href': 'https://www.ligafemenil.mx/cancha/playlist/140367/fc-juarez-vs-cruz-azul', 'text': ''}"
2024-2025,Apertura,"{'type': 'text', 'value': 'Domingo 22 de Septiembre de 2024\nTemporada 2024-2025\nTorneo Apertura\nJornada 11\n22 Septiembre 2024 - 17:00 hrs.'}","{'type': 'link', 'href': 'https://www.ligafemenil.mx/cancha/club/11778/club-atletico-de-san-luis', 'text': ''}","{'type': 'link', 'href': 'https://www.ligafemenil.mx/cancha/informeArbitral/140371/eyJpZERpdmlzaW9uIjoiMTQiLCJpZFRlbXBvcmFkYSI6Ijc1IiwiaWRUb3JuZW8iOiIxIiwiaWRDbHVibG9jYWwiOjExNzc4LCJpZENsdWJ2aXNpdGEiOjExMTg5fQ==/informe-arbitral-club-atletico-de-san-luis-vs-necaxa-jornada-11-estadio-alfonso-lastras-ramirez-espn', 'text': '2 - 1'}","{'type': 'link', 'href': 'https://www.ligafemenil.mx/cancha/club/11189/necaxa', 'text': ''}","{'type': 'link', 'href': 'https://www.ligafemenil.mx/cancha/estadio/14/estadio-alfonso-lastras-ramirez', 'text': 'Alfonso Lastras Ramírez'}","{'type': 'link', 'href': 'https://www.ligafemenil.mx/cancha/mxm/140371/eyJpZERpdmlzaW9uIjoiMTQiLCJpZFRlbXBvcmFkYSI6Ijc1IiwiaWRUb3JuZW8iOiIxIiwiaWRDbHVibG9jYWwiOiIxMTc3OCIsImlkQ2x1YnZpc2l0YSI6IjExMTg5IiwiaWRQYXJ0aWRvIjoiMTQwMzcxIiwicGVzdGFuYSI6IjEifQ==/minuto-a-minuto-club-atletico-de-san-luis-vs-necaxa-jornada-11-estadio-alfonso-lastras-ramirez-espn', 'text': ''}","{'type': 'link', 'href': 'https://www.ligafemenil.mx/cancha/mxm/140371/eyJpZERpdmlzaW9uIjoiMTQiLCJpZFRlbXBvcmFkYSI6Ijc1IiwiaWRUb3JuZW8iOiIxIiwiaWRDbHVibG9jYWwiOiIxMTc3OCIsImlkQ2x1YnZpc2l0YSI6IjExMTg5IiwiaWRQYXJ0aWRvIjoiMTQwMzcxIiwicGVzdGFuYSI6IjMifQ==/minuto-a-minuto-club-atletico-de-san-luis-vs-necaxa-jornada-11-estadio-alfonso-lastras-ramirez-espn', 'text': ''}","{'type': 'link', 'href': 'https://www.ligafemenil.mx/cancha/informeArbitral/140371/eyJpZERpdmlzaW9uIjoiMTQiLCJpZFRlbXBvcmFkYSI6Ijc1IiwiaWRUb3JuZW8iOiIxIiwiaWRDbHVibG9jYWwiOiIxMTc3OCIsImlkQ2x1YnZpc2l0YSI6IjExMTg5In0=/informe-arbitral-club-atletico-de-san-luis-vs-necaxa-jornada-11-estadio-alfonso-lastras-ramirez-espn', 'text': ''}","{'type': 'link', 'href': 'https://www.ligafemenil.mx/cancha/mxm/140371/eyJpZERpdmlzaW9uIjoiMTQiLCJpZFRlbXBvcmFkYSI6Ijc1IiwiaWRUb3JuZW8iOiIxIiwiaWRDbHVibG9jYWwiOiIxMTc3OCIsImlkQ2x1YnZpc2l0YSI6IjExMTg5IiwiaWRQYXJ0aWRvIjoiMTQwMzcxIiwicGVzdGFuYSI6IjQifQ==/minuto-a-minuto-club-atletico-de-san-luis-vs-necaxa-jornada-11-estadio-alfonso-lastras-ramirez-espn', 'text': ''}","{'type': 'link', 'href': 'https://www.ligafemenil.mx/cancha/galeria/MTQwMzcxLzExLzc1LzEvMTQ=/club-atletico-de-san-luis-vs-necaxa', 'text': ''}","{'type': 'link', 'href': 'https://www.ligafemenil.mx/cancha/playlist/140371/club-atletico-de-san-luis-vs-necaxa', 'text': ''}"
2024-2025,Apertura,"{'type': 'text', 'value': 'Domingo 22 de Septiembre de 2024\nTemporada 2024-2025\nTorneo Apertura\nJornada 11\n22 Septiembre 2024 - 17:05 hrs.'}","{'type': 'link', 'href': 'https://www.ligafemenil.mx/cancha/club/11182/guadalajara', 'text': ''}","{'type': 'link', 'href': 'https://www.ligafemenil.mx/cancha/informeArbitral/140370/eyJpZERpdmlzaW9uIjoiMTQiLCJpZFRlbXBvcmFkYSI6Ijc1IiwiaWRUb3JuZW8iOiIxIiwiaWRDbHVibG9jYWwiOjExMTgyLCJpZENsdWJ2aXNpdGEiOjExMTg0fQ==/informe-arbitral-guadalajara-vs-pachuca-jornada-11-estadio-jalisco-fox-sports', 'text': '3 - 3'}","{'type': 'link', 'href': 'https://www.ligafemenil.mx/cancha/club/11184/pachuca', 'text': ''}","{'type': 'link', 'href': 'https://www.ligafemenil.mx/cancha/estadio/5/estadio-jalisco', 'text': 'Jalisco'}","{'type': 'link', 'href': 'https://www.ligafemenil.mx/cancha/mxm/140370/eyJpZERpdmlzaW9uIjoiMTQiLCJpZFRlbXBvcmFkYSI6Ijc1IiwiaWRUb3JuZW8iOiIxIiwiaWRDbHVibG9jYWwiOiIxMTE4MiIsImlkQ2x1YnZpc2l0YSI6IjExMTg0IiwiaWRQYXJ0aWRvIjoiMTQwMzcwIiwicGVzdGFuYSI6IjEifQ==/minuto-a-minuto-guadalajara-vs-pachuca-jornada-11-estadio-jalisco-fox-sports', 'text': ''}","{'type': 'link', 'href': 'https://www.ligafemenil.mx/cancha/mxm/140370/eyJpZERpdmlzaW9uIjoiMTQiLCJpZFRlbXBvcmFkYSI6Ijc1IiwiaWRUb3JuZW8iOiIxIiwiaWRDbHVibG9jYWwiOiIxMTE4MiIsImlkQ2x1YnZpc2l0YSI6IjExMTg0IiwiaWRQYXJ0aWRvIjoiMTQwMzcwIiwicGVzdGFuYSI6IjMifQ==/minuto-a-minuto-guadalajara-vs-pachuca-jornada-11-estadio-jalisco-fox-sports', 'text': ''}","{'type': 'link', 'href': 'https://www.ligafemenil.mx/cancha/informeArbitral/140370/eyJpZERpdmlzaW9uIjoiMTQiLCJpZFRlbXBvcmFkYSI6Ijc1IiwiaWRUb3JuZW8iOiIxIiwiaWRDbHVibG9jYWwiOiIxMTE4MiIsImlkQ2x1YnZpc2l0YSI6IjExMTg0In0=/informe-arbitral-guadalajara-vs-pachuca-jornada-11-estadio-jalisco-fox-sports', 'text': ''}","{'type': 'link', 'href': 'https://www.ligafemenil.mx/cancha/mxm/140370/eyJpZERpdmlzaW9uIjoiMTQiLCJpZFRlbXBvcmFkYSI6Ijc1IiwiaWRUb3JuZW8iOiIxIiwiaWRDbHVibG9jYWwiOiIxMTE4MiIsImlkQ2x1YnZpc2l0YSI6IjExMTg0IiwiaWRQYXJ0aWRvIjoiMTQwMzcwIiwicGVzdGFuYSI6IjQifQ==/minuto-a-minuto-guadalajara-vs-pachuca-jornada-11-estadio-jalisco-fox-sports', 'text': ''}","{'type': 'link', 'href': 'https://www.ligafemenil.mx/cancha/galeria/MTQwMzcwLzExLzc1LzEvMTQ=/guadalajara-vs-pachuca', 'text': ''}","{'type': 'link', 'href': 'https://www.ligafemenil.mx/cancha/playlist/140370/guadalajara-vs-pachuca', 'text': ''}"
2024-2025,Apertura,"{'type': 'text', 'value': 'Domingo 22 de Septiembre de 2024\nTemporada 2024-2025\nTorneo Apertura\nJornada 11\n22 Septiembre 2024 - 20:10 hrs.'}","{'type': 'link', 'href': 'https://www.ligafemenil.mx/cancha/club/11180/tijuana', 'text': ''}","{'type': 'link', 'href': 'https://www.ligafemenil.mx/cancha/informeArbitral/140372/eyJpZERpdmlzaW9uIjoiMTQiLCJpZFRlbXBvcmFkYSI6Ijc1IiwiaWRUb3JuZW8iOiIxIiwiaWRDbHVibG9jYWwiOjExMTgwLCJpZENsdWJ2aXNpdGEiOjExMTg2fQ==/informe-arbitral-tijuana-vs-tigres-de-la-uanl-jornada-11-estadio-caliente-caliente-tv', 'text': '0 - 1'}","{'type': 'link', 'href': 'https://www.ligafemenil.mx/cancha/club/11186/tigres-de-la-uanl', 'text': ''}","{'type': 'link', 'href': 'https://www.ligafemenil.mx/cancha/estadio/48/estadio-caliente', 'text': 'Caliente'}","{'type': 'link', 'href': 'https://www.ligafemenil.mx/cancha/mxm/140372/eyJpZERpdmlzaW9uIjoiMTQiLCJpZFRlbXBvcmFkYSI6Ijc1IiwiaWRUb3JuZW8iOiIxIiwiaWRDbHVibG9jYWwiOiIxMTE4MCIsImlkQ2x1YnZpc2l0YSI6IjExMTg2IiwiaWRQYXJ0aWRvIjoiMTQwMzcyIiwicGVzdGFuYSI6IjEifQ==/minuto-a-minuto-tijuana-vs-tigres-de-la-uanl-jornada-11-estadio-caliente-caliente-tv', 'text': ''}","{'type': 'link', 'href': 'https://www.ligafemenil.mx/cancha/mxm/140372/eyJpZERpdmlzaW9uIjoiMTQiLCJpZFRlbXBvcmFkYSI6Ijc1IiwiaWRUb3JuZW8iOiIxIiwiaWRDbHVibG9jYWwiOiIxMTE4MCIsImlkQ2x1YnZpc2l0YSI6IjExMTg2IiwiaWRQYXJ0aWRvIjoiMTQwMzcyIiwicGVzdGFuYSI6IjMifQ==/minuto-a-minuto-tijuana-vs-tigres-de-la-uanl-jornada-11-estadio-caliente-caliente-tv', 'text': ''}","{'type': 'link', 'href': 'https://www.ligafemenil.mx/cancha/informeArbitral/140372/eyJpZERpdmlzaW9uIjoiMTQiLCJpZFRlbXBvcmFkYSI6Ijc1IiwiaWRUb3JuZW8iOiIxIiwiaWRDbHVibG9jYWwiOiIxMTE4MCIsImlkQ2x1YnZpc2l0YSI6IjExMTg2In0=/informe-arbitral-tijuana-vs-tigres-de-la-uanl-jornada-11-estadio-caliente-caliente-tv', 'text': ''}","{'type': 'link', 'href': 'https://www.ligafemenil.mx/cancha/mxm/140372/eyJpZERpdmlzaW9uIjoiMTQiLCJpZFRlbXBvcmFkYSI6Ijc1IiwiaWRUb3JuZW8iOiIxIiwiaWRDbHVibG9jYWwiOiIxMTE4MCIsImlkQ2x1YnZpc2l0YSI6IjExMTg2IiwiaWRQYXJ0aWRvIjoiMTQwMzcyIiwicGVzdGFuYSI6IjQifQ==/minuto-a-minuto-tijuana-vs-tigres-de-la-uanl-jornada-11-estadio-caliente-caliente-tv', 'text': ''}","{'type': 'link', 'href': 'https://www.ligafemenil.mx/cancha/galeria/MTQwMzcyLzExLzc1LzEvMTQ=/tijuana-vs-tigres-de-la-uanl', 'text': ''}","{'type': 'link', 'href': 'https://www.ligafemenil.mx/cancha/playlist/140372/tijuana-vs-tigres-de-la-uanl', 'text': ''}"
2024-2025,Apertura,"{'type': 'text', 'value': 'Domingo 22 de Septiembre de 2024\nTemporada 2024-2025\nTorneo Apertura\nJornada 11\n22 Septiembre 2024 - 20:15 hrs.'}","{'type': 'link', 'href': 'https://www.ligafemenil.mx/cancha/club/12051/mazatlan-fc', 'text': ''}","{'type': 'link', 'href': 'https://www.ligafemenil.mx/cancha/informeArbitral/140368/eyJpZERpdmlzaW9uIjoiMTQiLCJpZFRlbXBvcmFkYSI6Ijc1IiwiaWRUb3JuZW8iOiIxIiwiaWRDbHVibG9jYWwiOjEyMDUxLCJpZENsdWJ2aXNpdGEiOjExMjQ1fQ==/informe-arbitral-mazatlan-fc-vs-atlas-jornada-11-estadio-el-encanto-fox-sports', 'text': '0 - 2'}","{'type': 'link', 'href': 'https://www.ligafemenil.mx/cancha/club/11245/atlas', 'text': ''}","{'type': 'link', 'href': 'https://www.ligafemenil.mx/cancha/estadio/1931/estadio-el-encanto', 'text': 'El Encanto'}","{'type': 'link', 'href': 'https://www.ligafemenil.mx/cancha/mxm/140368/eyJpZERpdmlzaW9uIjoiMTQiLCJpZFRlbXBvcmFkYSI6Ijc1IiwiaWRUb3JuZW8iOiIxIiwiaWRDbHVibG9jYWwiOiIxMjA1MSIsImlkQ2x1YnZpc2l0YSI6IjExMjQ1IiwiaWRQYXJ0aWRvIjoiMTQwMzY4IiwicGVzdGFuYSI6IjEifQ==/minuto-a-minuto-mazatlan-fc-vs-atlas-jornada-11-estadio-el-encanto-fox-sports', 'text': ''}","{'type': 'link', 'href': 'https://www.ligafemenil.mx/cancha/mxm/140368/eyJpZERpdmlzaW9uIjoiMTQiLCJpZFRlbXBvcmFkYSI6Ijc1IiwiaWRUb3JuZW8iOiIxIiwiaWRDbHVibG9jYWwiOiIxMjA1MSIsImlkQ2x1YnZpc2l0YSI6IjExMjQ1IiwiaWRQYXJ0aWRvIjoiMTQwMzY4IiwicGVzdGFuYSI6IjMifQ==/minuto-a-minuto-mazatlan-fc-vs-atlas-jornada-11-estadio-el-encanto-fox-sports', 'text': ''}","{'type': 'link', 'href': 'https://www.ligafemenil.mx/cancha/informeArbitral/140368/eyJpZERpdmlzaW9uIjoiMTQiLCJpZFRlbXBvcmFkYSI6Ijc1IiwiaWRUb3JuZW8iOiIxIiwiaWRDbHVibG9jYWwiOiIxMjA1MSIsImlkQ2x1YnZpc2l0YSI6IjExMjQ1In0=/informe-arbitral-mazatlan-fc-vs-atlas-jornada-11-estadio-el-encanto-fox-sports', 'text': ''}","{'type': 'link', 'href': 'https://www.ligafemenil.mx/cancha/mxm/140368/eyJpZERpdmlzaW9uIjoiMTQiLCJpZFRlbXBvcmFkYSI6Ijc1IiwiaWRUb3JuZW8iOiIxIiwiaWRDbHVibG9jYWwiOiIxMjA1MSIsImlkQ2x1YnZpc2l0YSI6IjExMjQ1IiwiaWRQYXJ0aWRvIjoiMTQwMzY4IiwicGVzdGFuYSI6IjQifQ==/minuto-a-minuto-mazatlan-fc-vs-atlas-jornada-11-estadio-el-encanto-fox-sports', 'text': ''}","{'type': 'link', 'href': 'https://www.ligafemenil.mx/cancha/galeria/MTQwMzY4LzExLzc1LzEvMTQ=/mazatlan-fc-vs-atlas', 'text': ''}","{'type': 'link', 'href': 'https://www.ligafemenil.mx/cancha/playlist/140368/mazatlan-fc-vs-atlas', 'text': ''}"
2024-2025,Apertura,"{'type': 'text', 'value': 'Lunes 23 de Septiembre de 2024\nTemporada 2024-2025\nTorneo Apertura\nJornada 11\n23 Septiembre 2024 - 17:00 hrs.'}","{'type': 'link', 'href': 'https://www.ligafemenil.mx/cancha/club/11187/toluca', 'text': ''}","{'type': 'link', 'href': 'https://www.ligafemenil.mx/cancha/informeArbitral/140373/eyJpZERpdmlzaW9uIjoiMTQiLCJpZFRlbXBvcmFkYSI6Ijc1IiwiaWRUb3JuZW8iOiIxIiwiaWRDbHVibG9jYWwiOjExMTg3LCJpZENsdWJ2aXNpdGEiOjExMjQzfQ==/informe-arbitral-toluca-vs-leon-jornada-11-estadio-nemesio-diez-vix', 'text': '2 - 0'}","{'type': 'link', 'href': 'https://www.ligafemenil.mx/cancha/club/11243/leon', 'text': ''}","{'type': 'link', 'href': 'https://www.ligafemenil.mx/cancha/estadio/6/estadio-nemesio-diez', 'text': 'Nemesio Diez'}","{'type': 'link', 'href': 'https://www.ligafemenil.mx/cancha/mxm/140373/eyJpZERpdmlzaW9uIjoiMTQiLCJpZFRlbXBvcmFkYSI6Ijc1IiwiaWRUb3JuZW8iOiIxIiwiaWRDbHVibG9jYWwiOiIxMTE4NyIsImlkQ2x1YnZpc2l0YSI6IjExMjQzIiwiaWRQYXJ0aWRvIjoiMTQwMzczIiwicGVzdGFuYSI6IjEifQ==/minuto-a-minuto-toluca-vs-leon-jornada-11-estadio-nemesio-diez-vix', 'text': ''}","{'type': 'link', 'href': 'https://www.ligafemenil.mx/cancha/mxm/140373/eyJpZERpdmlzaW9uIjoiMTQiLCJpZFRlbXBvcmFkYSI6Ijc1IiwiaWRUb3JuZW8iOiIxIiwiaWRDbHVibG9jYWwiOiIxMTE4NyIsImlkQ2x1YnZpc2l0YSI6IjExMjQzIiwiaWRQYXJ0aWRvIjoiMTQwMzczIiwicGVzdGFuYSI6IjMifQ==/minuto-a-minuto-toluca-vs-leon-jornada-11-estadio-nemesio-diez-vix', 'text': ''}","{'type': 'link', 'href': 'https://www.ligafemenil.mx/cancha/informeArbitral/140373/eyJpZERpdmlzaW9uIjoiMTQiLCJpZFRlbXBvcmFkYSI6Ijc1IiwiaWRUb3JuZW8iOiIxIiwiaWRDbHVibG9jYWwiOiIxMTE4NyIsImlkQ2x1YnZpc2l0YSI6IjExMjQzIn0=/informe-arbitral-toluca-vs-leon-jornada-11-estadio-nemesio-diez-vix', 'text': ''}","{'type': 'link', 'href': 'https://www.ligafemenil.mx/cancha/mxm/140373/eyJpZERpdmlzaW9uIjoiMTQiLCJpZFRlbXBvcmFkYSI6Ijc1IiwiaWRUb3JuZW8iOiIxIiwiaWRDbHVibG9jYWwiOiIxMTE4NyIsImlkQ2x1YnZpc2l0YSI6IjExMjQzIiwiaWRQYXJ0aWRvIjoiMTQwMzczIiwicGVzdGFuYSI6IjQifQ==/minuto-a-minuto-toluca-vs-leon-jornada-11-estadio-nemesio-diez-vix', 'text': ''}","{'type': 'link', 'href': 'https://www.ligafemenil.mx/cancha/galeria/MTQwMzczLzExLzc1LzEvMTQ=/toluca-vs-leon', 'text': ''}","{'type': 'link', 'href': 'https://www.ligafemenil.mx/cancha/playlist/140373/toluca-vs-leon', 'text': ''}"
2024-2025,Apertura,"{'type': 'text', 'value': 'Lunes 23 de Septiembre de 2024\nTemporada 2024-2025\nTorneo Apertura\nJornada 11\n23 Septiembre 2024 - 19:00 hrs.'}","{'type': 'link', 'href': 'https://www.ligafemenil.mx/cancha/club/11185/rayados-de-monterrey', 'text': ''}","{'type': 'link', 'href': 'https://www.ligafemenil.mx/cancha/informeArbitral/140375/eyJpZERpdmlzaW9uIjoiMTQiLCJpZFRlbXBvcmFkYSI6Ijc1IiwiaWRUb3JuZW8iOiIxIiwiaWRDbHVibG9jYWwiOjExMTg1LCJpZENsdWJ2aXNpdGEiOjExMTkxfQ==/informe-arbitral-rayados-de-monterrey-vs-america-jornada-11-estadio-bbva-el-nu9ve', 'text': '2 - 4'}","{'type': 'link', 'href': 'https://www.ligafemenil.mx/cancha/club/11191/america', 'text': ''}","{'type': 'link', 'href': 'https://www.ligafemenil.mx/cancha/estadio/1608/estadio-bbva', 'text': 'Estadio BBVA'}","{'type': 'link', 'href': 'https://www.ligafemenil.mx/cancha/mxm/140375/eyJpZERpdmlzaW9uIjoiMTQiLCJpZFRlbXBvcmFkYSI6Ijc1IiwiaWRUb3JuZW8iOiIxIiwiaWRDbHVibG9jYWwiOiIxMTE4NSIsImlkQ2x1YnZpc2l0YSI6IjExMTkxIiwiaWRQYXJ0aWRvIjoiMTQwMzc1IiwicGVzdGFuYSI6IjEifQ==/minuto-a-minuto-rayados-de-monterrey-vs-america-jornada-11-estadio-bbva-el-nu9ve', 'text': ''}","{'type': 'link', 'href': 'https://www.ligafemenil.mx/cancha/mxm/140375/eyJpZERpdmlzaW9uIjoiMTQiLCJpZFRlbXBvcmFkYSI6Ijc1IiwiaWRUb3JuZW8iOiIxIiwiaWRDbHVibG9jYWwiOiIxMTE4NSIsImlkQ2x1YnZpc2l0YSI6IjExMTkxIiwiaWRQYXJ0aWRvIjoiMTQwMzc1IiwicGVzdGFuYSI6IjMifQ==/minuto-a-minuto-rayados-de-monterrey-vs-america-jornada-11-estadio-bbva-el-nu9ve', 'text': ''}","{'type': 'link', 'href': 'https://www.ligafemenil.mx/cancha/informeArbitral/140375/eyJpZERpdmlzaW9uIjoiMTQiLCJpZFRlbXBvcmFkYSI6Ijc1IiwiaWRUb3JuZW8iOiIxIiwiaWRDbHVibG9jYWwiOiIxMTE4NSIsImlkQ2x1YnZpc2l0YSI6IjExMTkxIn0=/informe-arbitral-rayados-de-monterrey-vs-america-jornada-11-estadio-bbva-el-nu9ve', 'text': ''}","{'type': 'link', 'href': 'https://www.ligafemenil.mx/cancha/mxm/140375/eyJpZERpdmlzaW9uIjoiMTQiLCJpZFRlbXBvcmFkYSI6Ijc1IiwiaWRUb3JuZW8iOiIxIiwiaWRDbHVibG9jYWwiOiIxMTE4NSIsImlkQ2x1YnZpc2l0YSI6IjExMTkxIiwiaWRQYXJ0aWRvIjoiMTQwMzc1IiwicGVzdGFuYSI6IjQifQ==/minuto-a-minuto-rayados-de-monterrey-vs-america-jornada-11-estadio-bbva-el-nu9ve', 'text': ''}","{'type': 'link', 'href': 'https://www.ligafemenil.mx/cancha/galeria/MTQwMzc1LzExLzc1LzEvMTQ=/rayados-de-monterrey-vs-america', 'text': ''}","{'type': 'link', 'href': 'https://www.ligafemenil.mx/cancha/playlist/140375/rayados-de-monterrey-vs-america', 'text': ''}"
2024-2025,Apertura,"{'type': 'text', 'value': 'Jueves 26 de Septiembre de 2024\nTemporada 2024-2025\nTorneo Apertura\nJornada 12\n26 Septiembre 2024 - 15:45 hrs.'}","{'type': 'link', 'href': 'https://www.ligafemenil.mx/cancha/club/11191/america', 'text': ''}","{'type': 'link', 'href': 'https://www.ligafemenil.mx/cancha/informeArbitral/140378/eyJpZERpdmlzaW9uIjoiMTQiLCJpZFRlbXBvcmFkYSI6Ijc1IiwiaWRUb3JuZW8iOiIxIiwiaWRDbHVibG9jYWwiOjExMTkxLCJpZENsdWJ2aXNpdGEiOjExMTkyfQ==/informe-arbitral-america-vs-santos-laguna-jornada-12-estadio-cancha-centenario-no-5-natural-instalaciones-club-america-vix', 'text': '2 - 0'}","{'type': 'link', 'href': 'https://www.ligafemenil.mx/cancha/club/11192/santos-laguna', 'text': ''}","{'type': 'link', 'href': 'https://www.ligafemenil.mx/cancha/estadio/1421/estadio-cancha-centenario-no-5-natural-instalaciones-club-america', 'text': 'Cancha Centenario No. 5 (Natural) Instalaciones Club América'}","{'type': 'link', 'href': 'https://www.ligafemenil.mx/cancha/mxm/140378/eyJpZERpdmlzaW9uIjoiMTQiLCJpZFRlbXBvcmFkYSI6Ijc1IiwiaWRUb3JuZW8iOiIxIiwiaWRDbHVibG9jYWwiOiIxMTE5MSIsImlkQ2x1YnZpc2l0YSI6IjExMTkyIiwiaWRQYXJ0aWRvIjoiMTQwMzc4IiwicGVzdGFuYSI6IjEifQ==/minuto-a-minuto-america-vs-santos-laguna-jornada-12-estadio-cancha-centenario-no-5-natural-instalaciones-club-america-vix', 'text': ''}","{'type': 'link', 'href': 'https://www.ligafemenil.mx/cancha/mxm/140378/eyJpZERpdmlzaW9uIjoiMTQiLCJpZFRlbXBvcmFkYSI6Ijc1IiwiaWRUb3JuZW8iOiIxIiwiaWRDbHVibG9jYWwiOiIxMTE5MSIsImlkQ2x1YnZpc2l0YSI6IjExMTkyIiwiaWRQYXJ0aWRvIjoiMTQwMzc4IiwicGVzdGFuYSI6IjMifQ==/minuto-a-minuto-america-vs-santos-laguna-jornada-12-estadio-cancha-centenario-no-5-natural-instalaciones-club-america-vix', 'text': ''}","{'type': 'link', 'href': 'https://www.ligafemenil.mx/cancha/informeArbitral/140378/eyJpZERpdmlzaW9uIjoiMTQiLCJpZFRlbXBvcmFkYSI6Ijc1IiwiaWRUb3JuZW8iOiIxIiwiaWRDbHVibG9jYWwiOiIxMTE5MSIsImlkQ2x1YnZpc2l0YSI6IjExMTkyIn0=/informe-arbitral-america-vs-santos-laguna-jornada-12-estadio-cancha-centenario-no-5-natural-instalaciones-club-america-vix', 'text': ''}","{'type': 'link', 'href': 'https://www.ligafemenil.mx/cancha/mxm/140378/eyJpZERpdmlzaW9uIjoiMTQiLCJpZFRlbXBvcmFkYSI6Ijc1IiwiaWRUb3JuZW8iOiIxIiwiaWRDbHVibG9jYWwiOiIxMTE5MSIsImlkQ2x1YnZpc2l0YSI6IjExMTkyIiwiaWRQYXJ0aWRvIjoiMTQwMzc4IiwicGVzdGFuYSI6IjQifQ==/minuto-a-minuto-america-vs-santos-laguna-jornada-12-estadio-cancha-centenario-no-5-natural-instalaciones-club-america-vix', 'text': ''}","{'type': 'link', 'href': 'https://www.ligafemenil.mx/cancha/galeria/MTQwMzc4LzEyLzc1LzEvMTQ=/america-vs-santos-laguna', 'text': ''}","{'type': 'link', 'href': 'https://www.ligafemenil.mx/cancha/playlist/140378/america-vs-santos-laguna', 'text': ''}"
2024-2025,Apertura,"{'type': 'text', 'value': 'Jueves 26 de Septiembre de 2024\nTemporada 2024-2025\nTorneo Apertura\nJornada 12\n26 Septiembre 2024 - 17:00 hrs.'}","{'type': 'link', 'href': 'https://www.ligafemenil.mx/cancha/club/12042/gallos-blancos-de-queretaro', 'text': ''}","{'type': 'link', 'href': 'https://www.ligafemenil.mx/cancha/informeArbitral/140376/eyJpZERpdmlzaW9uIjoiMTQiLCJpZFRlbXBvcmFkYSI6Ijc1IiwiaWRUb3JuZW8iOiIxIiwiaWRDbHVibG9jYWwiOjEyMDQyLCJpZENsdWJ2aXNpdGEiOjExNzk1fQ==/informe-arbitral-gallos-blancos-de-queretaro-vs-fc-juarez-jornada-12-estadio-olimpico-alameda-caliente-tv', 'text': '0 - 2'}","{'type': 'link', 'href': 'https://www.ligafemenil.mx/cancha/club/11795/fc-juarez', 'text': ''}","{'type': 'link', 'href': 'https://www.ligafemenil.mx/cancha/estadio/1741/estadio-olimpico-alameda', 'text': 'Estadio Olímpico Alameda'}","{'type': 'link', 'href': 'https://www.ligafemenil.mx/cancha/mxm/140376/eyJpZERpdmlzaW9uIjoiMTQiLCJpZFRlbXBvcmFkYSI6Ijc1IiwiaWRUb3JuZW8iOiIxIiwiaWRDbHVibG9jYWwiOiIxMjA0MiIsImlkQ2x1YnZpc2l0YSI6IjExNzk1IiwiaWRQYXJ0aWRvIjoiMTQwMzc2IiwicGVzdGFuYSI6IjEifQ==/minuto-a-minuto-gallos-blancos-de-queretaro-vs-fc-juarez-jornada-12-estadio-olimpico-alameda-caliente-tv', 'text': ''}","{'type': 'link', 'href': 'https://www.ligafemenil.mx/cancha/mxm/140376/eyJpZERpdmlzaW9uIjoiMTQiLCJpZFRlbXBvcmFkYSI6Ijc1IiwiaWRUb3JuZW8iOiIxIiwiaWRDbHVibG9jYWwiOiIxMjA0MiIsImlkQ2x1YnZpc2l0YSI6IjExNzk1IiwiaWRQYXJ0aWRvIjoiMTQwMzc2IiwicGVzdGFuYSI6IjMifQ==/minuto-a-minuto-gallos-blancos-de-queretaro-vs-fc-juarez-jornada-12-estadio-olimpico-alameda-caliente-tv', 'text': ''}","{'type': 'link', 'href': 'https://www.ligafemenil.mx/cancha/informeArbitral/140376/eyJpZERpdmlzaW9uIjoiMTQiLCJpZFRlbXBvcmFkYSI6Ijc1IiwiaWRUb3JuZW8iOiIxIiwiaWRDbHVibG9jYWwiOiIxMjA0MiIsImlkQ2x1YnZpc2l0YSI6IjExNzk1In0=/informe-arbitral-gallos-blancos-de-queretaro-vs-fc-juarez-jornada-12-estadio-olimpico-alameda-caliente-tv', 'text': ''}","{'type': 'link', 'href': 'https://www.ligafemenil.mx/cancha/mxm/140376/eyJpZERpdmlzaW9uIjoiMTQiLCJpZFRlbXBvcmFkYSI6Ijc1IiwiaWRUb3JuZW8iOiIxIiwiaWRDbHVibG9jYWwiOiIxMjA0MiIsImlkQ2x1YnZpc2l0YSI6IjExNzk1IiwiaWRQYXJ0aWRvIjoiMTQwMzc2IiwicGVzdGFuYSI6IjQifQ==/minuto-a-minuto-gallos-blancos-de-queretaro-vs-fc-juarez-jornada-12-estadio-olimpico-alameda-caliente-tv', 'text': ''}","{'type': 'link', 'href': 'https://www.ligafemenil.mx/cancha/galeria/MTQwMzc2LzEyLzc1LzEvMTQ=/gallos-blancos-de-queretaro-vs-fc-juarez', 'text': ''}","{'type': 'link', 'href': 'https://www.ligafemenil.mx/cancha/playlist/140376/gallos-blancos-de-queretaro-vs-fc-juarez', 'text': ''}"
2024-2025,Apertura,"{'type': 'text', 'value': 'Jueves 26 de Septiembre de 2024\nTemporada 2024-2025\nTorneo Apertura\nJornada 12\n26 Septiembre 2024 - 19:00 hrs.'}","{'type': 'link', 'href': 'https://www.ligafemenil.mx/cancha/club/11188/pumas', 'text': ''}","{'type': 'link', 'href': 'https://www.ligafemenil.mx/cancha/informeArbitral/140380/eyJpZERpdmlzaW9uIjoiMTQiLCJpZFRlbXBvcmFkYSI6Ijc1IiwiaWRUb3JuZW8iOiIxIiwiaWRDbHVibG9jYWwiOjExMTg4LCJpZENsdWJ2aXNpdGEiOjExMTgyfQ==/informe-arbitral-pumas-vs-guadalajara-jornada-12-estadio-olimpico-universitario-vix', 'text': '3 - 1'}","{'type': 'link', 'href': 'https://www.ligafemenil.mx/cancha/club/11182/guadalajara', 'text': ''}","{'type': 'link', 'href': 'https://www.ligafemenil.mx/cancha/estadio/7/estadio-olimpico-universitario', 'text': 'Olímpico Universitario'}","{'type': 'link', 'href': 'https://www.ligafemenil.mx/cancha/mxm/140380/eyJpZERpdmlzaW9uIjoiMTQiLCJpZFRlbXBvcmFkYSI6Ijc1IiwiaWRUb3JuZW8iOiIxIiwiaWRDbHVibG9jYWwiOiIxMTE4OCIsImlkQ2x1YnZpc2l0YSI6IjExMTgyIiwiaWRQYXJ0aWRvIjoiMTQwMzgwIiwicGVzdGFuYSI6IjEifQ==/minuto-a-minuto-pumas-vs-guadalajara-jornada-12-estadio-olimpico-universitario-vix', 'text': ''}","{'type': 'link', 'href': 'https://www.ligafemenil.mx/cancha/mxm/140380/eyJpZERpdmlzaW9uIjoiMTQiLCJpZFRlbXBvcmFkYSI6Ijc1IiwiaWRUb3JuZW8iOiIxIiwiaWRDbHVibG9jYWwiOiIxMTE4OCIsImlkQ2x1YnZpc2l0YSI6IjExMTgyIiwiaWRQYXJ0aWRvIjoiMTQwMzgwIiwicGVzdGFuYSI6IjMifQ==/minuto-a-minuto-pumas-vs-guadalajara-jornada-12-estadio-olimpico-universitario-vix', 'text': ''}","{'type': 'link', 'href': 'https://www.ligafemenil.mx/cancha/informeArbitral/140380/eyJpZERpdmlzaW9uIjoiMTQiLCJpZFRlbXBvcmFkYSI6Ijc1IiwiaWRUb3JuZW8iOiIxIiwiaWRDbHVibG9jYWwiOiIxMTE4OCIsImlkQ2x1YnZpc2l0YSI6IjExMTgyIn0=/informe-arbitral-pumas-vs-guadalajara-jornada-12-estadio-olimpico-universitario-vix', 'text': ''}","{'type': 'link', 'href': 'https://www.ligafemenil.mx/cancha/mxm/140380/eyJpZERpdmlzaW9uIjoiMTQiLCJpZFRlbXBvcmFkYSI6Ijc1IiwiaWRUb3JuZW8iOiIxIiwiaWRDbHVibG9jYWwiOiIxMTE4OCIsImlkQ2x1YnZpc2l0YSI6IjExMTgyIiwiaWRQYXJ0aWRvIjoiMTQwMzgwIiwicGVzdGFuYSI6IjQifQ==/minuto-a-minuto-pumas-vs-guadalajara-jornada-12-estadio-olimpico-universitario-vix', 'text': ''}","{'type': 'link', 'href': 'https://www.ligafemenil.mx/cancha/galeria/MTQwMzgwLzEyLzc1LzEvMTQ=/pumas-vs-guadalajara', 'text': ''}","{'type': 'link', 'href': 'https://www.ligafemenil.mx/cancha/playlist/140380/pumas-vs-guadalajara', 'text': ''}"
2024-2025,Apertura,"{'type': 'text', 'value': 'Jueves 26 de Septiembre de 2024\nTemporada 2024-2025\nTorneo Apertura\nJornada 12\n26 Septiembre 2024 - 19:06 hrs.'}","{'type': 'link', 'href': 'https://www.ligafemenil.mx/cancha/club/11184/pachuca', 'text': ''}","{'type': 'link', 'href': 'https://www.ligafemenil.mx/cancha/informeArbitral/140379/eyJpZERpdmlzaW9uIjoiMTQiLCJpZFRlbXBvcmFkYSI6Ijc1IiwiaWRUb3JuZW8iOiIxIiwiaWRDbHVibG9jYWwiOjExMTg0LCJpZENsdWJ2aXNpdGEiOjExNTQzfQ==/informe-arbitral-pachuca-vs-puebla-fc-jornada-12-estadio-hidalgo-fox-sports', 'text': '2 - 0'}","{'type': 'link', 'href': 'https://www.ligafemenil.mx/cancha/club/11543/puebla-fc', 'text': ''}","{'type': 'link', 'href': 'https://www.ligafemenil.mx/cancha/estadio/11/estadio-hidalgo', 'text': 'Hidalgo'}","{'type': 'link', 'href': 'https://www.ligafemenil.mx/cancha/mxm/140379/eyJpZERpdmlzaW9uIjoiMTQiLCJpZFRlbXBvcmFkYSI6Ijc1IiwiaWRUb3JuZW8iOiIxIiwiaWRDbHVibG9jYWwiOiIxMTE4NCIsImlkQ2x1YnZpc2l0YSI6IjExNTQzIiwiaWRQYXJ0aWRvIjoiMTQwMzc5IiwicGVzdGFuYSI6IjEifQ==/minuto-a-minuto-pachuca-vs-puebla-fc-jornada-12-estadio-hidalgo-fox-sports', 'text': ''}","{'type': 'link', 'href': 'https://www.ligafemenil.mx/cancha/mxm/140379/eyJpZERpdmlzaW9uIjoiMTQiLCJpZFRlbXBvcmFkYSI6Ijc1IiwiaWRUb3JuZW8iOiIxIiwiaWRDbHVibG9jYWwiOiIxMTE4NCIsImlkQ2x1YnZpc2l0YSI6IjExNTQzIiwiaWRQYXJ0aWRvIjoiMTQwMzc5IiwicGVzdGFuYSI6IjMifQ==/minuto-a-minuto-pachuca-vs-puebla-fc-jornada-12-estadio-hidalgo-fox-sports', 'text': ''}","{'type': 'link', 'href': 'https://www.ligafemenil.mx/cancha/informeArbitral/140379/eyJpZERpdmlzaW9uIjoiMTQiLCJpZFRlbXBvcmFkYSI6Ijc1IiwiaWRUb3JuZW8iOiIxIiwiaWRDbHVibG9jYWwiOiIxMTE4NCIsImlkQ2x1YnZpc2l0YSI6IjExNTQzIn0=/informe-arbitral-pachuca-vs-puebla-fc-jornada-12-estadio-hidalgo-fox-sports', 'text': ''}","{'type': 'link', 'href': 'https://www.ligafemenil.mx/cancha/mxm/140379/eyJpZERpdmlzaW9uIjoiMTQiLCJpZFRlbXBvcmFkYSI6Ijc1IiwiaWRUb3JuZW8iOiIxIiwiaWRDbHVibG9jYWwiOiIxMTE4NCIsImlkQ2x1YnZpc2l0YSI6IjExNTQzIiwiaWRQYXJ0aWRvIjoiMTQwMzc5IiwicGVzdGFuYSI6IjQifQ==/minuto-a-minuto-pachuca-vs-puebla-fc-jornada-12-estadio-hidalgo-fox-sports', 'text': ''}","{'type': 'link', 'href': 'https://www.ligafemenil.mx/cancha/galeria/MTQwMzc5LzEyLzc1LzEvMTQ=/pachuca-vs-puebla-fc', 'text': ''}","{'type': 'link', 'href': 'https://www.ligafemenil.mx/cancha/playlist/140379/pachuca-vs-puebla-fc', 'text': ''}"
2024-2025,Apertura,"{'type': 'text', 'value': 'Jueves 26 de Septiembre de 2024\nTemporada 2024-2025\nTorneo Apertura\nJornada 12\n26 Septiembre 2024 - 21:10 hrs.'}","{'type': 'link', 'href': 'https://www.ligafemenil.mx/cancha/club/11186/tigres-de-la-uanl', 'text': ''}","{'type': 'link', 'href': 'https://www.ligafemenil.mx/cancha/informeArbitral/140381/eyJpZERpdmlzaW9uIjoiMTQiLCJpZFRlbXBvcmFkYSI6Ijc1IiwiaWRUb3JuZW8iOiIxIiwiaWRDbHVibG9jYWwiOjExMTg2LCJpZENsdWJ2aXNpdGEiOjExMTgxfQ==/informe-arbitral-tigres-de-la-uanl-vs-cruz-azul-jornada-12-estadio-universitario-fox-sports', 'text': '2 - 0'}","{'type': 'link', 'href': 'https://www.ligafemenil.mx/cancha/club/11181/cruz-azul', 'text': ''}","{'type': 'link', 'href': 'https://www.ligafemenil.mx/cancha/estadio/12/estadio-universitario', 'text': 'Universitario'}","{'type': 'link', 'href': 'https://www.ligafemenil.mx/cancha/mxm/140381/eyJpZERpdmlzaW9uIjoiMTQiLCJpZFRlbXBvcmFkYSI6Ijc1IiwiaWRUb3JuZW8iOiIxIiwiaWRDbHVibG9jYWwiOiIxMTE4NiIsImlkQ2x1YnZpc2l0YSI6IjExMTgxIiwiaWRQYXJ0aWRvIjoiMTQwMzgxIiwicGVzdGFuYSI6IjEifQ==/minuto-a-minuto-tigres-de-la-uanl-vs-cruz-azul-jornada-12-estadio-universitario-fox-sports', 'text': ''}","{'type': 'link', 'href': 'https://www.ligafemenil.mx/cancha/mxm/140381/eyJpZERpdmlzaW9uIjoiMTQiLCJpZFRlbXBvcmFkYSI6Ijc1IiwiaWRUb3JuZW8iOiIxIiwiaWRDbHVibG9jYWwiOiIxMTE4NiIsImlkQ2x1YnZpc2l0YSI6IjExMTgxIiwiaWRQYXJ0aWRvIjoiMTQwMzgxIiwicGVzdGFuYSI6IjMifQ==/minuto-a-minuto-tigres-de-la-uanl-vs-cruz-azul-jornada-12-estadio-universitario-fox-sports', 'text': ''}","{'type': 'link', 'href': 'https://www.ligafemenil.mx/cancha/informeArbitral/140381/eyJpZERpdmlzaW9uIjoiMTQiLCJpZFRlbXBvcmFkYSI6Ijc1IiwiaWRUb3JuZW8iOiIxIiwiaWRDbHVibG9jYWwiOiIxMTE4NiIsImlkQ2x1YnZpc2l0YSI6IjExMTgxIn0=/informe-arbitral-tigres-de-la-uanl-vs-cruz-azul-jornada-12-estadio-universitario-fox-sports', 'text': ''}","{'type': 'link', 'href': 'https://www.ligafemenil.mx/cancha/mxm/140381/eyJpZERpdmlzaW9uIjoiMTQiLCJpZFRlbXBvcmFkYSI6Ijc1IiwiaWRUb3JuZW8iOiIxIiwiaWRDbHVibG9jYWwiOiIxMTE4NiIsImlkQ2x1YnZpc2l0YSI6IjExMTgxIiwiaWRQYXJ0aWRvIjoiMTQwMzgxIiwicGVzdGFuYSI6IjQifQ==/minuto-a-minuto-tigres-de-la-uanl-vs-cruz-azul-jornada-12-estadio-universitario-fox-sports', 'text': ''}","{'type': 'link', 'href': 'https://www.ligafemenil.mx/cancha/galeria/MTQwMzgxLzEyLzc1LzEvMTQ=/tigres-de-la-uanl-vs-cruz-azul', 'text': ''}","{'type': 'link', 'href': 'https://www.ligafemenil.mx/cancha/playlist/140381/tigres-de-la-uanl-vs-cruz-azul', 'text': ''}"
2024-2025,Apertura,"{'type': 'text', 'value': 'Viernes 27 de Septiembre de 2024\nTemporada 2024-2025\nTorneo Apertura\nJornada 12\n27 Septiembre 2024 - 17:00 hrs.'}","{'type': 'link', 'href': 'https://www.ligafemenil.mx/cancha/club/11189/necaxa', 'text': ''}","{'type': 'link', 'href': 'https://www.ligafemenil.mx/cancha/informeArbitral/140385/eyJpZERpdmlzaW9uIjoiMTQiLCJpZFRlbXBvcmFkYSI6Ijc1IiwiaWRUb3JuZW8iOiIxIiwiaWRDbHVibG9jYWwiOjExMTg5LCJpZENsdWJ2aXNpdGEiOjExMTg3fQ==/informe-arbitral-necaxa-vs-toluca-jornada-12-estadio-victoria-vix', 'text': '1 - 4'}","{'type': 'link', 'href': 'https://www.ligafemenil.mx/cancha/club/11187/toluca', 'text': ''}","{'type': 'link', 'href': 'https://www.ligafemenil.mx/cancha/estadio/15/estadio-victoria', 'text': 'Victoria'}","{'type': 'link', 'href': 'https://www.ligafemenil.mx/cancha/mxm/140385/eyJpZERpdmlzaW9uIjoiMTQiLCJpZFRlbXBvcmFkYSI6Ijc1IiwiaWRUb3JuZW8iOiIxIiwiaWRDbHVibG9jYWwiOiIxMTE4OSIsImlkQ2x1YnZpc2l0YSI6IjExMTg3IiwiaWRQYXJ0aWRvIjoiMTQwMzg1IiwicGVzdGFuYSI6IjEifQ==/minuto-a-minuto-necaxa-vs-toluca-jornada-12-estadio-victoria-vix', 'text': ''}","{'type': 'link', 'href': 'https://www.ligafemenil.mx/cancha/mxm/140385/eyJpZERpdmlzaW9uIjoiMTQiLCJpZFRlbXBvcmFkYSI6Ijc1IiwiaWRUb3JuZW8iOiIxIiwiaWRDbHVibG9jYWwiOiIxMTE4OSIsImlkQ2x1YnZpc2l0YSI6IjExMTg3IiwiaWRQYXJ0aWRvIjoiMTQwMzg1IiwicGVzdGFuYSI6IjMifQ==/minuto-a-minuto-necaxa-vs-toluca-jornada-12-estadio-victoria-vix', 'text': ''}","{'type': 'link', 'href': 'https://www.ligafemenil.mx/cancha/informeArbitral/140385/eyJpZERpdmlzaW9uIjoiMTQiLCJpZFRlbXBvcmFkYSI6Ijc1IiwiaWRUb3JuZW8iOiIxIiwiaWRDbHVibG9jYWwiOiIxMTE4OSIsImlkQ2x1YnZpc2l0YSI6IjExMTg3In0=/informe-arbitral-necaxa-vs-toluca-jornada-12-estadio-victoria-vix', 'text': ''}","{'type': 'link', 'href': 'https://www.ligafemenil.mx/cancha/mxm/140385/eyJpZERpdmlzaW9uIjoiMTQiLCJpZFRlbXBvcmFkYSI6Ijc1IiwiaWRUb3JuZW8iOiIxIiwiaWRDbHVibG9jYWwiOiIxMTE4OSIsImlkQ2x1YnZpc2l0YSI6IjExMTg3IiwiaWRQYXJ0aWRvIjoiMTQwMzg1IiwicGVzdGFuYSI6IjQifQ==/minuto-a-minuto-necaxa-vs-toluca-jornada-12-estadio-victoria-vix', 'text': ''}","{'type': 'link', 'href': 'https://www.ligafemenil.mx/cancha/galeria/MTQwMzg1LzEyLzc1LzEvMTQ=/necaxa-vs-toluca', 'text': ''}","{'type': 'link', 'href': 'https://www.ligafemenil.mx/cancha/playlist/140385/necaxa-vs-toluca', 'text': ''}"
2024-2025,Apertura,"{'type': 'text', 'value': 'Viernes 27 de Septiembre de 2024\nTemporada 2024-2025\nTorneo Apertura\nJornada 12\n27 Septiembre 2024 - 17:00 hrs.'}","{'type': 'link', 'href': 'https://www.ligafemenil.mx/cancha/club/11245/atlas', 'text': ''}","{'type': 'link', 'href': 'https://www.ligafemenil.mx/cancha/informeArbitral/140386/eyJpZERpdmlzaW9uIjoiMTQiLCJpZFRlbXBvcmFkYSI6Ijc1IiwiaWRUb3JuZW8iOiIxIiwiaWRDbHVibG9jYWwiOjExMjQ1LCJpZENsdWJ2aXNpdGEiOjExNzc4fQ==/informe-arbitral-atlas-vs-club-atletico-de-san-luis-jornada-12-estadio-jalisco-caliente-tv', 'text': '3 - 0'}","{'type': 'link', 'href': 'https://www.ligafemenil.mx/cancha/club/11778/club-atletico-de-san-luis', 'text': ''}","{'type': 'link', 'href': 'https://www.ligafemenil.mx/cancha/estadio/5/estadio-jalisco', 'text': 'Jalisco'}","{'type': 'link', 'href': 'https://www.ligafemenil.mx/cancha/mxm/140386/eyJpZERpdmlzaW9uIjoiMTQiLCJpZFRlbXBvcmFkYSI6Ijc1IiwiaWRUb3JuZW8iOiIxIiwiaWRDbHVibG9jYWwiOiIxMTI0NSIsImlkQ2x1YnZpc2l0YSI6IjExNzc4IiwiaWRQYXJ0aWRvIjoiMTQwMzg2IiwicGVzdGFuYSI6IjEifQ==/minuto-a-minuto-atlas-vs-club-atletico-de-san-luis-jornada-12-estadio-jalisco-caliente-tv', 'text': ''}","{'type': 'link', 'href': 'https://www.ligafemenil.mx/cancha/mxm/140386/eyJpZERpdmlzaW9uIjoiMTQiLCJpZFRlbXBvcmFkYSI6Ijc1IiwiaWRUb3JuZW8iOiIxIiwiaWRDbHVibG9jYWwiOiIxMTI0NSIsImlkQ2x1YnZpc2l0YSI6IjExNzc4IiwiaWRQYXJ0aWRvIjoiMTQwMzg2IiwicGVzdGFuYSI6IjMifQ==/minuto-a-minuto-atlas-vs-club-atletico-de-san-luis-jornada-12-estadio-jalisco-caliente-tv', 'text': ''}","{'type': 'link', 'href': 'https://www.ligafemenil.mx/cancha/informeArbitral/140386/eyJpZERpdmlzaW9uIjoiMTQiLCJpZFRlbXBvcmFkYSI6Ijc1IiwiaWRUb3JuZW8iOiIxIiwiaWRDbHVibG9jYWwiOiIxMTI0NSIsImlkQ2x1YnZpc2l0YSI6IjExNzc4In0=/informe-arbitral-atlas-vs-club-atletico-de-san-luis-jornada-12-estadio-jalisco-caliente-tv', 'text': ''}","{'type': 'link', 'href': 'https://www.ligafemenil.mx/cancha/mxm/140386/eyJpZERpdmlzaW9uIjoiMTQiLCJpZFRlbXBvcmFkYSI6Ijc1IiwiaWRUb3JuZW8iOiIxIiwiaWRDbHVibG9jYWwiOiIxMTI0NSIsImlkQ2x1YnZpc2l0YSI6IjExNzc4IiwiaWRQYXJ0aWRvIjoiMTQwMzg2IiwicGVzdGFuYSI6IjQifQ==/minuto-a-minuto-atlas-vs-club-atletico-de-san-luis-jornada-12-estadio-jalisco-caliente-tv', 'text': ''}","{'type': 'link', 'href': 'https://www.ligafemenil.mx/cancha/galeria/MTQwMzg2LzEyLzc1LzEvMTQ=/atlas-vs-club-atletico-de-san-luis', 'text': ''}","{'type': 'link', 'href': 'https://www.ligafemenil.mx/cancha/playlist/140386/atlas-vs-club-atletico-de-san-luis', 'text': ''}"
2024-2025,Apertura,"{'type': 'text', 'value': 'Viernes 27 de Septiembre de 2024\nTemporada 2024-2025\nTorneo Apertura\nJornada 12\n27 Septiembre 2024 - 17:00 hrs.'}","{'type': 'link', 'href': 'https://www.ligafemenil.mx/cancha/club/11243/leon', 'text': ''}","{'type': 'link', 'href': 'https://www.ligafemenil.mx/cancha/informeArbitral/140383/eyJpZERpdmlzaW9uIjoiMTQiLCJpZFRlbXBvcmFkYSI6Ijc1IiwiaWRUb3JuZW8iOiIxIiwiaWRDbHVibG9jYWwiOjExMjQzLCJpZENsdWJ2aXNpdGEiOjExMTg1fQ==/informe-arbitral-leon-vs-rayados-de-monterrey-jornada-12-estadio-nou-camp-fox-sports', 'text': '1 - 1'}","{'type': 'link', 'href': 'https://www.ligafemenil.mx/cancha/club/11185/rayados-de-monterrey', 'text': ''}","{'type': 'link', 'href': 'https://www.ligafemenil.mx/cancha/estadio/23/estadio-nou-camp', 'text': 'Nou Camp'}","{'type': 'link', 'href': 'https://www.ligafemenil.mx/cancha/mxm/140383/eyJpZERpdmlzaW9uIjoiMTQiLCJpZFRlbXBvcmFkYSI6Ijc1IiwiaWRUb3JuZW8iOiIxIiwiaWRDbHVibG9jYWwiOiIxMTI0MyIsImlkQ2x1YnZpc2l0YSI6IjExMTg1IiwiaWRQYXJ0aWRvIjoiMTQwMzgzIiwicGVzdGFuYSI6IjEifQ==/minuto-a-minuto-leon-vs-rayados-de-monterrey-jornada-12-estadio-nou-camp-fox-sports', 'text': ''}","{'type': 'link', 'href': 'https://www.ligafemenil.mx/cancha/mxm/140383/eyJpZERpdmlzaW9uIjoiMTQiLCJpZFRlbXBvcmFkYSI6Ijc1IiwiaWRUb3JuZW8iOiIxIiwiaWRDbHVibG9jYWwiOiIxMTI0MyIsImlkQ2x1YnZpc2l0YSI6IjExMTg1IiwiaWRQYXJ0aWRvIjoiMTQwMzgzIiwicGVzdGFuYSI6IjMifQ==/minuto-a-minuto-leon-vs-rayados-de-monterrey-jornada-12-estadio-nou-camp-fox-sports', 'text': ''}","{'type': 'link', 'href': 'https://www.ligafemenil.mx/cancha/informeArbitral/140383/eyJpZERpdmlzaW9uIjoiMTQiLCJpZFRlbXBvcmFkYSI6Ijc1IiwiaWRUb3JuZW8iOiIxIiwiaWRDbHVibG9jYWwiOiIxMTI0MyIsImlkQ2x1YnZpc2l0YSI6IjExMTg1In0=/informe-arbitral-leon-vs-rayados-de-monterrey-jornada-12-estadio-nou-camp-fox-sports', 'text': ''}","{'type': 'link', 'href': 'https://www.ligafemenil.mx/cancha/mxm/140383/eyJpZERpdmlzaW9uIjoiMTQiLCJpZFRlbXBvcmFkYSI6Ijc1IiwiaWRUb3JuZW8iOiIxIiwiaWRDbHVibG9jYWwiOiIxMTI0MyIsImlkQ2x1YnZpc2l0YSI6IjExMTg1IiwiaWRQYXJ0aWRvIjoiMTQwMzgzIiwicGVzdGFuYSI6IjQifQ==/minuto-a-minuto-leon-vs-rayados-de-monterrey-jornada-12-estadio-nou-camp-fox-sports', 'text': ''}","{'type': 'link', 'href': 'https://www.ligafemenil.mx/cancha/galeria/MTQwMzgzLzEyLzc1LzEvMTQ=/leon-vs-rayados-de-monterrey', 'text': ''}","{'type': 'link', 'href': 'https://www.ligafemenil.mx/cancha/playlist/140383/leon-vs-rayados-de-monterrey', 'text': ''}"
2024-2025,Apertura,"{'type': 'text', 'value': 'Domingo 29 de Septiembre de 2024\nTemporada 2024-2025\nTorneo Apertura\nJornada 13\n29 Septiembre 2024 - 18:15 hrs.'}","{'type': 'link', 'href': 'https://www.ligafemenil.mx/cancha/club/11192/santos-laguna', 'text': ''}","{'type': 'link', 'href': 'https://www.ligafemenil.mx/cancha/informeArbitral/140393/eyJpZERpdmlzaW9uIjoiMTQiLCJpZFRlbXBvcmFkYSI6Ijc1IiwiaWRUb3JuZW8iOiIxIiwiaWRDbHVibG9jYWwiOjExMTkyLCJpZENsdWJ2aXNpdGEiOjExMTg4fQ==/informe-arbitral-santos-laguna-vs-pumas-jornada-13-estadio-tsm-corona-caliente-tv', 'text': '1 - 3'}","{'type': 'link', 'href': 'https://www.ligafemenil.mx/cancha/club/11188/pumas', 'text': ''}","{'type': 'link', 'href': 'https://www.ligafemenil.mx/cancha/estadio/63/estadio-tsm-corona', 'text': 'TSM Corona'}","{'type': 'link', 'href': 'https://www.ligafemenil.mx/cancha/mxm/140393/eyJpZERpdmlzaW9uIjoiMTQiLCJpZFRlbXBvcmFkYSI6Ijc1IiwiaWRUb3JuZW8iOiIxIiwiaWRDbHVibG9jYWwiOiIxMTE5MiIsImlkQ2x1YnZpc2l0YSI6IjExMTg4IiwiaWRQYXJ0aWRvIjoiMTQwMzkzIiwicGVzdGFuYSI6IjEifQ==/minuto-a-minuto-santos-laguna-vs-pumas-jornada-13-estadio-tsm-corona-caliente-tv', 'text': ''}","{'type': 'link', 'href': 'https://www.ligafemenil.mx/cancha/mxm/140393/eyJpZERpdmlzaW9uIjoiMTQiLCJpZFRlbXBvcmFkYSI6Ijc1IiwiaWRUb3JuZW8iOiIxIiwiaWRDbHVibG9jYWwiOiIxMTE5MiIsImlkQ2x1YnZpc2l0YSI6IjExMTg4IiwiaWRQYXJ0aWRvIjoiMTQwMzkzIiwicGVzdGFuYSI6IjMifQ==/minuto-a-minuto-santos-laguna-vs-pumas-jornada-13-estadio-tsm-corona-caliente-tv', 'text': ''}","{'type': 'link', 'href': 'https://www.ligafemenil.mx/cancha/informeArbitral/140393/eyJpZERpdmlzaW9uIjoiMTQiLCJpZFRlbXBvcmFkYSI6Ijc1IiwiaWRUb3JuZW8iOiIxIiwiaWRDbHVibG9jYWwiOiIxMTE5MiIsImlkQ2x1YnZpc2l0YSI6IjExMTg4In0=/informe-arbitral-santos-laguna-vs-pumas-jornada-13-estadio-tsm-corona-caliente-tv', 'text': ''}","{'type': 'link', 'href': 'https://www.ligafemenil.mx/cancha/mxm/140393/eyJpZERpdmlzaW9uIjoiMTQiLCJpZFRlbXBvcmFkYSI6Ijc1IiwiaWRUb3JuZW8iOiIxIiwiaWRDbHVibG9jYWwiOiIxMTE5MiIsImlkQ2x1YnZpc2l0YSI6IjExMTg4IiwiaWRQYXJ0aWRvIjoiMTQwMzkzIiwicGVzdGFuYSI6IjQifQ==/minuto-a-minuto-santos-laguna-vs-pumas-jornada-13-estadio-tsm-corona-caliente-tv', 'text': ''}","{'type': 'link', 'href': 'https://www.ligafemenil.mx/cancha/galeria/MTQwMzkzLzEzLzc1LzEvMTQ=/santos-laguna-vs-pumas', 'text': ''}","{'type': 'link', 'href': 'https://www.ligafemenil.mx/cancha/playlist/140393/santos-laguna-vs-pumas', 'text': ''}"
2024-2025,Apertura,"{'type': 'text', 'value': 'Domingo 29 de Septiembre de 2024\nTemporada 2024-2025\nTorneo Apertura\nJornada 13\n29 Septiembre 2024 - 19:06 hrs.'}","{'type': 'link', 'href': 'https://www.ligafemenil.mx/cancha/club/11182/guadalajara', 'text': ''}","{'type': 'link', 'href': 'https://www.ligafemenil.mx/cancha/informeArbitral/140392/eyJpZERpdmlzaW9uIjoiMTQiLCJpZFRlbXBvcmFkYSI6Ijc1IiwiaWRUb3JuZW8iOiIxIiwiaWRDbHVibG9jYWwiOjExMTgyLCJpZENsdWJ2aXNpdGEiOjExMTg2fQ==/informe-arbitral-guadalajara-vs-tigres-de-la-uanl-jornada-13-estadio-akron-fox-sports', 'text': '1 - 1'}","{'type': 'link', 'href': 'https://www.ligafemenil.mx/cancha/club/11186/tigres-de-la-uanl', 'text': ''}","{'type': 'link', 'href': 'https://www.ligafemenil.mx/cancha/estadio/1538/estadio-akron', 'text': 'Estadio AKRON'}","{'type': 'link', 'href': 'https://www.ligafemenil.mx/cancha/mxm/140392/eyJpZERpdmlzaW9uIjoiMTQiLCJpZFRlbXBvcmFkYSI6Ijc1IiwiaWRUb3JuZW8iOiIxIiwiaWRDbHVibG9jYWwiOiIxMTE4MiIsImlkQ2x1YnZpc2l0YSI6IjExMTg2IiwiaWRQYXJ0aWRvIjoiMTQwMzkyIiwicGVzdGFuYSI6IjEifQ==/minuto-a-minuto-guadalajara-vs-tigres-de-la-uanl-jornada-13-estadio-akron-fox-sports', 'text': ''}","{'type': 'link', 'href': 'https://www.ligafemenil.mx/cancha/mxm/140392/eyJpZERpdmlzaW9uIjoiMTQiLCJpZFRlbXBvcmFkYSI6Ijc1IiwiaWRUb3JuZW8iOiIxIiwiaWRDbHVibG9jYWwiOiIxMTE4MiIsImlkQ2x1YnZpc2l0YSI6IjExMTg2IiwiaWRQYXJ0aWRvIjoiMTQwMzkyIiwicGVzdGFuYSI6IjMifQ==/minuto-a-minuto-guadalajara-vs-tigres-de-la-uanl-jornada-13-estadio-akron-fox-sports', 'text': ''}","{'type': 'link', 'href': 'https://www.ligafemenil.mx/cancha/informeArbitral/140392/eyJpZERpdmlzaW9uIjoiMTQiLCJpZFRlbXBvcmFkYSI6Ijc1IiwiaWRUb3JuZW8iOiIxIiwiaWRDbHVibG9jYWwiOiIxMTE4MiIsImlkQ2x1YnZpc2l0YSI6IjExMTg2In0=/informe-arbitral-guadalajara-vs-tigres-de-la-uanl-jornada-13-estadio-akron-fox-sports', 'text': ''}","{'type': 'link', 'href': 'https://www.ligafemenil.mx/cancha/mxm/140392/eyJpZERpdmlzaW9uIjoiMTQiLCJpZFRlbXBvcmFkYSI6Ijc1IiwiaWRUb3JuZW8iOiIxIiwiaWRDbHVibG9jYWwiOiIxMTE4MiIsImlkQ2x1YnZpc2l0YSI6IjExMTg2IiwiaWRQYXJ0aWRvIjoiMTQwMzkyIiwicGVzdGFuYSI6IjQifQ==/minuto-a-minuto-guadalajara-vs-tigres-de-la-uanl-jornada-13-estadio-akron-fox-sports', 'text': ''}","{'type': 'link', 'href': 'https://www.ligafemenil.mx/cancha/galeria/MTQwMzkyLzEzLzc1LzEvMTQ=/guadalajara-vs-tigres-de-la-uanl', 'text': ''}","{'type': 'link', 'href': 'https://www.ligafemenil.mx/cancha/playlist/140392/guadalajara-vs-tigres-de-la-uanl', 'text': ''}"
2024-2025,Apertura,"{'type': 'text', 'value': 'Domingo 29 de Septiembre de 2024\nTemporada 2024-2025\nTorneo Apertura\nJornada 13\n29 Septiembre 2024 - 20:00 hrs.'}","{'type': 'link', 'href': 'https://www.ligafemenil.mx/cancha/club/11180/tijuana', 'text': ''}","{'type': 'link', 'href': 'https://www.ligafemenil.mx/cancha/informeArbitral/140395/eyJpZERpdmlzaW9uIjoiMTQiLCJpZFRlbXBvcmFkYSI6Ijc1IiwiaWRUb3JuZW8iOiIxIiwiaWRDbHVibG9jYWwiOjExMTgwLCJpZENsdWJ2aXNpdGEiOjExMTkxfQ==/informe-arbitral-tijuana-vs-america-jornada-13-estadio-caliente-caliente-tv', 'text': '1 - 4'}","{'type': 'link', 'href': 'https://www.ligafemenil.mx/cancha/club/11191/america', 'text': ''}","{'type': 'link', 'href': 'https://www.ligafemenil.mx/cancha/estadio/48/estadio-caliente', 'text': 'Caliente'}","{'type': 'link', 'href': 'https://www.ligafemenil.mx/cancha/mxm/140395/eyJpZERpdmlzaW9uIjoiMTQiLCJpZFRlbXBvcmFkYSI6Ijc1IiwiaWRUb3JuZW8iOiIxIiwiaWRDbHVibG9jYWwiOiIxMTE4MCIsImlkQ2x1YnZpc2l0YSI6IjExMTkxIiwiaWRQYXJ0aWRvIjoiMTQwMzk1IiwicGVzdGFuYSI6IjEifQ==/minuto-a-minuto-tijuana-vs-america-jornada-13-estadio-caliente-caliente-tv', 'text': ''}","{'type': 'link', 'href': 'https://www.ligafemenil.mx/cancha/mxm/140395/eyJpZERpdmlzaW9uIjoiMTQiLCJpZFRlbXBvcmFkYSI6Ijc1IiwiaWRUb3JuZW8iOiIxIiwiaWRDbHVibG9jYWwiOiIxMTE4MCIsImlkQ2x1YnZpc2l0YSI6IjExMTkxIiwiaWRQYXJ0aWRvIjoiMTQwMzk1IiwicGVzdGFuYSI6IjMifQ==/minuto-a-minuto-tijuana-vs-america-jornada-13-estadio-caliente-caliente-tv', 'text': ''}","{'type': 'link', 'href': 'https://www.ligafemenil.mx/cancha/informeArbitral/140395/eyJpZERpdmlzaW9uIjoiMTQiLCJpZFRlbXBvcmFkYSI6Ijc1IiwiaWRUb3JuZW8iOiIxIiwiaWRDbHVibG9jYWwiOiIxMTE4MCIsImlkQ2x1YnZpc2l0YSI6IjExMTkxIn0=/informe-arbitral-tijuana-vs-america-jornada-13-estadio-caliente-caliente-tv', 'text': ''}","{'type': 'link', 'href': 'https://www.ligafemenil.mx/cancha/mxm/140395/eyJpZERpdmlzaW9uIjoiMTQiLCJpZFRlbXBvcmFkYSI6Ijc1IiwiaWRUb3JuZW8iOiIxIiwiaWRDbHVibG9jYWwiOiIxMTE4MCIsImlkQ2x1YnZpc2l0YSI6IjExMTkxIiwiaWRQYXJ0aWRvIjoiMTQwMzk1IiwicGVzdGFuYSI6IjQifQ==/minuto-a-minuto-tijuana-vs-america-jornada-13-estadio-caliente-caliente-tv', 'text': ''}","{'type': 'link', 'href': 'https://www.ligafemenil.mx/cancha/galeria/MTQwMzk1LzEzLzc1LzEvMTQ=/tijuana-vs-america', 'text': ''}","{'type': 'link', 'href': 'https://www.ligafemenil.mx/cancha/playlist/140395/tijuana-vs-america', 'text': ''}"
2024-2025,Apertura,"{'type': 'text', 'value': 'Lunes 30 de Septiembre de 2024\nTemporada 2024-2025\nTorneo Apertura\nJornada 13\n30 Septiembre 2024 - 17:00 hrs.'}","{'type': 'link', 'href': 'https://www.ligafemenil.mx/cancha/club/11543/puebla-fc', 'text': ''}","{'type': 'link', 'href': 'https://www.ligafemenil.mx/cancha/informeArbitral/140390/eyJpZERpdmlzaW9uIjoiMTQiLCJpZFRlbXBvcmFkYSI6Ijc1IiwiaWRUb3JuZW8iOiIxIiwiaWRDbHVibG9jYWwiOjExNTQzLCJpZENsdWJ2aXNpdGEiOjEyMDQyfQ==/informe-arbitral-puebla-fc-vs-gallos-blancos-de-queretaro-jornada-13-estadio-cuauhtemoc-fox-sports', 'text': '0 - 1'}","{'type': 'link', 'href': 'https://www.ligafemenil.mx/cancha/club/12042/gallos-blancos-de-queretaro', 'text': ''}","{'type': 'link', 'href': 'https://www.ligafemenil.mx/cancha/estadio/9/estadio-cuauhtemoc', 'text': 'Cuauhtémoc'}","{'type': 'link', 'href': 'https://www.ligafemenil.mx/cancha/mxm/140390/eyJpZERpdmlzaW9uIjoiMTQiLCJpZFRlbXBvcmFkYSI6Ijc1IiwiaWRUb3JuZW8iOiIxIiwiaWRDbHVibG9jYWwiOiIxMTU0MyIsImlkQ2x1YnZpc2l0YSI6IjEyMDQyIiwiaWRQYXJ0aWRvIjoiMTQwMzkwIiwicGVzdGFuYSI6IjEifQ==/minuto-a-minuto-puebla-fc-vs-gallos-blancos-de-queretaro-jornada-13-estadio-cuauhtemoc-fox-sports', 'text': ''}","{'type': 'link', 'href': 'https://www.ligafemenil.mx/cancha/mxm/140390/eyJpZERpdmlzaW9uIjoiMTQiLCJpZFRlbXBvcmFkYSI6Ijc1IiwiaWRUb3JuZW8iOiIxIiwiaWRDbHVibG9jYWwiOiIxMTU0MyIsImlkQ2x1YnZpc2l0YSI6IjEyMDQyIiwiaWRQYXJ0aWRvIjoiMTQwMzkwIiwicGVzdGFuYSI6IjMifQ==/minuto-a-minuto-puebla-fc-vs-gallos-blancos-de-queretaro-jornada-13-estadio-cuauhtemoc-fox-sports', 'text': ''}","{'type': 'link', 'href': 'https://www.ligafemenil.mx/cancha/informeArbitral/140390/eyJpZERpdmlzaW9uIjoiMTQiLCJpZFRlbXBvcmFkYSI6Ijc1IiwiaWRUb3JuZW8iOiIxIiwiaWRDbHVibG9jYWwiOiIxMTU0MyIsImlkQ2x1YnZpc2l0YSI6IjEyMDQyIn0=/informe-arbitral-puebla-fc-vs-gallos-blancos-de-queretaro-jornada-13-estadio-cuauhtemoc-fox-sports', 'text': ''}","{'type': 'link', 'href': 'https://www.ligafemenil.mx/cancha/mxm/140390/eyJpZERpdmlzaW9uIjoiMTQiLCJpZFRlbXBvcmFkYSI6Ijc1IiwiaWRUb3JuZW8iOiIxIiwiaWRDbHVibG9jYWwiOiIxMTU0MyIsImlkQ2x1YnZpc2l0YSI6IjEyMDQyIiwiaWRQYXJ0aWRvIjoiMTQwMzkwIiwicGVzdGFuYSI6IjQifQ==/minuto-a-minuto-puebla-fc-vs-gallos-blancos-de-queretaro-jornada-13-estadio-cuauhtemoc-fox-sports', 'text': ''}","{'type': 'link', 'href': 'https://www.ligafemenil.mx/cancha/galeria/MTQwMzkwLzEzLzc1LzEvMTQ=/puebla-fc-vs-gallos-blancos-de-queretaro', 'text': ''}","{'type': 'link', 'href': 'https://www.ligafemenil.mx/cancha/playlist/140390/puebla-fc-vs-gallos-blancos-de-queretaro', 'text': ''}"
2024-2025,Apertura,"{'type': 'text', 'value': 'Lunes 30 de Septiembre de 2024\nTemporada 2024-2025\nTorneo Apertura\nJornada 13\n30 Septiembre 2024 - 17:00 hrs.'}","{'type': 'link', 'href': 'https://www.ligafemenil.mx/cancha/club/11778/club-atletico-de-san-luis', 'text': ''}","{'type': 'link', 'href': 'https://www.ligafemenil.mx/cancha/informeArbitral/140397/eyJpZERpdmlzaW9uIjoiMTQiLCJpZFRlbXBvcmFkYSI6Ijc1IiwiaWRUb3JuZW8iOiIxIiwiaWRDbHVibG9jYWwiOjExNzc4LCJpZENsdWJ2aXNpdGEiOjExNzk1fQ==/informe-arbitral-club-atletico-de-san-luis-vs-fc-juarez-jornada-13-estadio-alfonso-lastras-ramirez-espn', 'text': '2 - 3'}","{'type': 'link', 'href': 'https://www.ligafemenil.mx/cancha/club/11795/fc-juarez', 'text': ''}","{'type': 'link', 'href': 'https://www.ligafemenil.mx/cancha/estadio/14/estadio-alfonso-lastras-ramirez', 'text': 'Alfonso Lastras Ramírez'}","{'type': 'link', 'href': 'https://www.ligafemenil.mx/cancha/mxm/140397/eyJpZERpdmlzaW9uIjoiMTQiLCJpZFRlbXBvcmFkYSI6Ijc1IiwiaWRUb3JuZW8iOiIxIiwiaWRDbHVibG9jYWwiOiIxMTc3OCIsImlkQ2x1YnZpc2l0YSI6IjExNzk1IiwiaWRQYXJ0aWRvIjoiMTQwMzk3IiwicGVzdGFuYSI6IjEifQ==/minuto-a-minuto-club-atletico-de-san-luis-vs-fc-juarez-jornada-13-estadio-alfonso-lastras-ramirez-espn', 'text': ''}","{'type': 'link', 'href': 'https://www.ligafemenil.mx/cancha/mxm/140397/eyJpZERpdmlzaW9uIjoiMTQiLCJpZFRlbXBvcmFkYSI6Ijc1IiwiaWRUb3JuZW8iOiIxIiwiaWRDbHVibG9jYWwiOiIxMTc3OCIsImlkQ2x1YnZpc2l0YSI6IjExNzk1IiwiaWRQYXJ0aWRvIjoiMTQwMzk3IiwicGVzdGFuYSI6IjMifQ==/minuto-a-minuto-club-atletico-de-san-luis-vs-fc-juarez-jornada-13-estadio-alfonso-lastras-ramirez-espn', 'text': ''}","{'type': 'link', 'href': 'https://www.ligafemenil.mx/cancha/informeArbitral/140397/eyJpZERpdmlzaW9uIjoiMTQiLCJpZFRlbXBvcmFkYSI6Ijc1IiwiaWRUb3JuZW8iOiIxIiwiaWRDbHVibG9jYWwiOiIxMTc3OCIsImlkQ2x1YnZpc2l0YSI6IjExNzk1In0=/informe-arbitral-club-atletico-de-san-luis-vs-fc-juarez-jornada-13-estadio-alfonso-lastras-ramirez-espn', 'text': ''}","{'type': 'link', 'href': 'https://www.ligafemenil.mx/cancha/mxm/140397/eyJpZERpdmlzaW9uIjoiMTQiLCJpZFRlbXBvcmFkYSI6Ijc1IiwiaWRUb3JuZW8iOiIxIiwiaWRDbHVibG9jYWwiOiIxMTc3OCIsImlkQ2x1YnZpc2l0YSI6IjExNzk1IiwiaWRQYXJ0aWRvIjoiMTQwMzk3IiwicGVzdGFuYSI6IjQifQ==/minuto-a-minuto-club-atletico-de-san-luis-vs-fc-juarez-jornada-13-estadio-alfonso-lastras-ramirez-espn', 'text': ''}","{'type': 'link', 'href': 'https://www.ligafemenil.mx/cancha/galeria/MTQwMzk3LzEzLzc1LzEvMTQ=/club-atletico-de-san-luis-vs-fc-juarez', 'text': ''}","{'type': 'link', 'href': 'https://www.ligafemenil.mx/cancha/playlist/140397/club-atletico-de-san-luis-vs-fc-juarez', 'text': ''}"
2024-2025,Apertura,"{'type': 'text', 'value': 'Lunes 30 de Septiembre de 2024\nTemporada 2024-2025\nTorneo Apertura\nJornada 13\n30 Septiembre 2024 - 18:00 hrs.'}","{'type': 'link', 'href': 'https://www.ligafemenil.mx/cancha/club/11187/toluca', 'text': ''}","{'type': 'link', 'href': 'https://www.ligafemenil.mx/cancha/informeArbitral/140399/eyJpZERpdmlzaW9uIjoiMTQiLCJpZFRlbXBvcmFkYSI6Ijc1IiwiaWRUb3JuZW8iOiIxIiwiaWRDbHVibG9jYWwiOjExMTg3LCJpZENsdWJ2aXNpdGEiOjExMTg0fQ==/informe-arbitral-toluca-vs-pachuca-jornada-13-estadio-nemesio-diez-vix', 'text': '1 - 3'}","{'type': 'link', 'href': 'https://www.ligafemenil.mx/cancha/club/11184/pachuca', 'text': ''}","{'type': 'link', 'href': 'https://www.ligafemenil.mx/cancha/estadio/6/estadio-nemesio-diez', 'text': 'Nemesio Diez'}","{'type': 'link', 'href': 'https://www.ligafemenil.mx/cancha/mxm/140399/eyJpZERpdmlzaW9uIjoiMTQiLCJpZFRlbXBvcmFkYSI6Ijc1IiwiaWRUb3JuZW8iOiIxIiwiaWRDbHVibG9jYWwiOiIxMTE4NyIsImlkQ2x1YnZpc2l0YSI6IjExMTg0IiwiaWRQYXJ0aWRvIjoiMTQwMzk5IiwicGVzdGFuYSI6IjEifQ==/minuto-a-minuto-toluca-vs-pachuca-jornada-13-estadio-nemesio-diez-vix', 'text': ''}","{'type': 'link', 'href': 'https://www.ligafemenil.mx/cancha/mxm/140399/eyJpZERpdmlzaW9uIjoiMTQiLCJpZFRlbXBvcmFkYSI6Ijc1IiwiaWRUb3JuZW8iOiIxIiwiaWRDbHVibG9jYWwiOiIxMTE4NyIsImlkQ2x1YnZpc2l0YSI6IjExMTg0IiwiaWRQYXJ0aWRvIjoiMTQwMzk5IiwicGVzdGFuYSI6IjMifQ==/minuto-a-minuto-toluca-vs-pachuca-jornada-13-estadio-nemesio-diez-vix', 'text': ''}","{'type': 'link', 'href': 'https://www.ligafemenil.mx/cancha/informeArbitral/140399/eyJpZERpdmlzaW9uIjoiMTQiLCJpZFRlbXBvcmFkYSI6Ijc1IiwiaWRUb3JuZW8iOiIxIiwiaWRDbHVibG9jYWwiOiIxMTE4NyIsImlkQ2x1YnZpc2l0YSI6IjExMTg0In0=/informe-arbitral-toluca-vs-pachuca-jornada-13-estadio-nemesio-diez-vix', 'text': ''}","{'type': 'link', 'href': 'https://www.ligafemenil.mx/cancha/mxm/140399/eyJpZERpdmlzaW9uIjoiMTQiLCJpZFRlbXBvcmFkYSI6Ijc1IiwiaWRUb3JuZW8iOiIxIiwiaWRDbHVibG9jYWwiOiIxMTE4NyIsImlkQ2x1YnZpc2l0YSI6IjExMTg0IiwiaWRQYXJ0aWRvIjoiMTQwMzk5IiwicGVzdGFuYSI6IjQifQ==/minuto-a-minuto-toluca-vs-pachuca-jornada-13-estadio-nemesio-diez-vix', 'text': ''}","{'type': 'link', 'href': 'https://www.ligafemenil.mx/cancha/galeria/MTQwMzk5LzEzLzc1LzEvMTQ=/toluca-vs-pachuca', 'text': ''}","{'type': 'link', 'href': 'https://www.ligafemenil.mx/cancha/playlist/140399/toluca-vs-pachuca', 'text': ''}"
2024-2025,Apertura,"{'type': 'text', 'value': 'Lunes 30 de Septiembre de 2024\nTemporada 2024-2025\nTorneo Apertura\nJornada 13\n30 Septiembre 2024 - 20:00 hrs.'}","{'type': 'link', 'href': 'https://www.ligafemenil.mx/cancha/club/11185/rayados-de-monterrey', 'text': ''}","{'type': 'link', 'href': 'https://www.ligafemenil.mx/cancha/informeArbitral/140402/eyJpZERpdmlzaW9uIjoiMTQiLCJpZFRlbXBvcmFkYSI6Ijc1IiwiaWRUb3JuZW8iOiIxIiwiaWRDbHVibG9jYWwiOjExMTg1LCJpZENsdWJ2aXNpdGEiOjEyMDUxfQ==/informe-arbitral-rayados-de-monterrey-vs-mazatlan-fc-jornada-13-estadio-bbva-vix', 'text': '6 - 1'}","{'type': 'link', 'href': 'https://www.ligafemenil.mx/cancha/club/12051/mazatlan-fc', 'text': ''}","{'type': 'link', 'href': 'https://www.ligafemenil.mx/cancha/estadio/1608/estadio-bbva', 'text': 'Estadio BBVA'}","{'type': 'link', 'href': 'https://www.ligafemenil.mx/cancha/mxm/140402/eyJpZERpdmlzaW9uIjoiMTQiLCJpZFRlbXBvcmFkYSI6Ijc1IiwiaWRUb3JuZW8iOiIxIiwiaWRDbHVibG9jYWwiOiIxMTE4NSIsImlkQ2x1YnZpc2l0YSI6IjEyMDUxIiwiaWRQYXJ0aWRvIjoiMTQwNDAyIiwicGVzdGFuYSI6IjEifQ==/minuto-a-minuto-rayados-de-monterrey-vs-mazatlan-fc-jornada-13-estadio-bbva-vix', 'text': ''}","{'type': 'link', 'href': 'https://www.ligafemenil.mx/cancha/mxm/140402/eyJpZERpdmlzaW9uIjoiMTQiLCJpZFRlbXBvcmFkYSI6Ijc1IiwiaWRUb3JuZW8iOiIxIiwiaWRDbHVibG9jYWwiOiIxMTE4NSIsImlkQ2x1YnZpc2l0YSI6IjEyMDUxIiwiaWRQYXJ0aWRvIjoiMTQwNDAyIiwicGVzdGFuYSI6IjMifQ==/minuto-a-minuto-rayados-de-monterrey-vs-mazatlan-fc-jornada-13-estadio-bbva-vix', 'text': ''}","{'type': 'link', 'href': 'https://www.ligafemenil.mx/cancha/informeArbitral/140402/eyJpZERpdmlzaW9uIjoiMTQiLCJpZFRlbXBvcmFkYSI6Ijc1IiwiaWRUb3JuZW8iOiIxIiwiaWRDbHVibG9jYWwiOiIxMTE4NSIsImlkQ2x1YnZpc2l0YSI6IjEyMDUxIn0=/informe-arbitral-rayados-de-monterrey-vs-mazatlan-fc-jornada-13-estadio-bbva-vix', 'text': ''}","{'type': 'link', 'href': 'https://www.ligafemenil.mx/cancha/mxm/140402/eyJpZERpdmlzaW9uIjoiMTQiLCJpZFRlbXBvcmFkYSI6Ijc1IiwiaWRUb3JuZW8iOiIxIiwiaWRDbHVibG9jYWwiOiIxMTE4NSIsImlkQ2x1YnZpc2l0YSI6IjEyMDUxIiwiaWRQYXJ0aWRvIjoiMTQwNDAyIiwicGVzdGFuYSI6IjQifQ==/minuto-a-minuto-rayados-de-monterrey-vs-mazatlan-fc-jornada-13-estadio-bbva-vix', 'text': ''}","{'type': 'link', 'href': 'https://www.ligafemenil.mx/cancha/galeria/MTQwNDAyLzEzLzc1LzEvMTQ=/rayados-de-monterrey-vs-mazatlan-fc', 'text': ''}","{'type': 'link', 'href': 'https://www.ligafemenil.mx/cancha/playlist/140402/rayados-de-monterrey-vs-mazatlan-fc', 'text': ''}"
2024-2025,Apertura,"{'type': 'text', 'value': 'Miércoles 2 de Octubre de 2024\nTemporada 2024-2025\nTorneo Apertura\nJornada 13\n2 Octubre 2024 - 19:06 hrs.'}","{'type': 'link', 'href': 'https://www.ligafemenil.mx/cancha/club/11243/leon', 'text': ''}","{'type': 'link', 'href': 'https://www.ligafemenil.mx/cancha/informeArbitral/140401/eyJpZERpdmlzaW9uIjoiMTQiLCJpZFRlbXBvcmFkYSI6Ijc1IiwiaWRUb3JuZW8iOiIxIiwiaWRDbHVibG9jYWwiOjExMjQzLCJpZENsdWJ2aXNpdGEiOjExMTg5fQ==/informe-arbitral-leon-vs-necaxa-jornada-13-estadio-nou-camp-fox-sports', 'text': '1 - 0'}","{'type': 'link', 'href': 'https://www.ligafemenil.mx/cancha/club/11189/necaxa', 'text': ''}","{'type': 'link', 'href': 'https://www.ligafemenil.mx/cancha/estadio/23/estadio-nou-camp', 'text': 'Nou Camp'}","{'type': 'link', 'href': 'https://www.ligafemenil.mx/cancha/mxm/140401/eyJpZERpdmlzaW9uIjoiMTQiLCJpZFRlbXBvcmFkYSI6Ijc1IiwiaWRUb3JuZW8iOiIxIiwiaWRDbHVibG9jYWwiOiIxMTI0MyIsImlkQ2x1YnZpc2l0YSI6IjExMTg5IiwiaWRQYXJ0aWRvIjoiMTQwNDAxIiwicGVzdGFuYSI6IjEifQ==/minuto-a-minuto-leon-vs-necaxa-jornada-13-estadio-nou-camp-fox-sports', 'text': ''}","{'type': 'link', 'href': 'https://www.ligafemenil.mx/cancha/mxm/140401/eyJpZERpdmlzaW9uIjoiMTQiLCJpZFRlbXBvcmFkYSI6Ijc1IiwiaWRUb3JuZW8iOiIxIiwiaWRDbHVibG9jYWwiOiIxMTI0MyIsImlkQ2x1YnZpc2l0YSI6IjExMTg5IiwiaWRQYXJ0aWRvIjoiMTQwNDAxIiwicGVzdGFuYSI6IjMifQ==/minuto-a-minuto-leon-vs-necaxa-jornada-13-estadio-nou-camp-fox-sports', 'text': ''}","{'type': 'link', 'href': 'https://www.ligafemenil.mx/cancha/informeArbitral/140401/eyJpZERpdmlzaW9uIjoiMTQiLCJpZFRlbXBvcmFkYSI6Ijc1IiwiaWRUb3JuZW8iOiIxIiwiaWRDbHVibG9jYWwiOiIxMTI0MyIsImlkQ2x1YnZpc2l0YSI6IjExMTg5In0=/informe-arbitral-leon-vs-necaxa-jornada-13-estadio-nou-camp-fox-sports', 'text': ''}","{'type': 'link', 'href': 'https://www.ligafemenil.mx/cancha/mxm/140401/eyJpZERpdmlzaW9uIjoiMTQiLCJpZFRlbXBvcmFkYSI6Ijc1IiwiaWRUb3JuZW8iOiIxIiwiaWRDbHVibG9jYWwiOiIxMTI0MyIsImlkQ2x1YnZpc2l0YSI6IjExMTg5IiwiaWRQYXJ0aWRvIjoiMTQwNDAxIiwicGVzdGFuYSI6IjQifQ==/minuto-a-minuto-leon-vs-necaxa-jornada-13-estadio-nou-camp-fox-sports', 'text': ''}","{'type': 'link', 'href': 'https://www.ligafemenil.mx/cancha/galeria/MTQwNDAxLzEzLzc1LzEvMTQ=/leon-vs-necaxa', 'text': ''}","{'type': 'link', 'href': 'https://www.ligafemenil.mx/cancha/playlist/140401/leon-vs-necaxa', 'text': ''}"
2024-2025,Apertura,"{'type': 'text', 'value': 'Jueves 3 de Octubre de 2024\nTemporada 2024-2025\nTorneo Apertura\nJornada 3\n3 Octubre 2024 - 21:00 hrs.'}","{'type': 'link', 'href': 'https://www.ligafemenil.mx/cancha/club/11185/rayados-de-monterrey', 'text': ''}","{'type': 'link', 'href': 'https://www.ligafemenil.mx/cancha/informeArbitral/140285/eyJpZERpdmlzaW9uIjoiMTQiLCJpZFRlbXBvcmFkYSI6Ijc1IiwiaWRUb3JuZW8iOiIxIiwiaWRDbHVibG9jYWwiOjExMTg1LCJpZENsdWJ2aXNpdGEiOjExMTkyfQ==/informe-arbitral-rayados-de-monterrey-vs-santos-laguna-jornada-3-estadio-bbva-vix', 'text': '4 - 1'}","{'type': 'link', 'href': 'https://www.ligafemenil.mx/cancha/club/11192/santos-laguna', 'text': ''}","{'type': 'link', 'href': 'https://www.ligafemenil.mx/cancha/estadio/1608/estadio-bbva', 'text': 'Estadio BBVA'}","{'type': 'link', 'href': 'https://www.ligafemenil.mx/cancha/mxm/140285/eyJpZERpdmlzaW9uIjoiMTQiLCJpZFRlbXBvcmFkYSI6Ijc1IiwiaWRUb3JuZW8iOiIxIiwiaWRDbHVibG9jYWwiOiIxMTE4NSIsImlkQ2x1YnZpc2l0YSI6IjExMTkyIiwiaWRQYXJ0aWRvIjoiMTQwMjg1IiwicGVzdGFuYSI6IjEifQ==/minuto-a-minuto-rayados-de-monterrey-vs-santos-laguna-jornada-3-estadio-bbva-vix', 'text': ''}","{'type': 'link', 'href': 'https://www.ligafemenil.mx/cancha/mxm/140285/eyJpZERpdmlzaW9uIjoiMTQiLCJpZFRlbXBvcmFkYSI6Ijc1IiwiaWRUb3JuZW8iOiIxIiwiaWRDbHVibG9jYWwiOiIxMTE4NSIsImlkQ2x1YnZpc2l0YSI6IjExMTkyIiwiaWRQYXJ0aWRvIjoiMTQwMjg1IiwicGVzdGFuYSI6IjMifQ==/minuto-a-minuto-rayados-de-monterrey-vs-santos-laguna-jornada-3-estadio-bbva-vix', 'text': ''}","{'type': 'link', 'href': 'https://www.ligafemenil.mx/cancha/informeArbitral/140285/eyJpZERpdmlzaW9uIjoiMTQiLCJpZFRlbXBvcmFkYSI6Ijc1IiwiaWRUb3JuZW8iOiIxIiwiaWRDbHVibG9jYWwiOiIxMTE4NSIsImlkQ2x1YnZpc2l0YSI6IjExMTkyIn0=/informe-arbitral-rayados-de-monterrey-vs-santos-laguna-jornada-3-estadio-bbva-vix', 'text': ''}","{'type': 'link', 'href': 'https://www.ligafemenil.mx/cancha/mxm/140285/eyJpZERpdmlzaW9uIjoiMTQiLCJpZFRlbXBvcmFkYSI6Ijc1IiwiaWRUb3JuZW8iOiIxIiwiaWRDbHVibG9jYWwiOiIxMTE4NSIsImlkQ2x1YnZpc2l0YSI6IjExMTkyIiwiaWRQYXJ0aWRvIjoiMTQwMjg1IiwicGVzdGFuYSI6IjQifQ==/minuto-a-minuto-rayados-de-monterrey-vs-santos-laguna-jornada-3-estadio-bbva-vix', 'text': ''}","{'type': 'link', 'href': 'https://www.ligafemenil.mx/cancha/galeria/MTQwMjg1LzMvNzUvMS8xNA==/rayados-de-monterrey-vs-santos-laguna', 'text': ''}","{'type': 'link', 'href': 'https://www.ligafemenil.mx/cancha/playlist/140285/rayados-de-monterrey-vs-santos-laguna', 'text': ''}"
2024-2025,Apertura,"{'type': 'text', 'value': 'Viernes 4 de Octubre de 2024\nTemporada 2024-2025\nTorneo Apertura\nJornada 14\n4 Octubre 2024 - 17:00 hrs.'}","{'type': 'link', 'href': 'https://www.ligafemenil.mx/cancha/club/12042/gallos-blancos-de-queretaro', 'text': ''}","{'type': 'link', 'href': 'https://www.ligafemenil.mx/cancha/informeArbitral/140404/eyJpZERpdmlzaW9uIjoiMTQiLCJpZFRlbXBvcmFkYSI6Ijc1IiwiaWRUb3JuZW8iOiIxIiwiaWRDbHVibG9jYWwiOjEyMDQyLCJpZENsdWJ2aXNpdGEiOjExMjQ1fQ==/informe-arbitral-gallos-blancos-de-queretaro-vs-atlas-jornada-14-estadio-la-corregidora-caliente-tv', 'text': '1 - 1'}","{'type': 'link', 'href': 'https://www.ligafemenil.mx/cancha/club/11245/atlas', 'text': ''}","{'type': 'link', 'href': 'https://www.ligafemenil.mx/cancha/estadio/25/estadio-la-corregidora', 'text': 'La Corregidora'}","{'type': 'link', 'href': 'https://www.ligafemenil.mx/cancha/mxm/140404/eyJpZERpdmlzaW9uIjoiMTQiLCJpZFRlbXBvcmFkYSI6Ijc1IiwiaWRUb3JuZW8iOiIxIiwiaWRDbHVibG9jYWwiOiIxMjA0MiIsImlkQ2x1YnZpc2l0YSI6IjExMjQ1IiwiaWRQYXJ0aWRvIjoiMTQwNDA0IiwicGVzdGFuYSI6IjEifQ==/minuto-a-minuto-gallos-blancos-de-queretaro-vs-atlas-jornada-14-estadio-la-corregidora-caliente-tv', 'text': ''}","{'type': 'link', 'href': 'https://www.ligafemenil.mx/cancha/mxm/140404/eyJpZERpdmlzaW9uIjoiMTQiLCJpZFRlbXBvcmFkYSI6Ijc1IiwiaWRUb3JuZW8iOiIxIiwiaWRDbHVibG9jYWwiOiIxMjA0MiIsImlkQ2x1YnZpc2l0YSI6IjExMjQ1IiwiaWRQYXJ0aWRvIjoiMTQwNDA0IiwicGVzdGFuYSI6IjMifQ==/minuto-a-minuto-gallos-blancos-de-queretaro-vs-atlas-jornada-14-estadio-la-corregidora-caliente-tv', 'text': ''}","{'type': 'link', 'href': 'https://www.ligafemenil.mx/cancha/informeArbitral/140404/eyJpZERpdmlzaW9uIjoiMTQiLCJpZFRlbXBvcmFkYSI6Ijc1IiwiaWRUb3JuZW8iOiIxIiwiaWRDbHVibG9jYWwiOiIxMjA0MiIsImlkQ2x1YnZpc2l0YSI6IjExMjQ1In0=/informe-arbitral-gallos-blancos-de-queretaro-vs-atlas-jornada-14-estadio-la-corregidora-caliente-tv', 'text': ''}","{'type': 'link', 'href': 'https://www.ligafemenil.mx/cancha/mxm/140404/eyJpZERpdmlzaW9uIjoiMTQiLCJpZFRlbXBvcmFkYSI6Ijc1IiwiaWRUb3JuZW8iOiIxIiwiaWRDbHVibG9jYWwiOiIxMjA0MiIsImlkQ2x1YnZpc2l0YSI6IjExMjQ1IiwiaWRQYXJ0aWRvIjoiMTQwNDA0IiwicGVzdGFuYSI6IjQifQ==/minuto-a-minuto-gallos-blancos-de-queretaro-vs-atlas-jornada-14-estadio-la-corregidora-caliente-tv', 'text': ''}","{'type': 'link', 'href': 'https://www.ligafemenil.mx/cancha/galeria/MTQwNDA0LzE0Lzc1LzEvMTQ=/gallos-blancos-de-queretaro-vs-atlas', 'text': ''}","{'type': 'link', 'href': 'https://www.ligafemenil.mx/cancha/playlist/140404/gallos-blancos-de-queretaro-vs-atlas', 'text': ''}"
2024-2025,Apertura,"{'type': 'text', 'value': 'Sábado 5 de Octubre de 2024\nTemporada 2024-2025\nTorneo Apertura\nJornada 14\n5 Octubre 2024 - 17:30 hrs.'}","{'type': 'link', 'href': 'https://www.ligafemenil.mx/cancha/club/11795/fc-juarez', 'text': ''}","{'type': 'link', 'href': 'https://www.ligafemenil.mx/cancha/informeArbitral/140406/eyJpZERpdmlzaW9uIjoiMTQiLCJpZFRlbXBvcmFkYSI6Ijc1IiwiaWRUb3JuZW8iOiIxIiwiaWRDbHVibG9jYWwiOjExNzk1LCJpZENsdWJ2aXNpdGEiOjExMTg3fQ==/informe-arbitral-fc-juarez-vs-toluca-jornada-14-estadio-olimpico-benito-juarez-fox-sports', 'text': '2 - 1'}","{'type': 'link', 'href': 'https://www.ligafemenil.mx/cancha/club/11187/toluca', 'text': ''}","{'type': 'link', 'href': 'https://www.ligafemenil.mx/cancha/estadio/17/estadio-olimpico-benito-juarez', 'text': 'Olímpico Benito Juárez'}","{'type': 'link', 'href': 'https://www.ligafemenil.mx/cancha/mxm/140406/eyJpZERpdmlzaW9uIjoiMTQiLCJpZFRlbXBvcmFkYSI6Ijc1IiwiaWRUb3JuZW8iOiIxIiwiaWRDbHVibG9jYWwiOiIxMTc5NSIsImlkQ2x1YnZpc2l0YSI6IjExMTg3IiwiaWRQYXJ0aWRvIjoiMTQwNDA2IiwicGVzdGFuYSI6IjEifQ==/minuto-a-minuto-fc-juarez-vs-toluca-jornada-14-estadio-olimpico-benito-juarez-fox-sports', 'text': ''}","{'type': 'link', 'href': 'https://www.ligafemenil.mx/cancha/mxm/140406/eyJpZERpdmlzaW9uIjoiMTQiLCJpZFRlbXBvcmFkYSI6Ijc1IiwiaWRUb3JuZW8iOiIxIiwiaWRDbHVibG9jYWwiOiIxMTc5NSIsImlkQ2x1YnZpc2l0YSI6IjExMTg3IiwiaWRQYXJ0aWRvIjoiMTQwNDA2IiwicGVzdGFuYSI6IjMifQ==/minuto-a-minuto-fc-juarez-vs-toluca-jornada-14-estadio-olimpico-benito-juarez-fox-sports', 'text': ''}","{'type': 'link', 'href': 'https://www.ligafemenil.mx/cancha/informeArbitral/140406/eyJpZERpdmlzaW9uIjoiMTQiLCJpZFRlbXBvcmFkYSI6Ijc1IiwiaWRUb3JuZW8iOiIxIiwiaWRDbHVibG9jYWwiOiIxMTc5NSIsImlkQ2x1YnZpc2l0YSI6IjExMTg3In0=/informe-arbitral-fc-juarez-vs-toluca-jornada-14-estadio-olimpico-benito-juarez-fox-sports', 'text': ''}","{'type': 'link', 'href': 'https://www.ligafemenil.mx/cancha/mxm/140406/eyJpZERpdmlzaW9uIjoiMTQiLCJpZFRlbXBvcmFkYSI6Ijc1IiwiaWRUb3JuZW8iOiIxIiwiaWRDbHVibG9jYWwiOiIxMTc5NSIsImlkQ2x1YnZpc2l0YSI6IjExMTg3IiwiaWRQYXJ0aWRvIjoiMTQwNDA2IiwicGVzdGFuYSI6IjQifQ==/minuto-a-minuto-fc-juarez-vs-toluca-jornada-14-estadio-olimpico-benito-juarez-fox-sports', 'text': ''}","{'type': 'link', 'href': 'https://www.ligafemenil.mx/cancha/galeria/MTQwNDA2LzE0Lzc1LzEvMTQ=/fc-juarez-vs-toluca', 'text': ''}","{'type': 'link', 'href': 'https://www.ligafemenil.mx/cancha/playlist/140406/fc-juarez-vs-toluca', 'text': ''}"
2024-2025,Apertura,"{'type': 'text', 'value': 'Sábado 5 de Octubre de 2024\nTemporada 2024-2025\nTorneo Apertura\nJornada 14\n5 Octubre 2024 - 20:10 hrs.'}","{'type': 'link', 'href': 'https://www.ligafemenil.mx/cancha/club/12051/mazatlan-fc', 'text': ''}","{'type': 'link', 'href': 'https://www.ligafemenil.mx/cancha/informeArbitral/140407/eyJpZERpdmlzaW9uIjoiMTQiLCJpZFRlbXBvcmFkYSI6Ijc1IiwiaWRUb3JuZW8iOiIxIiwiaWRDbHVibG9jYWwiOjEyMDUxLCJpZENsdWJ2aXNpdGEiOjExMTg4fQ==/informe-arbitral-mazatlan-fc-vs-pumas-jornada-14-estadio-el-encanto-fox-sports', 'text': '2 - 1'}","{'type': 'link', 'href': 'https://www.ligafemenil.mx/cancha/club/11188/pumas', 'text': ''}","{'type': 'link', 'href': 'https://www.ligafemenil.mx/cancha/estadio/1931/estadio-el-encanto', 'text': 'El Encanto'}","{'type': 'link', 'href': 'https://www.ligafemenil.mx/cancha/mxm/140407/eyJpZERpdmlzaW9uIjoiMTQiLCJpZFRlbXBvcmFkYSI6Ijc1IiwiaWRUb3JuZW8iOiIxIiwiaWRDbHVibG9jYWwiOiIxMjA1MSIsImlkQ2x1YnZpc2l0YSI6IjExMTg4IiwiaWRQYXJ0aWRvIjoiMTQwNDA3IiwicGVzdGFuYSI6IjEifQ==/minuto-a-minuto-mazatlan-fc-vs-pumas-jornada-14-estadio-el-encanto-fox-sports', 'text': ''}","{'type': 'link', 'href': 'https://www.ligafemenil.mx/cancha/mxm/140407/eyJpZERpdmlzaW9uIjoiMTQiLCJpZFRlbXBvcmFkYSI6Ijc1IiwiaWRUb3JuZW8iOiIxIiwiaWRDbHVibG9jYWwiOiIxMjA1MSIsImlkQ2x1YnZpc2l0YSI6IjExMTg4IiwiaWRQYXJ0aWRvIjoiMTQwNDA3IiwicGVzdGFuYSI6IjMifQ==/minuto-a-minuto-mazatlan-fc-vs-pumas-jornada-14-estadio-el-encanto-fox-sports', 'text': ''}","{'type': 'link', 'href': 'https://www.ligafemenil.mx/cancha/informeArbitral/140407/eyJpZERpdmlzaW9uIjoiMTQiLCJpZFRlbXBvcmFkYSI6Ijc1IiwiaWRUb3JuZW8iOiIxIiwiaWRDbHVibG9jYWwiOiIxMjA1MSIsImlkQ2x1YnZpc2l0YSI6IjExMTg4In0=/informe-arbitral-mazatlan-fc-vs-pumas-jornada-14-estadio-el-encanto-fox-sports', 'text': ''}","{'type': 'link', 'href': 'https://www.ligafemenil.mx/cancha/mxm/140407/eyJpZERpdmlzaW9uIjoiMTQiLCJpZFRlbXBvcmFkYSI6Ijc1IiwiaWRUb3JuZW8iOiIxIiwiaWRDbHVibG9jYWwiOiIxMjA1MSIsImlkQ2x1YnZpc2l0YSI6IjExMTg4IiwiaWRQYXJ0aWRvIjoiMTQwNDA3IiwicGVzdGFuYSI6IjQifQ==/minuto-a-minuto-mazatlan-fc-vs-pumas-jornada-14-estadio-el-encanto-fox-sports', 'text': ''}","{'type': 'link', 'href': 'https://www.ligafemenil.mx/cancha/galeria/MTQwNDA3LzE0Lzc1LzEvMTQ=/mazatlan-fc-vs-pumas', 'text': ''}","{'type': 'link', 'href': 'https://www.ligafemenil.mx/cancha/playlist/140407/mazatlan-fc-vs-pumas', 'text': ''}"
2024-2025,Apertura,"{'type': 'text', 'value': 'Domingo 6 de Octubre de 2024\nTemporada 2024-2025\nTorneo Apertura\nJornada 14\n6 Octubre 2024 - 12:00 hrs.'}","{'type': 'link', 'href': 'https://www.ligafemenil.mx/cancha/club/11181/cruz-azul', 'text': ''}","{'type': 'link', 'href': 'https://www.ligafemenil.mx/cancha/informeArbitral/140405/eyJpZERpdmlzaW9uIjoiMTQiLCJpZFRlbXBvcmFkYSI6Ijc1IiwiaWRUb3JuZW8iOiIxIiwiaWRDbHVibG9jYWwiOjExMTgxLCJpZENsdWJ2aXNpdGEiOjExNTQzfQ==/informe-arbitral-cruz-azul-vs-puebla-fc-jornada-14-estadio-instalaciones-la-noria-cancha-1-vix', 'text': '3 - 0'}","{'type': 'link', 'href': 'https://www.ligafemenil.mx/cancha/club/11543/puebla-fc', 'text': ''}","{'type': 'link', 'href': 'https://www.ligafemenil.mx/cancha/estadio/1549/estadio-instalaciones-la-noria-cancha-1', 'text': 'Instalaciones la Noria Cancha 1'}","{'type': 'link', 'href': 'https://www.ligafemenil.mx/cancha/mxm/140405/eyJpZERpdmlzaW9uIjoiMTQiLCJpZFRlbXBvcmFkYSI6Ijc1IiwiaWRUb3JuZW8iOiIxIiwiaWRDbHVibG9jYWwiOiIxMTE4MSIsImlkQ2x1YnZpc2l0YSI6IjExNTQzIiwiaWRQYXJ0aWRvIjoiMTQwNDA1IiwicGVzdGFuYSI6IjEifQ==/minuto-a-minuto-cruz-azul-vs-puebla-fc-jornada-14-estadio-instalaciones-la-noria-cancha-1-vix', 'text': ''}","{'type': 'link', 'href': 'https://www.ligafemenil.mx/cancha/mxm/140405/eyJpZERpdmlzaW9uIjoiMTQiLCJpZFRlbXBvcmFkYSI6Ijc1IiwiaWRUb3JuZW8iOiIxIiwiaWRDbHVibG9jYWwiOiIxMTE4MSIsImlkQ2x1YnZpc2l0YSI6IjExNTQzIiwiaWRQYXJ0aWRvIjoiMTQwNDA1IiwicGVzdGFuYSI6IjMifQ==/minuto-a-minuto-cruz-azul-vs-puebla-fc-jornada-14-estadio-instalaciones-la-noria-cancha-1-vix', 'text': ''}","{'type': 'link', 'href': 'https://www.ligafemenil.mx/cancha/informeArbitral/140405/eyJpZERpdmlzaW9uIjoiMTQiLCJpZFRlbXBvcmFkYSI6Ijc1IiwiaWRUb3JuZW8iOiIxIiwiaWRDbHVibG9jYWwiOiIxMTE4MSIsImlkQ2x1YnZpc2l0YSI6IjExNTQzIn0=/informe-arbitral-cruz-azul-vs-puebla-fc-jornada-14-estadio-instalaciones-la-noria-cancha-1-vix', 'text': ''}","{'type': 'link', 'href': 'https://www.ligafemenil.mx/cancha/mxm/140405/eyJpZERpdmlzaW9uIjoiMTQiLCJpZFRlbXBvcmFkYSI6Ijc1IiwiaWRUb3JuZW8iOiIxIiwiaWRDbHVibG9jYWwiOiIxMTE4MSIsImlkQ2x1YnZpc2l0YSI6IjExNTQzIiwiaWRQYXJ0aWRvIjoiMTQwNDA1IiwicGVzdGFuYSI6IjQifQ==/minuto-a-minuto-cruz-azul-vs-puebla-fc-jornada-14-estadio-instalaciones-la-noria-cancha-1-vix', 'text': ''}","{'type': 'link', 'href': 'https://www.ligafemenil.mx/cancha/galeria/MTQwNDA1LzE0Lzc1LzEvMTQ=/cruz-azul-vs-puebla-fc', 'text': ''}","{'type': 'link', 'href': 'https://www.ligafemenil.mx/cancha/playlist/140405/cruz-azul-vs-puebla-fc', 'text': ''}"
2024-2025,Apertura,"{'type': 'text', 'value': 'Domingo 6 de Octubre de 2024\nTemporada 2024-2025\nTorneo Apertura\nJornada 14\n6 Octubre 2024 - 18:00 hrs.'}","{'type': 'link', 'href': 'https://www.ligafemenil.mx/cancha/club/11182/guadalajara', 'text': ''}","{'type': 'link', 'href': 'https://www.ligafemenil.mx/cancha/informeArbitral/140408/eyJpZERpdmlzaW9uIjoiMTQiLCJpZFRlbXBvcmFkYSI6Ijc1IiwiaWRUb3JuZW8iOiIxIiwiaWRDbHVibG9jYWwiOjExMTgyLCJpZENsdWJ2aXNpdGEiOjExMTgwfQ==/informe-arbitral-guadalajara-vs-tijuana-jornada-14-estadio-jalisco-fox-sports', 'text': '3 - 1'}","{'type': 'link', 'href': 'https://www.ligafemenil.mx/cancha/club/11180/tijuana', 'text': ''}","{'type': 'link', 'href': 'https://www.ligafemenil.mx/cancha/estadio/5/estadio-jalisco', 'text': 'Jalisco'}","{'type': 'link', 'href': 'https://www.ligafemenil.mx/cancha/mxm/140408/eyJpZERpdmlzaW9uIjoiMTQiLCJpZFRlbXBvcmFkYSI6Ijc1IiwiaWRUb3JuZW8iOiIxIiwiaWRDbHVibG9jYWwiOiIxMTE4MiIsImlkQ2x1YnZpc2l0YSI6IjExMTgwIiwiaWRQYXJ0aWRvIjoiMTQwNDA4IiwicGVzdGFuYSI6IjEifQ==/minuto-a-minuto-guadalajara-vs-tijuana-jornada-14-estadio-jalisco-fox-sports', 'text': ''}","{'type': 'link', 'href': 'https://www.ligafemenil.mx/cancha/mxm/140408/eyJpZERpdmlzaW9uIjoiMTQiLCJpZFRlbXBvcmFkYSI6Ijc1IiwiaWRUb3JuZW8iOiIxIiwiaWRDbHVibG9jYWwiOiIxMTE4MiIsImlkQ2x1YnZpc2l0YSI6IjExMTgwIiwiaWRQYXJ0aWRvIjoiMTQwNDA4IiwicGVzdGFuYSI6IjMifQ==/minuto-a-minuto-guadalajara-vs-tijuana-jornada-14-estadio-jalisco-fox-sports', 'text': ''}","{'type': 'link', 'href': 'https://www.ligafemenil.mx/cancha/informeArbitral/140408/eyJpZERpdmlzaW9uIjoiMTQiLCJpZFRlbXBvcmFkYSI6Ijc1IiwiaWRUb3JuZW8iOiIxIiwiaWRDbHVibG9jYWwiOiIxMTE4MiIsImlkQ2x1YnZpc2l0YSI6IjExMTgwIn0=/informe-arbitral-guadalajara-vs-tijuana-jornada-14-estadio-jalisco-fox-sports', 'text': ''}","{'type': 'link', 'href': 'https://www.ligafemenil.mx/cancha/mxm/140408/eyJpZERpdmlzaW9uIjoiMTQiLCJpZFRlbXBvcmFkYSI6Ijc1IiwiaWRUb3JuZW8iOiIxIiwiaWRDbHVibG9jYWwiOiIxMTE4MiIsImlkQ2x1YnZpc2l0YSI6IjExMTgwIiwiaWRQYXJ0aWRvIjoiMTQwNDA4IiwicGVzdGFuYSI6IjQifQ==/minuto-a-minuto-guadalajara-vs-tijuana-jornada-14-estadio-jalisco-fox-sports', 'text': ''}","{'type': 'link', 'href': 'https://www.ligafemenil.mx/cancha/galeria/MTQwNDA4LzE0Lzc1LzEvMTQ=/guadalajara-vs-tijuana', 'text': ''}","{'type': 'link', 'href': 'https://www.ligafemenil.mx/cancha/playlist/140408/guadalajara-vs-tijuana', 'text': ''}"
2024-2025,Apertura,"{'type': 'text', 'value': 'Domingo 6 de Octubre de 2024\nTemporada 2024-2025\nTorneo Apertura\nJornada 14\n6 Octubre 2024 - 20:06 hrs.'}","{'type': 'link', 'href': 'https://www.ligafemenil.mx/cancha/club/11186/tigres-de-la-uanl', 'text': ''}","{'type': 'link', 'href': 'https://www.ligafemenil.mx/cancha/informeArbitral/140409/eyJpZERpdmlzaW9uIjoiMTQiLCJpZFRlbXBvcmFkYSI6Ijc1IiwiaWRUb3JuZW8iOiIxIiwiaWRDbHVibG9jYWwiOjExMTg2LCJpZENsdWJ2aXNpdGEiOjExMTkxfQ==/informe-arbitral-tigres-de-la-uanl-vs-america-jornada-14-estadio-universitario-fox-sports', 'text': '0 - 1'}","{'type': 'link', 'href': 'https://www.ligafemenil.mx/cancha/club/11191/america', 'text': ''}","{'type': 'link', 'href': 'https://www.ligafemenil.mx/cancha/estadio/12/estadio-universitario', 'text': 'Universitario'}","{'type': 'link', 'href': 'https://www.ligafemenil.mx/cancha/mxm/140409/eyJpZERpdmlzaW9uIjoiMTQiLCJpZFRlbXBvcmFkYSI6Ijc1IiwiaWRUb3JuZW8iOiIxIiwiaWRDbHVibG9jYWwiOiIxMTE4NiIsImlkQ2x1YnZpc2l0YSI6IjExMTkxIiwiaWRQYXJ0aWRvIjoiMTQwNDA5IiwicGVzdGFuYSI6IjEifQ==/minuto-a-minuto-tigres-de-la-uanl-vs-america-jornada-14-estadio-universitario-fox-sports', 'text': ''}","{'type': 'link', 'href': 'https://www.ligafemenil.mx/cancha/mxm/140409/eyJpZERpdmlzaW9uIjoiMTQiLCJpZFRlbXBvcmFkYSI6Ijc1IiwiaWRUb3JuZW8iOiIxIiwiaWRDbHVibG9jYWwiOiIxMTE4NiIsImlkQ2x1YnZpc2l0YSI6IjExMTkxIiwiaWRQYXJ0aWRvIjoiMTQwNDA5IiwicGVzdGFuYSI6IjMifQ==/minuto-a-minuto-tigres-de-la-uanl-vs-america-jornada-14-estadio-universitario-fox-sports', 'text': ''}","{'type': 'link', 'href': 'https://www.ligafemenil.mx/cancha/informeArbitral/140409/eyJpZERpdmlzaW9uIjoiMTQiLCJpZFRlbXBvcmFkYSI6Ijc1IiwiaWRUb3JuZW8iOiIxIiwiaWRDbHVibG9jYWwiOiIxMTE4NiIsImlkQ2x1YnZpc2l0YSI6IjExMTkxIn0=/informe-arbitral-tigres-de-la-uanl-vs-america-jornada-14-estadio-universitario-fox-sports', 'text': ''}","{'type': 'link', 'href': 'https://www.ligafemenil.mx/cancha/mxm/140409/eyJpZERpdmlzaW9uIjoiMTQiLCJpZFRlbXBvcmFkYSI6Ijc1IiwiaWRUb3JuZW8iOiIxIiwiaWRDbHVibG9jYWwiOiIxMTE4NiIsImlkQ2x1YnZpc2l0YSI6IjExMTkxIiwiaWRQYXJ0aWRvIjoiMTQwNDA5IiwicGVzdGFuYSI6IjQifQ==/minuto-a-minuto-tigres-de-la-uanl-vs-america-jornada-14-estadio-universitario-fox-sports', 'text': ''}","{'type': 'link', 'href': 'https://www.ligafemenil.mx/cancha/galeria/MTQwNDA5LzE0Lzc1LzEvMTQ=/tigres-de-la-uanl-vs-america', 'text': ''}","{'type': 'link', 'href': 'https://www.ligafemenil.mx/cancha/playlist/140409/tigres-de-la-uanl-vs-america', 'text': ''}"
2024-2025,Apertura,"{'type': 'text', 'value': 'Lunes 7 de Octubre de 2024\nTemporada 2024-2025\nTorneo Apertura\nJornada 14\n7 Octubre 2024 - 17:00 hrs.'}","{'type': 'link', 'href': 'https://www.ligafemenil.mx/cancha/club/11778/club-atletico-de-san-luis', 'text': ''}","{'type': 'link', 'href': 'https://www.ligafemenil.mx/cancha/informeArbitral/140411/eyJpZERpdmlzaW9uIjoiMTQiLCJpZFRlbXBvcmFkYSI6Ijc1IiwiaWRUb3JuZW8iOiIxIiwiaWRDbHVibG9jYWwiOjExNzc4LCJpZENsdWJ2aXNpdGEiOjExMjQzfQ==/informe-arbitral-club-atletico-de-san-luis-vs-leon-jornada-14-estadio-alfonso-lastras-ramirez-espn', 'text': '2 - 2'}","{'type': 'link', 'href': 'https://www.ligafemenil.mx/cancha/club/11243/leon', 'text': ''}","{'type': 'link', 'href': 'https://www.ligafemenil.mx/cancha/estadio/14/estadio-alfonso-lastras-ramirez', 'text': 'Alfonso Lastras Ramírez'}","{'type': 'link', 'href': 'https://www.ligafemenil.mx/cancha/mxm/140411/eyJpZERpdmlzaW9uIjoiMTQiLCJpZFRlbXBvcmFkYSI6Ijc1IiwiaWRUb3JuZW8iOiIxIiwiaWRDbHVibG9jYWwiOiIxMTc3OCIsImlkQ2x1YnZpc2l0YSI6IjExMjQzIiwiaWRQYXJ0aWRvIjoiMTQwNDExIiwicGVzdGFuYSI6IjEifQ==/minuto-a-minuto-club-atletico-de-san-luis-vs-leon-jornada-14-estadio-alfonso-lastras-ramirez-espn', 'text': ''}","{'type': 'link', 'href': 'https://www.ligafemenil.mx/cancha/mxm/140411/eyJpZERpdmlzaW9uIjoiMTQiLCJpZFRlbXBvcmFkYSI6Ijc1IiwiaWRUb3JuZW8iOiIxIiwiaWRDbHVibG9jYWwiOiIxMTc3OCIsImlkQ2x1YnZpc2l0YSI6IjExMjQzIiwiaWRQYXJ0aWRvIjoiMTQwNDExIiwicGVzdGFuYSI6IjMifQ==/minuto-a-minuto-club-atletico-de-san-luis-vs-leon-jornada-14-estadio-alfonso-lastras-ramirez-espn', 'text': ''}","{'type': 'link', 'href': 'https://www.ligafemenil.mx/cancha/informeArbitral/140411/eyJpZERpdmlzaW9uIjoiMTQiLCJpZFRlbXBvcmFkYSI6Ijc1IiwiaWRUb3JuZW8iOiIxIiwiaWRDbHVibG9jYWwiOiIxMTc3OCIsImlkQ2x1YnZpc2l0YSI6IjExMjQzIn0=/informe-arbitral-club-atletico-de-san-luis-vs-leon-jornada-14-estadio-alfonso-lastras-ramirez-espn', 'text': ''}","{'type': 'link', 'href': 'https://www.ligafemenil.mx/cancha/mxm/140411/eyJpZERpdmlzaW9uIjoiMTQiLCJpZFRlbXBvcmFkYSI6Ijc1IiwiaWRUb3JuZW8iOiIxIiwiaWRDbHVibG9jYWwiOiIxMTc3OCIsImlkQ2x1YnZpc2l0YSI6IjExMjQzIiwiaWRQYXJ0aWRvIjoiMTQwNDExIiwicGVzdGFuYSI6IjQifQ==/minuto-a-minuto-club-atletico-de-san-luis-vs-leon-jornada-14-estadio-alfonso-lastras-ramirez-espn', 'text': ''}","{'type': 'link', 'href': 'https://www.ligafemenil.mx/cancha/galeria/MTQwNDExLzE0Lzc1LzEvMTQ=/club-atletico-de-san-luis-vs-leon', 'text': ''}","{'type': 'link', 'href': 'https://www.ligafemenil.mx/cancha/playlist/140411/club-atletico-de-san-luis-vs-leon', 'text': ''}"
2024-2025,Apertura,"{'type': 'text', 'value': 'Lunes 7 de Octubre de 2024\nTemporada 2024-2025\nTorneo Apertura\nJornada 14\n7 Octubre 2024 - 19:06 hrs.'}","{'type': 'link', 'href': 'https://www.ligafemenil.mx/cancha/club/11184/pachuca', 'text': ''}","{'type': 'link', 'href': 'https://www.ligafemenil.mx/cancha/informeArbitral/140410/eyJpZERpdmlzaW9uIjoiMTQiLCJpZFRlbXBvcmFkYSI6Ijc1IiwiaWRUb3JuZW8iOiIxIiwiaWRDbHVibG9jYWwiOjExMTg0LCJpZENsdWJ2aXNpdGEiOjExMTg1fQ==/informe-arbitral-pachuca-vs-rayados-de-monterrey-jornada-14-estadio-hidalgo-fox-sports', 'text': '0 - 0'}","{'type': 'link', 'href': 'https://www.ligafemenil.mx/cancha/club/11185/rayados-de-monterrey', 'text': ''}","{'type': 'link', 'href': 'https://www.ligafemenil.mx/cancha/estadio/11/estadio-hidalgo', 'text': 'Hidalgo'}","{'type': 'link', 'href': 'https://www.ligafemenil.mx/cancha/mxm/140410/eyJpZERpdmlzaW9uIjoiMTQiLCJpZFRlbXBvcmFkYSI6Ijc1IiwiaWRUb3JuZW8iOiIxIiwiaWRDbHVibG9jYWwiOiIxMTE4NCIsImlkQ2x1YnZpc2l0YSI6IjExMTg1IiwiaWRQYXJ0aWRvIjoiMTQwNDEwIiwicGVzdGFuYSI6IjEifQ==/minuto-a-minuto-pachuca-vs-rayados-de-monterrey-jornada-14-estadio-hidalgo-fox-sports', 'text': ''}","{'type': 'link', 'href': 'https://www.ligafemenil.mx/cancha/mxm/140410/eyJpZERpdmlzaW9uIjoiMTQiLCJpZFRlbXBvcmFkYSI6Ijc1IiwiaWRUb3JuZW8iOiIxIiwiaWRDbHVibG9jYWwiOiIxMTE4NCIsImlkQ2x1YnZpc2l0YSI6IjExMTg1IiwiaWRQYXJ0aWRvIjoiMTQwNDEwIiwicGVzdGFuYSI6IjMifQ==/minuto-a-minuto-pachuca-vs-rayados-de-monterrey-jornada-14-estadio-hidalgo-fox-sports', 'text': ''}","{'type': 'link', 'href': 'https://www.ligafemenil.mx/cancha/informeArbitral/140410/eyJpZERpdmlzaW9uIjoiMTQiLCJpZFRlbXBvcmFkYSI6Ijc1IiwiaWRUb3JuZW8iOiIxIiwiaWRDbHVibG9jYWwiOiIxMTE4NCIsImlkQ2x1YnZpc2l0YSI6IjExMTg1In0=/informe-arbitral-pachuca-vs-rayados-de-monterrey-jornada-14-estadio-hidalgo-fox-sports', 'text': ''}","{'type': 'link', 'href': 'https://www.ligafemenil.mx/cancha/mxm/140410/eyJpZERpdmlzaW9uIjoiMTQiLCJpZFRlbXBvcmFkYSI6Ijc1IiwiaWRUb3JuZW8iOiIxIiwiaWRDbHVibG9jYWwiOiIxMTE4NCIsImlkQ2x1YnZpc2l0YSI6IjExMTg1IiwiaWRQYXJ0aWRvIjoiMTQwNDEwIiwicGVzdGFuYSI6IjQifQ==/minuto-a-minuto-pachuca-vs-rayados-de-monterrey-jornada-14-estadio-hidalgo-fox-sports', 'text': ''}","{'type': 'link', 'href': 'https://www.ligafemenil.mx/cancha/galeria/MTQwNDEwLzE0Lzc1LzEvMTQ=/pachuca-vs-rayados-de-monterrey', 'text': ''}","{'type': 'link', 'href': 'https://www.ligafemenil.mx/cancha/playlist/140410/pachuca-vs-rayados-de-monterrey', 'text': ''}"
2024-2025,Apertura,"{'type': 'text', 'value': 'Jueves 10 de Octubre de 2024\nTemporada 2024-2025\nTorneo Apertura\nJornada 12\n10 Octubre 2024 - 20:10 hrs.'}","{'type': 'link', 'href': 'https://www.ligafemenil.mx/cancha/club/12051/mazatlan-fc', 'text': ''}","{'type': 'link', 'href': 'https://www.ligafemenil.mx/cancha/informeArbitral/140382/eyJpZERpdmlzaW9uIjoiMTQiLCJpZFRlbXBvcmFkYSI6Ijc1IiwiaWRUb3JuZW8iOiIxIiwiaWRDbHVibG9jYWwiOjEyMDUxLCJpZENsdWJ2aXNpdGEiOjExMTgwfQ==/informe-arbitral-mazatlan-fc-vs-tijuana-jornada-12-estadio-el-encanto-fox-sports', 'text': '1 - 3'}","{'type': 'link', 'href': 'https://www.ligafemenil.mx/cancha/club/11180/tijuana', 'text': ''}","{'type': 'link', 'href': 'https://www.ligafemenil.mx/cancha/estadio/1931/estadio-el-encanto', 'text': 'El Encanto'}","{'type': 'link', 'href': 'https://www.ligafemenil.mx/cancha/mxm/140382/eyJpZERpdmlzaW9uIjoiMTQiLCJpZFRlbXBvcmFkYSI6Ijc1IiwiaWRUb3JuZW8iOiIxIiwiaWRDbHVibG9jYWwiOiIxMjA1MSIsImlkQ2x1YnZpc2l0YSI6IjExMTgwIiwiaWRQYXJ0aWRvIjoiMTQwMzgyIiwicGVzdGFuYSI6IjEifQ==/minuto-a-minuto-mazatlan-fc-vs-tijuana-jornada-12-estadio-el-encanto-fox-sports', 'text': ''}","{'type': 'link', 'href': 'https://www.ligafemenil.mx/cancha/mxm/140382/eyJpZERpdmlzaW9uIjoiMTQiLCJpZFRlbXBvcmFkYSI6Ijc1IiwiaWRUb3JuZW8iOiIxIiwiaWRDbHVibG9jYWwiOiIxMjA1MSIsImlkQ2x1YnZpc2l0YSI6IjExMTgwIiwiaWRQYXJ0aWRvIjoiMTQwMzgyIiwicGVzdGFuYSI6IjMifQ==/minuto-a-minuto-mazatlan-fc-vs-tijuana-jornada-12-estadio-el-encanto-fox-sports', 'text': ''}","{'type': 'link', 'href': 'https://www.ligafemenil.mx/cancha/informeArbitral/140382/eyJpZERpdmlzaW9uIjoiMTQiLCJpZFRlbXBvcmFkYSI6Ijc1IiwiaWRUb3JuZW8iOiIxIiwiaWRDbHVibG9jYWwiOiIxMjA1MSIsImlkQ2x1YnZpc2l0YSI6IjExMTgwIn0=/informe-arbitral-mazatlan-fc-vs-tijuana-jornada-12-estadio-el-encanto-fox-sports', 'text': ''}","{'type': 'link', 'href': 'https://www.ligafemenil.mx/cancha/mxm/140382/eyJpZERpdmlzaW9uIjoiMTQiLCJpZFRlbXBvcmFkYSI6Ijc1IiwiaWRUb3JuZW8iOiIxIiwiaWRDbHVibG9jYWwiOiIxMjA1MSIsImlkQ2x1YnZpc2l0YSI6IjExMTgwIiwiaWRQYXJ0aWRvIjoiMTQwMzgyIiwicGVzdGFuYSI6IjQifQ==/minuto-a-minuto-mazatlan-fc-vs-tijuana-jornada-12-estadio-el-encanto-fox-sports', 'text': ''}","{'type': 'link', 'href': 'https://www.ligafemenil.mx/cancha/galeria/MTQwMzgyLzEyLzc1LzEvMTQ=/mazatlan-fc-vs-tijuana', 'text': ''}","{'type': 'link', 'href': 'https://www.ligafemenil.mx/cancha/playlist/140382/mazatlan-fc-vs-tijuana', 'text': ''}"
2024-2025,Apertura,"{'type': 'text', 'value': 'Viernes 11 de Octubre de 2024\nTemporada 2024-2025\nTorneo Apertura\nJornada 15\n11 Octubre 2024 - 19:06 hrs.'}","{'type': 'link', 'href': 'https://www.ligafemenil.mx/cancha/club/11186/tigres-de-la-uanl', 'text': ''}","{'type': 'link', 'href': 'https://www.ligafemenil.mx/cancha/informeArbitral/140387/eyJpZERpdmlzaW9uIjoiMTQiLCJpZFRlbXBvcmFkYSI6Ijc1IiwiaWRUb3JuZW8iOiIxIiwiaWRDbHVibG9jYWwiOjExMTg2LCJpZENsdWJ2aXNpdGEiOjEyMDQyfQ==/informe-arbitral-tigres-de-la-uanl-vs-gallos-blancos-de-queretaro-jornada-15-estadio-universitario-fox-sports', 'text': '5 - 3'}","{'type': 'link', 'href': 'https://www.ligafemenil.mx/cancha/club/12042/gallos-blancos-de-queretaro', 'text': ''}","{'type': 'link', 'href': 'https://www.ligafemenil.mx/cancha/estadio/12/estadio-universitario', 'text': 'Universitario'}","{'type': 'link', 'href': 'https://www.ligafemenil.mx/cancha/mxm/140387/eyJpZERpdmlzaW9uIjoiMTQiLCJpZFRlbXBvcmFkYSI6Ijc1IiwiaWRUb3JuZW8iOiIxIiwiaWRDbHVibG9jYWwiOiIxMTE4NiIsImlkQ2x1YnZpc2l0YSI6IjEyMDQyIiwiaWRQYXJ0aWRvIjoiMTQwMzg3IiwicGVzdGFuYSI6IjEifQ==/minuto-a-minuto-tigres-de-la-uanl-vs-gallos-blancos-de-queretaro-jornada-15-estadio-universitario-fox-sports', 'text': ''}","{'type': 'link', 'href': 'https://www.ligafemenil.mx/cancha/mxm/140387/eyJpZERpdmlzaW9uIjoiMTQiLCJpZFRlbXBvcmFkYSI6Ijc1IiwiaWRUb3JuZW8iOiIxIiwiaWRDbHVibG9jYWwiOiIxMTE4NiIsImlkQ2x1YnZpc2l0YSI6IjEyMDQyIiwiaWRQYXJ0aWRvIjoiMTQwMzg3IiwicGVzdGFuYSI6IjMifQ==/minuto-a-minuto-tigres-de-la-uanl-vs-gallos-blancos-de-queretaro-jornada-15-estadio-universitario-fox-sports', 'text': ''}","{'type': 'link', 'href': 'https://www.ligafemenil.mx/cancha/informeArbitral/140387/eyJpZERpdmlzaW9uIjoiMTQiLCJpZFRlbXBvcmFkYSI6Ijc1IiwiaWRUb3JuZW8iOiIxIiwiaWRDbHVibG9jYWwiOiIxMTE4NiIsImlkQ2x1YnZpc2l0YSI6IjEyMDQyIn0=/informe-arbitral-tigres-de-la-uanl-vs-gallos-blancos-de-queretaro-jornada-15-estadio-universitario-fox-sports', 'text': ''}","{'type': 'link', 'href': 'https://www.ligafemenil.mx/cancha/mxm/140387/eyJpZERpdmlzaW9uIjoiMTQiLCJpZFRlbXBvcmFkYSI6Ijc1IiwiaWRUb3JuZW8iOiIxIiwiaWRDbHVibG9jYWwiOiIxMTE4NiIsImlkQ2x1YnZpc2l0YSI6IjEyMDQyIiwiaWRQYXJ0aWRvIjoiMTQwMzg3IiwicGVzdGFuYSI6IjQifQ==/minuto-a-minuto-tigres-de-la-uanl-vs-gallos-blancos-de-queretaro-jornada-15-estadio-universitario-fox-sports', 'text': ''}","{'type': 'link', 'href': 'https://www.ligafemenil.mx/cancha/galeria/MTQwMzg3LzE1Lzc1LzEvMTQ=/tigres-de-la-uanl-vs-gallos-blancos-de-queretaro', 'text': ''}","{'type': 'link', 'href': 'https://www.ligafemenil.mx/cancha/playlist/140387/tigres-de-la-uanl-vs-gallos-blancos-de-queretaro', 'text': ''}"
2024-2025,Apertura,"{'type': 'text', 'value': 'Viernes 11 de Octubre de 2024\nTemporada 2024-2025\nTorneo Apertura\nJornada 15\n11 Octubre 2024 - 21:00 hrs.'}","{'type': 'link', 'href': 'https://www.ligafemenil.mx/cancha/club/11245/atlas', 'text': ''}","{'type': 'link', 'href': 'https://www.ligafemenil.mx/cancha/informeArbitral/140388/eyJpZERpdmlzaW9uIjoiMTQiLCJpZFRlbXBvcmFkYSI6Ijc1IiwiaWRUb3JuZW8iOiIxIiwiaWRDbHVibG9jYWwiOjExMjQ1LCJpZENsdWJ2aXNpdGEiOjExMTgyfQ==/informe-arbitral-atlas-vs-guadalajara-jornada-15-estadio-jalisco-caliente-tv', 'text': '1 - 5'}","{'type': 'link', 'href': 'https://www.ligafemenil.mx/cancha/club/11182/guadalajara', 'text': ''}","{'type': 'link', 'href': 'https://www.ligafemenil.mx/cancha/estadio/5/estadio-jalisco', 'text': 'Jalisco'}","{'type': 'link', 'href': 'https://www.ligafemenil.mx/cancha/mxm/140388/eyJpZERpdmlzaW9uIjoiMTQiLCJpZFRlbXBvcmFkYSI6Ijc1IiwiaWRUb3JuZW8iOiIxIiwiaWRDbHVibG9jYWwiOiIxMTI0NSIsImlkQ2x1YnZpc2l0YSI6IjExMTgyIiwiaWRQYXJ0aWRvIjoiMTQwMzg4IiwicGVzdGFuYSI6IjEifQ==/minuto-a-minuto-atlas-vs-guadalajara-jornada-15-estadio-jalisco-caliente-tv', 'text': ''}","{'type': 'link', 'href': 'https://www.ligafemenil.mx/cancha/mxm/140388/eyJpZERpdmlzaW9uIjoiMTQiLCJpZFRlbXBvcmFkYSI6Ijc1IiwiaWRUb3JuZW8iOiIxIiwiaWRDbHVibG9jYWwiOiIxMTI0NSIsImlkQ2x1YnZpc2l0YSI6IjExMTgyIiwiaWRQYXJ0aWRvIjoiMTQwMzg4IiwicGVzdGFuYSI6IjMifQ==/minuto-a-minuto-atlas-vs-guadalajara-jornada-15-estadio-jalisco-caliente-tv', 'text': ''}","{'type': 'link', 'href': 'https://www.ligafemenil.mx/cancha/informeArbitral/140388/eyJpZERpdmlzaW9uIjoiMTQiLCJpZFRlbXBvcmFkYSI6Ijc1IiwiaWRUb3JuZW8iOiIxIiwiaWRDbHVibG9jYWwiOiIxMTI0NSIsImlkQ2x1YnZpc2l0YSI6IjExMTgyIn0=/informe-arbitral-atlas-vs-guadalajara-jornada-15-estadio-jalisco-caliente-tv', 'text': ''}","{'type': 'link', 'href': 'https://www.ligafemenil.mx/cancha/mxm/140388/eyJpZERpdmlzaW9uIjoiMTQiLCJpZFRlbXBvcmFkYSI6Ijc1IiwiaWRUb3JuZW8iOiIxIiwiaWRDbHVibG9jYWwiOiIxMTI0NSIsImlkQ2x1YnZpc2l0YSI6IjExMTgyIiwiaWRQYXJ0aWRvIjoiMTQwMzg4IiwicGVzdGFuYSI6IjQifQ==/minuto-a-minuto-atlas-vs-guadalajara-jornada-15-estadio-jalisco-caliente-tv', 'text': ''}","{'type': 'link', 'href': 'https://www.ligafemenil.mx/cancha/galeria/MTQwMzg4LzE1Lzc1LzEvMTQ=/atlas-vs-guadalajara', 'text': ''}","{'type': 'link', 'href': 'https://www.ligafemenil.mx/cancha/playlist/140388/atlas-vs-guadalajara', 'text': ''}"
2024-2025,Apertura,"{'type': 'text', 'value': 'Sábado 12 de Octubre de 2024\nTemporada 2024-2025\nTorneo Apertura\nJornada 15\n12 Octubre 2024 - 12:00 hrs.'}","{'type': 'link', 'href': 'https://www.ligafemenil.mx/cancha/club/11187/toluca', 'text': ''}","{'type': 'link', 'href': 'https://www.ligafemenil.mx/cancha/informeArbitral/140396/eyJpZERpdmlzaW9uIjoiMTQiLCJpZFRlbXBvcmFkYSI6Ijc1IiwiaWRUb3JuZW8iOiIxIiwiaWRDbHVibG9jYWwiOjExMTg3LCJpZENsdWJ2aXNpdGEiOjExMTgxfQ==/informe-arbitral-toluca-vs-cruz-azul-jornada-15-estadio-instalaciones-metepec-cancha-2-vix', 'text': '3 - 1'}","{'type': 'link', 'href': 'https://www.ligafemenil.mx/cancha/club/11181/cruz-azul', 'text': ''}","{'type': 'link', 'href': 'https://www.ligafemenil.mx/cancha/estadio/1547/estadio-instalaciones-metepec-cancha-2', 'text': 'Instalaciones Metepec Cancha 2'}","{'type': 'link', 'href': 'https://www.ligafemenil.mx/cancha/mxm/140396/eyJpZERpdmlzaW9uIjoiMTQiLCJpZFRlbXBvcmFkYSI6Ijc1IiwiaWRUb3JuZW8iOiIxIiwiaWRDbHVibG9jYWwiOiIxMTE4NyIsImlkQ2x1YnZpc2l0YSI6IjExMTgxIiwiaWRQYXJ0aWRvIjoiMTQwMzk2IiwicGVzdGFuYSI6IjEifQ==/minuto-a-minuto-toluca-vs-cruz-azul-jornada-15-estadio-instalaciones-metepec-cancha-2-vix', 'text': ''}","{'type': 'link', 'href': 'https://www.ligafemenil.mx/cancha/mxm/140396/eyJpZERpdmlzaW9uIjoiMTQiLCJpZFRlbXBvcmFkYSI6Ijc1IiwiaWRUb3JuZW8iOiIxIiwiaWRDbHVibG9jYWwiOiIxMTE4NyIsImlkQ2x1YnZpc2l0YSI6IjExMTgxIiwiaWRQYXJ0aWRvIjoiMTQwMzk2IiwicGVzdGFuYSI6IjMifQ==/minuto-a-minuto-toluca-vs-cruz-azul-jornada-15-estadio-instalaciones-metepec-cancha-2-vix', 'text': ''}","{'type': 'link', 'href': 'https://www.ligafemenil.mx/cancha/informeArbitral/140396/eyJpZERpdmlzaW9uIjoiMTQiLCJpZFRlbXBvcmFkYSI6Ijc1IiwiaWRUb3JuZW8iOiIxIiwiaWRDbHVibG9jYWwiOiIxMTE4NyIsImlkQ2x1YnZpc2l0YSI6IjExMTgxIn0=/informe-arbitral-toluca-vs-cruz-azul-jornada-15-estadio-instalaciones-metepec-cancha-2-vix', 'text': ''}","{'type': 'link', 'href': 'https://www.ligafemenil.mx/cancha/mxm/140396/eyJpZERpdmlzaW9uIjoiMTQiLCJpZFRlbXBvcmFkYSI6Ijc1IiwiaWRUb3JuZW8iOiIxIiwiaWRDbHVibG9jYWwiOiIxMTE4NyIsImlkQ2x1YnZpc2l0YSI6IjExMTgxIiwiaWRQYXJ0aWRvIjoiMTQwMzk2IiwicGVzdGFuYSI6IjQifQ==/minuto-a-minuto-toluca-vs-cruz-azul-jornada-15-estadio-instalaciones-metepec-cancha-2-vix', 'text': ''}","{'type': 'link', 'href': 'https://www.ligafemenil.mx/cancha/galeria/MTQwMzk2LzE1Lzc1LzEvMTQ=/toluca-vs-cruz-azul', 'text': ''}","{'type': 'link', 'href': 'https://www.ligafemenil.mx/cancha/playlist/140396/toluca-vs-cruz-azul', 'text': ''}"
2024-2025,Apertura,"{'type': 'text', 'value': 'Sábado 12 de Octubre de 2024\nTemporada 2024-2025\nTorneo Apertura\nJornada 15\n12 Octubre 2024 - 17:00 hrs.'}","{'type': 'link', 'href': 'https://www.ligafemenil.mx/cancha/club/11191/america', 'text': ''}","{'type': 'link', 'href': 'https://www.ligafemenil.mx/cancha/informeArbitral/140389/eyJpZERpdmlzaW9uIjoiMTQiLCJpZFRlbXBvcmFkYSI6Ijc1IiwiaWRUb3JuZW8iOiIxIiwiaWRDbHVibG9jYWwiOjExMTkxLCJpZENsdWJ2aXNpdGEiOjExMTg0fQ==/informe-arbitral-america-vs-pachuca-jornada-15-estadio-ciudad-de-los-deportes-el-nu9ve', 'text': '5 - 0'}","{'type': 'link', 'href': 'https://www.ligafemenil.mx/cancha/club/11184/pachuca', 'text': ''}","{'type': 'link', 'href': 'https://www.ligafemenil.mx/cancha/estadio/2/estadio-ciudad-de-los-deportes', 'text': 'Ciudad De Los Deportes'}","{'type': 'link', 'href': 'https://www.ligafemenil.mx/cancha/mxm/140389/eyJpZERpdmlzaW9uIjoiMTQiLCJpZFRlbXBvcmFkYSI6Ijc1IiwiaWRUb3JuZW8iOiIxIiwiaWRDbHVibG9jYWwiOiIxMTE5MSIsImlkQ2x1YnZpc2l0YSI6IjExMTg0IiwiaWRQYXJ0aWRvIjoiMTQwMzg5IiwicGVzdGFuYSI6IjEifQ==/minuto-a-minuto-america-vs-pachuca-jornada-15-estadio-ciudad-de-los-deportes-el-nu9ve', 'text': ''}","{'type': 'link', 'href': 'https://www.ligafemenil.mx/cancha/mxm/140389/eyJpZERpdmlzaW9uIjoiMTQiLCJpZFRlbXBvcmFkYSI6Ijc1IiwiaWRUb3JuZW8iOiIxIiwiaWRDbHVibG9jYWwiOiIxMTE5MSIsImlkQ2x1YnZpc2l0YSI6IjExMTg0IiwiaWRQYXJ0aWRvIjoiMTQwMzg5IiwicGVzdGFuYSI6IjMifQ==/minuto-a-minuto-america-vs-pachuca-jornada-15-estadio-ciudad-de-los-deportes-el-nu9ve', 'text': ''}","{'type': 'link', 'href': 'https://www.ligafemenil.mx/cancha/informeArbitral/140389/eyJpZERpdmlzaW9uIjoiMTQiLCJpZFRlbXBvcmFkYSI6Ijc1IiwiaWRUb3JuZW8iOiIxIiwiaWRDbHVibG9jYWwiOiIxMTE5MSIsImlkQ2x1YnZpc2l0YSI6IjExMTg0In0=/informe-arbitral-america-vs-pachuca-jornada-15-estadio-ciudad-de-los-deportes-el-nu9ve', 'text': ''}","{'type': 'link', 'href': 'https://www.ligafemenil.mx/cancha/mxm/140389/eyJpZERpdmlzaW9uIjoiMTQiLCJpZFRlbXBvcmFkYSI6Ijc1IiwiaWRUb3JuZW8iOiIxIiwiaWRDbHVibG9jYWwiOiIxMTE5MSIsImlkQ2x1YnZpc2l0YSI6IjExMTg0IiwiaWRQYXJ0aWRvIjoiMTQwMzg5IiwicGVzdGFuYSI6IjQifQ==/minuto-a-minuto-america-vs-pachuca-jornada-15-estadio-ciudad-de-los-deportes-el-nu9ve', 'text': ''}","{'type': 'link', 'href': 'https://www.ligafemenil.mx/cancha/galeria/MTQwMzg5LzE1Lzc1LzEvMTQ=/america-vs-pachuca', 'text': ''}","{'type': 'link', 'href': 'https://www.ligafemenil.mx/cancha/playlist/140389/america-vs-pachuca', 'text': ''}"
2024-2025,Apertura,"{'type': 'text', 'value': 'Domingo 13 de Octubre de 2024\nTemporada 2024-2025\nTorneo Apertura\nJornada 15\n13 Octubre 2024 - 12:00 hrs.'}","{'type': 'link', 'href': 'https://www.ligafemenil.mx/cancha/club/11543/puebla-fc', 'text': ''}","{'type': 'link', 'href': 'https://www.ligafemenil.mx/cancha/informeArbitral/140394/eyJpZERpdmlzaW9uIjoiMTQiLCJpZFRlbXBvcmFkYSI6Ijc1IiwiaWRUb3JuZW8iOiIxIiwiaWRDbHVibG9jYWwiOjExNTQzLCJpZENsdWJ2aXNpdGEiOjExMTg5fQ==/informe-arbitral-puebla-fc-vs-necaxa-jornada-15-estadio-cuauhtemoc-fox-sports', 'text': '2 - 0'}","{'type': 'link', 'href': 'https://www.ligafemenil.mx/cancha/club/11189/necaxa', 'text': ''}","{'type': 'link', 'href': 'https://www.ligafemenil.mx/cancha/estadio/9/estadio-cuauhtemoc', 'text': 'Cuauhtémoc'}","{'type': 'link', 'href': 'https://www.ligafemenil.mx/cancha/mxm/140394/eyJpZERpdmlzaW9uIjoiMTQiLCJpZFRlbXBvcmFkYSI6Ijc1IiwiaWRUb3JuZW8iOiIxIiwiaWRDbHVibG9jYWwiOiIxMTU0MyIsImlkQ2x1YnZpc2l0YSI6IjExMTg5IiwiaWRQYXJ0aWRvIjoiMTQwMzk0IiwicGVzdGFuYSI6IjEifQ==/minuto-a-minuto-puebla-fc-vs-necaxa-jornada-15-estadio-cuauhtemoc-fox-sports', 'text': ''}","{'type': 'link', 'href': 'https://www.ligafemenil.mx/cancha/mxm/140394/eyJpZERpdmlzaW9uIjoiMTQiLCJpZFRlbXBvcmFkYSI6Ijc1IiwiaWRUb3JuZW8iOiIxIiwiaWRDbHVibG9jYWwiOiIxMTU0MyIsImlkQ2x1YnZpc2l0YSI6IjExMTg5IiwiaWRQYXJ0aWRvIjoiMTQwMzk0IiwicGVzdGFuYSI6IjMifQ==/minuto-a-minuto-puebla-fc-vs-necaxa-jornada-15-estadio-cuauhtemoc-fox-sports', 'text': ''}","{'type': 'link', 'href': 'https://www.ligafemenil.mx/cancha/informeArbitral/140394/eyJpZERpdmlzaW9uIjoiMTQiLCJpZFRlbXBvcmFkYSI6Ijc1IiwiaWRUb3JuZW8iOiIxIiwiaWRDbHVibG9jYWwiOiIxMTU0MyIsImlkQ2x1YnZpc2l0YSI6IjExMTg5In0=/informe-arbitral-puebla-fc-vs-necaxa-jornada-15-estadio-cuauhtemoc-fox-sports', 'text': ''}","{'type': 'link', 'href': 'https://www.ligafemenil.mx/cancha/mxm/140394/eyJpZERpdmlzaW9uIjoiMTQiLCJpZFRlbXBvcmFkYSI6Ijc1IiwiaWRUb3JuZW8iOiIxIiwiaWRDbHVibG9jYWwiOiIxMTU0MyIsImlkQ2x1YnZpc2l0YSI6IjExMTg5IiwiaWRQYXJ0aWRvIjoiMTQwMzk0IiwicGVzdGFuYSI6IjQifQ==/minuto-a-minuto-puebla-fc-vs-necaxa-jornada-15-estadio-cuauhtemoc-fox-sports', 'text': ''}","{'type': 'link', 'href': 'https://www.ligafemenil.mx/cancha/galeria/MTQwMzk0LzE1Lzc1LzEvMTQ=/puebla-fc-vs-necaxa', 'text': ''}","{'type': 'link', 'href': 'https://www.ligafemenil.mx/cancha/playlist/140394/puebla-fc-vs-necaxa', 'text': ''}"
2024-2025,Apertura,"{'type': 'text', 'value': 'Domingo 13 de Octubre de 2024\nTemporada 2024-2025\nTorneo Apertura\nJornada 15\n13 Octubre 2024 - 12:00 hrs.'}","{'type': 'link', 'href': 'https://www.ligafemenil.mx/cancha/club/11188/pumas', 'text': ''}","{'type': 'link', 'href': 'https://www.ligafemenil.mx/cancha/informeArbitral/140391/eyJpZERpdmlzaW9uIjoiMTQiLCJpZFRlbXBvcmFkYSI6Ijc1IiwiaWRUb3JuZW8iOiIxIiwiaWRDbHVibG9jYWwiOjExMTg4LCJpZENsdWJ2aXNpdGEiOjExMTg1fQ==/informe-arbitral-pumas-vs-rayados-de-monterrey-jornada-15-estadio-olimpico-universitario-vix', 'text': '1 - 2'}","{'type': 'link', 'href': 'https://www.ligafemenil.mx/cancha/club/11185/rayados-de-monterrey', 'text': ''}","{'type': 'link', 'href': 'https://www.ligafemenil.mx/cancha/estadio/7/estadio-olimpico-universitario', 'text': 'Olímpico Universitario'}","{'type': 'link', 'href': 'https://www.ligafemenil.mx/cancha/mxm/140391/eyJpZERpdmlzaW9uIjoiMTQiLCJpZFRlbXBvcmFkYSI6Ijc1IiwiaWRUb3JuZW8iOiIxIiwiaWRDbHVibG9jYWwiOiIxMTE4OCIsImlkQ2x1YnZpc2l0YSI6IjExMTg1IiwiaWRQYXJ0aWRvIjoiMTQwMzkxIiwicGVzdGFuYSI6IjEifQ==/minuto-a-minuto-pumas-vs-rayados-de-monterrey-jornada-15-estadio-olimpico-universitario-vix', 'text': ''}","{'type': 'link', 'href': 'https://www.ligafemenil.mx/cancha/mxm/140391/eyJpZERpdmlzaW9uIjoiMTQiLCJpZFRlbXBvcmFkYSI6Ijc1IiwiaWRUb3JuZW8iOiIxIiwiaWRDbHVibG9jYWwiOiIxMTE4OCIsImlkQ2x1YnZpc2l0YSI6IjExMTg1IiwiaWRQYXJ0aWRvIjoiMTQwMzkxIiwicGVzdGFuYSI6IjMifQ==/minuto-a-minuto-pumas-vs-rayados-de-monterrey-jornada-15-estadio-olimpico-universitario-vix', 'text': ''}","{'type': 'link', 'href': 'https://www.ligafemenil.mx/cancha/informeArbitral/140391/eyJpZERpdmlzaW9uIjoiMTQiLCJpZFRlbXBvcmFkYSI6Ijc1IiwiaWRUb3JuZW8iOiIxIiwiaWRDbHVibG9jYWwiOiIxMTE4OCIsImlkQ2x1YnZpc2l0YSI6IjExMTg1In0=/informe-arbitral-pumas-vs-rayados-de-monterrey-jornada-15-estadio-olimpico-universitario-vix', 'text': ''}","{'type': 'link', 'href': 'https://www.ligafemenil.mx/cancha/mxm/140391/eyJpZERpdmlzaW9uIjoiMTQiLCJpZFRlbXBvcmFkYSI6Ijc1IiwiaWRUb3JuZW8iOiIxIiwiaWRDbHVibG9jYWwiOiIxMTE4OCIsImlkQ2x1YnZpc2l0YSI6IjExMTg1IiwiaWRQYXJ0aWRvIjoiMTQwMzkxIiwicGVzdGFuYSI6IjQifQ==/minuto-a-minuto-pumas-vs-rayados-de-monterrey-jornada-15-estadio-olimpico-universitario-vix', 'text': ''}","{'type': 'link', 'href': 'https://www.ligafemenil.mx/cancha/galeria/MTQwMzkxLzE1Lzc1LzEvMTQ=/pumas-vs-rayados-de-monterrey', 'text': ''}","{'type': 'link', 'href': 'https://www.ligafemenil.mx/cancha/playlist/140391/pumas-vs-rayados-de-monterrey', 'text': ''}"
2024-2025,Apertura,"{'type': 'text', 'value': 'Domingo 13 de Octubre de 2024\nTemporada 2024-2025\nTorneo Apertura\nJornada 15\n13 Octubre 2024 - 18:06 hrs.'}","{'type': 'link', 'href': 'https://www.ligafemenil.mx/cancha/club/11180/tijuana', 'text': ''}","{'type': 'link', 'href': 'https://www.ligafemenil.mx/cancha/informeArbitral/140398/eyJpZERpdmlzaW9uIjoiMTQiLCJpZFRlbXBvcmFkYSI6Ijc1IiwiaWRUb3JuZW8iOiIxIiwiaWRDbHVibG9jYWwiOjExMTgwLCJpZENsdWJ2aXNpdGEiOjExNzc4fQ==/informe-arbitral-tijuana-vs-club-atletico-de-san-luis-jornada-15-estadio-caliente-caliente-tv', 'text': '6 - 1'}","{'type': 'link', 'href': 'https://www.ligafemenil.mx/cancha/club/11778/club-atletico-de-san-luis', 'text': ''}","{'type': 'link', 'href': 'https://www.ligafemenil.mx/cancha/estadio/48/estadio-caliente', 'text': 'Caliente'}","{'type': 'link', 'href': 'https://www.ligafemenil.mx/cancha/mxm/140398/eyJpZERpdmlzaW9uIjoiMTQiLCJpZFRlbXBvcmFkYSI6Ijc1IiwiaWRUb3JuZW8iOiIxIiwiaWRDbHVibG9jYWwiOiIxMTE4MCIsImlkQ2x1YnZpc2l0YSI6IjExNzc4IiwiaWRQYXJ0aWRvIjoiMTQwMzk4IiwicGVzdGFuYSI6IjEifQ==/minuto-a-minuto-tijuana-vs-club-atletico-de-san-luis-jornada-15-estadio-caliente-caliente-tv', 'text': ''}","{'type': 'link', 'href': 'https://www.ligafemenil.mx/cancha/mxm/140398/eyJpZERpdmlzaW9uIjoiMTQiLCJpZFRlbXBvcmFkYSI6Ijc1IiwiaWRUb3JuZW8iOiIxIiwiaWRDbHVibG9jYWwiOiIxMTE4MCIsImlkQ2x1YnZpc2l0YSI6IjExNzc4IiwiaWRQYXJ0aWRvIjoiMTQwMzk4IiwicGVzdGFuYSI6IjMifQ==/minuto-a-minuto-tijuana-vs-club-atletico-de-san-luis-jornada-15-estadio-caliente-caliente-tv', 'text': ''}","{'type': 'link', 'href': 'https://www.ligafemenil.mx/cancha/informeArbitral/140398/eyJpZERpdmlzaW9uIjoiMTQiLCJpZFRlbXBvcmFkYSI6Ijc1IiwiaWRUb3JuZW8iOiIxIiwiaWRDbHVibG9jYWwiOiIxMTE4MCIsImlkQ2x1YnZpc2l0YSI6IjExNzc4In0=/informe-arbitral-tijuana-vs-club-atletico-de-san-luis-jornada-15-estadio-caliente-caliente-tv', 'text': ''}","{'type': 'link', 'href': 'https://www.ligafemenil.mx/cancha/mxm/140398/eyJpZERpdmlzaW9uIjoiMTQiLCJpZFRlbXBvcmFkYSI6Ijc1IiwiaWRUb3JuZW8iOiIxIiwiaWRDbHVibG9jYWwiOiIxMTE4MCIsImlkQ2x1YnZpc2l0YSI6IjExNzc4IiwiaWRQYXJ0aWRvIjoiMTQwMzk4IiwicGVzdGFuYSI6IjQifQ==/minuto-a-minuto-tijuana-vs-club-atletico-de-san-luis-jornada-15-estadio-caliente-caliente-tv', 'text': ''}","{'type': 'link', 'href': 'https://www.ligafemenil.mx/cancha/galeria/MTQwMzk4LzE1Lzc1LzEvMTQ=/tijuana-vs-club-atletico-de-san-luis', 'text': ''}","{'type': 'link', 'href': 'https://www.ligafemenil.mx/cancha/playlist/140398/tijuana-vs-club-atletico-de-san-luis', 'text': ''}"
2024-2025,Apertura,"{'type': 'text', 'value': 'Lunes 14 de Octubre de 2024\nTemporada 2024-2025\nTorneo Apertura\nJornada 15\n14 Octubre 2024 - 19:00 hrs.'}","{'type': 'link', 'href': 'https://www.ligafemenil.mx/cancha/club/11192/santos-laguna', 'text': ''}","{'type': 'link', 'href': 'https://www.ligafemenil.mx/cancha/informeArbitral/140384/eyJpZERpdmlzaW9uIjoiMTQiLCJpZFRlbXBvcmFkYSI6Ijc1IiwiaWRUb3JuZW8iOiIxIiwiaWRDbHVibG9jYWwiOjExMTkyLCJpZENsdWJ2aXNpdGEiOjEyMDUxfQ==/informe-arbitral-santos-laguna-vs-mazatlan-fc-jornada-15-estadio-tsm-corona-caliente-tv', 'text': '0 - 0'}","{'type': 'link', 'href': 'https://www.ligafemenil.mx/cancha/club/12051/mazatlan-fc', 'text': ''}","{'type': 'link', 'href': 'https://www.ligafemenil.mx/cancha/estadio/63/estadio-tsm-corona', 'text': 'TSM Corona'}","{'type': 'link', 'href': 'https://www.ligafemenil.mx/cancha/mxm/140384/eyJpZERpdmlzaW9uIjoiMTQiLCJpZFRlbXBvcmFkYSI6Ijc1IiwiaWRUb3JuZW8iOiIxIiwiaWRDbHVibG9jYWwiOiIxMTE5MiIsImlkQ2x1YnZpc2l0YSI6IjEyMDUxIiwiaWRQYXJ0aWRvIjoiMTQwMzg0IiwicGVzdGFuYSI6IjEifQ==/minuto-a-minuto-santos-laguna-vs-mazatlan-fc-jornada-15-estadio-tsm-corona-caliente-tv', 'text': ''}","{'type': 'link', 'href': 'https://www.ligafemenil.mx/cancha/mxm/140384/eyJpZERpdmlzaW9uIjoiMTQiLCJpZFRlbXBvcmFkYSI6Ijc1IiwiaWRUb3JuZW8iOiIxIiwiaWRDbHVibG9jYWwiOiIxMTE5MiIsImlkQ2x1YnZpc2l0YSI6IjEyMDUxIiwiaWRQYXJ0aWRvIjoiMTQwMzg0IiwicGVzdGFuYSI6IjMifQ==/minuto-a-minuto-santos-laguna-vs-mazatlan-fc-jornada-15-estadio-tsm-corona-caliente-tv', 'text': ''}","{'type': 'link', 'href': 'https://www.ligafemenil.mx/cancha/informeArbitral/140384/eyJpZERpdmlzaW9uIjoiMTQiLCJpZFRlbXBvcmFkYSI6Ijc1IiwiaWRUb3JuZW8iOiIxIiwiaWRDbHVibG9jYWwiOiIxMTE5MiIsImlkQ2x1YnZpc2l0YSI6IjEyMDUxIn0=/informe-arbitral-santos-laguna-vs-mazatlan-fc-jornada-15-estadio-tsm-corona-caliente-tv', 'text': ''}","{'type': 'link', 'href': 'https://www.ligafemenil.mx/cancha/mxm/140384/eyJpZERpdmlzaW9uIjoiMTQiLCJpZFRlbXBvcmFkYSI6Ijc1IiwiaWRUb3JuZW8iOiIxIiwiaWRDbHVibG9jYWwiOiIxMTE5MiIsImlkQ2x1YnZpc2l0YSI6IjEyMDUxIiwiaWRQYXJ0aWRvIjoiMTQwMzg0IiwicGVzdGFuYSI6IjQifQ==/minuto-a-minuto-santos-laguna-vs-mazatlan-fc-jornada-15-estadio-tsm-corona-caliente-tv', 'text': ''}","{'type': 'link', 'href': 'https://www.ligafemenil.mx/cancha/galeria/MTQwMzg0LzE1Lzc1LzEvMTQ=/santos-laguna-vs-mazatlan-fc', 'text': ''}","{'type': 'link', 'href': 'https://www.ligafemenil.mx/cancha/playlist/140384/santos-laguna-vs-mazatlan-fc', 'text': ''}"
2024-2025,Apertura,"{'type': 'text', 'value': 'Jueves 17 de Octubre de 2024\nTemporada 2024-2025\nTorneo Apertura\nJornada 16\n17 Octubre 2024 - 15:45 hrs.'}","{'type': 'link', 'href': 'https://www.ligafemenil.mx/cancha/club/11189/necaxa', 'text': ''}","{'type': 'link', 'href': 'https://www.ligafemenil.mx/cancha/informeArbitral/140348/eyJpZERpdmlzaW9uIjoiMTQiLCJpZFRlbXBvcmFkYSI6Ijc1IiwiaWRUb3JuZW8iOiIxIiwiaWRDbHVibG9jYWwiOjExMTg5LCJpZENsdWJ2aXNpdGEiOjEyMDQyfQ==/informe-arbitral-necaxa-vs-gallos-blancos-de-queretaro-jornada-16-estadio-instalaciones-club-necaxa-vix', 'text': '0 - 3'}","{'type': 'link', 'href': 'https://www.ligafemenil.mx/cancha/club/12042/gallos-blancos-de-queretaro', 'text': ''}","{'type': 'link', 'href': 'https://www.ligafemenil.mx/cancha/estadio/136/estadio-instalaciones-club-necaxa', 'text': 'INSTALACIONES CLUB NECAXA'}","{'type': 'link', 'href': 'https://www.ligafemenil.mx/cancha/mxm/140348/eyJpZERpdmlzaW9uIjoiMTQiLCJpZFRlbXBvcmFkYSI6Ijc1IiwiaWRUb3JuZW8iOiIxIiwiaWRDbHVibG9jYWwiOiIxMTE4OSIsImlkQ2x1YnZpc2l0YSI6IjEyMDQyIiwiaWRQYXJ0aWRvIjoiMTQwMzQ4IiwicGVzdGFuYSI6IjEifQ==/minuto-a-minuto-necaxa-vs-gallos-blancos-de-queretaro-jornada-16-estadio-instalaciones-club-necaxa-vix', 'text': ''}","{'type': 'link', 'href': 'https://www.ligafemenil.mx/cancha/mxm/140348/eyJpZERpdmlzaW9uIjoiMTQiLCJpZFRlbXBvcmFkYSI6Ijc1IiwiaWRUb3JuZW8iOiIxIiwiaWRDbHVibG9jYWwiOiIxMTE4OSIsImlkQ2x1YnZpc2l0YSI6IjEyMDQyIiwiaWRQYXJ0aWRvIjoiMTQwMzQ4IiwicGVzdGFuYSI6IjMifQ==/minuto-a-minuto-necaxa-vs-gallos-blancos-de-queretaro-jornada-16-estadio-instalaciones-club-necaxa-vix', 'text': ''}","{'type': 'link', 'href': 'https://www.ligafemenil.mx/cancha/informeArbitral/140348/eyJpZERpdmlzaW9uIjoiMTQiLCJpZFRlbXBvcmFkYSI6Ijc1IiwiaWRUb3JuZW8iOiIxIiwiaWRDbHVibG9jYWwiOiIxMTE4OSIsImlkQ2x1YnZpc2l0YSI6IjEyMDQyIn0=/informe-arbitral-necaxa-vs-gallos-blancos-de-queretaro-jornada-16-estadio-instalaciones-club-necaxa-vix', 'text': ''}","{'type': 'link', 'href': 'https://www.ligafemenil.mx/cancha/mxm/140348/eyJpZERpdmlzaW9uIjoiMTQiLCJpZFRlbXBvcmFkYSI6Ijc1IiwiaWRUb3JuZW8iOiIxIiwiaWRDbHVibG9jYWwiOiIxMTE4OSIsImlkQ2x1YnZpc2l0YSI6IjEyMDQyIiwiaWRQYXJ0aWRvIjoiMTQwMzQ4IiwicGVzdGFuYSI6IjQifQ==/minuto-a-minuto-necaxa-vs-gallos-blancos-de-queretaro-jornada-16-estadio-instalaciones-club-necaxa-vix', 'text': ''}","{'type': 'link', 'href': 'https://www.ligafemenil.mx/cancha/galeria/MTQwMzQ4LzE2Lzc1LzEvMTQ=/necaxa-vs-gallos-blancos-de-queretaro', 'text': ''}","{'type': 'link', 'href': 'https://www.ligafemenil.mx/cancha/playlist/140348/necaxa-vs-gallos-blancos-de-queretaro', 'text': ''}"
2024-2025,Apertura,"{'type': 'text', 'value': 'Jueves 17 de Octubre de 2024\nTemporada 2024-2025\nTorneo Apertura\nJornada 16\n17 Octubre 2024 - 19:00 hrs.'}","{'type': 'link', 'href': 'https://www.ligafemenil.mx/cancha/club/11245/atlas', 'text': ''}","{'type': 'link', 'href': 'https://www.ligafemenil.mx/cancha/informeArbitral/140351/eyJpZERpdmlzaW9uIjoiMTQiLCJpZFRlbXBvcmFkYSI6Ijc1IiwiaWRUb3JuZW8iOiIxIiwiaWRDbHVibG9jYWwiOjExMjQ1LCJpZENsdWJ2aXNpdGEiOjExNTQzfQ==/informe-arbitral-atlas-vs-puebla-fc-jornada-16-estadio-jalisco-caliente-tv', 'text': '3 - 0'}","{'type': 'link', 'href': 'https://www.ligafemenil.mx/cancha/club/11543/puebla-fc', 'text': ''}","{'type': 'link', 'href': 'https://www.ligafemenil.mx/cancha/estadio/5/estadio-jalisco', 'text': 'Jalisco'}","{'type': 'link', 'href': 'https://www.ligafemenil.mx/cancha/mxm/140351/eyJpZERpdmlzaW9uIjoiMTQiLCJpZFRlbXBvcmFkYSI6Ijc1IiwiaWRUb3JuZW8iOiIxIiwiaWRDbHVibG9jYWwiOiIxMTI0NSIsImlkQ2x1YnZpc2l0YSI6IjExNTQzIiwiaWRQYXJ0aWRvIjoiMTQwMzUxIiwicGVzdGFuYSI6IjEifQ==/minuto-a-minuto-atlas-vs-puebla-fc-jornada-16-estadio-jalisco-caliente-tv', 'text': ''}","{'type': 'link', 'href': 'https://www.ligafemenil.mx/cancha/mxm/140351/eyJpZERpdmlzaW9uIjoiMTQiLCJpZFRlbXBvcmFkYSI6Ijc1IiwiaWRUb3JuZW8iOiIxIiwiaWRDbHVibG9jYWwiOiIxMTI0NSIsImlkQ2x1YnZpc2l0YSI6IjExNTQzIiwiaWRQYXJ0aWRvIjoiMTQwMzUxIiwicGVzdGFuYSI6IjMifQ==/minuto-a-minuto-atlas-vs-puebla-fc-jornada-16-estadio-jalisco-caliente-tv', 'text': ''}","{'type': 'link', 'href': 'https://www.ligafemenil.mx/cancha/informeArbitral/140351/eyJpZERpdmlzaW9uIjoiMTQiLCJpZFRlbXBvcmFkYSI6Ijc1IiwiaWRUb3JuZW8iOiIxIiwiaWRDbHVibG9jYWwiOiIxMTI0NSIsImlkQ2x1YnZpc2l0YSI6IjExNTQzIn0=/informe-arbitral-atlas-vs-puebla-fc-jornada-16-estadio-jalisco-caliente-tv', 'text': ''}","{'type': 'link', 'href': 'https://www.ligafemenil.mx/cancha/mxm/140351/eyJpZERpdmlzaW9uIjoiMTQiLCJpZFRlbXBvcmFkYSI6Ijc1IiwiaWRUb3JuZW8iOiIxIiwiaWRDbHVibG9jYWwiOiIxMTI0NSIsImlkQ2x1YnZpc2l0YSI6IjExNTQzIiwiaWRQYXJ0aWRvIjoiMTQwMzUxIiwicGVzdGFuYSI6IjQifQ==/minuto-a-minuto-atlas-vs-puebla-fc-jornada-16-estadio-jalisco-caliente-tv', 'text': ''}","{'type': 'link', 'href': 'https://www.ligafemenil.mx/cancha/galeria/MTQwMzUxLzE2Lzc1LzEvMTQ=/atlas-vs-puebla-fc', 'text': ''}","{'type': 'link', 'href': 'https://www.ligafemenil.mx/cancha/playlist/140351/atlas-vs-puebla-fc', 'text': ''}"
2024-2025,Apertura,"{'type': 'text', 'value': 'Jueves 17 de Octubre de 2024\nTemporada 2024-2025\nTorneo Apertura\nJornada 16\n17 Octubre 2024 - 20:06 hrs.'}","{'type': 'link', 'href': 'https://www.ligafemenil.mx/cancha/club/12051/mazatlan-fc', 'text': ''}","{'type': 'link', 'href': 'https://www.ligafemenil.mx/cancha/informeArbitral/140354/eyJpZERpdmlzaW9uIjoiMTQiLCJpZFRlbXBvcmFkYSI6Ijc1IiwiaWRUb3JuZW8iOiIxIiwiaWRDbHVibG9jYWwiOjEyMDUxLCJpZENsdWJ2aXNpdGEiOjExMTg3fQ==/informe-arbitral-mazatlan-fc-vs-toluca-jornada-16-estadio-el-encanto-fox-sports', 'text': '2 - 5'}","{'type': 'link', 'href': 'https://www.ligafemenil.mx/cancha/club/11187/toluca', 'text': ''}","{'type': 'link', 'href': 'https://www.ligafemenil.mx/cancha/estadio/1931/estadio-el-encanto', 'text': 'El Encanto'}","{'type': 'link', 'href': 'https://www.ligafemenil.mx/cancha/mxm/140354/eyJpZERpdmlzaW9uIjoiMTQiLCJpZFRlbXBvcmFkYSI6Ijc1IiwiaWRUb3JuZW8iOiIxIiwiaWRDbHVibG9jYWwiOiIxMjA1MSIsImlkQ2x1YnZpc2l0YSI6IjExMTg3IiwiaWRQYXJ0aWRvIjoiMTQwMzU0IiwicGVzdGFuYSI6IjEifQ==/minuto-a-minuto-mazatlan-fc-vs-toluca-jornada-16-estadio-el-encanto-fox-sports', 'text': ''}","{'type': 'link', 'href': 'https://www.ligafemenil.mx/cancha/mxm/140354/eyJpZERpdmlzaW9uIjoiMTQiLCJpZFRlbXBvcmFkYSI6Ijc1IiwiaWRUb3JuZW8iOiIxIiwiaWRDbHVibG9jYWwiOiIxMjA1MSIsImlkQ2x1YnZpc2l0YSI6IjExMTg3IiwiaWRQYXJ0aWRvIjoiMTQwMzU0IiwicGVzdGFuYSI6IjMifQ==/minuto-a-minuto-mazatlan-fc-vs-toluca-jornada-16-estadio-el-encanto-fox-sports', 'text': ''}","{'type': 'link', 'href': 'https://www.ligafemenil.mx/cancha/informeArbitral/140354/eyJpZERpdmlzaW9uIjoiMTQiLCJpZFRlbXBvcmFkYSI6Ijc1IiwiaWRUb3JuZW8iOiIxIiwiaWRDbHVibG9jYWwiOiIxMjA1MSIsImlkQ2x1YnZpc2l0YSI6IjExMTg3In0=/informe-arbitral-mazatlan-fc-vs-toluca-jornada-16-estadio-el-encanto-fox-sports', 'text': ''}","{'type': 'link', 'href': 'https://www.ligafemenil.mx/cancha/mxm/140354/eyJpZERpdmlzaW9uIjoiMTQiLCJpZFRlbXBvcmFkYSI6Ijc1IiwiaWRUb3JuZW8iOiIxIiwiaWRDbHVibG9jYWwiOiIxMjA1MSIsImlkQ2x1YnZpc2l0YSI6IjExMTg3IiwiaWRQYXJ0aWRvIjoiMTQwMzU0IiwicGVzdGFuYSI6IjQifQ==/minuto-a-minuto-mazatlan-fc-vs-toluca-jornada-16-estadio-el-encanto-fox-sports', 'text': ''}","{'type': 'link', 'href': 'https://www.ligafemenil.mx/cancha/galeria/MTQwMzU0LzE2Lzc1LzEvMTQ=/mazatlan-fc-vs-toluca', 'text': ''}","{'type': 'link', 'href': 'https://www.ligafemenil.mx/cancha/playlist/140354/mazatlan-fc-vs-toluca', 'text': ''}"
2024-2025,Apertura,"{'type': 'text', 'value': 'Viernes 18 de Octubre de 2024\nTemporada 2024-2025\nTorneo Apertura\nJornada 16\n18 Octubre 2024 - 17:00 hrs.'}","{'type': 'link', 'href': 'https://www.ligafemenil.mx/cancha/club/11192/santos-laguna', 'text': ''}","{'type': 'link', 'href': 'https://www.ligafemenil.mx/cancha/informeArbitral/140357/eyJpZERpdmlzaW9uIjoiMTQiLCJpZFRlbXBvcmFkYSI6Ijc1IiwiaWRUb3JuZW8iOiIxIiwiaWRDbHVibG9jYWwiOjExMTkyLCJpZENsdWJ2aXNpdGEiOjExMjQzfQ==/informe-arbitral-santos-laguna-vs-leon-jornada-16-estadio-tsm-corona-caliente-tv', 'text': '5 - 0'}","{'type': 'link', 'href': 'https://www.ligafemenil.mx/cancha/club/11243/leon', 'text': ''}","{'type': 'link', 'href': 'https://www.ligafemenil.mx/cancha/estadio/63/estadio-tsm-corona', 'text': 'TSM Corona'}","{'type': 'link', 'href': 'https://www.ligafemenil.mx/cancha/mxm/140357/eyJpZERpdmlzaW9uIjoiMTQiLCJpZFRlbXBvcmFkYSI6Ijc1IiwiaWRUb3JuZW8iOiIxIiwiaWRDbHVibG9jYWwiOiIxMTE5MiIsImlkQ2x1YnZpc2l0YSI6IjExMjQzIiwiaWRQYXJ0aWRvIjoiMTQwMzU3IiwicGVzdGFuYSI6IjEifQ==/minuto-a-minuto-santos-laguna-vs-leon-jornada-16-estadio-tsm-corona-caliente-tv', 'text': ''}","{'type': 'link', 'href': 'https://www.ligafemenil.mx/cancha/mxm/140357/eyJpZERpdmlzaW9uIjoiMTQiLCJpZFRlbXBvcmFkYSI6Ijc1IiwiaWRUb3JuZW8iOiIxIiwiaWRDbHVibG9jYWwiOiIxMTE5MiIsImlkQ2x1YnZpc2l0YSI6IjExMjQzIiwiaWRQYXJ0aWRvIjoiMTQwMzU3IiwicGVzdGFuYSI6IjMifQ==/minuto-a-minuto-santos-laguna-vs-leon-jornada-16-estadio-tsm-corona-caliente-tv', 'text': ''}","{'type': 'link', 'href': 'https://www.ligafemenil.mx/cancha/informeArbitral/140357/eyJpZERpdmlzaW9uIjoiMTQiLCJpZFRlbXBvcmFkYSI6Ijc1IiwiaWRUb3JuZW8iOiIxIiwiaWRDbHVibG9jYWwiOiIxMTE5MiIsImlkQ2x1YnZpc2l0YSI6IjExMjQzIn0=/informe-arbitral-santos-laguna-vs-leon-jornada-16-estadio-tsm-corona-caliente-tv', 'text': ''}","{'type': 'link', 'href': 'https://www.ligafemenil.mx/cancha/mxm/140357/eyJpZERpdmlzaW9uIjoiMTQiLCJpZFRlbXBvcmFkYSI6Ijc1IiwiaWRUb3JuZW8iOiIxIiwiaWRDbHVibG9jYWwiOiIxMTE5MiIsImlkQ2x1YnZpc2l0YSI6IjExMjQzIiwiaWRQYXJ0aWRvIjoiMTQwMzU3IiwicGVzdGFuYSI6IjQifQ==/minuto-a-minuto-santos-laguna-vs-leon-jornada-16-estadio-tsm-corona-caliente-tv', 'text': ''}","{'type': 'link', 'href': 'https://www.ligafemenil.mx/cancha/galeria/MTQwMzU3LzE2Lzc1LzEvMTQ=/santos-laguna-vs-leon', 'text': ''}","{'type': 'link', 'href': 'https://www.ligafemenil.mx/cancha/playlist/140357/santos-laguna-vs-leon', 'text': ''}"
2024-2025,Apertura,"{'type': 'text', 'value': 'Sábado 19 de Octubre de 2024\nTemporada 2024-2025\nTorneo Apertura\nJornada 16\n19 Octubre 2024 - 12:00 hrs.'}","{'type': 'link', 'href': 'https://www.ligafemenil.mx/cancha/club/11181/cruz-azul', 'text': ''}","{'type': 'link', 'href': 'https://www.ligafemenil.mx/cancha/informeArbitral/140361/eyJpZERpdmlzaW9uIjoiMTQiLCJpZFRlbXBvcmFkYSI6Ijc1IiwiaWRUb3JuZW8iOiIxIiwiaWRDbHVibG9jYWwiOjExMTgxLCJpZENsdWJ2aXNpdGEiOjExMTg4fQ==/informe-arbitral-cruz-azul-vs-pumas-jornada-16-estadio-instalaciones-la-noria-cancha-1-vix', 'text': '4 - 5'}","{'type': 'link', 'href': 'https://www.ligafemenil.mx/cancha/club/11188/pumas', 'text': ''}","{'type': 'link', 'href': 'https://www.ligafemenil.mx/cancha/estadio/1549/estadio-instalaciones-la-noria-cancha-1', 'text': 'Instalaciones la Noria Cancha 1'}","{'type': 'link', 'href': 'https://www.ligafemenil.mx/cancha/mxm/140361/eyJpZERpdmlzaW9uIjoiMTQiLCJpZFRlbXBvcmFkYSI6Ijc1IiwiaWRUb3JuZW8iOiIxIiwiaWRDbHVibG9jYWwiOiIxMTE4MSIsImlkQ2x1YnZpc2l0YSI6IjExMTg4IiwiaWRQYXJ0aWRvIjoiMTQwMzYxIiwicGVzdGFuYSI6IjEifQ==/minuto-a-minuto-cruz-azul-vs-pumas-jornada-16-estadio-instalaciones-la-noria-cancha-1-vix', 'text': ''}","{'type': 'link', 'href': 'https://www.ligafemenil.mx/cancha/mxm/140361/eyJpZERpdmlzaW9uIjoiMTQiLCJpZFRlbXBvcmFkYSI6Ijc1IiwiaWRUb3JuZW8iOiIxIiwiaWRDbHVibG9jYWwiOiIxMTE4MSIsImlkQ2x1YnZpc2l0YSI6IjExMTg4IiwiaWRQYXJ0aWRvIjoiMTQwMzYxIiwicGVzdGFuYSI6IjMifQ==/minuto-a-minuto-cruz-azul-vs-pumas-jornada-16-estadio-instalaciones-la-noria-cancha-1-vix', 'text': ''}","{'type': 'link', 'href': 'https://www.ligafemenil.mx/cancha/informeArbitral/140361/eyJpZERpdmlzaW9uIjoiMTQiLCJpZFRlbXBvcmFkYSI6Ijc1IiwiaWRUb3JuZW8iOiIxIiwiaWRDbHVibG9jYWwiOiIxMTE4MSIsImlkQ2x1YnZpc2l0YSI6IjExMTg4In0=/informe-arbitral-cruz-azul-vs-pumas-jornada-16-estadio-instalaciones-la-noria-cancha-1-vix', 'text': ''}","{'type': 'link', 'href': 'https://www.ligafemenil.mx/cancha/mxm/140361/eyJpZERpdmlzaW9uIjoiMTQiLCJpZFRlbXBvcmFkYSI6Ijc1IiwiaWRUb3JuZW8iOiIxIiwiaWRDbHVibG9jYWwiOiIxMTE4MSIsImlkQ2x1YnZpc2l0YSI6IjExMTg4IiwiaWRQYXJ0aWRvIjoiMTQwMzYxIiwicGVzdGFuYSI6IjQifQ==/minuto-a-minuto-cruz-azul-vs-pumas-jornada-16-estadio-instalaciones-la-noria-cancha-1-vix', 'text': ''}","{'type': 'link', 'href': 'https://www.ligafemenil.mx/cancha/galeria/MTQwMzYxLzE2Lzc1LzEvMTQ=/cruz-azul-vs-pumas', 'text': ''}","{'type': 'link', 'href': 'https://www.ligafemenil.mx/cancha/playlist/140361/cruz-azul-vs-pumas', 'text': ''}"
2024-2025,Apertura,"{'type': 'text', 'value': 'Domingo 20 de Octubre de 2024\nTemporada 2024-2025\nTorneo Apertura\nJornada 16\n20 Octubre 2024 - 17:00 hrs.'}","{'type': 'link', 'href': 'https://www.ligafemenil.mx/cancha/club/11778/club-atletico-de-san-luis', 'text': ''}","{'type': 'link', 'href': 'https://www.ligafemenil.mx/cancha/informeArbitral/140369/eyJpZERpdmlzaW9uIjoiMTQiLCJpZFRlbXBvcmFkYSI6Ijc1IiwiaWRUb3JuZW8iOiIxIiwiaWRDbHVibG9jYWwiOjExNzc4LCJpZENsdWJ2aXNpdGEiOjExMTkxfQ==/informe-arbitral-club-atletico-de-san-luis-vs-america-jornada-16-estadio-alfonso-lastras-ramirez-espn', 'text': '0 - 6'}","{'type': 'link', 'href': 'https://www.ligafemenil.mx/cancha/club/11191/america', 'text': ''}","{'type': 'link', 'href': 'https://www.ligafemenil.mx/cancha/estadio/14/estadio-alfonso-lastras-ramirez', 'text': 'Alfonso Lastras Ramírez'}","{'type': 'link', 'href': 'https://www.ligafemenil.mx/cancha/mxm/140369/eyJpZERpdmlzaW9uIjoiMTQiLCJpZFRlbXBvcmFkYSI6Ijc1IiwiaWRUb3JuZW8iOiIxIiwiaWRDbHVibG9jYWwiOiIxMTc3OCIsImlkQ2x1YnZpc2l0YSI6IjExMTkxIiwiaWRQYXJ0aWRvIjoiMTQwMzY5IiwicGVzdGFuYSI6IjEifQ==/minuto-a-minuto-club-atletico-de-san-luis-vs-america-jornada-16-estadio-alfonso-lastras-ramirez-espn', 'text': ''}","{'type': 'link', 'href': 'https://www.ligafemenil.mx/cancha/mxm/140369/eyJpZERpdmlzaW9uIjoiMTQiLCJpZFRlbXBvcmFkYSI6Ijc1IiwiaWRUb3JuZW8iOiIxIiwiaWRDbHVibG9jYWwiOiIxMTc3OCIsImlkQ2x1YnZpc2l0YSI6IjExMTkxIiwiaWRQYXJ0aWRvIjoiMTQwMzY5IiwicGVzdGFuYSI6IjMifQ==/minuto-a-minuto-club-atletico-de-san-luis-vs-america-jornada-16-estadio-alfonso-lastras-ramirez-espn', 'text': ''}","{'type': 'link', 'href': 'https://www.ligafemenil.mx/cancha/informeArbitral/140369/eyJpZERpdmlzaW9uIjoiMTQiLCJpZFRlbXBvcmFkYSI6Ijc1IiwiaWRUb3JuZW8iOiIxIiwiaWRDbHVibG9jYWwiOiIxMTc3OCIsImlkQ2x1YnZpc2l0YSI6IjExMTkxIn0=/informe-arbitral-club-atletico-de-san-luis-vs-america-jornada-16-estadio-alfonso-lastras-ramirez-espn', 'text': ''}","{'type': 'link', 'href': 'https://www.ligafemenil.mx/cancha/mxm/140369/eyJpZERpdmlzaW9uIjoiMTQiLCJpZFRlbXBvcmFkYSI6Ijc1IiwiaWRUb3JuZW8iOiIxIiwiaWRDbHVibG9jYWwiOiIxMTc3OCIsImlkQ2x1YnZpc2l0YSI6IjExMTkxIiwiaWRQYXJ0aWRvIjoiMTQwMzY5IiwicGVzdGFuYSI6IjQifQ==/minuto-a-minuto-club-atletico-de-san-luis-vs-america-jornada-16-estadio-alfonso-lastras-ramirez-espn', 'text': ''}","{'type': 'link', 'href': 'https://www.ligafemenil.mx/cancha/galeria/MTQwMzY5LzE2Lzc1LzEvMTQ=/club-atletico-de-san-luis-vs-america', 'text': ''}","{'type': 'link', 'href': 'https://www.ligafemenil.mx/cancha/playlist/140369/club-atletico-de-san-luis-vs-america', 'text': ''}"
2024-2025,Apertura,"{'type': 'text', 'value': 'Domingo 20 de Octubre de 2024\nTemporada 2024-2025\nTorneo Apertura\nJornada 16\n20 Octubre 2024 - 18:06 hrs.'}","{'type': 'link', 'href': 'https://www.ligafemenil.mx/cancha/club/11184/pachuca', 'text': ''}","{'type': 'link', 'href': 'https://www.ligafemenil.mx/cancha/informeArbitral/140365/eyJpZERpdmlzaW9uIjoiMTQiLCJpZFRlbXBvcmFkYSI6Ijc1IiwiaWRUb3JuZW8iOiIxIiwiaWRDbHVibG9jYWwiOjExMTg0LCJpZENsdWJ2aXNpdGEiOjExMTgwfQ==/informe-arbitral-pachuca-vs-tijuana-jornada-16-estadio-hidalgo-fox-sports', 'text': '2 - 2'}","{'type': 'link', 'href': 'https://www.ligafemenil.mx/cancha/club/11180/tijuana', 'text': ''}","{'type': 'link', 'href': 'https://www.ligafemenil.mx/cancha/estadio/11/estadio-hidalgo', 'text': 'Hidalgo'}","{'type': 'link', 'href': 'https://www.ligafemenil.mx/cancha/mxm/140365/eyJpZERpdmlzaW9uIjoiMTQiLCJpZFRlbXBvcmFkYSI6Ijc1IiwiaWRUb3JuZW8iOiIxIiwiaWRDbHVibG9jYWwiOiIxMTE4NCIsImlkQ2x1YnZpc2l0YSI6IjExMTgwIiwiaWRQYXJ0aWRvIjoiMTQwMzY1IiwicGVzdGFuYSI6IjEifQ==/minuto-a-minuto-pachuca-vs-tijuana-jornada-16-estadio-hidalgo-fox-sports', 'text': ''}","{'type': 'link', 'href': 'https://www.ligafemenil.mx/cancha/mxm/140365/eyJpZERpdmlzaW9uIjoiMTQiLCJpZFRlbXBvcmFkYSI6Ijc1IiwiaWRUb3JuZW8iOiIxIiwiaWRDbHVibG9jYWwiOiIxMTE4NCIsImlkQ2x1YnZpc2l0YSI6IjExMTgwIiwiaWRQYXJ0aWRvIjoiMTQwMzY1IiwicGVzdGFuYSI6IjMifQ==/minuto-a-minuto-pachuca-vs-tijuana-jornada-16-estadio-hidalgo-fox-sports', 'text': ''}","{'type': 'link', 'href': 'https://www.ligafemenil.mx/cancha/informeArbitral/140365/eyJpZERpdmlzaW9uIjoiMTQiLCJpZFRlbXBvcmFkYSI6Ijc1IiwiaWRUb3JuZW8iOiIxIiwiaWRDbHVibG9jYWwiOiIxMTE4NCIsImlkQ2x1YnZpc2l0YSI6IjExMTgwIn0=/informe-arbitral-pachuca-vs-tijuana-jornada-16-estadio-hidalgo-fox-sports', 'text': ''}","{'type': 'link', 'href': 'https://www.ligafemenil.mx/cancha/mxm/140365/eyJpZERpdmlzaW9uIjoiMTQiLCJpZFRlbXBvcmFkYSI6Ijc1IiwiaWRUb3JuZW8iOiIxIiwiaWRDbHVibG9jYWwiOiIxMTE4NCIsImlkQ2x1YnZpc2l0YSI6IjExMTgwIiwiaWRQYXJ0aWRvIjoiMTQwMzY1IiwicGVzdGFuYSI6IjQifQ==/minuto-a-minuto-pachuca-vs-tijuana-jornada-16-estadio-hidalgo-fox-sports', 'text': ''}","{'type': 'link', 'href': 'https://www.ligafemenil.mx/cancha/galeria/MTQwMzY1LzE2Lzc1LzEvMTQ=/pachuca-vs-tijuana', 'text': ''}","{'type': 'link', 'href': 'https://www.ligafemenil.mx/cancha/playlist/140365/pachuca-vs-tijuana', 'text': ''}"
2024-2025,Apertura,"{'type': 'text', 'value': 'Domingo 20 de Octubre de 2024\nTemporada 2024-2025\nTorneo Apertura\nJornada 16\n20 Octubre 2024 - 20:05 hrs.'}","{'type': 'link', 'href': 'https://www.ligafemenil.mx/cancha/club/11185/rayados-de-monterrey', 'text': ''}","{'type': 'link', 'href': 'https://www.ligafemenil.mx/cancha/informeArbitral/140377/eyJpZERpdmlzaW9uIjoiMTQiLCJpZFRlbXBvcmFkYSI6Ijc1IiwiaWRUb3JuZW8iOiIxIiwiaWRDbHVibG9jYWwiOjExMTg1LCJpZENsdWJ2aXNpdGEiOjExMTgyfQ==/informe-arbitral-rayados-de-monterrey-vs-guadalajara-jornada-16-estadio-bbva-el-nu9ve', 'text': '3 - 2'}","{'type': 'link', 'href': 'https://www.ligafemenil.mx/cancha/club/11182/guadalajara', 'text': ''}","{'type': 'link', 'href': 'https://www.ligafemenil.mx/cancha/estadio/1608/estadio-bbva', 'text': 'Estadio BBVA'}","{'type': 'link', 'href': 'https://www.ligafemenil.mx/cancha/mxm/140377/eyJpZERpdmlzaW9uIjoiMTQiLCJpZFRlbXBvcmFkYSI6Ijc1IiwiaWRUb3JuZW8iOiIxIiwiaWRDbHVibG9jYWwiOiIxMTE4NSIsImlkQ2x1YnZpc2l0YSI6IjExMTgyIiwiaWRQYXJ0aWRvIjoiMTQwMzc3IiwicGVzdGFuYSI6IjEifQ==/minuto-a-minuto-rayados-de-monterrey-vs-guadalajara-jornada-16-estadio-bbva-el-nu9ve', 'text': ''}","{'type': 'link', 'href': 'https://www.ligafemenil.mx/cancha/mxm/140377/eyJpZERpdmlzaW9uIjoiMTQiLCJpZFRlbXBvcmFkYSI6Ijc1IiwiaWRUb3JuZW8iOiIxIiwiaWRDbHVibG9jYWwiOiIxMTE4NSIsImlkQ2x1YnZpc2l0YSI6IjExMTgyIiwiaWRQYXJ0aWRvIjoiMTQwMzc3IiwicGVzdGFuYSI6IjMifQ==/minuto-a-minuto-rayados-de-monterrey-vs-guadalajara-jornada-16-estadio-bbva-el-nu9ve', 'text': ''}","{'type': 'link', 'href': 'https://www.ligafemenil.mx/cancha/informeArbitral/140377/eyJpZERpdmlzaW9uIjoiMTQiLCJpZFRlbXBvcmFkYSI6Ijc1IiwiaWRUb3JuZW8iOiIxIiwiaWRDbHVibG9jYWwiOiIxMTE4NSIsImlkQ2x1YnZpc2l0YSI6IjExMTgyIn0=/informe-arbitral-rayados-de-monterrey-vs-guadalajara-jornada-16-estadio-bbva-el-nu9ve', 'text': ''}","{'type': 'link', 'href': 'https://www.ligafemenil.mx/cancha/mxm/140377/eyJpZERpdmlzaW9uIjoiMTQiLCJpZFRlbXBvcmFkYSI6Ijc1IiwiaWRUb3JuZW8iOiIxIiwiaWRDbHVibG9jYWwiOiIxMTE4NSIsImlkQ2x1YnZpc2l0YSI6IjExMTgyIiwiaWRQYXJ0aWRvIjoiMTQwMzc3IiwicGVzdGFuYSI6IjQifQ==/minuto-a-minuto-rayados-de-monterrey-vs-guadalajara-jornada-16-estadio-bbva-el-nu9ve', 'text': ''}","{'type': 'link', 'href': 'https://www.ligafemenil.mx/cancha/galeria/MTQwMzc3LzE2Lzc1LzEvMTQ=/rayados-de-monterrey-vs-guadalajara', 'text': ''}","{'type': 'link', 'href': 'https://www.ligafemenil.mx/cancha/playlist/140377/rayados-de-monterrey-vs-guadalajara', 'text': ''}"
2024-2025,Apertura,"{'type': 'text', 'value': 'Domingo 20 de Octubre de 2024\nTemporada 2024-2025\nTorneo Apertura\nJornada 16\n20 Octubre 2024 - 20:10 hrs.'}","{'type': 'link', 'href': 'https://www.ligafemenil.mx/cancha/club/11795/fc-juarez', 'text': ''}","{'type': 'link', 'href': 'https://www.ligafemenil.mx/cancha/informeArbitral/140374/eyJpZERpdmlzaW9uIjoiMTQiLCJpZFRlbXBvcmFkYSI6Ijc1IiwiaWRUb3JuZW8iOiIxIiwiaWRDbHVibG9jYWwiOjExNzk1LCJpZENsdWJ2aXNpdGEiOjExMTg2fQ==/informe-arbitral-fc-juarez-vs-tigres-de-la-uanl-jornada-16-estadio-olimpico-benito-juarez-fox-sports', 'text': '3 - 1'}","{'type': 'link', 'href': 'https://www.ligafemenil.mx/cancha/club/11186/tigres-de-la-uanl', 'text': ''}","{'type': 'link', 'href': 'https://www.ligafemenil.mx/cancha/estadio/17/estadio-olimpico-benito-juarez', 'text': 'Olímpico Benito Juárez'}","{'type': 'link', 'href': 'https://www.ligafemenil.mx/cancha/mxm/140374/eyJpZERpdmlzaW9uIjoiMTQiLCJpZFRlbXBvcmFkYSI6Ijc1IiwiaWRUb3JuZW8iOiIxIiwiaWRDbHVibG9jYWwiOiIxMTc5NSIsImlkQ2x1YnZpc2l0YSI6IjExMTg2IiwiaWRQYXJ0aWRvIjoiMTQwMzc0IiwicGVzdGFuYSI6IjEifQ==/minuto-a-minuto-fc-juarez-vs-tigres-de-la-uanl-jornada-16-estadio-olimpico-benito-juarez-fox-sports', 'text': ''}","{'type': 'link', 'href': 'https://www.ligafemenil.mx/cancha/mxm/140374/eyJpZERpdmlzaW9uIjoiMTQiLCJpZFRlbXBvcmFkYSI6Ijc1IiwiaWRUb3JuZW8iOiIxIiwiaWRDbHVibG9jYWwiOiIxMTc5NSIsImlkQ2x1YnZpc2l0YSI6IjExMTg2IiwiaWRQYXJ0aWRvIjoiMTQwMzc0IiwicGVzdGFuYSI6IjMifQ==/minuto-a-minuto-fc-juarez-vs-tigres-de-la-uanl-jornada-16-estadio-olimpico-benito-juarez-fox-sports', 'text': ''}","{'type': 'link', 'href': 'https://www.ligafemenil.mx/cancha/informeArbitral/140374/eyJpZERpdmlzaW9uIjoiMTQiLCJpZFRlbXBvcmFkYSI6Ijc1IiwiaWRUb3JuZW8iOiIxIiwiaWRDbHVibG9jYWwiOiIxMTc5NSIsImlkQ2x1YnZpc2l0YSI6IjExMTg2In0=/informe-arbitral-fc-juarez-vs-tigres-de-la-uanl-jornada-16-estadio-olimpico-benito-juarez-fox-sports', 'text': ''}","{'type': 'link', 'href': 'https://www.ligafemenil.mx/cancha/mxm/140374/eyJpZERpdmlzaW9uIjoiMTQiLCJpZFRlbXBvcmFkYSI6Ijc1IiwiaWRUb3JuZW8iOiIxIiwiaWRDbHVibG9jYWwiOiIxMTc5NSIsImlkQ2x1YnZpc2l0YSI6IjExMTg2IiwiaWRQYXJ0aWRvIjoiMTQwMzc0IiwicGVzdGFuYSI6IjQifQ==/minuto-a-minuto-fc-juarez-vs-tigres-de-la-uanl-jornada-16-estadio-olimpico-benito-juarez-fox-sports', 'text': ''}","{'type': 'link', 'href': 'https://www.ligafemenil.mx/cancha/galeria/MTQwMzc0LzE2Lzc1LzEvMTQ=/fc-juarez-vs-tigres-de-la-uanl', 'text': ''}","{'type': 'link', 'href': 'https://www.ligafemenil.mx/cancha/playlist/140374/fc-juarez-vs-tigres-de-la-uanl', 'text': ''}"
2024-2025,Apertura,"{'type': 'text', 'value': 'Jueves 31 de Octubre de 2024\nTemporada 2024-2025\nTorneo Apertura\nJornada 17\n31 Octubre 2024 - 17:00 hrs.'}","{'type': 'link', 'href': 'https://www.ligafemenil.mx/cancha/club/12042/gallos-blancos-de-queretaro', 'text': ''}","{'type': 'link', 'href': 'https://www.ligafemenil.mx/cancha/informeArbitral/140302/eyJpZERpdmlzaW9uIjoiMTQiLCJpZFRlbXBvcmFkYSI6Ijc1IiwiaWRUb3JuZW8iOiIxIiwiaWRDbHVibG9jYWwiOjEyMDQyLCJpZENsdWJ2aXNpdGEiOjExMTgxfQ==/informe-arbitral-gallos-blancos-de-queretaro-vs-cruz-azul-jornada-17-estadio-la-corregidora-caliente-tv', 'text': '1 - 3'}","{'type': 'link', 'href': 'https://www.ligafemenil.mx/cancha/club/11181/cruz-azul', 'text': ''}","{'type': 'link', 'href': 'https://www.ligafemenil.mx/cancha/estadio/25/estadio-la-corregidora', 'text': 'La Corregidora'}","{'type': 'link', 'href': 'https://www.ligafemenil.mx/cancha/mxm/140302/eyJpZERpdmlzaW9uIjoiMTQiLCJpZFRlbXBvcmFkYSI6Ijc1IiwiaWRUb3JuZW8iOiIxIiwiaWRDbHVibG9jYWwiOiIxMjA0MiIsImlkQ2x1YnZpc2l0YSI6IjExMTgxIiwiaWRQYXJ0aWRvIjoiMTQwMzAyIiwicGVzdGFuYSI6IjEifQ==/minuto-a-minuto-gallos-blancos-de-queretaro-vs-cruz-azul-jornada-17-estadio-la-corregidora-caliente-tv', 'text': ''}","{'type': 'link', 'href': 'https://www.ligafemenil.mx/cancha/mxm/140302/eyJpZERpdmlzaW9uIjoiMTQiLCJpZFRlbXBvcmFkYSI6Ijc1IiwiaWRUb3JuZW8iOiIxIiwiaWRDbHVibG9jYWwiOiIxMjA0MiIsImlkQ2x1YnZpc2l0YSI6IjExMTgxIiwiaWRQYXJ0aWRvIjoiMTQwMzAyIiwicGVzdGFuYSI6IjMifQ==/minuto-a-minuto-gallos-blancos-de-queretaro-vs-cruz-azul-jornada-17-estadio-la-corregidora-caliente-tv', 'text': ''}","{'type': 'link', 'href': 'https://www.ligafemenil.mx/cancha/informeArbitral/140302/eyJpZERpdmlzaW9uIjoiMTQiLCJpZFRlbXBvcmFkYSI6Ijc1IiwiaWRUb3JuZW8iOiIxIiwiaWRDbHVibG9jYWwiOiIxMjA0MiIsImlkQ2x1YnZpc2l0YSI6IjExMTgxIn0=/informe-arbitral-gallos-blancos-de-queretaro-vs-cruz-azul-jornada-17-estadio-la-corregidora-caliente-tv', 'text': ''}","{'type': 'link', 'href': 'https://www.ligafemenil.mx/cancha/mxm/140302/eyJpZERpdmlzaW9uIjoiMTQiLCJpZFRlbXBvcmFkYSI6Ijc1IiwiaWRUb3JuZW8iOiIxIiwiaWRDbHVibG9jYWwiOiIxMjA0MiIsImlkQ2x1YnZpc2l0YSI6IjExMTgxIiwiaWRQYXJ0aWRvIjoiMTQwMzAyIiwicGVzdGFuYSI6IjQifQ==/minuto-a-minuto-gallos-blancos-de-queretaro-vs-cruz-azul-jornada-17-estadio-la-corregidora-caliente-tv', 'text': ''}","{'type': 'link', 'href': 'https://www.ligafemenil.mx/cancha/galeria/MTQwMzAyLzE3Lzc1LzEvMTQ=/gallos-blancos-de-queretaro-vs-cruz-azul', 'text': ''}","{'type': 'link', 'href': 'https://www.ligafemenil.mx/cancha/playlist/140302/gallos-blancos-de-queretaro-vs-cruz-azul', 'text': ''}"
2024-2025,Apertura,"{'type': 'text', 'value': 'Viernes 1 de Noviembre de 2024\nTemporada 2024-2025\nTorneo Apertura\nJornada 17\n1 Noviembre 2024 - 17:00 hrs.'}","{'type': 'link', 'href': 'https://www.ligafemenil.mx/cancha/club/11243/leon', 'text': ''}","{'type': 'link', 'href': 'https://www.ligafemenil.mx/cancha/informeArbitral/140317/eyJpZERpdmlzaW9uIjoiMTQiLCJpZFRlbXBvcmFkYSI6Ijc1IiwiaWRUb3JuZW8iOiIxIiwiaWRDbHVibG9jYWwiOjExMjQzLCJpZENsdWJ2aXNpdGEiOjEyMDUxfQ==/informe-arbitral-leon-vs-mazatlan-fc-jornada-17-estadio-nou-camp-fox-sports', 'text': '2 - 1'}","{'type': 'link', 'href': 'https://www.ligafemenil.mx/cancha/club/12051/mazatlan-fc', 'text': ''}","{'type': 'link', 'href': 'https://www.ligafemenil.mx/cancha/estadio/23/estadio-nou-camp', 'text': 'Nou Camp'}","{'type': 'link', 'href': 'https://www.ligafemenil.mx/cancha/mxm/140317/eyJpZERpdmlzaW9uIjoiMTQiLCJpZFRlbXBvcmFkYSI6Ijc1IiwiaWRUb3JuZW8iOiIxIiwiaWRDbHVibG9jYWwiOiIxMTI0MyIsImlkQ2x1YnZpc2l0YSI6IjEyMDUxIiwiaWRQYXJ0aWRvIjoiMTQwMzE3IiwicGVzdGFuYSI6IjEifQ==/minuto-a-minuto-leon-vs-mazatlan-fc-jornada-17-estadio-nou-camp-fox-sports', 'text': ''}","{'type': 'link', 'href': 'https://www.ligafemenil.mx/cancha/mxm/140317/eyJpZERpdmlzaW9uIjoiMTQiLCJpZFRlbXBvcmFkYSI6Ijc1IiwiaWRUb3JuZW8iOiIxIiwiaWRDbHVibG9jYWwiOiIxMTI0MyIsImlkQ2x1YnZpc2l0YSI6IjEyMDUxIiwiaWRQYXJ0aWRvIjoiMTQwMzE3IiwicGVzdGFuYSI6IjMifQ==/minuto-a-minuto-leon-vs-mazatlan-fc-jornada-17-estadio-nou-camp-fox-sports', 'text': ''}","{'type': 'link', 'href': 'https://www.ligafemenil.mx/cancha/informeArbitral/140317/eyJpZERpdmlzaW9uIjoiMTQiLCJpZFRlbXBvcmFkYSI6Ijc1IiwiaWRUb3JuZW8iOiIxIiwiaWRDbHVibG9jYWwiOiIxMTI0MyIsImlkQ2x1YnZpc2l0YSI6IjEyMDUxIn0=/informe-arbitral-leon-vs-mazatlan-fc-jornada-17-estadio-nou-camp-fox-sports', 'text': ''}","{'type': 'link', 'href': 'https://www.ligafemenil.mx/cancha/mxm/140317/eyJpZERpdmlzaW9uIjoiMTQiLCJpZFRlbXBvcmFkYSI6Ijc1IiwiaWRUb3JuZW8iOiIxIiwiaWRDbHVibG9jYWwiOiIxMTI0MyIsImlkQ2x1YnZpc2l0YSI6IjEyMDUxIiwiaWRQYXJ0aWRvIjoiMTQwMzE3IiwicGVzdGFuYSI6IjQifQ==/minuto-a-minuto-leon-vs-mazatlan-fc-jornada-17-estadio-nou-camp-fox-sports', 'text': ''}","{'type': 'link', 'href': 'https://www.ligafemenil.mx/cancha/galeria/MTQwMzE3LzE3Lzc1LzEvMTQ=/leon-vs-mazatlan-fc', 'text': ''}","{'type': 'link', 'href': 'https://www.ligafemenil.mx/cancha/playlist/140317/leon-vs-mazatlan-fc', 'text': ''}"
2024-2025,Apertura,"{'type': 'text', 'value': 'Viernes 1 de Noviembre de 2024\nTemporada 2024-2025\nTorneo Apertura\nJornada 17\n1 Noviembre 2024 - 17:00 hrs.'}","{'type': 'link', 'href': 'https://www.ligafemenil.mx/cancha/club/11187/toluca', 'text': ''}","{'type': 'link', 'href': 'https://www.ligafemenil.mx/cancha/informeArbitral/140311/eyJpZERpdmlzaW9uIjoiMTQiLCJpZFRlbXBvcmFkYSI6Ijc1IiwiaWRUb3JuZW8iOiIxIiwiaWRDbHVibG9jYWwiOjExMTg3LCJpZENsdWJ2aXNpdGEiOjExNzc4fQ==/informe-arbitral-toluca-vs-club-atletico-de-san-luis-jornada-17-estadio-nemesio-diez-vix', 'text': '4 - 0'}","{'type': 'link', 'href': 'https://www.ligafemenil.mx/cancha/club/11778/club-atletico-de-san-luis', 'text': ''}","{'type': 'link', 'href': 'https://www.ligafemenil.mx/cancha/estadio/6/estadio-nemesio-diez', 'text': 'Nemesio Diez'}","{'type': 'link', 'href': 'https://www.ligafemenil.mx/cancha/mxm/140311/eyJpZERpdmlzaW9uIjoiMTQiLCJpZFRlbXBvcmFkYSI6Ijc1IiwiaWRUb3JuZW8iOiIxIiwiaWRDbHVibG9jYWwiOiIxMTE4NyIsImlkQ2x1YnZpc2l0YSI6IjExNzc4IiwiaWRQYXJ0aWRvIjoiMTQwMzExIiwicGVzdGFuYSI6IjEifQ==/minuto-a-minuto-toluca-vs-club-atletico-de-san-luis-jornada-17-estadio-nemesio-diez-vix', 'text': ''}","{'type': 'link', 'href': 'https://www.ligafemenil.mx/cancha/mxm/140311/eyJpZERpdmlzaW9uIjoiMTQiLCJpZFRlbXBvcmFkYSI6Ijc1IiwiaWRUb3JuZW8iOiIxIiwiaWRDbHVibG9jYWwiOiIxMTE4NyIsImlkQ2x1YnZpc2l0YSI6IjExNzc4IiwiaWRQYXJ0aWRvIjoiMTQwMzExIiwicGVzdGFuYSI6IjMifQ==/minuto-a-minuto-toluca-vs-club-atletico-de-san-luis-jornada-17-estadio-nemesio-diez-vix', 'text': ''}","{'type': 'link', 'href': 'https://www.ligafemenil.mx/cancha/informeArbitral/140311/eyJpZERpdmlzaW9uIjoiMTQiLCJpZFRlbXBvcmFkYSI6Ijc1IiwiaWRUb3JuZW8iOiIxIiwiaWRDbHVibG9jYWwiOiIxMTE4NyIsImlkQ2x1YnZpc2l0YSI6IjExNzc4In0=/informe-arbitral-toluca-vs-club-atletico-de-san-luis-jornada-17-estadio-nemesio-diez-vix', 'text': ''}","{'type': 'link', 'href': 'https://www.ligafemenil.mx/cancha/mxm/140311/eyJpZERpdmlzaW9uIjoiMTQiLCJpZFRlbXBvcmFkYSI6Ijc1IiwiaWRUb3JuZW8iOiIxIiwiaWRDbHVibG9jYWwiOiIxMTE4NyIsImlkQ2x1YnZpc2l0YSI6IjExNzc4IiwiaWRQYXJ0aWRvIjoiMTQwMzExIiwicGVzdGFuYSI6IjQifQ==/minuto-a-minuto-toluca-vs-club-atletico-de-san-luis-jornada-17-estadio-nemesio-diez-vix', 'text': ''}","{'type': 'link', 'href': 'https://www.ligafemenil.mx/cancha/galeria/MTQwMzExLzE3Lzc1LzEvMTQ=/toluca-vs-club-atletico-de-san-luis', 'text': ''}","{'type': 'link', 'href': 'https://www.ligafemenil.mx/cancha/playlist/140311/toluca-vs-club-atletico-de-san-luis', 'text': ''}"
2024-2025,Apertura,"{'type': 'text', 'value': 'Sábado 2 de Noviembre de 2024\nTemporada 2024-2025\nTorneo Apertura\nJornada 17\n2 Noviembre 2024 - 12:00 hrs.'}","{'type': 'link', 'href': 'https://www.ligafemenil.mx/cancha/club/11188/pumas', 'text': ''}","{'type': 'link', 'href': 'https://www.ligafemenil.mx/cancha/informeArbitral/140320/eyJpZERpdmlzaW9uIjoiMTQiLCJpZFRlbXBvcmFkYSI6Ijc1IiwiaWRUb3JuZW8iOiIxIiwiaWRDbHVibG9jYWwiOjExMTg4LCJpZENsdWJ2aXNpdGEiOjExMTg5fQ==/informe-arbitral-pumas-vs-necaxa-jornada-17-estadio-olimpico-universitario-vix', 'text': '1 - 2'}","{'type': 'link', 'href': 'https://www.ligafemenil.mx/cancha/club/11189/necaxa', 'text': ''}","{'type': 'link', 'href': 'https://www.ligafemenil.mx/cancha/estadio/7/estadio-olimpico-universitario', 'text': 'Olímpico Universitario'}","{'type': 'link', 'href': 'https://www.ligafemenil.mx/cancha/mxm/140320/eyJpZERpdmlzaW9uIjoiMTQiLCJpZFRlbXBvcmFkYSI6Ijc1IiwiaWRUb3JuZW8iOiIxIiwiaWRDbHVibG9jYWwiOiIxMTE4OCIsImlkQ2x1YnZpc2l0YSI6IjExMTg5IiwiaWRQYXJ0aWRvIjoiMTQwMzIwIiwicGVzdGFuYSI6IjEifQ==/minuto-a-minuto-pumas-vs-necaxa-jornada-17-estadio-olimpico-universitario-vix', 'text': ''}","{'type': 'link', 'href': 'https://www.ligafemenil.mx/cancha/mxm/140320/eyJpZERpdmlzaW9uIjoiMTQiLCJpZFRlbXBvcmFkYSI6Ijc1IiwiaWRUb3JuZW8iOiIxIiwiaWRDbHVibG9jYWwiOiIxMTE4OCIsImlkQ2x1YnZpc2l0YSI6IjExMTg5IiwiaWRQYXJ0aWRvIjoiMTQwMzIwIiwicGVzdGFuYSI6IjMifQ==/minuto-a-minuto-pumas-vs-necaxa-jornada-17-estadio-olimpico-universitario-vix', 'text': ''}","{'type': 'link', 'href': 'https://www.ligafemenil.mx/cancha/informeArbitral/140320/eyJpZERpdmlzaW9uIjoiMTQiLCJpZFRlbXBvcmFkYSI6Ijc1IiwiaWRUb3JuZW8iOiIxIiwiaWRDbHVibG9jYWwiOiIxMTE4OCIsImlkQ2x1YnZpc2l0YSI6IjExMTg5In0=/informe-arbitral-pumas-vs-necaxa-jornada-17-estadio-olimpico-universitario-vix', 'text': ''}","{'type': 'link', 'href': 'https://www.ligafemenil.mx/cancha/mxm/140320/eyJpZERpdmlzaW9uIjoiMTQiLCJpZFRlbXBvcmFkYSI6Ijc1IiwiaWRUb3JuZW8iOiIxIiwiaWRDbHVibG9jYWwiOiIxMTE4OCIsImlkQ2x1YnZpc2l0YSI6IjExMTg5IiwiaWRQYXJ0aWRvIjoiMTQwMzIwIiwicGVzdGFuYSI6IjQifQ==/minuto-a-minuto-pumas-vs-necaxa-jornada-17-estadio-olimpico-universitario-vix', 'text': ''}","{'type': 'link', 'href': 'https://www.ligafemenil.mx/cancha/galeria/MTQwMzIwLzE3Lzc1LzEvMTQ=/pumas-vs-necaxa', 'text': ''}","{'type': 'link', 'href': 'https://www.ligafemenil.mx/cancha/playlist/140320/pumas-vs-necaxa', 'text': ''}"
2024-2025,Apertura,"{'type': 'text', 'value': 'Domingo 3 de Noviembre de 2024\nTemporada 2024-2025\nTorneo Apertura\nJornada 17\n3 Noviembre 2024 - 12:00 hrs.'}","{'type': 'link', 'href': 'https://www.ligafemenil.mx/cancha/club/11543/puebla-fc', 'text': ''}","{'type': 'link', 'href': 'https://www.ligafemenil.mx/cancha/informeArbitral/140326/eyJpZERpdmlzaW9uIjoiMTQiLCJpZFRlbXBvcmFkYSI6Ijc1IiwiaWRUb3JuZW8iOiIxIiwiaWRDbHVibG9jYWwiOjExNTQzLCJpZENsdWJ2aXNpdGEiOjExNzk1fQ==/informe-arbitral-puebla-fc-vs-fc-juarez-jornada-17-estadio-cuauhtemoc-fox-sports', 'text': '2 - 4'}","{'type': 'link', 'href': 'https://www.ligafemenil.mx/cancha/club/11795/fc-juarez', 'text': ''}","{'type': 'link', 'href': 'https://www.ligafemenil.mx/cancha/estadio/9/estadio-cuauhtemoc', 'text': 'Cuauhtémoc'}","{'type': 'link', 'href': 'https://www.ligafemenil.mx/cancha/mxm/140326/eyJpZERpdmlzaW9uIjoiMTQiLCJpZFRlbXBvcmFkYSI6Ijc1IiwiaWRUb3JuZW8iOiIxIiwiaWRDbHVibG9jYWwiOiIxMTU0MyIsImlkQ2x1YnZpc2l0YSI6IjExNzk1IiwiaWRQYXJ0aWRvIjoiMTQwMzI2IiwicGVzdGFuYSI6IjEifQ==/minuto-a-minuto-puebla-fc-vs-fc-juarez-jornada-17-estadio-cuauhtemoc-fox-sports', 'text': ''}","{'type': 'link', 'href': 'https://www.ligafemenil.mx/cancha/mxm/140326/eyJpZERpdmlzaW9uIjoiMTQiLCJpZFRlbXBvcmFkYSI6Ijc1IiwiaWRUb3JuZW8iOiIxIiwiaWRDbHVibG9jYWwiOiIxMTU0MyIsImlkQ2x1YnZpc2l0YSI6IjExNzk1IiwiaWRQYXJ0aWRvIjoiMTQwMzI2IiwicGVzdGFuYSI6IjMifQ==/minuto-a-minuto-puebla-fc-vs-fc-juarez-jornada-17-estadio-cuauhtemoc-fox-sports', 'text': ''}","{'type': 'link', 'href': 'https://www.ligafemenil.mx/cancha/informeArbitral/140326/eyJpZERpdmlzaW9uIjoiMTQiLCJpZFRlbXBvcmFkYSI6Ijc1IiwiaWRUb3JuZW8iOiIxIiwiaWRDbHVibG9jYWwiOiIxMTU0MyIsImlkQ2x1YnZpc2l0YSI6IjExNzk1In0=/informe-arbitral-puebla-fc-vs-fc-juarez-jornada-17-estadio-cuauhtemoc-fox-sports', 'text': ''}","{'type': 'link', 'href': 'https://www.ligafemenil.mx/cancha/mxm/140326/eyJpZERpdmlzaW9uIjoiMTQiLCJpZFRlbXBvcmFkYSI6Ijc1IiwiaWRUb3JuZW8iOiIxIiwiaWRDbHVibG9jYWwiOiIxMTU0MyIsImlkQ2x1YnZpc2l0YSI6IjExNzk1IiwiaWRQYXJ0aWRvIjoiMTQwMzI2IiwicGVzdGFuYSI6IjQifQ==/minuto-a-minuto-puebla-fc-vs-fc-juarez-jornada-17-estadio-cuauhtemoc-fox-sports', 'text': ''}","{'type': 'link', 'href': 'https://www.ligafemenil.mx/cancha/galeria/MTQwMzI2LzE3Lzc1LzEvMTQ=/puebla-fc-vs-fc-juarez', 'text': ''}","{'type': 'link', 'href': 'https://www.ligafemenil.mx/cancha/playlist/140326/puebla-fc-vs-fc-juarez', 'text': ''}"
2024-2025,Apertura,"{'type': 'text', 'value': 'Domingo 3 de Noviembre de 2024\nTemporada 2024-2025\nTorneo Apertura\nJornada 17\n3 Noviembre 2024 - 15:45 hrs.'}","{'type': 'link', 'href': 'https://www.ligafemenil.mx/cancha/club/11191/america', 'text': ''}","{'type': 'link', 'href': 'https://www.ligafemenil.mx/cancha/informeArbitral/140330/eyJpZERpdmlzaW9uIjoiMTQiLCJpZFRlbXBvcmFkYSI6Ijc1IiwiaWRUb3JuZW8iOiIxIiwiaWRDbHVibG9jYWwiOjExMTkxLCJpZENsdWJ2aXNpdGEiOjExMjQ1fQ==/informe-arbitral-america-vs-atlas-jornada-17-estadio-cancha-centenario-no-5-natural-instalaciones-club-america-vix', 'text': '4 - 1'}","{'type': 'link', 'href': 'https://www.ligafemenil.mx/cancha/club/11245/atlas', 'text': ''}","{'type': 'link', 'href': 'https://www.ligafemenil.mx/cancha/estadio/1421/estadio-cancha-centenario-no-5-natural-instalaciones-club-america', 'text': 'Cancha Centenario No. 5 (Natural) Instalaciones Club América'}","{'type': 'link', 'href': 'https://www.ligafemenil.mx/cancha/mxm/140330/eyJpZERpdmlzaW9uIjoiMTQiLCJpZFRlbXBvcmFkYSI6Ijc1IiwiaWRUb3JuZW8iOiIxIiwiaWRDbHVibG9jYWwiOiIxMTE5MSIsImlkQ2x1YnZpc2l0YSI6IjExMjQ1IiwiaWRQYXJ0aWRvIjoiMTQwMzMwIiwicGVzdGFuYSI6IjEifQ==/minuto-a-minuto-america-vs-atlas-jornada-17-estadio-cancha-centenario-no-5-natural-instalaciones-club-america-vix', 'text': ''}","{'type': 'link', 'href': 'https://www.ligafemenil.mx/cancha/mxm/140330/eyJpZERpdmlzaW9uIjoiMTQiLCJpZFRlbXBvcmFkYSI6Ijc1IiwiaWRUb3JuZW8iOiIxIiwiaWRDbHVibG9jYWwiOiIxMTE5MSIsImlkQ2x1YnZpc2l0YSI6IjExMjQ1IiwiaWRQYXJ0aWRvIjoiMTQwMzMwIiwicGVzdGFuYSI6IjMifQ==/minuto-a-minuto-america-vs-atlas-jornada-17-estadio-cancha-centenario-no-5-natural-instalaciones-club-america-vix', 'text': ''}","{'type': 'link', 'href': 'https://www.ligafemenil.mx/cancha/informeArbitral/140330/eyJpZERpdmlzaW9uIjoiMTQiLCJpZFRlbXBvcmFkYSI6Ijc1IiwiaWRUb3JuZW8iOiIxIiwiaWRDbHVibG9jYWwiOiIxMTE5MSIsImlkQ2x1YnZpc2l0YSI6IjExMjQ1In0=/informe-arbitral-america-vs-atlas-jornada-17-estadio-cancha-centenario-no-5-natural-instalaciones-club-america-vix', 'text': ''}","{'type': 'link', 'href': 'https://www.ligafemenil.mx/cancha/mxm/140330/eyJpZERpdmlzaW9uIjoiMTQiLCJpZFRlbXBvcmFkYSI6Ijc1IiwiaWRUb3JuZW8iOiIxIiwiaWRDbHVibG9jYWwiOiIxMTE5MSIsImlkQ2x1YnZpc2l0YSI6IjExMjQ1IiwiaWRQYXJ0aWRvIjoiMTQwMzMwIiwicGVzdGFuYSI6IjQifQ==/minuto-a-minuto-america-vs-atlas-jornada-17-estadio-cancha-centenario-no-5-natural-instalaciones-club-america-vix', 'text': ''}","{'type': 'link', 'href': 'https://www.ligafemenil.mx/cancha/galeria/MTQwMzMwLzE3Lzc1LzEvMTQ=/america-vs-atlas', 'text': ''}","{'type': 'link', 'href': 'https://www.ligafemenil.mx/cancha/playlist/140330/america-vs-atlas', 'text': ''}"
2024-2025,Apertura,"{'type': 'text', 'value': 'Domingo 3 de Noviembre de 2024\nTemporada 2024-2025\nTorneo Apertura\nJornada 17\n3 Noviembre 2024 - 19:00 hrs.'}","{'type': 'link', 'href': 'https://www.ligafemenil.mx/cancha/club/11182/guadalajara', 'text': ''}","{'type': 'link', 'href': 'https://www.ligafemenil.mx/cancha/informeArbitral/140335/eyJpZERpdmlzaW9uIjoiMTQiLCJpZFRlbXBvcmFkYSI6Ijc1IiwiaWRUb3JuZW8iOiIxIiwiaWRDbHVibG9jYWwiOjExMTgyLCJpZENsdWJ2aXNpdGEiOjExMTkyfQ==/informe-arbitral-guadalajara-vs-santos-laguna-jornada-17-estadio-akron-fox-sports', 'text': '6 - 0'}","{'type': 'link', 'href': 'https://www.ligafemenil.mx/cancha/club/11192/santos-laguna', 'text': ''}","{'type': 'link', 'href': 'https://www.ligafemenil.mx/cancha/estadio/1538/estadio-akron', 'text': 'Estadio AKRON'}","{'type': 'link', 'href': 'https://www.ligafemenil.mx/cancha/mxm/140335/eyJpZERpdmlzaW9uIjoiMTQiLCJpZFRlbXBvcmFkYSI6Ijc1IiwiaWRUb3JuZW8iOiIxIiwiaWRDbHVibG9jYWwiOiIxMTE4MiIsImlkQ2x1YnZpc2l0YSI6IjExMTkyIiwiaWRQYXJ0aWRvIjoiMTQwMzM1IiwicGVzdGFuYSI6IjEifQ==/minuto-a-minuto-guadalajara-vs-santos-laguna-jornada-17-estadio-akron-fox-sports', 'text': ''}","{'type': 'link', 'href': 'https://www.ligafemenil.mx/cancha/mxm/140335/eyJpZERpdmlzaW9uIjoiMTQiLCJpZFRlbXBvcmFkYSI6Ijc1IiwiaWRUb3JuZW8iOiIxIiwiaWRDbHVibG9jYWwiOiIxMTE4MiIsImlkQ2x1YnZpc2l0YSI6IjExMTkyIiwiaWRQYXJ0aWRvIjoiMTQwMzM1IiwicGVzdGFuYSI6IjMifQ==/minuto-a-minuto-guadalajara-vs-santos-laguna-jornada-17-estadio-akron-fox-sports', 'text': ''}","{'type': 'link', 'href': 'https://www.ligafemenil.mx/cancha/informeArbitral/140335/eyJpZERpdmlzaW9uIjoiMTQiLCJpZFRlbXBvcmFkYSI6Ijc1IiwiaWRUb3JuZW8iOiIxIiwiaWRDbHVibG9jYWwiOiIxMTE4MiIsImlkQ2x1YnZpc2l0YSI6IjExMTkyIn0=/informe-arbitral-guadalajara-vs-santos-laguna-jornada-17-estadio-akron-fox-sports', 'text': ''}","{'type': 'link', 'href': 'https://www.ligafemenil.mx/cancha/mxm/140335/eyJpZERpdmlzaW9uIjoiMTQiLCJpZFRlbXBvcmFkYSI6Ijc1IiwiaWRUb3JuZW8iOiIxIiwiaWRDbHVibG9jYWwiOiIxMTE4MiIsImlkQ2x1YnZpc2l0YSI6IjExMTkyIiwiaWRQYXJ0aWRvIjoiMTQwMzM1IiwicGVzdGFuYSI6IjQifQ==/minuto-a-minuto-guadalajara-vs-santos-laguna-jornada-17-estadio-akron-fox-sports', 'text': ''}","{'type': 'link', 'href': 'https://www.ligafemenil.mx/cancha/galeria/MTQwMzM1LzE3Lzc1LzEvMTQ=/guadalajara-vs-santos-laguna', 'text': ''}","{'type': 'link', 'href': 'https://www.ligafemenil.mx/cancha/playlist/140335/guadalajara-vs-santos-laguna', 'text': ''}"
2024-2025,Apertura,"{'type': 'text', 'value': 'Domingo 3 de Noviembre de 2024\nTemporada 2024-2025\nTorneo Apertura\nJornada 17\n3 Noviembre 2024 - 19:06 hrs.'}","{'type': 'link', 'href': 'https://www.ligafemenil.mx/cancha/club/11186/tigres-de-la-uanl', 'text': ''}","{'type': 'link', 'href': 'https://www.ligafemenil.mx/cancha/informeArbitral/140338/eyJpZERpdmlzaW9uIjoiMTQiLCJpZFRlbXBvcmFkYSI6Ijc1IiwiaWRUb3JuZW8iOiIxIiwiaWRDbHVibG9jYWwiOjExMTg2LCJpZENsdWJ2aXNpdGEiOjExMTg0fQ==/informe-arbitral-tigres-de-la-uanl-vs-pachuca-jornada-17-estadio-universitario-fox-sports', 'text': '2 - 1'}","{'type': 'link', 'href': 'https://www.ligafemenil.mx/cancha/club/11184/pachuca', 'text': ''}","{'type': 'link', 'href': 'https://www.ligafemenil.mx/cancha/estadio/12/estadio-universitario', 'text': 'Universitario'}","{'type': 'link', 'href': 'https://www.ligafemenil.mx/cancha/mxm/140338/eyJpZERpdmlzaW9uIjoiMTQiLCJpZFRlbXBvcmFkYSI6Ijc1IiwiaWRUb3JuZW8iOiIxIiwiaWRDbHVibG9jYWwiOiIxMTE4NiIsImlkQ2x1YnZpc2l0YSI6IjExMTg0IiwiaWRQYXJ0aWRvIjoiMTQwMzM4IiwicGVzdGFuYSI6IjEifQ==/minuto-a-minuto-tigres-de-la-uanl-vs-pachuca-jornada-17-estadio-universitario-fox-sports', 'text': ''}","{'type': 'link', 'href': 'https://www.ligafemenil.mx/cancha/mxm/140338/eyJpZERpdmlzaW9uIjoiMTQiLCJpZFRlbXBvcmFkYSI6Ijc1IiwiaWRUb3JuZW8iOiIxIiwiaWRDbHVibG9jYWwiOiIxMTE4NiIsImlkQ2x1YnZpc2l0YSI6IjExMTg0IiwiaWRQYXJ0aWRvIjoiMTQwMzM4IiwicGVzdGFuYSI6IjMifQ==/minuto-a-minuto-tigres-de-la-uanl-vs-pachuca-jornada-17-estadio-universitario-fox-sports', 'text': ''}","{'type': 'link', 'href': 'https://www.ligafemenil.mx/cancha/informeArbitral/140338/eyJpZERpdmlzaW9uIjoiMTQiLCJpZFRlbXBvcmFkYSI6Ijc1IiwiaWRUb3JuZW8iOiIxIiwiaWRDbHVibG9jYWwiOiIxMTE4NiIsImlkQ2x1YnZpc2l0YSI6IjExMTg0In0=/informe-arbitral-tigres-de-la-uanl-vs-pachuca-jornada-17-estadio-universitario-fox-sports', 'text': ''}","{'type': 'link', 'href': 'https://www.ligafemenil.mx/cancha/mxm/140338/eyJpZERpdmlzaW9uIjoiMTQiLCJpZFRlbXBvcmFkYSI6Ijc1IiwiaWRUb3JuZW8iOiIxIiwiaWRDbHVibG9jYWwiOiIxMTE4NiIsImlkQ2x1YnZpc2l0YSI6IjExMTg0IiwiaWRQYXJ0aWRvIjoiMTQwMzM4IiwicGVzdGFuYSI6IjQifQ==/minuto-a-minuto-tigres-de-la-uanl-vs-pachuca-jornada-17-estadio-universitario-fox-sports', 'text': ''}","{'type': 'link', 'href': 'https://www.ligafemenil.mx/cancha/galeria/MTQwMzM4LzE3Lzc1LzEvMTQ=/tigres-de-la-uanl-vs-pachuca', 'text': ''}","{'type': 'link', 'href': 'https://www.ligafemenil.mx/cancha/playlist/140338/tigres-de-la-uanl-vs-pachuca', 'text': ''}"
2024-2025,Apertura,"{'type': 'text', 'value': 'Domingo 3 de Noviembre de 2024\nTemporada 2024-2025\nTorneo Apertura\nJornada 17\n3 Noviembre 2024 - 19:10 hrs.'}","{'type': 'link', 'href': 'https://www.ligafemenil.mx/cancha/club/11180/tijuana', 'text': ''}","{'type': 'link', 'href': 'https://www.ligafemenil.mx/cancha/informeArbitral/140342/eyJpZERpdmlzaW9uIjoiMTQiLCJpZFRlbXBvcmFkYSI6Ijc1IiwiaWRUb3JuZW8iOiIxIiwiaWRDbHVibG9jYWwiOjExMTgwLCJpZENsdWJ2aXNpdGEiOjExMTg1fQ==/informe-arbitral-tijuana-vs-rayados-de-monterrey-jornada-17-estadio-caliente-caliente-tv', 'text': '0 - 2'}","{'type': 'link', 'href': 'https://www.ligafemenil.mx/cancha/club/11185/rayados-de-monterrey', 'text': ''}","{'type': 'link', 'href': 'https://www.ligafemenil.mx/cancha/estadio/48/estadio-caliente', 'text': 'Caliente'}","{'type': 'link', 'href': 'https://www.ligafemenil.mx/cancha/mxm/140342/eyJpZERpdmlzaW9uIjoiMTQiLCJpZFRlbXBvcmFkYSI6Ijc1IiwiaWRUb3JuZW8iOiIxIiwiaWRDbHVibG9jYWwiOiIxMTE4MCIsImlkQ2x1YnZpc2l0YSI6IjExMTg1IiwiaWRQYXJ0aWRvIjoiMTQwMzQyIiwicGVzdGFuYSI6IjEifQ==/minuto-a-minuto-tijuana-vs-rayados-de-monterrey-jornada-17-estadio-caliente-caliente-tv', 'text': ''}","{'type': 'link', 'href': 'https://www.ligafemenil.mx/cancha/mxm/140342/eyJpZERpdmlzaW9uIjoiMTQiLCJpZFRlbXBvcmFkYSI6Ijc1IiwiaWRUb3JuZW8iOiIxIiwiaWRDbHVibG9jYWwiOiIxMTE4MCIsImlkQ2x1YnZpc2l0YSI6IjExMTg1IiwiaWRQYXJ0aWRvIjoiMTQwMzQyIiwicGVzdGFuYSI6IjMifQ==/minuto-a-minuto-tijuana-vs-rayados-de-monterrey-jornada-17-estadio-caliente-caliente-tv', 'text': ''}","{'type': 'link', 'href': 'https://www.ligafemenil.mx/cancha/informeArbitral/140342/eyJpZERpdmlzaW9uIjoiMTQiLCJpZFRlbXBvcmFkYSI6Ijc1IiwiaWRUb3JuZW8iOiIxIiwiaWRDbHVibG9jYWwiOiIxMTE4MCIsImlkQ2x1YnZpc2l0YSI6IjExMTg1In0=/informe-arbitral-tijuana-vs-rayados-de-monterrey-jornada-17-estadio-caliente-caliente-tv', 'text': ''}","{'type': 'link', 'href': 'https://www.ligafemenil.mx/cancha/mxm/140342/eyJpZERpdmlzaW9uIjoiMTQiLCJpZFRlbXBvcmFkYSI6Ijc1IiwiaWRUb3JuZW8iOiIxIiwiaWRDbHVibG9jYWwiOiIxMTE4MCIsImlkQ2x1YnZpc2l0YSI6IjExMTg1IiwiaWRQYXJ0aWRvIjoiMTQwMzQyIiwicGVzdGFuYSI6IjQifQ==/minuto-a-minuto-tijuana-vs-rayados-de-monterrey-jornada-17-estadio-caliente-caliente-tv', 'text': ''}","{'type': 'link', 'href': 'https://www.ligafemenil.mx/cancha/galeria/MTQwMzQyLzE3Lzc1LzEvMTQ=/tijuana-vs-rayados-de-monterrey', 'text': ''}","{'type': 'link', 'href': 'https://www.ligafemenil.mx/cancha/playlist/140342/tijuana-vs-rayados-de-monterrey', 'text': ''}"
2024-2025,Apertura,"{'type': 'text', 'value': 'Jueves 7 de Noviembre de 2024\nTemporada 2024-2025\nTorneo Apertura\nCuartos Ida\n7 Noviembre 2024 - 20:06 hrs.'}","{'type': 'link', 'href': 'https://www.ligafemenil.mx/cancha/club/11795/fc-juarez', 'text': ''}","{'type': 'link', 'href': 'https://www.ligafemenil.mx/cancha/informeArbitral/143471/eyJpZERpdmlzaW9uIjoiMTQiLCJpZFRlbXBvcmFkYSI6Ijc1IiwiaWRUb3JuZW8iOiIxIiwiaWRDbHVibG9jYWwiOjExNzk1LCJpZENsdWJ2aXNpdGEiOjExMTg0fQ==/informe-arbitral-fc-juarez-vs-pachuca-cuartos-ida-estadio-olimpico-benito-juarez-fox-sports', 'text': '1 - 0'}","{'type': 'link', 'href': 'https://www.ligafemenil.mx/cancha/club/11184/pachuca', 'text': ''}","{'type': 'link', 'href': 'https://www.ligafemenil.mx/cancha/estadio/17/estadio-olimpico-benito-juarez', 'text': 'Olímpico Benito Juárez'}","{'type': 'link', 'href': 'https://www.ligafemenil.mx/cancha/mxm/143471/eyJpZERpdmlzaW9uIjoiMTQiLCJpZFRlbXBvcmFkYSI6Ijc1IiwiaWRUb3JuZW8iOiIxIiwiaWRDbHVibG9jYWwiOiIxMTc5NSIsImlkQ2x1YnZpc2l0YSI6IjExMTg0IiwiaWRQYXJ0aWRvIjoiMTQzNDcxIiwicGVzdGFuYSI6IjEifQ==/minuto-a-minuto-fc-juarez-vs-pachuca-cuartos-ida-estadio-olimpico-benito-juarez-fox-sports', 'text': ''}","{'type': 'link', 'href': 'https://www.ligafemenil.mx/cancha/mxm/143471/eyJpZERpdmlzaW9uIjoiMTQiLCJpZFRlbXBvcmFkYSI6Ijc1IiwiaWRUb3JuZW8iOiIxIiwiaWRDbHVibG9jYWwiOiIxMTc5NSIsImlkQ2x1YnZpc2l0YSI6IjExMTg0IiwiaWRQYXJ0aWRvIjoiMTQzNDcxIiwicGVzdGFuYSI6IjMifQ==/minuto-a-minuto-fc-juarez-vs-pachuca-cuartos-ida-estadio-olimpico-benito-juarez-fox-sports', 'text': ''}","{'type': 'link', 'href': 'https://www.ligafemenil.mx/cancha/informeArbitral/143471/eyJpZERpdmlzaW9uIjoiMTQiLCJpZFRlbXBvcmFkYSI6Ijc1IiwiaWRUb3JuZW8iOiIxIiwiaWRDbHVibG9jYWwiOiIxMTc5NSIsImlkQ2x1YnZpc2l0YSI6IjExMTg0In0=/informe-arbitral-fc-juarez-vs-pachuca-cuartos-ida-estadio-olimpico-benito-juarez-fox-sports', 'text': ''}","{'type': 'link', 'href': 'https://www.ligafemenil.mx/cancha/mxm/143471/eyJpZERpdmlzaW9uIjoiMTQiLCJpZFRlbXBvcmFkYSI6Ijc1IiwiaWRUb3JuZW8iOiIxIiwiaWRDbHVibG9jYWwiOiIxMTc5NSIsImlkQ2x1YnZpc2l0YSI6IjExMTg0IiwiaWRQYXJ0aWRvIjoiMTQzNDcxIiwicGVzdGFuYSI6IjQifQ==/minuto-a-minuto-fc-juarez-vs-pachuca-cuartos-ida-estadio-olimpico-benito-juarez-fox-sports', 'text': ''}","{'type': 'link', 'href': 'https://www.ligafemenil.mx/cancha/galeria/MTQzNDcxLzE4Lzc1LzEvMTQ=/fc-juarez-vs-pachuca', 'text': ''}","{'type': 'link', 'href': 'https://www.ligafemenil.mx/cancha/playlist/143471/fc-juarez-vs-pachuca', 'text': ''}"
2024-2025,Apertura,"{'type': 'text', 'value': 'Viernes 8 de Noviembre de 2024\nTemporada 2024-2025\nTorneo Apertura\nCuartos Ida\n8 Noviembre 2024 - 17:15 hrs.'}","{'type': 'link', 'href': 'https://www.ligafemenil.mx/cancha/club/11182/guadalajara', 'text': ''}","{'type': 'link', 'href': 'https://www.ligafemenil.mx/cancha/informeArbitral/143470/eyJpZERpdmlzaW9uIjoiMTQiLCJpZFRlbXBvcmFkYSI6Ijc1IiwiaWRUb3JuZW8iOiIxIiwiaWRDbHVibG9jYWwiOjExMTgyLCJpZENsdWJ2aXNpdGEiOjExMTkxfQ==/informe-arbitral-guadalajara-vs-america-cuartos-ida-estadio-akron-fox-sports', 'text': '1 - 4'}","{'type': 'link', 'href': 'https://www.ligafemenil.mx/cancha/club/11191/america', 'text': ''}","{'type': 'link', 'href': 'https://www.ligafemenil.mx/cancha/estadio/1538/estadio-akron', 'text': 'Estadio AKRON'}","{'type': 'link', 'href': 'https://www.ligafemenil.mx/cancha/mxm/143470/eyJpZERpdmlzaW9uIjoiMTQiLCJpZFRlbXBvcmFkYSI6Ijc1IiwiaWRUb3JuZW8iOiIxIiwiaWRDbHVibG9jYWwiOiIxMTE4MiIsImlkQ2x1YnZpc2l0YSI6IjExMTkxIiwiaWRQYXJ0aWRvIjoiMTQzNDcwIiwicGVzdGFuYSI6IjEifQ==/minuto-a-minuto-guadalajara-vs-america-cuartos-ida-estadio-akron-fox-sports', 'text': ''}","{'type': 'link', 'href': 'https://www.ligafemenil.mx/cancha/mxm/143470/eyJpZERpdmlzaW9uIjoiMTQiLCJpZFRlbXBvcmFkYSI6Ijc1IiwiaWRUb3JuZW8iOiIxIiwiaWRDbHVibG9jYWwiOiIxMTE4MiIsImlkQ2x1YnZpc2l0YSI6IjExMTkxIiwiaWRQYXJ0aWRvIjoiMTQzNDcwIiwicGVzdGFuYSI6IjMifQ==/minuto-a-minuto-guadalajara-vs-america-cuartos-ida-estadio-akron-fox-sports', 'text': ''}","{'type': 'link', 'href': 'https://www.ligafemenil.mx/cancha/informeArbitral/143470/eyJpZERpdmlzaW9uIjoiMTQiLCJpZFRlbXBvcmFkYSI6Ijc1IiwiaWRUb3JuZW8iOiIxIiwiaWRDbHVibG9jYWwiOiIxMTE4MiIsImlkQ2x1YnZpc2l0YSI6IjExMTkxIn0=/informe-arbitral-guadalajara-vs-america-cuartos-ida-estadio-akron-fox-sports', 'text': ''}","{'type': 'link', 'href': 'https://www.ligafemenil.mx/cancha/mxm/143470/eyJpZERpdmlzaW9uIjoiMTQiLCJpZFRlbXBvcmFkYSI6Ijc1IiwiaWRUb3JuZW8iOiIxIiwiaWRDbHVibG9jYWwiOiIxMTE4MiIsImlkQ2x1YnZpc2l0YSI6IjExMTkxIiwiaWRQYXJ0aWRvIjoiMTQzNDcwIiwicGVzdGFuYSI6IjQifQ==/minuto-a-minuto-guadalajara-vs-america-cuartos-ida-estadio-akron-fox-sports', 'text': ''}","{'type': 'link', 'href': 'https://www.ligafemenil.mx/cancha/galeria/MTQzNDcwLzE4Lzc1LzEvMTQ=/guadalajara-vs-america', 'text': ''}","{'type': 'link', 'href': 'https://www.ligafemenil.mx/cancha/playlist/143470/guadalajara-vs-america', 'text': ''}"
2024-2025,Apertura,"{'type': 'text', 'value': 'Viernes 8 de Noviembre de 2024\nTemporada 2024-2025\nTorneo Apertura\nCuartos Ida\n8 Noviembre 2024 - 18:00 hrs.'}","{'type': 'link', 'href': 'https://www.ligafemenil.mx/cancha/club/11187/toluca', 'text': ''}","{'type': 'link', 'href': 'https://www.ligafemenil.mx/cancha/informeArbitral/143468/eyJpZERpdmlzaW9uIjoiMTQiLCJpZFRlbXBvcmFkYSI6Ijc1IiwiaWRUb3JuZW8iOiIxIiwiaWRDbHVibG9jYWwiOjExMTg3LCJpZENsdWJ2aXNpdGEiOjExMTg1fQ==/informe-arbitral-toluca-vs-rayados-de-monterrey-cuartos-ida-estadio-nemesio-diez-el-nu9ve', 'text': '1 - 0'}","{'type': 'link', 'href': 'https://www.ligafemenil.mx/cancha/club/11185/rayados-de-monterrey', 'text': ''}","{'type': 'link', 'href': 'https://www.ligafemenil.mx/cancha/estadio/6/estadio-nemesio-diez', 'text': 'Nemesio Diez'}","{'type': 'link', 'href': 'https://www.ligafemenil.mx/cancha/mxm/143468/eyJpZERpdmlzaW9uIjoiMTQiLCJpZFRlbXBvcmFkYSI6Ijc1IiwiaWRUb3JuZW8iOiIxIiwiaWRDbHVibG9jYWwiOiIxMTE4NyIsImlkQ2x1YnZpc2l0YSI6IjExMTg1IiwiaWRQYXJ0aWRvIjoiMTQzNDY4IiwicGVzdGFuYSI6IjEifQ==/minuto-a-minuto-toluca-vs-rayados-de-monterrey-cuartos-ida-estadio-nemesio-diez-el-nu9ve', 'text': ''}","{'type': 'link', 'href': 'https://www.ligafemenil.mx/cancha/mxm/143468/eyJpZERpdmlzaW9uIjoiMTQiLCJpZFRlbXBvcmFkYSI6Ijc1IiwiaWRUb3JuZW8iOiIxIiwiaWRDbHVibG9jYWwiOiIxMTE4NyIsImlkQ2x1YnZpc2l0YSI6IjExMTg1IiwiaWRQYXJ0aWRvIjoiMTQzNDY4IiwicGVzdGFuYSI6IjMifQ==/minuto-a-minuto-toluca-vs-rayados-de-monterrey-cuartos-ida-estadio-nemesio-diez-el-nu9ve', 'text': ''}","{'type': 'link', 'href': 'https://www.ligafemenil.mx/cancha/informeArbitral/143468/eyJpZERpdmlzaW9uIjoiMTQiLCJpZFRlbXBvcmFkYSI6Ijc1IiwiaWRUb3JuZW8iOiIxIiwiaWRDbHVibG9jYWwiOiIxMTE4NyIsImlkQ2x1YnZpc2l0YSI6IjExMTg1In0=/informe-arbitral-toluca-vs-rayados-de-monterrey-cuartos-ida-estadio-nemesio-diez-el-nu9ve', 'text': ''}","{'type': 'link', 'href': 'https://www.ligafemenil.mx/cancha/mxm/143468/eyJpZERpdmlzaW9uIjoiMTQiLCJpZFRlbXBvcmFkYSI6Ijc1IiwiaWRUb3JuZW8iOiIxIiwiaWRDbHVibG9jYWwiOiIxMTE4NyIsImlkQ2x1YnZpc2l0YSI6IjExMTg1IiwiaWRQYXJ0aWRvIjoiMTQzNDY4IiwicGVzdGFuYSI6IjQifQ==/minuto-a-minuto-toluca-vs-rayados-de-monterrey-cuartos-ida-estadio-nemesio-diez-el-nu9ve', 'text': ''}","{'type': 'link', 'href': 'https://www.ligafemenil.mx/cancha/galeria/MTQzNDY4LzE4Lzc1LzEvMTQ=/toluca-vs-rayados-de-monterrey', 'text': ''}","{'type': 'link', 'href': 'https://www.ligafemenil.mx/cancha/playlist/143468/toluca-vs-rayados-de-monterrey', 'text': ''}"
2024-2025,Apertura,"{'type': 'text', 'value': 'Viernes 8 de Noviembre de 2024\nTemporada 2024-2025\nTorneo Apertura\nCuartos Ida\n8 Noviembre 2024 - 20:10 hrs.'}","{'type': 'link', 'href': 'https://www.ligafemenil.mx/cancha/club/11188/pumas', 'text': ''}","{'type': 'link', 'href': 'https://www.ligafemenil.mx/cancha/informeArbitral/143469/eyJpZERpdmlzaW9uIjoiMTQiLCJpZFRlbXBvcmFkYSI6Ijc1IiwiaWRUb3JuZW8iOiIxIiwiaWRDbHVibG9jYWwiOjExMTg4LCJpZENsdWJ2aXNpdGEiOjExMTg2fQ==/informe-arbitral-pumas-vs-tigres-de-la-uanl-cuartos-ida-estadio-olimpico-universitario-vix', 'text': '0 - 0'}","{'type': 'link', 'href': 'https://www.ligafemenil.mx/cancha/club/11186/tigres-de-la-uanl', 'text': ''}","{'type': 'link', 'href': 'https://www.ligafemenil.mx/cancha/estadio/7/estadio-olimpico-universitario', 'text': 'Olímpico Universitario'}","{'type': 'link', 'href': 'https://www.ligafemenil.mx/cancha/mxm/143469/eyJpZERpdmlzaW9uIjoiMTQiLCJpZFRlbXBvcmFkYSI6Ijc1IiwiaWRUb3JuZW8iOiIxIiwiaWRDbHVibG9jYWwiOiIxMTE4OCIsImlkQ2x1YnZpc2l0YSI6IjExMTg2IiwiaWRQYXJ0aWRvIjoiMTQzNDY5IiwicGVzdGFuYSI6IjEifQ==/minuto-a-minuto-pumas-vs-tigres-de-la-uanl-cuartos-ida-estadio-olimpico-universitario-vix', 'text': ''}","{'type': 'link', 'href': 'https://www.ligafemenil.mx/cancha/mxm/143469/eyJpZERpdmlzaW9uIjoiMTQiLCJpZFRlbXBvcmFkYSI6Ijc1IiwiaWRUb3JuZW8iOiIxIiwiaWRDbHVibG9jYWwiOiIxMTE4OCIsImlkQ2x1YnZpc2l0YSI6IjExMTg2IiwiaWRQYXJ0aWRvIjoiMTQzNDY5IiwicGVzdGFuYSI6IjMifQ==/minuto-a-minuto-pumas-vs-tigres-de-la-uanl-cuartos-ida-estadio-olimpico-universitario-vix', 'text': ''}","{'type': 'link', 'href': 'https://www.ligafemenil.mx/cancha/informeArbitral/143469/eyJpZERpdmlzaW9uIjoiMTQiLCJpZFRlbXBvcmFkYSI6Ijc1IiwiaWRUb3JuZW8iOiIxIiwiaWRDbHVibG9jYWwiOiIxMTE4OCIsImlkQ2x1YnZpc2l0YSI6IjExMTg2In0=/informe-arbitral-pumas-vs-tigres-de-la-uanl-cuartos-ida-estadio-olimpico-universitario-vix', 'text': ''}","{'type': 'link', 'href': 'https://www.ligafemenil.mx/cancha/mxm/143469/eyJpZERpdmlzaW9uIjoiMTQiLCJpZFRlbXBvcmFkYSI6Ijc1IiwiaWRUb3JuZW8iOiIxIiwiaWRDbHVibG9jYWwiOiIxMTE4OCIsImlkQ2x1YnZpc2l0YSI6IjExMTg2IiwiaWRQYXJ0aWRvIjoiMTQzNDY5IiwicGVzdGFuYSI6IjQifQ==/minuto-a-minuto-pumas-vs-tigres-de-la-uanl-cuartos-ida-estadio-olimpico-universitario-vix', 'text': ''}","{'type': 'link', 'href': 'https://www.ligafemenil.mx/cancha/galeria/MTQzNDY5LzE4Lzc1LzEvMTQ=/pumas-vs-tigres-de-la-uanl', 'text': ''}","{'type': 'link', 'href': 'https://www.ligafemenil.mx/cancha/playlist/143469/pumas-vs-tigres-de-la-uanl', 'text': ''}"
2024-2025,Apertura,"{'type': 'text', 'value': 'Domingo 10 de Noviembre de 2024\nTemporada 2024-2025\nTorneo Apertura\nCuartos Vuelta\n10 Noviembre 2024 - 19:06 hrs.'}","{'type': 'link', 'href': 'https://www.ligafemenil.mx/cancha/club/11184/pachuca', 'text': ''}","{'type': 'link', 'href': 'https://www.ligafemenil.mx/cancha/informeArbitral/143475/eyJpZERpdmlzaW9uIjoiMTQiLCJpZFRlbXBvcmFkYSI6Ijc1IiwiaWRUb3JuZW8iOiIxIiwiaWRDbHVibG9jYWwiOjExMTg0LCJpZENsdWJ2aXNpdGEiOjExNzk1fQ==/informe-arbitral-pachuca-vs-fc-juarez-cuartos-vuelta-estadio-hidalgo-fox-sports', 'text': '2 - 1'}","{'type': 'link', 'href': 'https://www.ligafemenil.mx/cancha/club/11795/fc-juarez', 'text': ''}","{'type': 'link', 'href': 'https://www.ligafemenil.mx/cancha/estadio/11/estadio-hidalgo', 'text': 'Hidalgo'}","{'type': 'link', 'href': 'https://www.ligafemenil.mx/cancha/mxm/143475/eyJpZERpdmlzaW9uIjoiMTQiLCJpZFRlbXBvcmFkYSI6Ijc1IiwiaWRUb3JuZW8iOiIxIiwiaWRDbHVibG9jYWwiOiIxMTE4NCIsImlkQ2x1YnZpc2l0YSI6IjExNzk1IiwiaWRQYXJ0aWRvIjoiMTQzNDc1IiwicGVzdGFuYSI6IjEifQ==/minuto-a-minuto-pachuca-vs-fc-juarez-cuartos-vuelta-estadio-hidalgo-fox-sports', 'text': ''}","{'type': 'link', 'href': 'https://www.ligafemenil.mx/cancha/mxm/143475/eyJpZERpdmlzaW9uIjoiMTQiLCJpZFRlbXBvcmFkYSI6Ijc1IiwiaWRUb3JuZW8iOiIxIiwiaWRDbHVibG9jYWwiOiIxMTE4NCIsImlkQ2x1YnZpc2l0YSI6IjExNzk1IiwiaWRQYXJ0aWRvIjoiMTQzNDc1IiwicGVzdGFuYSI6IjMifQ==/minuto-a-minuto-pachuca-vs-fc-juarez-cuartos-vuelta-estadio-hidalgo-fox-sports', 'text': ''}","{'type': 'link', 'href': 'https://www.ligafemenil.mx/cancha/informeArbitral/143475/eyJpZERpdmlzaW9uIjoiMTQiLCJpZFRlbXBvcmFkYSI6Ijc1IiwiaWRUb3JuZW8iOiIxIiwiaWRDbHVibG9jYWwiOiIxMTE4NCIsImlkQ2x1YnZpc2l0YSI6IjExNzk1In0=/informe-arbitral-pachuca-vs-fc-juarez-cuartos-vuelta-estadio-hidalgo-fox-sports', 'text': ''}","{'type': 'link', 'href': 'https://www.ligafemenil.mx/cancha/mxm/143475/eyJpZERpdmlzaW9uIjoiMTQiLCJpZFRlbXBvcmFkYSI6Ijc1IiwiaWRUb3JuZW8iOiIxIiwiaWRDbHVibG9jYWwiOiIxMTE4NCIsImlkQ2x1YnZpc2l0YSI6IjExNzk1IiwiaWRQYXJ0aWRvIjoiMTQzNDc1IiwicGVzdGFuYSI6IjQifQ==/minuto-a-minuto-pachuca-vs-fc-juarez-cuartos-vuelta-estadio-hidalgo-fox-sports', 'text': ''}","{'type': 'link', 'href': 'https://www.ligafemenil.mx/cancha/galeria/MTQzNDc1LzE5Lzc1LzEvMTQ=/pachuca-vs-fc-juarez', 'text': ''}","{'type': 'link', 'href': 'https://www.ligafemenil.mx/cancha/playlist/143475/pachuca-vs-fc-juarez', 'text': ''}"
2024-2025,Apertura,"{'type': 'text', 'value': 'Lunes 11 de Noviembre de 2024\nTemporada 2024-2025\nTorneo Apertura\nCuartos Vuelta\n11 Noviembre 2024 - 17:00 hrs.'}","{'type': 'link', 'href': 'https://www.ligafemenil.mx/cancha/club/11191/america', 'text': ''}","{'type': 'link', 'href': 'https://www.ligafemenil.mx/cancha/informeArbitral/143474/eyJpZERpdmlzaW9uIjoiMTQiLCJpZFRlbXBvcmFkYSI6Ijc1IiwiaWRUb3JuZW8iOiIxIiwiaWRDbHVibG9jYWwiOjExMTkxLCJpZENsdWJ2aXNpdGEiOjExMTgyfQ==/informe-arbitral-america-vs-guadalajara-cuartos-vuelta-estadio-ciudad-de-los-deportes-el-nu9ve', 'text': '3 - 2'}","{'type': 'link', 'href': 'https://www.ligafemenil.mx/cancha/club/11182/guadalajara', 'text': ''}","{'type': 'link', 'href': 'https://www.ligafemenil.mx/cancha/estadio/2/estadio-ciudad-de-los-deportes', 'text': 'Ciudad De Los Deportes'}","{'type': 'link', 'href': 'https://www.ligafemenil.mx/cancha/mxm/143474/eyJpZERpdmlzaW9uIjoiMTQiLCJpZFRlbXBvcmFkYSI6Ijc1IiwiaWRUb3JuZW8iOiIxIiwiaWRDbHVibG9jYWwiOiIxMTE5MSIsImlkQ2x1YnZpc2l0YSI6IjExMTgyIiwiaWRQYXJ0aWRvIjoiMTQzNDc0IiwicGVzdGFuYSI6IjEifQ==/minuto-a-minuto-america-vs-guadalajara-cuartos-vuelta-estadio-ciudad-de-los-deportes-el-nu9ve', 'text': ''}","{'type': 'link', 'href': 'https://www.ligafemenil.mx/cancha/mxm/143474/eyJpZERpdmlzaW9uIjoiMTQiLCJpZFRlbXBvcmFkYSI6Ijc1IiwiaWRUb3JuZW8iOiIxIiwiaWRDbHVibG9jYWwiOiIxMTE5MSIsImlkQ2x1YnZpc2l0YSI6IjExMTgyIiwiaWRQYXJ0aWRvIjoiMTQzNDc0IiwicGVzdGFuYSI6IjMifQ==/minuto-a-minuto-america-vs-guadalajara-cuartos-vuelta-estadio-ciudad-de-los-deportes-el-nu9ve', 'text': ''}","{'type': 'link', 'href': 'https://www.ligafemenil.mx/cancha/informeArbitral/143474/eyJpZERpdmlzaW9uIjoiMTQiLCJpZFRlbXBvcmFkYSI6Ijc1IiwiaWRUb3JuZW8iOiIxIiwiaWRDbHVibG9jYWwiOiIxMTE5MSIsImlkQ2x1YnZpc2l0YSI6IjExMTgyIn0=/informe-arbitral-america-vs-guadalajara-cuartos-vuelta-estadio-ciudad-de-los-deportes-el-nu9ve', 'text': ''}","{'type': 'link', 'href': 'https://www.ligafemenil.mx/cancha/mxm/143474/eyJpZERpdmlzaW9uIjoiMTQiLCJpZFRlbXBvcmFkYSI6Ijc1IiwiaWRUb3JuZW8iOiIxIiwiaWRDbHVibG9jYWwiOiIxMTE5MSIsImlkQ2x1YnZpc2l0YSI6IjExMTgyIiwiaWRQYXJ0aWRvIjoiMTQzNDc0IiwicGVzdGFuYSI6IjQifQ==/minuto-a-minuto-america-vs-guadalajara-cuartos-vuelta-estadio-ciudad-de-los-deportes-el-nu9ve', 'text': ''}","{'type': 'link', 'href': 'https://www.ligafemenil.mx/cancha/galeria/MTQzNDc0LzE5Lzc1LzEvMTQ=/america-vs-guadalajara', 'text': ''}","{'type': 'link', 'href': 'https://www.ligafemenil.mx/cancha/playlist/143474/america-vs-guadalajara', 'text': ''}"
2024-2025,Apertura,"{'type': 'text', 'value': 'Lunes 11 de Noviembre de 2024\nTemporada 2024-2025\nTorneo Apertura\nCuartos Vuelta\n11 Noviembre 2024 - 19:10 hrs.'}","{'type': 'link', 'href': 'https://www.ligafemenil.mx/cancha/club/11185/rayados-de-monterrey', 'text': ''}","{'type': 'link', 'href': 'https://www.ligafemenil.mx/cancha/informeArbitral/143472/eyJpZERpdmlzaW9uIjoiMTQiLCJpZFRlbXBvcmFkYSI6Ijc1IiwiaWRUb3JuZW8iOiIxIiwiaWRDbHVibG9jYWwiOjExMTg1LCJpZENsdWJ2aXNpdGEiOjExMTg3fQ==/informe-arbitral-rayados-de-monterrey-vs-toluca-cuartos-vuelta-estadio-bbva-vix', 'text': '1 - 0'}","{'type': 'link', 'href': 'https://www.ligafemenil.mx/cancha/club/11187/toluca', 'text': ''}","{'type': 'link', 'href': 'https://www.ligafemenil.mx/cancha/estadio/1608/estadio-bbva', 'text': 'Estadio BBVA'}","{'type': 'link', 'href': 'https://www.ligafemenil.mx/cancha/mxm/143472/eyJpZERpdmlzaW9uIjoiMTQiLCJpZFRlbXBvcmFkYSI6Ijc1IiwiaWRUb3JuZW8iOiIxIiwiaWRDbHVibG9jYWwiOiIxMTE4NSIsImlkQ2x1YnZpc2l0YSI6IjExMTg3IiwiaWRQYXJ0aWRvIjoiMTQzNDcyIiwicGVzdGFuYSI6IjEifQ==/minuto-a-minuto-rayados-de-monterrey-vs-toluca-cuartos-vuelta-estadio-bbva-vix', 'text': ''}","{'type': 'link', 'href': 'https://www.ligafemenil.mx/cancha/mxm/143472/eyJpZERpdmlzaW9uIjoiMTQiLCJpZFRlbXBvcmFkYSI6Ijc1IiwiaWRUb3JuZW8iOiIxIiwiaWRDbHVibG9jYWwiOiIxMTE4NSIsImlkQ2x1YnZpc2l0YSI6IjExMTg3IiwiaWRQYXJ0aWRvIjoiMTQzNDcyIiwicGVzdGFuYSI6IjMifQ==/minuto-a-minuto-rayados-de-monterrey-vs-toluca-cuartos-vuelta-estadio-bbva-vix', 'text': ''}","{'type': 'link', 'href': 'https://www.ligafemenil.mx/cancha/informeArbitral/143472/eyJpZERpdmlzaW9uIjoiMTQiLCJpZFRlbXBvcmFkYSI6Ijc1IiwiaWRUb3JuZW8iOiIxIiwiaWRDbHVibG9jYWwiOiIxMTE4NSIsImlkQ2x1YnZpc2l0YSI6IjExMTg3In0=/informe-arbitral-rayados-de-monterrey-vs-toluca-cuartos-vuelta-estadio-bbva-vix', 'text': ''}","{'type': 'link', 'href': 'https://www.ligafemenil.mx/cancha/mxm/143472/eyJpZERpdmlzaW9uIjoiMTQiLCJpZFRlbXBvcmFkYSI6Ijc1IiwiaWRUb3JuZW8iOiIxIiwiaWRDbHVibG9jYWwiOiIxMTE4NSIsImlkQ2x1YnZpc2l0YSI6IjExMTg3IiwiaWRQYXJ0aWRvIjoiMTQzNDcyIiwicGVzdGFuYSI6IjQifQ==/minuto-a-minuto-rayados-de-monterrey-vs-toluca-cuartos-vuelta-estadio-bbva-vix', 'text': ''}","{'type': 'link', 'href': 'https://www.ligafemenil.mx/cancha/galeria/MTQzNDcyLzE5Lzc1LzEvMTQ=/rayados-de-monterrey-vs-toluca', 'text': ''}","{'type': 'link', 'href': 'https://www.ligafemenil.mx/cancha/playlist/143472/rayados-de-monterrey-vs-toluca', 'text': ''}"
2024-2025,Apertura,"{'type': 'text', 'value': 'Lunes 11 de Noviembre de 2024\nTemporada 2024-2025\nTorneo Apertura\nCuartos Vuelta\n11 Noviembre 2024 - 21:06 hrs.'}","{'type': 'link', 'href': 'https://www.ligafemenil.mx/cancha/club/11186/tigres-de-la-uanl', 'text': ''}","{'type': 'link', 'href': 'https://www.ligafemenil.mx/cancha/informeArbitral/143473/eyJpZERpdmlzaW9uIjoiMTQiLCJpZFRlbXBvcmFkYSI6Ijc1IiwiaWRUb3JuZW8iOiIxIiwiaWRDbHVibG9jYWwiOjExMTg2LCJpZENsdWJ2aXNpdGEiOjExMTg4fQ==/informe-arbitral-tigres-de-la-uanl-vs-pumas-cuartos-vuelta-estadio-universitario-fox-sports', 'text': '7 - 1'}","{'type': 'link', 'href': 'https://www.ligafemenil.mx/cancha/club/11188/pumas', 'text': ''}","{'type': 'link', 'href': 'https://www.ligafemenil.mx/cancha/estadio/12/estadio-universitario', 'text': 'Universitario'}","{'type': 'link', 'href': 'https://www.ligafemenil.mx/cancha/mxm/143473/eyJpZERpdmlzaW9uIjoiMTQiLCJpZFRlbXBvcmFkYSI6Ijc1IiwiaWRUb3JuZW8iOiIxIiwiaWRDbHVibG9jYWwiOiIxMTE4NiIsImlkQ2x1YnZpc2l0YSI6IjExMTg4IiwiaWRQYXJ0aWRvIjoiMTQzNDczIiwicGVzdGFuYSI6IjEifQ==/minuto-a-minuto-tigres-de-la-uanl-vs-pumas-cuartos-vuelta-estadio-universitario-fox-sports', 'text': ''}","{'type': 'link', 'href': 'https://www.ligafemenil.mx/cancha/mxm/143473/eyJpZERpdmlzaW9uIjoiMTQiLCJpZFRlbXBvcmFkYSI6Ijc1IiwiaWRUb3JuZW8iOiIxIiwiaWRDbHVibG9jYWwiOiIxMTE4NiIsImlkQ2x1YnZpc2l0YSI6IjExMTg4IiwiaWRQYXJ0aWRvIjoiMTQzNDczIiwicGVzdGFuYSI6IjMifQ==/minuto-a-minuto-tigres-de-la-uanl-vs-pumas-cuartos-vuelta-estadio-universitario-fox-sports', 'text': ''}","{'type': 'link', 'href': 'https://www.ligafemenil.mx/cancha/informeArbitral/143473/eyJpZERpdmlzaW9uIjoiMTQiLCJpZFRlbXBvcmFkYSI6Ijc1IiwiaWRUb3JuZW8iOiIxIiwiaWRDbHVibG9jYWwiOiIxMTE4NiIsImlkQ2x1YnZpc2l0YSI6IjExMTg4In0=/informe-arbitral-tigres-de-la-uanl-vs-pumas-cuartos-vuelta-estadio-universitario-fox-sports', 'text': ''}","{'type': 'link', 'href': 'https://www.ligafemenil.mx/cancha/mxm/143473/eyJpZERpdmlzaW9uIjoiMTQiLCJpZFRlbXBvcmFkYSI6Ijc1IiwiaWRUb3JuZW8iOiIxIiwiaWRDbHVibG9jYWwiOiIxMTE4NiIsImlkQ2x1YnZpc2l0YSI6IjExMTg4IiwiaWRQYXJ0aWRvIjoiMTQzNDczIiwicGVzdGFuYSI6IjQifQ==/minuto-a-minuto-tigres-de-la-uanl-vs-pumas-cuartos-vuelta-estadio-universitario-fox-sports', 'text': ''}","{'type': 'link', 'href': 'https://www.ligafemenil.mx/cancha/galeria/MTQzNDczLzE5Lzc1LzEvMTQ=/tigres-de-la-uanl-vs-pumas', 'text': ''}","{'type': 'link', 'href': 'https://www.ligafemenil.mx/cancha/playlist/143473/tigres-de-la-uanl-vs-pumas', 'text': ''}"
2024-2025,Apertura,"{'type': 'text', 'value': 'Jueves 14 de Noviembre de 2024\nTemporada 2024-2025\nTorneo Apertura\nSemifinal Ida\n14 Noviembre 2024 - 21:00 hrs.'}","{'type': 'link', 'href': 'https://www.ligafemenil.mx/cancha/club/11191/america', 'text': ''}","{'type': 'link', 'href': 'https://www.ligafemenil.mx/cancha/informeArbitral/143507/eyJpZERpdmlzaW9uIjoiMTQiLCJpZFRlbXBvcmFkYSI6Ijc1IiwiaWRUb3JuZW8iOiIxIiwiaWRDbHVibG9jYWwiOjExMTkxLCJpZENsdWJ2aXNpdGEiOjExMTg2fQ==/informe-arbitral-america-vs-tigres-de-la-uanl-semifinal-ida-estadio-ciudad-de-los-deportes-el-nu9ve', 'text': '1 - 1'}","{'type': 'link', 'href': 'https://www.ligafemenil.mx/cancha/club/11186/tigres-de-la-uanl', 'text': ''}","{'type': 'link', 'href': 'https://www.ligafemenil.mx/cancha/estadio/2/estadio-ciudad-de-los-deportes', 'text': 'Ciudad De Los Deportes'}","{'type': 'link', 'href': 'https://www.ligafemenil.mx/cancha/mxm/143507/eyJpZERpdmlzaW9uIjoiMTQiLCJpZFRlbXBvcmFkYSI6Ijc1IiwiaWRUb3JuZW8iOiIxIiwiaWRDbHVibG9jYWwiOiIxMTE5MSIsImlkQ2x1YnZpc2l0YSI6IjExMTg2IiwiaWRQYXJ0aWRvIjoiMTQzNTA3IiwicGVzdGFuYSI6IjEifQ==/minuto-a-minuto-america-vs-tigres-de-la-uanl-semifinal-ida-estadio-ciudad-de-los-deportes-el-nu9ve', 'text': ''}","{'type': 'link', 'href': 'https://www.ligafemenil.mx/cancha/mxm/143507/eyJpZERpdmlzaW9uIjoiMTQiLCJpZFRlbXBvcmFkYSI6Ijc1IiwiaWRUb3JuZW8iOiIxIiwiaWRDbHVibG9jYWwiOiIxMTE5MSIsImlkQ2x1YnZpc2l0YSI6IjExMTg2IiwiaWRQYXJ0aWRvIjoiMTQzNTA3IiwicGVzdGFuYSI6IjMifQ==/minuto-a-minuto-america-vs-tigres-de-la-uanl-semifinal-ida-estadio-ciudad-de-los-deportes-el-nu9ve', 'text': ''}","{'type': 'link', 'href': 'https://www.ligafemenil.mx/cancha/informeArbitral/143507/eyJpZERpdmlzaW9uIjoiMTQiLCJpZFRlbXBvcmFkYSI6Ijc1IiwiaWRUb3JuZW8iOiIxIiwiaWRDbHVibG9jYWwiOiIxMTE5MSIsImlkQ2x1YnZpc2l0YSI6IjExMTg2In0=/informe-arbitral-america-vs-tigres-de-la-uanl-semifinal-ida-estadio-ciudad-de-los-deportes-el-nu9ve', 'text': ''}","{'type': 'link', 'href': 'https://www.ligafemenil.mx/cancha/mxm/143507/eyJpZERpdmlzaW9uIjoiMTQiLCJpZFRlbXBvcmFkYSI6Ijc1IiwiaWRUb3JuZW8iOiIxIiwiaWRDbHVibG9jYWwiOiIxMTE5MSIsImlkQ2x1YnZpc2l0YSI6IjExMTg2IiwiaWRQYXJ0aWRvIjoiMTQzNTA3IiwicGVzdGFuYSI6IjQifQ==/minuto-a-minuto-america-vs-tigres-de-la-uanl-semifinal-ida-estadio-ciudad-de-los-deportes-el-nu9ve', 'text': ''}","{'type': 'link', 'href': 'https://www.ligafemenil.mx/cancha/galeria/MTQzNTA3LzIwLzc1LzEvMTQ=/america-vs-tigres-de-la-uanl', 'text': ''}","{'type': 'link', 'href': 'https://www.ligafemenil.mx/cancha/playlist/143507/america-vs-tigres-de-la-uanl', 'text': ''}"
2024-2025,Apertura,"{'type': 'text', 'value': 'Viernes 15 de Noviembre de 2024\nTemporada 2024-2025\nTorneo Apertura\nSemifinal Ida\n15 Noviembre 2024 - 18:06 hrs.'}","{'type': 'link', 'href': 'https://www.ligafemenil.mx/cancha/club/11184/pachuca', 'text': ''}","{'type': 'link', 'href': 'https://www.ligafemenil.mx/cancha/informeArbitral/143506/eyJpZERpdmlzaW9uIjoiMTQiLCJpZFRlbXBvcmFkYSI6Ijc1IiwiaWRUb3JuZW8iOiIxIiwiaWRDbHVibG9jYWwiOjExMTg0LCJpZENsdWJ2aXNpdGEiOjExMTg1fQ==/informe-arbitral-pachuca-vs-rayados-de-monterrey-semifinal-ida-estadio-hidalgo-fox-sports', 'text': '0 - 3'}","{'type': 'link', 'href': 'https://www.ligafemenil.mx/cancha/club/11185/rayados-de-monterrey', 'text': ''}","{'type': 'link', 'href': 'https://www.ligafemenil.mx/cancha/estadio/11/estadio-hidalgo', 'text': 'Hidalgo'}","{'type': 'link', 'href': 'https://www.ligafemenil.mx/cancha/mxm/143506/eyJpZERpdmlzaW9uIjoiMTQiLCJpZFRlbXBvcmFkYSI6Ijc1IiwiaWRUb3JuZW8iOiIxIiwiaWRDbHVibG9jYWwiOiIxMTE4NCIsImlkQ2x1YnZpc2l0YSI6IjExMTg1IiwiaWRQYXJ0aWRvIjoiMTQzNTA2IiwicGVzdGFuYSI6IjEifQ==/minuto-a-minuto-pachuca-vs-rayados-de-monterrey-semifinal-ida-estadio-hidalgo-fox-sports', 'text': ''}","{'type': 'link', 'href': 'https://www.ligafemenil.mx/cancha/mxm/143506/eyJpZERpdmlzaW9uIjoiMTQiLCJpZFRlbXBvcmFkYSI6Ijc1IiwiaWRUb3JuZW8iOiIxIiwiaWRDbHVibG9jYWwiOiIxMTE4NCIsImlkQ2x1YnZpc2l0YSI6IjExMTg1IiwiaWRQYXJ0aWRvIjoiMTQzNTA2IiwicGVzdGFuYSI6IjMifQ==/minuto-a-minuto-pachuca-vs-rayados-de-monterrey-semifinal-ida-estadio-hidalgo-fox-sports', 'text': ''}","{'type': 'link', 'href': 'https://www.ligafemenil.mx/cancha/informeArbitral/143506/eyJpZERpdmlzaW9uIjoiMTQiLCJpZFRlbXBvcmFkYSI6Ijc1IiwiaWRUb3JuZW8iOiIxIiwiaWRDbHVibG9jYWwiOiIxMTE4NCIsImlkQ2x1YnZpc2l0YSI6IjExMTg1In0=/informe-arbitral-pachuca-vs-rayados-de-monterrey-semifinal-ida-estadio-hidalgo-fox-sports', 'text': ''}","{'type': 'link', 'href': 'https://www.ligafemenil.mx/cancha/mxm/143506/eyJpZERpdmlzaW9uIjoiMTQiLCJpZFRlbXBvcmFkYSI6Ijc1IiwiaWRUb3JuZW8iOiIxIiwiaWRDbHVibG9jYWwiOiIxMTE4NCIsImlkQ2x1YnZpc2l0YSI6IjExMTg1IiwiaWRQYXJ0aWRvIjoiMTQzNTA2IiwicGVzdGFuYSI6IjQifQ==/minuto-a-minuto-pachuca-vs-rayados-de-monterrey-semifinal-ida-estadio-hidalgo-fox-sports', 'text': ''}","{'type': 'link', 'href': 'https://www.ligafemenil.mx/cancha/galeria/MTQzNTA2LzIwLzc1LzEvMTQ=/pachuca-vs-rayados-de-monterrey', 'text': ''}","{'type': 'link', 'href': 'https://www.ligafemenil.mx/cancha/playlist/143506/pachuca-vs-rayados-de-monterrey', 'text': ''}"
2024-2025,Apertura,"{'type': 'text', 'value': 'Domingo 17 de Noviembre de 2024\nTemporada 2024-2025\nTorneo Apertura\nSemifinal Vuelta\n17 Noviembre 2024 - 19:06 hrs.'}","{'type': 'link', 'href': 'https://www.ligafemenil.mx/cancha/club/11186/tigres-de-la-uanl', 'text': ''}","{'type': 'link', 'href': 'https://www.ligafemenil.mx/cancha/informeArbitral/143509/eyJpZERpdmlzaW9uIjoiMTQiLCJpZFRlbXBvcmFkYSI6Ijc1IiwiaWRUb3JuZW8iOiIxIiwiaWRDbHVibG9jYWwiOjExMTg2LCJpZENsdWJ2aXNpdGEiOjExMTkxfQ==/informe-arbitral-tigres-de-la-uanl-vs-america-semifinal-vuelta-estadio-universitario-fox-sports--fox-premium', 'text': '2 - 2'}","{'type': 'link', 'href': 'https://www.ligafemenil.mx/cancha/club/11191/america', 'text': ''}","{'type': 'link', 'href': 'https://www.ligafemenil.mx/cancha/estadio/12/estadio-universitario', 'text': 'Universitario'}","{'type': 'link', 'href': 'https://www.ligafemenil.mx/cancha/mxm/143509/eyJpZERpdmlzaW9uIjoiMTQiLCJpZFRlbXBvcmFkYSI6Ijc1IiwiaWRUb3JuZW8iOiIxIiwiaWRDbHVibG9jYWwiOiIxMTE4NiIsImlkQ2x1YnZpc2l0YSI6IjExMTkxIiwiaWRQYXJ0aWRvIjoiMTQzNTA5IiwicGVzdGFuYSI6IjEifQ==/minuto-a-minuto-tigres-de-la-uanl-vs-america-semifinal-vuelta-estadio-universitario-fox-sports--fox-premium', 'text': ''}","{'type': 'link', 'href': 'https://www.ligafemenil.mx/cancha/mxm/143509/eyJpZERpdmlzaW9uIjoiMTQiLCJpZFRlbXBvcmFkYSI6Ijc1IiwiaWRUb3JuZW8iOiIxIiwiaWRDbHVibG9jYWwiOiIxMTE4NiIsImlkQ2x1YnZpc2l0YSI6IjExMTkxIiwiaWRQYXJ0aWRvIjoiMTQzNTA5IiwicGVzdGFuYSI6IjMifQ==/minuto-a-minuto-tigres-de-la-uanl-vs-america-semifinal-vuelta-estadio-universitario-fox-sports--fox-premium', 'text': ''}","{'type': 'link', 'href': 'https://www.ligafemenil.mx/cancha/informeArbitral/143509/eyJpZERpdmlzaW9uIjoiMTQiLCJpZFRlbXBvcmFkYSI6Ijc1IiwiaWRUb3JuZW8iOiIxIiwiaWRDbHVibG9jYWwiOiIxMTE4NiIsImlkQ2x1YnZpc2l0YSI6IjExMTkxIn0=/informe-arbitral-tigres-de-la-uanl-vs-america-semifinal-vuelta-estadio-universitario-fox-sports--fox-premium', 'text': ''}","{'type': 'link', 'href': 'https://www.ligafemenil.mx/cancha/mxm/143509/eyJpZERpdmlzaW9uIjoiMTQiLCJpZFRlbXBvcmFkYSI6Ijc1IiwiaWRUb3JuZW8iOiIxIiwiaWRDbHVibG9jYWwiOiIxMTE4NiIsImlkQ2x1YnZpc2l0YSI6IjExMTkxIiwiaWRQYXJ0aWRvIjoiMTQzNTA5IiwicGVzdGFuYSI6IjQifQ==/minuto-a-minuto-tigres-de-la-uanl-vs-america-semifinal-vuelta-estadio-universitario-fox-sports--fox-premium', 'text': ''}","{'type': 'link', 'href': 'https://www.ligafemenil.mx/cancha/galeria/MTQzNTA5LzIxLzc1LzEvMTQ=/tigres-de-la-uanl-vs-america', 'text': ''}","{'type': 'link', 'href': 'https://www.ligafemenil.mx/cancha/playlist/143509/tigres-de-la-uanl-vs-america', 'text': ''}"
2024-2025,Apertura,"{'type': 'text', 'value': 'Lunes 18 de Noviembre de 2024\nTemporada 2024-2025\nTorneo Apertura\nSemifinal Vuelta\n18 Noviembre 2024 - 20:00 hrs.'}","{'type': 'link', 'href': 'https://www.ligafemenil.mx/cancha/club/11185/rayados-de-monterrey', 'text': ''}","{'type': 'link', 'href': 'https://www.ligafemenil.mx/cancha/informeArbitral/143508/eyJpZERpdmlzaW9uIjoiMTQiLCJpZFRlbXBvcmFkYSI6Ijc1IiwiaWRUb3JuZW8iOiIxIiwiaWRDbHVibG9jYWwiOjExMTg1LCJpZENsdWJ2aXNpdGEiOjExMTg0fQ==/informe-arbitral-rayados-de-monterrey-vs-pachuca-semifinal-vuelta-estadio-bbva-el-nu9ve', 'text': '4 - 1'}","{'type': 'link', 'href': 'https://www.ligafemenil.mx/cancha/club/11184/pachuca', 'text': ''}","{'type': 'link', 'href': 'https://www.ligafemenil.mx/cancha/estadio/1608/estadio-bbva', 'text': 'Estadio BBVA'}","{'type': 'link', 'href': 'https://www.ligafemenil.mx/cancha/mxm/143508/eyJpZERpdmlzaW9uIjoiMTQiLCJpZFRlbXBvcmFkYSI6Ijc1IiwiaWRUb3JuZW8iOiIxIiwiaWRDbHVibG9jYWwiOiIxMTE4NSIsImlkQ2x1YnZpc2l0YSI6IjExMTg0IiwiaWRQYXJ0aWRvIjoiMTQzNTA4IiwicGVzdGFuYSI6IjEifQ==/minuto-a-minuto-rayados-de-monterrey-vs-pachuca-semifinal-vuelta-estadio-bbva-el-nu9ve', 'text': ''}","{'type': 'link', 'href': 'https://www.ligafemenil.mx/cancha/mxm/143508/eyJpZERpdmlzaW9uIjoiMTQiLCJpZFRlbXBvcmFkYSI6Ijc1IiwiaWRUb3JuZW8iOiIxIiwiaWRDbHVibG9jYWwiOiIxMTE4NSIsImlkQ2x1YnZpc2l0YSI6IjExMTg0IiwiaWRQYXJ0aWRvIjoiMTQzNTA4IiwicGVzdGFuYSI6IjMifQ==/minuto-a-minuto-rayados-de-monterrey-vs-pachuca-semifinal-vuelta-estadio-bbva-el-nu9ve', 'text': ''}","{'type': 'link', 'href': 'https://www.ligafemenil.mx/cancha/informeArbitral/143508/eyJpZERpdmlzaW9uIjoiMTQiLCJpZFRlbXBvcmFkYSI6Ijc1IiwiaWRUb3JuZW8iOiIxIiwiaWRDbHVibG9jYWwiOiIxMTE4NSIsImlkQ2x1YnZpc2l0YSI6IjExMTg0In0=/informe-arbitral-rayados-de-monterrey-vs-pachuca-semifinal-vuelta-estadio-bbva-el-nu9ve', 'text': ''}","{'type': 'link', 'href': 'https://www.ligafemenil.mx/cancha/mxm/143508/eyJpZERpdmlzaW9uIjoiMTQiLCJpZFRlbXBvcmFkYSI6Ijc1IiwiaWRUb3JuZW8iOiIxIiwiaWRDbHVibG9jYWwiOiIxMTE4NSIsImlkQ2x1YnZpc2l0YSI6IjExMTg0IiwiaWRQYXJ0aWRvIjoiMTQzNTA4IiwicGVzdGFuYSI6IjQifQ==/minuto-a-minuto-rayados-de-monterrey-vs-pachuca-semifinal-vuelta-estadio-bbva-el-nu9ve', 'text': ''}","{'type': 'link', 'href': 'https://www.ligafemenil.mx/cancha/galeria/MTQzNTA4LzIxLzc1LzEvMTQ=/rayados-de-monterrey-vs-pachuca', 'text': ''}","{'type': 'link', 'href': 'https://www.ligafemenil.mx/cancha/playlist/143508/rayados-de-monterrey-vs-pachuca', 'text': ''}"
2024-2025,Apertura,"{'type': 'text', 'value': 'Viernes 22 de Noviembre de 2024\nTemporada 2024-2025\nTorneo Apertura\nFinal Ida\n22 Noviembre 2024 - 20:06 hrs.'}","{'type': 'link', 'href': 'https://www.ligafemenil.mx/cancha/club/11186/tigres-de-la-uanl', 'text': ''}","{'type': 'link', 'href': 'https://www.ligafemenil.mx/cancha/informeArbitral/143516/eyJpZERpdmlzaW9uIjoiMTQiLCJpZFRlbXBvcmFkYSI6Ijc1IiwiaWRUb3JuZW8iOiIxIiwiaWRDbHVibG9jYWwiOjExMTg2LCJpZENsdWJ2aXNpdGEiOjExMTg1fQ==/informe-arbitral-tigres-de-la-uanl-vs-rayados-de-monterrey-final-ida-estadio-universitario-fox-sports', 'text': '1 - 0'}","{'type': 'link', 'href': 'https://www.ligafemenil.mx/cancha/club/11185/rayados-de-monterrey', 'text': ''}","{'type': 'link', 'href': 'https://www.ligafemenil.mx/cancha/estadio/12/estadio-universitario', 'text': 'Universitario'}","{'type': 'link', 'href': 'https://www.ligafemenil.mx/cancha/mxm/143516/eyJpZERpdmlzaW9uIjoiMTQiLCJpZFRlbXBvcmFkYSI6Ijc1IiwiaWRUb3JuZW8iOiIxIiwiaWRDbHVibG9jYWwiOiIxMTE4NiIsImlkQ2x1YnZpc2l0YSI6IjExMTg1IiwiaWRQYXJ0aWRvIjoiMTQzNTE2IiwicGVzdGFuYSI6IjEifQ==/minuto-a-minuto-tigres-de-la-uanl-vs-rayados-de-monterrey-final-ida-estadio-universitario-fox-sports', 'text': ''}","{'type': 'link', 'href': 'https://www.ligafemenil.mx/cancha/mxm/143516/eyJpZERpdmlzaW9uIjoiMTQiLCJpZFRlbXBvcmFkYSI6Ijc1IiwiaWRUb3JuZW8iOiIxIiwiaWRDbHVibG9jYWwiOiIxMTE4NiIsImlkQ2x1YnZpc2l0YSI6IjExMTg1IiwiaWRQYXJ0aWRvIjoiMTQzNTE2IiwicGVzdGFuYSI6IjMifQ==/minuto-a-minuto-tigres-de-la-uanl-vs-rayados-de-monterrey-final-ida-estadio-universitario-fox-sports', 'text': ''}","{'type': 'link', 'href': 'https://www.ligafemenil.mx/cancha/informeArbitral/143516/eyJpZERpdmlzaW9uIjoiMTQiLCJpZFRlbXBvcmFkYSI6Ijc1IiwiaWRUb3JuZW8iOiIxIiwiaWRDbHVibG9jYWwiOiIxMTE4NiIsImlkQ2x1YnZpc2l0YSI6IjExMTg1In0=/informe-arbitral-tigres-de-la-uanl-vs-rayados-de-monterrey-final-ida-estadio-universitario-fox-sports', 'text': ''}","{'type': 'link', 'href': 'https://www.ligafemenil.mx/cancha/mxm/143516/eyJpZERpdmlzaW9uIjoiMTQiLCJpZFRlbXBvcmFkYSI6Ijc1IiwiaWRUb3JuZW8iOiIxIiwiaWRDbHVibG9jYWwiOiIxMTE4NiIsImlkQ2x1YnZpc2l0YSI6IjExMTg1IiwiaWRQYXJ0aWRvIjoiMTQzNTE2IiwicGVzdGFuYSI6IjQifQ==/minuto-a-minuto-tigres-de-la-uanl-vs-rayados-de-monterrey-final-ida-estadio-universitario-fox-sports', 'text': ''}","{'type': 'link', 'href': 'https://www.ligafemenil.mx/cancha/galeria/MTQzNTE2LzIyLzc1LzEvMTQ=/tigres-de-la-uanl-vs-rayados-de-monterrey', 'text': ''}","{'type': 'link', 'href': 'https://www.ligafemenil.mx/cancha/playlist/143516/tigres-de-la-uanl-vs-rayados-de-monterrey', 'text': ''}"
2024-2025,Apertura,"{'type': 'text', 'value': 'Lunes 25 de Noviembre de 2024\nTemporada 2024-2025\nTorneo Apertura\nFinal Vuelta\n25 Noviembre 2024 - 20:00 hrs.'}","{'type': 'link', 'href': 'https://www.ligafemenil.mx/cancha/club/11185/rayados-de-monterrey', 'text': ''}","{'type': 'link', 'href': 'https://www.ligafemenil.mx/cancha/informeArbitral/143517/eyJpZERpdmlzaW9uIjoiMTQiLCJpZFRlbXBvcmFkYSI6Ijc1IiwiaWRUb3JuZW8iOiIxIiwiaWRDbHVibG9jYWwiOjExMTg1LCJpZENsdWJ2aXNpdGEiOjExMTg2fQ==/informe-arbitral-rayados-de-monterrey-vs-tigres-de-la-uanl-final-vuelta-estadio-bbva-tudn', 'text': '3 - 2'}","{'type': 'link', 'href': 'https://www.ligafemenil.mx/cancha/club/11186/tigres-de-la-uanl', 'text': ''}","{'type': 'link', 'href': 'https://www.ligafemenil.mx/cancha/estadio/1608/estadio-bbva', 'text': 'Estadio BBVA'}","{'type': 'link', 'href': 'https://www.ligafemenil.mx/cancha/mxm/143517/eyJpZERpdmlzaW9uIjoiMTQiLCJpZFRlbXBvcmFkYSI6Ijc1IiwiaWRUb3JuZW8iOiIxIiwiaWRDbHVibG9jYWwiOiIxMTE4NSIsImlkQ2x1YnZpc2l0YSI6IjExMTg2IiwiaWRQYXJ0aWRvIjoiMTQzNTE3IiwicGVzdGFuYSI6IjEifQ==/minuto-a-minuto-rayados-de-monterrey-vs-tigres-de-la-uanl-final-vuelta-estadio-bbva-tudn', 'text': ''}","{'type': 'link', 'href': 'https://www.ligafemenil.mx/cancha/mxm/143517/eyJpZERpdmlzaW9uIjoiMTQiLCJpZFRlbXBvcmFkYSI6Ijc1IiwiaWRUb3JuZW8iOiIxIiwiaWRDbHVibG9jYWwiOiIxMTE4NSIsImlkQ2x1YnZpc2l0YSI6IjExMTg2IiwiaWRQYXJ0aWRvIjoiMTQzNTE3IiwicGVzdGFuYSI6IjMifQ==/minuto-a-minuto-rayados-de-monterrey-vs-tigres-de-la-uanl-final-vuelta-estadio-bbva-tudn', 'text': ''}","{'type': 'link', 'href': 'https://www.ligafemenil.mx/cancha/informeArbitral/143517/eyJpZERpdmlzaW9uIjoiMTQiLCJpZFRlbXBvcmFkYSI6Ijc1IiwiaWRUb3JuZW8iOiIxIiwiaWRDbHVibG9jYWwiOiIxMTE4NSIsImlkQ2x1YnZpc2l0YSI6IjExMTg2In0=/informe-arbitral-rayados-de-monterrey-vs-tigres-de-la-uanl-final-vuelta-estadio-bbva-tudn', 'text': ''}","{'type': 'link', 'href': 'https://www.ligafemenil.mx/cancha/mxm/143517/eyJpZERpdmlzaW9uIjoiMTQiLCJpZFRlbXBvcmFkYSI6Ijc1IiwiaWRUb3JuZW8iOiIxIiwiaWRDbHVibG9jYWwiOiIxMTE4NSIsImlkQ2x1YnZpc2l0YSI6IjExMTg2IiwiaWRQYXJ0aWRvIjoiMTQzNTE3IiwicGVzdGFuYSI6IjQifQ==/minuto-a-minuto-rayados-de-monterrey-vs-tigres-de-la-uanl-final-vuelta-estadio-bbva-tudn', 'text': ''}","{'type': 'link', 'href': 'https://www.ligafemenil.mx/cancha/galeria/MTQzNTE3LzIzLzc1LzEvMTQ=/rayados-de-monterrey-vs-tigres-de-la-uanl', 'text': ''}","{'type': 'link', 'href': 'https://www.ligafemenil.mx/cancha/playlist/143517/rayados-de-monterrey-vs-tigres-de-la-uanl', 'text': ''}"
