2022-2023,Clausura,  Viernes 6 de Enero de 2023-nTemporada 2022-2023-nTorneo Clausura-nJornada 1-n6 Enero 2023 - 1705 hrs.,  https--www.ligafemenil.mx-cancha-informeArbitral-130450-eyJpZERpdmlzaW9uIjoiMTQiLCJpZFRlbXBvcmFkYSI6IjczIiwiaWRUb3JuZW8iOiIyIiwiaWRDbHVibG9jYWwiOjEyMDQyLCJpZENsdWJ2aXNpdGEiOjExMTg0fQ==-informe-arbitral-gallos-blancos-de-queretaro-vs-pachuca-jornada-1-estadio-olimpico-alameda-fox-sports--fox-premium,  0 - 1,  https--www.ligafemenil.mx-cancha-estadio-1741-estadio-olimpico-alameda,  Estadio Olímpico Alameda,  https--www.ligafemenil.mx-cancha-galeria-MTMwNDUwLzEvNzMvMi8xNA==-gallos-blancos-de-queretaro-vs-pachuca,  ,  https--www.ligafemenil.mx-cancha-playlist-130450-gallos-blancos-de-queretaro-vs-pachuca,  
2022-2023,Clausura,  Viernes 6 de Enero de 2023-nTemporada 2022-2023-nTorneo Clausura-nJornada 1-n6 Enero 2023 - 1906 hrs.,  https--www.ligafemenil.mx-cancha-informeArbitral-130451-eyJpZERpdmlzaW9uIjoiMTQiLCJpZFRlbXBvcmFkYSI6IjczIiwiaWRUb3JuZW8iOiIyIiwiaWRDbHVibG9jYWwiOjExMTgyLCJpZENsdWJ2aXNpdGEiOjExMTg4fQ==-informe-arbitral-guadalajara-vs-pumas-jornada-1-estadio-akron-fox-premium--chivas-tv,  5 - 1,  https--www.ligafemenil.mx-cancha-estadio-1538-estadio-akron,  Estadio AKRON,  https--www.ligafemenil.mx-cancha-galeria-MTMwNDUxLzEvNzMvMi8xNA==-guadalajara-vs-pumas,  ,  https--www.ligafemenil.mx-cancha-playlist-130451-guadalajara-vs-pumas,  
2022-2023,Clausura,  Sábado 7 de Enero de 2023-nTemporada 2022-2023-nTorneo Clausura-nJornada 1-n7 Enero 2023 - 1200 hrs.,  https--www.ligafemenil.mx-cancha-informeArbitral-130452-eyJpZERpdmlzaW9uIjoiMTQiLCJpZFRlbXBvcmFkYSI6IjczIiwiaWRUb3JuZW8iOiIyIiwiaWRDbHVibG9jYWwiOjExMTgxLCJpZENsdWJ2aXNpdGEiOjExMTkxfQ==-informe-arbitral-cruz-azul-vs-america-jornada-1-estadio-instalaciones-la-noria-vix-mxus,  1 - 1,  https--www.ligafemenil.mx-cancha-estadio-877-estadio-instalaciones-la-noria,  INSTALACIONES LA NORIA,  https--www.ligafemenil.mx-cancha-galeria-MTMwNDUyLzEvNzMvMi8xNA==-cruz-azul-vs-america,  ,  https--www.ligafemenil.mx-cancha-playlist-130452-cruz-azul-vs-america,  
2022-2023,Clausura,  Domingo 8 de Enero de 2023-nTemporada 2022-2023-nTorneo Clausura-nJornada 1-n8 Enero 2023 - 1200 hrs.,  https--www.ligafemenil.mx-cancha-informeArbitral-130455-eyJpZERpdmlzaW9uIjoiMTQiLCJpZFRlbXBvcmFkYSI6IjczIiwiaWRUb3JuZW8iOiIyIiwiaWRDbHVibG9jYWwiOjExNTQzLCJpZENsdWJ2aXNpdGEiOjExMTg1fQ==-informe-arbitral-puebla-fc-vs-rayados-de-monterrey-jornada-1-estadio-cuauhtemoc-azteca-digital,  0 - 2,  https--www.ligafemenil.mx-cancha-estadio-9-estadio-cuauhtemoc,  Cuauhtémoc,  https--www.ligafemenil.mx-cancha-galeria-MTMwNDU1LzEvNzMvMi8xNA==-puebla-fc-vs-rayados-de-monterrey,  ,  https--www.ligafemenil.mx-cancha-playlist-130455-puebla-fc-vs-rayados-de-monterrey,  
2022-2023,Clausura,  Domingo 8 de Enero de 2023-nTemporada 2022-2023-nTorneo Clausura-nJornada 1-n8 Enero 2023 - 1600 hrs.,  https--www.ligafemenil.mx-cancha-informeArbitral-130457-eyJpZERpdmlzaW9uIjoiMTQiLCJpZFRlbXBvcmFkYSI6IjczIiwiaWRUb3JuZW8iOiIyIiwiaWRDbHVibG9jYWwiOjExNzk1LCJpZENsdWJ2aXNpdGEiOjEyMDUxfQ==-informe-arbitral-fc-juarez-vs-mazatlan-fc-jornada-1-estadio-olimpico-benito-juarez-fox-sports,  7 - 0,  https--www.ligafemenil.mx-cancha-estadio-17-estadio-olimpico-benito-juarez,  Olímpico Benito Juárez,  https--www.ligafemenil.mx-cancha-galeria-MTMwNDU3LzEvNzMvMi8xNA==-fc-juarez-vs-mazatlan-fc,  ,  https--www.ligafemenil.mx-cancha-playlist-130457-fc-juarez-vs-mazatlan-fc,  
2022-2023,Clausura,  Lunes 9 de Enero de 2023-nTemporada 2022-2023-nTorneo Clausura-nJornada 1-n9 Enero 2023 - 1700 hrs.,  https--www.ligafemenil.mx-cancha-informeArbitral-130460-eyJpZERpdmlzaW9uIjoiMTQiLCJpZFRlbXBvcmFkYSI6IjczIiwiaWRUb3JuZW8iOiIyIiwiaWRDbHVibG9jYWwiOjExMTg3LCJpZENsdWJ2aXNpdGEiOjExMTgwfQ==-informe-arbitral-toluca-vs-tijuana-jornada-1-estadio-nemesio-diez-vixzonamx--vixus,  0 - 1,  https--www.ligafemenil.mx-cancha-estadio-6-estadio-nemesio-diez,  Nemesio Diez,  https--www.ligafemenil.mx-cancha-galeria-MTMwNDYwLzEvNzMvMi8xNA==-toluca-vs-tijuana,  ,  https--www.ligafemenil.mx-cancha-playlist-130460-toluca-vs-tijuana,  
2022-2023,Clausura,  Lunes 9 de Enero de 2023-nTemporada 2022-2023-nTorneo Clausura-nJornada 1-n9 Enero 2023 - 1705 hrs.,  https--www.ligafemenil.mx-cancha-informeArbitral-130462-eyJpZERpdmlzaW9uIjoiMTQiLCJpZFRlbXBvcmFkYSI6IjczIiwiaWRUb3JuZW8iOiIyIiwiaWRDbHVibG9jYWwiOjExMjQzLCJpZENsdWJ2aXNpdGEiOjExMTg5fQ==-informe-arbitral-leon-vs-necaxa-jornada-1-estadio-nou-camp-fox-sports--fox-premium,  2 - 0,  https--www.ligafemenil.mx-cancha-estadio-23-estadio-nou-camp,  Nou Camp,  https--www.ligafemenil.mx-cancha-galeria-MTMwNDYyLzEvNzMvMi8xNA==-leon-vs-necaxa,  ,  https--www.ligafemenil.mx-cancha-playlist-130462-leon-vs-necaxa,  
2022-2023,Clausura,  Lunes 9 de Enero de 2023-nTemporada 2022-2023-nTorneo Clausura-nJornada 1-n9 Enero 2023 - 1900 hrs.,  https--www.ligafemenil.mx-cancha-informeArbitral-130465-eyJpZERpdmlzaW9uIjoiMTQiLCJpZFRlbXBvcmFkYSI6IjczIiwiaWRUb3JuZW8iOiIyIiwiaWRDbHVibG9jYWwiOjExMTg2LCJpZENsdWJ2aXNpdGEiOjExMjQ1fQ==-informe-arbitral-tigres-de-la-uanl-vs-atlas-jornada-1-estadio-universitario-vixzonamxus,  6 - 0,  https--www.ligafemenil.mx-cancha-estadio-12-estadio-universitario,  Universitario,  https--www.ligafemenil.mx-cancha-galeria-MTMwNDY1LzEvNzMvMi8xNA==-tigres-de-la-uanl-vs-atlas,  ,  https--www.ligafemenil.mx-cancha-playlist-130465-tigres-de-la-uanl-vs-atlas,  
2022-2023,Clausura,  Lunes 9 de Enero de 2023-nTemporada 2022-2023-nTorneo Clausura-nJornada 1-n9 Enero 2023 - 1906 hrs.,  https--www.ligafemenil.mx-cancha-informeArbitral-130469-eyJpZERpdmlzaW9uIjoiMTQiLCJpZFRlbXBvcmFkYSI6IjczIiwiaWRUb3JuZW8iOiIyIiwiaWRDbHVibG9jYWwiOjExMTkyLCJpZENsdWJ2aXNpdGEiOjExNzc4fQ==-informe-arbitral-santos-laguna-vs-club-atletico-de-san-luis-jornada-1-estadio-tsm-corona-fox-sports--fox-premium,  2 - 0,  https--www.ligafemenil.mx-cancha-estadio-63-estadio-tsm-corona,  TSM Corona,  https--www.ligafemenil.mx-cancha-galeria-MTMwNDY5LzEvNzMvMi8xNA==-santos-laguna-vs-club-atletico-de-san-luis,  ,  https--www.ligafemenil.mx-cancha-playlist-130469-santos-laguna-vs-club-atletico-de-san-luis,  
2022-2023,Clausura,  Viernes 13 de Enero de 2023-nTemporada 2022-2023-nTorneo Clausura-nJornada 2-n13 Enero 2023 - 1705 hrs.,  https--www.ligafemenil.mx-cancha-informeArbitral-130493-eyJpZERpdmlzaW9uIjoiMTQiLCJpZFRlbXBvcmFkYSI6IjczIiwiaWRUb3JuZW8iOiIyIiwiaWRDbHVibG9jYWwiOjEyMDQyLCJpZENsdWJ2aXNpdGEiOjExNzk1fQ==-informe-arbitral-gallos-blancos-de-queretaro-vs-fc-juarez-jornada-2-estadio-olimpico-alameda-fox-sports--fox-premium,  0 - 1,  https--www.ligafemenil.mx-cancha-estadio-1741-estadio-olimpico-alameda,  Estadio Olímpico Alameda,  https--www.ligafemenil.mx-cancha-galeria-MTMwNDkzLzIvNzMvMi8xNA==-gallos-blancos-de-queretaro-vs-fc-juarez,  ,  https--www.ligafemenil.mx-cancha-playlist-130493-gallos-blancos-de-queretaro-vs-fc-juarez,  
2022-2023,Clausura,  Sábado 14 de Enero de 2023-nTemporada 2022-2023-nTorneo Clausura-nJornada 2-n14 Enero 2023 - 1200 hrs.,  https--www.ligafemenil.mx-cancha-informeArbitral-130495-eyJpZERpdmlzaW9uIjoiMTQiLCJpZFRlbXBvcmFkYSI6IjczIiwiaWRUb3JuZW8iOiIyIiwiaWRDbHVibG9jYWwiOjExMTg4LCJpZENsdWJ2aXNpdGEiOjExMTg2fQ==-informe-arbitral-pumas-vs-tigres-de-la-uanl-jornada-2-estadio-olimpico-universitario-vix-mxus,  1 - 3,  https--www.ligafemenil.mx-cancha-estadio-7-estadio-olimpico-universitario,  Olímpico Universitario,  https--www.ligafemenil.mx-cancha-galeria-MTMwNDk1LzIvNzMvMi8xNA==-pumas-vs-tigres-de-la-uanl,  ,  https--www.ligafemenil.mx-cancha-playlist-130495-pumas-vs-tigres-de-la-uanl,  
2022-2023,Clausura,  Domingo 15 de Enero de 2023-nTemporada 2022-2023-nTorneo Clausura-nJornada 2-n15 Enero 2023 - 1700 hrs.,  https--www.ligafemenil.mx-cancha-informeArbitral-130505-eyJpZERpdmlzaW9uIjoiMTQiLCJpZFRlbXBvcmFkYSI6IjczIiwiaWRUb3JuZW8iOiIyIiwiaWRDbHVibG9jYWwiOjExNzc4LCJpZENsdWJ2aXNpdGEiOjExMjQzfQ==-informe-arbitral-club-atletico-de-san-luis-vs-leon-jornada-2-estadio-alfonso-lastras-ramirez-espn,  3 - 1,  https--www.ligafemenil.mx-cancha-estadio-14-estadio-alfonso-lastras-ramirez,  Alfonso Lastras Ramírez,  https--www.ligafemenil.mx-cancha-galeria-MTMwNTA1LzIvNzMvMi8xNA==-club-atletico-de-san-luis-vs-leon,  ,  https--www.ligafemenil.mx-cancha-playlist-130505-club-atletico-de-san-luis-vs-leon,  
2022-2023,Clausura,  Domingo 15 de Enero de 2023-nTemporada 2022-2023-nTorneo Clausura-nJornada 2-n15 Enero 2023 - 1900 hrs.,  https--www.ligafemenil.mx-cancha-informeArbitral-130508-eyJpZERpdmlzaW9uIjoiMTQiLCJpZFRlbXBvcmFkYSI6IjczIiwiaWRUb3JuZW8iOiIyIiwiaWRDbHVibG9jYWwiOjExMTgwLCJpZENsdWJ2aXNpdGEiOjExMTgxfQ==-informe-arbitral-tijuana-vs-cruz-azul-jornada-2-estadio-caliente-fox-premium,  1 - 1,  https--www.ligafemenil.mx-cancha-estadio-48-estadio-caliente,  Caliente,  https--www.ligafemenil.mx-cancha-galeria-MTMwNTA4LzIvNzMvMi8xNA==-tijuana-vs-cruz-azul,  ,  https--www.ligafemenil.mx-cancha-playlist-130508-tijuana-vs-cruz-azul,  
2022-2023,Clausura,  Lunes 16 de Enero de 2023-nTemporada 2022-2023-nTorneo Clausura-nJornada 2-n16 Enero 2023 - 1700 hrs.,  https--www.ligafemenil.mx-cancha-informeArbitral-130509-eyJpZERpdmlzaW9uIjoiMTQiLCJpZFRlbXBvcmFkYSI6IjczIiwiaWRUb3JuZW8iOiIyIiwiaWRDbHVibG9jYWwiOjExMTg5LCJpZENsdWJ2aXNpdGEiOjExMTgyfQ==-informe-arbitral-necaxa-vs-guadalajara-jornada-2-estadio-victoria-vixzonamx--vixus,  1 - 4,  https--www.ligafemenil.mx-cancha-estadio-15-estadio-victoria,  Victoria,  https--www.ligafemenil.mx-cancha-galeria-MTMwNTA5LzIvNzMvMi8xNA==-necaxa-vs-guadalajara,  ,  https--www.ligafemenil.mx-cancha-playlist-130509-necaxa-vs-guadalajara,  
2022-2023,Clausura,  Lunes 16 de Enero de 2023-nTemporada 2022-2023-nTorneo Clausura-nJornada 2-n16 Enero 2023 - 1705 hrs.,  https--www.ligafemenil.mx-cancha-informeArbitral-130510-eyJpZERpdmlzaW9uIjoiMTQiLCJpZFRlbXBvcmFkYSI6IjczIiwiaWRUb3JuZW8iOiIyIiwiaWRDbHVibG9jYWwiOjExMTg0LCJpZENsdWJ2aXNpdGEiOjExMTg3fQ==-informe-arbitral-pachuca-vs-toluca-jornada-2-estadio-hidalgo-fox-sports--fox-premium,  10 - 2,  https--www.ligafemenil.mx-cancha-estadio-11-estadio-hidalgo,  Hidalgo,  https--www.ligafemenil.mx-cancha-galeria-MTMwNTEwLzIvNzMvMi8xNA==-pachuca-vs-toluca,  ,  https--www.ligafemenil.mx-cancha-playlist-130510-pachuca-vs-toluca,  
2022-2023,Clausura,  Lunes 16 de Enero de 2023-nTemporada 2022-2023-nTorneo Clausura-nJornada 2-n16 Enero 2023 - 1900 hrs.,  https--www.ligafemenil.mx-cancha-informeArbitral-130512-eyJpZERpdmlzaW9uIjoiMTQiLCJpZFRlbXBvcmFkYSI6IjczIiwiaWRUb3JuZW8iOiIyIiwiaWRDbHVibG9jYWwiOjExMTkxLCJpZENsdWJ2aXNpdGEiOjExNTQzfQ==-informe-arbitral-america-vs-puebla-fc-jornada-2-estadio-azteca-vixzonamxus,  7 - 0,  https--www.ligafemenil.mx-cancha-estadio-1-estadio-azteca,  Azteca,  https--www.ligafemenil.mx-cancha-galeria-MTMwNTEyLzIvNzMvMi8xNA==-america-vs-puebla-fc,  ,  https--www.ligafemenil.mx-cancha-playlist-130512-america-vs-puebla-fc,  
2022-2023,Clausura,  Lunes 16 de Enero de 2023-nTemporada 2022-2023-nTorneo Clausura-nJornada 2-n16 Enero 2023 - 1906 hrs.,  https--www.ligafemenil.mx-cancha-informeArbitral-130514-eyJpZERpdmlzaW9uIjoiMTQiLCJpZFRlbXBvcmFkYSI6IjczIiwiaWRUb3JuZW8iOiIyIiwiaWRDbHVibG9jYWwiOjExMTg1LCJpZENsdWJ2aXNpdGEiOjExMTkyfQ==-informe-arbitral-rayados-de-monterrey-vs-santos-laguna-jornada-2-estadio-bbva-fox-sports--fox-premium,  2 - 1,  https--www.ligafemenil.mx-cancha-estadio-1608-estadio-bbva,  Estadio BBVA,  https--www.ligafemenil.mx-cancha-galeria-MTMwNTE0LzIvNzMvMi8xNA==-rayados-de-monterrey-vs-santos-laguna,  ,  https--www.ligafemenil.mx-cancha-playlist-130514-rayados-de-monterrey-vs-santos-laguna,  
2022-2023,Clausura,  Lunes 16 de Enero de 2023-nTemporada 2022-2023-nTorneo Clausura-nJornada 2-n16 Enero 2023 - 2000 hrs.,  https--www.ligafemenil.mx-cancha-informeArbitral-130515-eyJpZERpdmlzaW9uIjoiMTQiLCJpZFRlbXBvcmFkYSI6IjczIiwiaWRUb3JuZW8iOiIyIiwiaWRDbHVibG9jYWwiOjEyMDUxLCJpZENsdWJ2aXNpdGEiOjExMjQ1fQ==-informe-arbitral-mazatlan-fc-vs-atlas-jornada-2-estadio-mazatlan-tvp,  0 - 2,  https--www.ligafemenil.mx-cancha-estadio-1697-estadio-mazatlan,  Estadio Mazatlán,  https--www.ligafemenil.mx-cancha-galeria-MTMwNTE1LzIvNzMvMi8xNA==-mazatlan-fc-vs-atlas,  ,  https--www.ligafemenil.mx-cancha-playlist-130515-mazatlan-fc-vs-atlas,  
2022-2023,Clausura,  Viernes 20 de Enero de 2023-nTemporada 2022-2023-nTorneo Clausura-nJornada 3-n20 Enero 2023 - 1605 hrs.,  https--www.ligafemenil.mx-cancha-informeArbitral-130521-eyJpZERpdmlzaW9uIjoiMTQiLCJpZFRlbXBvcmFkYSI6IjczIiwiaWRUb3JuZW8iOiIyIiwiaWRDbHVibG9jYWwiOjExNzk1LCJpZENsdWJ2aXNpdGEiOjExMTg0fQ==-informe-arbitral-fc-juarez-vs-pachuca-jornada-3-estadio-olimpico-benito-juarez-fox-sports--fox-premium,  2 - 0,  https--www.ligafemenil.mx-cancha-estadio-17-estadio-olimpico-benito-juarez,  Olímpico Benito Juárez,  https--www.ligafemenil.mx-cancha-galeria-MTMwNTIxLzMvNzMvMi8xNA==-fc-juarez-vs-pachuca,  ,  https--www.ligafemenil.mx-cancha-playlist-130521-fc-juarez-vs-pachuca,  
2022-2023,Clausura,  Viernes 20 de Enero de 2023-nTemporada 2022-2023-nTorneo Clausura-nJornada 3-n20 Enero 2023 - 1906 hrs.,  https--www.ligafemenil.mx-cancha-informeArbitral-130526-eyJpZERpdmlzaW9uIjoiMTQiLCJpZFRlbXBvcmFkYSI6IjczIiwiaWRUb3JuZW8iOiIyIiwiaWRDbHVibG9jYWwiOjExMjQ1LCJpZENsdWJ2aXNpdGEiOjExMTg5fQ==-informe-arbitral-atlas-vs-necaxa-jornada-3-estadio-jalisco-fox-sports--fox-premium,  4 - 1,  https--www.ligafemenil.mx-cancha-estadio-5-estadio-jalisco,  Jalisco,  https--www.ligafemenil.mx-cancha-galeria-MTMwNTI2LzMvNzMvMi8xNA==-atlas-vs-necaxa,  ,  https--www.ligafemenil.mx-cancha-playlist-130526-atlas-vs-necaxa,  
2022-2023,Clausura,  Sábado 21 de Enero de 2023-nTemporada 2022-2023-nTorneo Clausura-nJornada 3-n21 Enero 2023 - 1200 hrs.,  https--www.ligafemenil.mx-cancha-informeArbitral-130528-eyJpZERpdmlzaW9uIjoiMTQiLCJpZFRlbXBvcmFkYSI6IjczIiwiaWRUb3JuZW8iOiIyIiwiaWRDbHVibG9jYWwiOjExMTgxLCJpZENsdWJ2aXNpdGEiOjExNzc4fQ==-informe-arbitral-cruz-azul-vs-club-atletico-de-san-luis-jornada-3-estadio-instalaciones-la-noria-vixzonamx--vixus,  3 - 0,  https--www.ligafemenil.mx-cancha-estadio-877-estadio-instalaciones-la-noria,  INSTALACIONES LA NORIA,  https--www.ligafemenil.mx-cancha-galeria-MTMwNTI4LzMvNzMvMi8xNA==-cruz-azul-vs-club-atletico-de-san-luis,  ,  https--www.ligafemenil.mx-cancha-playlist-130528-cruz-azul-vs-club-atletico-de-san-luis,  
2022-2023,Clausura,  Domingo 22 de Enero de 2023-nTemporada 2022-2023-nTorneo Clausura-nJornada 3-n22 Enero 2023 - 1700 hrs.,  https--www.ligafemenil.mx-cancha-informeArbitral-130529-eyJpZERpdmlzaW9uIjoiMTQiLCJpZFRlbXBvcmFkYSI6IjczIiwiaWRUb3JuZW8iOiIyIiwiaWRDbHVibG9jYWwiOjExMTkxLCJpZENsdWJ2aXNpdGEiOjExMTgwfQ==-informe-arbitral-america-vs-tijuana-jornada-3-estadio-azteca-vix-mxus,  5 - 0,  https--www.ligafemenil.mx-cancha-estadio-1-estadio-azteca,  Azteca,  https--www.ligafemenil.mx-cancha-galeria-MTMwNTI5LzMvNzMvMi8xNA==-america-vs-tijuana,  ,  https--www.ligafemenil.mx-cancha-playlist-130529-america-vs-tijuana,  
2022-2023,Clausura,  Lunes 23 de Enero de 2023-nTemporada 2022-2023-nTorneo Clausura-nJornada 3-n23 Enero 2023 - 1700 hrs.,  https--www.ligafemenil.mx-cancha-informeArbitral-130530-eyJpZERpdmlzaW9uIjoiMTQiLCJpZFRlbXBvcmFkYSI6IjczIiwiaWRUb3JuZW8iOiIyIiwiaWRDbHVibG9jYWwiOjExMTg3LCJpZENsdWJ2aXNpdGEiOjEyMDQyfQ==-informe-arbitral-toluca-vs-gallos-blancos-de-queretaro-jornada-3-estadio-nemesio-diez-vixzonamxus,  0 - 1,  https--www.ligafemenil.mx-cancha-estadio-6-estadio-nemesio-diez,  Nemesio Diez,  https--www.ligafemenil.mx-cancha-galeria-MTMwNTMwLzMvNzMvMi8xNA==-toluca-vs-gallos-blancos-de-queretaro,  ,  https--www.ligafemenil.mx-cancha-playlist-130530-toluca-vs-gallos-blancos-de-queretaro,  
2022-2023,Clausura,  Lunes 23 de Enero de 2023-nTemporada 2022-2023-nTorneo Clausura-nJornada 3-n23 Enero 2023 - 1705 hrs.,  https--www.ligafemenil.mx-cancha-informeArbitral-130531-eyJpZERpdmlzaW9uIjoiMTQiLCJpZFRlbXBvcmFkYSI6IjczIiwiaWRUb3JuZW8iOiIyIiwiaWRDbHVibG9jYWwiOjExMjQzLCJpZENsdWJ2aXNpdGEiOjExMTg4fQ==-informe-arbitral-leon-vs-pumas-jornada-3-estadio-nou-camp-fox-sports--fox-premium,  0 - 3,  https--www.ligafemenil.mx-cancha-estadio-23-estadio-nou-camp,  Nou Camp,  https--www.ligafemenil.mx-cancha-galeria-MTMwNTMxLzMvNzMvMi8xNA==-leon-vs-pumas,  ,  https--www.ligafemenil.mx-cancha-playlist-130531-leon-vs-pumas,  
2022-2023,Clausura,  Lunes 23 de Enero de 2023-nTemporada 2022-2023-nTorneo Clausura-nJornada 3-n23 Enero 2023 - 1906 hrs.,  https--www.ligafemenil.mx-cancha-informeArbitral-130533-eyJpZERpdmlzaW9uIjoiMTQiLCJpZFRlbXBvcmFkYSI6IjczIiwiaWRUb3JuZW8iOiIyIiwiaWRDbHVibG9jYWwiOjExMTg1LCJpZENsdWJ2aXNpdGEiOjEyMDUxfQ==-informe-arbitral-rayados-de-monterrey-vs-mazatlan-fc-jornada-3-estadio-bbva-fox-sports--fox-premium,  9 - 0,  https--www.ligafemenil.mx-cancha-estadio-1608-estadio-bbva,  Estadio BBVA,  https--www.ligafemenil.mx-cancha-galeria-MTMwNTMzLzMvNzMvMi8xNA==-rayados-de-monterrey-vs-mazatlan-fc,  ,  https--www.ligafemenil.mx-cancha-playlist-130533-rayados-de-monterrey-vs-mazatlan-fc,  
2022-2023,Clausura,  Lunes 23 de Enero de 2023-nTemporada 2022-2023-nTorneo Clausura-nJornada 3-n23 Enero 2023 - 2106 hrs.,  https--www.ligafemenil.mx-cancha-informeArbitral-130536-eyJpZERpdmlzaW9uIjoiMTQiLCJpZFRlbXBvcmFkYSI6IjczIiwiaWRUb3JuZW8iOiIyIiwiaWRDbHVibG9jYWwiOjExMTkyLCJpZENsdWJ2aXNpdGEiOjExMTgyfQ==-informe-arbitral-santos-laguna-vs-guadalajara-jornada-3-estadio-tsm-corona-fox-premium,  1 - 2,  https--www.ligafemenil.mx-cancha-estadio-63-estadio-tsm-corona,  TSM Corona,  https--www.ligafemenil.mx-cancha-galeria-MTMwNTM2LzMvNzMvMi8xNA==-santos-laguna-vs-guadalajara,  ,  https--www.ligafemenil.mx-cancha-playlist-130536-santos-laguna-vs-guadalajara,  
2022-2023,Clausura,  Martes 24 de Enero de 2023-nTemporada 2022-2023-nTorneo Clausura-nJornada 3-n24 Enero 2023 - 1545 hrs.,  https--www.ligafemenil.mx-cancha-informeArbitral-130539-eyJpZERpdmlzaW9uIjoiMTQiLCJpZFRlbXBvcmFkYSI6IjczIiwiaWRUb3JuZW8iOiIyIiwiaWRDbHVibG9jYWwiOjExNTQzLCJpZENsdWJ2aXNpdGEiOjExMTg2fQ==-informe-arbitral-puebla-fc-vs-tigres-de-la-uanl-jornada-3-estadio-cuauhtemoc-azteca-digital,  0 - 2,  https--www.ligafemenil.mx-cancha-estadio-9-estadio-cuauhtemoc,  Cuauhtémoc,  https--www.ligafemenil.mx-cancha-galeria-MTMwNTM5LzMvNzMvMi8xNA==-puebla-fc-vs-tigres-de-la-uanl,  ,  https--www.ligafemenil.mx-cancha-playlist-130539-puebla-fc-vs-tigres-de-la-uanl,  
2022-2023,Clausura,  Viernes 27 de Enero de 2023-nTemporada 2022-2023-nTorneo Clausura-nJornada 4-n27 Enero 2023 - 1905 hrs.,  https--www.ligafemenil.mx-cancha-informeArbitral-130556-eyJpZERpdmlzaW9uIjoiMTQiLCJpZFRlbXBvcmFkYSI6IjczIiwiaWRUb3JuZW8iOiIyIiwiaWRDbHVibG9jYWwiOjEyMDQyLCJpZENsdWJ2aXNpdGEiOjExMTkyfQ==-informe-arbitral-gallos-blancos-de-queretaro-vs-santos-laguna-jornada-4-estadio-olimpico-alameda-fox-premium,  0 - 0,  https--www.ligafemenil.mx-cancha-estadio-1741-estadio-olimpico-alameda,  Estadio Olímpico Alameda,  https--www.ligafemenil.mx-cancha-galeria-MTMwNTU2LzQvNzMvMi8xNA==-gallos-blancos-de-queretaro-vs-santos-laguna,  ,  https--www.ligafemenil.mx-cancha-playlist-130556-gallos-blancos-de-queretaro-vs-santos-laguna,  
2022-2023,Clausura,  Sábado 28 de Enero de 2023-nTemporada 2022-2023-nTorneo Clausura-nJornada 4-n28 Enero 2023 - 1200 hrs.,  https--www.ligafemenil.mx-cancha-informeArbitral-130559-eyJpZERpdmlzaW9uIjoiMTQiLCJpZFRlbXBvcmFkYSI6IjczIiwiaWRUb3JuZW8iOiIyIiwiaWRDbHVibG9jYWwiOjExMTg4LCJpZENsdWJ2aXNpdGEiOjExMTg0fQ==-informe-arbitral-pumas-vs-pachuca-jornada-4-estadio-olimpico-universitario-vixzonamx--vixus,  2 - 3,  https--www.ligafemenil.mx-cancha-estadio-7-estadio-olimpico-universitario,  Olímpico Universitario,  https--www.ligafemenil.mx-cancha-galeria-MTMwNTU5LzQvNzMvMi8xNA==-pumas-vs-pachuca,  ,  https--www.ligafemenil.mx-cancha-playlist-130559-pumas-vs-pachuca,  
2022-2023,Clausura,  Sábado 28 de Enero de 2023-nTemporada 2022-2023-nTorneo Clausura-nJornada 4-n28 Enero 2023 - 1705 hrs.,  https--www.ligafemenil.mx-cancha-informeArbitral-130564-eyJpZERpdmlzaW9uIjoiMTQiLCJpZFRlbXBvcmFkYSI6IjczIiwiaWRUb3JuZW8iOiIyIiwiaWRDbHVibG9jYWwiOjExMjQzLCJpZENsdWJ2aXNpdGEiOjExMTg1fQ==-informe-arbitral-leon-vs-rayados-de-monterrey-jornada-4-estadio-nou-camp-fox-sports,  0 - 1,  https--www.ligafemenil.mx-cancha-estadio-23-estadio-nou-camp,  Nou Camp,  https--www.ligafemenil.mx-cancha-galeria-MTMwNTY0LzQvNzMvMi8xNA==-leon-vs-rayados-de-monterrey,  ,  https--www.ligafemenil.mx-cancha-playlist-130564-leon-vs-rayados-de-monterrey,  
2022-2023,Clausura,  Domingo 29 de Enero de 2023-nTemporada 2022-2023-nTorneo Clausura-nJornada 4-n29 Enero 2023 - 1700 hrs.,  https--www.ligafemenil.mx-cancha-informeArbitral-130569-eyJpZERpdmlzaW9uIjoiMTQiLCJpZFRlbXBvcmFkYSI6IjczIiwiaWRUb3JuZW8iOiIyIiwiaWRDbHVibG9jYWwiOjExNzc4LCJpZENsdWJ2aXNpdGEiOjExMjQ1fQ==-informe-arbitral-club-atletico-de-san-luis-vs-atlas-jornada-4-estadio-alfonso-lastras-ramirez-espn,  5 - 1,  https--www.ligafemenil.mx-cancha-estadio-14-estadio-alfonso-lastras-ramirez,  Alfonso Lastras Ramírez,  https--www.ligafemenil.mx-cancha-galeria-MTMwNTY5LzQvNzMvMi8xNA==-club-atletico-de-san-luis-vs-atlas,  ,  https--www.ligafemenil.mx-cancha-playlist-130569-club-atletico-de-san-luis-vs-atlas,  
2022-2023,Clausura,  Domingo 29 de Enero de 2023-nTemporada 2022-2023-nTorneo Clausura-nJornada 4-n29 Enero 2023 - 1910 hrs.,  https--www.ligafemenil.mx-cancha-informeArbitral-130574-eyJpZERpdmlzaW9uIjoiMTQiLCJpZFRlbXBvcmFkYSI6IjczIiwiaWRUb3JuZW8iOiIyIiwiaWRDbHVibG9jYWwiOjExMTgwLCJpZENsdWJ2aXNpdGEiOjExNTQzfQ==-informe-arbitral-tijuana-vs-puebla-fc-jornada-4-estadio-caliente-fox-sports--fox-premium,  4 - 1,  https--www.ligafemenil.mx-cancha-estadio-48-estadio-caliente,  Caliente,  https--www.ligafemenil.mx-cancha-galeria-MTMwNTc0LzQvNzMvMi8xNA==-tijuana-vs-puebla-fc,  ,  https--www.ligafemenil.mx-cancha-playlist-130574-tijuana-vs-puebla-fc,  
2022-2023,Clausura,  Lunes 30 de Enero de 2023-nTemporada 2022-2023-nTorneo Clausura-nJornada 4-n30 Enero 2023 - 1700 hrs.,  https--www.ligafemenil.mx-cancha-informeArbitral-130577-eyJpZERpdmlzaW9uIjoiMTQiLCJpZFRlbXBvcmFkYSI6IjczIiwiaWRUb3JuZW8iOiIyIiwiaWRDbHVibG9jYWwiOjExMTg5LCJpZENsdWJ2aXNpdGEiOjExMTkxfQ==-informe-arbitral-necaxa-vs-america-jornada-4-estadio-victoria-vixzonamxus,  0 - 6,  https--www.ligafemenil.mx-cancha-estadio-15-estadio-victoria,  Victoria,  https--www.ligafemenil.mx-cancha-galeria-MTMwNTc3LzQvNzMvMi8xNA==-necaxa-vs-america,  ,  https--www.ligafemenil.mx-cancha-playlist-130577-necaxa-vs-america,  
2022-2023,Clausura,  Lunes 30 de Enero de 2023-nTemporada 2022-2023-nTorneo Clausura-nJornada 4-n30 Enero 2023 - 1900 hrs.,  https--www.ligafemenil.mx-cancha-informeArbitral-130579-eyJpZERpdmlzaW9uIjoiMTQiLCJpZFRlbXBvcmFkYSI6IjczIiwiaWRUb3JuZW8iOiIyIiwiaWRDbHVibG9jYWwiOjExMTg2LCJpZENsdWJ2aXNpdGEiOjExMTg3fQ==-informe-arbitral-tigres-de-la-uanl-vs-toluca-jornada-4-estadio-universitario-vix-mxus,  2 - 0,  https--www.ligafemenil.mx-cancha-estadio-12-estadio-universitario,  Universitario,  https--www.ligafemenil.mx-cancha-galeria-MTMwNTc5LzQvNzMvMi8xNA==-tigres-de-la-uanl-vs-toluca,  ,  https--www.ligafemenil.mx-cancha-playlist-130579-tigres-de-la-uanl-vs-toluca,  
2022-2023,Clausura,  Lunes 30 de Enero de 2023-nTemporada 2022-2023-nTorneo Clausura-nJornada 4-n30 Enero 2023 - 2000 hrs.,  https--www.ligafemenil.mx-cancha-informeArbitral-130588-eyJpZERpdmlzaW9uIjoiMTQiLCJpZFRlbXBvcmFkYSI6IjczIiwiaWRUb3JuZW8iOiIyIiwiaWRDbHVibG9jYWwiOjEyMDUxLCJpZENsdWJ2aXNpdGEiOjExMTgxfQ==-informe-arbitral-mazatlan-fc-vs-cruz-azul-jornada-4-estadio-mazatlan-tvp,  1 - 3,  https--www.ligafemenil.mx-cancha-estadio-1697-estadio-mazatlan,  Estadio Mazatlán,  https--www.ligafemenil.mx-cancha-galeria-MTMwNTg4LzQvNzMvMi8xNA==-mazatlan-fc-vs-cruz-azul,  ,  https--www.ligafemenil.mx-cancha-playlist-130588-mazatlan-fc-vs-cruz-azul,  
2022-2023,Clausura,  Lunes 30 de Enero de 2023-nTemporada 2022-2023-nTorneo Clausura-nJornada 4-n30 Enero 2023 - 2105 hrs.,  https--www.ligafemenil.mx-cancha-informeArbitral-130585-eyJpZERpdmlzaW9uIjoiMTQiLCJpZFRlbXBvcmFkYSI6IjczIiwiaWRUb3JuZW8iOiIyIiwiaWRDbHVibG9jYWwiOjExMTgyLCJpZENsdWJ2aXNpdGEiOjExNzk1fQ==-informe-arbitral-guadalajara-vs-fc-juarez-jornada-4-estadio-akron-fox-sports--fox-premium,  2 - 1,  https--www.ligafemenil.mx-cancha-estadio-1538-estadio-akron,  Estadio AKRON,  https--www.ligafemenil.mx-cancha-galeria-MTMwNTg1LzQvNzMvMi8xNA==-guadalajara-vs-fc-juarez,  ,  https--www.ligafemenil.mx-cancha-playlist-130585-guadalajara-vs-fc-juarez,  
2022-2023,Clausura,  Viernes 3 de Febrero de 2023-nTemporada 2022-2023-nTorneo Clausura-nJornada 5-n3 Febrero 2023 - 1700 hrs.,  https--www.ligafemenil.mx-cancha-informeArbitral-130594-eyJpZERpdmlzaW9uIjoiMTQiLCJpZFRlbXBvcmFkYSI6IjczIiwiaWRUb3JuZW8iOiIyIiwiaWRDbHVibG9jYWwiOjExMTg3LCJpZENsdWJ2aXNpdGEiOjExMTgyfQ==-informe-arbitral-toluca-vs-guadalajara-jornada-5-estadio-nemesio-diez-vix-mxus,  0 - 0,  https--www.ligafemenil.mx-cancha-estadio-6-estadio-nemesio-diez,  Nemesio Diez,  https--www.ligafemenil.mx-cancha-galeria-MTMwNTk0LzUvNzMvMi8xNA==-toluca-vs-guadalajara,  ,  https--www.ligafemenil.mx-cancha-playlist-130594-toluca-vs-guadalajara,  
2022-2023,Clausura,  Viernes 3 de Febrero de 2023-nTemporada 2022-2023-nTorneo Clausura-nJornada 5-n3 Febrero 2023 - 1905 hrs.,  https--www.ligafemenil.mx-cancha-informeArbitral-130597-eyJpZERpdmlzaW9uIjoiMTQiLCJpZFRlbXBvcmFkYSI6IjczIiwiaWRUb3JuZW8iOiIyIiwiaWRDbHVibG9jYWwiOjExMjQ1LCJpZENsdWJ2aXNpdGEiOjExNzk1fQ==-informe-arbitral-atlas-vs-fc-juarez-jornada-5-estadio-jalisco-fox-sports,  1 - 2,  https--www.ligafemenil.mx-cancha-estadio-5-estadio-jalisco,  Jalisco,  https--www.ligafemenil.mx-cancha-galeria-MTMwNTk3LzUvNzMvMi8xNA==-atlas-vs-fc-juarez,  ,  https--www.ligafemenil.mx-cancha-playlist-130597-atlas-vs-fc-juarez,  
2022-2023,Clausura,  Sábado 4 de Febrero de 2023-nTemporada 2022-2023-nTorneo Clausura-nJornada 5-n4 Febrero 2023 - 1200 hrs.,  https--www.ligafemenil.mx-cancha-informeArbitral-130600-eyJpZERpdmlzaW9uIjoiMTQiLCJpZFRlbXBvcmFkYSI6IjczIiwiaWRUb3JuZW8iOiIyIiwiaWRDbHVibG9jYWwiOjExMTgxLCJpZENsdWJ2aXNpdGEiOjExMTg4fQ==-informe-arbitral-cruz-azul-vs-pumas-jornada-5-estadio-instalaciones-la-noria-vixzonamx--vixus,  1 - 1,  https--www.ligafemenil.mx-cancha-estadio-877-estadio-instalaciones-la-noria,  INSTALACIONES LA NORIA,  https--www.ligafemenil.mx-cancha-galeria-MTMwNjAwLzUvNzMvMi8xNA==-cruz-azul-vs-pumas,  ,  https--www.ligafemenil.mx-cancha-playlist-130600-cruz-azul-vs-pumas,  
2022-2023,Clausura,  Domingo 5 de Febrero de 2023-nTemporada 2022-2023-nTorneo Clausura-nJornada 5-n5 Febrero 2023 - 1200 hrs.,  https--www.ligafemenil.mx-cancha-informeArbitral-130606-eyJpZERpdmlzaW9uIjoiMTQiLCJpZFRlbXBvcmFkYSI6IjczIiwiaWRUb3JuZW8iOiIyIiwiaWRDbHVibG9jYWwiOjExNTQzLCJpZENsdWJ2aXNpdGEiOjExMTg5fQ==-informe-arbitral-puebla-fc-vs-necaxa-jornada-5-estadio-cuauhtemoc-azteca-digital,  2 - 0,  https--www.ligafemenil.mx-cancha-estadio-9-estadio-cuauhtemoc,  Cuauhtémoc,  https--www.ligafemenil.mx-cancha-galeria-MTMwNjA2LzUvNzMvMi8xNA==-puebla-fc-vs-necaxa,  ,  https--www.ligafemenil.mx-cancha-playlist-130606-puebla-fc-vs-necaxa,  
2022-2023,Clausura,  Domingo 5 de Febrero de 2023-nTemporada 2022-2023-nTorneo Clausura-nJornada 5-n5 Febrero 2023 - 1910 hrs.,  https--www.ligafemenil.mx-cancha-informeArbitral-130610-eyJpZERpdmlzaW9uIjoiMTQiLCJpZFRlbXBvcmFkYSI6IjczIiwiaWRUb3JuZW8iOiIyIiwiaWRDbHVibG9jYWwiOjExMTgwLCJpZENsdWJ2aXNpdGEiOjEyMDUxfQ==-informe-arbitral-tijuana-vs-mazatlan-fc-jornada-5-estadio-caliente-fox-sports,  0 - 1,  https--www.ligafemenil.mx-cancha-estadio-48-estadio-caliente,  Caliente,  https--www.ligafemenil.mx-cancha-galeria-MTMwNjEwLzUvNzMvMi8xNA==-tijuana-vs-mazatlan-fc,  ,  https--www.ligafemenil.mx-cancha-playlist-130610-tijuana-vs-mazatlan-fc,  
2022-2023,Clausura,  Lunes 6 de Febrero de 2023-nTemporada 2022-2023-nTorneo Clausura-nJornada 5-n6 Febrero 2023 - 1545 hrs.,  https--www.ligafemenil.mx-cancha-informeArbitral-130612-eyJpZERpdmlzaW9uIjoiMTQiLCJpZFRlbXBvcmFkYSI6IjczIiwiaWRUb3JuZW8iOiIyIiwiaWRDbHVibG9jYWwiOjExMTkxLCJpZENsdWJ2aXNpdGEiOjExMjQzfQ==-informe-arbitral-america-vs-leon-jornada-5-estadio-cancha-centenario-no-5-natural-instalaciones-club-america-vixzonamxus,  2 - 0,  https--www.ligafemenil.mx-cancha-estadio-1421-estadio-cancha-centenario-no-5-natural-instalaciones-club-america,  Cancha Centenario No. 5 (Natural) Instalaciones Club América,  https--www.ligafemenil.mx-cancha-galeria-MTMwNjEyLzUvNzMvMi8xNA==-america-vs-leon,  ,  https--www.ligafemenil.mx-cancha-playlist-130612-america-vs-leon,  
2022-2023,Clausura,  Lunes 6 de Febrero de 2023-nTemporada 2022-2023-nTorneo Clausura-nJornada 5-n6 Febrero 2023 - 1900 hrs.,  https--www.ligafemenil.mx-cancha-informeArbitral-130617-eyJpZERpdmlzaW9uIjoiMTQiLCJpZFRlbXBvcmFkYSI6IjczIiwiaWRUb3JuZW8iOiIyIiwiaWRDbHVibG9jYWwiOjExMTg2LCJpZENsdWJ2aXNpdGEiOjExNzc4fQ==-informe-arbitral-tigres-de-la-uanl-vs-club-atletico-de-san-luis-jornada-5-estadio-universitario-vix-mxus,  3 - 1,  https--www.ligafemenil.mx-cancha-estadio-12-estadio-universitario,  Universitario,  https--www.ligafemenil.mx-cancha-galeria-MTMwNjE3LzUvNzMvMi8xNA==-tigres-de-la-uanl-vs-club-atletico-de-san-luis,  ,  https--www.ligafemenil.mx-cancha-playlist-130617-tigres-de-la-uanl-vs-club-atletico-de-san-luis,  
2022-2023,Clausura,  Lunes 6 de Febrero de 2023-nTemporada 2022-2023-nTorneo Clausura-nJornada 5-n6 Febrero 2023 - 1905 hrs.,  https--www.ligafemenil.mx-cancha-informeArbitral-130614-eyJpZERpdmlzaW9uIjoiMTQiLCJpZFRlbXBvcmFkYSI6IjczIiwiaWRUb3JuZW8iOiIyIiwiaWRDbHVibG9jYWwiOjExMTg0LCJpZENsdWJ2aXNpdGEiOjExMTkyfQ==-informe-arbitral-pachuca-vs-santos-laguna-jornada-5-estadio-hidalgo-fox-sports,  6 - 0,  https--www.ligafemenil.mx-cancha-estadio-11-estadio-hidalgo,  Hidalgo,  https--www.ligafemenil.mx-cancha-galeria-MTMwNjE0LzUvNzMvMi8xNA==-pachuca-vs-santos-laguna,  ,  https--www.ligafemenil.mx-cancha-playlist-130614-pachuca-vs-santos-laguna,  
2022-2023,Clausura,  Lunes 6 de Febrero de 2023-nTemporada 2022-2023-nTorneo Clausura-nJornada 5-n6 Febrero 2023 - 2110 hrs.,  https--www.ligafemenil.mx-cancha-informeArbitral-130620-eyJpZERpdmlzaW9uIjoiMTQiLCJpZFRlbXBvcmFkYSI6IjczIiwiaWRUb3JuZW8iOiIyIiwiaWRDbHVibG9jYWwiOjExMTg1LCJpZENsdWJ2aXNpdGEiOjEyMDQyfQ==-informe-arbitral-rayados-de-monterrey-vs-gallos-blancos-de-queretaro-jornada-5-estadio-bbva-bancomer-fox-sports,  1 - 0,  https--www.ligafemenil.mx-cancha-estadio-793-estadio-bbva-bancomer,  Estadio BBVA Bancomer,  https--www.ligafemenil.mx-cancha-galeria-MTMwNjIwLzUvNzMvMi8xNA==-rayados-de-monterrey-vs-gallos-blancos-de-queretaro,  ,  https--www.ligafemenil.mx-cancha-playlist-130620-rayados-de-monterrey-vs-gallos-blancos-de-queretaro,  
2022-2023,Clausura,  Jueves 9 de Febrero de 2023-nTemporada 2022-2023-nTorneo Clausura-nJornada 6-n9 Febrero 2023 - 1700 hrs.,  https--www.ligafemenil.mx-cancha-informeArbitral-130650-eyJpZERpdmlzaW9uIjoiMTQiLCJpZFRlbXBvcmFkYSI6IjczIiwiaWRUb3JuZW8iOiIyIiwiaWRDbHVibG9jYWwiOjExMTg5LCJpZENsdWJ2aXNpdGEiOjEyMDQyfQ==-informe-arbitral-necaxa-vs-gallos-blancos-de-queretaro-jornada-6-estadio-victoria-vixzonamxus,  0 - 1,  https--www.ligafemenil.mx-cancha-estadio-15-estadio-victoria,  Victoria,  https--www.ligafemenil.mx-cancha-galeria-MTMwNjUwLzYvNzMvMi8xNA==-necaxa-vs-gallos-blancos-de-queretaro,  ,  https--www.ligafemenil.mx-cancha-playlist-130650-necaxa-vs-gallos-blancos-de-queretaro,  
2022-2023,Clausura,  Jueves 9 de Febrero de 2023-nTemporada 2022-2023-nTorneo Clausura-nJornada 6-n9 Febrero 2023 - 1705 hrs.,  https--www.ligafemenil.mx-cancha-informeArbitral-130652-eyJpZERpdmlzaW9uIjoiMTQiLCJpZFRlbXBvcmFkYSI6IjczIiwiaWRUb3JuZW8iOiIyIiwiaWRDbHVibG9jYWwiOjExMTkyLCJpZENsdWJ2aXNpdGEiOjExMTkxfQ==-informe-arbitral-santos-laguna-vs-america-jornada-6-estadio-tsm-corona-fox-sports--fox-premium,  1 - 1,  https--www.ligafemenil.mx-cancha-estadio-63-estadio-tsm-corona,  TSM Corona,  https--www.ligafemenil.mx-cancha-galeria-MTMwNjUyLzYvNzMvMi8xNA==-santos-laguna-vs-america,  ,  https--www.ligafemenil.mx-cancha-playlist-130652-santos-laguna-vs-america,  
2022-2023,Clausura,  Jueves 9 de Febrero de 2023-nTemporada 2022-2023-nTorneo Clausura-nJornada 6-n9 Febrero 2023 - 1900 hrs.,  https--www.ligafemenil.mx-cancha-informeArbitral-130655-eyJpZERpdmlzaW9uIjoiMTQiLCJpZFRlbXBvcmFkYSI6IjczIiwiaWRUb3JuZW8iOiIyIiwiaWRDbHVibG9jYWwiOjExMTg3LCJpZENsdWJ2aXNpdGEiOjExMjQ1fQ==-informe-arbitral-toluca-vs-atlas-jornada-6-estadio-nemesio-diez-vix-mxus,  3 - 4,  https--www.ligafemenil.mx-cancha-estadio-6-estadio-nemesio-diez,  Nemesio Diez,  https--www.ligafemenil.mx-cancha-galeria-MTMwNjU1LzYvNzMvMi8xNA==-toluca-vs-atlas,  ,  https--www.ligafemenil.mx-cancha-playlist-130655-toluca-vs-atlas,  
2022-2023,Clausura,  Viernes 10 de Febrero de 2023-nTemporada 2022-2023-nTorneo Clausura-nJornada 6-n10 Febrero 2023 - 1545 hrs.,  https--www.ligafemenil.mx-cancha-informeArbitral-130664-eyJpZERpdmlzaW9uIjoiMTQiLCJpZFRlbXBvcmFkYSI6IjczIiwiaWRUb3JuZW8iOiIyIiwiaWRDbHVibG9jYWwiOjExMTgxLCJpZENsdWJ2aXNpdGEiOjExMTg1fQ==-informe-arbitral-cruz-azul-vs-rayados-de-monterrey-jornada-6-estadio-instalaciones-la-noria-vix-mxus,  0 - 3,  https--www.ligafemenil.mx-cancha-estadio-877-estadio-instalaciones-la-noria,  INSTALACIONES LA NORIA,  https--www.ligafemenil.mx-cancha-galeria-MTMwNjY0LzYvNzMvMi8xNA==-cruz-azul-vs-rayados-de-monterrey,  ,  https--www.ligafemenil.mx-cancha-playlist-130664-cruz-azul-vs-rayados-de-monterrey,  
2022-2023,Clausura,  Viernes 10 de Febrero de 2023-nTemporada 2022-2023-nTorneo Clausura-nJornada 6-n10 Febrero 2023 - 1545 hrs.,  https--www.ligafemenil.mx-cancha-informeArbitral-130670-eyJpZERpdmlzaW9uIjoiMTQiLCJpZFRlbXBvcmFkYSI6IjczIiwiaWRUb3JuZW8iOiIyIiwiaWRDbHVibG9jYWwiOjExMTgyLCJpZENsdWJ2aXNpdGEiOjExNTQzfQ==-informe-arbitral-guadalajara-vs-puebla-fc-jornada-6-estadio-verde-valle-2-fox-sports--chivas-tv,  2 - 1,  https--www.ligafemenil.mx-cancha-estadio-1554-estadio-verde-valle-2,  Verde Valle 2,  https--www.ligafemenil.mx-cancha-galeria-MTMwNjcwLzYvNzMvMi8xNA==-guadalajara-vs-puebla-fc,  ,  https--www.ligafemenil.mx-cancha-playlist-130670-guadalajara-vs-puebla-fc,  
2022-2023,Clausura,  Viernes 10 de Febrero de 2023-nTemporada 2022-2023-nTorneo Clausura-nJornada 6-n10 Febrero 2023 - 1700 hrs.,  https--www.ligafemenil.mx-cancha-informeArbitral-130666-eyJpZERpdmlzaW9uIjoiMTQiLCJpZFRlbXBvcmFkYSI6IjczIiwiaWRUb3JuZW8iOiIyIiwiaWRDbHVibG9jYWwiOjExNzc4LCJpZENsdWJ2aXNpdGEiOjEyMDUxfQ==-informe-arbitral-club-atletico-de-san-luis-vs-mazatlan-fc-jornada-6-estadio-alfonso-lastras-ramirez-espn,  4 - 1,  https--www.ligafemenil.mx-cancha-estadio-14-estadio-alfonso-lastras-ramirez,  Alfonso Lastras Ramírez,  https--www.ligafemenil.mx-cancha-galeria-MTMwNjY2LzYvNzMvMi8xNA==-club-atletico-de-san-luis-vs-mazatlan-fc,  ,  https--www.ligafemenil.mx-cancha-playlist-130666-club-atletico-de-san-luis-vs-mazatlan-fc,  
2022-2023,Clausura,  Viernes 10 de Febrero de 2023-nTemporada 2022-2023-nTorneo Clausura-nJornada 6-n10 Febrero 2023 - 1705 hrs.,  https--www.ligafemenil.mx-cancha-informeArbitral-130659-eyJpZERpdmlzaW9uIjoiMTQiLCJpZFRlbXBvcmFkYSI6IjczIiwiaWRUb3JuZW8iOiIyIiwiaWRDbHVibG9jYWwiOjExMjQzLCJpZENsdWJ2aXNpdGEiOjExMTg0fQ==-informe-arbitral-leon-vs-pachuca-jornada-6-estadio-nou-camp-fox-sports--fox-premium,  0 - 3,  https--www.ligafemenil.mx-cancha-estadio-23-estadio-nou-camp,  Nou Camp,  https--www.ligafemenil.mx-cancha-galeria-MTMwNjU5LzYvNzMvMi8xNA==-leon-vs-pachuca,  ,  https--www.ligafemenil.mx-cancha-playlist-130659-leon-vs-pachuca,  
2022-2023,Clausura,  Viernes 10 de Febrero de 2023-nTemporada 2022-2023-nTorneo Clausura-nJornada 6-n10 Febrero 2023 - 1806 hrs.,  https--www.ligafemenil.mx-cancha-informeArbitral-130669-eyJpZERpdmlzaW9uIjoiMTQiLCJpZFRlbXBvcmFkYSI6IjczIiwiaWRUb3JuZW8iOiIyIiwiaWRDbHVibG9jYWwiOjExNzk1LCJpZENsdWJ2aXNpdGEiOjExMTg2fQ==-informe-arbitral-fc-juarez-vs-tigres-de-la-uanl-jornada-6-estadio-olimpico-benito-juarez-fox-premium,  3 - 1,  https--www.ligafemenil.mx-cancha-estadio-17-estadio-olimpico-benito-juarez,  Olímpico Benito Juárez,  https--www.ligafemenil.mx-cancha-galeria-MTMwNjY5LzYvNzMvMi8xNA==-fc-juarez-vs-tigres-de-la-uanl,  ,  https--www.ligafemenil.mx-cancha-playlist-130669-fc-juarez-vs-tigres-de-la-uanl,  
2022-2023,Clausura,  Sábado 11 de Febrero de 2023-nTemporada 2022-2023-nTorneo Clausura-nJornada 6-n11 Febrero 2023 - 1200 hrs.,  https--www.ligafemenil.mx-cancha-informeArbitral-130672-eyJpZERpdmlzaW9uIjoiMTQiLCJpZFRlbXBvcmFkYSI6IjczIiwiaWRUb3JuZW8iOiIyIiwiaWRDbHVibG9jYWwiOjExMTg4LCJpZENsdWJ2aXNpdGEiOjExMTgwfQ==-informe-arbitral-pumas-vs-tijuana-jornada-6-estadio-olimpico-universitario-vixzonamx--vixus,  0 - 1,  https--www.ligafemenil.mx-cancha-estadio-7-estadio-olimpico-universitario,  Olímpico Universitario,  https--www.ligafemenil.mx-cancha-galeria-MTMwNjcyLzYvNzMvMi8xNA==-pumas-vs-tijuana,  ,  https--www.ligafemenil.mx-cancha-playlist-130672-pumas-vs-tijuana,  
2022-2023,Clausura,  Jueves 23 de Febrero de 2023-nTemporada 2022-2023-nTorneo Clausura-nJornada 7-n23 Febrero 2023 - 1545 hrs.,  https--www.ligafemenil.mx-cancha-informeArbitral-130703-eyJpZERpdmlzaW9uIjoiMTQiLCJpZFRlbXBvcmFkYSI6IjczIiwiaWRUb3JuZW8iOiIyIiwiaWRDbHVibG9jYWwiOjExMTkxLCJpZENsdWJ2aXNpdGEiOjExNzc4fQ==-informe-arbitral-america-vs-club-atletico-de-san-luis-jornada-7-estadio-cancha-centenario-no-5-natural-instalaciones-club-america-vixzonamxus,  3 - 0,  https--www.ligafemenil.mx-cancha-estadio-1421-estadio-cancha-centenario-no-5-natural-instalaciones-club-america,  Cancha Centenario No. 5 (Natural) Instalaciones Club América,  https--www.ligafemenil.mx-cancha-galeria-MTMwNzAzLzcvNzMvMi8xNA==-america-vs-club-atletico-de-san-luis,  ,  https--www.ligafemenil.mx-cancha-playlist-130703-america-vs-club-atletico-de-san-luis,  
2022-2023,Clausura,  Viernes 24 de Febrero de 2023-nTemporada 2022-2023-nTorneo Clausura-nJornada 7-n24 Febrero 2023 - 1705 hrs.,  https--www.ligafemenil.mx-cancha-informeArbitral-130677-eyJpZERpdmlzaW9uIjoiMTQiLCJpZFRlbXBvcmFkYSI6IjczIiwiaWRUb3JuZW8iOiIyIiwiaWRDbHVibG9jYWwiOjEyMDQyLCJpZENsdWJ2aXNpdGEiOjExMjQzfQ==-informe-arbitral-gallos-blancos-de-queretaro-vs-leon-jornada-7-estadio-olimpico-alameda-fox-sports--fox-premium,  2 - 2,  https--www.ligafemenil.mx-cancha-estadio-1741-estadio-olimpico-alameda,  Estadio Olímpico Alameda,  https--www.ligafemenil.mx-cancha-galeria-MTMwNjc3LzcvNzMvMi8xNA==-gallos-blancos-de-queretaro-vs-leon,  ,  https--www.ligafemenil.mx-cancha-playlist-130677-gallos-blancos-de-queretaro-vs-leon,  
2022-2023,Clausura,  Viernes 24 de Febrero de 2023-nTemporada 2022-2023-nTorneo Clausura-nJornada 7-n24 Febrero 2023 - 1906 hrs.,  https--www.ligafemenil.mx-cancha-informeArbitral-130682-eyJpZERpdmlzaW9uIjoiMTQiLCJpZFRlbXBvcmFkYSI6IjczIiwiaWRUb3JuZW8iOiIyIiwiaWRDbHVibG9jYWwiOjExMTgwLCJpZENsdWJ2aXNpdGEiOjExNzk1fQ==-informe-arbitral-tijuana-vs-fc-juarez-jornada-7-estadio-caliente-fox-sports--fox-premium,  1 - 1,  https--www.ligafemenil.mx-cancha-estadio-48-estadio-caliente,  Caliente,  https--www.ligafemenil.mx-cancha-galeria-MTMwNjgyLzcvNzMvMi8xNA==-tijuana-vs-fc-juarez,  ,  https--www.ligafemenil.mx-cancha-playlist-130682-tijuana-vs-fc-juarez,  
2022-2023,Clausura,  Sábado 25 de Febrero de 2023-nTemporada 2022-2023-nTorneo Clausura-nJornada 7-n25 Febrero 2023 - 1200 hrs.,  https--www.ligafemenil.mx-cancha-informeArbitral-130687-eyJpZERpdmlzaW9uIjoiMTQiLCJpZFRlbXBvcmFkYSI6IjczIiwiaWRUb3JuZW8iOiIyIiwiaWRDbHVibG9jYWwiOjExMTg4LCJpZENsdWJ2aXNpdGEiOjExMTkyfQ==-informe-arbitral-pumas-vs-santos-laguna-jornada-7-estadio-olimpico-universitario-vixzonamx--vixus,  4 - 1,  https--www.ligafemenil.mx-cancha-estadio-7-estadio-olimpico-universitario,  Olímpico Universitario,  https--www.ligafemenil.mx-cancha-galeria-MTMwNjg3LzcvNzMvMi8xNA==-pumas-vs-santos-laguna,  ,  https--www.ligafemenil.mx-cancha-playlist-130687-pumas-vs-santos-laguna,  
2022-2023,Clausura,  Domingo 26 de Febrero de 2023-nTemporada 2022-2023-nTorneo Clausura-nJornada 7-n26 Febrero 2023 - 1200 hrs.,  https--www.ligafemenil.mx-cancha-informeArbitral-130692-eyJpZERpdmlzaW9uIjoiMTQiLCJpZFRlbXBvcmFkYSI6IjczIiwiaWRUb3JuZW8iOiIyIiwiaWRDbHVibG9jYWwiOjExNTQzLCJpZENsdWJ2aXNpdGEiOjExMTg3fQ==-informe-arbitral-puebla-fc-vs-toluca-jornada-7-estadio-cuauhtemoc-azteca-digital,  0 - 2,  https--www.ligafemenil.mx-cancha-estadio-9-estadio-cuauhtemoc,  Cuauhtémoc,  https--www.ligafemenil.mx-cancha-galeria-MTMwNjkyLzcvNzMvMi8xNA==-puebla-fc-vs-toluca,  ,  https--www.ligafemenil.mx-cancha-playlist-130692-puebla-fc-vs-toluca,  
2022-2023,Clausura,  Domingo 26 de Febrero de 2023-nTemporada 2022-2023-nTorneo Clausura-nJornada 7-n26 Febrero 2023 - 1700 hrs.,  https--www.ligafemenil.mx-cancha-informeArbitral-130695-eyJpZERpdmlzaW9uIjoiMTQiLCJpZFRlbXBvcmFkYSI6IjczIiwiaWRUb3JuZW8iOiIyIiwiaWRDbHVibG9jYWwiOjExMjQ1LCJpZENsdWJ2aXNpdGEiOjExMTgxfQ==-informe-arbitral-atlas-vs-cruz-azul-jornada-7-estadio-jalisco-fox-sports--fox-premium,  1 - 0,  https--www.ligafemenil.mx-cancha-estadio-5-estadio-jalisco,  Jalisco,  https--www.ligafemenil.mx-cancha-galeria-MTMwNjk1LzcvNzMvMi8xNA==-atlas-vs-cruz-azul,  ,  https--www.ligafemenil.mx-cancha-playlist-130695-atlas-vs-cruz-azul,  
2022-2023,Clausura,  Lunes 27 de Febrero de 2023-nTemporada 2022-2023-nTorneo Clausura-nJornada 7-n27 Febrero 2023 - 1705 hrs.,  https--www.ligafemenil.mx-cancha-informeArbitral-130699-eyJpZERpdmlzaW9uIjoiMTQiLCJpZFRlbXBvcmFkYSI6IjczIiwiaWRUb3JuZW8iOiIyIiwiaWRDbHVibG9jYWwiOjExMTg1LCJpZENsdWJ2aXNpdGEiOjExMTg5fQ==-informe-arbitral-rayados-de-monterrey-vs-necaxa-jornada-7-estadio-bbva-fox-sports--fox-premium,  3 - 0,  https--www.ligafemenil.mx-cancha-estadio-1608-estadio-bbva,  Estadio BBVA,  https--www.ligafemenil.mx-cancha-galeria-MTMwNjk5LzcvNzMvMi8xNA==-rayados-de-monterrey-vs-necaxa,  ,  https--www.ligafemenil.mx-cancha-playlist-130699-rayados-de-monterrey-vs-necaxa,  
2022-2023,Clausura,  Lunes 27 de Febrero de 2023-nTemporada 2022-2023-nTorneo Clausura-nJornada 7-n27 Febrero 2023 - 1800 hrs.,  https--www.ligafemenil.mx-cancha-informeArbitral-130719-eyJpZERpdmlzaW9uIjoiMTQiLCJpZFRlbXBvcmFkYSI6IjczIiwiaWRUb3JuZW8iOiIyIiwiaWRDbHVibG9jYWwiOjEyMDUxLCJpZENsdWJ2aXNpdGEiOjExMTgyfQ==-informe-arbitral-mazatlan-fc-vs-guadalajara-jornada-7-estadio-mazatlan-tvp,  0 - 6,  https--www.ligafemenil.mx-cancha-estadio-1697-estadio-mazatlan,  Estadio Mazatlán,  https--www.ligafemenil.mx-cancha-galeria-MTMwNzE5LzcvNzMvMi8xNA==-mazatlan-fc-vs-guadalajara,  ,  https--www.ligafemenil.mx-cancha-playlist-130719-mazatlan-fc-vs-guadalajara,  
2022-2023,Clausura,  Lunes 27 de Febrero de 2023-nTemporada 2022-2023-nTorneo Clausura-nJornada 7-n27 Febrero 2023 - 1906 hrs.,  https--www.ligafemenil.mx-cancha-informeArbitral-130715-eyJpZERpdmlzaW9uIjoiMTQiLCJpZFRlbXBvcmFkYSI6IjczIiwiaWRUb3JuZW8iOiIyIiwiaWRDbHVibG9jYWwiOjExMTg0LCJpZENsdWJ2aXNpdGEiOjExMTg2fQ==-informe-arbitral-pachuca-vs-tigres-de-la-uanl-jornada-7-estadio-hidalgo-fox-premium,  2 - 1,  https--www.ligafemenil.mx-cancha-estadio-11-estadio-hidalgo,  Hidalgo,  https--www.ligafemenil.mx-cancha-galeria-MTMwNzE1LzcvNzMvMi8xNA==-pachuca-vs-tigres-de-la-uanl,  ,  https--www.ligafemenil.mx-cancha-playlist-130715-pachuca-vs-tigres-de-la-uanl,  
2022-2023,Clausura,  Viernes 3 de Marzo de 2023-nTemporada 2022-2023-nTorneo Clausura-nJornada 8-n3 Marzo 2023 - 1805 hrs.,  https--www.ligafemenil.mx-cancha-informeArbitral-130728-eyJpZERpdmlzaW9uIjoiMTQiLCJpZFRlbXBvcmFkYSI6IjczIiwiaWRUb3JuZW8iOiIyIiwiaWRDbHVibG9jYWwiOjExNzk1LCJpZENsdWJ2aXNpdGEiOjExMTg1fQ==-informe-arbitral-fc-juarez-vs-rayados-de-monterrey-jornada-8-estadio-olimpico-benito-juarez-fox-sports,  0 - 2,  https--www.ligafemenil.mx-cancha-estadio-17-estadio-olimpico-benito-juarez,  Olímpico Benito Juárez,  https--www.ligafemenil.mx-cancha-galeria-MTMwNzI4LzgvNzMvMi8xNA==-fc-juarez-vs-rayados-de-monterrey,  ,  https--www.ligafemenil.mx-cancha-playlist-130728-fc-juarez-vs-rayados-de-monterrey,  
2022-2023,Clausura,  Sábado 4 de Marzo de 2023-nTemporada 2022-2023-nTorneo Clausura-nJornada 8-n4 Marzo 2023 - 1200 hrs.,  https--www.ligafemenil.mx-cancha-informeArbitral-130730-eyJpZERpdmlzaW9uIjoiMTQiLCJpZFRlbXBvcmFkYSI6IjczIiwiaWRUb3JuZW8iOiIyIiwiaWRDbHVibG9jYWwiOjExMTgxLCJpZENsdWJ2aXNpdGEiOjEyMDQyfQ==-informe-arbitral-cruz-azul-vs-gallos-blancos-de-queretaro-jornada-8-estadio-instalaciones-la-noria-vixzonamx--vixus,  1 - 1,  https--www.ligafemenil.mx-cancha-estadio-877-estadio-instalaciones-la-noria,  INSTALACIONES LA NORIA,  https--www.ligafemenil.mx-cancha-galeria-MTMwNzMwLzgvNzMvMi8xNA==-cruz-azul-vs-gallos-blancos-de-queretaro,  ,  https--www.ligafemenil.mx-cancha-playlist-130730-cruz-azul-vs-gallos-blancos-de-queretaro,  
2022-2023,Clausura,  Domingo 5 de Marzo de 2023-nTemporada 2022-2023-nTorneo Clausura-nJornada 8-n5 Marzo 2023 - 1200 hrs.,  https--www.ligafemenil.mx-cancha-informeArbitral-130732-eyJpZERpdmlzaW9uIjoiMTQiLCJpZFRlbXBvcmFkYSI6IjczIiwiaWRUb3JuZW8iOiIyIiwiaWRDbHVibG9jYWwiOjExNTQzLCJpZENsdWJ2aXNpdGEiOjEyMDUxfQ==-informe-arbitral-puebla-fc-vs-mazatlan-fc-jornada-8-estadio-cuauhtemoc-azteca-digital,  1 - 0,  https--www.ligafemenil.mx-cancha-estadio-9-estadio-cuauhtemoc,  Cuauhtémoc,  https--www.ligafemenil.mx-cancha-galeria-MTMwNzMyLzgvNzMvMi8xNA==-puebla-fc-vs-mazatlan-fc,  ,  https--www.ligafemenil.mx-cancha-playlist-130732-puebla-fc-vs-mazatlan-fc,  
2022-2023,Clausura,  Domingo 5 de Marzo de 2023-nTemporada 2022-2023-nTorneo Clausura-nJornada 8-n5 Marzo 2023 - 1700 hrs.,  https--www.ligafemenil.mx-cancha-informeArbitral-130735-eyJpZERpdmlzaW9uIjoiMTQiLCJpZFRlbXBvcmFkYSI6IjczIiwiaWRUb3JuZW8iOiIyIiwiaWRDbHVibG9jYWwiOjExNzc4LCJpZENsdWJ2aXNpdGEiOjExMTgwfQ==-informe-arbitral-club-atletico-de-san-luis-vs-tijuana-jornada-8-estadio-alfonso-lastras-ramirez-espn,  0 - 0,  https--www.ligafemenil.mx-cancha-estadio-14-estadio-alfonso-lastras-ramirez,  Alfonso Lastras Ramírez,  https--www.ligafemenil.mx-cancha-galeria-MTMwNzM1LzgvNzMvMi8xNA==-club-atletico-de-san-luis-vs-tijuana,  ,  https--www.ligafemenil.mx-cancha-playlist-130735-club-atletico-de-san-luis-vs-tijuana,  
2022-2023,Clausura,  Domingo 5 de Marzo de 2023-nTemporada 2022-2023-nTorneo Clausura-nJornada 8-n5 Marzo 2023 - 1700 hrs.,  https--www.ligafemenil.mx-cancha-informeArbitral-130736-eyJpZERpdmlzaW9uIjoiMTQiLCJpZFRlbXBvcmFkYSI6IjczIiwiaWRUb3JuZW8iOiIyIiwiaWRDbHVibG9jYWwiOjExMTgyLCJpZENsdWJ2aXNpdGEiOjExMjQ1fQ==-informe-arbitral-guadalajara-vs-atlas-jornada-8-estadio-akron-fox-sports--chivas-tv,  2 - 1,  https--www.ligafemenil.mx-cancha-estadio-1538-estadio-akron,  Estadio AKRON,  https--www.ligafemenil.mx-cancha-galeria-MTMwNzM2LzgvNzMvMi8xNA==-guadalajara-vs-atlas,  ,  https--www.ligafemenil.mx-cancha-playlist-130736-guadalajara-vs-atlas,  
2022-2023,Clausura,  Domingo 5 de Marzo de 2023-nTemporada 2022-2023-nTorneo Clausura-nJornada 8-n5 Marzo 2023 - 1900 hrs.,  https--www.ligafemenil.mx-cancha-informeArbitral-130742-eyJpZERpdmlzaW9uIjoiMTQiLCJpZFRlbXBvcmFkYSI6IjczIiwiaWRUb3JuZW8iOiIyIiwiaWRDbHVibG9jYWwiOjExMTg2LCJpZENsdWJ2aXNpdGEiOjExMjQzfQ==-informe-arbitral-tigres-de-la-uanl-vs-leon-jornada-8-estadio-universitario-vix-mxus,  4 - 1,  https--www.ligafemenil.mx-cancha-estadio-12-estadio-universitario,  Universitario,  https--www.ligafemenil.mx-cancha-galeria-MTMwNzQyLzgvNzMvMi8xNA==-tigres-de-la-uanl-vs-leon,  ,  https--www.ligafemenil.mx-cancha-playlist-130742-tigres-de-la-uanl-vs-leon,  
2022-2023,Clausura,  Lunes 6 de Marzo de 2023-nTemporada 2022-2023-nTorneo Clausura-nJornada 8-n6 Marzo 2023 - 1700 hrs.,  https--www.ligafemenil.mx-cancha-informeArbitral-130737-eyJpZERpdmlzaW9uIjoiMTQiLCJpZFRlbXBvcmFkYSI6IjczIiwiaWRUb3JuZW8iOiIyIiwiaWRDbHVibG9jYWwiOjExMTg3LCJpZENsdWJ2aXNpdGEiOjExMTg4fQ==-informe-arbitral-toluca-vs-pumas-jornada-8-estadio-nemesio-diez-vixzonamxus,  0 - 0,  https--www.ligafemenil.mx-cancha-estadio-6-estadio-nemesio-diez,  Nemesio Diez,  https--www.ligafemenil.mx-cancha-galeria-MTMwNzM3LzgvNzMvMi8xNA==-toluca-vs-pumas,  ,  https--www.ligafemenil.mx-cancha-playlist-130737-toluca-vs-pumas,  
2022-2023,Clausura,  Lunes 6 de Marzo de 2023-nTemporada 2022-2023-nTorneo Clausura-nJornada 8-n6 Marzo 2023 - 1905 hrs.,  https--www.ligafemenil.mx-cancha-informeArbitral-130739-eyJpZERpdmlzaW9uIjoiMTQiLCJpZFRlbXBvcmFkYSI6IjczIiwiaWRUb3JuZW8iOiIyIiwiaWRDbHVibG9jYWwiOjExMTg0LCJpZENsdWJ2aXNpdGEiOjExMTkxfQ==-informe-arbitral-pachuca-vs-america-jornada-8-estadio-hidalgo-fox-sports,  2 - 3,  https--www.ligafemenil.mx-cancha-estadio-11-estadio-hidalgo,  Hidalgo,  https--www.ligafemenil.mx-cancha-galeria-MTMwNzM5LzgvNzMvMi8xNA==-pachuca-vs-america,  ,  https--www.ligafemenil.mx-cancha-playlist-130739-pachuca-vs-america,  
2022-2023,Clausura,  Lunes 6 de Marzo de 2023-nTemporada 2022-2023-nTorneo Clausura-nJornada 8-n6 Marzo 2023 - 2110 hrs.,  https--www.ligafemenil.mx-cancha-informeArbitral-130744-eyJpZERpdmlzaW9uIjoiMTQiLCJpZFRlbXBvcmFkYSI6IjczIiwiaWRUb3JuZW8iOiIyIiwiaWRDbHVibG9jYWwiOjExMTkyLCJpZENsdWJ2aXNpdGEiOjExMTg5fQ==-informe-arbitral-santos-laguna-vs-necaxa-jornada-8-estadio-tsm-corona-fox-sports,  3 - 0,  https--www.ligafemenil.mx-cancha-estadio-63-estadio-tsm-corona,  TSM Corona,  https--www.ligafemenil.mx-cancha-galeria-MTMwNzQ0LzgvNzMvMi8xNA==-santos-laguna-vs-necaxa,  ,  https--www.ligafemenil.mx-cancha-playlist-130744-santos-laguna-vs-necaxa,  
2022-2023,Clausura,  Viernes 10 de Marzo de 2023-nTemporada 2022-2023-nTorneo Clausura-nJornada 9-n10 Marzo 2023 - 1705 hrs.,  https--www.ligafemenil.mx-cancha-informeArbitral-130748-eyJpZERpdmlzaW9uIjoiMTQiLCJpZFRlbXBvcmFkYSI6IjczIiwiaWRUb3JuZW8iOiIyIiwiaWRDbHVibG9jYWwiOjEyMDQyLCJpZENsdWJ2aXNpdGEiOjExMTgyfQ==-informe-arbitral-gallos-blancos-de-queretaro-vs-guadalajara-jornada-9-estadio-olimpico-alameda-fox-premium,  0 - 1,  https--www.ligafemenil.mx-cancha-estadio-1741-estadio-olimpico-alameda,  Estadio Olímpico Alameda,  https--www.ligafemenil.mx-cancha-galeria-MTMwNzQ4LzkvNzMvMi8xNA==-gallos-blancos-de-queretaro-vs-guadalajara,  ,  https--www.ligafemenil.mx-cancha-playlist-130748-gallos-blancos-de-queretaro-vs-guadalajara,  
2022-2023,Clausura,  Viernes 10 de Marzo de 2023-nTemporada 2022-2023-nTorneo Clausura-nJornada 9-n10 Marzo 2023 - 1706 hrs.,  https--www.ligafemenil.mx-cancha-informeArbitral-130752-eyJpZERpdmlzaW9uIjoiMTQiLCJpZFRlbXBvcmFkYSI6IjczIiwiaWRUb3JuZW8iOiIyIiwiaWRDbHVibG9jYWwiOjExMTgwLCJpZENsdWJ2aXNpdGEiOjExMTg2fQ==-informe-arbitral-tijuana-vs-tigres-de-la-uanl-jornada-9-estadio-caliente-fox-sports--fox-premium,  2 - 0,  https--www.ligafemenil.mx-cancha-estadio-48-estadio-caliente,  Caliente,  https--www.ligafemenil.mx-cancha-galeria-MTMwNzUyLzkvNzMvMi8xNA==-tijuana-vs-tigres-de-la-uanl,  ,  https--www.ligafemenil.mx-cancha-playlist-130752-tijuana-vs-tigres-de-la-uanl,  
2022-2023,Clausura,  Sábado 11 de Marzo de 2023-nTemporada 2022-2023-nTorneo Clausura-nJornada 9-n11 Marzo 2023 - 1200 hrs.,  https--www.ligafemenil.mx-cancha-informeArbitral-130755-eyJpZERpdmlzaW9uIjoiMTQiLCJpZFRlbXBvcmFkYSI6IjczIiwiaWRUb3JuZW8iOiIyIiwiaWRDbHVibG9jYWwiOjExMTg4LCJpZENsdWJ2aXNpdGEiOjExNTQzfQ==-informe-arbitral-pumas-vs-puebla-fc-jornada-9-estadio-olimpico-universitario-vixzonamxus,  1 - 1,  https--www.ligafemenil.mx-cancha-estadio-7-estadio-olimpico-universitario,  Olímpico Universitario,  https--www.ligafemenil.mx-cancha-galeria-MTMwNzU1LzkvNzMvMi8xNA==-pumas-vs-puebla-fc,  ,  https--www.ligafemenil.mx-cancha-playlist-130755-pumas-vs-puebla-fc,  
2022-2023,Clausura,  Domingo 12 de Marzo de 2023-nTemporada 2022-2023-nTorneo Clausura-nJornada 9-n12 Marzo 2023 - 1700 hrs.,  https--www.ligafemenil.mx-cancha-informeArbitral-130757-eyJpZERpdmlzaW9uIjoiMTQiLCJpZFRlbXBvcmFkYSI6IjczIiwiaWRUb3JuZW8iOiIyIiwiaWRDbHVibG9jYWwiOjExNzc4LCJpZENsdWJ2aXNpdGEiOjExMTg3fQ==-informe-arbitral-club-atletico-de-san-luis-vs-toluca-jornada-9-estadio-alfonso-lastras-ramirez-espn,  1 - 1,  https--www.ligafemenil.mx-cancha-estadio-14-estadio-alfonso-lastras-ramirez,  Alfonso Lastras Ramírez,  https--www.ligafemenil.mx-cancha-galeria-MTMwNzU3LzkvNzMvMi8xNA==-club-atletico-de-san-luis-vs-toluca,  ,  https--www.ligafemenil.mx-cancha-playlist-130757-club-atletico-de-san-luis-vs-toluca,  
2022-2023,Clausura,  Lunes 13 de Marzo de 2023-nTemporada 2022-2023-nTorneo Clausura-nJornada 9-n13 Marzo 2023 - 1700 hrs.,  https--www.ligafemenil.mx-cancha-informeArbitral-130760-eyJpZERpdmlzaW9uIjoiMTQiLCJpZFRlbXBvcmFkYSI6IjczIiwiaWRUb3JuZW8iOiIyIiwiaWRDbHVibG9jYWwiOjExMTg5LCJpZENsdWJ2aXNpdGEiOjExMTgxfQ==-informe-arbitral-necaxa-vs-cruz-azul-jornada-9-estadio-victoria-vix-mxus,  1 - 0,  https--www.ligafemenil.mx-cancha-estadio-15-estadio-victoria,  Victoria,  https--www.ligafemenil.mx-cancha-galeria-MTMwNzYwLzkvNzMvMi8xNA==-necaxa-vs-cruz-azul,  ,  https--www.ligafemenil.mx-cancha-playlist-130760-necaxa-vs-cruz-azul,  
2022-2023,Clausura,  Lunes 13 de Marzo de 2023-nTemporada 2022-2023-nTorneo Clausura-nJornada 9-n13 Marzo 2023 - 1900 hrs.,  https--www.ligafemenil.mx-cancha-informeArbitral-130762-eyJpZERpdmlzaW9uIjoiMTQiLCJpZFRlbXBvcmFkYSI6IjczIiwiaWRUb3JuZW8iOiIyIiwiaWRDbHVibG9jYWwiOjExMTkxLCJpZENsdWJ2aXNpdGEiOjExMjQ1fQ==-informe-arbitral-america-vs-atlas-jornada-9-estadio-azteca-vixzonamxus,  5 - 0,  https--www.ligafemenil.mx-cancha-estadio-1-estadio-azteca,  Azteca,  https--www.ligafemenil.mx-cancha-galeria-MTMwNzYyLzkvNzMvMi8xNA==-america-vs-atlas,  ,  https--www.ligafemenil.mx-cancha-playlist-130762-america-vs-atlas,  
2022-2023,Clausura,  Lunes 13 de Marzo de 2023-nTemporada 2022-2023-nTorneo Clausura-nJornada 9-n13 Marzo 2023 - 1800 hrs.,  https--www.ligafemenil.mx-cancha-informeArbitral-130772-eyJpZERpdmlzaW9uIjoiMTQiLCJpZFRlbXBvcmFkYSI6IjczIiwiaWRUb3JuZW8iOiIyIiwiaWRDbHVibG9jYWwiOjEyMDUxLCJpZENsdWJ2aXNpdGEiOjExMTkyfQ==-informe-arbitral-mazatlan-fc-vs-santos-laguna-jornada-9-estadio-mazatlan-tvp,  1 - 1,  https--www.ligafemenil.mx-cancha-estadio-1697-estadio-mazatlan,  Estadio Mazatlán,  https--www.ligafemenil.mx-cancha-galeria-MTMwNzcyLzkvNzMvMi8xNA==-mazatlan-fc-vs-santos-laguna,  ,  https--www.ligafemenil.mx-cancha-playlist-130772-mazatlan-fc-vs-santos-laguna,  
2022-2023,Clausura,  Lunes 13 de Marzo de 2023-nTemporada 2022-2023-nTorneo Clausura-nJornada 9-n13 Marzo 2023 - 1905 hrs.,  https--www.ligafemenil.mx-cancha-informeArbitral-130764-eyJpZERpdmlzaW9uIjoiMTQiLCJpZFRlbXBvcmFkYSI6IjczIiwiaWRUb3JuZW8iOiIyIiwiaWRDbHVibG9jYWwiOjExMjQzLCJpZENsdWJ2aXNpdGEiOjExNzk1fQ==-informe-arbitral-leon-vs-fc-juarez-jornada-9-estadio-nou-camp-fox-sports--fox-premium,  1 - 0,  https--www.ligafemenil.mx-cancha-estadio-23-estadio-nou-camp,  Nou Camp,  https--www.ligafemenil.mx-cancha-galeria-MTMwNzY0LzkvNzMvMi8xNA==-leon-vs-fc-juarez,  ,  https--www.ligafemenil.mx-cancha-playlist-130764-leon-vs-fc-juarez,  
2022-2023,Clausura,  Lunes 13 de Marzo de 2023-nTemporada 2022-2023-nTorneo Clausura-nJornada 9-n13 Marzo 2023 - 2106 hrs.,  https--www.ligafemenil.mx-cancha-informeArbitral-130768-eyJpZERpdmlzaW9uIjoiMTQiLCJpZFRlbXBvcmFkYSI6IjczIiwiaWRUb3JuZW8iOiIyIiwiaWRDbHVibG9jYWwiOjExMTg1LCJpZENsdWJ2aXNpdGEiOjExMTg0fQ==-informe-arbitral-rayados-de-monterrey-vs-pachuca-jornada-9-estadio-bbva-bancomer-fox-sports--fox-premium,  5 - 0,  https--www.ligafemenil.mx-cancha-estadio-793-estadio-bbva-bancomer,  Estadio BBVA Bancomer,  https--www.ligafemenil.mx-cancha-galeria-MTMwNzY4LzkvNzMvMi8xNA==-rayados-de-monterrey-vs-pachuca,  ,  https--www.ligafemenil.mx-cancha-playlist-130768-rayados-de-monterrey-vs-pachuca,  
2022-2023,Clausura,  Viernes 17 de Marzo de 2023-nTemporada 2022-2023-nTorneo Clausura-nJornada 10-n17 Marzo 2023 - 1700 hrs.,  https--www.ligafemenil.mx-cancha-informeArbitral-130779-eyJpZERpdmlzaW9uIjoiMTQiLCJpZFRlbXBvcmFkYSI6IjczIiwiaWRUb3JuZW8iOiIyIiwiaWRDbHVibG9jYWwiOjExMjQ1LCJpZENsdWJ2aXNpdGEiOjExMTg4fQ==-informe-arbitral-atlas-vs-pumas-jornada-10-estadio-jalisco-fox-premium,  1 - 1,  https--www.ligafemenil.mx-cancha-estadio-5-estadio-jalisco,  Jalisco,  https--www.ligafemenil.mx-cancha-galeria-MTMwNzc5LzEwLzczLzIvMTQ=-atlas-vs-pumas,  ,  https--www.ligafemenil.mx-cancha-playlist-130779-atlas-vs-pumas,  
2022-2023,Clausura,  Viernes 17 de Marzo de 2023-nTemporada 2022-2023-nTorneo Clausura-nJornada 10-n17 Marzo 2023 - 1906 hrs.,  https--www.ligafemenil.mx-cancha-informeArbitral-130780-eyJpZERpdmlzaW9uIjoiMTQiLCJpZFRlbXBvcmFkYSI6IjczIiwiaWRUb3JuZW8iOiIyIiwiaWRDbHVibG9jYWwiOjExNzk1LCJpZENsdWJ2aXNpdGEiOjExNzc4fQ==-informe-arbitral-fc-juarez-vs-club-atletico-de-san-luis-jornada-10-estadio-olimpico-benito-juarez-fox-sports--fox-premium,  3 - 2,  https--www.ligafemenil.mx-cancha-estadio-17-estadio-olimpico-benito-juarez,  Olímpico Benito Juárez,  https--www.ligafemenil.mx-cancha-galeria-MTMwNzgwLzEwLzczLzIvMTQ=-fc-juarez-vs-club-atletico-de-san-luis,  ,  https--www.ligafemenil.mx-cancha-playlist-130780-fc-juarez-vs-club-atletico-de-san-luis,  
2022-2023,Clausura,  Sábado 18 de Marzo de 2023-nTemporada 2022-2023-nTorneo Clausura-nJornada 10-n18 Marzo 2023 - 1200 hrs.,  https--www.ligafemenil.mx-cancha-informeArbitral-130781-eyJpZERpdmlzaW9uIjoiMTQiLCJpZFRlbXBvcmFkYSI6IjczIiwiaWRUb3JuZW8iOiIyIiwiaWRDbHVibG9jYWwiOjExMTgxLCJpZENsdWJ2aXNpdGEiOjExMjQzfQ==-informe-arbitral-cruz-azul-vs-leon-jornada-10-estadio-instalaciones-la-noria-vixzonamx--vixus,  2 - 2,  https--www.ligafemenil.mx-cancha-estadio-877-estadio-instalaciones-la-noria,  INSTALACIONES LA NORIA,  https--www.ligafemenil.mx-cancha-galeria-MTMwNzgxLzEwLzczLzIvMTQ=-cruz-azul-vs-leon,  ,  https--www.ligafemenil.mx-cancha-playlist-130781-cruz-azul-vs-leon,  
2022-2023,Clausura,  Domingo 19 de Marzo de 2023-nTemporada 2022-2023-nTorneo Clausura-nJornada 10-n19 Marzo 2023 - 1200 hrs.,  https--www.ligafemenil.mx-cancha-informeArbitral-130782-eyJpZERpdmlzaW9uIjoiMTQiLCJpZFRlbXBvcmFkYSI6IjczIiwiaWRUb3JuZW8iOiIyIiwiaWRDbHVibG9jYWwiOjExNTQzLCJpZENsdWJ2aXNpdGEiOjEyMDQyfQ==-informe-arbitral-puebla-fc-vs-gallos-blancos-de-queretaro-jornada-10-estadio-cuauhtemoc-azteca-digital,  1 - 1,  https--www.ligafemenil.mx-cancha-estadio-9-estadio-cuauhtemoc,  Cuauhtémoc,  https--www.ligafemenil.mx-cancha-galeria-MTMwNzgyLzEwLzczLzIvMTQ=-puebla-fc-vs-gallos-blancos-de-queretaro,  ,  https--www.ligafemenil.mx-cancha-playlist-130782-puebla-fc-vs-gallos-blancos-de-queretaro,  
2022-2023,Clausura,  Domingo 19 de Marzo de 2023-nTemporada 2022-2023-nTorneo Clausura-nJornada 10-n19 Marzo 2023 - 1700 hrs.,  https--www.ligafemenil.mx-cancha-informeArbitral-130783-eyJpZERpdmlzaW9uIjoiMTQiLCJpZFRlbXBvcmFkYSI6IjczIiwiaWRUb3JuZW8iOiIyIiwiaWRDbHVibG9jYWwiOjExMTgyLCJpZENsdWJ2aXNpdGEiOjExMTg1fQ==-informe-arbitral-guadalajara-vs-rayados-de-monterrey-jornada-10-estadio-akron-fox-sports--fox-premium,  2 - 2,  https--www.ligafemenil.mx-cancha-estadio-1538-estadio-akron,  Estadio AKRON,  https--www.ligafemenil.mx-cancha-galeria-MTMwNzgzLzEwLzczLzIvMTQ=-guadalajara-vs-rayados-de-monterrey,  ,  https--www.ligafemenil.mx-cancha-playlist-130783-guadalajara-vs-rayados-de-monterrey,  
2022-2023,Clausura,  Lunes 20 de Marzo de 2023-nTemporada 2022-2023-nTorneo Clausura-nJornada 10-n20 Marzo 2023 - 1700 hrs.,  https--www.ligafemenil.mx-cancha-informeArbitral-130785-eyJpZERpdmlzaW9uIjoiMTQiLCJpZFRlbXBvcmFkYSI6IjczIiwiaWRUb3JuZW8iOiIyIiwiaWRDbHVibG9jYWwiOjExMTg5LCJpZENsdWJ2aXNpdGEiOjExMTgwfQ==-informe-arbitral-necaxa-vs-tijuana-jornada-10-estadio-victoria-vixzonamxus,  2 - 3,  https--www.ligafemenil.mx-cancha-estadio-15-estadio-victoria,  Victoria,  https--www.ligafemenil.mx-cancha-galeria-MTMwNzg1LzEwLzczLzIvMTQ=-necaxa-vs-tijuana,  ,  https--www.ligafemenil.mx-cancha-playlist-130785-necaxa-vs-tijuana,  
2022-2023,Clausura,  Lunes 20 de Marzo de 2023-nTemporada 2022-2023-nTorneo Clausura-nJornada 10-n20 Marzo 2023 - 1705 hrs.,  https--www.ligafemenil.mx-cancha-informeArbitral-130787-eyJpZERpdmlzaW9uIjoiMTQiLCJpZFRlbXBvcmFkYSI6IjczIiwiaWRUb3JuZW8iOiIyIiwiaWRDbHVibG9jYWwiOjExMTkyLCJpZENsdWJ2aXNpdGEiOjExMTg3fQ==-informe-arbitral-santos-laguna-vs-toluca-jornada-10-estadio-tsm-corona-fox-premium,  0 - 2,  https--www.ligafemenil.mx-cancha-estadio-63-estadio-tsm-corona,  TSM Corona,  https--www.ligafemenil.mx-cancha-galeria-MTMwNzg3LzEwLzczLzIvMTQ=-santos-laguna-vs-toluca,  ,  https--www.ligafemenil.mx-cancha-playlist-130787-santos-laguna-vs-toluca,  
2022-2023,Clausura,  Lunes 20 de Marzo de 2023-nTemporada 2022-2023-nTorneo Clausura-nJornada 10-n20 Marzo 2023 - 1900 hrs.,  https--www.ligafemenil.mx-cancha-informeArbitral-130790-eyJpZERpdmlzaW9uIjoiMTQiLCJpZFRlbXBvcmFkYSI6IjczIiwiaWRUb3JuZW8iOiIyIiwiaWRDbHVibG9jYWwiOjExMTg2LCJpZENsdWJ2aXNpdGEiOjExMTkxfQ==-informe-arbitral-tigres-de-la-uanl-vs-america-jornada-10-estadio-universitario-vix,  1 - 0,  https--www.ligafemenil.mx-cancha-estadio-12-estadio-universitario,  Universitario,  https--www.ligafemenil.mx-cancha-galeria-MTMwNzkwLzEwLzczLzIvMTQ=-tigres-de-la-uanl-vs-america,  ,  https--www.ligafemenil.mx-cancha-playlist-130790-tigres-de-la-uanl-vs-america,  
2022-2023,Clausura,  Lunes 20 de Marzo de 2023-nTemporada 2022-2023-nTorneo Clausura-nJornada 10-n20 Marzo 2023 - 1906 hrs.,  https--www.ligafemenil.mx-cancha-informeArbitral-130793-eyJpZERpdmlzaW9uIjoiMTQiLCJpZFRlbXBvcmFkYSI6IjczIiwiaWRUb3JuZW8iOiIyIiwiaWRDbHVibG9jYWwiOjExMTg0LCJpZENsdWJ2aXNpdGEiOjEyMDUxfQ==-informe-arbitral-pachuca-vs-mazatlan-fc-jornada-10-estadio-hidalgo-fox-sports--fox-premium,  2 - 0,  https--www.ligafemenil.mx-cancha-estadio-11-estadio-hidalgo,  Hidalgo,  https--www.ligafemenil.mx-cancha-galeria-MTMwNzkzLzEwLzczLzIvMTQ=-pachuca-vs-mazatlan-fc,  ,  https--www.ligafemenil.mx-cancha-playlist-130793-pachuca-vs-mazatlan-fc,  
2022-2023,Clausura,  Viernes 24 de Marzo de 2023-nTemporada 2022-2023-nTorneo Clausura-nJornada 11-n24 Marzo 2023 - 1900 hrs.,  https--www.ligafemenil.mx-cancha-informeArbitral-130801-eyJpZERpdmlzaW9uIjoiMTQiLCJpZFRlbXBvcmFkYSI6IjczIiwiaWRUb3JuZW8iOiIyIiwiaWRDbHVibG9jYWwiOjExMTkxLCJpZENsdWJ2aXNpdGEiOjExMTgyfQ==-informe-arbitral-america-vs-guadalajara-jornada-11-estadio-azteca-tudn--vix,  2 - 0,  https--www.ligafemenil.mx-cancha-estadio-1-estadio-azteca,  Azteca,  https--www.ligafemenil.mx-cancha-galeria-MTMwODAxLzExLzczLzIvMTQ=-america-vs-guadalajara,  ,  https--www.ligafemenil.mx-cancha-playlist-130801-america-vs-guadalajara,  
2022-2023,Clausura,  Viernes 24 de Marzo de 2023-nTemporada 2022-2023-nTorneo Clausura-nJornada 11-n24 Marzo 2023 - 2105 hrs.,  https--www.ligafemenil.mx-cancha-informeArbitral-130797-eyJpZERpdmlzaW9uIjoiMTQiLCJpZFRlbXBvcmFkYSI6IjczIiwiaWRUb3JuZW8iOiIyIiwiaWRDbHVibG9jYWwiOjEyMDQyLCJpZENsdWJ2aXNpdGEiOjExMTg4fQ==-informe-arbitral-gallos-blancos-de-queretaro-vs-pumas-jornada-11-estadio-olimpico-alameda-fox-sports,  0 - 0,  https--www.ligafemenil.mx-cancha-estadio-1741-estadio-olimpico-alameda,  Estadio Olímpico Alameda,  https--www.ligafemenil.mx-cancha-galeria-MTMwNzk3LzExLzczLzIvMTQ=-gallos-blancos-de-queretaro-vs-pumas,  ,  https--www.ligafemenil.mx-cancha-playlist-130797-gallos-blancos-de-queretaro-vs-pumas,  
2022-2023,Clausura,  Sábado 25 de Marzo de 2023-nTemporada 2022-2023-nTorneo Clausura-nJornada 11-n25 Marzo 2023 - 1200 hrs.,  https--www.ligafemenil.mx-cancha-informeArbitral-130799-eyJpZERpdmlzaW9uIjoiMTQiLCJpZFRlbXBvcmFkYSI6IjczIiwiaWRUb3JuZW8iOiIyIiwiaWRDbHVibG9jYWwiOjExMTgxLCJpZENsdWJ2aXNpdGEiOjExNzk1fQ==-informe-arbitral-cruz-azul-vs-fc-juarez-jornada-11-estadio-instalaciones-la-noria-vixzonamx--vixus,  1 - 1,  https--www.ligafemenil.mx-cancha-estadio-877-estadio-instalaciones-la-noria,  INSTALACIONES LA NORIA,  https--www.ligafemenil.mx-cancha-galeria-MTMwNzk5LzExLzczLzIvMTQ=-cruz-azul-vs-fc-juarez,  ,  https--www.ligafemenil.mx-cancha-playlist-130799-cruz-azul-vs-fc-juarez,  
2022-2023,Clausura,  Sábado 25 de Marzo de 2023-nTemporada 2022-2023-nTorneo Clausura-nJornada 11-n25 Marzo 2023 - 1700 hrs.,  https--www.ligafemenil.mx-cancha-informeArbitral-130800-eyJpZERpdmlzaW9uIjoiMTQiLCJpZFRlbXBvcmFkYSI6IjczIiwiaWRUb3JuZW8iOiIyIiwiaWRDbHVibG9jYWwiOjExMTg0LCJpZENsdWJ2aXNpdGEiOjExMTgwfQ==-informe-arbitral-pachuca-vs-tijuana-jornada-11-estadio-hidalgo-fox-sports,  7 - 2,  https--www.ligafemenil.mx-cancha-estadio-11-estadio-hidalgo,  Hidalgo,  https--www.ligafemenil.mx-cancha-galeria-MTMwODAwLzExLzczLzIvMTQ=-pachuca-vs-tijuana,  ,  https--www.ligafemenil.mx-cancha-playlist-130800-pachuca-vs-tijuana,  
2022-2023,Clausura,  Sábado 25 de Marzo de 2023-nTemporada 2022-2023-nTorneo Clausura-nJornada 11-n25 Marzo 2023 - 2100 hrs.,  https--www.ligafemenil.mx-cancha-informeArbitral-130802-eyJpZERpdmlzaW9uIjoiMTQiLCJpZFRlbXBvcmFkYSI6IjczIiwiaWRUb3JuZW8iOiIyIiwiaWRDbHVibG9jYWwiOjExMTg1LCJpZENsdWJ2aXNpdGEiOjExMTg2fQ==-informe-arbitral-rayados-de-monterrey-vs-tigres-de-la-uanl-jornada-11-estadio-bbva-bancomer-fox-sports,  1 - 1,  https--www.ligafemenil.mx-cancha-estadio-793-estadio-bbva-bancomer,  Estadio BBVA Bancomer,  https--www.ligafemenil.mx-cancha-galeria-MTMwODAyLzExLzczLzIvMTQ=-rayados-de-monterrey-vs-tigres-de-la-uanl,  ,  https--www.ligafemenil.mx-cancha-playlist-130802-rayados-de-monterrey-vs-tigres-de-la-uanl,  
2022-2023,Clausura,  Domingo 26 de Marzo de 2023-nTemporada 2022-2023-nTorneo Clausura-nJornada 11-n26 Marzo 2023 - 1200 hrs.,  https--www.ligafemenil.mx-cancha-informeArbitral-130803-eyJpZERpdmlzaW9uIjoiMTQiLCJpZFRlbXBvcmFkYSI6IjczIiwiaWRUb3JuZW8iOiIyIiwiaWRDbHVibG9jYWwiOjExMTg3LCJpZENsdWJ2aXNpdGEiOjEyMDUxfQ==-informe-arbitral-toluca-vs-mazatlan-fc-jornada-11-estadio-nemesio-diez-vixzonamxus,  2 - 1,  https--www.ligafemenil.mx-cancha-estadio-6-estadio-nemesio-diez,  Nemesio Diez,  https--www.ligafemenil.mx-cancha-galeria-MTMwODAzLzExLzczLzIvMTQ=-toluca-vs-mazatlan-fc,  ,  https--www.ligafemenil.mx-cancha-playlist-130803-toluca-vs-mazatlan-fc,  
2022-2023,Clausura,  Domingo 26 de Marzo de 2023-nTemporada 2022-2023-nTorneo Clausura-nJornada 11-n26 Marzo 2023 - 1700 hrs.,  https--www.ligafemenil.mx-cancha-informeArbitral-130804-eyJpZERpdmlzaW9uIjoiMTQiLCJpZFRlbXBvcmFkYSI6IjczIiwiaWRUb3JuZW8iOiIyIiwiaWRDbHVibG9jYWwiOjExNzc4LCJpZENsdWJ2aXNpdGEiOjExMTg5fQ==-informe-arbitral-club-atletico-de-san-luis-vs-necaxa-jornada-11-estadio-alfonso-lastras-ramirez-espn,  1 - 0,  https--www.ligafemenil.mx-cancha-estadio-14-estadio-alfonso-lastras-ramirez,  Alfonso Lastras Ramírez,  https--www.ligafemenil.mx-cancha-galeria-MTMwODA0LzExLzczLzIvMTQ=-club-atletico-de-san-luis-vs-necaxa,  ,  https--www.ligafemenil.mx-cancha-playlist-130804-club-atletico-de-san-luis-vs-necaxa,  
2022-2023,Clausura,  Domingo 26 de Marzo de 2023-nTemporada 2022-2023-nTorneo Clausura-nJornada 11-n26 Marzo 2023 - 1700 hrs.,  https--www.ligafemenil.mx-cancha-informeArbitral-130805-eyJpZERpdmlzaW9uIjoiMTQiLCJpZFRlbXBvcmFkYSI6IjczIiwiaWRUb3JuZW8iOiIyIiwiaWRDbHVibG9jYWwiOjExMTkyLCJpZENsdWJ2aXNpdGEiOjExMjQ1fQ==-informe-arbitral-santos-laguna-vs-atlas-jornada-11-estadio-tsm-corona-fox-sports,  1 - 2,  https--www.ligafemenil.mx-cancha-estadio-63-estadio-tsm-corona,  TSM Corona,  https--www.ligafemenil.mx-cancha-galeria-MTMwODA1LzExLzczLzIvMTQ=-santos-laguna-vs-atlas,  ,  https--www.ligafemenil.mx-cancha-playlist-130805-santos-laguna-vs-atlas,  
2022-2023,Clausura,  Lunes 27 de Marzo de 2023-nTemporada 2022-2023-nTorneo Clausura-nJornada 11-n27 Marzo 2023 - 1905 hrs.,  https--www.ligafemenil.mx-cancha-informeArbitral-130806-eyJpZERpdmlzaW9uIjoiMTQiLCJpZFRlbXBvcmFkYSI6IjczIiwiaWRUb3JuZW8iOiIyIiwiaWRDbHVibG9jYWwiOjExMjQzLCJpZENsdWJ2aXNpdGEiOjExNTQzfQ==-informe-arbitral-leon-vs-puebla-fc-jornada-11-estadio-nou-camp-fox-sports,  3 - 1,  https--www.ligafemenil.mx-cancha-estadio-23-estadio-nou-camp,  Nou Camp,  https--www.ligafemenil.mx-cancha-galeria-MTMwODA2LzExLzczLzIvMTQ=-leon-vs-puebla-fc,  ,  https--www.ligafemenil.mx-cancha-playlist-130806-leon-vs-puebla-fc,  
2022-2023,Clausura,  Jueves 30 de Marzo de 2023-nTemporada 2022-2023-nTorneo Clausura-nJornada 12-n30 Marzo 2023 - 1900 hrs.,  https--www.ligafemenil.mx-cancha-informeArbitral-130807-eyJpZERpdmlzaW9uIjoiMTQiLCJpZFRlbXBvcmFkYSI6IjczIiwiaWRUb3JuZW8iOiIyIiwiaWRDbHVibG9jYWwiOjExMTg2LCJpZENsdWJ2aXNpdGEiOjExMTgxfQ==-informe-arbitral-tigres-de-la-uanl-vs-cruz-azul-jornada-12-estadio-universitario-vixzonamxus,  1 - 0,  https--www.ligafemenil.mx-cancha-estadio-12-estadio-universitario,  Universitario,  https--www.ligafemenil.mx-cancha-galeria-MTMwODA3LzEyLzczLzIvMTQ=-tigres-de-la-uanl-vs-cruz-azul,  ,  https--www.ligafemenil.mx-cancha-playlist-130807-tigres-de-la-uanl-vs-cruz-azul,  
2022-2023,Clausura,  Jueves 30 de Marzo de 2023-nTemporada 2022-2023-nTorneo Clausura-nJornada 12-n30 Marzo 2023 - 2105 hrs.,  https--www.ligafemenil.mx-cancha-informeArbitral-130808-eyJpZERpdmlzaW9uIjoiMTQiLCJpZFRlbXBvcmFkYSI6IjczIiwiaWRUb3JuZW8iOiIyIiwiaWRDbHVibG9jYWwiOjExMTgyLCJpZENsdWJ2aXNpdGEiOjExNzc4fQ==-informe-arbitral-guadalajara-vs-club-atletico-de-san-luis-jornada-12-estadio-akron-fox-sports--chivas-tv,  4 - 0,  https--www.ligafemenil.mx-cancha-estadio-1538-estadio-akron,  Estadio AKRON,  https--www.ligafemenil.mx-cancha-galeria-MTMwODA4LzEyLzczLzIvMTQ=-guadalajara-vs-club-atletico-de-san-luis,  ,  https--www.ligafemenil.mx-cancha-playlist-130808-guadalajara-vs-club-atletico-de-san-luis,  
2022-2023,Clausura,  Sábado 1 de Abril de 2023-nTemporada 2022-2023-nTorneo Clausura-nJornada 12-n1 Abril 2023 - 1200 hrs.,  https--www.ligafemenil.mx-cancha-informeArbitral-130810-eyJpZERpdmlzaW9uIjoiMTQiLCJpZFRlbXBvcmFkYSI6IjczIiwiaWRUb3JuZW8iOiIyIiwiaWRDbHVibG9jYWwiOjExMTg4LCJpZENsdWJ2aXNpdGEiOjExMTg1fQ==-informe-arbitral-pumas-vs-rayados-de-monterrey-jornada-12-estadio-olimpico-universitario-vix-mxus,  2 - 2,  https--www.ligafemenil.mx-cancha-estadio-7-estadio-olimpico-universitario,  Olímpico Universitario,  https--www.ligafemenil.mx-cancha-galeria-MTMwODEwLzEyLzczLzIvMTQ=-pumas-vs-rayados-de-monterrey,  ,  https--www.ligafemenil.mx-cancha-playlist-130810-pumas-vs-rayados-de-monterrey,  
2022-2023,Clausura,  Domingo 2 de Abril de 2023-nTemporada 2022-2023-nTorneo Clausura-nJornada 12-n2 Abril 2023 - 1200 hrs.,  https--www.ligafemenil.mx-cancha-informeArbitral-130811-eyJpZERpdmlzaW9uIjoiMTQiLCJpZFRlbXBvcmFkYSI6IjczIiwiaWRUb3JuZW8iOiIyIiwiaWRDbHVibG9jYWwiOjExNTQzLCJpZENsdWJ2aXNpdGEiOjExMTg0fQ==-informe-arbitral-puebla-fc-vs-pachuca-jornada-12-estadio-cuauhtemoc-azteca-digital,  1 - 1,  https--www.ligafemenil.mx-cancha-estadio-9-estadio-cuauhtemoc,  Cuauhtémoc,  https--www.ligafemenil.mx-cancha-galeria-MTMwODExLzEyLzczLzIvMTQ=-puebla-fc-vs-pachuca,  ,  https--www.ligafemenil.mx-cancha-playlist-130811-puebla-fc-vs-pachuca,  
2022-2023,Clausura,  Domingo 2 de Abril de 2023-nTemporada 2022-2023-nTorneo Clausura-nJornada 12-n2 Abril 2023 - 1700 hrs.,  https--www.ligafemenil.mx-cancha-informeArbitral-130812-eyJpZERpdmlzaW9uIjoiMTQiLCJpZFRlbXBvcmFkYSI6IjczIiwiaWRUb3JuZW8iOiIyIiwiaWRDbHVibG9jYWwiOjExMTg5LCJpZENsdWJ2aXNpdGEiOjExMTg3fQ==-informe-arbitral-necaxa-vs-toluca-jornada-12-estadio-victoria-vixzonamx--vixus,  1 - 4,  https--www.ligafemenil.mx-cancha-estadio-15-estadio-victoria,  Victoria,  https--www.ligafemenil.mx-cancha-galeria-MTMwODEyLzEyLzczLzIvMTQ=-necaxa-vs-toluca,  ,  https--www.ligafemenil.mx-cancha-playlist-130812-necaxa-vs-toluca,  
2022-2023,Clausura,  Domingo 2 de Abril de 2023-nTemporada 2022-2023-nTorneo Clausura-nJornada 12-n2 Abril 2023 - 1700 hrs.,  https--www.ligafemenil.mx-cancha-informeArbitral-130813-eyJpZERpdmlzaW9uIjoiMTQiLCJpZFRlbXBvcmFkYSI6IjczIiwiaWRUb3JuZW8iOiIyIiwiaWRDbHVibG9jYWwiOjExMjQ1LCJpZENsdWJ2aXNpdGEiOjEyMDQyfQ==-informe-arbitral-atlas-vs-gallos-blancos-de-queretaro-jornada-12-estadio-jalisco-fox-sports,  1 - 0,  https--www.ligafemenil.mx-cancha-estadio-5-estadio-jalisco,  Jalisco,  https--www.ligafemenil.mx-cancha-galeria-MTMwODEzLzEyLzczLzIvMTQ=-atlas-vs-gallos-blancos-de-queretaro,  ,  https--www.ligafemenil.mx-cancha-playlist-130813-atlas-vs-gallos-blancos-de-queretaro,  
2022-2023,Clausura,  Domingo 2 de Abril de 2023-nTemporada 2022-2023-nTorneo Clausura-nJornada 12-n2 Abril 2023 - 1800 hrs.,  https--www.ligafemenil.mx-cancha-informeArbitral-130814-eyJpZERpdmlzaW9uIjoiMTQiLCJpZFRlbXBvcmFkYSI6IjczIiwiaWRUb3JuZW8iOiIyIiwiaWRDbHVibG9jYWwiOjEyMDUxLCJpZENsdWJ2aXNpdGEiOjExMjQzfQ==-informe-arbitral-mazatlan-fc-vs-leon-jornada-12-estadio-mazatlan-tvp,  0 - 3,  https--www.ligafemenil.mx-cancha-estadio-1697-estadio-mazatlan,  Estadio Mazatlán,  https--www.ligafemenil.mx-cancha-galeria-MTMwODE0LzEyLzczLzIvMTQ=-mazatlan-fc-vs-leon,  ,  https--www.ligafemenil.mx-cancha-playlist-130814-mazatlan-fc-vs-leon,  
2022-2023,Clausura,  Domingo 2 de Abril de 2023-nTemporada 2022-2023-nTorneo Clausura-nJornada 12-n2 Abril 2023 - 2110 hrs.,  https--www.ligafemenil.mx-cancha-informeArbitral-130815-eyJpZERpdmlzaW9uIjoiMTQiLCJpZFRlbXBvcmFkYSI6IjczIiwiaWRUb3JuZW8iOiIyIiwiaWRDbHVibG9jYWwiOjExNzk1LCJpZENsdWJ2aXNpdGEiOjExMTkxfQ==-informe-arbitral-fc-juarez-vs-america-jornada-12-estadio-olimpico-benito-juarez-fox-sports,  3 - 3,  https--www.ligafemenil.mx-cancha-estadio-17-estadio-olimpico-benito-juarez,  Olímpico Benito Juárez,  https--www.ligafemenil.mx-cancha-galeria-MTMwODE1LzEyLzczLzIvMTQ=-fc-juarez-vs-america,  ,  https--www.ligafemenil.mx-cancha-playlist-130815-fc-juarez-vs-america,  
2022-2023,Clausura,  Lunes 3 de Abril de 2023-nTemporada 2022-2023-nTorneo Clausura-nJornada 12-n3 Abril 2023 - 2006 hrs.,  https--www.ligafemenil.mx-cancha-informeArbitral-130809-eyJpZERpdmlzaW9uIjoiMTQiLCJpZFRlbXBvcmFkYSI6IjczIiwiaWRUb3JuZW8iOiIyIiwiaWRDbHVibG9jYWwiOjExMTgwLCJpZENsdWJ2aXNpdGEiOjExMTkyfQ==-informe-arbitral-tijuana-vs-santos-laguna-jornada-12-estadio-caliente-fox-sports,  2 - 1,  https--www.ligafemenil.mx-cancha-estadio-48-estadio-caliente,  Caliente,  https--www.ligafemenil.mx-cancha-galeria-MTMwODA5LzEyLzczLzIvMTQ=-tijuana-vs-santos-laguna,  ,  https--www.ligafemenil.mx-cancha-playlist-130809-tijuana-vs-santos-laguna,  
2022-2023,Clausura,  Viernes 14 de Abril de 2023-nTemporada 2022-2023-nTorneo Clausura-nJornada 13-n14 Abril 2023 - 1705 hrs.,  https--www.ligafemenil.mx-cancha-informeArbitral-130818-eyJpZERpdmlzaW9uIjoiMTQiLCJpZFRlbXBvcmFkYSI6IjczIiwiaWRUb3JuZW8iOiIyIiwiaWRDbHVibG9jYWwiOjEyMDQyLCJpZENsdWJ2aXNpdGEiOjExNzc4fQ==-informe-arbitral-gallos-blancos-de-queretaro-vs-club-atletico-de-san-luis-jornada-13-estadio-olimpico-alameda-fox-sports,  1 - 0,  https--www.ligafemenil.mx-cancha-estadio-1741-estadio-olimpico-alameda,  Estadio Olímpico Alameda,  https--www.ligafemenil.mx-cancha-galeria-MTMwODE4LzEzLzczLzIvMTQ=-gallos-blancos-de-queretaro-vs-club-atletico-de-san-luis,  ,  https--www.ligafemenil.mx-cancha-playlist-130818-gallos-blancos-de-queretaro-vs-club-atletico-de-san-luis,  
2022-2023,Clausura,  Sábado 15 de Abril de 2023-nTemporada 2022-2023-nTorneo Clausura-nJornada 13-n15 Abril 2023 - 1200 hrs.,  https--www.ligafemenil.mx-cancha-informeArbitral-130820-eyJpZERpdmlzaW9uIjoiMTQiLCJpZFRlbXBvcmFkYSI6IjczIiwiaWRUb3JuZW8iOiIyIiwiaWRDbHVibG9jYWwiOjExMTg4LCJpZENsdWJ2aXNpdGEiOjExMTkxfQ==-informe-arbitral-pumas-vs-america-jornada-13-estadio-olimpico-universitario-vixzonamx--vixus,  1 - 1,  https--www.ligafemenil.mx-cancha-estadio-7-estadio-olimpico-universitario,  Olímpico Universitario,  https--www.ligafemenil.mx-cancha-galeria-MTMwODIwLzEzLzczLzIvMTQ=-pumas-vs-america,  ,  https--www.ligafemenil.mx-cancha-playlist-130820-pumas-vs-america,  
2022-2023,Clausura,  Domingo 16 de Abril de 2023-nTemporada 2022-2023-nTorneo Clausura-nJornada 13-n16 Abril 2023 - 1200 hrs.,  https--www.ligafemenil.mx-cancha-informeArbitral-130825-eyJpZERpdmlzaW9uIjoiMTQiLCJpZFRlbXBvcmFkYSI6IjczIiwiaWRUb3JuZW8iOiIyIiwiaWRDbHVibG9jYWwiOjExNTQzLCJpZENsdWJ2aXNpdGEiOjExMTgxfQ==-informe-arbitral-puebla-fc-vs-cruz-azul-jornada-13-estadio-cuauhtemoc-azteca-digital,  2 - 0,  https--www.ligafemenil.mx-cancha-estadio-9-estadio-cuauhtemoc,  Cuauhtémoc,  https--www.ligafemenil.mx-cancha-galeria-MTMwODI1LzEzLzczLzIvMTQ=-puebla-fc-vs-cruz-azul,  ,  https--www.ligafemenil.mx-cancha-playlist-130825-puebla-fc-vs-cruz-azul,  
2022-2023,Clausura,  Domingo 16 de Abril de 2023-nTemporada 2022-2023-nTorneo Clausura-nJornada 13-n16 Abril 2023 - 2010 hrs.,  https--www.ligafemenil.mx-cancha-informeArbitral-130829-eyJpZERpdmlzaW9uIjoiMTQiLCJpZFRlbXBvcmFkYSI6IjczIiwiaWRUb3JuZW8iOiIyIiwiaWRDbHVibG9jYWwiOjExMTgwLCJpZENsdWJ2aXNpdGEiOjExMjQ1fQ==-informe-arbitral-tijuana-vs-atlas-jornada-13-estadio-caliente-fox-sports,  1 - 1,  https--www.ligafemenil.mx-cancha-estadio-48-estadio-caliente,  Caliente,  https--www.ligafemenil.mx-cancha-galeria-MTMwODI5LzEzLzczLzIvMTQ=-tijuana-vs-atlas,  ,  https--www.ligafemenil.mx-cancha-playlist-130829-tijuana-vs-atlas,  
2022-2023,Clausura,  Lunes 17 de Abril de 2023-nTemporada 2022-2023-nTorneo Clausura-nJornada 13-n17 Abril 2023 - 1700 hrs.,  https--www.ligafemenil.mx-cancha-informeArbitral-130830-eyJpZERpdmlzaW9uIjoiMTQiLCJpZFRlbXBvcmFkYSI6IjczIiwiaWRUb3JuZW8iOiIyIiwiaWRDbHVibG9jYWwiOjExMTg3LCJpZENsdWJ2aXNpdGEiOjExMTg1fQ==-informe-arbitral-toluca-vs-rayados-de-monterrey-jornada-13-estadio-nemesio-diez-vixzonamxus,  2 - 0,  https--www.ligafemenil.mx-cancha-estadio-6-estadio-nemesio-diez,  Nemesio Diez,  https--www.ligafemenil.mx-cancha-galeria-MTMwODMwLzEzLzczLzIvMTQ=-toluca-vs-rayados-de-monterrey,  ,  https--www.ligafemenil.mx-cancha-playlist-130830-toluca-vs-rayados-de-monterrey,  
2022-2023,Clausura,  Lunes 17 de Abril de 2023-nTemporada 2022-2023-nTorneo Clausura-nJornada 13-n17 Abril 2023 - 1705 hrs.,  https--www.ligafemenil.mx-cancha-informeArbitral-130832-eyJpZERpdmlzaW9uIjoiMTQiLCJpZFRlbXBvcmFkYSI6IjczIiwiaWRUb3JuZW8iOiIyIiwiaWRDbHVibG9jYWwiOjExMTgyLCJpZENsdWJ2aXNpdGEiOjExMjQzfQ==-informe-arbitral-guadalajara-vs-leon-jornada-13-estadio-akron-fox-sports--chivas-tv,  3 - 0,  https--www.ligafemenil.mx-cancha-estadio-1538-estadio-akron,  Estadio AKRON,  https--www.ligafemenil.mx-cancha-galeria-MTMwODMyLzEzLzczLzIvMTQ=-guadalajara-vs-leon,  ,  https--www.ligafemenil.mx-cancha-playlist-130832-guadalajara-vs-leon,  
2022-2023,Clausura,  Lunes 17 de Abril de 2023-nTemporada 2022-2023-nTorneo Clausura-nJornada 13-n17 Abril 2023 - 1900 hrs.,  https--www.ligafemenil.mx-cancha-informeArbitral-130837-eyJpZERpdmlzaW9uIjoiMTQiLCJpZFRlbXBvcmFkYSI6IjczIiwiaWRUb3JuZW8iOiIyIiwiaWRDbHVibG9jYWwiOjExMTg2LCJpZENsdWJ2aXNpdGEiOjEyMDUxfQ==-informe-arbitral-tigres-de-la-uanl-vs-mazatlan-fc-jornada-13-estadio-universitario-vix-mxus,  5 - 0,  https--www.ligafemenil.mx-cancha-estadio-12-estadio-universitario,  Universitario,  https--www.ligafemenil.mx-cancha-galeria-MTMwODM3LzEzLzczLzIvMTQ=-tigres-de-la-uanl-vs-mazatlan-fc,  ,  https--www.ligafemenil.mx-cancha-playlist-130837-tigres-de-la-uanl-vs-mazatlan-fc,  
2022-2023,Clausura,  Lunes 17 de Abril de 2023-nTemporada 2022-2023-nTorneo Clausura-nJornada 13-n17 Abril 2023 - 1906 hrs.,  https--www.ligafemenil.mx-cancha-informeArbitral-130834-eyJpZERpdmlzaW9uIjoiMTQiLCJpZFRlbXBvcmFkYSI6IjczIiwiaWRUb3JuZW8iOiIyIiwiaWRDbHVibG9jYWwiOjExMTg0LCJpZENsdWJ2aXNpdGEiOjExMTg5fQ==-informe-arbitral-pachuca-vs-necaxa-jornada-13-estadio-hidalgo-fox-sports,  5 - 1,  https--www.ligafemenil.mx-cancha-estadio-11-estadio-hidalgo,  Hidalgo,  https--www.ligafemenil.mx-cancha-galeria-MTMwODM0LzEzLzczLzIvMTQ=-pachuca-vs-necaxa,  ,  https--www.ligafemenil.mx-cancha-playlist-130834-pachuca-vs-necaxa,  
2022-2023,Clausura,  Lunes 17 de Abril de 2023-nTemporada 2022-2023-nTorneo Clausura-nJornada 13-n17 Abril 2023 - 2110 hrs.,  https--www.ligafemenil.mx-cancha-informeArbitral-130840-eyJpZERpdmlzaW9uIjoiMTQiLCJpZFRlbXBvcmFkYSI6IjczIiwiaWRUb3JuZW8iOiIyIiwiaWRDbHVibG9jYWwiOjExMTkyLCJpZENsdWJ2aXNpdGEiOjExNzk1fQ==-informe-arbitral-santos-laguna-vs-fc-juarez-jornada-13-estadio-tsm-corona-fox-sports,  3 - 2,  https--www.ligafemenil.mx-cancha-estadio-63-estadio-tsm-corona,  TSM Corona,  https--www.ligafemenil.mx-cancha-galeria-MTMwODQwLzEzLzczLzIvMTQ=-santos-laguna-vs-fc-juarez,  ,  https--www.ligafemenil.mx-cancha-playlist-130840-santos-laguna-vs-fc-juarez,  
2022-2023,Clausura,  Sábado 22 de Abril de 2023-nTemporada 2022-2023-nTorneo Clausura-nJornada 14-n22 Abril 2023 - 1200 hrs.,  https--www.ligafemenil.mx-cancha-informeArbitral-130848-eyJpZERpdmlzaW9uIjoiMTQiLCJpZFRlbXBvcmFkYSI6IjczIiwiaWRUb3JuZW8iOiIyIiwiaWRDbHVibG9jYWwiOjExMTgxLCJpZENsdWJ2aXNpdGEiOjExMTgyfQ==-informe-arbitral-cruz-azul-vs-guadalajara-jornada-14-estadio-instalaciones-la-noria-vix-mxus,  0 - 2,  https--www.ligafemenil.mx-cancha-estadio-877-estadio-instalaciones-la-noria,  INSTALACIONES LA NORIA,  https--www.ligafemenil.mx-cancha-galeria-MTMwODQ4LzE0LzczLzIvMTQ=-cruz-azul-vs-guadalajara,  ,  https--www.ligafemenil.mx-cancha-playlist-130848-cruz-azul-vs-guadalajara,  
2022-2023,Clausura,  Domingo 23 de Abril de 2023-nTemporada 2022-2023-nTorneo Clausura-nJornada 14-n23 Abril 2023 - 1700 hrs.,  https--www.ligafemenil.mx-cancha-informeArbitral-130849-eyJpZERpdmlzaW9uIjoiMTQiLCJpZFRlbXBvcmFkYSI6IjczIiwiaWRUb3JuZW8iOiIyIiwiaWRDbHVibG9jYWwiOjExNzc4LCJpZENsdWJ2aXNpdGEiOjExNTQzfQ==-informe-arbitral-club-atletico-de-san-luis-vs-puebla-fc-jornada-14-estadio-alfonso-lastras-ramirez-espn,  2 - 1,  https--www.ligafemenil.mx-cancha-estadio-14-estadio-alfonso-lastras-ramirez,  Alfonso Lastras Ramírez,  https--www.ligafemenil.mx-cancha-galeria-MTMwODQ5LzE0LzczLzIvMTQ=-club-atletico-de-san-luis-vs-puebla-fc,  ,  https--www.ligafemenil.mx-cancha-playlist-130849-club-atletico-de-san-luis-vs-puebla-fc,  
2022-2023,Clausura,  Domingo 23 de Abril de 2023-nTemporada 2022-2023-nTorneo Clausura-nJornada 14-n23 Abril 2023 - 1700 hrs.,  https--www.ligafemenil.mx-cancha-informeArbitral-130850-eyJpZERpdmlzaW9uIjoiMTQiLCJpZFRlbXBvcmFkYSI6IjczIiwiaWRUb3JuZW8iOiIyIiwiaWRDbHVibG9jYWwiOjExMjQ1LCJpZENsdWJ2aXNpdGEiOjExMTg0fQ==-informe-arbitral-atlas-vs-pachuca-jornada-14-estadio-jalisco-fox-sports,  1 - 1,  https--www.ligafemenil.mx-cancha-estadio-5-estadio-jalisco,  Jalisco,  https--www.ligafemenil.mx-cancha-galeria-MTMwODUwLzE0LzczLzIvMTQ=-atlas-vs-pachuca,  ,  https--www.ligafemenil.mx-cancha-playlist-130850-atlas-vs-pachuca,  
2022-2023,Clausura,  Domingo 23 de Abril de 2023-nTemporada 2022-2023-nTorneo Clausura-nJornada 14-n23 Abril 2023 - 1906 hrs.,  https--www.ligafemenil.mx-cancha-informeArbitral-130845-eyJpZERpdmlzaW9uIjoiMTQiLCJpZFRlbXBvcmFkYSI6IjczIiwiaWRUb3JuZW8iOiIyIiwiaWRDbHVibG9jYWwiOjExNzk1LCJpZENsdWJ2aXNpdGEiOjExMTg3fQ==-informe-arbitral-fc-juarez-vs-toluca-jornada-14-estadio-olimpico-benito-juarez-fox-sports,  1 - 1,  https--www.ligafemenil.mx-cancha-estadio-17-estadio-olimpico-benito-juarez,  Olímpico Benito Juárez,  https--www.ligafemenil.mx-cancha-galeria-MTMwODQ1LzE0LzczLzIvMTQ=-fc-juarez-vs-toluca,  ,  https--www.ligafemenil.mx-cancha-playlist-130845-fc-juarez-vs-toluca,  
2022-2023,Clausura,  Lunes 24 de Abril de 2023-nTemporada 2022-2023-nTorneo Clausura-nJornada 14-n24 Abril 2023 - 1700 hrs.,  https--www.ligafemenil.mx-cancha-informeArbitral-130853-eyJpZERpdmlzaW9uIjoiMTQiLCJpZFRlbXBvcmFkYSI6IjczIiwiaWRUb3JuZW8iOiIyIiwiaWRDbHVibG9jYWwiOjExMTg5LCJpZENsdWJ2aXNpdGEiOjExMTg2fQ==-informe-arbitral-necaxa-vs-tigres-de-la-uanl-jornada-14-estadio-victoria-vixzonamx--vixus,  1 - 4,  https--www.ligafemenil.mx-cancha-estadio-15-estadio-victoria,  Victoria,  https--www.ligafemenil.mx-cancha-galeria-MTMwODUzLzE0LzczLzIvMTQ=-necaxa-vs-tigres-de-la-uanl,  ,  https--www.ligafemenil.mx-cancha-playlist-130853-necaxa-vs-tigres-de-la-uanl,  
2022-2023,Clausura,  Lunes 24 de Abril de 2023-nTemporada 2022-2023-nTorneo Clausura-nJornada 14-n24 Abril 2023 - 1900 hrs.,  https--www.ligafemenil.mx-cancha-informeArbitral-130858-eyJpZERpdmlzaW9uIjoiMTQiLCJpZFRlbXBvcmFkYSI6IjczIiwiaWRUb3JuZW8iOiIyIiwiaWRDbHVibG9jYWwiOjExMTkxLCJpZENsdWJ2aXNpdGEiOjEyMDQyfQ==-informe-arbitral-america-vs-gallos-blancos-de-queretaro-jornada-14-estadio-azteca-vixzonamxus,  2 - 1,  https--www.ligafemenil.mx-cancha-estadio-1-estadio-azteca,  Azteca,  https--www.ligafemenil.mx-cancha-galeria-MTMwODU4LzE0LzczLzIvMTQ=-america-vs-gallos-blancos-de-queretaro,  ,  https--www.ligafemenil.mx-cancha-playlist-130858-america-vs-gallos-blancos-de-queretaro,  
2022-2023,Clausura,  Lunes 24 de Abril de 2023-nTemporada 2022-2023-nTorneo Clausura-nJornada 14-n24 Abril 2023 - 1800 hrs.,  https--www.ligafemenil.mx-cancha-informeArbitral-130864-eyJpZERpdmlzaW9uIjoiMTQiLCJpZFRlbXBvcmFkYSI6IjczIiwiaWRUb3JuZW8iOiIyIiwiaWRDbHVibG9jYWwiOjEyMDUxLCJpZENsdWJ2aXNpdGEiOjExMTg4fQ==-informe-arbitral-mazatlan-fc-vs-pumas-jornada-14-estadio-mazatlan-tvp,  0 - 6,  https--www.ligafemenil.mx-cancha-estadio-1697-estadio-mazatlan,  Estadio Mazatlán,  https--www.ligafemenil.mx-cancha-galeria-MTMwODY0LzE0LzczLzIvMTQ=-mazatlan-fc-vs-pumas,  ,  https--www.ligafemenil.mx-cancha-playlist-130864-mazatlan-fc-vs-pumas,  
2022-2023,Clausura,  Lunes 24 de Abril de 2023-nTemporada 2022-2023-nTorneo Clausura-nJornada 14-n24 Abril 2023 - 1906 hrs.,  https--www.ligafemenil.mx-cancha-informeArbitral-130856-eyJpZERpdmlzaW9uIjoiMTQiLCJpZFRlbXBvcmFkYSI6IjczIiwiaWRUb3JuZW8iOiIyIiwiaWRDbHVibG9jYWwiOjExMjQzLCJpZENsdWJ2aXNpdGEiOjExMTkyfQ==-informe-arbitral-leon-vs-santos-laguna-jornada-14-estadio-nou-camp-fox-sports,  1 - 1,  https--www.ligafemenil.mx-cancha-estadio-23-estadio-nou-camp,  Nou Camp,  https--www.ligafemenil.mx-cancha-galeria-MTMwODU2LzE0LzczLzIvMTQ=-leon-vs-santos-laguna,  ,  https--www.ligafemenil.mx-cancha-playlist-130856-leon-vs-santos-laguna,  
2022-2023,Clausura,  Lunes 24 de Abril de 2023-nTemporada 2022-2023-nTorneo Clausura-nJornada 14-n24 Abril 2023 - 2110 hrs.,  https--www.ligafemenil.mx-cancha-informeArbitral-130862-eyJpZERpdmlzaW9uIjoiMTQiLCJpZFRlbXBvcmFkYSI6IjczIiwiaWRUb3JuZW8iOiIyIiwiaWRDbHVibG9jYWwiOjExMTg1LCJpZENsdWJ2aXNpdGEiOjExMTgwfQ==-informe-arbitral-rayados-de-monterrey-vs-tijuana-jornada-14-estadio-bbva-fox-sports,  5 - 2,  https--www.ligafemenil.mx-cancha-estadio-1608-estadio-bbva,  Estadio BBVA,  https--www.ligafemenil.mx-cancha-galeria-MTMwODYyLzE0LzczLzIvMTQ=-rayados-de-monterrey-vs-tijuana,  ,  https--www.ligafemenil.mx-cancha-playlist-130862-rayados-de-monterrey-vs-tijuana,  
2022-2023,Clausura,  Viernes 28 de Abril de 2023-nTemporada 2022-2023-nTorneo Clausura-nJornada 15-n28 Abril 2023 - 1705 hrs.,  https--www.ligafemenil.mx-cancha-informeArbitral-130869-eyJpZERpdmlzaW9uIjoiMTQiLCJpZFRlbXBvcmFkYSI6IjczIiwiaWRUb3JuZW8iOiIyIiwiaWRDbHVibG9jYWwiOjExMTg0LCJpZENsdWJ2aXNpdGEiOjExNzc4fQ==-informe-arbitral-pachuca-vs-club-atletico-de-san-luis-jornada-15-estadio-hidalgo-fox-premium,  4 - 0,  https--www.ligafemenil.mx-cancha-estadio-11-estadio-hidalgo,  Hidalgo,  https--www.ligafemenil.mx-cancha-galeria-MTMwODY5LzE1LzczLzIvMTQ=-pachuca-vs-club-atletico-de-san-luis,  ,  https--www.ligafemenil.mx-cancha-playlist-130869-pachuca-vs-club-atletico-de-san-luis,  
2022-2023,Clausura,  Viernes 28 de Abril de 2023-nTemporada 2022-2023-nTorneo Clausura-nJornada 15-n28 Abril 2023 - 1900 hrs.,  https--www.ligafemenil.mx-cancha-informeArbitral-130872-eyJpZERpdmlzaW9uIjoiMTQiLCJpZFRlbXBvcmFkYSI6IjczIiwiaWRUb3JuZW8iOiIyIiwiaWRDbHVibG9jYWwiOjExMTg2LCJpZENsdWJ2aXNpdGEiOjExMTgyfQ==-informe-arbitral-tigres-de-la-uanl-vs-guadalajara-jornada-15-estadio-universitario-vix-mxus,  1 - 1,  https--www.ligafemenil.mx-cancha-estadio-12-estadio-universitario,  Universitario,  https--www.ligafemenil.mx-cancha-galeria-MTMwODcyLzE1LzczLzIvMTQ=-tigres-de-la-uanl-vs-guadalajara,  ,  https--www.ligafemenil.mx-cancha-playlist-130872-tigres-de-la-uanl-vs-guadalajara,  
2022-2023,Clausura,  Domingo 30 de Abril de 2023-nTemporada 2022-2023-nTorneo Clausura-nJornada 15-n30 Abril 2023 - 1200 hrs.,  https--www.ligafemenil.mx-cancha-informeArbitral-130876-eyJpZERpdmlzaW9uIjoiMTQiLCJpZFRlbXBvcmFkYSI6IjczIiwiaWRUb3JuZW8iOiIyIiwiaWRDbHVibG9jYWwiOjExNTQzLCJpZENsdWJ2aXNpdGEiOjExMjQ1fQ==-informe-arbitral-puebla-fc-vs-atlas-jornada-15-estadio-cuauhtemoc-azteca-digital,  1 - 3,  https--www.ligafemenil.mx-cancha-estadio-9-estadio-cuauhtemoc,  Cuauhtémoc,  https--www.ligafemenil.mx-cancha-galeria-MTMwODc2LzE1LzczLzIvMTQ=-puebla-fc-vs-atlas,  ,  https--www.ligafemenil.mx-cancha-playlist-130876-puebla-fc-vs-atlas,  
2022-2023,Clausura,  Domingo 30 de Abril de 2023-nTemporada 2022-2023-nTorneo Clausura-nJornada 15-n30 Abril 2023 - 2010 hrs.,  https--www.ligafemenil.mx-cancha-informeArbitral-130874-eyJpZERpdmlzaW9uIjoiMTQiLCJpZFRlbXBvcmFkYSI6IjczIiwiaWRUb3JuZW8iOiIyIiwiaWRDbHVibG9jYWwiOjExMTgwLCJpZENsdWJ2aXNpdGEiOjEyMDQyfQ==-informe-arbitral-tijuana-vs-gallos-blancos-de-queretaro-jornada-15-estadio-caliente-fox-sports--fox-premium,  1 - 1,  https--www.ligafemenil.mx-cancha-estadio-48-estadio-caliente,  Caliente,  https--www.ligafemenil.mx-cancha-galeria-MTMwODc0LzE1LzczLzIvMTQ=-tijuana-vs-gallos-blancos-de-queretaro,  ,  https--www.ligafemenil.mx-cancha-playlist-130874-tijuana-vs-gallos-blancos-de-queretaro,  
2022-2023,Clausura,  Lunes 1 de Mayo de 2023-nTemporada 2022-2023-nTorneo Clausura-nJornada 15-n1 Mayo 2023 - 1700 hrs.,  https--www.ligafemenil.mx-cancha-informeArbitral-130878-eyJpZERpdmlzaW9uIjoiMTQiLCJpZFRlbXBvcmFkYSI6IjczIiwiaWRUb3JuZW8iOiIyIiwiaWRDbHVibG9jYWwiOjExMTg3LCJpZENsdWJ2aXNpdGEiOjExMjQzfQ==-informe-arbitral-toluca-vs-leon-jornada-15-estadio-nemesio-diez-vixzonamxus,  2 - 0,  https--www.ligafemenil.mx-cancha-estadio-6-estadio-nemesio-diez,  Nemesio Diez,  https--www.ligafemenil.mx-cancha-galeria-MTMwODc4LzE1LzczLzIvMTQ=-toluca-vs-leon,  ,  https--www.ligafemenil.mx-cancha-playlist-130878-toluca-vs-leon,  
2022-2023,Clausura,  Lunes 1 de Mayo de 2023-nTemporada 2022-2023-nTorneo Clausura-nJornada 15-n1 Mayo 2023 - 1800 hrs.,  https--www.ligafemenil.mx-cancha-informeArbitral-130881-eyJpZERpdmlzaW9uIjoiMTQiLCJpZFRlbXBvcmFkYSI6IjczIiwiaWRUb3JuZW8iOiIyIiwiaWRDbHVibG9jYWwiOjEyMDUxLCJpZENsdWJ2aXNpdGEiOjExMTg5fQ==-informe-arbitral-mazatlan-fc-vs-necaxa-jornada-15-estadio-mazatlan-tvp,  0 - 1,  https--www.ligafemenil.mx-cancha-estadio-1697-estadio-mazatlan,  Estadio Mazatlán,  https--www.ligafemenil.mx-cancha-galeria-MTMwODgxLzE1LzczLzIvMTQ=-mazatlan-fc-vs-necaxa,  ,  https--www.ligafemenil.mx-cancha-playlist-130881-mazatlan-fc-vs-necaxa,  
2022-2023,Clausura,  Lunes 1 de Mayo de 2023-nTemporada 2022-2023-nTorneo Clausura-nJornada 15-n1 Mayo 2023 - 1906 hrs.,  https--www.ligafemenil.mx-cancha-informeArbitral-130879-eyJpZERpdmlzaW9uIjoiMTQiLCJpZFRlbXBvcmFkYSI6IjczIiwiaWRUb3JuZW8iOiIyIiwiaWRDbHVibG9jYWwiOjExMTg1LCJpZENsdWJ2aXNpdGEiOjExMTkxfQ==-informe-arbitral-rayados-de-monterrey-vs-america-jornada-15-estadio-bbva-fox-sports--fox-premium,  2 - 0,  https--www.ligafemenil.mx-cancha-estadio-1608-estadio-bbva,  Estadio BBVA,  https--www.ligafemenil.mx-cancha-galeria-MTMwODc5LzE1LzczLzIvMTQ=-rayados-de-monterrey-vs-america,  ,  https--www.ligafemenil.mx-cancha-playlist-130879-rayados-de-monterrey-vs-america,  
2022-2023,Clausura,  Lunes 1 de Mayo de 2023-nTemporada 2022-2023-nTorneo Clausura-nJornada 15-n1 Mayo 2023 - 2106 hrs.,  https--www.ligafemenil.mx-cancha-informeArbitral-130883-eyJpZERpdmlzaW9uIjoiMTQiLCJpZFRlbXBvcmFkYSI6IjczIiwiaWRUb3JuZW8iOiIyIiwiaWRDbHVibG9jYWwiOjExMTkyLCJpZENsdWJ2aXNpdGEiOjExMTgxfQ==-informe-arbitral-santos-laguna-vs-cruz-azul-jornada-15-estadio-tsm-corona-fox-sports--fox-premium,  1 - 1,  https--www.ligafemenil.mx-cancha-estadio-63-estadio-tsm-corona,  TSM Corona,  https--www.ligafemenil.mx-cancha-galeria-MTMwODgzLzE1LzczLzIvMTQ=-santos-laguna-vs-cruz-azul,  ,  https--www.ligafemenil.mx-cancha-playlist-130883-santos-laguna-vs-cruz-azul,  
2022-2023,Clausura,  Martes 2 de Mayo de 2023-nTemporada 2022-2023-nTorneo Clausura-nJornada 15-n2 Mayo 2023 - 1900 hrs.,  https--www.ligafemenil.mx-cancha-informeArbitral-130875-eyJpZERpdmlzaW9uIjoiMTQiLCJpZFRlbXBvcmFkYSI6IjczIiwiaWRUb3JuZW8iOiIyIiwiaWRDbHVibG9jYWwiOjExMTg4LCJpZENsdWJ2aXNpdGEiOjExNzk1fQ==-informe-arbitral-pumas-vs-fc-juarez-jornada-15-estadio-olimpico-universitario-vixzonamx--vixus,  1 - 0,  https--www.ligafemenil.mx-cancha-estadio-7-estadio-olimpico-universitario,  Olímpico Universitario,  https--www.ligafemenil.mx-cancha-galeria-MTMwODc1LzE1LzczLzIvMTQ=-pumas-vs-fc-juarez,  ,  https--www.ligafemenil.mx-cancha-playlist-130875-pumas-vs-fc-juarez,  
2022-2023,Clausura,  Viernes 5 de Mayo de 2023-nTemporada 2022-2023-nTorneo Clausura-nJornada 16-n5 Mayo 2023 - 1545 hrs.,  https--www.ligafemenil.mx-cancha-informeArbitral-130888-eyJpZERpdmlzaW9uIjoiMTQiLCJpZFRlbXBvcmFkYSI6IjczIiwiaWRUb3JuZW8iOiIyIiwiaWRDbHVibG9jYWwiOjExMTkxLCJpZENsdWJ2aXNpdGEiOjEyMDUxfQ==-informe-arbitral-america-vs-mazatlan-fc-jornada-16-estadio-cancha-centenario-no-5-natural-instalaciones-club-america-vix-mxus,  6 - 1,  https--www.ligafemenil.mx-cancha-estadio-1421-estadio-cancha-centenario-no-5-natural-instalaciones-club-america,  Cancha Centenario No. 5 (Natural) Instalaciones Club América,  https--www.ligafemenil.mx-cancha-galeria-MTMwODg4LzE2LzczLzIvMTQ=-america-vs-mazatlan-fc,  ,  https--www.ligafemenil.mx-cancha-playlist-130888-america-vs-mazatlan-fc,  
2022-2023,Clausura,  Viernes 5 de Mayo de 2023-nTemporada 2022-2023-nTorneo Clausura-nJornada 16-n5 Mayo 2023 - 1705 hrs.,  https--www.ligafemenil.mx-cancha-informeArbitral-130887-eyJpZERpdmlzaW9uIjoiMTQiLCJpZFRlbXBvcmFkYSI6IjczIiwiaWRUb3JuZW8iOiIyIiwiaWRDbHVibG9jYWwiOjEyMDQyLCJpZENsdWJ2aXNpdGEiOjExMTg2fQ==-informe-arbitral-gallos-blancos-de-queretaro-vs-tigres-de-la-uanl-jornada-16-estadio-la-corregidora-fox-sports,  0 - 4,  https--www.ligafemenil.mx-cancha-estadio-25-estadio-la-corregidora,  La Corregidora,  https--www.ligafemenil.mx-cancha-galeria-MTMwODg3LzE2LzczLzIvMTQ=-gallos-blancos-de-queretaro-vs-tigres-de-la-uanl,  ,  https--www.ligafemenil.mx-cancha-playlist-130887-gallos-blancos-de-queretaro-vs-tigres-de-la-uanl,  
2022-2023,Clausura,  Viernes 5 de Mayo de 2023-nTemporada 2022-2023-nTorneo Clausura-nJornada 16-n5 Mayo 2023 - 2106 hrs.,  https--www.ligafemenil.mx-cancha-informeArbitral-130890-eyJpZERpdmlzaW9uIjoiMTQiLCJpZFRlbXBvcmFkYSI6IjczIiwiaWRUb3JuZW8iOiIyIiwiaWRDbHVibG9jYWwiOjExMjQ1LCJpZENsdWJ2aXNpdGEiOjExMTg1fQ==-informe-arbitral-atlas-vs-rayados-de-monterrey-jornada-16-estadio-jalisco-fox-sports,  3 - 2,  https--www.ligafemenil.mx-cancha-estadio-5-estadio-jalisco,  Jalisco,  https--www.ligafemenil.mx-cancha-galeria-MTMwODkwLzE2LzczLzIvMTQ=-atlas-vs-rayados-de-monterrey,  ,  https--www.ligafemenil.mx-cancha-playlist-130890-atlas-vs-rayados-de-monterrey,  
2022-2023,Clausura,  Sábado 6 de Mayo de 2023-nTemporada 2022-2023-nTorneo Clausura-nJornada 16-n6 Mayo 2023 - 1200 hrs.,  https--www.ligafemenil.mx-cancha-informeArbitral-130892-eyJpZERpdmlzaW9uIjoiMTQiLCJpZFRlbXBvcmFkYSI6IjczIiwiaWRUb3JuZW8iOiIyIiwiaWRDbHVibG9jYWwiOjExMTgxLCJpZENsdWJ2aXNpdGEiOjExMTg3fQ==-informe-arbitral-cruz-azul-vs-toluca-jornada-16-estadio-instalaciones-la-noria-vixzonamx--vixus,  0 - 1,  https--www.ligafemenil.mx-cancha-estadio-877-estadio-instalaciones-la-noria,  INSTALACIONES LA NORIA,  https--www.ligafemenil.mx-cancha-galeria-MTMwODkyLzE2LzczLzIvMTQ=-cruz-azul-vs-toluca,  ,  https--www.ligafemenil.mx-cancha-playlist-130892-cruz-azul-vs-toluca,  
2022-2023,Clausura,  Lunes 8 de Mayo de 2023-nTemporada 2022-2023-nTorneo Clausura-nJornada 16-n8 Mayo 2023 - 1700 hrs.,  https--www.ligafemenil.mx-cancha-informeArbitral-130894-eyJpZERpdmlzaW9uIjoiMTQiLCJpZFRlbXBvcmFkYSI6IjczIiwiaWRUb3JuZW8iOiIyIiwiaWRDbHVibG9jYWwiOjExNzc4LCJpZENsdWJ2aXNpdGEiOjExMTg4fQ==-informe-arbitral-club-atletico-de-san-luis-vs-pumas-jornada-16-estadio-alfonso-lastras-ramirez-espn,  1 - 3,  https--www.ligafemenil.mx-cancha-estadio-14-estadio-alfonso-lastras-ramirez,  Alfonso Lastras Ramírez,  https--www.ligafemenil.mx-cancha-galeria-MTMwODk0LzE2LzczLzIvMTQ=-club-atletico-de-san-luis-vs-pumas,  ,  https--www.ligafemenil.mx-cancha-playlist-130894-club-atletico-de-san-luis-vs-pumas,  
2022-2023,Clausura,  Lunes 8 de Mayo de 2023-nTemporada 2022-2023-nTorneo Clausura-nJornada 16-n8 Mayo 2023 - 1700 hrs.,  https--www.ligafemenil.mx-cancha-informeArbitral-130897-eyJpZERpdmlzaW9uIjoiMTQiLCJpZFRlbXBvcmFkYSI6IjczIiwiaWRUb3JuZW8iOiIyIiwiaWRDbHVibG9jYWwiOjExMTg5LCJpZENsdWJ2aXNpdGEiOjExNzk1fQ==-informe-arbitral-necaxa-vs-fc-juarez-jornada-16-estadio-victoria-vixzonamxus,  0 - 1,  https--www.ligafemenil.mx-cancha-estadio-15-estadio-victoria,  Victoria,  https--www.ligafemenil.mx-cancha-galeria-MTMwODk3LzE2LzczLzIvMTQ=-necaxa-vs-fc-juarez,  ,  https--www.ligafemenil.mx-cancha-playlist-130897-necaxa-vs-fc-juarez,  
2022-2023,Clausura,  Lunes 8 de Mayo de 2023-nTemporada 2022-2023-nTorneo Clausura-nJornada 16-n8 Mayo 2023 - 1705 hrs.,  https--www.ligafemenil.mx-cancha-informeArbitral-130900-eyJpZERpdmlzaW9uIjoiMTQiLCJpZFRlbXBvcmFkYSI6IjczIiwiaWRUb3JuZW8iOiIyIiwiaWRDbHVibG9jYWwiOjExMjQzLCJpZENsdWJ2aXNpdGEiOjExMTgwfQ==-informe-arbitral-leon-vs-tijuana-jornada-16-estadio-nou-camp-fox-sports,  2 - 1,  https--www.ligafemenil.mx-cancha-estadio-23-estadio-nou-camp,  Nou Camp,  https--www.ligafemenil.mx-cancha-galeria-MTMwOTAwLzE2LzczLzIvMTQ=-leon-vs-tijuana,  ,  https--www.ligafemenil.mx-cancha-playlist-130900-leon-vs-tijuana,  
2022-2023,Clausura,  Lunes 8 de Mayo de 2023-nTemporada 2022-2023-nTorneo Clausura-nJornada 16-n8 Mayo 2023 - 1906 hrs.,  https--www.ligafemenil.mx-cancha-informeArbitral-130905-eyJpZERpdmlzaW9uIjoiMTQiLCJpZFRlbXBvcmFkYSI6IjczIiwiaWRUb3JuZW8iOiIyIiwiaWRDbHVibG9jYWwiOjExMTkyLCJpZENsdWJ2aXNpdGEiOjExNTQzfQ==-informe-arbitral-santos-laguna-vs-puebla-fc-jornada-16-estadio-tsm-corona-fox-sports,  2 - 1,  https--www.ligafemenil.mx-cancha-estadio-63-estadio-tsm-corona,  TSM Corona,  https--www.ligafemenil.mx-cancha-galeria-MTMwOTA1LzE2LzczLzIvMTQ=-santos-laguna-vs-puebla-fc,  ,  https--www.ligafemenil.mx-cancha-playlist-130905-santos-laguna-vs-puebla-fc,  
2022-2023,Clausura,  Lunes 8 de Mayo de 2023-nTemporada 2022-2023-nTorneo Clausura-nJornada 16-n8 Mayo 2023 - 2110 hrs.,  https--www.ligafemenil.mx-cancha-informeArbitral-130909-eyJpZERpdmlzaW9uIjoiMTQiLCJpZFRlbXBvcmFkYSI6IjczIiwiaWRUb3JuZW8iOiIyIiwiaWRDbHVibG9jYWwiOjExMTgyLCJpZENsdWJ2aXNpdGEiOjExMTg0fQ==-informe-arbitral-guadalajara-vs-pachuca-jornada-16-estadio-akron-fox-sports--chivas-tv,  4 - 4,  https--www.ligafemenil.mx-cancha-estadio-1538-estadio-akron,  Estadio AKRON,  https--www.ligafemenil.mx-cancha-galeria-MTMwOTA5LzE2LzczLzIvMTQ=-guadalajara-vs-pachuca,  ,  https--www.ligafemenil.mx-cancha-playlist-130909-guadalajara-vs-pachuca,  
2022-2023,Clausura,  Viernes 12 de Mayo de 2023-nTemporada 2022-2023-nTorneo Clausura-nJornada 17-n12 Mayo 2023 - 1700 hrs.,  https--www.ligafemenil.mx-cancha-informeArbitral-130914-eyJpZERpdmlzaW9uIjoiMTQiLCJpZFRlbXBvcmFkYSI6IjczIiwiaWRUb3JuZW8iOiIyIiwiaWRDbHVibG9jYWwiOjExMTg3LCJpZENsdWJ2aXNpdGEiOjExMTkxfQ==-informe-arbitral-toluca-vs-america-jornada-17-estadio-nemesio-diez-vixzonamx--vixus,  1 - 4,  https--www.ligafemenil.mx-cancha-estadio-6-estadio-nemesio-diez,  Nemesio Diez,  https--www.ligafemenil.mx-cancha-galeria-MTMwOTE0LzE3LzczLzIvMTQ=-toluca-vs-america,  ,  https--www.ligafemenil.mx-cancha-playlist-130914-toluca-vs-america,  
2022-2023,Clausura,  Viernes 12 de Mayo de 2023-nTemporada 2022-2023-nTorneo Clausura-nJornada 17-n12 Mayo 2023 - 1705 hrs.,  https--www.ligafemenil.mx-cancha-informeArbitral-130916-eyJpZERpdmlzaW9uIjoiMTQiLCJpZFRlbXBvcmFkYSI6IjczIiwiaWRUb3JuZW8iOiIyIiwiaWRDbHVibG9jYWwiOjExMTg0LCJpZENsdWJ2aXNpdGEiOjExMTgxfQ==-informe-arbitral-pachuca-vs-cruz-azul-jornada-17-estadio-hidalgo-fox-sports,  3 - 0,  https--www.ligafemenil.mx-cancha-estadio-11-estadio-hidalgo,  Hidalgo,  https--www.ligafemenil.mx-cancha-galeria-MTMwOTE2LzE3LzczLzIvMTQ=-pachuca-vs-cruz-azul,  ,  https--www.ligafemenil.mx-cancha-playlist-130916-pachuca-vs-cruz-azul,  
2022-2023,Clausura,  Viernes 12 de Mayo de 2023-nTemporada 2022-2023-nTorneo Clausura-nJornada 17-n12 Mayo 2023 - 1900 hrs.,  https--www.ligafemenil.mx-cancha-informeArbitral-130920-eyJpZERpdmlzaW9uIjoiMTQiLCJpZFRlbXBvcmFkYSI6IjczIiwiaWRUb3JuZW8iOiIyIiwiaWRDbHVibG9jYWwiOjExMTg2LCJpZENsdWJ2aXNpdGEiOjExMTkyfQ==-informe-arbitral-tigres-de-la-uanl-vs-santos-laguna-jornada-17-estadio-universitario-vix-mxus,  9 - 0,  https--www.ligafemenil.mx-cancha-estadio-12-estadio-universitario,  Universitario,  https--www.ligafemenil.mx-cancha-galeria-MTMwOTIwLzE3LzczLzIvMTQ=-tigres-de-la-uanl-vs-santos-laguna,  ,  https--www.ligafemenil.mx-cancha-playlist-130920-tigres-de-la-uanl-vs-santos-laguna,  
2022-2023,Clausura,  Viernes 12 de Mayo de 2023-nTemporada 2022-2023-nTorneo Clausura-nJornada 17-n12 Mayo 2023 - 1906 hrs.,  https--www.ligafemenil.mx-cancha-informeArbitral-130918-eyJpZERpdmlzaW9uIjoiMTQiLCJpZFRlbXBvcmFkYSI6IjczIiwiaWRUb3JuZW8iOiIyIiwiaWRDbHVibG9jYWwiOjExNzk1LCJpZENsdWJ2aXNpdGEiOjExNTQzfQ==-informe-arbitral-fc-juarez-vs-puebla-fc-jornada-17-estadio-olimpico-benito-juarez-fox-sports,  2 - 0,  https--www.ligafemenil.mx-cancha-estadio-17-estadio-olimpico-benito-juarez,  Olímpico Benito Juárez,  https--www.ligafemenil.mx-cancha-galeria-MTMwOTE4LzE3LzczLzIvMTQ=-fc-juarez-vs-puebla-fc,  ,  https--www.ligafemenil.mx-cancha-playlist-130918-fc-juarez-vs-puebla-fc,  
2022-2023,Clausura,  Viernes 12 de Mayo de 2023-nTemporada 2022-2023-nTorneo Clausura-nJornada 17-n12 Mayo 2023 - 2010 hrs.,  https--www.ligafemenil.mx-cancha-informeArbitral-130923-eyJpZERpdmlzaW9uIjoiMTQiLCJpZFRlbXBvcmFkYSI6IjczIiwiaWRUb3JuZW8iOiIyIiwiaWRDbHVibG9jYWwiOjExMTgwLCJpZENsdWJ2aXNpdGEiOjExMTgyfQ==-informe-arbitral-tijuana-vs-guadalajara-jornada-17-estadio-caliente-fox-sports,  1 - 0,  https--www.ligafemenil.mx-cancha-estadio-48-estadio-caliente,  Caliente,  https--www.ligafemenil.mx-cancha-galeria-MTMwOTIzLzE3LzczLzIvMTQ=-tijuana-vs-guadalajara,  ,  https--www.ligafemenil.mx-cancha-playlist-130923-tijuana-vs-guadalajara,  
2022-2023,Clausura,  Sábado 13 de Mayo de 2023-nTemporada 2022-2023-nTorneo Clausura-nJornada 17-n13 Mayo 2023 - 1200 hrs.,  https--www.ligafemenil.mx-cancha-informeArbitral-130929-eyJpZERpdmlzaW9uIjoiMTQiLCJpZFRlbXBvcmFkYSI6IjczIiwiaWRUb3JuZW8iOiIyIiwiaWRDbHVibG9jYWwiOjExMTg4LCJpZENsdWJ2aXNpdGEiOjExMTg5fQ==-informe-arbitral-pumas-vs-necaxa-jornada-17-estadio-olimpico-universitario-vixzonamxus,  1 - 0,  https--www.ligafemenil.mx-cancha-estadio-7-estadio-olimpico-universitario,  Olímpico Universitario,  https--www.ligafemenil.mx-cancha-galeria-MTMwOTI5LzE3LzczLzIvMTQ=-pumas-vs-necaxa,  ,  https--www.ligafemenil.mx-cancha-playlist-130929-pumas-vs-necaxa,  
2022-2023,Clausura,  Lunes 15 de Mayo de 2023-nTemporada 2022-2023-nTorneo Clausura-nJornada 17-n15 Mayo 2023 - 1800 hrs.,  https--www.ligafemenil.mx-cancha-informeArbitral-130942-eyJpZERpdmlzaW9uIjoiMTQiLCJpZFRlbXBvcmFkYSI6IjczIiwiaWRUb3JuZW8iOiIyIiwiaWRDbHVibG9jYWwiOjEyMDUxLCJpZENsdWJ2aXNpdGEiOjEyMDQyfQ==-informe-arbitral-mazatlan-fc-vs-gallos-blancos-de-queretaro-jornada-17-estadio-mazatlan-tvp,  0 - 2,  https--www.ligafemenil.mx-cancha-estadio-1697-estadio-mazatlan,  Estadio Mazatlán,  https--www.ligafemenil.mx-cancha-galeria-MTMwOTQyLzE3LzczLzIvMTQ=-mazatlan-fc-vs-gallos-blancos-de-queretaro,  ,  https--www.ligafemenil.mx-cancha-playlist-130942-mazatlan-fc-vs-gallos-blancos-de-queretaro,  
2022-2023,Clausura,  Lunes 15 de Mayo de 2023-nTemporada 2022-2023-nTorneo Clausura-nJornada 17-n15 Mayo 2023 - 1905 hrs.,  https--www.ligafemenil.mx-cancha-informeArbitral-130932-eyJpZERpdmlzaW9uIjoiMTQiLCJpZFRlbXBvcmFkYSI6IjczIiwiaWRUb3JuZW8iOiIyIiwiaWRDbHVibG9jYWwiOjExMjQ1LCJpZENsdWJ2aXNpdGEiOjExMjQzfQ==-informe-arbitral-atlas-vs-leon-jornada-17-estadio-jalisco-foxsportsimagentv,  2 - 2,  https--www.ligafemenil.mx-cancha-estadio-5-estadio-jalisco,  Jalisco,  https--www.ligafemenil.mx-cancha-galeria-MTMwOTMyLzE3LzczLzIvMTQ=-atlas-vs-leon,  ,  https--www.ligafemenil.mx-cancha-playlist-130932-atlas-vs-leon,  
2022-2023,Clausura,  Lunes 15 de Mayo de 2023-nTemporada 2022-2023-nTorneo Clausura-nJornada 17-n15 Mayo 2023 - 2106 hrs.,  https--www.ligafemenil.mx-cancha-informeArbitral-130926-eyJpZERpdmlzaW9uIjoiMTQiLCJpZFRlbXBvcmFkYSI6IjczIiwiaWRUb3JuZW8iOiIyIiwiaWRDbHVibG9jYWwiOjExMTg1LCJpZENsdWJ2aXNpdGEiOjExNzc4fQ==-informe-arbitral-rayados-de-monterrey-vs-club-atletico-de-san-luis-jornada-17-estadio-bbva-fox-sports,  4 - 2,  https--www.ligafemenil.mx-cancha-estadio-1608-estadio-bbva,  Estadio BBVA,  https--www.ligafemenil.mx-cancha-galeria-MTMwOTI2LzE3LzczLzIvMTQ=-rayados-de-monterrey-vs-club-atletico-de-san-luis,  ,  https--www.ligafemenil.mx-cancha-playlist-130926-rayados-de-monterrey-vs-club-atletico-de-san-luis,  
2022-2023,Clausura,  Jueves 18 de Mayo de 2023-nTemporada 2022-2023-nTorneo Clausura-nCuartos Ida-n18 Mayo 2023 - 1800 hrs.,  https--www.ligafemenil.mx-cancha-informeArbitral-133484-eyJpZERpdmlzaW9uIjoiMTQiLCJpZFRlbXBvcmFkYSI6IjczIiwiaWRUb3JuZW8iOiIyIiwiaWRDbHVibG9jYWwiOjExMTg0LCJpZENsdWJ2aXNpdGEiOjExMTgyfQ==-informe-arbitral-pachuca-vs-guadalajara-cuartos-ida-estadio-hidalgo-fox-sports,  3 - 3,  https--www.ligafemenil.mx-cancha-estadio-11-estadio-hidalgo,  Hidalgo,  https--www.ligafemenil.mx-cancha-galeria-MTMzNDg0LzE4LzczLzIvMTQ=-pachuca-vs-guadalajara,  ,  https--www.ligafemenil.mx-cancha-playlist-133484-pachuca-vs-guadalajara,  
2022-2023,Clausura,  Viernes 19 de Mayo de 2023-nTemporada 2022-2023-nTorneo Clausura-nCuartos Ida-n19 Mayo 2023 - 1800 hrs.,  https--www.ligafemenil.mx-cancha-informeArbitral-133482-eyJpZERpdmlzaW9uIjoiMTQiLCJpZFRlbXBvcmFkYSI6IjczIiwiaWRUb3JuZW8iOiIyIiwiaWRDbHVibG9jYWwiOjExMjQ1LCJpZENsdWJ2aXNpdGEiOjExMTg2fQ==-informe-arbitral-atlas-vs-tigres-de-la-uanl-cuartos-ida-estadio-jalisco-fox-sports,  0 - 5,  https--www.ligafemenil.mx-cancha-estadio-5-estadio-jalisco,  Jalisco,  https--www.ligafemenil.mx-cancha-galeria-MTMzNDgyLzE4LzczLzIvMTQ=-atlas-vs-tigres-de-la-uanl,  ,  https--www.ligafemenil.mx-cancha-playlist-133482-atlas-vs-tigres-de-la-uanl,  
2022-2023,Clausura,  Viernes 19 de Mayo de 2023-nTemporada 2022-2023-nTorneo Clausura-nCuartos Ida-n19 Mayo 2023 - 2000 hrs.,  https--www.ligafemenil.mx-cancha-informeArbitral-133483-eyJpZERpdmlzaW9uIjoiMTQiLCJpZFRlbXBvcmFkYSI6IjczIiwiaWRUb3JuZW8iOiIyIiwiaWRDbHVibG9jYWwiOjExNzk1LCJpZENsdWJ2aXNpdGEiOjExMTkxfQ==-informe-arbitral-fc-juarez-vs-america-cuartos-ida-estadio-olimpico-benito-juarez-fox-sports,  1 - 3,  https--www.ligafemenil.mx-cancha-estadio-17-estadio-olimpico-benito-juarez,  Olímpico Benito Juárez,  https--www.ligafemenil.mx-cancha-galeria-MTMzNDgzLzE4LzczLzIvMTQ=-fc-juarez-vs-america,  ,  https--www.ligafemenil.mx-cancha-playlist-133483-fc-juarez-vs-america,  
2022-2023,Clausura,  Viernes 19 de Mayo de 2023-nTemporada 2022-2023-nTorneo Clausura-nCuartos Ida-n19 Mayo 2023 - 2100 hrs.,  https--www.ligafemenil.mx-cancha-informeArbitral-133481-eyJpZERpdmlzaW9uIjoiMTQiLCJpZFRlbXBvcmFkYSI6IjczIiwiaWRUb3JuZW8iOiIyIiwiaWRDbHVibG9jYWwiOjExMTgwLCJpZENsdWJ2aXNpdGEiOjExMTg1fQ==-informe-arbitral-tijuana-vs-rayados-de-monterrey-cuartos-ida-estadio-caliente-fox-sports,  2 - 0,  https--www.ligafemenil.mx-cancha-estadio-48-estadio-caliente,  Caliente,  https--www.ligafemenil.mx-cancha-galeria-MTMzNDgxLzE4LzczLzIvMTQ=-tijuana-vs-rayados-de-monterrey,  ,  https--www.ligafemenil.mx-cancha-playlist-133481-tijuana-vs-rayados-de-monterrey,  
2022-2023,Clausura,  Domingo 21 de Mayo de 2023-nTemporada 2022-2023-nTorneo Clausura-nCuartos Vuelta-n21 Mayo 2023 - 1700 hrs.,  https--www.ligafemenil.mx-cancha-informeArbitral-133488-eyJpZERpdmlzaW9uIjoiMTQiLCJpZFRlbXBvcmFkYSI6IjczIiwiaWRUb3JuZW8iOiIyIiwiaWRDbHVibG9jYWwiOjExMTgyLCJpZENsdWJ2aXNpdGEiOjExMTg0fQ==-informe-arbitral-guadalajara-vs-pachuca-cuartos-vuelta-estadio-jalisco-fox-sports,  1 - 3,  https--www.ligafemenil.mx-cancha-estadio-5-estadio-jalisco,  Jalisco,  https--www.ligafemenil.mx-cancha-galeria-MTMzNDg4LzE5LzczLzIvMTQ=-guadalajara-vs-pachuca,  ,  https--www.ligafemenil.mx-cancha-playlist-133488-guadalajara-vs-pachuca,  
2022-2023,Clausura,  Lunes 22 de Mayo de 2023-nTemporada 2022-2023-nTorneo Clausura-nCuartos Vuelta-n22 Mayo 2023 - 1700 hrs.,  https--www.ligafemenil.mx-cancha-informeArbitral-133487-eyJpZERpdmlzaW9uIjoiMTQiLCJpZFRlbXBvcmFkYSI6IjczIiwiaWRUb3JuZW8iOiIyIiwiaWRDbHVibG9jYWwiOjExMTkxLCJpZENsdWJ2aXNpdGEiOjExNzk1fQ==-informe-arbitral-america-vs-fc-juarez-cuartos-vuelta-estadio-azteca-tudn,  5 - 1,  https--www.ligafemenil.mx-cancha-estadio-1-estadio-azteca,  Azteca,  https--www.ligafemenil.mx-cancha-galeria-MTMzNDg3LzE5LzczLzIvMTQ=-america-vs-fc-juarez,  ,  https--www.ligafemenil.mx-cancha-playlist-133487-america-vs-fc-juarez,  
2022-2023,Clausura,  Lunes 22 de Mayo de 2023-nTemporada 2022-2023-nTorneo Clausura-nCuartos Vuelta-n22 Mayo 2023 - 1900 hrs.,  https--www.ligafemenil.mx-cancha-informeArbitral-133486-eyJpZERpdmlzaW9uIjoiMTQiLCJpZFRlbXBvcmFkYSI6IjczIiwiaWRUb3JuZW8iOiIyIiwiaWRDbHVibG9jYWwiOjExMTg2LCJpZENsdWJ2aXNpdGEiOjExMjQ1fQ==-informe-arbitral-tigres-de-la-uanl-vs-atlas-cuartos-vuelta-estadio-universitario-tudn,  2 - 0,  https--www.ligafemenil.mx-cancha-estadio-12-estadio-universitario,  Universitario,  https--www.ligafemenil.mx-cancha-galeria-MTMzNDg2LzE5LzczLzIvMTQ=-tigres-de-la-uanl-vs-atlas,  ,  https--www.ligafemenil.mx-cancha-playlist-133486-tigres-de-la-uanl-vs-atlas,  
2022-2023,Clausura,  Lunes 22 de Mayo de 2023-nTemporada 2022-2023-nTorneo Clausura-nCuartos Vuelta-n22 Mayo 2023 - 2100 hrs.,  https--www.ligafemenil.mx-cancha-informeArbitral-133485-eyJpZERpdmlzaW9uIjoiMTQiLCJpZFRlbXBvcmFkYSI6IjczIiwiaWRUb3JuZW8iOiIyIiwiaWRDbHVibG9jYWwiOjExMTg1LCJpZENsdWJ2aXNpdGEiOjExMTgwfQ==-informe-arbitral-rayados-de-monterrey-vs-tijuana-cuartos-vuelta-estadio-bbva-fox-sports,  6 - 1,  https--www.ligafemenil.mx-cancha-estadio-1608-estadio-bbva,  Estadio BBVA,  https--www.ligafemenil.mx-cancha-galeria-MTMzNDg1LzE5LzczLzIvMTQ=-rayados-de-monterrey-vs-tijuana,  ,  https--www.ligafemenil.mx-cancha-playlist-133485-rayados-de-monterrey-vs-tijuana,  
2022-2023,Clausura,  Viernes 26 de Mayo de 2023-nTemporada 2022-2023-nTorneo Clausura-nSemifinal Ida-n26 Mayo 2023 - 1900 hrs.,  https--www.ligafemenil.mx-cancha-informeArbitral-133501-eyJpZERpdmlzaW9uIjoiMTQiLCJpZFRlbXBvcmFkYSI6IjczIiwiaWRUb3JuZW8iOiIyIiwiaWRDbHVibG9jYWwiOjExMTkxLCJpZENsdWJ2aXNpdGEiOjExMTg2fQ==-informe-arbitral-america-vs-tigres-de-la-uanl-semifinal-ida-estadio-azteca-tudn,  1 - 0,  https--www.ligafemenil.mx-cancha-estadio-1-estadio-azteca,  Azteca,  https--www.ligafemenil.mx-cancha-galeria-MTMzNTAxLzIwLzczLzIvMTQ=-america-vs-tigres-de-la-uanl,  ,  https--www.ligafemenil.mx-cancha-playlist-133501-america-vs-tigres-de-la-uanl,  
2022-2023,Clausura,  Viernes 26 de Mayo de 2023-nTemporada 2022-2023-nTorneo Clausura-nSemifinal Ida-n26 Mayo 2023 - 2100 hrs.,  https--www.ligafemenil.mx-cancha-informeArbitral-133500-eyJpZERpdmlzaW9uIjoiMTQiLCJpZFRlbXBvcmFkYSI6IjczIiwiaWRUb3JuZW8iOiIyIiwiaWRDbHVibG9jYWwiOjExMTg0LCJpZENsdWJ2aXNpdGEiOjExMTg1fQ==-informe-arbitral-pachuca-vs-rayados-de-monterrey-semifinal-ida-estadio-hidalgo-fox-sports,  0 - 0,  https--www.ligafemenil.mx-cancha-estadio-11-estadio-hidalgo,  Hidalgo,  https--www.ligafemenil.mx-cancha-galeria-MTMzNTAwLzIwLzczLzIvMTQ=-pachuca-vs-rayados-de-monterrey,  ,  https--www.ligafemenil.mx-cancha-playlist-133500-pachuca-vs-rayados-de-monterrey,  
2022-2023,Clausura,  Lunes 29 de Mayo de 2023-nTemporada 2022-2023-nTorneo Clausura-nSemifinal Vuelta-n29 Mayo 2023 - 1900 hrs.,  https--www.ligafemenil.mx-cancha-informeArbitral-133503-eyJpZERpdmlzaW9uIjoiMTQiLCJpZFRlbXBvcmFkYSI6IjczIiwiaWRUb3JuZW8iOiIyIiwiaWRDbHVibG9jYWwiOjExMTg2LCJpZENsdWJ2aXNpdGEiOjExMTkxfQ==-informe-arbitral-tigres-de-la-uanl-vs-america-semifinal-vuelta-estadio-universitario-tudn,  0 - 1,  https--www.ligafemenil.mx-cancha-estadio-12-estadio-universitario,  Universitario,  https--www.ligafemenil.mx-cancha-galeria-MTMzNTAzLzIxLzczLzIvMTQ=-tigres-de-la-uanl-vs-america,  ,  https--www.ligafemenil.mx-cancha-playlist-133503-tigres-de-la-uanl-vs-america,  
2022-2023,Clausura,  Lunes 29 de Mayo de 2023-nTemporada 2022-2023-nTorneo Clausura-nSemifinal Vuelta-n29 Mayo 2023 - 2100 hrs.,  https--www.ligafemenil.mx-cancha-informeArbitral-133502-eyJpZERpdmlzaW9uIjoiMTQiLCJpZFRlbXBvcmFkYSI6IjczIiwiaWRUb3JuZW8iOiIyIiwiaWRDbHVibG9jYWwiOjExMTg1LCJpZENsdWJ2aXNpdGEiOjExMTg0fQ==-informe-arbitral-rayados-de-monterrey-vs-pachuca-semifinal-vuelta-estadio-bbva-fox-sports,  0 - 1,  https--www.ligafemenil.mx-cancha-estadio-1608-estadio-bbva,  Estadio BBVA,  https--www.ligafemenil.mx-cancha-galeria-MTMzNTAyLzIxLzczLzIvMTQ=-rayados-de-monterrey-vs-pachuca,  ,  https--www.ligafemenil.mx-cancha-playlist-133502-rayados-de-monterrey-vs-pachuca,  
2022-2023,Clausura,  Viernes 2 de Junio de 2023-nTemporada 2022-2023-nTorneo Clausura-nFinal Ida-n2 Junio 2023 - 2000 hrs.,  https--www.ligafemenil.mx-cancha-informeArbitral-133504-eyJpZERpdmlzaW9uIjoiMTQiLCJpZFRlbXBvcmFkYSI6IjczIiwiaWRUb3JuZW8iOiIyIiwiaWRDbHVibG9jYWwiOjExMTg0LCJpZENsdWJ2aXNpdGEiOjExMTkxfQ==-informe-arbitral-pachuca-vs-america-final-ida-estadio-hidalgo-fox-sports,  1 - 2,  https--www.ligafemenil.mx-cancha-estadio-11-estadio-hidalgo,  Hidalgo,  https--www.ligafemenil.mx-cancha-galeria-MTMzNTA0LzIyLzczLzIvMTQ=-pachuca-vs-america,  ,  https--www.ligafemenil.mx-cancha-playlist-133504-pachuca-vs-america,  
2022-2023,Clausura,  Lunes 5 de Junio de 2023-nTemporada 2022-2023-nTorneo Clausura-nFinal Vuelta-n5 Junio 2023 - 2000 hrs.,  https--www.ligafemenil.mx-cancha-informeArbitral-133505-eyJpZERpdmlzaW9uIjoiMTQiLCJpZFRlbXBvcmFkYSI6IjczIiwiaWRUb3JuZW8iOiIyIiwiaWRDbHVibG9jYWwiOjExMTkxLCJpZENsdWJ2aXNpdGEiOjExMTg0fQ==-informe-arbitral-america-vs-pachuca-final-vuelta-estadio-azteca-el-nu9ve-tudn,  2 - 1,  https--www.ligafemenil.mx-cancha-estadio-1-estadio-azteca,  Azteca,  https--www.ligafemenil.mx-cancha-galeria-MTMzNTA1LzIzLzczLzIvMTQ=-america-vs-pachuca,  ,  https--www.ligafemenil.mx-cancha-playlist-133505-america-vs-pachuca,