2018-2019,Apertura,  Viernes 13 de Julio de 2018-nTemporada 2018-2019-nTorneo Apertura-nJornada 1-n13 Julio 2018 - 1600 hrs.,  https--www.ligafemenil.mx-cancha-informeArbitral-91894-eyJpZERpdmlzaW9uIjoiMTQiLCJpZFRlbXBvcmFkYSI6IjY5IiwiaWRUb3JuZW8iOiIxIiwiaWRDbHVibG9jYWwiOjExMTgxLCJpZENsdWJ2aXNpdGEiOjExMTg0fQ==-informe-arbitral-cruz-azul-vs-pachuca-jornada-1-estadio-10-de-diciembre-tdn,  1 - 2,  https--www.ligafemenil.mx-cancha-estadio-705-estadio-10-de-diciembre,  10 DE DICIEMBRE,  https--www.ligafemenil.mx-cancha-galeria-OTE4OTQvMS82OS8xLzE0-cruz-azul-vs-pachuca,  ,  https--www.ligafemenil.mx-cancha-playlist-91894-cruz-azul-vs-pachuca,  
2018-2019,Apertura,  Viernes 13 de Julio de 2018-nTemporada 2018-2019-nTorneo Apertura-nJornada 1-n13 Julio 2018 - 1600 hrs.,  https--www.ligafemenil.mx-cancha-informeArbitral-91896-eyJpZERpdmlzaW9uIjoiMTQiLCJpZFRlbXBvcmFkYSI6IjY5IiwiaWRUb3JuZW8iOiIxIiwiaWRDbHVibG9jYWwiOjExMTg5LCJpZENsdWJ2aXNpdGEiOjExMTkyfQ==-informe-arbitral-necaxa-vs-santos-laguna-jornada-1-estadio-victoria-claro-sports,  0 - 1,  https--www.ligafemenil.mx-cancha-estadio-15-estadio-victoria,  Victoria,  https--www.ligafemenil.mx-cancha-galeria-OTE4OTYvMS82OS8xLzE0-necaxa-vs-santos-laguna,  ,  https--www.ligafemenil.mx-cancha-playlist-91896-necaxa-vs-santos-laguna,  
2018-2019,Apertura,  Domingo 15 de Julio de 2018-nTemporada 2018-2019-nTorneo Apertura-nJornada 1-n15 Julio 2018 - 1200 hrs.,  https--www.ligafemenil.mx-cancha-informeArbitral-91898-eyJpZERpdmlzaW9uIjoiMTQiLCJpZFRlbXBvcmFkYSI6IjY5IiwiaWRUb3JuZW8iOiIxIiwiaWRDbHVibG9jYWwiOjExNTQzLCJpZENsdWJ2aXNpdGEiOjExMjQyfQ==-informe-arbitral-puebla-fc-vs-veracruz-jornada-1-estadio-complejo-deportivo-los-olivos,  4 - 0,  https--www.ligafemenil.mx-cancha-estadio-1415-estadio-complejo-deportivo-los-olivos,  Complejo Deportivo Los Olivos,  https--www.ligafemenil.mx-cancha-galeria-OTE4OTgvMS82OS8xLzE0-puebla-fc-vs-veracruz,  ,  https--www.ligafemenil.mx-cancha-playlist-91898-puebla-fc-vs-veracruz,  
2018-2019,Apertura,  Lunes 16 de Julio de 2018-nTemporada 2018-2019-nTorneo Apertura-nJornada 1-n16 Julio 2018 - 1600 hrs.,  https--www.ligafemenil.mx-cancha-informeArbitral-91901-eyJpZERpdmlzaW9uIjoiMTQiLCJpZFRlbXBvcmFkYSI6IjY5IiwiaWRUb3JuZW8iOiIxIiwiaWRDbHVibG9jYWwiOjExMTgzLCJpZENsdWJ2aXNpdGEiOjExMjQ1fQ==-informe-arbitral-m-morelia-vs-atlas-jornada-1-estadio-jose-maria-morelos-y-pavon-am,  1 - 0,  https--www.ligafemenil.mx-cancha-estadio-10-estadio-jose-maria-morelos-y-pavon,  José María Morelos y Pavón,  https--www.ligafemenil.mx-cancha-galeria-OTE5MDEvMS82OS8xLzE0-m-morelia-vs-atlas,  ,  https--www.ligafemenil.mx-cancha-playlist-91901-m-morelia-vs-atlas,  
2018-2019,Apertura,  Lunes 16 de Julio de 2018-nTemporada 2018-2019-nTorneo Apertura-nJornada 1-n16 Julio 2018 - 1800 hrs.,  https--www.ligafemenil.mx-cancha-informeArbitral-91903-eyJpZERpdmlzaW9uIjoiMTQiLCJpZFRlbXBvcmFkYSI6IjY5IiwiaWRUb3JuZW8iOiIxIiwiaWRDbHVibG9jYWwiOjExMTg3LCJpZENsdWJ2aXNpdGEiOjExNTQyfQ==-informe-arbitral-toluca-vs-lobos-jornada-1-estadio-nemesio-diez-tdn,  4 - 0,  https--www.ligafemenil.mx-cancha-estadio-6-estadio-nemesio-diez,  Nemesio Diez,  https--www.ligafemenil.mx-cancha-galeria-OTE5MDMvMS82OS8xLzE0-toluca-vs-lobos,  ,  https--www.ligafemenil.mx-cancha-playlist-91903-toluca-vs-lobos,  
2018-2019,Apertura,  Lunes 16 de Julio de 2018-nTemporada 2018-2019-nTorneo Apertura-nJornada 1-n16 Julio 2018 - 1900 hrs.,  https--www.ligafemenil.mx-cancha-informeArbitral-91899-eyJpZERpdmlzaW9uIjoiMTQiLCJpZFRlbXBvcmFkYSI6IjY5IiwiaWRUb3JuZW8iOiIxIiwiaWRDbHVibG9jYWwiOjExMTgyLCJpZENsdWJ2aXNpdGEiOjExMjQzfQ==-informe-arbitral-guadalajara-vs-leon-jornada-1-estadio-akron-fox-sports,  1 - 0,  https--www.ligafemenil.mx-cancha-estadio-1538-estadio-akron,  Estadio AKRON,  https--www.ligafemenil.mx-cancha-galeria-OTE4OTkvMS82OS8xLzE0-guadalajara-vs-leon,  ,  https--www.ligafemenil.mx-cancha-playlist-91899-guadalajara-vs-leon,  
2018-2019,Apertura,  Lunes 16 de Julio de 2018-nTemporada 2018-2019-nTorneo Apertura-nJornada 1-n16 Julio 2018 - 2000 hrs.,  https--www.ligafemenil.mx-cancha-informeArbitral-91905-eyJpZERpdmlzaW9uIjoiMTQiLCJpZFRlbXBvcmFkYSI6IjY5IiwiaWRUb3JuZW8iOiIxIiwiaWRDbHVibG9jYWwiOjExMTg2LCJpZENsdWJ2aXNpdGEiOjExMjQ0fQ==-informe-arbitral-tigres-de-la-uanl-vs-queretaro-jornada-1-estadio-universitario-tdn,  4 - 2,  https--www.ligafemenil.mx-cancha-estadio-12-estadio-universitario,  Universitario,  https--www.ligafemenil.mx-cancha-galeria-OTE5MDUvMS82OS8xLzE0-tigres-de-la-uanl-vs-queretaro,  ,  https--www.ligafemenil.mx-cancha-playlist-91905-tigres-de-la-uanl-vs-queretaro,  
2018-2019,Apertura,  Lunes 16 de Julio de 2018-nTemporada 2018-2019-nTorneo Apertura-nJornada 1-n16 Julio 2018 - 1900 hrs.,  https--www.ligafemenil.mx-cancha-informeArbitral-91908-eyJpZERpdmlzaW9uIjoiMTQiLCJpZFRlbXBvcmFkYSI6IjY5IiwiaWRUb3JuZW8iOiIxIiwiaWRDbHVibG9jYWwiOjExMTgwLCJpZENsdWJ2aXNpdGEiOjExMTg4fQ==-informe-arbitral-tijuana-vs-pumas-jornada-1-estadio-caliente-fox-sports,  1 - 0,  https--www.ligafemenil.mx-cancha-estadio-48-estadio-caliente,  Caliente,  https--www.ligafemenil.mx-cancha-galeria-OTE5MDgvMS82OS8xLzE0-tijuana-vs-pumas,  ,  https--www.ligafemenil.mx-cancha-playlist-91908-tijuana-vs-pumas,  
2018-2019,Apertura,  Viernes 20 de Julio de 2018-nTemporada 2018-2019-nTorneo Apertura-nJornada 2-n20 Julio 2018 - 1900 hrs.,  https--www.ligafemenil.mx-cancha-informeArbitral-91911-eyJpZERpdmlzaW9uIjoiMTQiLCJpZFRlbXBvcmFkYSI6IjY5IiwiaWRUb3JuZW8iOiIxIiwiaWRDbHVibG9jYWwiOjExMjQzLCJpZENsdWJ2aXNpdGEiOjExMTg2fQ==-informe-arbitral-leon-vs-tigres-de-la-uanl-jornada-2-estadio-nou-camp,  1 - 3,  https--www.ligafemenil.mx-cancha-estadio-23-estadio-nou-camp,  Nou Camp,  https--www.ligafemenil.mx-cancha-galeria-OTE5MTEvMi82OS8xLzE0-leon-vs-tigres-de-la-uanl,  ,  https--www.ligafemenil.mx-cancha-playlist-91911-leon-vs-tigres-de-la-uanl,  
2018-2019,Apertura,  Sábado 21 de Julio de 2018-nTemporada 2018-2019-nTorneo Apertura-nJornada 2-n21 Julio 2018 - 1100 hrs.,  https--www.ligafemenil.mx-cancha-informeArbitral-91914-eyJpZERpdmlzaW9uIjoiMTQiLCJpZFRlbXBvcmFkYSI6IjY5IiwiaWRUb3JuZW8iOiIxIiwiaWRDbHVibG9jYWwiOjExMjQ1LCJpZENsdWJ2aXNpdGEiOjExMTgyfQ==-informe-arbitral-atlas-vs-guadalajara-jornada-2-estadio-jalisco-tvc-deportes,  0 - 2,  https--www.ligafemenil.mx-cancha-estadio-5-estadio-jalisco,  Jalisco,  https--www.ligafemenil.mx-cancha-galeria-OTE5MTQvMi82OS8xLzE0-atlas-vs-guadalajara,  ,  https--www.ligafemenil.mx-cancha-playlist-91914-atlas-vs-guadalajara,  
2018-2019,Apertura,  Domingo 22 de Julio de 2018-nTemporada 2018-2019-nTorneo Apertura-nJornada 2-n22 Julio 2018 - 1030 hrs.,  https--www.ligafemenil.mx-cancha-informeArbitral-91916-eyJpZERpdmlzaW9uIjoiMTQiLCJpZFRlbXBvcmFkYSI6IjY5IiwiaWRUb3JuZW8iOiIxIiwiaWRDbHVibG9jYWwiOjExMTg1LCJpZENsdWJ2aXNpdGEiOjExMTg5fQ==-informe-arbitral-rayados-de-monterrey-vs-necaxa-jornada-2-estadio-el-barrial,  4 - 0,  https--www.ligafemenil.mx-cancha-estadio-675-estadio-el-barrial,  El Barrial,  https--www.ligafemenil.mx-cancha-galeria-OTE5MTYvMi82OS8xLzE0-rayados-de-monterrey-vs-necaxa,  ,  https--www.ligafemenil.mx-cancha-playlist-91916-rayados-de-monterrey-vs-necaxa,  
2018-2019,Apertura,  Domingo 22 de Julio de 2018-nTemporada 2018-2019-nTorneo Apertura-nJornada 2-n22 Julio 2018 - 1830 hrs.,  https--www.ligafemenil.mx-cancha-informeArbitral-91918-eyJpZERpdmlzaW9uIjoiMTQiLCJpZFRlbXBvcmFkYSI6IjY5IiwiaWRUb3JuZW8iOiIxIiwiaWRDbHVibG9jYWwiOjExNTQyLCJpZENsdWJ2aXNpdGEiOjExMTgxfQ==-informe-arbitral-lobos-vs-cruz-azul-jornada-2-estadio-universitario-buap-tdn,  4 - 3,  https--www.ligafemenil.mx-cancha-estadio-75-estadio-universitario-buap,  Universitario BUAP,  https--www.ligafemenil.mx-cancha-galeria-OTE5MTgvMi82OS8xLzE0-lobos-vs-cruz-azul,  ,  https--www.ligafemenil.mx-cancha-playlist-91918-lobos-vs-cruz-azul,  
2018-2019,Apertura,  Lunes 23 de Julio de 2018-nTemporada 2018-2019-nTorneo Apertura-nJornada 2-n23 Julio 2018 - 1700 hrs.,  https--www.ligafemenil.mx-cancha-informeArbitral-91921-eyJpZERpdmlzaW9uIjoiMTQiLCJpZFRlbXBvcmFkYSI6IjY5IiwiaWRUb3JuZW8iOiIxIiwiaWRDbHVibG9jYWwiOjExMjQyLCJpZENsdWJ2aXNpdGEiOjExMTgwfQ==-informe-arbitral-veracruz-vs-tijuana-jornada-2-estadio-luis-pirata-fuente-am,  1 - 1,  https--www.ligafemenil.mx-cancha-estadio-57-estadio-luis-pirata-fuente,  Luis Pirata Fuente,  https--www.ligafemenil.mx-cancha-galeria-OTE5MjEvMi82OS8xLzE0-veracruz-vs-tijuana,  ,  https--www.ligafemenil.mx-cancha-playlist-91921-veracruz-vs-tijuana,  
2018-2019,Apertura,  Lunes 23 de Julio de 2018-nTemporada 2018-2019-nTorneo Apertura-nJornada 2-n23 Julio 2018 - 1900 hrs.,  https--www.ligafemenil.mx-cancha-informeArbitral-91924-eyJpZERpdmlzaW9uIjoiMTQiLCJpZFRlbXBvcmFkYSI6IjY5IiwiaWRUb3JuZW8iOiIxIiwiaWRDbHVibG9jYWwiOjExMTg0LCJpZENsdWJ2aXNpdGEiOjExNTQzfQ==-informe-arbitral-pachuca-vs-puebla-fc-jornada-2-estadio-hidalgo-fox-sports,  2 - 1,  https--www.ligafemenil.mx-cancha-estadio-11-estadio-hidalgo,  Hidalgo,  https--www.ligafemenil.mx-cancha-galeria-OTE5MjQvMi82OS8xLzE0-pachuca-vs-puebla-fc,  ,  https--www.ligafemenil.mx-cancha-playlist-91924-pachuca-vs-puebla-fc,  
2018-2019,Apertura,  Lunes 23 de Julio de 2018-nTemporada 2018-2019-nTorneo Apertura-nJornada 2-n23 Julio 2018 - 2000 hrs.,  https--www.ligafemenil.mx-cancha-informeArbitral-91926-eyJpZERpdmlzaW9uIjoiMTQiLCJpZFRlbXBvcmFkYSI6IjY5IiwiaWRUb3JuZW8iOiIxIiwiaWRDbHVibG9jYWwiOjExMTkxLCJpZENsdWJ2aXNpdGEiOjExMTg3fQ==-informe-arbitral-america-vs-toluca-jornada-2-estadio-azteca-tdn,  2 - 1,  https--www.ligafemenil.mx-cancha-estadio-1-estadio-azteca,  Azteca,  https--www.ligafemenil.mx-cancha-galeria-OTE5MjYvMi82OS8xLzE0-america-vs-toluca,  ,  https--www.ligafemenil.mx-cancha-playlist-91926-america-vs-toluca,  
2018-2019,Apertura,  Lunes 23 de Julio de 2018-nTemporada 2018-2019-nTorneo Apertura-nJornada 2-n23 Julio 2018 - 2100 hrs.,  https--www.ligafemenil.mx-cancha-informeArbitral-91928-eyJpZERpdmlzaW9uIjoiMTQiLCJpZFRlbXBvcmFkYSI6IjY5IiwiaWRUb3JuZW8iOiIxIiwiaWRDbHVibG9jYWwiOjExMTkyLCJpZENsdWJ2aXNpdGEiOjExMTgzfQ==-informe-arbitral-santos-laguna-vs-m-morelia-jornada-2-estadio-tsm-corona-fox-sports,  1 - 1,  https--www.ligafemenil.mx-cancha-estadio-63-estadio-tsm-corona,  TSM Corona,  https--www.ligafemenil.mx-cancha-galeria-OTE5MjgvMi82OS8xLzE0-santos-laguna-vs-m-morelia,  ,  https--www.ligafemenil.mx-cancha-playlist-91928-santos-laguna-vs-m-morelia,  
2018-2019,Apertura,  Viernes 27 de Julio de 2018-nTemporada 2018-2019-nTorneo Apertura-nJornada 3-n27 Julio 2018 - 1600 hrs.,  https--www.ligafemenil.mx-cancha-informeArbitral-91931-eyJpZERpdmlzaW9uIjoiMTQiLCJpZFRlbXBvcmFkYSI6IjY5IiwiaWRUb3JuZW8iOiIxIiwiaWRDbHVibG9jYWwiOjExMTgxLCJpZENsdWJ2aXNpdGEiOjExMTkxfQ==-informe-arbitral-cruz-azul-vs-america-jornada-3-estadio-10-de-diciembre,  0 - 3,  https--www.ligafemenil.mx-cancha-estadio-705-estadio-10-de-diciembre,  10 DE DICIEMBRE,  https--www.ligafemenil.mx-cancha-galeria-OTE5MzEvMy82OS8xLzE0-cruz-azul-vs-america,  ,  https--www.ligafemenil.mx-cancha-playlist-91931-cruz-azul-vs-america,  
2018-2019,Apertura,  Viernes 27 de Julio de 2018-nTemporada 2018-2019-nTorneo Apertura-nJornada 3-n27 Julio 2018 - 1600 hrs.,  https--www.ligafemenil.mx-cancha-informeArbitral-91933-eyJpZERpdmlzaW9uIjoiMTQiLCJpZFRlbXBvcmFkYSI6IjY5IiwiaWRUb3JuZW8iOiIxIiwiaWRDbHVibG9jYWwiOjExMjQ0LCJpZENsdWJ2aXNpdGEiOjExMjQzfQ==-informe-arbitral-queretaro-vs-leon-jornada-3-estadio-la-corregidora-claro-sports,  2 - 1,  https--www.ligafemenil.mx-cancha-estadio-25-estadio-la-corregidora,  La Corregidora,  https--www.ligafemenil.mx-cancha-galeria-OTE5MzMvMy82OS8xLzE0-queretaro-vs-leon,  ,  https--www.ligafemenil.mx-cancha-playlist-91933-queretaro-vs-leon,  
2018-2019,Apertura,  Sábado 28 de Julio de 2018-nTemporada 2018-2019-nTorneo Apertura-nJornada 3-n28 Julio 2018 - 1200 hrs.,  https--www.ligafemenil.mx-cancha-informeArbitral-91935-eyJpZERpdmlzaW9uIjoiMTQiLCJpZFRlbXBvcmFkYSI6IjY5IiwiaWRUb3JuZW8iOiIxIiwiaWRDbHVibG9jYWwiOjExMTg4LCJpZENsdWJ2aXNpdGEiOjExMjQyfQ==-informe-arbitral-pumas-vs-veracruz-jornada-3-estadio-la-cantera-cancha-1-tdn,  2 - 0,  https--www.ligafemenil.mx-cancha-estadio-1146-estadio-la-cantera-cancha-1,  La Cantera Cancha 1,  https--www.ligafemenil.mx-cancha-galeria-OTE5MzUvMy82OS8xLzE0-pumas-vs-veracruz,  ,  https--www.ligafemenil.mx-cancha-playlist-91935-pumas-vs-veracruz,  
2018-2019,Apertura,  Domingo 29 de Julio de 2018-nTemporada 2018-2019-nTorneo Apertura-nJornada 3-n29 Julio 2018 - 1200 hrs.,  https--www.ligafemenil.mx-cancha-informeArbitral-91937-eyJpZERpdmlzaW9uIjoiMTQiLCJpZFRlbXBvcmFkYSI6IjY5IiwiaWRUb3JuZW8iOiIxIiwiaWRDbHVibG9jYWwiOjExNTQzLCJpZENsdWJ2aXNpdGEiOjExNTQyfQ==-informe-arbitral-puebla-fc-vs-lobos-jornada-3-estadio-cuauhtemoc,  0 - 0,  https--www.ligafemenil.mx-cancha-estadio-9-estadio-cuauhtemoc,  Cuauhtémoc,  https--www.ligafemenil.mx-cancha-galeria-OTE5MzcvMy82OS8xLzE0-puebla-fc-vs-lobos,  ,  https--www.ligafemenil.mx-cancha-playlist-91937-puebla-fc-vs-lobos,  
2018-2019,Apertura,  Domingo 29 de Julio de 2018-nTemporada 2018-2019-nTorneo Apertura-nJornada 3-n29 Julio 2018 - 1230 hrs.,  https--www.ligafemenil.mx-cancha-informeArbitral-91939-eyJpZERpdmlzaW9uIjoiMTQiLCJpZFRlbXBvcmFkYSI6IjY5IiwiaWRUb3JuZW8iOiIxIiwiaWRDbHVibG9jYWwiOjExMTgyLCJpZENsdWJ2aXNpdGEiOjExMTkyfQ==-informe-arbitral-guadalajara-vs-santos-laguna-jornada-3-estadio-verde-valle-chivas-tv,  3 - 1,  https--www.ligafemenil.mx-cancha-estadio-36-estadio-verde-valle,  Verde Valle,  https--www.ligafemenil.mx-cancha-galeria-OTE5MzkvMy82OS8xLzE0-guadalajara-vs-santos-laguna,  ,  https--www.ligafemenil.mx-cancha-playlist-91939-guadalajara-vs-santos-laguna,  
2018-2019,Apertura,  Lunes 30 de Julio de 2018-nTemporada 2018-2019-nTorneo Apertura-nJornada 3-n30 Julio 2018 - 1600 hrs.,  https--www.ligafemenil.mx-cancha-informeArbitral-91942-eyJpZERpdmlzaW9uIjoiMTQiLCJpZFRlbXBvcmFkYSI6IjY5IiwiaWRUb3JuZW8iOiIxIiwiaWRDbHVibG9jYWwiOjExMTgzLCJpZENsdWJ2aXNpdGEiOjExMTg1fQ==-informe-arbitral-m-morelia-vs-rayados-de-monterrey-jornada-3-estadio-jose-maria-morelos-y-pavon,  1 - 1,  https--www.ligafemenil.mx-cancha-estadio-10-estadio-jose-maria-morelos-y-pavon,  José María Morelos y Pavón,  https--www.ligafemenil.mx-cancha-galeria-OTE5NDIvMy82OS8xLzE0-m-morelia-vs-rayados-de-monterrey,  ,  https--www.ligafemenil.mx-cancha-playlist-91942-m-morelia-vs-rayados-de-monterrey,  
2018-2019,Apertura,  Lunes 30 de Julio de 2018-nTemporada 2018-2019-nTorneo Apertura-nJornada 3-n30 Julio 2018 - 2000 hrs.,  https--www.ligafemenil.mx-cancha-informeArbitral-91944-eyJpZERpdmlzaW9uIjoiMTQiLCJpZFRlbXBvcmFkYSI6IjY5IiwiaWRUb3JuZW8iOiIxIiwiaWRDbHVibG9jYWwiOjExMTg2LCJpZENsdWJ2aXNpdGEiOjExMjQ1fQ==-informe-arbitral-tigres-de-la-uanl-vs-atlas-jornada-3-estadio-universitario,  2 - 2,  https--www.ligafemenil.mx-cancha-estadio-12-estadio-universitario,  Universitario,  https--www.ligafemenil.mx-cancha-galeria-OTE5NDQvMy82OS8xLzE0-tigres-de-la-uanl-vs-atlas,  ,  https--www.ligafemenil.mx-cancha-playlist-91944-tigres-de-la-uanl-vs-atlas,  
2018-2019,Apertura,  Lunes 30 de Julio de 2018-nTemporada 2018-2019-nTorneo Apertura-nJornada 3-n30 Julio 2018 - 1900 hrs.,  https--www.ligafemenil.mx-cancha-informeArbitral-91947-eyJpZERpdmlzaW9uIjoiMTQiLCJpZFRlbXBvcmFkYSI6IjY5IiwiaWRUb3JuZW8iOiIxIiwiaWRDbHVibG9jYWwiOjExMTgwLCJpZENsdWJ2aXNpdGEiOjExMTg0fQ==-informe-arbitral-tijuana-vs-pachuca-jornada-3-estadio-caliente,  1 - 0,  https--www.ligafemenil.mx-cancha-estadio-48-estadio-caliente,  Caliente,  https--www.ligafemenil.mx-cancha-galeria-OTE5NDcvMy82OS8xLzE0-tijuana-vs-pachuca,  ,  https--www.ligafemenil.mx-cancha-playlist-91947-tijuana-vs-pachuca,  
2018-2019,Apertura,  Viernes 3 de Agosto de 2018-nTemporada 2018-2019-nTorneo Apertura-nJornada 4-n3 Agosto 2018 - 1600 hrs.,  https--www.ligafemenil.mx-cancha-informeArbitral-91951-eyJpZERpdmlzaW9uIjoiMTQiLCJpZFRlbXBvcmFkYSI6IjY5IiwiaWRUb3JuZW8iOiIxIiwiaWRDbHVibG9jYWwiOjExMTg5LCJpZENsdWJ2aXNpdGEiOjExMTgzfQ==-informe-arbitral-necaxa-vs-m-morelia-jornada-4-estadio-victoria-claro-sports,  0 - 0,  https--www.ligafemenil.mx-cancha-estadio-15-estadio-victoria,  Victoria,  https--www.ligafemenil.mx-cancha-galeria-OTE5NTEvNC82OS8xLzE0-necaxa-vs-m-morelia,  ,  https--www.ligafemenil.mx-cancha-playlist-91951-necaxa-vs-m-morelia,  
2018-2019,Apertura,  Sábado 4 de Agosto de 2018-nTemporada 2018-2019-nTorneo Apertura-nJornada 4-n4 Agosto 2018 - 1100 hrs.,  https--www.ligafemenil.mx-cancha-informeArbitral-91953-eyJpZERpdmlzaW9uIjoiMTQiLCJpZFRlbXBvcmFkYSI6IjY5IiwiaWRUb3JuZW8iOiIxIiwiaWRDbHVibG9jYWwiOjExMjQ1LCJpZENsdWJ2aXNpdGEiOjExMjQ0fQ==-informe-arbitral-atlas-vs-queretaro-jornada-4-estadio-colomos-tvc-deportes,  5 - 0,  https--www.ligafemenil.mx-cancha-estadio-109-estadio-colomos,  Colomos,  https--www.ligafemenil.mx-cancha-galeria-OTE5NTMvNC82OS8xLzE0-atlas-vs-queretaro,  ,  https--www.ligafemenil.mx-cancha-playlist-91953-atlas-vs-queretaro,  
2018-2019,Apertura,  Domingo 5 de Agosto de 2018-nTemporada 2018-2019-nTorneo Apertura-nJornada 4-n5 Agosto 2018 - 1600 hrs.,  https--www.ligafemenil.mx-cancha-informeArbitral-91965-eyJpZERpdmlzaW9uIjoiMTQiLCJpZFRlbXBvcmFkYSI6IjY5IiwiaWRUb3JuZW8iOiIxIiwiaWRDbHVibG9jYWwiOjExMTkxLCJpZENsdWJ2aXNpdGEiOjExNTQzfQ==-informe-arbitral-america-vs-puebla-fc-jornada-4-estadio-cancha-centenario-no-5-natural-instalaciones-club-america-tdn,  2 - 0,  https--www.ligafemenil.mx-cancha-estadio-1421-estadio-cancha-centenario-no-5-natural-instalaciones-club-america,  Cancha Centenario No. 5 (Natural) Instalaciones Club América,  https--www.ligafemenil.mx-cancha-galeria-OTE5NjUvNC82OS8xLzE0-america-vs-puebla-fc,  ,  https--www.ligafemenil.mx-cancha-playlist-91965-america-vs-puebla-fc,  
2018-2019,Apertura,  Domingo 5 de Agosto de 2018-nTemporada 2018-2019-nTorneo Apertura-nJornada 4-n5 Agosto 2018 - 1830 hrs.,  https--www.ligafemenil.mx-cancha-informeArbitral-91958-eyJpZERpdmlzaW9uIjoiMTQiLCJpZFRlbXBvcmFkYSI6IjY5IiwiaWRUb3JuZW8iOiIxIiwiaWRDbHVibG9jYWwiOjExNTQyLCJpZENsdWJ2aXNpdGEiOjExMTgwfQ==-informe-arbitral-lobos-vs-tijuana-jornada-4-estadio-universitario-buap-tdn,  2 - 1,  https--www.ligafemenil.mx-cancha-estadio-75-estadio-universitario-buap,  Universitario BUAP,  https--www.ligafemenil.mx-cancha-galeria-OTE5NTgvNC82OS8xLzE0-lobos-vs-tijuana,  ,  https--www.ligafemenil.mx-cancha-playlist-91958-lobos-vs-tijuana,  
2018-2019,Apertura,  Lunes 6 de Agosto de 2018-nTemporada 2018-2019-nTorneo Apertura-nJornada 4-n6 Agosto 2018 - 1800 hrs.,  https--www.ligafemenil.mx-cancha-informeArbitral-91959-eyJpZERpdmlzaW9uIjoiMTQiLCJpZFRlbXBvcmFkYSI6IjY5IiwiaWRUb3JuZW8iOiIxIiwiaWRDbHVibG9jYWwiOjExMTg3LCJpZENsdWJ2aXNpdGEiOjExMTgxfQ==-informe-arbitral-toluca-vs-cruz-azul-jornada-4-estadio-nemesio-diez-tdn,  5 - 0,  https--www.ligafemenil.mx-cancha-estadio-6-estadio-nemesio-diez,  Nemesio Diez,  https--www.ligafemenil.mx-cancha-galeria-OTE5NTkvNC82OS8xLzE0-toluca-vs-cruz-azul,  ,  https--www.ligafemenil.mx-cancha-playlist-91959-toluca-vs-cruz-azul,  
2018-2019,Apertura,  Lunes 6 de Agosto de 2018-nTemporada 2018-2019-nTorneo Apertura-nJornada 4-n6 Agosto 2018 - 1900 hrs.,  https--www.ligafemenil.mx-cancha-informeArbitral-91962-eyJpZERpdmlzaW9uIjoiMTQiLCJpZFRlbXBvcmFkYSI6IjY5IiwiaWRUb3JuZW8iOiIxIiwiaWRDbHVibG9jYWwiOjExMTg0LCJpZENsdWJ2aXNpdGEiOjExMTg4fQ==-informe-arbitral-pachuca-vs-pumas-jornada-4-estadio-hidalgo-fox-sports,  1 - 0,  https--www.ligafemenil.mx-cancha-estadio-11-estadio-hidalgo,  Hidalgo,  https--www.ligafemenil.mx-cancha-galeria-OTE5NjIvNC82OS8xLzE0-pachuca-vs-pumas,  ,  https--www.ligafemenil.mx-cancha-playlist-91962-pachuca-vs-pumas,  
2018-2019,Apertura,  Lunes 6 de Agosto de 2018-nTemporada 2018-2019-nTorneo Apertura-nJornada 4-n6 Agosto 2018 - 2100 hrs.,  https--www.ligafemenil.mx-cancha-informeArbitral-91955-eyJpZERpdmlzaW9uIjoiMTQiLCJpZFRlbXBvcmFkYSI6IjY5IiwiaWRUb3JuZW8iOiIxIiwiaWRDbHVibG9jYWwiOjExMTg1LCJpZENsdWJ2aXNpdGEiOjExMTgyfQ==-informe-arbitral-rayados-de-monterrey-vs-guadalajara-jornada-4-estadio-bbva-bancomer-fox-sports,  0 - 0,  https--www.ligafemenil.mx-cancha-estadio-793-estadio-bbva-bancomer,  Estadio BBVA Bancomer,  https--www.ligafemenil.mx-cancha-galeria-OTE5NTUvNC82OS8xLzE0-rayados-de-monterrey-vs-guadalajara,  ,  https--www.ligafemenil.mx-cancha-playlist-91955-rayados-de-monterrey-vs-guadalajara,  
2018-2019,Apertura,  Lunes 6 de Agosto de 2018-nTemporada 2018-2019-nTorneo Apertura-nJornada 4-n6 Agosto 2018 - 2100 hrs.,  https--www.ligafemenil.mx-cancha-informeArbitral-91967-eyJpZERpdmlzaW9uIjoiMTQiLCJpZFRlbXBvcmFkYSI6IjY5IiwiaWRUb3JuZW8iOiIxIiwiaWRDbHVibG9jYWwiOjExMTkyLCJpZENsdWJ2aXNpdGEiOjExMTg2fQ==-informe-arbitral-santos-laguna-vs-tigres-de-la-uanl-jornada-4-estadio-tsm-corona,  1 - 4,  https--www.ligafemenil.mx-cancha-estadio-63-estadio-tsm-corona,  TSM Corona,  https--www.ligafemenil.mx-cancha-galeria-OTE5NjcvNC82OS8xLzE0-santos-laguna-vs-tigres-de-la-uanl,  ,  https--www.ligafemenil.mx-cancha-playlist-91967-santos-laguna-vs-tigres-de-la-uanl,  
2018-2019,Apertura,  Viernes 10 de Agosto de 2018-nTemporada 2018-2019-nTorneo Apertura-nJornada 5-n10 Agosto 2018 - 1600 hrs.,  https--www.ligafemenil.mx-cancha-informeArbitral-91969-eyJpZERpdmlzaW9uIjoiMTQiLCJpZFRlbXBvcmFkYSI6IjY5IiwiaWRUb3JuZW8iOiIxIiwiaWRDbHVibG9jYWwiOjExMjQ0LCJpZENsdWJ2aXNpdGEiOjExMTkyfQ==-informe-arbitral-queretaro-vs-santos-laguna-jornada-5-estadio-la-corregidora-claro-sports,  3 - 1,  https--www.ligafemenil.mx-cancha-estadio-25-estadio-la-corregidora,  La Corregidora,  https--www.ligafemenil.mx-cancha-galeria-OTE5NjkvNS82OS8xLzE0-queretaro-vs-santos-laguna,  ,  https--www.ligafemenil.mx-cancha-playlist-91969-queretaro-vs-santos-laguna,  
2018-2019,Apertura,  Sábado 11 de Agosto de 2018-nTemporada 2018-2019-nTorneo Apertura-nJornada 5-n11 Agosto 2018 - 1200 hrs.,  https--www.ligafemenil.mx-cancha-informeArbitral-91973-eyJpZERpdmlzaW9uIjoiMTQiLCJpZFRlbXBvcmFkYSI6IjY5IiwiaWRUb3JuZW8iOiIxIiwiaWRDbHVibG9jYWwiOjExMTg4LCJpZENsdWJ2aXNpdGEiOjExNTQyfQ==-informe-arbitral-pumas-vs-lobos-jornada-5-estadio-la-cantera-cancha-1-tdn,  1 - 0,  https--www.ligafemenil.mx-cancha-estadio-1146-estadio-la-cantera-cancha-1,  La Cantera Cancha 1,  https--www.ligafemenil.mx-cancha-galeria-OTE5NzMvNS82OS8xLzE0-pumas-vs-lobos,  ,  https--www.ligafemenil.mx-cancha-playlist-91973-pumas-vs-lobos,  
2018-2019,Apertura,  Domingo 12 de Agosto de 2018-nTemporada 2018-2019-nTorneo Apertura-nJornada 5-n12 Agosto 2018 - 1200 hrs.,  https--www.ligafemenil.mx-cancha-informeArbitral-91974-eyJpZERpdmlzaW9uIjoiMTQiLCJpZFRlbXBvcmFkYSI6IjY5IiwiaWRUb3JuZW8iOiIxIiwiaWRDbHVibG9jYWwiOjExNTQzLCJpZENsdWJ2aXNpdGEiOjExMTg3fQ==-informe-arbitral-puebla-fc-vs-toluca-jornada-5-estadio-cuauhtemoc,  1 - 2,  https--www.ligafemenil.mx-cancha-estadio-9-estadio-cuauhtemoc,  Cuauhtémoc,  https--www.ligafemenil.mx-cancha-galeria-OTE5NzQvNS82OS8xLzE0-puebla-fc-vs-toluca,  ,  https--www.ligafemenil.mx-cancha-playlist-91974-puebla-fc-vs-toluca,  
2018-2019,Apertura,  Lunes 13 de Agosto de 2018-nTemporada 2018-2019-nTorneo Apertura-nJornada 5-n13 Agosto 2018 - 1630 hrs.,  https--www.ligafemenil.mx-cancha-informeArbitral-91975-eyJpZERpdmlzaW9uIjoiMTQiLCJpZFRlbXBvcmFkYSI6IjY5IiwiaWRUb3JuZW8iOiIxIiwiaWRDbHVibG9jYWwiOjExMTgyLCJpZENsdWJ2aXNpdGEiOjExMTg5fQ==-informe-arbitral-guadalajara-vs-necaxa-jornada-5-estadio-verde-valle-chivas-tv,  1 - 0,  https--www.ligafemenil.mx-cancha-estadio-36-estadio-verde-valle,  Verde Valle,  https--www.ligafemenil.mx-cancha-galeria-OTE5NzUvNS82OS8xLzE0-guadalajara-vs-necaxa,  ,  https--www.ligafemenil.mx-cancha-playlist-91975-guadalajara-vs-necaxa,  
2018-2019,Apertura,  Lunes 13 de Agosto de 2018-nTemporada 2018-2019-nTorneo Apertura-nJornada 5-n13 Agosto 2018 - 1800 hrs.,  https--www.ligafemenil.mx-cancha-informeArbitral-91976-eyJpZERpdmlzaW9uIjoiMTQiLCJpZFRlbXBvcmFkYSI6IjY5IiwiaWRUb3JuZW8iOiIxIiwiaWRDbHVibG9jYWwiOjExMjQyLCJpZENsdWJ2aXNpdGEiOjExMTg0fQ==-informe-arbitral-veracruz-vs-pachuca-jornada-5-estadio-luis-pirata-fuente-am,  2 - 2,  https--www.ligafemenil.mx-cancha-estadio-57-estadio-luis-pirata-fuente,  Luis Pirata Fuente,  https--www.ligafemenil.mx-cancha-galeria-OTE5NzYvNS82OS8xLzE0-veracruz-vs-pachuca,  ,  https--www.ligafemenil.mx-cancha-playlist-91976-veracruz-vs-pachuca,  
2018-2019,Apertura,  Lunes 13 de Agosto de 2018-nTemporada 2018-2019-nTorneo Apertura-nJornada 5-n13 Agosto 2018 - 1900 hrs.,  https--www.ligafemenil.mx-cancha-informeArbitral-91972-eyJpZERpdmlzaW9uIjoiMTQiLCJpZFRlbXBvcmFkYSI6IjY5IiwiaWRUb3JuZW8iOiIxIiwiaWRDbHVibG9jYWwiOjExMjQzLCJpZENsdWJ2aXNpdGEiOjExMjQ1fQ==-informe-arbitral-leon-vs-atlas-jornada-5-estadio-nou-camp-fox-sports,  1 - 2,  https--www.ligafemenil.mx-cancha-estadio-23-estadio-nou-camp,  Nou Camp,  https--www.ligafemenil.mx-cancha-galeria-OTE5NzIvNS82OS8xLzE0-leon-vs-atlas,  ,  https--www.ligafemenil.mx-cancha-playlist-91972-leon-vs-atlas,  
2018-2019,Apertura,  Lunes 13 de Agosto de 2018-nTemporada 2018-2019-nTorneo Apertura-nJornada 5-n13 Agosto 2018 - 2000 hrs.,  https--www.ligafemenil.mx-cancha-informeArbitral-91977-eyJpZERpdmlzaW9uIjoiMTQiLCJpZFRlbXBvcmFkYSI6IjY5IiwiaWRUb3JuZW8iOiIxIiwiaWRDbHVibG9jYWwiOjExMTg2LCJpZENsdWJ2aXNpdGEiOjExMTg1fQ==-informe-arbitral-tigres-de-la-uanl-vs-rayados-de-monterrey-jornada-5-estadio-universitario-tdn,  2 - 2,  https--www.ligafemenil.mx-cancha-estadio-12-estadio-universitario,  Universitario,  https--www.ligafemenil.mx-cancha-galeria-OTE5NzcvNS82OS8xLzE0-tigres-de-la-uanl-vs-rayados-de-monterrey,  ,  https--www.ligafemenil.mx-cancha-playlist-91977-tigres-de-la-uanl-vs-rayados-de-monterrey,  
2018-2019,Apertura,  Lunes 13 de Agosto de 2018-nTemporada 2018-2019-nTorneo Apertura-nJornada 5-n13 Agosto 2018 - 1900 hrs.,  https--www.ligafemenil.mx-cancha-informeArbitral-91978-eyJpZERpdmlzaW9uIjoiMTQiLCJpZFRlbXBvcmFkYSI6IjY5IiwiaWRUb3JuZW8iOiIxIiwiaWRDbHVibG9jYWwiOjExMTgwLCJpZENsdWJ2aXNpdGEiOjExMTkxfQ==-informe-arbitral-tijuana-vs-america-jornada-5-estadio-caliente-fox-sports,  0 - 1,  https--www.ligafemenil.mx-cancha-estadio-48-estadio-caliente,  Caliente,  https--www.ligafemenil.mx-cancha-galeria-OTE5NzgvNS82OS8xLzE0-tijuana-vs-america,  ,  https--www.ligafemenil.mx-cancha-playlist-91978-tijuana-vs-america,  
2018-2019,Apertura,  Viernes 17 de Agosto de 2018-nTemporada 2018-2019-nTorneo Apertura-nJornada 6-n17 Agosto 2018 - 1600 hrs.,  https--www.ligafemenil.mx-cancha-informeArbitral-91980-eyJpZERpdmlzaW9uIjoiMTQiLCJpZFRlbXBvcmFkYSI6IjY5IiwiaWRUb3JuZW8iOiIxIiwiaWRDbHVibG9jYWwiOjExMTgxLCJpZENsdWJ2aXNpdGEiOjExNTQzfQ==-informe-arbitral-cruz-azul-vs-puebla-fc-jornada-6-estadio-10-de-diciembre-tdn,  0 - 0,  https--www.ligafemenil.mx-cancha-estadio-705-estadio-10-de-diciembre,  10 DE DICIEMBRE,  https--www.ligafemenil.mx-cancha-galeria-OTE5ODAvNi82OS8xLzE0-cruz-azul-vs-puebla-fc,  ,  https--www.ligafemenil.mx-cancha-playlist-91980-cruz-azul-vs-puebla-fc,  
2018-2019,Apertura,  Viernes 17 de Agosto de 2018-nTemporada 2018-2019-nTorneo Apertura-nJornada 6-n17 Agosto 2018 - 1600 hrs.,  https--www.ligafemenil.mx-cancha-informeArbitral-91981-eyJpZERpdmlzaW9uIjoiMTQiLCJpZFRlbXBvcmFkYSI6IjY5IiwiaWRUb3JuZW8iOiIxIiwiaWRDbHVibG9jYWwiOjExMTg5LCJpZENsdWJ2aXNpdGEiOjExMTg2fQ==-informe-arbitral-necaxa-vs-tigres-de-la-uanl-jornada-6-estadio-victoria-claro-sports,  1 - 3,  https--www.ligafemenil.mx-cancha-estadio-15-estadio-victoria,  Victoria,  https--www.ligafemenil.mx-cancha-galeria-OTE5ODEvNi82OS8xLzE0-necaxa-vs-tigres-de-la-uanl,  ,  https--www.ligafemenil.mx-cancha-playlist-91981-necaxa-vs-tigres-de-la-uanl,  
2018-2019,Apertura,  Domingo 19 de Agosto de 2018-nTemporada 2018-2019-nTorneo Apertura-nJornada 6-n19 Agosto 2018 - 1000 hrs.,  https--www.ligafemenil.mx-cancha-informeArbitral-91985-eyJpZERpdmlzaW9uIjoiMTQiLCJpZFRlbXBvcmFkYSI6IjY5IiwiaWRUb3JuZW8iOiIxIiwiaWRDbHVibG9jYWwiOjExNTQyLCJpZENsdWJ2aXNpdGEiOjExMjQyfQ==-informe-arbitral-lobos-vs-veracruz-jornada-6-estadio-universitario-buap-tdn,  0 - 2,  https--www.ligafemenil.mx-cancha-estadio-75-estadio-universitario-buap,  Universitario BUAP,  https--www.ligafemenil.mx-cancha-galeria-OTE5ODUvNi82OS8xLzE0-lobos-vs-veracruz,  ,  https--www.ligafemenil.mx-cancha-playlist-91985-lobos-vs-veracruz,  
2018-2019,Apertura,  Domingo 19 de Agosto de 2018-nTemporada 2018-2019-nTorneo Apertura-nJornada 6-n19 Agosto 2018 - 1030 hrs.,  https--www.ligafemenil.mx-cancha-informeArbitral-91982-eyJpZERpdmlzaW9uIjoiMTQiLCJpZFRlbXBvcmFkYSI6IjY5IiwiaWRUb3JuZW8iOiIxIiwiaWRDbHVibG9jYWwiOjExMTg1LCJpZENsdWJ2aXNpdGEiOjExMjQ0fQ==-informe-arbitral-rayados-de-monterrey-vs-queretaro-jornada-6-estadio-el-barrial,  8 - 0,  https--www.ligafemenil.mx-cancha-estadio-675-estadio-el-barrial,  El Barrial,  https--www.ligafemenil.mx-cancha-galeria-OTE5ODIvNi82OS8xLzE0-rayados-de-monterrey-vs-queretaro,  ,  https--www.ligafemenil.mx-cancha-playlist-91982-rayados-de-monterrey-vs-queretaro,  
2018-2019,Apertura,  Domingo 19 de Agosto de 2018-nTemporada 2018-2019-nTorneo Apertura-nJornada 6-n19 Agosto 2018 - 1600 hrs.,  https--www.ligafemenil.mx-cancha-informeArbitral-91993-eyJpZERpdmlzaW9uIjoiMTQiLCJpZFRlbXBvcmFkYSI6IjY5IiwiaWRUb3JuZW8iOiIxIiwiaWRDbHVibG9jYWwiOjExMTkxLCJpZENsdWJ2aXNpdGEiOjExMTg4fQ==-informe-arbitral-america-vs-pumas-jornada-6-estadio-cancha-centenario-no-5-natural-instalaciones-club-america,  0 - 1,  https--www.ligafemenil.mx-cancha-estadio-1421-estadio-cancha-centenario-no-5-natural-instalaciones-club-america,  Cancha Centenario No. 5 (Natural) Instalaciones Club América,  https--www.ligafemenil.mx-cancha-galeria-OTE5OTMvNi82OS8xLzE0-america-vs-pumas,  ,  https--www.ligafemenil.mx-cancha-playlist-91993-america-vs-pumas,  
2018-2019,Apertura,  Lunes 20 de Agosto de 2018-nTemporada 2018-2019-nTorneo Apertura-nJornada 6-n20 Agosto 2018 - 1600 hrs.,  https--www.ligafemenil.mx-cancha-informeArbitral-91989-eyJpZERpdmlzaW9uIjoiMTQiLCJpZFRlbXBvcmFkYSI6IjY5IiwiaWRUb3JuZW8iOiIxIiwiaWRDbHVibG9jYWwiOjExMTgzLCJpZENsdWJ2aXNpdGEiOjExMTgyfQ==-informe-arbitral-m-morelia-vs-guadalajara-jornada-6-estadio-jose-maria-morelos-y-pavon-am,  1 - 5,  https--www.ligafemenil.mx-cancha-estadio-10-estadio-jose-maria-morelos-y-pavon,  José María Morelos y Pavón,  https--www.ligafemenil.mx-cancha-galeria-OTE5ODkvNi82OS8xLzE0-m-morelia-vs-guadalajara,  ,  https--www.ligafemenil.mx-cancha-playlist-91989-m-morelia-vs-guadalajara,  
2018-2019,Apertura,  Lunes 20 de Agosto de 2018-nTemporada 2018-2019-nTorneo Apertura-nJornada 6-n20 Agosto 2018 - 1900 hrs.,  https--www.ligafemenil.mx-cancha-informeArbitral-91991-eyJpZERpdmlzaW9uIjoiMTQiLCJpZFRlbXBvcmFkYSI6IjY5IiwiaWRUb3JuZW8iOiIxIiwiaWRDbHVibG9jYWwiOjExMTgwLCJpZENsdWJ2aXNpdGEiOjExMTg3fQ==-informe-arbitral-tijuana-vs-toluca-jornada-6-estadio-caliente,  1 - 2,  https--www.ligafemenil.mx-cancha-estadio-48-estadio-caliente,  Caliente,  https--www.ligafemenil.mx-cancha-galeria-OTE5OTEvNi82OS8xLzE0-tijuana-vs-toluca,  ,  https--www.ligafemenil.mx-cancha-playlist-91991-tijuana-vs-toluca,  
2018-2019,Apertura,  Lunes 20 de Agosto de 2018-nTemporada 2018-2019-nTorneo Apertura-nJornada 6-n20 Agosto 2018 - 2100 hrs.,  https--www.ligafemenil.mx-cancha-informeArbitral-91996-eyJpZERpdmlzaW9uIjoiMTQiLCJpZFRlbXBvcmFkYSI6IjY5IiwiaWRUb3JuZW8iOiIxIiwiaWRDbHVibG9jYWwiOjExMTkyLCJpZENsdWJ2aXNpdGEiOjExMjQzfQ==-informe-arbitral-santos-laguna-vs-leon-jornada-6-estadio-tsm-corona-fox-sports,  1 - 2,  https--www.ligafemenil.mx-cancha-estadio-63-estadio-tsm-corona,  TSM Corona,  https--www.ligafemenil.mx-cancha-galeria-OTE5OTYvNi82OS8xLzE0-santos-laguna-vs-leon,  ,  https--www.ligafemenil.mx-cancha-playlist-91996-santos-laguna-vs-leon,  
2018-2019,Apertura,  Viernes 24 de Agosto de 2018-nTemporada 2018-2019-nTorneo Apertura-nJornada 7-n24 Agosto 2018 - 1600 hrs.,  https--www.ligafemenil.mx-cancha-informeArbitral-91890-eyJpZERpdmlzaW9uIjoiMTQiLCJpZFRlbXBvcmFkYSI6IjY5IiwiaWRUb3JuZW8iOiIxIiwiaWRDbHVibG9jYWwiOjExMjQ0LCJpZENsdWJ2aXNpdGEiOjExMTg5fQ==-informe-arbitral-queretaro-vs-necaxa-jornada-7-estadio-la-corregidora-claro-sports,  0 - 0,  https--www.ligafemenil.mx-cancha-estadio-25-estadio-la-corregidora,  La Corregidora,  https--www.ligafemenil.mx-cancha-galeria-OTE4OTAvNy82OS8xLzE0-queretaro-vs-necaxa,  ,  https--www.ligafemenil.mx-cancha-playlist-91890-queretaro-vs-necaxa,  
2018-2019,Apertura,  Sábado 25 de Agosto de 2018-nTemporada 2018-2019-nTorneo Apertura-nJornada 7-n25 Agosto 2018 - 1100 hrs.,  https--www.ligafemenil.mx-cancha-informeArbitral-91892-eyJpZERpdmlzaW9uIjoiMTQiLCJpZFRlbXBvcmFkYSI6IjY5IiwiaWRUb3JuZW8iOiIxIiwiaWRDbHVibG9jYWwiOjExMjQ1LCJpZENsdWJ2aXNpdGEiOjExMTkyfQ==-informe-arbitral-atlas-vs-santos-laguna-jornada-7-estadio-colomos-tvc-deportes,  1 - 0,  https--www.ligafemenil.mx-cancha-estadio-109-estadio-colomos,  Colomos,  https--www.ligafemenil.mx-cancha-galeria-OTE4OTIvNy82OS8xLzE0-atlas-vs-santos-laguna,  ,  https--www.ligafemenil.mx-cancha-playlist-91892-atlas-vs-santos-laguna,  
2018-2019,Apertura,  Lunes 27 de Agosto de 2018-nTemporada 2018-2019-nTorneo Apertura-nJornada 7-n27 Agosto 2018 - 1600 hrs.,  https--www.ligafemenil.mx-cancha-informeArbitral-91893-eyJpZERpdmlzaW9uIjoiMTQiLCJpZFRlbXBvcmFkYSI6IjY5IiwiaWRUb3JuZW8iOiIxIiwiaWRDbHVibG9jYWwiOjExMTg4LCJpZENsdWJ2aXNpdGEiOjExMTg3fQ==-informe-arbitral-pumas-vs-toluca-jornada-7-estadio-la-cantera-cancha-1,  0 - 0,  https--www.ligafemenil.mx-cancha-estadio-1146-estadio-la-cantera-cancha-1,  La Cantera Cancha 1,  https--www.ligafemenil.mx-cancha-galeria-OTE4OTMvNy82OS8xLzE0-pumas-vs-toluca,  ,  https--www.ligafemenil.mx-cancha-playlist-91893-pumas-vs-toluca,  
2018-2019,Apertura,  Lunes 27 de Agosto de 2018-nTemporada 2018-2019-nTorneo Apertura-nJornada 7-n27 Agosto 2018 - 1800 hrs.,  https--www.ligafemenil.mx-cancha-informeArbitral-91895-eyJpZERpdmlzaW9uIjoiMTQiLCJpZFRlbXBvcmFkYSI6IjY5IiwiaWRUb3JuZW8iOiIxIiwiaWRDbHVibG9jYWwiOjExMjQyLCJpZENsdWJ2aXNpdGEiOjExMTkxfQ==-informe-arbitral-veracruz-vs-america-jornada-7-estadio-luis-pirata-fuente-am,  0 - 3,  https--www.ligafemenil.mx-cancha-estadio-57-estadio-luis-pirata-fuente,  Luis Pirata Fuente,  https--www.ligafemenil.mx-cancha-galeria-OTE4OTUvNy82OS8xLzE0-veracruz-vs-america,  ,  https--www.ligafemenil.mx-cancha-playlist-91895-veracruz-vs-america,  
2018-2019,Apertura,  Lunes 27 de Agosto de 2018-nTemporada 2018-2019-nTorneo Apertura-nJornada 7-n27 Agosto 2018 - 1900 hrs.,  https--www.ligafemenil.mx-cancha-informeArbitral-91897-eyJpZERpdmlzaW9uIjoiMTQiLCJpZFRlbXBvcmFkYSI6IjY5IiwiaWRUb3JuZW8iOiIxIiwiaWRDbHVibG9jYWwiOjExMTg0LCJpZENsdWJ2aXNpdGEiOjExNTQyfQ==-informe-arbitral-pachuca-vs-lobos-jornada-7-estadio-hidalgo,  1 - 0,  https--www.ligafemenil.mx-cancha-estadio-11-estadio-hidalgo,  Hidalgo,  https--www.ligafemenil.mx-cancha-galeria-OTE4OTcvNy82OS8xLzE0-pachuca-vs-lobos,  ,  https--www.ligafemenil.mx-cancha-playlist-91897-pachuca-vs-lobos,  
2018-2019,Apertura,  Lunes 27 de Agosto de 2018-nTemporada 2018-2019-nTorneo Apertura-nJornada 7-n27 Agosto 2018 - 1900 hrs.,  https--www.ligafemenil.mx-cancha-informeArbitral-91891-eyJpZERpdmlzaW9uIjoiMTQiLCJpZFRlbXBvcmFkYSI6IjY5IiwiaWRUb3JuZW8iOiIxIiwiaWRDbHVibG9jYWwiOjExMjQzLCJpZENsdWJ2aXNpdGEiOjExMTg1fQ==-informe-arbitral-leon-vs-rayados-de-monterrey-jornada-7-estadio-nou-camp-fox-sports,  1 - 1,  https--www.ligafemenil.mx-cancha-estadio-23-estadio-nou-camp,  Nou Camp,  https--www.ligafemenil.mx-cancha-galeria-OTE4OTEvNy82OS8xLzE0-leon-vs-rayados-de-monterrey,  ,  https--www.ligafemenil.mx-cancha-playlist-91891-leon-vs-rayados-de-monterrey,  
2018-2019,Apertura,  Lunes 27 de Agosto de 2018-nTemporada 2018-2019-nTorneo Apertura-nJornada 7-n27 Agosto 2018 - 2000 hrs.,  https--www.ligafemenil.mx-cancha-informeArbitral-91900-eyJpZERpdmlzaW9uIjoiMTQiLCJpZFRlbXBvcmFkYSI6IjY5IiwiaWRUb3JuZW8iOiIxIiwiaWRDbHVibG9jYWwiOjExMTg2LCJpZENsdWJ2aXNpdGEiOjExMTgzfQ==-informe-arbitral-tigres-de-la-uanl-vs-m-morelia-jornada-7-estadio-universitario-tdn,  4 - 0,  https--www.ligafemenil.mx-cancha-estadio-12-estadio-universitario,  Universitario,  https--www.ligafemenil.mx-cancha-galeria-OTE5MDAvNy82OS8xLzE0-tigres-de-la-uanl-vs-m-morelia,  ,  https--www.ligafemenil.mx-cancha-playlist-91900-tigres-de-la-uanl-vs-m-morelia,  
2018-2019,Apertura,  Lunes 27 de Agosto de 2018-nTemporada 2018-2019-nTorneo Apertura-nJornada 7-n27 Agosto 2018 - 1900 hrs.,  https--www.ligafemenil.mx-cancha-informeArbitral-91902-eyJpZERpdmlzaW9uIjoiMTQiLCJpZFRlbXBvcmFkYSI6IjY5IiwiaWRUb3JuZW8iOiIxIiwiaWRDbHVibG9jYWwiOjExMTgwLCJpZENsdWJ2aXNpdGEiOjExMTgxfQ==-informe-arbitral-tijuana-vs-cruz-azul-jornada-7-estadio-caliente-fox-sports,  1 - 1,  https--www.ligafemenil.mx-cancha-estadio-48-estadio-caliente,  Caliente,  https--www.ligafemenil.mx-cancha-galeria-OTE5MDIvNy82OS8xLzE0-tijuana-vs-cruz-azul,  ,  https--www.ligafemenil.mx-cancha-playlist-91902-tijuana-vs-cruz-azul,  
2018-2019,Apertura,  Viernes 7 de Septiembre de 2018-nTemporada 2018-2019-nTorneo Apertura-nJornada 8-n7 Septiembre 2018 - 1600 hrs.,  https--www.ligafemenil.mx-cancha-informeArbitral-91906-eyJpZERpdmlzaW9uIjoiMTQiLCJpZFRlbXBvcmFkYSI6IjY5IiwiaWRUb3JuZW8iOiIxIiwiaWRDbHVibG9jYWwiOjExMTg5LCJpZENsdWJ2aXNpdGEiOjExMjQzfQ==-informe-arbitral-necaxa-vs-leon-jornada-8-estadio-victoria-claro-sports,  0 - 0,  https--www.ligafemenil.mx-cancha-estadio-15-estadio-victoria,  Victoria,  https--www.ligafemenil.mx-cancha-galeria-OTE5MDYvOC82OS8xLzE0-necaxa-vs-leon,  ,  https--www.ligafemenil.mx-cancha-playlist-91906-necaxa-vs-leon,  
2018-2019,Apertura,  Viernes 7 de Septiembre de 2018-nTemporada 2018-2019-nTorneo Apertura-nJornada 8-n7 Septiembre 2018 - 1600 hrs.,  https--www.ligafemenil.mx-cancha-informeArbitral-91904-eyJpZERpdmlzaW9uIjoiMTQiLCJpZFRlbXBvcmFkYSI6IjY5IiwiaWRUb3JuZW8iOiIxIiwiaWRDbHVibG9jYWwiOjExMTgxLCJpZENsdWJ2aXNpdGEiOjExMTg4fQ==-informe-arbitral-cruz-azul-vs-pumas-jornada-8-estadio-10-de-diciembre-tdn,  0 - 2,  https--www.ligafemenil.mx-cancha-estadio-705-estadio-10-de-diciembre,  10 DE DICIEMBRE,  https--www.ligafemenil.mx-cancha-galeria-OTE5MDQvOC82OS8xLzE0-cruz-azul-vs-pumas,  ,  https--www.ligafemenil.mx-cancha-playlist-91904-cruz-azul-vs-pumas,  
2018-2019,Apertura,  Domingo 9 de Septiembre de 2018-nTemporada 2018-2019-nTorneo Apertura-nJornada 8-n9 Septiembre 2018 - 1030 hrs.,  https--www.ligafemenil.mx-cancha-informeArbitral-91907-eyJpZERpdmlzaW9uIjoiMTQiLCJpZFRlbXBvcmFkYSI6IjY5IiwiaWRUb3JuZW8iOiIxIiwiaWRDbHVibG9jYWwiOjExMTg1LCJpZENsdWJ2aXNpdGEiOjExMjQ1fQ==-informe-arbitral-rayados-de-monterrey-vs-atlas-jornada-8-estadio-el-barrial,  1 - 1,  https--www.ligafemenil.mx-cancha-estadio-675-estadio-el-barrial,  El Barrial,  https--www.ligafemenil.mx-cancha-galeria-OTE5MDcvOC82OS8xLzE0-rayados-de-monterrey-vs-atlas,  ,  https--www.ligafemenil.mx-cancha-playlist-91907-rayados-de-monterrey-vs-atlas,  
2018-2019,Apertura,  Domingo 9 de Septiembre de 2018-nTemporada 2018-2019-nTorneo Apertura-nJornada 8-n9 Septiembre 2018 - 1200 hrs.,  https--www.ligafemenil.mx-cancha-informeArbitral-91909-eyJpZERpdmlzaW9uIjoiMTQiLCJpZFRlbXBvcmFkYSI6IjY5IiwiaWRUb3JuZW8iOiIxIiwiaWRDbHVibG9jYWwiOjExNTQzLCJpZENsdWJ2aXNpdGEiOjExMTgwfQ==-informe-arbitral-puebla-fc-vs-tijuana-jornada-8-estadio-cuauhtemoc,  3 - 0,  https--www.ligafemenil.mx-cancha-estadio-9-estadio-cuauhtemoc,  Cuauhtémoc,  https--www.ligafemenil.mx-cancha-galeria-OTE5MDkvOC82OS8xLzE0-puebla-fc-vs-tijuana,  ,  https--www.ligafemenil.mx-cancha-playlist-91909-puebla-fc-vs-tijuana,  
2018-2019,Apertura,  Domingo 9 de Septiembre de 2018-nTemporada 2018-2019-nTorneo Apertura-nJornada 8-n9 Septiembre 2018 - 1600 hrs.,  https--www.ligafemenil.mx-cancha-informeArbitral-91915-eyJpZERpdmlzaW9uIjoiMTQiLCJpZFRlbXBvcmFkYSI6IjY5IiwiaWRUb3JuZW8iOiIxIiwiaWRDbHVibG9jYWwiOjExMTkxLCJpZENsdWJ2aXNpdGEiOjExMTg0fQ==-informe-arbitral-america-vs-pachuca-jornada-8-estadio-cancha-centenario-no-5-natural-instalaciones-club-america-tdn,  0 - 2,  https--www.ligafemenil.mx-cancha-estadio-1421-estadio-cancha-centenario-no-5-natural-instalaciones-club-america,  Cancha Centenario No. 5 (Natural) Instalaciones Club América,  https--www.ligafemenil.mx-cancha-galeria-OTE5MTUvOC82OS8xLzE0-america-vs-pachuca,  ,  https--www.ligafemenil.mx-cancha-playlist-91915-america-vs-pachuca,  
2018-2019,Apertura,  Lunes 10 de Septiembre de 2018-nTemporada 2018-2019-nTorneo Apertura-nJornada 8-n10 Septiembre 2018 - 1600 hrs.,  https--www.ligafemenil.mx-cancha-informeArbitral-91912-eyJpZERpdmlzaW9uIjoiMTQiLCJpZFRlbXBvcmFkYSI6IjY5IiwiaWRUb3JuZW8iOiIxIiwiaWRDbHVibG9jYWwiOjExMTgzLCJpZENsdWJ2aXNpdGEiOjExMjQ0fQ==-informe-arbitral-m-morelia-vs-queretaro-jornada-8-estadio-jose-maria-morelos-y-pavon-am,  1 - 2,  https--www.ligafemenil.mx-cancha-estadio-10-estadio-jose-maria-morelos-y-pavon,  José María Morelos y Pavón,  https--www.ligafemenil.mx-cancha-galeria-OTE5MTIvOC82OS8xLzE0-m-morelia-vs-queretaro,  ,  https--www.ligafemenil.mx-cancha-playlist-91912-m-morelia-vs-queretaro,  
2018-2019,Apertura,  Lunes 10 de Septiembre de 2018-nTemporada 2018-2019-nTorneo Apertura-nJornada 8-n10 Septiembre 2018 - 1800 hrs.,  https--www.ligafemenil.mx-cancha-informeArbitral-91913-eyJpZERpdmlzaW9uIjoiMTQiLCJpZFRlbXBvcmFkYSI6IjY5IiwiaWRUb3JuZW8iOiIxIiwiaWRDbHVibG9jYWwiOjExMTg3LCJpZENsdWJ2aXNpdGEiOjExMjQyfQ==-informe-arbitral-toluca-vs-veracruz-jornada-8-estadio-nemesio-diez-tdn,  7 - 1,  https--www.ligafemenil.mx-cancha-estadio-6-estadio-nemesio-diez,  Nemesio Diez,  https--www.ligafemenil.mx-cancha-galeria-OTE5MTMvOC82OS8xLzE0-toluca-vs-veracruz,  ,  https--www.ligafemenil.mx-cancha-playlist-91913-toluca-vs-veracruz,  
2018-2019,Apertura,  Lunes 10 de Septiembre de 2018-nTemporada 2018-2019-nTorneo Apertura-nJornada 8-n10 Septiembre 2018 - 1900 hrs.,  https--www.ligafemenil.mx-cancha-informeArbitral-91910-eyJpZERpdmlzaW9uIjoiMTQiLCJpZFRlbXBvcmFkYSI6IjY5IiwiaWRUb3JuZW8iOiIxIiwiaWRDbHVibG9jYWwiOjExMTgyLCJpZENsdWJ2aXNpdGEiOjExMTg2fQ==-informe-arbitral-guadalajara-vs-tigres-de-la-uanl-jornada-8-estadio-akron-fox-sports,  1 - 3,  https--www.ligafemenil.mx-cancha-estadio-1538-estadio-akron,  Estadio AKRON,  https--www.ligafemenil.mx-cancha-galeria-OTE5MTAvOC82OS8xLzE0-guadalajara-vs-tigres-de-la-uanl,  ,  https--www.ligafemenil.mx-cancha-playlist-91910-guadalajara-vs-tigres-de-la-uanl,  
2018-2019,Apertura,  Jueves 13 de Septiembre de 2018-nTemporada 2018-2019-nTorneo Apertura-nJornada 9-n13 Septiembre 2018 - 1100 hrs.,  https--www.ligafemenil.mx-cancha-informeArbitral-91929-eyJpZERpdmlzaW9uIjoiMTQiLCJpZFRlbXBvcmFkYSI6IjY5IiwiaWRUb3JuZW8iOiIxIiwiaWRDbHVibG9jYWwiOjExMjQ1LCJpZENsdWJ2aXNpdGEiOjExMTg5fQ==-informe-arbitral-atlas-vs-necaxa-jornada-9-estadio-colomos-tvc-deportes,  4 - 1,  https--www.ligafemenil.mx-cancha-estadio-109-estadio-colomos,  Colomos,  https--www.ligafemenil.mx-cancha-galeria-OTE5MjkvOS82OS8xLzE0-atlas-vs-necaxa,  ,  https--www.ligafemenil.mx-cancha-playlist-91929-atlas-vs-necaxa,  
2018-2019,Apertura,  Jueves 13 de Septiembre de 2018-nTemporada 2018-2019-nTorneo Apertura-nJornada 9-n13 Septiembre 2018 - 1600 hrs.,  https--www.ligafemenil.mx-cancha-informeArbitral-91919-eyJpZERpdmlzaW9uIjoiMTQiLCJpZFRlbXBvcmFkYSI6IjY5IiwiaWRUb3JuZW8iOiIxIiwiaWRDbHVibG9jYWwiOjExMjQ0LCJpZENsdWJ2aXNpdGEiOjExMTgyfQ==-informe-arbitral-queretaro-vs-guadalajara-jornada-9-estadio-la-corregidora-claro-sports,  0 - 0,  https--www.ligafemenil.mx-cancha-estadio-25-estadio-la-corregidora,  La Corregidora,  https--www.ligafemenil.mx-cancha-galeria-OTE5MTkvOS82OS8xLzE0-queretaro-vs-guadalajara,  ,  https--www.ligafemenil.mx-cancha-playlist-91919-queretaro-vs-guadalajara,  
2018-2019,Apertura,  Jueves 13 de Septiembre de 2018-nTemporada 2018-2019-nTorneo Apertura-nJornada 9-n13 Septiembre 2018 - 1700 hrs.,  https--www.ligafemenil.mx-cancha-informeArbitral-91917-eyJpZERpdmlzaW9uIjoiMTQiLCJpZFRlbXBvcmFkYSI6IjY5IiwiaWRUb3JuZW8iOiIxIiwiaWRDbHVibG9jYWwiOjExMjQzLCJpZENsdWJ2aXNpdGEiOjExMTgzfQ==-informe-arbitral-leon-vs-m-morelia-jornada-9-estadio-nou-camp,  1 - 0,  https--www.ligafemenil.mx-cancha-estadio-23-estadio-nou-camp,  Nou Camp,  https--www.ligafemenil.mx-cancha-galeria-OTE5MTcvOS82OS8xLzE0-leon-vs-m-morelia,  ,  https--www.ligafemenil.mx-cancha-playlist-91917-leon-vs-m-morelia,  
2018-2019,Apertura,  Jueves 13 de Septiembre de 2018-nTemporada 2018-2019-nTorneo Apertura-nJornada 9-n13 Septiembre 2018 - 1800 hrs.,  https--www.ligafemenil.mx-cancha-informeArbitral-91923-eyJpZERpdmlzaW9uIjoiMTQiLCJpZFRlbXBvcmFkYSI6IjY5IiwiaWRUb3JuZW8iOiIxIiwiaWRDbHVibG9jYWwiOjExMjQyLCJpZENsdWJ2aXNpdGEiOjExMTgxfQ==-informe-arbitral-veracruz-vs-cruz-azul-jornada-9-estadio-luis-pirata-fuente-am,  2 - 0,  https--www.ligafemenil.mx-cancha-estadio-57-estadio-luis-pirata-fuente,  Luis Pirata Fuente,  https--www.ligafemenil.mx-cancha-galeria-OTE5MjMvOS82OS8xLzE0-veracruz-vs-cruz-azul,  ,  https--www.ligafemenil.mx-cancha-playlist-91923-veracruz-vs-cruz-azul,  
2018-2019,Apertura,  Jueves 13 de Septiembre de 2018-nTemporada 2018-2019-nTorneo Apertura-nJornada 9-n13 Septiembre 2018 - 1900 hrs.,  https--www.ligafemenil.mx-cancha-informeArbitral-91920-eyJpZERpdmlzaW9uIjoiMTQiLCJpZFRlbXBvcmFkYSI6IjY5IiwiaWRUb3JuZW8iOiIxIiwiaWRDbHVibG9jYWwiOjExNTQyLCJpZENsdWJ2aXNpdGEiOjExMTkxfQ==-informe-arbitral-lobos-vs-america-jornada-9-estadio-universitario-buap-tdn,  1 - 2,  https--www.ligafemenil.mx-cancha-estadio-75-estadio-universitario-buap,  Universitario BUAP,  https--www.ligafemenil.mx-cancha-galeria-OTE5MjAvOS82OS8xLzE0-lobos-vs-america,  ,  https--www.ligafemenil.mx-cancha-playlist-91920-lobos-vs-america,  
2018-2019,Apertura,  Jueves 13 de Septiembre de 2018-nTemporada 2018-2019-nTorneo Apertura-nJornada 9-n13 Septiembre 2018 - 1900 hrs.,  https--www.ligafemenil.mx-cancha-informeArbitral-91922-eyJpZERpdmlzaW9uIjoiMTQiLCJpZFRlbXBvcmFkYSI6IjY5IiwiaWRUb3JuZW8iOiIxIiwiaWRDbHVibG9jYWwiOjExMTg0LCJpZENsdWJ2aXNpdGEiOjExMTg3fQ==-informe-arbitral-pachuca-vs-toluca-jornada-9-estadio-hidalgo-fox-sports,  1 - 2,  https--www.ligafemenil.mx-cancha-estadio-11-estadio-hidalgo,  Hidalgo,  https--www.ligafemenil.mx-cancha-galeria-OTE5MjIvOS82OS8xLzE0-pachuca-vs-toluca,  ,  https--www.ligafemenil.mx-cancha-playlist-91922-pachuca-vs-toluca,  
2018-2019,Apertura,  Jueves 13 de Septiembre de 2018-nTemporada 2018-2019-nTorneo Apertura-nJornada 9-n13 Septiembre 2018 - 2100 hrs.,  https--www.ligafemenil.mx-cancha-informeArbitral-91927-eyJpZERpdmlzaW9uIjoiMTQiLCJpZFRlbXBvcmFkYSI6IjY5IiwiaWRUb3JuZW8iOiIxIiwiaWRDbHVibG9jYWwiOjExMTkyLCJpZENsdWJ2aXNpdGEiOjExMTg1fQ==-informe-arbitral-santos-laguna-vs-rayados-de-monterrey-jornada-9-estadio-tsm-corona-fox-sports,  1 - 2,  https--www.ligafemenil.mx-cancha-estadio-63-estadio-tsm-corona,  TSM Corona,  https--www.ligafemenil.mx-cancha-galeria-OTE5MjcvOS82OS8xLzE0-santos-laguna-vs-rayados-de-monterrey,  ,  https--www.ligafemenil.mx-cancha-playlist-91927-santos-laguna-vs-rayados-de-monterrey,  
2018-2019,Apertura,  Sábado 15 de Septiembre de 2018-nTemporada 2018-2019-nTorneo Apertura-nJornada 10-n15 Septiembre 2018 - 1200 hrs.,  https--www.ligafemenil.mx-cancha-informeArbitral-91936-eyJpZERpdmlzaW9uIjoiMTQiLCJpZFRlbXBvcmFkYSI6IjY5IiwiaWRUb3JuZW8iOiIxIiwiaWRDbHVibG9jYWwiOjExMTg4LCJpZENsdWJ2aXNpdGEiOjExMTgwfQ==-informe-arbitral-pumas-vs-tijuana-jornada-10-estadio-la-cantera-cancha-1-tdn,  4 - 1,  https--www.ligafemenil.mx-cancha-estadio-1146-estadio-la-cantera-cancha-1,  La Cantera Cancha 1,  https--www.ligafemenil.mx-cancha-galeria-OTE5MzYvMTAvNjkvMS8xNA==-pumas-vs-tijuana,  ,  https--www.ligafemenil.mx-cancha-playlist-91936-pumas-vs-tijuana,  
2018-2019,Apertura,  Lunes 17 de Septiembre de 2018-nTemporada 2018-2019-nTorneo Apertura-nJornada 10-n17 Septiembre 2018 - 1100 hrs.,  https--www.ligafemenil.mx-cancha-informeArbitral-91934-eyJpZERpdmlzaW9uIjoiMTQiLCJpZFRlbXBvcmFkYSI6IjY5IiwiaWRUb3JuZW8iOiIxIiwiaWRDbHVibG9jYWwiOjExMjQ1LCJpZENsdWJ2aXNpdGEiOjExMTgzfQ==-informe-arbitral-atlas-vs-m-morelia-jornada-10-estadio-colomos-tvc-deportes,  2 - 0,  https--www.ligafemenil.mx-cancha-estadio-109-estadio-colomos,  Colomos,  https--www.ligafemenil.mx-cancha-galeria-OTE5MzQvMTAvNjkvMS8xNA==-atlas-vs-m-morelia,  ,  https--www.ligafemenil.mx-cancha-playlist-91934-atlas-vs-m-morelia,  
2018-2019,Apertura,  Lunes 17 de Septiembre de 2018-nTemporada 2018-2019-nTorneo Apertura-nJornada 10-n17 Septiembre 2018 - 1600 hrs.,  https--www.ligafemenil.mx-cancha-informeArbitral-91930-eyJpZERpdmlzaW9uIjoiMTQiLCJpZFRlbXBvcmFkYSI6IjY5IiwiaWRUb3JuZW8iOiIxIiwiaWRDbHVibG9jYWwiOjExMjQ0LCJpZENsdWJ2aXNpdGEiOjExMTg2fQ==-informe-arbitral-queretaro-vs-tigres-de-la-uanl-jornada-10-estadio-centro-gallo-de-alto-rendimiento-cancha-2-natural-claro-sports,  1 - 2,  https--www.ligafemenil.mx-cancha-estadio-1544-estadio-centro-gallo-de-alto-rendimiento-cancha-2-natural,  Centro Gallo de Alto Rendimiento Cancha 2 Natural,  https--www.ligafemenil.mx-cancha-galeria-OTE5MzAvMTAvNjkvMS8xNA==-queretaro-vs-tigres-de-la-uanl,  ,  https--www.ligafemenil.mx-cancha-playlist-91930-queretaro-vs-tigres-de-la-uanl,  
2018-2019,Apertura,  Lunes 17 de Septiembre de 2018-nTemporada 2018-2019-nTorneo Apertura-nJornada 10-n17 Septiembre 2018 - 1600 hrs.,  https--www.ligafemenil.mx-cancha-informeArbitral-91938-eyJpZERpdmlzaW9uIjoiMTQiLCJpZFRlbXBvcmFkYSI6IjY5IiwiaWRUb3JuZW8iOiIxIiwiaWRDbHVibG9jYWwiOjExNTQyLCJpZENsdWJ2aXNpdGEiOjExMTg3fQ==-informe-arbitral-lobos-vs-toluca-jornada-10-estadio-universitario-buap-tdn,  2 - 2,  https--www.ligafemenil.mx-cancha-estadio-75-estadio-universitario-buap,  Universitario BUAP,  https--www.ligafemenil.mx-cancha-galeria-OTE5MzgvMTAvNjkvMS8xNA==-lobos-vs-toluca,  ,  https--www.ligafemenil.mx-cancha-playlist-91938-lobos-vs-toluca,  
2018-2019,Apertura,  Lunes 17 de Septiembre de 2018-nTemporada 2018-2019-nTorneo Apertura-nJornada 10-n17 Septiembre 2018 - 1800 hrs.,  https--www.ligafemenil.mx-cancha-informeArbitral-91940-eyJpZERpdmlzaW9uIjoiMTQiLCJpZFRlbXBvcmFkYSI6IjY5IiwiaWRUb3JuZW8iOiIxIiwiaWRDbHVibG9jYWwiOjExMjQyLCJpZENsdWJ2aXNpdGEiOjExNTQzfQ==-informe-arbitral-veracruz-vs-puebla-fc-jornada-10-estadio-luis-pirata-fuente-am,  1 - 1,  https--www.ligafemenil.mx-cancha-estadio-57-estadio-luis-pirata-fuente,  Luis Pirata Fuente,  https--www.ligafemenil.mx-cancha-galeria-OTE5NDAvMTAvNjkvMS8xNA==-veracruz-vs-puebla-fc,  ,  https--www.ligafemenil.mx-cancha-playlist-91940-veracruz-vs-puebla-fc,  
2018-2019,Apertura,  Lunes 17 de Septiembre de 2018-nTemporada 2018-2019-nTorneo Apertura-nJornada 10-n17 Septiembre 2018 - 1900 hrs.,  https--www.ligafemenil.mx-cancha-informeArbitral-91943-eyJpZERpdmlzaW9uIjoiMTQiLCJpZFRlbXBvcmFkYSI6IjY5IiwiaWRUb3JuZW8iOiIxIiwiaWRDbHVibG9jYWwiOjExMTg0LCJpZENsdWJ2aXNpdGEiOjExMTgxfQ==-informe-arbitral-pachuca-vs-cruz-azul-jornada-10-estadio-hidalgo,  3 - 0,  https--www.ligafemenil.mx-cancha-estadio-11-estadio-hidalgo,  Hidalgo,  https--www.ligafemenil.mx-cancha-galeria-OTE5NDMvMTAvNjkvMS8xNA==-pachuca-vs-cruz-azul,  ,  https--www.ligafemenil.mx-cancha-playlist-91943-pachuca-vs-cruz-azul,  
2018-2019,Apertura,  Lunes 17 de Septiembre de 2018-nTemporada 2018-2019-nTorneo Apertura-nJornada 10-n17 Septiembre 2018 - 1900 hrs.,  https--www.ligafemenil.mx-cancha-informeArbitral-91932-eyJpZERpdmlzaW9uIjoiMTQiLCJpZFRlbXBvcmFkYSI6IjY5IiwiaWRUb3JuZW8iOiIxIiwiaWRDbHVibG9jYWwiOjExMjQzLCJpZENsdWJ2aXNpdGEiOjExMTgyfQ==-informe-arbitral-leon-vs-guadalajara-jornada-10-estadio-nou-camp-fox-sports,  3 - 5,  https--www.ligafemenil.mx-cancha-estadio-23-estadio-nou-camp,  Nou Camp,  https--www.ligafemenil.mx-cancha-galeria-OTE5MzIvMTAvNjkvMS8xNA==-leon-vs-guadalajara,  ,  https--www.ligafemenil.mx-cancha-playlist-91932-leon-vs-guadalajara,  
2018-2019,Apertura,  Lunes 17 de Septiembre de 2018-nTemporada 2018-2019-nTorneo Apertura-nJornada 10-n17 Septiembre 2018 - 2100 hrs.,  https--www.ligafemenil.mx-cancha-informeArbitral-91945-eyJpZERpdmlzaW9uIjoiMTQiLCJpZFRlbXBvcmFkYSI6IjY5IiwiaWRUb3JuZW8iOiIxIiwiaWRDbHVibG9jYWwiOjExMTkyLCJpZENsdWJ2aXNpdGEiOjExMTg5fQ==-informe-arbitral-santos-laguna-vs-necaxa-jornada-10-estadio-tsm-corona-fox-sports,  1 - 1,  https--www.ligafemenil.mx-cancha-estadio-63-estadio-tsm-corona,  TSM Corona,  https--www.ligafemenil.mx-cancha-galeria-OTE5NDUvMTAvNjkvMS8xNA==-santos-laguna-vs-necaxa,  ,  https--www.ligafemenil.mx-cancha-playlist-91945-santos-laguna-vs-necaxa,  
2018-2019,Apertura,  Viernes 21 de Septiembre de 2018-nTemporada 2018-2019-nTorneo Apertura-nJornada 11-n21 Septiembre 2018 - 1600 hrs.,  https--www.ligafemenil.mx-cancha-informeArbitral-91946-eyJpZERpdmlzaW9uIjoiMTQiLCJpZFRlbXBvcmFkYSI6IjY5IiwiaWRUb3JuZW8iOiIxIiwiaWRDbHVibG9jYWwiOjExMTgxLCJpZENsdWJ2aXNpdGEiOjExNTQyfQ==-informe-arbitral-cruz-azul-vs-lobos-jornada-11-estadio-10-de-diciembre-tdn,  2 - 3,  https--www.ligafemenil.mx-cancha-estadio-705-estadio-10-de-diciembre,  10 DE DICIEMBRE,  https--www.ligafemenil.mx-cancha-galeria-OTE5NDYvMTEvNjkvMS8xNA==-cruz-azul-vs-lobos,  ,  https--www.ligafemenil.mx-cancha-playlist-91946-cruz-azul-vs-lobos,  
2018-2019,Apertura,  Viernes 21 de Septiembre de 2018-nTemporada 2018-2019-nTorneo Apertura-nJornada 11-n21 Septiembre 2018 - 1600 hrs.,  https--www.ligafemenil.mx-cancha-informeArbitral-91948-eyJpZERpdmlzaW9uIjoiMTQiLCJpZFRlbXBvcmFkYSI6IjY5IiwiaWRUb3JuZW8iOiIxIiwiaWRDbHVibG9jYWwiOjExMTg5LCJpZENsdWJ2aXNpdGEiOjExMTg1fQ==-informe-arbitral-necaxa-vs-rayados-de-monterrey-jornada-11-estadio-victoria-claro-sports,  0 - 2,  https--www.ligafemenil.mx-cancha-estadio-15-estadio-victoria,  Victoria,  https--www.ligafemenil.mx-cancha-galeria-OTE5NDgvMTEvNjkvMS8xNA==-necaxa-vs-rayados-de-monterrey,  ,  https--www.ligafemenil.mx-cancha-playlist-91948-necaxa-vs-rayados-de-monterrey,  
2018-2019,Apertura,  Domingo 23 de Septiembre de 2018-nTemporada 2018-2019-nTorneo Apertura-nJornada 11-n23 Septiembre 2018 - 1200 hrs.,  https--www.ligafemenil.mx-cancha-informeArbitral-91949-eyJpZERpdmlzaW9uIjoiMTQiLCJpZFRlbXBvcmFkYSI6IjY5IiwiaWRUb3JuZW8iOiIxIiwiaWRDbHVibG9jYWwiOjExNTQzLCJpZENsdWJ2aXNpdGEiOjExMTg0fQ==-informe-arbitral-puebla-fc-vs-pachuca-jornada-11-estadio-cuauhtemoc,  3 - 3,  https--www.ligafemenil.mx-cancha-estadio-9-estadio-cuauhtemoc,  Cuauhtémoc,  https--www.ligafemenil.mx-cancha-galeria-OTE5NDkvMTEvNjkvMS8xNA==-puebla-fc-vs-pachuca,  ,  https--www.ligafemenil.mx-cancha-playlist-91949-puebla-fc-vs-pachuca,  
2018-2019,Apertura,  Lunes 24 de Septiembre de 2018-nTemporada 2018-2019-nTorneo Apertura-nJornada 11-n24 Septiembre 2018 - 1600 hrs.,  https--www.ligafemenil.mx-cancha-informeArbitral-91952-eyJpZERpdmlzaW9uIjoiMTQiLCJpZFRlbXBvcmFkYSI6IjY5IiwiaWRUb3JuZW8iOiIxIiwiaWRDbHVibG9jYWwiOjExMTgzLCJpZENsdWJ2aXNpdGEiOjExMTkyfQ==-informe-arbitral-m-morelia-vs-santos-laguna-jornada-11-estadio-jose-maria-morelos-y-pavon-am,  3 - 2,  https--www.ligafemenil.mx-cancha-estadio-10-estadio-jose-maria-morelos-y-pavon,  José María Morelos y Pavón,  https--www.ligafemenil.mx-cancha-galeria-OTE5NTIvMTEvNjkvMS8xNA==-m-morelia-vs-santos-laguna,  ,  https--www.ligafemenil.mx-cancha-playlist-91952-m-morelia-vs-santos-laguna,  
2018-2019,Apertura,  Lunes 24 de Septiembre de 2018-nTemporada 2018-2019-nTorneo Apertura-nJornada 11-n24 Septiembre 2018 - 1800 hrs.,  https--www.ligafemenil.mx-cancha-informeArbitral-91954-eyJpZERpdmlzaW9uIjoiMTQiLCJpZFRlbXBvcmFkYSI6IjY5IiwiaWRUb3JuZW8iOiIxIiwiaWRDbHVibG9jYWwiOjExMTg3LCJpZENsdWJ2aXNpdGEiOjExMTkxfQ==-informe-arbitral-toluca-vs-america-jornada-11-estadio-nemesio-diez-tdn,  1 - 1,  https--www.ligafemenil.mx-cancha-estadio-6-estadio-nemesio-diez,  Nemesio Diez,  https--www.ligafemenil.mx-cancha-galeria-OTE5NTQvMTEvNjkvMS8xNA==-toluca-vs-america,  ,  https--www.ligafemenil.mx-cancha-playlist-91954-toluca-vs-america,  
2018-2019,Apertura,  Lunes 24 de Septiembre de 2018-nTemporada 2018-2019-nTorneo Apertura-nJornada 11-n24 Septiembre 2018 - 1900 hrs.,  https--www.ligafemenil.mx-cancha-informeArbitral-91950-eyJpZERpdmlzaW9uIjoiMTQiLCJpZFRlbXBvcmFkYSI6IjY5IiwiaWRUb3JuZW8iOiIxIiwiaWRDbHVibG9jYWwiOjExMTgyLCJpZENsdWJ2aXNpdGEiOjExMjQ1fQ==-informe-arbitral-guadalajara-vs-atlas-jornada-11-estadio-akron-fox-sports,  2 - 0,  https--www.ligafemenil.mx-cancha-estadio-1538-estadio-akron,  Estadio AKRON,  https--www.ligafemenil.mx-cancha-galeria-OTE5NTAvMTEvNjkvMS8xNA==-guadalajara-vs-atlas,  ,  https--www.ligafemenil.mx-cancha-playlist-91950-guadalajara-vs-atlas,  
2018-2019,Apertura,  Lunes 24 de Septiembre de 2018-nTemporada 2018-2019-nTorneo Apertura-nJornada 11-n24 Septiembre 2018 - 2000 hrs.,  https--www.ligafemenil.mx-cancha-informeArbitral-91956-eyJpZERpdmlzaW9uIjoiMTQiLCJpZFRlbXBvcmFkYSI6IjY5IiwiaWRUb3JuZW8iOiIxIiwiaWRDbHVibG9jYWwiOjExMTg2LCJpZENsdWJ2aXNpdGEiOjExMjQzfQ==-informe-arbitral-tigres-de-la-uanl-vs-leon-jornada-11-estadio-universitario-tdn,  1 - 1,  https--www.ligafemenil.mx-cancha-estadio-12-estadio-universitario,  Universitario,  https--www.ligafemenil.mx-cancha-galeria-OTE5NTYvMTEvNjkvMS8xNA==-tigres-de-la-uanl-vs-leon,  ,  https--www.ligafemenil.mx-cancha-playlist-91956-tigres-de-la-uanl-vs-leon,  
2018-2019,Apertura,  Lunes 24 de Septiembre de 2018-nTemporada 2018-2019-nTorneo Apertura-nJornada 11-n24 Septiembre 2018 - 1900 hrs.,  https--www.ligafemenil.mx-cancha-informeArbitral-91957-eyJpZERpdmlzaW9uIjoiMTQiLCJpZFRlbXBvcmFkYSI6IjY5IiwiaWRUb3JuZW8iOiIxIiwiaWRDbHVibG9jYWwiOjExMTgwLCJpZENsdWJ2aXNpdGEiOjExMjQyfQ==-informe-arbitral-tijuana-vs-veracruz-jornada-11-estadio-caliente-fox-sports,  0 - 0,  https--www.ligafemenil.mx-cancha-estadio-48-estadio-caliente,  Caliente,  https--www.ligafemenil.mx-cancha-galeria-OTE5NTcvMTEvNjkvMS8xNA==-tijuana-vs-veracruz,  ,  https--www.ligafemenil.mx-cancha-playlist-91957-tijuana-vs-veracruz,  
2018-2019,Apertura,  Viernes 28 de Septiembre de 2018-nTemporada 2018-2019-nTorneo Apertura-nJornada 12-n28 Septiembre 2018 - 1900 hrs.,  https--www.ligafemenil.mx-cancha-informeArbitral-91960-eyJpZERpdmlzaW9uIjoiMTQiLCJpZFRlbXBvcmFkYSI6IjY5IiwiaWRUb3JuZW8iOiIxIiwiaWRDbHVibG9jYWwiOjExMjQzLCJpZENsdWJ2aXNpdGEiOjExMjQ0fQ==-informe-arbitral-leon-vs-queretaro-jornada-12-estadio-nou-camp,  1 - 1,  https--www.ligafemenil.mx-cancha-estadio-23-estadio-nou-camp,  Nou Camp,  https--www.ligafemenil.mx-cancha-galeria-OTE5NjAvMTIvNjkvMS8xNA==-leon-vs-queretaro,  ,  https--www.ligafemenil.mx-cancha-playlist-91960-leon-vs-queretaro,  
2018-2019,Apertura,  Sábado 29 de Septiembre de 2018-nTemporada 2018-2019-nTorneo Apertura-nJornada 12-n29 Septiembre 2018 - 1100 hrs.,  https--www.ligafemenil.mx-cancha-informeArbitral-91961-eyJpZERpdmlzaW9uIjoiMTQiLCJpZFRlbXBvcmFkYSI6IjY5IiwiaWRUb3JuZW8iOiIxIiwiaWRDbHVibG9jYWwiOjExMjQ1LCJpZENsdWJ2aXNpdGEiOjExMTg2fQ==-informe-arbitral-atlas-vs-tigres-de-la-uanl-jornada-12-estadio-colomos-tvc-deportes,  1 - 1,  https--www.ligafemenil.mx-cancha-estadio-109-estadio-colomos,  Colomos,  https--www.ligafemenil.mx-cancha-galeria-OTE5NjEvMTIvNjkvMS8xNA==-atlas-vs-tigres-de-la-uanl,  ,  https--www.ligafemenil.mx-cancha-playlist-91961-atlas-vs-tigres-de-la-uanl,  
2018-2019,Apertura,  Domingo 30 de Septiembre de 2018-nTemporada 2018-2019-nTorneo Apertura-nJornada 12-n30 Septiembre 2018 - 1030 hrs.,  https--www.ligafemenil.mx-cancha-informeArbitral-91963-eyJpZERpdmlzaW9uIjoiMTQiLCJpZFRlbXBvcmFkYSI6IjY5IiwiaWRUb3JuZW8iOiIxIiwiaWRDbHVibG9jYWwiOjExMTg1LCJpZENsdWJ2aXNpdGEiOjExMTgzfQ==-informe-arbitral-rayados-de-monterrey-vs-m-morelia-jornada-12-estadio-el-barrial,  5 - 0,  https--www.ligafemenil.mx-cancha-estadio-675-estadio-el-barrial,  El Barrial,  https--www.ligafemenil.mx-cancha-galeria-OTE5NjMvMTIvNjkvMS8xNA==-rayados-de-monterrey-vs-m-morelia,  ,  https--www.ligafemenil.mx-cancha-playlist-91963-rayados-de-monterrey-vs-m-morelia,  
2018-2019,Apertura,  Domingo 30 de Septiembre de 2018-nTemporada 2018-2019-nTorneo Apertura-nJornada 12-n30 Septiembre 2018 - 1830 hrs.,  https--www.ligafemenil.mx-cancha-informeArbitral-91964-eyJpZERpdmlzaW9uIjoiMTQiLCJpZFRlbXBvcmFkYSI6IjY5IiwiaWRUb3JuZW8iOiIxIiwiaWRDbHVibG9jYWwiOjExNTQyLCJpZENsdWJ2aXNpdGEiOjExNTQzfQ==-informe-arbitral-lobos-vs-puebla-fc-jornada-12-estadio-universitario-buap-tdn,  0 - 2,  https--www.ligafemenil.mx-cancha-estadio-75-estadio-universitario-buap,  Universitario BUAP,  https--www.ligafemenil.mx-cancha-galeria-OTE5NjQvMTIvNjkvMS8xNA==-lobos-vs-puebla-fc,  ,  https--www.ligafemenil.mx-cancha-playlist-91964-lobos-vs-puebla-fc,  
2018-2019,Apertura,  Lunes 1 de Octubre de 2018-nTemporada 2018-2019-nTorneo Apertura-nJornada 12-n1 Octubre 2018 - 1600 hrs.,  https--www.ligafemenil.mx-cancha-informeArbitral-91970-eyJpZERpdmlzaW9uIjoiMTQiLCJpZFRlbXBvcmFkYSI6IjY5IiwiaWRUb3JuZW8iOiIxIiwiaWRDbHVibG9jYWwiOjExMTkxLCJpZENsdWJ2aXNpdGEiOjExMTgxfQ==-informe-arbitral-america-vs-cruz-azul-jornada-12-estadio-cancha-centenario-no-5-natural-instalaciones-club-america-tdn,  3 - 0,  https--www.ligafemenil.mx-cancha-estadio-1421-estadio-cancha-centenario-no-5-natural-instalaciones-club-america,  Cancha Centenario No. 5 (Natural) Instalaciones Club América,  https--www.ligafemenil.mx-cancha-galeria-OTE5NzAvMTIvNjkvMS8xNA==-america-vs-cruz-azul,  ,  https--www.ligafemenil.mx-cancha-playlist-91970-america-vs-cruz-azul,  
2018-2019,Apertura,  Lunes 1 de Octubre de 2018-nTemporada 2018-2019-nTorneo Apertura-nJornada 12-n1 Octubre 2018 - 1800 hrs.,  https--www.ligafemenil.mx-cancha-informeArbitral-91966-eyJpZERpdmlzaW9uIjoiMTQiLCJpZFRlbXBvcmFkYSI6IjY5IiwiaWRUb3JuZW8iOiIxIiwiaWRDbHVibG9jYWwiOjExMjQyLCJpZENsdWJ2aXNpdGEiOjExMTg4fQ==-informe-arbitral-veracruz-vs-pumas-jornada-12-estadio-luis-pirata-fuente,  0 - 3,  https--www.ligafemenil.mx-cancha-estadio-57-estadio-luis-pirata-fuente,  Luis Pirata Fuente,  https--www.ligafemenil.mx-cancha-galeria-OTE5NjYvMTIvNjkvMS8xNA==-veracruz-vs-pumas,  ,  https--www.ligafemenil.mx-cancha-playlist-91966-veracruz-vs-pumas,  
2018-2019,Apertura,  Lunes 1 de Octubre de 2018-nTemporada 2018-2019-nTorneo Apertura-nJornada 12-n1 Octubre 2018 - 1900 hrs.,  https--www.ligafemenil.mx-cancha-informeArbitral-91968-eyJpZERpdmlzaW9uIjoiMTQiLCJpZFRlbXBvcmFkYSI6IjY5IiwiaWRUb3JuZW8iOiIxIiwiaWRDbHVibG9jYWwiOjExMTg0LCJpZENsdWJ2aXNpdGEiOjExMTgwfQ==-informe-arbitral-pachuca-vs-tijuana-jornada-12-estadio-hidalgo-fox-sports,  1 - 0,  https--www.ligafemenil.mx-cancha-estadio-11-estadio-hidalgo,  Hidalgo,  https--www.ligafemenil.mx-cancha-galeria-OTE5NjgvMTIvNjkvMS8xNA==-pachuca-vs-tijuana,  ,  https--www.ligafemenil.mx-cancha-playlist-91968-pachuca-vs-tijuana,  
2018-2019,Apertura,  Lunes 1 de Octubre de 2018-nTemporada 2018-2019-nTorneo Apertura-nJornada 12-n1 Octubre 2018 - 2100 hrs.,  https--www.ligafemenil.mx-cancha-informeArbitral-91971-eyJpZERpdmlzaW9uIjoiMTQiLCJpZFRlbXBvcmFkYSI6IjY5IiwiaWRUb3JuZW8iOiIxIiwiaWRDbHVibG9jYWwiOjExMTkyLCJpZENsdWJ2aXNpdGEiOjExMTgyfQ==-informe-arbitral-santos-laguna-vs-guadalajara-jornada-12-estadio-tsm-corona-fox-sports,  1 - 3,  https--www.ligafemenil.mx-cancha-estadio-63-estadio-tsm-corona,  TSM Corona,  https--www.ligafemenil.mx-cancha-galeria-OTE5NzEvMTIvNjkvMS8xNA==-santos-laguna-vs-guadalajara,  ,  https--www.ligafemenil.mx-cancha-playlist-91971-santos-laguna-vs-guadalajara,  
2018-2019,Apertura,  Sábado 6 de Octubre de 2018-nTemporada 2018-2019-nTorneo Apertura-nJornada 9-n6 Octubre 2018 - 1200 hrs.,  https--www.ligafemenil.mx-cancha-informeArbitral-91925-eyJpZERpdmlzaW9uIjoiMTQiLCJpZFRlbXBvcmFkYSI6IjY5IiwiaWRUb3JuZW8iOiIxIiwiaWRDbHVibG9jYWwiOjExMTg4LCJpZENsdWJ2aXNpdGEiOjExNTQzfQ==-informe-arbitral-pumas-vs-puebla-fc-jornada-9-estadio-la-cantera-cancha-1-tdn,  0 - 0,  https--www.ligafemenil.mx-cancha-estadio-1146-estadio-la-cantera-cancha-1,  La Cantera Cancha 1,  https--www.ligafemenil.mx-cancha-galeria-OTE5MjUvOS82OS8xLzE0-pumas-vs-puebla-fc,  ,  https--www.ligafemenil.mx-cancha-playlist-91925-pumas-vs-puebla-fc,  
2018-2019,Apertura,  Viernes 12 de Octubre de 2018-nTemporada 2018-2019-nTorneo Apertura-nJornada 13-n12 Octubre 2018 - 1600 hrs.,  https--www.ligafemenil.mx-cancha-informeArbitral-91983-eyJpZERpdmlzaW9uIjoiMTQiLCJpZFRlbXBvcmFkYSI6IjY5IiwiaWRUb3JuZW8iOiIxIiwiaWRDbHVibG9jYWwiOjExMjQ0LCJpZENsdWJ2aXNpdGEiOjExMjQ1fQ==-informe-arbitral-queretaro-vs-atlas-jornada-13-estadio-la-corregidora-claro-sports,  0 - 1,  https--www.ligafemenil.mx-cancha-estadio-25-estadio-la-corregidora,  La Corregidora,  https--www.ligafemenil.mx-cancha-galeria-OTE5ODMvMTMvNjkvMS8xNA==-queretaro-vs-atlas,  ,  https--www.ligafemenil.mx-cancha-playlist-91983-queretaro-vs-atlas,  
2018-2019,Apertura,  Viernes 12 de Octubre de 2018-nTemporada 2018-2019-nTorneo Apertura-nJornada 13-n12 Octubre 2018 - 1600 hrs.,  https--www.ligafemenil.mx-cancha-informeArbitral-91979-eyJpZERpdmlzaW9uIjoiMTQiLCJpZFRlbXBvcmFkYSI6IjY5IiwiaWRUb3JuZW8iOiIxIiwiaWRDbHVibG9jYWwiOjExMTgxLCJpZENsdWJ2aXNpdGEiOjExMTg3fQ==-informe-arbitral-cruz-azul-vs-toluca-jornada-13-estadio-10-de-diciembre-tdn,  0 - 3,  https--www.ligafemenil.mx-cancha-estadio-705-estadio-10-de-diciembre,  10 DE DICIEMBRE,  https--www.ligafemenil.mx-cancha-galeria-OTE5NzkvMTMvNjkvMS8xNA==-cruz-azul-vs-toluca,  ,  https--www.ligafemenil.mx-cancha-playlist-91979-cruz-azul-vs-toluca,  
2018-2019,Apertura,  Sábado 13 de Octubre de 2018-nTemporada 2018-2019-nTorneo Apertura-nJornada 13-n13 Octubre 2018 - 1000 hrs.,  https--www.ligafemenil.mx-cancha-informeArbitral-91990-eyJpZERpdmlzaW9uIjoiMTQiLCJpZFRlbXBvcmFkYSI6IjY5IiwiaWRUb3JuZW8iOiIxIiwiaWRDbHVibG9jYWwiOjExMTg2LCJpZENsdWJ2aXNpdGEiOjExMTkyfQ==-informe-arbitral-tigres-de-la-uanl-vs-santos-laguna-jornada-13-estadio-instalaciones-zuazua,  3 - 0,  https--www.ligafemenil.mx-cancha-estadio-34-estadio-instalaciones-zuazua,  Instalaciones Zuazua,  https--www.ligafemenil.mx-cancha-galeria-OTE5OTAvMTMvNjkvMS8xNA==-tigres-de-la-uanl-vs-santos-laguna,  ,  https--www.ligafemenil.mx-cancha-playlist-91990-tigres-de-la-uanl-vs-santos-laguna,  
2018-2019,Apertura,  Sábado 13 de Octubre de 2018-nTemporada 2018-2019-nTorneo Apertura-nJornada 13-n13 Octubre 2018 - 1200 hrs.,  https--www.ligafemenil.mx-cancha-informeArbitral-91984-eyJpZERpdmlzaW9uIjoiMTQiLCJpZFRlbXBvcmFkYSI6IjY5IiwiaWRUb3JuZW8iOiIxIiwiaWRDbHVibG9jYWwiOjExMTg4LCJpZENsdWJ2aXNpdGEiOjExMTg0fQ==-informe-arbitral-pumas-vs-pachuca-jornada-13-estadio-la-cantera-cancha-1-tdn,  0 - 3,  https--www.ligafemenil.mx-cancha-estadio-1146-estadio-la-cantera-cancha-1,  La Cantera Cancha 1,  https--www.ligafemenil.mx-cancha-galeria-OTE5ODQvMTMvNjkvMS8xNA==-pumas-vs-pachuca,  ,  https--www.ligafemenil.mx-cancha-playlist-91984-pumas-vs-pachuca,  
2018-2019,Apertura,  Domingo 14 de Octubre de 2018-nTemporada 2018-2019-nTorneo Apertura-nJornada 13-n14 Octubre 2018 - 1200 hrs.,  https--www.ligafemenil.mx-cancha-informeArbitral-91986-eyJpZERpdmlzaW9uIjoiMTQiLCJpZFRlbXBvcmFkYSI6IjY5IiwiaWRUb3JuZW8iOiIxIiwiaWRDbHVibG9jYWwiOjExNTQzLCJpZENsdWJ2aXNpdGEiOjExMTkxfQ==-informe-arbitral-puebla-fc-vs-america-jornada-13-estadio-cuauhtemoc,  1 - 1,  https--www.ligafemenil.mx-cancha-estadio-9-estadio-cuauhtemoc,  Cuauhtémoc,  https--www.ligafemenil.mx-cancha-galeria-OTE5ODYvMTMvNjkvMS8xNA==-puebla-fc-vs-america,  ,  https--www.ligafemenil.mx-cancha-playlist-91986-puebla-fc-vs-america,  
2018-2019,Apertura,  Lunes 15 de Octubre de 2018-nTemporada 2018-2019-nTorneo Apertura-nJornada 13-n15 Octubre 2018 - 1600 hrs.,  https--www.ligafemenil.mx-cancha-informeArbitral-91988-eyJpZERpdmlzaW9uIjoiMTQiLCJpZFRlbXBvcmFkYSI6IjY5IiwiaWRUb3JuZW8iOiIxIiwiaWRDbHVibG9jYWwiOjExMTgzLCJpZENsdWJ2aXNpdGEiOjExMTg5fQ==-informe-arbitral-m-morelia-vs-necaxa-jornada-13-estadio-jose-maria-morelos-y-pavon-am,  1 - 2,  https--www.ligafemenil.mx-cancha-estadio-10-estadio-jose-maria-morelos-y-pavon,  José María Morelos y Pavón,  https--www.ligafemenil.mx-cancha-galeria-OTE5ODgvMTMvNjkvMS8xNA==-m-morelia-vs-necaxa,  ,  https--www.ligafemenil.mx-cancha-playlist-91988-m-morelia-vs-necaxa,  
2018-2019,Apertura,  Lunes 15 de Octubre de 2018-nTemporada 2018-2019-nTorneo Apertura-nJornada 13-n15 Octubre 2018 - 1900 hrs.,  https--www.ligafemenil.mx-cancha-informeArbitral-91987-eyJpZERpdmlzaW9uIjoiMTQiLCJpZFRlbXBvcmFkYSI6IjY5IiwiaWRUb3JuZW8iOiIxIiwiaWRDbHVibG9jYWwiOjExMTgyLCJpZENsdWJ2aXNpdGEiOjExMTg1fQ==-informe-arbitral-guadalajara-vs-rayados-de-monterrey-jornada-13-estadio-akron-fox-sports,  1 - 3,  https--www.ligafemenil.mx-cancha-estadio-1538-estadio-akron,  Estadio AKRON,  https--www.ligafemenil.mx-cancha-galeria-OTE5ODcvMTMvNjkvMS8xNA==-guadalajara-vs-rayados-de-monterrey,  ,  https--www.ligafemenil.mx-cancha-playlist-91987-guadalajara-vs-rayados-de-monterrey,  
2018-2019,Apertura,  Lunes 15 de Octubre de 2018-nTemporada 2018-2019-nTorneo Apertura-nJornada 13-n15 Octubre 2018 - 1900 hrs.,  https--www.ligafemenil.mx-cancha-informeArbitral-91992-eyJpZERpdmlzaW9uIjoiMTQiLCJpZFRlbXBvcmFkYSI6IjY5IiwiaWRUb3JuZW8iOiIxIiwiaWRDbHVibG9jYWwiOjExMTgwLCJpZENsdWJ2aXNpdGEiOjExNTQyfQ==-informe-arbitral-tijuana-vs-lobos-jornada-13-estadio-caliente-fox-sports,  0 - 2,  https--www.ligafemenil.mx-cancha-estadio-48-estadio-caliente,  Caliente,  https--www.ligafemenil.mx-cancha-galeria-OTE5OTIvMTMvNjkvMS8xNA==-tijuana-vs-lobos,  ,  https--www.ligafemenil.mx-cancha-playlist-91992-tijuana-vs-lobos,  
2018-2019,Apertura,  Viernes 19 de Octubre de 2018-nTemporada 2018-2019-nTorneo Apertura-nJornada 14-n19 Octubre 2018 - 1600 hrs.,  https--www.ligafemenil.mx-cancha-informeArbitral-91994-eyJpZERpdmlzaW9uIjoiMTQiLCJpZFRlbXBvcmFkYSI6IjY5IiwiaWRUb3JuZW8iOiIxIiwiaWRDbHVibG9jYWwiOjExMTg5LCJpZENsdWJ2aXNpdGEiOjExMTgyfQ==-informe-arbitral-necaxa-vs-guadalajara-jornada-14-estadio-victoria-claro-sports,  0 - 3,  https--www.ligafemenil.mx-cancha-estadio-15-estadio-victoria,  Victoria,  https--www.ligafemenil.mx-cancha-galeria-OTE5OTQvMTQvNjkvMS8xNA==-necaxa-vs-guadalajara,  ,  https--www.ligafemenil.mx-cancha-playlist-91994-necaxa-vs-guadalajara,  
2018-2019,Apertura,  Sábado 20 de Octubre de 2018-nTemporada 2018-2019-nTorneo Apertura-nJornada 14-n20 Octubre 2018 - 1100 hrs.,  https--www.ligafemenil.mx-cancha-informeArbitral-91995-eyJpZERpdmlzaW9uIjoiMTQiLCJpZFRlbXBvcmFkYSI6IjY5IiwiaWRUb3JuZW8iOiIxIiwiaWRDbHVibG9jYWwiOjExMjQ1LCJpZENsdWJ2aXNpdGEiOjExMjQzfQ==-informe-arbitral-atlas-vs-leon-jornada-14-estadio-colomos-tvc-deportes,  3 - 0,  https--www.ligafemenil.mx-cancha-estadio-109-estadio-colomos,  Colomos,  https--www.ligafemenil.mx-cancha-galeria-OTE5OTUvMTQvNjkvMS8xNA==-atlas-vs-leon,  ,  https--www.ligafemenil.mx-cancha-playlist-91995-atlas-vs-leon,  
2018-2019,Apertura,  Domingo 21 de Octubre de 2018-nTemporada 2018-2019-nTorneo Apertura-nJornada 14-n21 Octubre 2018 - 1600 hrs.,  https--www.ligafemenil.mx-cancha-informeArbitral-92004-eyJpZERpdmlzaW9uIjoiMTQiLCJpZFRlbXBvcmFkYSI6IjY5IiwiaWRUb3JuZW8iOiIxIiwiaWRDbHVibG9jYWwiOjExMTkxLCJpZENsdWJ2aXNpdGEiOjExMTgwfQ==-informe-arbitral-america-vs-tijuana-jornada-14-estadio-cancha-centenario-no-5-natural-instalaciones-club-america-univision-tdn,  2 - 1,  https--www.ligafemenil.mx-cancha-estadio-1421-estadio-cancha-centenario-no-5-natural-instalaciones-club-america,  Cancha Centenario No. 5 (Natural) Instalaciones Club América,  https--www.ligafemenil.mx-cancha-galeria-OTIwMDQvMTQvNjkvMS8xNA==-america-vs-tijuana,  ,  https--www.ligafemenil.mx-cancha-playlist-92004-america-vs-tijuana,  
2018-2019,Apertura,  Domingo 21 de Octubre de 2018-nTemporada 2018-2019-nTorneo Apertura-nJornada 14-n21 Octubre 2018 - 1800 hrs.,  https--www.ligafemenil.mx-cancha-informeArbitral-91998-eyJpZERpdmlzaW9uIjoiMTQiLCJpZFRlbXBvcmFkYSI6IjY5IiwiaWRUb3JuZW8iOiIxIiwiaWRDbHVibG9jYWwiOjExNTQyLCJpZENsdWJ2aXNpdGEiOjExMTg4fQ==-informe-arbitral-lobos-vs-pumas-jornada-14-estadio-universitario-buap-univision-tdn,  0 - 1,  https--www.ligafemenil.mx-cancha-estadio-75-estadio-universitario-buap,  Universitario BUAP,  https--www.ligafemenil.mx-cancha-galeria-OTE5OTgvMTQvNjkvMS8xNA==-lobos-vs-pumas,  ,  https--www.ligafemenil.mx-cancha-playlist-91998-lobos-vs-pumas,  
2018-2019,Apertura,  Lunes 22 de Octubre de 2018-nTemporada 2018-2019-nTorneo Apertura-nJornada 14-n22 Octubre 2018 - 1800 hrs.,  https--www.ligafemenil.mx-cancha-informeArbitral-92001-eyJpZERpdmlzaW9uIjoiMTQiLCJpZFRlbXBvcmFkYSI6IjY5IiwiaWRUb3JuZW8iOiIxIiwiaWRDbHVibG9jYWwiOjExMTg3LCJpZENsdWJ2aXNpdGEiOjExNTQzfQ==-informe-arbitral-toluca-vs-puebla-fc-jornada-14-estadio-nemesio-diez-univision-tdn,  0 - 2,  https--www.ligafemenil.mx-cancha-estadio-6-estadio-nemesio-diez,  Nemesio Diez,  https--www.ligafemenil.mx-cancha-galeria-OTIwMDEvMTQvNjkvMS8xNA==-toluca-vs-puebla-fc,  ,  https--www.ligafemenil.mx-cancha-playlist-92001-toluca-vs-puebla-fc,  
2018-2019,Apertura,  Lunes 22 de Octubre de 2018-nTemporada 2018-2019-nTorneo Apertura-nJornada 14-n22 Octubre 2018 - 1900 hrs.,  https--www.ligafemenil.mx-cancha-informeArbitral-92002-eyJpZERpdmlzaW9uIjoiMTQiLCJpZFRlbXBvcmFkYSI6IjY5IiwiaWRUb3JuZW8iOiIxIiwiaWRDbHVibG9jYWwiOjExMTg0LCJpZENsdWJ2aXNpdGEiOjExMjQyfQ==-informe-arbitral-pachuca-vs-veracruz-jornada-14-estadio-hidalgo-fox-sports,  3 - 0,  https--www.ligafemenil.mx-cancha-estadio-11-estadio-hidalgo,  Hidalgo,  https--www.ligafemenil.mx-cancha-galeria-OTIwMDIvMTQvNjkvMS8xNA==-pachuca-vs-veracruz,  ,  https--www.ligafemenil.mx-cancha-playlist-92002-pachuca-vs-veracruz,  
2018-2019,Apertura,  Lunes 22 de Octubre de 2018-nTemporada 2018-2019-nTorneo Apertura-nJornada 14-n22 Octubre 2018 - 2100 hrs.,  https--www.ligafemenil.mx-cancha-informeArbitral-91997-eyJpZERpdmlzaW9uIjoiMTQiLCJpZFRlbXBvcmFkYSI6IjY5IiwiaWRUb3JuZW8iOiIxIiwiaWRDbHVibG9jYWwiOjExMTg1LCJpZENsdWJ2aXNpdGEiOjExMTg2fQ==-informe-arbitral-rayados-de-monterrey-vs-tigres-de-la-uanl-jornada-14-estadio-bbva-bancomer-fox-sports,  4 - 5,  https--www.ligafemenil.mx-cancha-estadio-793-estadio-bbva-bancomer,  Estadio BBVA Bancomer,  https--www.ligafemenil.mx-cancha-galeria-OTE5OTcvMTQvNjkvMS8xNA==-rayados-de-monterrey-vs-tigres-de-la-uanl,  ,  https--www.ligafemenil.mx-cancha-playlist-91997-rayados-de-monterrey-vs-tigres-de-la-uanl,  
2018-2019,Apertura,  Lunes 22 de Octubre de 2018-nTemporada 2018-2019-nTorneo Apertura-nJornada 14-n22 Octubre 2018 - 2100 hrs.,  https--www.ligafemenil.mx-cancha-informeArbitral-92006-eyJpZERpdmlzaW9uIjoiMTQiLCJpZFRlbXBvcmFkYSI6IjY5IiwiaWRUb3JuZW8iOiIxIiwiaWRDbHVibG9jYWwiOjExMTkyLCJpZENsdWJ2aXNpdGEiOjExMjQ0fQ==-informe-arbitral-santos-laguna-vs-queretaro-jornada-14-estadio-tsm-corona,  2 - 2,  https--www.ligafemenil.mx-cancha-estadio-63-estadio-tsm-corona,  TSM Corona,  https--www.ligafemenil.mx-cancha-galeria-OTIwMDYvMTQvNjkvMS8xNA==-santos-laguna-vs-queretaro,  ,  https--www.ligafemenil.mx-cancha-playlist-92006-santos-laguna-vs-queretaro,  
2018-2019,Apertura,  Miércoles 24 de Octubre de 2018-nTemporada 2018-2019-nTorneo Apertura-nJornada 15-n24 Octubre 2018 - 1600 hrs.,  https--www.ligafemenil.mx-cancha-informeArbitral-92010-eyJpZERpdmlzaW9uIjoiMTQiLCJpZFRlbXBvcmFkYSI6IjY5IiwiaWRUb3JuZW8iOiIxIiwiaWRDbHVibG9jYWwiOjExMTgyLCJpZENsdWJ2aXNpdGEiOjExMTgzfQ==-informe-arbitral-guadalajara-vs-m-morelia-jornada-15-estadio-verde-valle,  1 - 1,  https--www.ligafemenil.mx-cancha-estadio-36-estadio-verde-valle,  Verde Valle,  https--www.ligafemenil.mx-cancha-galeria-OTIwMTAvMTUvNjkvMS8xNA==-guadalajara-vs-m-morelia,  ,  https--www.ligafemenil.mx-cancha-playlist-92010-guadalajara-vs-m-morelia,  
2018-2019,Apertura,  Miércoles 24 de Octubre de 2018-nTemporada 2018-2019-nTorneo Apertura-nJornada 15-n24 Octubre 2018 - 1600 hrs.,  https--www.ligafemenil.mx-cancha-informeArbitral-92014-eyJpZERpdmlzaW9uIjoiMTQiLCJpZFRlbXBvcmFkYSI6IjY5IiwiaWRUb3JuZW8iOiIxIiwiaWRDbHVibG9jYWwiOjExMTg4LCJpZENsdWJ2aXNpdGEiOjExMTkxfQ==-informe-arbitral-pumas-vs-america-jornada-15-estadio-la-cantera-cancha-1-tdn,  0 - 2,  https--www.ligafemenil.mx-cancha-estadio-1146-estadio-la-cantera-cancha-1,  La Cantera Cancha 1,  https--www.ligafemenil.mx-cancha-galeria-OTIwMTQvMTUvNjkvMS8xNA==-pumas-vs-america,  ,  https--www.ligafemenil.mx-cancha-playlist-92014-pumas-vs-america,  
2018-2019,Apertura,  Jueves 25 de Octubre de 2018-nTemporada 2018-2019-nTorneo Apertura-nJornada 15-n25 Octubre 2018 - 1000 hrs.,  https--www.ligafemenil.mx-cancha-informeArbitral-92013-eyJpZERpdmlzaW9uIjoiMTQiLCJpZFRlbXBvcmFkYSI6IjY5IiwiaWRUb3JuZW8iOiIxIiwiaWRDbHVibG9jYWwiOjExMjQyLCJpZENsdWJ2aXNpdGEiOjExNTQyfQ==-informe-arbitral-veracruz-vs-lobos-jornada-15-estadio-luis-pirata-fuente-tibuvision,  2 - 1,  https--www.ligafemenil.mx-cancha-estadio-57-estadio-luis-pirata-fuente,  Luis Pirata Fuente,  https--www.ligafemenil.mx-cancha-galeria-OTIwMTMvMTUvNjkvMS8xNA==-veracruz-vs-lobos,  ,  https--www.ligafemenil.mx-cancha-playlist-92013-veracruz-vs-lobos,  
2018-2019,Apertura,  Jueves 25 de Octubre de 2018-nTemporada 2018-2019-nTorneo Apertura-nJornada 15-n25 Octubre 2018 - 1100 hrs.,  https--www.ligafemenil.mx-cancha-informeArbitral-92018-eyJpZERpdmlzaW9uIjoiMTQiLCJpZFRlbXBvcmFkYSI6IjY5IiwiaWRUb3JuZW8iOiIxIiwiaWRDbHVibG9jYWwiOjExNTQzLCJpZENsdWJ2aXNpdGEiOjExMTgxfQ==-informe-arbitral-puebla-fc-vs-cruz-azul-jornada-15-estadio-cuauhtemoc,  3 - 0,  https--www.ligafemenil.mx-cancha-estadio-9-estadio-cuauhtemoc,  Cuauhtémoc,  https--www.ligafemenil.mx-cancha-galeria-OTIwMTgvMTUvNjkvMS8xNA==-puebla-fc-vs-cruz-azul,  ,  https--www.ligafemenil.mx-cancha-playlist-92018-puebla-fc-vs-cruz-azul,  
2018-2019,Apertura,  Jueves 25 de Octubre de 2018-nTemporada 2018-2019-nTorneo Apertura-nJornada 15-n25 Octubre 2018 - 1600 hrs.,  https--www.ligafemenil.mx-cancha-informeArbitral-92008-eyJpZERpdmlzaW9uIjoiMTQiLCJpZFRlbXBvcmFkYSI6IjY5IiwiaWRUb3JuZW8iOiIxIiwiaWRDbHVibG9jYWwiOjExMjQ0LCJpZENsdWJ2aXNpdGEiOjExMTg1fQ==-informe-arbitral-queretaro-vs-rayados-de-monterrey-jornada-15-estadio-la-corregidora-claro-sports,  1 - 2,  https--www.ligafemenil.mx-cancha-estadio-25-estadio-la-corregidora,  La Corregidora,  https--www.ligafemenil.mx-cancha-galeria-OTIwMDgvMTUvNjkvMS8xNA==-queretaro-vs-rayados-de-monterrey,  ,  https--www.ligafemenil.mx-cancha-playlist-92008-queretaro-vs-rayados-de-monterrey,  
2018-2019,Apertura,  Jueves 25 de Octubre de 2018-nTemporada 2018-2019-nTorneo Apertura-nJornada 15-n25 Octubre 2018 - 1800 hrs.,  https--www.ligafemenil.mx-cancha-informeArbitral-92016-eyJpZERpdmlzaW9uIjoiMTQiLCJpZFRlbXBvcmFkYSI6IjY5IiwiaWRUb3JuZW8iOiIxIiwiaWRDbHVibG9jYWwiOjExMTg3LCJpZENsdWJ2aXNpdGEiOjExMTgwfQ==-informe-arbitral-toluca-vs-tijuana-jornada-15-estadio-nemesio-diez-tdn,  3 - 1,  https--www.ligafemenil.mx-cancha-estadio-6-estadio-nemesio-diez,  Nemesio Diez,  https--www.ligafemenil.mx-cancha-galeria-OTIwMTYvMTUvNjkvMS8xNA==-toluca-vs-tijuana,  ,  https--www.ligafemenil.mx-cancha-playlist-92016-toluca-vs-tijuana,  
2018-2019,Apertura,  Jueves 25 de Octubre de 2018-nTemporada 2018-2019-nTorneo Apertura-nJornada 15-n25 Octubre 2018 - 1900 hrs.,  https--www.ligafemenil.mx-cancha-informeArbitral-92019-eyJpZERpdmlzaW9uIjoiMTQiLCJpZFRlbXBvcmFkYSI6IjY5IiwiaWRUb3JuZW8iOiIxIiwiaWRDbHVibG9jYWwiOjExMjQzLCJpZENsdWJ2aXNpdGEiOjExMTkyfQ==-informe-arbitral-leon-vs-santos-laguna-jornada-15-estadio-nou-camp-fox-sports,  3 - 0,  https--www.ligafemenil.mx-cancha-estadio-23-estadio-nou-camp,  Nou Camp,  https--www.ligafemenil.mx-cancha-galeria-OTIwMTkvMTUvNjkvMS8xNA==-leon-vs-santos-laguna,  ,  https--www.ligafemenil.mx-cancha-playlist-92019-leon-vs-santos-laguna,  
2018-2019,Apertura,  Domingo 28 de Octubre de 2018-nTemporada 2018-2019-nTorneo Apertura-nJornada 16-n28 Octubre 2018 - 1000 hrs.,  https--www.ligafemenil.mx-cancha-informeArbitral-91999-eyJpZERpdmlzaW9uIjoiMTQiLCJpZFRlbXBvcmFkYSI6IjY5IiwiaWRUb3JuZW8iOiIxIiwiaWRDbHVibG9jYWwiOjExMTgxLCJpZENsdWJ2aXNpdGEiOjExMTgwfQ==-informe-arbitral-cruz-azul-vs-tijuana-jornada-16-estadio-10-de-diciembre-tdn,  3 - 1,  https--www.ligafemenil.mx-cancha-estadio-30-estadio-10-de-diciembre,  10 de Diciembre,  https--www.ligafemenil.mx-cancha-galeria-OTE5OTkvMTYvNjkvMS8xNA==-cruz-azul-vs-tijuana,  ,  https--www.ligafemenil.mx-cancha-playlist-91999-cruz-azul-vs-tijuana,  
2018-2019,Apertura,  Domingo 28 de Octubre de 2018-nTemporada 2018-2019-nTorneo Apertura-nJornada 16-n28 Octubre 2018 - 1600 hrs.,  https--www.ligafemenil.mx-cancha-informeArbitral-92000-eyJpZERpdmlzaW9uIjoiMTQiLCJpZFRlbXBvcmFkYSI6IjY5IiwiaWRUb3JuZW8iOiIxIiwiaWRDbHVibG9jYWwiOjExMTg5LCJpZENsdWJ2aXNpdGEiOjExMjQ0fQ==-informe-arbitral-necaxa-vs-queretaro-jornada-16-estadio-victoria-claro-sports,  0 - 1,  https--www.ligafemenil.mx-cancha-estadio-15-estadio-victoria,  Victoria,  https--www.ligafemenil.mx-cancha-galeria-OTIwMDAvMTYvNjkvMS8xNA==-necaxa-vs-queretaro,  ,  https--www.ligafemenil.mx-cancha-playlist-92000-necaxa-vs-queretaro,  
2018-2019,Apertura,  Lunes 29 de Octubre de 2018-nTemporada 2018-2019-nTorneo Apertura-nJornada 16-n29 Octubre 2018 - 1545 hrs.,  https--www.ligafemenil.mx-cancha-informeArbitral-92011-eyJpZERpdmlzaW9uIjoiMTQiLCJpZFRlbXBvcmFkYSI6IjY5IiwiaWRUb3JuZW8iOiIxIiwiaWRDbHVibG9jYWwiOjExMTkxLCJpZENsdWJ2aXNpdGEiOjExMjQyfQ==-informe-arbitral-america-vs-veracruz-jornada-16-estadio-cancha-centenario-no-5-natural-instalaciones-club-america,  2 - 0,  https--www.ligafemenil.mx-cancha-estadio-1421-estadio-cancha-centenario-no-5-natural-instalaciones-club-america,  Cancha Centenario No. 5 (Natural) Instalaciones Club América,  https--www.ligafemenil.mx-cancha-galeria-OTIwMTEvMTYvNjkvMS8xNA==-america-vs-veracruz,  ,  https--www.ligafemenil.mx-cancha-playlist-92011-america-vs-veracruz,  
2018-2019,Apertura,  Lunes 29 de Octubre de 2018-nTemporada 2018-2019-nTorneo Apertura-nJornada 16-n29 Octubre 2018 - 1600 hrs.,  https--www.ligafemenil.mx-cancha-informeArbitral-92007-eyJpZERpdmlzaW9uIjoiMTQiLCJpZFRlbXBvcmFkYSI6IjY5IiwiaWRUb3JuZW8iOiIxIiwiaWRDbHVibG9jYWwiOjExMTgzLCJpZENsdWJ2aXNpdGEiOjExMTg2fQ==-informe-arbitral-m-morelia-vs-tigres-de-la-uanl-jornada-16-estadio-jose-maria-morelos-y-pavon-am,  1 - 5,  https--www.ligafemenil.mx-cancha-estadio-10-estadio-jose-maria-morelos-y-pavon,  José María Morelos y Pavón,  https--www.ligafemenil.mx-cancha-galeria-OTIwMDcvMTYvNjkvMS8xNA==-m-morelia-vs-tigres-de-la-uanl,  ,  https--www.ligafemenil.mx-cancha-playlist-92007-m-morelia-vs-tigres-de-la-uanl,  
2018-2019,Apertura,  Lunes 29 de Octubre de 2018-nTemporada 2018-2019-nTorneo Apertura-nJornada 16-n29 Octubre 2018 - 1600 hrs.,  https--www.ligafemenil.mx-cancha-informeArbitral-92005-eyJpZERpdmlzaW9uIjoiMTQiLCJpZFRlbXBvcmFkYSI6IjY5IiwiaWRUb3JuZW8iOiIxIiwiaWRDbHVibG9jYWwiOjExNTQyLCJpZENsdWJ2aXNpdGEiOjExMTg0fQ==-informe-arbitral-lobos-vs-pachuca-jornada-16-estadio-universitario-buap,  2 - 3,  https--www.ligafemenil.mx-cancha-estadio-75-estadio-universitario-buap,  Universitario BUAP,  https--www.ligafemenil.mx-cancha-galeria-OTIwMDUvMTYvNjkvMS8xNA==-lobos-vs-pachuca,  ,  https--www.ligafemenil.mx-cancha-playlist-92005-lobos-vs-pachuca,  
2018-2019,Apertura,  Lunes 29 de Octubre de 2018-nTemporada 2018-2019-nTorneo Apertura-nJornada 16-n29 Octubre 2018 - 1800 hrs.,  https--www.ligafemenil.mx-cancha-informeArbitral-92009-eyJpZERpdmlzaW9uIjoiMTQiLCJpZFRlbXBvcmFkYSI6IjY5IiwiaWRUb3JuZW8iOiIxIiwiaWRDbHVibG9jYWwiOjExMTg3LCJpZENsdWJ2aXNpdGEiOjExMTg4fQ==-informe-arbitral-toluca-vs-pumas-jornada-16-estadio-nemesio-diez-tdn,  1 - 2,  https--www.ligafemenil.mx-cancha-estadio-6-estadio-nemesio-diez,  Nemesio Diez,  https--www.ligafemenil.mx-cancha-galeria-OTIwMDkvMTYvNjkvMS8xNA==-toluca-vs-pumas,  ,  https--www.ligafemenil.mx-cancha-playlist-92009-toluca-vs-pumas,  
2018-2019,Apertura,  Lunes 29 de Octubre de 2018-nTemporada 2018-2019-nTorneo Apertura-nJornada 16-n29 Octubre 2018 - 1900 hrs.,  https--www.ligafemenil.mx-cancha-informeArbitral-92003-eyJpZERpdmlzaW9uIjoiMTQiLCJpZFRlbXBvcmFkYSI6IjY5IiwiaWRUb3JuZW8iOiIxIiwiaWRDbHVibG9jYWwiOjExMTg1LCJpZENsdWJ2aXNpdGEiOjExMjQzfQ==-informe-arbitral-rayados-de-monterrey-vs-leon-jornada-16-estadio-bbva-bancomer-fox-sports,  0 - 1,  https--www.ligafemenil.mx-cancha-estadio-793-estadio-bbva-bancomer,  Estadio BBVA Bancomer,  https--www.ligafemenil.mx-cancha-galeria-OTIwMDMvMTYvNjkvMS8xNA==-rayados-de-monterrey-vs-leon,  ,  https--www.ligafemenil.mx-cancha-playlist-92003-rayados-de-monterrey-vs-leon,  
2018-2019,Apertura,  Lunes 29 de Octubre de 2018-nTemporada 2018-2019-nTorneo Apertura-nJornada 16-n29 Octubre 2018 - 2100 hrs.,  https--www.ligafemenil.mx-cancha-informeArbitral-92012-eyJpZERpdmlzaW9uIjoiMTQiLCJpZFRlbXBvcmFkYSI6IjY5IiwiaWRUb3JuZW8iOiIxIiwiaWRDbHVibG9jYWwiOjExMTkyLCJpZENsdWJ2aXNpdGEiOjExMjQ1fQ==-informe-arbitral-santos-laguna-vs-atlas-jornada-16-estadio-tsm-corona-fox-sports,  1 - 1,  https--www.ligafemenil.mx-cancha-estadio-63-estadio-tsm-corona,  TSM Corona,  https--www.ligafemenil.mx-cancha-galeria-OTIwMTIvMTYvNjkvMS8xNA==-santos-laguna-vs-atlas,  ,  https--www.ligafemenil.mx-cancha-playlist-92012-santos-laguna-vs-atlas,  
2018-2019,Apertura,  Viernes 2 de Noviembre de 2018-nTemporada 2018-2019-nTorneo Apertura-nJornada 17-n2 Noviembre 2018 - 1600 hrs.,  https--www.ligafemenil.mx-cancha-informeArbitral-92015-eyJpZERpdmlzaW9uIjoiMTQiLCJpZFRlbXBvcmFkYSI6IjY5IiwiaWRUb3JuZW8iOiIxIiwiaWRDbHVibG9jYWwiOjExMjQ0LCJpZENsdWJ2aXNpdGEiOjExMTgzfQ==-informe-arbitral-queretaro-vs-m-morelia-jornada-17-estadio-la-corregidora-claro-sports,  0 - 3,  https--www.ligafemenil.mx-cancha-estadio-25-estadio-la-corregidora,  La Corregidora,  https--www.ligafemenil.mx-cancha-galeria-OTIwMTUvMTcvNjkvMS8xNA==-queretaro-vs-m-morelia,  ,  https--www.ligafemenil.mx-cancha-playlist-92015-queretaro-vs-m-morelia,  
2018-2019,Apertura,  Sábado 3 de Noviembre de 2018-nTemporada 2018-2019-nTorneo Apertura-nJornada 17-n3 Noviembre 2018 - 1100 hrs.,  https--www.ligafemenil.mx-cancha-informeArbitral-92020-eyJpZERpdmlzaW9uIjoiMTQiLCJpZFRlbXBvcmFkYSI6IjY5IiwiaWRUb3JuZW8iOiIxIiwiaWRDbHVibG9jYWwiOjExMjQ1LCJpZENsdWJ2aXNpdGEiOjExMTg1fQ==-informe-arbitral-atlas-vs-rayados-de-monterrey-jornada-17-estadio-colomos-tvc-deportes,  1 - 1,  https--www.ligafemenil.mx-cancha-estadio-109-estadio-colomos,  Colomos,  https--www.ligafemenil.mx-cancha-galeria-OTIwMjAvMTcvNjkvMS8xNA==-atlas-vs-rayados-de-monterrey,  ,  https--www.ligafemenil.mx-cancha-playlist-92020-atlas-vs-rayados-de-monterrey,  
2018-2019,Apertura,  Sábado 3 de Noviembre de 2018-nTemporada 2018-2019-nTorneo Apertura-nJornada 17-n3 Noviembre 2018 - 1200 hrs.,  https--www.ligafemenil.mx-cancha-informeArbitral-92022-eyJpZERpdmlzaW9uIjoiMTQiLCJpZFRlbXBvcmFkYSI6IjY5IiwiaWRUb3JuZW8iOiIxIiwiaWRDbHVibG9jYWwiOjExMTg4LCJpZENsdWJ2aXNpdGEiOjExMTgxfQ==-informe-arbitral-pumas-vs-cruz-azul-jornada-17-estadio-la-cantera-cancha-1-tdn,  3 - 0,  https--www.ligafemenil.mx-cancha-estadio-1146-estadio-la-cantera-cancha-1,  La Cantera Cancha 1,  https--www.ligafemenil.mx-cancha-galeria-OTIwMjIvMTcvNjkvMS8xNA==-pumas-vs-cruz-azul,  ,  https--www.ligafemenil.mx-cancha-playlist-92022-pumas-vs-cruz-azul,  
2018-2019,Apertura,  Lunes 5 de Noviembre de 2018-nTemporada 2018-2019-nTorneo Apertura-nJornada 17-n5 Noviembre 2018 - 1800 hrs.,  https--www.ligafemenil.mx-cancha-informeArbitral-92023-eyJpZERpdmlzaW9uIjoiMTQiLCJpZFRlbXBvcmFkYSI6IjY5IiwiaWRUb3JuZW8iOiIxIiwiaWRDbHVibG9jYWwiOjExMjQyLCJpZENsdWJ2aXNpdGEiOjExMTg3fQ==-informe-arbitral-veracruz-vs-toluca-jornada-17-estadio-luis-pirata-fuente-tibuvision,  2 - 4,  https--www.ligafemenil.mx-cancha-estadio-57-estadio-luis-pirata-fuente,  Luis Pirata Fuente,  https--www.ligafemenil.mx-cancha-galeria-OTIwMjMvMTcvNjkvMS8xNA==-veracruz-vs-toluca,  ,  https--www.ligafemenil.mx-cancha-playlist-92023-veracruz-vs-toluca,  
2018-2019,Apertura,  Lunes 5 de Noviembre de 2018-nTemporada 2018-2019-nTorneo Apertura-nJornada 17-n5 Noviembre 2018 - 1900 hrs.,  https--www.ligafemenil.mx-cancha-informeArbitral-92024-eyJpZERpdmlzaW9uIjoiMTQiLCJpZFRlbXBvcmFkYSI6IjY5IiwiaWRUb3JuZW8iOiIxIiwiaWRDbHVibG9jYWwiOjExMTg0LCJpZENsdWJ2aXNpdGEiOjExMTkxfQ==-informe-arbitral-pachuca-vs-america-jornada-17-estadio-hidalgo-fox-sports,  3 - 2,  https--www.ligafemenil.mx-cancha-estadio-11-estadio-hidalgo,  Hidalgo,  https--www.ligafemenil.mx-cancha-galeria-OTIwMjQvMTcvNjkvMS8xNA==-pachuca-vs-america,  ,  https--www.ligafemenil.mx-cancha-playlist-92024-pachuca-vs-america,  
2018-2019,Apertura,  Lunes 5 de Noviembre de 2018-nTemporada 2018-2019-nTorneo Apertura-nJornada 17-n5 Noviembre 2018 - 2000 hrs.,  https--www.ligafemenil.mx-cancha-informeArbitral-92025-eyJpZERpdmlzaW9uIjoiMTQiLCJpZFRlbXBvcmFkYSI6IjY5IiwiaWRUb3JuZW8iOiIxIiwiaWRDbHVibG9jYWwiOjExMTg2LCJpZENsdWJ2aXNpdGEiOjExMTgyfQ==-informe-arbitral-tigres-de-la-uanl-vs-guadalajara-jornada-17-estadio-universitario-univision-tdn,  2 - 1,  https--www.ligafemenil.mx-cancha-estadio-12-estadio-universitario,  Universitario,  https--www.ligafemenil.mx-cancha-galeria-OTIwMjUvMTcvNjkvMS8xNA==-tigres-de-la-uanl-vs-guadalajara,  ,  https--www.ligafemenil.mx-cancha-playlist-92025-tigres-de-la-uanl-vs-guadalajara,  
2018-2019,Apertura,  Lunes 5 de Noviembre de 2018-nTemporada 2018-2019-nTorneo Apertura-nJornada 17-n5 Noviembre 2018 - 1900 hrs.,  https--www.ligafemenil.mx-cancha-informeArbitral-92026-eyJpZERpdmlzaW9uIjoiMTQiLCJpZFRlbXBvcmFkYSI6IjY5IiwiaWRUb3JuZW8iOiIxIiwiaWRDbHVibG9jYWwiOjExMTgwLCJpZENsdWJ2aXNpdGEiOjExNTQzfQ==-informe-arbitral-tijuana-vs-puebla-fc-jornada-17-estadio-caliente,  0 - 3,  https--www.ligafemenil.mx-cancha-estadio-48-estadio-caliente,  Caliente,  https--www.ligafemenil.mx-cancha-galeria-OTIwMjYvMTcvNjkvMS8xNA==-tijuana-vs-puebla-fc,  ,  https--www.ligafemenil.mx-cancha-playlist-92026-tijuana-vs-puebla-fc,  
2018-2019,Apertura,  Lunes 5 de Noviembre de 2018-nTemporada 2018-2019-nTorneo Apertura-nJornada 17-n5 Noviembre 2018 - 2100 hrs.,  https--www.ligafemenil.mx-cancha-informeArbitral-92017-eyJpZERpdmlzaW9uIjoiMTQiLCJpZFRlbXBvcmFkYSI6IjY5IiwiaWRUb3JuZW8iOiIxIiwiaWRDbHVibG9jYWwiOjExMjQzLCJpZENsdWJ2aXNpdGEiOjExMTg5fQ==-informe-arbitral-leon-vs-necaxa-jornada-17-estadio-nou-camp-fox-sports,  1 - 0,  https--www.ligafemenil.mx-cancha-estadio-23-estadio-nou-camp,  Nou Camp,  https--www.ligafemenil.mx-cancha-galeria-OTIwMTcvMTcvNjkvMS8xNA==-leon-vs-necaxa,  ,  https--www.ligafemenil.mx-cancha-playlist-92017-leon-vs-necaxa,  
2018-2019,Apertura,  Lunes 12 de Noviembre de 2018-nTemporada 2018-2019-nTorneo Apertura-nJornada 15-n12 Noviembre 2018 - 2000 hrs.,  https--www.ligafemenil.mx-cancha-informeArbitral-92021-eyJpZERpdmlzaW9uIjoiMTQiLCJpZFRlbXBvcmFkYSI6IjY5IiwiaWRUb3JuZW8iOiIxIiwiaWRDbHVibG9jYWwiOjExMTg2LCJpZENsdWJ2aXNpdGEiOjExMTg5fQ==-informe-arbitral-tigres-de-la-uanl-vs-necaxa-jornada-15-estadio-universitario-tdn,  7 - 0,  https--www.ligafemenil.mx-cancha-estadio-12-estadio-universitario,  Universitario,  https--www.ligafemenil.mx-cancha-galeria-OTIwMjEvMTUvNjkvMS8xNA==-tigres-de-la-uanl-vs-necaxa,  ,  https--www.ligafemenil.mx-cancha-playlist-92021-tigres-de-la-uanl-vs-necaxa,  
2018-2019,Apertura,  Viernes 16 de Noviembre de 2018-nTemporada 2018-2019-nTorneo Apertura-nJornada 18-n16 Noviembre 2018 - 1545 hrs.,  https--www.ligafemenil.mx-cancha-informeArbitral-92027-eyJpZERpdmlzaW9uIjoiMTQiLCJpZFRlbXBvcmFkYSI6IjY5IiwiaWRUb3JuZW8iOiIxIiwiaWRDbHVibG9jYWwiOjExMTgxLCJpZENsdWJ2aXNpdGEiOjExMjQyfQ==-informe-arbitral-cruz-azul-vs-veracruz-jornada-18-estadio-10-de-diciembre,  2 - 1,  https--www.ligafemenil.mx-cancha-estadio-30-estadio-10-de-diciembre,  10 de Diciembre,  https--www.ligafemenil.mx-cancha-galeria-OTIwMjcvMTgvNjkvMS8xNA==-cruz-azul-vs-veracruz,  ,  https--www.ligafemenil.mx-cancha-playlist-92027-cruz-azul-vs-veracruz,  
2018-2019,Apertura,  Viernes 16 de Noviembre de 2018-nTemporada 2018-2019-nTorneo Apertura-nJornada 18-n16 Noviembre 2018 - 1600 hrs.,  https--www.ligafemenil.mx-cancha-informeArbitral-92028-eyJpZERpdmlzaW9uIjoiMTQiLCJpZFRlbXBvcmFkYSI6IjY5IiwiaWRUb3JuZW8iOiIxIiwiaWRDbHVibG9jYWwiOjExMTg5LCJpZENsdWJ2aXNpdGEiOjExMjQ1fQ==-informe-arbitral-necaxa-vs-atlas-jornada-18-estadio-victoria,  0 - 4,  https--www.ligafemenil.mx-cancha-estadio-15-estadio-victoria,  Victoria,  https--www.ligafemenil.mx-cancha-galeria-OTIwMjgvMTgvNjkvMS8xNA==-necaxa-vs-atlas,  ,  https--www.ligafemenil.mx-cancha-playlist-92028-necaxa-vs-atlas,  
2018-2019,Apertura,  Viernes 16 de Noviembre de 2018-nTemporada 2018-2019-nTorneo Apertura-nJornada 18-n16 Noviembre 2018 - 2100 hrs.,  https--www.ligafemenil.mx-cancha-informeArbitral-92029-eyJpZERpdmlzaW9uIjoiMTQiLCJpZFRlbXBvcmFkYSI6IjY5IiwiaWRUb3JuZW8iOiIxIiwiaWRDbHVibG9jYWwiOjExMTg1LCJpZENsdWJ2aXNpdGEiOjExMTkyfQ==-informe-arbitral-rayados-de-monterrey-vs-santos-laguna-jornada-18-estadio-bbva-bancomer,  2 - 0,  https--www.ligafemenil.mx-cancha-estadio-793-estadio-bbva-bancomer,  Estadio BBVA Bancomer,  https--www.ligafemenil.mx-cancha-galeria-OTIwMjkvMTgvNjkvMS8xNA==-rayados-de-monterrey-vs-santos-laguna,  ,  https--www.ligafemenil.mx-cancha-playlist-92029-rayados-de-monterrey-vs-santos-laguna,  
2018-2019,Apertura,  Sábado 17 de Noviembre de 2018-nTemporada 2018-2019-nTorneo Apertura-nJornada 18-n17 Noviembre 2018 - 1000 hrs.,  https--www.ligafemenil.mx-cancha-informeArbitral-92031-eyJpZERpdmlzaW9uIjoiMTQiLCJpZFRlbXBvcmFkYSI6IjY5IiwiaWRUb3JuZW8iOiIxIiwiaWRDbHVibG9jYWwiOjExMTgyLCJpZENsdWJ2aXNpdGEiOjExMjQ0fQ==-informe-arbitral-guadalajara-vs-queretaro-jornada-18-estadio-verde-valle-chivas-tv,  1 - 1,  https--www.ligafemenil.mx-cancha-estadio-36-estadio-verde-valle,  Verde Valle,  https--www.ligafemenil.mx-cancha-galeria-OTIwMzEvMTgvNjkvMS8xNA==-guadalajara-vs-queretaro,  ,  https--www.ligafemenil.mx-cancha-playlist-92031-guadalajara-vs-queretaro,  
2018-2019,Apertura,  Sábado 17 de Noviembre de 2018-nTemporada 2018-2019-nTorneo Apertura-nJornada 18-n17 Noviembre 2018 - 1200 hrs.,  https--www.ligafemenil.mx-cancha-informeArbitral-92033-eyJpZERpdmlzaW9uIjoiMTQiLCJpZFRlbXBvcmFkYSI6IjY5IiwiaWRUb3JuZW8iOiIxIiwiaWRDbHVibG9jYWwiOjExMTg3LCJpZENsdWJ2aXNpdGEiOjExMTg0fQ==-informe-arbitral-toluca-vs-pachuca-jornada-18-estadio-nemesio-diez-tdn,  0 - 1,  https--www.ligafemenil.mx-cancha-estadio-6-estadio-nemesio-diez,  Nemesio Diez,  https--www.ligafemenil.mx-cancha-galeria-OTIwMzMvMTgvNjkvMS8xNA==-toluca-vs-pachuca,  ,  https--www.ligafemenil.mx-cancha-playlist-92033-toluca-vs-pachuca,  
2018-2019,Apertura,  Sábado 17 de Noviembre de 2018-nTemporada 2018-2019-nTorneo Apertura-nJornada 18-n17 Noviembre 2018 - 1545 hrs.,  https--www.ligafemenil.mx-cancha-informeArbitral-92034-eyJpZERpdmlzaW9uIjoiMTQiLCJpZFRlbXBvcmFkYSI6IjY5IiwiaWRUb3JuZW8iOiIxIiwiaWRDbHVibG9jYWwiOjExMTkxLCJpZENsdWJ2aXNpdGEiOjExNTQyfQ==-informe-arbitral-america-vs-lobos-jornada-18-estadio-cancha-centenario-no-5-natural-instalaciones-club-america,  2 - 1,  https--www.ligafemenil.mx-cancha-estadio-1421-estadio-cancha-centenario-no-5-natural-instalaciones-club-america,  Cancha Centenario No. 5 (Natural) Instalaciones Club América,  https--www.ligafemenil.mx-cancha-galeria-OTIwMzQvMTgvNjkvMS8xNA==-america-vs-lobos,  ,  https--www.ligafemenil.mx-cancha-playlist-92034-america-vs-lobos,  
2018-2019,Apertura,  Domingo 18 de Noviembre de 2018-nTemporada 2018-2019-nTorneo Apertura-nJornada 18-n18 Noviembre 2018 - 1200 hrs.,  https--www.ligafemenil.mx-cancha-informeArbitral-92030-eyJpZERpdmlzaW9uIjoiMTQiLCJpZFRlbXBvcmFkYSI6IjY5IiwiaWRUb3JuZW8iOiIxIiwiaWRDbHVibG9jYWwiOjExNTQzLCJpZENsdWJ2aXNpdGEiOjExMTg4fQ==-informe-arbitral-puebla-fc-vs-pumas-jornada-18-estadio-cuauhtemoc,  1 - 1,  https--www.ligafemenil.mx-cancha-estadio-9-estadio-cuauhtemoc,  Cuauhtémoc,  https--www.ligafemenil.mx-cancha-galeria-OTIwMzAvMTgvNjkvMS8xNA==-puebla-fc-vs-pumas,  ,  https--www.ligafemenil.mx-cancha-playlist-92030-puebla-fc-vs-pumas,  
2018-2019,Apertura,  Lunes 19 de Noviembre de 2018-nTemporada 2018-2019-nTorneo Apertura-nJornada 18-n19 Noviembre 2018 - 1600 hrs.,  https--www.ligafemenil.mx-cancha-informeArbitral-92032-eyJpZERpdmlzaW9uIjoiMTQiLCJpZFRlbXBvcmFkYSI6IjY5IiwiaWRUb3JuZW8iOiIxIiwiaWRDbHVibG9jYWwiOjExMTgzLCJpZENsdWJ2aXNpdGEiOjExMjQzfQ==-informe-arbitral-m-morelia-vs-leon-jornada-18-estadio-jose-maria-morelos-y-pavon,  1 - 3,  https--www.ligafemenil.mx-cancha-estadio-10-estadio-jose-maria-morelos-y-pavon,  José María Morelos y Pavón,  https--www.ligafemenil.mx-cancha-galeria-OTIwMzIvMTgvNjkvMS8xNA==-m-morelia-vs-leon,  ,  https--www.ligafemenil.mx-cancha-playlist-92032-m-morelia-vs-leon,  
2018-2019,Apertura,  Miércoles 21 de Noviembre de 2018-nTemporada 2018-2019-nTorneo Apertura-nCuartos Ida-n21 Noviembre 2018 - 1800 hrs.,  https--www.ligafemenil.mx-cancha-informeArbitral-95166-eyJpZERpdmlzaW9uIjoiMTQiLCJpZFRlbXBvcmFkYSI6IjY5IiwiaWRUb3JuZW8iOiIxIiwiaWRDbHVibG9jYWwiOjExMTg3LCJpZENsdWJ2aXNpdGEiOjExMTkxfQ==-informe-arbitral-toluca-vs-america-cuartos-ida-estadio-nemesio-diez-tdn,  2 - 2,  https--www.ligafemenil.mx-cancha-estadio-6-estadio-nemesio-diez,  Nemesio Diez,  https--www.ligafemenil.mx-cancha-galeria-OTUxNjYvMTkvNjkvMS8xNA==-toluca-vs-america,  ,  https--www.ligafemenil.mx-cancha-playlist-95166-toluca-vs-america,  
2018-2019,Apertura,  Jueves 22 de Noviembre de 2018-nTemporada 2018-2019-nTorneo Apertura-nCuartos Ida-n22 Noviembre 2018 - 1900 hrs.,  https--www.ligafemenil.mx-cancha-informeArbitral-95167-eyJpZERpdmlzaW9uIjoiMTQiLCJpZFRlbXBvcmFkYSI6IjY5IiwiaWRUb3JuZW8iOiIxIiwiaWRDbHVibG9jYWwiOjExMTg1LCJpZENsdWJ2aXNpdGEiOjExMTgyfQ==-informe-arbitral-rayados-de-monterrey-vs-guadalajara-cuartos-ida-estadio-bbva-bancomer-fox-sports,  1 - 1,  https--www.ligafemenil.mx-cancha-estadio-793-estadio-bbva-bancomer,  Estadio BBVA Bancomer,  https--www.ligafemenil.mx-cancha-galeria-OTUxNjcvMTkvNjkvMS8xNA==-rayados-de-monterrey-vs-guadalajara,  ,  https--www.ligafemenil.mx-cancha-playlist-95167-rayados-de-monterrey-vs-guadalajara,  
2018-2019,Apertura,  Viernes 23 de Noviembre de 2018-nTemporada 2018-2019-nTorneo Apertura-nCuartos Ida-n23 Noviembre 2018 - 1100 hrs.,  https--www.ligafemenil.mx-cancha-informeArbitral-95164-eyJpZERpdmlzaW9uIjoiMTQiLCJpZFRlbXBvcmFkYSI6IjY5IiwiaWRUb3JuZW8iOiIxIiwiaWRDbHVibG9jYWwiOjExMjQ1LCJpZENsdWJ2aXNpdGEiOjExMTg2fQ==-informe-arbitral-atlas-vs-tigres-de-la-uanl-cuartos-ida-estadio-colomos-tvc-deportes,  1 - 2,  https--www.ligafemenil.mx-cancha-estadio-109-estadio-colomos,  Colomos,  https--www.ligafemenil.mx-cancha-galeria-OTUxNjQvMTkvNjkvMS8xNA==-atlas-vs-tigres-de-la-uanl,  ,  https--www.ligafemenil.mx-cancha-playlist-95164-atlas-vs-tigres-de-la-uanl,  
2018-2019,Apertura,  Viernes 23 de Noviembre de 2018-nTemporada 2018-2019-nTorneo Apertura-nCuartos Ida-n23 Noviembre 2018 - 1500 hrs.,  https--www.ligafemenil.mx-cancha-informeArbitral-95165-eyJpZERpdmlzaW9uIjoiMTQiLCJpZFRlbXBvcmFkYSI6IjY5IiwiaWRUb3JuZW8iOiIxIiwiaWRDbHVibG9jYWwiOjExMTg4LCJpZENsdWJ2aXNpdGEiOjExMTg0fQ==-informe-arbitral-pumas-vs-pachuca-cuartos-ida-estadio-la-cantera-cancha-1-tdn,  0 - 1,  https--www.ligafemenil.mx-cancha-estadio-1146-estadio-la-cantera-cancha-1,  La Cantera Cancha 1,  https--www.ligafemenil.mx-cancha-galeria-OTUxNjUvMTkvNjkvMS8xNA==-pumas-vs-pachuca,  ,  https--www.ligafemenil.mx-cancha-playlist-95165-pumas-vs-pachuca,  
2018-2019,Apertura,  Sábado 24 de Noviembre de 2018-nTemporada 2018-2019-nTorneo Apertura-nCuartos Vuelta-n24 Noviembre 2018 - 1500 hrs.,  https--www.ligafemenil.mx-cancha-informeArbitral-95170-eyJpZERpdmlzaW9uIjoiMTQiLCJpZFRlbXBvcmFkYSI6IjY5IiwiaWRUb3JuZW8iOiIxIiwiaWRDbHVibG9jYWwiOjExMTkxLCJpZENsdWJ2aXNpdGEiOjExMTg3fQ==-informe-arbitral-america-vs-toluca-cuartos-vuelta-estadio-cancha-centenario-no-5-natural-instalaciones-club-america-tdn,  3 - 1,  https--www.ligafemenil.mx-cancha-estadio-1421-estadio-cancha-centenario-no-5-natural-instalaciones-club-america,  Cancha Centenario No. 5 (Natural) Instalaciones Club América,  https--www.ligafemenil.mx-cancha-galeria-OTUxNzAvMjAvNjkvMS8xNA==-america-vs-toluca,  ,  https--www.ligafemenil.mx-cancha-playlist-95170-america-vs-toluca,  
2018-2019,Apertura,  Domingo 25 de Noviembre de 2018-nTemporada 2018-2019-nTorneo Apertura-nCuartos Vuelta-n25 Noviembre 2018 - 1900 hrs.,  https--www.ligafemenil.mx-cancha-informeArbitral-95171-eyJpZERpdmlzaW9uIjoiMTQiLCJpZFRlbXBvcmFkYSI6IjY5IiwiaWRUb3JuZW8iOiIxIiwiaWRDbHVibG9jYWwiOjExMTgyLCJpZENsdWJ2aXNpdGEiOjExMTg1fQ==-informe-arbitral-guadalajara-vs-rayados-de-monterrey-cuartos-vuelta-estadio-akron,  0 - 0,  https--www.ligafemenil.mx-cancha-estadio-1538-estadio-akron,  Estadio AKRON,  https--www.ligafemenil.mx-cancha-galeria-OTUxNzEvMjAvNjkvMS8xNA==-guadalajara-vs-rayados-de-monterrey,  ,  https--www.ligafemenil.mx-cancha-playlist-95171-guadalajara-vs-rayados-de-monterrey,  
2018-2019,Apertura,  Lunes 26 de Noviembre de 2018-nTemporada 2018-2019-nTorneo Apertura-nCuartos Vuelta-n26 Noviembre 2018 - 1800 hrs.,  https--www.ligafemenil.mx-cancha-informeArbitral-95169-eyJpZERpdmlzaW9uIjoiMTQiLCJpZFRlbXBvcmFkYSI6IjY5IiwiaWRUb3JuZW8iOiIxIiwiaWRDbHVibG9jYWwiOjExMTg0LCJpZENsdWJ2aXNpdGEiOjExMTg4fQ==-informe-arbitral-pachuca-vs-pumas-cuartos-vuelta-estadio-hidalgo-fox-sports,  5 - 1,  https--www.ligafemenil.mx-cancha-estadio-11-estadio-hidalgo,  Hidalgo,  https--www.ligafemenil.mx-cancha-galeria-OTUxNjkvMjAvNjkvMS8xNA==-pachuca-vs-pumas,  ,  https--www.ligafemenil.mx-cancha-playlist-95169-pachuca-vs-pumas,  
2018-2019,Apertura,  Lunes 26 de Noviembre de 2018-nTemporada 2018-2019-nTorneo Apertura-nCuartos Vuelta-n26 Noviembre 2018 - 2000 hrs.,  https--www.ligafemenil.mx-cancha-informeArbitral-95168-eyJpZERpdmlzaW9uIjoiMTQiLCJpZFRlbXBvcmFkYSI6IjY5IiwiaWRUb3JuZW8iOiIxIiwiaWRDbHVibG9jYWwiOjExMTg2LCJpZENsdWJ2aXNpdGEiOjExMjQ1fQ==-informe-arbitral-tigres-de-la-uanl-vs-atlas-cuartos-vuelta-estadio-universitario-tdn,  0 - 0,  https--www.ligafemenil.mx-cancha-estadio-12-estadio-universitario,  Universitario,  https--www.ligafemenil.mx-cancha-galeria-OTUxNjgvMjAvNjkvMS8xNA==-tigres-de-la-uanl-vs-atlas,  ,  https--www.ligafemenil.mx-cancha-playlist-95168-tigres-de-la-uanl-vs-atlas,  
2018-2019,Apertura,  Viernes 30 de Noviembre de 2018-nTemporada 2018-2019-nTorneo Apertura-nSemifinal Ida-n30 Noviembre 2018 - 1500 hrs.,  https--www.ligafemenil.mx-cancha-informeArbitral-95205-eyJpZERpdmlzaW9uIjoiMTQiLCJpZFRlbXBvcmFkYSI6IjY5IiwiaWRUb3JuZW8iOiIxIiwiaWRDbHVibG9jYWwiOjExMTkxLCJpZENsdWJ2aXNpdGEiOjExMTg0fQ==-informe-arbitral-america-vs-pachuca-semifinal-ida-estadio-cancha-centenario-no-5-natural-instalaciones-club-america-tdn,  0 - 0,  https--www.ligafemenil.mx-cancha-estadio-1421-estadio-cancha-centenario-no-5-natural-instalaciones-club-america,  Cancha Centenario No. 5 (Natural) Instalaciones Club América,  https--www.ligafemenil.mx-cancha-galeria-OTUyMDUvMjEvNjkvMS8xNA==-america-vs-pachuca,  ,  https--www.ligafemenil.mx-cancha-playlist-95205-america-vs-pachuca,  
2018-2019,Apertura,  Viernes 30 de Noviembre de 2018-nTemporada 2018-2019-nTorneo Apertura-nSemifinal Ida-n30 Noviembre 2018 - 2000 hrs.,  https--www.ligafemenil.mx-cancha-informeArbitral-95206-eyJpZERpdmlzaW9uIjoiMTQiLCJpZFRlbXBvcmFkYSI6IjY5IiwiaWRUb3JuZW8iOiIxIiwiaWRDbHVibG9jYWwiOjExMTgyLCJpZENsdWJ2aXNpdGEiOjExMTg2fQ==-informe-arbitral-guadalajara-vs-tigres-de-la-uanl-semifinal-ida-estadio-akron-fox-sports,  1 - 1,  https--www.ligafemenil.mx-cancha-estadio-1538-estadio-akron,  Estadio AKRON,  https--www.ligafemenil.mx-cancha-galeria-OTUyMDYvMjEvNjkvMS8xNA==-guadalajara-vs-tigres-de-la-uanl,  ,  https--www.ligafemenil.mx-cancha-playlist-95206-guadalajara-vs-tigres-de-la-uanl,  
2018-2019,Apertura,  Lunes 3 de Diciembre de 2018-nTemporada 2018-2019-nTorneo Apertura-nSemifinal Vuelta-n3 Diciembre 2018 - 1800 hrs.,  https--www.ligafemenil.mx-cancha-informeArbitral-95207-eyJpZERpdmlzaW9uIjoiMTQiLCJpZFRlbXBvcmFkYSI6IjY5IiwiaWRUb3JuZW8iOiIxIiwiaWRDbHVibG9jYWwiOjExMTg0LCJpZENsdWJ2aXNpdGEiOjExMTkxfQ==-informe-arbitral-pachuca-vs-america-semifinal-vuelta-estadio-hidalgo-fox-sports,  0 - 1,  https--www.ligafemenil.mx-cancha-estadio-11-estadio-hidalgo,  Hidalgo,  https--www.ligafemenil.mx-cancha-galeria-OTUyMDcvMjIvNjkvMS8xNA==-pachuca-vs-america,  ,  https--www.ligafemenil.mx-cancha-playlist-95207-pachuca-vs-america,  
2018-2019,Apertura,  Lunes 3 de Diciembre de 2018-nTemporada 2018-2019-nTorneo Apertura-nSemifinal Vuelta-n3 Diciembre 2018 - 2000 hrs.,  https--www.ligafemenil.mx-cancha-informeArbitral-95208-eyJpZERpdmlzaW9uIjoiMTQiLCJpZFRlbXBvcmFkYSI6IjY5IiwiaWRUb3JuZW8iOiIxIiwiaWRDbHVibG9jYWwiOjExMTg2LCJpZENsdWJ2aXNpdGEiOjExMTgyfQ==-informe-arbitral-tigres-de-la-uanl-vs-guadalajara-semifinal-vuelta-estadio-universitario-tdn,  4 - 2,  https--www.ligafemenil.mx-cancha-estadio-12-estadio-universitario,  Universitario,  https--www.ligafemenil.mx-cancha-galeria-OTUyMDgvMjIvNjkvMS8xNA==-tigres-de-la-uanl-vs-guadalajara,  ,  https--www.ligafemenil.mx-cancha-playlist-95208-tigres-de-la-uanl-vs-guadalajara,  
2018-2019,Apertura,  Martes 11 de Diciembre de 2018-nTemporada 2018-2019-nTorneo Apertura-nFinal Ida-n11 Diciembre 2018 - 1600 hrs.,  https--www.ligafemenil.mx-cancha-informeArbitral-95221-eyJpZERpdmlzaW9uIjoiMTQiLCJpZFRlbXBvcmFkYSI6IjY5IiwiaWRUb3JuZW8iOiIxIiwiaWRDbHVibG9jYWwiOjExMTkxLCJpZENsdWJ2aXNpdGEiOjExMTg2fQ==-informe-arbitral-america-vs-tigres-de-la-uanl-final-ida-estadio-azteca-tdn,  2 - 2,  https--www.ligafemenil.mx-cancha-estadio-1-estadio-azteca,  Azteca,  https--www.ligafemenil.mx-cancha-galeria-OTUyMjEvMjMvNjkvMS8xNA==-america-vs-tigres-de-la-uanl,  ,  https--www.ligafemenil.mx-cancha-playlist-95221-america-vs-tigres-de-la-uanl,  
2018-2019,Apertura,  Sábado 15 de Diciembre de 2018-nTemporada 2018-2019-nTorneo Apertura-nFinal Vuelta-n15 Diciembre 2018 - 1900 hrs.,  https--www.ligafemenil.mx-cancha-informeArbitral-95222-eyJpZERpdmlzaW9uIjoiMTQiLCJpZFRlbXBvcmFkYSI6IjY5IiwiaWRUb3JuZW8iOiIxIiwiaWRDbHVibG9jYWwiOjExMTg2LCJpZENsdWJ2aXNpdGEiOjExMTkxfQ==-informe-arbitral-tigres-de-la-uanl-vs-america-final-vuelta-estadio-universitario-tdn,  1 - 1,  https--www.ligafemenil.mx-cancha-estadio-12-estadio-universitario,  Universitario,  https--www.ligafemenil.mx-cancha-galeria-OTUyMjIvMjQvNjkvMS8xNA==-tigres-de-la-uanl-vs-america,  ,  https--www.ligafemenil.mx-cancha-playlist-95222-tigres-de-la-uanl-vs-ameri