Temporada,Torneo,Columna_3,Columna_4,Columna_5,Columna_6,Columna_7,Columna_8,Columna_9,Columna_10,Columna_11,Columna_12,Columna_13

2020-2021,Apertura,{'type': 'text', 'value': 'Jueves 13 de Agosto de 2020\nTemporada 2020-2021\nTorneo Apertura\nJornada 1\n13 Agosto 2020 - 17:00 hrs.'}",{'type': 'link', 'href': 'https://www.ligafemenil.mx/cancha/informeArbitral/117099/eyJpZERpdmlzaW9uIjoiMTQiLCJpZFRlbXBvcmFkYSI6IjcxIiwiaWRUb3JuZW8iOiIxIiwiaWRDbHVibG9jYWwiOjExNzk1LCJpZENsdWJ2aXNpdGEiOjExMTgyfQ==/informe-arbitral-fc-juarez-vs-guadalajara-jornada-1-estadio-olimpico-benito-juarez-tudn', 'text': '0 - 4'}",{'type': 'link', 'href': 'https://www.ligafemenil.mx/cancha/estadio/17/estadio-olimpico-benito-juarez', 'text': 'Olímpico Benito Juárez'}",{'type': 'link', 'href': 'https://www.ligafemenil.mx/cancha/galeria/MTE3MDk5LzEvNzEvMS8xNA==/fc-juarez-vs-guadalajara', 'text': ''}",{'type': 'link', 'href': 'https://www.ligafemenil.mx/cancha/playlist/117099/fc-juarez-vs-guadalajara', 'text': ''}"

2020-2021,Apertura,{'type': 'text', 'value': 'Viernes 14 de Agosto de 2020\nTemporada 2020-2021\nTorneo Apertura\nJornada 1\n14 Agosto 2020 - 16:00 hrs.'}",{'type': 'link', 'href': 'https://www.ligafemenil.mx/cancha/informeArbitral/117100/eyJpZERpdmlzaW9uIjoiMTQiLCJpZFRlbXBvcmFkYSI6IjcxIiwiaWRUb3JuZW8iOiIxIiwiaWRDbHVibG9jYWwiOjExMTgxLCJpZENsdWJ2aXNpdGEiOjExMTkxfQ==/informe-arbitral-cruz-azul-vs-america-jornada-1-estadio-10-de-diciembre-tudn', 'text': '0 - 2'}",{'type': 'link', 'href': 'https://www.ligafemenil.mx/cancha/estadio/30/estadio-10-de-diciembre', 'text': '10 de Diciembre'}",{'type': 'link', 'href': 'https://www.ligafemenil.mx/cancha/galeria/MTE3MTAwLzEvNzEvMS8xNA==/cruz-azul-vs-america', 'text': ''}",{'type': 'link', 'href': 'https://www.ligafemenil.mx/cancha/playlist/117100/cruz-azul-vs-america', 'text': ''}"

2020-2021,Apertura,{'type': 'text', 'value': 'Sábado 15 de Agosto de 2020\nTemporada 2020-2021\nTorneo Apertura\nJornada 1\n15 Agosto 2020 - 10:00 hrs.'}",{'type': 'link', 'href': 'https://www.ligafemenil.mx/cancha/informeArbitral/117101/eyJpZERpdmlzaW9uIjoiMTQiLCJpZFRlbXBvcmFkYSI6IjcxIiwiaWRUb3JuZW8iOiIxIiwiaWRDbHVibG9jYWwiOjExMjQ1LCJpZENsdWJ2aXNpdGEiOjEyMDUxfQ==/informe-arbitral-atlas-vs-mazatlan-fc-jornada-1-estadio-colomos-tvc-deportes', 'text': '4 - 1'}",{'type': 'link', 'href': 'https://www.ligafemenil.mx/cancha/estadio/109/estadio-colomos', 'text': 'Colomos'}",{'type': 'link', 'href': 'https://www.ligafemenil.mx/cancha/galeria/MTE3MTAxLzEvNzEvMS8xNA==/atlas-vs-mazatlan-fc', 'text': ''}",{'type': 'link', 'href': 'https://www.ligafemenil.mx/cancha/playlist/117101/atlas-vs-mazatlan-fc', 'text': ''}"

2020-2021,Apertura,{'type': 'text', 'value': 'Domingo 16 de Agosto de 2020\nTemporada 2020-2021\nTorneo Apertura\nJornada 1\n16 Agosto 2020 - 10:30 hrs.'}",{'type': 'link', 'href': 'https://www.ligafemenil.mx/cancha/informeArbitral/117103/eyJpZERpdmlzaW9uIjoiMTQiLCJpZFRlbXBvcmFkYSI6IjcxIiwiaWRUb3JuZW8iOiIxIiwiaWRDbHVibG9jYWwiOjExMTg1LCJpZENsdWJ2aXNpdGEiOjExNTQzfQ==/informe-arbitral-rayados-de-monterrey-vs-puebla-fc-jornada-1-estadio-el-barrial', 'text': '3 - 2'}",{'type': 'link', 'href': 'https://www.ligafemenil.mx/cancha/estadio/675/estadio-el-barrial', 'text': 'El Barrial'}",{'type': 'link', 'href': 'https://www.ligafemenil.mx/cancha/galeria/MTE3MTAzLzEvNzEvMS8xNA==/rayados-de-monterrey-vs-puebla-fc', 'text': ''}",{'type': 'link', 'href': 'https://www.ligafemenil.mx/cancha/playlist/117103/rayados-de-monterrey-vs-puebla-fc', 'text': ''}"

2020-2021,Apertura,{'type': 'text', 'value': 'Domingo 16 de Agosto de 2020\nTemporada 2020-2021\nTorneo Apertura\nJornada 1\n16 Agosto 2020 - 17:00 hrs.'}",{'type': 'link', 'href': 'https://www.ligafemenil.mx/cancha/informeArbitral/117104/eyJpZERpdmlzaW9uIjoiMTQiLCJpZFRlbXBvcmFkYSI6IjcxIiwiaWRUb3JuZW8iOiIxIiwiaWRDbHVibG9jYWwiOjExNzc4LCJpZENsdWJ2aXNpdGEiOjEyMDQyfQ==/informe-arbitral-club-atletico-de-san-luis-vs-gallos-blancos-de-queretaro-jornada-1-estadio-alfonso-lastras-ramirez-espn', 'text': '1 - 0'}",{'type': 'link', 'href': 'https://www.ligafemenil.mx/cancha/estadio/14/estadio-alfonso-lastras-ramirez', 'text': 'Alfonso Lastras Ramírez'}",{'type': 'link', 'href': 'https://www.ligafemenil.mx/cancha/galeria/MTE3MTA0LzEvNzEvMS8xNA==/club-atletico-de-san-luis-vs-gallos-blancos-de-queretaro', 'text': ''}",{'type': 'link', 'href': 'https://www.ligafemenil.mx/cancha/playlist/117104/club-atletico-de-san-luis-vs-gallos-blancos-de-queretaro', 'text': ''}"

2020-2021,Apertura,{'type': 'text', 'value': 'Lunes 17 de Agosto de 2020\nTemporada 2020-2021\nTorneo Apertura\nJornada 1\n17 Agosto 2020 - 16:00 hrs.'}",{'type': 'link', 'href': 'https://www.ligafemenil.mx/cancha/informeArbitral/117105/eyJpZERpdmlzaW9uIjoiMTQiLCJpZFRlbXBvcmFkYSI6IjcxIiwiaWRUb3JuZW8iOiIxIiwiaWRDbHVibG9jYWwiOjExMTg3LCJpZENsdWJ2aXNpdGEiOjExMTg2fQ==/informe-arbitral-toluca-vs-tigres-de-la-uanl-jornada-1-estadio-instalaciones-metepec-cancha-2-tudn', 'text': '1 - 2'}",{'type': 'link', 'href': 'https://www.ligafemenil.mx/cancha/estadio/1547/estadio-instalaciones-metepec-cancha-2', 'text': 'Instalaciones Metepec Cancha 2'}",{'type': 'link', 'href': 'https://www.ligafemenil.mx/cancha/galeria/MTE3MTA1LzEvNzEvMS8xNA==/toluca-vs-tigres-de-la-uanl', 'text': ''}",{'type': 'link', 'href': 'https://www.ligafemenil.mx/cancha/playlist/117105/toluca-vs-tigres-de-la-uanl', 'text': ''}"

2020-2021,Apertura,{'type': 'text', 'value': 'Lunes 17 de Agosto de 2020\nTemporada 2020-2021\nTorneo Apertura\nJornada 1\n17 Agosto 2020 - 17:00 hrs.'}",{'type': 'link', 'href': 'https://www.ligafemenil.mx/cancha/informeArbitral/117106/eyJpZERpdmlzaW9uIjoiMTQiLCJpZFRlbXBvcmFkYSI6IjcxIiwiaWRUb3JuZW8iOiIxIiwiaWRDbHVibG9jYWwiOjExMTg0LCJpZENsdWJ2aXNpdGEiOjExMTg5fQ==/informe-arbitral-pachuca-vs-necaxa-jornada-1-estadio-hidalgo-fox-sports', 'text': '2 - 0'}",{'type': 'link', 'href': 'https://www.ligafemenil.mx/cancha/estadio/11/estadio-hidalgo', 'text': 'Hidalgo'}",{'type': 'link', 'href': 'https://www.ligafemenil.mx/cancha/galeria/MTE3MTA2LzEvNzEvMS8xNA==/pachuca-vs-necaxa', 'text': ''}",{'type': 'link', 'href': 'https://www.ligafemenil.mx/cancha/playlist/117106/pachuca-vs-necaxa', 'text': ''}"

2020-2021,Apertura,{'type': 'text', 'value': 'Lunes 17 de Agosto de 2020\nTemporada 2020-2021\nTorneo Apertura\nJornada 1\n17 Agosto 2020 - 17:00 hrs.'}",{'type': 'link', 'href': 'https://www.ligafemenil.mx/cancha/informeArbitral/117107/eyJpZERpdmlzaW9uIjoiMTQiLCJpZFRlbXBvcmFkYSI6IjcxIiwiaWRUb3JuZW8iOiIxIiwiaWRDbHVibG9jYWwiOjExMTgwLCJpZENsdWJ2aXNpdGEiOjExMjQzfQ==/informe-arbitral-tijuana-vs-leon-jornada-1-estadio-caliente-fox-sports', 'text': '0 - 3'}",{'type': 'link', 'href': 'https://www.ligafemenil.mx/cancha/estadio/48/estadio-caliente', 'text': 'Caliente'}",{'type': 'link', 'href': 'https://www.ligafemenil.mx/cancha/galeria/MTE3MTA3LzEvNzEvMS8xNA==/tijuana-vs-leon', 'text': ''}",{'type': 'link', 'href': 'https://www.ligafemenil.mx/cancha/playlist/117107/tijuana-vs-leon', 'text': ''}"

2020-2021,Apertura,{'type': 'text', 'value': 'Jueves 20 de Agosto de 2020\nTemporada 2020-2021\nTorneo Apertura\nJornada 2\n20 Agosto 2020 - 16:00 hrs.'}",{'type': 'link', 'href': 'https://www.ligafemenil.mx/cancha/informeArbitral/117108/eyJpZERpdmlzaW9uIjoiMTQiLCJpZFRlbXBvcmFkYSI6IjcxIiwiaWRUb3JuZW8iOiIxIiwiaWRDbHVibG9jYWwiOjExMTgxLCJpZENsdWJ2aXNpdGEiOjExMjQ1fQ==/informe-arbitral-cruz-azul-vs-atlas-jornada-2-estadio-10-de-diciembre-tudn', 'text': '4 - 1'}",{'type': 'link', 'href': 'https://www.ligafemenil.mx/cancha/estadio/30/estadio-10-de-diciembre', 'text': '10 de Diciembre'}",{'type': 'link', 'href': 'https://www.ligafemenil.mx/cancha/galeria/MTE3MTA4LzIvNzEvMS8xNA==/cruz-azul-vs-atlas', 'text': ''}",{'type': 'link', 'href': 'https://www.ligafemenil.mx/cancha/playlist/117108/cruz-azul-vs-atlas', 'text': ''}"

2020-2021,Apertura,{'type': 'text', 'value': 'Viernes 21 de Agosto de 2020\nTemporada 2020-2021\nTorneo Apertura\nJornada 2\n21 Agosto 2020 - 17:00 hrs.'}",{'type': 'link', 'href': 'https://www.ligafemenil.mx/cancha/informeArbitral/117109/eyJpZERpdmlzaW9uIjoiMTQiLCJpZFRlbXBvcmFkYSI6IjcxIiwiaWRUb3JuZW8iOiIxIiwiaWRDbHVibG9jYWwiOjEyMDQyLCJpZENsdWJ2aXNpdGEiOjExNzk1fQ==/informe-arbitral-gallos-blancos-de-queretaro-vs-fc-juarez-jornada-2-estadio-la-corregidora-tvc-deportes', 'text': '1 - 1'}",{'type': 'link', 'href': 'https://www.ligafemenil.mx/cancha/estadio/25/estadio-la-corregidora', 'text': 'La Corregidora'}",{'type': 'link', 'href': 'https://www.ligafemenil.mx/cancha/galeria/MTE3MTA5LzIvNzEvMS8xNA==/gallos-blancos-de-queretaro-vs-fc-juarez', 'text': ''}",{'type': 'link', 'href': 'https://www.ligafemenil.mx/cancha/playlist/117109/gallos-blancos-de-queretaro-vs-fc-juarez', 'text': ''}"

2020-2021,Apertura,{'type': 'text', 'value': 'Sábado 22 de Agosto de 2020\nTemporada 2020-2021\nTorneo Apertura\nJornada 2\n22 Agosto 2020 - 09:00 hrs.'}",{'type': 'link', 'href': 'https://www.ligafemenil.mx/cancha/informeArbitral/117110/eyJpZERpdmlzaW9uIjoiMTQiLCJpZFRlbXBvcmFkYSI6IjcxIiwiaWRUb3JuZW8iOiIxIiwiaWRDbHVibG9jYWwiOjEyMDUxLCJpZENsdWJ2aXNpdGEiOjExMTg2fQ==/informe-arbitral-mazatlan-fc-vs-tigres-de-la-uanl-jornada-2-estadio-mazatlan-azteca-digital', 'text': '1 - 4'}",{'type': 'link', 'href': 'https://www.ligafemenil.mx/cancha/estadio/1697/estadio-mazatlan', 'text': 'Estadio Mazatlán'}",{'type': 'link', 'href': 'https://www.ligafemenil.mx/cancha/galeria/MTE3MTEwLzIvNzEvMS8xNA==/mazatlan-fc-vs-tigres-de-la-uanl', 'text': ''}",{'type': 'link', 'href': 'https://www.ligafemenil.mx/cancha/playlist/117110/mazatlan-fc-vs-tigres-de-la-uanl', 'text': ''}"

2020-2021,Apertura,{'type': 'text', 'value': 'Sábado 22 de Agosto de 2020\nTemporada 2020-2021\nTorneo Apertura\nJornada 2\n22 Agosto 2020 - 12:00 hrs.'}",{'type': 'link', 'href': 'https://www.ligafemenil.mx/cancha/informeArbitral/117111/eyJpZERpdmlzaW9uIjoiMTQiLCJpZFRlbXBvcmFkYSI6IjcxIiwiaWRUb3JuZW8iOiIxIiwiaWRDbHVibG9jYWwiOjExMTg4LCJpZENsdWJ2aXNpdGEiOjExMTg3fQ==/informe-arbitral-pumas-vs-toluca-jornada-2-estadio-la-cantera-1-cancha-1-tudn', 'text': '0 - 0'}",{'type': 'link', 'href': 'https://www.ligafemenil.mx/cancha/estadio/1611/estadio-la-cantera-1-cancha-1', 'text': 'La Cantera 1 Cancha 1'}",{'type': 'link', 'href': 'https://www.ligafemenil.mx/cancha/galeria/MTE3MTExLzIvNzEvMS8xNA==/pumas-vs-toluca', 'text': ''}",{'type': 'link', 'href': 'https://www.ligafemenil.mx/cancha/playlist/117111/pumas-vs-toluca', 'text': ''}"

2020-2021,Apertura,{'type': 'text', 'value': 'Domingo 23 de Agosto de 2020\nTemporada 2020-2021\nTorneo Apertura\nJornada 2\n23 Agosto 2020 - 10:00 hrs.'}",{'type': 'link', 'href': 'https://www.ligafemenil.mx/cancha/informeArbitral/117112/eyJpZERpdmlzaW9uIjoiMTQiLCJpZFRlbXBvcmFkYSI6IjcxIiwiaWRUb3JuZW8iOiIxIiwiaWRDbHVibG9jYWwiOjExMTgyLCJpZENsdWJ2aXNpdGEiOjExMTg5fQ==/informe-arbitral-guadalajara-vs-necaxa-jornada-2-estadio-verde-valle', 'text': '2 - 0'}",{'type': 'link', 'href': 'https://www.ligafemenil.mx/cancha/estadio/36/estadio-verde-valle', 'text': 'Verde Valle'}",{'type': 'link', 'href': 'https://www.ligafemenil.mx/cancha/galeria/MTE3MTEyLzIvNzEvMS8xNA==/guadalajara-vs-necaxa', 'text': ''}",{'type': 'link', 'href': 'https://www.ligafemenil.mx/cancha/playlist/117112/guadalajara-vs-necaxa', 'text': ''}"

2020-2021,Apertura,{'type': 'text', 'value': 'Domingo 23 de Agosto de 2020\nTemporada 2020-2021\nTorneo Apertura\nJornada 2\n23 Agosto 2020 - 12:00 hrs.'}",{'type': 'link', 'href': 'https://www.ligafemenil.mx/cancha/informeArbitral/117113/eyJpZERpdmlzaW9uIjoiMTQiLCJpZFRlbXBvcmFkYSI6IjcxIiwiaWRUb3JuZW8iOiIxIiwiaWRDbHVibG9jYWwiOjExNTQzLCJpZENsdWJ2aXNpdGEiOjExMTgwfQ==/informe-arbitral-puebla-fc-vs-tijuana-jornada-2-estadio-cuauhtemoc-tvc-deportes', 'text': '1 - 0'}",{'type': 'link', 'href': 'https://www.ligafemenil.mx/cancha/estadio/9/estadio-cuauhtemoc', 'text': 'Cuauhtémoc'}",{'type': 'link', 'href': 'https://www.ligafemenil.mx/cancha/galeria/MTE3MTEzLzIvNzEvMS8xNA==/puebla-fc-vs-tijuana', 'text': ''}",{'type': 'link', 'href': 'https://www.ligafemenil.mx/cancha/playlist/117113/puebla-fc-vs-tijuana', 'text': ''}"

2020-2021,Apertura,{'type': 'text', 'value': 'Lunes 24 de Agosto de 2020\nTemporada 2020-2021\nTorneo Apertura\nJornada 2\n24 Agosto 2020 - 16:00 hrs.'}",{'type': 'link', 'href': 'https://www.ligafemenil.mx/cancha/informeArbitral/117114/eyJpZERpdmlzaW9uIjoiMTQiLCJpZFRlbXBvcmFkYSI6IjcxIiwiaWRUb3JuZW8iOiIxIiwiaWRDbHVibG9jYWwiOjExMTkxLCJpZENsdWJ2aXNpdGEiOjExNzc4fQ==/informe-arbitral-america-vs-club-atletico-de-san-luis-jornada-2-estadio-cancha-centenario-no-5-natural-instalaciones-club-america-tudn', 'text': '3 - 2'}",{'type': 'link', 'href': 'https://www.ligafemenil.mx/cancha/estadio/1421/estadio-cancha-centenario-no-5-natural-instalaciones-club-america', 'text': 'Cancha Centenario No. 5 (Natural) Instalaciones Club América'}",{'type': 'link', 'href': 'https://www.ligafemenil.mx/cancha/galeria/MTE3MTE0LzIvNzEvMS8xNA==/america-vs-club-atletico-de-san-luis', 'text': ''}",{'type': 'link', 'href': 'https://www.ligafemenil.mx/cancha/playlist/117114/america-vs-club-atletico-de-san-luis', 'text': ''}"

2020-2021,Apertura,{'type': 'text', 'value': 'Lunes 24 de Agosto de 2020\nTemporada 2020-2021\nTorneo Apertura\nJornada 2\n24 Agosto 2020 - 19:00 hrs.'}",{'type': 'link', 'href': 'https://www.ligafemenil.mx/cancha/informeArbitral/117115/eyJpZERpdmlzaW9uIjoiMTQiLCJpZFRlbXBvcmFkYSI6IjcxIiwiaWRUb3JuZW8iOiIxIiwiaWRDbHVibG9jYWwiOjExMjQzLCJpZENsdWJ2aXNpdGEiOjExMTg0fQ==/informe-arbitral-leon-vs-pachuca-jornada-2-estadio-nou-camp-fox-sports', 'text': '1 - 2'}",{'type': 'link', 'href': 'https://www.ligafemenil.mx/cancha/estadio/23/estadio-nou-camp', 'text': 'Nou Camp'}",{'type': 'link', 'href': 'https://www.ligafemenil.mx/cancha/galeria/MTE3MTE1LzIvNzEvMS8xNA==/leon-vs-pachuca', 'text': ''}",{'type': 'link', 'href': 'https://www.ligafemenil.mx/cancha/playlist/117115/leon-vs-pachuca', 'text': ''}"

2020-2021,Apertura,{'type': 'text', 'value': 'Miércoles 26 de Agosto de 2020\nTemporada 2020-2021\nTorneo Apertura\nJornada 2\n26 Agosto 2020 - 21:00 hrs.'}",{'type': 'link', 'href': 'https://www.ligafemenil.mx/cancha/informeArbitral/117116/eyJpZERpdmlzaW9uIjoiMTQiLCJpZFRlbXBvcmFkYSI6IjcxIiwiaWRUb3JuZW8iOiIxIiwiaWRDbHVibG9jYWwiOjExMTkyLCJpZENsdWJ2aXNpdGEiOjExMTg1fQ==/informe-arbitral-santos-laguna-vs-rayados-de-monterrey-jornada-2-estadio-tsm-corona-fox-sports', 'text': '1 - 3'}",{'type': 'link', 'href': 'https://www.ligafemenil.mx/cancha/estadio/63/estadio-tsm-corona', 'text': 'TSM Corona'}",{'type': 'link', 'href': 'https://www.ligafemenil.mx/cancha/galeria/MTE3MTE2LzIvNzEvMS8xNA==/santos-laguna-vs-rayados-de-monterrey', 'text': ''}",{'type': 'link', 'href': 'https://www.ligafemenil.mx/cancha/playlist/117116/santos-laguna-vs-rayados-de-monterrey', 'text': ''}"

2020-2021,Apertura,{'type': 'text', 'value': 'Jueves 27 de Agosto de 2020\nTemporada 2020-2021\nTorneo Apertura\nJornada 3\n27 Agosto 2020 - 16:00 hrs.'}",{'type': 'link', 'href': 'https://www.ligafemenil.mx/cancha/informeArbitral/117117/eyJpZERpdmlzaW9uIjoiMTQiLCJpZFRlbXBvcmFkYSI6IjcxIiwiaWRUb3JuZW8iOiIxIiwiaWRDbHVibG9jYWwiOjExMTg3LCJpZENsdWJ2aXNpdGEiOjExMTgyfQ==/informe-arbitral-toluca-vs-guadalajara-jornada-3-estadio-instalaciones-metepec-cancha-2-tudn', 'text': '1 - 4'}",{'type': 'link', 'href': 'https://www.ligafemenil.mx/cancha/estadio/1547/estadio-instalaciones-metepec-cancha-2', 'text': 'Instalaciones Metepec Cancha 2'}",{'type': 'link', 'href': 'https://www.ligafemenil.mx/cancha/galeria/MTE3MTE3LzMvNzEvMS8xNA==/toluca-vs-guadalajara', 'text': ''}",{'type': 'link', 'href': 'https://www.ligafemenil.mx/cancha/playlist/117117/toluca-vs-guadalajara', 'text': ''}"

2020-2021,Apertura,{'type': 'text', 'value': 'Viernes 28 de Agosto de 2020\nTemporada 2020-2021\nTorneo Apertura\nJornada 3\n28 Agosto 2020 - 16:00 hrs.'}",{'type': 'link', 'href': 'https://www.ligafemenil.mx/cancha/informeArbitral/117118/eyJpZERpdmlzaW9uIjoiMTQiLCJpZFRlbXBvcmFkYSI6IjcxIiwiaWRUb3JuZW8iOiIxIiwiaWRDbHVibG9jYWwiOjExMTg5LCJpZENsdWJ2aXNpdGEiOjEyMDUxfQ==/informe-arbitral-necaxa-vs-mazatlan-fc-jornada-3-estadio-victoria-claro-sports', 'text': '0 - 1'}",{'type': 'link', 'href': 'https://www.ligafemenil.mx/cancha/estadio/15/estadio-victoria', 'text': 'Victoria'}",{'type': 'link', 'href': 'https://www.ligafemenil.mx/cancha/galeria/MTE3MTE4LzMvNzEvMS8xNA==/necaxa-vs-mazatlan-fc', 'text': ''}",{'type': 'link', 'href': 'https://www.ligafemenil.mx/cancha/playlist/117118/necaxa-vs-mazatlan-fc', 'text': ''}"

2020-2021,Apertura,{'type': 'text', 'value': 'Sábado 29 de Agosto de 2020\nTemporada 2020-2021\nTorneo Apertura\nJornada 3\n29 Agosto 2020 - 10:00 hrs.'}",{'type': 'link', 'href': 'https://www.ligafemenil.mx/cancha/informeArbitral/117119/eyJpZERpdmlzaW9uIjoiMTQiLCJpZFRlbXBvcmFkYSI6IjcxIiwiaWRUb3JuZW8iOiIxIiwiaWRDbHVibG9jYWwiOjExMjQ1LCJpZENsdWJ2aXNpdGEiOjEyMDQyfQ==/informe-arbitral-atlas-vs-gallos-blancos-de-queretaro-jornada-3-estadio-colomos-tvc-deportes', 'text': '3 - 3'}",{'type': 'link', 'href': 'https://www.ligafemenil.mx/cancha/estadio/109/estadio-colomos', 'text': 'Colomos'}",{'type': 'link', 'href': 'https://www.ligafemenil.mx/cancha/galeria/MTE3MTE5LzMvNzEvMS8xNA==/atlas-vs-gallos-blancos-de-queretaro', 'text': ''}",{'type': 'link', 'href': 'https://www.ligafemenil.mx/cancha/playlist/117119/atlas-vs-gallos-blancos-de-queretaro', 'text': ''}"

2020-2021,Apertura,{'type': 'text', 'value': 'Domingo 30 de Agosto de 2020\nTemporada 2020-2021\nTorneo Apertura\nJornada 3\n30 Agosto 2020 - 09:30 hrs.'}",{'type': 'link', 'href': 'https://www.ligafemenil.mx/cancha/informeArbitral/117120/eyJpZERpdmlzaW9uIjoiMTQiLCJpZFRlbXBvcmFkYSI6IjcxIiwiaWRUb3JuZW8iOiIxIiwiaWRDbHVibG9jYWwiOjExMTg2LCJpZENsdWJ2aXNpdGEiOjExMTkyfQ==/informe-arbitral-tigres-de-la-uanl-vs-santos-laguna-jornada-3-estadio-universitario-tudn', 'text': '4 - 1'}",{'type': 'link', 'href': 'https://www.ligafemenil.mx/cancha/estadio/12/estadio-universitario', 'text': 'Universitario'}",{'type': 'link', 'href': 'https://www.ligafemenil.mx/cancha/galeria/MTE3MTIwLzMvNzEvMS8xNA==/tigres-de-la-uanl-vs-santos-laguna', 'text': ''}",{'type': 'link', 'href': 'https://www.ligafemenil.mx/cancha/playlist/117120/tigres-de-la-uanl-vs-santos-laguna', 'text': ''}"

2020-2021,Apertura,{'type': 'text', 'value': 'Domingo 30 de Agosto de 2020\nTemporada 2020-2021\nTorneo Apertura\nJornada 3\n30 Agosto 2020 - 17:00 hrs.'}",{'type': 'link', 'href': 'https://www.ligafemenil.mx/cancha/informeArbitral/117121/eyJpZERpdmlzaW9uIjoiMTQiLCJpZFRlbXBvcmFkYSI6IjcxIiwiaWRUb3JuZW8iOiIxIiwiaWRDbHVibG9jYWwiOjExNzc4LCJpZENsdWJ2aXNpdGEiOjExNTQzfQ==/informe-arbitral-club-atletico-de-san-luis-vs-puebla-fc-jornada-3-estadio-alfonso-lastras-ramirez', 'text': '3 - 1'}",{'type': 'link', 'href': 'https://www.ligafemenil.mx/cancha/estadio/14/estadio-alfonso-lastras-ramirez', 'text': 'Alfonso Lastras Ramírez'}",{'type': 'link', 'href': 'https://www.ligafemenil.mx/cancha/galeria/MTE3MTIxLzMvNzEvMS8xNA==/club-atletico-de-san-luis-vs-puebla-fc', 'text': ''}",{'type': 'link', 'href': 'https://www.ligafemenil.mx/cancha/playlist/117121/club-atletico-de-san-luis-vs-puebla-fc', 'text': ''}"

2020-2021,Apertura,{'type': 'text', 'value': 'Domingo 30 de Agosto de 2020\nTemporada 2020-2021\nTorneo Apertura\nJornada 3\n30 Agosto 2020 - 18:00 hrs.'}",{'type': 'link', 'href': 'https://www.ligafemenil.mx/cancha/informeArbitral/117122/eyJpZERpdmlzaW9uIjoiMTQiLCJpZFRlbXBvcmFkYSI6IjcxIiwiaWRUb3JuZW8iOiIxIiwiaWRDbHVibG9jYWwiOjExNzk1LCJpZENsdWJ2aXNpdGEiOjExMTg4fQ==/informe-arbitral-fc-juarez-vs-pumas-jornada-3-estadio-olimpico-benito-juarez-tudn', 'text': '0 - 3'}",{'type': 'link', 'href': 'https://www.ligafemenil.mx/cancha/estadio/17/estadio-olimpico-benito-juarez', 'text': 'Olímpico Benito Juárez'}",{'type': 'link', 'href': 'https://www.ligafemenil.mx/cancha/galeria/MTE3MTIyLzMvNzEvMS8xNA==/fc-juarez-vs-pumas', 'text': ''}",{'type': 'link', 'href': 'https://www.ligafemenil.mx/cancha/playlist/117122/fc-juarez-vs-pumas', 'text': ''}"

2020-2021,Apertura,{'type': 'text', 'value': 'Lunes 31 de Agosto de 2020\nTemporada 2020-2021\nTorneo Apertura\nJornada 3\n31 Agosto 2020 - 17:00 hrs.'}",{'type': 'link', 'href': 'https://www.ligafemenil.mx/cancha/informeArbitral/117123/eyJpZERpdmlzaW9uIjoiMTQiLCJpZFRlbXBvcmFkYSI6IjcxIiwiaWRUb3JuZW8iOiIxIiwiaWRDbHVibG9jYWwiOjExMTg0LCJpZENsdWJ2aXNpdGEiOjExMTgxfQ==/informe-arbitral-pachuca-vs-cruz-azul-jornada-3-estadio-hidalgo-fox-sports', 'text': '0 - 0'}",{'type': 'link', 'href': 'https://www.ligafemenil.mx/cancha/estadio/11/estadio-hidalgo', 'text': 'Hidalgo'}",{'type': 'link', 'href': 'https://www.ligafemenil.mx/cancha/galeria/MTE3MTIzLzMvNzEvMS8xNA==/pachuca-vs-cruz-azul', 'text': ''}",{'type': 'link', 'href': 'https://www.ligafemenil.mx/cancha/playlist/117123/pachuca-vs-cruz-azul', 'text': ''}"

2020-2021,Apertura,{'type': 'text', 'value': 'Lunes 31 de Agosto de 2020\nTemporada 2020-2021\nTorneo Apertura\nJornada 3\n31 Agosto 2020 - 19:00 hrs.'}",{'type': 'link', 'href': 'https://www.ligafemenil.mx/cancha/informeArbitral/117124/eyJpZERpdmlzaW9uIjoiMTQiLCJpZFRlbXBvcmFkYSI6IjcxIiwiaWRUb3JuZW8iOiIxIiwiaWRDbHVibG9jYWwiOjExMTg1LCJpZENsdWJ2aXNpdGEiOjExMjQzfQ==/informe-arbitral-rayados-de-monterrey-vs-leon-jornada-3-estadio-bbva-fox-sports', 'text': '4 - 1'}",{'type': 'link', 'href': 'https://www.ligafemenil.mx/cancha/estadio/1608/estadio-bbva', 'text': 'Estadio BBVA'}",{'type': 'link', 'href': 'https://www.ligafemenil.mx/cancha/galeria/MTE3MTI0LzMvNzEvMS8xNA==/rayados-de-monterrey-vs-leon', 'text': ''}",{'type': 'link', 'href': 'https://www.ligafemenil.mx/cancha/playlist/117124/rayados-de-monterrey-vs-leon', 'text': ''}"

2020-2021,Apertura,{'type': 'text', 'value': 'Lunes 31 de Agosto de 2020\nTemporada 2020-2021\nTorneo Apertura\nJornada 3\n31 Agosto 2020 - 17:00 hrs.'}",{'type': 'link', 'href': 'https://www.ligafemenil.mx/cancha/informeArbitral/117125/eyJpZERpdmlzaW9uIjoiMTQiLCJpZFRlbXBvcmFkYSI6IjcxIiwiaWRUb3JuZW8iOiIxIiwiaWRDbHVibG9jYWwiOjExMTgwLCJpZENsdWJ2aXNpdGEiOjExMTkxfQ==/informe-arbitral-tijuana-vs-america-jornada-3-estadio-caliente', 'text': '1 - 2'}",{'type': 'link', 'href': 'https://www.ligafemenil.mx/cancha/estadio/48/estadio-caliente', 'text': 'Caliente'}",{'type': 'link', 'href': 'https://www.ligafemenil.mx/cancha/galeria/MTE3MTI1LzMvNzEvMS8xNA==/tijuana-vs-america', 'text': ''}",{'type': 'link', 'href': 'https://www.ligafemenil.mx/cancha/playlist/117125/tijuana-vs-america', 'text': ''}"

2020-2021,Apertura,{'type': 'text', 'value': 'Miércoles 2 de Septiembre de 2020\nTemporada 2020-2021\nTorneo Apertura\nJornada 1\n2 Septiembre 2020 - 12:00 hrs.'}",{'type': 'link', 'href': 'https://www.ligafemenil.mx/cancha/informeArbitral/117102/eyJpZERpdmlzaW9uIjoiMTQiLCJpZFRlbXBvcmFkYSI6IjcxIiwiaWRUb3JuZW8iOiIxIiwiaWRDbHVibG9jYWwiOjExMTg4LCJpZENsdWJ2aXNpdGEiOjExMTkyfQ==/informe-arbitral-pumas-vs-santos-laguna-jornada-1-estadio-la-cantera-1-cancha-1-tudn', 'text': '0 - 1'}",{'type': 'link', 'href': 'https://www.ligafemenil.mx/cancha/estadio/1611/estadio-la-cantera-1-cancha-1', 'text': 'La Cantera 1 Cancha 1'}",{'type': 'link', 'href': 'https://www.ligafemenil.mx/cancha/galeria/MTE3MTAyLzEvNzEvMS8xNA==/pumas-vs-santos-laguna', 'text': ''}",{'type': 'link', 'href': 'https://www.ligafemenil.mx/cancha/playlist/117102/pumas-vs-santos-laguna', 'text': ''}"

2020-2021,Apertura,{'type': 'text', 'value': 'Jueves 3 de Septiembre de 2020\nTemporada 2020-2021\nTorneo Apertura\nJornada 4\n3 Septiembre 2020 - 16:00 hrs.'}",{'type': 'link', 'href': 'https://www.ligafemenil.mx/cancha/informeArbitral/117126/eyJpZERpdmlzaW9uIjoiMTQiLCJpZFRlbXBvcmFkYSI6IjcxIiwiaWRUb3JuZW8iOiIxIiwiaWRDbHVibG9jYWwiOjExMTkxLCJpZENsdWJ2aXNpdGEiOjExMTg5fQ==/informe-arbitral-america-vs-necaxa-jornada-4-estadio-cancha-centenario-no-5-natural-instalaciones-club-america-tudn', 'text': '6 - 1'}",{'type': 'link', 'href': 'https://www.ligafemenil.mx/cancha/estadio/1421/estadio-cancha-centenario-no-5-natural-instalaciones-club-america', 'text': 'Cancha Centenario No. 5 (Natural) Instalaciones Club América'}",{'type': 'link', 'href': 'https://www.ligafemenil.mx/cancha/galeria/MTE3MTI2LzQvNzEvMS8xNA==/america-vs-necaxa', 'text': ''}",{'type': 'link', 'href': 'https://www.ligafemenil.mx/cancha/playlist/117126/america-vs-necaxa', 'text': ''}"

2020-2021,Apertura,{'type': 'text', 'value': 'Viernes 4 de Septiembre de 2020\nTemporada 2020-2021\nTorneo Apertura\nJornada 4\n4 Septiembre 2020 - 16:00 hrs.'}",{'type': 'link', 'href': 'https://www.ligafemenil.mx/cancha/informeArbitral/117127/eyJpZERpdmlzaW9uIjoiMTQiLCJpZFRlbXBvcmFkYSI6IjcxIiwiaWRUb3JuZW8iOiIxIiwiaWRDbHVibG9jYWwiOjExMTgxLCJpZENsdWJ2aXNpdGEiOjExMTg1fQ==/informe-arbitral-cruz-azul-vs-rayados-de-monterrey-jornada-4-estadio-10-de-diciembre-tudn', 'text': '1 - 2'}",{'type': 'link', 'href': 'https://www.ligafemenil.mx/cancha/estadio/30/estadio-10-de-diciembre', 'text': '10 de Diciembre'}",{'type': 'link', 'href': 'https://www.ligafemenil.mx/cancha/galeria/MTE3MTI3LzQvNzEvMS8xNA==/cruz-azul-vs-rayados-de-monterrey', 'text': ''}",{'type': 'link', 'href': 'https://www.ligafemenil.mx/cancha/playlist/117127/cruz-azul-vs-rayados-de-monterrey', 'text': ''}"

2020-2021,Apertura,{'type': 'text', 'value': 'Sábado 5 de Septiembre de 2020\nTemporada 2020-2021\nTorneo Apertura\nJornada 4\n5 Septiembre 2020 - 12:00 hrs.'}",{'type': 'link', 'href': 'https://www.ligafemenil.mx/cancha/informeArbitral/117128/eyJpZERpdmlzaW9uIjoiMTQiLCJpZFRlbXBvcmFkYSI6IjcxIiwiaWRUb3JuZW8iOiIxIiwiaWRDbHVibG9jYWwiOjEyMDQyLCJpZENsdWJ2aXNpdGEiOjExMTg4fQ==/informe-arbitral-gallos-blancos-de-queretaro-vs-pumas-jornada-4-estadio-la-corregidora-tvc-deportes', 'text': '0 - 3'}",{'type': 'link', 'href': 'https://www.ligafemenil.mx/cancha/estadio/25/estadio-la-corregidora', 'text': 'La Corregidora'}",{'type': 'link', 'href': 'https://www.ligafemenil.mx/cancha/galeria/MTE3MTI4LzQvNzEvMS8xNA==/gallos-blancos-de-queretaro-vs-pumas', 'text': ''}",{'type': 'link', 'href': 'https://www.ligafemenil.mx/cancha/playlist/117128/gallos-blancos-de-queretaro-vs-pumas', 'text': ''}"

2020-2021,Apertura,{'type': 'text', 'value': 'Domingo 6 de Septiembre de 2020\nTemporada 2020-2021\nTorneo Apertura\nJornada 4\n6 Septiembre 2020 - 09:30 hrs.'}",{'type': 'link', 'href': 'https://www.ligafemenil.mx/cancha/informeArbitral/117129/eyJpZERpdmlzaW9uIjoiMTQiLCJpZFRlbXBvcmFkYSI6IjcxIiwiaWRUb3JuZW8iOiIxIiwiaWRDbHVibG9jYWwiOjExMTg2LCJpZENsdWJ2aXNpdGEiOjExMTgwfQ==/informe-arbitral-tigres-de-la-uanl-vs-tijuana-jornada-4-estadio-universitario-tudn', 'text': '6 - 1'}",{'type': 'link', 'href': 'https://www.ligafemenil.mx/cancha/estadio/12/estadio-universitario', 'text': 'Universitario'}",{'type': 'link', 'href': 'https://www.ligafemenil.mx/cancha/galeria/MTE3MTI5LzQvNzEvMS8xNA==/tigres-de-la-uanl-vs-tijuana', 'text': ''}",{'type': 'link', 'href': 'https://www.ligafemenil.mx/cancha/playlist/117129/tigres-de-la-uanl-vs-tijuana', 'text': ''}"

2020-2021,Apertura,{'type': 'text', 'value': 'Domingo 6 de Septiembre de 2020\nTemporada 2020-2021\nTorneo Apertura\nJornada 4\n6 Septiembre 2020 - 12:00 hrs.'}",{'type': 'link', 'href': 'https://www.ligafemenil.mx/cancha/informeArbitral/117130/eyJpZERpdmlzaW9uIjoiMTQiLCJpZFRlbXBvcmFkYSI6IjcxIiwiaWRUb3JuZW8iOiIxIiwiaWRDbHVibG9jYWwiOjExNTQzLCJpZENsdWJ2aXNpdGEiOjExMTg3fQ==/informe-arbitral-puebla-fc-vs-toluca-jornada-4-estadio-cuauhtemoc-tvc-deportes', 'text': '2 - 0'}",{'type': 'link', 'href': 'https://www.ligafemenil.mx/cancha/estadio/9/estadio-cuauhtemoc', 'text': 'Cuauhtémoc'}",{'type': 'link', 'href': 'https://www.ligafemenil.mx/cancha/galeria/MTE3MTMwLzQvNzEvMS8xNA==/puebla-fc-vs-toluca', 'text': ''}",{'type': 'link', 'href': 'https://www.ligafemenil.mx/cancha/playlist/117130/puebla-fc-vs-toluca', 'text': ''}"

2020-2021,Apertura,{'type': 'text', 'value': 'Domingo 6 de Septiembre de 2020\nTemporada 2020-2021\nTorneo Apertura\nJornada 4\n6 Septiembre 2020 - 17:00 hrs.'}",{'type': 'link', 'href': 'https://www.ligafemenil.mx/cancha/informeArbitral/117131/eyJpZERpdmlzaW9uIjoiMTQiLCJpZFRlbXBvcmFkYSI6IjcxIiwiaWRUb3JuZW8iOiIxIiwiaWRDbHVibG9jYWwiOjExNzc4LCJpZENsdWJ2aXNpdGEiOjExMTg0fQ==/informe-arbitral-club-atletico-de-san-luis-vs-pachuca-jornada-4-estadio-alfonso-lastras-ramirez', 'text': '0 - 2'}",{'type': 'link', 'href': 'https://www.ligafemenil.mx/cancha/estadio/14/estadio-alfonso-lastras-ramirez', 'text': 'Alfonso Lastras Ramírez'}",{'type': 'link', 'href': 'https://www.ligafemenil.mx/cancha/galeria/MTE3MTMxLzQvNzEvMS8xNA==/club-atletico-de-san-luis-vs-pachuca', 'text': ''}",{'type': 'link', 'href': 'https://www.ligafemenil.mx/cancha/playlist/117131/club-atletico-de-san-luis-vs-pachuca', 'text': ''}"

2020-2021,Apertura,{'type': 'text', 'value': 'Lunes 7 de Septiembre de 2020\nTemporada 2020-2021\nTorneo Apertura\nJornada 4\n7 Septiembre 2020 - 19:00 hrs.'}",{'type': 'link', 'href': 'https://www.ligafemenil.mx/cancha/informeArbitral/117132/eyJpZERpdmlzaW9uIjoiMTQiLCJpZFRlbXBvcmFkYSI6IjcxIiwiaWRUb3JuZW8iOiIxIiwiaWRDbHVibG9jYWwiOjExMTgyLCJpZENsdWJ2aXNpdGEiOjEyMDUxfQ==/informe-arbitral-guadalajara-vs-mazatlan-fc-jornada-4-estadio-akron-fox-sports', 'text': '5 - 0'}",{'type': 'link', 'href': 'https://www.ligafemenil.mx/cancha/estadio/1538/estadio-akron', 'text': 'Estadio AKRON'}",{'type': 'link', 'href': 'https://www.ligafemenil.mx/cancha/galeria/MTE3MTMyLzQvNzEvMS8xNA==/guadalajara-vs-mazatlan-fc', 'text': ''}",{'type': 'link', 'href': 'https://www.ligafemenil.mx/cancha/playlist/117132/guadalajara-vs-mazatlan-fc', 'text': ''}"

2020-2021,Apertura,{'type': 'text', 'value': 'Lunes 7 de Septiembre de 2020\nTemporada 2020-2021\nTorneo Apertura\nJornada 4\n7 Septiembre 2020 - 19:00 hrs.'}",{'type': 'link', 'href': 'https://www.ligafemenil.mx/cancha/informeArbitral/117133/eyJpZERpdmlzaW9uIjoiMTQiLCJpZFRlbXBvcmFkYSI6IjcxIiwiaWRUb3JuZW8iOiIxIiwiaWRDbHVibG9jYWwiOjExMjQzLCJpZENsdWJ2aXNpdGEiOjExNzk1fQ==/informe-arbitral-leon-vs-fc-juarez-jornada-4-estadio-nou-camp', 'text': '1 - 0'}",{'type': 'link', 'href': 'https://www.ligafemenil.mx/cancha/estadio/23/estadio-nou-camp', 'text': 'Nou Camp'}",{'type': 'link', 'href': 'https://www.ligafemenil.mx/cancha/galeria/MTE3MTMzLzQvNzEvMS8xNA==/leon-vs-fc-juarez', 'text': ''}",{'type': 'link', 'href': 'https://www.ligafemenil.mx/cancha/playlist/117133/leon-vs-fc-juarez', 'text': ''}"

2020-2021,Apertura,{'type': 'text', 'value': 'Lunes 7 de Septiembre de 2020\nTemporada 2020-2021\nTorneo Apertura\nJornada 4\n7 Septiembre 2020 - 21:00 hrs.'}",{'type': 'link', 'href': 'https://www.ligafemenil.mx/cancha/informeArbitral/117134/eyJpZERpdmlzaW9uIjoiMTQiLCJpZFRlbXBvcmFkYSI6IjcxIiwiaWRUb3JuZW8iOiIxIiwiaWRDbHVibG9jYWwiOjExMTkyLCJpZENsdWJ2aXNpdGEiOjExMjQ1fQ==/informe-arbitral-santos-laguna-vs-atlas-jornada-4-estadio-tsm-corona-fox-sports', 'text': '0 - 3'}",{'type': 'link', 'href': 'https://www.ligafemenil.mx/cancha/estadio/63/estadio-tsm-corona', 'text': 'TSM Corona'}",{'type': 'link', 'href': 'https://www.ligafemenil.mx/cancha/galeria/MTE3MTM0LzQvNzEvMS8xNA==/santos-laguna-vs-atlas', 'text': ''}",{'type': 'link', 'href': 'https://www.ligafemenil.mx/cancha/playlist/117134/santos-laguna-vs-atlas', 'text': ''}"

2020-2021,Apertura,{'type': 'text', 'value': 'Jueves 10 de Septiembre de 2020\nTemporada 2020-2021\nTorneo Apertura\nJornada 5\n10 Septiembre 2020 - 16:00 hrs.'}",{'type': 'link', 'href': 'https://www.ligafemenil.mx/cancha/informeArbitral/117135/eyJpZERpdmlzaW9uIjoiMTQiLCJpZFRlbXBvcmFkYSI6IjcxIiwiaWRUb3JuZW8iOiIxIiwiaWRDbHVibG9jYWwiOjExMjQ1LCJpZENsdWJ2aXNpdGEiOjExMTgwfQ==/informe-arbitral-atlas-vs-tijuana-jornada-5-estadio-colomos-tvc-deportes', 'text': '2 - 1'}",{'type': 'link', 'href': 'https://www.ligafemenil.mx/cancha/estadio/109/estadio-colomos', 'text': 'Colomos'}",{'type': 'link', 'href': 'https://www.ligafemenil.mx/cancha/galeria/MTE3MTM1LzUvNzEvMS8xNA==/atlas-vs-tijuana', 'text': ''}",{'type': 'link', 'href': 'https://www.ligafemenil.mx/cancha/playlist/117135/atlas-vs-tijuana', 'text': ''}"

2020-2021,Apertura,{'type': 'text', 'value': 'Viernes 11 de Septiembre de 2020\nTemporada 2020-2021\nTorneo Apertura\nJornada 5\n11 Septiembre 2020 - 16:00 hrs.'}",{'type': 'link', 'href': 'https://www.ligafemenil.mx/cancha/informeArbitral/117136/eyJpZERpdmlzaW9uIjoiMTQiLCJpZFRlbXBvcmFkYSI6IjcxIiwiaWRUb3JuZW8iOiIxIiwiaWRDbHVibG9jYWwiOjExMTgxLCJpZENsdWJ2aXNpdGEiOjExMTg2fQ==/informe-arbitral-cruz-azul-vs-tigres-de-la-uanl-jornada-5-estadio-10-de-diciembre-tudn', 'text': '1 - 1'}",{'type': 'link', 'href': 'https://www.ligafemenil.mx/cancha/estadio/30/estadio-10-de-diciembre', 'text': '10 de Diciembre'}",{'type': 'link', 'href': 'https://www.ligafemenil.mx/cancha/galeria/MTE3MTM2LzUvNzEvMS8xNA==/cruz-azul-vs-tigres-de-la-uanl', 'text': ''}",{'type': 'link', 'href': 'https://www.ligafemenil.mx/cancha/playlist/117136/cruz-azul-vs-tigres-de-la-uanl', 'text': ''}"

2020-2021,Apertura,{'type': 'text', 'value': 'Sábado 12 de Septiembre de 2020\nTemporada 2020-2021\nTorneo Apertura\nJornada 5\n12 Septiembre 2020 - 09:00 hrs.'}",{'type': 'link', 'href': 'https://www.ligafemenil.mx/cancha/informeArbitral/117137/eyJpZERpdmlzaW9uIjoiMTQiLCJpZFRlbXBvcmFkYSI6IjcxIiwiaWRUb3JuZW8iOiIxIiwiaWRDbHVibG9jYWwiOjEyMDUxLCJpZENsdWJ2aXNpdGEiOjEyMDQyfQ==/informe-arbitral-mazatlan-fc-vs-gallos-blancos-de-queretaro-jornada-5-estadio-mazatlan-azteca-digital', 'text': '0 - 3'}",{'type': 'link', 'href': 'https://www.ligafemenil.mx/cancha/estadio/1697/estadio-mazatlan', 'text': 'Estadio Mazatlán'}",{'type': 'link', 'href': 'https://www.ligafemenil.mx/cancha/galeria/MTE3MTM3LzUvNzEvMS8xNA==/mazatlan-fc-vs-gallos-blancos-de-queretaro', 'text': ''}",{'type': 'link', 'href': 'https://www.ligafemenil.mx/cancha/playlist/117137/mazatlan-fc-vs-gallos-blancos-de-queretaro', 'text': ''}"

2020-2021,Apertura,{'type': 'text', 'value': 'Sábado 12 de Septiembre de 2020\nTemporada 2020-2021\nTorneo Apertura\nJornada 5\n12 Septiembre 2020 - 12:00 hrs.'}",{'type': 'link', 'href': 'https://www.ligafemenil.mx/cancha/informeArbitral/117138/eyJpZERpdmlzaW9uIjoiMTQiLCJpZFRlbXBvcmFkYSI6IjcxIiwiaWRUb3JuZW8iOiIxIiwiaWRDbHVibG9jYWwiOjExMTg4LCJpZENsdWJ2aXNpdGEiOjExNTQzfQ==/informe-arbitral-pumas-vs-puebla-fc-jornada-5-estadio-la-cantera-1-cancha-1-tudn', 'text': '1 - 0'}",{'type': 'link', 'href': 'https://www.ligafemenil.mx/cancha/estadio/1611/estadio-la-cantera-1-cancha-1', 'text': 'La Cantera 1 Cancha 1'}",{'type': 'link', 'href': 'https://www.ligafemenil.mx/cancha/galeria/MTE3MTM4LzUvNzEvMS8xNA==/pumas-vs-puebla-fc', 'text': ''}",{'type': 'link', 'href': 'https://www.ligafemenil.mx/cancha/playlist/117138/pumas-vs-puebla-fc', 'text': ''}"

2020-2021,Apertura,{'type': 'text', 'value': 'Lunes 14 de Septiembre de 2020\nTemporada 2020-2021\nTorneo Apertura\nJornada 5\n14 Septiembre 2020 - 09:00 hrs.'}",{'type': 'link', 'href': 'https://www.ligafemenil.mx/cancha/informeArbitral/117139/eyJpZERpdmlzaW9uIjoiMTQiLCJpZFRlbXBvcmFkYSI6IjcxIiwiaWRUb3JuZW8iOiIxIiwiaWRDbHVibG9jYWwiOjExNzk1LCJpZENsdWJ2aXNpdGEiOjExMTg5fQ==/informe-arbitral-fc-juarez-vs-necaxa-jornada-5-estadio-olimpico-benito-juarez-tudn', 'text': '1 - 0'}",{'type': 'link', 'href': 'https://www.ligafemenil.mx/cancha/estadio/17/estadio-olimpico-benito-juarez', 'text': 'Olímpico Benito Juárez'}",{'type': 'link', 'href': 'https://www.ligafemenil.mx/cancha/galeria/MTE3MTM5LzUvNzEvMS8xNA==/fc-juarez-vs-necaxa', 'text': ''}",{'type': 'link', 'href': 'https://www.ligafemenil.mx/cancha/playlist/117139/fc-juarez-vs-necaxa', 'text': ''}"

2020-2021,Apertura,{'type': 'text', 'value': 'Lunes 14 de Septiembre de 2020\nTemporada 2020-2021\nTorneo Apertura\nJornada 5\n14 Septiembre 2020 - 10:30 hrs.'}",{'type': 'link', 'href': 'https://www.ligafemenil.mx/cancha/informeArbitral/117143/eyJpZERpdmlzaW9uIjoiMTQiLCJpZFRlbXBvcmFkYSI6IjcxIiwiaWRUb3JuZW8iOiIxIiwiaWRDbHVibG9jYWwiOjExMTg1LCJpZENsdWJ2aXNpdGEiOjExNzc4fQ==/informe-arbitral-rayados-de-monterrey-vs-club-atletico-de-san-luis-jornada-5-estadio-el-barrial', 'text': '3 - 1'}",{'type': 'link', 'href': 'https://www.ligafemenil.mx/cancha/estadio/675/estadio-el-barrial', 'text': 'El Barrial'}",{'type': 'link', 'href': 'https://www.ligafemenil.mx/cancha/galeria/MTE3MTQzLzUvNzEvMS8xNA==/rayados-de-monterrey-vs-club-atletico-de-san-luis', 'text': ''}",{'type': 'link', 'href': 'https://www.ligafemenil.mx/cancha/playlist/117143/rayados-de-monterrey-vs-club-atletico-de-san-luis', 'text': ''}"

2020-2021,Apertura,{'type': 'text', 'value': 'Lunes 14 de Septiembre de 2020\nTemporada 2020-2021\nTorneo Apertura\nJornada 5\n14 Septiembre 2020 - 16:00 hrs.'}",{'type': 'link', 'href': 'https://www.ligafemenil.mx/cancha/informeArbitral/117140/eyJpZERpdmlzaW9uIjoiMTQiLCJpZFRlbXBvcmFkYSI6IjcxIiwiaWRUb3JuZW8iOiIxIiwiaWRDbHVibG9jYWwiOjExMTg3LCJpZENsdWJ2aXNpdGEiOjExMTg0fQ==/informe-arbitral-toluca-vs-pachuca-jornada-5-estadio-instalaciones-metepec-cancha-2-tudn', 'text': '2 - 1'}",{'type': 'link', 'href': 'https://www.ligafemenil.mx/cancha/estadio/1547/estadio-instalaciones-metepec-cancha-2', 'text': 'Instalaciones Metepec Cancha 2'}",{'type': 'link', 'href': 'https://www.ligafemenil.mx/cancha/galeria/MTE3MTQwLzUvNzEvMS8xNA==/toluca-vs-pachuca', 'text': ''}",{'type': 'link', 'href': 'https://www.ligafemenil.mx/cancha/playlist/117140/toluca-vs-pachuca', 'text': ''}"

2020-2021,Apertura,{'type': 'text', 'value': 'Lunes 14 de Septiembre de 2020\nTemporada 2020-2021\nTorneo Apertura\nJornada 5\n14 Septiembre 2020 - 17:00 hrs.'}",{'type': 'link', 'href': 'https://www.ligafemenil.mx/cancha/informeArbitral/117141/eyJpZERpdmlzaW9uIjoiMTQiLCJpZFRlbXBvcmFkYSI6IjcxIiwiaWRUb3JuZW8iOiIxIiwiaWRDbHVibG9jYWwiOjExMjQzLCJpZENsdWJ2aXNpdGEiOjExMTkxfQ==/informe-arbitral-leon-vs-america-jornada-5-estadio-nou-camp-fox-sports', 'text': '1 - 2'}",{'type': 'link', 'href': 'https://www.ligafemenil.mx/cancha/estadio/23/estadio-nou-camp', 'text': 'Nou Camp'}",{'type': 'link', 'href': 'https://www.ligafemenil.mx/cancha/galeria/MTE3MTQxLzUvNzEvMS8xNA==/leon-vs-america', 'text': ''}",{'type': 'link', 'href': 'https://www.ligafemenil.mx/cancha/playlist/117141/leon-vs-america', 'text': ''}"

2020-2021,Apertura,{'type': 'text', 'value': 'Lunes 14 de Septiembre de 2020\nTemporada 2020-2021\nTorneo Apertura\nJornada 5\n14 Septiembre 2020 - 19:00 hrs.'}",{'type': 'link', 'href': 'https://www.ligafemenil.mx/cancha/informeArbitral/117142/eyJpZERpdmlzaW9uIjoiMTQiLCJpZFRlbXBvcmFkYSI6IjcxIiwiaWRUb3JuZW8iOiIxIiwiaWRDbHVibG9jYWwiOjExMTkyLCJpZENsdWJ2aXNpdGEiOjExMTgyfQ==/informe-arbitral-santos-laguna-vs-guadalajara-jornada-5-estadio-tsm-corona-fox-sports', 'text': '0 - 0'}",{'type': 'link', 'href': 'https://www.ligafemenil.mx/cancha/estadio/63/estadio-tsm-corona', 'text': 'TSM Corona'}",{'type': 'link', 'href': 'https://www.ligafemenil.mx/cancha/galeria/MTE3MTQyLzUvNzEvMS8xNA==/santos-laguna-vs-guadalajara', 'text': ''}",{'type': 'link', 'href': 'https://www.ligafemenil.mx/cancha/playlist/117142/santos-laguna-vs-guadalajara', 'text': ''}"

2020-2021,Apertura,{'type': 'text', 'value': 'Miércoles 16 de Septiembre de 2020\nTemporada 2020-2021\nTorneo Apertura\nJornada 6\n16 Septiembre 2020 - 19:00 hrs.'}",{'type': 'link', 'href': 'https://www.ligafemenil.mx/cancha/informeArbitral/117144/eyJpZERpdmlzaW9uIjoiMTQiLCJpZFRlbXBvcmFkYSI6IjcxIiwiaWRUb3JuZW8iOiIxIiwiaWRDbHVibG9jYWwiOjExMTgwLCJpZENsdWJ2aXNpdGEiOjEyMDQyfQ==/informe-arbitral-tijuana-vs-gallos-blancos-de-queretaro-jornada-6-estadio-caliente-fox-sports', 'text': '0 - 3'}",{'type': 'link', 'href': 'https://www.ligafemenil.mx/cancha/estadio/48/estadio-caliente', 'text': 'Caliente'}",{'type': 'link', 'href': 'https://www.ligafemenil.mx/cancha/galeria/MTE3MTQ0LzYvNzEvMS8xNA==/tijuana-vs-gallos-blancos-de-queretaro', 'text': ''}",{'type': 'link', 'href': 'https://www.ligafemenil.mx/cancha/playlist/117144/tijuana-vs-gallos-blancos-de-queretaro', 'text': ''}"

2020-2021,Apertura,{'type': 'text', 'value': 'Jueves 17 de Septiembre de 2020\nTemporada 2020-2021\nTorneo Apertura\nJornada 6\n17 Septiembre 2020 - 09:00 hrs.'}",{'type': 'link', 'href': 'https://www.ligafemenil.mx/cancha/informeArbitral/117146/eyJpZERpdmlzaW9uIjoiMTQiLCJpZFRlbXBvcmFkYSI6IjcxIiwiaWRUb3JuZW8iOiIxIiwiaWRDbHVibG9jYWwiOjEyMDUxLCJpZENsdWJ2aXNpdGEiOjExMTg3fQ==/informe-arbitral-mazatlan-fc-vs-toluca-jornada-6-estadio-mazatlan-azteca-digital', 'text': '1 - 0'}",{'type': 'link', 'href': 'https://www.ligafemenil.mx/cancha/estadio/1697/estadio-mazatlan', 'text': 'Estadio Mazatlán'}",{'type': 'link', 'href': 'https://www.ligafemenil.mx/cancha/galeria/MTE3MTQ2LzYvNzEvMS8xNA==/mazatlan-fc-vs-toluca', 'text': ''}",{'type': 'link', 'href': 'https://www.ligafemenil.mx/cancha/playlist/117146/mazatlan-fc-vs-toluca', 'text': ''}"

2020-2021,Apertura,{'type': 'text', 'value': 'Jueves 17 de Septiembre de 2020\nTemporada 2020-2021\nTorneo Apertura\nJornada 6\n17 Septiembre 2020 - 10:00 hrs.'}",{'type': 'link', 'href': 'https://www.ligafemenil.mx/cancha/informeArbitral/117149/eyJpZERpdmlzaW9uIjoiMTQiLCJpZFRlbXBvcmFkYSI6IjcxIiwiaWRUb3JuZW8iOiIxIiwiaWRDbHVibG9jYWwiOjExNzk1LCJpZENsdWJ2aXNpdGEiOjExMTg1fQ==/informe-arbitral-fc-juarez-vs-rayados-de-monterrey-jornada-6-estadio-olimpico-benito-juarez-tudn', 'text': '0 - 5'}",{'type': 'link', 'href': 'https://www.ligafemenil.mx/cancha/estadio/17/estadio-olimpico-benito-juarez', 'text': 'Olímpico Benito Juárez'}",{'type': 'link', 'href': 'https://www.ligafemenil.mx/cancha/galeria/MTE3MTQ5LzYvNzEvMS8xNA==/fc-juarez-vs-rayados-de-monterrey', 'text': ''}",{'type': 'link', 'href': 'https://www.ligafemenil.mx/cancha/playlist/117149/fc-juarez-vs-rayados-de-monterrey', 'text': ''}"

2020-2021,Apertura,{'type': 'text', 'value': 'Jueves 17 de Septiembre de 2020\nTemporada 2020-2021\nTorneo Apertura\nJornada 6\n17 Septiembre 2020 - 12:00 hrs.'}",{'type': 'link', 'href': 'https://www.ligafemenil.mx/cancha/informeArbitral/117147/eyJpZERpdmlzaW9uIjoiMTQiLCJpZFRlbXBvcmFkYSI6IjcxIiwiaWRUb3JuZW8iOiIxIiwiaWRDbHVibG9jYWwiOjExNTQzLCJpZENsdWJ2aXNpdGEiOjExMjQzfQ==/informe-arbitral-puebla-fc-vs-leon-jornada-6-estadio-cuauhtemoc-tvc-deportes', 'text': '0 - 0'}",{'type': 'link', 'href': 'https://www.ligafemenil.mx/cancha/estadio/9/estadio-cuauhtemoc', 'text': 'Cuauhtémoc'}",{'type': 'link', 'href': 'https://www.ligafemenil.mx/cancha/galeria/MTE3MTQ3LzYvNzEvMS8xNA==/puebla-fc-vs-leon', 'text': ''}",{'type': 'link', 'href': 'https://www.ligafemenil.mx/cancha/playlist/117147/puebla-fc-vs-leon', 'text': ''}"

2020-2021,Apertura,{'type': 'text', 'value': 'Jueves 17 de Septiembre de 2020\nTemporada 2020-2021\nTorneo Apertura\nJornada 6\n17 Septiembre 2020 - 16:00 hrs.'}",{'type': 'link', 'href': 'https://www.ligafemenil.mx/cancha/informeArbitral/117148/eyJpZERpdmlzaW9uIjoiMTQiLCJpZFRlbXBvcmFkYSI6IjcxIiwiaWRUb3JuZW8iOiIxIiwiaWRDbHVibG9jYWwiOjExMTg5LCJpZENsdWJ2aXNpdGEiOjExMjQ1fQ==/informe-arbitral-necaxa-vs-atlas-jornada-6-estadio-victoria-claro-sports', 'text': '0 - 3'}",{'type': 'link', 'href': 'https://www.ligafemenil.mx/cancha/estadio/15/estadio-victoria', 'text': 'Victoria'}",{'type': 'link', 'href': 'https://www.ligafemenil.mx/cancha/galeria/MTE3MTQ4LzYvNzEvMS8xNA==/necaxa-vs-atlas', 'text': ''}",{'type': 'link', 'href': 'https://www.ligafemenil.mx/cancha/playlist/117148/necaxa-vs-atlas', 'text': ''}"

2020-2021,Apertura,{'type': 'text', 'value': 'Jueves 17 de Septiembre de 2020\nTemporada 2020-2021\nTorneo Apertura\nJornada 6\n17 Septiembre 2020 - 19:00 hrs.'}",{'type': 'link', 'href': 'https://www.ligafemenil.mx/cancha/informeArbitral/117145/eyJpZERpdmlzaW9uIjoiMTQiLCJpZFRlbXBvcmFkYSI6IjcxIiwiaWRUb3JuZW8iOiIxIiwiaWRDbHVibG9jYWwiOjExMTg2LCJpZENsdWJ2aXNpdGEiOjExNzc4fQ==/informe-arbitral-tigres-de-la-uanl-vs-club-atletico-de-san-luis-jornada-6-estadio-universitario-tudn', 'text': '4 - 1'}",{'type': 'link', 'href': 'https://www.ligafemenil.mx/cancha/estadio/12/estadio-universitario', 'text': 'Universitario'}",{'type': 'link', 'href': 'https://www.ligafemenil.mx/cancha/galeria/MTE3MTQ1LzYvNzEvMS8xNA==/tigres-de-la-uanl-vs-club-atletico-de-san-luis', 'text': ''}",{'type': 'link', 'href': 'https://www.ligafemenil.mx/cancha/playlist/117145/tigres-de-la-uanl-vs-club-atletico-de-san-luis', 'text': ''}"

2020-2021,Apertura,{'type': 'text', 'value': 'Jueves 17 de Septiembre de 2020\nTemporada 2020-2021\nTorneo Apertura\nJornada 6\n17 Septiembre 2020 - 19:00 hrs.'}",{'type': 'link', 'href': 'https://www.ligafemenil.mx/cancha/informeArbitral/117151/eyJpZERpdmlzaW9uIjoiMTQiLCJpZFRlbXBvcmFkYSI6IjcxIiwiaWRUb3JuZW8iOiIxIiwiaWRDbHVibG9jYWwiOjExMTgyLCJpZENsdWJ2aXNpdGEiOjExMTgxfQ==/informe-arbitral-guadalajara-vs-cruz-azul-jornada-6-estadio-akron-fox-sports', 'text': '2 - 0'}",{'type': 'link', 'href': 'https://www.ligafemenil.mx/cancha/estadio/1538/estadio-akron', 'text': 'Estadio AKRON'}",{'type': 'link', 'href': 'https://www.ligafemenil.mx/cancha/galeria/MTE3MTUxLzYvNzEvMS8xNA==/guadalajara-vs-cruz-azul', 'text': ''}",{'type': 'link', 'href': 'https://www.ligafemenil.mx/cancha/playlist/117151/guadalajara-vs-cruz-azul', 'text': ''}"

2020-2021,Apertura,{'type': 'text', 'value': 'Jueves 17 de Septiembre de 2020\nTemporada 2020-2021\nTorneo Apertura\nJornada 6\n17 Septiembre 2020 - 19:00 hrs.'}",{'type': 'link', 'href': 'https://www.ligafemenil.mx/cancha/informeArbitral/117152/eyJpZERpdmlzaW9uIjoiMTQiLCJpZFRlbXBvcmFkYSI6IjcxIiwiaWRUb3JuZW8iOiIxIiwiaWRDbHVibG9jYWwiOjExMTg0LCJpZENsdWJ2aXNpdGEiOjExMTg4fQ==/informe-arbitral-pachuca-vs-pumas-jornada-6-estadio-hidalgo', 'text': '1 - 4'}",{'type': 'link', 'href': 'https://www.ligafemenil.mx/cancha/estadio/11/estadio-hidalgo', 'text': 'Hidalgo'}",{'type': 'link', 'href': 'https://www.ligafemenil.mx/cancha/galeria/MTE3MTUyLzYvNzEvMS8xNA==/pachuca-vs-pumas', 'text': ''}",{'type': 'link', 'href': 'https://www.ligafemenil.mx/cancha/playlist/117152/pachuca-vs-pumas', 'text': ''}"

2020-2021,Apertura,{'type': 'text', 'value': 'Viernes 18 de Septiembre de 2020\nTemporada 2020-2021\nTorneo Apertura\nJornada 6\n18 Septiembre 2020 - 16:00 hrs.'}",{'type': 'link', 'href': 'https://www.ligafemenil.mx/cancha/informeArbitral/117153/eyJpZERpdmlzaW9uIjoiMTQiLCJpZFRlbXBvcmFkYSI6IjcxIiwiaWRUb3JuZW8iOiIxIiwiaWRDbHVibG9jYWwiOjExMTkxLCJpZENsdWJ2aXNpdGEiOjExMTkyfQ==/informe-arbitral-america-vs-santos-laguna-jornada-6-estadio-cancha-centenario-no-5-natural-instalaciones-club-america-tudn', 'text': '2 - 1'}",{'type': 'link', 'href': 'https://www.ligafemenil.mx/cancha/estadio/1421/estadio-cancha-centenario-no-5-natural-instalaciones-club-america', 'text': 'Cancha Centenario No. 5 (Natural) Instalaciones Club América'}",{'type': 'link', 'href': 'https://www.ligafemenil.mx/cancha/galeria/MTE3MTUzLzYvNzEvMS8xNA==/america-vs-santos-laguna', 'text': ''}",{'type': 'link', 'href': 'https://www.ligafemenil.mx/cancha/playlist/117153/america-vs-santos-laguna', 'text': ''}"

2020-2021,Apertura,{'type': 'text', 'value': 'Domingo 20 de Septiembre de 2020\nTemporada 2020-2021\nTorneo Apertura\nJornada 7\n20 Septiembre 2020 - 09:30 hrs.'}",{'type': 'link', 'href': 'https://www.ligafemenil.mx/cancha/informeArbitral/117156/eyJpZERpdmlzaW9uIjoiMTQiLCJpZFRlbXBvcmFkYSI6IjcxIiwiaWRUb3JuZW8iOiIxIiwiaWRDbHVibG9jYWwiOjExMTg4LCJpZENsdWJ2aXNpdGEiOjExMTgyfQ==/informe-arbitral-pumas-vs-guadalajara-jornada-7-estadio-la-cantera-1-cancha-1-tudn', 'text': '1 - 2'}",{'type': 'link', 'href': 'https://www.ligafemenil.mx/cancha/estadio/1611/estadio-la-cantera-1-cancha-1', 'text': 'La Cantera 1 Cancha 1'}",{'type': 'link', 'href': 'https://www.ligafemenil.mx/cancha/galeria/MTE3MTU2LzcvNzEvMS8xNA==/pumas-vs-guadalajara', 'text': ''}",{'type': 'link', 'href': 'https://www.ligafemenil.mx/cancha/playlist/117156/pumas-vs-guadalajara', 'text': ''}"

2020-2021,Apertura,{'type': 'text', 'value': 'Domingo 20 de Septiembre de 2020\nTemporada 2020-2021\nTorneo Apertura\nJornada 7\n20 Septiembre 2020 - 16:00 hrs.'}",{'type': 'link', 'href': 'https://www.ligafemenil.mx/cancha/informeArbitral/117158/eyJpZERpdmlzaW9uIjoiMTQiLCJpZFRlbXBvcmFkYSI6IjcxIiwiaWRUb3JuZW8iOiIxIiwiaWRDbHVibG9jYWwiOjExMTgxLCJpZENsdWJ2aXNpdGEiOjExMTg5fQ==/informe-arbitral-cruz-azul-vs-necaxa-jornada-7-estadio-10-de-diciembre-tudn', 'text': '0 - 2'}",{'type': 'link', 'href': 'https://www.ligafemenil.mx/cancha/estadio/30/estadio-10-de-diciembre', 'text': '10 de Diciembre'}",{'type': 'link', 'href': 'https://www.ligafemenil.mx/cancha/galeria/MTE3MTU4LzcvNzEvMS8xNA==/cruz-azul-vs-necaxa', 'text': ''}",{'type': 'link', 'href': 'https://www.ligafemenil.mx/cancha/playlist/117158/cruz-azul-vs-necaxa', 'text': ''}"

2020-2021,Apertura,{'type': 'text', 'value': 'Lunes 21 de Septiembre de 2020\nTemporada 2020-2021\nTorneo Apertura\nJornada 7\n21 Septiembre 2020 - 10:00 hrs.'}",{'type': 'link', 'href': 'https://www.ligafemenil.mx/cancha/informeArbitral/117159/eyJpZERpdmlzaW9uIjoiMTQiLCJpZFRlbXBvcmFkYSI6IjcxIiwiaWRUb3JuZW8iOiIxIiwiaWRDbHVibG9jYWwiOjExMjQ1LCJpZENsdWJ2aXNpdGEiOjExMTkxfQ==/informe-arbitral-atlas-vs-america-jornada-7-estadio-colomos-tvc-deportes', 'text': '0 - 0'}",{'type': 'link', 'href': 'https://www.ligafemenil.mx/cancha/estadio/109/estadio-colomos', 'text': 'Colomos'}",{'type': 'link', 'href': 'https://www.ligafemenil.mx/cancha/galeria/MTE3MTU5LzcvNzEvMS8xNA==/atlas-vs-america', 'text': ''}",{'type': 'link', 'href': 'https://www.ligafemenil.mx/cancha/playlist/117159/atlas-vs-america', 'text': ''}"

2020-2021,Apertura,{'type': 'text', 'value': 'Lunes 21 de Septiembre de 2020\nTemporada 2020-2021\nTorneo Apertura\nJornada 7\n21 Septiembre 2020 - 12:00 hrs.'}",{'type': 'link', 'href': 'https://www.ligafemenil.mx/cancha/informeArbitral/117161/eyJpZERpdmlzaW9uIjoiMTQiLCJpZFRlbXBvcmFkYSI6IjcxIiwiaWRUb3JuZW8iOiIxIiwiaWRDbHVibG9jYWwiOjExMTg3LCJpZENsdWJ2aXNpdGEiOjExMTgwfQ==/informe-arbitral-toluca-vs-tijuana-jornada-7-estadio-instalaciones-metepec-cancha-2-tudn', 'text': '2 - 1'}",{'type': 'link', 'href': 'https://www.ligafemenil.mx/cancha/estadio/1547/estadio-instalaciones-metepec-cancha-2', 'text': 'Instalaciones Metepec Cancha 2'}",{'type': 'link', 'href': 'https://www.ligafemenil.mx/cancha/galeria/MTE3MTYxLzcvNzEvMS8xNA==/toluca-vs-tijuana', 'text': ''}",{'type': 'link', 'href': 'https://www.ligafemenil.mx/cancha/playlist/117161/toluca-vs-tijuana', 'text': ''}"

2020-2021,Apertura,{'type': 'text', 'value': 'Lunes 21 de Septiembre de 2020\nTemporada 2020-2021\nTorneo Apertura\nJornada 7\n21 Septiembre 2020 - 16:00 hrs.'}",{'type': 'link', 'href': 'https://www.ligafemenil.mx/cancha/informeArbitral/117163/eyJpZERpdmlzaW9uIjoiMTQiLCJpZFRlbXBvcmFkYSI6IjcxIiwiaWRUb3JuZW8iOiIxIiwiaWRDbHVibG9jYWwiOjEyMDQyLCJpZENsdWJ2aXNpdGEiOjExMTg2fQ==/informe-arbitral-gallos-blancos-de-queretaro-vs-tigres-de-la-uanl-jornada-7-estadio-la-corregidora-tvc-deportes', 'text': '1 - 3'}",{'type': 'link', 'href': 'https://www.ligafemenil.mx/cancha/estadio/25/estadio-la-corregidora', 'text': 'La Corregidora'}",{'type': 'link', 'href': 'https://www.ligafemenil.mx/cancha/galeria/MTE3MTYzLzcvNzEvMS8xNA==/gallos-blancos-de-queretaro-vs-tigres-de-la-uanl', 'text': ''}",{'type': 'link', 'href': 'https://www.ligafemenil.mx/cancha/playlist/117163/gallos-blancos-de-queretaro-vs-tigres-de-la-uanl', 'text': ''}"

2020-2021,Apertura,{'type': 'text', 'value': 'Lunes 21 de Septiembre de 2020\nTemporada 2020-2021\nTorneo Apertura\nJornada 7\n21 Septiembre 2020 - 17:00 hrs.'}",{'type': 'link', 'href': 'https://www.ligafemenil.mx/cancha/informeArbitral/117165/eyJpZERpdmlzaW9uIjoiMTQiLCJpZFRlbXBvcmFkYSI6IjcxIiwiaWRUb3JuZW8iOiIxIiwiaWRDbHVibG9jYWwiOjExMTg0LCJpZENsdWJ2aXNpdGEiOjExNTQzfQ==/informe-arbitral-pachuca-vs-puebla-fc-jornada-7-estadio-hidalgo-fox-sports', 'text': '3 - 1'}",{'type': 'link', 'href': 'https://www.ligafemenil.mx/cancha/estadio/11/estadio-hidalgo', 'text': 'Hidalgo'}",{'type': 'link', 'href': 'https://www.ligafemenil.mx/cancha/galeria/MTE3MTY1LzcvNzEvMS8xNA==/pachuca-vs-puebla-fc', 'text': ''}",{'type': 'link', 'href': 'https://www.ligafemenil.mx/cancha/playlist/117165/pachuca-vs-puebla-fc', 'text': ''}"

2020-2021,Apertura,{'type': 'text', 'value': 'Lunes 21 de Septiembre de 2020\nTemporada 2020-2021\nTorneo Apertura\nJornada 7\n21 Septiembre 2020 - 19:00 hrs.'}",{'type': 'link', 'href': 'https://www.ligafemenil.mx/cancha/informeArbitral/117166/eyJpZERpdmlzaW9uIjoiMTQiLCJpZFRlbXBvcmFkYSI6IjcxIiwiaWRUb3JuZW8iOiIxIiwiaWRDbHVibG9jYWwiOjExMTg1LCJpZENsdWJ2aXNpdGEiOjEyMDUxfQ==/informe-arbitral-rayados-de-monterrey-vs-mazatlan-fc-jornada-7-estadio-bbva-fox-sports', 'text': '6 - 0'}",{'type': 'link', 'href': 'https://www.ligafemenil.mx/cancha/estadio/1608/estadio-bbva', 'text': 'Estadio BBVA'}",{'type': 'link', 'href': 'https://www.ligafemenil.mx/cancha/galeria/MTE3MTY2LzcvNzEvMS8xNA==/rayados-de-monterrey-vs-mazatlan-fc', 'text': ''}",{'type': 'link', 'href': 'https://www.ligafemenil.mx/cancha/playlist/117166/rayados-de-monterrey-vs-mazatlan-fc', 'text': ''}"

2020-2021,Apertura,{'type': 'text', 'value': 'Lunes 21 de Septiembre de 2020\nTemporada 2020-2021\nTorneo Apertura\nJornada 7\n21 Septiembre 2020 - 19:00 hrs.'}",{'type': 'link', 'href': 'https://www.ligafemenil.mx/cancha/informeArbitral/117168/eyJpZERpdmlzaW9uIjoiMTQiLCJpZFRlbXBvcmFkYSI6IjcxIiwiaWRUb3JuZW8iOiIxIiwiaWRDbHVibG9jYWwiOjExMTkyLCJpZENsdWJ2aXNpdGEiOjExMjQzfQ==/informe-arbitral-santos-laguna-vs-leon-jornada-7-estadio-tsm-corona', 'text': '1 - 1'}",{'type': 'link', 'href': 'https://www.ligafemenil.mx/cancha/estadio/63/estadio-tsm-corona', 'text': 'TSM Corona'}",{'type': 'link', 'href': 'https://www.ligafemenil.mx/cancha/galeria/MTE3MTY4LzcvNzEvMS8xNA==/santos-laguna-vs-leon', 'text': ''}",{'type': 'link', 'href': 'https://www.ligafemenil.mx/cancha/playlist/117168/santos-laguna-vs-leon', 'text': ''}"

2020-2021,Apertura,{'type': 'text', 'value': 'Lunes 21 de Septiembre de 2020\nTemporada 2020-2021\nTorneo Apertura\nJornada 7\n21 Septiembre 2020 - 20:00 hrs.'}",{'type': 'link', 'href': 'https://www.ligafemenil.mx/cancha/informeArbitral/117170/eyJpZERpdmlzaW9uIjoiMTQiLCJpZFRlbXBvcmFkYSI6IjcxIiwiaWRUb3JuZW8iOiIxIiwiaWRDbHVibG9jYWwiOjExNzc4LCJpZENsdWJ2aXNpdGEiOjExNzk1fQ==/informe-arbitral-club-atletico-de-san-luis-vs-fc-juarez-jornada-7-estadio-alfonso-lastras-ramirez', 'text': '2 - 3'}",{'type': 'link', 'href': 'https://www.ligafemenil.mx/cancha/estadio/14/estadio-alfonso-lastras-ramirez', 'text': 'Alfonso Lastras Ramírez'}",{'type': 'link', 'href': 'https://www.ligafemenil.mx/cancha/galeria/MTE3MTcwLzcvNzEvMS8xNA==/club-atletico-de-san-luis-vs-fc-juarez', 'text': ''}",{'type': 'link', 'href': 'https://www.ligafemenil.mx/cancha/playlist/117170/club-atletico-de-san-luis-vs-fc-juarez', 'text': ''}"

2020-2021,Apertura,{'type': 'text', 'value': 'Jueves 24 de Septiembre de 2020\nTemporada 2020-2021\nTorneo Apertura\nJornada 8\n24 Septiembre 2020 - 17:00 hrs.'}",{'type': 'link', 'href': 'https://www.ligafemenil.mx/cancha/informeArbitral/117172/eyJpZERpdmlzaW9uIjoiMTQiLCJpZFRlbXBvcmFkYSI6IjcxIiwiaWRUb3JuZW8iOiIxIiwiaWRDbHVibG9jYWwiOjExNzc4LCJpZENsdWJ2aXNpdGEiOjExMTgxfQ==/informe-arbitral-club-atletico-de-san-luis-vs-cruz-azul-jornada-8-estadio-alfonso-lastras-ramirez', 'text': '3 - 1'}",{'type': 'link', 'href': 'https://www.ligafemenil.mx/cancha/estadio/14/estadio-alfonso-lastras-ramirez', 'text': 'Alfonso Lastras Ramírez'}",{'type': 'link', 'href': 'https://www.ligafemenil.mx/cancha/galeria/MTE3MTcyLzgvNzEvMS8xNA==/club-atletico-de-san-luis-vs-cruz-azul', 'text': ''}",{'type': 'link', 'href': 'https://www.ligafemenil.mx/cancha/playlist/117172/club-atletico-de-san-luis-vs-cruz-azul', 'text': ''}"

2020-2021,Apertura,{'type': 'text', 'value': 'Viernes 25 de Septiembre de 2020\nTemporada 2020-2021\nTorneo Apertura\nJornada 8\n25 Septiembre 2020 - 16:00 hrs.'}",{'type': 'link', 'href': 'https://www.ligafemenil.mx/cancha/informeArbitral/117173/eyJpZERpdmlzaW9uIjoiMTQiLCJpZFRlbXBvcmFkYSI6IjcxIiwiaWRUb3JuZW8iOiIxIiwiaWRDbHVibG9jYWwiOjExMTg5LCJpZENsdWJ2aXNpdGEiOjExMTg1fQ==/informe-arbitral-necaxa-vs-rayados-de-monterrey-jornada-8-estadio-victoria-claro-sports', 'text': '0 - 1'}",{'type': 'link', 'href': 'https://www.ligafemenil.mx/cancha/estadio/15/estadio-victoria', 'text': 'Victoria'}",{'type': 'link', 'href': 'https://www.ligafemenil.mx/cancha/galeria/MTE3MTczLzgvNzEvMS8xNA==/necaxa-vs-rayados-de-monterrey', 'text': ''}",{'type': 'link', 'href': 'https://www.ligafemenil.mx/cancha/playlist/117173/necaxa-vs-rayados-de-monterrey', 'text': ''}"

2020-2021,Apertura,{'type': 'text', 'value': 'Sábado 26 de Septiembre de 2020\nTemporada 2020-2021\nTorneo Apertura\nJornada 8\n26 Septiembre 2020 - 12:00 hrs.'}",{'type': 'link', 'href': 'https://www.ligafemenil.mx/cancha/informeArbitral/117175/eyJpZERpdmlzaW9uIjoiMTQiLCJpZFRlbXBvcmFkYSI6IjcxIiwiaWRUb3JuZW8iOiIxIiwiaWRDbHVibG9jYWwiOjExMTkxLCJpZENsdWJ2aXNpdGEiOjEyMDUxfQ==/informe-arbitral-america-vs-mazatlan-fc-jornada-8-estadio-cancha-centenario-no-5-natural-instalaciones-club-america-tudn', 'text': '8 - 0'}",{'type': 'link', 'href': 'https://www.ligafemenil.mx/cancha/estadio/1421/estadio-cancha-centenario-no-5-natural-instalaciones-club-america', 'text': 'Cancha Centenario No. 5 (Natural) Instalaciones Club América'}",{'type': 'link', 'href': 'https://www.ligafemenil.mx/cancha/galeria/MTE3MTc1LzgvNzEvMS8xNA==/america-vs-mazatlan-fc', 'text': ''}",{'type': 'link', 'href': 'https://www.ligafemenil.mx/cancha/playlist/117175/america-vs-mazatlan-fc', 'text': ''}"

2020-2021,Apertura,{'type': 'text', 'value': 'Domingo 27 de Septiembre de 2020\nTemporada 2020-2021\nTorneo Apertura\nJornada 8\n27 Septiembre 2020 - 09:30 hrs.'}",{'type': 'link', 'href': 'https://www.ligafemenil.mx/cancha/informeArbitral/117176/eyJpZERpdmlzaW9uIjoiMTQiLCJpZFRlbXBvcmFkYSI6IjcxIiwiaWRUb3JuZW8iOiIxIiwiaWRDbHVibG9jYWwiOjExMTg2LCJpZENsdWJ2aXNpdGEiOjExMTg4fQ==/informe-arbitral-tigres-de-la-uanl-vs-pumas-jornada-8-estadio-universitario-tudn', 'text': '4 - 0'}",{'type': 'link', 'href': 'https://www.ligafemenil.mx/cancha/estadio/12/estadio-universitario', 'text': 'Universitario'}",{'type': 'link', 'href': 'https://www.ligafemenil.mx/cancha/galeria/MTE3MTc2LzgvNzEvMS8xNA==/tigres-de-la-uanl-vs-pumas', 'text': ''}",{'type': 'link', 'href': 'https://www.ligafemenil.mx/cancha/playlist/117176/tigres-de-la-uanl-vs-pumas', 'text': ''}"

2020-2021,Apertura,{'type': 'text', 'value': 'Domingo 27 de Septiembre de 2020\nTemporada 2020-2021\nTorneo Apertura\nJornada 8\n27 Septiembre 2020 - 12:00 hrs.'}",{'type': 'link', 'href': 'https://www.ligafemenil.mx/cancha/informeArbitral/117178/eyJpZERpdmlzaW9uIjoiMTQiLCJpZFRlbXBvcmFkYSI6IjcxIiwiaWRUb3JuZW8iOiIxIiwiaWRDbHVibG9jYWwiOjExNTQzLCJpZENsdWJ2aXNpdGEiOjExMTkyfQ==/informe-arbitral-puebla-fc-vs-santos-laguna-jornada-8-estadio-cuauhtemoc-tvc-deportes', 'text': '0 - 0'}",{'type': 'link', 'href': 'https://www.ligafemenil.mx/cancha/estadio/9/estadio-cuauhtemoc', 'text': 'Cuauhtémoc'}",{'type': 'link', 'href': 'https://www.ligafemenil.mx/cancha/galeria/MTE3MTc4LzgvNzEvMS8xNA==/puebla-fc-vs-santos-laguna', 'text': ''}",{'type': 'link', 'href': 'https://www.ligafemenil.mx/cancha/playlist/117178/puebla-fc-vs-santos-laguna', 'text': ''}"

2020-2021,Apertura,{'type': 'text', 'value': 'Lunes 28 de Septiembre de 2020\nTemporada 2020-2021\nTorneo Apertura\nJornada 8\n28 Septiembre 2020 - 10:00 hrs.'}",{'type': 'link', 'href': 'https://www.ligafemenil.mx/cancha/informeArbitral/117181/eyJpZERpdmlzaW9uIjoiMTQiLCJpZFRlbXBvcmFkYSI6IjcxIiwiaWRUb3JuZW8iOiIxIiwiaWRDbHVibG9jYWwiOjExNzk1LCJpZENsdWJ2aXNpdGEiOjExMTg3fQ==/informe-arbitral-fc-juarez-vs-toluca-jornada-8-estadio-olimpico-benito-juarez-tudn', 'text': '3 - 2'}",{'type': 'link', 'href': 'https://www.ligafemenil.mx/cancha/estadio/17/estadio-olimpico-benito-juarez', 'text': 'Olímpico Benito Juárez'}",{'type': 'link', 'href': 'https://www.ligafemenil.mx/cancha/galeria/MTE3MTgxLzgvNzEvMS8xNA==/fc-juarez-vs-toluca', 'text': ''}",{'type': 'link', 'href': 'https://www.ligafemenil.mx/cancha/playlist/117181/fc-juarez-vs-toluca', 'text': ''}"

2020-2021,Apertura,{'type': 'text', 'value': 'Lunes 28 de Septiembre de 2020\nTemporada 2020-2021\nTorneo Apertura\nJornada 8\n28 Septiembre 2020 - 17:00 hrs.'}",{'type': 'link', 'href': 'https://www.ligafemenil.mx/cancha/informeArbitral/117179/eyJpZERpdmlzaW9uIjoiMTQiLCJpZFRlbXBvcmFkYSI6IjcxIiwiaWRUb3JuZW8iOiIxIiwiaWRDbHVibG9jYWwiOjExMTgyLCJpZENsdWJ2aXNpdGEiOjEyMDQyfQ==/informe-arbitral-guadalajara-vs-gallos-blancos-de-queretaro-jornada-8-estadio-akron-fox-sports--chivas-tv', 'text': '3 - 1'}",{'type': 'link', 'href': 'https://www.ligafemenil.mx/cancha/estadio/1538/estadio-akron', 'text': 'Estadio AKRON'}",{'type': 'link', 'href': 'https://www.ligafemenil.mx/cancha/galeria/MTE3MTc5LzgvNzEvMS8xNA==/guadalajara-vs-gallos-blancos-de-queretaro', 'text': ''}",{'type': 'link', 'href': 'https://www.ligafemenil.mx/cancha/playlist/117179/guadalajara-vs-gallos-blancos-de-queretaro', 'text': ''}"

2020-2021,Apertura,{'type': 'text', 'value': 'Lunes 28 de Septiembre de 2020\nTemporada 2020-2021\nTorneo Apertura\nJornada 8\n28 Septiembre 2020 - 17:00 hrs.'}",{'type': 'link', 'href': 'https://www.ligafemenil.mx/cancha/informeArbitral/117183/eyJpZERpdmlzaW9uIjoiMTQiLCJpZFRlbXBvcmFkYSI6IjcxIiwiaWRUb3JuZW8iOiIxIiwiaWRDbHVibG9jYWwiOjExMTgwLCJpZENsdWJ2aXNpdGEiOjExMTg0fQ==/informe-arbitral-tijuana-vs-pachuca-jornada-8-estadio-caliente-fox-sports', 'text': '2 - 3'}",{'type': 'link', 'href': 'https://www.ligafemenil.mx/cancha/estadio/48/estadio-caliente', 'text': 'Caliente'}",{'type': 'link', 'href': 'https://www.ligafemenil.mx/cancha/galeria/MTE3MTgzLzgvNzEvMS8xNA==/tijuana-vs-pachuca', 'text': ''}",{'type': 'link', 'href': 'https://www.ligafemenil.mx/cancha/playlist/117183/tijuana-vs-pachuca', 'text': ''}"

2020-2021,Apertura,{'type': 'text', 'value': 'Lunes 28 de Septiembre de 2020\nTemporada 2020-2021\nTorneo Apertura\nJornada 8\n28 Septiembre 2020 - 19:00 hrs.'}",{'type': 'link', 'href': 'https://www.ligafemenil.mx/cancha/informeArbitral/117185/eyJpZERpdmlzaW9uIjoiMTQiLCJpZFRlbXBvcmFkYSI6IjcxIiwiaWRUb3JuZW8iOiIxIiwiaWRDbHVibG9jYWwiOjExMjQzLCJpZENsdWJ2aXNpdGEiOjExMjQ1fQ==/informe-arbitral-leon-vs-atlas-jornada-8-estadio-nou-camp', 'text': '1 - 5'}",{'type': 'link', 'href': 'https://www.ligafemenil.mx/cancha/estadio/23/estadio-nou-camp', 'text': 'Nou Camp'}",{'type': 'link', 'href': 'https://www.ligafemenil.mx/cancha/galeria/MTE3MTg1LzgvNzEvMS8xNA==/leon-vs-atlas', 'text': ''}",{'type': 'link', 'href': 'https://www.ligafemenil.mx/cancha/playlist/117185/leon-vs-atlas', 'text': ''}"

2020-2021,Apertura,{'type': 'text', 'value': 'Jueves 1 de Octubre de 2020\nTemporada 2020-2021\nTorneo Apertura\nJornada 9\n1 Octubre 2020 - 17:00 hrs.'}",{'type': 'link', 'href': 'https://www.ligafemenil.mx/cancha/informeArbitral/117150/eyJpZERpdmlzaW9uIjoiMTQiLCJpZFRlbXBvcmFkYSI6IjcxIiwiaWRUb3JuZW8iOiIxIiwiaWRDbHVibG9jYWwiOjEyMDQyLCJpZENsdWJ2aXNpdGEiOjExMTg5fQ==/informe-arbitral-gallos-blancos-de-queretaro-vs-necaxa-jornada-9-estadio-la-corregidora-tvc-deportes', 'text': '2 - 0'}",{'type': 'link', 'href': 'https://www.ligafemenil.mx/cancha/estadio/25/estadio-la-corregidora', 'text': 'La Corregidora'}",{'type': 'link', 'href': 'https://www.ligafemenil.mx/cancha/galeria/MTE3MTUwLzkvNzEvMS8xNA==/gallos-blancos-de-queretaro-vs-necaxa', 'text': ''}",{'type': 'link', 'href': 'https://www.ligafemenil.mx/cancha/playlist/117150/gallos-blancos-de-queretaro-vs-necaxa', 'text': ''}"

2020-2021,Apertura,{'type': 'text', 'value': 'Viernes 2 de Octubre de 2020\nTemporada 2020-2021\nTorneo Apertura\nJornada 9\n2 Octubre 2020 - 16:00 hrs.'}",{'type': 'link', 'href': 'https://www.ligafemenil.mx/cancha/informeArbitral/117154/eyJpZERpdmlzaW9uIjoiMTQiLCJpZFRlbXBvcmFkYSI6IjcxIiwiaWRUb3JuZW8iOiIxIiwiaWRDbHVibG9jYWwiOjExMTgxLCJpZENsdWJ2aXNpdGEiOjExNzk1fQ==/informe-arbitral-cruz-azul-vs-fc-juarez-jornada-9-estadio-10-de-diciembre-tudn', 'text': '2 - 0'}",{'type': 'link', 'href': 'https://www.ligafemenil.mx/cancha/estadio/30/estadio-10-de-diciembre', 'text': '10 de Diciembre'}",{'type': 'link', 'href': 'https://www.ligafemenil.mx/cancha/galeria/MTE3MTU0LzkvNzEvMS8xNA==/cruz-azul-vs-fc-juarez', 'text': ''}",{'type': 'link', 'href': 'https://www.ligafemenil.mx/cancha/playlist/117154/cruz-azul-vs-fc-juarez', 'text': ''}"

2020-2021,Apertura,{'type': 'text', 'value': 'Sábado 3 de Octubre de 2020\nTemporada 2020-2021\nTorneo Apertura\nJornada 9\n3 Octubre 2020 - 10:00 hrs.'}",{'type': 'link', 'href': 'https://www.ligafemenil.mx/cancha/informeArbitral/117155/eyJpZERpdmlzaW9uIjoiMTQiLCJpZFRlbXBvcmFkYSI6IjcxIiwiaWRUb3JuZW8iOiIxIiwiaWRDbHVibG9jYWwiOjExMjQ1LCJpZENsdWJ2aXNpdGEiOjExNTQzfQ==/informe-arbitral-atlas-vs-puebla-fc-jornada-9-estadio-colomos-tvc-deportes', 'text': '3 - 0'}",{'type': 'link', 'href': 'https://www.ligafemenil.mx/cancha/estadio/109/estadio-colomos', 'text': 'Colomos'}",{'type': 'link', 'href': 'https://www.ligafemenil.mx/cancha/galeria/MTE3MTU1LzkvNzEvMS8xNA==/atlas-vs-puebla-fc', 'text': ''}",{'type': 'link', 'href': 'https://www.ligafemenil.mx/cancha/playlist/117155/atlas-vs-puebla-fc', 'text': ''}"

2020-2021,Apertura,{'type': 'text', 'value': 'Sábado 3 de Octubre de 2020\nTemporada 2020-2021\nTorneo Apertura\nJornada 9\n3 Octubre 2020 - 12:00 hrs.'}",{'type': 'link', 'href': 'https://www.ligafemenil.mx/cancha/informeArbitral/117157/eyJpZERpdmlzaW9uIjoiMTQiLCJpZFRlbXBvcmFkYSI6IjcxIiwiaWRUb3JuZW8iOiIxIiwiaWRDbHVibG9jYWwiOjExMTg4LCJpZENsdWJ2aXNpdGEiOjExMTkxfQ==/informe-arbitral-pumas-vs-america-jornada-9-estadio-la-cantera-1-cancha-1-tudn', 'text': '1 - 1'}",{'type': 'link', 'href': 'https://www.ligafemenil.mx/cancha/estadio/1611/estadio-la-cantera-1-cancha-1', 'text': 'La Cantera 1 Cancha 1'}",{'type': 'link', 'href': 'https://www.ligafemenil.mx/cancha/galeria/MTE3MTU3LzkvNzEvMS8xNA==/pumas-vs-america', 'text': ''}",{'type': 'link', 'href': 'https://www.ligafemenil.mx/cancha/playlist/117157/pumas-vs-america', 'text': ''}"

2020-2021,Apertura,{'type': 'text', 'value': 'Lunes 5 de Octubre de 2020\nTemporada 2020-2021\nTorneo Apertura\nJornada 9\n5 Octubre 2020 - 16:00 hrs.'}",{'type': 'link', 'href': 'https://www.ligafemenil.mx/cancha/informeArbitral/117160/eyJpZERpdmlzaW9uIjoiMTQiLCJpZFRlbXBvcmFkYSI6IjcxIiwiaWRUb3JuZW8iOiIxIiwiaWRDbHVibG9jYWwiOjExMTg3LCJpZENsdWJ2aXNpdGEiOjExNzc4fQ==/informe-arbitral-toluca-vs-club-atletico-de-san-luis-jornada-9-estadio-instalaciones-metepec-cancha-2-tudn', 'text': '1 - 0'}",{'type': 'link', 'href': 'https://www.ligafemenil.mx/cancha/estadio/1547/estadio-instalaciones-metepec-cancha-2', 'text': 'Instalaciones Metepec Cancha 2'}",{'type': 'link', 'href': 'https://www.ligafemenil.mx/cancha/galeria/MTE3MTYwLzkvNzEvMS8xNA==/toluca-vs-club-atletico-de-san-luis', 'text': ''}",{'type': 'link', 'href': 'https://www.ligafemenil.mx/cancha/playlist/117160/toluca-vs-club-atletico-de-san-luis', 'text': ''}"

2020-2021,Apertura,{'type': 'text', 'value': 'Lunes 5 de Octubre de 2020\nTemporada 2020-2021\nTorneo Apertura\nJornada 9\n5 Octubre 2020 - 19:00 hrs.'}",{'type': 'link', 'href': 'https://www.ligafemenil.mx/cancha/informeArbitral/117167/eyJpZERpdmlzaW9uIjoiMTQiLCJpZFRlbXBvcmFkYSI6IjcxIiwiaWRUb3JuZW8iOiIxIiwiaWRDbHVibG9jYWwiOjExMTkyLCJpZENsdWJ2aXNpdGEiOjExMTgwfQ==/informe-arbitral-santos-laguna-vs-tijuana-jornada-9-estadio-tsm-corona', 'text': '0 - 0'}",{'type': 'link', 'href': 'https://www.ligafemenil.mx/cancha/estadio/63/estadio-tsm-corona', 'text': 'TSM Corona'}",{'type': 'link', 'href': 'https://www.ligafemenil.mx/cancha/galeria/MTE3MTY3LzkvNzEvMS8xNA==/santos-laguna-vs-tijuana', 'text': ''}",{'type': 'link', 'href': 'https://www.ligafemenil.mx/cancha/playlist/117167/santos-laguna-vs-tijuana', 'text': ''}"

2020-2021,Apertura,{'type': 'text', 'value': 'Lunes 5 de Octubre de 2020\nTemporada 2020-2021\nTorneo Apertura\nJornada 9\n5 Octubre 2020 - 19:00 hrs.'}",{'type': 'link', 'href': 'https://www.ligafemenil.mx/cancha/informeArbitral/117164/eyJpZERpdmlzaW9uIjoiMTQiLCJpZFRlbXBvcmFkYSI6IjcxIiwiaWRUb3JuZW8iOiIxIiwiaWRDbHVibG9jYWwiOjExMTg0LCJpZENsdWJ2aXNpdGEiOjExMTg2fQ==/informe-arbitral-pachuca-vs-tigres-de-la-uanl-jornada-9-estadio-hidalgo-fox-sports--claro-sports', 'text': '0 - 2'}",{'type': 'link', 'href': 'https://www.ligafemenil.mx/cancha/estadio/11/estadio-hidalgo', 'text': 'Hidalgo'}",{'type': 'link', 'href': 'https://www.ligafemenil.mx/cancha/galeria/MTE3MTY0LzkvNzEvMS8xNA==/pachuca-vs-tigres-de-la-uanl', 'text': ''}",{'type': 'link', 'href': 'https://www.ligafemenil.mx/cancha/playlist/117164/pachuca-vs-tigres-de-la-uanl', 'text': ''}"

2020-2021,Apertura,{'type': 'text', 'value': 'Lunes 5 de Octubre de 2020\nTemporada 2020-2021\nTorneo Apertura\nJornada 9\n5 Octubre 2020 - 18:00 hrs.'}",{'type': 'link', 'href': 'https://www.ligafemenil.mx/cancha/informeArbitral/117169/eyJpZERpdmlzaW9uIjoiMTQiLCJpZFRlbXBvcmFkYSI6IjcxIiwiaWRUb3JuZW8iOiIxIiwiaWRDbHVibG9jYWwiOjEyMDUxLCJpZENsdWJ2aXNpdGEiOjExMjQzfQ==/informe-arbitral-mazatlan-fc-vs-leon-jornada-9-estadio-mazatlan-azteca-digital', 'text': '1 - 1'}",{'type': 'link', 'href': 'https://www.ligafemenil.mx/cancha/estadio/1697/estadio-mazatlan', 'text': 'Estadio Mazatlán'}",{'type': 'link', 'href': 'https://www.ligafemenil.mx/cancha/galeria/MTE3MTY5LzkvNzEvMS8xNA==/mazatlan-fc-vs-leon', 'text': ''}",{'type': 'link', 'href': 'https://www.ligafemenil.mx/cancha/playlist/117169/mazatlan-fc-vs-leon', 'text': ''}"

2020-2021,Apertura,{'type': 'text', 'value': 'Lunes 5 de Octubre de 2020\nTemporada 2020-2021\nTorneo Apertura\nJornada 9\n5 Octubre 2020 - 21:00 hrs.'}",{'type': 'link', 'href': 'https://www.ligafemenil.mx/cancha/informeArbitral/117162/eyJpZERpdmlzaW9uIjoiMTQiLCJpZFRlbXBvcmFkYSI6IjcxIiwiaWRUb3JuZW8iOiIxIiwiaWRDbHVibG9jYWwiOjExMTg1LCJpZENsdWJ2aXNpdGEiOjExMTgyfQ==/informe-arbitral-rayados-de-monterrey-vs-guadalajara-jornada-9-estadio-bbva-bancomer-fox-sports', 'text': '2 - 4'}",{'type': 'link', 'href': 'https://www.ligafemenil.mx/cancha/estadio/793/estadio-bbva-bancomer', 'text': 'Estadio BBVA Bancomer'}",{'type': 'link', 'href': 'https://www.ligafemenil.mx/cancha/galeria/MTE3MTYyLzkvNzEvMS8xNA==/rayados-de-monterrey-vs-guadalajara', 'text': ''}",{'type': 'link', 'href': 'https://www.ligafemenil.mx/cancha/playlist/117162/rayados-de-monterrey-vs-guadalajara', 'text': ''}"

2020-2021,Apertura,{'type': 'text', 'value': 'Jueves 8 de Octubre de 2020\nTemporada 2020-2021\nTorneo Apertura\nJornada 10\n8 Octubre 2020 - 17:00 hrs.'}",{'type': 'link', 'href': 'https://www.ligafemenil.mx/cancha/informeArbitral/117171/eyJpZERpdmlzaW9uIjoiMTQiLCJpZFRlbXBvcmFkYSI6IjcxIiwiaWRUb3JuZW8iOiIxIiwiaWRDbHVibG9jYWwiOjExNzc4LCJpZENsdWJ2aXNpdGEiOjExMTg4fQ==/informe-arbitral-club-atletico-de-san-luis-vs-pumas-jornada-10-estadio-alfonso-lastras-ramirez', 'text': '0 - 2'}",{'type': 'link', 'href': 'https://www.ligafemenil.mx/cancha/estadio/14/estadio-alfonso-lastras-ramirez', 'text': 'Alfonso Lastras Ramírez'}",{'type': 'link', 'href': 'https://www.ligafemenil.mx/cancha/galeria/MTE3MTcxLzEwLzcxLzEvMTQ=/club-atletico-de-san-luis-vs-pumas', 'text': ''}",{'type': 'link', 'href': 'https://www.ligafemenil.mx/cancha/playlist/117171/club-atletico-de-san-luis-vs-pumas', 'text': ''}"

2020-2021,Apertura,{'type': 'text', 'value': 'Viernes 9 de Octubre de 2020\nTemporada 2020-2021\nTorneo Apertura\nJornada 10\n9 Octubre 2020 - 16:00 hrs.'}",{'type': 'link', 'href': 'https://www.ligafemenil.mx/cancha/informeArbitral/117174/eyJpZERpdmlzaW9uIjoiMTQiLCJpZFRlbXBvcmFkYSI6IjcxIiwiaWRUb3JuZW8iOiIxIiwiaWRDbHVibG9jYWwiOjExMTg5LCJpZENsdWJ2aXNpdGEiOjExMjQzfQ==/informe-arbitral-necaxa-vs-leon-jornada-10-estadio-victoria-claro-sports', 'text': '2 - 1'}",{'type': 'link', 'href': 'https://www.ligafemenil.mx/cancha/estadio/15/estadio-victoria', 'text': 'Victoria'}",{'type': 'link', 'href': 'https://www.ligafemenil.mx/cancha/galeria/MTE3MTc0LzEwLzcxLzEvMTQ=/necaxa-vs-leon', 'text': ''}",{'type': 'link', 'href': 'https://www.ligafemenil.mx/cancha/playlist/117174/necaxa-vs-leon', 'text': ''}"

2020-2021,Apertura,{'type': 'text', 'value': 'Viernes 9 de Octubre de 2020\nTemporada 2020-2021\nTorneo Apertura\nJornada 10\n9 Octubre 2020 - 17:00 hrs.'}",{'type': 'link', 'href': 'https://www.ligafemenil.mx/cancha/informeArbitral/117177/eyJpZERpdmlzaW9uIjoiMTQiLCJpZFRlbXBvcmFkYSI6IjcxIiwiaWRUb3JuZW8iOiIxIiwiaWRDbHVibG9jYWwiOjExNzk1LCJpZENsdWJ2aXNpdGEiOjExMTkyfQ==/informe-arbitral-fc-juarez-vs-santos-laguna-jornada-10-estadio-olimpico-benito-juarez', 'text': '0 - 2'}",{'type': 'link', 'href': 'https://www.ligafemenil.mx/cancha/estadio/17/estadio-olimpico-benito-juarez', 'text': 'Olímpico Benito Juárez'}",{'type': 'link', 'href': 'https://www.ligafemenil.mx/cancha/galeria/MTE3MTc3LzEwLzcxLzEvMTQ=/fc-juarez-vs-santos-laguna', 'text': ''}",{'type': 'link', 'href': 'https://www.ligafemenil.mx/cancha/playlist/117177/fc-juarez-vs-santos-laguna', 'text': ''}"

2020-2021,Apertura,{'type': 'text', 'value': 'Sábado 10 de Octubre de 2020\nTemporada 2020-2021\nTorneo Apertura\nJornada 10\n10 Octubre 2020 - 12:00 hrs.'}",{'type': 'link', 'href': 'https://www.ligafemenil.mx/cancha/informeArbitral/117180/eyJpZERpdmlzaW9uIjoiMTQiLCJpZFRlbXBvcmFkYSI6IjcxIiwiaWRUb3JuZW8iOiIxIiwiaWRDbHVibG9jYWwiOjExNTQzLCJpZENsdWJ2aXNpdGEiOjEyMDUxfQ==/informe-arbitral-puebla-fc-vs-mazatlan-fc-jornada-10-estadio-cuauhtemoc-tvc-deportes', 'text': '0 - 1'}",{'type': 'link', 'href': 'https://www.ligafemenil.mx/cancha/estadio/9/estadio-cuauhtemoc', 'text': 'Cuauhtémoc'}",{'type': 'link', 'href': 'https://www.ligafemenil.mx/cancha/galeria/MTE3MTgwLzEwLzcxLzEvMTQ=/puebla-fc-vs-mazatlan-fc', 'text': ''}",{'type': 'link', 'href': 'https://www.ligafemenil.mx/cancha/playlist/117180/puebla-fc-vs-mazatlan-fc', 'text': ''}"

2020-2021,Apertura,{'type': 'text', 'value': 'Sábado 10 de Octubre de 2020\nTemporada 2020-2021\nTorneo Apertura\nJornada 10\n10 Octubre 2020 - 19:00 hrs.'}",{'type': 'link', 'href': 'https://www.ligafemenil.mx/cancha/informeArbitral/117182/eyJpZERpdmlzaW9uIjoiMTQiLCJpZFRlbXBvcmFkYSI6IjcxIiwiaWRUb3JuZW8iOiIxIiwiaWRDbHVibG9jYWwiOjExMTg2LCJpZENsdWJ2aXNpdGEiOjExMTkxfQ==/informe-arbitral-tigres-de-la-uanl-vs-america-jornada-10-estadio-universitario-tudn', 'text': '1 - 0'}",{'type': 'link', 'href': 'https://www.ligafemenil.mx/cancha/estadio/12/estadio-universitario', 'text': 'Universitario'}",{'type': 'link', 'href': 'https://www.ligafemenil.mx/cancha/galeria/MTE3MTgyLzEwLzcxLzEvMTQ=/tigres-de-la-uanl-vs-america', 'text': ''}",{'type': 'link', 'href': 'https://www.ligafemenil.mx/cancha/playlist/117182/tigres-de-la-uanl-vs-america', 'text': ''}"

2020-2021,Apertura,{'type': 'text', 'value': 'Domingo 11 de Octubre de 2020\nTemporada 2020-2021\nTorneo Apertura\nJornada 10\n11 Octubre 2020 - 10:30 hrs.'}",{'type': 'link', 'href': 'https://www.ligafemenil.mx/cancha/informeArbitral/117184/eyJpZERpdmlzaW9uIjoiMTQiLCJpZFRlbXBvcmFkYSI6IjcxIiwiaWRUb3JuZW8iOiIxIiwiaWRDbHVibG9jYWwiOjExMTg3LCJpZENsdWJ2aXNpdGEiOjExMTg1fQ==/informe-arbitral-toluca-vs-rayados-de-monterrey-jornada-10-estadio-instalaciones-metepec-cancha-2-tudn', 'text': '0 - 1'}",{'type': 'link', 'href': 'https://www.ligafemenil.mx/cancha/estadio/1547/estadio-instalaciones-metepec-cancha-2', 'text': 'Instalaciones Metepec Cancha 2'}",{'type': 'link', 'href': 'https://www.ligafemenil.mx/cancha/galeria/MTE3MTg0LzEwLzcxLzEvMTQ=/toluca-vs-rayados-de-monterrey', 'text': ''}",{'type': 'link', 'href': 'https://www.ligafemenil.mx/cancha/playlist/117184/toluca-vs-rayados-de-monterrey', 'text': ''}"

2020-2021,Apertura,{'type': 'text', 'value': 'Domingo 11 de Octubre de 2020\nTemporada 2020-2021\nTorneo Apertura\nJornada 10\n11 Octubre 2020 - 19:00 hrs.'}",{'type': 'link', 'href': 'https://www.ligafemenil.mx/cancha/informeArbitral/117186/eyJpZERpdmlzaW9uIjoiMTQiLCJpZFRlbXBvcmFkYSI6IjcxIiwiaWRUb3JuZW8iOiIxIiwiaWRDbHVibG9jYWwiOjExMTg0LCJpZENsdWJ2aXNpdGEiOjEyMDQyfQ==/informe-arbitral-pachuca-vs-gallos-blancos-de-queretaro-jornada-10-estadio-hidalgo', 'text': '0 - 1'}",{'type': 'link', 'href': 'https://www.ligafemenil.mx/cancha/estadio/11/estadio-hidalgo', 'text': 'Hidalgo'}",{'type': 'link', 'href': 'https://www.ligafemenil.mx/cancha/galeria/MTE3MTg2LzEwLzcxLzEvMTQ=/pachuca-vs-gallos-blancos-de-queretaro', 'text': ''}",{'type': 'link', 'href': 'https://www.ligafemenil.mx/cancha/playlist/117186/pachuca-vs-gallos-blancos-de-queretaro', 'text': ''}"

2020-2021,Apertura,{'type': 'text', 'value': 'Domingo 11 de Octubre de 2020\nTemporada 2020-2021\nTorneo Apertura\nJornada 10\n11 Octubre 2020 - 21:00 hrs.'}",{'type': 'link', 'href': 'https://www.ligafemenil.mx/cancha/informeArbitral/117188/eyJpZERpdmlzaW9uIjoiMTQiLCJpZFRlbXBvcmFkYSI6IjcxIiwiaWRUb3JuZW8iOiIxIiwiaWRDbHVibG9jYWwiOjExMTgyLCJpZENsdWJ2aXNpdGEiOjExMjQ1fQ==/informe-arbitral-guadalajara-vs-atlas-jornada-10-estadio-akron-fox-sports--chivas-tv', 'text': '0 - 3'}",{'type': 'link', 'href': 'https://www.ligafemenil.mx/cancha/estadio/1538/estadio-akron', 'text': 'Estadio AKRON'}",{'type': 'link', 'href': 'https://www.ligafemenil.mx/cancha/galeria/MTE3MTg4LzEwLzcxLzEvMTQ=/guadalajara-vs-atlas', 'text': ''}",{'type': 'link', 'href': 'https://www.ligafemenil.mx/cancha/playlist/117188/guadalajara-vs-atlas', 'text': ''}"

2020-2021,Apertura,{'type': 'text', 'value': 'Lunes 12 de Octubre de 2020\nTemporada 2020-2021\nTorneo Apertura\nJornada 10\n12 Octubre 2020 - 19:00 hrs.'}",{'type': 'link', 'href': 'https://www.ligafemenil.mx/cancha/informeArbitral/117191/eyJpZERpdmlzaW9uIjoiMTQiLCJpZFRlbXBvcmFkYSI6IjcxIiwiaWRUb3JuZW8iOiIxIiwiaWRDbHVibG9jYWwiOjExMTgwLCJpZENsdWJ2aXNpdGEiOjExMTgxfQ==/informe-arbitral-tijuana-vs-cruz-azul-jornada-10-estadio-caliente-fox-sports', 'text': '1 - 1'}",{'type': 'link', 'href': 'https://www.ligafemenil.mx/cancha/estadio/48/estadio-caliente', 'text': 'Caliente'}",{'type': 'link', 'href': 'https://www.ligafemenil.mx/cancha/galeria/MTE3MTkxLzEwLzcxLzEvMTQ=/tijuana-vs-cruz-azul', 'text': ''}",{'type': 'link', 'href': 'https://www.ligafemenil.mx/cancha/playlist/117191/tijuana-vs-cruz-azul', 'text': ''}"

2020-2021,Apertura,{'type': 'text', 'value': 'Miércoles 14 de Octubre de 2020\nTemporada 2020-2021\nTorneo Apertura\nJornada 11\n14 Octubre 2020 - 09:00 hrs.'}",{'type': 'link', 'href': 'https://www.ligafemenil.mx/cancha/informeArbitral/117195/eyJpZERpdmlzaW9uIjoiMTQiLCJpZFRlbXBvcmFkYSI6IjcxIiwiaWRUb3JuZW8iOiIxIiwiaWRDbHVibG9jYWwiOjEyMDUxLCJpZENsdWJ2aXNpdGEiOjExNzk1fQ==/informe-arbitral-mazatlan-fc-vs-fc-juarez-jornada-11-estadio-deportivo-benito-juarez-azteca-digital', 'text': '3 - 2'}",{'type': 'link', 'href': 'https://www.ligafemenil.mx/cancha/estadio/1698/estadio-deportivo-benito-juarez', 'text': 'Deportivo Benito Juárez'}",{'type': 'link', 'href': 'https://www.ligafemenil.mx/cancha/galeria/MTE3MTk1LzExLzcxLzEvMTQ=/mazatlan-fc-vs-fc-juarez', 'text': ''}",{'type': 'link', 'href': 'https://www.ligafemenil.mx/cancha/playlist/117195/mazatlan-fc-vs-fc-juarez', 'text': ''}"

2020-2021,Apertura,{'type': 'text', 'value': 'Miércoles 14 de Octubre de 2020\nTemporada 2020-2021\nTorneo Apertura\nJornada 11\n14 Octubre 2020 - 12:00 hrs.'}",{'type': 'link', 'href': 'https://www.ligafemenil.mx/cancha/informeArbitral/117197/eyJpZERpdmlzaW9uIjoiMTQiLCJpZFRlbXBvcmFkYSI6IjcxIiwiaWRUb3JuZW8iOiIxIiwiaWRDbHVibG9jYWwiOjExMTkxLCJpZENsdWJ2aXNpdGEiOjExNTQzfQ==/informe-arbitral-america-vs-puebla-fc-jornada-11-estadio-cancha-centenario-no-5-natural-instalaciones-club-america-tudn', 'text': '0 - 0'}",{'type': 'link', 'href': 'https://www.ligafemenil.mx/cancha/estadio/1421/estadio-cancha-centenario-no-5-natural-instalaciones-club-america', 'text': 'Cancha Centenario No. 5 (Natural) Instalaciones Club América'}",{'type': 'link', 'href': 'https://www.ligafemenil.mx/cancha/galeria/MTE3MTk3LzExLzcxLzEvMTQ=/america-vs-puebla-fc', 'text': ''}",{'type': 'link', 'href': 'https://www.ligafemenil.mx/cancha/playlist/117197/america-vs-puebla-fc', 'text': ''}"

2020-2021,Apertura,{'type': 'text', 'value': 'Miércoles 14 de Octubre de 2020\nTemporada 2020-2021\nTorneo Apertura\nJornada 11\n14 Octubre 2020 - 16:00 hrs.'}",{'type': 'link', 'href': 'https://www.ligafemenil.mx/cancha/informeArbitral/117204/eyJpZERpdmlzaW9uIjoiMTQiLCJpZFRlbXBvcmFkYSI6IjcxIiwiaWRUb3JuZW8iOiIxIiwiaWRDbHVibG9jYWwiOjExMjQzLCJpZENsdWJ2aXNpdGEiOjExMTgyfQ==/informe-arbitral-leon-vs-guadalajara-jornada-11-estadio-instalaciones-casa-club-leon-f-c-fox-sports', 'text': '0 - 2'}",{'type': 'link', 'href': 'https://www.ligafemenil.mx/cancha/estadio/257/estadio-instalaciones-casa-club-leon-f-c', 'text': 'Instalaciones Casa Club León, F. C.'}",{'type': 'link', 'href': 'https://www.ligafemenil.mx/cancha/galeria/MTE3MjA0LzExLzcxLzEvMTQ=/leon-vs-guadalajara', 'text': ''}",{'type': 'link', 'href': 'https://www.ligafemenil.mx/cancha/playlist/117204/leon-vs-guadalajara', 'text': ''}"

2020-2021,Apertura,{'type': 'text', 'value': 'Miércoles 14 de Octubre de 2020\nTemporada 2020-2021\nTorneo Apertura\nJornada 11\n14 Octubre 2020 - 17:00 hrs.'}",{'type': 'link', 'href': 'https://www.ligafemenil.mx/cancha/informeArbitral/117200/eyJpZERpdmlzaW9uIjoiMTQiLCJpZFRlbXBvcmFkYSI6IjcxIiwiaWRUb3JuZW8iOiIxIiwiaWRDbHVibG9jYWwiOjExMTg5LCJpZENsdWJ2aXNpdGEiOjExMTg2fQ==/informe-arbitral-necaxa-vs-tigres-de-la-uanl-jornada-11-estadio-victoria-claro-sports', 'text': '0 - 1'}",{'type': 'link', 'href': 'https://www.ligafemenil.mx/cancha/estadio/15/estadio-victoria', 'text': 'Victoria'}",{'type': 'link', 'href': 'https://www.ligafemenil.mx/cancha/galeria/MTE3MjAwLzExLzcxLzEvMTQ=/necaxa-vs-tigres-de-la-uanl', 'text': ''}",{'type': 'link', 'href': 'https://www.ligafemenil.mx/cancha/playlist/117200/necaxa-vs-tigres-de-la-uanl', 'text': ''}"

2020-2021,Apertura,{'type': 'text', 'value': 'Miércoles 14 de Octubre de 2020\nTemporada 2020-2021\nTorneo Apertura\nJornada 11\n14 Octubre 2020 - 21:00 hrs.'}",{'type': 'link', 'href': 'https://www.ligafemenil.mx/cancha/informeArbitral/117201/eyJpZERpdmlzaW9uIjoiMTQiLCJpZFRlbXBvcmFkYSI6IjcxIiwiaWRUb3JuZW8iOiIxIiwiaWRDbHVibG9jYWwiOjExMTkyLCJpZENsdWJ2aXNpdGEiOjExMTg0fQ==/informe-arbitral-santos-laguna-vs-pachuca-jornada-11-estadio-tsm-corona-fox-sports', 'text': '0 - 1'}",{'type': 'link', 'href': 'https://www.ligafemenil.mx/cancha/estadio/63/estadio-tsm-corona', 'text': 'TSM Corona'}",{'type': 'link', 'href': 'https://www.ligafemenil.mx/cancha/galeria/MTE3MjAxLzExLzcxLzEvMTQ=/santos-laguna-vs-pachuca', 'text': ''}",{'type': 'link', 'href': 'https://www.ligafemenil.mx/cancha/playlist/117201/santos-laguna-vs-pachuca', 'text': ''}"

2020-2021,Apertura,{'type': 'text', 'value': 'Jueves 15 de Octubre de 2020\nTemporada 2020-2021\nTorneo Apertura\nJornada 11\n15 Octubre 2020 - 10:00 hrs.'}",{'type': 'link', 'href': 'https://www.ligafemenil.mx/cancha/informeArbitral/117209/eyJpZERpdmlzaW9uIjoiMTQiLCJpZFRlbXBvcmFkYSI6IjcxIiwiaWRUb3JuZW8iOiIxIiwiaWRDbHVibG9jYWwiOjExMjQ1LCJpZENsdWJ2aXNpdGEiOjExNzc4fQ==/informe-arbitral-atlas-vs-club-atletico-de-san-luis-jornada-11-estadio-colomos-tvc-deportes', 'text': '2 - 1'}",{'type': 'link', 'href': 'https://www.ligafemenil.mx/cancha/estadio/109/estadio-colomos', 'text': 'Colomos'}",{'type': 'link', 'href': 'https://www.ligafemenil.mx/cancha/galeria/MTE3MjA5LzExLzcxLzEvMTQ=/atlas-vs-club-atletico-de-san-luis', 'text': ''}",{'type': 'link', 'href': 'https://www.ligafemenil.mx/cancha/playlist/117209/atlas-vs-club-atletico-de-san-luis', 'text': ''}"

2020-2021,Apertura,{'type': 'text', 'value': 'Jueves 15 de Octubre de 2020\nTemporada 2020-2021\nTorneo Apertura\nJornada 11\n15 Octubre 2020 - 10:30 hrs.'}",{'type': 'link', 'href': 'https://www.ligafemenil.mx/cancha/informeArbitral/117211/eyJpZERpdmlzaW9uIjoiMTQiLCJpZFRlbXBvcmFkYSI6IjcxIiwiaWRUb3JuZW8iOiIxIiwiaWRDbHVibG9jYWwiOjExMTg1LCJpZENsdWJ2aXNpdGEiOjExMTgwfQ==/informe-arbitral-rayados-de-monterrey-vs-tijuana-jornada-11-estadio-el-barrial', 'text': '2 - 1'}",{'type': 'link', 'href': 'https://www.ligafemenil.mx/cancha/estadio/675/estadio-el-barrial', 'text': 'El Barrial'}",{'type': 'link', 'href': 'https://www.ligafemenil.mx/cancha/galeria/MTE3MjExLzExLzcxLzEvMTQ=/rayados-de-monterrey-vs-tijuana', 'text': ''}",{'type': 'link', 'href': 'https://www.ligafemenil.mx/cancha/playlist/117211/rayados-de-monterrey-vs-tijuana', 'text': ''}"

2020-2021,Apertura,{'type': 'text', 'value': 'Jueves 15 de Octubre de 2020\nTemporada 2020-2021\nTorneo Apertura\nJornada 11\n15 Octubre 2020 - 12:00 hrs.'}",{'type': 'link', 'href': 'https://www.ligafemenil.mx/cancha/informeArbitral/117213/eyJpZERpdmlzaW9uIjoiMTQiLCJpZFRlbXBvcmFkYSI6IjcxIiwiaWRUb3JuZW8iOiIxIiwiaWRDbHVibG9jYWwiOjExMTg4LCJpZENsdWJ2aXNpdGEiOjExMTgxfQ==/informe-arbitral-pumas-vs-cruz-azul-jornada-11-estadio-la-cantera-1-cancha-1-tudn', 'text': '2 - 0'}",{'type': 'link', 'href': 'https://www.ligafemenil.mx/cancha/estadio/1611/estadio-la-cantera-1-cancha-1', 'text': 'La Cantera 1 Cancha 1'}",{'type': 'link', 'href': 'https://www.ligafemenil.mx/cancha/galeria/MTE3MjEzLzExLzcxLzEvMTQ=/pumas-vs-cruz-azul', 'text': ''}",{'type': 'link', 'href': 'https://www.ligafemenil.mx/cancha/playlist/117213/pumas-vs-cruz-azul', 'text': ''}"

2020-2021,Apertura,{'type': 'text', 'value': 'Jueves 15 de Octubre de 2020\nTemporada 2020-2021\nTorneo Apertura\nJornada 11\n15 Octubre 2020 - 16:00 hrs.'}",{'type': 'link', 'href': 'https://www.ligafemenil.mx/cancha/informeArbitral/117215/eyJpZERpdmlzaW9uIjoiMTQiLCJpZFRlbXBvcmFkYSI6IjcxIiwiaWRUb3JuZW8iOiIxIiwiaWRDbHVibG9jYWwiOjEyMDQyLCJpZENsdWJ2aXNpdGEiOjExMTg3fQ==/informe-arbitral-gallos-blancos-de-queretaro-vs-toluca-jornada-11-estadio-la-corregidora-tvc-deportes', 'text': '1 - 0'}",{'type': 'link', 'href': 'https://www.ligafemenil.mx/cancha/estadio/25/estadio-la-corregidora', 'text': 'La Corregidora'}",{'type': 'link', 'href': 'https://www.ligafemenil.mx/cancha/galeria/MTE3MjE1LzExLzcxLzEvMTQ=/gallos-blancos-de-queretaro-vs-toluca', 'text': ''}",{'type': 'link', 'href': 'https://www.ligafemenil.mx/cancha/playlist/117215/gallos-blancos-de-queretaro-vs-toluca', 'text': ''}"

2020-2021,Apertura,{'type': 'text', 'value': 'Sábado 17 de Octubre de 2020\nTemporada 2020-2021\nTorneo Apertura\nJornada 12\n17 Octubre 2020 - 12:00 hrs.'}",{'type': 'link', 'href': 'https://www.ligafemenil.mx/cancha/informeArbitral/117217/eyJpZERpdmlzaW9uIjoiMTQiLCJpZFRlbXBvcmFkYSI6IjcxIiwiaWRUb3JuZW8iOiIxIiwiaWRDbHVibG9jYWwiOjExNTQzLCJpZENsdWJ2aXNpdGEiOjExMTg5fQ==/informe-arbitral-puebla-fc-vs-necaxa-jornada-12-estadio-complejo-deportivo-los-olivos-tvc-deportes', 'text': '0 - 0'}",{'type': 'link', 'href': 'https://www.ligafemenil.mx/cancha/estadio/1415/estadio-complejo-deportivo-los-olivos', 'text': 'Complejo Deportivo Los Olivos'}",{'type': 'link', 'href': 'https://www.ligafemenil.mx/cancha/galeria/MTE3MjE3LzEyLzcxLzEvMTQ=/puebla-fc-vs-necaxa', 'text': ''}",{'type': 'link', 'href': 'https://www.ligafemenil.mx/cancha/playlist/117217/puebla-fc-vs-necaxa', 'text': ''}"

2020-2021,Apertura,{'type': 'text', 'value': 'Domingo 18 de Octubre de 2020\nTemporada 2020-2021\nTorneo Apertura\nJornada 12\n18 Octubre 2020 - 09:30 hrs.'}",{'type': 'link', 'href': 'https://www.ligafemenil.mx/cancha/informeArbitral/117220/eyJpZERpdmlzaW9uIjoiMTQiLCJpZFRlbXBvcmFkYSI6IjcxIiwiaWRUb3JuZW8iOiIxIiwiaWRDbHVibG9jYWwiOjExMTg2LCJpZENsdWJ2aXNpdGEiOjExMjQzfQ==/informe-arbitral-tigres-de-la-uanl-vs-leon-jornada-12-estadio-universitario-tudn', 'text': '3 - 1'}",{'type': 'link', 'href': 'https://www.ligafemenil.mx/cancha/estadio/12/estadio-universitario', 'text': 'Universitario'}",{'type': 'link', 'href': 'https://www.ligafemenil.mx/cancha/galeria/MTE3MjIwLzEyLzcxLzEvMTQ=/tigres-de-la-uanl-vs-leon', 'text': ''}",{'type': 'link', 'href': 'https://www.ligafemenil.mx/cancha/playlist/117220/tigres-de-la-uanl-vs-leon', 'text': ''}"

2020-2021,Apertura,{'type': 'text', 'value': 'Domingo 18 de Octubre de 2020\nTemporada 2020-2021\nTorneo Apertura\nJornada 12\n18 Octubre 2020 - 10:00 hrs.'}",{'type': 'link', 'href': 'https://www.ligafemenil.mx/cancha/informeArbitral/117221/eyJpZERpdmlzaW9uIjoiMTQiLCJpZFRlbXBvcmFkYSI6IjcxIiwiaWRUb3JuZW8iOiIxIiwiaWRDbHVibG9jYWwiOjExMjQ1LCJpZENsdWJ2aXNpdGEiOjExNzk1fQ==/informe-arbitral-atlas-vs-fc-juarez-jornada-12-estadio-cecaf-tvc-deportes', 'text': '5 - 0'}",{'type': 'link', 'href': 'https://www.ligafemenil.mx/cancha/estadio/728/estadio-cecaf', 'text': 'CECAF'}",{'type': 'link', 'href': 'https://www.ligafemenil.mx/cancha/galeria/MTE3MjIxLzEyLzcxLzEvMTQ=/atlas-vs-fc-juarez', 'text': ''}",{'type': 'link', 'href': 'https://www.ligafemenil.mx/cancha/playlist/117221/atlas-vs-fc-juarez', 'text': ''}"

2020-2021,Apertura,{'type': 'text', 'value': 'Domingo 18 de Octubre de 2020\nTemporada 2020-2021\nTorneo Apertura\nJornada 12\n18 Octubre 2020 - 16:00 hrs.'}",{'type': 'link', 'href': 'https://www.ligafemenil.mx/cancha/informeArbitral/117223/eyJpZERpdmlzaW9uIjoiMTQiLCJpZFRlbXBvcmFkYSI6IjcxIiwiaWRUb3JuZW8iOiIxIiwiaWRDbHVibG9jYWwiOjExMTgxLCJpZENsdWJ2aXNpdGEiOjExMTg3fQ==/informe-arbitral-cruz-azul-vs-toluca-jornada-12-estadio-10-de-diciembre-tudn', 'text': '1 - 3'}",{'type': 'link', 'href': 'https://www.ligafemenil.mx/cancha/estadio/30/estadio-10-de-diciembre', 'text': '10 de Diciembre'}",{'type': 'link', 'href': 'https://www.ligafemenil.mx/cancha/galeria/MTE3MjIzLzEyLzcxLzEvMTQ=/cruz-azul-vs-toluca', 'text': ''}",{'type': 'link', 'href': 'https://www.ligafemenil.mx/cancha/playlist/117223/cruz-azul-vs-toluca', 'text': ''}"

2020-2021,Apertura,{'type': 'text', 'value': 'Domingo 18 de Octubre de 2020\nTemporada 2020-2021\nTorneo Apertura\nJornada 12\n18 Octubre 2020 - 17:00 hrs.'}",{'type': 'link', 'href': 'https://www.ligafemenil.mx/cancha/informeArbitral/117225/eyJpZERpdmlzaW9uIjoiMTQiLCJpZFRlbXBvcmFkYSI6IjcxIiwiaWRUb3JuZW8iOiIxIiwiaWRDbHVibG9jYWwiOjExNzc4LCJpZENsdWJ2aXNpdGEiOjExMTgyfQ==/informe-arbitral-club-atletico-de-san-luis-vs-guadalajara-jornada-12-estadio-alfonso-lastras-ramirez', 'text': '2 - 2'}",{'type': 'link', 'href': 'https://www.ligafemenil.mx/cancha/estadio/14/estadio-alfonso-lastras-ramirez', 'text': 'Alfonso Lastras Ramírez'}",{'type': 'link', 'href': 'https://www.ligafemenil.mx/cancha/galeria/MTE3MjI1LzEyLzcxLzEvMTQ=/club-atletico-de-san-luis-vs-guadalajara', 'text': ''}",{'type': 'link', 'href': 'https://www.ligafemenil.mx/cancha/playlist/117225/club-atletico-de-san-luis-vs-guadalajara', 'text': ''}"

2020-2021,Apertura,{'type': 'text', 'value': 'Lunes 19 de Octubre de 2020\nTemporada 2020-2021\nTorneo Apertura\nJornada 12\n19 Octubre 2020 - 12:00 hrs.'}",{'type': 'link', 'href': 'https://www.ligafemenil.mx/cancha/informeArbitral/117228/eyJpZERpdmlzaW9uIjoiMTQiLCJpZFRlbXBvcmFkYSI6IjcxIiwiaWRUb3JuZW8iOiIxIiwiaWRDbHVibG9jYWwiOjEyMDQyLCJpZENsdWJ2aXNpdGEiOjExMTkyfQ==/informe-arbitral-gallos-blancos-de-queretaro-vs-santos-laguna-jornada-12-estadio-la-corregidora-tvc-deportes', 'text': '2 - 1'}",{'type': 'link', 'href': 'https://www.ligafemenil.mx/cancha/estadio/25/estadio-la-corregidora', 'text': 'La Corregidora'}",{'type': 'link', 'href': 'https://www.ligafemenil.mx/cancha/galeria/MTE3MjI4LzEyLzcxLzEvMTQ=/gallos-blancos-de-queretaro-vs-santos-laguna', 'text': ''}",{'type': 'link', 'href': 'https://www.ligafemenil.mx/cancha/playlist/117228/gallos-blancos-de-queretaro-vs-santos-laguna', 'text': ''}"

2020-2021,Apertura,{'type': 'text', 'value': 'Lunes 19 de Octubre de 2020\nTemporada 2020-2021\nTorneo Apertura\nJornada 12\n19 Octubre 2020 - 16:00 hrs.'}",{'type': 'link', 'href': 'https://www.ligafemenil.mx/cancha/informeArbitral/117231/eyJpZERpdmlzaW9uIjoiMTQiLCJpZFRlbXBvcmFkYSI6IjcxIiwiaWRUb3JuZW8iOiIxIiwiaWRDbHVibG9jYWwiOjExMTkxLCJpZENsdWJ2aXNpdGEiOjExMTg1fQ==/informe-arbitral-america-vs-rayados-de-monterrey-jornada-12-estadio-cancha-centenario-no-5-natural-instalaciones-club-america-tudn', 'text': '1 - 2'}",{'type': 'link', 'href': 'https://www.ligafemenil.mx/cancha/estadio/1421/estadio-cancha-centenario-no-5-natural-instalaciones-club-america', 'text': 'Cancha Centenario No. 5 (Natural) Instalaciones Club América'}",{'type': 'link', 'href': 'https://www.ligafemenil.mx/cancha/galeria/MTE3MjMxLzEyLzcxLzEvMTQ=/america-vs-rayados-de-monterrey', 'text': ''}",{'type': 'link', 'href': 'https://www.ligafemenil.mx/cancha/playlist/117231/america-vs-rayados-de-monterrey', 'text': ''}"

2020-2021,Apertura,{'type': 'text', 'value': 'Lunes 19 de Octubre de 2020\nTemporada 2020-2021\nTorneo Apertura\nJornada 12\n19 Octubre 2020 - 17:00 hrs.'}",{'type': 'link', 'href': 'https://www.ligafemenil.mx/cancha/informeArbitral/117234/eyJpZERpdmlzaW9uIjoiMTQiLCJpZFRlbXBvcmFkYSI6IjcxIiwiaWRUb3JuZW8iOiIxIiwiaWRDbHVibG9jYWwiOjExMTg0LCJpZENsdWJ2aXNpdGEiOjEyMDUxfQ==/informe-arbitral-pachuca-vs-mazatlan-fc-jornada-12-estadio-hidalgo-fox-sports', 'text': '3 - 0'}",{'type': 'link', 'href': 'https://www.ligafemenil.mx/cancha/estadio/11/estadio-hidalgo', 'text': 'Hidalgo'}",{'type': 'link', 'href': 'https://www.ligafemenil.mx/cancha/galeria/MTE3MjM0LzEyLzcxLzEvMTQ=/pachuca-vs-mazatlan-fc', 'text': ''}",{'type': 'link', 'href': 'https://www.ligafemenil.mx/cancha/playlist/117234/pachuca-vs-mazatlan-fc', 'text': ''}"

2020-2021,Apertura,{'type': 'text', 'value': 'Lunes 19 de Octubre de 2020\nTemporada 2020-2021\nTorneo Apertura\nJornada 12\n19 Octubre 2020 - 17:00 hrs.'}",{'type': 'link', 'href': 'https://www.ligafemenil.mx/cancha/informeArbitral/117237/eyJpZERpdmlzaW9uIjoiMTQiLCJpZFRlbXBvcmFkYSI6IjcxIiwiaWRUb3JuZW8iOiIxIiwiaWRDbHVibG9jYWwiOjExMTgwLCJpZENsdWJ2aXNpdGEiOjExMTg4fQ==/informe-arbitral-tijuana-vs-pumas-jornada-12-estadio-caliente-fox-sports', 'text': '0 - 0'}",{'type': 'link', 'href': 'https://www.ligafemenil.mx/cancha/estadio/48/estadio-caliente', 'text': 'Caliente'}",{'type': 'link', 'href': 'https://www.ligafemenil.mx/cancha/galeria/MTE3MjM3LzEyLzcxLzEvMTQ=/tijuana-vs-pumas', 'text': ''}",{'type': 'link', 'href': 'https://www.ligafemenil.mx/cancha/playlist/117237/tijuana-vs-pumas', 'text': ''}"

2020-2021,Apertura,{'type': 'text', 'value': 'Jueves 29 de Octubre de 2020\nTemporada 2020-2021\nTorneo Apertura\nJornada 13\n29 Octubre 2020 - 15:45 hrs.'}",{'type': 'link', 'href': 'https://www.ligafemenil.mx/cancha/informeArbitral/117240/eyJpZERpdmlzaW9uIjoiMTQiLCJpZFRlbXBvcmFkYSI6IjcxIiwiaWRUb3JuZW8iOiIxIiwiaWRDbHVibG9jYWwiOjExMjQzLCJpZENsdWJ2aXNpdGEiOjEyMDQyfQ==/informe-arbitral-leon-vs-gallos-blancos-de-queretaro-jornada-13-estadio-instalaciones-casa-club-leon-f-c', 'text': '1 - 3'}",{'type': 'link', 'href': 'https://www.ligafemenil.mx/cancha/estadio/257/estadio-instalaciones-casa-club-leon-f-c', 'text': 'Instalaciones Casa Club León, F. C.'}",{'type': 'link', 'href': 'https://www.ligafemenil.mx/cancha/galeria/MTE3MjQwLzEzLzcxLzEvMTQ=/leon-vs-gallos-blancos-de-queretaro', 'text': ''}",{'type': 'link', 'href': 'https://www.ligafemenil.mx/cancha/playlist/117240/leon-vs-gallos-blancos-de-queretaro', 'text': ''}"

2020-2021,Apertura,{'type': 'text', 'value': 'Sábado 31 de Octubre de 2020\nTemporada 2020-2021\nTorneo Apertura\nJornada 13\n31 Octubre 2020 - 09:00 hrs.'}",{'type': 'link', 'href': 'https://www.ligafemenil.mx/cancha/informeArbitral/117244/eyJpZERpdmlzaW9uIjoiMTQiLCJpZFRlbXBvcmFkYSI6IjcxIiwiaWRUb3JuZW8iOiIxIiwiaWRDbHVibG9jYWwiOjEyMDUxLCJpZENsdWJ2aXNpdGEiOjExMTgxfQ==/informe-arbitral-mazatlan-fc-vs-cruz-azul-jornada-13-estadio-mazatlan-azteca-digital', 'text': '2 - 0'}",{'type': 'link', 'href': 'https://www.ligafemenil.mx/cancha/estadio/1697/estadio-mazatlan', 'text': 'Estadio Mazatlán'}",{'type': 'link', 'href': 'https://www.ligafemenil.mx/cancha/galeria/MTE3MjQ0LzEzLzcxLzEvMTQ=/mazatlan-fc-vs-cruz-azul', 'text': ''}",{'type': 'link', 'href': 'https://www.ligafemenil.mx/cancha/playlist/117244/mazatlan-fc-vs-cruz-azul', 'text': ''}"

2020-2021,Apertura,{'type': 'text', 'value': 'Sábado 31 de Octubre de 2020\nTemporada 2020-2021\nTorneo Apertura\nJornada 13\n31 Octubre 2020 - 12:00 hrs.'}",{'type': 'link', 'href': 'https://www.ligafemenil.mx/cancha/informeArbitral/117245/eyJpZERpdmlzaW9uIjoiMTQiLCJpZFRlbXBvcmFkYSI6IjcxIiwiaWRUb3JuZW8iOiIxIiwiaWRDbHVibG9jYWwiOjExMTg3LCJpZENsdWJ2aXNpdGEiOjExMjQ1fQ==/informe-arbitral-toluca-vs-atlas-jornada-13-estadio-instalaciones-metepec-cancha-2-tudn', 'text': '1 - 3'}",{'type': 'link', 'href': 'https://www.ligafemenil.mx/cancha/estadio/1547/estadio-instalaciones-metepec-cancha-2', 'text': 'Instalaciones Metepec Cancha 2'}",{'type': 'link', 'href': 'https://www.ligafemenil.mx/cancha/galeria/MTE3MjQ1LzEzLzcxLzEvMTQ=/toluca-vs-atlas', 'text': ''}",{'type': 'link', 'href': 'https://www.ligafemenil.mx/cancha/playlist/117245/toluca-vs-atlas', 'text': ''}"

2020-2021,Apertura,{'type': 'text', 'value': 'Domingo 1 de Noviembre de 2020\nTemporada 2020-2021\nTorneo Apertura\nJornada 13\n1 Noviembre 2020 - 12:00 hrs.'}",{'type': 'link', 'href': 'https://www.ligafemenil.mx/cancha/informeArbitral/117246/eyJpZERpdmlzaW9uIjoiMTQiLCJpZFRlbXBvcmFkYSI6IjcxIiwiaWRUb3JuZW8iOiIxIiwiaWRDbHVibG9jYWwiOjExNTQzLCJpZENsdWJ2aXNpdGEiOjExMTg2fQ==/informe-arbitral-puebla-fc-vs-tigres-de-la-uanl-jornada-13-estadio-cuauhtemoc-tvc-deportes', 'text': '0 - 3'}",{'type': 'link', 'href': 'https://www.ligafemenil.mx/cancha/estadio/9/estadio-cuauhtemoc', 'text': 'Cuauhtémoc'}",{'type': 'link', 'href': 'https://www.ligafemenil.mx/cancha/galeria/MTE3MjQ2LzEzLzcxLzEvMTQ=/puebla-fc-vs-tigres-de-la-uanl', 'text': ''}",{'type': 'link', 'href': 'https://www.ligafemenil.mx/cancha/playlist/117246/puebla-fc-vs-tigres-de-la-uanl', 'text': ''}"

2020-2021,Apertura,{'type': 'text', 'value': 'Domingo 1 de Noviembre de 2020\nTemporada 2020-2021\nTorneo Apertura\nJornada 13\n1 Noviembre 2020 - 16:00 hrs.'}",{'type': 'link', 'href': 'https://www.ligafemenil.mx/cancha/informeArbitral/117247/eyJpZERpdmlzaW9uIjoiMTQiLCJpZFRlbXBvcmFkYSI6IjcxIiwiaWRUb3JuZW8iOiIxIiwiaWRDbHVibG9jYWwiOjExMTg5LCJpZENsdWJ2aXNpdGEiOjExMTkyfQ==/informe-arbitral-necaxa-vs-santos-laguna-jornada-13-estadio-victoria-claro-sports', 'text': '2 - 4'}",{'type': 'link', 'href': 'https://www.ligafemenil.mx/cancha/estadio/15/estadio-victoria', 'text': 'Victoria'}",{'type': 'link', 'href': 'https://www.ligafemenil.mx/cancha/galeria/MTE3MjQ3LzEzLzcxLzEvMTQ=/necaxa-vs-santos-laguna', 'text': ''}",{'type': 'link', 'href': 'https://www.ligafemenil.mx/cancha/playlist/117247/necaxa-vs-santos-laguna', 'text': ''}"

2020-2021,Apertura,{'type': 'text', 'value': 'Lunes 2 de Noviembre de 2020\nTemporada 2020-2021\nTorneo Apertura\nJornada 13\n2 Noviembre 2020 - 17:00 hrs.'}",{'type': 'link', 'href': 'https://www.ligafemenil.mx/cancha/informeArbitral/117248/eyJpZERpdmlzaW9uIjoiMTQiLCJpZFRlbXBvcmFkYSI6IjcxIiwiaWRUb3JuZW8iOiIxIiwiaWRDbHVibG9jYWwiOjExMTgyLCJpZENsdWJ2aXNpdGEiOjExMTg0fQ==/informe-arbitral-guadalajara-vs-pachuca-jornada-13-estadio-akron-fox-sports--chivas-tv', 'text': '2 - 1'}",{'type': 'link', 'href': 'https://www.ligafemenil.mx/cancha/estadio/1538/estadio-akron', 'text': 'Estadio AKRON'}",{'type': 'link', 'href': 'https://www.ligafemenil.mx/cancha/galeria/MTE3MjQ4LzEzLzcxLzEvMTQ=/guadalajara-vs-pachuca', 'text': ''}",{'type': 'link', 'href': 'https://www.ligafemenil.mx/cancha/playlist/117248/guadalajara-vs-pachuca', 'text': ''}"

2020-2021,Apertura,{'type': 'text', 'value': 'Lunes 2 de Noviembre de 2020\nTemporada 2020-2021\nTorneo Apertura\nJornada 13\n2 Noviembre 2020 - 17:00 hrs.'}",{'type': 'link', 'href': 'https://www.ligafemenil.mx/cancha/informeArbitral/117249/eyJpZERpdmlzaW9uIjoiMTQiLCJpZFRlbXBvcmFkYSI6IjcxIiwiaWRUb3JuZW8iOiIxIiwiaWRDbHVibG9jYWwiOjExNzk1LCJpZENsdWJ2aXNpdGEiOjExMTkxfQ==/informe-arbitral-fc-juarez-vs-america-jornada-13-estadio-olimpico-benito-juarez-tudn', 'text': '0 - 1'}",{'type': 'link', 'href': 'https://www.ligafemenil.mx/cancha/estadio/17/estadio-olimpico-benito-juarez', 'text': 'Olímpico Benito Juárez'}",{'type': 'link', 'href': 'https://www.ligafemenil.mx/cancha/galeria/MTE3MjQ5LzEzLzcxLzEvMTQ=/fc-juarez-vs-america', 'text': ''}",{'type': 'link', 'href': 'https://www.ligafemenil.mx/cancha/playlist/117249/fc-juarez-vs-america', 'text': ''}"

2020-2021,Apertura,{'type': 'text', 'value': 'Lunes 2 de Noviembre de 2020\nTemporada 2020-2021\nTorneo Apertura\nJornada 13\n2 Noviembre 2020 - 19:00 hrs.'}",{'type': 'link', 'href': 'https://www.ligafemenil.mx/cancha/informeArbitral/117250/eyJpZERpdmlzaW9uIjoiMTQiLCJpZFRlbXBvcmFkYSI6IjcxIiwiaWRUb3JuZW8iOiIxIiwiaWRDbHVibG9jYWwiOjExMTg1LCJpZENsdWJ2aXNpdGEiOjExMTg4fQ==/informe-arbitral-rayados-de-monterrey-vs-pumas-jornada-13-estadio-bbva-fox-sports', 'text': '1 - 0'}",{'type': 'link', 'href': 'https://www.ligafemenil.mx/cancha/estadio/1608/estadio-bbva', 'text': 'Estadio BBVA'}",{'type': 'link', 'href': 'https://www.ligafemenil.mx/cancha/galeria/MTE3MjUwLzEzLzcxLzEvMTQ=/rayados-de-monterrey-vs-pumas', 'text': ''}",{'type': 'link', 'href': 'https://www.ligafemenil.mx/cancha/playlist/117250/rayados-de-monterrey-vs-pumas', 'text': ''}"

2020-2021,Apertura,{'type': 'text', 'value': 'Lunes 2 de Noviembre de 2020\nTemporada 2020-2021\nTorneo Apertura\nJornada 13\n2 Noviembre 2020 - 17:00 hrs.'}",{'type': 'link', 'href': 'https://www.ligafemenil.mx/cancha/informeArbitral/117251/eyJpZERpdmlzaW9uIjoiMTQiLCJpZFRlbXBvcmFkYSI6IjcxIiwiaWRUb3JuZW8iOiIxIiwiaWRDbHVibG9jYWwiOjExMTgwLCJpZENsdWJ2aXNpdGEiOjExNzc4fQ==/informe-arbitral-tijuana-vs-club-atletico-de-san-luis-jornada-13-estadio-caliente', 'text': '2 - 0'}",{'type': 'link', 'href': 'https://www.ligafemenil.mx/cancha/estadio/48/estadio-caliente', 'text': 'Caliente'}",{'type': 'link', 'href': 'https://www.ligafemenil.mx/cancha/galeria/MTE3MjUxLzEzLzcxLzEvMTQ=/tijuana-vs-club-atletico-de-san-luis', 'text': ''}",{'type': 'link', 'href': 'https://www.ligafemenil.mx/cancha/playlist/117251/tijuana-vs-club-atletico-de-san-luis', 'text': ''}"

2020-2021,Apertura,{'type': 'text', 'value': 'Miércoles 4 de Noviembre de 2020\nTemporada 2020-2021\nTorneo Apertura\nJornada 14\n4 Noviembre 2020 - 15:45 hrs.'}",{'type': 'link', 'href': 'https://www.ligafemenil.mx/cancha/informeArbitral/117232/eyJpZERpdmlzaW9uIjoiMTQiLCJpZFRlbXBvcmFkYSI6IjcxIiwiaWRUb3JuZW8iOiIxIiwiaWRDbHVibG9jYWwiOjExMTgxLCJpZENsdWJ2aXNpdGEiOjExNTQzfQ==/informe-arbitral-cruz-azul-vs-puebla-fc-jornada-14-estadio-10-de-diciembre-tudn', 'text': '0 - 1'}",{'type': 'link', 'href': 'https://www.ligafemenil.mx/cancha/estadio/30/estadio-10-de-diciembre', 'text': '10 de Diciembre'}",{'type': 'link', 'href': 'https://www.ligafemenil.mx/cancha/galeria/MTE3MjMyLzE0LzcxLzEvMTQ=/cruz-azul-vs-puebla-fc', 'text': ''}",{'type': 'link', 'href': 'https://www.ligafemenil.mx/cancha/playlist/117232/cruz-azul-vs-puebla-fc', 'text': ''}"

2020-2021,Apertura,{'type': 'text', 'value': 'Jueves 5 de Noviembre de 2020\nTemporada 2020-2021\nTorneo Apertura\nJornada 14\n5 Noviembre 2020 - 10:30 hrs.'}",{'type': 'link', 'href': 'https://www.ligafemenil.mx/cancha/informeArbitral/117236/eyJpZERpdmlzaW9uIjoiMTQiLCJpZFRlbXBvcmFkYSI6IjcxIiwiaWRUb3JuZW8iOiIxIiwiaWRDbHVibG9jYWwiOjExMTgyLCJpZENsdWJ2aXNpdGEiOjExMTgwfQ==/informe-arbitral-guadalajara-vs-tijuana-jornada-14-estadio-akron-chivas-tv', 'text': '3 - 0'}",{'type': 'link', 'href': 'https://www.ligafemenil.mx/cancha/estadio/1538/estadio-akron', 'text': 'Estadio AKRON'}",{'type': 'link', 'href': 'https://www.ligafemenil.mx/cancha/galeria/MTE3MjM2LzE0LzcxLzEvMTQ=/guadalajara-vs-tijuana', 'text': ''}",{'type': 'link', 'href': 'https://www.ligafemenil.mx/cancha/playlist/117236/guadalajara-vs-tijuana', 'text': ''}"

2020-2021,Apertura,{'type': 'text', 'value': 'Jueves 5 de Noviembre de 2020\nTemporada 2020-2021\nTorneo Apertura\nJornada 14\n5 Noviembre 2020 - 12:00 hrs.'}",{'type': 'link', 'href': 'https://www.ligafemenil.mx/cancha/informeArbitral/117238/eyJpZERpdmlzaW9uIjoiMTQiLCJpZFRlbXBvcmFkYSI6IjcxIiwiaWRUb3JuZW8iOiIxIiwiaWRDbHVibG9jYWwiOjExMTg4LCJpZENsdWJ2aXNpdGEiOjExMTg5fQ==/informe-arbitral-pumas-vs-necaxa-jornada-14-estadio-la-cantera-1-cancha-1-tudn', 'text': '4 - 0'}",{'type': 'link', 'href': 'https://www.ligafemenil.mx/cancha/estadio/1611/estadio-la-cantera-1-cancha-1', 'text': 'La Cantera 1 Cancha 1'}",{'type': 'link', 'href': 'https://www.ligafemenil.mx/cancha/galeria/MTE3MjM4LzE0LzcxLzEvMTQ=/pumas-vs-necaxa', 'text': ''}",{'type': 'link', 'href': 'https://www.ligafemenil.mx/cancha/playlist/117238/pumas-vs-necaxa', 'text': ''}"

2020-2021,Apertura,{'type': 'text', 'value': 'Jueves 5 de Noviembre de 2020\nTemporada 2020-2021\nTorneo Apertura\nJornada 14\n5 Noviembre 2020 - 15:45 hrs.'}",{'type': 'link', 'href': 'https://www.ligafemenil.mx/cancha/informeArbitral/117239/eyJpZERpdmlzaW9uIjoiMTQiLCJpZFRlbXBvcmFkYSI6IjcxIiwiaWRUb3JuZW8iOiIxIiwiaWRDbHVibG9jYWwiOjExMTg3LCJpZENsdWJ2aXNpdGEiOjExMTkxfQ==/informe-arbitral-toluca-vs-america-jornada-14-estadio-instalaciones-metepec-cancha-2-tudn', 'text': '1 - 2'}",{'type': 'link', 'href': 'https://www.ligafemenil.mx/cancha/estadio/1547/estadio-instalaciones-metepec-cancha-2', 'text': 'Instalaciones Metepec Cancha 2'}",{'type': 'link', 'href': 'https://www.ligafemenil.mx/cancha/galeria/MTE3MjM5LzE0LzcxLzEvMTQ=/toluca-vs-america', 'text': ''}",{'type': 'link', 'href': 'https://www.ligafemenil.mx/cancha/playlist/117239/toluca-vs-america', 'text': ''}"

2020-2021,Apertura,{'type': 'text', 'value': 'Jueves 5 de Noviembre de 2020\nTemporada 2020-2021\nTorneo Apertura\nJornada 14\n5 Noviembre 2020 - 17:00 hrs.'}",{'type': 'link', 'href': 'https://www.ligafemenil.mx/cancha/informeArbitral/117241/eyJpZERpdmlzaW9uIjoiMTQiLCJpZFRlbXBvcmFkYSI6IjcxIiwiaWRUb3JuZW8iOiIxIiwiaWRDbHVibG9jYWwiOjEyMDQyLCJpZENsdWJ2aXNpdGEiOjExMTg1fQ==/informe-arbitral-gallos-blancos-de-queretaro-vs-rayados-de-monterrey-jornada-14-estadio-la-corregidora-tvc-deportes', 'text': '1 - 1'}",{'type': 'link', 'href': 'https://www.ligafemenil.mx/cancha/estadio/25/estadio-la-corregidora', 'text': 'La Corregidora'}",{'type': 'link', 'href': 'https://www.ligafemenil.mx/cancha/galeria/MTE3MjQxLzE0LzcxLzEvMTQ=/gallos-blancos-de-queretaro-vs-rayados-de-monterrey', 'text': ''}",{'type': 'link', 'href': 'https://www.ligafemenil.mx/cancha/playlist/117241/gallos-blancos-de-queretaro-vs-rayados-de-monterrey', 'text': ''}"

2020-2021,Apertura,{'type': 'text', 'value': 'Jueves 5 de Noviembre de 2020\nTemporada 2020-2021\nTorneo Apertura\nJornada 14\n5 Noviembre 2020 - 19:00 hrs.'}",{'type': 'link', 'href': 'https://www.ligafemenil.mx/cancha/informeArbitral/117242/eyJpZERpdmlzaW9uIjoiMTQiLCJpZFRlbXBvcmFkYSI6IjcxIiwiaWRUb3JuZW8iOiIxIiwiaWRDbHVibG9jYWwiOjExMTg0LCJpZENsdWJ2aXNpdGEiOjExNzk1fQ==/informe-arbitral-pachuca-vs-fc-juarez-jornada-14-estadio-hidalgo-fox-sports', 'text': '2 - 2'}",{'type': 'link', 'href': 'https://www.ligafemenil.mx/cancha/estadio/11/estadio-hidalgo', 'text': 'Hidalgo'}",{'type': 'link', 'href': 'https://www.ligafemenil.mx/cancha/galeria/MTE3MjQyLzE0LzcxLzEvMTQ=/pachuca-vs-fc-juarez', 'text': ''}",{'type': 'link', 'href': 'https://www.ligafemenil.mx/cancha/playlist/117242/pachuca-vs-fc-juarez', 'text': ''}"

2020-2021,Apertura,{'type': 'text', 'value': 'Jueves 5 de Noviembre de 2020\nTemporada 2020-2021\nTorneo Apertura\nJornada 14\n5 Noviembre 2020 - 19:00 hrs.'}",{'type': 'link', 'href': 'https://www.ligafemenil.mx/cancha/informeArbitral/117235/eyJpZERpdmlzaW9uIjoiMTQiLCJpZFRlbXBvcmFkYSI6IjcxIiwiaWRUb3JuZW8iOiIxIiwiaWRDbHVibG9jYWwiOjExMTg2LCJpZENsdWJ2aXNpdGEiOjExMjQ1fQ==/informe-arbitral-tigres-de-la-uanl-vs-atlas-jornada-14-estadio-universitario-tudn', 'text': '3 - 0'}",{'type': 'link', 'href': 'https://www.ligafemenil.mx/cancha/estadio/12/estadio-universitario', 'text': 'Universitario'}",{'type': 'link', 'href': 'https://www.ligafemenil.mx/cancha/galeria/MTE3MjM1LzE0LzcxLzEvMTQ=/tigres-de-la-uanl-vs-atlas', 'text': ''}",{'type': 'link', 'href': 'https://www.ligafemenil.mx/cancha/playlist/117235/tigres-de-la-uanl-vs-atlas', 'text': ''}"

2020-2021,Apertura,{'type': 'text', 'value': 'Jueves 5 de Noviembre de 2020\nTemporada 2020-2021\nTorneo Apertura\nJornada 14\n5 Noviembre 2020 - 20:00 hrs.'}",{'type': 'link', 'href': 'https://www.ligafemenil.mx/cancha/informeArbitral/117243/eyJpZERpdmlzaW9uIjoiMTQiLCJpZFRlbXBvcmFkYSI6IjcxIiwiaWRUb3JuZW8iOiIxIiwiaWRDbHVibG9jYWwiOjExNzc4LCJpZENsdWJ2aXNpdGEiOjExMjQzfQ==/informe-arbitral-club-atletico-de-san-luis-vs-leon-jornada-14-estadio-alfonso-lastras-ramirez', 'text': '2 - 1'}",{'type': 'link', 'href': 'https://www.ligafemenil.mx/cancha/estadio/14/estadio-alfonso-lastras-ramirez', 'text': 'Alfonso Lastras Ramírez'}",{'type': 'link', 'href': 'https://www.ligafemenil.mx/cancha/galeria/MTE3MjQzLzE0LzcxLzEvMTQ=/club-atletico-de-san-luis-vs-leon', 'text': ''}",{'type': 'link', 'href': 'https://www.ligafemenil.mx/cancha/playlist/117243/club-atletico-de-san-luis-vs-leon', 'text': ''}"

2020-2021,Apertura,{'type': 'text', 'value': 'Jueves 5 de Noviembre de 2020\nTemporada 2020-2021\nTorneo Apertura\nJornada 14\n5 Noviembre 2020 - 21:00 hrs.'}",{'type': 'link', 'href': 'https://www.ligafemenil.mx/cancha/informeArbitral/117233/eyJpZERpdmlzaW9uIjoiMTQiLCJpZFRlbXBvcmFkYSI6IjcxIiwiaWRUb3JuZW8iOiIxIiwiaWRDbHVibG9jYWwiOjExMTkyLCJpZENsdWJ2aXNpdGEiOjEyMDUxfQ==/informe-arbitral-santos-laguna-vs-mazatlan-fc-jornada-14-estadio-tsm-corona-fox-sports', 'text': '1 - 1'}",{'type': 'link', 'href': 'https://www.ligafemenil.mx/cancha/estadio/63/estadio-tsm-corona', 'text': 'TSM Corona'}",{'type': 'link', 'href': 'https://www.ligafemenil.mx/cancha/galeria/MTE3MjMzLzE0LzcxLzEvMTQ=/santos-laguna-vs-mazatlan-fc', 'text': ''}",{'type': 'link', 'href': 'https://www.ligafemenil.mx/cancha/playlist/117233/santos-laguna-vs-mazatlan-fc', 'text': ''}"

2020-2021,Apertura,{'type': 'text', 'value': 'Domingo 8 de Noviembre de 2020\nTemporada 2020-2021\nTorneo Apertura\nJornada 15\n8 Noviembre 2020 - 12:00 hrs.'}",{'type': 'link', 'href': 'https://www.ligafemenil.mx/cancha/informeArbitral/117218/eyJpZERpdmlzaW9uIjoiMTQiLCJpZFRlbXBvcmFkYSI6IjcxIiwiaWRUb3JuZW8iOiIxIiwiaWRDbHVibG9jYWwiOjExNTQzLCJpZENsdWJ2aXNpdGEiOjExMTgyfQ==/informe-arbitral-puebla-fc-vs-guadalajara-jornada-15-estadio-cuauhtemoc-tvc-deportes', 'text': '0 - 5'}",{'type': 'link', 'href': 'https://www.ligafemenil.mx/cancha/estadio/9/estadio-cuauhtemoc', 'text': 'Cuauhtémoc'}",{'type': 'link', 'href': 'https://www.ligafemenil.mx/cancha/galeria/MTE3MjE4LzE1LzcxLzEvMTQ=/puebla-fc-vs-guadalajara', 'text': ''}",{'type': 'link', 'href': 'https://www.ligafemenil.mx/cancha/playlist/117218/puebla-fc-vs-guadalajara', 'text': ''}"

2020-2021,Apertura,{'type': 'text', 'value': 'Domingo 8 de Noviembre de 2020\nTemporada 2020-2021\nTorneo Apertura\nJornada 15\n8 Noviembre 2020 - 17:00 hrs.'}",{'type': 'link', 'href': 'https://www.ligafemenil.mx/cancha/informeArbitral/117222/eyJpZERpdmlzaW9uIjoiMTQiLCJpZFRlbXBvcmFkYSI6IjcxIiwiaWRUb3JuZW8iOiIxIiwiaWRDbHVibG9jYWwiOjExMTg5LCJpZENsdWJ2aXNpdGEiOjExMTg3fQ==/informe-arbitral-necaxa-vs-toluca-jornada-15-estadio-victoria-claro-sports', 'text': '2 - 1'}",{'type': 'link', 'href': 'https://www.ligafemenil.mx/cancha/estadio/15/estadio-victoria', 'text': 'Victoria'}",{'type': 'link', 'href': 'https://www.ligafemenil.mx/cancha/galeria/MTE3MjIyLzE1LzcxLzEvMTQ=/necaxa-vs-toluca', 'text': ''}",{'type': 'link', 'href': 'https://www.ligafemenil.mx/cancha/playlist/117222/necaxa-vs-toluca', 'text': ''}"

2020-2021,Apertura,{'type': 'text', 'value': 'Lunes 9 de Noviembre de 2020\nTemporada 2020-2021\nTorneo Apertura\nJornada 15\n9 Noviembre 2020 - 10:00 hrs.'}",{'type': 'link', 'href': 'https://www.ligafemenil.mx/cancha/informeArbitral/117216/eyJpZERpdmlzaW9uIjoiMTQiLCJpZFRlbXBvcmFkYSI6IjcxIiwiaWRUb3JuZW8iOiIxIiwiaWRDbHVibG9jYWwiOjExMjQ1LCJpZENsdWJ2aXNpdGEiOjExMTg4fQ==/informe-arbitral-atlas-vs-pumas-jornada-15-estadio-colomos-alfredo-pistache-torres-tvc-deportes', 'text': '2 - 1'}",{'type': 'link', 'href': 'https://www.ligafemenil.mx/cancha/estadio/53/estadio-colomos-alfredo-pistache-torres', 'text': 'Colomos Alfredo Pistache Torres'}",{'type': 'link', 'href': 'https://www.ligafemenil.mx/cancha/galeria/MTE3MjE2LzE1LzcxLzEvMTQ=/atlas-vs-pumas', 'text': ''}",{'type': 'link', 'href': 'https://www.ligafemenil.mx/cancha/playlist/117216/atlas-vs-pumas', 'text': ''}"

2020-2021,Apertura,{'type': 'text', 'value': 'Lunes 9 de Noviembre de 2020\nTemporada 2020-2021\nTorneo Apertura\nJornada 15\n9 Noviembre 2020 - 15:45 hrs.'}",{'type': 'link', 'href': 'https://www.ligafemenil.mx/cancha/informeArbitral/117219/eyJpZERpdmlzaW9uIjoiMTQiLCJpZFRlbXBvcmFkYSI6IjcxIiwiaWRUb3JuZW8iOiIxIiwiaWRDbHVibG9jYWwiOjExMTkxLCJpZENsdWJ2aXNpdGEiOjEyMDQyfQ==/informe-arbitral-america-vs-gallos-blancos-de-queretaro-jornada-15-estadio-cancha-centenario-no-5-natural-instalaciones-club-america-tudn', 'text': '0 - 0'}",{'type': 'link', 'href': 'https://www.ligafemenil.mx/cancha/estadio/1421/estadio-cancha-centenario-no-5-natural-instalaciones-club-america', 'text': 'Cancha Centenario No. 5 (Natural) Instalaciones Club América'}",{'type': 'link', 'href': 'https://www.ligafemenil.mx/cancha/galeria/MTE3MjE5LzE1LzcxLzEvMTQ=/america-vs-gallos-blancos-de-queretaro', 'text': ''}",{'type': 'link', 'href': 'https://www.ligafemenil.mx/cancha/playlist/117219/america-vs-gallos-blancos-de-queretaro', 'text': ''}"

2020-2021,Apertura,{'type': 'text', 'value': 'Lunes 9 de Noviembre de 2020\nTemporada 2020-2021\nTorneo Apertura\nJornada 15\n9 Noviembre 2020 - 17:00 hrs.'}",{'type': 'link', 'href': 'https://www.ligafemenil.mx/cancha/informeArbitral/117226/eyJpZERpdmlzaW9uIjoiMTQiLCJpZFRlbXBvcmFkYSI6IjcxIiwiaWRUb3JuZW8iOiIxIiwiaWRDbHVibG9jYWwiOjExNzk1LCJpZENsdWJ2aXNpdGEiOjExMTg2fQ==/informe-arbitral-fc-juarez-vs-tigres-de-la-uanl-jornada-15-estadio-olimpico-benito-juarez-tudn', 'text': '0 - 4'}",{'type': 'link', 'href': 'https://www.ligafemenil.mx/cancha/estadio/17/estadio-olimpico-benito-juarez', 'text': 'Olímpico Benito Juárez'}",{'type': 'link', 'href': 'https://www.ligafemenil.mx/cancha/galeria/MTE3MjI2LzE1LzcxLzEvMTQ=/fc-juarez-vs-tigres-de-la-uanl', 'text': ''}",{'type': 'link', 'href': 'https://www.ligafemenil.mx/cancha/playlist/117226/fc-juarez-vs-tigres-de-la-uanl', 'text': ''}"

2020-2021,Apertura,{'type': 'text', 'value': 'Lunes 9 de Noviembre de 2020\nTemporada 2020-2021\nTorneo Apertura\nJornada 15\n9 Noviembre 2020 - 19:00 hrs.'}",{'type': 'link', 'href': 'https://www.ligafemenil.mx/cancha/informeArbitral/117227/eyJpZERpdmlzaW9uIjoiMTQiLCJpZFRlbXBvcmFkYSI6IjcxIiwiaWRUb3JuZW8iOiIxIiwiaWRDbHVibG9jYWwiOjExMTkyLCJpZENsdWJ2aXNpdGEiOjExNzc4fQ==/informe-arbitral-santos-laguna-vs-club-atletico-de-san-luis-jornada-15-estadio-tsm-corona', 'text': '2 - 1'}",{'type': 'link', 'href': 'https://www.ligafemenil.mx/cancha/estadio/63/estadio-tsm-corona', 'text': 'TSM Corona'}",{'type': 'link', 'href': 'https://www.ligafemenil.mx/cancha/galeria/MTE3MjI3LzE1LzcxLzEvMTQ=/santos-laguna-vs-club-atletico-de-san-luis', 'text': ''}",{'type': 'link', 'href': 'https://www.ligafemenil.mx/cancha/playlist/117227/santos-laguna-vs-club-atletico-de-san-luis', 'text': ''}"

2020-2021,Apertura,{'type': 'text', 'value': 'Lunes 9 de Noviembre de 2020\nTemporada 2020-2021\nTorneo Apertura\nJornada 15\n9 Noviembre 2020 - 19:00 hrs.'}",{'type': 'link', 'href': 'https://www.ligafemenil.mx/cancha/informeArbitral/117229/eyJpZERpdmlzaW9uIjoiMTQiLCJpZFRlbXBvcmFkYSI6IjcxIiwiaWRUb3JuZW8iOiIxIiwiaWRDbHVibG9jYWwiOjExMTg1LCJpZENsdWJ2aXNpdGEiOjExMTg0fQ==/informe-arbitral-rayados-de-monterrey-vs-pachuca-jornada-15-estadio-bbva-fox-sports', 'text': '2 - 2'}",{'type': 'link', 'href': 'https://www.ligafemenil.mx/cancha/estadio/1608/estadio-bbva', 'text': 'Estadio BBVA'}",{'type': 'link', 'href': 'https://www.ligafemenil.mx/cancha/galeria/MTE3MjI5LzE1LzcxLzEvMTQ=/rayados-de-monterrey-vs-pachuca', 'text': ''}",{'type': 'link', 'href': 'https://www.ligafemenil.mx/cancha/playlist/117229/rayados-de-monterrey-vs-pachuca', 'text': ''}"

2020-2021,Apertura,{'type': 'text', 'value': 'Lunes 9 de Noviembre de 2020\nTemporada 2020-2021\nTorneo Apertura\nJornada 15\n9 Noviembre 2020 - 19:00 hrs.'}",{'type': 'link', 'href': 'https://www.ligafemenil.mx/cancha/informeArbitral/117230/eyJpZERpdmlzaW9uIjoiMTQiLCJpZFRlbXBvcmFkYSI6IjcxIiwiaWRUb3JuZW8iOiIxIiwiaWRDbHVibG9jYWwiOjEyMDUxLCJpZENsdWJ2aXNpdGEiOjExMTgwfQ==/informe-arbitral-mazatlan-fc-vs-tijuana-jornada-15-estadio-mazatlan-azteca-digital', 'text': '1 - 0'}",{'type': 'link', 'href': 'https://www.ligafemenil.mx/cancha/estadio/1697/estadio-mazatlan', 'text': 'Estadio Mazatlán'}",{'type': 'link', 'href': 'https://www.ligafemenil.mx/cancha/galeria/MTE3MjMwLzE1LzcxLzEvMTQ=/mazatlan-fc-vs-tijuana', 'text': ''}",{'type': 'link', 'href': 'https://www.ligafemenil.mx/cancha/playlist/117230/mazatlan-fc-vs-tijuana', 'text': ''}"

2020-2021,Apertura,{'type': 'text', 'value': 'Lunes 9 de Noviembre de 2020\nTemporada 2020-2021\nTorneo Apertura\nJornada 15\n9 Noviembre 2020 - 21:00 hrs.'}",{'type': 'link', 'href': 'https://www.ligafemenil.mx/cancha/informeArbitral/117224/eyJpZERpdmlzaW9uIjoiMTQiLCJpZFRlbXBvcmFkYSI6IjcxIiwiaWRUb3JuZW8iOiIxIiwiaWRDbHVibG9jYWwiOjExMjQzLCJpZENsdWJ2aXNpdGEiOjExMTgxfQ==/informe-arbitral-leon-vs-cruz-azul-jornada-15-estadio-nou-camp-fox-sports', 'text': '1 - 1'}",{'type': 'link', 'href': 'https://www.ligafemenil.mx/cancha/estadio/23/estadio-nou-camp', 'text': 'Nou Camp'}",{'type': 'link', 'href': 'https://www.ligafemenil.mx/cancha/galeria/MTE3MjI0LzE1LzcxLzEvMTQ=/leon-vs-cruz-azul', 'text': ''}",{'type': 'link', 'href': 'https://www.ligafemenil.mx/cancha/playlist/117224/leon-vs-cruz-azul', 'text': ''}"

2020-2021,Apertura,{'type': 'text', 'value': 'Viernes 13 de Noviembre de 2020\nTemporada 2020-2021\nTorneo Apertura\nJornada 16\n13 Noviembre 2020 - 17:00 hrs.'}",{'type': 'link', 'href': 'https://www.ligafemenil.mx/cancha/informeArbitral/117202/eyJpZERpdmlzaW9uIjoiMTQiLCJpZFRlbXBvcmFkYSI6IjcxIiwiaWRUb3JuZW8iOiIxIiwiaWRDbHVibG9jYWwiOjEyMDQyLCJpZENsdWJ2aXNpdGEiOjExNTQzfQ==/informe-arbitral-gallos-blancos-de-queretaro-vs-puebla-fc-jornada-16-estadio-la-corregidora-tvc-deportes', 'text': '1 - 1'}",{'type': 'link', 'href': 'https://www.ligafemenil.mx/cancha/estadio/25/estadio-la-corregidora', 'text': 'La Corregidora'}",{'type': 'link', 'href': 'https://www.ligafemenil.mx/cancha/galeria/MTE3MjAyLzE2LzcxLzEvMTQ=/gallos-blancos-de-queretaro-vs-puebla-fc', 'text': ''}",{'type': 'link', 'href': 'https://www.ligafemenil.mx/cancha/playlist/117202/gallos-blancos-de-queretaro-vs-puebla-fc', 'text': ''}"

2020-2021,Apertura,{'type': 'text', 'value': 'Sábado 14 de Noviembre de 2020\nTemporada 2020-2021\nTorneo Apertura\nJornada 16\n14 Noviembre 2020 - 09:00 hrs.'}",{'type': 'link', 'href': 'https://www.ligafemenil.mx/cancha/informeArbitral/117205/eyJpZERpdmlzaW9uIjoiMTQiLCJpZFRlbXBvcmFkYSI6IjcxIiwiaWRUb3JuZW8iOiIxIiwiaWRDbHVibG9jYWwiOjExMTgxLCJpZENsdWJ2aXNpdGEiOjExMTkyfQ==/informe-arbitral-cruz-azul-vs-santos-laguna-jornada-16-estadio-10-de-diciembre-tudn', 'text': '0 - 0'}",{'type': 'link', 'href': 'https://www.ligafemenil.mx/cancha/estadio/30/estadio-10-de-diciembre', 'text': '10 de Diciembre'}",{'type': 'link', 'href': 'https://www.ligafemenil.mx/cancha/galeria/MTE3MjA1LzE2LzcxLzEvMTQ=/cruz-azul-vs-santos-laguna', 'text': ''}",{'type': 'link', 'href': 'https://www.ligafemenil.mx/cancha/playlist/117205/cruz-azul-vs-santos-laguna', 'text': ''}"

2020-2021,Apertura,{'type': 'text', 'value': 'Sábado 14 de Noviembre de 2020\nTemporada 2020-2021\nTorneo Apertura\nJornada 16\n14 Noviembre 2020 - 11:00 hrs.'}",{'type': 'link', 'href': 'https://www.ligafemenil.mx/cancha/informeArbitral/117203/eyJpZERpdmlzaW9uIjoiMTQiLCJpZFRlbXBvcmFkYSI6IjcxIiwiaWRUb3JuZW8iOiIxIiwiaWRDbHVibG9jYWwiOjExMTg4LCJpZENsdWJ2aXNpdGEiOjEyMDUxfQ==/informe-arbitral-pumas-vs-mazatlan-fc-jornada-16-estadio-la-cantera-1-cancha-1-tudn', 'text': '1 - 0'}",{'type': 'link', 'href': 'https://www.ligafemenil.mx/cancha/estadio/1611/estadio-la-cantera-1-cancha-1', 'text': 'La Cantera 1 Cancha 1'}",{'type': 'link', 'href': 'https://www.ligafemenil.mx/cancha/galeria/MTE3MjAzLzE2LzcxLzEvMTQ=/pumas-vs-mazatlan-fc', 'text': ''}",{'type': 'link', 'href': 'https://www.ligafemenil.mx/cancha/playlist/117203/pumas-vs-mazatlan-fc', 'text': ''}"

2020-2021,Apertura,{'type': 'text', 'value': 'Sábado 14 de Noviembre de 2020\nTemporada 2020-2021\nTorneo Apertura\nJornada 16\n14 Noviembre 2020 - 19:00 hrs.'}",{'type': 'link', 'href': 'https://www.ligafemenil.mx/cancha/informeArbitral/117206/eyJpZERpdmlzaW9uIjoiMTQiLCJpZFRlbXBvcmFkYSI6IjcxIiwiaWRUb3JuZW8iOiIxIiwiaWRDbHVibG9jYWwiOjExMTg2LCJpZENsdWJ2aXNpdGEiOjExMTg1fQ==/informe-arbitral-tigres-de-la-uanl-vs-rayados-de-monterrey-jornada-16-estadio-universitario-tudn', 'text': '1 - 2'}",{'type': 'link', 'href': 'https://www.ligafemenil.mx/cancha/estadio/12/estadio-universitario', 'text': 'Universitario'}",{'type': 'link', 'href': 'https://www.ligafemenil.mx/cancha/galeria/MTE3MjA2LzE2LzcxLzEvMTQ=/tigres-de-la-uanl-vs-rayados-de-monterrey', 'text': ''}",{'type': 'link', 'href': 'https://www.ligafemenil.mx/cancha/playlist/117206/tigres-de-la-uanl-vs-rayados-de-monterrey', 'text': ''}"

2020-2021,Apertura,{'type': 'text', 'value': 'Domingo 15 de Noviembre de 2020\nTemporada 2020-2021\nTorneo Apertura\nJornada 16\n15 Noviembre 2020 - 12:00 hrs.'}",{'type': 'link', 'href': 'https://www.ligafemenil.mx/cancha/informeArbitral/117207/eyJpZERpdmlzaW9uIjoiMTQiLCJpZFRlbXBvcmFkYSI6IjcxIiwiaWRUb3JuZW8iOiIxIiwiaWRDbHVibG9jYWwiOjExMTg3LCJpZENsdWJ2aXNpdGEiOjExMjQzfQ==/informe-arbitral-toluca-vs-leon-jornada-16-estadio-instalaciones-metepec-cancha-2-tudn', 'text': '1 - 3'}",{'type': 'link', 'href': 'https://www.ligafemenil.mx/cancha/estadio/1547/estadio-instalaciones-metepec-cancha-2', 'text': 'Instalaciones Metepec Cancha 2'}",{'type': 'link', 'href': 'https://www.ligafemenil.mx/cancha/galeria/MTE3MjA3LzE2LzcxLzEvMTQ=/toluca-vs-leon', 'text': ''}",{'type': 'link', 'href': 'https://www.ligafemenil.mx/cancha/playlist/117207/toluca-vs-leon', 'text': ''}"

2020-2021,Apertura,{'type': 'text', 'value': 'Domingo 15 de Noviembre de 2020\nTemporada 2020-2021\nTorneo Apertura\nJornada 16\n15 Noviembre 2020 - 17:00 hrs.'}",{'type': 'link', 'href': 'https://www.ligafemenil.mx/cancha/informeArbitral/117208/eyJpZERpdmlzaW9uIjoiMTQiLCJpZFRlbXBvcmFkYSI6IjcxIiwiaWRUb3JuZW8iOiIxIiwiaWRDbHVibG9jYWwiOjExNzc4LCJpZENsdWJ2aXNpdGEiOjExMTg5fQ==/informe-arbitral-club-atletico-de-san-luis-vs-necaxa-jornada-16-estadio-alfonso-lastras-ramirez', 'text': '2 - 0'}",{'type': 'link', 'href': 'https://www.ligafemenil.mx/cancha/estadio/14/estadio-alfonso-lastras-ramirez', 'text': 'Alfonso Lastras Ramírez'}",{'type': 'link', 'href': 'https://www.ligafemenil.mx/cancha/galeria/MTE3MjA4LzE2LzcxLzEvMTQ=/club-atletico-de-san-luis-vs-necaxa', 'text': ''}",{'type': 'link', 'href': 'https://www.ligafemenil.mx/cancha/playlist/117208/club-atletico-de-san-luis-vs-necaxa', 'text': ''}"

2020-2021,Apertura,{'type': 'text', 'value': 'Lunes 16 de Noviembre de 2020\nTemporada 2020-2021\nTorneo Apertura\nJornada 16\n16 Noviembre 2020 - 17:00 hrs.'}",{'type': 'link', 'href': 'https://www.ligafemenil.mx/cancha/informeArbitral/117210/eyJpZERpdmlzaW9uIjoiMTQiLCJpZFRlbXBvcmFkYSI6IjcxIiwiaWRUb3JuZW8iOiIxIiwiaWRDbHVibG9jYWwiOjExMTg0LCJpZENsdWJ2aXNpdGEiOjExMjQ1fQ==/informe-arbitral-pachuca-vs-atlas-jornada-16-estadio-hidalgo', 'text': '1 - 3'}",{'type': 'link', 'href': 'https://www.ligafemenil.mx/cancha/estadio/11/estadio-hidalgo', 'text': 'Hidalgo'}",{'type': 'link', 'href': 'https://www.ligafemenil.mx/cancha/galeria/MTE3MjEwLzE2LzcxLzEvMTQ=/pachuca-vs-atlas', 'text': ''}",{'type': 'link', 'href': 'https://www.ligafemenil.mx/cancha/playlist/117210/pachuca-vs-atlas', 'text': ''}"

2020-2021,Apertura,{'type': 'text', 'value': 'Lunes 16 de Noviembre de 2020\nTemporada 2020-2021\nTorneo Apertura\nJornada 16\n16 Noviembre 2020 - 19:00 hrs.'}",{'type': 'link', 'href': 'https://www.ligafemenil.mx/cancha/informeArbitral/117212/eyJpZERpdmlzaW9uIjoiMTQiLCJpZFRlbXBvcmFkYSI6IjcxIiwiaWRUb3JuZW8iOiIxIiwiaWRDbHVibG9jYWwiOjExMTgyLCJpZENsdWJ2aXNpdGEiOjExMTkxfQ==/informe-arbitral-guadalajara-vs-america-jornada-16-estadio-akron-fox-sports--chivas-tv', 'text': '1 - 2'}",{'type': 'link', 'href': 'https://www.ligafemenil.mx/cancha/estadio/1538/estadio-akron', 'text': 'Estadio AKRON'}",{'type': 'link', 'href': 'https://www.ligafemenil.mx/cancha/galeria/MTE3MjEyLzE2LzcxLzEvMTQ=/guadalajara-vs-america', 'text': ''}",{'type': 'link', 'href': 'https://www.ligafemenil.mx/cancha/playlist/117212/guadalajara-vs-america', 'text': ''}"

2020-2021,Apertura,{'type': 'text', 'value': 'Lunes 16 de Noviembre de 2020\nTemporada 2020-2021\nTorneo Apertura\nJornada 16\n16 Noviembre 2020 - 19:00 hrs.'}",{'type': 'link', 'href': 'https://www.ligafemenil.mx/cancha/informeArbitral/117214/eyJpZERpdmlzaW9uIjoiMTQiLCJpZFRlbXBvcmFkYSI6IjcxIiwiaWRUb3JuZW8iOiIxIiwiaWRDbHVibG9jYWwiOjExMTgwLCJpZENsdWJ2aXNpdGEiOjExNzk1fQ==/informe-arbitral-tijuana-vs-fc-juarez-jornada-16-estadio-caliente-fox-sports', 'text': '4 - 1'}",{'type': 'link', 'href': 'https://www.ligafemenil.mx/cancha/estadio/48/estadio-caliente', 'text': 'Caliente'}",{'type': 'link', 'href': 'https://www.ligafemenil.mx/cancha/galeria/MTE3MjE0LzE2LzcxLzEvMTQ=/tijuana-vs-fc-juarez', 'text': ''}",{'type': 'link', 'href': 'https://www.ligafemenil.mx/cancha/playlist/117214/tijuana-vs-fc-juarez', 'text': ''}"

2020-2021,Apertura,{'type': 'text', 'value': 'Jueves 19 de Noviembre de 2020\nTemporada 2020-2021\nTorneo Apertura\nJornada 17\n19 Noviembre 2020 - 10:00 hrs.'}",{'type': 'link', 'href': 'https://www.ligafemenil.mx/cancha/informeArbitral/117187/eyJpZERpdmlzaW9uIjoiMTQiLCJpZFRlbXBvcmFkYSI6IjcxIiwiaWRUb3JuZW8iOiIxIiwiaWRDbHVibG9jYWwiOjExMjQ1LCJpZENsdWJ2aXNpdGEiOjExMTg1fQ==/informe-arbitral-atlas-vs-rayados-de-monterrey-jornada-17-estadio-colomos-tvc-deportes', 'text': '3 - 1'}",{'type': 'link', 'href': 'https://www.ligafemenil.mx/cancha/estadio/109/estadio-colomos', 'text': 'Colomos'}",{'type': 'link', 'href': 'https://www.ligafemenil.mx/cancha/galeria/MTE3MTg3LzE3LzcxLzEvMTQ=/atlas-vs-rayados-de-monterrey', 'text': ''}",{'type': 'link', 'href': 'https://www.ligafemenil.mx/cancha/playlist/117187/atlas-vs-rayados-de-monterrey', 'text': ''}"

2020-2021,Apertura,{'type': 'text', 'value': 'Jueves 19 de Noviembre de 2020\nTemporada 2020-2021\nTorneo Apertura\nJornada 17\n19 Noviembre 2020 - 12:00 hrs.'}",{'type': 'link', 'href': 'https://www.ligafemenil.mx/cancha/informeArbitral/117189/eyJpZERpdmlzaW9uIjoiMTQiLCJpZFRlbXBvcmFkYSI6IjcxIiwiaWRUb3JuZW8iOiIxIiwiaWRDbHVibG9jYWwiOjExNTQzLCJpZENsdWJ2aXNpdGEiOjExNzk1fQ==/informe-arbitral-puebla-fc-vs-fc-juarez-jornada-17-estadio-cuauhtemoc-tvc-deportes', 'text': '3 - 0'}",{'type': 'link', 'href': 'https://www.ligafemenil.mx/cancha/estadio/9/estadio-cuauhtemoc', 'text': 'Cuauhtémoc'}",{'type': 'link', 'href': 'https://www.ligafemenil.mx/cancha/galeria/MTE3MTg5LzE3LzcxLzEvMTQ=/puebla-fc-vs-fc-juarez', 'text': ''}",{'type': 'link', 'href': 'https://www.ligafemenil.mx/cancha/playlist/117189/puebla-fc-vs-fc-juarez', 'text': ''}"

2020-2021,Apertura,{'type': 'text', 'value': 'Jueves 19 de Noviembre de 2020\nTemporada 2020-2021\nTorneo Apertura\nJornada 17\n19 Noviembre 2020 - 17:00 hrs.'}",{'type': 'link', 'href': 'https://www.ligafemenil.mx/cancha/informeArbitral/117190/eyJpZERpdmlzaW9uIjoiMTQiLCJpZFRlbXBvcmFkYSI6IjcxIiwiaWRUb3JuZW8iOiIxIiwiaWRDbHVibG9jYWwiOjExMTg5LCJpZENsdWJ2aXNpdGEiOjExMTgwfQ==/informe-arbitral-necaxa-vs-tijuana-jornada-17-estadio-victoria-claro-sports', 'text': '1 - 2'}",{'type': 'link', 'href': 'https://www.ligafemenil.mx/cancha/estadio/15/estadio-victoria', 'text': 'Victoria'}",{'type': 'link', 'href': 'https://www.ligafemenil.mx/cancha/galeria/MTE3MTkwLzE3LzcxLzEvMTQ=/necaxa-vs-tijuana', 'text': ''}",{'type': 'link', 'href': 'https://www.ligafemenil.mx/cancha/playlist/117190/necaxa-vs-tijuana', 'text': ''}"

2020-2021,Apertura,{'type': 'text', 'value': 'Jueves 19 de Noviembre de 2020\nTemporada 2020-2021\nTorneo Apertura\nJornada 17\n19 Noviembre 2020 - 17:00 hrs.'}",{'type': 'link', 'href': 'https://www.ligafemenil.mx/cancha/informeArbitral/117192/eyJpZERpdmlzaW9uIjoiMTQiLCJpZFRlbXBvcmFkYSI6IjcxIiwiaWRUb3JuZW8iOiIxIiwiaWRDbHVibG9jYWwiOjExMjQzLCJpZENsdWJ2aXNpdGEiOjExMTg4fQ==/informe-arbitral-leon-vs-pumas-jornada-17-estadio-nou-camp-fox-sports', 'text': '3 - 2'}",{'type': 'link', 'href': 'https://www.ligafemenil.mx/cancha/estadio/23/estadio-nou-camp', 'text': 'Nou Camp'}",{'type': 'link', 'href': 'https://www.ligafemenil.mx/cancha/galeria/MTE3MTkyLzE3LzcxLzEvMTQ=/leon-vs-pumas', 'text': ''}",{'type': 'link', 'href': 'https://www.ligafemenil.mx/cancha/playlist/117192/leon-vs-pumas', 'text': ''}"

2020-2021,Apertura,{'type': 'text', 'value': 'Jueves 19 de Noviembre de 2020\nTemporada 2020-2021\nTorneo Apertura\nJornada 17\n19 Noviembre 2020 - 19:00 hrs.'}",{'type': 'link', 'href': 'https://www.ligafemenil.mx/cancha/informeArbitral/117193/eyJpZERpdmlzaW9uIjoiMTQiLCJpZFRlbXBvcmFkYSI6IjcxIiwiaWRUb3JuZW8iOiIxIiwiaWRDbHVibG9jYWwiOjExMTkyLCJpZENsdWJ2aXNpdGEiOjExMTg3fQ==/informe-arbitral-santos-laguna-vs-toluca-jornada-17-estadio-tsm-corona-fox-sports', 'text': '2 - 0'}",{'type': 'link', 'href': 'https://www.ligafemenil.mx/cancha/estadio/63/estadio-tsm-corona', 'text': 'TSM Corona'}",{'type': 'link', 'href': 'https://www.ligafemenil.mx/cancha/galeria/MTE3MTkzLzE3LzcxLzEvMTQ=/santos-laguna-vs-toluca', 'text': ''}",{'type': 'link', 'href': 'https://www.ligafemenil.mx/cancha/playlist/117193/santos-laguna-vs-toluca', 'text': ''}"

2020-2021,Apertura,{'type': 'text', 'value': 'Viernes 20 de Noviembre de 2020\nTemporada 2020-2021\nTorneo Apertura\nJornada 17\n20 Noviembre 2020 - 09:00 hrs.'}",{'type': 'link', 'href': 'https://www.ligafemenil.mx/cancha/informeArbitral/117194/eyJpZERpdmlzaW9uIjoiMTQiLCJpZFRlbXBvcmFkYSI6IjcxIiwiaWRUb3JuZW8iOiIxIiwiaWRDbHVibG9jYWwiOjEyMDUxLCJpZENsdWJ2aXNpdGEiOjExNzc4fQ==/informe-arbitral-mazatlan-fc-vs-club-atletico-de-san-luis-jornada-17-estadio-deportivo-benito-juarez-azteca-digital', 'text': '1 - 1'}",{'type': 'link', 'href': 'https://www.ligafemenil.mx/cancha/estadio/1698/estadio-deportivo-benito-juarez', 'text': 'Deportivo Benito Juárez'}",{'type': 'link', 'href': 'https://www.ligafemenil.mx/cancha/galeria/MTE3MTk0LzE3LzcxLzEvMTQ=/mazatlan-fc-vs-club-atletico-de-san-luis', 'text': ''}",{'type': 'link', 'href': 'https://www.ligafemenil.mx/cancha/playlist/117194/mazatlan-fc-vs-club-atletico-de-san-luis', 'text': ''}"

2020-2021,Apertura,{'type': 'text', 'value': 'Viernes 20 de Noviembre de 2020\nTemporada 2020-2021\nTorneo Apertura\nJornada 17\n20 Noviembre 2020 - 12:00 hrs.'}",{'type': 'link', 'href': 'https://www.ligafemenil.mx/cancha/informeArbitral/117196/eyJpZERpdmlzaW9uIjoiMTQiLCJpZFRlbXBvcmFkYSI6IjcxIiwiaWRUb3JuZW8iOiIxIiwiaWRDbHVibG9jYWwiOjExMTkxLCJpZENsdWJ2aXNpdGEiOjExMTg0fQ==/informe-arbitral-america-vs-pachuca-jornada-17-estadio-cancha-centenario-no-5-natural-instalaciones-club-america-tudn', 'text': '3 - 0'}",{'type': 'link', 'href': 'https://www.ligafemenil.mx/cancha/estadio/1421/estadio-cancha-centenario-no-5-natural-instalaciones-club-america', 'text': 'Cancha Centenario No. 5 (Natural) Instalaciones Club América'}",{'type': 'link', 'href': 'https://www.ligafemenil.mx/cancha/galeria/MTE3MTk2LzE3LzcxLzEvMTQ=/america-vs-pachuca', 'text': ''}",{'type': 'link', 'href': 'https://www.ligafemenil.mx/cancha/playlist/117196/america-vs-pachuca', 'text': ''}"

2020-2021,Apertura,{'type': 'text', 'value': 'Viernes 20 de Noviembre de 2020\nTemporada 2020-2021\nTorneo Apertura\nJornada 17\n20 Noviembre 2020 - 16:00 hrs.'}",{'type': 'link', 'href': 'https://www.ligafemenil.mx/cancha/informeArbitral/117198/eyJpZERpdmlzaW9uIjoiMTQiLCJpZFRlbXBvcmFkYSI6IjcxIiwiaWRUb3JuZW8iOiIxIiwiaWRDbHVibG9jYWwiOjEyMDQyLCJpZENsdWJ2aXNpdGEiOjExMTgxfQ==/informe-arbitral-gallos-blancos-de-queretaro-vs-cruz-azul-jornada-17-estadio-la-corregidora-tvc-deportes', 'text': '1 - 2'}",{'type': 'link', 'href': 'https://www.ligafemenil.mx/cancha/estadio/25/estadio-la-corregidora', 'text': 'La Corregidora'}",{'type': 'link', 'href': 'https://www.ligafemenil.mx/cancha/galeria/MTE3MTk4LzE3LzcxLzEvMTQ=/gallos-blancos-de-queretaro-vs-cruz-azul', 'text': ''}",{'type': 'link', 'href': 'https://www.ligafemenil.mx/cancha/playlist/117198/gallos-blancos-de-queretaro-vs-cruz-azul', 'text': ''}"

2020-2021,Apertura,{'type': 'text', 'value': 'Viernes 20 de Noviembre de 2020\nTemporada 2020-2021\nTorneo Apertura\nJornada 17\n20 Noviembre 2020 - 18:00 hrs.'}",{'type': 'link', 'href': 'https://www.ligafemenil.mx/cancha/informeArbitral/117199/eyJpZERpdmlzaW9uIjoiMTQiLCJpZFRlbXBvcmFkYSI6IjcxIiwiaWRUb3JuZW8iOiIxIiwiaWRDbHVibG9jYWwiOjExMTg2LCJpZENsdWJ2aXNpdGEiOjExMTgyfQ==/informe-arbitral-tigres-de-la-uanl-vs-guadalajara-jornada-17-estadio-universitario-tudn', 'text': '4 - 1'}",{'type': 'link', 'href': 'https://www.ligafemenil.mx/cancha/estadio/12/estadio-universitario', 'text': 'Universitario'}",{'type': 'link', 'href': 'https://www.ligafemenil.mx/cancha/galeria/MTE3MTk5LzE3LzcxLzEvMTQ=/tigres-de-la-uanl-vs-guadalajara', 'text': ''}",{'type': 'link', 'href': 'https://www.ligafemenil.mx/cancha/playlist/117199/tigres-de-la-uanl-vs-guadalajara', 'text': ''}"

2020-2021,Apertura,{'type': 'text', 'value': 'Viernes 27 de Noviembre de 2020\nTemporada 2020-2021\nTorneo Apertura\nCuartos Ida\n27 Noviembre 2020 - 12:00 hrs.'}",{'type': 'link', 'href': 'https://www.ligafemenil.mx/cancha/informeArbitral/119185/eyJpZERpdmlzaW9uIjoiMTQiLCJpZFRlbXBvcmFkYSI6IjcxIiwiaWRUb3JuZW8iOiIxIiwiaWRDbHVibG9jYWwiOjExMTkxLCJpZENsdWJ2aXNpdGEiOjExMTgyfQ==/informe-arbitral-america-vs-guadalajara-cuartos-ida-estadio-cancha-centenario-no-5-natural-instalaciones-club-america-tudn', 'text': '1 - 0'}",{'type': 'link', 'href': 'https://www.ligafemenil.mx/cancha/estadio/1421/estadio-cancha-centenario-no-5-natural-instalaciones-club-america', 'text': 'Cancha Centenario No. 5 (Natural) Instalaciones Club América'}",{'type': 'link', 'href': 'https://www.ligafemenil.mx/cancha/galeria/MTE5MTg1LzE4LzcxLzEvMTQ=/america-vs-guadalajara', 'text': ''}",{'type': 'link', 'href': 'https://www.ligafemenil.mx/cancha/playlist/119185/america-vs-guadalajara', 'text': ''}"

2020-2021,Apertura,{'type': 'text', 'value': 'Viernes 27 de Noviembre de 2020\nTemporada 2020-2021\nTorneo Apertura\nCuartos Ida\n27 Noviembre 2020 - 15:45 hrs.'}",{'type': 'link', 'href': 'https://www.ligafemenil.mx/cancha/informeArbitral/119186/eyJpZERpdmlzaW9uIjoiMTQiLCJpZFRlbXBvcmFkYSI6IjcxIiwiaWRUb3JuZW8iOiIxIiwiaWRDbHVibG9jYWwiOjExMTg4LCJpZENsdWJ2aXNpdGEiOjExMTg1fQ==/informe-arbitral-pumas-vs-rayados-de-monterrey-cuartos-ida-estadio-la-cantera-1-cancha-1-tudn', 'text': '1 - 1'}",{'type': 'link', 'href': 'https://www.ligafemenil.mx/cancha/estadio/1611/estadio-la-cantera-1-cancha-1', 'text': 'La Cantera 1 Cancha 1'}",{'type': 'link', 'href': 'https://www.ligafemenil.mx/cancha/galeria/MTE5MTg2LzE4LzcxLzEvMTQ=/pumas-vs-rayados-de-monterrey', 'text': ''}",{'type': 'link', 'href': 'https://www.ligafemenil.mx/cancha/playlist/119186/pumas-vs-rayados-de-monterrey', 'text': ''}"

2020-2021,Apertura,{'type': 'text', 'value': 'Viernes 27 de Noviembre de 2020\nTemporada 2020-2021\nTorneo Apertura\nCuartos Ida\n27 Noviembre 2020 - 19:00 hrs.'}",{'type': 'link', 'href': 'https://www.ligafemenil.mx/cancha/informeArbitral/119187/eyJpZERpdmlzaW9uIjoiMTQiLCJpZFRlbXBvcmFkYSI6IjcxIiwiaWRUb3JuZW8iOiIxIiwiaWRDbHVibG9jYWwiOjEyMDQyLCJpZENsdWJ2aXNpdGEiOjExMjQ1fQ==/informe-arbitral-gallos-blancos-de-queretaro-vs-atlas-cuartos-ida-estadio-la-corregidora-tvc-deportes', 'text': '1 - 2'}",{'type': 'link', 'href': 'https://www.ligafemenil.mx/cancha/estadio/25/estadio-la-corregidora', 'text': 'La Corregidora'}",{'type': 'link', 'href': 'https://www.ligafemenil.mx/cancha/galeria/MTE5MTg3LzE4LzcxLzEvMTQ=/gallos-blancos-de-queretaro-vs-atlas', 'text': ''}",{'type': 'link', 'href': 'https://www.ligafemenil.mx/cancha/playlist/119187/gallos-blancos-de-queretaro-vs-atlas', 'text': ''}"

2020-2021,Apertura,{'type': 'text', 'value': 'Viernes 27 de Noviembre de 2020\nTemporada 2020-2021\nTorneo Apertura\nCuartos Ida\n27 Noviembre 2020 - 21:00 hrs.'}",{'type': 'link', 'href': 'https://www.ligafemenil.mx/cancha/informeArbitral/119188/eyJpZERpdmlzaW9uIjoiMTQiLCJpZFRlbXBvcmFkYSI6IjcxIiwiaWRUb3JuZW8iOiIxIiwiaWRDbHVibG9jYWwiOjExMTg0LCJpZENsdWJ2aXNpdGEiOjExMTg2fQ==/informe-arbitral-pachuca-vs-tigres-de-la-uanl-cuartos-ida-estadio-hidalgo-fox-sports--claro-sports', 'text': '1 - 2'}",{'type': 'link', 'href': 'https://www.ligafemenil.mx/cancha/estadio/11/estadio-hidalgo', 'text': 'Hidalgo'}",{'type': 'link', 'href': 'https://www.ligafemenil.mx/cancha/galeria/MTE5MTg4LzE4LzcxLzEvMTQ=/pachuca-vs-tigres-de-la-uanl', 'text': ''}",{'type': 'link', 'href': 'https://www.ligafemenil.mx/cancha/playlist/119188/pachuca-vs-tigres-de-la-uanl', 'text': ''}"

2020-2021,Apertura,{'type': 'text', 'value': 'Lunes 30 de Noviembre de 2020\nTemporada 2020-2021\nTorneo Apertura\nCuartos Vuelta\n30 Noviembre 2020 - 10:00 hrs.'}",{'type': 'link', 'href': 'https://www.ligafemenil.mx/cancha/informeArbitral/119189/eyJpZERpdmlzaW9uIjoiMTQiLCJpZFRlbXBvcmFkYSI6IjcxIiwiaWRUb3JuZW8iOiIxIiwiaWRDbHVibG9jYWwiOjExMjQ1LCJpZENsdWJ2aXNpdGEiOjEyMDQyfQ==/informe-arbitral-atlas-vs-gallos-blancos-de-queretaro-cuartos-vuelta-estadio-colomos-tvc-deportes', 'text': '2 - 3'}",{'type': 'link', 'href': 'https://www.ligafemenil.mx/cancha/estadio/109/estadio-colomos', 'text': 'Colomos'}",{'type': 'link', 'href': 'https://www.ligafemenil.mx/cancha/galeria/MTE5MTg5LzE5LzcxLzEvMTQ=/atlas-vs-gallos-blancos-de-queretaro', 'text': ''}",{'type': 'link', 'href': 'https://www.ligafemenil.mx/cancha/playlist/119189/atlas-vs-gallos-blancos-de-queretaro', 'text': ''}"

2020-2021,Apertura,{'type': 'text', 'value': 'Lunes 30 de Noviembre de 2020\nTemporada 2020-2021\nTorneo Apertura\nCuartos Vuelta\n30 Noviembre 2020 - 17:00 hrs.'}",{'type': 'link', 'href': 'https://www.ligafemenil.mx/cancha/informeArbitral/119190/eyJpZERpdmlzaW9uIjoiMTQiLCJpZFRlbXBvcmFkYSI6IjcxIiwiaWRUb3JuZW8iOiIxIiwiaWRDbHVibG9jYWwiOjExMTgyLCJpZENsdWJ2aXNpdGEiOjExMTkxfQ==/informe-arbitral-guadalajara-vs-america-cuartos-vuelta-estadio-akron-chivas-tv--fox', 'text': '2 - 2'}",{'type': 'link', 'href': 'https://www.ligafemenil.mx/cancha/estadio/1538/estadio-akron', 'text': 'Estadio AKRON'}",{'type': 'link', 'href': 'https://www.ligafemenil.mx/cancha/galeria/MTE5MTkwLzE5LzcxLzEvMTQ=/guadalajara-vs-america', 'text': ''}",{'type': 'link', 'href': 'https://www.ligafemenil.mx/cancha/playlist/119190/guadalajara-vs-america', 'text': ''}"

2020-2021,Apertura,{'type': 'text', 'value': 'Lunes 30 de Noviembre de 2020\nTemporada 2020-2021\nTorneo Apertura\nCuartos Vuelta\n30 Noviembre 2020 - 19:00 hrs.'}",{'type': 'link', 'href': 'https://www.ligafemenil.mx/cancha/informeArbitral/119191/eyJpZERpdmlzaW9uIjoiMTQiLCJpZFRlbXBvcmFkYSI6IjcxIiwiaWRUb3JuZW8iOiIxIiwiaWRDbHVibG9jYWwiOjExMTg2LCJpZENsdWJ2aXNpdGEiOjExMTg0fQ==/informe-arbitral-tigres-de-la-uanl-vs-pachuca-cuartos-vuelta-estadio-universitario-tudn', 'text': '4 - 1'}",{'type': 'link', 'href': 'https://www.ligafemenil.mx/cancha/estadio/12/estadio-universitario', 'text': 'Universitario'}",{'type': 'link', 'href': 'https://www.ligafemenil.mx/cancha/galeria/MTE5MTkxLzE5LzcxLzEvMTQ=/tigres-de-la-uanl-vs-pachuca', 'text': ''}",{'type': 'link', 'href': 'https://www.ligafemenil.mx/cancha/playlist/119191/tigres-de-la-uanl-vs-pachuca', 'text': ''}"

2020-2021,Apertura,{'type': 'text', 'value': 'Lunes 30 de Noviembre de 2020\nTemporada 2020-2021\nTorneo Apertura\nCuartos Vuelta\n30 Noviembre 2020 - 21:00 hrs.'}",{'type': 'link', 'href': 'https://www.ligafemenil.mx/cancha/informeArbitral/119192/eyJpZERpdmlzaW9uIjoiMTQiLCJpZFRlbXBvcmFkYSI6IjcxIiwiaWRUb3JuZW8iOiIxIiwiaWRDbHVibG9jYWwiOjExMTg1LCJpZENsdWJ2aXNpdGEiOjExMTg4fQ==/informe-arbitral-rayados-de-monterrey-vs-pumas-cuartos-vuelta-estadio-bbva-fox-sports', 'text': '4 - 0'}",{'type': 'link', 'href': 'https://www.ligafemenil.mx/cancha/estadio/1608/estadio-bbva', 'text': 'Estadio BBVA'}",{'type': 'link', 'href': 'https://www.ligafemenil.mx/cancha/galeria/MTE5MTkyLzE5LzcxLzEvMTQ=/rayados-de-monterrey-vs-pumas', 'text': ''}",{'type': 'link', 'href': 'https://www.ligafemenil.mx/cancha/playlist/119192/rayados-de-monterrey-vs-pumas', 'text': ''}"

2020-2021,Apertura,{'type': 'text', 'value': 'Viernes 4 de Diciembre de 2020\nTemporada 2020-2021\nTorneo Apertura\nSemifinal Ida\n4 Diciembre 2020 - 17:00 hrs.'}",{'type': 'link', 'href': 'https://www.ligafemenil.mx/cancha/informeArbitral/119211/eyJpZERpdmlzaW9uIjoiMTQiLCJpZFRlbXBvcmFkYSI6IjcxIiwiaWRUb3JuZW8iOiIxIiwiaWRDbHVibG9jYWwiOjExMTkxLCJpZENsdWJ2aXNpdGEiOjExMTg1fQ==/informe-arbitral-america-vs-rayados-de-monterrey-semifinal-ida-estadio-azteca-tudn', 'text': '1 - 4'}",{'type': 'link', 'href': 'https://www.ligafemenil.mx/cancha/estadio/1/estadio-azteca', 'text': 'Azteca'}",{'type': 'link', 'href': 'https://www.ligafemenil.mx/cancha/galeria/MTE5MjExLzIwLzcxLzEvMTQ=/america-vs-rayados-de-monterrey', 'text': ''}",{'type': 'link', 'href': 'https://www.ligafemenil.mx/cancha/playlist/119211/america-vs-rayados-de-monterrey', 'text': ''}"

2020-2021,Apertura,{'type': 'text', 'value': 'Viernes 4 de Diciembre de 2020\nTemporada 2020-2021\nTorneo Apertura\nSemifinal Ida\n4 Diciembre 2020 - 19:00 hrs.'}",{'type': 'link', 'href': 'https://www.ligafemenil.mx/cancha/informeArbitral/119210/eyJpZERpdmlzaW9uIjoiMTQiLCJpZFRlbXBvcmFkYSI6IjcxIiwiaWRUb3JuZW8iOiIxIiwiaWRDbHVibG9jYWwiOjEyMDQyLCJpZENsdWJ2aXNpdGEiOjExMTg2fQ==/informe-arbitral-gallos-blancos-de-queretaro-vs-tigres-de-la-uanl-semifinal-ida-estadio-la-corregidora-tvc-deportes', 'text': '0 - 2'}",{'type': 'link', 'href': 'https://www.ligafemenil.mx/cancha/estadio/25/estadio-la-corregidora', 'text': 'La Corregidora'}",{'type': 'link', 'href': 'https://www.ligafemenil.mx/cancha/galeria/MTE5MjEwLzIwLzcxLzEvMTQ=/gallos-blancos-de-queretaro-vs-tigres-de-la-uanl', 'text': ''}",{'type': 'link', 'href': 'https://www.ligafemenil.mx/cancha/playlist/119210/gallos-blancos-de-queretaro-vs-tigres-de-la-uanl', 'text': ''}"

2020-2021,Apertura,{'type': 'text', 'value': 'Lunes 7 de Diciembre de 2020\nTemporada 2020-2021\nTorneo Apertura\nSemifinal Vuelta\n7 Diciembre 2020 - 19:00 hrs.'}",{'type': 'link', 'href': 'https://www.ligafemenil.mx/cancha/informeArbitral/119212/eyJpZERpdmlzaW9uIjoiMTQiLCJpZFRlbXBvcmFkYSI6IjcxIiwiaWRUb3JuZW8iOiIxIiwiaWRDbHVibG9jYWwiOjExMTg2LCJpZENsdWJ2aXNpdGEiOjEyMDQyfQ==/informe-arbitral-tigres-de-la-uanl-vs-gallos-blancos-de-queretaro-semifinal-vuelta-estadio-universitario-tudn', 'text': '2 - 0'}",{'type': 'link', 'href': 'https://www.ligafemenil.mx/cancha/estadio/12/estadio-universitario', 'text': 'Universitario'}",{'type': 'link', 'href': 'https://www.ligafemenil.mx/cancha/galeria/MTE5MjEyLzIxLzcxLzEvMTQ=/tigres-de-la-uanl-vs-gallos-blancos-de-queretaro', 'text': ''}",{'type': 'link', 'href': 'https://www.ligafemenil.mx/cancha/playlist/119212/tigres-de-la-uanl-vs-gallos-blancos-de-queretaro', 'text': ''}"

2020-2021,Apertura,{'type': 'text', 'value': 'Lunes 7 de Diciembre de 2020\nTemporada 2020-2021\nTorneo Apertura\nSemifinal Vuelta\n7 Diciembre 2020 - 21:00 hrs.'}",{'type': 'link', 'href': 'https://www.ligafemenil.mx/cancha/informeArbitral/119213/eyJpZERpdmlzaW9uIjoiMTQiLCJpZFRlbXBvcmFkYSI6IjcxIiwiaWRUb3JuZW8iOiIxIiwiaWRDbHVibG9jYWwiOjExMTg1LCJpZENsdWJ2aXNpdGEiOjExMTkxfQ==/informe-arbitral-rayados-de-monterrey-vs-america-semifinal-vuelta-estadio-bbva-fox-sports', 'text': '3 - 2'}",{'type': 'link', 'href': 'https://www.ligafemenil.mx/cancha/estadio/1608/estadio-bbva', 'text': 'Estadio BBVA'}",{'type': 'link', 'href': 'https://www.ligafemenil.mx/cancha/galeria/MTE5MjEzLzIxLzcxLzEvMTQ=/rayados-de-monterrey-vs-america', 'text': ''}",{'type': 'link', 'href': 'https://www.ligafemenil.mx/cancha/playlist/119213/rayados-de-monterrey-vs-america', 'text': ''}"

2020-2021,Apertura,{'type': 'text', 'value': 'Viernes 11 de Diciembre de 2020\nTemporada 2020-2021\nTorneo Apertura\nFinal Ida\n11 Diciembre 2020 - 21:00 hrs.'}",{'type': 'link', 'href': 'https://www.ligafemenil.mx/cancha/informeArbitral/119222/eyJpZERpdmlzaW9uIjoiMTQiLCJpZFRlbXBvcmFkYSI6IjcxIiwiaWRUb3JuZW8iOiIxIiwiaWRDbHVibG9jYWwiOjExMTg1LCJpZENsdWJ2aXNpdGEiOjExMTg2fQ==/informe-arbitral-rayados-de-monterrey-vs-tigres-de-la-uanl-final-ida-estadio-bbva-fox-sports', 'text': '0 - 1'}",{'type': 'link', 'href': 'https://www.ligafemenil.mx/cancha/estadio/1608/estadio-bbva', 'text': 'Estadio BBVA'}",{'type': 'link', 'href': 'https://www.ligafemenil.mx/cancha/galeria/MTE5MjIyLzIyLzcxLzEvMTQ=/rayados-de-monterrey-vs-tigres-de-la-uanl', 'text': ''}",{'type': 'link', 'href': 'https://www.ligafemenil.mx/cancha/playlist/119222/rayados-de-monterrey-vs-tigres-de-la-uanl', 'text': ''}"

2020-2021,Apertura,{'type': 'text', 'value': 'Lunes 14 de Diciembre de 2020\nTemporada 2020-2021\nTorneo Apertura\nFinal Vuelta\n14 Diciembre 2020 - 19:00 hrs.'}",{'type': 'link', 'href': 'https://www.ligafemenil.mx/cancha/informeArbitral/119223/eyJpZERpdmlzaW9uIjoiMTQiLCJpZFRlbXBvcmFkYSI6IjcxIiwiaWRUb3JuZW8iOiIxIiwiaWRDbHVibG9jYWwiOjExMTg2LCJpZENsdWJ2aXNpdGEiOjExMTg1fQ==/informe-arbitral-tigres-de-la-uanl-vs-rayados-de-monterrey-final-vuelta-estadio-universitario-tudn', 'text': '0 - 1'}",{'type': 'link', 'href': 'https://www.ligafemenil.mx/cancha/estadio/12/estadio-universitario', 'text': 'Universitario'}",{'type': 'link', 'href': 'https://www.ligafemenil.mx/cancha/galeria/MTE5MjIzLzIzLzcxLzEvMTQ=/tigres-de-la-uanl-vs-rayados-de-monterrey', 'text': ''}",{'type': 'link', 'href': 'https://www.ligafemenil.mx/cancha/playlist/119223/tigres-de-la-uanl-vs-rayados-de-monterrey', 'text': ''}"

