2023-2024,Apertura,  Viernes 14 de Julio de 2023-nTemporada 2023-2024-nTorneo Apertura-nJornada 1-n14 Julio 2023 - 1700 hrs.,  https--www.ligafemenil.mx-cancha-informeArbitral-133973-eyJpZERpdmlzaW9uIjoiMTQiLCJpZFRlbXBvcmFkYSI6Ijc0IiwiaWRUb3JuZW8iOiIxIiwiaWRDbHVibG9jYWwiOjExMTg3LCJpZENsdWJ2aXNpdGEiOjExMTg1fQ==-informe-arbitral-toluca-vs-rayados-de-monterrey-jornada-1-estadio-nemesio-diez-vix,  1 - 1,  https--www.ligafemenil.mx-cancha-estadio-6-estadio-nemesio-diez,  Nemesio Diez,  https--www.ligafemenil.mx-cancha-galeria-MTMzOTczLzEvNzQvMS8xNA==-toluca-vs-rayados-de-monterrey,  ,  https--www.ligafemenil.mx-cancha-playlist-133973-toluca-vs-rayados-de-monterrey,  
2023-2024,Apertura,  Viernes 14 de Julio de 2023-nTemporada 2023-2024-nTorneo Apertura-nJornada 1-n14 Julio 2023 - 1706 hrs.,  https--www.ligafemenil.mx-cancha-informeArbitral-133969-eyJpZERpdmlzaW9uIjoiMTQiLCJpZFRlbXBvcmFkYSI6Ijc0IiwiaWRUb3JuZW8iOiIxIiwiaWRDbHVibG9jYWwiOjExMjQzLCJpZENsdWJ2aXNpdGEiOjExMTg5fQ==-informe-arbitral-leon-vs-necaxa-jornada-1-estadio-nou-camp-fox-sports,  2 - 0,  https--www.ligafemenil.mx-cancha-estadio-23-estadio-nou-camp,  Nou Camp,  https--www.ligafemenil.mx-cancha-galeria-MTMzOTY5LzEvNzQvMS8xNA==-leon-vs-necaxa,  ,  https--www.ligafemenil.mx-cancha-playlist-133969-leon-vs-necaxa,  
2023-2024,Apertura,  Viernes 14 de Julio de 2023-nTemporada 2023-2024-nTorneo Apertura-nJornada 1-n14 Julio 2023 - 2110 hrs.,  https--www.ligafemenil.mx-cancha-informeArbitral-133975-eyJpZERpdmlzaW9uIjoiMTQiLCJpZFRlbXBvcmFkYSI6Ijc0IiwiaWRUb3JuZW8iOiIxIiwiaWRDbHVibG9jYWwiOjExMTkyLCJpZENsdWJ2aXNpdGEiOjExMTg0fQ==-informe-arbitral-santos-laguna-vs-pachuca-jornada-1-estadio-tsm-corona-fox-sports,  1 - 3,  https--www.ligafemenil.mx-cancha-estadio-63-estadio-tsm-corona,  TSM Corona,  https--www.ligafemenil.mx-cancha-galeria-MTMzOTc1LzEvNzQvMS8xNA==-santos-laguna-vs-pachuca,  ,  https--www.ligafemenil.mx-cancha-playlist-133975-santos-laguna-vs-pachuca,  
2023-2024,Apertura,  Sábado 15 de Julio de 2023-nTemporada 2023-2024-nTorneo Apertura-nJornada 1-n15 Julio 2023 - 1200 hrs.,  https--www.ligafemenil.mx-cancha-informeArbitral-133970-eyJpZERpdmlzaW9uIjoiMTQiLCJpZFRlbXBvcmFkYSI6Ijc0IiwiaWRUb3JuZW8iOiIxIiwiaWRDbHVibG9jYWwiOjExMTg4LCJpZENsdWJ2aXNpdGEiOjExMTkxfQ==-informe-arbitral-pumas-vs-america-jornada-1-estadio-olimpico-universitario-vix,  2 - 5,  https--www.ligafemenil.mx-cancha-estadio-7-estadio-olimpico-universitario,  Olímpico Universitario,  https--www.ligafemenil.mx-cancha-galeria-MTMzOTcwLzEvNzQvMS8xNA==-pumas-vs-america,  ,  https--www.ligafemenil.mx-cancha-playlist-133970-pumas-vs-america,  
2023-2024,Apertura,  Domingo 16 de Julio de 2023-nTemporada 2023-2024-nTorneo Apertura-nJornada 1-n16 Julio 2023 - 1806 hrs.,  https--www.ligafemenil.mx-cancha-informeArbitral-133971-eyJpZERpdmlzaW9uIjoiMTQiLCJpZFRlbXBvcmFkYSI6Ijc0IiwiaWRUb3JuZW8iOiIxIiwiaWRDbHVibG9jYWwiOjEyMDUxLCJpZENsdWJ2aXNpdGEiOjExMTgxfQ==-informe-arbitral-mazatlan-fc-vs-cruz-azul-jornada-1-estadio-mazatlan-fox-premium,  2 - 3,  https--www.ligafemenil.mx-cancha-estadio-1697-estadio-mazatlan,  Estadio Mazatlán,  https--www.ligafemenil.mx-cancha-galeria-MTMzOTcxLzEvNzQvMS8xNA==-mazatlan-fc-vs-cruz-azul,  ,  https--www.ligafemenil.mx-cancha-playlist-133971-mazatlan-fc-vs-cruz-azul,  
2023-2024,Apertura,  Domingo 16 de Julio de 2023-nTemporada 2023-2024-nTorneo Apertura-nJornada 1-n16 Julio 2023 - 2010 hrs.,  https--www.ligafemenil.mx-cancha-informeArbitral-133972-eyJpZERpdmlzaW9uIjoiMTQiLCJpZFRlbXBvcmFkYSI6Ijc0IiwiaWRUb3JuZW8iOiIxIiwiaWRDbHVibG9jYWwiOjExMTgwLCJpZENsdWJ2aXNpdGEiOjExMTgyfQ==-informe-arbitral-tijuana-vs-guadalajara-jornada-1-estadio-caliente-fox-sports--fox-premium,  1 - 1,  https--www.ligafemenil.mx-cancha-estadio-48-estadio-caliente,  Caliente,  https--www.ligafemenil.mx-cancha-galeria-MTMzOTcyLzEvNzQvMS8xNA==-tijuana-vs-guadalajara,  ,  https--www.ligafemenil.mx-cancha-playlist-133972-tijuana-vs-guadalajara,  
2023-2024,Apertura,  Lunes 17 de Julio de 2023-nTemporada 2023-2024-nTorneo Apertura-nJornada 1-n17 Julio 2023 - 1900 hrs.,  https--www.ligafemenil.mx-cancha-informeArbitral-133974-eyJpZERpdmlzaW9uIjoiMTQiLCJpZFRlbXBvcmFkYSI6Ijc0IiwiaWRUb3JuZW8iOiIxIiwiaWRDbHVibG9jYWwiOjExMTg2LCJpZENsdWJ2aXNpdGEiOjExNTQzfQ==-informe-arbitral-tigres-de-la-uanl-vs-puebla-fc-jornada-1-estadio-universitario-vix,  4 - 0,  https--www.ligafemenil.mx-cancha-estadio-12-estadio-universitario,  Universitario,  https--www.ligafemenil.mx-cancha-galeria-MTMzOTc0LzEvNzQvMS8xNA==-tigres-de-la-uanl-vs-puebla-fc,  ,  https--www.ligafemenil.mx-cancha-playlist-133974-tigres-de-la-uanl-vs-puebla-fc,  
2023-2024,Apertura,  Lunes 17 de Julio de 2023-nTemporada 2023-2024-nTorneo Apertura-nJornada 1-n17 Julio 2023 - 2110 hrs.,  https--www.ligafemenil.mx-cancha-informeArbitral-133976-eyJpZERpdmlzaW9uIjoiMTQiLCJpZFRlbXBvcmFkYSI6Ijc0IiwiaWRUb3JuZW8iOiIxIiwiaWRDbHVibG9jYWwiOjExNzk1LCJpZENsdWJ2aXNpdGEiOjExNzc4fQ==-informe-arbitral-fc-juarez-vs-club-atletico-de-san-luis-jornada-1-estadio-olimpico-benito-juarez-fox-sports--fox-premium,  1 - 1,  https--www.ligafemenil.mx-cancha-estadio-17-estadio-olimpico-benito-juarez,  Olímpico Benito Juárez,  https--www.ligafemenil.mx-cancha-galeria-MTMzOTc2LzEvNzQvMS8xNA==-fc-juarez-vs-club-atletico-de-san-luis,  ,  https--www.ligafemenil.mx-cancha-playlist-133976-fc-juarez-vs-club-atletico-de-san-luis,  
2023-2024,Apertura,  Viernes 21 de Julio de 2023-nTemporada 2023-2024-nTorneo Apertura-nJornada 2-n21 Julio 2023 - 1706 hrs.,  https--www.ligafemenil.mx-cancha-informeArbitral-133977-eyJpZERpdmlzaW9uIjoiMTQiLCJpZFRlbXBvcmFkYSI6Ijc0IiwiaWRUb3JuZW8iOiIxIiwiaWRDbHVibG9jYWwiOjEyMDQyLCJpZENsdWJ2aXNpdGEiOjExNzc4fQ==-informe-arbitral-gallos-blancos-de-queretaro-vs-club-atletico-de-san-luis-jornada-2-estadio-la-corregidora-fox-sports,  4 - 0,  https--www.ligafemenil.mx-cancha-estadio-858-estadio-la-corregidora,  La Corregidora,  https--www.ligafemenil.mx-cancha-galeria-MTMzOTc3LzIvNzQvMS8xNA==-gallos-blancos-de-queretaro-vs-club-atletico-de-san-luis,  ,  https--www.ligafemenil.mx-cancha-playlist-133977-gallos-blancos-de-queretaro-vs-club-atletico-de-san-luis,  
2023-2024,Apertura,  Viernes 21 de Julio de 2023-nTemporada 2023-2024-nTorneo Apertura-nJornada 2-n21 Julio 2023 - 1806 hrs.,  https--www.ligafemenil.mx-cancha-informeArbitral-133979-eyJpZERpdmlzaW9uIjoiMTQiLCJpZFRlbXBvcmFkYSI6Ijc0IiwiaWRUb3JuZW8iOiIxIiwiaWRDbHVibG9jYWwiOjEyMDUxLCJpZENsdWJ2aXNpdGEiOjExMTg3fQ==-informe-arbitral-mazatlan-fc-vs-toluca-jornada-2-estadio-mazatlan-fox-sports,  0 - 3,  https--www.ligafemenil.mx-cancha-estadio-1697-estadio-mazatlan,  Estadio Mazatlán,  https--www.ligafemenil.mx-cancha-galeria-MTMzOTc5LzIvNzQvMS8xNA==-mazatlan-fc-vs-toluca,  ,  https--www.ligafemenil.mx-cancha-playlist-133979-mazatlan-fc-vs-toluca,  
2023-2024,Apertura,  Viernes 21 de Julio de 2023-nTemporada 2023-2024-nTorneo Apertura-nJornada 2-n21 Julio 2023 - 2110 hrs.,  https--www.ligafemenil.mx-cancha-informeArbitral-133978-eyJpZERpdmlzaW9uIjoiMTQiLCJpZFRlbXBvcmFkYSI6Ijc0IiwiaWRUb3JuZW8iOiIxIiwiaWRDbHVibG9jYWwiOjExNzk1LCJpZENsdWJ2aXNpdGEiOjExMTg2fQ==-informe-arbitral-fc-juarez-vs-tigres-de-la-uanl-jornada-2-estadio-olimpico-benito-juarez-fox-sports,  0 - 4,  https--www.ligafemenil.mx-cancha-estadio-17-estadio-olimpico-benito-juarez,  Olímpico Benito Juárez,  https--www.ligafemenil.mx-cancha-galeria-MTMzOTc4LzIvNzQvMS8xNA==-fc-juarez-vs-tigres-de-la-uanl,  ,  https--www.ligafemenil.mx-cancha-playlist-133978-fc-juarez-vs-tigres-de-la-uanl,  
2023-2024,Apertura,  Sábado 22 de Julio de 2023-nTemporada 2023-2024-nTorneo Apertura-nJornada 2-n22 Julio 2023 - 1200 hrs.,  https--www.ligafemenil.mx-cancha-informeArbitral-133980-eyJpZERpdmlzaW9uIjoiMTQiLCJpZFRlbXBvcmFkYSI6Ijc0IiwiaWRUb3JuZW8iOiIxIiwiaWRDbHVibG9jYWwiOjExMTg4LCJpZENsdWJ2aXNpdGEiOjExMjQ1fQ==-informe-arbitral-pumas-vs-atlas-jornada-2-estadio-olimpico-universitario-vix,  4 - 1,  https--www.ligafemenil.mx-cancha-estadio-7-estadio-olimpico-universitario,  Olímpico Universitario,  https--www.ligafemenil.mx-cancha-galeria-MTMzOTgwLzIvNzQvMS8xNA==-pumas-vs-atlas,  ,  https--www.ligafemenil.mx-cancha-playlist-133980-pumas-vs-atlas,  
2023-2024,Apertura,  Sábado 22 de Julio de 2023-nTemporada 2023-2024-nTorneo Apertura-nJornada 2-n22 Julio 2023 - 2100 hrs.,  https--www.ligafemenil.mx-cancha-informeArbitral-133981-eyJpZERpdmlzaW9uIjoiMTQiLCJpZFRlbXBvcmFkYSI6Ijc0IiwiaWRUb3JuZW8iOiIxIiwiaWRDbHVibG9jYWwiOjExMTg1LCJpZENsdWJ2aXNpdGEiOjExMjQzfQ==-informe-arbitral-rayados-de-monterrey-vs-leon-jornada-2-estadio-bbva-vix,  7 - 0,  https--www.ligafemenil.mx-cancha-estadio-1608-estadio-bbva,  Estadio BBVA,  https--www.ligafemenil.mx-cancha-galeria-MTMzOTgxLzIvNzQvMS8xNA==-rayados-de-monterrey-vs-leon,  ,  https--www.ligafemenil.mx-cancha-playlist-133981-rayados-de-monterrey-vs-leon,  
2023-2024,Apertura,  Domingo 23 de Julio de 2023-nTemporada 2023-2024-nTorneo Apertura-nJornada 2-n23 Julio 2023 - 1700 hrs.,  https--www.ligafemenil.mx-cancha-informeArbitral-133982-eyJpZERpdmlzaW9uIjoiMTQiLCJpZFRlbXBvcmFkYSI6Ijc0IiwiaWRUb3JuZW8iOiIxIiwiaWRDbHVibG9jYWwiOjExMTkxLCJpZENsdWJ2aXNpdGEiOjExMTkyfQ==-informe-arbitral-america-vs-santos-laguna-jornada-2-estadio-azteca-vix,  6 - 0,  https--www.ligafemenil.mx-cancha-estadio-1-estadio-azteca,  Azteca,  https--www.ligafemenil.mx-cancha-galeria-MTMzOTgyLzIvNzQvMS8xNA==-america-vs-santos-laguna,  ,  https--www.ligafemenil.mx-cancha-playlist-133982-america-vs-santos-laguna,  
2023-2024,Apertura,  Domingo 23 de Julio de 2023-nTemporada 2023-2024-nTorneo Apertura-nJornada 2-n23 Julio 2023 - 1906 hrs.,  https--www.ligafemenil.mx-cancha-informeArbitral-133983-eyJpZERpdmlzaW9uIjoiMTQiLCJpZFRlbXBvcmFkYSI6Ijc0IiwiaWRUb3JuZW8iOiIxIiwiaWRDbHVibG9jYWwiOjExMTgyLCJpZENsdWJ2aXNpdGEiOjExNTQzfQ==-informe-arbitral-guadalajara-vs-puebla-fc-jornada-2-estadio-akron-fox-sports,  2 - 0,  https--www.ligafemenil.mx-cancha-estadio-1538-estadio-akron,  Estadio AKRON,  https--www.ligafemenil.mx-cancha-galeria-MTMzOTgzLzIvNzQvMS8xNA==-guadalajara-vs-puebla-fc,  ,  https--www.ligafemenil.mx-cancha-playlist-133983-guadalajara-vs-puebla-fc,  
2023-2024,Apertura,  Lunes 24 de Julio de 2023-nTemporada 2023-2024-nTorneo Apertura-nJornada 2-n24 Julio 2023 - 1700 hrs.,  https--www.ligafemenil.mx-cancha-informeArbitral-133984-eyJpZERpdmlzaW9uIjoiMTQiLCJpZFRlbXBvcmFkYSI6Ijc0IiwiaWRUb3JuZW8iOiIxIiwiaWRDbHVibG9jYWwiOjExMTg5LCJpZENsdWJ2aXNpdGEiOjExMTgwfQ==-informe-arbitral-necaxa-vs-tijuana-jornada-2-estadio-victoria-vix,  1 - 2,  https--www.ligafemenil.mx-cancha-estadio-15-estadio-victoria,  Victoria,  https--www.ligafemenil.mx-cancha-galeria-MTMzOTg0LzIvNzQvMS8xNA==-necaxa-vs-tijuana,  ,  https--www.ligafemenil.mx-cancha-playlist-133984-necaxa-vs-tijuana,  
2023-2024,Apertura,  Lunes 24 de Julio de 2023-nTemporada 2023-2024-nTorneo Apertura-nJornada 2-n24 Julio 2023 - 1906 hrs.,  https--www.ligafemenil.mx-cancha-informeArbitral-133985-eyJpZERpdmlzaW9uIjoiMTQiLCJpZFRlbXBvcmFkYSI6Ijc0IiwiaWRUb3JuZW8iOiIxIiwiaWRDbHVibG9jYWwiOjExMTg0LCJpZENsdWJ2aXNpdGEiOjExMTgxfQ==-informe-arbitral-pachuca-vs-cruz-azul-jornada-2-estadio-hidalgo-fox-sports,  0 - 2,  https--www.ligafemenil.mx-cancha-estadio-11-estadio-hidalgo,  Hidalgo,  https--www.ligafemenil.mx-cancha-galeria-MTMzOTg1LzIvNzQvMS8xNA==-pachuca-vs-cruz-azul,  ,  https--www.ligafemenil.mx-cancha-playlist-133985-pachuca-vs-cruz-azul,  
2023-2024,Apertura,  Miércoles 26 de Julio de 2023-nTemporada 2023-2024-nTorneo Apertura-nJornada 1-n26 Julio 2023 - 2006 hrs.,  https--www.ligafemenil.mx-cancha-informeArbitral-133968-eyJpZERpdmlzaW9uIjoiMTQiLCJpZFRlbXBvcmFkYSI6Ijc0IiwiaWRUb3JuZW8iOiIxIiwiaWRDbHVibG9jYWwiOjExMjQ1LCJpZENsdWJ2aXNpdGEiOjEyMDQyfQ==-informe-arbitral-atlas-vs-gallos-blancos-de-queretaro-jornada-1-estadio-jalisco-fox-sports,  0 - 2,  https--www.ligafemenil.mx-cancha-estadio-5-estadio-jalisco,  Jalisco,  https--www.ligafemenil.mx-cancha-galeria-MTMzOTY4LzEvNzQvMS8xNA==-atlas-vs-gallos-blancos-de-queretaro,  ,  https--www.ligafemenil.mx-cancha-playlist-133968-atlas-vs-gallos-blancos-de-queretaro,  
2023-2024,Apertura,  Viernes 28 de Julio de 2023-nTemporada 2023-2024-nTorneo Apertura-nJornada 3-n28 Julio 2023 - 1906 hrs.,  https--www.ligafemenil.mx-cancha-informeArbitral-133986-eyJpZERpdmlzaW9uIjoiMTQiLCJpZFRlbXBvcmFkYSI6Ijc0IiwiaWRUb3JuZW8iOiIxIiwiaWRDbHVibG9jYWwiOjExMTkyLCJpZENsdWJ2aXNpdGEiOjExMTgyfQ==-informe-arbitral-santos-laguna-vs-guadalajara-jornada-3-estadio-tsm-corona-fox-sports,  0 - 3,  https--www.ligafemenil.mx-cancha-estadio-63-estadio-tsm-corona,  TSM Corona,  https--www.ligafemenil.mx-cancha-galeria-MTMzOTg2LzMvNzQvMS8xNA==-santos-laguna-vs-guadalajara,  ,  https--www.ligafemenil.mx-cancha-playlist-133986-santos-laguna-vs-guadalajara,  
2023-2024,Apertura,  Viernes 28 de Julio de 2023-nTemporada 2023-2024-nTorneo Apertura-nJornada 3-n28 Julio 2023 - 2100 hrs.,  https--www.ligafemenil.mx-cancha-informeArbitral-133987-eyJpZERpdmlzaW9uIjoiMTQiLCJpZFRlbXBvcmFkYSI6Ijc0IiwiaWRUb3JuZW8iOiIxIiwiaWRDbHVibG9jYWwiOjExMTg2LCJpZENsdWJ2aXNpdGEiOjEyMDUxfQ==-informe-arbitral-tigres-de-la-uanl-vs-mazatlan-fc-jornada-3-estadio-universitario-vix,  6 - 0,  https--www.ligafemenil.mx-cancha-estadio-12-estadio-universitario,  Universitario,  https--www.ligafemenil.mx-cancha-galeria-MTMzOTg3LzMvNzQvMS8xNA==-tigres-de-la-uanl-vs-mazatlan-fc,  ,  https--www.ligafemenil.mx-cancha-playlist-133987-tigres-de-la-uanl-vs-mazatlan-fc,  
2023-2024,Apertura,  Sábado 29 de Julio de 2023-nTemporada 2023-2024-nTorneo Apertura-nJornada 3-n29 Julio 2023 - 1200 hrs.,  https--www.ligafemenil.mx-cancha-informeArbitral-133988-eyJpZERpdmlzaW9uIjoiMTQiLCJpZFRlbXBvcmFkYSI6Ijc0IiwiaWRUb3JuZW8iOiIxIiwiaWRDbHVibG9jYWwiOjExMTgxLCJpZENsdWJ2aXNpdGEiOjExMTg4fQ==-informe-arbitral-cruz-azul-vs-pumas-jornada-3-estadio-instalaciones-la-noria-vix,  2 - 1,  https--www.ligafemenil.mx-cancha-estadio-877-estadio-instalaciones-la-noria,  INSTALACIONES LA NORIA,  https--www.ligafemenil.mx-cancha-galeria-MTMzOTg4LzMvNzQvMS8xNA==-cruz-azul-vs-pumas,  ,  https--www.ligafemenil.mx-cancha-playlist-133988-cruz-azul-vs-pumas,  
2023-2024,Apertura,  Sábado 29 de Julio de 2023-nTemporada 2023-2024-nTorneo Apertura-nJornada 3-n29 Julio 2023 - 1906 hrs.,  https--www.ligafemenil.mx-cancha-informeArbitral-133989-eyJpZERpdmlzaW9uIjoiMTQiLCJpZFRlbXBvcmFkYSI6Ijc0IiwiaWRUb3JuZW8iOiIxIiwiaWRDbHVibG9jYWwiOjExMjQ1LCJpZENsdWJ2aXNpdGEiOjExNzk1fQ==-informe-arbitral-atlas-vs-fc-juarez-jornada-3-estadio-jalisco-fox-sports,  3 - 2,  https--www.ligafemenil.mx-cancha-estadio-5-estadio-jalisco,  Jalisco,  https--www.ligafemenil.mx-cancha-galeria-MTMzOTg5LzMvNzQvMS8xNA==-atlas-vs-fc-juarez,  ,  https--www.ligafemenil.mx-cancha-playlist-133989-atlas-vs-fc-juarez,  
2023-2024,Apertura,  Domingo 30 de Julio de 2023-nTemporada 2023-2024-nTorneo Apertura-nJornada 3-n30 Julio 2023 - 1200 hrs.,  https--www.ligafemenil.mx-cancha-informeArbitral-133991-eyJpZERpdmlzaW9uIjoiMTQiLCJpZFRlbXBvcmFkYSI6Ijc0IiwiaWRUb3JuZW8iOiIxIiwiaWRDbHVibG9jYWwiOjExNTQzLCJpZENsdWJ2aXNpdGEiOjExMTg1fQ==-informe-arbitral-puebla-fc-vs-rayados-de-monterrey-jornada-3-estadio-cuauhtemoc-fox-sports,  0 - 3,  https--www.ligafemenil.mx-cancha-estadio-9-estadio-cuauhtemoc,  Cuauhtémoc,  https--www.ligafemenil.mx-cancha-galeria-MTMzOTkxLzMvNzQvMS8xNA==-puebla-fc-vs-rayados-de-monterrey,  ,  https--www.ligafemenil.mx-cancha-playlist-133991-puebla-fc-vs-rayados-de-monterrey,  
2023-2024,Apertura,  Domingo 30 de Julio de 2023-nTemporada 2023-2024-nTorneo Apertura-nJornada 3-n30 Julio 2023 - 1200 hrs.,  https--www.ligafemenil.mx-cancha-informeArbitral-133992-eyJpZERpdmlzaW9uIjoiMTQiLCJpZFRlbXBvcmFkYSI6Ijc0IiwiaWRUb3JuZW8iOiIxIiwiaWRDbHVibG9jYWwiOjExMTg3LCJpZENsdWJ2aXNpdGEiOjExMTg0fQ==-informe-arbitral-toluca-vs-pachuca-jornada-3-estadio-nemesio-diez-vix,  2 - 1,  https--www.ligafemenil.mx-cancha-estadio-6-estadio-nemesio-diez,  Nemesio Diez,  https--www.ligafemenil.mx-cancha-galeria-MTMzOTkyLzMvNzQvMS8xNA==-toluca-vs-pachuca,  ,  https--www.ligafemenil.mx-cancha-playlist-133992-toluca-vs-pachuca,  
2023-2024,Apertura,  Domingo 30 de Julio de 2023-nTemporada 2023-2024-nTorneo Apertura-nJornada 3-n30 Julio 2023 - 1700 hrs.,  https--www.ligafemenil.mx-cancha-informeArbitral-133993-eyJpZERpdmlzaW9uIjoiMTQiLCJpZFRlbXBvcmFkYSI6Ijc0IiwiaWRUb3JuZW8iOiIxIiwiaWRDbHVibG9jYWwiOjExNzc4LCJpZENsdWJ2aXNpdGEiOjExMTg5fQ==-informe-arbitral-club-atletico-de-san-luis-vs-necaxa-jornada-3-estadio-alfonso-lastras-ramirez-espn,  1 - 0,  https--www.ligafemenil.mx-cancha-estadio-14-estadio-alfonso-lastras-ramirez,  Alfonso Lastras Ramírez,  https--www.ligafemenil.mx-cancha-galeria-MTMzOTkzLzMvNzQvMS8xNA==-club-atletico-de-san-luis-vs-necaxa,  ,  https--www.ligafemenil.mx-cancha-playlist-133993-club-atletico-de-san-luis-vs-necaxa,  
2023-2024,Apertura,  Lunes 31 de Julio de 2023-nTemporada 2023-2024-nTorneo Apertura-nJornada 3-n31 Julio 2023 - 1906 hrs.,  https--www.ligafemenil.mx-cancha-informeArbitral-133994-eyJpZERpdmlzaW9uIjoiMTQiLCJpZFRlbXBvcmFkYSI6Ijc0IiwiaWRUb3JuZW8iOiIxIiwiaWRDbHVibG9jYWwiOjExMjQzLCJpZENsdWJ2aXNpdGEiOjEyMDQyfQ==-informe-arbitral-leon-vs-gallos-blancos-de-queretaro-jornada-3-estadio-nou-camp-fox-sports,  2 - 0,  https--www.ligafemenil.mx-cancha-estadio-23-estadio-nou-camp,  Nou Camp,  https--www.ligafemenil.mx-cancha-galeria-MTMzOTk0LzMvNzQvMS8xNA==-leon-vs-gallos-blancos-de-queretaro,  ,  https--www.ligafemenil.mx-cancha-playlist-133994-leon-vs-gallos-blancos-de-queretaro,  
2023-2024,Apertura,  Viernes 4 de Agosto de 2023-nTemporada 2023-2024-nTorneo Apertura-nJornada 4-n4 Agosto 2023 - 1706 hrs.,  https--www.ligafemenil.mx-cancha-informeArbitral-133995-eyJpZERpdmlzaW9uIjoiMTQiLCJpZFRlbXBvcmFkYSI6Ijc0IiwiaWRUb3JuZW8iOiIxIiwiaWRDbHVibG9jYWwiOjEyMDQyLCJpZENsdWJ2aXNpdGEiOjExMTgwfQ==-informe-arbitral-gallos-blancos-de-queretaro-vs-tijuana-jornada-4-estadio-la-corregidora-fox-sports,  0 - 2,  https--www.ligafemenil.mx-cancha-estadio-858-estadio-la-corregidora,  La Corregidora,  https--www.ligafemenil.mx-cancha-galeria-MTMzOTk1LzQvNzQvMS8xNA==-gallos-blancos-de-queretaro-vs-tijuana,  ,  https--www.ligafemenil.mx-cancha-playlist-133995-gallos-blancos-de-queretaro-vs-tijuana,  
2023-2024,Apertura,  Viernes 4 de Agosto de 2023-nTemporada 2023-2024-nTorneo Apertura-nJornada 4-n4 Agosto 2023 - 1906 hrs.,  https--www.ligafemenil.mx-cancha-informeArbitral-133996-eyJpZERpdmlzaW9uIjoiMTQiLCJpZFRlbXBvcmFkYSI6Ijc0IiwiaWRUb3JuZW8iOiIxIiwiaWRDbHVibG9jYWwiOjExMTg0LCJpZENsdWJ2aXNpdGEiOjExNzc4fQ==-informe-arbitral-pachuca-vs-club-atletico-de-san-luis-jornada-4-estadio-hidalgo-fox-sports,  3 - 1,  https--www.ligafemenil.mx-cancha-estadio-11-estadio-hidalgo,  Hidalgo,  https--www.ligafemenil.mx-cancha-galeria-MTMzOTk2LzQvNzQvMS8xNA==-pachuca-vs-club-atletico-de-san-luis,  ,  https--www.ligafemenil.mx-cancha-playlist-133996-pachuca-vs-club-atletico-de-san-luis,  
2023-2024,Apertura,  Viernes 4 de Agosto de 2023-nTemporada 2023-2024-nTorneo Apertura-nJornada 4-n4 Agosto 2023 - 2110 hrs.,  https--www.ligafemenil.mx-cancha-informeArbitral-133997-eyJpZERpdmlzaW9uIjoiMTQiLCJpZFRlbXBvcmFkYSI6Ijc0IiwiaWRUb3JuZW8iOiIxIiwiaWRDbHVibG9jYWwiOjExNzk1LCJpZENsdWJ2aXNpdGEiOjExMTgxfQ==-informe-arbitral-fc-juarez-vs-cruz-azul-jornada-4-estadio-olimpico-benito-juarez-fox-sports,  1 - 0,  https--www.ligafemenil.mx-cancha-estadio-17-estadio-olimpico-benito-juarez,  Olímpico Benito Juárez,  https--www.ligafemenil.mx-cancha-galeria-MTMzOTk3LzQvNzQvMS8xNA==-fc-juarez-vs-cruz-azul,  ,  https--www.ligafemenil.mx-cancha-playlist-133997-fc-juarez-vs-cruz-azul,  
2023-2024,Apertura,  Sábado 5 de Agosto de 2023-nTemporada 2023-2024-nTorneo Apertura-nJornada 4-n5 Agosto 2023 - 1200 hrs.,  https--www.ligafemenil.mx-cancha-informeArbitral-133998-eyJpZERpdmlzaW9uIjoiMTQiLCJpZFRlbXBvcmFkYSI6Ijc0IiwiaWRUb3JuZW8iOiIxIiwiaWRDbHVibG9jYWwiOjExMTg4LCJpZENsdWJ2aXNpdGEiOjExMTkyfQ==-informe-arbitral-pumas-vs-santos-laguna-jornada-4-estadio-olimpico-universitario-vix,  1 - 0,  https--www.ligafemenil.mx-cancha-estadio-7-estadio-olimpico-universitario,  Olímpico Universitario,  https--www.ligafemenil.mx-cancha-galeria-MTMzOTk4LzQvNzQvMS8xNA==-pumas-vs-santos-laguna,  ,  https--www.ligafemenil.mx-cancha-playlist-133998-pumas-vs-santos-laguna,  
2023-2024,Apertura,  Sábado 5 de Agosto de 2023-nTemporada 2023-2024-nTorneo Apertura-nJornada 4-n5 Agosto 2023 - 1700 hrs.,  https--www.ligafemenil.mx-cancha-informeArbitral-133999-eyJpZERpdmlzaW9uIjoiMTQiLCJpZFRlbXBvcmFkYSI6Ijc0IiwiaWRUb3JuZW8iOiIxIiwiaWRDbHVibG9jYWwiOjExMTkxLCJpZENsdWJ2aXNpdGEiOjExMTg3fQ==-informe-arbitral-america-vs-toluca-jornada-4-estadio-azteca-vix,  4 - 1,  https--www.ligafemenil.mx-cancha-estadio-1-estadio-azteca,  Azteca,  https--www.ligafemenil.mx-cancha-galeria-MTMzOTk5LzQvNzQvMS8xNA==-america-vs-toluca,  ,  https--www.ligafemenil.mx-cancha-playlist-133999-america-vs-toluca,  
2023-2024,Apertura,  Sábado 5 de Agosto de 2023-nTemporada 2023-2024-nTorneo Apertura-nJornada 4-n5 Agosto 2023 - 1900 hrs.,  https--www.ligafemenil.mx-cancha-informeArbitral-134000-eyJpZERpdmlzaW9uIjoiMTQiLCJpZFRlbXBvcmFkYSI6Ijc0IiwiaWRUb3JuZW8iOiIxIiwiaWRDbHVibG9jYWwiOjExMTg1LCJpZENsdWJ2aXNpdGEiOjExMjQ1fQ==-informe-arbitral-rayados-de-monterrey-vs-atlas-jornada-4-estadio-bbva-vix,  2 - 0,  https--www.ligafemenil.mx-cancha-estadio-1608-estadio-bbva,  Estadio BBVA,  https--www.ligafemenil.mx-cancha-galeria-MTM0MDAwLzQvNzQvMS8xNA==-rayados-de-monterrey-vs-atlas,  ,  https--www.ligafemenil.mx-cancha-playlist-134000-rayados-de-monterrey-vs-atlas,  
2023-2024,Apertura,  Sábado 5 de Agosto de 2023-nTemporada 2023-2024-nTorneo Apertura-nJornada 4-n5 Agosto 2023 - 2110 hrs.,  https--www.ligafemenil.mx-cancha-informeArbitral-134001-eyJpZERpdmlzaW9uIjoiMTQiLCJpZFRlbXBvcmFkYSI6Ijc0IiwiaWRUb3JuZW8iOiIxIiwiaWRDbHVibG9jYWwiOjExMTgyLCJpZENsdWJ2aXNpdGEiOjExMTg2fQ==-informe-arbitral-guadalajara-vs-tigres-de-la-uanl-jornada-4-estadio-akron-fox-sports,  2 - 2,  https--www.ligafemenil.mx-cancha-estadio-1538-estadio-akron,  Estadio AKRON,  https--www.ligafemenil.mx-cancha-galeria-MTM0MDAxLzQvNzQvMS8xNA==-guadalajara-vs-tigres-de-la-uanl,  ,  https--www.ligafemenil.mx-cancha-playlist-134001-guadalajara-vs-tigres-de-la-uanl,  
2023-2024,Apertura,  Domingo 6 de Agosto de 2023-nTemporada 2023-2024-nTorneo Apertura-nJornada 4-n6 Agosto 2023 - 1700 hrs.,  https--www.ligafemenil.mx-cancha-informeArbitral-134002-eyJpZERpdmlzaW9uIjoiMTQiLCJpZFRlbXBvcmFkYSI6Ijc0IiwiaWRUb3JuZW8iOiIxIiwiaWRDbHVibG9jYWwiOjExMTg5LCJpZENsdWJ2aXNpdGEiOjExNTQzfQ==-informe-arbitral-necaxa-vs-puebla-fc-jornada-4-estadio-victoria-vix,  2 - 1,  https--www.ligafemenil.mx-cancha-estadio-15-estadio-victoria,  Victoria,  https--www.ligafemenil.mx-cancha-galeria-MTM0MDAyLzQvNzQvMS8xNA==-necaxa-vs-puebla-fc,  ,  https--www.ligafemenil.mx-cancha-playlist-134002-necaxa-vs-puebla-fc,  
2023-2024,Apertura,  Domingo 6 de Agosto de 2023-nTemporada 2023-2024-nTorneo Apertura-nJornada 4-n6 Agosto 2023 - 1800 hrs.,  https--www.ligafemenil.mx-cancha-informeArbitral-134003-eyJpZERpdmlzaW9uIjoiMTQiLCJpZFRlbXBvcmFkYSI6Ijc0IiwiaWRUb3JuZW8iOiIxIiwiaWRDbHVibG9jYWwiOjEyMDUxLCJpZENsdWJ2aXNpdGEiOjExMjQzfQ==-informe-arbitral-mazatlan-fc-vs-leon-jornada-4-estadio-mazatlan-fox-sports,  0 - 1,  https--www.ligafemenil.mx-cancha-estadio-1697-estadio-mazatlan,  Estadio Mazatlán,  https--www.ligafemenil.mx-cancha-galeria-MTM0MDAzLzQvNzQvMS8xNA==-mazatlan-fc-vs-leon,  ,  https--www.ligafemenil.mx-cancha-playlist-134003-mazatlan-fc-vs-leon,  
2023-2024,Apertura,  Martes 8 de Agosto de 2023-nTemporada 2023-2024-nTorneo Apertura-nJornada 3-n8 Agosto 2023 - 1806 hrs.,  https--www.ligafemenil.mx-cancha-informeArbitral-133990-eyJpZERpdmlzaW9uIjoiMTQiLCJpZFRlbXBvcmFkYSI6Ijc0IiwiaWRUb3JuZW8iOiIxIiwiaWRDbHVibG9jYWwiOjExMTgwLCJpZENsdWJ2aXNpdGEiOjExMTkxfQ==-informe-arbitral-tijuana-vs-america-jornada-3-estadio-caliente-fox-sports,  1 - 5,  https--www.ligafemenil.mx-cancha-estadio-48-estadio-caliente,  Caliente,  https--www.ligafemenil.mx-cancha-galeria-MTMzOTkwLzMvNzQvMS8xNA==-tijuana-vs-america,  ,  https--www.ligafemenil.mx-cancha-playlist-133990-tijuana-vs-america,  
2023-2024,Apertura,  Viernes 11 de Agosto de 2023-nTemporada 2023-2024-nTorneo Apertura-nJornada 5-n11 Agosto 2023 - 1906 hrs.,  https--www.ligafemenil.mx-cancha-informeArbitral-134004-eyJpZERpdmlzaW9uIjoiMTQiLCJpZFRlbXBvcmFkYSI6Ijc0IiwiaWRUb3JuZW8iOiIxIiwiaWRDbHVibG9jYWwiOjExMjQzLCJpZENsdWJ2aXNpdGEiOjExMTgwfQ==-informe-arbitral-leon-vs-tijuana-jornada-5-estadio-nou-camp-fox-sports,  3 - 2,  https--www.ligafemenil.mx-cancha-estadio-23-estadio-nou-camp,  Nou Camp,  https--www.ligafemenil.mx-cancha-galeria-MTM0MDA0LzUvNzQvMS8xNA==-leon-vs-tijuana,  ,  https--www.ligafemenil.mx-cancha-playlist-134004-leon-vs-tijuana,  
2023-2024,Apertura,  Viernes 11 de Agosto de 2023-nTemporada 2023-2024-nTorneo Apertura-nJornada 5-n11 Agosto 2023 - 2110 hrs.,  https--www.ligafemenil.mx-cancha-informeArbitral-134005-eyJpZERpdmlzaW9uIjoiMTQiLCJpZFRlbXBvcmFkYSI6Ijc0IiwiaWRUb3JuZW8iOiIxIiwiaWRDbHVibG9jYWwiOjExMTkyLCJpZENsdWJ2aXNpdGEiOjEyMDQyfQ==-informe-arbitral-santos-laguna-vs-gallos-blancos-de-queretaro-jornada-5-estadio-tsm-corona-fox-sports,  1 - 3,  https--www.ligafemenil.mx-cancha-estadio-63-estadio-tsm-corona,  TSM Corona,  https--www.ligafemenil.mx-cancha-galeria-MTM0MDA1LzUvNzQvMS8xNA==-santos-laguna-vs-gallos-blancos-de-queretaro,  ,  https--www.ligafemenil.mx-cancha-playlist-134005-santos-laguna-vs-gallos-blancos-de-queretaro,  
2023-2024,Apertura,  Sábado 12 de Agosto de 2023-nTemporada 2023-2024-nTorneo Apertura-nJornada 5-n12 Agosto 2023 - 1200 hrs.,  https--www.ligafemenil.mx-cancha-informeArbitral-134006-eyJpZERpdmlzaW9uIjoiMTQiLCJpZFRlbXBvcmFkYSI6Ijc0IiwiaWRUb3JuZW8iOiIxIiwiaWRDbHVibG9jYWwiOjExMTgxLCJpZENsdWJ2aXNpdGEiOjExMTg1fQ==-informe-arbitral-cruz-azul-vs-rayados-de-monterrey-jornada-5-estadio-azteca-vix,  0 - 3,  https--www.ligafemenil.mx-cancha-estadio-1-estadio-azteca,  Azteca,  https--www.ligafemenil.mx-cancha-galeria-MTM0MDA2LzUvNzQvMS8xNA==-cruz-azul-vs-rayados-de-monterrey,  ,  https--www.ligafemenil.mx-cancha-playlist-134006-cruz-azul-vs-rayados-de-monterrey,  
2023-2024,Apertura,  Sábado 12 de Agosto de 2023-nTemporada 2023-2024-nTorneo Apertura-nJornada 5-n12 Agosto 2023 - 1900 hrs.,  https--www.ligafemenil.mx-cancha-informeArbitral-134008-eyJpZERpdmlzaW9uIjoiMTQiLCJpZFRlbXBvcmFkYSI6Ijc0IiwiaWRUb3JuZW8iOiIxIiwiaWRDbHVibG9jYWwiOjExMTg5LCJpZENsdWJ2aXNpdGEiOjExMTgyfQ==-informe-arbitral-necaxa-vs-guadalajara-jornada-5-estadio-victoria-vix,  0 - 3,  https--www.ligafemenil.mx-cancha-estadio-15-estadio-victoria,  Victoria,  https--www.ligafemenil.mx-cancha-galeria-MTM0MDA4LzUvNzQvMS8xNA==-necaxa-vs-guadalajara,  ,  https--www.ligafemenil.mx-cancha-playlist-134008-necaxa-vs-guadalajara,  
2023-2024,Apertura,  Sábado 12 de Agosto de 2023-nTemporada 2023-2024-nTorneo Apertura-nJornada 5-n12 Agosto 2023 - 2100 hrs.,  https--www.ligafemenil.mx-cancha-informeArbitral-134009-eyJpZERpdmlzaW9uIjoiMTQiLCJpZFRlbXBvcmFkYSI6Ijc0IiwiaWRUb3JuZW8iOiIxIiwiaWRDbHVibG9jYWwiOjExMTg2LCJpZENsdWJ2aXNpdGEiOjExMTg0fQ==-informe-arbitral-tigres-de-la-uanl-vs-pachuca-jornada-5-estadio-universitario-vix,  4 - 2,  https--www.ligafemenil.mx-cancha-estadio-12-estadio-universitario,  Universitario,  https--www.ligafemenil.mx-cancha-galeria-MTM0MDA5LzUvNzQvMS8xNA==-tigres-de-la-uanl-vs-pachuca,  ,  https--www.ligafemenil.mx-cancha-playlist-134009-tigres-de-la-uanl-vs-pachuca,  
2023-2024,Apertura,  Domingo 13 de Agosto de 2023-nTemporada 2023-2024-nTorneo Apertura-nJornada 5-n13 Agosto 2023 - 1200 hrs.,  https--www.ligafemenil.mx-cancha-informeArbitral-134010-eyJpZERpdmlzaW9uIjoiMTQiLCJpZFRlbXBvcmFkYSI6Ijc0IiwiaWRUb3JuZW8iOiIxIiwiaWRDbHVibG9jYWwiOjExNTQzLCJpZENsdWJ2aXNpdGEiOjExMTg4fQ==-informe-arbitral-puebla-fc-vs-pumas-jornada-5-estadio-cuauhtemoc-fox-sports,  1 - 1,  https--www.ligafemenil.mx-cancha-estadio-9-estadio-cuauhtemoc,  Cuauhtémoc,  https--www.ligafemenil.mx-cancha-galeria-MTM0MDEwLzUvNzQvMS8xNA==-puebla-fc-vs-pumas,  ,  https--www.ligafemenil.mx-cancha-playlist-134010-puebla-fc-vs-pumas,  
2023-2024,Apertura,  Domingo 13 de Agosto de 2023-nTemporada 2023-2024-nTorneo Apertura-nJornada 5-n13 Agosto 2023 - 1200 hrs.,  https--www.ligafemenil.mx-cancha-informeArbitral-134011-eyJpZERpdmlzaW9uIjoiMTQiLCJpZFRlbXBvcmFkYSI6Ijc0IiwiaWRUb3JuZW8iOiIxIiwiaWRDbHVibG9jYWwiOjExMTg3LCJpZENsdWJ2aXNpdGEiOjExNzk1fQ==-informe-arbitral-toluca-vs-fc-juarez-jornada-5-estadio-nemesio-diez-vix,  1 - 1,  https--www.ligafemenil.mx-cancha-estadio-6-estadio-nemesio-diez,  Nemesio Diez,  https--www.ligafemenil.mx-cancha-galeria-MTM0MDExLzUvNzQvMS8xNA==-toluca-vs-fc-juarez,  ,  https--www.ligafemenil.mx-cancha-playlist-134011-toluca-vs-fc-juarez,  
2023-2024,Apertura,  Domingo 13 de Agosto de 2023-nTemporada 2023-2024-nTorneo Apertura-nJornada 5-n13 Agosto 2023 - 1700 hrs.,  https--www.ligafemenil.mx-cancha-informeArbitral-134012-eyJpZERpdmlzaW9uIjoiMTQiLCJpZFRlbXBvcmFkYSI6Ijc0IiwiaWRUb3JuZW8iOiIxIiwiaWRDbHVibG9jYWwiOjExNzc4LCJpZENsdWJ2aXNpdGEiOjEyMDUxfQ==-informe-arbitral-club-atletico-de-san-luis-vs-mazatlan-fc-jornada-5-estadio-alfonso-lastras-ramirez-espn,  4 - 1,  https--www.ligafemenil.mx-cancha-estadio-14-estadio-alfonso-lastras-ramirez,  Alfonso Lastras Ramírez,  https--www.ligafemenil.mx-cancha-galeria-MTM0MDEyLzUvNzQvMS8xNA==-club-atletico-de-san-luis-vs-mazatlan-fc,  ,  https--www.ligafemenil.mx-cancha-playlist-134012-club-atletico-de-san-luis-vs-mazatlan-fc,  
2023-2024,Apertura,  Martes 15 de Agosto de 2023-nTemporada 2023-2024-nTorneo Apertura-nJornada 5-n15 Agosto 2023 - 0930 hrs.,  https--www.ligafemenil.mx-cancha-informeArbitral-134007-eyJpZERpdmlzaW9uIjoiMTQiLCJpZFRlbXBvcmFkYSI6Ijc0IiwiaWRUb3JuZW8iOiIxIiwiaWRDbHVibG9jYWwiOjExMjQ1LCJpZENsdWJ2aXNpdGEiOjExMTkxfQ==-informe-arbitral-atlas-vs-america-jornada-5-estadio-cecaf-fox-sports,  1 - 5,  https--www.ligafemenil.mx-cancha-estadio-789-estadio-cecaf,  CECAF,  https--www.ligafemenil.mx-cancha-galeria-MTM0MDA3LzUvNzQvMS8xNA==-atlas-vs-america,  ,  https--www.ligafemenil.mx-cancha-playlist-134007-atlas-vs-america,  
2023-2024,Apertura,  Miércoles 16 de Agosto de 2023-nTemporada 2023-2024-nTorneo Apertura-nJornada 6-n16 Agosto 2023 - 1900 hrs.,  https--www.ligafemenil.mx-cancha-informeArbitral-134013-eyJpZERpdmlzaW9uIjoiMTQiLCJpZFRlbXBvcmFkYSI6Ijc0IiwiaWRUb3JuZW8iOiIxIiwiaWRDbHVibG9jYWwiOjExNzc4LCJpZENsdWJ2aXNpdGEiOjExMTkyfQ==-informe-arbitral-club-atletico-de-san-luis-vs-santos-laguna-jornada-6-estadio-alfonso-lastras-ramirez-espn,  2 - 0,  https--www.ligafemenil.mx-cancha-estadio-14-estadio-alfonso-lastras-ramirez,  Alfonso Lastras Ramírez,  https--www.ligafemenil.mx-cancha-galeria-MTM0MDEzLzYvNzQvMS8xNA==-club-atletico-de-san-luis-vs-santos-laguna,  ,  https--www.ligafemenil.mx-cancha-playlist-134013-club-atletico-de-san-luis-vs-santos-laguna,  
2023-2024,Apertura,  Miércoles 16 de Agosto de 2023-nTemporada 2023-2024-nTorneo Apertura-nJornada 6-n16 Agosto 2023 - 1906 hrs.,  https--www.ligafemenil.mx-cancha-informeArbitral-134014-eyJpZERpdmlzaW9uIjoiMTQiLCJpZFRlbXBvcmFkYSI6Ijc0IiwiaWRUb3JuZW8iOiIxIiwiaWRDbHVibG9jYWwiOjEyMDQyLCJpZENsdWJ2aXNpdGEiOjExNTQzfQ==-informe-arbitral-gallos-blancos-de-queretaro-vs-puebla-fc-jornada-6-estadio-la-corregidora-fox-sports,  3 - 0,  https--www.ligafemenil.mx-cancha-estadio-858-estadio-la-corregidora,  La Corregidora,  https--www.ligafemenil.mx-cancha-galeria-MTM0MDE0LzYvNzQvMS8xNA==-gallos-blancos-de-queretaro-vs-puebla-fc,  ,  https--www.ligafemenil.mx-cancha-playlist-134014-gallos-blancos-de-queretaro-vs-puebla-fc,  
2023-2024,Apertura,  Miércoles 16 de Agosto de 2023-nTemporada 2023-2024-nTorneo Apertura-nJornada 6-n16 Agosto 2023 - 2010 hrs.,  https--www.ligafemenil.mx-cancha-informeArbitral-134015-eyJpZERpdmlzaW9uIjoiMTQiLCJpZFRlbXBvcmFkYSI6Ijc0IiwiaWRUb3JuZW8iOiIxIiwiaWRDbHVibG9jYWwiOjExMTgwLCJpZENsdWJ2aXNpdGEiOjExMTg4fQ==-informe-arbitral-tijuana-vs-pumas-jornada-6-estadio-caliente-fox-sports,  3 - 2,  https--www.ligafemenil.mx-cancha-estadio-48-estadio-caliente,  Caliente,  https--www.ligafemenil.mx-cancha-galeria-MTM0MDE1LzYvNzQvMS8xNA==-tijuana-vs-pumas,  ,  https--www.ligafemenil.mx-cancha-playlist-134015-tijuana-vs-pumas,  
2023-2024,Apertura,  Jueves 17 de Agosto de 2023-nTemporada 2023-2024-nTorneo Apertura-nJornada 6-n17 Agosto 2023 - 1900 hrs.,  https--www.ligafemenil.mx-cancha-informeArbitral-134017-eyJpZERpdmlzaW9uIjoiMTQiLCJpZFRlbXBvcmFkYSI6Ijc0IiwiaWRUb3JuZW8iOiIxIiwiaWRDbHVibG9jYWwiOjExMTg2LCJpZENsdWJ2aXNpdGEiOjExMTg3fQ==-informe-arbitral-tigres-de-la-uanl-vs-toluca-jornada-6-estadio-universitario-vix,  3 - 1,  https--www.ligafemenil.mx-cancha-estadio-12-estadio-universitario,  Universitario,  https--www.ligafemenil.mx-cancha-galeria-MTM0MDE3LzYvNzQvMS8xNA==-tigres-de-la-uanl-vs-toluca,  ,  https--www.ligafemenil.mx-cancha-playlist-134017-tigres-de-la-uanl-vs-toluca,  
2023-2024,Apertura,  Jueves 17 de Agosto de 2023-nTemporada 2023-2024-nTorneo Apertura-nJornada 6-n17 Agosto 2023 - 2010 hrs.,  https--www.ligafemenil.mx-cancha-informeArbitral-134018-eyJpZERpdmlzaW9uIjoiMTQiLCJpZFRlbXBvcmFkYSI6Ijc0IiwiaWRUb3JuZW8iOiIxIiwiaWRDbHVibG9jYWwiOjEyMDUxLCJpZENsdWJ2aXNpdGEiOjExMTg5fQ==-informe-arbitral-mazatlan-fc-vs-necaxa-jornada-6-estadio-mazatlan-fox-sports,  0 - 2,  https--www.ligafemenil.mx-cancha-estadio-1697-estadio-mazatlan,  Estadio Mazatlán,  https--www.ligafemenil.mx-cancha-galeria-MTM0MDE4LzYvNzQvMS8xNA==-mazatlan-fc-vs-necaxa,  ,  https--www.ligafemenil.mx-cancha-playlist-134018-mazatlan-fc-vs-necaxa,  
2023-2024,Apertura,  Jueves 17 de Agosto de 2023-nTemporada 2023-2024-nTorneo Apertura-nJornada 6-n17 Agosto 2023 - 2110 hrs.,  https--www.ligafemenil.mx-cancha-informeArbitral-134019-eyJpZERpdmlzaW9uIjoiMTQiLCJpZFRlbXBvcmFkYSI6Ijc0IiwiaWRUb3JuZW8iOiIxIiwiaWRDbHVibG9jYWwiOjExMTgyLCJpZENsdWJ2aXNpdGEiOjExMTg1fQ==-informe-arbitral-guadalajara-vs-rayados-de-monterrey-jornada-6-estadio-akron-fox-sports,  1 - 0,  https--www.ligafemenil.mx-cancha-estadio-1538-estadio-akron,  Estadio AKRON,  https--www.ligafemenil.mx-cancha-galeria-MTM0MDE5LzYvNzQvMS8xNA==-guadalajara-vs-rayados-de-monterrey,  ,  https--www.ligafemenil.mx-cancha-playlist-134019-guadalajara-vs-rayados-de-monterrey,  
2023-2024,Apertura,  Viernes 18 de Agosto de 2023-nTemporada 2023-2024-nTorneo Apertura-nJornada 6-n18 Agosto 2023 - 1900 hrs.,  https--www.ligafemenil.mx-cancha-informeArbitral-134020-eyJpZERpdmlzaW9uIjoiMTQiLCJpZFRlbXBvcmFkYSI6Ijc0IiwiaWRUb3JuZW8iOiIxIiwiaWRDbHVibG9jYWwiOjExMTkxLCJpZENsdWJ2aXNpdGEiOjExMTgxfQ==-informe-arbitral-america-vs-cruz-azul-jornada-6-estadio-azteca-vix,  4 - 0,  https--www.ligafemenil.mx-cancha-estadio-1-estadio-azteca,  Azteca,  https--www.ligafemenil.mx-cancha-galeria-MTM0MDIwLzYvNzQvMS8xNA==-america-vs-cruz-azul,  ,  https--www.ligafemenil.mx-cancha-playlist-134020-america-vs-cruz-azul,  
2023-2024,Apertura,  Domingo 20 de Agosto de 2023-nTemporada 2023-2024-nTorneo Apertura-nJornada 7-n20 Agosto 2023 - 1200 hrs.,  https--www.ligafemenil.mx-cancha-informeArbitral-134023-eyJpZERpdmlzaW9uIjoiMTQiLCJpZFRlbXBvcmFkYSI6Ijc0IiwiaWRUb3JuZW8iOiIxIiwiaWRDbHVibG9jYWwiOjExNTQzLCJpZENsdWJ2aXNpdGEiOjExMTg0fQ==-informe-arbitral-puebla-fc-vs-pachuca-jornada-7-estadio-cuauhtemoc-fox-sports,  4 - 3,  https--www.ligafemenil.mx-cancha-estadio-9-estadio-cuauhtemoc,  Cuauhtémoc,  https--www.ligafemenil.mx-cancha-galeria-MTM0MDIzLzcvNzQvMS8xNA==-puebla-fc-vs-pachuca,  ,  https--www.ligafemenil.mx-cancha-playlist-134023-puebla-fc-vs-pachuca,  
2023-2024,Apertura,  Domingo 20 de Agosto de 2023-nTemporada 2023-2024-nTorneo Apertura-nJornada 7-n20 Agosto 2023 - 2010 hrs.,  https--www.ligafemenil.mx-cancha-informeArbitral-134024-eyJpZERpdmlzaW9uIjoiMTQiLCJpZFRlbXBvcmFkYSI6Ijc0IiwiaWRUb3JuZW8iOiIxIiwiaWRDbHVibG9jYWwiOjExMTgwLCJpZENsdWJ2aXNpdGEiOjExMTg3fQ==-informe-arbitral-tijuana-vs-toluca-jornada-7-estadio-caliente-fox-sports,  3 - 0,  https--www.ligafemenil.mx-cancha-estadio-48-estadio-caliente,  Caliente,  https--www.ligafemenil.mx-cancha-galeria-MTM0MDI0LzcvNzQvMS8xNA==-tijuana-vs-toluca,  ,  https--www.ligafemenil.mx-cancha-playlist-134024-tijuana-vs-toluca,  
2023-2024,Apertura,  Lunes 21 de Agosto de 2023-nTemporada 2023-2024-nTorneo Apertura-nJornada 7-n21 Agosto 2023 - 1545 hrs.,  https--www.ligafemenil.mx-cancha-informeArbitral-134025-eyJpZERpdmlzaW9uIjoiMTQiLCJpZFRlbXBvcmFkYSI6Ijc0IiwiaWRUb3JuZW8iOiIxIiwiaWRDbHVibG9jYWwiOjExMTgxLCJpZENsdWJ2aXNpdGEiOjExMTgyfQ==-informe-arbitral-cruz-azul-vs-guadalajara-jornada-7-estadio-instalaciones-la-noria-vix,  1 - 5,  https--www.ligafemenil.mx-cancha-estadio-877-estadio-instalaciones-la-noria,  INSTALACIONES LA NORIA,  https--www.ligafemenil.mx-cancha-galeria-MTM0MDI1LzcvNzQvMS8xNA==-cruz-azul-vs-guadalajara,  ,  https--www.ligafemenil.mx-cancha-playlist-134025-cruz-azul-vs-guadalajara,  
2023-2024,Apertura,  Lunes 21 de Agosto de 2023-nTemporada 2023-2024-nTorneo Apertura-nJornada 7-n21 Agosto 2023 - 1700 hrs.,  https--www.ligafemenil.mx-cancha-informeArbitral-134027-eyJpZERpdmlzaW9uIjoiMTQiLCJpZFRlbXBvcmFkYSI6Ijc0IiwiaWRUb3JuZW8iOiIxIiwiaWRDbHVibG9jYWwiOjExMTg4LCJpZENsdWJ2aXNpdGEiOjEyMDUxfQ==-informe-arbitral-pumas-vs-mazatlan-fc-jornada-7-estadio-olimpico-universitario-vix,  4 - 1,  https--www.ligafemenil.mx-cancha-estadio-7-estadio-olimpico-universitario,  Olímpico Universitario,  https--www.ligafemenil.mx-cancha-galeria-MTM0MDI3LzcvNzQvMS8xNA==-pumas-vs-mazatlan-fc,  ,  https--www.ligafemenil.mx-cancha-playlist-134027-pumas-vs-mazatlan-fc,  
2023-2024,Apertura,  Lunes 21 de Agosto de 2023-nTemporada 2023-2024-nTorneo Apertura-nJornada 7-n21 Agosto 2023 - 1900 hrs.,  https--www.ligafemenil.mx-cancha-informeArbitral-134031-eyJpZERpdmlzaW9uIjoiMTQiLCJpZFRlbXBvcmFkYSI6Ijc0IiwiaWRUb3JuZW8iOiIxIiwiaWRDbHVibG9jYWwiOjExMTg5LCJpZENsdWJ2aXNpdGEiOjEyMDQyfQ==-informe-arbitral-necaxa-vs-gallos-blancos-de-queretaro-jornada-7-estadio-victoria-vix,  0 - 2,  https--www.ligafemenil.mx-cancha-estadio-15-estadio-victoria,  Victoria,  https--www.ligafemenil.mx-cancha-galeria-MTM0MDMxLzcvNzQvMS8xNA==-necaxa-vs-gallos-blancos-de-queretaro,  ,  https--www.ligafemenil.mx-cancha-playlist-134031-necaxa-vs-gallos-blancos-de-queretaro,  
2023-2024,Apertura,  Lunes 21 de Agosto de 2023-nTemporada 2023-2024-nTorneo Apertura-nJornada 7-n21 Agosto 2023 - 1906 hrs.,  https--www.ligafemenil.mx-cancha-informeArbitral-134028-eyJpZERpdmlzaW9uIjoiMTQiLCJpZFRlbXBvcmFkYSI6Ijc0IiwiaWRUb3JuZW8iOiIxIiwiaWRDbHVibG9jYWwiOjExMjQzLCJpZENsdWJ2aXNpdGEiOjExMTkxfQ==-informe-arbitral-leon-vs-america-jornada-7-estadio-nou-camp-fox-sports,  2 - 3,  https--www.ligafemenil.mx-cancha-estadio-23-estadio-nou-camp,  Nou Camp,  https--www.ligafemenil.mx-cancha-galeria-MTM0MDI4LzcvNzQvMS8xNA==-leon-vs-america,  ,  https--www.ligafemenil.mx-cancha-playlist-134028-leon-vs-america,  
2023-2024,Apertura,  Lunes 21 de Agosto de 2023-nTemporada 2023-2024-nTorneo Apertura-nJornada 7-n21 Agosto 2023 - 2100 hrs.,  https--www.ligafemenil.mx-cancha-informeArbitral-134029-eyJpZERpdmlzaW9uIjoiMTQiLCJpZFRlbXBvcmFkYSI6Ijc0IiwiaWRUb3JuZW8iOiIxIiwiaWRDbHVibG9jYWwiOjExMTg1LCJpZENsdWJ2aXNpdGEiOjExNzk1fQ==-informe-arbitral-rayados-de-monterrey-vs-fc-juarez-jornada-7-estadio-bbva-vix,  2 - 2,  https--www.ligafemenil.mx-cancha-estadio-1608-estadio-bbva,  Estadio BBVA,  https--www.ligafemenil.mx-cancha-galeria-MTM0MDI5LzcvNzQvMS8xNA==-rayados-de-monterrey-vs-fc-juarez,  ,  https--www.ligafemenil.mx-cancha-playlist-134029-rayados-de-monterrey-vs-fc-juarez,  
2023-2024,Apertura,  Lunes 21 de Agosto de 2023-nTemporada 2023-2024-nTorneo Apertura-nJornada 7-n21 Agosto 2023 - 2110 hrs.,  https--www.ligafemenil.mx-cancha-informeArbitral-134030-eyJpZERpdmlzaW9uIjoiMTQiLCJpZFRlbXBvcmFkYSI6Ijc0IiwiaWRUb3JuZW8iOiIxIiwiaWRDbHVibG9jYWwiOjExMTkyLCJpZENsdWJ2aXNpdGEiOjExMTg2fQ==-informe-arbitral-santos-laguna-vs-tigres-de-la-uanl-jornada-7-estadio-tsm-corona-fox-sports,  0 - 7,  https--www.ligafemenil.mx-cancha-estadio-63-estadio-tsm-corona,  TSM Corona,  https--www.ligafemenil.mx-cancha-galeria-MTM0MDMwLzcvNzQvMS8xNA==-santos-laguna-vs-tigres-de-la-uanl,  ,  https--www.ligafemenil.mx-cancha-playlist-134030-santos-laguna-vs-tigres-de-la-uanl,  
2023-2024,Apertura,  Viernes 25 de Agosto de 2023-nTemporada 2023-2024-nTorneo Apertura-nJornada 8-n25 Agosto 2023 - 1900 hrs.,  https--www.ligafemenil.mx-cancha-informeArbitral-134032-eyJpZERpdmlzaW9uIjoiMTQiLCJpZFRlbXBvcmFkYSI6Ijc0IiwiaWRUb3JuZW8iOiIxIiwiaWRDbHVibG9jYWwiOjExMTg2LCJpZENsdWJ2aXNpdGEiOjExMjQ1fQ==-informe-arbitral-tigres-de-la-uanl-vs-atlas-jornada-8-estadio-universitario-vix,  2 - 0,  https--www.ligafemenil.mx-cancha-estadio-12-estadio-universitario,  Universitario,  https--www.ligafemenil.mx-cancha-galeria-MTM0MDMyLzgvNzQvMS8xNA==-tigres-de-la-uanl-vs-atlas,  ,  https--www.ligafemenil.mx-cancha-playlist-134032-tigres-de-la-uanl-vs-atlas,  
2023-2024,Apertura,  Viernes 25 de Agosto de 2023-nTemporada 2023-2024-nTorneo Apertura-nJornada 8-n25 Agosto 2023 - 1806 hrs.,  https--www.ligafemenil.mx-cancha-informeArbitral-134038-eyJpZERpdmlzaW9uIjoiMTQiLCJpZFRlbXBvcmFkYSI6Ijc0IiwiaWRUb3JuZW8iOiIxIiwiaWRDbHVibG9jYWwiOjEyMDUxLCJpZENsdWJ2aXNpdGEiOjExMTkxfQ==-informe-arbitral-mazatlan-fc-vs-america-jornada-8-estadio-mazatlan-fox-sports,  1 - 3,  https--www.ligafemenil.mx-cancha-estadio-1697-estadio-mazatlan,  Estadio Mazatlán,  https--www.ligafemenil.mx-cancha-galeria-MTM0MDM4LzgvNzQvMS8xNA==-mazatlan-fc-vs-america,  ,  https--www.ligafemenil.mx-cancha-playlist-134038-mazatlan-fc-vs-america,  
2023-2024,Apertura,  Viernes 25 de Agosto de 2023-nTemporada 2023-2024-nTorneo Apertura-nJornada 8-n25 Agosto 2023 - 2100 hrs.,  https--www.ligafemenil.mx-cancha-informeArbitral-134034-eyJpZERpdmlzaW9uIjoiMTQiLCJpZFRlbXBvcmFkYSI6Ijc0IiwiaWRUb3JuZW8iOiIxIiwiaWRDbHVibG9jYWwiOjExMTg1LCJpZENsdWJ2aXNpdGEiOjExMTg4fQ==-informe-arbitral-rayados-de-monterrey-vs-pumas-jornada-8-estadio-bbva-vix,  0 - 0,  https--www.ligafemenil.mx-cancha-estadio-1608-estadio-bbva,  Estadio BBVA,  https--www.ligafemenil.mx-cancha-galeria-MTM0MDM0LzgvNzQvMS8xNA==-rayados-de-monterrey-vs-pumas,  ,  https--www.ligafemenil.mx-cancha-playlist-134034-rayados-de-monterrey-vs-pumas,  
2023-2024,Apertura,  Viernes 25 de Agosto de 2023-nTemporada 2023-2024-nTorneo Apertura-nJornada 8-n25 Agosto 2023 - 2110 hrs.,  https--www.ligafemenil.mx-cancha-informeArbitral-134033-eyJpZERpdmlzaW9uIjoiMTQiLCJpZFRlbXBvcmFkYSI6Ijc0IiwiaWRUb3JuZW8iOiIxIiwiaWRDbHVibG9jYWwiOjExNzk1LCJpZENsdWJ2aXNpdGEiOjExMTg0fQ==-informe-arbitral-fc-juarez-vs-pachuca-jornada-8-estadio-olimpico-benito-juarez-fox-sports,  1 - 1,  https--www.ligafemenil.mx-cancha-estadio-17-estadio-olimpico-benito-juarez,  Olímpico Benito Juárez,  https--www.ligafemenil.mx-cancha-galeria-MTM0MDMzLzgvNzQvMS8xNA==-fc-juarez-vs-pachuca,  ,  https--www.ligafemenil.mx-cancha-playlist-134033-fc-juarez-vs-pachuca,  
2023-2024,Apertura,  Sábado 26 de Agosto de 2023-nTemporada 2023-2024-nTorneo Apertura-nJornada 8-n26 Agosto 2023 - 1200 hrs.,  https--www.ligafemenil.mx-cancha-informeArbitral-134035-eyJpZERpdmlzaW9uIjoiMTQiLCJpZFRlbXBvcmFkYSI6Ijc0IiwiaWRUb3JuZW8iOiIxIiwiaWRDbHVibG9jYWwiOjExMTgxLCJpZENsdWJ2aXNpdGEiOjEyMDQyfQ==-informe-arbitral-cruz-azul-vs-gallos-blancos-de-queretaro-jornada-8-estadio-instalaciones-la-noria-vix,  2 - 1,  https--www.ligafemenil.mx-cancha-estadio-877-estadio-instalaciones-la-noria,  INSTALACIONES LA NORIA,  https--www.ligafemenil.mx-cancha-galeria-MTM0MDM1LzgvNzQvMS8xNA==-cruz-azul-vs-gallos-blancos-de-queretaro,  ,  https--www.ligafemenil.mx-cancha-playlist-134035-cruz-azul-vs-gallos-blancos-de-queretaro,  
2023-2024,Apertura,  Domingo 27 de Agosto de 2023-nTemporada 2023-2024-nTorneo Apertura-nJornada 8-n27 Agosto 2023 - 1700 hrs.,  https--www.ligafemenil.mx-cancha-informeArbitral-134036-eyJpZERpdmlzaW9uIjoiMTQiLCJpZFRlbXBvcmFkYSI6Ijc0IiwiaWRUb3JuZW8iOiIxIiwiaWRDbHVibG9jYWwiOjExNzc4LCJpZENsdWJ2aXNpdGEiOjExMTgyfQ==-informe-arbitral-club-atletico-de-san-luis-vs-guadalajara-jornada-8-estadio-alfonso-lastras-ramirez-espn,  1 - 1,  https--www.ligafemenil.mx-cancha-estadio-14-estadio-alfonso-lastras-ramirez,  Alfonso Lastras Ramírez,  https--www.ligafemenil.mx-cancha-galeria-MTM0MDM2LzgvNzQvMS8xNA==-club-atletico-de-san-luis-vs-guadalajara,  ,  https--www.ligafemenil.mx-cancha-playlist-134036-club-atletico-de-san-luis-vs-guadalajara,  
2023-2024,Apertura,  Domingo 27 de Agosto de 2023-nTemporada 2023-2024-nTorneo Apertura-nJornada 8-n27 Agosto 2023 - 1700 hrs.,  https--www.ligafemenil.mx-cancha-informeArbitral-134037-eyJpZERpdmlzaW9uIjoiMTQiLCJpZFRlbXBvcmFkYSI6Ijc0IiwiaWRUb3JuZW8iOiIxIiwiaWRDbHVibG9jYWwiOjExMjQzLCJpZENsdWJ2aXNpdGEiOjExNTQzfQ==-informe-arbitral-leon-vs-puebla-fc-jornada-8-estadio-nou-camp-fox-sports,  1 - 0,  https--www.ligafemenil.mx-cancha-estadio-23-estadio-nou-camp,  Nou Camp,  https--www.ligafemenil.mx-cancha-galeria-MTM0MDM3LzgvNzQvMS8xNA==-leon-vs-puebla-fc,  ,  https--www.ligafemenil.mx-cancha-playlist-134037-leon-vs-puebla-fc,  
2023-2024,Apertura,  Lunes 28 de Agosto de 2023-nTemporada 2023-2024-nTorneo Apertura-nJornada 8-n28 Agosto 2023 - 1700 hrs.,  https--www.ligafemenil.mx-cancha-informeArbitral-134039-eyJpZERpdmlzaW9uIjoiMTQiLCJpZFRlbXBvcmFkYSI6Ijc0IiwiaWRUb3JuZW8iOiIxIiwiaWRDbHVibG9jYWwiOjExMTg3LCJpZENsdWJ2aXNpdGEiOjExMTg5fQ==-informe-arbitral-toluca-vs-necaxa-jornada-8-estadio-nemesio-diez-vix,  2 - 0,  https--www.ligafemenil.mx-cancha-estadio-6-estadio-nemesio-diez,  Nemesio Diez,  https--www.ligafemenil.mx-cancha-galeria-MTM0MDM5LzgvNzQvMS8xNA==-toluca-vs-necaxa,  ,  https--www.ligafemenil.mx-cancha-playlist-134039-toluca-vs-necaxa,  
2023-2024,Apertura,  Lunes 28 de Agosto de 2023-nTemporada 2023-2024-nTorneo Apertura-nJornada 8-n28 Agosto 2023 - 1906 hrs.,  https--www.ligafemenil.mx-cancha-informeArbitral-134040-eyJpZERpdmlzaW9uIjoiMTQiLCJpZFRlbXBvcmFkYSI6Ijc0IiwiaWRUb3JuZW8iOiIxIiwiaWRDbHVibG9jYWwiOjExMTkyLCJpZENsdWJ2aXNpdGEiOjExMTgwfQ==-informe-arbitral-santos-laguna-vs-tijuana-jornada-8-estadio-tsm-corona-fox-sports,  0 - 3,  https--www.ligafemenil.mx-cancha-estadio-63-estadio-tsm-corona,  TSM Corona,  https--www.ligafemenil.mx-cancha-galeria-MTM0MDQwLzgvNzQvMS8xNA==-santos-laguna-vs-tijuana,  ,  https--www.ligafemenil.mx-cancha-playlist-134040-santos-laguna-vs-tijuana,  
2023-2024,Apertura,  Miércoles 30 de Agosto de 2023-nTemporada 2023-2024-nTorneo Apertura-nJornada 6-n30 Agosto 2023 - 1906 hrs.,  https--www.ligafemenil.mx-cancha-informeArbitral-134016-eyJpZERpdmlzaW9uIjoiMTQiLCJpZFRlbXBvcmFkYSI6Ijc0IiwiaWRUb3JuZW8iOiIxIiwiaWRDbHVibG9jYWwiOjExMTg0LCJpZENsdWJ2aXNpdGEiOjExMjQ1fQ==-informe-arbitral-pachuca-vs-atlas-jornada-6-estadio-hidalgo-fox-sports,  4 - 3,  https--www.ligafemenil.mx-cancha-estadio-11-estadio-hidalgo,  Hidalgo,  https--www.ligafemenil.mx-cancha-galeria-MTM0MDE2LzYvNzQvMS8xNA==-pachuca-vs-atlas,  ,  https--www.ligafemenil.mx-cancha-playlist-134016-pachuca-vs-atlas,  
2023-2024,Apertura,  Viernes 1 de Septiembre de 2023-nTemporada 2023-2024-nTorneo Apertura-nJornada 9-n1 Septiembre 2023 - 1706 hrs.,  https--www.ligafemenil.mx-cancha-informeArbitral-134041-eyJpZERpdmlzaW9uIjoiMTQiLCJpZFRlbXBvcmFkYSI6Ijc0IiwiaWRUb3JuZW8iOiIxIiwiaWRDbHVibG9jYWwiOjEyMDQyLCJpZENsdWJ2aXNpdGEiOjExMTg3fQ==-informe-arbitral-gallos-blancos-de-queretaro-vs-toluca-jornada-9-estadio-la-corregidora-fox-sports,  1 - 2,  https--www.ligafemenil.mx-cancha-estadio-858-estadio-la-corregidora,  La Corregidora,  https--www.ligafemenil.mx-cancha-galeria-MTM0MDQxLzkvNzQvMS8xNA==-gallos-blancos-de-queretaro-vs-toluca,  ,  https--www.ligafemenil.mx-cancha-playlist-134041-gallos-blancos-de-queretaro-vs-toluca,  
2023-2024,Apertura,  Sábado 2 de Septiembre de 2023-nTemporada 2023-2024-nTorneo Apertura-nJornada 9-n2 Septiembre 2023 - 1200 hrs.,  https--www.ligafemenil.mx-cancha-informeArbitral-134043-eyJpZERpdmlzaW9uIjoiMTQiLCJpZFRlbXBvcmFkYSI6Ijc0IiwiaWRUb3JuZW8iOiIxIiwiaWRDbHVibG9jYWwiOjExMTg4LCJpZENsdWJ2aXNpdGEiOjExMjQzfQ==-informe-arbitral-pumas-vs-leon-jornada-9-estadio-olimpico-universitario-vix,  2 - 1,  https--www.ligafemenil.mx-cancha-estadio-7-estadio-olimpico-universitario,  Olímpico Universitario,  https--www.ligafemenil.mx-cancha-galeria-MTM0MDQzLzkvNzQvMS8xNA==-pumas-vs-leon,  ,  https--www.ligafemenil.mx-cancha-playlist-134043-pumas-vs-leon,  
2023-2024,Apertura,  Domingo 3 de Septiembre de 2023-nTemporada 2023-2024-nTorneo Apertura-nJornada 9-n3 Septiembre 2023 - 1200 hrs.,  https--www.ligafemenil.mx-cancha-informeArbitral-134045-eyJpZERpdmlzaW9uIjoiMTQiLCJpZFRlbXBvcmFkYSI6Ijc0IiwiaWRUb3JuZW8iOiIxIiwiaWRDbHVibG9jYWwiOjExMTgyLCJpZENsdWJ2aXNpdGEiOjExNzk1fQ==-informe-arbitral-guadalajara-vs-fc-juarez-jornada-9-estadio-akron-fox-sports,  2 - 0,  https--www.ligafemenil.mx-cancha-estadio-1538-estadio-akron,  Estadio AKRON,  https--www.ligafemenil.mx-cancha-galeria-MTM0MDQ1LzkvNzQvMS8xNA==-guadalajara-vs-fc-juarez,  ,  https--www.ligafemenil.mx-cancha-playlist-134045-guadalajara-vs-fc-juarez,  
2023-2024,Apertura,  Domingo 3 de Septiembre de 2023-nTemporada 2023-2024-nTorneo Apertura-nJornada 9-n3 Septiembre 2023 - 1606 hrs.,  https--www.ligafemenil.mx-cancha-informeArbitral-134044-eyJpZERpdmlzaW9uIjoiMTQiLCJpZFRlbXBvcmFkYSI6Ijc0IiwiaWRUb3JuZW8iOiIxIiwiaWRDbHVibG9jYWwiOjExNTQzLCJpZENsdWJ2aXNpdGEiOjExNzc4fQ==-informe-arbitral-puebla-fc-vs-club-atletico-de-san-luis-jornada-9-estadio-cuauhtemoc-fox-sports,  2 - 2,  https--www.ligafemenil.mx-cancha-estadio-9-estadio-cuauhtemoc,  Cuauhtémoc,  https--www.ligafemenil.mx-cancha-galeria-MTM0MDQ0LzkvNzQvMS8xNA==-puebla-fc-vs-club-atletico-de-san-luis,  ,  https--www.ligafemenil.mx-cancha-playlist-134044-puebla-fc-vs-club-atletico-de-san-luis,  
2023-2024,Apertura,  Domingo 3 de Septiembre de 2023-nTemporada 2023-2024-nTorneo Apertura-nJornada 9-n3 Septiembre 2023 - 1906 hrs.,  https--www.ligafemenil.mx-cancha-informeArbitral-134046-eyJpZERpdmlzaW9uIjoiMTQiLCJpZFRlbXBvcmFkYSI6Ijc0IiwiaWRUb3JuZW8iOiIxIiwiaWRDbHVibG9jYWwiOjExMTgwLCJpZENsdWJ2aXNpdGEiOjExMTg1fQ==-informe-arbitral-tijuana-vs-rayados-de-monterrey-jornada-9-estadio-caliente-fox-sports,  1 - 1,  https--www.ligafemenil.mx-cancha-estadio-48-estadio-caliente,  Caliente,  https--www.ligafemenil.mx-cancha-galeria-MTM0MDQ2LzkvNzQvMS8xNA==-tijuana-vs-rayados-de-monterrey,  ,  https--www.ligafemenil.mx-cancha-playlist-134046-tijuana-vs-rayados-de-monterrey,  
2023-2024,Apertura,  Lunes 4 de Septiembre de 2023-nTemporada 2023-2024-nTorneo Apertura-nJornada 9-n4 Septiembre 2023 - 1700 hrs.,  https--www.ligafemenil.mx-cancha-informeArbitral-134047-eyJpZERpdmlzaW9uIjoiMTQiLCJpZFRlbXBvcmFkYSI6Ijc0IiwiaWRUb3JuZW8iOiIxIiwiaWRDbHVibG9jYWwiOjExMTg5LCJpZENsdWJ2aXNpdGEiOjExMTgxfQ==-informe-arbitral-necaxa-vs-cruz-azul-jornada-9-estadio-victoria-vix,  1 - 1,  https--www.ligafemenil.mx-cancha-estadio-15-estadio-victoria,  Victoria,  https--www.ligafemenil.mx-cancha-galeria-MTM0MDQ3LzkvNzQvMS8xNA==-necaxa-vs-cruz-azul,  ,  https--www.ligafemenil.mx-cancha-playlist-134047-necaxa-vs-cruz-azul,  
2023-2024,Apertura,  Lunes 4 de Septiembre de 2023-nTemporada 2023-2024-nTorneo Apertura-nJornada 9-n4 Septiembre 2023 - 1906 hrs.,  https--www.ligafemenil.mx-cancha-informeArbitral-134048-eyJpZERpdmlzaW9uIjoiMTQiLCJpZFRlbXBvcmFkYSI6Ijc0IiwiaWRUb3JuZW8iOiIxIiwiaWRDbHVibG9jYWwiOjExMTg0LCJpZENsdWJ2aXNpdGEiOjEyMDUxfQ==-informe-arbitral-pachuca-vs-mazatlan-fc-jornada-9-estadio-hidalgo-fox-sports,  5 - 0,  https--www.ligafemenil.mx-cancha-estadio-11-estadio-hidalgo,  Hidalgo,  https--www.ligafemenil.mx-cancha-galeria-MTM0MDQ4LzkvNzQvMS8xNA==-pachuca-vs-mazatlan-fc,  ,  https--www.ligafemenil.mx-cancha-playlist-134048-pachuca-vs-mazatlan-fc,  
2023-2024,Apertura,  Lunes 4 de Septiembre de 2023-nTemporada 2023-2024-nTorneo Apertura-nJornada 9-n4 Septiembre 2023 - 2110 hrs.,  https--www.ligafemenil.mx-cancha-informeArbitral-134042-eyJpZERpdmlzaW9uIjoiMTQiLCJpZFRlbXBvcmFkYSI6Ijc0IiwiaWRUb3JuZW8iOiIxIiwiaWRDbHVibG9jYWwiOjExMjQ1LCJpZENsdWJ2aXNpdGEiOjExMTkyfQ==-informe-arbitral-atlas-vs-santos-laguna-jornada-9-estadio-jalisco-fox-sports,  0 - 0,  https--www.ligafemenil.mx-cancha-estadio-5-estadio-jalisco,  Jalisco,  https--www.ligafemenil.mx-cancha-galeria-MTM0MDQyLzkvNzQvMS8xNA==-atlas-vs-santos-laguna,  ,  https--www.ligafemenil.mx-cancha-playlist-134042-atlas-vs-santos-laguna,  
2023-2024,Apertura,  Miércoles 6 de Septiembre de 2023-nTemporada 2023-2024-nTorneo Apertura-nJornada 9-n6 Septiembre 2023 - 1900 hrs.,  https--www.ligafemenil.mx-cancha-informeArbitral-134049-eyJpZERpdmlzaW9uIjoiMTQiLCJpZFRlbXBvcmFkYSI6Ijc0IiwiaWRUb3JuZW8iOiIxIiwiaWRDbHVibG9jYWwiOjExMTkxLCJpZENsdWJ2aXNpdGEiOjExMTg2fQ==-informe-arbitral-america-vs-tigres-de-la-uanl-jornada-9-estadio-azteca-vix,  1 - 3,  https--www.ligafemenil.mx-cancha-estadio-1-estadio-azteca,  Azteca,  https--www.ligafemenil.mx-cancha-galeria-MTM0MDQ5LzkvNzQvMS8xNA==-america-vs-tigres-de-la-uanl,  ,  https--www.ligafemenil.mx-cancha-playlist-134049-america-vs-tigres-de-la-uanl,  
2023-2024,Apertura,  Jueves 7 de Septiembre de 2023-nTemporada 2023-2024-nTorneo Apertura-nJornada 7-n7 Septiembre 2023 - 1906 hrs.,  https--www.ligafemenil.mx-cancha-informeArbitral-134026-eyJpZERpdmlzaW9uIjoiMTQiLCJpZFRlbXBvcmFkYSI6Ijc0IiwiaWRUb3JuZW8iOiIxIiwiaWRDbHVibG9jYWwiOjExMjQ1LCJpZENsdWJ2aXNpdGEiOjExNzc4fQ==-informe-arbitral-atlas-vs-club-atletico-de-san-luis-jornada-7-estadio-jalisco-fox-sports,  2 - 1,  https--www.ligafemenil.mx-cancha-estadio-5-estadio-jalisco,  Jalisco,  https--www.ligafemenil.mx-cancha-galeria-MTM0MDI2LzcvNzQvMS8xNA==-atlas-vs-club-atletico-de-san-luis,  ,  https--www.ligafemenil.mx-cancha-playlist-134026-atlas-vs-club-atletico-de-san-luis,  
2023-2024,Apertura,  Sábado 9 de Septiembre de 2023-nTemporada 2023-2024-nTorneo Apertura-nJornada 10-n9 Septiembre 2023 - 1700 hrs.,  https--www.ligafemenil.mx-cancha-informeArbitral-134051-eyJpZERpdmlzaW9uIjoiMTQiLCJpZFRlbXBvcmFkYSI6Ijc0IiwiaWRUb3JuZW8iOiIxIiwiaWRDbHVibG9jYWwiOjExMTgyLCJpZENsdWJ2aXNpdGEiOjEyMDQyfQ==-informe-arbitral-guadalajara-vs-gallos-blancos-de-queretaro-jornada-10-estadio-akron-fox-sports,  3 - 1,  https--www.ligafemenil.mx-cancha-estadio-1538-estadio-akron,  Estadio AKRON,  https--www.ligafemenil.mx-cancha-galeria-MTM0MDUxLzEwLzc0LzEvMTQ=-guadalajara-vs-gallos-blancos-de-queretaro,  ,  https--www.ligafemenil.mx-cancha-playlist-134051-guadalajara-vs-gallos-blancos-de-queretaro,  
2023-2024,Apertura,  Sábado 9 de Septiembre de 2023-nTemporada 2023-2024-nTorneo Apertura-nJornada 10-n9 Septiembre 2023 - 1806 hrs.,  https--www.ligafemenil.mx-cancha-informeArbitral-134055-eyJpZERpdmlzaW9uIjoiMTQiLCJpZFRlbXBvcmFkYSI6Ijc0IiwiaWRUb3JuZW8iOiIxIiwiaWRDbHVibG9jYWwiOjEyMDUxLCJpZENsdWJ2aXNpdGEiOjExMTgwfQ==-informe-arbitral-mazatlan-fc-vs-tijuana-jornada-10-estadio-mazatlan-fox-sports,  0 - 2,  https--www.ligafemenil.mx-cancha-estadio-1697-estadio-mazatlan,  Estadio Mazatlán,  https--www.ligafemenil.mx-cancha-galeria-MTM0MDU1LzEwLzc0LzEvMTQ=-mazatlan-fc-vs-tijuana,  ,  https--www.ligafemenil.mx-cancha-playlist-134055-mazatlan-fc-vs-tijuana,  
2023-2024,Apertura,  Domingo 10 de Septiembre de 2023-nTemporada 2023-2024-nTorneo Apertura-nJornada 10-n10 Septiembre 2023 - 1600 hrs.,  https--www.ligafemenil.mx-cancha-informeArbitral-134053-eyJpZERpdmlzaW9uIjoiMTQiLCJpZFRlbXBvcmFkYSI6Ijc0IiwiaWRUb3JuZW8iOiIxIiwiaWRDbHVibG9jYWwiOjExMTg0LCJpZENsdWJ2aXNpdGEiOjExMTg4fQ==-informe-arbitral-pachuca-vs-pumas-jornada-10-estadio-hidalgo-fox-sports,  2 - 1,  https--www.ligafemenil.mx-cancha-estadio-11-estadio-hidalgo,  Hidalgo,  https--www.ligafemenil.mx-cancha-galeria-MTM0MDUzLzEwLzc0LzEvMTQ=-pachuca-vs-pumas,  ,  https--www.ligafemenil.mx-cancha-playlist-134053-pachuca-vs-pumas,  
2023-2024,Apertura,  Domingo 10 de Septiembre de 2023-nTemporada 2023-2024-nTorneo Apertura-nJornada 10-n10 Septiembre 2023 - 1806 hrs.,  https--www.ligafemenil.mx-cancha-informeArbitral-134054-eyJpZERpdmlzaW9uIjoiMTQiLCJpZFRlbXBvcmFkYSI6Ijc0IiwiaWRUb3JuZW8iOiIxIiwiaWRDbHVibG9jYWwiOjExMTkyLCJpZENsdWJ2aXNpdGEiOjExMTg1fQ==-informe-arbitral-santos-laguna-vs-rayados-de-monterrey-jornada-10-estadio-tsm-corona-fox-sports,  1 - 3,  https--www.ligafemenil.mx-cancha-estadio-63-estadio-tsm-corona,  TSM Corona,  https--www.ligafemenil.mx-cancha-galeria-MTM0MDU0LzEwLzc0LzEvMTQ=-santos-laguna-vs-rayados-de-monterrey,  ,  https--www.ligafemenil.mx-cancha-playlist-134054-santos-laguna-vs-rayados-de-monterrey,  
2023-2024,Apertura,  Domingo 10 de Septiembre de 2023-nTemporada 2023-2024-nTorneo Apertura-nJornada 10-n10 Septiembre 2023 - 2006 hrs.,  https--www.ligafemenil.mx-cancha-informeArbitral-134056-eyJpZERpdmlzaW9uIjoiMTQiLCJpZFRlbXBvcmFkYSI6Ijc0IiwiaWRUb3JuZW8iOiIxIiwiaWRDbHVibG9jYWwiOjExNzk1LCJpZENsdWJ2aXNpdGEiOjExMTg5fQ==-informe-arbitral-fc-juarez-vs-necaxa-jornada-10-estadio-olimpico-benito-juarez-fox-sports,  6 - 0,  https--www.ligafemenil.mx-cancha-estadio-17-estadio-olimpico-benito-juarez,  Olímpico Benito Juárez,  https--www.ligafemenil.mx-cancha-galeria-MTM0MDU2LzEwLzc0LzEvMTQ=-fc-juarez-vs-necaxa,  ,  https--www.ligafemenil.mx-cancha-playlist-134056-fc-juarez-vs-necaxa,  
2023-2024,Apertura,  Lunes 11 de Septiembre de 2023-nTemporada 2023-2024-nTorneo Apertura-nJornada 10-n11 Septiembre 2023 - 1545 hrs.,  https--www.ligafemenil.mx-cancha-informeArbitral-134050-eyJpZERpdmlzaW9uIjoiMTQiLCJpZFRlbXBvcmFkYSI6Ijc0IiwiaWRUb3JuZW8iOiIxIiwiaWRDbHVibG9jYWwiOjExMTgxLCJpZENsdWJ2aXNpdGEiOjExMjQ1fQ==-informe-arbitral-cruz-azul-vs-atlas-jornada-10-estadio-instalaciones-la-noria-vix,  2 - 0,  https--www.ligafemenil.mx-cancha-estadio-877-estadio-instalaciones-la-noria,  INSTALACIONES LA NORIA,  https--www.ligafemenil.mx-cancha-galeria-MTM0MDUwLzEwLzc0LzEvMTQ=-cruz-azul-vs-atlas,  ,  https--www.ligafemenil.mx-cancha-playlist-134050-cruz-azul-vs-atlas,  
2023-2024,Apertura,  Lunes 11 de Septiembre de 2023-nTemporada 2023-2024-nTorneo Apertura-nJornada 10-n11 Septiembre 2023 - 1900 hrs.,  https--www.ligafemenil.mx-cancha-informeArbitral-134058-eyJpZERpdmlzaW9uIjoiMTQiLCJpZFRlbXBvcmFkYSI6Ijc0IiwiaWRUb3JuZW8iOiIxIiwiaWRDbHVibG9jYWwiOjExMTg2LCJpZENsdWJ2aXNpdGEiOjExMjQzfQ==-informe-arbitral-tigres-de-la-uanl-vs-leon-jornada-10-estadio-universitario-vix,  3 - 1,  https--www.ligafemenil.mx-cancha-estadio-12-estadio-universitario,  Universitario,  https--www.ligafemenil.mx-cancha-galeria-MTM0MDU4LzEwLzc0LzEvMTQ=-tigres-de-la-uanl-vs-leon,  ,  https--www.ligafemenil.mx-cancha-playlist-134058-tigres-de-la-uanl-vs-leon,  
2023-2024,Apertura,  Martes 12 de Septiembre de 2023-nTemporada 2023-2024-nTorneo Apertura-nJornada 10-n12 Septiembre 2023 - 2000 hrs.,  https--www.ligafemenil.mx-cancha-informeArbitral-134057-eyJpZERpdmlzaW9uIjoiMTQiLCJpZFRlbXBvcmFkYSI6Ijc0IiwiaWRUb3JuZW8iOiIxIiwiaWRDbHVibG9jYWwiOjExNzc4LCJpZENsdWJ2aXNpdGEiOjExMTkxfQ==-informe-arbitral-club-atletico-de-san-luis-vs-america-jornada-10-estadio-alfonso-lastras-ramirez-espn,  1 - 4,  https--www.ligafemenil.mx-cancha-estadio-14-estadio-alfonso-lastras-ramirez,  Alfonso Lastras Ramírez,  https--www.ligafemenil.mx-cancha-galeria-MTM0MDU3LzEwLzc0LzEvMTQ=-club-atletico-de-san-luis-vs-america,  ,  https--www.ligafemenil.mx-cancha-playlist-134057-club-atletico-de-san-luis-vs-america,  
2023-2024,Apertura,  Jueves 14 de Septiembre de 2023-nTemporada 2023-2024-nTorneo Apertura-nJornada 14-n14 Septiembre 2023 - 2106 hrs.,  https--www.ligafemenil.mx-cancha-informeArbitral-134093-eyJpZERpdmlzaW9uIjoiMTQiLCJpZFRlbXBvcmFkYSI6Ijc0IiwiaWRUb3JuZW8iOiIxIiwiaWRDbHVibG9jYWwiOjExNzk1LCJpZENsdWJ2aXNpdGEiOjExNTQzfQ==-informe-arbitral-fc-juarez-vs-puebla-fc-jornada-14-estadio-olimpico-benito-juarez-fox-sports,  3 - 0,  https--www.ligafemenil.mx-cancha-estadio-17-estadio-olimpico-benito-juarez,  Olímpico Benito Juárez,  https--www.ligafemenil.mx-cancha-galeria-MTM0MDkzLzE0Lzc0LzEvMTQ=-fc-juarez-vs-puebla-fc,  ,  https--www.ligafemenil.mx-cancha-playlist-134093-fc-juarez-vs-puebla-fc,  
2023-2024,Apertura,  Viernes 15 de Septiembre de 2023-nTemporada 2023-2024-nTorneo Apertura-nJornada 11-n15 Septiembre 2023 - 1700 hrs.,  https--www.ligafemenil.mx-cancha-informeArbitral-134061-eyJpZERpdmlzaW9uIjoiMTQiLCJpZFRlbXBvcmFkYSI6Ijc0IiwiaWRUb3JuZW8iOiIxIiwiaWRDbHVibG9jYWwiOjExMTg5LCJpZENsdWJ2aXNpdGEiOjExMTkyfQ==-informe-arbitral-necaxa-vs-santos-laguna-jornada-11-estadio-victoria-vix,  2 - 2,  https--www.ligafemenil.mx-cancha-estadio-15-estadio-victoria,  Victoria,  https--www.ligafemenil.mx-cancha-galeria-MTM0MDYxLzExLzc0LzEvMTQ=-necaxa-vs-santos-laguna,  ,  https--www.ligafemenil.mx-cancha-playlist-134061-necaxa-vs-santos-laguna,  
2023-2024,Apertura,  Viernes 15 de Septiembre de 2023-nTemporada 2023-2024-nTorneo Apertura-nJornada 11-n15 Septiembre 2023 - 1706 hrs.,  https--www.ligafemenil.mx-cancha-informeArbitral-134060-eyJpZERpdmlzaW9uIjoiMTQiLCJpZFRlbXBvcmFkYSI6Ijc0IiwiaWRUb3JuZW8iOiIxIiwiaWRDbHVibG9jYWwiOjEyMDQyLCJpZENsdWJ2aXNpdGEiOjExMTg2fQ==-informe-arbitral-gallos-blancos-de-queretaro-vs-tigres-de-la-uanl-jornada-11-estadio-la-corregidora-fox-premium,  0 - 4,  https--www.ligafemenil.mx-cancha-estadio-858-estadio-la-corregidora,  La Corregidora,  https--www.ligafemenil.mx-cancha-galeria-MTM0MDYwLzExLzc0LzEvMTQ=-gallos-blancos-de-queretaro-vs-tigres-de-la-uanl,  ,  https--www.ligafemenil.mx-cancha-playlist-134060-gallos-blancos-de-queretaro-vs-tigres-de-la-uanl,  
2023-2024,Apertura,  Viernes 15 de Septiembre de 2023-nTemporada 2023-2024-nTorneo Apertura-nJornada 11-n15 Septiembre 2023 - 2100 hrs.,  https--www.ligafemenil.mx-cancha-informeArbitral-134062-eyJpZERpdmlzaW9uIjoiMTQiLCJpZFRlbXBvcmFkYSI6Ijc0IiwiaWRUb3JuZW8iOiIxIiwiaWRDbHVibG9jYWwiOjExMTg1LCJpZENsdWJ2aXNpdGEiOjExMTg0fQ==-informe-arbitral-rayados-de-monterrey-vs-pachuca-jornada-11-estadio-bbva-vix,  2 - 2,  https--www.ligafemenil.mx-cancha-estadio-1608-estadio-bbva,  Estadio BBVA,  https--www.ligafemenil.mx-cancha-galeria-MTM0MDYyLzExLzc0LzEvMTQ=-rayados-de-monterrey-vs-pachuca,  ,  https--www.ligafemenil.mx-cancha-playlist-134062-rayados-de-monterrey-vs-pachuca,  
2023-2024,Apertura,  Sábado 16 de Septiembre de 2023-nTemporada 2023-2024-nTorneo Apertura-nJornada 11-n16 Septiembre 2023 - 1200 hrs.,  https--www.ligafemenil.mx-cancha-informeArbitral-134063-eyJpZERpdmlzaW9uIjoiMTQiLCJpZFRlbXBvcmFkYSI6Ijc0IiwiaWRUb3JuZW8iOiIxIiwiaWRDbHVibG9jYWwiOjExMTg4LCJpZENsdWJ2aXNpdGEiOjExMTg3fQ==-informe-arbitral-pumas-vs-toluca-jornada-11-estadio-olimpico-universitario-vix,  5 - 1,  https--www.ligafemenil.mx-cancha-estadio-7-estadio-olimpico-universitario,  Olímpico Universitario,  https--www.ligafemenil.mx-cancha-galeria-MTM0MDYzLzExLzc0LzEvMTQ=-pumas-vs-toluca,  ,  https--www.ligafemenil.mx-cancha-playlist-134063-pumas-vs-toluca,  
2023-2024,Apertura,  Domingo 17 de Septiembre de 2023-nTemporada 2023-2024-nTorneo Apertura-nJornada 11-n17 Septiembre 2023 - 1200 hrs.,  https--www.ligafemenil.mx-cancha-informeArbitral-134064-eyJpZERpdmlzaW9uIjoiMTQiLCJpZFRlbXBvcmFkYSI6Ijc0IiwiaWRUb3JuZW8iOiIxIiwiaWRDbHVibG9jYWwiOjExNTQzLCJpZENsdWJ2aXNpdGEiOjExMTgxfQ==-informe-arbitral-puebla-fc-vs-cruz-azul-jornada-11-estadio-cuauhtemoc-fox-premium,  2 - 0,  https--www.ligafemenil.mx-cancha-estadio-9-estadio-cuauhtemoc,  Cuauhtémoc,  https--www.ligafemenil.mx-cancha-galeria-MTM0MDY0LzExLzc0LzEvMTQ=-puebla-fc-vs-cruz-azul,  ,  https--www.ligafemenil.mx-cancha-playlist-134064-puebla-fc-vs-cruz-azul,  
2023-2024,Apertura,  Domingo 17 de Septiembre de 2023-nTemporada 2023-2024-nTorneo Apertura-nJornada 11-n17 Septiembre 2023 - 1700 hrs.,  https--www.ligafemenil.mx-cancha-informeArbitral-134065-eyJpZERpdmlzaW9uIjoiMTQiLCJpZFRlbXBvcmFkYSI6Ijc0IiwiaWRUb3JuZW8iOiIxIiwiaWRDbHVibG9jYWwiOjExMTkxLCJpZENsdWJ2aXNpdGEiOjExMTgyfQ==-informe-arbitral-america-vs-guadalajara-jornada-11-estadio-azteca-vix,  2 - 1,  https--www.ligafemenil.mx-cancha-estadio-1-estadio-azteca,  Azteca,  https--www.ligafemenil.mx-cancha-galeria-MTM0MDY1LzExLzc0LzEvMTQ=-america-vs-guadalajara,  ,  https--www.ligafemenil.mx-cancha-playlist-134065-america-vs-guadalajara,  
2023-2024,Apertura,  Domingo 17 de Septiembre de 2023-nTemporada 2023-2024-nTorneo Apertura-nJornada 11-n17 Septiembre 2023 - 1906 hrs.,  https--www.ligafemenil.mx-cancha-informeArbitral-134066-eyJpZERpdmlzaW9uIjoiMTQiLCJpZFRlbXBvcmFkYSI6Ijc0IiwiaWRUb3JuZW8iOiIxIiwiaWRDbHVibG9jYWwiOjExMjQzLCJpZENsdWJ2aXNpdGEiOjExNzc4fQ==-informe-arbitral-leon-vs-club-atletico-de-san-luis-jornada-11-estadio-nou-camp-fox-premium,  3 - 0,  https--www.ligafemenil.mx-cancha-estadio-23-estadio-nou-camp,  Nou Camp,  https--www.ligafemenil.mx-cancha-galeria-MTM0MDY2LzExLzc0LzEvMTQ=-leon-vs-club-atletico-de-san-luis,  ,  https--www.ligafemenil.mx-cancha-playlist-134066-leon-vs-club-atletico-de-san-luis,  
2023-2024,Apertura,  Domingo 17 de Septiembre de 2023-nTemporada 2023-2024-nTorneo Apertura-nJornada 11-n17 Septiembre 2023 - 1806 hrs.,  https--www.ligafemenil.mx-cancha-informeArbitral-134059-eyJpZERpdmlzaW9uIjoiMTQiLCJpZFRlbXBvcmFkYSI6Ijc0IiwiaWRUb3JuZW8iOiIxIiwiaWRDbHVibG9jYWwiOjExMTgwLCJpZENsdWJ2aXNpdGEiOjExMjQ1fQ==-informe-arbitral-tijuana-vs-atlas-jornada-11-estadio-caliente-fox-sports,  1 - 1,  https--www.ligafemenil.mx-cancha-estadio-48-estadio-caliente,  Caliente,  https--www.ligafemenil.mx-cancha-galeria-MTM0MDU5LzExLzc0LzEvMTQ=-tijuana-vs-atlas,  ,  https--www.ligafemenil.mx-cancha-playlist-134059-tijuana-vs-atlas,  
2023-2024,Apertura,  Domingo 17 de Septiembre de 2023-nTemporada 2023-2024-nTorneo Apertura-nJornada 11-n17 Septiembre 2023 - 2010 hrs.,  https--www.ligafemenil.mx-cancha-informeArbitral-134067-eyJpZERpdmlzaW9uIjoiMTQiLCJpZFRlbXBvcmFkYSI6Ijc0IiwiaWRUb3JuZW8iOiIxIiwiaWRDbHVibG9jYWwiOjEyMDUxLCJpZENsdWJ2aXNpdGEiOjExNzk1fQ==-informe-arbitral-mazatlan-fc-vs-fc-juarez-jornada-11-estadio-mazatlan-fox-sports--fox-premium,  0 - 1,  https--www.ligafemenil.mx-cancha-estadio-1697-estadio-mazatlan,  Estadio Mazatlán,  https--www.ligafemenil.mx-cancha-galeria-MTM0MDY3LzExLzc0LzEvMTQ=-mazatlan-fc-vs-fc-juarez,  ,  https--www.ligafemenil.mx-cancha-playlist-134067-mazatlan-fc-vs-fc-juarez,  
2023-2024,Apertura,  Viernes 29 de Septiembre de 2023-nTemporada 2023-2024-nTorneo Apertura-nJornada 12-n29 Septiembre 2023 - 1700 hrs.,  https--www.ligafemenil.mx-cancha-informeArbitral-134068-eyJpZERpdmlzaW9uIjoiMTQiLCJpZFRlbXBvcmFkYSI6Ijc0IiwiaWRUb3JuZW8iOiIxIiwiaWRDbHVibG9jYWwiOjExMTg5LCJpZENsdWJ2aXNpdGEiOjExMTg1fQ==-informe-arbitral-necaxa-vs-rayados-de-monterrey-jornada-12-estadio-victoria-vix,  0 - 4,  https--www.ligafemenil.mx-cancha-estadio-15-estadio-victoria,  Victoria,  https--www.ligafemenil.mx-cancha-galeria-MTM0MDY4LzEyLzc0LzEvMTQ=-necaxa-vs-rayados-de-monterrey,  ,  https--www.ligafemenil.mx-cancha-playlist-134068-necaxa-vs-rayados-de-monterrey,  
2023-2024,Apertura,  Sábado 30 de Septiembre de 2023-nTemporada 2023-2024-nTorneo Apertura-nJornada 12-n30 Septiembre 2023 - 1200 hrs.,  https--www.ligafemenil.mx-cancha-informeArbitral-134069-eyJpZERpdmlzaW9uIjoiMTQiLCJpZFRlbXBvcmFkYSI6Ijc0IiwiaWRUb3JuZW8iOiIxIiwiaWRDbHVibG9jYWwiOjExMTgxLCJpZENsdWJ2aXNpdGEiOjExMjQzfQ==-informe-arbitral-cruz-azul-vs-leon-jornada-12-estadio-instalaciones-la-noria-vix,  0 - 1,  https--www.ligafemenil.mx-cancha-estadio-877-estadio-instalaciones-la-noria,  INSTALACIONES LA NORIA,  https--www.ligafemenil.mx-cancha-galeria-MTM0MDY5LzEyLzc0LzEvMTQ=-cruz-azul-vs-leon,  ,  https--www.ligafemenil.mx-cancha-playlist-134069-cruz-azul-vs-leon,  
2023-2024,Apertura,  Domingo 1 de Octubre de 2023-nTemporada 2023-2024-nTorneo Apertura-nJornada 12-n1 Octubre 2023 - 1600 hrs.,  https--www.ligafemenil.mx-cancha-informeArbitral-134070-eyJpZERpdmlzaW9uIjoiMTQiLCJpZFRlbXBvcmFkYSI6Ijc0IiwiaWRUb3JuZW8iOiIxIiwiaWRDbHVibG9jYWwiOjExMTgyLCJpZENsdWJ2aXNpdGEiOjEyMDUxfQ==-informe-arbitral-guadalajara-vs-mazatlan-fc-jornada-12-estadio-akron-fox-premium,  5 - 0,  https--www.ligafemenil.mx-cancha-estadio-1538-estadio-akron,  Estadio AKRON,  https--www.ligafemenil.mx-cancha-galeria-MTM0MDcwLzEyLzc0LzEvMTQ=-guadalajara-vs-mazatlan-fc,  ,  https--www.ligafemenil.mx-cancha-playlist-134070-guadalajara-vs-mazatlan-fc,  
2023-2024,Apertura,  Domingo 1 de Octubre de 2023-nTemporada 2023-2024-nTorneo Apertura-nJornada 12-n1 Octubre 2023 - 1806 hrs.,  https--www.ligafemenil.mx-cancha-informeArbitral-134071-eyJpZERpdmlzaW9uIjoiMTQiLCJpZFRlbXBvcmFkYSI6Ijc0IiwiaWRUb3JuZW8iOiIxIiwiaWRDbHVibG9jYWwiOjExMTg0LCJpZENsdWJ2aXNpdGEiOjExMTkxfQ==-informe-arbitral-pachuca-vs-america-jornada-12-estadio-hidalgo-fox-sports--fox-premium,  4 - 2,  https--www.ligafemenil.mx-cancha-estadio-11-estadio-hidalgo,  Hidalgo,  https--www.ligafemenil.mx-cancha-galeria-MTM0MDcxLzEyLzc0LzEvMTQ=-pachuca-vs-america,  ,  https--www.ligafemenil.mx-cancha-playlist-134071-pachuca-vs-america,  
2023-2024,Apertura,  Domingo 1 de Octubre de 2023-nTemporada 2023-2024-nTorneo Apertura-nJornada 12-n1 Octubre 2023 - 2006 hrs.,  https--www.ligafemenil.mx-cancha-informeArbitral-134072-eyJpZERpdmlzaW9uIjoiMTQiLCJpZFRlbXBvcmFkYSI6Ijc0IiwiaWRUb3JuZW8iOiIxIiwiaWRDbHVibG9jYWwiOjExNzk1LCJpZENsdWJ2aXNpdGEiOjEyMDQyfQ==-informe-arbitral-fc-juarez-vs-gallos-blancos-de-queretaro-jornada-12-estadio-olimpico-benito-juarez-fox-premium,  2 - 2,  https--www.ligafemenil.mx-cancha-estadio-17-estadio-olimpico-benito-juarez,  Olímpico Benito Juárez,  https--www.ligafemenil.mx-cancha-galeria-MTM0MDcyLzEyLzc0LzEvMTQ=-fc-juarez-vs-gallos-blancos-de-queretaro,  ,  https--www.ligafemenil.mx-cancha-playlist-134072-fc-juarez-vs-gallos-blancos-de-queretaro,  
2023-2024,Apertura,  Lunes 2 de Octubre de 2023-nTemporada 2023-2024-nTorneo Apertura-nJornada 12-n2 Octubre 2023 - 1900 hrs.,  https--www.ligafemenil.mx-cancha-informeArbitral-134074-eyJpZERpdmlzaW9uIjoiMTQiLCJpZFRlbXBvcmFkYSI6Ijc0IiwiaWRUb3JuZW8iOiIxIiwiaWRDbHVibG9jYWwiOjExNzc4LCJpZENsdWJ2aXNpdGEiOjExMTgwfQ==-informe-arbitral-club-atletico-de-san-luis-vs-tijuana-jornada-12-estadio-alfonso-lastras-ramirez-espn,  0 - 2,  https--www.ligafemenil.mx-cancha-estadio-14-estadio-alfonso-lastras-ramirez,  Alfonso Lastras Ramírez,  https--www.ligafemenil.mx-cancha-galeria-MTM0MDc0LzEyLzc0LzEvMTQ=-club-atletico-de-san-luis-vs-tijuana,  ,  https--www.ligafemenil.mx-cancha-playlist-134074-club-atletico-de-san-luis-vs-tijuana,  
2023-2024,Apertura,  Lunes 2 de Octubre de 2023-nTemporada 2023-2024-nTorneo Apertura-nJornada 12-n2 Octubre 2023 - 1900 hrs.,  https--www.ligafemenil.mx-cancha-informeArbitral-134075-eyJpZERpdmlzaW9uIjoiMTQiLCJpZFRlbXBvcmFkYSI6Ijc0IiwiaWRUb3JuZW8iOiIxIiwiaWRDbHVibG9jYWwiOjExMTg2LCJpZENsdWJ2aXNpdGEiOjExMTg4fQ==-informe-arbitral-tigres-de-la-uanl-vs-pumas-jornada-12-estadio-universitario-vix,  3 - 0,  https--www.ligafemenil.mx-cancha-estadio-12-estadio-universitario,  Universitario,  https--www.ligafemenil.mx-cancha-galeria-MTM0MDc1LzEyLzc0LzEvMTQ=-tigres-de-la-uanl-vs-pumas,  ,  https--www.ligafemenil.mx-cancha-playlist-134075-tigres-de-la-uanl-vs-pumas,  
2023-2024,Apertura,  Lunes 2 de Octubre de 2023-nTemporada 2023-2024-nTorneo Apertura-nJornada 12-n2 Octubre 2023 - 1906 hrs.,  https--www.ligafemenil.mx-cancha-informeArbitral-134073-eyJpZERpdmlzaW9uIjoiMTQiLCJpZFRlbXBvcmFkYSI6Ijc0IiwiaWRUb3JuZW8iOiIxIiwiaWRDbHVibG9jYWwiOjExMjQ1LCJpZENsdWJ2aXNpdGEiOjExNTQzfQ==-informe-arbitral-atlas-vs-puebla-fc-jornada-12-estadio-jalisco-fox-sports--fox-premium,  2 - 1,  https--www.ligafemenil.mx-cancha-estadio-5-estadio-jalisco,  Jalisco,  https--www.ligafemenil.mx-cancha-galeria-MTM0MDczLzEyLzc0LzEvMTQ=-atlas-vs-puebla-fc,  ,  https--www.ligafemenil.mx-cancha-playlist-134073-atlas-vs-puebla-fc,  
2023-2024,Apertura,  Lunes 2 de Octubre de 2023-nTemporada 2023-2024-nTorneo Apertura-nJornada 12-n2 Octubre 2023 - 2110 hrs.,  https--www.ligafemenil.mx-cancha-informeArbitral-134076-eyJpZERpdmlzaW9uIjoiMTQiLCJpZFRlbXBvcmFkYSI6Ijc0IiwiaWRUb3JuZW8iOiIxIiwiaWRDbHVibG9jYWwiOjExMTkyLCJpZENsdWJ2aXNpdGEiOjExMTg3fQ==-informe-arbitral-santos-laguna-vs-toluca-jornada-12-estadio-tsm-corona-fox-sports--fox-premium,  2 - 2,  https--www.ligafemenil.mx-cancha-estadio-63-estadio-tsm-corona,  TSM Corona,  https--www.ligafemenil.mx-cancha-galeria-MTM0MDc2LzEyLzc0LzEvMTQ=-santos-laguna-vs-toluca,  ,  https--www.ligafemenil.mx-cancha-playlist-134076-santos-laguna-vs-toluca,  
2023-2024,Apertura,  Miércoles 4 de Octubre de 2023-nTemporada 2023-2024-nTorneo Apertura-nJornada 6-n4 Octubre 2023 - 2100 hrs.,  https--www.ligafemenil.mx-cancha-informeArbitral-134021-eyJpZERpdmlzaW9uIjoiMTQiLCJpZFRlbXBvcmFkYSI6Ijc0IiwiaWRUb3JuZW8iOiIxIiwiaWRDbHVibG9jYWwiOjExNzk1LCJpZENsdWJ2aXNpdGEiOjExMjQzfQ==-informe-arbitral-fc-juarez-vs-leon-jornada-6-estadio-olimpico-benito-juarez-fox-sports--fox-premium,  1 - 0,  https--www.ligafemenil.mx-cancha-estadio-17-estadio-olimpico-benito-juarez,  Olímpico Benito Juárez,  https--www.ligafemenil.mx-cancha-galeria-MTM0MDIxLzYvNzQvMS8xNA==-fc-juarez-vs-leon,  ,  https--www.ligafemenil.mx-cancha-playlist-134021-fc-juarez-vs-leon,  
2023-2024,Apertura,  Jueves 5 de Octubre de 2023-nTemporada 2023-2024-nTorneo Apertura-nJornada 10-n5 Octubre 2023 - 1700 hrs.,  https--www.ligafemenil.mx-cancha-informeArbitral-134052-eyJpZERpdmlzaW9uIjoiMTQiLCJpZFRlbXBvcmFkYSI6Ijc0IiwiaWRUb3JuZW8iOiIxIiwiaWRDbHVibG9jYWwiOjExMTg3LCJpZENsdWJ2aXNpdGEiOjExNTQzfQ==-informe-arbitral-toluca-vs-puebla-fc-jornada-10-estadio-nemesio-diez-vix,  3 - 0,  https--www.ligafemenil.mx-cancha-estadio-6-estadio-nemesio-diez,  Nemesio Diez,  https--www.ligafemenil.mx-cancha-galeria-MTM0MDUyLzEwLzc0LzEvMTQ=-toluca-vs-puebla-fc,  ,  https--www.ligafemenil.mx-cancha-playlist-134052-toluca-vs-puebla-fc,  
2023-2024,Apertura,  Viernes 6 de Octubre de 2023-nTemporada 2023-2024-nTorneo Apertura-nJornada 13-n6 Octubre 2023 - 1545 hrs.,  https--www.ligafemenil.mx-cancha-informeArbitral-134077-eyJpZERpdmlzaW9uIjoiMTQiLCJpZFRlbXBvcmFkYSI6Ijc0IiwiaWRUb3JuZW8iOiIxIiwiaWRDbHVibG9jYWwiOjExMTgxLCJpZENsdWJ2aXNpdGEiOjExNzc4fQ==-informe-arbitral-cruz-azul-vs-club-atletico-de-san-luis-jornada-13-estadio-instalaciones-la-noria-vix,  3 - 1,  https--www.ligafemenil.mx-cancha-estadio-877-estadio-instalaciones-la-noria,  INSTALACIONES LA NORIA,  https--www.ligafemenil.mx-cancha-galeria-MTM0MDc3LzEzLzc0LzEvMTQ=-cruz-azul-vs-club-atletico-de-san-luis,  ,  https--www.ligafemenil.mx-cancha-playlist-134077-cruz-azul-vs-club-atletico-de-san-luis,  
2023-2024,Apertura,  Viernes 6 de Octubre de 2023-nTemporada 2023-2024-nTorneo Apertura-nJornada 13-n6 Octubre 2023 - 1900 hrs.,  https--www.ligafemenil.mx-cancha-informeArbitral-134078-eyJpZERpdmlzaW9uIjoiMTQiLCJpZFRlbXBvcmFkYSI6Ijc0IiwiaWRUb3JuZW8iOiIxIiwiaWRDbHVibG9jYWwiOjExMjQ1LCJpZENsdWJ2aXNpdGEiOjEyMDUxfQ==-informe-arbitral-atlas-vs-mazatlan-fc-jornada-13-estadio-jalisco-fox-sports--fox-premium,  3 - 1,  https--www.ligafemenil.mx-cancha-estadio-5-estadio-jalisco,  Jalisco,  https--www.ligafemenil.mx-cancha-galeria-MTM0MDc4LzEzLzc0LzEvMTQ=-atlas-vs-mazatlan-fc,  ,  https--www.ligafemenil.mx-cancha-playlist-134078-atlas-vs-mazatlan-fc,  
2023-2024,Apertura,  Domingo 8 de Octubre de 2023-nTemporada 2023-2024-nTorneo Apertura-nJornada 13-n8 Octubre 2023 - 1200 hrs.,  https--www.ligafemenil.mx-cancha-informeArbitral-134080-eyJpZERpdmlzaW9uIjoiMTQiLCJpZFRlbXBvcmFkYSI6Ijc0IiwiaWRUb3JuZW8iOiIxIiwiaWRDbHVibG9jYWwiOjExNTQzLCJpZENsdWJ2aXNpdGEiOjExMTkyfQ==-informe-arbitral-puebla-fc-vs-santos-laguna-jornada-13-estadio-cuauhtemoc-fox-sports,  2 - 1,  https--www.ligafemenil.mx-cancha-estadio-9-estadio-cuauhtemoc,  Cuauhtémoc,  https--www.ligafemenil.mx-cancha-galeria-MTM0MDgwLzEzLzc0LzEvMTQ=-puebla-fc-vs-santos-laguna,  ,  https--www.ligafemenil.mx-cancha-playlist-134080-puebla-fc-vs-santos-laguna,  
2023-2024,Apertura,  Domingo 8 de Octubre de 2023-nTemporada 2023-2024-nTorneo Apertura-nJornada 13-n8 Octubre 2023 - 1545 hrs.,  https--www.ligafemenil.mx-cancha-informeArbitral-134081-eyJpZERpdmlzaW9uIjoiMTQiLCJpZFRlbXBvcmFkYSI6Ijc0IiwiaWRUb3JuZW8iOiIxIiwiaWRDbHVibG9jYWwiOjExMTkxLCJpZENsdWJ2aXNpdGEiOjExNzk1fQ==-informe-arbitral-america-vs-fc-juarez-jornada-13-estadio-cancha-centenario-no-5-natural-instalaciones-club-america-vix,  5 - 2,  https--www.ligafemenil.mx-cancha-estadio-1421-estadio-cancha-centenario-no-5-natural-instalaciones-club-america,  Cancha Centenario No. 5 (Natural) Instalaciones Club América,  https--www.ligafemenil.mx-cancha-galeria-MTM0MDgxLzEzLzc0LzEvMTQ=-america-vs-fc-juarez,  ,  https--www.ligafemenil.mx-cancha-playlist-134081-america-vs-fc-juarez,  
2023-2024,Apertura,  Domingo 8 de Octubre de 2023-nTemporada 2023-2024-nTorneo Apertura-nJornada 13-n8 Octubre 2023 - 1600 hrs.,  https--www.ligafemenil.mx-cancha-informeArbitral-134079-eyJpZERpdmlzaW9uIjoiMTQiLCJpZFRlbXBvcmFkYSI6Ijc0IiwiaWRUb3JuZW8iOiIxIiwiaWRDbHVibG9jYWwiOjExMTgwLCJpZENsdWJ2aXNpdGEiOjExMTg2fQ==-informe-arbitral-tijuana-vs-tigres-de-la-uanl-jornada-13-estadio-caliente-fox-premium,  0 - 0,  https--www.ligafemenil.mx-cancha-estadio-48-estadio-caliente,  Caliente,  https--www.ligafemenil.mx-cancha-galeria-MTM0MDc5LzEzLzc0LzEvMTQ=-tijuana-vs-tigres-de-la-uanl,  ,  https--www.ligafemenil.mx-cancha-playlist-134079-tijuana-vs-tigres-de-la-uanl,  
2023-2024,Apertura,  Domingo 8 de Octubre de 2023-nTemporada 2023-2024-nTorneo Apertura-nJornada 13-n8 Octubre 2023 - 2106 hrs.,  https--www.ligafemenil.mx-cancha-informeArbitral-134084-eyJpZERpdmlzaW9uIjoiMTQiLCJpZFRlbXBvcmFkYSI6Ijc0IiwiaWRUb3JuZW8iOiIxIiwiaWRDbHVibG9jYWwiOjExMjQzLCJpZENsdWJ2aXNpdGEiOjExMTg0fQ==-informe-arbitral-leon-vs-pachuca-jornada-13-estadio-nou-camp-fox-sports,  0 - 6,  https--www.ligafemenil.mx-cancha-estadio-23-estadio-nou-camp,  Nou Camp,  https--www.ligafemenil.mx-cancha-galeria-MTM0MDg0LzEzLzc0LzEvMTQ=-leon-vs-pachuca,  ,  https--www.ligafemenil.mx-cancha-playlist-134084-leon-vs-pachuca,  
2023-2024,Apertura,  Lunes 9 de Octubre de 2023-nTemporada 2023-2024-nTorneo Apertura-nJornada 13-n9 Octubre 2023 - 1700 hrs.,  https--www.ligafemenil.mx-cancha-informeArbitral-134082-eyJpZERpdmlzaW9uIjoiMTQiLCJpZFRlbXBvcmFkYSI6Ijc0IiwiaWRUb3JuZW8iOiIxIiwiaWRDbHVibG9jYWwiOjExMTg3LCJpZENsdWJ2aXNpdGEiOjExMTgyfQ==-informe-arbitral-toluca-vs-guadalajara-jornada-13-estadio-nemesio-diez-vix,  2 - 4,  https--www.ligafemenil.mx-cancha-estadio-6-estadio-nemesio-diez,  Nemesio Diez,  https--www.ligafemenil.mx-cancha-galeria-MTM0MDgyLzEzLzc0LzEvMTQ=-toluca-vs-guadalajara,  ,  https--www.ligafemenil.mx-cancha-playlist-134082-toluca-vs-guadalajara,  
2023-2024,Apertura,  Lunes 9 de Octubre de 2023-nTemporada 2023-2024-nTorneo Apertura-nJornada 13-n9 Octubre 2023 - 1900 hrs.,  https--www.ligafemenil.mx-cancha-informeArbitral-134083-eyJpZERpdmlzaW9uIjoiMTQiLCJpZFRlbXBvcmFkYSI6Ijc0IiwiaWRUb3JuZW8iOiIxIiwiaWRDbHVibG9jYWwiOjExMTg4LCJpZENsdWJ2aXNpdGEiOjExMTg5fQ==-informe-arbitral-pumas-vs-necaxa-jornada-13-estadio-olimpico-universitario-vix,  6 - 0,  https--www.ligafemenil.mx-cancha-estadio-7-estadio-olimpico-universitario,  Olímpico Universitario,  https--www.ligafemenil.mx-cancha-galeria-MTM0MDgzLzEzLzc0LzEvMTQ=-pumas-vs-necaxa,  ,  https--www.ligafemenil.mx-cancha-playlist-134083-pumas-vs-necaxa,  
2023-2024,Apertura,  Lunes 9 de Octubre de 2023-nTemporada 2023-2024-nTorneo Apertura-nJornada 13-n9 Octubre 2023 - 2100 hrs.,  https--www.ligafemenil.mx-cancha-informeArbitral-134085-eyJpZERpdmlzaW9uIjoiMTQiLCJpZFRlbXBvcmFkYSI6Ijc0IiwiaWRUb3JuZW8iOiIxIiwiaWRDbHVibG9jYWwiOjExMTg1LCJpZENsdWJ2aXNpdGEiOjEyMDQyfQ==-informe-arbitral-rayados-de-monterrey-vs-gallos-blancos-de-queretaro-jornada-13-estadio-bbva-vix,  3 - 1,  https--www.ligafemenil.mx-cancha-estadio-1608-estadio-bbva,  Estadio BBVA,  https--www.ligafemenil.mx-cancha-galeria-MTM0MDg1LzEzLzc0LzEvMTQ=-rayados-de-monterrey-vs-gallos-blancos-de-queretaro,  ,  https--www.ligafemenil.mx-cancha-playlist-134085-rayados-de-monterrey-vs-gallos-blancos-de-queretaro,  
2023-2024,Apertura,  Miércoles 11 de Octubre de 2023-nTemporada 2023-2024-nTorneo Apertura-nJornada 14-n11 Octubre 2023 - 1806 hrs.,  https--www.ligafemenil.mx-cancha-informeArbitral-134086-eyJpZERpdmlzaW9uIjoiMTQiLCJpZFRlbXBvcmFkYSI6Ijc0IiwiaWRUb3JuZW8iOiIxIiwiaWRDbHVibG9jYWwiOjEyMDUxLCJpZENsdWJ2aXNpdGEiOjExMTkyfQ==-informe-arbitral-mazatlan-fc-vs-santos-laguna-jornada-14-estadio-mazatlan-fox-premium,  2 - 2,  https--www.ligafemenil.mx-cancha-estadio-1697-estadio-mazatlan,  Estadio Mazatlán,  https--www.ligafemenil.mx-cancha-galeria-MTM0MDg2LzE0Lzc0LzEvMTQ=-mazatlan-fc-vs-santos-laguna,  ,  https--www.ligafemenil.mx-cancha-playlist-134086-mazatlan-fc-vs-santos-laguna,  
2023-2024,Apertura,  Jueves 12 de Octubre de 2023-nTemporada 2023-2024-nTorneo Apertura-nJornada 14-n12 Octubre 2023 - 1545 hrs.,  https--www.ligafemenil.mx-cancha-informeArbitral-134092-eyJpZERpdmlzaW9uIjoiMTQiLCJpZFRlbXBvcmFkYSI6Ijc0IiwiaWRUb3JuZW8iOiIxIiwiaWRDbHVibG9jYWwiOjExMTkxLCJpZENsdWJ2aXNpdGEiOjExMTg5fQ==-informe-arbitral-america-vs-necaxa-jornada-14-estadio-cancha-centenario-no-5-natural-instalaciones-club-america-vix,  5 - 0,  https--www.ligafemenil.mx-cancha-estadio-1421-estadio-cancha-centenario-no-5-natural-instalaciones-club-america,  Cancha Centenario No. 5 (Natural) Instalaciones Club América,  https--www.ligafemenil.mx-cancha-galeria-MTM0MDkyLzE0Lzc0LzEvMTQ=-america-vs-necaxa,  ,  https--www.ligafemenil.mx-cancha-playlist-134092-america-vs-necaxa,  
2023-2024,Apertura,  Jueves 12 de Octubre de 2023-nTemporada 2023-2024-nTorneo Apertura-nJornada 14-n12 Octubre 2023 - 1706 hrs.,  https--www.ligafemenil.mx-cancha-informeArbitral-134087-eyJpZERpdmlzaW9uIjoiMTQiLCJpZFRlbXBvcmFkYSI6Ijc0IiwiaWRUb3JuZW8iOiIxIiwiaWRDbHVibG9jYWwiOjEyMDQyLCJpZENsdWJ2aXNpdGEiOjExMTg4fQ==-informe-arbitral-gallos-blancos-de-queretaro-vs-pumas-jornada-14-estadio-la-corregidora-fox-sports,  3 - 2,  https--www.ligafemenil.mx-cancha-estadio-25-estadio-la-corregidora,  La Corregidora,  https--www.ligafemenil.mx-cancha-galeria-MTM0MDg3LzE0Lzc0LzEvMTQ=-gallos-blancos-de-queretaro-vs-pumas,  ,  https--www.ligafemenil.mx-cancha-playlist-134087-gallos-blancos-de-queretaro-vs-pumas,  
2023-2024,Apertura,  Jueves 12 de Octubre de 2023-nTemporada 2023-2024-nTorneo Apertura-nJornada 14-n12 Octubre 2023 - 1800 hrs.,  https--www.ligafemenil.mx-cancha-informeArbitral-134088-eyJpZERpdmlzaW9uIjoiMTQiLCJpZFRlbXBvcmFkYSI6Ijc0IiwiaWRUb3JuZW8iOiIxIiwiaWRDbHVibG9jYWwiOjExMTg3LCJpZENsdWJ2aXNpdGEiOjExMjQ1fQ==-informe-arbitral-toluca-vs-atlas-jornada-14-estadio-nemesio-diez-vix,  2 - 1,  https--www.ligafemenil.mx-cancha-estadio-6-estadio-nemesio-diez,  Nemesio Diez,  https--www.ligafemenil.mx-cancha-galeria-MTM0MDg4LzE0Lzc0LzEvMTQ=-toluca-vs-atlas,  ,  https--www.ligafemenil.mx-cancha-playlist-134088-toluca-vs-atlas,  
2023-2024,Apertura,  Jueves 12 de Octubre de 2023-nTemporada 2023-2024-nTorneo Apertura-nJornada 14-n12 Octubre 2023 - 1900 hrs.,  https--www.ligafemenil.mx-cancha-informeArbitral-134090-eyJpZERpdmlzaW9uIjoiMTQiLCJpZFRlbXBvcmFkYSI6Ijc0IiwiaWRUb3JuZW8iOiIxIiwiaWRDbHVibG9jYWwiOjExNzc4LCJpZENsdWJ2aXNpdGEiOjExMTg1fQ==-informe-arbitral-club-atletico-de-san-luis-vs-rayados-de-monterrey-jornada-14-estadio-alfonso-lastras-ramirez-espn,  1 - 2,  https--www.ligafemenil.mx-cancha-estadio-14-estadio-alfonso-lastras-ramirez,  Alfonso Lastras Ramírez,  https--www.ligafemenil.mx-cancha-galeria-MTM0MDkwLzE0Lzc0LzEvMTQ=-club-atletico-de-san-luis-vs-rayados-de-monterrey,  ,  https--www.ligafemenil.mx-cancha-playlist-134090-club-atletico-de-san-luis-vs-rayados-de-monterrey,  
2023-2024,Apertura,  Jueves 12 de Octubre de 2023-nTemporada 2023-2024-nTorneo Apertura-nJornada 14-n12 Octubre 2023 - 1910 hrs.,  https--www.ligafemenil.mx-cancha-informeArbitral-134091-eyJpZERpdmlzaW9uIjoiMTQiLCJpZFRlbXBvcmFkYSI6Ijc0IiwiaWRUb3JuZW8iOiIxIiwiaWRDbHVibG9jYWwiOjExMTgyLCJpZENsdWJ2aXNpdGEiOjExMjQzfQ==-informe-arbitral-guadalajara-vs-leon-jornada-14-estadio-akron-fox-sports,  2 - 0,  https--www.ligafemenil.mx-cancha-estadio-1538-estadio-akron,  Estadio AKRON,  https--www.ligafemenil.mx-cancha-galeria-MTM0MDkxLzE0Lzc0LzEvMTQ=-guadalajara-vs-leon,  ,  https--www.ligafemenil.mx-cancha-playlist-134091-guadalajara-vs-leon,  
2023-2024,Apertura,  Jueves 12 de Octubre de 2023-nTemporada 2023-2024-nTorneo Apertura-nJornada 14-n12 Octubre 2023 - 2000 hrs.,  https--www.ligafemenil.mx-cancha-informeArbitral-134089-eyJpZERpdmlzaW9uIjoiMTQiLCJpZFRlbXBvcmFkYSI6Ijc0IiwiaWRUb3JuZW8iOiIxIiwiaWRDbHVibG9jYWwiOjExMTg2LCJpZENsdWJ2aXNpdGEiOjExMTgxfQ==-informe-arbitral-tigres-de-la-uanl-vs-cruz-azul-jornada-14-estadio-universitario-vix,  1 - 0,  https--www.ligafemenil.mx-cancha-estadio-12-estadio-universitario,  Universitario,  https--www.ligafemenil.mx-cancha-galeria-MTM0MDg5LzE0Lzc0LzEvMTQ=-tigres-de-la-uanl-vs-cruz-azul,  ,  https--www.ligafemenil.mx-cancha-playlist-134089-tigres-de-la-uanl-vs-cruz-azul,  
2023-2024,Apertura,  Jueves 12 de Octubre de 2023-nTemporada 2023-2024-nTorneo Apertura-nJornada 14-n12 Octubre 2023 - 2110 hrs.,  https--www.ligafemenil.mx-cancha-informeArbitral-134094-eyJpZERpdmlzaW9uIjoiMTQiLCJpZFRlbXBvcmFkYSI6Ijc0IiwiaWRUb3JuZW8iOiIxIiwiaWRDbHVibG9jYWwiOjExMTg0LCJpZENsdWJ2aXNpdGEiOjExMTgwfQ==-informe-arbitral-pachuca-vs-tijuana-jornada-14-estadio-hidalgo-fox-sports,  2 - 3,  https--www.ligafemenil.mx-cancha-estadio-11-estadio-hidalgo,  Hidalgo,  https--www.ligafemenil.mx-cancha-galeria-MTM0MDk0LzE0Lzc0LzEvMTQ=-pachuca-vs-tijuana,  ,  https--www.ligafemenil.mx-cancha-playlist-134094-pachuca-vs-tijuana,  
2023-2024,Apertura,  Domingo 15 de Octubre de 2023-nTemporada 2023-2024-nTorneo Apertura-nJornada 15-n15 Octubre 2023 - 1200 hrs.,  https--www.ligafemenil.mx-cancha-informeArbitral-134095-eyJpZERpdmlzaW9uIjoiMTQiLCJpZFRlbXBvcmFkYSI6Ijc0IiwiaWRUb3JuZW8iOiIxIiwiaWRDbHVibG9jYWwiOjExMTgxLCJpZENsdWJ2aXNpdGEiOjExMTgwfQ==-informe-arbitral-cruz-azul-vs-tijuana-jornada-15-estadio-instalaciones-la-noria-vix,  3 - 6,  https--www.ligafemenil.mx-cancha-estadio-877-estadio-instalaciones-la-noria,  INSTALACIONES LA NORIA,  https--www.ligafemenil.mx-cancha-galeria-MTM0MDk1LzE1Lzc0LzEvMTQ=-cruz-azul-vs-tijuana,  ,  https--www.ligafemenil.mx-cancha-playlist-134095-cruz-azul-vs-tijuana,  
2023-2024,Apertura,  Domingo 15 de Octubre de 2023-nTemporada 2023-2024-nTorneo Apertura-nJornada 15-n15 Octubre 2023 - 1200 hrs.,  https--www.ligafemenil.mx-cancha-informeArbitral-134096-eyJpZERpdmlzaW9uIjoiMTQiLCJpZFRlbXBvcmFkYSI6Ijc0IiwiaWRUb3JuZW8iOiIxIiwiaWRDbHVibG9jYWwiOjExNTQzLCJpZENsdWJ2aXNpdGEiOjExMTkxfQ==-informe-arbitral-puebla-fc-vs-america-jornada-15-estadio-cuauhtemoc-fox-premium,  1 - 6,  https--www.ligafemenil.mx-cancha-estadio-9-estadio-cuauhtemoc,  Cuauhtémoc,  https--www.ligafemenil.mx-cancha-galeria-MTM0MDk2LzE1Lzc0LzEvMTQ=-puebla-fc-vs-america,  ,  https--www.ligafemenil.mx-cancha-playlist-134096-puebla-fc-vs-america,  
2023-2024,Apertura,  Domingo 15 de Octubre de 2023-nTemporada 2023-2024-nTorneo Apertura-nJornada 15-n15 Octubre 2023 - 1700 hrs.,  https--www.ligafemenil.mx-cancha-informeArbitral-134099-eyJpZERpdmlzaW9uIjoiMTQiLCJpZFRlbXBvcmFkYSI6Ijc0IiwiaWRUb3JuZW8iOiIxIiwiaWRDbHVibG9jYWwiOjExNzc4LCJpZENsdWJ2aXNpdGEiOjExMTg2fQ==-informe-arbitral-club-atletico-de-san-luis-vs-tigres-de-la-uanl-jornada-15-estadio-alfonso-lastras-ramirez-espn,  0 - 1,  https--www.ligafemenil.mx-cancha-estadio-14-estadio-alfonso-lastras-ramirez,  Alfonso Lastras Ramírez,  https--www.ligafemenil.mx-cancha-galeria-MTM0MDk5LzE1Lzc0LzEvMTQ=-club-atletico-de-san-luis-vs-tigres-de-la-uanl,  ,  https--www.ligafemenil.mx-cancha-playlist-134099-club-atletico-de-san-luis-vs-tigres-de-la-uanl,  
2023-2024,Apertura,  Domingo 15 de Octubre de 2023-nTemporada 2023-2024-nTorneo Apertura-nJornada 15-n15 Octubre 2023 - 1700 hrs.,  https--www.ligafemenil.mx-cancha-informeArbitral-134100-eyJpZERpdmlzaW9uIjoiMTQiLCJpZFRlbXBvcmFkYSI6Ijc0IiwiaWRUb3JuZW8iOiIxIiwiaWRDbHVibG9jYWwiOjExMTg5LCJpZENsdWJ2aXNpdGEiOjExMjQ1fQ==-informe-arbitral-necaxa-vs-atlas-jornada-15-estadio-victoria-vix,  0 - 1,  https--www.ligafemenil.mx-cancha-estadio-15-estadio-victoria,  Victoria,  https--www.ligafemenil.mx-cancha-galeria-MTM0MTAwLzE1Lzc0LzEvMTQ=-necaxa-vs-atlas,  ,  https--www.ligafemenil.mx-cancha-playlist-134100-necaxa-vs-atlas,  
2023-2024,Apertura,  Domingo 15 de Octubre de 2023-nTemporada 2023-2024-nTorneo Apertura-nJornada 15-n15 Octubre 2023 - 1806 hrs.,  https--www.ligafemenil.mx-cancha-informeArbitral-134098-eyJpZERpdmlzaW9uIjoiMTQiLCJpZFRlbXBvcmFkYSI6Ijc0IiwiaWRUb3JuZW8iOiIxIiwiaWRDbHVibG9jYWwiOjExMTgyLCJpZENsdWJ2aXNpdGEiOjExMTg4fQ==-informe-arbitral-guadalajara-vs-pumas-jornada-15-estadio-akron-fox-sports--fox-premium,  3 - 0,  https--www.ligafemenil.mx-cancha-estadio-1538-estadio-akron,  Estadio AKRON,  https--www.ligafemenil.mx-cancha-galeria-MTM0MDk4LzE1Lzc0LzEvMTQ=-guadalajara-vs-pumas,  ,  https--www.ligafemenil.mx-cancha-playlist-134098-guadalajara-vs-pumas,  
2023-2024,Apertura,  Lunes 16 de Octubre de 2023-nTemporada 2023-2024-nTorneo Apertura-nJornada 15-n16 Octubre 2023 - 1706 hrs.,  https--www.ligafemenil.mx-cancha-informeArbitral-134097-eyJpZERpdmlzaW9uIjoiMTQiLCJpZFRlbXBvcmFkYSI6Ijc0IiwiaWRUb3JuZW8iOiIxIiwiaWRDbHVibG9jYWwiOjEyMDQyLCJpZENsdWJ2aXNpdGEiOjExMTg0fQ==-informe-arbitral-gallos-blancos-de-queretaro-vs-pachuca-jornada-15-estadio-la-corregidora-fox-sports--fox-premium,  1 - 1,  https--www.ligafemenil.mx-cancha-estadio-25-estadio-la-corregidora,  La Corregidora,  https--www.ligafemenil.mx-cancha-galeria-MTM0MDk3LzE1Lzc0LzEvMTQ=-gallos-blancos-de-queretaro-vs-pachuca,  ,  https--www.ligafemenil.mx-cancha-playlist-134097-gallos-blancos-de-queretaro-vs-pachuca,  
2023-2024,Apertura,  Lunes 16 de Octubre de 2023-nTemporada 2023-2024-nTorneo Apertura-nJornada 15-n16 Octubre 2023 - 1900 hrs.,  https--www.ligafemenil.mx-cancha-informeArbitral-134101-eyJpZERpdmlzaW9uIjoiMTQiLCJpZFRlbXBvcmFkYSI6Ijc0IiwiaWRUb3JuZW8iOiIxIiwiaWRDbHVibG9jYWwiOjExMTg1LCJpZENsdWJ2aXNpdGEiOjEyMDUxfQ==-informe-arbitral-rayados-de-monterrey-vs-mazatlan-fc-jornada-15-estadio-bbva-vix,  3 - 1,  https--www.ligafemenil.mx-cancha-estadio-1608-estadio-bbva,  Estadio BBVA,  https--www.ligafemenil.mx-cancha-galeria-MTM0MTAxLzE1Lzc0LzEvMTQ=-rayados-de-monterrey-vs-mazatlan-fc,  ,  https--www.ligafemenil.mx-cancha-playlist-134101-rayados-de-monterrey-vs-mazatlan-fc,  
2023-2024,Apertura,  Lunes 16 de Octubre de 2023-nTemporada 2023-2024-nTorneo Apertura-nJornada 15-n16 Octubre 2023 - 1906 hrs.,  https--www.ligafemenil.mx-cancha-informeArbitral-134102-eyJpZERpdmlzaW9uIjoiMTQiLCJpZFRlbXBvcmFkYSI6Ijc0IiwiaWRUb3JuZW8iOiIxIiwiaWRDbHVibG9jYWwiOjExMjQzLCJpZENsdWJ2aXNpdGEiOjExMTg3fQ==-informe-arbitral-leon-vs-toluca-jornada-15-estadio-nou-camp-fox-sports--fox-premium,  0 - 1,  https--www.ligafemenil.mx-cancha-estadio-23-estadio-nou-camp,  Nou Camp,  https--www.ligafemenil.mx-cancha-galeria-MTM0MTAyLzE1Lzc0LzEvMTQ=-leon-vs-toluca,  ,  https--www.ligafemenil.mx-cancha-playlist-134102-leon-vs-toluca,  
2023-2024,Apertura,  Lunes 16 de Octubre de 2023-nTemporada 2023-2024-nTorneo Apertura-nJornada 15-n16 Octubre 2023 - 2110 hrs.,  https--www.ligafemenil.mx-cancha-informeArbitral-134103-eyJpZERpdmlzaW9uIjoiMTQiLCJpZFRlbXBvcmFkYSI6Ijc0IiwiaWRUb3JuZW8iOiIxIiwiaWRDbHVibG9jYWwiOjExMTkyLCJpZENsdWJ2aXNpdGEiOjExNzk1fQ==-informe-arbitral-santos-laguna-vs-fc-juarez-jornada-15-estadio-tsm-corona-fox-sports--fox-premium,  0 - 4,  https--www.ligafemenil.mx-cancha-estadio-63-estadio-tsm-corona,  TSM Corona,  https--www.ligafemenil.mx-cancha-galeria-MTM0MTAzLzE1Lzc0LzEvMTQ=-santos-laguna-vs-fc-juarez,  ,  https--www.ligafemenil.mx-cancha-playlist-134103-santos-laguna-vs-fc-juarez,  
2023-2024,Apertura,  Jueves 19 de Octubre de 2023-nTemporada 2023-2024-nTorneo Apertura-nJornada 16-n19 Octubre 2023 - 1545 hrs.,  https--www.ligafemenil.mx-cancha-informeArbitral-134110-eyJpZERpdmlzaW9uIjoiMTQiLCJpZFRlbXBvcmFkYSI6Ijc0IiwiaWRUb3JuZW8iOiIxIiwiaWRDbHVibG9jYWwiOjExMTkxLCJpZENsdWJ2aXNpdGEiOjEyMDQyfQ==-informe-arbitral-america-vs-gallos-blancos-de-queretaro-jornada-16-estadio-cancha-centenario-no-5-natural-instalaciones-club-america-vix,  4 - 1,  https--www.ligafemenil.mx-cancha-estadio-1421-estadio-cancha-centenario-no-5-natural-instalaciones-club-america,  Cancha Centenario No. 5 (Natural) Instalaciones Club América,  https--www.ligafemenil.mx-cancha-galeria-MTM0MTEwLzE2Lzc0LzEvMTQ=-america-vs-gallos-blancos-de-queretaro,  ,  https--www.ligafemenil.mx-cancha-playlist-134110-america-vs-gallos-blancos-de-queretaro,  
2023-2024,Apertura,  Jueves 19 de Octubre de 2023-nTemporada 2023-2024-nTorneo Apertura-nJornada 16-n19 Octubre 2023 - 1906 hrs.,  https--www.ligafemenil.mx-cancha-informeArbitral-134106-eyJpZERpdmlzaW9uIjoiMTQiLCJpZFRlbXBvcmFkYSI6Ijc0IiwiaWRUb3JuZW8iOiIxIiwiaWRDbHVibG9jYWwiOjExMjQ1LCJpZENsdWJ2aXNpdGEiOjExMTgyfQ==-informe-arbitral-atlas-vs-guadalajara-jornada-16-estadio-jalisco-fox-premium,  1 - 2,  https--www.ligafemenil.mx-cancha-estadio-5-estadio-jalisco,  Jalisco,  https--www.ligafemenil.mx-cancha-galeria-MTM0MTA2LzE2Lzc0LzEvMTQ=-atlas-vs-guadalajara,  ,  https--www.ligafemenil.mx-cancha-playlist-134106-atlas-vs-guadalajara,  
2023-2024,Apertura,  Jueves 19 de Octubre de 2023-nTemporada 2023-2024-nTorneo Apertura-nJornada 16-n19 Octubre 2023 - 2106 hrs.,  https--www.ligafemenil.mx-cancha-informeArbitral-134107-eyJpZERpdmlzaW9uIjoiMTQiLCJpZFRlbXBvcmFkYSI6Ijc0IiwiaWRUb3JuZW8iOiIxIiwiaWRDbHVibG9jYWwiOjExMTg2LCJpZENsdWJ2aXNpdGEiOjExMTg1fQ==-informe-arbitral-tigres-de-la-uanl-vs-rayados-de-monterrey-jornada-16-estadio-universitario-vix,  1 - 3,  https--www.ligafemenil.mx-cancha-estadio-12-estadio-universitario,  Universitario,  https--www.ligafemenil.mx-cancha-galeria-MTM0MTA3LzE2Lzc0LzEvMTQ=-tigres-de-la-uanl-vs-rayados-de-monterrey,  ,  https--www.ligafemenil.mx-cancha-playlist-134107-tigres-de-la-uanl-vs-rayados-de-monterrey,  
2023-2024,Apertura,  Jueves 19 de Octubre de 2023-nTemporada 2023-2024-nTorneo Apertura-nJornada 16-n19 Octubre 2023 - 2110 hrs.,  https--www.ligafemenil.mx-cancha-informeArbitral-134111-eyJpZERpdmlzaW9uIjoiMTQiLCJpZFRlbXBvcmFkYSI6Ijc0IiwiaWRUb3JuZW8iOiIxIiwiaWRDbHVibG9jYWwiOjExMTg0LCJpZENsdWJ2aXNpdGEiOjExMTg5fQ==-informe-arbitral-pachuca-vs-necaxa-jornada-16-estadio-hidalgo-fox-premium,  3 - 1,  https--www.ligafemenil.mx-cancha-estadio-11-estadio-hidalgo,  Hidalgo,  https--www.ligafemenil.mx-cancha-galeria-MTM0MTExLzE2Lzc0LzEvMTQ=-pachuca-vs-necaxa,  ,  https--www.ligafemenil.mx-cancha-playlist-134111-pachuca-vs-necaxa,  
2023-2024,Apertura,  Viernes 20 de Octubre de 2023-nTemporada 2023-2024-nTorneo Apertura-nJornada 16-n20 Octubre 2023 - 1700 hrs.,  https--www.ligafemenil.mx-cancha-informeArbitral-134109-eyJpZERpdmlzaW9uIjoiMTQiLCJpZFRlbXBvcmFkYSI6Ijc0IiwiaWRUb3JuZW8iOiIxIiwiaWRDbHVibG9jYWwiOjExMTg3LCJpZENsdWJ2aXNpdGEiOjExMTgxfQ==-informe-arbitral-toluca-vs-cruz-azul-jornada-16-estadio-nemesio-diez-vix,  3 - 0,  https--www.ligafemenil.mx-cancha-estadio-6-estadio-nemesio-diez,  Nemesio Diez,  https--www.ligafemenil.mx-cancha-galeria-MTM0MTA5LzE2Lzc0LzEvMTQ=-toluca-vs-cruz-azul,  ,  https--www.ligafemenil.mx-cancha-playlist-134109-toluca-vs-cruz-azul,  
2023-2024,Apertura,  Viernes 20 de Octubre de 2023-nTemporada 2023-2024-nTorneo Apertura-nJornada 16-n20 Octubre 2023 - 1806 hrs.,  https--www.ligafemenil.mx-cancha-informeArbitral-134104-eyJpZERpdmlzaW9uIjoiMTQiLCJpZFRlbXBvcmFkYSI6Ijc0IiwiaWRUb3JuZW8iOiIxIiwiaWRDbHVibG9jYWwiOjEyMDUxLCJpZENsdWJ2aXNpdGEiOjExNTQzfQ==-informe-arbitral-mazatlan-fc-vs-puebla-fc-jornada-16-estadio-mazatlan-fox-premium,  3 - 4,  https--www.ligafemenil.mx-cancha-estadio-1697-estadio-mazatlan,  Estadio Mazatlán,  https--www.ligafemenil.mx-cancha-galeria-MTM0MTA0LzE2Lzc0LzEvMTQ=-mazatlan-fc-vs-puebla-fc,  ,  https--www.ligafemenil.mx-cancha-playlist-134104-mazatlan-fc-vs-puebla-fc,  
2023-2024,Apertura,  Viernes 20 de Octubre de 2023-nTemporada 2023-2024-nTorneo Apertura-nJornada 16-n20 Octubre 2023 - 2110 hrs.,  https--www.ligafemenil.mx-cancha-informeArbitral-134112-eyJpZERpdmlzaW9uIjoiMTQiLCJpZFRlbXBvcmFkYSI6Ijc0IiwiaWRUb3JuZW8iOiIxIiwiaWRDbHVibG9jYWwiOjExMTkyLCJpZENsdWJ2aXNpdGEiOjExMjQzfQ==-informe-arbitral-santos-laguna-vs-leon-jornada-16-estadio-tsm-corona-fox-premium,  2 - 2,  https--www.ligafemenil.mx-cancha-estadio-63-estadio-tsm-corona,  TSM Corona,  https--www.ligafemenil.mx-cancha-galeria-MTM0MTEyLzE2Lzc0LzEvMTQ=-santos-laguna-vs-leon,  ,  https--www.ligafemenil.mx-cancha-playlist-134112-santos-laguna-vs-leon,  
2023-2024,Apertura,  Sábado 21 de Octubre de 2023-nTemporada 2023-2024-nTorneo Apertura-nJornada 16-n21 Octubre 2023 - 1200 hrs.,  https--www.ligafemenil.mx-cancha-informeArbitral-134105-eyJpZERpdmlzaW9uIjoiMTQiLCJpZFRlbXBvcmFkYSI6Ijc0IiwiaWRUb3JuZW8iOiIxIiwiaWRDbHVibG9jYWwiOjExMTg4LCJpZENsdWJ2aXNpdGEiOjExNzc4fQ==-informe-arbitral-pumas-vs-club-atletico-de-san-luis-jornada-16-estadio-olimpico-universitario-vix,  4 - 1,  https--www.ligafemenil.mx-cancha-estadio-7-estadio-olimpico-universitario,  Olímpico Universitario,  https--www.ligafemenil.mx-cancha-galeria-MTM0MTA1LzE2Lzc0LzEvMTQ=-pumas-vs-club-atletico-de-san-luis,  ,  https--www.ligafemenil.mx-cancha-playlist-134105-pumas-vs-club-atletico-de-san-luis,  
2023-2024,Apertura,  Domingo 22 de Octubre de 2023-nTemporada 2023-2024-nTorneo Apertura-nJornada 16-n22 Octubre 2023 - 1906 hrs.,  https--www.ligafemenil.mx-cancha-informeArbitral-134108-eyJpZERpdmlzaW9uIjoiMTQiLCJpZFRlbXBvcmFkYSI6Ijc0IiwiaWRUb3JuZW8iOiIxIiwiaWRDbHVibG9jYWwiOjExMTgwLCJpZENsdWJ2aXNpdGEiOjExNzk1fQ==-informe-arbitral-tijuana-vs-fc-juarez-jornada-16-estadio-caliente-fox-sports--fox-premium,  0 - 1,  https--www.ligafemenil.mx-cancha-estadio-48-estadio-caliente,  Caliente,  https--www.ligafemenil.mx-cancha-galeria-MTM0MTA4LzE2Lzc0LzEvMTQ=-tijuana-vs-fc-juarez,  ,  https--www.ligafemenil.mx-cancha-playlist-134108-tijuana-vs-fc-juarez,  
2023-2024,Apertura,  Viernes 3 de Noviembre de 2023-nTemporada 2023-2024-nTorneo Apertura-nJornada 17-n3 Noviembre 2023 - 1700 hrs.,  https--www.ligafemenil.mx-cancha-informeArbitral-134113-eyJpZERpdmlzaW9uIjoiMTQiLCJpZFRlbXBvcmFkYSI6Ijc0IiwiaWRUb3JuZW8iOiIxIiwiaWRDbHVibG9jYWwiOjExMTg5LCJpZENsdWJ2aXNpdGEiOjExMTg2fQ==-informe-arbitral-necaxa-vs-tigres-de-la-uanl-jornada-17-estadio-victoria-vix,  1 - 3,  https--www.ligafemenil.mx-cancha-estadio-15-estadio-victoria,  Victoria,  https--www.ligafemenil.mx-cancha-galeria-MTM0MTEzLzE3Lzc0LzEvMTQ=-necaxa-vs-tigres-de-la-uanl,  ,  https--www.ligafemenil.mx-cancha-playlist-134113-necaxa-vs-tigres-de-la-uanl,  
2023-2024,Apertura,  Viernes 3 de Noviembre de 2023-nTemporada 2023-2024-nTorneo Apertura-nJornada 17-n3 Noviembre 2023 - 1700 hrs.,  https--www.ligafemenil.mx-cancha-informeArbitral-134114-eyJpZERpdmlzaW9uIjoiMTQiLCJpZFRlbXBvcmFkYSI6Ijc0IiwiaWRUb3JuZW8iOiIxIiwiaWRDbHVibG9jYWwiOjExMjQzLCJpZENsdWJ2aXNpdGEiOjExMjQ1fQ==-informe-arbitral-leon-vs-atlas-jornada-17-estadio-nou-camp-fox-premium,  1 - 1,  https--www.ligafemenil.mx-cancha-estadio-23-estadio-nou-camp,  Nou Camp,  https--www.ligafemenil.mx-cancha-galeria-MTM0MTE0LzE3Lzc0LzEvMTQ=-leon-vs-atlas,  ,  https--www.ligafemenil.mx-cancha-playlist-134114-leon-vs-atlas,  
2023-2024,Apertura,  Viernes 3 de Noviembre de 2023-nTemporada 2023-2024-nTorneo Apertura-nJornada 17-n3 Noviembre 2023 - 1900 hrs.,  https--www.ligafemenil.mx-cancha-informeArbitral-134115-eyJpZERpdmlzaW9uIjoiMTQiLCJpZFRlbXBvcmFkYSI6Ijc0IiwiaWRUb3JuZW8iOiIxIiwiaWRDbHVibG9jYWwiOjExMTgyLCJpZENsdWJ2aXNpdGEiOjExMTg0fQ==-informe-arbitral-guadalajara-vs-pachuca-jornada-17-estadio-akron-fox-sports--fox-premium,  3 - 0,  https--www.ligafemenil.mx-cancha-estadio-1538-estadio-akron,  Estadio AKRON,  https--www.ligafemenil.mx-cancha-galeria-MTM0MTE1LzE3Lzc0LzEvMTQ=-guadalajara-vs-pachuca,  ,  https--www.ligafemenil.mx-cancha-playlist-134115-guadalajara-vs-pachuca,  
2023-2024,Apertura,  Viernes 3 de Noviembre de 2023-nTemporada 2023-2024-nTorneo Apertura-nJornada 17-n3 Noviembre 2023 - 2100 hrs.,  https--www.ligafemenil.mx-cancha-informeArbitral-134116-eyJpZERpdmlzaW9uIjoiMTQiLCJpZFRlbXBvcmFkYSI6Ijc0IiwiaWRUb3JuZW8iOiIxIiwiaWRDbHVibG9jYWwiOjExMTg1LCJpZENsdWJ2aXNpdGEiOjExMTkxfQ==-informe-arbitral-rayados-de-monterrey-vs-america-jornada-17-estadio-bbva-vix,  2 - 1,  https--www.ligafemenil.mx-cancha-estadio-1608-estadio-bbva,  Estadio BBVA,  https--www.ligafemenil.mx-cancha-galeria-MTM0MTE2LzE3Lzc0LzEvMTQ=-rayados-de-monterrey-vs-america,  ,  https--www.ligafemenil.mx-cancha-playlist-134116-rayados-de-monterrey-vs-america,  
2023-2024,Apertura,  Viernes 3 de Noviembre de 2023-nTemporada 2023-2024-nTorneo Apertura-nJornada 17-n3 Noviembre 2023 - 2110 hrs.,  https--www.ligafemenil.mx-cancha-informeArbitral-134117-eyJpZERpdmlzaW9uIjoiMTQiLCJpZFRlbXBvcmFkYSI6Ijc0IiwiaWRUb3JuZW8iOiIxIiwiaWRDbHVibG9jYWwiOjExNzk1LCJpZENsdWJ2aXNpdGEiOjExMTg4fQ==-informe-arbitral-fc-juarez-vs-pumas-jornada-17-estadio-olimpico-benito-juarez-fox-sports--fox-premium,  0 - 2,  https--www.ligafemenil.mx-cancha-estadio-17-estadio-olimpico-benito-juarez,  Olímpico Benito Juárez,  https--www.ligafemenil.mx-cancha-galeria-MTM0MTE3LzE3Lzc0LzEvMTQ=-fc-juarez-vs-pumas,  ,  https--www.ligafemenil.mx-cancha-playlist-134117-fc-juarez-vs-pumas,  
2023-2024,Apertura,  Sábado 4 de Noviembre de 2023-nTemporada 2023-2024-nTorneo Apertura-nJornada 17-n4 Noviembre 2023 - 1200 hrs.,  https--www.ligafemenil.mx-cancha-informeArbitral-134118-eyJpZERpdmlzaW9uIjoiMTQiLCJpZFRlbXBvcmFkYSI6Ijc0IiwiaWRUb3JuZW8iOiIxIiwiaWRDbHVibG9jYWwiOjExMTgxLCJpZENsdWJ2aXNpdGEiOjExMTkyfQ==-informe-arbitral-cruz-azul-vs-santos-laguna-jornada-17-estadio-instalaciones-la-noria-vix,  6 - 0,  https--www.ligafemenil.mx-cancha-estadio-877-estadio-instalaciones-la-noria,  INSTALACIONES LA NORIA,  https--www.ligafemenil.mx-cancha-galeria-MTM0MTE4LzE3Lzc0LzEvMTQ=-cruz-azul-vs-santos-laguna,  ,  https--www.ligafemenil.mx-cancha-playlist-134118-cruz-azul-vs-santos-laguna,  
2023-2024,Apertura,  Domingo 5 de Noviembre de 2023-nTemporada 2023-2024-nTorneo Apertura-nJornada 17-n5 Noviembre 2023 - 1200 hrs.,  https--www.ligafemenil.mx-cancha-informeArbitral-134119-eyJpZERpdmlzaW9uIjoiMTQiLCJpZFRlbXBvcmFkYSI6Ijc0IiwiaWRUb3JuZW8iOiIxIiwiaWRDbHVibG9jYWwiOjExNTQzLCJpZENsdWJ2aXNpdGEiOjExMTgwfQ==-informe-arbitral-puebla-fc-vs-tijuana-jornada-17-estadio-cuauhtemoc-fox-sports--fox-premium,  1 - 3,  https--www.ligafemenil.mx-cancha-estadio-9-estadio-cuauhtemoc,  Cuauhtémoc,  https--www.ligafemenil.mx-cancha-galeria-MTM0MTE5LzE3Lzc0LzEvMTQ=-puebla-fc-vs-tijuana,  ,  https--www.ligafemenil.mx-cancha-playlist-134119-puebla-fc-vs-tijuana,  
2023-2024,Apertura,  Domingo 5 de Noviembre de 2023-nTemporada 2023-2024-nTorneo Apertura-nJornada 17-n5 Noviembre 2023 - 1700 hrs.,  https--www.ligafemenil.mx-cancha-informeArbitral-134120-eyJpZERpdmlzaW9uIjoiMTQiLCJpZFRlbXBvcmFkYSI6Ijc0IiwiaWRUb3JuZW8iOiIxIiwiaWRDbHVibG9jYWwiOjExNzc4LCJpZENsdWJ2aXNpdGEiOjExMTg3fQ==-informe-arbitral-club-atletico-de-san-luis-vs-toluca-jornada-17-estadio-alfonso-lastras-ramirez-espn,  0 - 1,  https--www.ligafemenil.mx-cancha-estadio-14-estadio-alfonso-lastras-ramirez,  Alfonso Lastras Ramírez,  https--www.ligafemenil.mx-cancha-galeria-MTM0MTIwLzE3Lzc0LzEvMTQ=-club-atletico-de-san-luis-vs-toluca,  ,  https--www.ligafemenil.mx-cancha-playlist-134120-club-atletico-de-san-luis-vs-toluca,  
2023-2024,Apertura,  Lunes 6 de Noviembre de 2023-nTemporada 2023-2024-nTorneo Apertura-nJornada 17-n6 Noviembre 2023 - 1706 hrs.,  https--www.ligafemenil.mx-cancha-informeArbitral-134121-eyJpZERpdmlzaW9uIjoiMTQiLCJpZFRlbXBvcmFkYSI6Ijc0IiwiaWRUb3JuZW8iOiIxIiwiaWRDbHVibG9jYWwiOjEyMDQyLCJpZENsdWJ2aXNpdGEiOjEyMDUxfQ==-informe-arbitral-gallos-blancos-de-queretaro-vs-mazatlan-fc-jornada-17-estadio-la-corregidora-fox-sports--fox-premium,  0 - 0,  https--www.ligafemenil.mx-cancha-estadio-25-estadio-la-corregidora,  La Corregidora,  https--www.ligafemenil.mx-cancha-galeria-MTM0MTIxLzE3Lzc0LzEvMTQ=-gallos-blancos-de-queretaro-vs-mazatlan-fc,  ,  https--www.ligafemenil.mx-cancha-playlist-134121-gallos-blancos-de-queretaro-vs-mazatlan-fc,  
2023-2024,Apertura,  Jueves 9 de Noviembre de 2023-nTemporada 2023-2024-nTorneo Apertura-nCuartos Ida-n9 Noviembre 2023 - 1700 hrs.,  https--www.ligafemenil.mx-cancha-informeArbitral-136561-eyJpZERpdmlzaW9uIjoiMTQiLCJpZFRlbXBvcmFkYSI6Ijc0IiwiaWRUb3JuZW8iOiIxIiwiaWRDbHVibG9jYWwiOjExMTg3LCJpZENsdWJ2aXNpdGEiOjExMTgyfQ==-informe-arbitral-toluca-vs-guadalajara-cuartos-ida-estadio-nemesio-diez-tudn,  0 - 3,  https--www.ligafemenil.mx-cancha-estadio-6-estadio-nemesio-diez,  Nemesio Diez,  https--www.ligafemenil.mx-cancha-galeria-MTM2NTYxLzE4Lzc0LzEvMTQ=-toluca-vs-guadalajara,  ,  https--www.ligafemenil.mx-cancha-playlist-136561-toluca-vs-guadalajara,  
2023-2024,Apertura,  Jueves 9 de Noviembre de 2023-nTemporada 2023-2024-nTorneo Apertura-nCuartos Ida-n9 Noviembre 2023 - 2106 hrs.,  https--www.ligafemenil.mx-cancha-informeArbitral-136560-eyJpZERpdmlzaW9uIjoiMTQiLCJpZFRlbXBvcmFkYSI6Ijc0IiwiaWRUb3JuZW8iOiIxIiwiaWRDbHVibG9jYWwiOjExMTg0LCJpZENsdWJ2aXNpdGEiOjExMTkxfQ==-informe-arbitral-pachuca-vs-america-cuartos-ida-estadio-hidalgo-fox-sports,  0 - 6,  https--www.ligafemenil.mx-cancha-estadio-11-estadio-hidalgo,  Hidalgo,  https--www.ligafemenil.mx-cancha-galeria-MTM2NTYwLzE4Lzc0LzEvMTQ=-pachuca-vs-america,  ,  https--www.ligafemenil.mx-cancha-playlist-136560-pachuca-vs-america,  
2023-2024,Apertura,  Viernes 10 de Noviembre de 2023-nTemporada 2023-2024-nTorneo Apertura-nCuartos Ida-n10 Noviembre 2023 - 1606 hrs.,  https--www.ligafemenil.mx-cancha-informeArbitral-136562-eyJpZERpdmlzaW9uIjoiMTQiLCJpZFRlbXBvcmFkYSI6Ijc0IiwiaWRUb3JuZW8iOiIxIiwiaWRDbHVibG9jYWwiOjExMTgwLCJpZENsdWJ2aXNpdGEiOjExMTg1fQ==-informe-arbitral-tijuana-vs-rayados-de-monterrey-cuartos-ida-estadio-caliente-fox-sports,  1 - 2,  https--www.ligafemenil.mx-cancha-estadio-48-estadio-caliente,  Caliente,  https--www.ligafemenil.mx-cancha-galeria-MTM2NTYyLzE4Lzc0LzEvMTQ=-tijuana-vs-rayados-de-monterrey,  ,  https--www.ligafemenil.mx-cancha-playlist-136562-tijuana-vs-rayados-de-monterrey,  
2023-2024,Apertura,  Viernes 10 de Noviembre de 2023-nTemporada 2023-2024-nTorneo Apertura-nCuartos Ida-n10 Noviembre 2023 - 2000 hrs.,  https--www.ligafemenil.mx-cancha-informeArbitral-136559-eyJpZERpdmlzaW9uIjoiMTQiLCJpZFRlbXBvcmFkYSI6Ijc0IiwiaWRUb3JuZW8iOiIxIiwiaWRDbHVibG9jYWwiOjExMTg4LCJpZENsdWJ2aXNpdGEiOjExMTg2fQ==-informe-arbitral-pumas-vs-tigres-de-la-uanl-cuartos-ida-estadio-olimpico-universitario-tudn,  1 - 3,  https--www.ligafemenil.mx-cancha-estadio-7-estadio-olimpico-universitario,  Olímpico Universitario,  https--www.ligafemenil.mx-cancha-galeria-MTM2NTU5LzE4Lzc0LzEvMTQ=-pumas-vs-tigres-de-la-uanl,  ,  https--www.ligafemenil.mx-cancha-playlist-136559-pumas-vs-tigres-de-la-uanl,  
2023-2024,Apertura,  Domingo 12 de Noviembre de 2023-nTemporada 2023-2024-nTorneo Apertura-nCuartos Vuelta-n12 Noviembre 2023 - 1200 hrs.,  https--www.ligafemenil.mx-cancha-informeArbitral-136564-eyJpZERpdmlzaW9uIjoiMTQiLCJpZFRlbXBvcmFkYSI6Ijc0IiwiaWRUb3JuZW8iOiIxIiwiaWRDbHVibG9jYWwiOjExMTkxLCJpZENsdWJ2aXNpdGEiOjExMTg0fQ==-informe-arbitral-america-vs-pachuca-cuartos-vuelta-estadio-azteca-tudn,  3 - 2,  https--www.ligafemenil.mx-cancha-estadio-1-estadio-azteca,  Azteca,  https--www.ligafemenil.mx-cancha-galeria-MTM2NTY0LzE5Lzc0LzEvMTQ=-america-vs-pachuca,  ,  https--www.ligafemenil.mx-cancha-playlist-136564-america-vs-pachuca,  
2023-2024,Apertura,  Domingo 12 de Noviembre de 2023-nTemporada 2023-2024-nTorneo Apertura-nCuartos Vuelta-n12 Noviembre 2023 - 2106 hrs.,  https--www.ligafemenil.mx-cancha-informeArbitral-136565-eyJpZERpdmlzaW9uIjoiMTQiLCJpZFRlbXBvcmFkYSI6Ijc0IiwiaWRUb3JuZW8iOiIxIiwiaWRDbHVibG9jYWwiOjExMTgyLCJpZENsdWJ2aXNpdGEiOjExMTg3fQ==-informe-arbitral-guadalajara-vs-toluca-cuartos-vuelta-estadio-akron-fox-sports,  2 - 1,  https--www.ligafemenil.mx-cancha-estadio-1538-estadio-akron,  Estadio AKRON,  https--www.ligafemenil.mx-cancha-galeria-MTM2NTY1LzE5Lzc0LzEvMTQ=-guadalajara-vs-toluca,  ,  https--www.ligafemenil.mx-cancha-playlist-136565-guadalajara-vs-toluca,  
2023-2024,Apertura,  Lunes 13 de Noviembre de 2023-nTemporada 2023-2024-nTorneo Apertura-nCuartos Vuelta-n13 Noviembre 2023 - 1900 hrs.,  https--www.ligafemenil.mx-cancha-informeArbitral-136563-eyJpZERpdmlzaW9uIjoiMTQiLCJpZFRlbXBvcmFkYSI6Ijc0IiwiaWRUb3JuZW8iOiIxIiwiaWRDbHVibG9jYWwiOjExMTg2LCJpZENsdWJ2aXNpdGEiOjExMTg4fQ==-informe-arbitral-tigres-de-la-uanl-vs-pumas-cuartos-vuelta-estadio-universitario-tudn,  2 - 1,  https--www.ligafemenil.mx-cancha-estadio-12-estadio-universitario,  Universitario,  https--www.ligafemenil.mx-cancha-galeria-MTM2NTYzLzE5Lzc0LzEvMTQ=-tigres-de-la-uanl-vs-pumas,  ,  https--www.ligafemenil.mx-cancha-playlist-136563-tigres-de-la-uanl-vs-pumas,  
2023-2024,Apertura,  Lunes 13 de Noviembre de 2023-nTemporada 2023-2024-nTorneo Apertura-nCuartos Vuelta-n13 Noviembre 2023 - 2105 hrs.,  https--www.ligafemenil.mx-cancha-informeArbitral-136566-eyJpZERpdmlzaW9uIjoiMTQiLCJpZFRlbXBvcmFkYSI6Ijc0IiwiaWRUb3JuZW8iOiIxIiwiaWRDbHVibG9jYWwiOjExMTg1LCJpZENsdWJ2aXNpdGEiOjExMTgwfQ==-informe-arbitral-rayados-de-monterrey-vs-tijuana-cuartos-vuelta-estadio-bbva-fox-sports,  6 - 3,  https--www.ligafemenil.mx-cancha-estadio-1608-estadio-bbva,  Estadio BBVA,  https--www.ligafemenil.mx-cancha-galeria-MTM2NTY2LzE5Lzc0LzEvMTQ=-rayados-de-monterrey-vs-tijuana,  ,  https--www.ligafemenil.mx-cancha-playlist-136566-rayados-de-monterrey-vs-tijuana,  
2023-2024,Apertura,  Jueves 16 de Noviembre de 2023-nTemporada 2023-2024-nTorneo Apertura-nSemifinal Ida-n16 Noviembre 2023 - 2106 hrs.,  https--www.ligafemenil.mx-cancha-informeArbitral-136595-eyJpZERpdmlzaW9uIjoiMTQiLCJpZFRlbXBvcmFkYSI6Ijc0IiwiaWRUb3JuZW8iOiIxIiwiaWRDbHVibG9jYWwiOjExMTgyLCJpZENsdWJ2aXNpdGEiOjExMTkxfQ==-informe-arbitral-guadalajara-vs-america-semifinal-ida-estadio-akron-fox-sports,  2 - 2,  https--www.ligafemenil.mx-cancha-estadio-1538-estadio-akron,  Estadio AKRON,  https--www.ligafemenil.mx-cancha-galeria-MTM2NTk1LzIwLzc0LzEvMTQ=-guadalajara-vs-america,  ,  https--www.ligafemenil.mx-cancha-playlist-136595-guadalajara-vs-america,  
2023-2024,Apertura,  Viernes 17 de Noviembre de 2023-nTemporada 2023-2024-nTorneo Apertura-nSemifinal Ida-n17 Noviembre 2023 - 1900 hrs.,  https--www.ligafemenil.mx-cancha-informeArbitral-136594-eyJpZERpdmlzaW9uIjoiMTQiLCJpZFRlbXBvcmFkYSI6Ijc0IiwiaWRUb3JuZW8iOiIxIiwiaWRDbHVibG9jYWwiOjExMTg1LCJpZENsdWJ2aXNpdGEiOjExMTg2fQ==-informe-arbitral-rayados-de-monterrey-vs-tigres-de-la-uanl-semifinal-ida-estadio-bbva-tudn,  0 - 0,  https--www.ligafemenil.mx-cancha-estadio-1608-estadio-bbva,  Estadio BBVA,  https--www.ligafemenil.mx-cancha-galeria-MTM2NTk0LzIwLzc0LzEvMTQ=-rayados-de-monterrey-vs-tigres-de-la-uanl,  ,  https--www.ligafemenil.mx-cancha-playlist-136594-rayados-de-monterrey-vs-tigres-de-la-uanl,  
2023-2024,Apertura,  Domingo 19 de Noviembre de 2023-nTemporada 2023-2024-nTorneo Apertura-nSemifinal Vuelta-n19 Noviembre 2023 - 1600 hrs.,  https--www.ligafemenil.mx-cancha-informeArbitral-136597-eyJpZERpdmlzaW9uIjoiMTQiLCJpZFRlbXBvcmFkYSI6Ijc0IiwiaWRUb3JuZW8iOiIxIiwiaWRDbHVibG9jYWwiOjExMTkxLCJpZENsdWJ2aXNpdGEiOjExMTgyfQ==-informe-arbitral-america-vs-guadalajara-semifinal-vuelta-estadio-azteca-tudn,  2 - 1,  https--www.ligafemenil.mx-cancha-estadio-1-estadio-azteca,  Azteca,  https--www.ligafemenil.mx-cancha-galeria-MTM2NTk3LzIxLzc0LzEvMTQ=-america-vs-guadalajara,  ,  https--www.ligafemenil.mx-cancha-playlist-136597-america-vs-guadalajara,  
2023-2024,Apertura,  Lunes 20 de Noviembre de 2023-nTemporada 2023-2024-nTorneo Apertura-nSemifinal Vuelta-n20 Noviembre 2023 - 2000 hrs.,  https--www.ligafemenil.mx-cancha-informeArbitral-136596-eyJpZERpdmlzaW9uIjoiMTQiLCJpZFRlbXBvcmFkYSI6Ijc0IiwiaWRUb3JuZW8iOiIxIiwiaWRDbHVibG9jYWwiOjExMTg2LCJpZENsdWJ2aXNpdGEiOjExMTg1fQ==-informe-arbitral-tigres-de-la-uanl-vs-rayados-de-monterrey-semifinal-vuelta-estadio-universitario-tudn,  1 - 0,  https--www.ligafemenil.mx-cancha-estadio-12-estadio-universitario,  Universitario,  https--www.ligafemenil.mx-cancha-galeria-MTM2NTk2LzIxLzc0LzEvMTQ=-tigres-de-la-uanl-vs-rayados-de-monterrey,  ,  https--www.ligafemenil.mx-cancha-playlist-136596-tigres-de-la-uanl-vs-rayados-de-monterrey,  
2023-2024,Apertura,  Viernes 24 de Noviembre de 2023-nTemporada 2023-2024-nTorneo Apertura-nFinal Ida-n24 Noviembre 2023 - 2000 hrs.,  https--www.ligafemenil.mx-cancha-informeArbitral-136622-eyJpZERpdmlzaW9uIjoiMTQiLCJpZFRlbXBvcmFkYSI6Ijc0IiwiaWRUb3JuZW8iOiIxIiwiaWRDbHVibG9jYWwiOjExMTkxLCJpZENsdWJ2aXNpdGEiOjExMTg2fQ==-informe-arbitral-america-vs-tigres-de-la-uanl-final-ida-estadio-azteca-tudn,  0 - 3,  https--www.ligafemenil.mx-cancha-estadio-1-estadio-azteca,  Azteca,  https--www.ligafemenil.mx-cancha-galeria-MTM2NjIyLzIyLzc0LzEvMTQ=-america-vs-tigres-de-la-uanl,  ,  https--www.ligafemenil.mx-cancha-playlist-136622-america-vs-tigres-de-la-uanl,  
2023-2024,Apertura,  Lunes 27 de Noviembre de 2023-nTemporada 2023-2024-nTorneo Apertura-nFinal Vuelta-n27 Noviembre 2023 - 2000 hrs.,  https--www.ligafemenil.mx-cancha-informeArbitral-136623-eyJpZERpdmlzaW9uIjoiMTQiLCJpZFRlbXBvcmFkYSI6Ijc0IiwiaWRUb3JuZW8iOiIxIiwiaWRDbHVibG9jYWwiOjExMTg2LCJpZENsdWJ2aXNpdGEiOjExMTkxfQ==-informe-arbitral-tigres-de-la-uanl-vs-america-final-vuelta-estadio-universitario-tudn,  0 - 0,  https--www.ligafemenil.mx-cancha-estadio-12-estadio-universitario,  Universitario,  https--www.ligafemenil.mx-cancha-galeria-MTM2NjIzLzIzLzc0LzEvMTQ=-tigres-de-la-uanl-vs-america,  ,  https--www.ligafemenil.mx-cancha-playlist-136623-tigres-de-la-uanl-vs-america,