2019-2020,Apertura,  Viernes 12 de Julio de 2019-nTemporada 2019-2020-nTorneo Apertura-nJornada 1-n12 Julio 2019 - 1600 hrs.,  https--www.ligafemenil.mx-cancha-informeArbitral-98974-eyJpZERpdmlzaW9uIjoiMTQiLCJpZFRlbXBvcmFkYSI6IjcwIiwiaWRUb3JuZW8iOiIxIiwiaWRDbHVibG9jYWwiOjExMTg5LCJpZENsdWJ2aXNpdGEiOjExMTgxfQ==-informe-arbitral-necaxa-vs-cruz-azul-jornada-1-estadio-victoria-claro-sports,  1 - 3,  https--www.ligafemenil.mx-cancha-estadio-15-estadio-victoria,  Victoria,  https--www.ligafemenil.mx-cancha-galeria-OTg5NzQvMS83MC8xLzE0-necaxa-vs-cruz-azul,  ,  https--www.ligafemenil.mx-cancha-playlist-98974-necaxa-vs-cruz-azul,  
2019-2020,Apertura,  Sábado 13 de Julio de 2019-nTemporada 2019-2020-nTorneo Apertura-nJornada 1-n13 Julio 2019 - 1200 hrs.,  https--www.ligafemenil.mx-cancha-informeArbitral-98978-eyJpZERpdmlzaW9uIjoiMTQiLCJpZFRlbXBvcmFkYSI6IjcwIiwiaWRUb3JuZW8iOiIxIiwiaWRDbHVibG9jYWwiOjExMTg4LCJpZENsdWJ2aXNpdGEiOjExMTgwfQ==-informe-arbitral-pumas-vs-tijuana-jornada-1-estadio-la-cantera-univision-tdn,  2 - 0,  https--www.ligafemenil.mx-cancha-estadio-37-estadio-la-cantera,  La Cantera,  https--www.ligafemenil.mx-cancha-galeria-OTg5NzgvMS83MC8xLzE0-pumas-vs-tijuana,  ,  https--www.ligafemenil.mx-cancha-playlist-98978-pumas-vs-tijuana,  
2019-2020,Apertura,  Domingo 14 de Julio de 2019-nTemporada 2019-2020-nTorneo Apertura-nJornada 1-n14 Julio 2019 - 1200 hrs.,  https--www.ligafemenil.mx-cancha-informeArbitral-98985-eyJpZERpdmlzaW9uIjoiMTQiLCJpZFRlbXBvcmFkYSI6IjcwIiwiaWRUb3JuZW8iOiIxIiwiaWRDbHVibG9jYWwiOjExNTQzLCJpZENsdWJ2aXNpdGEiOjExMTg3fQ==-informe-arbitral-puebla-fc-vs-toluca-jornada-1-estadio-cuauhtemoc-tvc-deportes,  0 - 3,  https--www.ligafemenil.mx-cancha-estadio-9-estadio-cuauhtemoc,  Cuauhtémoc,  https--www.ligafemenil.mx-cancha-galeria-OTg5ODUvMS83MC8xLzE0-puebla-fc-vs-toluca,  ,  https--www.ligafemenil.mx-cancha-playlist-98985-puebla-fc-vs-toluca,  
2019-2020,Apertura,  Lunes 15 de Julio de 2019-nTemporada 2019-2020-nTorneo Apertura-nJornada 1-n15 Julio 2019 - 1600 hrs.,  https--www.ligafemenil.mx-cancha-informeArbitral-98992-eyJpZERpdmlzaW9uIjoiMTQiLCJpZFRlbXBvcmFkYSI6IjcwIiwiaWRUb3JuZW8iOiIxIiwiaWRDbHVibG9jYWwiOjExMTgzLCJpZENsdWJ2aXNpdGEiOjExMTg1fQ==-informe-arbitral-m-morelia-vs-rayados-de-monterrey-jornada-1-estadio-jose-maria-morelos-y-pavon-am,  0 - 1,  https--www.ligafemenil.mx-cancha-estadio-10-estadio-jose-maria-morelos-y-pavon,  José María Morelos y Pavón,  https--www.ligafemenil.mx-cancha-galeria-OTg5OTIvMS83MC8xLzE0-m-morelia-vs-rayados-de-monterrey,  ,  https--www.ligafemenil.mx-cancha-playlist-98992-m-morelia-vs-rayados-de-monterrey,  
2019-2020,Apertura,  Lunes 15 de Julio de 2019-nTemporada 2019-2020-nTorneo Apertura-nJornada 1-n15 Julio 2019 - 1700 hrs.,  https--www.ligafemenil.mx-cancha-informeArbitral-98995-eyJpZERpdmlzaW9uIjoiMTQiLCJpZFRlbXBvcmFkYSI6IjcwIiwiaWRUb3JuZW8iOiIxIiwiaWRDbHVibG9jYWwiOjExMjQyLCJpZENsdWJ2aXNpdGEiOjExMjQ0fQ==-informe-arbitral-veracruz-vs-queretaro-jornada-1-estadio-luis-pirata-fuente-tibuvision,  2 - 2,  https--www.ligafemenil.mx-cancha-estadio-57-estadio-luis-pirata-fuente,  Luis Pirata Fuente,  https--www.ligafemenil.mx-cancha-galeria-OTg5OTUvMS83MC8xLzE0-veracruz-vs-queretaro,  ,  https--www.ligafemenil.mx-cancha-playlist-98995-veracruz-vs-queretaro,  
2019-2020,Apertura,  Lunes 15 de Julio de 2019-nTemporada 2019-2020-nTorneo Apertura-nJornada 1-n15 Julio 2019 - 1900 hrs.,  https--www.ligafemenil.mx-cancha-informeArbitral-98998-eyJpZERpdmlzaW9uIjoiMTQiLCJpZFRlbXBvcmFkYSI6IjcwIiwiaWRUb3JuZW8iOiIxIiwiaWRDbHVibG9jYWwiOjExMjQzLCJpZENsdWJ2aXNpdGEiOjExNzk1fQ==-informe-arbitral-leon-vs-fc-juarez-jornada-1-estadio-nou-camp-fox-sports,  1 - 1,  https--www.ligafemenil.mx-cancha-estadio-23-estadio-nou-camp,  Nou Camp,  https--www.ligafemenil.mx-cancha-galeria-OTg5OTgvMS83MC8xLzE0-leon-vs-fc-juarez,  ,  https--www.ligafemenil.mx-cancha-playlist-98998-leon-vs-fc-juarez,  
2019-2020,Apertura,  Lunes 15 de Julio de 2019-nTemporada 2019-2020-nTorneo Apertura-nJornada 1-n15 Julio 2019 - 2000 hrs.,  https--www.ligafemenil.mx-cancha-informeArbitral-99002-eyJpZERpdmlzaW9uIjoiMTQiLCJpZFRlbXBvcmFkYSI6IjcwIiwiaWRUb3JuZW8iOiIxIiwiaWRDbHVibG9jYWwiOjExMTg2LCJpZENsdWJ2aXNpdGEiOjExMTgyfQ==-informe-arbitral-tigres-de-la-uanl-vs-guadalajara-jornada-1-estadio-universitario-univision-tdn,  2 - 1,  https--www.ligafemenil.mx-cancha-estadio-12-estadio-universitario,  Universitario,  https--www.ligafemenil.mx-cancha-galeria-OTkwMDIvMS83MC8xLzE0-tigres-de-la-uanl-vs-guadalajara,  ,  https--www.ligafemenil.mx-cancha-playlist-99002-tigres-de-la-uanl-vs-guadalajara,  
2019-2020,Apertura,  Lunes 15 de Julio de 2019-nTemporada 2019-2020-nTorneo Apertura-nJornada 1-n15 Julio 2019 - 2000 hrs.,  https--www.ligafemenil.mx-cancha-informeArbitral-99006-eyJpZERpdmlzaW9uIjoiMTQiLCJpZFRlbXBvcmFkYSI6IjcwIiwiaWRUb3JuZW8iOiIxIiwiaWRDbHVibG9jYWwiOjExNzc4LCJpZENsdWJ2aXNpdGEiOjExMjQ1fQ==-informe-arbitral-club-atletico-de-san-luis-vs-atlas-jornada-1-estadio-alfonso-lastras-ramirez,  1 - 6,  https--www.ligafemenil.mx-cancha-estadio-14-estadio-alfonso-lastras-ramirez,  Alfonso Lastras Ramírez,  https--www.ligafemenil.mx-cancha-galeria-OTkwMDYvMS83MC8xLzE0-club-atletico-de-san-luis-vs-atlas,  ,  https--www.ligafemenil.mx-cancha-playlist-99006-club-atletico-de-san-luis-vs-atlas,  
2019-2020,Apertura,  Lunes 15 de Julio de 2019-nTemporada 2019-2020-nTorneo Apertura-nJornada 1-n15 Julio 2019 - 2100 hrs.,  https--www.ligafemenil.mx-cancha-informeArbitral-99010-eyJpZERpdmlzaW9uIjoiMTQiLCJpZFRlbXBvcmFkYSI6IjcwIiwiaWRUb3JuZW8iOiIxIiwiaWRDbHVibG9jYWwiOjExMTkyLCJpZENsdWJ2aXNpdGEiOjExMTg0fQ==-informe-arbitral-santos-laguna-vs-pachuca-jornada-1-estadio-tsm-corona-fox-sports,  1 - 4,  https--www.ligafemenil.mx-cancha-estadio-63-estadio-tsm-corona,  TSM Corona,  https--www.ligafemenil.mx-cancha-galeria-OTkwMTAvMS83MC8xLzE0-santos-laguna-vs-pachuca,  ,  https--www.ligafemenil.mx-cancha-playlist-99010-santos-laguna-vs-pachuca,  
2019-2020,Apertura,  Viernes 19 de Julio de 2019-nTemporada 2019-2020-nTorneo Apertura-nJornada 2-n19 Julio 2019 - 1600 hrs.,  https--www.ligafemenil.mx-cancha-informeArbitral-99016-eyJpZERpdmlzaW9uIjoiMTQiLCJpZFRlbXBvcmFkYSI6IjcwIiwiaWRUb3JuZW8iOiIxIiwiaWRDbHVibG9jYWwiOjExMTgxLCJpZENsdWJ2aXNpdGEiOjExMTg4fQ==-informe-arbitral-cruz-azul-vs-pumas-jornada-2-estadio-10-de-diciembre-univision-tdn,  3 - 2,  https--www.ligafemenil.mx-cancha-estadio-30-estadio-10-de-diciembre,  10 de Diciembre,  https--www.ligafemenil.mx-cancha-galeria-OTkwMTYvMi83MC8xLzE0-cruz-azul-vs-pumas,  ,  https--www.ligafemenil.mx-cancha-playlist-99016-cruz-azul-vs-pumas,  
2019-2020,Apertura,  Viernes 19 de Julio de 2019-nTemporada 2019-2020-nTorneo Apertura-nJornada 2-n19 Julio 2019 - 1600 hrs.,  https--www.ligafemenil.mx-cancha-informeArbitral-99018-eyJpZERpdmlzaW9uIjoiMTQiLCJpZFRlbXBvcmFkYSI6IjcwIiwiaWRUb3JuZW8iOiIxIiwiaWRDbHVibG9jYWwiOjExMjQ0LCJpZENsdWJ2aXNpdGEiOjExMjQzfQ==-informe-arbitral-queretaro-vs-leon-jornada-2-estadio-cegar-cancha-1-tvc-deportes,  2 - 1,  https--www.ligafemenil.mx-cancha-estadio-1466-estadio-cegar-cancha-1,  CEGAR Cancha 1,  https--www.ligafemenil.mx-cancha-galeria-OTkwMTgvMi83MC8xLzE0-queretaro-vs-leon,  ,  https--www.ligafemenil.mx-cancha-playlist-99018-queretaro-vs-leon,  
2019-2020,Apertura,  Viernes 19 de Julio de 2019-nTemporada 2019-2020-nTorneo Apertura-nJornada 2-n19 Julio 2019 - 1900 hrs.,  https--www.ligafemenil.mx-cancha-informeArbitral-99043-eyJpZERpdmlzaW9uIjoiMTQiLCJpZFRlbXBvcmFkYSI6IjcwIiwiaWRUb3JuZW8iOiIxIiwiaWRDbHVibG9jYWwiOjExNzk1LCJpZENsdWJ2aXNpdGEiOjExMTkyfQ==-informe-arbitral-fc-juarez-vs-santos-laguna-jornada-2-estadio-olimpico-benito-juarez-univision-tdn,  0 - 3,  https--www.ligafemenil.mx-cancha-estadio-17-estadio-olimpico-benito-juarez,  Olímpico Benito Juárez,  https--www.ligafemenil.mx-cancha-galeria-OTkwNDMvMi83MC8xLzE0-fc-juarez-vs-santos-laguna,  ,  https--www.ligafemenil.mx-cancha-playlist-99043-fc-juarez-vs-santos-laguna,  
2019-2020,Apertura,  Sábado 20 de Julio de 2019-nTemporada 2019-2020-nTorneo Apertura-nJornada 2-n20 Julio 2019 - 1100 hrs.,  https--www.ligafemenil.mx-cancha-informeArbitral-99022-eyJpZERpdmlzaW9uIjoiMTQiLCJpZFRlbXBvcmFkYSI6IjcwIiwiaWRUb3JuZW8iOiIxIiwiaWRDbHVibG9jYWwiOjExMjQ1LCJpZENsdWJ2aXNpdGEiOjExMTg1fQ==-informe-arbitral-atlas-vs-rayados-de-monterrey-jornada-2-estadio-colomos-tvc-deportes,  1 - 2,  https--www.ligafemenil.mx-cancha-estadio-109-estadio-colomos,  Colomos,  https--www.ligafemenil.mx-cancha-galeria-OTkwMjIvMi83MC8xLzE0-atlas-vs-rayados-de-monterrey,  ,  https--www.ligafemenil.mx-cancha-playlist-99022-atlas-vs-rayados-de-monterrey,  
2019-2020,Apertura,  Lunes 22 de Julio de 2019-nTemporada 2019-2020-nTorneo Apertura-nJornada 2-n22 Julio 2019 - 1700 hrs.,  https--www.ligafemenil.mx-cancha-informeArbitral-99029-eyJpZERpdmlzaW9uIjoiMTQiLCJpZFRlbXBvcmFkYSI6IjcwIiwiaWRUb3JuZW8iOiIxIiwiaWRDbHVibG9jYWwiOjExMTg3LCJpZENsdWJ2aXNpdGEiOjExMTgzfQ==-informe-arbitral-toluca-vs-m-morelia-jornada-2-estadio-nemesio-diez-tudn,  4 - 2,  https--www.ligafemenil.mx-cancha-estadio-6-estadio-nemesio-diez,  Nemesio Diez,  https--www.ligafemenil.mx-cancha-galeria-OTkwMjkvMi83MC8xLzE0-toluca-vs-m-morelia,  ,  https--www.ligafemenil.mx-cancha-playlist-99029-toluca-vs-m-morelia,  
2019-2020,Apertura,  Lunes 22 de Julio de 2019-nTemporada 2019-2020-nTorneo Apertura-nJornada 2-n22 Julio 2019 - 1900 hrs.,  https--www.ligafemenil.mx-cancha-informeArbitral-99026-eyJpZERpdmlzaW9uIjoiMTQiLCJpZFRlbXBvcmFkYSI6IjcwIiwiaWRUb3JuZW8iOiIxIiwiaWRDbHVibG9jYWwiOjExMTkxLCJpZENsdWJ2aXNpdGEiOjExNTQzfQ==-informe-arbitral-america-vs-puebla-fc-jornada-2-estadio-azteca-tudn,  0 - 1,  https--www.ligafemenil.mx-cancha-estadio-1-estadio-azteca,  Azteca,  https--www.ligafemenil.mx-cancha-galeria-OTkwMjYvMi83MC8xLzE0-america-vs-puebla-fc,  ,  https--www.ligafemenil.mx-cancha-playlist-99026-america-vs-puebla-fc,  
2019-2020,Apertura,  Lunes 22 de Julio de 2019-nTemporada 2019-2020-nTorneo Apertura-nJornada 2-n22 Julio 2019 - 1900 hrs.,  https--www.ligafemenil.mx-cancha-informeArbitral-99033-eyJpZERpdmlzaW9uIjoiMTQiLCJpZFRlbXBvcmFkYSI6IjcwIiwiaWRUb3JuZW8iOiIxIiwiaWRDbHVibG9jYWwiOjExMTgyLCJpZENsdWJ2aXNpdGEiOjExNzc4fQ==-informe-arbitral-guadalajara-vs-club-atletico-de-san-luis-jornada-2-estadio-akron-chivas-tv--fox,  2 - 1,  https--www.ligafemenil.mx-cancha-estadio-1538-estadio-akron,  Estadio AKRON,  https--www.ligafemenil.mx-cancha-galeria-OTkwMzMvMi83MC8xLzE0-guadalajara-vs-club-atletico-de-san-luis,  ,  https--www.ligafemenil.mx-cancha-playlist-99033-guadalajara-vs-club-atletico-de-san-luis,  
2019-2020,Apertura,  Lunes 22 de Julio de 2019-nTemporada 2019-2020-nTorneo Apertura-nJornada 2-n22 Julio 2019 - 1900 hrs.,  https--www.ligafemenil.mx-cancha-informeArbitral-99036-eyJpZERpdmlzaW9uIjoiMTQiLCJpZFRlbXBvcmFkYSI6IjcwIiwiaWRUb3JuZW8iOiIxIiwiaWRDbHVibG9jYWwiOjExMTg0LCJpZENsdWJ2aXNpdGEiOjExMTg5fQ==-informe-arbitral-pachuca-vs-necaxa-jornada-2-estadio-hidalgo,  1 - 0,  https--www.ligafemenil.mx-cancha-estadio-11-estadio-hidalgo,  Hidalgo,  https--www.ligafemenil.mx-cancha-galeria-OTkwMzYvMi83MC8xLzE0-pachuca-vs-necaxa,  ,  https--www.ligafemenil.mx-cancha-playlist-99036-pachuca-vs-necaxa,  
2019-2020,Apertura,  Lunes 22 de Julio de 2019-nTemporada 2019-2020-nTorneo Apertura-nJornada 2-n22 Julio 2019 - 1900 hrs.,  https--www.ligafemenil.mx-cancha-informeArbitral-99038-eyJpZERpdmlzaW9uIjoiMTQiLCJpZFRlbXBvcmFkYSI6IjcwIiwiaWRUb3JuZW8iOiIxIiwiaWRDbHVibG9jYWwiOjExMTgwLCJpZENsdWJ2aXNpdGEiOjExMjQyfQ==-informe-arbitral-tijuana-vs-veracruz-jornada-2-estadio-caliente-fox-sports,  1 - 1,  https--www.ligafemenil.mx-cancha-estadio-48-estadio-caliente,  Caliente,  https--www.ligafemenil.mx-cancha-galeria-OTkwMzgvMi83MC8xLzE0-tijuana-vs-veracruz,  ,  https--www.ligafemenil.mx-cancha-playlist-99038-tijuana-vs-veracruz,  
2019-2020,Apertura,  Viernes 26 de Julio de 2019-nTemporada 2019-2020-nTorneo Apertura-nJornada 3-n26 Julio 2019 - 1600 hrs.,  https--www.ligafemenil.mx-cancha-informeArbitral-99052-eyJpZERpdmlzaW9uIjoiMTQiLCJpZFRlbXBvcmFkYSI6IjcwIiwiaWRUb3JuZW8iOiIxIiwiaWRDbHVibG9jYWwiOjExMTg5LCJpZENsdWJ2aXNpdGEiOjExMTgyfQ==-informe-arbitral-necaxa-vs-guadalajara-jornada-3-estadio-victoria-claro-sports,  0 - 3,  https--www.ligafemenil.mx-cancha-estadio-15-estadio-victoria,  Victoria,  https--www.ligafemenil.mx-cancha-galeria-OTkwNTIvMy83MC8xLzE0-necaxa-vs-guadalajara,  ,  https--www.ligafemenil.mx-cancha-playlist-99052-necaxa-vs-guadalajara,  
2019-2020,Apertura,  Sábado 27 de Julio de 2019-nTemporada 2019-2020-nTorneo Apertura-nJornada 3-n27 Julio 2019 - 1200 hrs.,  https--www.ligafemenil.mx-cancha-informeArbitral-99056-eyJpZERpdmlzaW9uIjoiMTQiLCJpZFRlbXBvcmFkYSI6IjcwIiwiaWRUb3JuZW8iOiIxIiwiaWRDbHVibG9jYWwiOjExMTg4LCJpZENsdWJ2aXNpdGEiOjExMjQ0fQ==-informe-arbitral-pumas-vs-queretaro-jornada-3-estadio-la-cantera-univision-tdn,  1 - 2,  https--www.ligafemenil.mx-cancha-estadio-37-estadio-la-cantera,  La Cantera,  https--www.ligafemenil.mx-cancha-galeria-OTkwNTYvMy83MC8xLzE0-pumas-vs-queretaro,  ,  https--www.ligafemenil.mx-cancha-playlist-99056-pumas-vs-queretaro,  
2019-2020,Apertura,  Domingo 28 de Julio de 2019-nTemporada 2019-2020-nTorneo Apertura-nJornada 3-n28 Julio 2019 - 1130 hrs.,  https--www.ligafemenil.mx-cancha-informeArbitral-99060-eyJpZERpdmlzaW9uIjoiMTQiLCJpZFRlbXBvcmFkYSI6IjcwIiwiaWRUb3JuZW8iOiIxIiwiaWRDbHVibG9jYWwiOjExNTQzLCJpZENsdWJ2aXNpdGEiOjExMTg0fQ==-informe-arbitral-puebla-fc-vs-pachuca-jornada-3-estadio-cuauhtemoc-tvc-deportes,  0 - 2,  https--www.ligafemenil.mx-cancha-estadio-9-estadio-cuauhtemoc,  Cuauhtémoc,  https--www.ligafemenil.mx-cancha-galeria-OTkwNjAvMy83MC8xLzE0-puebla-fc-vs-pachuca,  ,  https--www.ligafemenil.mx-cancha-playlist-99060-puebla-fc-vs-pachuca,  
2019-2020,Apertura,  Lunes 29 de Julio de 2019-nTemporada 2019-2020-nTorneo Apertura-nJornada 3-n29 Julio 2019 - 1000 hrs.,  https--www.ligafemenil.mx-cancha-informeArbitral-99087-eyJpZERpdmlzaW9uIjoiMTQiLCJpZFRlbXBvcmFkYSI6IjcwIiwiaWRUb3JuZW8iOiIxIiwiaWRDbHVibG9jYWwiOjExMTg1LCJpZENsdWJ2aXNpdGEiOjExMTg3fQ==-informe-arbitral-rayados-de-monterrey-vs-toluca-jornada-3-estadio-el-barrial,  4 - 0,  https--www.ligafemenil.mx-cancha-estadio-675-estadio-el-barrial,  El Barrial,  https--www.ligafemenil.mx-cancha-galeria-OTkwODcvMy83MC8xLzE0-rayados-de-monterrey-vs-toluca,  ,  https--www.ligafemenil.mx-cancha-playlist-99087-rayados-de-monterrey-vs-toluca,  
2019-2020,Apertura,  Lunes 29 de Julio de 2019-nTemporada 2019-2020-nTorneo Apertura-nJornada 3-n29 Julio 2019 - 1600 hrs.,  https--www.ligafemenil.mx-cancha-informeArbitral-99064-eyJpZERpdmlzaW9uIjoiMTQiLCJpZFRlbXBvcmFkYSI6IjcwIiwiaWRUb3JuZW8iOiIxIiwiaWRDbHVibG9jYWwiOjExMTgzLCJpZENsdWJ2aXNpdGEiOjExNzk1fQ==-informe-arbitral-m-morelia-vs-fc-juarez-jornada-3-estadio-jose-maria-morelos-y-pavon-am,  2 - 1,  https--www.ligafemenil.mx-cancha-estadio-10-estadio-jose-maria-morelos-y-pavon,  José María Morelos y Pavón,  https--www.ligafemenil.mx-cancha-galeria-OTkwNjQvMy83MC8xLzE0-m-morelia-vs-fc-juarez,  ,  https--www.ligafemenil.mx-cancha-playlist-99064-m-morelia-vs-fc-juarez,  
2019-2020,Apertura,  Lunes 29 de Julio de 2019-nTemporada 2019-2020-nTorneo Apertura-nJornada 3-n29 Julio 2019 - 1700 hrs.,  https--www.ligafemenil.mx-cancha-informeArbitral-99068-eyJpZERpdmlzaW9uIjoiMTQiLCJpZFRlbXBvcmFkYSI6IjcwIiwiaWRUb3JuZW8iOiIxIiwiaWRDbHVibG9jYWwiOjExMjQyLCJpZENsdWJ2aXNpdGEiOjExMjQ1fQ==-informe-arbitral-veracruz-vs-atlas-jornada-3-estadio-luis-pirata-fuente-tibuvision,  2 - 0,  https--www.ligafemenil.mx-cancha-estadio-57-estadio-luis-pirata-fuente,  Luis Pirata Fuente,  https--www.ligafemenil.mx-cancha-galeria-OTkwNjgvMy83MC8xLzE0-veracruz-vs-atlas,  ,  https--www.ligafemenil.mx-cancha-playlist-99068-veracruz-vs-atlas,  
2019-2020,Apertura,  Lunes 29 de Julio de 2019-nTemporada 2019-2020-nTorneo Apertura-nJornada 3-n29 Julio 2019 - 1900 hrs.,  https--www.ligafemenil.mx-cancha-informeArbitral-99073-eyJpZERpdmlzaW9uIjoiMTQiLCJpZFRlbXBvcmFkYSI6IjcwIiwiaWRUb3JuZW8iOiIxIiwiaWRDbHVibG9jYWwiOjExMjQzLCJpZENsdWJ2aXNpdGEiOjExMTgxfQ==-informe-arbitral-leon-vs-cruz-azul-jornada-3-estadio-nou-camp-fox-sports,  0 - 2,  https--www.ligafemenil.mx-cancha-estadio-23-estadio-nou-camp,  Nou Camp,  https--www.ligafemenil.mx-cancha-galeria-OTkwNzMvMy83MC8xLzE0-leon-vs-cruz-azul,  ,  https--www.ligafemenil.mx-cancha-playlist-99073-leon-vs-cruz-azul,  
2019-2020,Apertura,  Lunes 29 de Julio de 2019-nTemporada 2019-2020-nTorneo Apertura-nJornada 3-n29 Julio 2019 - 2000 hrs.,  https--www.ligafemenil.mx-cancha-informeArbitral-99076-eyJpZERpdmlzaW9uIjoiMTQiLCJpZFRlbXBvcmFkYSI6IjcwIiwiaWRUb3JuZW8iOiIxIiwiaWRDbHVibG9jYWwiOjExNzc4LCJpZENsdWJ2aXNpdGEiOjExMTkxfQ==-informe-arbitral-club-atletico-de-san-luis-vs-america-jornada-3-estadio-alfonso-lastras-ramirez,  0 - 0,  https--www.ligafemenil.mx-cancha-estadio-14-estadio-alfonso-lastras-ramirez,  Alfonso Lastras Ramírez,  https--www.ligafemenil.mx-cancha-galeria-OTkwNzYvMy83MC8xLzE0-club-atletico-de-san-luis-vs-america,  ,  https--www.ligafemenil.mx-cancha-playlist-99076-club-atletico-de-san-luis-vs-america,  
2019-2020,Apertura,  Lunes 29 de Julio de 2019-nTemporada 2019-2020-nTorneo Apertura-nJornada 3-n29 Julio 2019 - 2100 hrs.,  https--www.ligafemenil.mx-cancha-informeArbitral-99081-eyJpZERpdmlzaW9uIjoiMTQiLCJpZFRlbXBvcmFkYSI6IjcwIiwiaWRUb3JuZW8iOiIxIiwiaWRDbHVibG9jYWwiOjExMTkyLCJpZENsdWJ2aXNpdGEiOjExMTg2fQ==-informe-arbitral-santos-laguna-vs-tigres-de-la-uanl-jornada-3-estadio-tsm-corona-fox-sports,  2 - 2,  https--www.ligafemenil.mx-cancha-estadio-63-estadio-tsm-corona,  TSM Corona,  https--www.ligafemenil.mx-cancha-galeria-OTkwODEvMy83MC8xLzE0-santos-laguna-vs-tigres-de-la-uanl,  ,  https--www.ligafemenil.mx-cancha-playlist-99081-santos-laguna-vs-tigres-de-la-uanl,  
2019-2020,Apertura,  Viernes 2 de Agosto de 2019-nTemporada 2019-2020-nTorneo Apertura-nJornada 4-n2 Agosto 2019 - 1600 hrs.,  https--www.ligafemenil.mx-cancha-informeArbitral-99094-eyJpZERpdmlzaW9uIjoiMTQiLCJpZFRlbXBvcmFkYSI6IjcwIiwiaWRUb3JuZW8iOiIxIiwiaWRDbHVibG9jYWwiOjExMjQ0LCJpZENsdWJ2aXNpdGEiOjExMTkyfQ==-informe-arbitral-queretaro-vs-santos-laguna-jornada-4-estadio-la-corregidora-tvc-deportes,  1 - 0,  https--www.ligafemenil.mx-cancha-estadio-25-estadio-la-corregidora,  La Corregidora,  https--www.ligafemenil.mx-cancha-galeria-OTkwOTQvNC83MC8xLzE0-queretaro-vs-santos-laguna,  ,  https--www.ligafemenil.mx-cancha-playlist-99094-queretaro-vs-santos-laguna,  
2019-2020,Apertura,  Viernes 2 de Agosto de 2019-nTemporada 2019-2020-nTorneo Apertura-nJornada 4-n2 Agosto 2019 - 1600 hrs.,  https--www.ligafemenil.mx-cancha-informeArbitral-99096-eyJpZERpdmlzaW9uIjoiMTQiLCJpZFRlbXBvcmFkYSI6IjcwIiwiaWRUb3JuZW8iOiIxIiwiaWRDbHVibG9jYWwiOjExMTgxLCJpZENsdWJ2aXNpdGEiOjExMTgzfQ==-informe-arbitral-cruz-azul-vs-m-morelia-jornada-4-estadio-10-de-diciembre-univision-tdn,  2 - 1,  https--www.ligafemenil.mx-cancha-estadio-30-estadio-10-de-diciembre,  10 de Diciembre,  https--www.ligafemenil.mx-cancha-galeria-OTkwOTYvNC83MC8xLzE0-cruz-azul-vs-m-morelia,  ,  https--www.ligafemenil.mx-cancha-playlist-99096-cruz-azul-vs-m-morelia,  
2019-2020,Apertura,  Viernes 2 de Agosto de 2019-nTemporada 2019-2020-nTorneo Apertura-nJornada 4-n2 Agosto 2019 - 1900 hrs.,  https--www.ligafemenil.mx-cancha-informeArbitral-99130-eyJpZERpdmlzaW9uIjoiMTQiLCJpZFRlbXBvcmFkYSI6IjcwIiwiaWRUb3JuZW8iOiIxIiwiaWRDbHVibG9jYWwiOjExNzk1LCJpZENsdWJ2aXNpdGEiOjExNzc4fQ==-informe-arbitral-fc-juarez-vs-club-atletico-de-san-luis-jornada-4-estadio-olimpico-benito-juarez-tudn,  0 - 0,  https--www.ligafemenil.mx-cancha-estadio-17-estadio-olimpico-benito-juarez,  Olímpico Benito Juárez,  https--www.ligafemenil.mx-cancha-galeria-OTkxMzAvNC83MC8xLzE0-fc-juarez-vs-club-atletico-de-san-luis,  ,  https--www.ligafemenil.mx-cancha-playlist-99130-fc-juarez-vs-club-atletico-de-san-luis,  
2019-2020,Apertura,  Domingo 4 de Agosto de 2019-nTemporada 2019-2020-nTorneo Apertura-nJornada 4-n4 Agosto 2019 - 1200 hrs.,  https--www.ligafemenil.mx-cancha-informeArbitral-99108-eyJpZERpdmlzaW9uIjoiMTQiLCJpZFRlbXBvcmFkYSI6IjcwIiwiaWRUb3JuZW8iOiIxIiwiaWRDbHVibG9jYWwiOjExMTgyLCJpZENsdWJ2aXNpdGEiOjExNTQzfQ==-informe-arbitral-guadalajara-vs-puebla-fc-jornada-4-estadio-verde-valle-2-chivas-tv,  1 - 0,  https--www.ligafemenil.mx-cancha-estadio-1554-estadio-verde-valle-2,  Verde Valle 2,  https--www.ligafemenil.mx-cancha-galeria-OTkxMDgvNC83MC8xLzE0-guadalajara-vs-puebla-fc,  ,  https--www.ligafemenil.mx-cancha-playlist-99108-guadalajara-vs-puebla-fc,  
2019-2020,Apertura,  Lunes 5 de Agosto de 2019-nTemporada 2019-2020-nTorneo Apertura-nJornada 4-n5 Agosto 2019 - 1600 hrs.,  https--www.ligafemenil.mx-cancha-informeArbitral-99103-eyJpZERpdmlzaW9uIjoiMTQiLCJpZFRlbXBvcmFkYSI6IjcwIiwiaWRUb3JuZW8iOiIxIiwiaWRDbHVibG9jYWwiOjExMTg3LCJpZENsdWJ2aXNpdGEiOjExMjQzfQ==-informe-arbitral-toluca-vs-leon-jornada-4-estadio-nemesio-diez-tudn,  1 - 1,  https--www.ligafemenil.mx-cancha-estadio-6-estadio-nemesio-diez,  Nemesio Diez,  https--www.ligafemenil.mx-cancha-galeria-OTkxMDMvNC83MC8xLzE0-toluca-vs-leon,  ,  https--www.ligafemenil.mx-cancha-playlist-99103-toluca-vs-leon,  
2019-2020,Apertura,  Lunes 5 de Agosto de 2019-nTemporada 2019-2020-nTorneo Apertura-nJornada 4-n5 Agosto 2019 - 1800 hrs.,  https--www.ligafemenil.mx-cancha-informeArbitral-99100-eyJpZERpdmlzaW9uIjoiMTQiLCJpZFRlbXBvcmFkYSI6IjcwIiwiaWRUb3JuZW8iOiIxIiwiaWRDbHVibG9jYWwiOjExMTkxLCJpZENsdWJ2aXNpdGEiOjExMjQyfQ==-informe-arbitral-america-vs-veracruz-jornada-4-estadio-azteca-tudn,  3 - 1,  https--www.ligafemenil.mx-cancha-estadio-1-estadio-azteca,  Azteca,  https--www.ligafemenil.mx-cancha-galeria-OTkxMDAvNC83MC8xLzE0-america-vs-veracruz,  ,  https--www.ligafemenil.mx-cancha-playlist-99100-america-vs-veracruz,  
2019-2020,Apertura,  Lunes 5 de Agosto de 2019-nTemporada 2019-2020-nTorneo Apertura-nJornada 4-n5 Agosto 2019 - 1900 hrs.,  https--www.ligafemenil.mx-cancha-informeArbitral-99112-eyJpZERpdmlzaW9uIjoiMTQiLCJpZFRlbXBvcmFkYSI6IjcwIiwiaWRUb3JuZW8iOiIxIiwiaWRDbHVibG9jYWwiOjExMTg0LCJpZENsdWJ2aXNpdGEiOjExMTg1fQ==-informe-arbitral-pachuca-vs-rayados-de-monterrey-jornada-4-estadio-hidalgo-fox-sports,  4 - 2,  https--www.ligafemenil.mx-cancha-estadio-11-estadio-hidalgo,  Hidalgo,  https--www.ligafemenil.mx-cancha-galeria-OTkxMTIvNC83MC8xLzE0-pachuca-vs-rayados-de-monterrey,  ,  https--www.ligafemenil.mx-cancha-playlist-99112-pachuca-vs-rayados-de-monterrey,  
2019-2020,Apertura,  Lunes 5 de Agosto de 2019-nTemporada 2019-2020-nTorneo Apertura-nJornada 4-n5 Agosto 2019 - 2000 hrs.,  https--www.ligafemenil.mx-cancha-informeArbitral-99116-eyJpZERpdmlzaW9uIjoiMTQiLCJpZFRlbXBvcmFkYSI6IjcwIiwiaWRUb3JuZW8iOiIxIiwiaWRDbHVibG9jYWwiOjExMTg2LCJpZENsdWJ2aXNpdGEiOjExMTg4fQ==-informe-arbitral-tigres-de-la-uanl-vs-pumas-jornada-4-estadio-universitario-tudn,  0 - 0,  https--www.ligafemenil.mx-cancha-estadio-12-estadio-universitario,  Universitario,  https--www.ligafemenil.mx-cancha-galeria-OTkxMTYvNC83MC8xLzE0-tigres-de-la-uanl-vs-pumas,  ,  https--www.ligafemenil.mx-cancha-playlist-99116-tigres-de-la-uanl-vs-pumas,  
2019-2020,Apertura,  Lunes 5 de Agosto de 2019-nTemporada 2019-2020-nTorneo Apertura-nJornada 4-n5 Agosto 2019 - 1900 hrs.,  https--www.ligafemenil.mx-cancha-informeArbitral-99120-eyJpZERpdmlzaW9uIjoiMTQiLCJpZFRlbXBvcmFkYSI6IjcwIiwiaWRUb3JuZW8iOiIxIiwiaWRDbHVibG9jYWwiOjExMTgwLCJpZENsdWJ2aXNpdGEiOjExMjQ1fQ==-informe-arbitral-tijuana-vs-atlas-jornada-4-estadio-caliente-fox-sports,  1 - 1,  https--www.ligafemenil.mx-cancha-estadio-48-estadio-caliente,  Caliente,  https--www.ligafemenil.mx-cancha-galeria-OTkxMjAvNC83MC8xLzE0-tijuana-vs-atlas,  ,  https--www.ligafemenil.mx-cancha-playlist-99120-tijuana-vs-atlas,  
2019-2020,Apertura,  Viernes 9 de Agosto de 2019-nTemporada 2019-2020-nTorneo Apertura-nJornada 5-n9 Agosto 2019 - 1600 hrs.,  https--www.ligafemenil.mx-cancha-informeArbitral-98972-eyJpZERpdmlzaW9uIjoiMTQiLCJpZFRlbXBvcmFkYSI6IjcwIiwiaWRUb3JuZW8iOiIxIiwiaWRDbHVibG9jYWwiOjExMTgxLCJpZENsdWJ2aXNpdGEiOjExMTg3fQ==-informe-arbitral-cruz-azul-vs-toluca-jornada-5-estadio-10-de-diciembre-tudn,  0 - 1,  https--www.ligafemenil.mx-cancha-estadio-30-estadio-10-de-diciembre,  10 de Diciembre,  https--www.ligafemenil.mx-cancha-galeria-OTg5NzIvNS83MC8xLzE0-cruz-azul-vs-toluca,  ,  https--www.ligafemenil.mx-cancha-playlist-98972-cruz-azul-vs-toluca,  
2019-2020,Apertura,  Sábado 10 de Agosto de 2019-nTemporada 2019-2020-nTorneo Apertura-nJornada 5-n10 Agosto 2019 - 1100 hrs.,  https--www.ligafemenil.mx-cancha-informeArbitral-98979-eyJpZERpdmlzaW9uIjoiMTQiLCJpZFRlbXBvcmFkYSI6IjcwIiwiaWRUb3JuZW8iOiIxIiwiaWRDbHVibG9jYWwiOjExMjQ1LCJpZENsdWJ2aXNpdGEiOjExMTkxfQ==-informe-arbitral-atlas-vs-america-jornada-5-estadio-colomos-tvc-deportes,  1 - 1,  https--www.ligafemenil.mx-cancha-estadio-109-estadio-colomos,  Colomos,  https--www.ligafemenil.mx-cancha-galeria-OTg5NzkvNS83MC8xLzE0-atlas-vs-america,  ,  https--www.ligafemenil.mx-cancha-playlist-98979-atlas-vs-america,  
2019-2020,Apertura,  Domingo 11 de Agosto de 2019-nTemporada 2019-2020-nTorneo Apertura-nJornada 5-n11 Agosto 2019 - 1200 hrs.,  https--www.ligafemenil.mx-cancha-informeArbitral-98988-eyJpZERpdmlzaW9uIjoiMTQiLCJpZFRlbXBvcmFkYSI6IjcwIiwiaWRUb3JuZW8iOiIxIiwiaWRDbHVibG9jYWwiOjExNTQzLCJpZENsdWJ2aXNpdGEiOjExNzk1fQ==-informe-arbitral-puebla-fc-vs-fc-juarez-jornada-5-estadio-cuauhtemoc-tvc-deportes,  3 - 1,  https--www.ligafemenil.mx-cancha-estadio-9-estadio-cuauhtemoc,  Cuauhtémoc,  https--www.ligafemenil.mx-cancha-galeria-OTg5ODgvNS83MC8xLzE0-puebla-fc-vs-fc-juarez,  ,  https--www.ligafemenil.mx-cancha-playlist-98988-puebla-fc-vs-fc-juarez,  
2019-2020,Apertura,  Lunes 12 de Agosto de 2019-nTemporada 2019-2020-nTorneo Apertura-nJornada 5-n12 Agosto 2019 - 1600 hrs.,  https--www.ligafemenil.mx-cancha-informeArbitral-98991-eyJpZERpdmlzaW9uIjoiMTQiLCJpZFRlbXBvcmFkYSI6IjcwIiwiaWRUb3JuZW8iOiIxIiwiaWRDbHVibG9jYWwiOjExMTgzLCJpZENsdWJ2aXNpdGEiOjExMTg2fQ==-informe-arbitral-m-morelia-vs-tigres-de-la-uanl-jornada-5-estadio-jose-maria-morelos-y-pavon-am,  3 - 3,  https--www.ligafemenil.mx-cancha-estadio-10-estadio-jose-maria-morelos-y-pavon,  José María Morelos y Pavón,  https--www.ligafemenil.mx-cancha-galeria-OTg5OTEvNS83MC8xLzE0-m-morelia-vs-tigres-de-la-uanl,  ,  https--www.ligafemenil.mx-cancha-playlist-98991-m-morelia-vs-tigres-de-la-uanl,  
2019-2020,Apertura,  Lunes 12 de Agosto de 2019-nTemporada 2019-2020-nTorneo Apertura-nJornada 5-n12 Agosto 2019 - 1600 hrs.,  https--www.ligafemenil.mx-cancha-informeArbitral-98982-eyJpZERpdmlzaW9uIjoiMTQiLCJpZFRlbXBvcmFkYSI6IjcwIiwiaWRUb3JuZW8iOiIxIiwiaWRDbHVibG9jYWwiOjExMTg4LCJpZENsdWJ2aXNpdGEiOjExMTg0fQ==-informe-arbitral-pumas-vs-pachuca-jornada-5-estadio-la-cantera-tudn,  1 - 2,  https--www.ligafemenil.mx-cancha-estadio-37-estadio-la-cantera,  La Cantera,  https--www.ligafemenil.mx-cancha-galeria-OTg5ODIvNS83MC8xLzE0-pumas-vs-pachuca,  ,  https--www.ligafemenil.mx-cancha-playlist-98982-pumas-vs-pachuca,  
2019-2020,Apertura,  Lunes 12 de Agosto de 2019-nTemporada 2019-2020-nTorneo Apertura-nJornada 5-n12 Agosto 2019 - 1900 hrs.,  https--www.ligafemenil.mx-cancha-informeArbitral-98997-eyJpZERpdmlzaW9uIjoiMTQiLCJpZFRlbXBvcmFkYSI6IjcwIiwiaWRUb3JuZW8iOiIxIiwiaWRDbHVibG9jYWwiOjExMjQzLCJpZENsdWJ2aXNpdGEiOjExMTgyfQ==-informe-arbitral-leon-vs-guadalajara-jornada-5-estadio-nou-camp-fox-sports,  2 - 1,  https--www.ligafemenil.mx-cancha-estadio-23-estadio-nou-camp,  Nou Camp,  https--www.ligafemenil.mx-cancha-galeria-OTg5OTcvNS83MC8xLzE0-leon-vs-guadalajara,  ,  https--www.ligafemenil.mx-cancha-playlist-98997-leon-vs-guadalajara,  
2019-2020,Apertura,  Lunes 12 de Agosto de 2019-nTemporada 2019-2020-nTorneo Apertura-nJornada 5-n12 Agosto 2019 - 2000 hrs.,  https--www.ligafemenil.mx-cancha-informeArbitral-99001-eyJpZERpdmlzaW9uIjoiMTQiLCJpZFRlbXBvcmFkYSI6IjcwIiwiaWRUb3JuZW8iOiIxIiwiaWRDbHVibG9jYWwiOjExNzc4LCJpZENsdWJ2aXNpdGEiOjExMjQyfQ==-informe-arbitral-club-atletico-de-san-luis-vs-veracruz-jornada-5-estadio-alfonso-lastras-ramirez,  2 - 1,  https--www.ligafemenil.mx-cancha-estadio-14-estadio-alfonso-lastras-ramirez,  Alfonso Lastras Ramírez,  https--www.ligafemenil.mx-cancha-galeria-OTkwMDEvNS83MC8xLzE0-club-atletico-de-san-luis-vs-veracruz,  ,  https--www.ligafemenil.mx-cancha-playlist-99001-club-atletico-de-san-luis-vs-veracruz,  
2019-2020,Apertura,  Lunes 12 de Agosto de 2019-nTemporada 2019-2020-nTorneo Apertura-nJornada 5-n12 Agosto 2019 - 1900 hrs.,  https--www.ligafemenil.mx-cancha-informeArbitral-99007-eyJpZERpdmlzaW9uIjoiMTQiLCJpZFRlbXBvcmFkYSI6IjcwIiwiaWRUb3JuZW8iOiIxIiwiaWRDbHVibG9jYWwiOjExMTgwLCJpZENsdWJ2aXNpdGEiOjExMTg5fQ==-informe-arbitral-tijuana-vs-necaxa-jornada-5-estadio-caliente,  2 - 0,  https--www.ligafemenil.mx-cancha-estadio-48-estadio-caliente,  Caliente,  https--www.ligafemenil.mx-cancha-galeria-OTkwMDcvNS83MC8xLzE0-tijuana-vs-necaxa,  ,  https--www.ligafemenil.mx-cancha-playlist-99007-tijuana-vs-necaxa,  
2019-2020,Apertura,  Lunes 12 de Agosto de 2019-nTemporada 2019-2020-nTorneo Apertura-nJornada 5-n12 Agosto 2019 - 2100 hrs.,  https--www.ligafemenil.mx-cancha-informeArbitral-99003-eyJpZERpdmlzaW9uIjoiMTQiLCJpZFRlbXBvcmFkYSI6IjcwIiwiaWRUb3JuZW8iOiIxIiwiaWRDbHVibG9jYWwiOjExMTg1LCJpZENsdWJ2aXNpdGEiOjExMjQ0fQ==-informe-arbitral-rayados-de-monterrey-vs-queretaro-jornada-5-estadio-bbva-fox-sports,  6 - 1,  https--www.ligafemenil.mx-cancha-estadio-1608-estadio-bbva,  Estadio BBVA,  https--www.ligafemenil.mx-cancha-galeria-OTkwMDMvNS83MC8xLzE0-rayados-de-monterrey-vs-queretaro,  ,  https--www.ligafemenil.mx-cancha-playlist-99003-rayados-de-monterrey-vs-queretaro,  
2019-2020,Apertura,  Viernes 16 de Agosto de 2019-nTemporada 2019-2020-nTorneo Apertura-nJornada 6-n16 Agosto 2019 - 1600 hrs.,  https--www.ligafemenil.mx-cancha-informeArbitral-99013-eyJpZERpdmlzaW9uIjoiMTQiLCJpZFRlbXBvcmFkYSI6IjcwIiwiaWRUb3JuZW8iOiIxIiwiaWRDbHVibG9jYWwiOjExMTg5LCJpZENsdWJ2aXNpdGEiOjExMTg4fQ==-informe-arbitral-necaxa-vs-pumas-jornada-6-estadio-victoria-claro-sports,  0 - 0,  https--www.ligafemenil.mx-cancha-estadio-15-estadio-victoria,  Victoria,  https--www.ligafemenil.mx-cancha-galeria-OTkwMTMvNi83MC8xLzE0-necaxa-vs-pumas,  ,  https--www.ligafemenil.mx-cancha-playlist-99013-necaxa-vs-pumas,  
2019-2020,Apertura,  Viernes 16 de Agosto de 2019-nTemporada 2019-2020-nTorneo Apertura-nJornada 6-n16 Agosto 2019 - 1900 hrs.,  https--www.ligafemenil.mx-cancha-informeArbitral-99053-eyJpZERpdmlzaW9uIjoiMTQiLCJpZFRlbXBvcmFkYSI6IjcwIiwiaWRUb3JuZW8iOiIxIiwiaWRDbHVibG9jYWwiOjExNzk1LCJpZENsdWJ2aXNpdGEiOjExMjQ1fQ==-informe-arbitral-fc-juarez-vs-atlas-jornada-6-estadio-olimpico-benito-juarez-tudn,  0 - 6,  https--www.ligafemenil.mx-cancha-estadio-17-estadio-olimpico-benito-juarez,  Olímpico Benito Juárez,  https--www.ligafemenil.mx-cancha-galeria-OTkwNTMvNi83MC8xLzE0-fc-juarez-vs-atlas,  ,  https--www.ligafemenil.mx-cancha-playlist-99053-fc-juarez-vs-atlas,  
2019-2020,Apertura,  Sábado 17 de Agosto de 2019-nTemporada 2019-2020-nTorneo Apertura-nJornada 6-n17 Agosto 2019 - 1700 hrs.,  https--www.ligafemenil.mx-cancha-informeArbitral-99031-eyJpZERpdmlzaW9uIjoiMTQiLCJpZFRlbXBvcmFkYSI6IjcwIiwiaWRUb3JuZW8iOiIxIiwiaWRDbHVibG9jYWwiOjExMjQyLCJpZENsdWJ2aXNpdGEiOjExMjQzfQ==-informe-arbitral-veracruz-vs-leon-jornada-6-estadio-luis-pirata-fuente-tibuvision,  1 - 0,  https--www.ligafemenil.mx-cancha-estadio-57-estadio-luis-pirata-fuente,  Luis Pirata Fuente,  https--www.ligafemenil.mx-cancha-galeria-OTkwMzEvNi83MC8xLzE0-veracruz-vs-leon,  ,  https--www.ligafemenil.mx-cancha-playlist-99031-veracruz-vs-leon,  
2019-2020,Apertura,  Lunes 19 de Agosto de 2019-nTemporada 2019-2020-nTorneo Apertura-nJornada 6-n19 Agosto 2019 - 1800 hrs.,  https--www.ligafemenil.mx-cancha-informeArbitral-99025-eyJpZERpdmlzaW9uIjoiMTQiLCJpZFRlbXBvcmFkYSI6IjcwIiwiaWRUb3JuZW8iOiIxIiwiaWRDbHVibG9jYWwiOjExMTkxLCJpZENsdWJ2aXNpdGEiOjExMTgzfQ==-informe-arbitral-america-vs-m-morelia-jornada-6-estadio-azteca-tudn,  3 - 1,  https--www.ligafemenil.mx-cancha-estadio-1-estadio-azteca,  Azteca,  https--www.ligafemenil.mx-cancha-galeria-OTkwMjUvNi83MC8xLzE0-america-vs-m-morelia,  ,  https--www.ligafemenil.mx-cancha-playlist-99025-america-vs-m-morelia,  
2019-2020,Apertura,  Lunes 19 de Agosto de 2019-nTemporada 2019-2020-nTorneo Apertura-nJornada 6-n19 Agosto 2019 - 1900 hrs.,  https--www.ligafemenil.mx-cancha-informeArbitral-99037-eyJpZERpdmlzaW9uIjoiMTQiLCJpZFRlbXBvcmFkYSI6IjcwIiwiaWRUb3JuZW8iOiIxIiwiaWRDbHVibG9jYWwiOjExMTg0LCJpZENsdWJ2aXNpdGEiOjExMTg3fQ==-informe-arbitral-pachuca-vs-toluca-jornada-6-estadio-hidalgo,  1 - 2,  https--www.ligafemenil.mx-cancha-estadio-11-estadio-hidalgo,  Hidalgo,  https--www.ligafemenil.mx-cancha-galeria-OTkwMzcvNi83MC8xLzE0-pachuca-vs-toluca,  ,  https--www.ligafemenil.mx-cancha-playlist-99037-pachuca-vs-toluca,  
2019-2020,Apertura,  Lunes 19 de Agosto de 2019-nTemporada 2019-2020-nTorneo Apertura-nJornada 6-n19 Agosto 2019 - 1900 hrs.,  https--www.ligafemenil.mx-cancha-informeArbitral-99035-eyJpZERpdmlzaW9uIjoiMTQiLCJpZFRlbXBvcmFkYSI6IjcwIiwiaWRUb3JuZW8iOiIxIiwiaWRDbHVibG9jYWwiOjExMTgyLCJpZENsdWJ2aXNpdGEiOjExMTgwfQ==-informe-arbitral-guadalajara-vs-tijuana-jornada-6-estadio-akron-fox-sports,  0 - 1,  https--www.ligafemenil.mx-cancha-estadio-1538-estadio-akron,  Estadio AKRON,  https--www.ligafemenil.mx-cancha-galeria-OTkwMzUvNi83MC8xLzE0-guadalajara-vs-tijuana,  ,  https--www.ligafemenil.mx-cancha-playlist-99035-guadalajara-vs-tijuana,  
2019-2020,Apertura,  Lunes 19 de Agosto de 2019-nTemporada 2019-2020-nTorneo Apertura-nJornada 6-n19 Agosto 2019 - 2000 hrs.,  https--www.ligafemenil.mx-cancha-informeArbitral-99041-eyJpZERpdmlzaW9uIjoiMTQiLCJpZFRlbXBvcmFkYSI6IjcwIiwiaWRUb3JuZW8iOiIxIiwiaWRDbHVibG9jYWwiOjExMTg2LCJpZENsdWJ2aXNpdGEiOjExNTQzfQ==-informe-arbitral-tigres-de-la-uanl-vs-puebla-fc-jornada-6-estadio-universitario-tudn,  4 - 0,  https--www.ligafemenil.mx-cancha-estadio-12-estadio-universitario,  Universitario,  https--www.ligafemenil.mx-cancha-galeria-OTkwNDEvNi83MC8xLzE0-tigres-de-la-uanl-vs-puebla-fc,  ,  https--www.ligafemenil.mx-cancha-playlist-99041-tigres-de-la-uanl-vs-puebla-fc,  
2019-2020,Apertura,  Lunes 19 de Agosto de 2019-nTemporada 2019-2020-nTorneo Apertura-nJornada 6-n19 Agosto 2019 - 2000 hrs.,  https--www.ligafemenil.mx-cancha-informeArbitral-99045-eyJpZERpdmlzaW9uIjoiMTQiLCJpZFRlbXBvcmFkYSI6IjcwIiwiaWRUb3JuZW8iOiIxIiwiaWRDbHVibG9jYWwiOjExNzc4LCJpZENsdWJ2aXNpdGEiOjExMTgxfQ==-informe-arbitral-club-atletico-de-san-luis-vs-cruz-azul-jornada-6-estadio-alfonso-lastras-ramirez,  2 - 1,  https--www.ligafemenil.mx-cancha-estadio-14-estadio-alfonso-lastras-ramirez,  Alfonso Lastras Ramírez,  https--www.ligafemenil.mx-cancha-galeria-OTkwNDUvNi83MC8xLzE0-club-atletico-de-san-luis-vs-cruz-azul,  ,  https--www.ligafemenil.mx-cancha-playlist-99045-club-atletico-de-san-luis-vs-cruz-azul,  
2019-2020,Apertura,  Lunes 19 de Agosto de 2019-nTemporada 2019-2020-nTorneo Apertura-nJornada 6-n19 Agosto 2019 - 2100 hrs.,  https--www.ligafemenil.mx-cancha-informeArbitral-99048-eyJpZERpdmlzaW9uIjoiMTQiLCJpZFRlbXBvcmFkYSI6IjcwIiwiaWRUb3JuZW8iOiIxIiwiaWRDbHVibG9jYWwiOjExMTkyLCJpZENsdWJ2aXNpdGEiOjExMTg1fQ==-informe-arbitral-santos-laguna-vs-rayados-de-monterrey-jornada-6-estadio-tsm-corona-fox-sports,  1 - 2,  https--www.ligafemenil.mx-cancha-estadio-63-estadio-tsm-corona,  TSM Corona,  https--www.ligafemenil.mx-cancha-galeria-OTkwNDgvNi83MC8xLzE0-santos-laguna-vs-rayados-de-monterrey,  ,  https--www.ligafemenil.mx-cancha-playlist-99048-santos-laguna-vs-rayados-de-monterrey,  
2019-2020,Apertura,  Miércoles 21 de Agosto de 2019-nTemporada 2019-2020-nTorneo Apertura-nJornada 7-n21 Agosto 2019 - 1100 hrs.,  https--www.ligafemenil.mx-cancha-informeArbitral-99071-eyJpZERpdmlzaW9uIjoiMTQiLCJpZFRlbXBvcmFkYSI6IjcwIiwiaWRUb3JuZW8iOiIxIiwiaWRDbHVibG9jYWwiOjExMjQ1LCJpZENsdWJ2aXNpdGEiOjExMTg5fQ==-informe-arbitral-atlas-vs-necaxa-jornada-7-estadio-colomos-tvc-deportes,  2 - 0,  https--www.ligafemenil.mx-cancha-estadio-109-estadio-colomos,  Colomos,  https--www.ligafemenil.mx-cancha-galeria-OTkwNzEvNy83MC8xLzE0-atlas-vs-necaxa,  ,  https--www.ligafemenil.mx-cancha-playlist-99071-atlas-vs-necaxa,  
2019-2020,Apertura,  Miércoles 21 de Agosto de 2019-nTemporada 2019-2020-nTorneo Apertura-nJornada 7-n21 Agosto 2019 - 1600 hrs.,  https--www.ligafemenil.mx-cancha-informeArbitral-99078-eyJpZERpdmlzaW9uIjoiMTQiLCJpZFRlbXBvcmFkYSI6IjcwIiwiaWRUb3JuZW8iOiIxIiwiaWRDbHVibG9jYWwiOjExMTg4LCJpZENsdWJ2aXNpdGEiOjExMjQyfQ==-informe-arbitral-pumas-vs-veracruz-jornada-7-estadio-la-cantera-tudn,  0 - 0,  https--www.ligafemenil.mx-cancha-estadio-37-estadio-la-cantera,  La Cantera,  https--www.ligafemenil.mx-cancha-galeria-OTkwNzgvNy83MC8xLzE0-pumas-vs-veracruz,  ,  https--www.ligafemenil.mx-cancha-playlist-99078-pumas-vs-veracruz,  
2019-2020,Apertura,  Jueves 22 de Agosto de 2019-nTemporada 2019-2020-nTorneo Apertura-nJornada 7-n22 Agosto 2019 - 1600 hrs.,  https--www.ligafemenil.mx-cancha-informeArbitral-99086-eyJpZERpdmlzaW9uIjoiMTQiLCJpZFRlbXBvcmFkYSI6IjcwIiwiaWRUb3JuZW8iOiIxIiwiaWRDbHVibG9jYWwiOjExMTgzLCJpZENsdWJ2aXNpdGEiOjExNzc4fQ==-informe-arbitral-m-morelia-vs-club-atletico-de-san-luis-jornada-7-estadio-jose-maria-morelos-y-pavon-am,  2 - 0,  https--www.ligafemenil.mx-cancha-estadio-10-estadio-jose-maria-morelos-y-pavon,  José María Morelos y Pavón,  https--www.ligafemenil.mx-cancha-galeria-OTkwODYvNy83MC8xLzE0-m-morelia-vs-club-atletico-de-san-luis,  ,  https--www.ligafemenil.mx-cancha-playlist-99086-m-morelia-vs-club-atletico-de-san-luis,  
2019-2020,Apertura,  Jueves 22 de Agosto de 2019-nTemporada 2019-2020-nTorneo Apertura-nJornada 7-n22 Agosto 2019 - 1600 hrs.,  https--www.ligafemenil.mx-cancha-informeArbitral-99065-eyJpZERpdmlzaW9uIjoiMTQiLCJpZFRlbXBvcmFkYSI6IjcwIiwiaWRUb3JuZW8iOiIxIiwiaWRDbHVibG9jYWwiOjExMjQ0LCJpZENsdWJ2aXNpdGEiOjExNTQzfQ==-informe-arbitral-queretaro-vs-puebla-fc-jornada-7-estadio-la-corregidora-tvc-deportes,  1 - 2,  https--www.ligafemenil.mx-cancha-estadio-25-estadio-la-corregidora,  La Corregidora,  https--www.ligafemenil.mx-cancha-galeria-OTkwNjUvNy83MC8xLzE0-queretaro-vs-puebla-fc,  ,  https--www.ligafemenil.mx-cancha-playlist-99065-queretaro-vs-puebla-fc,  
2019-2020,Apertura,  Jueves 22 de Agosto de 2019-nTemporada 2019-2020-nTorneo Apertura-nJornada 7-n22 Agosto 2019 - 1600 hrs.,  https--www.ligafemenil.mx-cancha-informeArbitral-99061-eyJpZERpdmlzaW9uIjoiMTQiLCJpZFRlbXBvcmFkYSI6IjcwIiwiaWRUb3JuZW8iOiIxIiwiaWRDbHVibG9jYWwiOjExMTgxLCJpZENsdWJ2aXNpdGEiOjExMTg2fQ==-informe-arbitral-cruz-azul-vs-tigres-de-la-uanl-jornada-7-estadio-10-de-diciembre-tudn,  0 - 2,  https--www.ligafemenil.mx-cancha-estadio-30-estadio-10-de-diciembre,  10 de Diciembre,  https--www.ligafemenil.mx-cancha-galeria-OTkwNjEvNy83MC8xLzE0-cruz-azul-vs-tigres-de-la-uanl,  ,  https--www.ligafemenil.mx-cancha-playlist-99061-cruz-azul-vs-tigres-de-la-uanl,  
2019-2020,Apertura,  Jueves 22 de Agosto de 2019-nTemporada 2019-2020-nTorneo Apertura-nJornada 7-n22 Agosto 2019 - 1800 hrs.,  https--www.ligafemenil.mx-cancha-informeArbitral-99083-eyJpZERpdmlzaW9uIjoiMTQiLCJpZFRlbXBvcmFkYSI6IjcwIiwiaWRUb3JuZW8iOiIxIiwiaWRDbHVibG9jYWwiOjExMTg3LCJpZENsdWJ2aXNpdGEiOjExMTkxfQ==-informe-arbitral-toluca-vs-america-jornada-7-estadio-nemesio-diez-tudn,  1 - 2,  https--www.ligafemenil.mx-cancha-estadio-6-estadio-nemesio-diez,  Nemesio Diez,  https--www.ligafemenil.mx-cancha-galeria-OTkwODMvNy83MC8xLzE0-toluca-vs-america,  ,  https--www.ligafemenil.mx-cancha-playlist-99083-toluca-vs-america,  
2019-2020,Apertura,  Jueves 22 de Agosto de 2019-nTemporada 2019-2020-nTorneo Apertura-nJornada 7-n22 Agosto 2019 - 1600 hrs.,  https--www.ligafemenil.mx-cancha-informeArbitral-99095-eyJpZERpdmlzaW9uIjoiMTQiLCJpZFRlbXBvcmFkYSI6IjcwIiwiaWRUb3JuZW8iOiIxIiwiaWRDbHVibG9jYWwiOjExMTgwLCJpZENsdWJ2aXNpdGEiOjExMTkyfQ==-informe-arbitral-tijuana-vs-santos-laguna-jornada-7-estadio-cancha-alterna-n%C3%B9mero-1-pasto-natural-del-caliente,  4 - 2,  https--www.ligafemenil.mx-cancha-estadio-922-estadio-cancha-alterna-n%C3%B9mero-1-pasto-natural-del-caliente,  Cancha Alterna nùmero 1 (Pasto Natural) del Estadio Caliente,  https--www.ligafemenil.mx-cancha-galeria-OTkwOTUvNy83MC8xLzE0-tijuana-vs-santos-laguna,  ,  https--www.ligafemenil.mx-cancha-playlist-99095-tijuana-vs-santos-laguna,  
2019-2020,Apertura,  Jueves 22 de Agosto de 2019-nTemporada 2019-2020-nTorneo Apertura-nJornada 7-n22 Agosto 2019 - 1900 hrs.,  https--www.ligafemenil.mx-cancha-informeArbitral-99092-eyJpZERpdmlzaW9uIjoiMTQiLCJpZFRlbXBvcmFkYSI6IjcwIiwiaWRUb3JuZW8iOiIxIiwiaWRDbHVibG9jYWwiOjExMjQzLCJpZENsdWJ2aXNpdGEiOjExMTg0fQ==-informe-arbitral-leon-vs-pachuca-jornada-7-estadio-nou-camp-fox-sports,  1 - 1,  https--www.ligafemenil.mx-cancha-estadio-23-estadio-nou-camp,  Nou Camp,  https--www.ligafemenil.mx-cancha-galeria-OTkwOTIvNy83MC8xLzE0-leon-vs-pachuca,  ,  https--www.ligafemenil.mx-cancha-playlist-99092-leon-vs-pachuca,  
2019-2020,Apertura,  Jueves 22 de Agosto de 2019-nTemporada 2019-2020-nTorneo Apertura-nJornada 7-n22 Agosto 2019 - 2100 hrs.,  https--www.ligafemenil.mx-cancha-informeArbitral-99093-eyJpZERpdmlzaW9uIjoiMTQiLCJpZFRlbXBvcmFkYSI6IjcwIiwiaWRUb3JuZW8iOiIxIiwiaWRDbHVibG9jYWwiOjExMTg1LCJpZENsdWJ2aXNpdGEiOjExNzk1fQ==-informe-arbitral-rayados-de-monterrey-vs-fc-juarez-jornada-7-estadio-bbva-fox-sports,  2 - 1,  https--www.ligafemenil.mx-cancha-estadio-1608-estadio-bbva,  Estadio BBVA,  https--www.ligafemenil.mx-cancha-galeria-OTkwOTMvNy83MC8xLzE0-rayados-de-monterrey-vs-fc-juarez,  ,  https--www.ligafemenil.mx-cancha-playlist-99093-rayados-de-monterrey-vs-fc-juarez,  
2019-2020,Apertura,  Domingo 25 de Agosto de 2019-nTemporada 2019-2020-nTorneo Apertura-nJornada 8-n25 Agosto 2019 - 1200 hrs.,  https--www.ligafemenil.mx-cancha-informeArbitral-99099-eyJpZERpdmlzaW9uIjoiMTQiLCJpZFRlbXBvcmFkYSI6IjcwIiwiaWRUb3JuZW8iOiIxIiwiaWRDbHVibG9jYWwiOjExNTQzLCJpZENsdWJ2aXNpdGEiOjExMTg4fQ==-informe-arbitral-puebla-fc-vs-pumas-jornada-8-estadio-cuauhtemoc-tvc-deportes,  0 - 0,  https--www.ligafemenil.mx-cancha-estadio-9-estadio-cuauhtemoc,  Cuauhtémoc,  https--www.ligafemenil.mx-cancha-galeria-OTkwOTkvOC83MC8xLzE0-puebla-fc-vs-pumas,  ,  https--www.ligafemenil.mx-cancha-playlist-99099-puebla-fc-vs-pumas,  
2019-2020,Apertura,  Domingo 25 de Agosto de 2019-nTemporada 2019-2020-nTorneo Apertura-nJornada 8-n25 Agosto 2019 - 1600 hrs.,  https--www.ligafemenil.mx-cancha-informeArbitral-99102-eyJpZERpdmlzaW9uIjoiMTQiLCJpZFRlbXBvcmFkYSI6IjcwIiwiaWRUb3JuZW8iOiIxIiwiaWRDbHVibG9jYWwiOjExMTg5LCJpZENsdWJ2aXNpdGEiOjExMTgzfQ==-informe-arbitral-necaxa-vs-m-morelia-jornada-8-estadio-victoria-claro-sports,  0 - 2,  https--www.ligafemenil.mx-cancha-estadio-15-estadio-victoria,  Victoria,  https--www.ligafemenil.mx-cancha-galeria-OTkxMDIvOC83MC8xLzE0-necaxa-vs-m-morelia,  ,  https--www.ligafemenil.mx-cancha-playlist-99102-necaxa-vs-m-morelia,  
2019-2020,Apertura,  Lunes 26 de Agosto de 2019-nTemporada 2019-2020-nTorneo Apertura-nJornada 8-n26 Agosto 2019 - 1700 hrs.,  https--www.ligafemenil.mx-cancha-informeArbitral-99105-eyJpZERpdmlzaW9uIjoiMTQiLCJpZFRlbXBvcmFkYSI6IjcwIiwiaWRUb3JuZW8iOiIxIiwiaWRDbHVibG9jYWwiOjExMjQyLCJpZENsdWJ2aXNpdGEiOjExMTg3fQ==-informe-arbitral-veracruz-vs-toluca-jornada-8-estadio-luis-pirata-fuente-tibuvision,  0 - 0,  https--www.ligafemenil.mx-cancha-estadio-57-estadio-luis-pirata-fuente,  Luis Pirata Fuente,  https--www.ligafemenil.mx-cancha-galeria-OTkxMDUvOC83MC8xLzE0-veracruz-vs-toluca,  ,  https--www.ligafemenil.mx-cancha-playlist-99105-veracruz-vs-toluca,  
2019-2020,Apertura,  Lunes 26 de Agosto de 2019-nTemporada 2019-2020-nTorneo Apertura-nJornada 8-n26 Agosto 2019 - 1800 hrs.,  https--www.ligafemenil.mx-cancha-informeArbitral-99097-eyJpZERpdmlzaW9uIjoiMTQiLCJpZFRlbXBvcmFkYSI6IjcwIiwiaWRUb3JuZW8iOiIxIiwiaWRDbHVibG9jYWwiOjExMTkxLCJpZENsdWJ2aXNpdGEiOjExMTgwfQ==-informe-arbitral-america-vs-tijuana-jornada-8-estadio-azteca-tudn,  2 - 0,  https--www.ligafemenil.mx-cancha-estadio-1-estadio-azteca,  Azteca,  https--www.ligafemenil.mx-cancha-galeria-OTkwOTcvOC83MC8xLzE0-america-vs-tijuana,  ,  https--www.ligafemenil.mx-cancha-playlist-99097-america-vs-tijuana,  
2019-2020,Apertura,  Lunes 26 de Agosto de 2019-nTemporada 2019-2020-nTorneo Apertura-nJornada 8-n26 Agosto 2019 - 1900 hrs.,  https--www.ligafemenil.mx-cancha-informeArbitral-99107-eyJpZERpdmlzaW9uIjoiMTQiLCJpZFRlbXBvcmFkYSI6IjcwIiwiaWRUb3JuZW8iOiIxIiwiaWRDbHVibG9jYWwiOjExMTg0LCJpZENsdWJ2aXNpdGEiOjExMTgxfQ==-informe-arbitral-pachuca-vs-cruz-azul-jornada-8-estadio-hidalgo-fox-sports,  3 - 1,  https--www.ligafemenil.mx-cancha-estadio-11-estadio-hidalgo,  Hidalgo,  https--www.ligafemenil.mx-cancha-galeria-OTkxMDcvOC83MC8xLzE0-pachuca-vs-cruz-azul,  ,  https--www.ligafemenil.mx-cancha-playlist-99107-pachuca-vs-cruz-azul,  
2019-2020,Apertura,  Lunes 26 de Agosto de 2019-nTemporada 2019-2020-nTorneo Apertura-nJornada 8-n26 Agosto 2019 - 2000 hrs.,  https--www.ligafemenil.mx-cancha-informeArbitral-99110-eyJpZERpdmlzaW9uIjoiMTQiLCJpZFRlbXBvcmFkYSI6IjcwIiwiaWRUb3JuZW8iOiIxIiwiaWRDbHVibG9jYWwiOjExMTg2LCJpZENsdWJ2aXNpdGEiOjExMTg1fQ==-informe-arbitral-tigres-de-la-uanl-vs-rayados-de-monterrey-jornada-8-estadio-universitario-tudn,  3 - 2,  https--www.ligafemenil.mx-cancha-estadio-12-estadio-universitario,  Universitario,  https--www.ligafemenil.mx-cancha-galeria-OTkxMTAvOC83MC8xLzE0-tigres-de-la-uanl-vs-rayados-de-monterrey,  ,  https--www.ligafemenil.mx-cancha-playlist-99110-tigres-de-la-uanl-vs-rayados-de-monterrey,  
2019-2020,Apertura,  Lunes 26 de Agosto de 2019-nTemporada 2019-2020-nTorneo Apertura-nJornada 8-n26 Agosto 2019 - 2000 hrs.,  https--www.ligafemenil.mx-cancha-informeArbitral-99114-eyJpZERpdmlzaW9uIjoiMTQiLCJpZFRlbXBvcmFkYSI6IjcwIiwiaWRUb3JuZW8iOiIxIiwiaWRDbHVibG9jYWwiOjExNzc4LCJpZENsdWJ2aXNpdGEiOjExMjQ0fQ==-informe-arbitral-club-atletico-de-san-luis-vs-queretaro-jornada-8-estadio-alfonso-lastras-ramirez,  0 - 2,  https--www.ligafemenil.mx-cancha-estadio-14-estadio-alfonso-lastras-ramirez,  Alfonso Lastras Ramírez,  https--www.ligafemenil.mx-cancha-galeria-OTkxMTQvOC83MC8xLzE0-club-atletico-de-san-luis-vs-queretaro,  ,  https--www.ligafemenil.mx-cancha-playlist-99114-club-atletico-de-san-luis-vs-queretaro,  
2019-2020,Apertura,  Lunes 26 de Agosto de 2019-nTemporada 2019-2020-nTorneo Apertura-nJornada 8-n26 Agosto 2019 - 2100 hrs.,  https--www.ligafemenil.mx-cancha-informeArbitral-99115-eyJpZERpdmlzaW9uIjoiMTQiLCJpZFRlbXBvcmFkYSI6IjcwIiwiaWRUb3JuZW8iOiIxIiwiaWRDbHVibG9jYWwiOjExMTgyLCJpZENsdWJ2aXNpdGEiOjExNzk1fQ==-informe-arbitral-guadalajara-vs-fc-juarez-jornada-8-estadio-akron-fox-sports,  1 - 0,  https--www.ligafemenil.mx-cancha-estadio-1538-estadio-akron,  Estadio AKRON,  https--www.ligafemenil.mx-cancha-galeria-OTkxMTUvOC83MC8xLzE0-guadalajara-vs-fc-juarez,  ,  https--www.ligafemenil.mx-cancha-playlist-99115-guadalajara-vs-fc-juarez,  
2019-2020,Apertura,  Lunes 26 de Agosto de 2019-nTemporada 2019-2020-nTorneo Apertura-nJornada 8-n26 Agosto 2019 - 2100 hrs.,  https--www.ligafemenil.mx-cancha-informeArbitral-99118-eyJpZERpdmlzaW9uIjoiMTQiLCJpZFRlbXBvcmFkYSI6IjcwIiwiaWRUb3JuZW8iOiIxIiwiaWRDbHVibG9jYWwiOjExMTkyLCJpZENsdWJ2aXNpdGEiOjExMjQ1fQ==-informe-arbitral-santos-laguna-vs-atlas-jornada-8-estadio-tsm-corona,  0 - 0,  https--www.ligafemenil.mx-cancha-estadio-63-estadio-tsm-corona,  TSM Corona,  https--www.ligafemenil.mx-cancha-galeria-OTkxMTgvOC83MC8xLzE0-santos-laguna-vs-atlas,  ,  https--www.ligafemenil.mx-cancha-playlist-99118-santos-laguna-vs-atlas,  
2019-2020,Apertura,  Viernes 6 de Septiembre de 2019-nTemporada 2019-2020-nTorneo Apertura-nJornada 9-n6 Septiembre 2019 - 1600 hrs.,  https--www.ligafemenil.mx-cancha-informeArbitral-98969-eyJpZERpdmlzaW9uIjoiMTQiLCJpZFRlbXBvcmFkYSI6IjcwIiwiaWRUb3JuZW8iOiIxIiwiaWRDbHVibG9jYWwiOjExMTgxLCJpZENsdWJ2aXNpdGEiOjExMTgyfQ==-informe-arbitral-cruz-azul-vs-guadalajara-jornada-9-estadio-10-de-diciembre-tudn,  3 - 3,  https--www.ligafemenil.mx-cancha-estadio-30-estadio-10-de-diciembre,  10 de Diciembre,  https--www.ligafemenil.mx-cancha-galeria-OTg5NjkvOS83MC8xLzE0-cruz-azul-vs-guadalajara,  ,  https--www.ligafemenil.mx-cancha-playlist-98969-cruz-azul-vs-guadalajara,  
2019-2020,Apertura,  Viernes 6 de Septiembre de 2019-nTemporada 2019-2020-nTorneo Apertura-nJornada 9-n6 Septiembre 2019 - 1600 hrs.,  https--www.ligafemenil.mx-cancha-informeArbitral-98970-eyJpZERpdmlzaW9uIjoiMTQiLCJpZFRlbXBvcmFkYSI6IjcwIiwiaWRUb3JuZW8iOiIxIiwiaWRDbHVibG9jYWwiOjExMjQ0LCJpZENsdWJ2aXNpdGEiOjExMTg0fQ==-informe-arbitral-queretaro-vs-pachuca-jornada-9-estadio-la-corregidora-tvc-deportes,  0 - 3,  https--www.ligafemenil.mx-cancha-estadio-25-estadio-la-corregidora,  La Corregidora,  https--www.ligafemenil.mx-cancha-galeria-OTg5NzAvOS83MC8xLzE0-queretaro-vs-pachuca,  ,  https--www.ligafemenil.mx-cancha-playlist-98970-queretaro-vs-pachuca,  
2019-2020,Apertura,  Sábado 7 de Septiembre de 2019-nTemporada 2019-2020-nTorneo Apertura-nJornada 9-n7 Septiembre 2019 - 1100 hrs.,  https--www.ligafemenil.mx-cancha-informeArbitral-98971-eyJpZERpdmlzaW9uIjoiMTQiLCJpZFRlbXBvcmFkYSI6IjcwIiwiaWRUb3JuZW8iOiIxIiwiaWRDbHVibG9jYWwiOjExMjQ1LCJpZENsdWJ2aXNpdGEiOjExNTQzfQ==-informe-arbitral-atlas-vs-puebla-fc-jornada-9-estadio-jalisco-tvc-deportes,  2 - 0,  https--www.ligafemenil.mx-cancha-estadio-5-estadio-jalisco,  Jalisco,  https--www.ligafemenil.mx-cancha-galeria-OTg5NzEvOS83MC8xLzE0-atlas-vs-puebla-fc,  ,  https--www.ligafemenil.mx-cancha-playlist-98971-atlas-vs-puebla-fc,  
2019-2020,Apertura,  Sábado 7 de Septiembre de 2019-nTemporada 2019-2020-nTorneo Apertura-nJornada 9-n7 Septiembre 2019 - 1200 hrs.,  https--www.ligafemenil.mx-cancha-informeArbitral-98975-eyJpZERpdmlzaW9uIjoiMTQiLCJpZFRlbXBvcmFkYSI6IjcwIiwiaWRUb3JuZW8iOiIxIiwiaWRDbHVibG9jYWwiOjExMTg4LCJpZENsdWJ2aXNpdGEiOjExMTkyfQ==-informe-arbitral-pumas-vs-santos-laguna-jornada-9-estadio-la-cantera-tudn,  4 - 0,  https--www.ligafemenil.mx-cancha-estadio-37-estadio-la-cantera,  La Cantera,  https--www.ligafemenil.mx-cancha-galeria-OTg5NzUvOS83MC8xLzE0-pumas-vs-santos-laguna,  ,  https--www.ligafemenil.mx-cancha-playlist-98975-pumas-vs-santos-laguna,  
2019-2020,Apertura,  Lunes 9 de Septiembre de 2019-nTemporada 2019-2020-nTorneo Apertura-nJornada 9-n9 Septiembre 2019 - 1600 hrs.,  https--www.ligafemenil.mx-cancha-informeArbitral-98981-eyJpZERpdmlzaW9uIjoiMTQiLCJpZFRlbXBvcmFkYSI6IjcwIiwiaWRUb3JuZW8iOiIxIiwiaWRDbHVibG9jYWwiOjExMTgzLCJpZENsdWJ2aXNpdGEiOjExMjQzfQ==-informe-arbitral-m-morelia-vs-leon-jornada-9-estadio-jose-maria-morelos-y-pavon-am,  2 - 1,  https--www.ligafemenil.mx-cancha-estadio-10-estadio-jose-maria-morelos-y-pavon,  José María Morelos y Pavón,  https--www.ligafemenil.mx-cancha-galeria-OTg5ODEvOS83MC8xLzE0-m-morelia-vs-leon,  ,  https--www.ligafemenil.mx-cancha-playlist-98981-m-morelia-vs-leon,  
2019-2020,Apertura,  Lunes 9 de Septiembre de 2019-nTemporada 2019-2020-nTorneo Apertura-nJornada 9-n9 Septiembre 2019 - 1700 hrs.,  https--www.ligafemenil.mx-cancha-informeArbitral-98977-eyJpZERpdmlzaW9uIjoiMTQiLCJpZFRlbXBvcmFkYSI6IjcwIiwiaWRUb3JuZW8iOiIxIiwiaWRDbHVibG9jYWwiOjExMTg3LCJpZENsdWJ2aXNpdGEiOjExMTg2fQ==-informe-arbitral-toluca-vs-tigres-de-la-uanl-jornada-9-estadio-nemesio-diez-tudn,  0 - 0,  https--www.ligafemenil.mx-cancha-estadio-6-estadio-nemesio-diez,  Nemesio Diez,  https--www.ligafemenil.mx-cancha-galeria-OTg5NzcvOS83MC8xLzE0-toluca-vs-tigres-de-la-uanl,  ,  https--www.ligafemenil.mx-cancha-playlist-98977-toluca-vs-tigres-de-la-uanl,  
2019-2020,Apertura,  Lunes 9 de Septiembre de 2019-nTemporada 2019-2020-nTorneo Apertura-nJornada 9-n9 Septiembre 2019 - 1900 hrs.,  https--www.ligafemenil.mx-cancha-informeArbitral-98984-eyJpZERpdmlzaW9uIjoiMTQiLCJpZFRlbXBvcmFkYSI6IjcwIiwiaWRUb3JuZW8iOiIxIiwiaWRDbHVibG9jYWwiOjExMTg1LCJpZENsdWJ2aXNpdGEiOjExMTkxfQ==-informe-arbitral-rayados-de-monterrey-vs-america-jornada-9-estadio-bbva-fox-sports,  4 - 1,  https--www.ligafemenil.mx-cancha-estadio-1608-estadio-bbva,  Estadio BBVA,  https--www.ligafemenil.mx-cancha-galeria-OTg5ODQvOS83MC8xLzE0-rayados-de-monterrey-vs-america,  ,  https--www.ligafemenil.mx-cancha-playlist-98984-rayados-de-monterrey-vs-america,  
2019-2020,Apertura,  Lunes 9 de Septiembre de 2019-nTemporada 2019-2020-nTorneo Apertura-nJornada 9-n9 Septiembre 2019 - 1800 hrs.,  https--www.ligafemenil.mx-cancha-informeArbitral-98990-eyJpZERpdmlzaW9uIjoiMTQiLCJpZFRlbXBvcmFkYSI6IjcwIiwiaWRUb3JuZW8iOiIxIiwiaWRDbHVibG9jYWwiOjExNzk1LCJpZENsdWJ2aXNpdGEiOjExMTg5fQ==-informe-arbitral-fc-juarez-vs-necaxa-jornada-9-estadio-olimpico-benito-juarez-tudn,  0 - 0,  https--www.ligafemenil.mx-cancha-estadio-17-estadio-olimpico-benito-juarez,  Olímpico Benito Juárez,  https--www.ligafemenil.mx-cancha-galeria-OTg5OTAvOS83MC8xLzE0-fc-juarez-vs-necaxa,  ,  https--www.ligafemenil.mx-cancha-playlist-98990-fc-juarez-vs-necaxa,  
2019-2020,Apertura,  Lunes 9 de Septiembre de 2019-nTemporada 2019-2020-nTorneo Apertura-nJornada 9-n9 Septiembre 2019 - 1900 hrs.,  https--www.ligafemenil.mx-cancha-informeArbitral-98987-eyJpZERpdmlzaW9uIjoiMTQiLCJpZFRlbXBvcmFkYSI6IjcwIiwiaWRUb3JuZW8iOiIxIiwiaWRDbHVibG9jYWwiOjExMTgwLCJpZENsdWJ2aXNpdGEiOjExNzc4fQ==-informe-arbitral-tijuana-vs-club-atletico-de-san-luis-jornada-9-estadio-caliente-fox-sports,  3 - 0,  https--www.ligafemenil.mx-cancha-estadio-48-estadio-caliente,  Caliente,  https--www.ligafemenil.mx-cancha-galeria-OTg5ODcvOS83MC8xLzE0-tijuana-vs-club-atletico-de-san-luis,  ,  https--www.ligafemenil.mx-cancha-playlist-98987-tijuana-vs-club-atletico-de-san-luis,  
2019-2020,Apertura,  Viernes 13 de Septiembre de 2019-nTemporada 2019-2020-nTorneo Apertura-nJornada 10-n13 Septiembre 2019 - 1000 hrs.,  https--www.ligafemenil.mx-cancha-informeArbitral-99020-eyJpZERpdmlzaW9uIjoiMTQiLCJpZFRlbXBvcmFkYSI6IjcwIiwiaWRUb3JuZW8iOiIxIiwiaWRDbHVibG9jYWwiOjExMTg1LCJpZENsdWJ2aXNpdGEiOjExMjQyfQ==-informe-arbitral-rayados-de-monterrey-vs-veracruz-jornada-10-estadio-el-barrial,  4 - 0,  https--www.ligafemenil.mx-cancha-estadio-675-estadio-el-barrial,  El Barrial,  https--www.ligafemenil.mx-cancha-galeria-OTkwMjAvMTAvNzAvMS8xNA==-rayados-de-monterrey-vs-veracruz,  ,  https--www.ligafemenil.mx-cancha-playlist-99020-rayados-de-monterrey-vs-veracruz,  
2019-2020,Apertura,  Viernes 13 de Septiembre de 2019-nTemporada 2019-2020-nTorneo Apertura-nJornada 10-n13 Septiembre 2019 - 1600 hrs.,  https--www.ligafemenil.mx-cancha-informeArbitral-98994-eyJpZERpdmlzaW9uIjoiMTQiLCJpZFRlbXBvcmFkYSI6IjcwIiwiaWRUb3JuZW8iOiIxIiwiaWRDbHVibG9jYWwiOjExMjQ0LCJpZENsdWJ2aXNpdGEiOjExMTgwfQ==-informe-arbitral-queretaro-vs-tijuana-jornada-10-estadio-cegar-cancha-1-tvc-deportes,  1 - 1,  https--www.ligafemenil.mx-cancha-estadio-1466-estadio-cegar-cancha-1,  CEGAR Cancha 1,  https--www.ligafemenil.mx-cancha-galeria-OTg5OTQvMTAvNzAvMS8xNA==-queretaro-vs-tijuana,  ,  https--www.ligafemenil.mx-cancha-playlist-98994-queretaro-vs-tijuana,  
2019-2020,Apertura,  Sábado 14 de Septiembre de 2019-nTemporada 2019-2020-nTorneo Apertura-nJornada 10-n14 Septiembre 2019 - 1900 hrs.,  https--www.ligafemenil.mx-cancha-informeArbitral-99019-eyJpZERpdmlzaW9uIjoiMTQiLCJpZFRlbXBvcmFkYSI6IjcwIiwiaWRUb3JuZW8iOiIxIiwiaWRDbHVibG9jYWwiOjExMTg2LCJpZENsdWJ2aXNpdGEiOjExNzc4fQ==-informe-arbitral-tigres-de-la-uanl-vs-club-atletico-de-san-luis-jornada-10-estadio-universitario,  4 - 0,  https--www.ligafemenil.mx-cancha-estadio-12-estadio-universitario,  Universitario,  https--www.ligafemenil.mx-cancha-galeria-OTkwMTkvMTAvNzAvMS8xNA==-tigres-de-la-uanl-vs-club-atletico-de-san-luis,  ,  https--www.ligafemenil.mx-cancha-playlist-99019-tigres-de-la-uanl-vs-club-atletico-de-san-luis,  
2019-2020,Apertura,  Domingo 15 de Septiembre de 2019-nTemporada 2019-2020-nTorneo Apertura-nJornada 10-n15 Septiembre 2019 - 1200 hrs.,  https--www.ligafemenil.mx-cancha-informeArbitral-99004-eyJpZERpdmlzaW9uIjoiMTQiLCJpZFRlbXBvcmFkYSI6IjcwIiwiaWRUb3JuZW8iOiIxIiwiaWRDbHVibG9jYWwiOjExNTQzLCJpZENsdWJ2aXNpdGEiOjExMTgzfQ==-informe-arbitral-puebla-fc-vs-m-morelia-jornada-10-estadio-cuauhtemoc-tvc-deportes,  1 - 3,  https--www.ligafemenil.mx-cancha-estadio-9-estadio-cuauhtemoc,  Cuauhtémoc,  https--www.ligafemenil.mx-cancha-galeria-OTkwMDQvMTAvNzAvMS8xNA==-puebla-fc-vs-m-morelia,  ,  https--www.ligafemenil.mx-cancha-playlist-99004-puebla-fc-vs-m-morelia,  
2019-2020,Apertura,  Lunes 16 de Septiembre de 2019-nTemporada 2019-2020-nTorneo Apertura-nJornada 10-n16 Septiembre 2019 - 1700 hrs.,  https--www.ligafemenil.mx-cancha-informeArbitral-98999-eyJpZERpdmlzaW9uIjoiMTQiLCJpZFRlbXBvcmFkYSI6IjcwIiwiaWRUb3JuZW8iOiIxIiwiaWRDbHVibG9jYWwiOjExMTg3LCJpZENsdWJ2aXNpdGEiOjExNzk1fQ==-informe-arbitral-toluca-vs-fc-juarez-jornada-10-estadio-nemesio-diez-tudn,  1 - 0,  https--www.ligafemenil.mx-cancha-estadio-6-estadio-nemesio-diez,  Nemesio Diez,  https--www.ligafemenil.mx-cancha-galeria-OTg5OTkvMTAvNzAvMS8xNA==-toluca-vs-fc-juarez,  ,  https--www.ligafemenil.mx-cancha-playlist-98999-toluca-vs-fc-juarez,  
2019-2020,Apertura,  Lunes 16 de Septiembre de 2019-nTemporada 2019-2020-nTorneo Apertura-nJornada 10-n16 Septiembre 2019 - 1900 hrs.,  https--www.ligafemenil.mx-cancha-informeArbitral-99014-eyJpZERpdmlzaW9uIjoiMTQiLCJpZFRlbXBvcmFkYSI6IjcwIiwiaWRUb3JuZW8iOiIxIiwiaWRDbHVibG9jYWwiOjExMjQzLCJpZENsdWJ2aXNpdGEiOjExMTg5fQ==-informe-arbitral-leon-vs-necaxa-jornada-10-estadio-nou-camp,  3 - 0,  https--www.ligafemenil.mx-cancha-estadio-23-estadio-nou-camp,  Nou Camp,  https--www.ligafemenil.mx-cancha-galeria-OTkwMTQvMTAvNzAvMS8xNA==-leon-vs-necaxa,  ,  https--www.ligafemenil.mx-cancha-playlist-99014-leon-vs-necaxa,  
2019-2020,Apertura,  Lunes 16 de Septiembre de 2019-nTemporada 2019-2020-nTorneo Apertura-nJornada 10-n16 Septiembre 2019 - 1900 hrs.,  https--www.ligafemenil.mx-cancha-informeArbitral-99011-eyJpZERpdmlzaW9uIjoiMTQiLCJpZFRlbXBvcmFkYSI6IjcwIiwiaWRUb3JuZW8iOiIxIiwiaWRDbHVibG9jYWwiOjExMTg0LCJpZENsdWJ2aXNpdGEiOjExMjQ1fQ==-informe-arbitral-pachuca-vs-atlas-jornada-10-estadio-hidalgo,  2 - 2,  https--www.ligafemenil.mx-cancha-estadio-11-estadio-hidalgo,  Hidalgo,  https--www.ligafemenil.mx-cancha-galeria-OTkwMTEvMTAvNzAvMS8xNA==-pachuca-vs-atlas,  ,  https--www.ligafemenil.mx-cancha-playlist-99011-pachuca-vs-atlas,  
2019-2020,Apertura,  Lunes 16 de Septiembre de 2019-nTemporada 2019-2020-nTorneo Apertura-nJornada 10-n16 Septiembre 2019 - 1900 hrs.,  https--www.ligafemenil.mx-cancha-informeArbitral-99008-eyJpZERpdmlzaW9uIjoiMTQiLCJpZFRlbXBvcmFkYSI6IjcwIiwiaWRUb3JuZW8iOiIxIiwiaWRDbHVibG9jYWwiOjExMTgyLCJpZENsdWJ2aXNpdGEiOjExMTkxfQ==-informe-arbitral-guadalajara-vs-america-jornada-10-estadio-akron-fox-sports,  4 - 2,  https--www.ligafemenil.mx-cancha-estadio-1538-estadio-akron,  Estadio AKRON,  https--www.ligafemenil.mx-cancha-galeria-OTkwMDgvMTAvNzAvMS8xNA==-guadalajara-vs-america,  ,  https--www.ligafemenil.mx-cancha-playlist-99008-guadalajara-vs-america,  
2019-2020,Apertura,  Lunes 16 de Septiembre de 2019-nTemporada 2019-2020-nTorneo Apertura-nJornada 10-n16 Septiembre 2019 - 2100 hrs.,  https--www.ligafemenil.mx-cancha-informeArbitral-99023-eyJpZERpdmlzaW9uIjoiMTQiLCJpZFRlbXBvcmFkYSI6IjcwIiwiaWRUb3JuZW8iOiIxIiwiaWRDbHVibG9jYWwiOjExMTkyLCJpZENsdWJ2aXNpdGEiOjExMTgxfQ==-informe-arbitral-santos-laguna-vs-cruz-azul-jornada-10-estadio-tsm-corona-fox-sports,  2 - 0,  https--www.ligafemenil.mx-cancha-estadio-63-estadio-tsm-corona,  TSM Corona,  https--www.ligafemenil.mx-cancha-galeria-OTkwMjMvMTAvNzAvMS8xNA==-santos-laguna-vs-cruz-azul,  ,  https--www.ligafemenil.mx-cancha-playlist-99023-santos-laguna-vs-cruz-azul,  
2019-2020,Apertura,  Miércoles 18 de Septiembre de 2019-nTemporada 2019-2020-nTorneo Apertura-nJornada 11-n18 Septiembre 2019 - 1900 hrs.,  https--www.ligafemenil.mx-cancha-informeArbitral-99028-eyJpZERpdmlzaW9uIjoiMTQiLCJpZFRlbXBvcmFkYSI6IjcwIiwiaWRUb3JuZW8iOiIxIiwiaWRDbHVibG9jYWwiOjExMTgwLCJpZENsdWJ2aXNpdGEiOjExMTgzfQ==-informe-arbitral-tijuana-vs-m-morelia-jornada-11-estadio-caliente,  4 - 1,  https--www.ligafemenil.mx-cancha-estadio-48-estadio-caliente,  Caliente,  https--www.ligafemenil.mx-cancha-galeria-OTkwMjgvMTEvNzAvMS8xNA==-tijuana-vs-m-morelia,  ,  https--www.ligafemenil.mx-cancha-playlist-99028-tijuana-vs-m-morelia,  
2019-2020,Apertura,  Jueves 19 de Septiembre de 2019-nTemporada 2019-2020-nTorneo Apertura-nJornada 11-n19 Septiembre 2019 - 1100 hrs.,  https--www.ligafemenil.mx-cancha-informeArbitral-99042-eyJpZERpdmlzaW9uIjoiMTQiLCJpZFRlbXBvcmFkYSI6IjcwIiwiaWRUb3JuZW8iOiIxIiwiaWRDbHVibG9jYWwiOjExMjQ1LCJpZENsdWJ2aXNpdGEiOjExMTg3fQ==-informe-arbitral-atlas-vs-toluca-jornada-11-estadio-colomos-tvc-deportes,  3 - 0,  https--www.ligafemenil.mx-cancha-estadio-109-estadio-colomos,  Colomos,  https--www.ligafemenil.mx-cancha-galeria-OTkwNDIvMTEvNzAvMS8xNA==-atlas-vs-toluca,  ,  https--www.ligafemenil.mx-cancha-playlist-99042-atlas-vs-toluca,  
2019-2020,Apertura,  Jueves 19 de Septiembre de 2019-nTemporada 2019-2020-nTorneo Apertura-nJornada 11-n19 Septiembre 2019 - 1600 hrs.,  https--www.ligafemenil.mx-cancha-informeArbitral-99039-eyJpZERpdmlzaW9uIjoiMTQiLCJpZFRlbXBvcmFkYSI6IjcwIiwiaWRUb3JuZW8iOiIxIiwiaWRDbHVibG9jYWwiOjExMTg5LCJpZENsdWJ2aXNpdGEiOjExNTQzfQ==-informe-arbitral-necaxa-vs-puebla-fc-jornada-11-estadio-victoria-claro-sports,  2 - 3,  https--www.ligafemenil.mx-cancha-estadio-15-estadio-victoria,  Victoria,  https--www.ligafemenil.mx-cancha-galeria-OTkwMzkvMTEvNzAvMS8xNA==-necaxa-vs-puebla-fc,  ,  https--www.ligafemenil.mx-cancha-playlist-99039-necaxa-vs-puebla-fc,  
2019-2020,Apertura,  Jueves 19 de Septiembre de 2019-nTemporada 2019-2020-nTorneo Apertura-nJornada 11-n19 Septiembre 2019 - 1700 hrs.,  https--www.ligafemenil.mx-cancha-informeArbitral-99051-eyJpZERpdmlzaW9uIjoiMTQiLCJpZFRlbXBvcmFkYSI6IjcwIiwiaWRUb3JuZW8iOiIxIiwiaWRDbHVibG9jYWwiOjExMjQyLCJpZENsdWJ2aXNpdGEiOjExMTkyfQ==-informe-arbitral-veracruz-vs-santos-laguna-jornada-11-estadio-luis-pirata-fuente-tibuvision,  0 - 1,  https--www.ligafemenil.mx-cancha-estadio-57-estadio-luis-pirata-fuente,  Luis Pirata Fuente,  https--www.ligafemenil.mx-cancha-galeria-OTkwNTEvMTEvNzAvMS8xNA==-veracruz-vs-santos-laguna,  ,  https--www.ligafemenil.mx-cancha-playlist-99051-veracruz-vs-santos-laguna,  
2019-2020,Apertura,  Jueves 19 de Septiembre de 2019-nTemporada 2019-2020-nTorneo Apertura-nJornada 11-n19 Septiembre 2019 - 1800 hrs.,  https--www.ligafemenil.mx-cancha-informeArbitral-99046-eyJpZERpdmlzaW9uIjoiMTQiLCJpZFRlbXBvcmFkYSI6IjcwIiwiaWRUb3JuZW8iOiIxIiwiaWRDbHVibG9jYWwiOjExMTkxLCJpZENsdWJ2aXNpdGEiOjExMjQzfQ==-informe-arbitral-america-vs-leon-jornada-11-estadio-azteca-tudn,  0 - 0,  https--www.ligafemenil.mx-cancha-estadio-1-estadio-azteca,  Azteca,  https--www.ligafemenil.mx-cancha-galeria-OTkwNDYvMTEvNzAvMS8xNA==-america-vs-leon,  ,  https--www.ligafemenil.mx-cancha-playlist-99046-america-vs-leon,  
2019-2020,Apertura,  Jueves 19 de Septiembre de 2019-nTemporada 2019-2020-nTorneo Apertura-nJornada 11-n19 Septiembre 2019 - 1900 hrs.,  https--www.ligafemenil.mx-cancha-informeArbitral-99055-eyJpZERpdmlzaW9uIjoiMTQiLCJpZFRlbXBvcmFkYSI6IjcwIiwiaWRUb3JuZW8iOiIxIiwiaWRDbHVibG9jYWwiOjExMTg0LCJpZENsdWJ2aXNpdGEiOjExMTg2fQ==-informe-arbitral-pachuca-vs-tigres-de-la-uanl-jornada-11-estadio-hidalgo-fox-sports,  3 - 2,  https--www.ligafemenil.mx-cancha-estadio-11-estadio-hidalgo,  Hidalgo,  https--www.ligafemenil.mx-cancha-galeria-OTkwNTUvMTEvNzAvMS8xNA==-pachuca-vs-tigres-de-la-uanl,  ,  https--www.ligafemenil.mx-cancha-playlist-99055-pachuca-vs-tigres-de-la-uanl,  
2019-2020,Apertura,  Jueves 19 de Septiembre de 2019-nTemporada 2019-2020-nTorneo Apertura-nJornada 11-n19 Septiembre 2019 - 2000 hrs.,  https--www.ligafemenil.mx-cancha-informeArbitral-99058-eyJpZERpdmlzaW9uIjoiMTQiLCJpZFRlbXBvcmFkYSI6IjcwIiwiaWRUb3JuZW8iOiIxIiwiaWRDbHVibG9jYWwiOjExNzc4LCJpZENsdWJ2aXNpdGEiOjExMTg1fQ==-informe-arbitral-club-atletico-de-san-luis-vs-rayados-de-monterrey-jornada-11-estadio-alfonso-lastras-ramirez,  1 - 5,  https--www.ligafemenil.mx-cancha-estadio-14-estadio-alfonso-lastras-ramirez,  Alfonso Lastras Ramírez,  https--www.ligafemenil.mx-cancha-galeria-OTkwNTgvMTEvNzAvMS8xNA==-club-atletico-de-san-luis-vs-rayados-de-monterrey,  ,  https--www.ligafemenil.mx-cancha-playlist-99058-club-atletico-de-san-luis-vs-rayados-de-monterrey,  
2019-2020,Apertura,  Jueves 19 de Septiembre de 2019-nTemporada 2019-2020-nTorneo Apertura-nJornada 11-n19 Septiembre 2019 - 1900 hrs.,  https--www.ligafemenil.mx-cancha-informeArbitral-99032-eyJpZERpdmlzaW9uIjoiMTQiLCJpZFRlbXBvcmFkYSI6IjcwIiwiaWRUb3JuZW8iOiIxIiwiaWRDbHVibG9jYWwiOjExNzk1LCJpZENsdWJ2aXNpdGEiOjExMTg4fQ==-informe-arbitral-fc-juarez-vs-pumas-jornada-11-estadio-olimpico-benito-juarez-tudn,  1 - 0,  https--www.ligafemenil.mx-cancha-estadio-17-estadio-olimpico-benito-juarez,  Olímpico Benito Juárez,  https--www.ligafemenil.mx-cancha-galeria-OTkwMzIvMTEvNzAvMS8xNA==-fc-juarez-vs-pumas,  ,  https--www.ligafemenil.mx-cancha-playlist-99032-fc-juarez-vs-pumas,  
2019-2020,Apertura,  Jueves 19 de Septiembre de 2019-nTemporada 2019-2020-nTorneo Apertura-nJornada 11-n19 Septiembre 2019 - 2100 hrs.,  https--www.ligafemenil.mx-cancha-informeArbitral-99049-eyJpZERpdmlzaW9uIjoiMTQiLCJpZFRlbXBvcmFkYSI6IjcwIiwiaWRUb3JuZW8iOiIxIiwiaWRDbHVibG9jYWwiOjExMTgyLCJpZENsdWJ2aXNpdGEiOjExMjQ0fQ==-informe-arbitral-guadalajara-vs-queretaro-jornada-11-estadio-akron-fox-sports,  2 - 1,  https--www.ligafemenil.mx-cancha-estadio-1538-estadio-akron,  Estadio AKRON,  https--www.ligafemenil.mx-cancha-galeria-OTkwNDkvMTEvNzAvMS8xNA==-guadalajara-vs-queretaro,  ,  https--www.ligafemenil.mx-cancha-playlist-99049-guadalajara-vs-queretaro,  
2019-2020,Apertura,  Domingo 22 de Septiembre de 2019-nTemporada 2019-2020-nTorneo Apertura-nJornada 12-n22 Septiembre 2019 - 1000 hrs.,  https--www.ligafemenil.mx-cancha-informeArbitral-99062-eyJpZERpdmlzaW9uIjoiMTQiLCJpZFRlbXBvcmFkYSI6IjcwIiwiaWRUb3JuZW8iOiIxIiwiaWRDbHVibG9jYWwiOjExMTgxLCJpZENsdWJ2aXNpdGEiOjExNzk1fQ==-informe-arbitral-cruz-azul-vs-fc-juarez-jornada-12-estadio-10-de-diciembre-tudn,  3 - 0,  https--www.ligafemenil.mx-cancha-estadio-30-estadio-10-de-diciembre,  10 de Diciembre,  https--www.ligafemenil.mx-cancha-galeria-OTkwNjIvMTIvNzAvMS8xNA==-cruz-azul-vs-fc-juarez,  ,  https--www.ligafemenil.mx-cancha-playlist-99062-cruz-azul-vs-fc-juarez,  
2019-2020,Apertura,  Domingo 22 de Septiembre de 2019-nTemporada 2019-2020-nTorneo Apertura-nJornada 12-n22 Septiembre 2019 - 1200 hrs.,  https--www.ligafemenil.mx-cancha-informeArbitral-99070-eyJpZERpdmlzaW9uIjoiMTQiLCJpZFRlbXBvcmFkYSI6IjcwIiwiaWRUb3JuZW8iOiIxIiwiaWRDbHVibG9jYWwiOjExNTQzLCJpZENsdWJ2aXNpdGEiOjExMjQyfQ==-informe-arbitral-puebla-fc-vs-veracruz-jornada-12-estadio-cuauhtemoc-tvc-deportes,  2 - 1,  https--www.ligafemenil.mx-cancha-estadio-9-estadio-cuauhtemoc,  Cuauhtémoc,  https--www.ligafemenil.mx-cancha-galeria-OTkwNzAvMTIvNzAvMS8xNA==-puebla-fc-vs-veracruz,  ,  https--www.ligafemenil.mx-cancha-playlist-99070-puebla-fc-vs-veracruz,  
2019-2020,Apertura,  Domingo 22 de Septiembre de 2019-nTemporada 2019-2020-nTorneo Apertura-nJornada 12-n22 Septiembre 2019 - 1600 hrs.,  https--www.ligafemenil.mx-cancha-informeArbitral-99074-eyJpZERpdmlzaW9uIjoiMTQiLCJpZFRlbXBvcmFkYSI6IjcwIiwiaWRUb3JuZW8iOiIxIiwiaWRDbHVibG9jYWwiOjExMjQ0LCJpZENsdWJ2aXNpdGEiOjExMTkxfQ==-informe-arbitral-queretaro-vs-america-jornada-12-estadio-la-corregidora-tvc-deportes,  0 - 5,  https--www.ligafemenil.mx-cancha-estadio-25-estadio-la-corregidora,  La Corregidora,  https--www.ligafemenil.mx-cancha-galeria-OTkwNzQvMTIvNzAvMS8xNA==-queretaro-vs-america,  ,  https--www.ligafemenil.mx-cancha-playlist-99074-queretaro-vs-america,  
2019-2020,Apertura,  Lunes 23 de Septiembre de 2019-nTemporada 2019-2020-nTorneo Apertura-nJornada 12-n23 Septiembre 2019 - 1600 hrs.,  https--www.ligafemenil.mx-cancha-informeArbitral-99077-eyJpZERpdmlzaW9uIjoiMTQiLCJpZFRlbXBvcmFkYSI6IjcwIiwiaWRUb3JuZW8iOiIxIiwiaWRDbHVibG9jYWwiOjExMTg4LCJpZENsdWJ2aXNpdGEiOjExNzc4fQ==-informe-arbitral-pumas-vs-club-atletico-de-san-luis-jornada-12-estadio-la-cantera-tudn,  2 - 0,  https--www.ligafemenil.mx-cancha-estadio-37-estadio-la-cantera,  La Cantera,  https--www.ligafemenil.mx-cancha-galeria-OTkwNzcvMTIvNzAvMS8xNA==-pumas-vs-club-atletico-de-san-luis,  ,  https--www.ligafemenil.mx-cancha-playlist-99077-pumas-vs-club-atletico-de-san-luis,  
2019-2020,Apertura,  Lunes 23 de Septiembre de 2019-nTemporada 2019-2020-nTorneo Apertura-nJornada 12-n23 Septiembre 2019 - 1600 hrs.,  https--www.ligafemenil.mx-cancha-informeArbitral-99080-eyJpZERpdmlzaW9uIjoiMTQiLCJpZFRlbXBvcmFkYSI6IjcwIiwiaWRUb3JuZW8iOiIxIiwiaWRDbHVibG9jYWwiOjExMTgzLCJpZENsdWJ2aXNpdGEiOjExMjQ1fQ==-informe-arbitral-m-morelia-vs-atlas-jornada-12-estadio-jose-maria-morelos-y-pavon-am,  0 - 0,  https--www.ligafemenil.mx-cancha-estadio-10-estadio-jose-maria-morelos-y-pavon,  José María Morelos y Pavón,  https--www.ligafemenil.mx-cancha-galeria-OTkwODAvMTIvNzAvMS8xNA==-m-morelia-vs-atlas,  ,  https--www.ligafemenil.mx-cancha-playlist-99080-m-morelia-vs-atlas,  
2019-2020,Apertura,  Lunes 23 de Septiembre de 2019-nTemporada 2019-2020-nTorneo Apertura-nJornada 12-n23 Septiembre 2019 - 1800 hrs.,  https--www.ligafemenil.mx-cancha-informeArbitral-99066-eyJpZERpdmlzaW9uIjoiMTQiLCJpZFRlbXBvcmFkYSI6IjcwIiwiaWRUb3JuZW8iOiIxIiwiaWRDbHVibG9jYWwiOjExMTg3LCJpZENsdWJ2aXNpdGEiOjExMTgyfQ==-informe-arbitral-toluca-vs-guadalajara-jornada-12-estadio-nemesio-diez-tudn,  1 - 2,  https--www.ligafemenil.mx-cancha-estadio-6-estadio-nemesio-diez,  Nemesio Diez,  https--www.ligafemenil.mx-cancha-galeria-OTkwNjYvMTIvNzAvMS8xNA==-toluca-vs-guadalajara,  ,  https--www.ligafemenil.mx-cancha-playlist-99066-toluca-vs-guadalajara,  
2019-2020,Apertura,  Lunes 23 de Septiembre de 2019-nTemporada 2019-2020-nTorneo Apertura-nJornada 12-n23 Septiembre 2019 - 1900 hrs.,  https--www.ligafemenil.mx-cancha-informeArbitral-99084-eyJpZERpdmlzaW9uIjoiMTQiLCJpZFRlbXBvcmFkYSI6IjcwIiwiaWRUb3JuZW8iOiIxIiwiaWRDbHVibG9jYWwiOjExMjQzLCJpZENsdWJ2aXNpdGEiOjExMTkyfQ==-informe-arbitral-leon-vs-santos-laguna-jornada-12-estadio-nou-camp-fox-sports,  2 - 0,  https--www.ligafemenil.mx-cancha-estadio-23-estadio-nou-camp,  Nou Camp,  https--www.ligafemenil.mx-cancha-galeria-OTkwODQvMTIvNzAvMS8xNA==-leon-vs-santos-laguna,  ,  https--www.ligafemenil.mx-cancha-playlist-99084-leon-vs-santos-laguna,  
2019-2020,Apertura,  Lunes 23 de Septiembre de 2019-nTemporada 2019-2020-nTorneo Apertura-nJornada 12-n23 Septiembre 2019 - 2000 hrs.,  https--www.ligafemenil.mx-cancha-informeArbitral-99089-eyJpZERpdmlzaW9uIjoiMTQiLCJpZFRlbXBvcmFkYSI6IjcwIiwiaWRUb3JuZW8iOiIxIiwiaWRDbHVibG9jYWwiOjExMTg2LCJpZENsdWJ2aXNpdGEiOjExMTgwfQ==-informe-arbitral-tigres-de-la-uanl-vs-tijuana-jornada-12-estadio-universitario-tudn,  2 - 0,  https--www.ligafemenil.mx-cancha-estadio-12-estadio-universitario,  Universitario,  https--www.ligafemenil.mx-cancha-galeria-OTkwODkvMTIvNzAvMS8xNA==-tigres-de-la-uanl-vs-tijuana,  ,  https--www.ligafemenil.mx-cancha-playlist-99089-tigres-de-la-uanl-vs-tijuana,  
2019-2020,Apertura,  Lunes 23 de Septiembre de 2019-nTemporada 2019-2020-nTorneo Apertura-nJornada 12-n23 Septiembre 2019 - 2100 hrs.,  https--www.ligafemenil.mx-cancha-informeArbitral-99090-eyJpZERpdmlzaW9uIjoiMTQiLCJpZFRlbXBvcmFkYSI6IjcwIiwiaWRUb3JuZW8iOiIxIiwiaWRDbHVibG9jYWwiOjExMTg1LCJpZENsdWJ2aXNpdGEiOjExMTg5fQ==-informe-arbitral-rayados-de-monterrey-vs-necaxa-jornada-12-estadio-bbva-fox-sports,  4 - 0,  https--www.ligafemenil.mx-cancha-estadio-1608-estadio-bbva,  Estadio BBVA,  https--www.ligafemenil.mx-cancha-galeria-OTkwOTAvMTIvNzAvMS8xNA==-rayados-de-monterrey-vs-necaxa,  ,  https--www.ligafemenil.mx-cancha-playlist-99090-rayados-de-monterrey-vs-necaxa,  
2019-2020,Apertura,  Viernes 27 de Septiembre de 2019-nTemporada 2019-2020-nTorneo Apertura-nJornada 13-n27 Septiembre 2019 - 1600 hrs.,  https--www.ligafemenil.mx-cancha-informeArbitral-98973-eyJpZERpdmlzaW9uIjoiMTQiLCJpZFRlbXBvcmFkYSI6IjcwIiwiaWRUb3JuZW8iOiIxIiwiaWRDbHVibG9jYWwiOjExMTg5LCJpZENsdWJ2aXNpdGEiOjExMjQ0fQ==-informe-arbitral-necaxa-vs-queretaro-jornada-13-estadio-victoria-claro-sports,  0 - 1,  https--www.ligafemenil.mx-cancha-estadio-15-estadio-victoria,  Victoria,  https--www.ligafemenil.mx-cancha-galeria-OTg5NzMvMTMvNzAvMS8xNA==-necaxa-vs-queretaro,  ,  https--www.ligafemenil.mx-cancha-playlist-98973-necaxa-vs-queretaro,  
2019-2020,Apertura,  Viernes 27 de Septiembre de 2019-nTemporada 2019-2020-nTorneo Apertura-nJornada 13-n27 Septiembre 2019 - 1800 hrs.,  https--www.ligafemenil.mx-cancha-informeArbitral-99000-eyJpZERpdmlzaW9uIjoiMTQiLCJpZFRlbXBvcmFkYSI6IjcwIiwiaWRUb3JuZW8iOiIxIiwiaWRDbHVibG9jYWwiOjExNzk1LCJpZENsdWJ2aXNpdGEiOjExMTg2fQ==-informe-arbitral-fc-juarez-vs-tigres-de-la-uanl-jornada-13-estadio-olimpico-benito-juarez-tudn,  1 - 2,  https--www.ligafemenil.mx-cancha-estadio-17-estadio-olimpico-benito-juarez,  Olímpico Benito Juárez,  https--www.ligafemenil.mx-cancha-galeria-OTkwMDAvMTMvNzAvMS8xNA==-fc-juarez-vs-tigres-de-la-uanl,  ,  https--www.ligafemenil.mx-cancha-playlist-99000-fc-juarez-vs-tigres-de-la-uanl,  
2019-2020,Apertura,  Sábado 28 de Septiembre de 2019-nTemporada 2019-2020-nTorneo Apertura-nJornada 13-n28 Septiembre 2019 - 1100 hrs.,  https--www.ligafemenil.mx-cancha-informeArbitral-98976-eyJpZERpdmlzaW9uIjoiMTQiLCJpZFRlbXBvcmFkYSI6IjcwIiwiaWRUb3JuZW8iOiIxIiwiaWRDbHVibG9jYWwiOjExMjQ1LCJpZENsdWJ2aXNpdGEiOjExMTgxfQ==-informe-arbitral-atlas-vs-cruz-azul-jornada-13-estadio-colomos-tvc-deportes,  2 - 2,  https--www.ligafemenil.mx-cancha-estadio-109-estadio-colomos,  Colomos,  https--www.ligafemenil.mx-cancha-galeria-OTg5NzYvMTMvNzAvMS8xNA==-atlas-vs-cruz-azul,  ,  https--www.ligafemenil.mx-cancha-playlist-98976-atlas-vs-cruz-azul,  
2019-2020,Apertura,  Sábado 28 de Septiembre de 2019-nTemporada 2019-2020-nTorneo Apertura-nJornada 13-n28 Septiembre 2019 - 1200 hrs.,  https--www.ligafemenil.mx-cancha-informeArbitral-98983-eyJpZERpdmlzaW9uIjoiMTQiLCJpZFRlbXBvcmFkYSI6IjcwIiwiaWRUb3JuZW8iOiIxIiwiaWRDbHVibG9jYWwiOjExMTg4LCJpZENsdWJ2aXNpdGEiOjExMTgzfQ==-informe-arbitral-pumas-vs-m-morelia-jornada-13-estadio-la-cantera-tudn,  1 - 1,  https--www.ligafemenil.mx-cancha-estadio-37-estadio-la-cantera,  La Cantera,  https--www.ligafemenil.mx-cancha-galeria-OTg5ODMvMTMvNzAvMS8xNA==-pumas-vs-m-morelia,  ,  https--www.ligafemenil.mx-cancha-playlist-98983-pumas-vs-m-morelia,  
2019-2020,Apertura,  Lunes 30 de Septiembre de 2019-nTemporada 2019-2020-nTorneo Apertura-nJornada 13-n30 Septiembre 2019 - 1700 hrs.,  https--www.ligafemenil.mx-cancha-informeArbitral-98986-eyJpZERpdmlzaW9uIjoiMTQiLCJpZFRlbXBvcmFkYSI6IjcwIiwiaWRUb3JuZW8iOiIxIiwiaWRDbHVibG9jYWwiOjExMjQyLCJpZENsdWJ2aXNpdGEiOjExMTgyfQ==-informe-arbitral-veracruz-vs-guadalajara-jornada-13-estadio-luis-pirata-fuente-tibuvision,  1 - 1,  https--www.ligafemenil.mx-cancha-estadio-57-estadio-luis-pirata-fuente,  Luis Pirata Fuente,  https--www.ligafemenil.mx-cancha-galeria-OTg5ODYvMTMvNzAvMS8xNA==-veracruz-vs-guadalajara,  ,  https--www.ligafemenil.mx-cancha-playlist-98986-veracruz-vs-guadalajara,  
2019-2020,Apertura,  Lunes 30 de Septiembre de 2019-nTemporada 2019-2020-nTorneo Apertura-nJornada 13-n30 Septiembre 2019 - 1800 hrs.,  https--www.ligafemenil.mx-cancha-informeArbitral-98980-eyJpZERpdmlzaW9uIjoiMTQiLCJpZFRlbXBvcmFkYSI6IjcwIiwiaWRUb3JuZW8iOiIxIiwiaWRDbHVibG9jYWwiOjExMTkxLCJpZENsdWJ2aXNpdGEiOjExMTg0fQ==-informe-arbitral-america-vs-pachuca-jornada-13-estadio-azteca-tudn,  2 - 1,  https--www.ligafemenil.mx-cancha-estadio-1-estadio-azteca,  Azteca,  https--www.ligafemenil.mx-cancha-galeria-OTg5ODAvMTMvNzAvMS8xNA==-america-vs-pachuca,  ,  https--www.ligafemenil.mx-cancha-playlist-98980-america-vs-pachuca,  
2019-2020,Apertura,  Lunes 30 de Septiembre de 2019-nTemporada 2019-2020-nTorneo Apertura-nJornada 13-n30 Septiembre 2019 - 1900 hrs.,  https--www.ligafemenil.mx-cancha-informeArbitral-98989-eyJpZERpdmlzaW9uIjoiMTQiLCJpZFRlbXBvcmFkYSI6IjcwIiwiaWRUb3JuZW8iOiIxIiwiaWRDbHVibG9jYWwiOjExMTkyLCJpZENsdWJ2aXNpdGEiOjExNTQzfQ==-informe-arbitral-santos-laguna-vs-puebla-fc-jornada-13-estadio-tsm-corona-fox-sports,  0 - 0,  https--www.ligafemenil.mx-cancha-estadio-63-estadio-tsm-corona,  TSM Corona,  https--www.ligafemenil.mx-cancha-galeria-OTg5ODkvMTMvNzAvMS8xNA==-santos-laguna-vs-puebla-fc,  ,  https--www.ligafemenil.mx-cancha-playlist-98989-santos-laguna-vs-puebla-fc,  
2019-2020,Apertura,  Lunes 30 de Septiembre de 2019-nTemporada 2019-2020-nTorneo Apertura-nJornada 13-n30 Septiembre 2019 - 2000 hrs.,  https--www.ligafemenil.mx-cancha-informeArbitral-98993-eyJpZERpdmlzaW9uIjoiMTQiLCJpZFRlbXBvcmFkYSI6IjcwIiwiaWRUb3JuZW8iOiIxIiwiaWRDbHVibG9jYWwiOjExNzc4LCJpZENsdWJ2aXNpdGEiOjExMjQzfQ==-informe-arbitral-club-atletico-de-san-luis-vs-leon-jornada-13-estadio-alfonso-lastras-ramirez,  1 - 2,  https--www.ligafemenil.mx-cancha-estadio-14-estadio-alfonso-lastras-ramirez,  Alfonso Lastras Ramírez,  https--www.ligafemenil.mx-cancha-galeria-OTg5OTMvMTMvNzAvMS8xNA==-club-atletico-de-san-luis-vs-leon,  ,  https--www.ligafemenil.mx-cancha-playlist-98993-club-atletico-de-san-luis-vs-leon,  
2019-2020,Apertura,  Lunes 30 de Septiembre de 2019-nTemporada 2019-2020-nTorneo Apertura-nJornada 13-n30 Septiembre 2019 - 1900 hrs.,  https--www.ligafemenil.mx-cancha-informeArbitral-98996-eyJpZERpdmlzaW9uIjoiMTQiLCJpZFRlbXBvcmFkYSI6IjcwIiwiaWRUb3JuZW8iOiIxIiwiaWRDbHVibG9jYWwiOjExMTgwLCJpZENsdWJ2aXNpdGEiOjExMTg3fQ==-informe-arbitral-tijuana-vs-toluca-jornada-13-estadio-caliente-fox-sports,  2 - 1,  https--www.ligafemenil.mx-cancha-estadio-48-estadio-caliente,  Caliente,  https--www.ligafemenil.mx-cancha-galeria-OTg5OTYvMTMvNzAvMS8xNA==-tijuana-vs-toluca,  ,  https--www.ligafemenil.mx-cancha-playlist-98996-tijuana-vs-toluca,  
2019-2020,Apertura,  Viernes 11 de Octubre de 2019-nTemporada 2019-2020-nTorneo Apertura-nJornada 14-n11 Octubre 2019 - 1600 hrs.,  https--www.ligafemenil.mx-cancha-informeArbitral-99005-eyJpZERpdmlzaW9uIjoiMTQiLCJpZFRlbXBvcmFkYSI6IjcwIiwiaWRUb3JuZW8iOiIxIiwiaWRDbHVibG9jYWwiOjExMTgxLCJpZENsdWJ2aXNpdGEiOjExMjQyfQ==-informe-arbitral-cruz-azul-vs-veracruz-jornada-14-estadio-10-de-diciembre-tudn,  4 - 0,  https--www.ligafemenil.mx-cancha-estadio-30-estadio-10-de-diciembre,  10 de Diciembre,  https--www.ligafemenil.mx-cancha-galeria-OTkwMDUvMTQvNzAvMS8xNA==-cruz-azul-vs-veracruz,  ,  https--www.ligafemenil.mx-cancha-playlist-99005-cruz-azul-vs-veracruz,  
2019-2020,Apertura,  Viernes 11 de Octubre de 2019-nTemporada 2019-2020-nTorneo Apertura-nJornada 14-n11 Octubre 2019 - 1600 hrs.,  https--www.ligafemenil.mx-cancha-informeArbitral-99009-eyJpZERpdmlzaW9uIjoiMTQiLCJpZFRlbXBvcmFkYSI6IjcwIiwiaWRUb3JuZW8iOiIxIiwiaWRDbHVibG9jYWwiOjExMjQ0LCJpZENsdWJ2aXNpdGEiOjExMjQ1fQ==-informe-arbitral-queretaro-vs-atlas-jornada-14-estadio-la-corregidora-tvc-deportes,  0 - 4,  https--www.ligafemenil.mx-cancha-estadio-25-estadio-la-corregidora,  La Corregidora,  https--www.ligafemenil.mx-cancha-galeria-OTkwMDkvMTQvNzAvMS8xNA==-queretaro-vs-atlas,  ,  https--www.ligafemenil.mx-cancha-playlist-99009-queretaro-vs-atlas,  
2019-2020,Apertura,  Sábado 12 de Octubre de 2019-nTemporada 2019-2020-nTorneo Apertura-nJornada 14-n12 Octubre 2019 - 1200 hrs.,  https--www.ligafemenil.mx-cancha-informeArbitral-99012-eyJpZERpdmlzaW9uIjoiMTQiLCJpZFRlbXBvcmFkYSI6IjcwIiwiaWRUb3JuZW8iOiIxIiwiaWRDbHVibG9jYWwiOjExMTkxLCJpZENsdWJ2aXNpdGEiOjExMTg4fQ==-informe-arbitral-america-vs-pumas-jornada-14-estadio-cancha-centenario-no-5-natural-instalaciones-club-america-tudn,  0 - 0,  https--www.ligafemenil.mx-cancha-estadio-1421-estadio-cancha-centenario-no-5-natural-instalaciones-club-america,  Cancha Centenario No. 5 (Natural) Instalaciones Club América,  https--www.ligafemenil.mx-cancha-galeria-OTkwMTIvMTQvNzAvMS8xNA==-america-vs-pumas,  ,  https--www.ligafemenil.mx-cancha-playlist-99012-america-vs-pumas,  
2019-2020,Apertura,  Domingo 13 de Octubre de 2019-nTemporada 2019-2020-nTorneo Apertura-nJornada 14-n13 Octubre 2019 - 1200 hrs.,  https--www.ligafemenil.mx-cancha-informeArbitral-99021-eyJpZERpdmlzaW9uIjoiMTQiLCJpZFRlbXBvcmFkYSI6IjcwIiwiaWRUb3JuZW8iOiIxIiwiaWRDbHVibG9jYWwiOjExNTQzLCJpZENsdWJ2aXNpdGEiOjExMTgwfQ==-informe-arbitral-puebla-fc-vs-tijuana-jornada-14-estadio-cuauhtemoc-tvc-deportes,  1 - 1,  https--www.ligafemenil.mx-cancha-estadio-9-estadio-cuauhtemoc,  Cuauhtémoc,  https--www.ligafemenil.mx-cancha-galeria-OTkwMjEvMTQvNzAvMS8xNA==-puebla-fc-vs-tijuana,  ,  https--www.ligafemenil.mx-cancha-playlist-99021-puebla-fc-vs-tijuana,  
2019-2020,Apertura,  Domingo 13 de Octubre de 2019-nTemporada 2019-2020-nTorneo Apertura-nJornada 14-n13 Octubre 2019 - 1200 hrs.,  https--www.ligafemenil.mx-cancha-informeArbitral-99017-eyJpZERpdmlzaW9uIjoiMTQiLCJpZFRlbXBvcmFkYSI6IjcwIiwiaWRUb3JuZW8iOiIxIiwiaWRDbHVibG9jYWwiOjExMTgyLCJpZENsdWJ2aXNpdGEiOjExMTkyfQ==-informe-arbitral-guadalajara-vs-santos-laguna-jornada-14-estadio-verde-valle-2-chivas-tv,  2 - 3,  https--www.ligafemenil.mx-cancha-estadio-1554-estadio-verde-valle-2,  Verde Valle 2,  https--www.ligafemenil.mx-cancha-galeria-OTkwMTcvMTQvNzAvMS8xNA==-guadalajara-vs-santos-laguna,  ,  https--www.ligafemenil.mx-cancha-playlist-99017-guadalajara-vs-santos-laguna,  
2019-2020,Apertura,  Lunes 14 de Octubre de 2019-nTemporada 2019-2020-nTorneo Apertura-nJornada 14-n14 Octubre 2019 - 1600 hrs.,  https--www.ligafemenil.mx-cancha-informeArbitral-99015-eyJpZERpdmlzaW9uIjoiMTQiLCJpZFRlbXBvcmFkYSI6IjcwIiwiaWRUb3JuZW8iOiIxIiwiaWRDbHVibG9jYWwiOjExMTg3LCJpZENsdWJ2aXNpdGEiOjExNzc4fQ==-informe-arbitral-toluca-vs-club-atletico-de-san-luis-jornada-14-estadio-nemesio-diez-tudn,  3 - 1,  https--www.ligafemenil.mx-cancha-estadio-6-estadio-nemesio-diez,  Nemesio Diez,  https--www.ligafemenil.mx-cancha-galeria-OTkwMTUvMTQvNzAvMS8xNA==-toluca-vs-club-atletico-de-san-luis,  ,  https--www.ligafemenil.mx-cancha-playlist-99015-toluca-vs-club-atletico-de-san-luis,  
2019-2020,Apertura,  Lunes 14 de Octubre de 2019-nTemporada 2019-2020-nTorneo Apertura-nJornada 14-n14 Octubre 2019 - 1900 hrs.,  https--www.ligafemenil.mx-cancha-informeArbitral-99024-eyJpZERpdmlzaW9uIjoiMTQiLCJpZFRlbXBvcmFkYSI6IjcwIiwiaWRUb3JuZW8iOiIxIiwiaWRDbHVibG9jYWwiOjExMTg0LCJpZENsdWJ2aXNpdGEiOjExNzk1fQ==-informe-arbitral-pachuca-vs-fc-juarez-jornada-14-estadio-hidalgo-fox-sports,  5 - 1,  https--www.ligafemenil.mx-cancha-estadio-11-estadio-hidalgo,  Hidalgo,  https--www.ligafemenil.mx-cancha-galeria-OTkwMjQvMTQvNzAvMS8xNA==-pachuca-vs-fc-juarez,  ,  https--www.ligafemenil.mx-cancha-playlist-99024-pachuca-vs-fc-juarez,  
2019-2020,Apertura,  Lunes 14 de Octubre de 2019-nTemporada 2019-2020-nTorneo Apertura-nJornada 14-n14 Octubre 2019 - 2000 hrs.,  https--www.ligafemenil.mx-cancha-informeArbitral-99027-eyJpZERpdmlzaW9uIjoiMTQiLCJpZFRlbXBvcmFkYSI6IjcwIiwiaWRUb3JuZW8iOiIxIiwiaWRDbHVibG9jYWwiOjExMTg2LCJpZENsdWJ2aXNpdGEiOjExMTg5fQ==-informe-arbitral-tigres-de-la-uanl-vs-necaxa-jornada-14-estadio-universitario-tudn,  4 - 0,  https--www.ligafemenil.mx-cancha-estadio-12-estadio-universitario,  Universitario,  https--www.ligafemenil.mx-cancha-galeria-OTkwMjcvMTQvNzAvMS8xNA==-tigres-de-la-uanl-vs-necaxa,  ,  https--www.ligafemenil.mx-cancha-playlist-99027-tigres-de-la-uanl-vs-necaxa,  
2019-2020,Apertura,  Lunes 14 de Octubre de 2019-nTemporada 2019-2020-nTorneo Apertura-nJornada 14-n14 Octubre 2019 - 2100 hrs.,  https--www.ligafemenil.mx-cancha-informeArbitral-99030-eyJpZERpdmlzaW9uIjoiMTQiLCJpZFRlbXBvcmFkYSI6IjcwIiwiaWRUb3JuZW8iOiIxIiwiaWRDbHVibG9jYWwiOjExMjQzLCJpZENsdWJ2aXNpdGEiOjExMTg1fQ==-informe-arbitral-leon-vs-rayados-de-monterrey-jornada-14-estadio-nou-camp-fox-sports,  1 - 3,  https--www.ligafemenil.mx-cancha-estadio-23-estadio-nou-camp,  Nou Camp,  https--www.ligafemenil.mx-cancha-galeria-OTkwMzAvMTQvNzAvMS8xNA==-leon-vs-rayados-de-monterrey,  ,  https--www.ligafemenil.mx-cancha-playlist-99030-leon-vs-rayados-de-monterrey,  
2019-2020,Apertura,  Viernes 18 de Octubre de 2019-nTemporada 2019-2020-nTorneo Apertura-nJornada 15-n18 Octubre 2019 - 1600 hrs.,  https--www.ligafemenil.mx-cancha-informeArbitral-99034-eyJpZERpdmlzaW9uIjoiMTQiLCJpZFRlbXBvcmFkYSI6IjcwIiwiaWRUb3JuZW8iOiIxIiwiaWRDbHVibG9jYWwiOjExMTg5LCJpZENsdWJ2aXNpdGEiOjExMTg3fQ==-informe-arbitral-necaxa-vs-toluca-jornada-15-estadio-victoria-claro-sports,  1 - 2,  https--www.ligafemenil.mx-cancha-estadio-15-estadio-victoria,  Victoria,  https--www.ligafemenil.mx-cancha-galeria-OTkwMzQvMTUvNzAvMS8xNA==-necaxa-vs-toluca,  ,  https--www.ligafemenil.mx-cancha-playlist-99034-necaxa-vs-toluca,  
2019-2020,Apertura,  Sábado 19 de Octubre de 2019-nTemporada 2019-2020-nTorneo Apertura-nJornada 15-n19 Octubre 2019 - 1000 hrs.,  https--www.ligafemenil.mx-cancha-informeArbitral-99059-eyJpZERpdmlzaW9uIjoiMTQiLCJpZFRlbXBvcmFkYSI6IjcwIiwiaWRUb3JuZW8iOiIxIiwiaWRDbHVibG9jYWwiOjExMTg1LCJpZENsdWJ2aXNpdGEiOjExMTgxfQ==-informe-arbitral-rayados-de-monterrey-vs-cruz-azul-jornada-15-estadio-el-barrial,  2 - 0,  https--www.ligafemenil.mx-cancha-estadio-675-estadio-el-barrial,  El Barrial,  https--www.ligafemenil.mx-cancha-galeria-OTkwNTkvMTUvNzAvMS8xNA==-rayados-de-monterrey-vs-cruz-azul,  ,  https--www.ligafemenil.mx-cancha-playlist-99059-rayados-de-monterrey-vs-cruz-azul,  
2019-2020,Apertura,  Sábado 19 de Octubre de 2019-nTemporada 2019-2020-nTorneo Apertura-nJornada 15-n19 Octubre 2019 - 1100 hrs.,  https--www.ligafemenil.mx-cancha-informeArbitral-99044-eyJpZERpdmlzaW9uIjoiMTQiLCJpZFRlbXBvcmFkYSI6IjcwIiwiaWRUb3JuZW8iOiIxIiwiaWRDbHVibG9jYWwiOjExMTg4LCJpZENsdWJ2aXNpdGEiOjExMjQzfQ==-informe-arbitral-pumas-vs-leon-jornada-15-estadio-la-cantera-tudn,  1 - 0,  https--www.ligafemenil.mx-cancha-estadio-37-estadio-la-cantera,  La Cantera,  https--www.ligafemenil.mx-cancha-galeria-OTkwNDQvMTUvNzAvMS8xNA==-pumas-vs-leon,  ,  https--www.ligafemenil.mx-cancha-playlist-99044-pumas-vs-leon,  
2019-2020,Apertura,  Sábado 19 de Octubre de 2019-nTemporada 2019-2020-nTorneo Apertura-nJornada 15-n19 Octubre 2019 - 1100 hrs.,  https--www.ligafemenil.mx-cancha-informeArbitral-99040-eyJpZERpdmlzaW9uIjoiMTQiLCJpZFRlbXBvcmFkYSI6IjcwIiwiaWRUb3JuZW8iOiIxIiwiaWRDbHVibG9jYWwiOjExMjQ1LCJpZENsdWJ2aXNpdGEiOjExMTgyfQ==-informe-arbitral-atlas-vs-guadalajara-jornada-15-estadio-colomos-tvc-deportes,  1 - 1,  https--www.ligafemenil.mx-cancha-estadio-109-estadio-colomos,  Colomos,  https--www.ligafemenil.mx-cancha-galeria-OTkwNDAvMTUvNzAvMS8xNA==-atlas-vs-guadalajara,  ,  https--www.ligafemenil.mx-cancha-playlist-99040-atlas-vs-guadalajara,  
2019-2020,Apertura,  Sábado 19 de Octubre de 2019-nTemporada 2019-2020-nTorneo Apertura-nJornada 15-n19 Octubre 2019 - 1600 hrs.,  https--www.ligafemenil.mx-cancha-informeArbitral-99047-eyJpZERpdmlzaW9uIjoiMTQiLCJpZFRlbXBvcmFkYSI6IjcwIiwiaWRUb3JuZW8iOiIxIiwiaWRDbHVibG9jYWwiOjExMTgzLCJpZENsdWJ2aXNpdGEiOjExMjQ0fQ==-informe-arbitral-m-morelia-vs-queretaro-jornada-15-estadio-jose-maria-morelos-y-pavon-am,  2 - 0,  https--www.ligafemenil.mx-cancha-estadio-10-estadio-jose-maria-morelos-y-pavon,  José María Morelos y Pavón,  https--www.ligafemenil.mx-cancha-galeria-OTkwNDcvMTUvNzAvMS8xNA==-m-morelia-vs-queretaro,  ,  https--www.ligafemenil.mx-cancha-playlist-99047-m-morelia-vs-queretaro,  
2019-2020,Apertura,  Lunes 21 de Octubre de 2019-nTemporada 2019-2020-nTorneo Apertura-nJornada 15-n21 Octubre 2019 - 1700 hrs.,  https--www.ligafemenil.mx-cancha-informeArbitral-99050-eyJpZERpdmlzaW9uIjoiMTQiLCJpZFRlbXBvcmFkYSI6IjcwIiwiaWRUb3JuZW8iOiIxIiwiaWRDbHVibG9jYWwiOjExMjQyLCJpZENsdWJ2aXNpdGEiOjExMTg2fQ==-informe-arbitral-veracruz-vs-tigres-de-la-uanl-jornada-15-estadio-luis-pirata-fuente-tibuvision,  0 - 2,  https--www.ligafemenil.mx-cancha-estadio-57-estadio-luis-pirata-fuente,  Luis Pirata Fuente,  https--www.ligafemenil.mx-cancha-galeria-OTkwNTAvMTUvNzAvMS8xNA==-veracruz-vs-tigres-de-la-uanl,  ,  https--www.ligafemenil.mx-cancha-playlist-99050-veracruz-vs-tigres-de-la-uanl,  
2019-2020,Apertura,  Lunes 21 de Octubre de 2019-nTemporada 2019-2020-nTorneo Apertura-nJornada 15-n21 Octubre 2019 - 1900 hrs.,  https--www.ligafemenil.mx-cancha-informeArbitral-99054-eyJpZERpdmlzaW9uIjoiMTQiLCJpZFRlbXBvcmFkYSI6IjcwIiwiaWRUb3JuZW8iOiIxIiwiaWRDbHVibG9jYWwiOjExMTkyLCJpZENsdWJ2aXNpdGEiOjExMTkxfQ==-informe-arbitral-santos-laguna-vs-america-jornada-15-estadio-tsm-corona-fox-sports,  0 - 1,  https--www.ligafemenil.mx-cancha-estadio-63-estadio-tsm-corona,  TSM Corona,  https--www.ligafemenil.mx-cancha-galeria-OTkwNTQvMTUvNzAvMS8xNA==-santos-laguna-vs-america,  ,  https--www.ligafemenil.mx-cancha-playlist-99054-santos-laguna-vs-america,  
2019-2020,Apertura,  Lunes 21 de Octubre de 2019-nTemporada 2019-2020-nTorneo Apertura-nJornada 15-n21 Octubre 2019 - 2000 hrs.,  https--www.ligafemenil.mx-cancha-informeArbitral-99057-eyJpZERpdmlzaW9uIjoiMTQiLCJpZFRlbXBvcmFkYSI6IjcwIiwiaWRUb3JuZW8iOiIxIiwiaWRDbHVibG9jYWwiOjExNzc4LCJpZENsdWJ2aXNpdGEiOjExNTQzfQ==-informe-arbitral-club-atletico-de-san-luis-vs-puebla-fc-jornada-15-estadio-alfonso-lastras-ramirez,  0 - 0,  https--www.ligafemenil.mx-cancha-estadio-14-estadio-alfonso-lastras-ramirez,  Alfonso Lastras Ramírez,  https--www.ligafemenil.mx-cancha-galeria-OTkwNTcvMTUvNzAvMS8xNA==-club-atletico-de-san-luis-vs-puebla-fc,  ,  https--www.ligafemenil.mx-cancha-playlist-99057-club-atletico-de-san-luis-vs-puebla-fc,  
2019-2020,Apertura,  Lunes 21 de Octubre de 2019-nTemporada 2019-2020-nTorneo Apertura-nJornada 15-n21 Octubre 2019 - 2000 hrs.,  https--www.ligafemenil.mx-cancha-informeArbitral-99063-eyJpZERpdmlzaW9uIjoiMTQiLCJpZFRlbXBvcmFkYSI6IjcwIiwiaWRUb3JuZW8iOiIxIiwiaWRDbHVibG9jYWwiOjExMTgwLCJpZENsdWJ2aXNpdGEiOjExMTg0fQ==-informe-arbitral-tijuana-vs-pachuca-jornada-15-estadio-caliente-fox-sports,  2 - 0,  https--www.ligafemenil.mx-cancha-estadio-48-estadio-caliente,  Caliente,  https--www.ligafemenil.mx-cancha-galeria-OTkwNjMvMTUvNzAvMS8xNA==-tijuana-vs-pachuca,  ,  https--www.ligafemenil.mx-cancha-playlist-99063-tijuana-vs-pachuca,  
2019-2020,Apertura,  Miércoles 23 de Octubre de 2019-nTemporada 2019-2020-nTorneo Apertura-nJornada 16-n23 Octubre 2019 - 1600 hrs.,  https--www.ligafemenil.mx-cancha-informeArbitral-99091-eyJpZERpdmlzaW9uIjoiMTQiLCJpZFRlbXBvcmFkYSI6IjcwIiwiaWRUb3JuZW8iOiIxIiwiaWRDbHVibG9jYWwiOjExMTgxLCJpZENsdWJ2aXNpdGEiOjExMjQ0fQ==-informe-arbitral-cruz-azul-vs-queretaro-jornada-16-estadio-10-de-diciembre-tudn,  1 - 1,  https--www.ligafemenil.mx-cancha-estadio-30-estadio-10-de-diciembre,  10 de Diciembre,  https--www.ligafemenil.mx-cancha-galeria-OTkwOTEvMTYvNzAvMS8xNA==-cruz-azul-vs-queretaro,  ,  https--www.ligafemenil.mx-cancha-playlist-99091-cruz-azul-vs-queretaro,  
2019-2020,Apertura,  Miércoles 23 de Octubre de 2019-nTemporada 2019-2020-nTorneo Apertura-nJornada 16-n23 Octubre 2019 - 1800 hrs.,  https--www.ligafemenil.mx-cancha-informeArbitral-99067-eyJpZERpdmlzaW9uIjoiMTQiLCJpZFRlbXBvcmFkYSI6IjcwIiwiaWRUb3JuZW8iOiIxIiwiaWRDbHVibG9jYWwiOjExMTg3LCJpZENsdWJ2aXNpdGEiOjExMTg4fQ==-informe-arbitral-toluca-vs-pumas-jornada-16-estadio-nemesio-diez-tudn,  2 - 1,  https--www.ligafemenil.mx-cancha-estadio-6-estadio-nemesio-diez,  Nemesio Diez,  https--www.ligafemenil.mx-cancha-galeria-OTkwNjcvMTYvNzAvMS8xNA==-toluca-vs-pumas,  ,  https--www.ligafemenil.mx-cancha-playlist-99067-toluca-vs-pumas,  
2019-2020,Apertura,  Jueves 24 de Octubre de 2019-nTemporada 2019-2020-nTorneo Apertura-nJornada 16-n24 Octubre 2019 - 1600 hrs.,  https--www.ligafemenil.mx-cancha-informeArbitral-99075-eyJpZERpdmlzaW9uIjoiMTQiLCJpZFRlbXBvcmFkYSI6IjcwIiwiaWRUb3JuZW8iOiIxIiwiaWRDbHVibG9jYWwiOjExNTQzLCJpZENsdWJ2aXNpdGEiOjExMTg1fQ==-informe-arbitral-puebla-fc-vs-rayados-de-monterrey-jornada-16-estadio-cuauhtemoc-tvc-deportes,  0 - 1,  https--www.ligafemenil.mx-cancha-estadio-9-estadio-cuauhtemoc,  Cuauhtémoc,  https--www.ligafemenil.mx-cancha-galeria-OTkwNzUvMTYvNzAvMS8xNA==-puebla-fc-vs-rayados-de-monterrey,  ,  https--www.ligafemenil.mx-cancha-playlist-99075-puebla-fc-vs-rayados-de-monterrey,  
2019-2020,Apertura,  Jueves 24 de Octubre de 2019-nTemporada 2019-2020-nTorneo Apertura-nJornada 16-n24 Octubre 2019 - 1600 hrs.,  https--www.ligafemenil.mx-cancha-informeArbitral-99069-eyJpZERpdmlzaW9uIjoiMTQiLCJpZFRlbXBvcmFkYSI6IjcwIiwiaWRUb3JuZW8iOiIxIiwiaWRDbHVibG9jYWwiOjExMTkxLCJpZENsdWJ2aXNpdGEiOjExMTg5fQ==-informe-arbitral-america-vs-necaxa-jornada-16-estadio-azteca-tudn,  3 - 0,  https--www.ligafemenil.mx-cancha-estadio-1-estadio-azteca,  Azteca,  https--www.ligafemenil.mx-cancha-galeria-OTkwNjkvMTYvNzAvMS8xNA==-america-vs-necaxa,  ,  https--www.ligafemenil.mx-cancha-playlist-99069-america-vs-necaxa,  
2019-2020,Apertura,  Jueves 24 de Octubre de 2019-nTemporada 2019-2020-nTorneo Apertura-nJornada 16-n24 Octubre 2019 - 1800 hrs.,  https--www.ligafemenil.mx-cancha-informeArbitral-99085-eyJpZERpdmlzaW9uIjoiMTQiLCJpZFRlbXBvcmFkYSI6IjcwIiwiaWRUb3JuZW8iOiIxIiwiaWRDbHVibG9jYWwiOjExMTkyLCJpZENsdWJ2aXNpdGEiOjExNzc4fQ==-informe-arbitral-santos-laguna-vs-club-atletico-de-san-luis-jornada-16-estadio-tsm-corona,  1 - 1,  https--www.ligafemenil.mx-cancha-estadio-63-estadio-tsm-corona,  TSM Corona,  https--www.ligafemenil.mx-cancha-galeria-OTkwODUvMTYvNzAvMS8xNA==-santos-laguna-vs-club-atletico-de-san-luis,  ,  https--www.ligafemenil.mx-cancha-playlist-99085-santos-laguna-vs-club-atletico-de-san-luis,  
2019-2020,Apertura,  Jueves 24 de Octubre de 2019-nTemporada 2019-2020-nTorneo Apertura-nJornada 16-n24 Octubre 2019 - 1800 hrs.,  https--www.ligafemenil.mx-cancha-informeArbitral-99082-eyJpZERpdmlzaW9uIjoiMTQiLCJpZFRlbXBvcmFkYSI6IjcwIiwiaWRUb3JuZW8iOiIxIiwiaWRDbHVibG9jYWwiOjExMTg2LCJpZENsdWJ2aXNpdGEiOjExMjQzfQ==-informe-arbitral-tigres-de-la-uanl-vs-leon-jornada-16-estadio-universitario-tudn,  1 - 0,  https--www.ligafemenil.mx-cancha-estadio-12-estadio-universitario,  Universitario,  https--www.ligafemenil.mx-cancha-galeria-OTkwODIvMTYvNzAvMS8xNA==-tigres-de-la-uanl-vs-leon,  ,  https--www.ligafemenil.mx-cancha-playlist-99082-tigres-de-la-uanl-vs-leon,  
2019-2020,Apertura,  Jueves 24 de Octubre de 2019-nTemporada 2019-2020-nTorneo Apertura-nJornada 16-n24 Octubre 2019 - 1900 hrs.,  https--www.ligafemenil.mx-cancha-informeArbitral-99079-eyJpZERpdmlzaW9uIjoiMTQiLCJpZFRlbXBvcmFkYSI6IjcwIiwiaWRUb3JuZW8iOiIxIiwiaWRDbHVibG9jYWwiOjExMTg0LCJpZENsdWJ2aXNpdGEiOjExMjQyfQ==-informe-arbitral-pachuca-vs-veracruz-jornada-16-estadio-hidalgo-fox-sports,  3 - 2,  https--www.ligafemenil.mx-cancha-estadio-11-estadio-hidalgo,  Hidalgo,  https--www.ligafemenil.mx-cancha-galeria-OTkwNzkvMTYvNzAvMS8xNA==-pachuca-vs-veracruz,  ,  https--www.ligafemenil.mx-cancha-playlist-99079-pachuca-vs-veracruz,  
2019-2020,Apertura,  Jueves 24 de Octubre de 2019-nTemporada 2019-2020-nTorneo Apertura-nJornada 16-n24 Octubre 2019 - 2100 hrs.,  https--www.ligafemenil.mx-cancha-informeArbitral-99072-eyJpZERpdmlzaW9uIjoiMTQiLCJpZFRlbXBvcmFkYSI6IjcwIiwiaWRUb3JuZW8iOiIxIiwiaWRDbHVibG9jYWwiOjExMTgyLCJpZENsdWJ2aXNpdGEiOjExMTgzfQ==-informe-arbitral-guadalajara-vs-m-morelia-jornada-16-estadio-akron-fox-sports,  2 - 0,  https--www.ligafemenil.mx-cancha-estadio-1538-estadio-akron,  Estadio AKRON,  https--www.ligafemenil.mx-cancha-galeria-OTkwNzIvMTYvNzAvMS8xNA==-guadalajara-vs-m-morelia,  ,  https--www.ligafemenil.mx-cancha-playlist-99072-guadalajara-vs-m-morelia,  
2019-2020,Apertura,  Jueves 24 de Octubre de 2019-nTemporada 2019-2020-nTorneo Apertura-nJornada 16-n24 Octubre 2019 - 2100 hrs.,  https--www.ligafemenil.mx-cancha-informeArbitral-99088-eyJpZERpdmlzaW9uIjoiMTQiLCJpZFRlbXBvcmFkYSI6IjcwIiwiaWRUb3JuZW8iOiIxIiwiaWRDbHVibG9jYWwiOjExNzk1LCJpZENsdWJ2aXNpdGEiOjExMTgwfQ==-informe-arbitral-fc-juarez-vs-tijuana-jornada-16-estadio-olimpico-benito-juarez-tudn,  0 - 3,  https--www.ligafemenil.mx-cancha-estadio-17-estadio-olimpico-benito-juarez,  Olímpico Benito Juárez,  https--www.ligafemenil.mx-cancha-galeria-OTkwODgvMTYvNzAvMS8xNA==-fc-juarez-vs-tijuana,  ,  https--www.ligafemenil.mx-cancha-playlist-99088-fc-juarez-vs-tijuana,  
2019-2020,Apertura,  Sábado 26 de Octubre de 2019-nTemporada 2019-2020-nTorneo Apertura-nJornada 17-n26 Octubre 2019 - 1200 hrs.,  https--www.ligafemenil.mx-cancha-informeArbitral-99098-eyJpZERpdmlzaW9uIjoiMTQiLCJpZFRlbXBvcmFkYSI6IjcwIiwiaWRUb3JuZW8iOiIxIiwiaWRDbHVibG9jYWwiOjExMTg4LCJpZENsdWJ2aXNpdGEiOjExMjQ1fQ==-informe-arbitral-pumas-vs-atlas-jornada-17-estadio-la-cantera-tudn,  1 - 2,  https--www.ligafemenil.mx-cancha-estadio-37-estadio-la-cantera,  La Cantera,  https--www.ligafemenil.mx-cancha-galeria-OTkwOTgvMTcvNzAvMS8xNA==-pumas-vs-atlas,  ,  https--www.ligafemenil.mx-cancha-playlist-99098-pumas-vs-atlas,  
2019-2020,Apertura,  Domingo 27 de Octubre de 2019-nTemporada 2019-2020-nTorneo Apertura-nJornada 17-n27 Octubre 2019 - 1100 hrs.,  https--www.ligafemenil.mx-cancha-informeArbitral-99101-eyJpZERpdmlzaW9uIjoiMTQiLCJpZFRlbXBvcmFkYSI6IjcwIiwiaWRUb3JuZW8iOiIxIiwiaWRDbHVibG9jYWwiOjExNTQzLCJpZENsdWJ2aXNpdGEiOjExMTgxfQ==-informe-arbitral-puebla-fc-vs-cruz-azul-jornada-17-estadio-cuauhtemoc-tvc-deportes,  0 - 0,  https--www.ligafemenil.mx-cancha-estadio-9-estadio-cuauhtemoc,  Cuauhtémoc,  https--www.ligafemenil.mx-cancha-galeria-OTkxMDEvMTcvNzAvMS8xNA==-puebla-fc-vs-cruz-azul,  ,  https--www.ligafemenil.mx-cancha-playlist-99101-puebla-fc-vs-cruz-azul,  
2019-2020,Apertura,  Domingo 27 de Octubre de 2019-nTemporada 2019-2020-nTorneo Apertura-nJornada 17-n27 Octubre 2019 - 1600 hrs.,  https--www.ligafemenil.mx-cancha-informeArbitral-99104-eyJpZERpdmlzaW9uIjoiMTQiLCJpZFRlbXBvcmFkYSI6IjcwIiwiaWRUb3JuZW8iOiIxIiwiaWRDbHVibG9jYWwiOjExMjQ0LCJpZENsdWJ2aXNpdGEiOjExMTg3fQ==-informe-arbitral-queretaro-vs-toluca-jornada-17-estadio-la-corregidora-tvc-deportes,  0 - 0,  https--www.ligafemenil.mx-cancha-estadio-25-estadio-la-corregidora,  La Corregidora,  https--www.ligafemenil.mx-cancha-galeria-OTkxMDQvMTcvNzAvMS8xNA==-queretaro-vs-toluca,  ,  https--www.ligafemenil.mx-cancha-playlist-99104-queretaro-vs-toluca,  
2019-2020,Apertura,  Lunes 28 de Octubre de 2019-nTemporada 2019-2020-nTorneo Apertura-nJornada 17-n28 Octubre 2019 - 1600 hrs.,  https--www.ligafemenil.mx-cancha-informeArbitral-99109-eyJpZERpdmlzaW9uIjoiMTQiLCJpZFRlbXBvcmFkYSI6IjcwIiwiaWRUb3JuZW8iOiIxIiwiaWRDbHVibG9jYWwiOjExMTgzLCJpZENsdWJ2aXNpdGEiOjExMTg0fQ==-informe-arbitral-m-morelia-vs-pachuca-jornada-17-estadio-jose-maria-morelos-y-pavon-am,  3 - 3,  https--www.ligafemenil.mx-cancha-estadio-10-estadio-jose-maria-morelos-y-pavon,  José María Morelos y Pavón,  https--www.ligafemenil.mx-cancha-galeria-OTkxMDkvMTcvNzAvMS8xNA==-m-morelia-vs-pachuca,  ,  https--www.ligafemenil.mx-cancha-playlist-99109-m-morelia-vs-pachuca,  
2019-2020,Apertura,  Lunes 28 de Octubre de 2019-nTemporada 2019-2020-nTorneo Apertura-nJornada 17-n28 Octubre 2019 - 1600 hrs.,  https--www.ligafemenil.mx-cancha-informeArbitral-99106-eyJpZERpdmlzaW9uIjoiMTQiLCJpZFRlbXBvcmFkYSI6IjcwIiwiaWRUb3JuZW8iOiIxIiwiaWRDbHVibG9jYWwiOjExMTg5LCJpZENsdWJ2aXNpdGEiOjExMTkyfQ==-informe-arbitral-necaxa-vs-santos-laguna-jornada-17-estadio-victoria-claro-sports,  1 - 0,  https--www.ligafemenil.mx-cancha-estadio-15-estadio-victoria,  Victoria,  https--www.ligafemenil.mx-cancha-galeria-OTkxMDYvMTcvNzAvMS8xNA==-necaxa-vs-santos-laguna,  ,  https--www.ligafemenil.mx-cancha-playlist-99106-necaxa-vs-santos-laguna,  
2019-2020,Apertura,  Lunes 28 de Octubre de 2019-nTemporada 2019-2020-nTorneo Apertura-nJornada 17-n28 Octubre 2019 - 1700 hrs.,  https--www.ligafemenil.mx-cancha-informeArbitral-99111-eyJpZERpdmlzaW9uIjoiMTQiLCJpZFRlbXBvcmFkYSI6IjcwIiwiaWRUb3JuZW8iOiIxIiwiaWRDbHVibG9jYWwiOjExMjQyLCJpZENsdWJ2aXNpdGEiOjExNzk1fQ==-informe-arbitral-veracruz-vs-fc-juarez-jornada-17-estadio-luis-pirata-fuente-tibuvision,  3 - 1,  https--www.ligafemenil.mx-cancha-estadio-57-estadio-luis-pirata-fuente,  Luis Pirata Fuente,  https--www.ligafemenil.mx-cancha-galeria-OTkxMTEvMTcvNzAvMS8xNA==-veracruz-vs-fc-juarez,  ,  https--www.ligafemenil.mx-cancha-playlist-99111-veracruz-vs-fc-juarez,  
2019-2020,Apertura,  Lunes 28 de Octubre de 2019-nTemporada 2019-2020-nTorneo Apertura-nJornada 17-n28 Octubre 2019 - 1900 hrs.,  https--www.ligafemenil.mx-cancha-informeArbitral-99113-eyJpZERpdmlzaW9uIjoiMTQiLCJpZFRlbXBvcmFkYSI6IjcwIiwiaWRUb3JuZW8iOiIxIiwiaWRDbHVibG9jYWwiOjExMjQzLCJpZENsdWJ2aXNpdGEiOjExMTgwfQ==-informe-arbitral-leon-vs-tijuana-jornada-17-estadio-nou-camp-fox-sports,  2 - 0,  https--www.ligafemenil.mx-cancha-estadio-23-estadio-nou-camp,  Nou Camp,  https--www.ligafemenil.mx-cancha-galeria-OTkxMTMvMTcvNzAvMS8xNA==-leon-vs-tijuana,  ,  https--www.ligafemenil.mx-cancha-playlist-99113-leon-vs-tijuana,  
2019-2020,Apertura,  Lunes 28 de Octubre de 2019-nTemporada 2019-2020-nTorneo Apertura-nJornada 17-n28 Octubre 2019 - 2000 hrs.,  https--www.ligafemenil.mx-cancha-informeArbitral-99117-eyJpZERpdmlzaW9uIjoiMTQiLCJpZFRlbXBvcmFkYSI6IjcwIiwiaWRUb3JuZW8iOiIxIiwiaWRDbHVibG9jYWwiOjExMTg2LCJpZENsdWJ2aXNpdGEiOjExMTkxfQ==-informe-arbitral-tigres-de-la-uanl-vs-america-jornada-17-estadio-universitario-tudn,  2 - 1,  https--www.ligafemenil.mx-cancha-estadio-12-estadio-universitario,  Universitario,  https--www.ligafemenil.mx-cancha-galeria-OTkxMTcvMTcvNzAvMS8xNA==-tigres-de-la-uanl-vs-america,  ,  https--www.ligafemenil.mx-cancha-playlist-99117-tigres-de-la-uanl-vs-america,  
2019-2020,Apertura,  Lunes 28 de Octubre de 2019-nTemporada 2019-2020-nTorneo Apertura-nJornada 17-n28 Octubre 2019 - 2100 hrs.,  https--www.ligafemenil.mx-cancha-informeArbitral-99119-eyJpZERpdmlzaW9uIjoiMTQiLCJpZFRlbXBvcmFkYSI6IjcwIiwiaWRUb3JuZW8iOiIxIiwiaWRDbHVibG9jYWwiOjExMTg1LCJpZENsdWJ2aXNpdGEiOjExMTgyfQ==-informe-arbitral-rayados-de-monterrey-vs-guadalajara-jornada-17-estadio-bbva-fox-sports,  3 - 1,  https--www.ligafemenil.mx-cancha-estadio-1608-estadio-bbva,  Estadio BBVA,  https--www.ligafemenil.mx-cancha-galeria-OTkxMTkvMTcvNzAvMS8xNA==-rayados-de-monterrey-vs-guadalajara,  ,  https--www.ligafemenil.mx-cancha-playlist-99119-rayados-de-monterrey-vs-guadalajara,  
2019-2020,Apertura,  Viernes 1 de Noviembre de 2019-nTemporada 2019-2020-nTorneo Apertura-nJornada 18-n1 Noviembre 2019 - 2000 hrs.,  https--www.ligafemenil.mx-cancha-informeArbitral-99129-eyJpZERpdmlzaW9uIjoiMTQiLCJpZFRlbXBvcmFkYSI6IjcwIiwiaWRUb3JuZW8iOiIxIiwiaWRDbHVibG9jYWwiOjExNzk1LCJpZENsdWJ2aXNpdGEiOjExMjQ0fQ==-informe-arbitral-fc-juarez-vs-queretaro-jornada-18-estadio-olimpico-benito-juarez-tudn,  0 - 0,  https--www.ligafemenil.mx-cancha-estadio-17-estadio-olimpico-benito-juarez,  Olímpico Benito Juárez,  https--www.ligafemenil.mx-cancha-galeria-OTkxMjkvMTgvNzAvMS8xNA==-fc-juarez-vs-queretaro,  ,  https--www.ligafemenil.mx-cancha-playlist-99129-fc-juarez-vs-queretaro,  
2019-2020,Apertura,  Sábado 2 de Noviembre de 2019-nTemporada 2019-2020-nTorneo Apertura-nJornada 18-n2 Noviembre 2019 - 1100 hrs.,  https--www.ligafemenil.mx-cancha-informeArbitral-99121-eyJpZERpdmlzaW9uIjoiMTQiLCJpZFRlbXBvcmFkYSI6IjcwIiwiaWRUb3JuZW8iOiIxIiwiaWRDbHVibG9jYWwiOjExMjQ1LCJpZENsdWJ2aXNpdGEiOjExMTg2fQ==-informe-arbitral-atlas-vs-tigres-de-la-uanl-jornada-18-estadio-colomos-tvc-deportes,  1 - 4,  https--www.ligafemenil.mx-cancha-estadio-109-estadio-colomos,  Colomos,  https--www.ligafemenil.mx-cancha-galeria-OTkxMjEvMTgvNzAvMS8xNA==-atlas-vs-tigres-de-la-uanl,  ,  https--www.ligafemenil.mx-cancha-playlist-99121-atlas-vs-tigres-de-la-uanl,  
2019-2020,Apertura,  Domingo 3 de Noviembre de 2019-nTemporada 2019-2020-nTorneo Apertura-nJornada 18-n3 Noviembre 2019 - 1000 hrs.,  https--www.ligafemenil.mx-cancha-informeArbitral-99123-eyJpZERpdmlzaW9uIjoiMTQiLCJpZFRlbXBvcmFkYSI6IjcwIiwiaWRUb3JuZW8iOiIxIiwiaWRDbHVibG9jYWwiOjExMTgyLCJpZENsdWJ2aXNpdGEiOjExMTg4fQ==-informe-arbitral-guadalajara-vs-pumas-jornada-18-estadio-verde-valle-2-chivas-tv,  1 - 1,  https--www.ligafemenil.mx-cancha-estadio-1554-estadio-verde-valle-2,  Verde Valle 2,  https--www.ligafemenil.mx-cancha-galeria-OTkxMjMvMTgvNzAvMS8xNA==-guadalajara-vs-pumas,  ,  https--www.ligafemenil.mx-cancha-playlist-99123-guadalajara-vs-pumas,  
2019-2020,Apertura,  Lunes 4 de Noviembre de 2019-nTemporada 2019-2020-nTorneo Apertura-nJornada 18-n4 Noviembre 2019 - 1545 hrs.,  https--www.ligafemenil.mx-cancha-informeArbitral-99122-eyJpZERpdmlzaW9uIjoiMTQiLCJpZFRlbXBvcmFkYSI6IjcwIiwiaWRUb3JuZW8iOiIxIiwiaWRDbHVibG9jYWwiOjExMTkxLCJpZENsdWJ2aXNpdGEiOjExMTgxfQ==-informe-arbitral-america-vs-cruz-azul-jornada-18-estadio-cancha-centenario-no-5-natural-instalaciones-club-america-tudn,  1 - 1,  https--www.ligafemenil.mx-cancha-estadio-1421-estadio-cancha-centenario-no-5-natural-instalaciones-club-america,  Cancha Centenario No. 5 (Natural) Instalaciones Club América,  https--www.ligafemenil.mx-cancha-galeria-OTkxMjIvMTgvNzAvMS8xNA==-america-vs-cruz-azul,  ,  https--www.ligafemenil.mx-cancha-playlist-99122-america-vs-cruz-azul,  
2019-2020,Apertura,  Lunes 4 de Noviembre de 2019-nTemporada 2019-2020-nTorneo Apertura-nJornada 18-n4 Noviembre 2019 - 1700 hrs.,  https--www.ligafemenil.mx-cancha-informeArbitral-99124-eyJpZERpdmlzaW9uIjoiMTQiLCJpZFRlbXBvcmFkYSI6IjcwIiwiaWRUb3JuZW8iOiIxIiwiaWRDbHVibG9jYWwiOjExMjQyLCJpZENsdWJ2aXNpdGEiOjExMTg5fQ==-informe-arbitral-veracruz-vs-necaxa-jornada-18-estadio-luis-pirata-fuente-tibuvision,  1 - 0,  https--www.ligafemenil.mx-cancha-estadio-57-estadio-luis-pirata-fuente,  Luis Pirata Fuente,  https--www.ligafemenil.mx-cancha-galeria-OTkxMjQvMTgvNzAvMS8xNA==-veracruz-vs-necaxa,  ,  https--www.ligafemenil.mx-cancha-playlist-99124-veracruz-vs-necaxa,  
2019-2020,Apertura,  Lunes 4 de Noviembre de 2019-nTemporada 2019-2020-nTorneo Apertura-nJornada 18-n4 Noviembre 2019 - 1900 hrs.,  https--www.ligafemenil.mx-cancha-informeArbitral-99125-eyJpZERpdmlzaW9uIjoiMTQiLCJpZFRlbXBvcmFkYSI6IjcwIiwiaWRUb3JuZW8iOiIxIiwiaWRDbHVibG9jYWwiOjExMjQzLCJpZENsdWJ2aXNpdGEiOjExNTQzfQ==-informe-arbitral-leon-vs-puebla-fc-jornada-18-estadio-nou-camp,  3 - 3,  https--www.ligafemenil.mx-cancha-estadio-23-estadio-nou-camp,  Nou Camp,  https--www.ligafemenil.mx-cancha-galeria-OTkxMjUvMTgvNzAvMS8xNA==-leon-vs-puebla-fc,  ,  https--www.ligafemenil.mx-cancha-playlist-99125-leon-vs-puebla-fc,  
2019-2020,Apertura,  Lunes 4 de Noviembre de 2019-nTemporada 2019-2020-nTorneo Apertura-nJornada 18-n4 Noviembre 2019 - 1900 hrs.,  https--www.ligafemenil.mx-cancha-informeArbitral-99126-eyJpZERpdmlzaW9uIjoiMTQiLCJpZFRlbXBvcmFkYSI6IjcwIiwiaWRUb3JuZW8iOiIxIiwiaWRDbHVibG9jYWwiOjExMTkyLCJpZENsdWJ2aXNpdGEiOjExMTgzfQ==-informe-arbitral-santos-laguna-vs-m-morelia-jornada-18-estadio-tsm-corona-fox-sports,  1 - 2,  https--www.ligafemenil.mx-cancha-estadio-63-estadio-tsm-corona,  TSM Corona,  https--www.ligafemenil.mx-cancha-galeria-OTkxMjYvMTgvNzAvMS8xNA==-santos-laguna-vs-m-morelia,  ,  https--www.ligafemenil.mx-cancha-playlist-99126-santos-laguna-vs-m-morelia,  
2019-2020,Apertura,  Lunes 4 de Noviembre de 2019-nTemporada 2019-2020-nTorneo Apertura-nJornada 18-n4 Noviembre 2019 - 2000 hrs.,  https--www.ligafemenil.mx-cancha-informeArbitral-99127-eyJpZERpdmlzaW9uIjoiMTQiLCJpZFRlbXBvcmFkYSI6IjcwIiwiaWRUb3JuZW8iOiIxIiwiaWRDbHVibG9jYWwiOjExNzc4LCJpZENsdWJ2aXNpdGEiOjExMTg0fQ==-informe-arbitral-club-atletico-de-san-luis-vs-pachuca-jornada-18-estadio-alfonso-lastras-ramirez,  0 - 3,  https--www.ligafemenil.mx-cancha-estadio-14-estadio-alfonso-lastras-ramirez,  Alfonso Lastras Ramírez,  https--www.ligafemenil.mx-cancha-galeria-OTkxMjcvMTgvNzAvMS8xNA==-club-atletico-de-san-luis-vs-pachuca,  ,  https--www.ligafemenil.mx-cancha-playlist-99127-club-atletico-de-san-luis-vs-pachuca,  
2019-2020,Apertura,  Lunes 4 de Noviembre de 2019-nTemporada 2019-2020-nTorneo Apertura-nJornada 18-n4 Noviembre 2019 - 1900 hrs.,  https--www.ligafemenil.mx-cancha-informeArbitral-99128-eyJpZERpdmlzaW9uIjoiMTQiLCJpZFRlbXBvcmFkYSI6IjcwIiwiaWRUb3JuZW8iOiIxIiwiaWRDbHVibG9jYWwiOjExMTgwLCJpZENsdWJ2aXNpdGEiOjExMTg1fQ==-informe-arbitral-tijuana-vs-rayados-de-monterrey-jornada-18-estadio-caliente-fox-sports,  0 - 3,  https--www.ligafemenil.mx-cancha-estadio-48-estadio-caliente,  Caliente,  https--www.ligafemenil.mx-cancha-galeria-OTkxMjgvMTgvNzAvMS8xNA==-tijuana-vs-rayados-de-monterrey,  ,  https--www.ligafemenil.mx-cancha-playlist-99128-tijuana-vs-rayados-de-monterrey,  
2019-2020,Apertura,  Viernes 8 de Noviembre de 2019-nTemporada 2019-2020-nTorneo Apertura-nJornada 19-n8 Noviembre 2019 - 1200 hrs.,  https--www.ligafemenil.mx-cancha-informeArbitral-99134-eyJpZERpdmlzaW9uIjoiMTQiLCJpZFRlbXBvcmFkYSI6IjcwIiwiaWRUb3JuZW8iOiIxIiwiaWRDbHVibG9jYWwiOjExMjQ1LCJpZENsdWJ2aXNpdGEiOjExMjQzfQ==-informe-arbitral-atlas-vs-leon-jornada-19-estadio-colomos-tvc-deportes,  1 - 3,  https--www.ligafemenil.mx-cancha-estadio-109-estadio-colomos,  Colomos,  https--www.ligafemenil.mx-cancha-galeria-OTkxMzQvMTkvNzAvMS8xNA==-atlas-vs-leon,  ,  https--www.ligafemenil.mx-cancha-playlist-99134-atlas-vs-leon,  
2019-2020,Apertura,  Viernes 8 de Noviembre de 2019-nTemporada 2019-2020-nTorneo Apertura-nJornada 19-n8 Noviembre 2019 - 1545 hrs.,  https--www.ligafemenil.mx-cancha-informeArbitral-99131-eyJpZERpdmlzaW9uIjoiMTQiLCJpZFRlbXBvcmFkYSI6IjcwIiwiaWRUb3JuZW8iOiIxIiwiaWRDbHVibG9jYWwiOjExMTgxLCJpZENsdWJ2aXNpdGEiOjExMTgwfQ==-informe-arbitral-cruz-azul-vs-tijuana-jornada-19-estadio-10-de-diciembre-tudn,  2 - 2,  https--www.ligafemenil.mx-cancha-estadio-30-estadio-10-de-diciembre,  10 de Diciembre,  https--www.ligafemenil.mx-cancha-galeria-OTkxMzEvMTkvNzAvMS8xNA==-cruz-azul-vs-tijuana,  ,  https--www.ligafemenil.mx-cancha-playlist-99131-cruz-azul-vs-tijuana,  
2019-2020,Apertura,  Viernes 8 de Noviembre de 2019-nTemporada 2019-2020-nTorneo Apertura-nJornada 19-n8 Noviembre 2019 - 1600 hrs.,  https--www.ligafemenil.mx-cancha-informeArbitral-99132-eyJpZERpdmlzaW9uIjoiMTQiLCJpZFRlbXBvcmFkYSI6IjcwIiwiaWRUb3JuZW8iOiIxIiwiaWRDbHVibG9jYWwiOjExMjQ0LCJpZENsdWJ2aXNpdGEiOjExMTg2fQ==-informe-arbitral-queretaro-vs-tigres-de-la-uanl-jornada-19-estadio-la-corregidora-tvc-deportes,  0 - 2,  https--www.ligafemenil.mx-cancha-estadio-25-estadio-la-corregidora,  La Corregidora,  https--www.ligafemenil.mx-cancha-galeria-OTkxMzIvMTkvNzAvMS8xNA==-queretaro-vs-tigres-de-la-uanl,  ,  https--www.ligafemenil.mx-cancha-playlist-99132-queretaro-vs-tigres-de-la-uanl,  
2019-2020,Apertura,  Viernes 8 de Noviembre de 2019-nTemporada 2019-2020-nTorneo Apertura-nJornada 19-n8 Noviembre 2019 - 1600 hrs.,  https--www.ligafemenil.mx-cancha-informeArbitral-99133-eyJpZERpdmlzaW9uIjoiMTQiLCJpZFRlbXBvcmFkYSI6IjcwIiwiaWRUb3JuZW8iOiIxIiwiaWRDbHVibG9jYWwiOjExMTg5LCJpZENsdWJ2aXNpdGEiOjExNzc4fQ==-informe-arbitral-necaxa-vs-club-atletico-de-san-luis-jornada-19-estadio-victoria-claro-sports,  1 - 1,  https--www.ligafemenil.mx-cancha-estadio-15-estadio-victoria,  Victoria,  https--www.ligafemenil.mx-cancha-galeria-OTkxMzMvMTkvNzAvMS8xNA==-necaxa-vs-club-atletico-de-san-luis,  ,  https--www.ligafemenil.mx-cancha-playlist-99133-necaxa-vs-club-atletico-de-san-luis,  
2019-2020,Apertura,  Viernes 8 de Noviembre de 2019-nTemporada 2019-2020-nTorneo Apertura-nJornada 19-n8 Noviembre 2019 - 1900 hrs.,  https--www.ligafemenil.mx-cancha-informeArbitral-99139-eyJpZERpdmlzaW9uIjoiMTQiLCJpZFRlbXBvcmFkYSI6IjcwIiwiaWRUb3JuZW8iOiIxIiwiaWRDbHVibG9jYWwiOjExNzk1LCJpZENsdWJ2aXNpdGEiOjExMTkxfQ==-informe-arbitral-fc-juarez-vs-america-jornada-19-estadio-olimpico-benito-juarez-tudn,  0 - 2,  https--www.ligafemenil.mx-cancha-estadio-17-estadio-olimpico-benito-juarez,  Olímpico Benito Juárez,  https--www.ligafemenil.mx-cancha-galeria-OTkxMzkvMTkvNzAvMS8xNA==-fc-juarez-vs-america,  ,  https--www.ligafemenil.mx-cancha-playlist-99139-fc-juarez-vs-america,  
2019-2020,Apertura,  Lunes 11 de Noviembre de 2019-nTemporada 2019-2020-nTorneo Apertura-nJornada 19-n11 Noviembre 2019 - 1600 hrs.,  https--www.ligafemenil.mx-cancha-informeArbitral-99136-eyJpZERpdmlzaW9uIjoiMTQiLCJpZFRlbXBvcmFkYSI6IjcwIiwiaWRUb3JuZW8iOiIxIiwiaWRDbHVibG9jYWwiOjExMTgzLCJpZENsdWJ2aXNpdGEiOjExMjQyfQ==-informe-arbitral-m-morelia-vs-veracruz-jornada-19-estadio-jose-maria-morelos-y-pavon-am,  3 - 1,  https--www.ligafemenil.mx-cancha-estadio-10-estadio-jose-maria-morelos-y-pavon,  José María Morelos y Pavón,  https--www.ligafemenil.mx-cancha-galeria-OTkxMzYvMTkvNzAvMS8xNA==-m-morelia-vs-veracruz,  ,  https--www.ligafemenil.mx-cancha-playlist-99136-m-morelia-vs-veracruz,  
2019-2020,Apertura,  Lunes 11 de Noviembre de 2019-nTemporada 2019-2020-nTorneo Apertura-nJornada 19-n11 Noviembre 2019 - 1900 hrs.,  https--www.ligafemenil.mx-cancha-informeArbitral-99137-eyJpZERpdmlzaW9uIjoiMTQiLCJpZFRlbXBvcmFkYSI6IjcwIiwiaWRUb3JuZW8iOiIxIiwiaWRDbHVibG9jYWwiOjExMTg0LCJpZENsdWJ2aXNpdGEiOjExMTgyfQ==-informe-arbitral-pachuca-vs-guadalajara-jornada-19-estadio-hidalgo-fox-sports,  1 - 2,  https--www.ligafemenil.mx-cancha-estadio-11-estadio-hidalgo,  Hidalgo,  https--www.ligafemenil.mx-cancha-galeria-OTkxMzcvMTkvNzAvMS8xNA==-pachuca-vs-guadalajara,  ,  https--www.ligafemenil.mx-cancha-playlist-99137-pachuca-vs-guadalajara,  
2019-2020,Apertura,  Lunes 11 de Noviembre de 2019-nTemporada 2019-2020-nTorneo Apertura-nJornada 19-n11 Noviembre 2019 - 1900 hrs.,  https--www.ligafemenil.mx-cancha-informeArbitral-99135-eyJpZERpdmlzaW9uIjoiMTQiLCJpZFRlbXBvcmFkYSI6IjcwIiwiaWRUb3JuZW8iOiIxIiwiaWRDbHVibG9jYWwiOjExMTg3LCJpZENsdWJ2aXNpdGEiOjExMTkyfQ==-informe-arbitral-toluca-vs-santos-laguna-jornada-19-estadio-nemesio-diez-tudn,  2 - 0,  https--www.ligafemenil.mx-cancha-estadio-6-estadio-nemesio-diez,  Nemesio Diez,  https--www.ligafemenil.mx-cancha-galeria-OTkxMzUvMTkvNzAvMS8xNA==-toluca-vs-santos-laguna,  ,  https--www.ligafemenil.mx-cancha-playlist-99135-toluca-vs-santos-laguna,  
2019-2020,Apertura,  Lunes 11 de Noviembre de 2019-nTemporada 2019-2020-nTorneo Apertura-nJornada 19-n11 Noviembre 2019 - 2100 hrs.,  https--www.ligafemenil.mx-cancha-informeArbitral-99138-eyJpZERpdmlzaW9uIjoiMTQiLCJpZFRlbXBvcmFkYSI6IjcwIiwiaWRUb3JuZW8iOiIxIiwiaWRDbHVibG9jYWwiOjExMTg1LCJpZENsdWJ2aXNpdGEiOjExMTg4fQ==-informe-arbitral-rayados-de-monterrey-vs-pumas-jornada-19-estadio-bbva-fox-sports,  2 - 1,  https--www.ligafemenil.mx-cancha-estadio-1608-estadio-bbva,  Estadio BBVA,  https--www.ligafemenil.mx-cancha-galeria-OTkxMzgvMTkvNzAvMS8xNA==-rayados-de-monterrey-vs-pumas,  ,  https--www.ligafemenil.mx-cancha-playlist-99138-rayados-de-monterrey-vs-pumas,  
2019-2020,Apertura,  Jueves 14 de Noviembre de 2019-nTemporada 2019-2020-nTorneo Apertura-nCuartos Ida-n14 Noviembre 2019 - 1545 hrs.,  https--www.ligafemenil.mx-cancha-informeArbitral-101302-eyJpZERpdmlzaW9uIjoiMTQiLCJpZFRlbXBvcmFkYSI6IjcwIiwiaWRUb3JuZW8iOiIxIiwiaWRDbHVibG9jYWwiOjExMjQ1LCJpZENsdWJ2aXNpdGEiOjExMTg1fQ==-informe-arbitral-atlas-vs-rayados-de-monterrey-cuartos-ida-estadio-jalisco-tvc-deportes,  0 - 0,  https--www.ligafemenil.mx-cancha-estadio-5-estadio-jalisco,  Jalisco,  https--www.ligafemenil.mx-cancha-galeria-MTAxMzAyLzIwLzcwLzEvMTQ=-atlas-vs-rayados-de-monterrey,  ,  https--www.ligafemenil.mx-cancha-playlist-101302-atlas-vs-rayados-de-monterrey,  
2019-2020,Apertura,  Jueves 14 de Noviembre de 2019-nTemporada 2019-2020-nTorneo Apertura-nCuartos Ida-n14 Noviembre 2019 - 1900 hrs.,  https--www.ligafemenil.mx-cancha-informeArbitral-101303-eyJpZERpdmlzaW9uIjoiMTQiLCJpZFRlbXBvcmFkYSI6IjcwIiwiaWRUb3JuZW8iOiIxIiwiaWRDbHVibG9jYWwiOjExMTgwLCJpZENsdWJ2aXNpdGEiOjExMTg2fQ==-informe-arbitral-tijuana-vs-tigres-de-la-uanl-cuartos-ida-estadio-caliente-fox-sports,  0 - 0,  https--www.ligafemenil.mx-cancha-estadio-48-estadio-caliente,  Caliente,  https--www.ligafemenil.mx-cancha-galeria-MTAxMzAzLzIwLzcwLzEvMTQ=-tijuana-vs-tigres-de-la-uanl,  ,  https--www.ligafemenil.mx-cancha-playlist-101303-tijuana-vs-tigres-de-la-uanl,  
2019-2020,Apertura,  Viernes 15 de Noviembre de 2019-nTemporada 2019-2020-nTorneo Apertura-nCuartos Ida-n15 Noviembre 2019 - 1700 hrs.,  https--www.ligafemenil.mx-cancha-informeArbitral-101304-eyJpZERpdmlzaW9uIjoiMTQiLCJpZFRlbXBvcmFkYSI6IjcwIiwiaWRUb3JuZW8iOiIxIiwiaWRDbHVibG9jYWwiOjExMTg3LCJpZENsdWJ2aXNpdGEiOjExMTg0fQ==-informe-arbitral-toluca-vs-pachuca-cuartos-ida-estadio-nemesio-diez-tudn,  1 - 4,  https--www.ligafemenil.mx-cancha-estadio-6-estadio-nemesio-diez,  Nemesio Diez,  https--www.ligafemenil.mx-cancha-galeria-MTAxMzA0LzIwLzcwLzEvMTQ=-toluca-vs-pachuca,  ,  https--www.ligafemenil.mx-cancha-playlist-101304-toluca-vs-pachuca,  
2019-2020,Apertura,  Viernes 15 de Noviembre de 2019-nTemporada 2019-2020-nTorneo Apertura-nCuartos Ida-n15 Noviembre 2019 - 2106 hrs.,  https--www.ligafemenil.mx-cancha-informeArbitral-101305-eyJpZERpdmlzaW9uIjoiMTQiLCJpZFRlbXBvcmFkYSI6IjcwIiwiaWRUb3JuZW8iOiIxIiwiaWRDbHVibG9jYWwiOjExMTgyLCJpZENsdWJ2aXNpdGEiOjExMTkxfQ==-informe-arbitral-guadalajara-vs-america-cuartos-ida-estadio-akron-fox-sports,  0 - 2,  https--www.ligafemenil.mx-cancha-estadio-1538-estadio-akron,  Estadio AKRON,  https--www.ligafemenil.mx-cancha-galeria-MTAxMzA1LzIwLzcwLzEvMTQ=-guadalajara-vs-america,  ,  https--www.ligafemenil.mx-cancha-playlist-101305-guadalajara-vs-america,  
2019-2020,Apertura,  Domingo 17 de Noviembre de 2019-nTemporada 2019-2020-nTorneo Apertura-nCuartos Vuelta-n17 Noviembre 2019 - 1900 hrs.,  https--www.ligafemenil.mx-cancha-informeArbitral-101307-eyJpZERpdmlzaW9uIjoiMTQiLCJpZFRlbXBvcmFkYSI6IjcwIiwiaWRUb3JuZW8iOiIxIiwiaWRDbHVibG9jYWwiOjExMTg2LCJpZENsdWJ2aXNpdGEiOjExMTgwfQ==-informe-arbitral-tigres-de-la-uanl-vs-tijuana-cuartos-vuelta-estadio-universitario-tudn,  3 - 0,  https--www.ligafemenil.mx-cancha-estadio-12-estadio-universitario,  Universitario,  https--www.ligafemenil.mx-cancha-galeria-MTAxMzA3LzIxLzcwLzEvMTQ=-tigres-de-la-uanl-vs-tijuana,  ,  https--www.ligafemenil.mx-cancha-playlist-101307-tigres-de-la-uanl-vs-tijuana,  
2019-2020,Apertura,  Lunes 18 de Noviembre de 2019-nTemporada 2019-2020-nTorneo Apertura-nCuartos Vuelta-n18 Noviembre 2019 - 1545 hrs.,  https--www.ligafemenil.mx-cancha-informeArbitral-101309-eyJpZERpdmlzaW9uIjoiMTQiLCJpZFRlbXBvcmFkYSI6IjcwIiwiaWRUb3JuZW8iOiIxIiwiaWRDbHVibG9jYWwiOjExMTkxLCJpZENsdWJ2aXNpdGEiOjExMTgyfQ==-informe-arbitral-america-vs-guadalajara-cuartos-vuelta-estadio-cancha-centenario-no-5-natural-instalaciones-club-america-tudn,  1 - 0,  https--www.ligafemenil.mx-cancha-estadio-1421-estadio-cancha-centenario-no-5-natural-instalaciones-club-america,  Cancha Centenario No. 5 (Natural) Instalaciones Club América,  https--www.ligafemenil.mx-cancha-galeria-MTAxMzA5LzIxLzcwLzEvMTQ=-america-vs-guadalajara,  ,  https--www.ligafemenil.mx-cancha-playlist-101309-america-vs-guadalajara,  
2019-2020,Apertura,  Lunes 18 de Noviembre de 2019-nTemporada 2019-2020-nTorneo Apertura-nCuartos Vuelta-n18 Noviembre 2019 - 1900 hrs.,  https--www.ligafemenil.mx-cancha-informeArbitral-101306-eyJpZERpdmlzaW9uIjoiMTQiLCJpZFRlbXBvcmFkYSI6IjcwIiwiaWRUb3JuZW8iOiIxIiwiaWRDbHVibG9jYWwiOjExMTg1LCJpZENsdWJ2aXNpdGEiOjExMjQ1fQ==-informe-arbitral-rayados-de-monterrey-vs-atlas-cuartos-vuelta-estadio-bbva-bancomer-fox-sports,  1 - 0,  https--www.ligafemenil.mx-cancha-estadio-793-estadio-bbva-bancomer,  Estadio BBVA Bancomer,  https--www.ligafemenil.mx-cancha-galeria-MTAxMzA2LzIxLzcwLzEvMTQ=-rayados-de-monterrey-vs-atlas,  ,  https--www.ligafemenil.mx-cancha-playlist-101306-rayados-de-monterrey-vs-atlas,  
2019-2020,Apertura,  Lunes 18 de Noviembre de 2019-nTemporada 2019-2020-nTorneo Apertura-nCuartos Vuelta-n18 Noviembre 2019 - 2100 hrs.,  https--www.ligafemenil.mx-cancha-informeArbitral-101308-eyJpZERpdmlzaW9uIjoiMTQiLCJpZFRlbXBvcmFkYSI6IjcwIiwiaWRUb3JuZW8iOiIxIiwiaWRDbHVibG9jYWwiOjExMTg0LCJpZENsdWJ2aXNpdGEiOjExMTg3fQ==-informe-arbitral-pachuca-vs-toluca-cuartos-vuelta-estadio-hidalgo-fox-sports,  1 - 2,  https--www.ligafemenil.mx-cancha-estadio-11-estadio-hidalgo,  Hidalgo,  https--www.ligafemenil.mx-cancha-galeria-MTAxMzA4LzIxLzcwLzEvMTQ=-pachuca-vs-toluca,  ,  https--www.ligafemenil.mx-cancha-playlist-101308-pachuca-vs-toluca,  
2019-2020,Apertura,  Jueves 21 de Noviembre de 2019-nTemporada 2019-2020-nTorneo Apertura-nSemifinal Ida-n21 Noviembre 2019 - 1900 hrs.,  https--www.ligafemenil.mx-cancha-informeArbitral-101315-eyJpZERpdmlzaW9uIjoiMTQiLCJpZFRlbXBvcmFkYSI6IjcwIiwiaWRUb3JuZW8iOiIxIiwiaWRDbHVibG9jYWwiOjExMTg0LCJpZENsdWJ2aXNpdGEiOjExMTg2fQ==-informe-arbitral-pachuca-vs-tigres-de-la-uanl-semifinal-ida-estadio-hidalgo-fox-sports,  3 - 1,  https--www.ligafemenil.mx-cancha-estadio-11-estadio-hidalgo,  Hidalgo,  https--www.ligafemenil.mx-cancha-galeria-MTAxMzE1LzIyLzcwLzEvMTQ=-pachuca-vs-tigres-de-la-uanl,  ,  https--www.ligafemenil.mx-cancha-playlist-101315-pachuca-vs-tigres-de-la-uanl,  
2019-2020,Apertura,  Viernes 22 de Noviembre de 2019-nTemporada 2019-2020-nTorneo Apertura-nSemifinal Ida-n22 Noviembre 2019 - 1545 hrs.,  https--www.ligafemenil.mx-cancha-informeArbitral-101314-eyJpZERpdmlzaW9uIjoiMTQiLCJpZFRlbXBvcmFkYSI6IjcwIiwiaWRUb3JuZW8iOiIxIiwiaWRDbHVibG9jYWwiOjExMTkxLCJpZENsdWJ2aXNpdGEiOjExMTg1fQ==-informe-arbitral-america-vs-rayados-de-monterrey-semifinal-ida-estadio-cancha-centenario-no-5-natural-instalaciones-club-america-tudn,  2 - 2,  https--www.ligafemenil.mx-cancha-estadio-1421-estadio-cancha-centenario-no-5-natural-instalaciones-club-america,  Cancha Centenario No. 5 (Natural) Instalaciones Club América,  https--www.ligafemenil.mx-cancha-galeria-MTAxMzE0LzIyLzcwLzEvMTQ=-america-vs-rayados-de-monterrey,  ,  https--www.ligafemenil.mx-cancha-playlist-101314-america-vs-rayados-de-monterrey,  
2019-2020,Apertura,  Domingo 24 de Noviembre de 2019-nTemporada 2019-2020-nTorneo Apertura-nSemifinal Vuelta-n24 Noviembre 2019 - 1700 hrs.,  https--www.ligafemenil.mx-cancha-informeArbitral-101317-eyJpZERpdmlzaW9uIjoiMTQiLCJpZFRlbXBvcmFkYSI6IjcwIiwiaWRUb3JuZW8iOiIxIiwiaWRDbHVibG9jYWwiOjExMTg2LCJpZENsdWJ2aXNpdGEiOjExMTg0fQ==-informe-arbitral-tigres-de-la-uanl-vs-pachuca-semifinal-vuelta-estadio-universitario-tudn,  4 - 0,  https--www.ligafemenil.mx-cancha-estadio-12-estadio-universitario,  Universitario,  https--www.ligafemenil.mx-cancha-galeria-MTAxMzE3LzIzLzcwLzEvMTQ=-tigres-de-la-uanl-vs-pachuca,  ,  https--www.ligafemenil.mx-cancha-playlist-101317-tigres-de-la-uanl-vs-pachuca,  
2019-2020,Apertura,  Lunes 25 de Noviembre de 2019-nTemporada 2019-2020-nTorneo Apertura-nSemifinal Vuelta-n25 Noviembre 2019 - 2000 hrs.,  https--www.ligafemenil.mx-cancha-informeArbitral-101316-eyJpZERpdmlzaW9uIjoiMTQiLCJpZFRlbXBvcmFkYSI6IjcwIiwiaWRUb3JuZW8iOiIxIiwiaWRDbHVibG9jYWwiOjExMTg1LCJpZENsdWJ2aXNpdGEiOjExMTkxfQ==-informe-arbitral-rayados-de-monterrey-vs-america-semifinal-vuelta-estadio-bbva-fox-sports,  2 - 1,  https--www.ligafemenil.mx-cancha-estadio-1608-estadio-bbva,  Estadio BBVA,  https--www.ligafemenil.mx-cancha-galeria-MTAxMzE2LzIzLzcwLzEvMTQ=-rayados-de-monterrey-vs-america,  ,  https--www.ligafemenil.mx-cancha-playlist-101316-rayados-de-monterrey-vs-america,  
2019-2020,Apertura,  Viernes 29 de Noviembre de 2019-nTemporada 2019-2020-nTorneo Apertura-nFinal Ida-n29 Noviembre 2019 - 2105 hrs.,  https--www.ligafemenil.mx-cancha-informeArbitral-101348-eyJpZERpdmlzaW9uIjoiMTQiLCJpZFRlbXBvcmFkYSI6IjcwIiwiaWRUb3JuZW8iOiIxIiwiaWRDbHVibG9jYWwiOjExMTg2LCJpZENsdWJ2aXNpdGEiOjExMTg1fQ==-informe-arbitral-tigres-de-la-uanl-vs-rayados-de-monterrey-final-ida-estadio-universitario-tudn,  1 - 1,  https--www.ligafemenil.mx-cancha-estadio-12-estadio-universitario,  Universitario,  https--www.ligafemenil.mx-cancha-galeria-MTAxMzQ4LzI0LzcwLzEvMTQ=-tigres-de-la-uanl-vs-rayados-de-monterrey,  ,  https--www.ligafemenil.mx-cancha-playlist-101348-tigres-de-la-uanl-vs-rayados-de-monterrey,  
2019-2020,Apertura,  Sábado 7 de Diciembre de 2019-nTemporada 2019-2020-nTorneo Apertura-nFinal Vuelta-n7 Diciembre 2019 - 1700 hrs.,  https--www.ligafemenil.mx-cancha-informeArbitral-101349-eyJpZERpdmlzaW9uIjoiMTQiLCJpZFRlbXBvcmFkYSI6IjcwIiwiaWRUb3JuZW8iOiIxIiwiaWRDbHVibG9jYWwiOjExMTg1LCJpZENsdWJ2aXNpdGEiOjExMTg2fQ==-informe-arbitral-rayados-de-monterrey-vs-tigres-de-la-uanl-final-vuelta-estadio-bbva-fox-sports,  1 - 0,  https--www.ligafemenil.mx-cancha-estadio-1608-estadio-bbva,  Estadio BBVA,  https--www.ligafemenil.mx-cancha-galeria-MTAxMzQ5LzI1LzcwLzEvMTQ=-rayados-de-monterrey-vs-tigres-de-la-uanl,  ,  https--www.ligafemenil.mx-cancha-playlist-101349-rayados-de-monterrey-vs-tigres-de-la-uanl,