Temporada,Torneo,Columna_3,Columna_4,Columna_5,Columna_6,Columna_7,Columna_8,Columna_9,Columna_10,Columna_11,Columna_12,Columna_13

2020-2021,Clausura,{'type': 'text', 'value': 'Jueves 7 de Enero de 2021\nTemporada 2020-2021\nTorneo Clausura\nJornada 1\n7 Enero 2021 - 17:00 hrs.'}",{'type': 'link', 'href': 'https://www.ligafemenil.mx/cancha/informeArbitral/119226/eyJpZERpdmlzaW9uIjoiMTQiLCJpZFRlbXBvcmFkYSI6IjcxIiwiaWRUb3JuZW8iOiIyIiwiaWRDbHVibG9jYWwiOjEyMDQyLCJpZENsdWJ2aXNpdGEiOjEyMDUxfQ==/informe-arbitral-gallos-blancos-de-queretaro-vs-mazatlan-fc-jornada-1-estadio-la-corregidora-tvc-deportes', 'text': '1 - 2'}",{'type': 'link', 'href': 'https://www.ligafemenil.mx/cancha/estadio/25/estadio-la-corregidora', 'text': 'La Corregidora'}",{'type': 'link', 'href': 'https://www.ligafemenil.mx/cancha/galeria/MTE5MjI2LzEvNzEvMi8xNA==/gallos-blancos-de-queretaro-vs-mazatlan-fc', 'text': ''}",{'type': 'link', 'href': 'https://www.ligafemenil.mx/cancha/playlist/119226/gallos-blancos-de-queretaro-vs-mazatlan-fc', 'text': ''}"

2020-2021,Clausura,{'type': 'text', 'value': 'Viernes 8 de Enero de 2021\nTemporada 2020-2021\nTorneo Clausura\nJornada 1\n8 Enero 2021 - 16:00 hrs.'}",{'type': 'link', 'href': 'https://www.ligafemenil.mx/cancha/informeArbitral/119227/eyJpZERpdmlzaW9uIjoiMTQiLCJpZFRlbXBvcmFkYSI6IjcxIiwiaWRUb3JuZW8iOiIyIiwiaWRDbHVibG9jYWwiOjExMTg5LCJpZENsdWJ2aXNpdGEiOjExMTgxfQ==/informe-arbitral-necaxa-vs-cruz-azul-jornada-1-estadio-victoria-claro-sports', 'text': '0 - 2'}",{'type': 'link', 'href': 'https://www.ligafemenil.mx/cancha/estadio/15/estadio-victoria', 'text': 'Victoria'}",{'type': 'link', 'href': 'https://www.ligafemenil.mx/cancha/galeria/MTE5MjI3LzEvNzEvMi8xNA==/necaxa-vs-cruz-azul', 'text': ''}",{'type': 'link', 'href': 'https://www.ligafemenil.mx/cancha/playlist/119227/necaxa-vs-cruz-azul', 'text': ''}"

2020-2021,Clausura,{'type': 'text', 'value': 'Sábado 9 de Enero de 2021\nTemporada 2020-2021\nTorneo Clausura\nJornada 1\n9 Enero 2021 - 12:00 hrs.'}",{'type': 'link', 'href': 'https://www.ligafemenil.mx/cancha/informeArbitral/119228/eyJpZERpdmlzaW9uIjoiMTQiLCJpZFRlbXBvcmFkYSI6IjcxIiwiaWRUb3JuZW8iOiIyIiwiaWRDbHVibG9jYWwiOjExMTg4LCJpZENsdWJ2aXNpdGEiOjExMTgwfQ==/informe-arbitral-pumas-vs-tijuana-jornada-1-estadio-la-cantera-cancha-1-tudn', 'text': '2 - 0'}",{'type': 'link', 'href': 'https://www.ligafemenil.mx/cancha/estadio/1146/estadio-la-cantera-cancha-1', 'text': 'La Cantera Cancha 1'}",{'type': 'link', 'href': 'https://www.ligafemenil.mx/cancha/galeria/MTE5MjI4LzEvNzEvMi8xNA==/pumas-vs-tijuana', 'text': ''}",{'type': 'link', 'href': 'https://www.ligafemenil.mx/cancha/playlist/119228/pumas-vs-tijuana', 'text': ''}"

2020-2021,Clausura,{'type': 'text', 'value': 'Domingo 10 de Enero de 2021\nTemporada 2020-2021\nTorneo Clausura\nJornada 1\n10 Enero 2021 - 17:00 hrs.'}",{'type': 'link', 'href': 'https://www.ligafemenil.mx/cancha/informeArbitral/119229/eyJpZERpdmlzaW9uIjoiMTQiLCJpZFRlbXBvcmFkYSI6IjcxIiwiaWRUb3JuZW8iOiIyIiwiaWRDbHVibG9jYWwiOjExNzc4LCJpZENsdWJ2aXNpdGEiOjExMTg1fQ==/informe-arbitral-club-atletico-de-san-luis-vs-rayados-de-monterrey-jornada-1-estadio-alfonso-lastras-ramirez', 'text': '0 - 5'}",{'type': 'link', 'href': 'https://www.ligafemenil.mx/cancha/estadio/14/estadio-alfonso-lastras-ramirez', 'text': 'Alfonso Lastras Ramírez'}",{'type': 'link', 'href': 'https://www.ligafemenil.mx/cancha/galeria/MTE5MjI5LzEvNzEvMi8xNA==/club-atletico-de-san-luis-vs-rayados-de-monterrey', 'text': ''}",{'type': 'link', 'href': 'https://www.ligafemenil.mx/cancha/playlist/119229/club-atletico-de-san-luis-vs-rayados-de-monterrey', 'text': ''}"

2020-2021,Clausura,{'type': 'text', 'value': 'Lunes 11 de Enero de 2021\nTemporada 2020-2021\nTorneo Clausura\nJornada 1\n11 Enero 2021 - 15:45 hrs.'}",{'type': 'link', 'href': 'https://www.ligafemenil.mx/cancha/informeArbitral/119230/eyJpZERpdmlzaW9uIjoiMTQiLCJpZFRlbXBvcmFkYSI6IjcxIiwiaWRUb3JuZW8iOiIyIiwiaWRDbHVibG9jYWwiOjExMTkxLCJpZENsdWJ2aXNpdGEiOjExMjQ1fQ==/informe-arbitral-america-vs-atlas-jornada-1-estadio-cancha-centenario-no-5-natural-instalaciones-club-america-tudn', 'text': '1 - 2'}",{'type': 'link', 'href': 'https://www.ligafemenil.mx/cancha/estadio/1421/estadio-cancha-centenario-no-5-natural-instalaciones-club-america', 'text': 'Cancha Centenario No. 5 (Natural) Instalaciones Club América'}",{'type': 'link', 'href': 'https://www.ligafemenil.mx/cancha/galeria/MTE5MjMwLzEvNzEvMi8xNA==/america-vs-atlas', 'text': ''}",{'type': 'link', 'href': 'https://www.ligafemenil.mx/cancha/playlist/119230/america-vs-atlas', 'text': ''}"

2020-2021,Clausura,{'type': 'text', 'value': 'Lunes 11 de Enero de 2021\nTemporada 2020-2021\nTorneo Clausura\nJornada 1\n11 Enero 2021 - 17:00 hrs.'}",{'type': 'link', 'href': 'https://www.ligafemenil.mx/cancha/informeArbitral/119231/eyJpZERpdmlzaW9uIjoiMTQiLCJpZFRlbXBvcmFkYSI6IjcxIiwiaWRUb3JuZW8iOiIyIiwiaWRDbHVibG9jYWwiOjExMjQzLCJpZENsdWJ2aXNpdGEiOjExMTg3fQ==/informe-arbitral-leon-vs-toluca-jornada-1-estadio-nou-camp-fox-sports', 'text': '0 - 2'}",{'type': 'link', 'href': 'https://www.ligafemenil.mx/cancha/estadio/23/estadio-nou-camp', 'text': 'Nou Camp'}",{'type': 'link', 'href': 'https://www.ligafemenil.mx/cancha/galeria/MTE5MjMxLzEvNzEvMi8xNA==/leon-vs-toluca', 'text': ''}",{'type': 'link', 'href': 'https://www.ligafemenil.mx/cancha/playlist/119231/leon-vs-toluca', 'text': ''}"

2020-2021,Clausura,{'type': 'text', 'value': 'Lunes 11 de Enero de 2021\nTemporada 2020-2021\nTorneo Clausura\nJornada 1\n11 Enero 2021 - 19:00 hrs.'}",{'type': 'link', 'href': 'https://www.ligafemenil.mx/cancha/informeArbitral/119232/eyJpZERpdmlzaW9uIjoiMTQiLCJpZFRlbXBvcmFkYSI6IjcxIiwiaWRUb3JuZW8iOiIyIiwiaWRDbHVibG9jYWwiOjExMTg2LCJpZENsdWJ2aXNpdGEiOjExMTg0fQ==/informe-arbitral-tigres-de-la-uanl-vs-pachuca-jornada-1-estadio-universitario-tudn', 'text': '3 - 0'}",{'type': 'link', 'href': 'https://www.ligafemenil.mx/cancha/estadio/12/estadio-universitario', 'text': 'Universitario'}",{'type': 'link', 'href': 'https://www.ligafemenil.mx/cancha/galeria/MTE5MjMyLzEvNzEvMi8xNA==/tigres-de-la-uanl-vs-pachuca', 'text': ''}",{'type': 'link', 'href': 'https://www.ligafemenil.mx/cancha/playlist/119232/tigres-de-la-uanl-vs-pachuca', 'text': ''}"

2020-2021,Clausura,{'type': 'text', 'value': 'Lunes 11 de Enero de 2021\nTemporada 2020-2021\nTorneo Clausura\nJornada 1\n11 Enero 2021 - 19:00 hrs.'}",{'type': 'link', 'href': 'https://www.ligafemenil.mx/cancha/informeArbitral/119233/eyJpZERpdmlzaW9uIjoiMTQiLCJpZFRlbXBvcmFkYSI6IjcxIiwiaWRUb3JuZW8iOiIyIiwiaWRDbHVibG9jYWwiOjExMTgyLCJpZENsdWJ2aXNpdGEiOjExNzk1fQ==/informe-arbitral-guadalajara-vs-fc-juarez-jornada-1-estadio-akron-fox-sports', 'text': '2 - 0'}",{'type': 'link', 'href': 'https://www.ligafemenil.mx/cancha/estadio/1538/estadio-akron', 'text': 'Estadio AKRON'}",{'type': 'link', 'href': 'https://www.ligafemenil.mx/cancha/galeria/MTE5MjMzLzEvNzEvMi8xNA==/guadalajara-vs-fc-juarez', 'text': ''}",{'type': 'link', 'href': 'https://www.ligafemenil.mx/cancha/playlist/119233/guadalajara-vs-fc-juarez', 'text': ''}"

2020-2021,Clausura,{'type': 'text', 'value': 'Jueves 14 de Enero de 2021\nTemporada 2020-2021\nTorneo Clausura\nJornada 2\n14 Enero 2021 - 15:45 hrs.'}",{'type': 'link', 'href': 'https://www.ligafemenil.mx/cancha/informeArbitral/119235/eyJpZERpdmlzaW9uIjoiMTQiLCJpZFRlbXBvcmFkYSI6IjcxIiwiaWRUb3JuZW8iOiIyIiwiaWRDbHVibG9jYWwiOjExMTgxLCJpZENsdWJ2aXNpdGEiOjExMjQzfQ==/informe-arbitral-cruz-azul-vs-leon-jornada-2-estadio-instalaciones-la-noria-cancha-1-tudn', 'text': '1 - 1'}",{'type': 'link', 'href': 'https://www.ligafemenil.mx/cancha/estadio/1549/estadio-instalaciones-la-noria-cancha-1', 'text': 'Instalaciones la Noria Cancha 1'}",{'type': 'link', 'href': 'https://www.ligafemenil.mx/cancha/galeria/MTE5MjM1LzIvNzEvMi8xNA==/cruz-azul-vs-leon', 'text': ''}",{'type': 'link', 'href': 'https://www.ligafemenil.mx/cancha/playlist/119235/cruz-azul-vs-leon', 'text': ''}"

2020-2021,Clausura,{'type': 'text', 'value': 'Viernes 15 de Enero de 2021\nTemporada 2020-2021\nTorneo Clausura\nJornada 2\n15 Enero 2021 - 17:00 hrs.'}",{'type': 'link', 'href': 'https://www.ligafemenil.mx/cancha/informeArbitral/119236/eyJpZERpdmlzaW9uIjoiMTQiLCJpZFRlbXBvcmFkYSI6IjcxIiwiaWRUb3JuZW8iOiIyIiwiaWRDbHVibG9jYWwiOjEyMDQyLCJpZENsdWJ2aXNpdGEiOjExNzc4fQ==/informe-arbitral-gallos-blancos-de-queretaro-vs-club-atletico-de-san-luis-jornada-2-estadio-la-corregidora-tvc-deportes', 'text': '3 - 2'}",{'type': 'link', 'href': 'https://www.ligafemenil.mx/cancha/estadio/25/estadio-la-corregidora', 'text': 'La Corregidora'}",{'type': 'link', 'href': 'https://www.ligafemenil.mx/cancha/galeria/MTE5MjM2LzIvNzEvMi8xNA==/gallos-blancos-de-queretaro-vs-club-atletico-de-san-luis', 'text': ''}",{'type': 'link', 'href': 'https://www.ligafemenil.mx/cancha/playlist/119236/gallos-blancos-de-queretaro-vs-club-atletico-de-san-luis', 'text': ''}"

2020-2021,Clausura,{'type': 'text', 'value': 'Sábado 16 de Enero de 2021\nTemporada 2020-2021\nTorneo Clausura\nJornada 2\n16 Enero 2021 - 10:00 hrs.'}",{'type': 'link', 'href': 'https://www.ligafemenil.mx/cancha/informeArbitral/119237/eyJpZERpdmlzaW9uIjoiMTQiLCJpZFRlbXBvcmFkYSI6IjcxIiwiaWRUb3JuZW8iOiIyIiwiaWRDbHVibG9jYWwiOjExMjQ1LCJpZENsdWJ2aXNpdGEiOjExMTg2fQ==/informe-arbitral-atlas-vs-tigres-de-la-uanl-jornada-2-estadio-colomos-tvc-deportes', 'text': '2 - 1'}",{'type': 'link', 'href': 'https://www.ligafemenil.mx/cancha/estadio/109/estadio-colomos', 'text': 'Colomos'}",{'type': 'link', 'href': 'https://www.ligafemenil.mx/cancha/galeria/MTE5MjM3LzIvNzEvMi8xNA==/atlas-vs-tigres-de-la-uanl', 'text': ''}",{'type': 'link', 'href': 'https://www.ligafemenil.mx/cancha/playlist/119237/atlas-vs-tigres-de-la-uanl', 'text': ''}"

2020-2021,Clausura,{'type': 'text', 'value': 'Sábado 16 de Enero de 2021\nTemporada 2020-2021\nTorneo Clausura\nJornada 2\n16 Enero 2021 - 09:00 hrs.'}",{'type': 'link', 'href': 'https://www.ligafemenil.mx/cancha/informeArbitral/119238/eyJpZERpdmlzaW9uIjoiMTQiLCJpZFRlbXBvcmFkYSI6IjcxIiwiaWRUb3JuZW8iOiIyIiwiaWRDbHVibG9jYWwiOjEyMDUxLCJpZENsdWJ2aXNpdGEiOjExMTgyfQ==/informe-arbitral-mazatlan-fc-vs-guadalajara-jornada-2-estadio-mazatlan-azteca-digital', 'text': '1 - 2'}",{'type': 'link', 'href': 'https://www.ligafemenil.mx/cancha/estadio/1697/estadio-mazatlan', 'text': 'Estadio Mazatlán'}",{'type': 'link', 'href': 'https://www.ligafemenil.mx/cancha/galeria/MTE5MjM4LzIvNzEvMi8xNA==/mazatlan-fc-vs-guadalajara', 'text': ''}",{'type': 'link', 'href': 'https://www.ligafemenil.mx/cancha/playlist/119238/mazatlan-fc-vs-guadalajara', 'text': ''}"

2020-2021,Clausura,{'type': 'text', 'value': 'Domingo 17 de Enero de 2021\nTemporada 2020-2021\nTorneo Clausura\nJornada 2\n17 Enero 2021 - 12:00 hrs.'}",{'type': 'link', 'href': 'https://www.ligafemenil.mx/cancha/informeArbitral/119239/eyJpZERpdmlzaW9uIjoiMTQiLCJpZFRlbXBvcmFkYSI6IjcxIiwiaWRUb3JuZW8iOiIyIiwiaWRDbHVibG9jYWwiOjExNTQzLCJpZENsdWJ2aXNpdGEiOjExMTg4fQ==/informe-arbitral-puebla-fc-vs-pumas-jornada-2-estadio-cuauhtemoc-tvc-deportes', 'text': '0 - 3'}",{'type': 'link', 'href': 'https://www.ligafemenil.mx/cancha/estadio/9/estadio-cuauhtemoc', 'text': 'Cuauhtémoc'}",{'type': 'link', 'href': 'https://www.ligafemenil.mx/cancha/galeria/MTE5MjM5LzIvNzEvMi8xNA==/puebla-fc-vs-pumas', 'text': ''}",{'type': 'link', 'href': 'https://www.ligafemenil.mx/cancha/playlist/119239/puebla-fc-vs-pumas', 'text': ''}"

2020-2021,Clausura,{'type': 'text', 'value': 'Lunes 18 de Enero de 2021\nTemporada 2020-2021\nTorneo Clausura\nJornada 2\n18 Enero 2021 - 15:45 hrs.'}",{'type': 'link', 'href': 'https://www.ligafemenil.mx/cancha/informeArbitral/119240/eyJpZERpdmlzaW9uIjoiMTQiLCJpZFRlbXBvcmFkYSI6IjcxIiwiaWRUb3JuZW8iOiIyIiwiaWRDbHVibG9jYWwiOjExMTkxLCJpZENsdWJ2aXNpdGEiOjExNzk1fQ==/informe-arbitral-america-vs-fc-juarez-jornada-2-estadio-cancha-centenario-no-5-natural-instalaciones-club-america-tudn', 'text': '2 - 1'}",{'type': 'link', 'href': 'https://www.ligafemenil.mx/cancha/estadio/1421/estadio-cancha-centenario-no-5-natural-instalaciones-club-america', 'text': 'Cancha Centenario No. 5 (Natural) Instalaciones Club América'}",{'type': 'link', 'href': 'https://www.ligafemenil.mx/cancha/galeria/MTE5MjQwLzIvNzEvMi8xNA==/america-vs-fc-juarez', 'text': ''}",{'type': 'link', 'href': 'https://www.ligafemenil.mx/cancha/playlist/119240/america-vs-fc-juarez', 'text': ''}"

2020-2021,Clausura,{'type': 'text', 'value': 'Lunes 18 de Enero de 2021\nTemporada 2020-2021\nTorneo Clausura\nJornada 2\n18 Enero 2021 - 17:00 hrs.'}",{'type': 'link', 'href': 'https://www.ligafemenil.mx/cancha/informeArbitral/119241/eyJpZERpdmlzaW9uIjoiMTQiLCJpZFRlbXBvcmFkYSI6IjcxIiwiaWRUb3JuZW8iOiIyIiwiaWRDbHVibG9jYWwiOjExMTg0LCJpZENsdWJ2aXNpdGEiOjExMTkyfQ==/informe-arbitral-pachuca-vs-santos-laguna-jornada-2-estadio-hidalgo-fox-sports', 'text': '1 - 2'}",{'type': 'link', 'href': 'https://www.ligafemenil.mx/cancha/estadio/11/estadio-hidalgo', 'text': 'Hidalgo'}",{'type': 'link', 'href': 'https://www.ligafemenil.mx/cancha/galeria/MTE5MjQxLzIvNzEvMi8xNA==/pachuca-vs-santos-laguna', 'text': ''}",{'type': 'link', 'href': 'https://www.ligafemenil.mx/cancha/playlist/119241/pachuca-vs-santos-laguna', 'text': ''}"

2020-2021,Clausura,{'type': 'text', 'value': 'Lunes 18 de Enero de 2021\nTemporada 2020-2021\nTorneo Clausura\nJornada 2\n18 Enero 2021 - 19:00 hrs.'}",{'type': 'link', 'href': 'https://www.ligafemenil.mx/cancha/informeArbitral/119242/eyJpZERpdmlzaW9uIjoiMTQiLCJpZFRlbXBvcmFkYSI6IjcxIiwiaWRUb3JuZW8iOiIyIiwiaWRDbHVibG9jYWwiOjExMTg1LCJpZENsdWJ2aXNpdGEiOjExMTg5fQ==/informe-arbitral-rayados-de-monterrey-vs-necaxa-jornada-2-estadio-bbva-fox-sports', 'text': '5 - 0'}",{'type': 'link', 'href': 'https://www.ligafemenil.mx/cancha/estadio/1608/estadio-bbva', 'text': 'Estadio BBVA'}",{'type': 'link', 'href': 'https://www.ligafemenil.mx/cancha/galeria/MTE5MjQyLzIvNzEvMi8xNA==/rayados-de-monterrey-vs-necaxa', 'text': ''}",{'type': 'link', 'href': 'https://www.ligafemenil.mx/cancha/playlist/119242/rayados-de-monterrey-vs-necaxa', 'text': ''}"

2020-2021,Clausura,{'type': 'text', 'value': 'Lunes 18 de Enero de 2021\nTemporada 2020-2021\nTorneo Clausura\nJornada 2\n18 Enero 2021 - 19:00 hrs.'}",{'type': 'link', 'href': 'https://www.ligafemenil.mx/cancha/informeArbitral/119243/eyJpZERpdmlzaW9uIjoiMTQiLCJpZFRlbXBvcmFkYSI6IjcxIiwiaWRUb3JuZW8iOiIyIiwiaWRDbHVibG9jYWwiOjExMTgwLCJpZENsdWJ2aXNpdGEiOjExMTg3fQ==/informe-arbitral-tijuana-vs-toluca-jornada-2-estadio-caliente', 'text': '0 - 1'}",{'type': 'link', 'href': 'https://www.ligafemenil.mx/cancha/estadio/48/estadio-caliente', 'text': 'Caliente'}",{'type': 'link', 'href': 'https://www.ligafemenil.mx/cancha/galeria/MTE5MjQzLzIvNzEvMi8xNA==/tijuana-vs-toluca', 'text': ''}",{'type': 'link', 'href': 'https://www.ligafemenil.mx/cancha/playlist/119243/tijuana-vs-toluca', 'text': ''}"

2020-2021,Clausura,{'type': 'text', 'value': 'Jueves 21 de Enero de 2021\nTemporada 2020-2021\nTorneo Clausura\nJornada 3\n21 Enero 2021 - 15:45 hrs.'}",{'type': 'link', 'href': 'https://www.ligafemenil.mx/cancha/informeArbitral/119244/eyJpZERpdmlzaW9uIjoiMTQiLCJpZFRlbXBvcmFkYSI6IjcxIiwiaWRUb3JuZW8iOiIyIiwiaWRDbHVibG9jYWwiOjExMTg4LCJpZENsdWJ2aXNpdGEiOjExMTg1fQ==/informe-arbitral-pumas-vs-rayados-de-monterrey-jornada-3-estadio-la-cantera-cancha-1-tudn', 'text': '3 - 0'}",{'type': 'link', 'href': 'https://www.ligafemenil.mx/cancha/estadio/1146/estadio-la-cantera-cancha-1', 'text': 'La Cantera Cancha 1'}",{'type': 'link', 'href': 'https://www.ligafemenil.mx/cancha/galeria/MTE5MjQ0LzMvNzEvMi8xNA==/pumas-vs-rayados-de-monterrey', 'text': ''}",{'type': 'link', 'href': 'https://www.ligafemenil.mx/cancha/playlist/119244/pumas-vs-rayados-de-monterrey', 'text': ''}"

2020-2021,Clausura,{'type': 'text', 'value': 'Viernes 22 de Enero de 2021\nTemporada 2020-2021\nTorneo Clausura\nJornada 3\n22 Enero 2021 - 15:45 hrs.'}",{'type': 'link', 'href': 'https://www.ligafemenil.mx/cancha/informeArbitral/119245/eyJpZERpdmlzaW9uIjoiMTQiLCJpZFRlbXBvcmFkYSI6IjcxIiwiaWRUb3JuZW8iOiIyIiwiaWRDbHVibG9jYWwiOjExMTgxLCJpZENsdWJ2aXNpdGEiOjExNzc4fQ==/informe-arbitral-cruz-azul-vs-club-atletico-de-san-luis-jornada-3-estadio-instalaciones-la-noria-cancha-1-tudn', 'text': '3 - 1'}",{'type': 'link', 'href': 'https://www.ligafemenil.mx/cancha/estadio/1549/estadio-instalaciones-la-noria-cancha-1', 'text': 'Instalaciones la Noria Cancha 1'}",{'type': 'link', 'href': 'https://www.ligafemenil.mx/cancha/galeria/MTE5MjQ1LzMvNzEvMi8xNA==/cruz-azul-vs-club-atletico-de-san-luis', 'text': ''}",{'type': 'link', 'href': 'https://www.ligafemenil.mx/cancha/playlist/119245/cruz-azul-vs-club-atletico-de-san-luis', 'text': ''}"

2020-2021,Clausura,{'type': 'text', 'value': 'Sábado 23 de Enero de 2021\nTemporada 2020-2021\nTorneo Clausura\nJornada 3\n23 Enero 2021 - 09:00 hrs.'}",{'type': 'link', 'href': 'https://www.ligafemenil.mx/cancha/informeArbitral/119247/eyJpZERpdmlzaW9uIjoiMTQiLCJpZFRlbXBvcmFkYSI6IjcxIiwiaWRUb3JuZW8iOiIyIiwiaWRDbHVibG9jYWwiOjExNzk1LCJpZENsdWJ2aXNpdGEiOjExMTg0fQ==/informe-arbitral-fc-juarez-vs-pachuca-jornada-3-estadio-olimpico-benito-juarez-tudn', 'text': '1 - 1'}",{'type': 'link', 'href': 'https://www.ligafemenil.mx/cancha/estadio/17/estadio-olimpico-benito-juarez', 'text': 'Olímpico Benito Juárez'}",{'type': 'link', 'href': 'https://www.ligafemenil.mx/cancha/galeria/MTE5MjQ3LzMvNzEvMi8xNA==/fc-juarez-vs-pachuca', 'text': ''}",{'type': 'link', 'href': 'https://www.ligafemenil.mx/cancha/playlist/119247/fc-juarez-vs-pachuca', 'text': ''}"

2020-2021,Clausura,{'type': 'text', 'value': 'Domingo 24 de Enero de 2021\nTemporada 2020-2021\nTorneo Clausura\nJornada 3\n24 Enero 2021 - 09:00 hrs.'}",{'type': 'link', 'href': 'https://www.ligafemenil.mx/cancha/informeArbitral/119246/eyJpZERpdmlzaW9uIjoiMTQiLCJpZFRlbXBvcmFkYSI6IjcxIiwiaWRUb3JuZW8iOiIyIiwiaWRDbHVibG9jYWwiOjEyMDUxLCJpZENsdWJ2aXNpdGEiOjExMTkxfQ==/informe-arbitral-mazatlan-fc-vs-america-jornada-3-estadio-mazatlan-tvp', 'text': '1 - 1'}",{'type': 'link', 'href': 'https://www.ligafemenil.mx/cancha/estadio/1697/estadio-mazatlan', 'text': 'Estadio Mazatlán'}",{'type': 'link', 'href': 'https://www.ligafemenil.mx/cancha/galeria/MTE5MjQ2LzMvNzEvMi8xNA==/mazatlan-fc-vs-america', 'text': ''}",{'type': 'link', 'href': 'https://www.ligafemenil.mx/cancha/playlist/119246/mazatlan-fc-vs-america', 'text': ''}"

2020-2021,Clausura,{'type': 'text', 'value': 'Lunes 25 de Enero de 2021\nTemporada 2020-2021\nTorneo Clausura\nJornada 3\n25 Enero 2021 - 15:45 hrs.'}",{'type': 'link', 'href': 'https://www.ligafemenil.mx/cancha/informeArbitral/119248/eyJpZERpdmlzaW9uIjoiMTQiLCJpZFRlbXBvcmFkYSI6IjcxIiwiaWRUb3JuZW8iOiIyIiwiaWRDbHVibG9jYWwiOjExMTg3LCJpZENsdWJ2aXNpdGEiOjEyMDQyfQ==/informe-arbitral-toluca-vs-gallos-blancos-de-queretaro-jornada-3-estadio-instalaciones-metepec-cancha-2-tudn', 'text': '1 - 0'}",{'type': 'link', 'href': 'https://www.ligafemenil.mx/cancha/estadio/1547/estadio-instalaciones-metepec-cancha-2', 'text': 'Instalaciones Metepec Cancha 2'}",{'type': 'link', 'href': 'https://www.ligafemenil.mx/cancha/galeria/MTE5MjQ4LzMvNzEvMi8xNA==/toluca-vs-gallos-blancos-de-queretaro', 'text': ''}",{'type': 'link', 'href': 'https://www.ligafemenil.mx/cancha/playlist/119248/toluca-vs-gallos-blancos-de-queretaro', 'text': ''}"

2020-2021,Clausura,{'type': 'text', 'value': 'Lunes 25 de Enero de 2021\nTemporada 2020-2021\nTorneo Clausura\nJornada 3\n25 Enero 2021 - 17:00 hrs.'}",{'type': 'link', 'href': 'https://www.ligafemenil.mx/cancha/informeArbitral/119249/eyJpZERpdmlzaW9uIjoiMTQiLCJpZFRlbXBvcmFkYSI6IjcxIiwiaWRUb3JuZW8iOiIyIiwiaWRDbHVibG9jYWwiOjExMTgyLCJpZENsdWJ2aXNpdGEiOjExMTkyfQ==/informe-arbitral-guadalajara-vs-santos-laguna-jornada-3-estadio-akron-fox-sports', 'text': '2 - 0'}",{'type': 'link', 'href': 'https://www.ligafemenil.mx/cancha/estadio/1538/estadio-akron', 'text': 'Estadio AKRON'}",{'type': 'link', 'href': 'https://www.ligafemenil.mx/cancha/galeria/MTE5MjQ5LzMvNzEvMi8xNA==/guadalajara-vs-santos-laguna', 'text': ''}",{'type': 'link', 'href': 'https://www.ligafemenil.mx/cancha/playlist/119249/guadalajara-vs-santos-laguna', 'text': ''}"

2020-2021,Clausura,{'type': 'text', 'value': 'Lunes 25 de Enero de 2021\nTemporada 2020-2021\nTorneo Clausura\nJornada 3\n25 Enero 2021 - 19:00 hrs.'}",{'type': 'link', 'href': 'https://www.ligafemenil.mx/cancha/informeArbitral/119250/eyJpZERpdmlzaW9uIjoiMTQiLCJpZFRlbXBvcmFkYSI6IjcxIiwiaWRUb3JuZW8iOiIyIiwiaWRDbHVibG9jYWwiOjExMTg2LCJpZENsdWJ2aXNpdGEiOjExNTQzfQ==/informe-arbitral-tigres-de-la-uanl-vs-puebla-fc-jornada-3-estadio-universitario-tudn', 'text': '2 - 1'}",{'type': 'link', 'href': 'https://www.ligafemenil.mx/cancha/estadio/12/estadio-universitario', 'text': 'Universitario'}",{'type': 'link', 'href': 'https://www.ligafemenil.mx/cancha/galeria/MTE5MjUwLzMvNzEvMi8xNA==/tigres-de-la-uanl-vs-puebla-fc', 'text': ''}",{'type': 'link', 'href': 'https://www.ligafemenil.mx/cancha/playlist/119250/tigres-de-la-uanl-vs-puebla-fc', 'text': ''}"

2020-2021,Clausura,{'type': 'text', 'value': 'Lunes 25 de Enero de 2021\nTemporada 2020-2021\nTorneo Clausura\nJornada 3\n25 Enero 2021 - 17:00 hrs.'}",{'type': 'link', 'href': 'https://www.ligafemenil.mx/cancha/informeArbitral/119251/eyJpZERpdmlzaW9uIjoiMTQiLCJpZFRlbXBvcmFkYSI6IjcxIiwiaWRUb3JuZW8iOiIyIiwiaWRDbHVibG9jYWwiOjExMTgwLCJpZENsdWJ2aXNpdGEiOjExMjQ1fQ==/informe-arbitral-tijuana-vs-atlas-jornada-3-estadio-caliente-fox-sports', 'text': '0 - 1'}",{'type': 'link', 'href': 'https://www.ligafemenil.mx/cancha/estadio/48/estadio-caliente', 'text': 'Caliente'}",{'type': 'link', 'href': 'https://www.ligafemenil.mx/cancha/galeria/MTE5MjUxLzMvNzEvMi8xNA==/tijuana-vs-atlas', 'text': ''}",{'type': 'link', 'href': 'https://www.ligafemenil.mx/cancha/playlist/119251/tijuana-vs-atlas', 'text': ''}"

2020-2021,Clausura,{'type': 'text', 'value': 'Lunes 25 de Enero de 2021\nTemporada 2020-2021\nTorneo Clausura\nJornada 3\n25 Enero 2021 - 19:00 hrs.'}",{'type': 'link', 'href': 'https://www.ligafemenil.mx/cancha/informeArbitral/119252/eyJpZERpdmlzaW9uIjoiMTQiLCJpZFRlbXBvcmFkYSI6IjcxIiwiaWRUb3JuZW8iOiIyIiwiaWRDbHVibG9jYWwiOjExMjQzLCJpZENsdWJ2aXNpdGEiOjExMTg5fQ==/informe-arbitral-leon-vs-necaxa-jornada-3-estadio-nou-camp', 'text': '2 - 1'}",{'type': 'link', 'href': 'https://www.ligafemenil.mx/cancha/estadio/23/estadio-nou-camp', 'text': 'Nou Camp'}",{'type': 'link', 'href': 'https://www.ligafemenil.mx/cancha/galeria/MTE5MjUyLzMvNzEvMi8xNA==/leon-vs-necaxa', 'text': ''}",{'type': 'link', 'href': 'https://www.ligafemenil.mx/cancha/playlist/119252/leon-vs-necaxa', 'text': ''}"

2020-2021,Clausura,{'type': 'text', 'value': 'Viernes 29 de Enero de 2021\nTemporada 2020-2021\nTorneo Clausura\nJornada 4\n29 Enero 2021 - 15:45 hrs.'}",{'type': 'link', 'href': 'https://www.ligafemenil.mx/cancha/informeArbitral/119253/eyJpZERpdmlzaW9uIjoiMTQiLCJpZFRlbXBvcmFkYSI6IjcxIiwiaWRUb3JuZW8iOiIyIiwiaWRDbHVibG9jYWwiOjExMTg5LCJpZENsdWJ2aXNpdGEiOjExMTg4fQ==/informe-arbitral-necaxa-vs-pumas-jornada-4-estadio-victoria-claro-sports', 'text': '1 - 1'}",{'type': 'link', 'href': 'https://www.ligafemenil.mx/cancha/estadio/708/estadio-victoria', 'text': 'Victoria'}",{'type': 'link', 'href': 'https://www.ligafemenil.mx/cancha/galeria/MTE5MjUzLzQvNzEvMi8xNA==/necaxa-vs-pumas', 'text': ''}",{'type': 'link', 'href': 'https://www.ligafemenil.mx/cancha/playlist/119253/necaxa-vs-pumas', 'text': ''}"

2020-2021,Clausura,{'type': 'text', 'value': 'Sábado 30 de Enero de 2021\nTemporada 2020-2021\nTorneo Clausura\nJornada 4\n30 Enero 2021 - 10:00 hrs.'}",{'type': 'link', 'href': 'https://www.ligafemenil.mx/cancha/informeArbitral/119254/eyJpZERpdmlzaW9uIjoiMTQiLCJpZFRlbXBvcmFkYSI6IjcxIiwiaWRUb3JuZW8iOiIyIiwiaWRDbHVibG9jYWwiOjExMjQ1LCJpZENsdWJ2aXNpdGEiOjExMjQzfQ==/informe-arbitral-atlas-vs-leon-jornada-4-estadio-colomos-tvc-deportes', 'text': '2 - 1'}",{'type': 'link', 'href': 'https://www.ligafemenil.mx/cancha/estadio/109/estadio-colomos', 'text': 'Colomos'}",{'type': 'link', 'href': 'https://www.ligafemenil.mx/cancha/galeria/MTE5MjU0LzQvNzEvMi8xNA==/atlas-vs-leon', 'text': ''}",{'type': 'link', 'href': 'https://www.ligafemenil.mx/cancha/playlist/119254/atlas-vs-leon', 'text': ''}"

2020-2021,Clausura,{'type': 'text', 'value': 'Sábado 30 de Enero de 2021\nTemporada 2020-2021\nTorneo Clausura\nJornada 4\n30 Enero 2021 - 11:00 hrs.'}",{'type': 'link', 'href': 'https://www.ligafemenil.mx/cancha/informeArbitral/119255/eyJpZERpdmlzaW9uIjoiMTQiLCJpZFRlbXBvcmFkYSI6IjcxIiwiaWRUb3JuZW8iOiIyIiwiaWRDbHVibG9jYWwiOjExNzk1LCJpZENsdWJ2aXNpdGEiOjEyMDUxfQ==/informe-arbitral-fc-juarez-vs-mazatlan-fc-jornada-4-estadio-olimpico-benito-juarez-tudn', 'text': '0 - 1'}",{'type': 'link', 'href': 'https://www.ligafemenil.mx/cancha/estadio/17/estadio-olimpico-benito-juarez', 'text': 'Olímpico Benito Juárez'}",{'type': 'link', 'href': 'https://www.ligafemenil.mx/cancha/galeria/MTE5MjU1LzQvNzEvMi8xNA==/fc-juarez-vs-mazatlan-fc', 'text': ''}",{'type': 'link', 'href': 'https://www.ligafemenil.mx/cancha/playlist/119255/fc-juarez-vs-mazatlan-fc', 'text': ''}"

2020-2021,Clausura,{'type': 'text', 'value': 'Domingo 31 de Enero de 2021\nTemporada 2020-2021\nTorneo Clausura\nJornada 4\n31 Enero 2021 - 10:30 hrs.'}",{'type': 'link', 'href': 'https://www.ligafemenil.mx/cancha/informeArbitral/119256/eyJpZERpdmlzaW9uIjoiMTQiLCJpZFRlbXBvcmFkYSI6IjcxIiwiaWRUb3JuZW8iOiIyIiwiaWRDbHVibG9jYWwiOjExMTg1LCJpZENsdWJ2aXNpdGEiOjEyMDQyfQ==/informe-arbitral-rayados-de-monterrey-vs-gallos-blancos-de-queretaro-jornada-4-estadio-el-barrial', 'text': '2 - 0'}",{'type': 'link', 'href': 'https://www.ligafemenil.mx/cancha/estadio/675/estadio-el-barrial', 'text': 'El Barrial'}",{'type': 'link', 'href': 'https://www.ligafemenil.mx/cancha/galeria/MTE5MjU2LzQvNzEvMi8xNA==/rayados-de-monterrey-vs-gallos-blancos-de-queretaro', 'text': ''}",{'type': 'link', 'href': 'https://www.ligafemenil.mx/cancha/playlist/119256/rayados-de-monterrey-vs-gallos-blancos-de-queretaro', 'text': ''}"

2020-2021,Clausura,{'type': 'text', 'value': 'Domingo 31 de Enero de 2021\nTemporada 2020-2021\nTorneo Clausura\nJornada 4\n31 Enero 2021 - 12:00 hrs.'}",{'type': 'link', 'href': 'https://www.ligafemenil.mx/cancha/informeArbitral/119257/eyJpZERpdmlzaW9uIjoiMTQiLCJpZFRlbXBvcmFkYSI6IjcxIiwiaWRUb3JuZW8iOiIyIiwiaWRDbHVibG9jYWwiOjExNTQzLCJpZENsdWJ2aXNpdGEiOjExMTgxfQ==/informe-arbitral-puebla-fc-vs-cruz-azul-jornada-4-estadio-cuauhtemoc-tvc-deportes', 'text': '1 - 1'}",{'type': 'link', 'href': 'https://www.ligafemenil.mx/cancha/estadio/9/estadio-cuauhtemoc', 'text': 'Cuauhtémoc'}",{'type': 'link', 'href': 'https://www.ligafemenil.mx/cancha/galeria/MTE5MjU3LzQvNzEvMi8xNA==/puebla-fc-vs-cruz-azul', 'text': ''}",{'type': 'link', 'href': 'https://www.ligafemenil.mx/cancha/playlist/119257/puebla-fc-vs-cruz-azul', 'text': ''}"

2020-2021,Clausura,{'type': 'text', 'value': 'Domingo 31 de Enero de 2021\nTemporada 2020-2021\nTorneo Clausura\nJornada 4\n31 Enero 2021 - 17:00 hrs.'}",{'type': 'link', 'href': 'https://www.ligafemenil.mx/cancha/informeArbitral/119258/eyJpZERpdmlzaW9uIjoiMTQiLCJpZFRlbXBvcmFkYSI6IjcxIiwiaWRUb3JuZW8iOiIyIiwiaWRDbHVibG9jYWwiOjExNzc4LCJpZENsdWJ2aXNpdGEiOjExMTgwfQ==/informe-arbitral-club-atletico-de-san-luis-vs-tijuana-jornada-4-estadio-alfonso-lastras-ramirez', 'text': '3 - 5'}",{'type': 'link', 'href': 'https://www.ligafemenil.mx/cancha/estadio/14/estadio-alfonso-lastras-ramirez', 'text': 'Alfonso Lastras Ramírez'}",{'type': 'link', 'href': 'https://www.ligafemenil.mx/cancha/galeria/MTE5MjU4LzQvNzEvMi8xNA==/club-atletico-de-san-luis-vs-tijuana', 'text': ''}",{'type': 'link', 'href': 'https://www.ligafemenil.mx/cancha/playlist/119258/club-atletico-de-san-luis-vs-tijuana', 'text': ''}"

2020-2021,Clausura,{'type': 'text', 'value': 'Lunes 1 de Febrero de 2021\nTemporada 2020-2021\nTorneo Clausura\nJornada 4\n1 Febrero 2021 - 15:45 hrs.'}",{'type': 'link', 'href': 'https://www.ligafemenil.mx/cancha/informeArbitral/119259/eyJpZERpdmlzaW9uIjoiMTQiLCJpZFRlbXBvcmFkYSI6IjcxIiwiaWRUb3JuZW8iOiIyIiwiaWRDbHVibG9jYWwiOjExMTkxLCJpZENsdWJ2aXNpdGEiOjExMTg3fQ==/informe-arbitral-america-vs-toluca-jornada-4-estadio-cancha-centenario-no-5-natural-instalaciones-club-america-tudn', 'text': '2 - 2'}",{'type': 'link', 'href': 'https://www.ligafemenil.mx/cancha/estadio/1421/estadio-cancha-centenario-no-5-natural-instalaciones-club-america', 'text': 'Cancha Centenario No. 5 (Natural) Instalaciones Club América'}",{'type': 'link', 'href': 'https://www.ligafemenil.mx/cancha/galeria/MTE5MjU5LzQvNzEvMi8xNA==/america-vs-toluca', 'text': ''}",{'type': 'link', 'href': 'https://www.ligafemenil.mx/cancha/playlist/119259/america-vs-toluca', 'text': ''}"

2020-2021,Clausura,{'type': 'text', 'value': 'Lunes 1 de Febrero de 2021\nTemporada 2020-2021\nTorneo Clausura\nJornada 4\n1 Febrero 2021 - 17:00 hrs.'}",{'type': 'link', 'href': 'https://www.ligafemenil.mx/cancha/informeArbitral/119260/eyJpZERpdmlzaW9uIjoiMTQiLCJpZFRlbXBvcmFkYSI6IjcxIiwiaWRUb3JuZW8iOiIyIiwiaWRDbHVibG9jYWwiOjExMTg0LCJpZENsdWJ2aXNpdGEiOjExMTgyfQ==/informe-arbitral-pachuca-vs-guadalajara-jornada-4-estadio-hidalgo-fox-sports', 'text': '1 - 0'}",{'type': 'link', 'href': 'https://www.ligafemenil.mx/cancha/estadio/11/estadio-hidalgo', 'text': 'Hidalgo'}",{'type': 'link', 'href': 'https://www.ligafemenil.mx/cancha/galeria/MTE5MjYwLzQvNzEvMi8xNA==/pachuca-vs-guadalajara', 'text': ''}",{'type': 'link', 'href': 'https://www.ligafemenil.mx/cancha/playlist/119260/pachuca-vs-guadalajara', 'text': ''}"

2020-2021,Clausura,{'type': 'text', 'value': 'Lunes 1 de Febrero de 2021\nTemporada 2020-2021\nTorneo Clausura\nJornada 4\n1 Febrero 2021 - 19:00 hrs.'}",{'type': 'link', 'href': 'https://www.ligafemenil.mx/cancha/informeArbitral/119261/eyJpZERpdmlzaW9uIjoiMTQiLCJpZFRlbXBvcmFkYSI6IjcxIiwiaWRUb3JuZW8iOiIyIiwiaWRDbHVibG9jYWwiOjExMTkyLCJpZENsdWJ2aXNpdGEiOjExMTg2fQ==/informe-arbitral-santos-laguna-vs-tigres-de-la-uanl-jornada-4-estadio-tsm-corona-fox-sports', 'text': '0 - 3'}",{'type': 'link', 'href': 'https://www.ligafemenil.mx/cancha/estadio/63/estadio-tsm-corona', 'text': 'TSM Corona'}",{'type': 'link', 'href': 'https://www.ligafemenil.mx/cancha/galeria/MTE5MjYxLzQvNzEvMi8xNA==/santos-laguna-vs-tigres-de-la-uanl', 'text': ''}",{'type': 'link', 'href': 'https://www.ligafemenil.mx/cancha/playlist/119261/santos-laguna-vs-tigres-de-la-uanl', 'text': ''}"

2020-2021,Clausura,{'type': 'text', 'value': 'Miércoles 3 de Febrero de 2021\nTemporada 2020-2021\nTorneo Clausura\nJornada 5\n3 Febrero 2021 - 15:45 hrs.'}",{'type': 'link', 'href': 'https://www.ligafemenil.mx/cancha/informeArbitral/119262/eyJpZERpdmlzaW9uIjoiMTQiLCJpZFRlbXBvcmFkYSI6IjcxIiwiaWRUb3JuZW8iOiIyIiwiaWRDbHVibG9jYWwiOjExMTg4LCJpZENsdWJ2aXNpdGEiOjExNzk1fQ==/informe-arbitral-pumas-vs-fc-juarez-jornada-5-estadio-la-cantera-cancha-1-tudn', 'text': '1 - 0'}",{'type': 'link', 'href': 'https://www.ligafemenil.mx/cancha/estadio/1146/estadio-la-cantera-cancha-1', 'text': 'La Cantera Cancha 1'}",{'type': 'link', 'href': 'https://www.ligafemenil.mx/cancha/galeria/MTE5MjYyLzUvNzEvMi8xNA==/pumas-vs-fc-juarez', 'text': ''}",{'type': 'link', 'href': 'https://www.ligafemenil.mx/cancha/playlist/119262/pumas-vs-fc-juarez', 'text': ''}"

2020-2021,Clausura,{'type': 'text', 'value': 'Miércoles 3 de Febrero de 2021\nTemporada 2020-2021\nTorneo Clausura\nJornada 5\n3 Febrero 2021 - 19:00 hrs.'}",{'type': 'link', 'href': 'https://www.ligafemenil.mx/cancha/informeArbitral/119263/eyJpZERpdmlzaW9uIjoiMTQiLCJpZFRlbXBvcmFkYSI6IjcxIiwiaWRUb3JuZW8iOiIyIiwiaWRDbHVibG9jYWwiOjExMTgwLCJpZENsdWJ2aXNpdGEiOjEyMDUxfQ==/informe-arbitral-tijuana-vs-mazatlan-fc-jornada-5-estadio-caliente', 'text': '0 - 0'}",{'type': 'link', 'href': 'https://www.ligafemenil.mx/cancha/estadio/48/estadio-caliente', 'text': 'Caliente'}",{'type': 'link', 'href': 'https://www.ligafemenil.mx/cancha/galeria/MTE5MjYzLzUvNzEvMi8xNA==/tijuana-vs-mazatlan-fc', 'text': ''}",{'type': 'link', 'href': 'https://www.ligafemenil.mx/cancha/playlist/119263/tijuana-vs-mazatlan-fc', 'text': ''}"

2020-2021,Clausura,{'type': 'text', 'value': 'Jueves 4 de Febrero de 2021\nTemporada 2020-2021\nTorneo Clausura\nJornada 5\n4 Febrero 2021 - 10:00 hrs.'}",{'type': 'link', 'href': 'https://www.ligafemenil.mx/cancha/informeArbitral/119264/eyJpZERpdmlzaW9uIjoiMTQiLCJpZFRlbXBvcmFkYSI6IjcxIiwiaWRUb3JuZW8iOiIyIiwiaWRDbHVibG9jYWwiOjExMjQ1LCJpZENsdWJ2aXNpdGEiOjExMTg0fQ==/informe-arbitral-atlas-vs-pachuca-jornada-5-estadio-colomos-tvc-deportes', 'text': '3 - 3'}",{'type': 'link', 'href': 'https://www.ligafemenil.mx/cancha/estadio/109/estadio-colomos', 'text': 'Colomos'}",{'type': 'link', 'href': 'https://www.ligafemenil.mx/cancha/galeria/MTE5MjY0LzUvNzEvMi8xNA==/atlas-vs-pachuca', 'text': ''}",{'type': 'link', 'href': 'https://www.ligafemenil.mx/cancha/playlist/119264/atlas-vs-pachuca', 'text': ''}"

2020-2021,Clausura,{'type': 'text', 'value': 'Jueves 4 de Febrero de 2021\nTemporada 2020-2021\nTorneo Clausura\nJornada 5\n4 Febrero 2021 - 12:00 hrs.'}",{'type': 'link', 'href': 'https://www.ligafemenil.mx/cancha/informeArbitral/119265/eyJpZERpdmlzaW9uIjoiMTQiLCJpZFRlbXBvcmFkYSI6IjcxIiwiaWRUb3JuZW8iOiIyIiwiaWRDbHVibG9jYWwiOjExMTg3LCJpZENsdWJ2aXNpdGEiOjExNTQzfQ==/informe-arbitral-toluca-vs-puebla-fc-jornada-5-estadio-instalaciones-metepec-cancha-2-tudn', 'text': '2 - 1'}",{'type': 'link', 'href': 'https://www.ligafemenil.mx/cancha/estadio/1547/estadio-instalaciones-metepec-cancha-2', 'text': 'Instalaciones Metepec Cancha 2'}",{'type': 'link', 'href': 'https://www.ligafemenil.mx/cancha/galeria/MTE5MjY1LzUvNzEvMi8xNA==/toluca-vs-puebla-fc', 'text': ''}",{'type': 'link', 'href': 'https://www.ligafemenil.mx/cancha/playlist/119265/toluca-vs-puebla-fc', 'text': ''}"

2020-2021,Clausura,{'type': 'text', 'value': 'Jueves 4 de Febrero de 2021\nTemporada 2020-2021\nTorneo Clausura\nJornada 5\n4 Febrero 2021 - 16:00 hrs.'}",{'type': 'link', 'href': 'https://www.ligafemenil.mx/cancha/informeArbitral/119266/eyJpZERpdmlzaW9uIjoiMTQiLCJpZFRlbXBvcmFkYSI6IjcxIiwiaWRUb3JuZW8iOiIyIiwiaWRDbHVibG9jYWwiOjExMTg5LCJpZENsdWJ2aXNpdGEiOjExMTkxfQ==/informe-arbitral-necaxa-vs-america-jornada-5-estadio-victoria-claro-sports', 'text': '0 - 1'}",{'type': 'link', 'href': 'https://www.ligafemenil.mx/cancha/estadio/15/estadio-victoria', 'text': 'Victoria'}",{'type': 'link', 'href': 'https://www.ligafemenil.mx/cancha/galeria/MTE5MjY2LzUvNzEvMi8xNA==/necaxa-vs-america', 'text': ''}",{'type': 'link', 'href': 'https://www.ligafemenil.mx/cancha/playlist/119266/necaxa-vs-america', 'text': ''}"

2020-2021,Clausura,{'type': 'text', 'value': 'Jueves 4 de Febrero de 2021\nTemporada 2020-2021\nTorneo Clausura\nJornada 5\n4 Febrero 2021 - 17:00 hrs.'}",{'type': 'link', 'href': 'https://www.ligafemenil.mx/cancha/informeArbitral/119267/eyJpZERpdmlzaW9uIjoiMTQiLCJpZFRlbXBvcmFkYSI6IjcxIiwiaWRUb3JuZW8iOiIyIiwiaWRDbHVibG9jYWwiOjExMjQzLCJpZENsdWJ2aXNpdGEiOjExMTkyfQ==/informe-arbitral-leon-vs-santos-laguna-jornada-5-estadio-nou-camp-fox-sports', 'text': '2 - 1'}",{'type': 'link', 'href': 'https://www.ligafemenil.mx/cancha/estadio/23/estadio-nou-camp', 'text': 'Nou Camp'}",{'type': 'link', 'href': 'https://www.ligafemenil.mx/cancha/galeria/MTE5MjY3LzUvNzEvMi8xNA==/leon-vs-santos-laguna', 'text': ''}",{'type': 'link', 'href': 'https://www.ligafemenil.mx/cancha/playlist/119267/leon-vs-santos-laguna', 'text': ''}"

2020-2021,Clausura,{'type': 'text', 'value': 'Jueves 4 de Febrero de 2021\nTemporada 2020-2021\nTorneo Clausura\nJornada 5\n4 Febrero 2021 - 19:00 hrs.'}",{'type': 'link', 'href': 'https://www.ligafemenil.mx/cancha/informeArbitral/119268/eyJpZERpdmlzaW9uIjoiMTQiLCJpZFRlbXBvcmFkYSI6IjcxIiwiaWRUb3JuZW8iOiIyIiwiaWRDbHVibG9jYWwiOjExMTg1LCJpZENsdWJ2aXNpdGEiOjExMTgxfQ==/informe-arbitral-rayados-de-monterrey-vs-cruz-azul-jornada-5-estadio-bbva-fox-sports', 'text': '5 - 1'}",{'type': 'link', 'href': 'https://www.ligafemenil.mx/cancha/estadio/1608/estadio-bbva', 'text': 'Estadio BBVA'}",{'type': 'link', 'href': 'https://www.ligafemenil.mx/cancha/galeria/MTE5MjY4LzUvNzEvMi8xNA==/rayados-de-monterrey-vs-cruz-azul', 'text': ''}",{'type': 'link', 'href': 'https://www.ligafemenil.mx/cancha/playlist/119268/rayados-de-monterrey-vs-cruz-azul', 'text': ''}"

2020-2021,Clausura,{'type': 'text', 'value': 'Viernes 5 de Febrero de 2021\nTemporada 2020-2021\nTorneo Clausura\nJornada 5\n5 Febrero 2021 - 16:00 hrs.'}",{'type': 'link', 'href': 'https://www.ligafemenil.mx/cancha/informeArbitral/119269/eyJpZERpdmlzaW9uIjoiMTQiLCJpZFRlbXBvcmFkYSI6IjcxIiwiaWRUb3JuZW8iOiIyIiwiaWRDbHVibG9jYWwiOjExNzc4LCJpZENsdWJ2aXNpdGEiOjExMTg2fQ==/informe-arbitral-club-atletico-de-san-luis-vs-tigres-de-la-uanl-jornada-5-estadio-alfonso-lastras-ramirez', 'text': '0 - 0'}",{'type': 'link', 'href': 'https://www.ligafemenil.mx/cancha/estadio/14/estadio-alfonso-lastras-ramirez', 'text': 'Alfonso Lastras Ramírez'}",{'type': 'link', 'href': 'https://www.ligafemenil.mx/cancha/galeria/MTE5MjY5LzUvNzEvMi8xNA==/club-atletico-de-san-luis-vs-tigres-de-la-uanl', 'text': ''}",{'type': 'link', 'href': 'https://www.ligafemenil.mx/cancha/playlist/119269/club-atletico-de-san-luis-vs-tigres-de-la-uanl', 'text': ''}"

2020-2021,Clausura,{'type': 'text', 'value': 'Viernes 5 de Febrero de 2021\nTemporada 2020-2021\nTorneo Clausura\nJornada 5\n5 Febrero 2021 - 17:00 hrs.'}",{'type': 'link', 'href': 'https://www.ligafemenil.mx/cancha/informeArbitral/119270/eyJpZERpdmlzaW9uIjoiMTQiLCJpZFRlbXBvcmFkYSI6IjcxIiwiaWRUb3JuZW8iOiIyIiwiaWRDbHVibG9jYWwiOjEyMDQyLCJpZENsdWJ2aXNpdGEiOjExMTgyfQ==/informe-arbitral-gallos-blancos-de-queretaro-vs-guadalajara-jornada-5-estadio-la-corregidora-tvc-deportes', 'text': '3 - 3'}",{'type': 'link', 'href': 'https://www.ligafemenil.mx/cancha/estadio/25/estadio-la-corregidora', 'text': 'La Corregidora'}",{'type': 'link', 'href': 'https://www.ligafemenil.mx/cancha/galeria/MTE5MjcwLzUvNzEvMi8xNA==/gallos-blancos-de-queretaro-vs-guadalajara', 'text': ''}",{'type': 'link', 'href': 'https://www.ligafemenil.mx/cancha/playlist/119270/gallos-blancos-de-queretaro-vs-guadalajara', 'text': ''}"

2020-2021,Clausura,{'type': 'text', 'value': 'Sábado 6 de Febrero de 2021\nTemporada 2020-2021\nTorneo Clausura\nJornada 6\n6 Febrero 2021 - 09:00 hrs.'}",{'type': 'link', 'href': 'https://www.ligafemenil.mx/cancha/informeArbitral/119271/eyJpZERpdmlzaW9uIjoiMTQiLCJpZFRlbXBvcmFkYSI6IjcxIiwiaWRUb3JuZW8iOiIyIiwiaWRDbHVibG9jYWwiOjExNzk1LCJpZENsdWJ2aXNpdGEiOjExMTgwfQ==/informe-arbitral-fc-juarez-vs-tijuana-jornada-6-estadio-olimpico-benito-juarez-tudn', 'text': '1 - 2'}",{'type': 'link', 'href': 'https://www.ligafemenil.mx/cancha/estadio/17/estadio-olimpico-benito-juarez', 'text': 'Olímpico Benito Juárez'}",{'type': 'link', 'href': 'https://www.ligafemenil.mx/cancha/galeria/MTE5MjcxLzYvNzEvMi8xNA==/fc-juarez-vs-tijuana', 'text': ''}",{'type': 'link', 'href': 'https://www.ligafemenil.mx/cancha/playlist/119271/fc-juarez-vs-tijuana', 'text': ''}"

2020-2021,Clausura,{'type': 'text', 'value': 'Domingo 7 de Febrero de 2021\nTemporada 2020-2021\nTorneo Clausura\nJornada 6\n7 Febrero 2021 - 09:00 hrs.'}",{'type': 'link', 'href': 'https://www.ligafemenil.mx/cancha/informeArbitral/119272/eyJpZERpdmlzaW9uIjoiMTQiLCJpZFRlbXBvcmFkYSI6IjcxIiwiaWRUb3JuZW8iOiIyIiwiaWRDbHVibG9jYWwiOjEyMDUxLCJpZENsdWJ2aXNpdGEiOjExMTg1fQ==/informe-arbitral-mazatlan-fc-vs-rayados-de-monterrey-jornada-6-estadio-mazatlan-tvp', 'text': '0 - 3'}",{'type': 'link', 'href': 'https://www.ligafemenil.mx/cancha/estadio/1697/estadio-mazatlan', 'text': 'Estadio Mazatlán'}",{'type': 'link', 'href': 'https://www.ligafemenil.mx/cancha/galeria/MTE5MjcyLzYvNzEvMi8xNA==/mazatlan-fc-vs-rayados-de-monterrey', 'text': ''}",{'type': 'link', 'href': 'https://www.ligafemenil.mx/cancha/playlist/119272/mazatlan-fc-vs-rayados-de-monterrey', 'text': ''}"

2020-2021,Clausura,{'type': 'text', 'value': 'Domingo 7 de Febrero de 2021\nTemporada 2020-2021\nTorneo Clausura\nJornada 6\n7 Febrero 2021 - 10:00 hrs.'}",{'type': 'link', 'href': 'https://www.ligafemenil.mx/cancha/informeArbitral/119274/eyJpZERpdmlzaW9uIjoiMTQiLCJpZFRlbXBvcmFkYSI6IjcxIiwiaWRUb3JuZW8iOiIyIiwiaWRDbHVibG9jYWwiOjExMTkxLCJpZENsdWJ2aXNpdGEiOjExMjQzfQ==/informe-arbitral-america-vs-leon-jornada-6-estadio-cancha-centenario-no-5-natural-instalaciones-club-america-tudn', 'text': '1 - 1'}",{'type': 'link', 'href': 'https://www.ligafemenil.mx/cancha/estadio/1421/estadio-cancha-centenario-no-5-natural-instalaciones-club-america', 'text': 'Cancha Centenario No. 5 (Natural) Instalaciones Club América'}",{'type': 'link', 'href': 'https://www.ligafemenil.mx/cancha/galeria/MTE5Mjc0LzYvNzEvMi8xNA==/america-vs-leon', 'text': ''}",{'type': 'link', 'href': 'https://www.ligafemenil.mx/cancha/playlist/119274/america-vs-leon', 'text': ''}"

2020-2021,Clausura,{'type': 'text', 'value': 'Domingo 7 de Febrero de 2021\nTemporada 2020-2021\nTorneo Clausura\nJornada 6\n7 Febrero 2021 - 12:00 hrs.'}",{'type': 'link', 'href': 'https://www.ligafemenil.mx/cancha/informeArbitral/119273/eyJpZERpdmlzaW9uIjoiMTQiLCJpZFRlbXBvcmFkYSI6IjcxIiwiaWRUb3JuZW8iOiIyIiwiaWRDbHVibG9jYWwiOjExNTQzLCJpZENsdWJ2aXNpdGEiOjExMjQ1fQ==/informe-arbitral-puebla-fc-vs-atlas-jornada-6-estadio-cuauhtemoc-tvc-deportes', 'text': '0 - 1'}",{'type': 'link', 'href': 'https://www.ligafemenil.mx/cancha/estadio/9/estadio-cuauhtemoc', 'text': 'Cuauhtémoc'}",{'type': 'link', 'href': 'https://www.ligafemenil.mx/cancha/galeria/MTE5MjczLzYvNzEvMi8xNA==/puebla-fc-vs-atlas', 'text': ''}",{'type': 'link', 'href': 'https://www.ligafemenil.mx/cancha/playlist/119273/puebla-fc-vs-atlas', 'text': ''}"

2020-2021,Clausura,{'type': 'text', 'value': 'Lunes 8 de Febrero de 2021\nTemporada 2020-2021\nTorneo Clausura\nJornada 6\n8 Febrero 2021 - 15:45 hrs.'}",{'type': 'link', 'href': 'https://www.ligafemenil.mx/cancha/informeArbitral/119275/eyJpZERpdmlzaW9uIjoiMTQiLCJpZFRlbXBvcmFkYSI6IjcxIiwiaWRUb3JuZW8iOiIyIiwiaWRDbHVibG9jYWwiOjExMTgxLCJpZENsdWJ2aXNpdGEiOjExMTg4fQ==/informe-arbitral-cruz-azul-vs-pumas-jornada-6-estadio-instalaciones-la-noria-cancha-1-tudn', 'text': '0 - 2'}",{'type': 'link', 'href': 'https://www.ligafemenil.mx/cancha/estadio/1549/estadio-instalaciones-la-noria-cancha-1', 'text': 'Instalaciones la Noria Cancha 1'}",{'type': 'link', 'href': 'https://www.ligafemenil.mx/cancha/galeria/MTE5Mjc1LzYvNzEvMi8xNA==/cruz-azul-vs-pumas', 'text': ''}",{'type': 'link', 'href': 'https://www.ligafemenil.mx/cancha/playlist/119275/cruz-azul-vs-pumas', 'text': ''}"

2020-2021,Clausura,{'type': 'text', 'value': 'Lunes 8 de Febrero de 2021\nTemporada 2020-2021\nTorneo Clausura\nJornada 6\n8 Febrero 2021 - 17:00 hrs.'}",{'type': 'link', 'href': 'https://www.ligafemenil.mx/cancha/informeArbitral/119276/eyJpZERpdmlzaW9uIjoiMTQiLCJpZFRlbXBvcmFkYSI6IjcxIiwiaWRUb3JuZW8iOiIyIiwiaWRDbHVibG9jYWwiOjExMTgyLCJpZENsdWJ2aXNpdGEiOjExNzc4fQ==/informe-arbitral-guadalajara-vs-club-atletico-de-san-luis-jornada-6-estadio-akron-fox-sports', 'text': '3 - 0'}",{'type': 'link', 'href': 'https://www.ligafemenil.mx/cancha/estadio/1538/estadio-akron', 'text': 'Estadio AKRON'}",{'type': 'link', 'href': 'https://www.ligafemenil.mx/cancha/galeria/MTE5Mjc2LzYvNzEvMi8xNA==/guadalajara-vs-club-atletico-de-san-luis', 'text': ''}",{'type': 'link', 'href': 'https://www.ligafemenil.mx/cancha/playlist/119276/guadalajara-vs-club-atletico-de-san-luis', 'text': ''}"

2020-2021,Clausura,{'type': 'text', 'value': 'Lunes 8 de Febrero de 2021\nTemporada 2020-2021\nTorneo Clausura\nJornada 6\n8 Febrero 2021 - 19:00 hrs.'}",{'type': 'link', 'href': 'https://www.ligafemenil.mx/cancha/informeArbitral/119277/eyJpZERpdmlzaW9uIjoiMTQiLCJpZFRlbXBvcmFkYSI6IjcxIiwiaWRUb3JuZW8iOiIyIiwiaWRDbHVibG9jYWwiOjExMTg2LCJpZENsdWJ2aXNpdGEiOjExMTg5fQ==/informe-arbitral-tigres-de-la-uanl-vs-necaxa-jornada-6-estadio-universitario-tudn', 'text': '2 - 0'}",{'type': 'link', 'href': 'https://www.ligafemenil.mx/cancha/estadio/12/estadio-universitario', 'text': 'Universitario'}",{'type': 'link', 'href': 'https://www.ligafemenil.mx/cancha/galeria/MTE5Mjc3LzYvNzEvMi8xNA==/tigres-de-la-uanl-vs-necaxa', 'text': ''}",{'type': 'link', 'href': 'https://www.ligafemenil.mx/cancha/playlist/119277/tigres-de-la-uanl-vs-necaxa', 'text': ''}"

2020-2021,Clausura,{'type': 'text', 'value': 'Lunes 8 de Febrero de 2021\nTemporada 2020-2021\nTorneo Clausura\nJornada 6\n8 Febrero 2021 - 19:00 hrs.'}",{'type': 'link', 'href': 'https://www.ligafemenil.mx/cancha/informeArbitral/119278/eyJpZERpdmlzaW9uIjoiMTQiLCJpZFRlbXBvcmFkYSI6IjcxIiwiaWRUb3JuZW8iOiIyIiwiaWRDbHVibG9jYWwiOjExMTkyLCJpZENsdWJ2aXNpdGEiOjEyMDQyfQ==/informe-arbitral-santos-laguna-vs-gallos-blancos-de-queretaro-jornada-6-estadio-tsm-corona-fox-sports', 'text': '1 - 2'}",{'type': 'link', 'href': 'https://www.ligafemenil.mx/cancha/estadio/63/estadio-tsm-corona', 'text': 'TSM Corona'}",{'type': 'link', 'href': 'https://www.ligafemenil.mx/cancha/galeria/MTE5Mjc4LzYvNzEvMi8xNA==/santos-laguna-vs-gallos-blancos-de-queretaro', 'text': ''}",{'type': 'link', 'href': 'https://www.ligafemenil.mx/cancha/playlist/119278/santos-laguna-vs-gallos-blancos-de-queretaro', 'text': ''}"

2020-2021,Clausura,{'type': 'text', 'value': 'Lunes 8 de Febrero de 2021\nTemporada 2020-2021\nTorneo Clausura\nJornada 6\n8 Febrero 2021 - 19:00 hrs.'}",{'type': 'link', 'href': 'https://www.ligafemenil.mx/cancha/informeArbitral/119279/eyJpZERpdmlzaW9uIjoiMTQiLCJpZFRlbXBvcmFkYSI6IjcxIiwiaWRUb3JuZW8iOiIyIiwiaWRDbHVibG9jYWwiOjExMTg0LCJpZENsdWJ2aXNpdGEiOjExMTg3fQ==/informe-arbitral-pachuca-vs-toluca-jornada-6-estadio-hidalgo', 'text': '2 - 0'}",{'type': 'link', 'href': 'https://www.ligafemenil.mx/cancha/estadio/11/estadio-hidalgo', 'text': 'Hidalgo'}",{'type': 'link', 'href': 'https://www.ligafemenil.mx/cancha/galeria/MTE5Mjc5LzYvNzEvMi8xNA==/pachuca-vs-toluca', 'text': ''}",{'type': 'link', 'href': 'https://www.ligafemenil.mx/cancha/playlist/119279/pachuca-vs-toluca', 'text': ''}"

2020-2021,Clausura,{'type': 'text', 'value': 'Viernes 12 de Febrero de 2021\nTemporada 2020-2021\nTorneo Clausura\nJornada 7\n12 Febrero 2021 - 16:00 hrs.'}",{'type': 'link', 'href': 'https://www.ligafemenil.mx/cancha/informeArbitral/119280/eyJpZERpdmlzaW9uIjoiMTQiLCJpZFRlbXBvcmFkYSI6IjcxIiwiaWRUb3JuZW8iOiIyIiwiaWRDbHVibG9jYWwiOjExMTg5LCJpZENsdWJ2aXNpdGEiOjExMTgyfQ==/informe-arbitral-necaxa-vs-guadalajara-jornada-7-estadio-victoria-claro-sports', 'text': '0 - 2'}",{'type': 'link', 'href': 'https://www.ligafemenil.mx/cancha/estadio/15/estadio-victoria', 'text': 'Victoria'}",{'type': 'link', 'href': 'https://www.ligafemenil.mx/cancha/galeria/MTE5MjgwLzcvNzEvMi8xNA==/necaxa-vs-guadalajara', 'text': ''}",{'type': 'link', 'href': 'https://www.ligafemenil.mx/cancha/playlist/119280/necaxa-vs-guadalajara', 'text': ''}"

2020-2021,Clausura,{'type': 'text', 'value': 'Viernes 12 de Febrero de 2021\nTemporada 2020-2021\nTorneo Clausura\nJornada 7\n12 Febrero 2021 - 17:00 hrs.'}",{'type': 'link', 'href': 'https://www.ligafemenil.mx/cancha/informeArbitral/119281/eyJpZERpdmlzaW9uIjoiMTQiLCJpZFRlbXBvcmFkYSI6IjcxIiwiaWRUb3JuZW8iOiIyIiwiaWRDbHVibG9jYWwiOjEyMDQyLCJpZENsdWJ2aXNpdGEiOjExMTkxfQ==/informe-arbitral-gallos-blancos-de-queretaro-vs-america-jornada-7-estadio-la-corregidora-tvc-deportes', 'text': '1 - 2'}",{'type': 'link', 'href': 'https://www.ligafemenil.mx/cancha/estadio/25/estadio-la-corregidora', 'text': 'La Corregidora'}",{'type': 'link', 'href': 'https://www.ligafemenil.mx/cancha/galeria/MTE5MjgxLzcvNzEvMi8xNA==/gallos-blancos-de-queretaro-vs-america', 'text': ''}",{'type': 'link', 'href': 'https://www.ligafemenil.mx/cancha/playlist/119281/gallos-blancos-de-queretaro-vs-america', 'text': ''}"

2020-2021,Clausura,{'type': 'text', 'value': 'Sábado 13 de Febrero de 2021\nTemporada 2020-2021\nTorneo Clausura\nJornada 7\n13 Febrero 2021 - 10:00 hrs.'}",{'type': 'link', 'href': 'https://www.ligafemenil.mx/cancha/informeArbitral/119282/eyJpZERpdmlzaW9uIjoiMTQiLCJpZFRlbXBvcmFkYSI6IjcxIiwiaWRUb3JuZW8iOiIyIiwiaWRDbHVibG9jYWwiOjExMjQ1LCJpZENsdWJ2aXNpdGEiOjExMTkyfQ==/informe-arbitral-atlas-vs-santos-laguna-jornada-7-estadio-colomos-tvc-deportes', 'text': '3 - 2'}",{'type': 'link', 'href': 'https://www.ligafemenil.mx/cancha/estadio/109/estadio-colomos', 'text': 'Colomos'}",{'type': 'link', 'href': 'https://www.ligafemenil.mx/cancha/galeria/MTE5MjgyLzcvNzEvMi8xNA==/atlas-vs-santos-laguna', 'text': ''}",{'type': 'link', 'href': 'https://www.ligafemenil.mx/cancha/playlist/119282/atlas-vs-santos-laguna', 'text': ''}"

2020-2021,Clausura,{'type': 'text', 'value': 'Sábado 13 de Febrero de 2021\nTemporada 2020-2021\nTorneo Clausura\nJornada 7\n13 Febrero 2021 - 12:00 hrs.'}",{'type': 'link', 'href': 'https://www.ligafemenil.mx/cancha/informeArbitral/119283/eyJpZERpdmlzaW9uIjoiMTQiLCJpZFRlbXBvcmFkYSI6IjcxIiwiaWRUb3JuZW8iOiIyIiwiaWRDbHVibG9jYWwiOjExMTg4LCJpZENsdWJ2aXNpdGEiOjExMTg0fQ==/informe-arbitral-pumas-vs-pachuca-jornada-7-estadio-la-cantera-cancha-1-tudn', 'text': '1 - 0'}",{'type': 'link', 'href': 'https://www.ligafemenil.mx/cancha/estadio/1146/estadio-la-cantera-cancha-1', 'text': 'La Cantera Cancha 1'}",{'type': 'link', 'href': 'https://www.ligafemenil.mx/cancha/galeria/MTE5MjgzLzcvNzEvMi8xNA==/pumas-vs-pachuca', 'text': ''}",{'type': 'link', 'href': 'https://www.ligafemenil.mx/cancha/playlist/119283/pumas-vs-pachuca', 'text': ''}"

2020-2021,Clausura,{'type': 'text', 'value': 'Domingo 14 de Febrero de 2021\nTemporada 2020-2021\nTorneo Clausura\nJornada 7\n14 Febrero 2021 - 10:30 hrs.'}",{'type': 'link', 'href': 'https://www.ligafemenil.mx/cancha/informeArbitral/119284/eyJpZERpdmlzaW9uIjoiMTQiLCJpZFRlbXBvcmFkYSI6IjcxIiwiaWRUb3JuZW8iOiIyIiwiaWRDbHVibG9jYWwiOjExMTg1LCJpZENsdWJ2aXNpdGEiOjExNzk1fQ==/informe-arbitral-rayados-de-monterrey-vs-fc-juarez-jornada-7-estadio-el-barrial', 'text': '3 - 4'}",{'type': 'link', 'href': 'https://www.ligafemenil.mx/cancha/estadio/675/estadio-el-barrial', 'text': 'El Barrial'}",{'type': 'link', 'href': 'https://www.ligafemenil.mx/cancha/galeria/MTE5Mjg0LzcvNzEvMi8xNA==/rayados-de-monterrey-vs-fc-juarez', 'text': ''}",{'type': 'link', 'href': 'https://www.ligafemenil.mx/cancha/playlist/119284/rayados-de-monterrey-vs-fc-juarez', 'text': ''}"

2020-2021,Clausura,{'type': 'text', 'value': 'Domingo 14 de Febrero de 2021\nTemporada 2020-2021\nTorneo Clausura\nJornada 7\n14 Febrero 2021 - 17:00 hrs.'}",{'type': 'link', 'href': 'https://www.ligafemenil.mx/cancha/informeArbitral/119285/eyJpZERpdmlzaW9uIjoiMTQiLCJpZFRlbXBvcmFkYSI6IjcxIiwiaWRUb3JuZW8iOiIyIiwiaWRDbHVibG9jYWwiOjExNzc4LCJpZENsdWJ2aXNpdGEiOjEyMDUxfQ==/informe-arbitral-club-atletico-de-san-luis-vs-mazatlan-fc-jornada-7-estadio-alfonso-lastras-ramirez', 'text': '3 - 0'}",{'type': 'link', 'href': 'https://www.ligafemenil.mx/cancha/estadio/14/estadio-alfonso-lastras-ramirez', 'text': 'Alfonso Lastras Ramírez'}",{'type': 'link', 'href': 'https://www.ligafemenil.mx/cancha/galeria/MTE5Mjg1LzcvNzEvMi8xNA==/club-atletico-de-san-luis-vs-mazatlan-fc', 'text': ''}",{'type': 'link', 'href': 'https://www.ligafemenil.mx/cancha/playlist/119285/club-atletico-de-san-luis-vs-mazatlan-fc', 'text': ''}"

2020-2021,Clausura,{'type': 'text', 'value': 'Lunes 15 de Febrero de 2021\nTemporada 2020-2021\nTorneo Clausura\nJornada 7\n15 Febrero 2021 - 15:45 hrs.'}",{'type': 'link', 'href': 'https://www.ligafemenil.mx/cancha/informeArbitral/119286/eyJpZERpdmlzaW9uIjoiMTQiLCJpZFRlbXBvcmFkYSI6IjcxIiwiaWRUb3JuZW8iOiIyIiwiaWRDbHVibG9jYWwiOjExMTg3LCJpZENsdWJ2aXNpdGEiOjExMTgxfQ==/informe-arbitral-toluca-vs-cruz-azul-jornada-7-estadio-instalaciones-metepec-cancha-2-tudn', 'text': '1 - 1'}",{'type': 'link', 'href': 'https://www.ligafemenil.mx/cancha/estadio/1547/estadio-instalaciones-metepec-cancha-2', 'text': 'Instalaciones Metepec Cancha 2'}",{'type': 'link', 'href': 'https://www.ligafemenil.mx/cancha/galeria/MTE5Mjg2LzcvNzEvMi8xNA==/toluca-vs-cruz-azul', 'text': ''}",{'type': 'link', 'href': 'https://www.ligafemenil.mx/cancha/playlist/119286/toluca-vs-cruz-azul', 'text': ''}"

2020-2021,Clausura,{'type': 'text', 'value': 'Lunes 15 de Febrero de 2021\nTemporada 2020-2021\nTorneo Clausura\nJornada 7\n15 Febrero 2021 - 17:00 hrs.'}",{'type': 'link', 'href': 'https://www.ligafemenil.mx/cancha/informeArbitral/119287/eyJpZERpdmlzaW9uIjoiMTQiLCJpZFRlbXBvcmFkYSI6IjcxIiwiaWRUb3JuZW8iOiIyIiwiaWRDbHVibG9jYWwiOjExMjQzLCJpZENsdWJ2aXNpdGEiOjExMTg2fQ==/informe-arbitral-leon-vs-tigres-de-la-uanl-jornada-7-estadio-nou-camp-fox-sports', 'text': '0 - 4'}",{'type': 'link', 'href': 'https://www.ligafemenil.mx/cancha/estadio/23/estadio-nou-camp', 'text': 'Nou Camp'}",{'type': 'link', 'href': 'https://www.ligafemenil.mx/cancha/galeria/MTE5Mjg3LzcvNzEvMi8xNA==/leon-vs-tigres-de-la-uanl', 'text': ''}",{'type': 'link', 'href': 'https://www.ligafemenil.mx/cancha/playlist/119287/leon-vs-tigres-de-la-uanl', 'text': ''}"

2020-2021,Clausura,{'type': 'text', 'value': 'Lunes 15 de Febrero de 2021\nTemporada 2020-2021\nTorneo Clausura\nJornada 7\n15 Febrero 2021 - 17:00 hrs.'}",{'type': 'link', 'href': 'https://www.ligafemenil.mx/cancha/informeArbitral/119288/eyJpZERpdmlzaW9uIjoiMTQiLCJpZFRlbXBvcmFkYSI6IjcxIiwiaWRUb3JuZW8iOiIyIiwiaWRDbHVibG9jYWwiOjExMTgwLCJpZENsdWJ2aXNpdGEiOjExNTQzfQ==/informe-arbitral-tijuana-vs-puebla-fc-jornada-7-estadio-caliente-fox-sports', 'text': '0 - 0'}",{'type': 'link', 'href': 'https://www.ligafemenil.mx/cancha/estadio/48/estadio-caliente', 'text': 'Caliente'}",{'type': 'link', 'href': 'https://www.ligafemenil.mx/cancha/galeria/MTE5Mjg4LzcvNzEvMi8xNA==/tijuana-vs-puebla-fc', 'text': ''}",{'type': 'link', 'href': 'https://www.ligafemenil.mx/cancha/playlist/119288/tijuana-vs-puebla-fc', 'text': ''}"

2020-2021,Clausura,{'type': 'text', 'value': 'Lunes 22 de Febrero de 2021\nTemporada 2020-2021\nTorneo Clausura\nJornada 1\n22 Febrero 2021 - 16:00 hrs.'}",{'type': 'link', 'href': 'https://www.ligafemenil.mx/cancha/informeArbitral/119234/eyJpZERpdmlzaW9uIjoiMTQiLCJpZFRlbXBvcmFkYSI6IjcxIiwiaWRUb3JuZW8iOiIyIiwiaWRDbHVibG9jYWwiOjExMTkyLCJpZENsdWJ2aXNpdGEiOjExNTQzfQ==/informe-arbitral-santos-laguna-vs-puebla-fc-jornada-1-estadio-cancha-alterna-tsm-cancha-5-cesped-natural', 'text': '0 - 0'}",{'type': 'link', 'href': 'https://www.ligafemenil.mx/cancha/estadio/71/estadio-cancha-alterna-tsm-cancha-5-cesped-natural', 'text': 'Cancha Alterna TSM Cancha 5 Césped Natural'}",{'type': 'link', 'href': 'https://www.ligafemenil.mx/cancha/galeria/MTE5MjM0LzEvNzEvMi8xNA==/santos-laguna-vs-puebla-fc', 'text': ''}",{'type': 'link', 'href': 'https://www.ligafemenil.mx/cancha/playlist/119234/santos-laguna-vs-puebla-fc', 'text': ''}"

2020-2021,Clausura,{'type': 'text', 'value': 'Jueves 25 de Febrero de 2021\nTemporada 2020-2021\nTorneo Clausura\nJornada 8\n25 Febrero 2021 - 15:45 hrs.'}",{'type': 'link', 'href': 'https://www.ligafemenil.mx/cancha/informeArbitral/119289/eyJpZERpdmlzaW9uIjoiMTQiLCJpZFRlbXBvcmFkYSI6IjcxIiwiaWRUb3JuZW8iOiIyIiwiaWRDbHVibG9jYWwiOjExMTkxLCJpZENsdWJ2aXNpdGEiOjExMTg4fQ==/informe-arbitral-america-vs-pumas-jornada-8-estadio-cancha-centenario-no-5-natural-instalaciones-club-america-tudn', 'text': '3 - 1'}",{'type': 'link', 'href': 'https://www.ligafemenil.mx/cancha/estadio/1421/estadio-cancha-centenario-no-5-natural-instalaciones-club-america', 'text': 'Cancha Centenario No. 5 (Natural) Instalaciones Club América'}",{'type': 'link', 'href': 'https://www.ligafemenil.mx/cancha/galeria/MTE5Mjg5LzgvNzEvMi8xNA==/america-vs-pumas', 'text': ''}",{'type': 'link', 'href': 'https://www.ligafemenil.mx/cancha/playlist/119289/america-vs-pumas', 'text': ''}"

2020-2021,Clausura,{'type': 'text', 'value': 'Viernes 26 de Febrero de 2021\nTemporada 2020-2021\nTorneo Clausura\nJornada 8\n26 Febrero 2021 - 15:45 hrs.'}",{'type': 'link', 'href': 'https://www.ligafemenil.mx/cancha/informeArbitral/119290/eyJpZERpdmlzaW9uIjoiMTQiLCJpZFRlbXBvcmFkYSI6IjcxIiwiaWRUb3JuZW8iOiIyIiwiaWRDbHVibG9jYWwiOjExMTgxLCJpZENsdWJ2aXNpdGEiOjExMTgwfQ==/informe-arbitral-cruz-azul-vs-tijuana-jornada-8-estadio-instalaciones-la-noria-cancha-1-tudn', 'text': '0 - 0'}",{'type': 'link', 'href': 'https://www.ligafemenil.mx/cancha/estadio/1549/estadio-instalaciones-la-noria-cancha-1', 'text': 'Instalaciones la Noria Cancha 1'}",{'type': 'link', 'href': 'https://www.ligafemenil.mx/cancha/galeria/MTE5MjkwLzgvNzEvMi8xNA==/cruz-azul-vs-tijuana', 'text': ''}",{'type': 'link', 'href': 'https://www.ligafemenil.mx/cancha/playlist/119290/cruz-azul-vs-tijuana', 'text': ''}"

2020-2021,Clausura,{'type': 'text', 'value': 'Sábado 27 de Febrero de 2021\nTemporada 2020-2021\nTorneo Clausura\nJornada 8\n27 Febrero 2021 - 09:00 hrs.'}",{'type': 'link', 'href': 'https://www.ligafemenil.mx/cancha/informeArbitral/119291/eyJpZERpdmlzaW9uIjoiMTQiLCJpZFRlbXBvcmFkYSI6IjcxIiwiaWRUb3JuZW8iOiIyIiwiaWRDbHVibG9jYWwiOjEyMDUxLCJpZENsdWJ2aXNpdGEiOjExMjQ1fQ==/informe-arbitral-mazatlan-fc-vs-atlas-jornada-8-estadio-mazatlan-tvp', 'text': '2 - 2'}",{'type': 'link', 'href': 'https://www.ligafemenil.mx/cancha/estadio/1697/estadio-mazatlan', 'text': 'Estadio Mazatlán'}",{'type': 'link', 'href': 'https://www.ligafemenil.mx/cancha/galeria/MTE5MjkxLzgvNzEvMi8xNA==/mazatlan-fc-vs-atlas', 'text': ''}",{'type': 'link', 'href': 'https://www.ligafemenil.mx/cancha/playlist/119291/mazatlan-fc-vs-atlas', 'text': ''}"

2020-2021,Clausura,{'type': 'text', 'value': 'Sábado 27 de Febrero de 2021\nTemporada 2020-2021\nTorneo Clausura\nJornada 8\n27 Febrero 2021 - 11:00 hrs.'}",{'type': 'link', 'href': 'https://www.ligafemenil.mx/cancha/informeArbitral/119292/eyJpZERpdmlzaW9uIjoiMTQiLCJpZFRlbXBvcmFkYSI6IjcxIiwiaWRUb3JuZW8iOiIyIiwiaWRDbHVibG9jYWwiOjExNzk1LCJpZENsdWJ2aXNpdGEiOjExNzc4fQ==/informe-arbitral-fc-juarez-vs-club-atletico-de-san-luis-jornada-8-estadio-olimpico-benito-juarez-tudn', 'text': '1 - 1'}",{'type': 'link', 'href': 'https://www.ligafemenil.mx/cancha/estadio/17/estadio-olimpico-benito-juarez', 'text': 'Olímpico Benito Juárez'}",{'type': 'link', 'href': 'https://www.ligafemenil.mx/cancha/galeria/MTE5MjkyLzgvNzEvMi8xNA==/fc-juarez-vs-club-atletico-de-san-luis', 'text': ''}",{'type': 'link', 'href': 'https://www.ligafemenil.mx/cancha/playlist/119292/fc-juarez-vs-club-atletico-de-san-luis', 'text': ''}"

2020-2021,Clausura,{'type': 'text', 'value': 'Domingo 28 de Febrero de 2021\nTemporada 2020-2021\nTorneo Clausura\nJornada 8\n28 Febrero 2021 - 11:15 hrs.'}",{'type': 'link', 'href': 'https://www.ligafemenil.mx/cancha/informeArbitral/119293/eyJpZERpdmlzaW9uIjoiMTQiLCJpZFRlbXBvcmFkYSI6IjcxIiwiaWRUb3JuZW8iOiIyIiwiaWRDbHVibG9jYWwiOjExMTgyLCJpZENsdWJ2aXNpdGEiOjExMjQzfQ==/informe-arbitral-guadalajara-vs-leon-jornada-8-estadio-verde-valle-chivas-tv', 'text': '5 - 1'}",{'type': 'link', 'href': 'https://www.ligafemenil.mx/cancha/estadio/36/estadio-verde-valle', 'text': 'Verde Valle'}",{'type': 'link', 'href': 'https://www.ligafemenil.mx/cancha/galeria/MTE5MjkzLzgvNzEvMi8xNA==/guadalajara-vs-leon', 'text': ''}",{'type': 'link', 'href': 'https://www.ligafemenil.mx/cancha/playlist/119293/guadalajara-vs-leon', 'text': ''}"

2020-2021,Clausura,{'type': 'text', 'value': 'Domingo 28 de Febrero de 2021\nTemporada 2020-2021\nTorneo Clausura\nJornada 8\n28 Febrero 2021 - 12:00 hrs.'}",{'type': 'link', 'href': 'https://www.ligafemenil.mx/cancha/informeArbitral/119294/eyJpZERpdmlzaW9uIjoiMTQiLCJpZFRlbXBvcmFkYSI6IjcxIiwiaWRUb3JuZW8iOiIyIiwiaWRDbHVibG9jYWwiOjExNTQzLCJpZENsdWJ2aXNpdGEiOjEyMDQyfQ==/informe-arbitral-puebla-fc-vs-gallos-blancos-de-queretaro-jornada-8-estadio-cuauhtemoc-tvc-deportes', 'text': '0 - 1'}",{'type': 'link', 'href': 'https://www.ligafemenil.mx/cancha/estadio/9/estadio-cuauhtemoc', 'text': 'Cuauhtémoc'}",{'type': 'link', 'href': 'https://www.ligafemenil.mx/cancha/galeria/MTE5Mjk0LzgvNzEvMi8xNA==/puebla-fc-vs-gallos-blancos-de-queretaro', 'text': ''}",{'type': 'link', 'href': 'https://www.ligafemenil.mx/cancha/playlist/119294/puebla-fc-vs-gallos-blancos-de-queretaro', 'text': ''}"

2020-2021,Clausura,{'type': 'text', 'value': 'Lunes 1 de Marzo de 2021\nTemporada 2020-2021\nTorneo Clausura\nJornada 8\n1 Marzo 2021 - 19:00 hrs.'}",{'type': 'link', 'href': 'https://www.ligafemenil.mx/cancha/informeArbitral/119295/eyJpZERpdmlzaW9uIjoiMTQiLCJpZFRlbXBvcmFkYSI6IjcxIiwiaWRUb3JuZW8iOiIyIiwiaWRDbHVibG9jYWwiOjExMTg2LCJpZENsdWJ2aXNpdGEiOjExMTg3fQ==/informe-arbitral-tigres-de-la-uanl-vs-toluca-jornada-8-estadio-universitario-tudn', 'text': '2 - 0'}",{'type': 'link', 'href': 'https://www.ligafemenil.mx/cancha/estadio/12/estadio-universitario', 'text': 'Universitario'}",{'type': 'link', 'href': 'https://www.ligafemenil.mx/cancha/galeria/MTE5Mjk1LzgvNzEvMi8xNA==/tigres-de-la-uanl-vs-toluca', 'text': ''}",{'type': 'link', 'href': 'https://www.ligafemenil.mx/cancha/playlist/119295/tigres-de-la-uanl-vs-toluca', 'text': ''}"

2020-2021,Clausura,{'type': 'text', 'value': 'Lunes 1 de Marzo de 2021\nTemporada 2020-2021\nTorneo Clausura\nJornada 8\n1 Marzo 2021 - 19:00 hrs.'}",{'type': 'link', 'href': 'https://www.ligafemenil.mx/cancha/informeArbitral/119296/eyJpZERpdmlzaW9uIjoiMTQiLCJpZFRlbXBvcmFkYSI6IjcxIiwiaWRUb3JuZW8iOiIyIiwiaWRDbHVibG9jYWwiOjExMTg0LCJpZENsdWJ2aXNpdGEiOjExMTg1fQ==/informe-arbitral-pachuca-vs-rayados-de-monterrey-jornada-8-estadio-hidalgo-fox-sports', 'text': '1 - 0'}",{'type': 'link', 'href': 'https://www.ligafemenil.mx/cancha/estadio/11/estadio-hidalgo', 'text': 'Hidalgo'}",{'type': 'link', 'href': 'https://www.ligafemenil.mx/cancha/galeria/MTE5Mjk2LzgvNzEvMi8xNA==/pachuca-vs-rayados-de-monterrey', 'text': ''}",{'type': 'link', 'href': 'https://www.ligafemenil.mx/cancha/playlist/119296/pachuca-vs-rayados-de-monterrey', 'text': ''}"

2020-2021,Clausura,{'type': 'text', 'value': 'Lunes 1 de Marzo de 2021\nTemporada 2020-2021\nTorneo Clausura\nJornada 8\n1 Marzo 2021 - 21:00 hrs.'}",{'type': 'link', 'href': 'https://www.ligafemenil.mx/cancha/informeArbitral/119297/eyJpZERpdmlzaW9uIjoiMTQiLCJpZFRlbXBvcmFkYSI6IjcxIiwiaWRUb3JuZW8iOiIyIiwiaWRDbHVibG9jYWwiOjExMTkyLCJpZENsdWJ2aXNpdGEiOjExMTg5fQ==/informe-arbitral-santos-laguna-vs-necaxa-jornada-8-estadio-tsm-corona-fox-sports', 'text': '2 - 2'}",{'type': 'link', 'href': 'https://www.ligafemenil.mx/cancha/estadio/63/estadio-tsm-corona', 'text': 'TSM Corona'}",{'type': 'link', 'href': 'https://www.ligafemenil.mx/cancha/galeria/MTE5Mjk3LzgvNzEvMi8xNA==/santos-laguna-vs-necaxa', 'text': ''}",{'type': 'link', 'href': 'https://www.ligafemenil.mx/cancha/playlist/119297/santos-laguna-vs-necaxa', 'text': ''}"

2020-2021,Clausura,{'type': 'text', 'value': 'Jueves 4 de Marzo de 2021\nTemporada 2020-2021\nTorneo Clausura\nJornada 9\n4 Marzo 2021 - 17:00 hrs.'}",{'type': 'link', 'href': 'https://www.ligafemenil.mx/cancha/informeArbitral/119298/eyJpZERpdmlzaW9uIjoiMTQiLCJpZFRlbXBvcmFkYSI6IjcxIiwiaWRUb3JuZW8iOiIyIiwiaWRDbHVibG9jYWwiOjEyMDQyLCJpZENsdWJ2aXNpdGEiOjExMTg0fQ==/informe-arbitral-gallos-blancos-de-queretaro-vs-pachuca-jornada-9-estadio-la-corregidora-tvc-deportes', 'text': '0 - 3'}",{'type': 'link', 'href': 'https://www.ligafemenil.mx/cancha/estadio/25/estadio-la-corregidora', 'text': 'La Corregidora'}",{'type': 'link', 'href': 'https://www.ligafemenil.mx/cancha/galeria/MTE5Mjk4LzkvNzEvMi8xNA==/gallos-blancos-de-queretaro-vs-pachuca', 'text': ''}",{'type': 'link', 'href': 'https://www.ligafemenil.mx/cancha/playlist/119298/gallos-blancos-de-queretaro-vs-pachuca', 'text': ''}"

2020-2021,Clausura,{'type': 'text', 'value': 'Viernes 5 de Marzo de 2021\nTemporada 2020-2021\nTorneo Clausura\nJornada 9\n5 Marzo 2021 - 16:00 hrs.'}",{'type': 'link', 'href': 'https://www.ligafemenil.mx/cancha/informeArbitral/119299/eyJpZERpdmlzaW9uIjoiMTQiLCJpZFRlbXBvcmFkYSI6IjcxIiwiaWRUb3JuZW8iOiIyIiwiaWRDbHVibG9jYWwiOjExMTg5LCJpZENsdWJ2aXNpdGEiOjExNTQzfQ==/informe-arbitral-necaxa-vs-puebla-fc-jornada-9-estadio-victoria-claro-sports', 'text': '3 - 2'}",{'type': 'link', 'href': 'https://www.ligafemenil.mx/cancha/estadio/15/estadio-victoria', 'text': 'Victoria'}",{'type': 'link', 'href': 'https://www.ligafemenil.mx/cancha/galeria/MTE5Mjk5LzkvNzEvMi8xNA==/necaxa-vs-puebla-fc', 'text': ''}",{'type': 'link', 'href': 'https://www.ligafemenil.mx/cancha/playlist/119299/necaxa-vs-puebla-fc', 'text': ''}"

2020-2021,Clausura,{'type': 'text', 'value': 'Sábado 6 de Marzo de 2021\nTemporada 2020-2021\nTorneo Clausura\nJornada 9\n6 Marzo 2021 - 10:00 hrs.'}",{'type': 'link', 'href': 'https://www.ligafemenil.mx/cancha/informeArbitral/119300/eyJpZERpdmlzaW9uIjoiMTQiLCJpZFRlbXBvcmFkYSI6IjcxIiwiaWRUb3JuZW8iOiIyIiwiaWRDbHVibG9jYWwiOjExMjQ1LCJpZENsdWJ2aXNpdGEiOjExMTgxfQ==/informe-arbitral-atlas-vs-cruz-azul-jornada-9-estadio-colomos-tvc-deportes', 'text': '0 - 1'}",{'type': 'link', 'href': 'https://www.ligafemenil.mx/cancha/estadio/109/estadio-colomos', 'text': 'Colomos'}",{'type': 'link', 'href': 'https://www.ligafemenil.mx/cancha/galeria/MTE5MzAwLzkvNzEvMi8xNA==/atlas-vs-cruz-azul', 'text': ''}",{'type': 'link', 'href': 'https://www.ligafemenil.mx/cancha/playlist/119300/atlas-vs-cruz-azul', 'text': ''}"

2020-2021,Clausura,{'type': 'text', 'value': 'Sábado 6 de Marzo de 2021\nTemporada 2020-2021\nTorneo Clausura\nJornada 9\n6 Marzo 2021 - 12:00 hrs.'}",{'type': 'link', 'href': 'https://www.ligafemenil.mx/cancha/informeArbitral/119301/eyJpZERpdmlzaW9uIjoiMTQiLCJpZFRlbXBvcmFkYSI6IjcxIiwiaWRUb3JuZW8iOiIyIiwiaWRDbHVibG9jYWwiOjExMTg4LCJpZENsdWJ2aXNpdGEiOjExMTg2fQ==/informe-arbitral-pumas-vs-tigres-de-la-uanl-jornada-9-estadio-la-cantera-cancha-1-tudn', 'text': '0 - 4'}",{'type': 'link', 'href': 'https://www.ligafemenil.mx/cancha/estadio/1146/estadio-la-cantera-cancha-1', 'text': 'La Cantera Cancha 1'}",{'type': 'link', 'href': 'https://www.ligafemenil.mx/cancha/galeria/MTE5MzAxLzkvNzEvMi8xNA==/pumas-vs-tigres-de-la-uanl', 'text': ''}",{'type': 'link', 'href': 'https://www.ligafemenil.mx/cancha/playlist/119301/pumas-vs-tigres-de-la-uanl', 'text': ''}"

2020-2021,Clausura,{'type': 'text', 'value': 'Domingo 7 de Marzo de 2021\nTemporada 2020-2021\nTorneo Clausura\nJornada 9\n7 Marzo 2021 - 17:00 hrs.'}",{'type': 'link', 'href': 'https://www.ligafemenil.mx/cancha/informeArbitral/119302/eyJpZERpdmlzaW9uIjoiMTQiLCJpZFRlbXBvcmFkYSI6IjcxIiwiaWRUb3JuZW8iOiIyIiwiaWRDbHVibG9jYWwiOjExNzc4LCJpZENsdWJ2aXNpdGEiOjExMTkxfQ==/informe-arbitral-club-atletico-de-san-luis-vs-america-jornada-9-estadio-alfonso-lastras-ramirez', 'text': '1 - 0'}",{'type': 'link', 'href': 'https://www.ligafemenil.mx/cancha/estadio/14/estadio-alfonso-lastras-ramirez', 'text': 'Alfonso Lastras Ramírez'}",{'type': 'link', 'href': 'https://www.ligafemenil.mx/cancha/galeria/MTE5MzAyLzkvNzEvMi8xNA==/club-atletico-de-san-luis-vs-america', 'text': ''}",{'type': 'link', 'href': 'https://www.ligafemenil.mx/cancha/playlist/119302/club-atletico-de-san-luis-vs-america', 'text': ''}"

2020-2021,Clausura,{'type': 'text', 'value': 'Lunes 8 de Marzo de 2021\nTemporada 2020-2021\nTorneo Clausura\nJornada 9\n8 Marzo 2021 - 15:45 hrs.'}",{'type': 'link', 'href': 'https://www.ligafemenil.mx/cancha/informeArbitral/119303/eyJpZERpdmlzaW9uIjoiMTQiLCJpZFRlbXBvcmFkYSI6IjcxIiwiaWRUb3JuZW8iOiIyIiwiaWRDbHVibG9jYWwiOjExMTg3LCJpZENsdWJ2aXNpdGEiOjExNzk1fQ==/informe-arbitral-toluca-vs-fc-juarez-jornada-9-estadio-instalaciones-metepec-cancha-2-tudn', 'text': '0 - 0'}",{'type': 'link', 'href': 'https://www.ligafemenil.mx/cancha/estadio/1547/estadio-instalaciones-metepec-cancha-2', 'text': 'Instalaciones Metepec Cancha 2'}",{'type': 'link', 'href': 'https://www.ligafemenil.mx/cancha/galeria/MTE5MzAzLzkvNzEvMi8xNA==/toluca-vs-fc-juarez', 'text': ''}",{'type': 'link', 'href': 'https://www.ligafemenil.mx/cancha/playlist/119303/toluca-vs-fc-juarez', 'text': ''}"

2020-2021,Clausura,{'type': 'text', 'value': 'Lunes 8 de Marzo de 2021\nTemporada 2020-2021\nTorneo Clausura\nJornada 9\n8 Marzo 2021 - 17:00 hrs.'}",{'type': 'link', 'href': 'https://www.ligafemenil.mx/cancha/informeArbitral/119304/eyJpZERpdmlzaW9uIjoiMTQiLCJpZFRlbXBvcmFkYSI6IjcxIiwiaWRUb3JuZW8iOiIyIiwiaWRDbHVibG9jYWwiOjExMTg1LCJpZENsdWJ2aXNpdGEiOjExMTkyfQ==/informe-arbitral-rayados-de-monterrey-vs-santos-laguna-jornada-9-estadio-bbva-fox-sports', 'text': '2 - 2'}",{'type': 'link', 'href': 'https://www.ligafemenil.mx/cancha/estadio/1608/estadio-bbva', 'text': 'Estadio BBVA'}",{'type': 'link', 'href': 'https://www.ligafemenil.mx/cancha/galeria/MTE5MzA0LzkvNzEvMi8xNA==/rayados-de-monterrey-vs-santos-laguna', 'text': ''}",{'type': 'link', 'href': 'https://www.ligafemenil.mx/cancha/playlist/119304/rayados-de-monterrey-vs-santos-laguna', 'text': ''}"

2020-2021,Clausura,{'type': 'text', 'value': 'Lunes 8 de Marzo de 2021\nTemporada 2020-2021\nTorneo Clausura\nJornada 9\n8 Marzo 2021 - 17:00 hrs.'}",{'type': 'link', 'href': 'https://www.ligafemenil.mx/cancha/informeArbitral/119305/eyJpZERpdmlzaW9uIjoiMTQiLCJpZFRlbXBvcmFkYSI6IjcxIiwiaWRUb3JuZW8iOiIyIiwiaWRDbHVibG9jYWwiOjExMTgwLCJpZENsdWJ2aXNpdGEiOjExMTgyfQ==/informe-arbitral-tijuana-vs-guadalajara-jornada-9-estadio-caliente-fox-sports', 'text': '2 - 1'}",{'type': 'link', 'href': 'https://www.ligafemenil.mx/cancha/estadio/48/estadio-caliente', 'text': 'Caliente'}",{'type': 'link', 'href': 'https://www.ligafemenil.mx/cancha/galeria/MTE5MzA1LzkvNzEvMi8xNA==/tijuana-vs-guadalajara', 'text': ''}",{'type': 'link', 'href': 'https://www.ligafemenil.mx/cancha/playlist/119305/tijuana-vs-guadalajara', 'text': ''}"

2020-2021,Clausura,{'type': 'text', 'value': 'Lunes 8 de Marzo de 2021\nTemporada 2020-2021\nTorneo Clausura\nJornada 9\n8 Marzo 2021 - 19:00 hrs.'}",{'type': 'link', 'href': 'https://www.ligafemenil.mx/cancha/informeArbitral/119306/eyJpZERpdmlzaW9uIjoiMTQiLCJpZFRlbXBvcmFkYSI6IjcxIiwiaWRUb3JuZW8iOiIyIiwiaWRDbHVibG9jYWwiOjExMjQzLCJpZENsdWJ2aXNpdGEiOjEyMDUxfQ==/informe-arbitral-leon-vs-mazatlan-fc-jornada-9-estadio-nou-camp', 'text': '1 - 2'}",{'type': 'link', 'href': 'https://www.ligafemenil.mx/cancha/estadio/23/estadio-nou-camp', 'text': 'Nou Camp'}",{'type': 'link', 'href': 'https://www.ligafemenil.mx/cancha/galeria/MTE5MzA2LzkvNzEvMi8xNA==/leon-vs-mazatlan-fc', 'text': ''}",{'type': 'link', 'href': 'https://www.ligafemenil.mx/cancha/playlist/119306/leon-vs-mazatlan-fc', 'text': ''}"

2020-2021,Clausura,{'type': 'text', 'value': 'Miércoles 10 de Marzo de 2021\nTemporada 2020-2021\nTorneo Clausura\nJornada 10\n10 Marzo 2021 - 12:00 hrs.'}",{'type': 'link', 'href': 'https://www.ligafemenil.mx/cancha/informeArbitral/119307/eyJpZERpdmlzaW9uIjoiMTQiLCJpZFRlbXBvcmFkYSI6IjcxIiwiaWRUb3JuZW8iOiIyIiwiaWRDbHVibG9jYWwiOjExNTQzLCJpZENsdWJ2aXNpdGEiOjExNzc4fQ==/informe-arbitral-puebla-fc-vs-club-atletico-de-san-luis-jornada-10-estadio-cuauhtemoc-tvc-deportes', 'text': '2 - 0'}",{'type': 'link', 'href': 'https://www.ligafemenil.mx/cancha/estadio/9/estadio-cuauhtemoc', 'text': 'Cuauhtémoc'}",{'type': 'link', 'href': 'https://www.ligafemenil.mx/cancha/galeria/MTE5MzA3LzEwLzcxLzIvMTQ=/puebla-fc-vs-club-atletico-de-san-luis', 'text': ''}",{'type': 'link', 'href': 'https://www.ligafemenil.mx/cancha/playlist/119307/puebla-fc-vs-club-atletico-de-san-luis', 'text': ''}"

2020-2021,Clausura,{'type': 'text', 'value': 'Miércoles 10 de Marzo de 2021\nTemporada 2020-2021\nTorneo Clausura\nJornada 10\n10 Marzo 2021 - 15:45 hrs.'}",{'type': 'link', 'href': 'https://www.ligafemenil.mx/cancha/informeArbitral/119308/eyJpZERpdmlzaW9uIjoiMTQiLCJpZFRlbXBvcmFkYSI6IjcxIiwiaWRUb3JuZW8iOiIyIiwiaWRDbHVibG9jYWwiOjExMTgxLCJpZENsdWJ2aXNpdGEiOjExMTg0fQ==/informe-arbitral-cruz-azul-vs-pachuca-jornada-10-estadio-instalaciones-la-noria-cancha-1-tudn', 'text': '2 - 1'}",{'type': 'link', 'href': 'https://www.ligafemenil.mx/cancha/estadio/1549/estadio-instalaciones-la-noria-cancha-1', 'text': 'Instalaciones la Noria Cancha 1'}",{'type': 'link', 'href': 'https://www.ligafemenil.mx/cancha/galeria/MTE5MzA4LzEwLzcxLzIvMTQ=/cruz-azul-vs-pachuca', 'text': ''}",{'type': 'link', 'href': 'https://www.ligafemenil.mx/cancha/playlist/119308/cruz-azul-vs-pachuca', 'text': ''}"

2020-2021,Clausura,{'type': 'text', 'value': 'Miércoles 10 de Marzo de 2021\nTemporada 2020-2021\nTorneo Clausura\nJornada 10\n10 Marzo 2021 - 19:00 hrs.'}",{'type': 'link', 'href': 'https://www.ligafemenil.mx/cancha/informeArbitral/119309/eyJpZERpdmlzaW9uIjoiMTQiLCJpZFRlbXBvcmFkYSI6IjcxIiwiaWRUb3JuZW8iOiIyIiwiaWRDbHVibG9jYWwiOjExMTg2LCJpZENsdWJ2aXNpdGEiOjEyMDQyfQ==/informe-arbitral-tigres-de-la-uanl-vs-gallos-blancos-de-queretaro-jornada-10-estadio-universitario-tudn', 'text': '1 - 0'}",{'type': 'link', 'href': 'https://www.ligafemenil.mx/cancha/estadio/12/estadio-universitario', 'text': 'Universitario'}",{'type': 'link', 'href': 'https://www.ligafemenil.mx/cancha/galeria/MTE5MzA5LzEwLzcxLzIvMTQ=/tigres-de-la-uanl-vs-gallos-blancos-de-queretaro', 'text': ''}",{'type': 'link', 'href': 'https://www.ligafemenil.mx/cancha/playlist/119309/tigres-de-la-uanl-vs-gallos-blancos-de-queretaro', 'text': ''}"

2020-2021,Clausura,{'type': 'text', 'value': 'Jueves 11 de Marzo de 2021\nTemporada 2020-2021\nTorneo Clausura\nJornada 10\n11 Marzo 2021 - 16:00 hrs.'}",{'type': 'link', 'href': 'https://www.ligafemenil.mx/cancha/informeArbitral/119311/eyJpZERpdmlzaW9uIjoiMTQiLCJpZFRlbXBvcmFkYSI6IjcxIiwiaWRUb3JuZW8iOiIyIiwiaWRDbHVibG9jYWwiOjExMTkyLCJpZENsdWJ2aXNpdGEiOjExMTg4fQ==/informe-arbitral-santos-laguna-vs-pumas-jornada-10-estadio-cancha-alterna-tsm-cancha-5-cesped-natural', 'text': '2 - 2'}",{'type': 'link', 'href': 'https://www.ligafemenil.mx/cancha/estadio/71/estadio-cancha-alterna-tsm-cancha-5-cesped-natural', 'text': 'Cancha Alterna TSM Cancha 5 Césped Natural'}",{'type': 'link', 'href': 'https://www.ligafemenil.mx/cancha/galeria/MTE5MzExLzEwLzcxLzIvMTQ=/santos-laguna-vs-pumas', 'text': ''}",{'type': 'link', 'href': 'https://www.ligafemenil.mx/cancha/playlist/119311/santos-laguna-vs-pumas', 'text': ''}"

2020-2021,Clausura,{'type': 'text', 'value': 'Jueves 11 de Marzo de 2021\nTemporada 2020-2021\nTorneo Clausura\nJornada 10\n11 Marzo 2021 - 19:00 hrs.'}",{'type': 'link', 'href': 'https://www.ligafemenil.mx/cancha/informeArbitral/119312/eyJpZERpdmlzaW9uIjoiMTQiLCJpZFRlbXBvcmFkYSI6IjcxIiwiaWRUb3JuZW8iOiIyIiwiaWRDbHVibG9jYWwiOjExMjQzLCJpZENsdWJ2aXNpdGEiOjExMTg1fQ==/informe-arbitral-leon-vs-rayados-de-monterrey-jornada-10-estadio-nou-camp-fox-sports', 'text': '0 - 3'}",{'type': 'link', 'href': 'https://www.ligafemenil.mx/cancha/estadio/23/estadio-nou-camp', 'text': 'Nou Camp'}",{'type': 'link', 'href': 'https://www.ligafemenil.mx/cancha/galeria/MTE5MzEyLzEwLzcxLzIvMTQ=/leon-vs-rayados-de-monterrey', 'text': ''}",{'type': 'link', 'href': 'https://www.ligafemenil.mx/cancha/playlist/119312/leon-vs-rayados-de-monterrey', 'text': ''}"

2020-2021,Clausura,{'type': 'text', 'value': 'Jueves 11 de Marzo de 2021\nTemporada 2020-2021\nTorneo Clausura\nJornada 10\n11 Marzo 2021 - 18:00 hrs.'}",{'type': 'link', 'href': 'https://www.ligafemenil.mx/cancha/informeArbitral/119310/eyJpZERpdmlzaW9uIjoiMTQiLCJpZFRlbXBvcmFkYSI6IjcxIiwiaWRUb3JuZW8iOiIyIiwiaWRDbHVibG9jYWwiOjExNzk1LCJpZENsdWJ2aXNpdGEiOjExMjQ1fQ==/informe-arbitral-fc-juarez-vs-atlas-jornada-10-estadio-olimpico-benito-juarez-tudn', 'text': '1 - 2'}",{'type': 'link', 'href': 'https://www.ligafemenil.mx/cancha/estadio/17/estadio-olimpico-benito-juarez', 'text': 'Olímpico Benito Juárez'}",{'type': 'link', 'href': 'https://www.ligafemenil.mx/cancha/galeria/MTE5MzEwLzEwLzcxLzIvMTQ=/fc-juarez-vs-atlas', 'text': ''}",{'type': 'link', 'href': 'https://www.ligafemenil.mx/cancha/playlist/119310/fc-juarez-vs-atlas', 'text': ''}"

2020-2021,Clausura,{'type': 'text', 'value': 'Jueves 11 de Marzo de 2021\nTemporada 2020-2021\nTorneo Clausura\nJornada 10\n11 Marzo 2021 - 19:00 hrs.'}",{'type': 'link', 'href': 'https://www.ligafemenil.mx/cancha/informeArbitral/119313/eyJpZERpdmlzaW9uIjoiMTQiLCJpZFRlbXBvcmFkYSI6IjcxIiwiaWRUb3JuZW8iOiIyIiwiaWRDbHVibG9jYWwiOjEyMDUxLCJpZENsdWJ2aXNpdGEiOjExMTg5fQ==/informe-arbitral-mazatlan-fc-vs-necaxa-jornada-10-estadio-mazatlan-tvp', 'text': '2 - 0'}",{'type': 'link', 'href': 'https://www.ligafemenil.mx/cancha/estadio/1697/estadio-mazatlan', 'text': 'Estadio Mazatlán'}",{'type': 'link', 'href': 'https://www.ligafemenil.mx/cancha/galeria/MTE5MzEzLzEwLzcxLzIvMTQ=/mazatlan-fc-vs-necaxa', 'text': ''}",{'type': 'link', 'href': 'https://www.ligafemenil.mx/cancha/playlist/119313/mazatlan-fc-vs-necaxa', 'text': ''}"

2020-2021,Clausura,{'type': 'text', 'value': 'Jueves 11 de Marzo de 2021\nTemporada 2020-2021\nTorneo Clausura\nJornada 10\n11 Marzo 2021 - 21:00 hrs.'}",{'type': 'link', 'href': 'https://www.ligafemenil.mx/cancha/informeArbitral/119314/eyJpZERpdmlzaW9uIjoiMTQiLCJpZFRlbXBvcmFkYSI6IjcxIiwiaWRUb3JuZW8iOiIyIiwiaWRDbHVibG9jYWwiOjExMTgyLCJpZENsdWJ2aXNpdGEiOjExMTg3fQ==/informe-arbitral-guadalajara-vs-toluca-jornada-10-estadio-akron-fox-sports', 'text': '1 - 1'}",{'type': 'link', 'href': 'https://www.ligafemenil.mx/cancha/estadio/1538/estadio-akron', 'text': 'Estadio AKRON'}",{'type': 'link', 'href': 'https://www.ligafemenil.mx/cancha/galeria/MTE5MzE0LzEwLzcxLzIvMTQ=/guadalajara-vs-toluca', 'text': ''}",{'type': 'link', 'href': 'https://www.ligafemenil.mx/cancha/playlist/119314/guadalajara-vs-toluca', 'text': ''}"

2020-2021,Clausura,{'type': 'text', 'value': 'Viernes 12 de Marzo de 2021\nTemporada 2020-2021\nTorneo Clausura\nJornada 10\n12 Marzo 2021 - 12:00 hrs.'}",{'type': 'link', 'href': 'https://www.ligafemenil.mx/cancha/informeArbitral/119315/eyJpZERpdmlzaW9uIjoiMTQiLCJpZFRlbXBvcmFkYSI6IjcxIiwiaWRUb3JuZW8iOiIyIiwiaWRDbHVibG9jYWwiOjExMTkxLCJpZENsdWJ2aXNpdGEiOjExMTgwfQ==/informe-arbitral-america-vs-tijuana-jornada-10-estadio-cancha-centenario-no-5-natural-instalaciones-club-america-tudn', 'text': '1 - 2'}",{'type': 'link', 'href': 'https://www.ligafemenil.mx/cancha/estadio/1421/estadio-cancha-centenario-no-5-natural-instalaciones-club-america', 'text': 'Cancha Centenario No. 5 (Natural) Instalaciones Club América'}",{'type': 'link', 'href': 'https://www.ligafemenil.mx/cancha/galeria/MTE5MzE1LzEwLzcxLzIvMTQ=/america-vs-tijuana', 'text': ''}",{'type': 'link', 'href': 'https://www.ligafemenil.mx/cancha/playlist/119315/america-vs-tijuana', 'text': ''}"

2020-2021,Clausura,{'type': 'text', 'value': 'Domingo 14 de Marzo de 2021\nTemporada 2020-2021\nTorneo Clausura\nJornada 11\n14 Marzo 2021 - 09:00 hrs.'}",{'type': 'link', 'href': 'https://www.ligafemenil.mx/cancha/informeArbitral/119316/eyJpZERpdmlzaW9uIjoiMTQiLCJpZFRlbXBvcmFkYSI6IjcxIiwiaWRUb3JuZW8iOiIyIiwiaWRDbHVibG9jYWwiOjExNzk1LCJpZENsdWJ2aXNpdGEiOjExMTgxfQ==/informe-arbitral-fc-juarez-vs-cruz-azul-jornada-11-estadio-olimpico-benito-juarez-tudn', 'text': '1 - 2'}",{'type': 'link', 'href': 'https://www.ligafemenil.mx/cancha/estadio/17/estadio-olimpico-benito-juarez', 'text': 'Olímpico Benito Juárez'}",{'type': 'link', 'href': 'https://www.ligafemenil.mx/cancha/galeria/MTE5MzE2LzExLzcxLzIvMTQ=/fc-juarez-vs-cruz-azul', 'text': ''}",{'type': 'link', 'href': 'https://www.ligafemenil.mx/cancha/playlist/119316/fc-juarez-vs-cruz-azul', 'text': ''}"

2020-2021,Clausura,{'type': 'text', 'value': 'Domingo 14 de Marzo de 2021\nTemporada 2020-2021\nTorneo Clausura\nJornada 11\n14 Marzo 2021 - 09:00 hrs.'}",{'type': 'link', 'href': 'https://www.ligafemenil.mx/cancha/informeArbitral/119317/eyJpZERpdmlzaW9uIjoiMTQiLCJpZFRlbXBvcmFkYSI6IjcxIiwiaWRUb3JuZW8iOiIyIiwiaWRDbHVibG9jYWwiOjEyMDUxLCJpZENsdWJ2aXNpdGEiOjExNTQzfQ==/informe-arbitral-mazatlan-fc-vs-puebla-fc-jornada-11-estadio-mazatlan-tvp', 'text': '1 - 1'}",{'type': 'link', 'href': 'https://www.ligafemenil.mx/cancha/estadio/1697/estadio-mazatlan', 'text': 'Estadio Mazatlán'}",{'type': 'link', 'href': 'https://www.ligafemenil.mx/cancha/galeria/MTE5MzE3LzExLzcxLzIvMTQ=/mazatlan-fc-vs-puebla-fc', 'text': ''}",{'type': 'link', 'href': 'https://www.ligafemenil.mx/cancha/playlist/119317/mazatlan-fc-vs-puebla-fc', 'text': ''}"

2020-2021,Clausura,{'type': 'text', 'value': 'Domingo 14 de Marzo de 2021\nTemporada 2020-2021\nTorneo Clausura\nJornada 11\n14 Marzo 2021 - 10:00 hrs.'}",{'type': 'link', 'href': 'https://www.ligafemenil.mx/cancha/informeArbitral/119319/eyJpZERpdmlzaW9uIjoiMTQiLCJpZFRlbXBvcmFkYSI6IjcxIiwiaWRUb3JuZW8iOiIyIiwiaWRDbHVibG9jYWwiOjExMjQ1LCJpZENsdWJ2aXNpdGEiOjExMTgyfQ==/informe-arbitral-atlas-vs-guadalajara-jornada-11-estadio-cecaf-tvc-deportes', 'text': '3 - 3'}",{'type': 'link', 'href': 'https://www.ligafemenil.mx/cancha/estadio/728/estadio-cecaf', 'text': 'CECAF'}",{'type': 'link', 'href': 'https://www.ligafemenil.mx/cancha/galeria/MTE5MzE5LzExLzcxLzIvMTQ=/atlas-vs-guadalajara', 'text': ''}",{'type': 'link', 'href': 'https://www.ligafemenil.mx/cancha/playlist/119319/atlas-vs-guadalajara', 'text': ''}"

2020-2021,Clausura,{'type': 'text', 'value': 'Domingo 14 de Marzo de 2021\nTemporada 2020-2021\nTorneo Clausura\nJornada 11\n14 Marzo 2021 - 10:30 hrs.'}",{'type': 'link', 'href': 'https://www.ligafemenil.mx/cancha/informeArbitral/119318/eyJpZERpdmlzaW9uIjoiMTQiLCJpZFRlbXBvcmFkYSI6IjcxIiwiaWRUb3JuZW8iOiIyIiwiaWRDbHVibG9jYWwiOjExMTg1LCJpZENsdWJ2aXNpdGEiOjExMTg3fQ==/informe-arbitral-rayados-de-monterrey-vs-toluca-jornada-11-estadio-el-barrial', 'text': '1 - 0'}",{'type': 'link', 'href': 'https://www.ligafemenil.mx/cancha/estadio/675/estadio-el-barrial', 'text': 'El Barrial'}",{'type': 'link', 'href': 'https://www.ligafemenil.mx/cancha/galeria/MTE5MzE4LzExLzcxLzIvMTQ=/rayados-de-monterrey-vs-toluca', 'text': ''}",{'type': 'link', 'href': 'https://www.ligafemenil.mx/cancha/playlist/119318/rayados-de-monterrey-vs-toluca', 'text': ''}"

2020-2021,Clausura,{'type': 'text', 'value': 'Lunes 15 de Marzo de 2021\nTemporada 2020-2021\nTorneo Clausura\nJornada 11\n15 Marzo 2021 - 12:00 hrs.'}",{'type': 'link', 'href': 'https://www.ligafemenil.mx/cancha/informeArbitral/119321/eyJpZERpdmlzaW9uIjoiMTQiLCJpZFRlbXBvcmFkYSI6IjcxIiwiaWRUb3JuZW8iOiIyIiwiaWRDbHVibG9jYWwiOjExMTg4LCJpZENsdWJ2aXNpdGEiOjExNzc4fQ==/informe-arbitral-pumas-vs-club-atletico-de-san-luis-jornada-11-estadio-la-cantera-cancha-1-tudn', 'text': '0 - 0'}",{'type': 'link', 'href': 'https://www.ligafemenil.mx/cancha/estadio/1146/estadio-la-cantera-cancha-1', 'text': 'La Cantera Cancha 1'}",{'type': 'link', 'href': 'https://www.ligafemenil.mx/cancha/galeria/MTE5MzIxLzExLzcxLzIvMTQ=/pumas-vs-club-atletico-de-san-luis', 'text': ''}",{'type': 'link', 'href': 'https://www.ligafemenil.mx/cancha/playlist/119321/pumas-vs-club-atletico-de-san-luis', 'text': ''}"

2020-2021,Clausura,{'type': 'text', 'value': 'Lunes 15 de Marzo de 2021\nTemporada 2020-2021\nTorneo Clausura\nJornada 11\n15 Marzo 2021 - 16:00 hrs.'}",{'type': 'link', 'href': 'https://www.ligafemenil.mx/cancha/informeArbitral/119320/eyJpZERpdmlzaW9uIjoiMTQiLCJpZFRlbXBvcmFkYSI6IjcxIiwiaWRUb3JuZW8iOiIyIiwiaWRDbHVibG9jYWwiOjExMTg5LCJpZENsdWJ2aXNpdGEiOjEyMDQyfQ==/informe-arbitral-necaxa-vs-gallos-blancos-de-queretaro-jornada-11-estadio-victoria-claro-sports', 'text': '1 - 0'}",{'type': 'link', 'href': 'https://www.ligafemenil.mx/cancha/estadio/708/estadio-victoria', 'text': 'Victoria'}",{'type': 'link', 'href': 'https://www.ligafemenil.mx/cancha/galeria/MTE5MzIwLzExLzcxLzIvMTQ=/necaxa-vs-gallos-blancos-de-queretaro', 'text': ''}",{'type': 'link', 'href': 'https://www.ligafemenil.mx/cancha/playlist/119320/necaxa-vs-gallos-blancos-de-queretaro', 'text': ''}"

2020-2021,Clausura,{'type': 'text', 'value': 'Lunes 15 de Marzo de 2021\nTemporada 2020-2021\nTorneo Clausura\nJornada 11\n15 Marzo 2021 - 17:00 hrs.'}",{'type': 'link', 'href': 'https://www.ligafemenil.mx/cancha/informeArbitral/119323/eyJpZERpdmlzaW9uIjoiMTQiLCJpZFRlbXBvcmFkYSI6IjcxIiwiaWRUb3JuZW8iOiIyIiwiaWRDbHVibG9jYWwiOjExMTg0LCJpZENsdWJ2aXNpdGEiOjExMjQzfQ==/informe-arbitral-pachuca-vs-leon-jornada-11-estadio-hidalgo-fox-sports', 'text': '2 - 0'}",{'type': 'link', 'href': 'https://www.ligafemenil.mx/cancha/estadio/11/estadio-hidalgo', 'text': 'Hidalgo'}",{'type': 'link', 'href': 'https://www.ligafemenil.mx/cancha/galeria/MTE5MzIzLzExLzcxLzIvMTQ=/pachuca-vs-leon', 'text': ''}",{'type': 'link', 'href': 'https://www.ligafemenil.mx/cancha/playlist/119323/pachuca-vs-leon', 'text': ''}"

2020-2021,Clausura,{'type': 'text', 'value': 'Lunes 15 de Marzo de 2021\nTemporada 2020-2021\nTorneo Clausura\nJornada 11\n15 Marzo 2021 - 19:00 hrs.'}",{'type': 'link', 'href': 'https://www.ligafemenil.mx/cancha/informeArbitral/119322/eyJpZERpdmlzaW9uIjoiMTQiLCJpZFRlbXBvcmFkYSI6IjcxIiwiaWRUb3JuZW8iOiIyIiwiaWRDbHVibG9jYWwiOjExMTkxLCJpZENsdWJ2aXNpdGEiOjExMTg2fQ==/informe-arbitral-america-vs-tigres-de-la-uanl-jornada-11-estadio-azteca-tudn', 'text': '2 - 2'}",{'type': 'link', 'href': 'https://www.ligafemenil.mx/cancha/estadio/1/estadio-azteca', 'text': 'Azteca'}",{'type': 'link', 'href': 'https://www.ligafemenil.mx/cancha/galeria/MTE5MzIyLzExLzcxLzIvMTQ=/america-vs-tigres-de-la-uanl', 'text': ''}",{'type': 'link', 'href': 'https://www.ligafemenil.mx/cancha/playlist/119322/america-vs-tigres-de-la-uanl', 'text': ''}"

2020-2021,Clausura,{'type': 'text', 'value': 'Lunes 15 de Marzo de 2021\nTemporada 2020-2021\nTorneo Clausura\nJornada 11\n15 Marzo 2021 - 18:00 hrs.'}",{'type': 'link', 'href': 'https://www.ligafemenil.mx/cancha/informeArbitral/119380/eyJpZERpdmlzaW9uIjoiMTQiLCJpZFRlbXBvcmFkYSI6IjcxIiwiaWRUb3JuZW8iOiIyIiwiaWRDbHVibG9jYWwiOjExMTgwLCJpZENsdWJ2aXNpdGEiOjExMTkyfQ==/informe-arbitral-tijuana-vs-santos-laguna-jornada-11-estadio-caliente-fox-sports', 'text': '0 - 1'}",{'type': 'link', 'href': 'https://www.ligafemenil.mx/cancha/estadio/48/estadio-caliente', 'text': 'Caliente'}",{'type': 'link', 'href': 'https://www.ligafemenil.mx/cancha/galeria/MTE5MzgwLzExLzcxLzIvMTQ=/tijuana-vs-santos-laguna', 'text': ''}",{'type': 'link', 'href': 'https://www.ligafemenil.mx/cancha/playlist/119380/tijuana-vs-santos-laguna', 'text': ''}"

2020-2021,Clausura,{'type': 'text', 'value': 'Jueves 18 de Marzo de 2021\nTemporada 2020-2021\nTorneo Clausura\nJornada 12\n18 Marzo 2021 - 10:00 hrs.'}",{'type': 'link', 'href': 'https://www.ligafemenil.mx/cancha/informeArbitral/119325/eyJpZERpdmlzaW9uIjoiMTQiLCJpZFRlbXBvcmFkYSI6IjcxIiwiaWRUb3JuZW8iOiIyIiwiaWRDbHVibG9jYWwiOjExMTgxLCJpZENsdWJ2aXNpdGEiOjEyMDUxfQ==/informe-arbitral-cruz-azul-vs-mazatlan-fc-jornada-12-estadio-instalaciones-la-noria-cancha-1-tudn', 'text': '3 - 0'}",{'type': 'link', 'href': 'https://www.ligafemenil.mx/cancha/estadio/1549/estadio-instalaciones-la-noria-cancha-1', 'text': 'Instalaciones la Noria Cancha 1'}",{'type': 'link', 'href': 'https://www.ligafemenil.mx/cancha/galeria/MTE5MzI1LzEyLzcxLzIvMTQ=/cruz-azul-vs-mazatlan-fc', 'text': ''}",{'type': 'link', 'href': 'https://www.ligafemenil.mx/cancha/playlist/119325/cruz-azul-vs-mazatlan-fc', 'text': ''}"

2020-2021,Clausura,{'type': 'text', 'value': 'Viernes 19 de Marzo de 2021\nTemporada 2020-2021\nTorneo Clausura\nJornada 12\n19 Marzo 2021 - 17:00 hrs.'}",{'type': 'link', 'href': 'https://www.ligafemenil.mx/cancha/informeArbitral/119326/eyJpZERpdmlzaW9uIjoiMTQiLCJpZFRlbXBvcmFkYSI6IjcxIiwiaWRUb3JuZW8iOiIyIiwiaWRDbHVibG9jYWwiOjEyMDQyLCJpZENsdWJ2aXNpdGEiOjExMjQ1fQ==/informe-arbitral-gallos-blancos-de-queretaro-vs-atlas-jornada-12-estadio-la-corregidora-tvc-deportes', 'text': '0 - 1'}",{'type': 'link', 'href': 'https://www.ligafemenil.mx/cancha/estadio/25/estadio-la-corregidora', 'text': 'La Corregidora'}",{'type': 'link', 'href': 'https://www.ligafemenil.mx/cancha/galeria/MTE5MzI2LzEyLzcxLzIvMTQ=/gallos-blancos-de-queretaro-vs-atlas', 'text': ''}",{'type': 'link', 'href': 'https://www.ligafemenil.mx/cancha/playlist/119326/gallos-blancos-de-queretaro-vs-atlas', 'text': ''}"

2020-2021,Clausura,{'type': 'text', 'value': 'Sábado 20 de Marzo de 2021\nTemporada 2020-2021\nTorneo Clausura\nJornada 12\n20 Marzo 2021 - 12:00 hrs.'}",{'type': 'link', 'href': 'https://www.ligafemenil.mx/cancha/informeArbitral/119327/eyJpZERpdmlzaW9uIjoiMTQiLCJpZFRlbXBvcmFkYSI6IjcxIiwiaWRUb3JuZW8iOiIyIiwiaWRDbHVibG9jYWwiOjExMTg4LCJpZENsdWJ2aXNpdGEiOjExMjQzfQ==/informe-arbitral-pumas-vs-leon-jornada-12-estadio-olimpico-universitario-tudn', 'text': '2 - 0'}",{'type': 'link', 'href': 'https://www.ligafemenil.mx/cancha/estadio/7/estadio-olimpico-universitario', 'text': 'Olímpico Universitario'}",{'type': 'link', 'href': 'https://www.ligafemenil.mx/cancha/galeria/MTE5MzI3LzEyLzcxLzIvMTQ=/pumas-vs-leon', 'text': ''}",{'type': 'link', 'href': 'https://www.ligafemenil.mx/cancha/playlist/119327/pumas-vs-leon', 'text': ''}"

2020-2021,Clausura,{'type': 'text', 'value': 'Domingo 21 de Marzo de 2021\nTemporada 2020-2021\nTorneo Clausura\nJornada 12\n21 Marzo 2021 - 10:00 hrs.'}",{'type': 'link', 'href': 'https://www.ligafemenil.mx/cancha/informeArbitral/119329/eyJpZERpdmlzaW9uIjoiMTQiLCJpZFRlbXBvcmFkYSI6IjcxIiwiaWRUb3JuZW8iOiIyIiwiaWRDbHVibG9jYWwiOjExMTgyLCJpZENsdWJ2aXNpdGEiOjExNTQzfQ==/informe-arbitral-guadalajara-vs-puebla-fc-jornada-12-estadio-verde-valle', 'text': '3 - 0'}",{'type': 'link', 'href': 'https://www.ligafemenil.mx/cancha/estadio/36/estadio-verde-valle', 'text': 'Verde Valle'}",{'type': 'link', 'href': 'https://www.ligafemenil.mx/cancha/galeria/MTE5MzI5LzEyLzcxLzIvMTQ=/guadalajara-vs-puebla-fc', 'text': ''}",{'type': 'link', 'href': 'https://www.ligafemenil.mx/cancha/playlist/119329/guadalajara-vs-puebla-fc', 'text': ''}"

2020-2021,Clausura,{'type': 'text', 'value': 'Domingo 21 de Marzo de 2021\nTemporada 2020-2021\nTorneo Clausura\nJornada 12\n21 Marzo 2021 - 17:00 hrs.'}",{'type': 'link', 'href': 'https://www.ligafemenil.mx/cancha/informeArbitral/119330/eyJpZERpdmlzaW9uIjoiMTQiLCJpZFRlbXBvcmFkYSI6IjcxIiwiaWRUb3JuZW8iOiIyIiwiaWRDbHVibG9jYWwiOjExNzc4LCJpZENsdWJ2aXNpdGEiOjExMTkyfQ==/informe-arbitral-club-atletico-de-san-luis-vs-santos-laguna-jornada-12-estadio-alfonso-lastras-ramirez', 'text': '2 - 2'}",{'type': 'link', 'href': 'https://www.ligafemenil.mx/cancha/estadio/14/estadio-alfonso-lastras-ramirez', 'text': 'Alfonso Lastras Ramírez'}",{'type': 'link', 'href': 'https://www.ligafemenil.mx/cancha/galeria/MTE5MzMwLzEyLzcxLzIvMTQ=/club-atletico-de-san-luis-vs-santos-laguna', 'text': ''}",{'type': 'link', 'href': 'https://www.ligafemenil.mx/cancha/playlist/119330/club-atletico-de-san-luis-vs-santos-laguna', 'text': ''}"

2020-2021,Clausura,{'type': 'text', 'value': 'Lunes 22 de Marzo de 2021\nTemporada 2020-2021\nTorneo Clausura\nJornada 12\n22 Marzo 2021 - 12:00 hrs.'}",{'type': 'link', 'href': 'https://www.ligafemenil.mx/cancha/informeArbitral/119331/eyJpZERpdmlzaW9uIjoiMTQiLCJpZFRlbXBvcmFkYSI6IjcxIiwiaWRUb3JuZW8iOiIyIiwiaWRDbHVibG9jYWwiOjExMTg3LCJpZENsdWJ2aXNpdGEiOjExMTg5fQ==/informe-arbitral-toluca-vs-necaxa-jornada-12-estadio-instalaciones-metepec-cancha-2-tudn', 'text': '1 - 1'}",{'type': 'link', 'href': 'https://www.ligafemenil.mx/cancha/estadio/1547/estadio-instalaciones-metepec-cancha-2', 'text': 'Instalaciones Metepec Cancha 2'}",{'type': 'link', 'href': 'https://www.ligafemenil.mx/cancha/galeria/MTE5MzMxLzEyLzcxLzIvMTQ=/toluca-vs-necaxa', 'text': ''}",{'type': 'link', 'href': 'https://www.ligafemenil.mx/cancha/playlist/119331/toluca-vs-necaxa', 'text': ''}"

2020-2021,Clausura,{'type': 'text', 'value': 'Lunes 22 de Marzo de 2021\nTemporada 2020-2021\nTorneo Clausura\nJornada 12\n22 Marzo 2021 - 19:00 hrs.'}",{'type': 'link', 'href': 'https://www.ligafemenil.mx/cancha/informeArbitral/119333/eyJpZERpdmlzaW9uIjoiMTQiLCJpZFRlbXBvcmFkYSI6IjcxIiwiaWRUb3JuZW8iOiIyIiwiaWRDbHVibG9jYWwiOjExMTg0LCJpZENsdWJ2aXNpdGEiOjExMTkxfQ==/informe-arbitral-pachuca-vs-america-jornada-12-estadio-hidalgo-fox-sports', 'text': '0 - 0'}",{'type': 'link', 'href': 'https://www.ligafemenil.mx/cancha/estadio/11/estadio-hidalgo', 'text': 'Hidalgo'}",{'type': 'link', 'href': 'https://www.ligafemenil.mx/cancha/galeria/MTE5MzMzLzEyLzcxLzIvMTQ=/pachuca-vs-america', 'text': ''}",{'type': 'link', 'href': 'https://www.ligafemenil.mx/cancha/playlist/119333/pachuca-vs-america', 'text': ''}"

2020-2021,Clausura,{'type': 'text', 'value': 'Lunes 22 de Marzo de 2021\nTemporada 2020-2021\nTorneo Clausura\nJornada 12\n22 Marzo 2021 - 20:30 hrs.'}",{'type': 'link', 'href': 'https://www.ligafemenil.mx/cancha/informeArbitral/119332/eyJpZERpdmlzaW9uIjoiMTQiLCJpZFRlbXBvcmFkYSI6IjcxIiwiaWRUb3JuZW8iOiIyIiwiaWRDbHVibG9jYWwiOjExMTg2LCJpZENsdWJ2aXNpdGEiOjExNzk1fQ==/informe-arbitral-tigres-de-la-uanl-vs-fc-juarez-jornada-12-estadio-universitario-tudn', 'text': '3 - 0'}",{'type': 'link', 'href': 'https://www.ligafemenil.mx/cancha/estadio/12/estadio-universitario', 'text': 'Universitario'}",{'type': 'link', 'href': 'https://www.ligafemenil.mx/cancha/galeria/MTE5MzMyLzEyLzcxLzIvMTQ=/tigres-de-la-uanl-vs-fc-juarez', 'text': ''}",{'type': 'link', 'href': 'https://www.ligafemenil.mx/cancha/playlist/119332/tigres-de-la-uanl-vs-fc-juarez', 'text': ''}"

2020-2021,Clausura,{'type': 'text', 'value': 'Lunes 22 de Marzo de 2021\nTemporada 2020-2021\nTorneo Clausura\nJornada 12\n22 Marzo 2021 - 20:00 hrs.'}",{'type': 'link', 'href': 'https://www.ligafemenil.mx/cancha/informeArbitral/119334/eyJpZERpdmlzaW9uIjoiMTQiLCJpZFRlbXBvcmFkYSI6IjcxIiwiaWRUb3JuZW8iOiIyIiwiaWRDbHVibG9jYWwiOjExMTgwLCJpZENsdWJ2aXNpdGEiOjExMTg1fQ==/informe-arbitral-tijuana-vs-rayados-de-monterrey-jornada-12-estadio-caliente-fox-sports', 'text': '0 - 2'}",{'type': 'link', 'href': 'https://www.ligafemenil.mx/cancha/estadio/48/estadio-caliente', 'text': 'Caliente'}",{'type': 'link', 'href': 'https://www.ligafemenil.mx/cancha/galeria/MTE5MzM0LzEyLzcxLzIvMTQ=/tijuana-vs-rayados-de-monterrey', 'text': ''}",{'type': 'link', 'href': 'https://www.ligafemenil.mx/cancha/playlist/119334/tijuana-vs-rayados-de-monterrey', 'text': ''}"

2020-2021,Clausura,{'type': 'text', 'value': 'Viernes 26 de Marzo de 2021\nTemporada 2020-2021\nTorneo Clausura\nJornada 13\n26 Marzo 2021 - 16:00 hrs.'}",{'type': 'link', 'href': 'https://www.ligafemenil.mx/cancha/informeArbitral/119335/eyJpZERpdmlzaW9uIjoiMTQiLCJpZFRlbXBvcmFkYSI6IjcxIiwiaWRUb3JuZW8iOiIyIiwiaWRDbHVibG9jYWwiOjExMTg5LCJpZENsdWJ2aXNpdGEiOjExNzc4fQ==/informe-arbitral-necaxa-vs-club-atletico-de-san-luis-jornada-13-estadio-victoria-claro-sports', 'text': '1 - 1'}",{'type': 'link', 'href': 'https://www.ligafemenil.mx/cancha/estadio/15/estadio-victoria', 'text': 'Victoria'}",{'type': 'link', 'href': 'https://www.ligafemenil.mx/cancha/galeria/MTE5MzM1LzEzLzcxLzIvMTQ=/necaxa-vs-club-atletico-de-san-luis', 'text': ''}",{'type': 'link', 'href': 'https://www.ligafemenil.mx/cancha/playlist/119335/necaxa-vs-club-atletico-de-san-luis', 'text': ''}"

2020-2021,Clausura,{'type': 'text', 'value': 'Viernes 26 de Marzo de 2021\nTemporada 2020-2021\nTorneo Clausura\nJornada 13\n26 Marzo 2021 - 18:00 hrs.'}",{'type': 'link', 'href': 'https://www.ligafemenil.mx/cancha/informeArbitral/119336/eyJpZERpdmlzaW9uIjoiMTQiLCJpZFRlbXBvcmFkYSI6IjcxIiwiaWRUb3JuZW8iOiIyIiwiaWRDbHVibG9jYWwiOjEyMDUxLCJpZENsdWJ2aXNpdGEiOjExMTg4fQ==/informe-arbitral-mazatlan-fc-vs-pumas-jornada-13-estadio-mazatlan-tvp', 'text': '0 - 0'}",{'type': 'link', 'href': 'https://www.ligafemenil.mx/cancha/estadio/1697/estadio-mazatlan', 'text': 'Estadio Mazatlán'}",{'type': 'link', 'href': 'https://www.ligafemenil.mx/cancha/galeria/MTE5MzM2LzEzLzcxLzIvMTQ=/mazatlan-fc-vs-pumas', 'text': ''}",{'type': 'link', 'href': 'https://www.ligafemenil.mx/cancha/playlist/119336/mazatlan-fc-vs-pumas', 'text': ''}"

2020-2021,Clausura,{'type': 'text', 'value': 'Sábado 27 de Marzo de 2021\nTemporada 2020-2021\nTorneo Clausura\nJornada 13\n27 Marzo 2021 - 10:00 hrs.'}",{'type': 'link', 'href': 'https://www.ligafemenil.mx/cancha/informeArbitral/119337/eyJpZERpdmlzaW9uIjoiMTQiLCJpZFRlbXBvcmFkYSI6IjcxIiwiaWRUb3JuZW8iOiIyIiwiaWRDbHVibG9jYWwiOjExMjQ1LCJpZENsdWJ2aXNpdGEiOjExMTg3fQ==/informe-arbitral-atlas-vs-toluca-jornada-13-estadio-cecaf-tvc-deportes', 'text': '1 - 2'}",{'type': 'link', 'href': 'https://www.ligafemenil.mx/cancha/estadio/728/estadio-cecaf', 'text': 'CECAF'}",{'type': 'link', 'href': 'https://www.ligafemenil.mx/cancha/galeria/MTE5MzM3LzEzLzcxLzIvMTQ=/atlas-vs-toluca', 'text': ''}",{'type': 'link', 'href': 'https://www.ligafemenil.mx/cancha/playlist/119337/atlas-vs-toluca', 'text': ''}"

2020-2021,Clausura,{'type': 'text', 'value': 'Sábado 27 de Marzo de 2021\nTemporada 2020-2021\nTorneo Clausura\nJornada 13\n27 Marzo 2021 - 20:05 hrs.'}",{'type': 'link', 'href': 'https://www.ligafemenil.mx/cancha/informeArbitral/119338/eyJpZERpdmlzaW9uIjoiMTQiLCJpZFRlbXBvcmFkYSI6IjcxIiwiaWRUb3JuZW8iOiIyIiwiaWRDbHVibG9jYWwiOjExMTkxLCJpZENsdWJ2aXNpdGEiOjExMTgyfQ==/informe-arbitral-america-vs-guadalajara-jornada-13-estadio-azteca-tudn', 'text': '2 - 4'}",{'type': 'link', 'href': 'https://www.ligafemenil.mx/cancha/estadio/1/estadio-azteca', 'text': 'Azteca'}",{'type': 'link', 'href': 'https://www.ligafemenil.mx/cancha/galeria/MTE5MzM4LzEzLzcxLzIvMTQ=/america-vs-guadalajara', 'text': ''}",{'type': 'link', 'href': 'https://www.ligafemenil.mx/cancha/playlist/119338/america-vs-guadalajara', 'text': ''}"

2020-2021,Clausura,{'type': 'text', 'value': 'Domingo 28 de Marzo de 2021\nTemporada 2020-2021\nTorneo Clausura\nJornada 13\n28 Marzo 2021 - 12:00 hrs.'}",{'type': 'link', 'href': 'https://www.ligafemenil.mx/cancha/informeArbitral/119340/eyJpZERpdmlzaW9uIjoiMTQiLCJpZFRlbXBvcmFkYSI6IjcxIiwiaWRUb3JuZW8iOiIyIiwiaWRDbHVibG9jYWwiOjExNTQzLCJpZENsdWJ2aXNpdGEiOjExMTg0fQ==/informe-arbitral-puebla-fc-vs-pachuca-jornada-13-estadio-cuauhtemoc-tvc-deportes', 'text': '0 - 1'}",{'type': 'link', 'href': 'https://www.ligafemenil.mx/cancha/estadio/9/estadio-cuauhtemoc', 'text': 'Cuauhtémoc'}",{'type': 'link', 'href': 'https://www.ligafemenil.mx/cancha/galeria/MTE5MzQwLzEzLzcxLzIvMTQ=/puebla-fc-vs-pachuca', 'text': ''}",{'type': 'link', 'href': 'https://www.ligafemenil.mx/cancha/playlist/119340/puebla-fc-vs-pachuca', 'text': ''}"

2020-2021,Clausura,{'type': 'text', 'value': 'Domingo 28 de Marzo de 2021\nTemporada 2020-2021\nTorneo Clausura\nJornada 13\n28 Marzo 2021 - 21:00 hrs.'}",{'type': 'link', 'href': 'https://www.ligafemenil.mx/cancha/informeArbitral/119339/eyJpZERpdmlzaW9uIjoiMTQiLCJpZFRlbXBvcmFkYSI6IjcxIiwiaWRUb3JuZW8iOiIyIiwiaWRDbHVibG9jYWwiOjExNzk1LCJpZENsdWJ2aXNpdGEiOjEyMDQyfQ==/informe-arbitral-fc-juarez-vs-gallos-blancos-de-queretaro-jornada-13-estadio-olimpico-benito-juarez-tudn', 'text': '2 - 0'}",{'type': 'link', 'href': 'https://www.ligafemenil.mx/cancha/estadio/17/estadio-olimpico-benito-juarez', 'text': 'Olímpico Benito Juárez'}",{'type': 'link', 'href': 'https://www.ligafemenil.mx/cancha/galeria/MTE5MzM5LzEzLzcxLzIvMTQ=/fc-juarez-vs-gallos-blancos-de-queretaro', 'text': ''}",{'type': 'link', 'href': 'https://www.ligafemenil.mx/cancha/playlist/119339/fc-juarez-vs-gallos-blancos-de-queretaro', 'text': ''}"

2020-2021,Clausura,{'type': 'text', 'value': 'Lunes 29 de Marzo de 2021\nTemporada 2020-2021\nTorneo Clausura\nJornada 13\n29 Marzo 2021 - 16:30 hrs.'}",{'type': 'link', 'href': 'https://www.ligafemenil.mx/cancha/informeArbitral/119342/eyJpZERpdmlzaW9uIjoiMTQiLCJpZFRlbXBvcmFkYSI6IjcxIiwiaWRUb3JuZW8iOiIyIiwiaWRDbHVibG9jYWwiOjExMTkyLCJpZENsdWJ2aXNpdGEiOjExMTgxfQ==/informe-arbitral-santos-laguna-vs-cruz-azul-jornada-13-estadio-cancha-alterna-tsm-cancha-5-cesped-natural', 'text': '2 - 1'}",{'type': 'link', 'href': 'https://www.ligafemenil.mx/cancha/estadio/71/estadio-cancha-alterna-tsm-cancha-5-cesped-natural', 'text': 'Cancha Alterna TSM Cancha 5 Césped Natural'}",{'type': 'link', 'href': 'https://www.ligafemenil.mx/cancha/galeria/MTE5MzQyLzEzLzcxLzIvMTQ=/santos-laguna-vs-cruz-azul', 'text': ''}",{'type': 'link', 'href': 'https://www.ligafemenil.mx/cancha/playlist/119342/santos-laguna-vs-cruz-azul', 'text': ''}"

2020-2021,Clausura,{'type': 'text', 'value': 'Lunes 29 de Marzo de 2021\nTemporada 2020-2021\nTorneo Clausura\nJornada 13\n29 Marzo 2021 - 19:00 hrs.'}",{'type': 'link', 'href': 'https://www.ligafemenil.mx/cancha/informeArbitral/119341/eyJpZERpdmlzaW9uIjoiMTQiLCJpZFRlbXBvcmFkYSI6IjcxIiwiaWRUb3JuZW8iOiIyIiwiaWRDbHVibG9jYWwiOjExMjQzLCJpZENsdWJ2aXNpdGEiOjExMTgwfQ==/informe-arbitral-leon-vs-tijuana-jornada-13-estadio-nou-camp-fox-sports', 'text': '2 - 1'}",{'type': 'link', 'href': 'https://www.ligafemenil.mx/cancha/estadio/23/estadio-nou-camp', 'text': 'Nou Camp'}",{'type': 'link', 'href': 'https://www.ligafemenil.mx/cancha/galeria/MTE5MzQxLzEzLzcxLzIvMTQ=/leon-vs-tijuana', 'text': ''}",{'type': 'link', 'href': 'https://www.ligafemenil.mx/cancha/playlist/119341/leon-vs-tijuana', 'text': ''}"

2020-2021,Clausura,{'type': 'text', 'value': 'Lunes 29 de Marzo de 2021\nTemporada 2020-2021\nTorneo Clausura\nJornada 13\n29 Marzo 2021 - 21:00 hrs.'}",{'type': 'link', 'href': 'https://www.ligafemenil.mx/cancha/informeArbitral/119343/eyJpZERpdmlzaW9uIjoiMTQiLCJpZFRlbXBvcmFkYSI6IjcxIiwiaWRUb3JuZW8iOiIyIiwiaWRDbHVibG9jYWwiOjExMTg1LCJpZENsdWJ2aXNpdGEiOjExMTg2fQ==/informe-arbitral-rayados-de-monterrey-vs-tigres-de-la-uanl-jornada-13-estadio-bbva-fox-sports', 'text': '2 - 2'}",{'type': 'link', 'href': 'https://www.ligafemenil.mx/cancha/estadio/1608/estadio-bbva', 'text': 'Estadio BBVA'}",{'type': 'link', 'href': 'https://www.ligafemenil.mx/cancha/galeria/MTE5MzQzLzEzLzcxLzIvMTQ=/rayados-de-monterrey-vs-tigres-de-la-uanl', 'text': ''}",{'type': 'link', 'href': 'https://www.ligafemenil.mx/cancha/playlist/119343/rayados-de-monterrey-vs-tigres-de-la-uanl', 'text': ''}"

2020-2021,Clausura,{'type': 'text', 'value': 'Jueves 1 de Abril de 2021\nTemporada 2020-2021\nTorneo Clausura\nJornada 14\n1 Abril 2021 - 17:00 hrs.'}",{'type': 'link', 'href': 'https://www.ligafemenil.mx/cancha/informeArbitral/119344/eyJpZERpdmlzaW9uIjoiMTQiLCJpZFRlbXBvcmFkYSI6IjcxIiwiaWRUb3JuZW8iOiIyIiwiaWRDbHVibG9jYWwiOjExNzc4LCJpZENsdWJ2aXNpdGEiOjExMjQ1fQ==/informe-arbitral-club-atletico-de-san-luis-vs-atlas-jornada-14-estadio-alfonso-lastras-ramirez', 'text': '1 - 2'}",{'type': 'link', 'href': 'https://www.ligafemenil.mx/cancha/estadio/14/estadio-alfonso-lastras-ramirez', 'text': 'Alfonso Lastras Ramírez'}",{'type': 'link', 'href': 'https://www.ligafemenil.mx/cancha/galeria/MTE5MzQ0LzE0LzcxLzIvMTQ=/club-atletico-de-san-luis-vs-atlas', 'text': ''}",{'type': 'link', 'href': 'https://www.ligafemenil.mx/cancha/playlist/119344/club-atletico-de-san-luis-vs-atlas', 'text': ''}"

2020-2021,Clausura,{'type': 'text', 'value': 'Viernes 2 de Abril de 2021\nTemporada 2020-2021\nTorneo Clausura\nJornada 14\n2 Abril 2021 - 16:00 hrs.'}",{'type': 'link', 'href': 'https://www.ligafemenil.mx/cancha/informeArbitral/119345/eyJpZERpdmlzaW9uIjoiMTQiLCJpZFRlbXBvcmFkYSI6IjcxIiwiaWRUb3JuZW8iOiIyIiwiaWRDbHVibG9jYWwiOjExMTg5LCJpZENsdWJ2aXNpdGEiOjExNzk1fQ==/informe-arbitral-necaxa-vs-fc-juarez-jornada-14-estadio-victoria-claro-sports', 'text': '2 - 0'}",{'type': 'link', 'href': 'https://www.ligafemenil.mx/cancha/estadio/15/estadio-victoria', 'text': 'Victoria'}",{'type': 'link', 'href': 'https://www.ligafemenil.mx/cancha/galeria/MTE5MzQ1LzE0LzcxLzIvMTQ=/necaxa-vs-fc-juarez', 'text': ''}",{'type': 'link', 'href': 'https://www.ligafemenil.mx/cancha/playlist/119345/necaxa-vs-fc-juarez', 'text': ''}"

2020-2021,Clausura,{'type': 'text', 'value': 'Viernes 2 de Abril de 2021\nTemporada 2020-2021\nTorneo Clausura\nJornada 14\n2 Abril 2021 - 17:00 hrs.'}",{'type': 'link', 'href': 'https://www.ligafemenil.mx/cancha/informeArbitral/119346/eyJpZERpdmlzaW9uIjoiMTQiLCJpZFRlbXBvcmFkYSI6IjcxIiwiaWRUb3JuZW8iOiIyIiwiaWRDbHVibG9jYWwiOjEyMDQyLCJpZENsdWJ2aXNpdGEiOjExMjQzfQ==/informe-arbitral-gallos-blancos-de-queretaro-vs-leon-jornada-14-estadio-la-corregidora-tvc-deportes', 'text': '1 - 0'}",{'type': 'link', 'href': 'https://www.ligafemenil.mx/cancha/estadio/25/estadio-la-corregidora', 'text': 'La Corregidora'}",{'type': 'link', 'href': 'https://www.ligafemenil.mx/cancha/galeria/MTE5MzQ2LzE0LzcxLzIvMTQ=/gallos-blancos-de-queretaro-vs-leon', 'text': ''}",{'type': 'link', 'href': 'https://www.ligafemenil.mx/cancha/playlist/119346/gallos-blancos-de-queretaro-vs-leon', 'text': ''}"

2020-2021,Clausura,{'type': 'text', 'value': 'Sábado 3 de Abril de 2021\nTemporada 2020-2021\nTorneo Clausura\nJornada 14\n3 Abril 2021 - 10:00 hrs.'}",{'type': 'link', 'href': 'https://www.ligafemenil.mx/cancha/informeArbitral/119347/eyJpZERpdmlzaW9uIjoiMTQiLCJpZFRlbXBvcmFkYSI6IjcxIiwiaWRUb3JuZW8iOiIyIiwiaWRDbHVibG9jYWwiOjExMTgyLCJpZENsdWJ2aXNpdGEiOjExMTg4fQ==/informe-arbitral-guadalajara-vs-pumas-jornada-14-estadio-verde-valle-2-chivas-tv', 'text': '4 - 1'}",{'type': 'link', 'href': 'https://www.ligafemenil.mx/cancha/estadio/1554/estadio-verde-valle-2', 'text': 'Verde Valle 2'}",{'type': 'link', 'href': 'https://www.ligafemenil.mx/cancha/galeria/MTE5MzQ3LzE0LzcxLzIvMTQ=/guadalajara-vs-pumas', 'text': ''}",{'type': 'link', 'href': 'https://www.ligafemenil.mx/cancha/playlist/119347/guadalajara-vs-pumas', 'text': ''}"

2020-2021,Clausura,{'type': 'text', 'value': 'Domingo 4 de Abril de 2021\nTemporada 2020-2021\nTorneo Clausura\nJornada 14\n4 Abril 2021 - 12:00 hrs.'}",{'type': 'link', 'href': 'https://www.ligafemenil.mx/cancha/informeArbitral/119348/eyJpZERpdmlzaW9uIjoiMTQiLCJpZFRlbXBvcmFkYSI6IjcxIiwiaWRUb3JuZW8iOiIyIiwiaWRDbHVibG9jYWwiOjExNTQzLCJpZENsdWJ2aXNpdGEiOjExMTg1fQ==/informe-arbitral-puebla-fc-vs-rayados-de-monterrey-jornada-14-estadio-cuauhtemoc-tvc-deportes', 'text': '2 - 3'}",{'type': 'link', 'href': 'https://www.ligafemenil.mx/cancha/estadio/9/estadio-cuauhtemoc', 'text': 'Cuauhtémoc'}",{'type': 'link', 'href': 'https://www.ligafemenil.mx/cancha/galeria/MTE5MzQ4LzE0LzcxLzIvMTQ=/puebla-fc-vs-rayados-de-monterrey', 'text': ''}",{'type': 'link', 'href': 'https://www.ligafemenil.mx/cancha/playlist/119348/puebla-fc-vs-rayados-de-monterrey', 'text': ''}"

2020-2021,Clausura,{'type': 'text', 'value': 'Lunes 5 de Abril de 2021\nTemporada 2020-2021\nTorneo Clausura\nJornada 14\n5 Abril 2021 - 16:00 hrs.'}",{'type': 'link', 'href': 'https://www.ligafemenil.mx/cancha/informeArbitral/119349/eyJpZERpdmlzaW9uIjoiMTQiLCJpZFRlbXBvcmFkYSI6IjcxIiwiaWRUb3JuZW8iOiIyIiwiaWRDbHVibG9jYWwiOjExMTg3LCJpZENsdWJ2aXNpdGEiOjEyMDUxfQ==/informe-arbitral-toluca-vs-mazatlan-fc-jornada-14-estadio-instalaciones-metepec-cancha-2-tudn', 'text': '1 - 0'}",{'type': 'link', 'href': 'https://www.ligafemenil.mx/cancha/estadio/1547/estadio-instalaciones-metepec-cancha-2', 'text': 'Instalaciones Metepec Cancha 2'}",{'type': 'link', 'href': 'https://www.ligafemenil.mx/cancha/galeria/MTE5MzQ5LzE0LzcxLzIvMTQ=/toluca-vs-mazatlan-fc', 'text': ''}",{'type': 'link', 'href': 'https://www.ligafemenil.mx/cancha/playlist/119349/toluca-vs-mazatlan-fc', 'text': ''}"

2020-2021,Clausura,{'type': 'text', 'value': 'Lunes 5 de Abril de 2021\nTemporada 2020-2021\nTorneo Clausura\nJornada 14\n5 Abril 2021 - 19:00 hrs.'}",{'type': 'link', 'href': 'https://www.ligafemenil.mx/cancha/informeArbitral/119350/eyJpZERpdmlzaW9uIjoiMTQiLCJpZFRlbXBvcmFkYSI6IjcxIiwiaWRUb3JuZW8iOiIyIiwiaWRDbHVibG9jYWwiOjExMTg2LCJpZENsdWJ2aXNpdGEiOjExMTgxfQ==/informe-arbitral-tigres-de-la-uanl-vs-cruz-azul-jornada-14-estadio-universitario-tudn', 'text': '3 - 0'}",{'type': 'link', 'href': 'https://www.ligafemenil.mx/cancha/estadio/12/estadio-universitario', 'text': 'Universitario'}",{'type': 'link', 'href': 'https://www.ligafemenil.mx/cancha/galeria/MTE5MzUwLzE0LzcxLzIvMTQ=/tigres-de-la-uanl-vs-cruz-azul', 'text': ''}",{'type': 'link', 'href': 'https://www.ligafemenil.mx/cancha/playlist/119350/tigres-de-la-uanl-vs-cruz-azul', 'text': ''}"

2020-2021,Clausura,{'type': 'text', 'value': 'Lunes 5 de Abril de 2021\nTemporada 2020-2021\nTorneo Clausura\nJornada 14\n5 Abril 2021 - 19:00 hrs.'}",{'type': 'link', 'href': 'https://www.ligafemenil.mx/cancha/informeArbitral/119352/eyJpZERpdmlzaW9uIjoiMTQiLCJpZFRlbXBvcmFkYSI6IjcxIiwiaWRUb3JuZW8iOiIyIiwiaWRDbHVibG9jYWwiOjExMTkyLCJpZENsdWJ2aXNpdGEiOjExMTkxfQ==/informe-arbitral-santos-laguna-vs-america-jornada-14-estadio-tsm-corona-fox-sports', 'text': '1 - 2'}",{'type': 'link', 'href': 'https://www.ligafemenil.mx/cancha/estadio/63/estadio-tsm-corona', 'text': 'TSM Corona'}",{'type': 'link', 'href': 'https://www.ligafemenil.mx/cancha/galeria/MTE5MzUyLzE0LzcxLzIvMTQ=/santos-laguna-vs-america', 'text': ''}",{'type': 'link', 'href': 'https://www.ligafemenil.mx/cancha/playlist/119352/santos-laguna-vs-america', 'text': ''}"

2020-2021,Clausura,{'type': 'text', 'value': 'Lunes 5 de Abril de 2021\nTemporada 2020-2021\nTorneo Clausura\nJornada 14\n5 Abril 2021 - 21:00 hrs.'}",{'type': 'link', 'href': 'https://www.ligafemenil.mx/cancha/informeArbitral/119351/eyJpZERpdmlzaW9uIjoiMTQiLCJpZFRlbXBvcmFkYSI6IjcxIiwiaWRUb3JuZW8iOiIyIiwiaWRDbHVibG9jYWwiOjExMTg0LCJpZENsdWJ2aXNpdGEiOjExMTgwfQ==/informe-arbitral-pachuca-vs-tijuana-jornada-14-estadio-hidalgo-fox-sports', 'text': '2 - 1'}",{'type': 'link', 'href': 'https://www.ligafemenil.mx/cancha/estadio/11/estadio-hidalgo', 'text': 'Hidalgo'}",{'type': 'link', 'href': 'https://www.ligafemenil.mx/cancha/galeria/MTE5MzUxLzE0LzcxLzIvMTQ=/pachuca-vs-tijuana', 'text': ''}",{'type': 'link', 'href': 'https://www.ligafemenil.mx/cancha/playlist/119351/pachuca-vs-tijuana', 'text': ''}"

2020-2021,Clausura,{'type': 'text', 'value': 'Viernes 16 de Abril de 2021\nTemporada 2020-2021\nTorneo Clausura\nJornada 15\n16 Abril 2021 - 16:00 hrs.'}",{'type': 'link', 'href': 'https://www.ligafemenil.mx/cancha/informeArbitral/119353/eyJpZERpdmlzaW9uIjoiMTQiLCJpZFRlbXBvcmFkYSI6IjcxIiwiaWRUb3JuZW8iOiIyIiwiaWRDbHVibG9jYWwiOjExMTgxLCJpZENsdWJ2aXNpdGEiOjExMTgyfQ==/informe-arbitral-cruz-azul-vs-guadalajara-jornada-15-estadio-instalaciones-la-noria-cancha-1-tudn', 'text': '0 - 1'}",{'type': 'link', 'href': 'https://www.ligafemenil.mx/cancha/estadio/1549/estadio-instalaciones-la-noria-cancha-1', 'text': 'Instalaciones la Noria Cancha 1'}",{'type': 'link', 'href': 'https://www.ligafemenil.mx/cancha/galeria/MTE5MzUzLzE1LzcxLzIvMTQ=/cruz-azul-vs-guadalajara', 'text': ''}",{'type': 'link', 'href': 'https://www.ligafemenil.mx/cancha/playlist/119353/cruz-azul-vs-guadalajara', 'text': ''}"

2020-2021,Clausura,{'type': 'text', 'value': 'Sábado 17 de Abril de 2021\nTemporada 2020-2021\nTorneo Clausura\nJornada 15\n17 Abril 2021 - 10:00 hrs.'}",{'type': 'link', 'href': 'https://www.ligafemenil.mx/cancha/informeArbitral/119354/eyJpZERpdmlzaW9uIjoiMTQiLCJpZFRlbXBvcmFkYSI6IjcxIiwiaWRUb3JuZW8iOiIyIiwiaWRDbHVibG9jYWwiOjExMjQ1LCJpZENsdWJ2aXNpdGEiOjExMTg5fQ==/informe-arbitral-atlas-vs-necaxa-jornada-15-estadio-colomos-tvc-deportes', 'text': '3 - 1'}",{'type': 'link', 'href': 'https://www.ligafemenil.mx/cancha/estadio/109/estadio-colomos', 'text': 'Colomos'}",{'type': 'link', 'href': 'https://www.ligafemenil.mx/cancha/galeria/MTE5MzU0LzE1LzcxLzIvMTQ=/atlas-vs-necaxa', 'text': ''}",{'type': 'link', 'href': 'https://www.ligafemenil.mx/cancha/playlist/119354/atlas-vs-necaxa', 'text': ''}"

2020-2021,Clausura,{'type': 'text', 'value': 'Sábado 17 de Abril de 2021\nTemporada 2020-2021\nTorneo Clausura\nJornada 15\n17 Abril 2021 - 09:00 hrs.'}",{'type': 'link', 'href': 'https://www.ligafemenil.mx/cancha/informeArbitral/119355/eyJpZERpdmlzaW9uIjoiMTQiLCJpZFRlbXBvcmFkYSI6IjcxIiwiaWRUb3JuZW8iOiIyIiwiaWRDbHVibG9jYWwiOjEyMDUxLCJpZENsdWJ2aXNpdGEiOjExMTg0fQ==/informe-arbitral-mazatlan-fc-vs-pachuca-jornada-15-estadio-mazatlan-tvp', 'text': '0 - 2'}",{'type': 'link', 'href': 'https://www.ligafemenil.mx/cancha/estadio/1697/estadio-mazatlan', 'text': 'Estadio Mazatlán'}",{'type': 'link', 'href': 'https://www.ligafemenil.mx/cancha/galeria/MTE5MzU1LzE1LzcxLzIvMTQ=/mazatlan-fc-vs-pachuca', 'text': ''}",{'type': 'link', 'href': 'https://www.ligafemenil.mx/cancha/playlist/119355/mazatlan-fc-vs-pachuca', 'text': ''}"

2020-2021,Clausura,{'type': 'text', 'value': 'Sábado 17 de Abril de 2021\nTemporada 2020-2021\nTorneo Clausura\nJornada 15\n17 Abril 2021 - 12:00 hrs.'}",{'type': 'link', 'href': 'https://www.ligafemenil.mx/cancha/informeArbitral/119356/eyJpZERpdmlzaW9uIjoiMTQiLCJpZFRlbXBvcmFkYSI6IjcxIiwiaWRUb3JuZW8iOiIyIiwiaWRDbHVibG9jYWwiOjExMTg4LCJpZENsdWJ2aXNpdGEiOjEyMDQyfQ==/informe-arbitral-pumas-vs-gallos-blancos-de-queretaro-jornada-15-estadio-olimpico-universitario-tudn', 'text': '3 - 2'}",{'type': 'link', 'href': 'https://www.ligafemenil.mx/cancha/estadio/7/estadio-olimpico-universitario', 'text': 'Olímpico Universitario'}",{'type': 'link', 'href': 'https://www.ligafemenil.mx/cancha/galeria/MTE5MzU2LzE1LzcxLzIvMTQ=/pumas-vs-gallos-blancos-de-queretaro', 'text': ''}",{'type': 'link', 'href': 'https://www.ligafemenil.mx/cancha/playlist/119356/pumas-vs-gallos-blancos-de-queretaro', 'text': ''}"

2020-2021,Clausura,{'type': 'text', 'value': 'Lunes 19 de Abril de 2021\nTemporada 2020-2021\nTorneo Clausura\nJornada 15\n19 Abril 2021 - 16:00 hrs.'}",{'type': 'link', 'href': 'https://www.ligafemenil.mx/cancha/informeArbitral/119357/eyJpZERpdmlzaW9uIjoiMTQiLCJpZFRlbXBvcmFkYSI6IjcxIiwiaWRUb3JuZW8iOiIyIiwiaWRDbHVibG9jYWwiOjExMTg3LCJpZENsdWJ2aXNpdGEiOjExMTkyfQ==/informe-arbitral-toluca-vs-santos-laguna-jornada-15-estadio-instalaciones-metepec-cancha-2-tudn', 'text': '1 - 0'}",{'type': 'link', 'href': 'https://www.ligafemenil.mx/cancha/estadio/1547/estadio-instalaciones-metepec-cancha-2', 'text': 'Instalaciones Metepec Cancha 2'}",{'type': 'link', 'href': 'https://www.ligafemenil.mx/cancha/galeria/MTE5MzU3LzE1LzcxLzIvMTQ=/toluca-vs-santos-laguna', 'text': ''}",{'type': 'link', 'href': 'https://www.ligafemenil.mx/cancha/playlist/119357/toluca-vs-santos-laguna', 'text': ''}"

2020-2021,Clausura,{'type': 'text', 'value': 'Lunes 19 de Abril de 2021\nTemporada 2020-2021\nTorneo Clausura\nJornada 15\n19 Abril 2021 - 16:00 hrs.'}",{'type': 'link', 'href': 'https://www.ligafemenil.mx/cancha/informeArbitral/119361/eyJpZERpdmlzaW9uIjoiMTQiLCJpZFRlbXBvcmFkYSI6IjcxIiwiaWRUb3JuZW8iOiIyIiwiaWRDbHVibG9jYWwiOjExMjQzLCJpZENsdWJ2aXNpdGEiOjExNzc4fQ==/informe-arbitral-leon-vs-club-atletico-de-san-luis-jornada-15-estadio-instalaciones-casa-club-leon-f-c', 'text': '3 - 2'}",{'type': 'link', 'href': 'https://www.ligafemenil.mx/cancha/estadio/257/estadio-instalaciones-casa-club-leon-f-c', 'text': 'Instalaciones Casa Club León, F. C.'}",{'type': 'link', 'href': 'https://www.ligafemenil.mx/cancha/galeria/MTE5MzYxLzE1LzcxLzIvMTQ=/leon-vs-club-atletico-de-san-luis', 'text': ''}",{'type': 'link', 'href': 'https://www.ligafemenil.mx/cancha/playlist/119361/leon-vs-club-atletico-de-san-luis', 'text': ''}"

2020-2021,Clausura,{'type': 'text', 'value': 'Lunes 19 de Abril de 2021\nTemporada 2020-2021\nTorneo Clausura\nJornada 15\n19 Abril 2021 - 17:00 hrs.'}",{'type': 'link', 'href': 'https://www.ligafemenil.mx/cancha/informeArbitral/119359/eyJpZERpdmlzaW9uIjoiMTQiLCJpZFRlbXBvcmFkYSI6IjcxIiwiaWRUb3JuZW8iOiIyIiwiaWRDbHVibG9jYWwiOjExMTg1LCJpZENsdWJ2aXNpdGEiOjExMTkxfQ==/informe-arbitral-rayados-de-monterrey-vs-america-jornada-15-estadio-bbva-fox-sports', 'text': '1 - 1'}",{'type': 'link', 'href': 'https://www.ligafemenil.mx/cancha/estadio/1608/estadio-bbva', 'text': 'Estadio BBVA'}",{'type': 'link', 'href': 'https://www.ligafemenil.mx/cancha/galeria/MTE5MzU5LzE1LzcxLzIvMTQ=/rayados-de-monterrey-vs-america', 'text': ''}",{'type': 'link', 'href': 'https://www.ligafemenil.mx/cancha/playlist/119359/rayados-de-monterrey-vs-america', 'text': ''}"

2020-2021,Clausura,{'type': 'text', 'value': 'Lunes 19 de Abril de 2021\nTemporada 2020-2021\nTorneo Clausura\nJornada 15\n19 Abril 2021 - 17:00 hrs.'}",{'type': 'link', 'href': 'https://www.ligafemenil.mx/cancha/informeArbitral/119360/eyJpZERpdmlzaW9uIjoiMTQiLCJpZFRlbXBvcmFkYSI6IjcxIiwiaWRUb3JuZW8iOiIyIiwiaWRDbHVibG9jYWwiOjExMTgwLCJpZENsdWJ2aXNpdGEiOjExMTg2fQ==/informe-arbitral-tijuana-vs-tigres-de-la-uanl-jornada-15-estadio-caliente-fox-sports', 'text': '0 - 1'}",{'type': 'link', 'href': 'https://www.ligafemenil.mx/cancha/estadio/48/estadio-caliente', 'text': 'Caliente'}",{'type': 'link', 'href': 'https://www.ligafemenil.mx/cancha/galeria/MTE5MzYwLzE1LzcxLzIvMTQ=/tijuana-vs-tigres-de-la-uanl', 'text': ''}",{'type': 'link', 'href': 'https://www.ligafemenil.mx/cancha/playlist/119360/tijuana-vs-tigres-de-la-uanl', 'text': ''}"

2020-2021,Clausura,{'type': 'text', 'value': 'Lunes 19 de Abril de 2021\nTemporada 2020-2021\nTorneo Clausura\nJornada 15\n19 Abril 2021 - 18:00 hrs.'}",{'type': 'link', 'href': 'https://www.ligafemenil.mx/cancha/informeArbitral/119358/eyJpZERpdmlzaW9uIjoiMTQiLCJpZFRlbXBvcmFkYSI6IjcxIiwiaWRUb3JuZW8iOiIyIiwiaWRDbHVibG9jYWwiOjExNzk1LCJpZENsdWJ2aXNpdGEiOjExNTQzfQ==/informe-arbitral-fc-juarez-vs-puebla-fc-jornada-15-estadio-olimpico-benito-juarez-tudn', 'text': '1 - 2'}",{'type': 'link', 'href': 'https://www.ligafemenil.mx/cancha/estadio/17/estadio-olimpico-benito-juarez', 'text': 'Olímpico Benito Juárez'}",{'type': 'link', 'href': 'https://www.ligafemenil.mx/cancha/galeria/MTE5MzU4LzE1LzcxLzIvMTQ=/fc-juarez-vs-puebla-fc', 'text': ''}",{'type': 'link', 'href': 'https://www.ligafemenil.mx/cancha/playlist/119358/fc-juarez-vs-puebla-fc', 'text': ''}"

2020-2021,Clausura,{'type': 'text', 'value': 'Jueves 22 de Abril de 2021\nTemporada 2020-2021\nTorneo Clausura\nJornada 16\n22 Abril 2021 - 17:00 hrs.'}",{'type': 'link', 'href': 'https://www.ligafemenil.mx/cancha/informeArbitral/119362/eyJpZERpdmlzaW9uIjoiMTQiLCJpZFRlbXBvcmFkYSI6IjcxIiwiaWRUb3JuZW8iOiIyIiwiaWRDbHVibG9jYWwiOjEyMDQyLCJpZENsdWJ2aXNpdGEiOjExMTgwfQ==/informe-arbitral-gallos-blancos-de-queretaro-vs-tijuana-jornada-16-estadio-la-corregidora-tvc-deportes', 'text': '2 - 1'}",{'type': 'link', 'href': 'https://www.ligafemenil.mx/cancha/estadio/25/estadio-la-corregidora', 'text': 'La Corregidora'}",{'type': 'link', 'href': 'https://www.ligafemenil.mx/cancha/galeria/MTE5MzYyLzE2LzcxLzIvMTQ=/gallos-blancos-de-queretaro-vs-tijuana', 'text': ''}",{'type': 'link', 'href': 'https://www.ligafemenil.mx/cancha/playlist/119362/gallos-blancos-de-queretaro-vs-tijuana', 'text': ''}"

2020-2021,Clausura,{'type': 'text', 'value': 'Viernes 23 de Abril de 2021\nTemporada 2020-2021\nTorneo Clausura\nJornada 16\n23 Abril 2021 - 16:00 hrs.'}",{'type': 'link', 'href': 'https://www.ligafemenil.mx/cancha/informeArbitral/119363/eyJpZERpdmlzaW9uIjoiMTQiLCJpZFRlbXBvcmFkYSI6IjcxIiwiaWRUb3JuZW8iOiIyIiwiaWRDbHVibG9jYWwiOjExMTg5LCJpZENsdWJ2aXNpdGEiOjExMTg0fQ==/informe-arbitral-necaxa-vs-pachuca-jornada-16-estadio-victoria-claro-sports', 'text': '1 - 0'}",{'type': 'link', 'href': 'https://www.ligafemenil.mx/cancha/estadio/15/estadio-victoria', 'text': 'Victoria'}",{'type': 'link', 'href': 'https://www.ligafemenil.mx/cancha/galeria/MTE5MzYzLzE2LzcxLzIvMTQ=/necaxa-vs-pachuca', 'text': ''}",{'type': 'link', 'href': 'https://www.ligafemenil.mx/cancha/playlist/119363/necaxa-vs-pachuca', 'text': ''}"

2020-2021,Clausura,{'type': 'text', 'value': 'Sábado 24 de Abril de 2021\nTemporada 2020-2021\nTorneo Clausura\nJornada 16\n24 Abril 2021 - 12:00 hrs.'}",{'type': 'link', 'href': 'https://www.ligafemenil.mx/cancha/informeArbitral/119364/eyJpZERpdmlzaW9uIjoiMTQiLCJpZFRlbXBvcmFkYSI6IjcxIiwiaWRUb3JuZW8iOiIyIiwiaWRDbHVibG9jYWwiOjExMTg4LCJpZENsdWJ2aXNpdGEiOjExMjQ1fQ==/informe-arbitral-pumas-vs-atlas-jornada-16-estadio-olimpico-universitario-tudn', 'text': '1 - 1'}",{'type': 'link', 'href': 'https://www.ligafemenil.mx/cancha/estadio/7/estadio-olimpico-universitario', 'text': 'Olímpico Universitario'}",{'type': 'link', 'href': 'https://www.ligafemenil.mx/cancha/galeria/MTE5MzY0LzE2LzcxLzIvMTQ=/pumas-vs-atlas', 'text': ''}",{'type': 'link', 'href': 'https://www.ligafemenil.mx/cancha/playlist/119364/pumas-vs-atlas', 'text': ''}"

2020-2021,Clausura,{'type': 'text', 'value': 'Domingo 25 de Abril de 2021\nTemporada 2020-2021\nTorneo Clausura\nJornada 16\n25 Abril 2021 - 12:00 hrs.'}",{'type': 'link', 'href': 'https://www.ligafemenil.mx/cancha/informeArbitral/119365/eyJpZERpdmlzaW9uIjoiMTQiLCJpZFRlbXBvcmFkYSI6IjcxIiwiaWRUb3JuZW8iOiIyIiwiaWRDbHVibG9jYWwiOjExMTkxLCJpZENsdWJ2aXNpdGEiOjExMTgxfQ==/informe-arbitral-america-vs-cruz-azul-jornada-16-estadio-cancha-centenario-no-5-natural-instalaciones-club-america-tudn', 'text': '2 - 1'}",{'type': 'link', 'href': 'https://www.ligafemenil.mx/cancha/estadio/1421/estadio-cancha-centenario-no-5-natural-instalaciones-club-america', 'text': 'Cancha Centenario No. 5 (Natural) Instalaciones Club América'}",{'type': 'link', 'href': 'https://www.ligafemenil.mx/cancha/galeria/MTE5MzY1LzE2LzcxLzIvMTQ=/america-vs-cruz-azul', 'text': ''}",{'type': 'link', 'href': 'https://www.ligafemenil.mx/cancha/playlist/119365/america-vs-cruz-azul', 'text': ''}"

2020-2021,Clausura,{'type': 'text', 'value': 'Lunes 26 de Abril de 2021\nTemporada 2020-2021\nTorneo Clausura\nJornada 16\n26 Abril 2021 - 17:00 hrs.'}",{'type': 'link', 'href': 'https://www.ligafemenil.mx/cancha/informeArbitral/119366/eyJpZERpdmlzaW9uIjoiMTQiLCJpZFRlbXBvcmFkYSI6IjcxIiwiaWRUb3JuZW8iOiIyIiwiaWRDbHVibG9jYWwiOjExNzc4LCJpZENsdWJ2aXNpdGEiOjExMTg3fQ==/informe-arbitral-club-atletico-de-san-luis-vs-toluca-jornada-16-estadio-alfonso-lastras-ramirez', 'text': '1 - 2'}",{'type': 'link', 'href': 'https://www.ligafemenil.mx/cancha/estadio/14/estadio-alfonso-lastras-ramirez', 'text': 'Alfonso Lastras Ramírez'}",{'type': 'link', 'href': 'https://www.ligafemenil.mx/cancha/galeria/MTE5MzY2LzE2LzcxLzIvMTQ=/club-atletico-de-san-luis-vs-toluca', 'text': ''}",{'type': 'link', 'href': 'https://www.ligafemenil.mx/cancha/playlist/119366/club-atletico-de-san-luis-vs-toluca', 'text': ''}"

2020-2021,Clausura,{'type': 'text', 'value': 'Lunes 26 de Abril de 2021\nTemporada 2020-2021\nTorneo Clausura\nJornada 16\n26 Abril 2021 - 17:00 hrs.'}",{'type': 'link', 'href': 'https://www.ligafemenil.mx/cancha/informeArbitral/119368/eyJpZERpdmlzaW9uIjoiMTQiLCJpZFRlbXBvcmFkYSI6IjcxIiwiaWRUb3JuZW8iOiIyIiwiaWRDbHVibG9jYWwiOjExMTgyLCJpZENsdWJ2aXNpdGEiOjExMTg1fQ==/informe-arbitral-guadalajara-vs-rayados-de-monterrey-jornada-16-estadio-akron-fox-sports', 'text': '5 - 0'}",{'type': 'link', 'href': 'https://www.ligafemenil.mx/cancha/estadio/1538/estadio-akron', 'text': 'Estadio AKRON'}",{'type': 'link', 'href': 'https://www.ligafemenil.mx/cancha/galeria/MTE5MzY4LzE2LzcxLzIvMTQ=/guadalajara-vs-rayados-de-monterrey', 'text': ''}",{'type': 'link', 'href': 'https://www.ligafemenil.mx/cancha/playlist/119368/guadalajara-vs-rayados-de-monterrey', 'text': ''}"

2020-2021,Clausura,{'type': 'text', 'value': 'Lunes 26 de Abril de 2021\nTemporada 2020-2021\nTorneo Clausura\nJornada 16\n26 Abril 2021 - 19:00 hrs.'}",{'type': 'link', 'href': 'https://www.ligafemenil.mx/cancha/informeArbitral/119369/eyJpZERpdmlzaW9uIjoiMTQiLCJpZFRlbXBvcmFkYSI6IjcxIiwiaWRUb3JuZW8iOiIyIiwiaWRDbHVibG9jYWwiOjExMTkyLCJpZENsdWJ2aXNpdGEiOjExNzk1fQ==/informe-arbitral-santos-laguna-vs-fc-juarez-jornada-16-estadio-tsm-corona-fox-sports', 'text': '3 - 0'}",{'type': 'link', 'href': 'https://www.ligafemenil.mx/cancha/estadio/63/estadio-tsm-corona', 'text': 'TSM Corona'}",{'type': 'link', 'href': 'https://www.ligafemenil.mx/cancha/galeria/MTE5MzY5LzE2LzcxLzIvMTQ=/santos-laguna-vs-fc-juarez', 'text': ''}",{'type': 'link', 'href': 'https://www.ligafemenil.mx/cancha/playlist/119369/santos-laguna-vs-fc-juarez', 'text': ''}"

2020-2021,Clausura,{'type': 'text', 'value': 'Lunes 26 de Abril de 2021\nTemporada 2020-2021\nTorneo Clausura\nJornada 16\n26 Abril 2021 - 19:00 hrs.'}",{'type': 'link', 'href': 'https://www.ligafemenil.mx/cancha/informeArbitral/119370/eyJpZERpdmlzaW9uIjoiMTQiLCJpZFRlbXBvcmFkYSI6IjcxIiwiaWRUb3JuZW8iOiIyIiwiaWRDbHVibG9jYWwiOjExMjQzLCJpZENsdWJ2aXNpdGEiOjExNTQzfQ==/informe-arbitral-leon-vs-puebla-fc-jornada-16-estadio-nou-camp', 'text': '2 - 1'}",{'type': 'link', 'href': 'https://www.ligafemenil.mx/cancha/estadio/23/estadio-nou-camp', 'text': 'Nou Camp'}",{'type': 'link', 'href': 'https://www.ligafemenil.mx/cancha/galeria/MTE5MzcwLzE2LzcxLzIvMTQ=/leon-vs-puebla-fc', 'text': ''}",{'type': 'link', 'href': 'https://www.ligafemenil.mx/cancha/playlist/119370/leon-vs-puebla-fc', 'text': ''}"

2020-2021,Clausura,{'type': 'text', 'value': 'Lunes 26 de Abril de 2021\nTemporada 2020-2021\nTorneo Clausura\nJornada 16\n26 Abril 2021 - 19:00 hrs.'}",{'type': 'link', 'href': 'https://www.ligafemenil.mx/cancha/informeArbitral/119367/eyJpZERpdmlzaW9uIjoiMTQiLCJpZFRlbXBvcmFkYSI6IjcxIiwiaWRUb3JuZW8iOiIyIiwiaWRDbHVibG9jYWwiOjExMTg2LCJpZENsdWJ2aXNpdGEiOjEyMDUxfQ==/informe-arbitral-tigres-de-la-uanl-vs-mazatlan-fc-jornada-16-estadio-universitario-tudn', 'text': '2 - 2'}",{'type': 'link', 'href': 'https://www.ligafemenil.mx/cancha/estadio/12/estadio-universitario', 'text': 'Universitario'}",{'type': 'link', 'href': 'https://www.ligafemenil.mx/cancha/galeria/MTE5MzY3LzE2LzcxLzIvMTQ=/tigres-de-la-uanl-vs-mazatlan-fc', 'text': ''}",{'type': 'link', 'href': 'https://www.ligafemenil.mx/cancha/playlist/119367/tigres-de-la-uanl-vs-mazatlan-fc', 'text': ''}"

2020-2021,Clausura,{'type': 'text', 'value': 'Viernes 30 de Abril de 2021\nTemporada 2020-2021\nTorneo Clausura\nJornada 17\n30 Abril 2021 - 12:45 hrs.'}",{'type': 'link', 'href': 'https://www.ligafemenil.mx/cancha/informeArbitral/119371/eyJpZERpdmlzaW9uIjoiMTQiLCJpZFRlbXBvcmFkYSI6IjcxIiwiaWRUb3JuZW8iOiIyIiwiaWRDbHVibG9jYWwiOjExMTgxLCJpZENsdWJ2aXNpdGEiOjEyMDQyfQ==/informe-arbitral-cruz-azul-vs-gallos-blancos-de-queretaro-jornada-17-estadio-instalaciones-la-noria-cancha-1-tudn', 'text': '2 - 5'}",{'type': 'link', 'href': 'https://www.ligafemenil.mx/cancha/estadio/47/estadio-instalaciones-la-noria-cancha-1', 'text': 'Instalaciones La Noria Cancha 1'}",{'type': 'link', 'href': 'https://www.ligafemenil.mx/cancha/galeria/MTE5MzcxLzE3LzcxLzIvMTQ=/cruz-azul-vs-gallos-blancos-de-queretaro', 'text': ''}",{'type': 'link', 'href': 'https://www.ligafemenil.mx/cancha/playlist/119371/cruz-azul-vs-gallos-blancos-de-queretaro', 'text': ''}"

2020-2021,Clausura,{'type': 'text', 'value': 'Sábado 1 de Mayo de 2021\nTemporada 2020-2021\nTorneo Clausura\nJornada 17\n1 Mayo 2021 - 09:00 hrs.'}",{'type': 'link', 'href': 'https://www.ligafemenil.mx/cancha/informeArbitral/119372/eyJpZERpdmlzaW9uIjoiMTQiLCJpZFRlbXBvcmFkYSI6IjcxIiwiaWRUb3JuZW8iOiIyIiwiaWRDbHVibG9jYWwiOjEyMDUxLCJpZENsdWJ2aXNpdGEiOjExMTkyfQ==/informe-arbitral-mazatlan-fc-vs-santos-laguna-jornada-17-estadio-mazatlan-tvp', 'text': '2 - 3'}",{'type': 'link', 'href': 'https://www.ligafemenil.mx/cancha/estadio/1697/estadio-mazatlan', 'text': 'Estadio Mazatlán'}",{'type': 'link', 'href': 'https://www.ligafemenil.mx/cancha/galeria/MTE5MzcyLzE3LzcxLzIvMTQ=/mazatlan-fc-vs-santos-laguna', 'text': ''}",{'type': 'link', 'href': 'https://www.ligafemenil.mx/cancha/playlist/119372/mazatlan-fc-vs-santos-laguna', 'text': ''}"

2020-2021,Clausura,{'type': 'text', 'value': 'Sábado 1 de Mayo de 2021\nTemporada 2020-2021\nTorneo Clausura\nJornada 17\n1 Mayo 2021 - 10:00 hrs.'}",{'type': 'link', 'href': 'https://www.ligafemenil.mx/cancha/informeArbitral/119377/eyJpZERpdmlzaW9uIjoiMTQiLCJpZFRlbXBvcmFkYSI6IjcxIiwiaWRUb3JuZW8iOiIyIiwiaWRDbHVibG9jYWwiOjExMTg0LCJpZENsdWJ2aXNpdGEiOjExNzc4fQ==/informe-arbitral-pachuca-vs-club-atletico-de-san-luis-jornada-17-estadio-hidalgo', 'text': '4 - 1'}",{'type': 'link', 'href': 'https://www.ligafemenil.mx/cancha/estadio/11/estadio-hidalgo', 'text': 'Hidalgo'}",{'type': 'link', 'href': 'https://www.ligafemenil.mx/cancha/galeria/MTE5Mzc3LzE3LzcxLzIvMTQ=/pachuca-vs-club-atletico-de-san-luis', 'text': ''}",{'type': 'link', 'href': 'https://www.ligafemenil.mx/cancha/playlist/119377/pachuca-vs-club-atletico-de-san-luis', 'text': ''}"

2020-2021,Clausura,{'type': 'text', 'value': 'Domingo 2 de Mayo de 2021\nTemporada 2020-2021\nTorneo Clausura\nJornada 17\n2 Mayo 2021 - 09:00 hrs.'}",{'type': 'link', 'href': 'https://www.ligafemenil.mx/cancha/informeArbitral/119374/eyJpZERpdmlzaW9uIjoiMTQiLCJpZFRlbXBvcmFkYSI6IjcxIiwiaWRUb3JuZW8iOiIyIiwiaWRDbHVibG9jYWwiOjExNzk1LCJpZENsdWJ2aXNpdGEiOjExMjQzfQ==/informe-arbitral-fc-juarez-vs-leon-jornada-17-estadio-olimpico-benito-juarez-tudn', 'text': '2 - 1'}",{'type': 'link', 'href': 'https://www.ligafemenil.mx/cancha/estadio/17/estadio-olimpico-benito-juarez', 'text': 'Olímpico Benito Juárez'}",{'type': 'link', 'href': 'https://www.ligafemenil.mx/cancha/galeria/MTE5Mzc0LzE3LzcxLzIvMTQ=/fc-juarez-vs-leon', 'text': ''}",{'type': 'link', 'href': 'https://www.ligafemenil.mx/cancha/playlist/119374/fc-juarez-vs-leon', 'text': ''}"

2020-2021,Clausura,{'type': 'text', 'value': 'Domingo 2 de Mayo de 2021\nTemporada 2020-2021\nTorneo Clausura\nJornada 17\n2 Mayo 2021 - 12:00 hrs.'}",{'type': 'link', 'href': 'https://www.ligafemenil.mx/cancha/informeArbitral/119373/eyJpZERpdmlzaW9uIjoiMTQiLCJpZFRlbXBvcmFkYSI6IjcxIiwiaWRUb3JuZW8iOiIyIiwiaWRDbHVibG9jYWwiOjExNTQzLCJpZENsdWJ2aXNpdGEiOjExMTkxfQ==/informe-arbitral-puebla-fc-vs-america-jornada-17-estadio-cuauhtemoc-tvc-deportes', 'text': '1 - 0'}",{'type': 'link', 'href': 'https://www.ligafemenil.mx/cancha/estadio/9/estadio-cuauhtemoc', 'text': 'Cuauhtémoc'}",{'type': 'link', 'href': 'https://www.ligafemenil.mx/cancha/galeria/MTE5MzczLzE3LzcxLzIvMTQ=/puebla-fc-vs-america', 'text': ''}",{'type': 'link', 'href': 'https://www.ligafemenil.mx/cancha/playlist/119373/puebla-fc-vs-america', 'text': ''}"

2020-2021,Clausura,{'type': 'text', 'value': 'Lunes 3 de Mayo de 2021\nTemporada 2020-2021\nTorneo Clausura\nJornada 17\n3 Mayo 2021 - 16:00 hrs.'}",{'type': 'link', 'href': 'https://www.ligafemenil.mx/cancha/informeArbitral/119375/eyJpZERpdmlzaW9uIjoiMTQiLCJpZFRlbXBvcmFkYSI6IjcxIiwiaWRUb3JuZW8iOiIyIiwiaWRDbHVibG9jYWwiOjExMTg3LCJpZENsdWJ2aXNpdGEiOjExMTg4fQ==/informe-arbitral-toluca-vs-pumas-jornada-17-estadio-nemesio-diez-tudn', 'text': '0 - 1'}",{'type': 'link', 'href': 'https://www.ligafemenil.mx/cancha/estadio/6/estadio-nemesio-diez', 'text': 'Nemesio Diez'}",{'type': 'link', 'href': 'https://www.ligafemenil.mx/cancha/galeria/MTE5Mzc1LzE3LzcxLzIvMTQ=/toluca-vs-pumas', 'text': ''}",{'type': 'link', 'href': 'https://www.ligafemenil.mx/cancha/playlist/119375/toluca-vs-pumas', 'text': ''}"

2020-2021,Clausura,{'type': 'text', 'value': 'Lunes 3 de Mayo de 2021\nTemporada 2020-2021\nTorneo Clausura\nJornada 17\n3 Mayo 2021 - 19:00 hrs.'}",{'type': 'link', 'href': 'https://www.ligafemenil.mx/cancha/informeArbitral/119376/eyJpZERpdmlzaW9uIjoiMTQiLCJpZFRlbXBvcmFkYSI6IjcxIiwiaWRUb3JuZW8iOiIyIiwiaWRDbHVibG9jYWwiOjExMTgyLCJpZENsdWJ2aXNpdGEiOjExMTg2fQ==/informe-arbitral-guadalajara-vs-tigres-de-la-uanl-jornada-17-estadio-akron-fox-sports', 'text': '3 - 4'}",{'type': 'link', 'href': 'https://www.ligafemenil.mx/cancha/estadio/1538/estadio-akron', 'text': 'Estadio AKRON'}",{'type': 'link', 'href': 'https://www.ligafemenil.mx/cancha/galeria/MTE5Mzc2LzE3LzcxLzIvMTQ=/guadalajara-vs-tigres-de-la-uanl', 'text': ''}",{'type': 'link', 'href': 'https://www.ligafemenil.mx/cancha/playlist/119376/guadalajara-vs-tigres-de-la-uanl', 'text': ''}"

2020-2021,Clausura,{'type': 'text', 'value': 'Lunes 3 de Mayo de 2021\nTemporada 2020-2021\nTorneo Clausura\nJornada 17\n3 Mayo 2021 - 21:00 hrs.'}",{'type': 'link', 'href': 'https://www.ligafemenil.mx/cancha/informeArbitral/119378/eyJpZERpdmlzaW9uIjoiMTQiLCJpZFRlbXBvcmFkYSI6IjcxIiwiaWRUb3JuZW8iOiIyIiwiaWRDbHVibG9jYWwiOjExMTg1LCJpZENsdWJ2aXNpdGEiOjExMjQ1fQ==/informe-arbitral-rayados-de-monterrey-vs-atlas-jornada-17-estadio-bbva-fox-sports', 'text': '3 - 1'}",{'type': 'link', 'href': 'https://www.ligafemenil.mx/cancha/estadio/1608/estadio-bbva', 'text': 'Estadio BBVA'}",{'type': 'link', 'href': 'https://www.ligafemenil.mx/cancha/galeria/MTE5Mzc4LzE3LzcxLzIvMTQ=/rayados-de-monterrey-vs-atlas', 'text': ''}",{'type': 'link', 'href': 'https://www.ligafemenil.mx/cancha/playlist/119378/rayados-de-monterrey-vs-atlas', 'text': ''}"

2020-2021,Clausura,{'type': 'text', 'value': 'Lunes 3 de Mayo de 2021\nTemporada 2020-2021\nTorneo Clausura\nJornada 17\n3 Mayo 2021 - 19:00 hrs.'}",{'type': 'link', 'href': 'https://www.ligafemenil.mx/cancha/informeArbitral/119379/eyJpZERpdmlzaW9uIjoiMTQiLCJpZFRlbXBvcmFkYSI6IjcxIiwiaWRUb3JuZW8iOiIyIiwiaWRDbHVibG9jYWwiOjExMTgwLCJpZENsdWJ2aXNpdGEiOjExMTg5fQ==/informe-arbitral-tijuana-vs-necaxa-jornada-17-estadio-caliente', 'text': '3 - 0'}",{'type': 'link', 'href': 'https://www.ligafemenil.mx/cancha/estadio/48/estadio-caliente', 'text': 'Caliente'}",{'type': 'link', 'href': 'https://www.ligafemenil.mx/cancha/galeria/MTE5Mzc5LzE3LzcxLzIvMTQ=/tijuana-vs-necaxa', 'text': ''}",{'type': 'link', 'href': 'https://www.ligafemenil.mx/cancha/playlist/119379/tijuana-vs-necaxa', 'text': ''}"

2020-2021,Clausura,{'type': 'text', 'value': 'Viernes 7 de Mayo de 2021\nTemporada 2020-2021\nTorneo Clausura\nCuartos Ida\n7 Mayo 2021 - 10:00 hrs.'}",{'type': 'link', 'href': 'https://www.ligafemenil.mx/cancha/informeArbitral/121317/eyJpZERpdmlzaW9uIjoiMTQiLCJpZFRlbXBvcmFkYSI6IjcxIiwiaWRUb3JuZW8iOiIyIiwiaWRDbHVibG9jYWwiOjExMTkxLCJpZENsdWJ2aXNpdGEiOjExMTg2fQ==/informe-arbitral-america-vs-tigres-de-la-uanl-cuartos-ida-estadio-cancha-centenario-no-5-natural-instalaciones-club-america-tudn', 'text': '0 - 4'}",{'type': 'link', 'href': 'https://www.ligafemenil.mx/cancha/estadio/1421/estadio-cancha-centenario-no-5-natural-instalaciones-club-america', 'text': 'Cancha Centenario No. 5 (Natural) Instalaciones Club América'}",{'type': 'link', 'href': 'https://www.ligafemenil.mx/cancha/galeria/MTIxMzE3LzE4LzcxLzIvMTQ=/america-vs-tigres-de-la-uanl', 'text': ''}",{'type': 'link', 'href': 'https://www.ligafemenil.mx/cancha/playlist/121317/america-vs-tigres-de-la-uanl', 'text': ''}"

2020-2021,Clausura,{'type': 'text', 'value': 'Viernes 7 de Mayo de 2021\nTemporada 2020-2021\nTorneo Clausura\nCuartos Ida\n7 Mayo 2021 - 12:00 hrs.'}",{'type': 'link', 'href': 'https://www.ligafemenil.mx/cancha/informeArbitral/121321/eyJpZERpdmlzaW9uIjoiMTQiLCJpZFRlbXBvcmFkYSI6IjcxIiwiaWRUb3JuZW8iOiIyIiwiaWRDbHVibG9jYWwiOjExMTg4LCJpZENsdWJ2aXNpdGEiOjExMTg1fQ==/informe-arbitral-pumas-vs-rayados-de-monterrey-cuartos-ida-estadio-olimpico-universitario-tudn', 'text': '1 - 2'}",{'type': 'link', 'href': 'https://www.ligafemenil.mx/cancha/estadio/7/estadio-olimpico-universitario', 'text': 'Olímpico Universitario'}",{'type': 'link', 'href': 'https://www.ligafemenil.mx/cancha/galeria/MTIxMzIxLzE4LzcxLzIvMTQ=/pumas-vs-rayados-de-monterrey', 'text': ''}",{'type': 'link', 'href': 'https://www.ligafemenil.mx/cancha/playlist/121321/pumas-vs-rayados-de-monterrey', 'text': ''}"

2020-2021,Clausura,{'type': 'text', 'value': 'Viernes 7 de Mayo de 2021\nTemporada 2020-2021\nTorneo Clausura\nCuartos Ida\n7 Mayo 2021 - 16:00 hrs.'}",{'type': 'link', 'href': 'https://www.ligafemenil.mx/cancha/informeArbitral/121319/eyJpZERpdmlzaW9uIjoiMTQiLCJpZFRlbXBvcmFkYSI6IjcxIiwiaWRUb3JuZW8iOiIyIiwiaWRDbHVibG9jYWwiOjExMTg3LCJpZENsdWJ2aXNpdGEiOjExMTgyfQ==/informe-arbitral-toluca-vs-guadalajara-cuartos-ida-estadio-instalaciones-metepec-cancha-2-tudn', 'text': '0 - 1'}",{'type': 'link', 'href': 'https://www.ligafemenil.mx/cancha/estadio/1547/estadio-instalaciones-metepec-cancha-2', 'text': 'Instalaciones Metepec Cancha 2'}",{'type': 'link', 'href': 'https://www.ligafemenil.mx/cancha/galeria/MTIxMzE5LzE4LzcxLzIvMTQ=/toluca-vs-guadalajara', 'text': ''}",{'type': 'link', 'href': 'https://www.ligafemenil.mx/cancha/playlist/121319/toluca-vs-guadalajara', 'text': ''}"

2020-2021,Clausura,{'type': 'text', 'value': 'Viernes 7 de Mayo de 2021\nTemporada 2020-2021\nTorneo Clausura\nCuartos Ida\n7 Mayo 2021 - 18:30 hrs.'}",{'type': 'link', 'href': 'https://www.ligafemenil.mx/cancha/informeArbitral/121320/eyJpZERpdmlzaW9uIjoiMTQiLCJpZFRlbXBvcmFkYSI6IjcxIiwiaWRUb3JuZW8iOiIyIiwiaWRDbHVibG9jYWwiOjExMTg0LCJpZENsdWJ2aXNpdGEiOjExMjQ1fQ==/informe-arbitral-pachuca-vs-atlas-cuartos-ida-estadio-hidalgo-fox-sports', 'text': '0 - 2'}",{'type': 'link', 'href': 'https://www.ligafemenil.mx/cancha/estadio/11/estadio-hidalgo', 'text': 'Hidalgo'}",{'type': 'link', 'href': 'https://www.ligafemenil.mx/cancha/galeria/MTIxMzIwLzE4LzcxLzIvMTQ=/pachuca-vs-atlas', 'text': ''}",{'type': 'link', 'href': 'https://www.ligafemenil.mx/cancha/playlist/121320/pachuca-vs-atlas', 'text': ''}"

2020-2021,Clausura,{'type': 'text', 'value': 'Lunes 10 de Mayo de 2021\nTemporada 2020-2021\nTorneo Clausura\nCuartos Vuelta\n10 Mayo 2021 - 16:00 hrs.'}",{'type': 'link', 'href': 'https://www.ligafemenil.mx/cancha/informeArbitral/121323/eyJpZERpdmlzaW9uIjoiMTQiLCJpZFRlbXBvcmFkYSI6IjcxIiwiaWRUb3JuZW8iOiIyIiwiaWRDbHVibG9jYWwiOjExMjQ1LCJpZENsdWJ2aXNpdGEiOjExMTg0fQ==/informe-arbitral-atlas-vs-pachuca-cuartos-vuelta-estadio-colomos-tvc-deportes', 'text': '3 - 1'}",{'type': 'link', 'href': 'https://www.ligafemenil.mx/cancha/estadio/109/estadio-colomos', 'text': 'Colomos'}",{'type': 'link', 'href': 'https://www.ligafemenil.mx/cancha/galeria/MTIxMzIzLzE5LzcxLzIvMTQ=/atlas-vs-pachuca', 'text': ''}",{'type': 'link', 'href': 'https://www.ligafemenil.mx/cancha/playlist/121323/atlas-vs-pachuca', 'text': ''}"

2020-2021,Clausura,{'type': 'text', 'value': 'Lunes 10 de Mayo de 2021\nTemporada 2020-2021\nTorneo Clausura\nCuartos Vuelta\n10 Mayo 2021 - 18:00 hrs.'}",{'type': 'link', 'href': 'https://www.ligafemenil.mx/cancha/informeArbitral/121322/eyJpZERpdmlzaW9uIjoiMTQiLCJpZFRlbXBvcmFkYSI6IjcxIiwiaWRUb3JuZW8iOiIyIiwiaWRDbHVibG9jYWwiOjExMTgyLCJpZENsdWJ2aXNpdGEiOjExMTg3fQ==/informe-arbitral-guadalajara-vs-toluca-cuartos-vuelta-estadio-akron-fox-sports', 'text': '3 - 0'}",{'type': 'link', 'href': 'https://www.ligafemenil.mx/cancha/estadio/1538/estadio-akron', 'text': 'Estadio AKRON'}",{'type': 'link', 'href': 'https://www.ligafemenil.mx/cancha/galeria/MTIxMzIyLzE5LzcxLzIvMTQ=/guadalajara-vs-toluca', 'text': ''}",{'type': 'link', 'href': 'https://www.ligafemenil.mx/cancha/playlist/121322/guadalajara-vs-toluca', 'text': ''}"

2020-2021,Clausura,{'type': 'text', 'value': 'Lunes 10 de Mayo de 2021\nTemporada 2020-2021\nTorneo Clausura\nCuartos Vuelta\n10 Mayo 2021 - 20:00 hrs.'}",{'type': 'link', 'href': 'https://www.ligafemenil.mx/cancha/informeArbitral/121318/eyJpZERpdmlzaW9uIjoiMTQiLCJpZFRlbXBvcmFkYSI6IjcxIiwiaWRUb3JuZW8iOiIyIiwiaWRDbHVibG9jYWwiOjExMTg2LCJpZENsdWJ2aXNpdGEiOjExMTkxfQ==/informe-arbitral-tigres-de-la-uanl-vs-america-cuartos-vuelta-estadio-universitario-tudn', 'text': '2 - 0'}",{'type': 'link', 'href': 'https://www.ligafemenil.mx/cancha/estadio/12/estadio-universitario', 'text': 'Universitario'}",{'type': 'link', 'href': 'https://www.ligafemenil.mx/cancha/galeria/MTIxMzE4LzE5LzcxLzIvMTQ=/tigres-de-la-uanl-vs-america', 'text': ''}",{'type': 'link', 'href': 'https://www.ligafemenil.mx/cancha/playlist/121318/tigres-de-la-uanl-vs-america', 'text': ''}"

2020-2021,Clausura,{'type': 'text', 'value': 'Lunes 10 de Mayo de 2021\nTemporada 2020-2021\nTorneo Clausura\nCuartos Vuelta\n10 Mayo 2021 - 21:30 hrs.'}",{'type': 'link', 'href': 'https://www.ligafemenil.mx/cancha/informeArbitral/121324/eyJpZERpdmlzaW9uIjoiMTQiLCJpZFRlbXBvcmFkYSI6IjcxIiwiaWRUb3JuZW8iOiIyIiwiaWRDbHVibG9jYWwiOjExMTg1LCJpZENsdWJ2aXNpdGEiOjExMTg4fQ==/informe-arbitral-rayados-de-monterrey-vs-pumas-cuartos-vuelta-estadio-bbva-fox-sports', 'text': '2 - 1'}",{'type': 'link', 'href': 'https://www.ligafemenil.mx/cancha/estadio/1608/estadio-bbva', 'text': 'Estadio BBVA'}",{'type': 'link', 'href': 'https://www.ligafemenil.mx/cancha/galeria/MTIxMzI0LzE5LzcxLzIvMTQ=/rayados-de-monterrey-vs-pumas', 'text': ''}",{'type': 'link', 'href': 'https://www.ligafemenil.mx/cancha/playlist/121324/rayados-de-monterrey-vs-pumas', 'text': ''}"

2020-2021,Clausura,{'type': 'text', 'value': 'Viernes 14 de Mayo de 2021\nTemporada 2020-2021\nTorneo Clausura\nSemifinal Ida\n14 Mayo 2021 - 17:00 hrs.'}",{'type': 'link', 'href': 'https://www.ligafemenil.mx/cancha/informeArbitral/121344/eyJpZERpdmlzaW9uIjoiMTQiLCJpZFRlbXBvcmFkYSI6IjcxIiwiaWRUb3JuZW8iOiIyIiwiaWRDbHVibG9jYWwiOjExMjQ1LCJpZENsdWJ2aXNpdGEiOjExMTgyfQ==/informe-arbitral-atlas-vs-guadalajara-semifinal-ida-estadio-jalisco-tvc-deportes', 'text': '0 - 0'}",{'type': 'link', 'href': 'https://www.ligafemenil.mx/cancha/estadio/5/estadio-jalisco', 'text': 'Jalisco'}",{'type': 'link', 'href': 'https://www.ligafemenil.mx/cancha/galeria/MTIxMzQ0LzIwLzcxLzIvMTQ=/atlas-vs-guadalajara', 'text': ''}",{'type': 'link', 'href': 'https://www.ligafemenil.mx/cancha/playlist/121344/atlas-vs-guadalajara', 'text': ''}"

2020-2021,Clausura,{'type': 'text', 'value': 'Viernes 14 de Mayo de 2021\nTemporada 2020-2021\nTorneo Clausura\nSemifinal Ida\n14 Mayo 2021 - 21:05 hrs.'}",{'type': 'link', 'href': 'https://www.ligafemenil.mx/cancha/informeArbitral/121343/eyJpZERpdmlzaW9uIjoiMTQiLCJpZFRlbXBvcmFkYSI6IjcxIiwiaWRUb3JuZW8iOiIyIiwiaWRDbHVibG9jYWwiOjExMTg1LCJpZENsdWJ2aXNpdGEiOjExMTg2fQ==/informe-arbitral-rayados-de-monterrey-vs-tigres-de-la-uanl-semifinal-ida-estadio-bbva-fox-sports', 'text': '2 - 2'}",{'type': 'link', 'href': 'https://www.ligafemenil.mx/cancha/estadio/1608/estadio-bbva', 'text': 'Estadio BBVA'}",{'type': 'link', 'href': 'https://www.ligafemenil.mx/cancha/galeria/MTIxMzQzLzIwLzcxLzIvMTQ=/rayados-de-monterrey-vs-tigres-de-la-uanl', 'text': ''}",{'type': 'link', 'href': 'https://www.ligafemenil.mx/cancha/playlist/121343/rayados-de-monterrey-vs-tigres-de-la-uanl', 'text': ''}"

2020-2021,Clausura,{'type': 'text', 'value': 'Lunes 17 de Mayo de 2021\nTemporada 2020-2021\nTorneo Clausura\nSemifinal Vuelta\n17 Mayo 2021 - 19:00 hrs.'}",{'type': 'link', 'href': 'https://www.ligafemenil.mx/cancha/informeArbitral/121345/eyJpZERpdmlzaW9uIjoiMTQiLCJpZFRlbXBvcmFkYSI6IjcxIiwiaWRUb3JuZW8iOiIyIiwiaWRDbHVibG9jYWwiOjExMTg2LCJpZENsdWJ2aXNpdGEiOjExMTg1fQ==/informe-arbitral-tigres-de-la-uanl-vs-rayados-de-monterrey-semifinal-vuelta-estadio-universitario-tudn', 'text': '4 - 1'}",{'type': 'link', 'href': 'https://www.ligafemenil.mx/cancha/estadio/12/estadio-universitario', 'text': 'Universitario'}",{'type': 'link', 'href': 'https://www.ligafemenil.mx/cancha/galeria/MTIxMzQ1LzIxLzcxLzIvMTQ=/tigres-de-la-uanl-vs-rayados-de-monterrey', 'text': ''}",{'type': 'link', 'href': 'https://www.ligafemenil.mx/cancha/playlist/121345/tigres-de-la-uanl-vs-rayados-de-monterrey', 'text': ''}"

2020-2021,Clausura,{'type': 'text', 'value': 'Lunes 17 de Mayo de 2021\nTemporada 2020-2021\nTorneo Clausura\nSemifinal Vuelta\n17 Mayo 2021 - 21:00 hrs.'}",{'type': 'link', 'href': 'https://www.ligafemenil.mx/cancha/informeArbitral/121346/eyJpZERpdmlzaW9uIjoiMTQiLCJpZFRlbXBvcmFkYSI6IjcxIiwiaWRUb3JuZW8iOiIyIiwiaWRDbHVibG9jYWwiOjExMTgyLCJpZENsdWJ2aXNpdGEiOjExMjQ1fQ==/informe-arbitral-guadalajara-vs-atlas-semifinal-vuelta-estadio-akron-fox-sports', 'text': '2 - 1'}",{'type': 'link', 'href': 'https://www.ligafemenil.mx/cancha/estadio/1538/estadio-akron', 'text': 'Estadio AKRON'}",{'type': 'link', 'href': 'https://www.ligafemenil.mx/cancha/galeria/MTIxMzQ2LzIxLzcxLzIvMTQ=/guadalajara-vs-atlas', 'text': ''}",{'type': 'link', 'href': 'https://www.ligafemenil.mx/cancha/playlist/121346/guadalajara-vs-atlas', 'text': ''}"

2020-2021,Clausura,{'type': 'text', 'value': 'Lunes 24 de Mayo de 2021\nTemporada 2020-2021\nTorneo Clausura\nFinal Ida\n24 Mayo 2021 - 21:00 hrs.'}",{'type': 'link', 'href': 'https://www.ligafemenil.mx/cancha/informeArbitral/121357/eyJpZERpdmlzaW9uIjoiMTQiLCJpZFRlbXBvcmFkYSI6IjcxIiwiaWRUb3JuZW8iOiIyIiwiaWRDbHVibG9jYWwiOjExMTgyLCJpZENsdWJ2aXNpdGEiOjExMTg2fQ==/informe-arbitral-guadalajara-vs-tigres-de-la-uanl-final-ida-estadio-akron-chivas-tv--fox', 'text': '1 - 2'}",{'type': 'link', 'href': 'https://www.ligafemenil.mx/cancha/estadio/1538/estadio-akron', 'text': 'Estadio AKRON'}",{'type': 'link', 'href': 'https://www.ligafemenil.mx/cancha/galeria/MTIxMzU3LzIyLzcxLzIvMTQ=/guadalajara-vs-tigres-de-la-uanl', 'text': ''}",{'type': 'link', 'href': 'https://www.ligafemenil.mx/cancha/playlist/121357/guadalajara-vs-tigres-de-la-uanl', 'text': ''}"

2020-2021,Clausura,{'type': 'text', 'value': 'Lunes 31 de Mayo de 2021\nTemporada 2020-2021\nTorneo Clausura\nFinal Vuelta\n31 Mayo 2021 - 19:00 hrs.'}",{'type': 'link', 'href': 'https://www.ligafemenil.mx/cancha/informeArbitral/121358/eyJpZERpdmlzaW9uIjoiMTQiLCJpZFRlbXBvcmFkYSI6IjcxIiwiaWRUb3JuZW8iOiIyIiwiaWRDbHVibG9jYWwiOjExMTg2LCJpZENsdWJ2aXNpdGEiOjExMTgyfQ==/informe-arbitral-tigres-de-la-uanl-vs-guadalajara-final-vuelta-estadio-universitario-tudn', 'text': '5 - 3'}",{'type': 'link', 'href': 'https://www.ligafemenil.mx/cancha/estadio/12/estadio-universitario', 'text': 'Universitario'}",{'type': 'link', 'href': 'https://www.ligafemenil.mx/cancha/galeria/MTIxMzU4LzIzLzcxLzIvMTQ=/tigres-de-la-uanl-vs-guadalajara', 'text': ''}",{'type': 'link', 'href': 'https://www.ligafemenil.mx/cancha/playlist/121358/tigres-de-la-uanl-vs-guadalajara', 'text': ''}"

