2021-2022,Apertura,  Viernes 16 de Julio de 2021-nTemporada 2021-2022-nTorneo Apertura-nJornada 1-n16 Julio 2021 - 1700 hrs.,  https--www.ligafemenil.mx-cancha-informeArbitral-121670-eyJpZERpdmlzaW9uIjoiMTQiLCJpZFRlbXBvcmFkYSI6IjcyIiwiaWRUb3JuZW8iOiIxIiwiaWRDbHVibG9jYWwiOjEyMDQyLCJpZENsdWJ2aXNpdGEiOjExMTg1fQ==-informe-arbitral-gallos-blancos-de-queretaro-vs-rayados-de-monterrey-jornada-1-estadio-la-corregidora-tvc-deportes,  1 - 1,  https--www.ligafemenil.mx-cancha-estadio-25-estadio-la-corregidora,  La Corregidora,  https--www.ligafemenil.mx-cancha-galeria-MTIxNjcwLzEvNzIvMS8xNA==-gallos-blancos-de-queretaro-vs-rayados-de-monterrey,  ,  https--www.ligafemenil.mx-cancha-playlist-121670-gallos-blancos-de-queretaro-vs-rayados-de-monterrey,  
2021-2022,Apertura,  Sábado 17 de Julio de 2021-nTemporada 2021-2022-nTorneo Apertura-nJornada 1-n17 Julio 2021 - 1200 hrs.,  https--www.ligafemenil.mx-cancha-informeArbitral-121671-eyJpZERpdmlzaW9uIjoiMTQiLCJpZFRlbXBvcmFkYSI6IjcyIiwiaWRUb3JuZW8iOiIxIiwiaWRDbHVibG9jYWwiOjExMTg4LCJpZENsdWJ2aXNpdGEiOjExMTg5fQ==-informe-arbitral-pumas-vs-necaxa-jornada-1-estadio-olimpico-universitario-tudn,  0 - 0,  https--www.ligafemenil.mx-cancha-estadio-7-estadio-olimpico-universitario,  Olímpico Universitario,  https--www.ligafemenil.mx-cancha-galeria-MTIxNjcxLzEvNzIvMS8xNA==-pumas-vs-necaxa,  ,  https--www.ligafemenil.mx-cancha-playlist-121671-pumas-vs-necaxa,  
2021-2022,Apertura,  Domingo 18 de Julio de 2021-nTemporada 2021-2022-nTorneo Apertura-nJornada 1-n18 Julio 2021 - 1200 hrs.,  https--www.ligafemenil.mx-cancha-informeArbitral-121673-eyJpZERpdmlzaW9uIjoiMTQiLCJpZFRlbXBvcmFkYSI6IjcyIiwiaWRUb3JuZW8iOiIxIiwiaWRDbHVibG9jYWwiOjExNTQzLCJpZENsdWJ2aXNpdGEiOjExMjQzfQ==-informe-arbitral-puebla-fc-vs-leon-jornada-1-estadio-cuauhtemoc-tvc-deportes,  3 - 1,  https--www.ligafemenil.mx-cancha-estadio-9-estadio-cuauhtemoc,  Cuauhtémoc,  https--www.ligafemenil.mx-cancha-galeria-MTIxNjczLzEvNzIvMS8xNA==-puebla-fc-vs-leon,  ,  https--www.ligafemenil.mx-cancha-playlist-121673-puebla-fc-vs-leon,  
2021-2022,Apertura,  Domingo 18 de Julio de 2021-nTemporada 2021-2022-nTorneo Apertura-nJornada 1-n18 Julio 2021 - 1200 hrs.,  https--www.ligafemenil.mx-cancha-informeArbitral-121678-eyJpZERpdmlzaW9uIjoiMTQiLCJpZFRlbXBvcmFkYSI6IjcyIiwiaWRUb3JuZW8iOiIxIiwiaWRDbHVibG9jYWwiOjExMTkxLCJpZENsdWJ2aXNpdGEiOjExMTkyfQ==-informe-arbitral-america-vs-santos-laguna-jornada-1-estadio-azteca-tudn,  2 - 1,  https--www.ligafemenil.mx-cancha-estadio-1-estadio-azteca,  Azteca,  https--www.ligafemenil.mx-cancha-galeria-MTIxNjc4LzEvNzIvMS8xNA==-america-vs-santos-laguna,  ,  https--www.ligafemenil.mx-cancha-playlist-121678-america-vs-santos-laguna,  
2021-2022,Apertura,  Lunes 19 de Julio de 2021-nTemporada 2021-2022-nTorneo Apertura-nJornada 1-n19 Julio 2021 - 1700 hrs.,  https--www.ligafemenil.mx-cancha-informeArbitral-121674-eyJpZERpdmlzaW9uIjoiMTQiLCJpZFRlbXBvcmFkYSI6IjcyIiwiaWRUb3JuZW8iOiIxIiwiaWRDbHVibG9jYWwiOjExMTg3LCJpZENsdWJ2aXNpdGEiOjExMjQ1fQ==-informe-arbitral-toluca-vs-atlas-jornada-1-estadio-nemesio-diez-tudn,  2 - 3,  https--www.ligafemenil.mx-cancha-estadio-6-estadio-nemesio-diez,  Nemesio Diez,  https--www.ligafemenil.mx-cancha-galeria-MTIxNjc0LzEvNzIvMS8xNA==-toluca-vs-atlas,  ,  https--www.ligafemenil.mx-cancha-playlist-121674-toluca-vs-atlas,  
2021-2022,Apertura,  Lunes 19 de Julio de 2021-nTemporada 2021-2022-nTorneo Apertura-nJornada 1-n19 Julio 2021 - 1900 hrs.,  https--www.ligafemenil.mx-cancha-informeArbitral-121675-eyJpZERpdmlzaW9uIjoiMTQiLCJpZFRlbXBvcmFkYSI6IjcyIiwiaWRUb3JuZW8iOiIxIiwiaWRDbHVibG9jYWwiOjExMTg0LCJpZENsdWJ2aXNpdGEiOjExMTgwfQ==-informe-arbitral-pachuca-vs-tijuana-jornada-1-estadio-hidalgo-fox-sports,  0 - 0,  https--www.ligafemenil.mx-cancha-estadio-11-estadio-hidalgo,  Hidalgo,  https--www.ligafemenil.mx-cancha-galeria-MTIxNjc1LzEvNzIvMS8xNA==-pachuca-vs-tijuana,  ,  https--www.ligafemenil.mx-cancha-playlist-121675-pachuca-vs-tijuana,  
2021-2022,Apertura,  Lunes 19 de Julio de 2021-nTemporada 2021-2022-nTorneo Apertura-nJornada 1-n19 Julio 2021 - 1900 hrs.,  https--www.ligafemenil.mx-cancha-informeArbitral-121676-eyJpZERpdmlzaW9uIjoiMTQiLCJpZFRlbXBvcmFkYSI6IjcyIiwiaWRUb3JuZW8iOiIxIiwiaWRDbHVibG9jYWwiOjExMTg2LCJpZENsdWJ2aXNpdGEiOjEyMDUxfQ==-informe-arbitral-tigres-de-la-uanl-vs-mazatlan-fc-jornada-1-estadio-universitario-tudn,  2 - 0,  https--www.ligafemenil.mx-cancha-estadio-12-estadio-universitario,  Universitario,  https--www.ligafemenil.mx-cancha-galeria-MTIxNjc2LzEvNzIvMS8xNA==-tigres-de-la-uanl-vs-mazatlan-fc,  ,  https--www.ligafemenil.mx-cancha-playlist-121676-tigres-de-la-uanl-vs-mazatlan-fc,  
2021-2022,Apertura,  Lunes 19 de Julio de 2021-nTemporada 2021-2022-nTorneo Apertura-nJornada 1-n19 Julio 2021 - 2000 hrs.,  https--www.ligafemenil.mx-cancha-informeArbitral-121677-eyJpZERpdmlzaW9uIjoiMTQiLCJpZFRlbXBvcmFkYSI6IjcyIiwiaWRUb3JuZW8iOiIxIiwiaWRDbHVibG9jYWwiOjExNzk1LCJpZENsdWJ2aXNpdGEiOjExMTgxfQ==-informe-arbitral-fc-juarez-vs-cruz-azul-jornada-1-estadio-olimpico-benito-juarez-tudn,  0 - 1,  https--www.ligafemenil.mx-cancha-estadio-17-estadio-olimpico-benito-juarez,  Olímpico Benito Juárez,  https--www.ligafemenil.mx-cancha-galeria-MTIxNjc3LzEvNzIvMS8xNA==-fc-juarez-vs-cruz-azul,  ,  https--www.ligafemenil.mx-cancha-playlist-121677-fc-juarez-vs-cruz-azul,  
2021-2022,Apertura,  Lunes 19 de Julio de 2021-nTemporada 2021-2022-nTorneo Apertura-nJornada 1-n19 Julio 2021 - 2100 hrs.,  https--www.ligafemenil.mx-cancha-informeArbitral-121672-eyJpZERpdmlzaW9uIjoiMTQiLCJpZFRlbXBvcmFkYSI6IjcyIiwiaWRUb3JuZW8iOiIxIiwiaWRDbHVibG9jYWwiOjExMTgyLCJpZENsdWJ2aXNpdGEiOjExNzc4fQ==-informe-arbitral-guadalajara-vs-club-atletico-de-san-luis-jornada-1-estadio-akron-fox-sports--chivas-tv,  5 - 0,  https--www.ligafemenil.mx-cancha-estadio-1538-estadio-akron,  Estadio AKRON,  https--www.ligafemenil.mx-cancha-galeria-MTIxNjcyLzEvNzIvMS8xNA==-guadalajara-vs-club-atletico-de-san-luis,  ,  https--www.ligafemenil.mx-cancha-playlist-121672-guadalajara-vs-club-atletico-de-san-luis,  
2021-2022,Apertura,  Viernes 23 de Julio de 2021-nTemporada 2021-2022-nTorneo Apertura-nJornada 2-n23 Julio 2021 - 1700 hrs.,  https--www.ligafemenil.mx-cancha-informeArbitral-121679-eyJpZERpdmlzaW9uIjoiMTQiLCJpZFRlbXBvcmFkYSI6IjcyIiwiaWRUb3JuZW8iOiIxIiwiaWRDbHVibG9jYWwiOjExMTkxLCJpZENsdWJ2aXNpdGEiOjExNTQzfQ==-informe-arbitral-america-vs-puebla-fc-jornada-2-estadio-azteca-tudn,  3 - 0,  https--www.ligafemenil.mx-cancha-estadio-1-estadio-azteca,  Azteca,  https--www.ligafemenil.mx-cancha-galeria-MTIxNjc5LzIvNzIvMS8xNA==-america-vs-puebla-fc,  ,  https--www.ligafemenil.mx-cancha-playlist-121679-america-vs-puebla-fc,  
2021-2022,Apertura,  Viernes 23 de Julio de 2021-nTemporada 2021-2022-nTorneo Apertura-nJornada 2-n23 Julio 2021 - 1900 hrs.,  https--www.ligafemenil.mx-cancha-informeArbitral-121680-eyJpZERpdmlzaW9uIjoiMTQiLCJpZFRlbXBvcmFkYSI6IjcyIiwiaWRUb3JuZW8iOiIxIiwiaWRDbHVibG9jYWwiOjEyMDUxLCJpZENsdWJ2aXNpdGEiOjExMTkyfQ==-informe-arbitral-mazatlan-fc-vs-santos-laguna-jornada-2-estadio-mazatlan-tvp,  0 - 2,  https--www.ligafemenil.mx-cancha-estadio-1697-estadio-mazatlan,  Estadio Mazatlán,  https--www.ligafemenil.mx-cancha-galeria-MTIxNjgwLzIvNzIvMS8xNA==-mazatlan-fc-vs-santos-laguna,  ,  https--www.ligafemenil.mx-cancha-playlist-121680-mazatlan-fc-vs-santos-laguna,  
2021-2022,Apertura,  Sábado 24 de Julio de 2021-nTemporada 2021-2022-nTorneo Apertura-nJornada 2-n24 Julio 2021 - 1200 hrs.,  https--www.ligafemenil.mx-cancha-informeArbitral-121681-eyJpZERpdmlzaW9uIjoiMTQiLCJpZFRlbXBvcmFkYSI6IjcyIiwiaWRUb3JuZW8iOiIxIiwiaWRDbHVibG9jYWwiOjExMjQ1LCJpZENsdWJ2aXNpdGEiOjEyMDQyfQ==-informe-arbitral-atlas-vs-gallos-blancos-de-queretaro-jornada-2-estadio-cecaf-tvc-deportes,  2 - 1,  https--www.ligafemenil.mx-cancha-estadio-728-estadio-cecaf,  CECAF,  https--www.ligafemenil.mx-cancha-galeria-MTIxNjgxLzIvNzIvMS8xNA==-atlas-vs-gallos-blancos-de-queretaro,  ,  https--www.ligafemenil.mx-cancha-playlist-121681-atlas-vs-gallos-blancos-de-queretaro,  
2021-2022,Apertura,  Sábado 24 de Julio de 2021-nTemporada 2021-2022-nTorneo Apertura-nJornada 2-n24 Julio 2021 - 1200 hrs.,  https--www.ligafemenil.mx-cancha-informeArbitral-121682-eyJpZERpdmlzaW9uIjoiMTQiLCJpZFRlbXBvcmFkYSI6IjcyIiwiaWRUb3JuZW8iOiIxIiwiaWRDbHVibG9jYWwiOjExMTgxLCJpZENsdWJ2aXNpdGEiOjExMTgyfQ==-informe-arbitral-cruz-azul-vs-guadalajara-jornada-2-estadio-instalaciones-la-noria-cancha-1-tudn,  1 - 1,  https--www.ligafemenil.mx-cancha-estadio-1549-estadio-instalaciones-la-noria-cancha-1,  Instalaciones la Noria Cancha 1,  https--www.ligafemenil.mx-cancha-galeria-MTIxNjgyLzIvNzIvMS8xNA==-cruz-azul-vs-guadalajara,  ,  https--www.ligafemenil.mx-cancha-playlist-121682-cruz-azul-vs-guadalajara,  
2021-2022,Apertura,  Domingo 25 de Julio de 2021-nTemporada 2021-2022-nTorneo Apertura-nJornada 2-n25 Julio 2021 - 1030 hrs.,  https--www.ligafemenil.mx-cancha-informeArbitral-121683-eyJpZERpdmlzaW9uIjoiMTQiLCJpZFRlbXBvcmFkYSI6IjcyIiwiaWRUb3JuZW8iOiIxIiwiaWRDbHVibG9jYWwiOjExMTg1LCJpZENsdWJ2aXNpdGEiOjExNzk1fQ==-informe-arbitral-rayados-de-monterrey-vs-fc-juarez-jornada-2-estadio-el-barrial,  2 - 0,  https--www.ligafemenil.mx-cancha-estadio-675-estadio-el-barrial,  El Barrial,  https--www.ligafemenil.mx-cancha-galeria-MTIxNjgzLzIvNzIvMS8xNA==-rayados-de-monterrey-vs-fc-juarez,  ,  https--www.ligafemenil.mx-cancha-playlist-121683-rayados-de-monterrey-vs-fc-juarez,  
2021-2022,Apertura,  Domingo 25 de Julio de 2021-nTemporada 2021-2022-nTorneo Apertura-nJornada 2-n25 Julio 2021 - 1700 hrs.,  https--www.ligafemenil.mx-cancha-informeArbitral-121684-eyJpZERpdmlzaW9uIjoiMTQiLCJpZFRlbXBvcmFkYSI6IjcyIiwiaWRUb3JuZW8iOiIxIiwiaWRDbHVibG9jYWwiOjExNzc4LCJpZENsdWJ2aXNpdGEiOjExMTg4fQ==-informe-arbitral-club-atletico-de-san-luis-vs-pumas-jornada-2-estadio-alfonso-lastras-ramirez-espn,  2 - 1,  https--www.ligafemenil.mx-cancha-estadio-14-estadio-alfonso-lastras-ramirez,  Alfonso Lastras Ramírez,  https--www.ligafemenil.mx-cancha-galeria-MTIxNjg0LzIvNzIvMS8xNA==-club-atletico-de-san-luis-vs-pumas,  ,  https--www.ligafemenil.mx-cancha-playlist-121684-club-atletico-de-san-luis-vs-pumas,  
2021-2022,Apertura,  Lunes 26 de Julio de 2021-nTemporada 2021-2022-nTorneo Apertura-nJornada 2-n26 Julio 2021 - 1700 hrs.,  https--www.ligafemenil.mx-cancha-informeArbitral-121685-eyJpZERpdmlzaW9uIjoiMTQiLCJpZFRlbXBvcmFkYSI6IjcyIiwiaWRUb3JuZW8iOiIxIiwiaWRDbHVibG9jYWwiOjExMTg5LCJpZENsdWJ2aXNpdGEiOjExMTg0fQ==-informe-arbitral-necaxa-vs-pachuca-jornada-2-estadio-victoria-tudn,  1 - 2,  https--www.ligafemenil.mx-cancha-estadio-15-estadio-victoria,  Victoria,  https--www.ligafemenil.mx-cancha-galeria-MTIxNjg1LzIvNzIvMS8xNA==-necaxa-vs-pachuca,  ,  https--www.ligafemenil.mx-cancha-playlist-121685-necaxa-vs-pachuca,  
2021-2022,Apertura,  Lunes 26 de Julio de 2021-nTemporada 2021-2022-nTorneo Apertura-nJornada 2-n26 Julio 2021 - 1900 hrs.,  https--www.ligafemenil.mx-cancha-informeArbitral-121686-eyJpZERpdmlzaW9uIjoiMTQiLCJpZFRlbXBvcmFkYSI6IjcyIiwiaWRUb3JuZW8iOiIxIiwiaWRDbHVibG9jYWwiOjExMjQzLCJpZENsdWJ2aXNpdGEiOjExMTg2fQ==-informe-arbitral-leon-vs-tigres-de-la-uanl-jornada-2-estadio-nou-camp-fox-sports,  0 - 2,  https--www.ligafemenil.mx-cancha-estadio-23-estadio-nou-camp,  Nou Camp,  https--www.ligafemenil.mx-cancha-galeria-MTIxNjg2LzIvNzIvMS8xNA==-leon-vs-tigres-de-la-uanl,  ,  https--www.ligafemenil.mx-cancha-playlist-121686-leon-vs-tigres-de-la-uanl,  
2021-2022,Apertura,  Lunes 26 de Julio de 2021-nTemporada 2021-2022-nTorneo Apertura-nJornada 2-n26 Julio 2021 - 1900 hrs.,  https--www.ligafemenil.mx-cancha-informeArbitral-121687-eyJpZERpdmlzaW9uIjoiMTQiLCJpZFRlbXBvcmFkYSI6IjcyIiwiaWRUb3JuZW8iOiIxIiwiaWRDbHVibG9jYWwiOjExMTgwLCJpZENsdWJ2aXNpdGEiOjExMTg3fQ==-informe-arbitral-tijuana-vs-toluca-jornada-2-estadio-caliente-fox-sports,  2 - 0,  https--www.ligafemenil.mx-cancha-estadio-48-estadio-caliente,  Caliente,  https--www.ligafemenil.mx-cancha-galeria-MTIxNjg3LzIvNzIvMS8xNA==-tijuana-vs-toluca,  ,  https--www.ligafemenil.mx-cancha-playlist-121687-tijuana-vs-toluca,  
2021-2022,Apertura,  Viernes 30 de Julio de 2021-nTemporada 2021-2022-nTorneo Apertura-nJornada 3-n30 Julio 2021 - 1700 hrs.,  https--www.ligafemenil.mx-cancha-informeArbitral-121688-eyJpZERpdmlzaW9uIjoiMTQiLCJpZFRlbXBvcmFkYSI6IjcyIiwiaWRUb3JuZW8iOiIxIiwiaWRDbHVibG9jYWwiOjEyMDQyLCJpZENsdWJ2aXNpdGEiOjExMTkxfQ==-informe-arbitral-gallos-blancos-de-queretaro-vs-america-jornada-3-estadio-la-corregidora-tvc-deportes,  1 - 3,  https--www.ligafemenil.mx-cancha-estadio-25-estadio-la-corregidora,  La Corregidora,  https--www.ligafemenil.mx-cancha-galeria-MTIxNjg4LzMvNzIvMS8xNA==-gallos-blancos-de-queretaro-vs-america,  ,  https--www.ligafemenil.mx-cancha-playlist-121688-gallos-blancos-de-queretaro-vs-america,  
2021-2022,Apertura,  Sábado 31 de Julio de 2021-nTemporada 2021-2022-nTorneo Apertura-nJornada 3-n31 Julio 2021 - 1200 hrs.,  https--www.ligafemenil.mx-cancha-informeArbitral-121689-eyJpZERpdmlzaW9uIjoiMTQiLCJpZFRlbXBvcmFkYSI6IjcyIiwiaWRUb3JuZW8iOiIxIiwiaWRDbHVibG9jYWwiOjExMTg3LCJpZENsdWJ2aXNpdGEiOjExNzc4fQ==-informe-arbitral-toluca-vs-club-atletico-de-san-luis-jornada-3-estadio-nemesio-diez-tudn,  1 - 0,  https--www.ligafemenil.mx-cancha-estadio-6-estadio-nemesio-diez,  Nemesio Diez,  https--www.ligafemenil.mx-cancha-galeria-MTIxNjg5LzMvNzIvMS8xNA==-toluca-vs-club-atletico-de-san-luis,  ,  https--www.ligafemenil.mx-cancha-playlist-121689-toluca-vs-club-atletico-de-san-luis,  
2021-2022,Apertura,  Sábado 31 de Julio de 2021-nTemporada 2021-2022-nTorneo Apertura-nJornada 3-n31 Julio 2021 - 1900 hrs.,  https--www.ligafemenil.mx-cancha-informeArbitral-121690-eyJpZERpdmlzaW9uIjoiMTQiLCJpZFRlbXBvcmFkYSI6IjcyIiwiaWRUb3JuZW8iOiIxIiwiaWRDbHVibG9jYWwiOjExMTg0LCJpZENsdWJ2aXNpdGEiOjExMTgxfQ==-informe-arbitral-pachuca-vs-cruz-azul-jornada-3-estadio-hidalgo,  0 - 1,  https--www.ligafemenil.mx-cancha-estadio-11-estadio-hidalgo,  Hidalgo,  https--www.ligafemenil.mx-cancha-galeria-MTIxNjkwLzMvNzIvMS8xNA==-pachuca-vs-cruz-azul,  ,  https--www.ligafemenil.mx-cancha-playlist-121690-pachuca-vs-cruz-azul,  
2021-2022,Apertura,  Domingo 1 de Agosto de 2021-nTemporada 2021-2022-nTorneo Apertura-nJornada 3-n1 Agosto 2021 - 1200 hrs.,  https--www.ligafemenil.mx-cancha-informeArbitral-121691-eyJpZERpdmlzaW9uIjoiMTQiLCJpZFRlbXBvcmFkYSI6IjcyIiwiaWRUb3JuZW8iOiIxIiwiaWRDbHVibG9jYWwiOjExNTQzLCJpZENsdWJ2aXNpdGEiOjEyMDUxfQ==-informe-arbitral-puebla-fc-vs-mazatlan-fc-jornada-3-estadio-cuauhtemoc-tvc-deportes,  2 - 0,  https--www.ligafemenil.mx-cancha-estadio-9-estadio-cuauhtemoc,  Cuauhtémoc,  https--www.ligafemenil.mx-cancha-galeria-MTIxNjkxLzMvNzIvMS8xNA==-puebla-fc-vs-mazatlan-fc,  ,  https--www.ligafemenil.mx-cancha-playlist-121691-puebla-fc-vs-mazatlan-fc,  
2021-2022,Apertura,  Lunes 2 de Agosto de 2021-nTemporada 2021-2022-nTorneo Apertura-nJornada 3-n2 Agosto 2021 - 1700 hrs.,  https--www.ligafemenil.mx-cancha-informeArbitral-121692-eyJpZERpdmlzaW9uIjoiMTQiLCJpZFRlbXBvcmFkYSI6IjcyIiwiaWRUb3JuZW8iOiIxIiwiaWRDbHVibG9jYWwiOjExMTg4LCJpZENsdWJ2aXNpdGEiOjExMTg1fQ==-informe-arbitral-pumas-vs-rayados-de-monterrey-jornada-3-estadio-olimpico-universitario-tudn,  0 - 3,  https--www.ligafemenil.mx-cancha-estadio-7-estadio-olimpico-universitario,  Olímpico Universitario,  https--www.ligafemenil.mx-cancha-galeria-MTIxNjkyLzMvNzIvMS8xNA==-pumas-vs-rayados-de-monterrey,  ,  https--www.ligafemenil.mx-cancha-playlist-121692-pumas-vs-rayados-de-monterrey,  
2021-2022,Apertura,  Lunes 2 de Agosto de 2021-nTemporada 2021-2022-nTorneo Apertura-nJornada 3-n2 Agosto 2021 - 1900 hrs.,  https--www.ligafemenil.mx-cancha-informeArbitral-121693-eyJpZERpdmlzaW9uIjoiMTQiLCJpZFRlbXBvcmFkYSI6IjcyIiwiaWRUb3JuZW8iOiIxIiwiaWRDbHVibG9jYWwiOjExMTgyLCJpZENsdWJ2aXNpdGEiOjExMjQzfQ==-informe-arbitral-guadalajara-vs-leon-jornada-3-estadio-akron-fox-sports--chivas-tv,  2 - 1,  https--www.ligafemenil.mx-cancha-estadio-1538-estadio-akron,  Estadio AKRON,  https--www.ligafemenil.mx-cancha-galeria-MTIxNjkzLzMvNzIvMS8xNA==-guadalajara-vs-leon,  ,  https--www.ligafemenil.mx-cancha-playlist-121693-guadalajara-vs-leon,  
2021-2022,Apertura,  Lunes 2 de Agosto de 2021-nTemporada 2021-2022-nTorneo Apertura-nJornada 3-n2 Agosto 2021 - 1900 hrs.,  https--www.ligafemenil.mx-cancha-informeArbitral-121694-eyJpZERpdmlzaW9uIjoiMTQiLCJpZFRlbXBvcmFkYSI6IjcyIiwiaWRUb3JuZW8iOiIxIiwiaWRDbHVibG9jYWwiOjExMTg2LCJpZENsdWJ2aXNpdGEiOjExMTg5fQ==-informe-arbitral-tigres-de-la-uanl-vs-necaxa-jornada-3-estadio-universitario-tudn,  8 - 1,  https--www.ligafemenil.mx-cancha-estadio-12-estadio-universitario,  Universitario,  https--www.ligafemenil.mx-cancha-galeria-MTIxNjk0LzMvNzIvMS8xNA==-tigres-de-la-uanl-vs-necaxa,  ,  https--www.ligafemenil.mx-cancha-playlist-121694-tigres-de-la-uanl-vs-necaxa,  
2021-2022,Apertura,  Lunes 2 de Agosto de 2021-nTemporada 2021-2022-nTorneo Apertura-nJornada 3-n2 Agosto 2021 - 2000 hrs.,  https--www.ligafemenil.mx-cancha-informeArbitral-121695-eyJpZERpdmlzaW9uIjoiMTQiLCJpZFRlbXBvcmFkYSI6IjcyIiwiaWRUb3JuZW8iOiIxIiwiaWRDbHVibG9jYWwiOjExNzk1LCJpZENsdWJ2aXNpdGEiOjExMjQ1fQ==-informe-arbitral-fc-juarez-vs-atlas-jornada-3-estadio-olimpico-benito-juarez-tudn,  0 - 3,  https--www.ligafemenil.mx-cancha-estadio-17-estadio-olimpico-benito-juarez,  Olímpico Benito Juárez,  https--www.ligafemenil.mx-cancha-galeria-MTIxNjk1LzMvNzIvMS8xNA==-fc-juarez-vs-atlas,  ,  https--www.ligafemenil.mx-cancha-playlist-121695-fc-juarez-vs-atlas,  
2021-2022,Apertura,  Lunes 2 de Agosto de 2021-nTemporada 2021-2022-nTorneo Apertura-nJornada 3-n2 Agosto 2021 - 2100 hrs.,  https--www.ligafemenil.mx-cancha-informeArbitral-121696-eyJpZERpdmlzaW9uIjoiMTQiLCJpZFRlbXBvcmFkYSI6IjcyIiwiaWRUb3JuZW8iOiIxIiwiaWRDbHVibG9jYWwiOjExMTkyLCJpZENsdWJ2aXNpdGEiOjExMTgwfQ==-informe-arbitral-santos-laguna-vs-tijuana-jornada-3-estadio-tsm-corona-fox-sports,  0 - 0,  https--www.ligafemenil.mx-cancha-estadio-63-estadio-tsm-corona,  TSM Corona,  https--www.ligafemenil.mx-cancha-galeria-MTIxNjk2LzMvNzIvMS8xNA==-santos-laguna-vs-tijuana,  ,  https--www.ligafemenil.mx-cancha-playlist-121696-santos-laguna-vs-tijuana,  
2021-2022,Apertura,  Sábado 7 de Agosto de 2021-nTemporada 2021-2022-nTorneo Apertura-nJornada 4-n7 Agosto 2021 - 1200 hrs.,  https--www.ligafemenil.mx-cancha-informeArbitral-121697-eyJpZERpdmlzaW9uIjoiMTQiLCJpZFRlbXBvcmFkYSI6IjcyIiwiaWRUb3JuZW8iOiIxIiwiaWRDbHVibG9jYWwiOjExMjQ1LCJpZENsdWJ2aXNpdGEiOjExMTg2fQ==-informe-arbitral-atlas-vs-tigres-de-la-uanl-jornada-4-estadio-cecaf-tvc-deportes,  0 - 4,  https--www.ligafemenil.mx-cancha-estadio-728-estadio-cecaf,  CECAF,  https--www.ligafemenil.mx-cancha-galeria-MTIxNjk3LzQvNzIvMS8xNA==-atlas-vs-tigres-de-la-uanl,  ,  https--www.ligafemenil.mx-cancha-playlist-121697-atlas-vs-tigres-de-la-uanl,  
2021-2022,Apertura,  Sábado 7 de Agosto de 2021-nTemporada 2021-2022-nTorneo Apertura-nJornada 4-n7 Agosto 2021 - 1200 hrs.,  https--www.ligafemenil.mx-cancha-informeArbitral-121698-eyJpZERpdmlzaW9uIjoiMTQiLCJpZFRlbXBvcmFkYSI6IjcyIiwiaWRUb3JuZW8iOiIxIiwiaWRDbHVibG9jYWwiOjExMTgxLCJpZENsdWJ2aXNpdGEiOjExMTg4fQ==-informe-arbitral-cruz-azul-vs-pumas-jornada-4-estadio-instalaciones-la-noria-cancha-3-sintetica-tudn,  1 - 1,  https--www.ligafemenil.mx-cancha-estadio-67-estadio-instalaciones-la-noria-cancha-3-sintetica,  Instalaciones la Noria Cancha 3 (Sintética),  https--www.ligafemenil.mx-cancha-galeria-MTIxNjk4LzQvNzIvMS8xNA==-cruz-azul-vs-pumas,  ,  https--www.ligafemenil.mx-cancha-playlist-121698-cruz-azul-vs-pumas,  
2021-2022,Apertura,  Domingo 8 de Agosto de 2021-nTemporada 2021-2022-nTorneo Apertura-nJornada 4-n8 Agosto 2021 - 1700 hrs.,  https--www.ligafemenil.mx-cancha-informeArbitral-121699-eyJpZERpdmlzaW9uIjoiMTQiLCJpZFRlbXBvcmFkYSI6IjcyIiwiaWRUb3JuZW8iOiIxIiwiaWRDbHVibG9jYWwiOjExNzc4LCJpZENsdWJ2aXNpdGEiOjExMTg0fQ==-informe-arbitral-club-atletico-de-san-luis-vs-pachuca-jornada-4-estadio-alfonso-lastras-ramirez-espn,  1 - 1,  https--www.ligafemenil.mx-cancha-estadio-14-estadio-alfonso-lastras-ramirez,  Alfonso Lastras Ramírez,  https--www.ligafemenil.mx-cancha-galeria-MTIxNjk5LzQvNzIvMS8xNA==-club-atletico-de-san-luis-vs-pachuca,  ,  https--www.ligafemenil.mx-cancha-playlist-121699-club-atletico-de-san-luis-vs-pachuca,  
2021-2022,Apertura,  Lunes 9 de Agosto de 2021-nTemporada 2021-2022-nTorneo Apertura-nJornada 4-n9 Agosto 2021 - 1700 hrs.,  https--www.ligafemenil.mx-cancha-informeArbitral-121700-eyJpZERpdmlzaW9uIjoiMTQiLCJpZFRlbXBvcmFkYSI6IjcyIiwiaWRUb3JuZW8iOiIxIiwiaWRDbHVibG9jYWwiOjExMTg5LCJpZENsdWJ2aXNpdGEiOjExMTkyfQ==-informe-arbitral-necaxa-vs-santos-laguna-jornada-4-estadio-victoria-tudn,  0 - 3,  https--www.ligafemenil.mx-cancha-estadio-15-estadio-victoria,  Victoria,  https--www.ligafemenil.mx-cancha-galeria-MTIxNzAwLzQvNzIvMS8xNA==-necaxa-vs-santos-laguna,  ,  https--www.ligafemenil.mx-cancha-playlist-121700-necaxa-vs-santos-laguna,  
2021-2022,Apertura,  Lunes 9 de Agosto de 2021-nTemporada 2021-2022-nTorneo Apertura-nJornada 4-n9 Agosto 2021 - 1700 hrs.,  https--www.ligafemenil.mx-cancha-informeArbitral-121701-eyJpZERpdmlzaW9uIjoiMTQiLCJpZFRlbXBvcmFkYSI6IjcyIiwiaWRUb3JuZW8iOiIxIiwiaWRDbHVibG9jYWwiOjExMjQzLCJpZENsdWJ2aXNpdGEiOjEyMDUxfQ==-informe-arbitral-leon-vs-mazatlan-fc-jornada-4-estadio-nou-camp-fox-sports,  5 - 0,  https--www.ligafemenil.mx-cancha-estadio-23-estadio-nou-camp,  Nou Camp,  https--www.ligafemenil.mx-cancha-galeria-MTIxNzAxLzQvNzIvMS8xNA==-leon-vs-mazatlan-fc,  ,  https--www.ligafemenil.mx-cancha-playlist-121701-leon-vs-mazatlan-fc,  
2021-2022,Apertura,  Lunes 9 de Agosto de 2021-nTemporada 2021-2022-nTorneo Apertura-nJornada 4-n9 Agosto 2021 - 1900 hrs.,  https--www.ligafemenil.mx-cancha-informeArbitral-121702-eyJpZERpdmlzaW9uIjoiMTQiLCJpZFRlbXBvcmFkYSI6IjcyIiwiaWRUb3JuZW8iOiIxIiwiaWRDbHVibG9jYWwiOjExMTkxLCJpZENsdWJ2aXNpdGEiOjExMTg3fQ==-informe-arbitral-america-vs-toluca-jornada-4-estadio-azteca-tudn,  1 - 3,  https--www.ligafemenil.mx-cancha-estadio-1-estadio-azteca,  Azteca,  https--www.ligafemenil.mx-cancha-galeria-MTIxNzAyLzQvNzIvMS8xNA==-america-vs-toluca,  ,  https--www.ligafemenil.mx-cancha-playlist-121702-america-vs-toluca,  
2021-2022,Apertura,  Lunes 9 de Agosto de 2021-nTemporada 2021-2022-nTorneo Apertura-nJornada 4-n9 Agosto 2021 - 1900 hrs.,  https--www.ligafemenil.mx-cancha-informeArbitral-121703-eyJpZERpdmlzaW9uIjoiMTQiLCJpZFRlbXBvcmFkYSI6IjcyIiwiaWRUb3JuZW8iOiIxIiwiaWRDbHVibG9jYWwiOjExMTg1LCJpZENsdWJ2aXNpdGEiOjExNTQzfQ==-informe-arbitral-rayados-de-monterrey-vs-puebla-fc-jornada-4-estadio-bbva-fox-sports,  2 - 0,  https--www.ligafemenil.mx-cancha-estadio-1608-estadio-bbva,  Estadio BBVA,  https--www.ligafemenil.mx-cancha-galeria-MTIxNzAzLzQvNzIvMS8xNA==-rayados-de-monterrey-vs-puebla-fc,  ,  https--www.ligafemenil.mx-cancha-playlist-121703-rayados-de-monterrey-vs-puebla-fc,  
2021-2022,Apertura,  Lunes 9 de Agosto de 2021-nTemporada 2021-2022-nTorneo Apertura-nJornada 4-n9 Agosto 2021 - 1900 hrs.,  https--www.ligafemenil.mx-cancha-informeArbitral-121704-eyJpZERpdmlzaW9uIjoiMTQiLCJpZFRlbXBvcmFkYSI6IjcyIiwiaWRUb3JuZW8iOiIxIiwiaWRDbHVibG9jYWwiOjExMTgwLCJpZENsdWJ2aXNpdGEiOjEyMDQyfQ==-informe-arbitral-tijuana-vs-gallos-blancos-de-queretaro-jornada-4-estadio-caliente,  1 - 1,  https--www.ligafemenil.mx-cancha-estadio-48-estadio-caliente,  Caliente,  https--www.ligafemenil.mx-cancha-galeria-MTIxNzA0LzQvNzIvMS8xNA==-tijuana-vs-gallos-blancos-de-queretaro,  ,  https--www.ligafemenil.mx-cancha-playlist-121704-tijuana-vs-gallos-blancos-de-queretaro,  
2021-2022,Apertura,  Lunes 9 de Agosto de 2021-nTemporada 2021-2022-nTorneo Apertura-nJornada 4-n9 Agosto 2021 - 2000 hrs.,  https--www.ligafemenil.mx-cancha-informeArbitral-121705-eyJpZERpdmlzaW9uIjoiMTQiLCJpZFRlbXBvcmFkYSI6IjcyIiwiaWRUb3JuZW8iOiIxIiwiaWRDbHVibG9jYWwiOjExNzk1LCJpZENsdWJ2aXNpdGEiOjExMTgyfQ==-informe-arbitral-fc-juarez-vs-guadalajara-jornada-4-estadio-olimpico-benito-juarez-tudn,  1 - 2,  https--www.ligafemenil.mx-cancha-estadio-17-estadio-olimpico-benito-juarez,  Olímpico Benito Juárez,  https--www.ligafemenil.mx-cancha-galeria-MTIxNzA1LzQvNzIvMS8xNA==-fc-juarez-vs-guadalajara,  ,  https--www.ligafemenil.mx-cancha-playlist-121705-fc-juarez-vs-guadalajara,  
2021-2022,Apertura,  Viernes 13 de Agosto de 2021-nTemporada 2021-2022-nTorneo Apertura-nJornada 5-n13 Agosto 2021 - 1700 hrs.,  https--www.ligafemenil.mx-cancha-informeArbitral-121706-eyJpZERpdmlzaW9uIjoiMTQiLCJpZFRlbXBvcmFkYSI6IjcyIiwiaWRUb3JuZW8iOiIxIiwiaWRDbHVibG9jYWwiOjEyMDQyLCJpZENsdWJ2aXNpdGEiOjExMjQzfQ==-informe-arbitral-gallos-blancos-de-queretaro-vs-leon-jornada-5-estadio-la-corregidora-tvc-deportes,  1 - 1,  https--www.ligafemenil.mx-cancha-estadio-25-estadio-la-corregidora,  La Corregidora,  https--www.ligafemenil.mx-cancha-galeria-MTIxNzA2LzUvNzIvMS8xNA==-gallos-blancos-de-queretaro-vs-leon,  ,  https--www.ligafemenil.mx-cancha-playlist-121706-gallos-blancos-de-queretaro-vs-leon,  
2021-2022,Apertura,  Viernes 13 de Agosto de 2021-nTemporada 2021-2022-nTorneo Apertura-nJornada 5-n13 Agosto 2021 - 1900 hrs.,  https--www.ligafemenil.mx-cancha-informeArbitral-121707-eyJpZERpdmlzaW9uIjoiMTQiLCJpZFRlbXBvcmFkYSI6IjcyIiwiaWRUb3JuZW8iOiIxIiwiaWRDbHVibG9jYWwiOjEyMDUxLCJpZENsdWJ2aXNpdGEiOjExMTg1fQ==-informe-arbitral-mazatlan-fc-vs-rayados-de-monterrey-jornada-5-estadio-mazatlan-tvp,  0 - 3,  https--www.ligafemenil.mx-cancha-estadio-1697-estadio-mazatlan,  Estadio Mazatlán,  https--www.ligafemenil.mx-cancha-galeria-MTIxNzA3LzUvNzIvMS8xNA==-mazatlan-fc-vs-rayados-de-monterrey,  ,  https--www.ligafemenil.mx-cancha-playlist-121707-mazatlan-fc-vs-rayados-de-monterrey,  
2021-2022,Apertura,  Sábado 14 de Agosto de 2021-nTemporada 2021-2022-nTorneo Apertura-nJornada 5-n14 Agosto 2021 - 1200 hrs.,  https--www.ligafemenil.mx-cancha-informeArbitral-121708-eyJpZERpdmlzaW9uIjoiMTQiLCJpZFRlbXBvcmFkYSI6IjcyIiwiaWRUb3JuZW8iOiIxIiwiaWRDbHVibG9jYWwiOjExMTg3LCJpZENsdWJ2aXNpdGEiOjExNzk1fQ==-informe-arbitral-toluca-vs-fc-juarez-jornada-5-estadio-nemesio-diez-tudn,  1 - 1,  https--www.ligafemenil.mx-cancha-estadio-6-estadio-nemesio-diez,  Nemesio Diez,  https--www.ligafemenil.mx-cancha-galeria-MTIxNzA4LzUvNzIvMS8xNA==-toluca-vs-fc-juarez,  ,  https--www.ligafemenil.mx-cancha-playlist-121708-toluca-vs-fc-juarez,  
2021-2022,Apertura,  Domingo 15 de Agosto de 2021-nTemporada 2021-2022-nTorneo Apertura-nJornada 5-n15 Agosto 2021 - 1030 hrs.,  https--www.ligafemenil.mx-cancha-informeArbitral-121709-eyJpZERpdmlzaW9uIjoiMTQiLCJpZFRlbXBvcmFkYSI6IjcyIiwiaWRUb3JuZW8iOiIxIiwiaWRDbHVibG9jYWwiOjExMTgyLCJpZENsdWJ2aXNpdGEiOjExMTg5fQ==-informe-arbitral-guadalajara-vs-necaxa-jornada-5-estadio-verde-valle-2-chivas-tv,  6 - 0,  https--www.ligafemenil.mx-cancha-estadio-1554-estadio-verde-valle-2,  Verde Valle 2,  https--www.ligafemenil.mx-cancha-galeria-MTIxNzA5LzUvNzIvMS8xNA==-guadalajara-vs-necaxa,  ,  https--www.ligafemenil.mx-cancha-playlist-121709-guadalajara-vs-necaxa,  
2021-2022,Apertura,  Domingo 15 de Agosto de 2021-nTemporada 2021-2022-nTorneo Apertura-nJornada 5-n15 Agosto 2021 - 1200 hrs.,  https--www.ligafemenil.mx-cancha-informeArbitral-121710-eyJpZERpdmlzaW9uIjoiMTQiLCJpZFRlbXBvcmFkYSI6IjcyIiwiaWRUb3JuZW8iOiIxIiwiaWRDbHVibG9jYWwiOjExNTQzLCJpZENsdWJ2aXNpdGEiOjExMTgxfQ==-informe-arbitral-puebla-fc-vs-cruz-azul-jornada-5-estadio-cuauhtemoc-tvc-deportes,  3 - 0,  https--www.ligafemenil.mx-cancha-estadio-9-estadio-cuauhtemoc,  Cuauhtémoc,  https--www.ligafemenil.mx-cancha-galeria-MTIxNzEwLzUvNzIvMS8xNA==-puebla-fc-vs-cruz-azul,  ,  https--www.ligafemenil.mx-cancha-playlist-121710-puebla-fc-vs-cruz-azul,  
2021-2022,Apertura,  Lunes 16 de Agosto de 2021-nTemporada 2021-2022-nTorneo Apertura-nJornada 5-n16 Agosto 2021 - 1700 hrs.,  https--www.ligafemenil.mx-cancha-informeArbitral-121711-eyJpZERpdmlzaW9uIjoiMTQiLCJpZFRlbXBvcmFkYSI6IjcyIiwiaWRUb3JuZW8iOiIxIiwiaWRDbHVibG9jYWwiOjExMTg4LCJpZENsdWJ2aXNpdGEiOjExMTgwfQ==-informe-arbitral-pumas-vs-tijuana-jornada-5-estadio-olimpico-universitario-tudn,  1 - 2,  https--www.ligafemenil.mx-cancha-estadio-7-estadio-olimpico-universitario,  Olímpico Universitario,  https--www.ligafemenil.mx-cancha-galeria-MTIxNzExLzUvNzIvMS8xNA==-pumas-vs-tijuana,  ,  https--www.ligafemenil.mx-cancha-playlist-121711-pumas-vs-tijuana,  
2021-2022,Apertura,  Lunes 16 de Agosto de 2021-nTemporada 2021-2022-nTorneo Apertura-nJornada 5-n16 Agosto 2021 - 1900 hrs.,  https--www.ligafemenil.mx-cancha-informeArbitral-121712-eyJpZERpdmlzaW9uIjoiMTQiLCJpZFRlbXBvcmFkYSI6IjcyIiwiaWRUb3JuZW8iOiIxIiwiaWRDbHVibG9jYWwiOjExMTg0LCJpZENsdWJ2aXNpdGEiOjExMTkxfQ==-informe-arbitral-pachuca-vs-america-jornada-5-estadio-hidalgo-fox-sports,  0 - 2,  https--www.ligafemenil.mx-cancha-estadio-11-estadio-hidalgo,  Hidalgo,  https--www.ligafemenil.mx-cancha-galeria-MTIxNzEyLzUvNzIvMS8xNA==-pachuca-vs-america,  ,  https--www.ligafemenil.mx-cancha-playlist-121712-pachuca-vs-america,  
2021-2022,Apertura,  Lunes 16 de Agosto de 2021-nTemporada 2021-2022-nTorneo Apertura-nJornada 5-n16 Agosto 2021 - 1900 hrs.,  https--www.ligafemenil.mx-cancha-informeArbitral-121713-eyJpZERpdmlzaW9uIjoiMTQiLCJpZFRlbXBvcmFkYSI6IjcyIiwiaWRUb3JuZW8iOiIxIiwiaWRDbHVibG9jYWwiOjExMTg2LCJpZENsdWJ2aXNpdGEiOjExNzc4fQ==-informe-arbitral-tigres-de-la-uanl-vs-club-atletico-de-san-luis-jornada-5-estadio-universitario-tudn,  5 - 1,  https--www.ligafemenil.mx-cancha-estadio-12-estadio-universitario,  Universitario,  https--www.ligafemenil.mx-cancha-galeria-MTIxNzEzLzUvNzIvMS8xNA==-tigres-de-la-uanl-vs-club-atletico-de-san-luis,  ,  https--www.ligafemenil.mx-cancha-playlist-121713-tigres-de-la-uanl-vs-club-atletico-de-san-luis,  
2021-2022,Apertura,  Lunes 16 de Agosto de 2021-nTemporada 2021-2022-nTorneo Apertura-nJornada 5-n16 Agosto 2021 - 2100 hrs.,  https--www.ligafemenil.mx-cancha-informeArbitral-121714-eyJpZERpdmlzaW9uIjoiMTQiLCJpZFRlbXBvcmFkYSI6IjcyIiwiaWRUb3JuZW8iOiIxIiwiaWRDbHVibG9jYWwiOjExMTkyLCJpZENsdWJ2aXNpdGEiOjExMjQ1fQ==-informe-arbitral-santos-laguna-vs-atlas-jornada-5-estadio-tsm-corona-fox-sports,  2 - 2,  https--www.ligafemenil.mx-cancha-estadio-63-estadio-tsm-corona,  TSM Corona,  https--www.ligafemenil.mx-cancha-galeria-MTIxNzE0LzUvNzIvMS8xNA==-santos-laguna-vs-atlas,  ,  https--www.ligafemenil.mx-cancha-playlist-121714-santos-laguna-vs-atlas,  
2021-2022,Apertura,  Viernes 20 de Agosto de 2021-nTemporada 2021-2022-nTorneo Apertura-nJornada 6-n20 Agosto 2021 - 1700 hrs.,  https--www.ligafemenil.mx-cancha-informeArbitral-121715-eyJpZERpdmlzaW9uIjoiMTQiLCJpZFRlbXBvcmFkYSI6IjcyIiwiaWRUb3JuZW8iOiIxIiwiaWRDbHVibG9jYWwiOjEyMDQyLCJpZENsdWJ2aXNpdGEiOjExNzk1fQ==-informe-arbitral-gallos-blancos-de-queretaro-vs-fc-juarez-jornada-6-estadio-la-corregidora-tvc-deportes,  4 - 0,  https--www.ligafemenil.mx-cancha-estadio-25-estadio-la-corregidora,  La Corregidora,  https--www.ligafemenil.mx-cancha-galeria-MTIxNzE1LzYvNzIvMS8xNA==-gallos-blancos-de-queretaro-vs-fc-juarez,  ,  https--www.ligafemenil.mx-cancha-playlist-121715-gallos-blancos-de-queretaro-vs-fc-juarez,  
2021-2022,Apertura,  Sábado 21 de Agosto de 2021-nTemporada 2021-2022-nTorneo Apertura-nJornada 6-n21 Agosto 2021 - 1200 hrs.,  https--www.ligafemenil.mx-cancha-informeArbitral-121718-eyJpZERpdmlzaW9uIjoiMTQiLCJpZFRlbXBvcmFkYSI6IjcyIiwiaWRUb3JuZW8iOiIxIiwiaWRDbHVibG9jYWwiOjExMTgxLCJpZENsdWJ2aXNpdGEiOjExMTg2fQ==-informe-arbitral-cruz-azul-vs-tigres-de-la-uanl-jornada-6-estadio-instalaciones-la-noria-cancha-3-sintetica-tudn,  0 - 3,  https--www.ligafemenil.mx-cancha-estadio-67-estadio-instalaciones-la-noria-cancha-3-sintetica,  Instalaciones la Noria Cancha 3 (Sintética),  https--www.ligafemenil.mx-cancha-galeria-MTIxNzE4LzYvNzIvMS8xNA==-cruz-azul-vs-tigres-de-la-uanl,  ,  https--www.ligafemenil.mx-cancha-playlist-121718-cruz-azul-vs-tigres-de-la-uanl,  
2021-2022,Apertura,  Domingo 22 de Agosto de 2021-nTemporada 2021-2022-nTorneo Apertura-nJornada 6-n22 Agosto 2021 - 1200 hrs.,  https--www.ligafemenil.mx-cancha-informeArbitral-121717-eyJpZERpdmlzaW9uIjoiMTQiLCJpZFRlbXBvcmFkYSI6IjcyIiwiaWRUb3JuZW8iOiIxIiwiaWRDbHVibG9jYWwiOjExMjQ1LCJpZENsdWJ2aXNpdGEiOjExMTg4fQ==-informe-arbitral-atlas-vs-pumas-jornada-6-estadio-jalisco-tvc-deportes,  0 - 0,  https--www.ligafemenil.mx-cancha-estadio-5-estadio-jalisco,  Jalisco,  https--www.ligafemenil.mx-cancha-galeria-MTIxNzE3LzYvNzIvMS8xNA==-atlas-vs-pumas,  ,  https--www.ligafemenil.mx-cancha-playlist-121717-atlas-vs-pumas,  
2021-2022,Apertura,  Lunes 23 de Agosto de 2021-nTemporada 2021-2022-nTorneo Apertura-nJornada 6-n23 Agosto 2021 - 1700 hrs.,  https--www.ligafemenil.mx-cancha-informeArbitral-121719-eyJpZERpdmlzaW9uIjoiMTQiLCJpZFRlbXBvcmFkYSI6IjcyIiwiaWRUb3JuZW8iOiIxIiwiaWRDbHVibG9jYWwiOjExMTg5LCJpZENsdWJ2aXNpdGEiOjExNTQzfQ==-informe-arbitral-necaxa-vs-puebla-fc-jornada-6-estadio-victoria-tudn,  1 - 0,  https--www.ligafemenil.mx-cancha-estadio-15-estadio-victoria,  Victoria,  https--www.ligafemenil.mx-cancha-galeria-MTIxNzE5LzYvNzIvMS8xNA==-necaxa-vs-puebla-fc,  ,  https--www.ligafemenil.mx-cancha-playlist-121719-necaxa-vs-puebla-fc,  
2021-2022,Apertura,  Lunes 23 de Agosto de 2021-nTemporada 2021-2022-nTorneo Apertura-nJornada 6-n23 Agosto 2021 - 1900 hrs.,  https--www.ligafemenil.mx-cancha-informeArbitral-121720-eyJpZERpdmlzaW9uIjoiMTQiLCJpZFRlbXBvcmFkYSI6IjcyIiwiaWRUb3JuZW8iOiIxIiwiaWRDbHVibG9jYWwiOjExMTkxLCJpZENsdWJ2aXNpdGEiOjExNzc4fQ==-informe-arbitral-america-vs-club-atletico-de-san-luis-jornada-6-estadio-azteca-tudn,  4 - 0,  https--www.ligafemenil.mx-cancha-estadio-1-estadio-azteca,  Azteca,  https--www.ligafemenil.mx-cancha-galeria-MTIxNzIwLzYvNzIvMS8xNA==-america-vs-club-atletico-de-san-luis,  ,  https--www.ligafemenil.mx-cancha-playlist-121720-america-vs-club-atletico-de-san-luis,  
2021-2022,Apertura,  Lunes 23 de Agosto de 2021-nTemporada 2021-2022-nTorneo Apertura-nJornada 6-n23 Agosto 2021 - 1900 hrs.,  https--www.ligafemenil.mx-cancha-informeArbitral-121721-eyJpZERpdmlzaW9uIjoiMTQiLCJpZFRlbXBvcmFkYSI6IjcyIiwiaWRUb3JuZW8iOiIxIiwiaWRDbHVibG9jYWwiOjExMjQzLCJpZENsdWJ2aXNpdGEiOjExMTkyfQ==-informe-arbitral-leon-vs-santos-laguna-jornada-6-estadio-nou-camp,  1 - 6,  https--www.ligafemenil.mx-cancha-estadio-23-estadio-nou-camp,  Nou Camp,  https--www.ligafemenil.mx-cancha-galeria-MTIxNzIxLzYvNzIvMS8xNA==-leon-vs-santos-laguna,  ,  https--www.ligafemenil.mx-cancha-playlist-121721-leon-vs-santos-laguna,  
2021-2022,Apertura,  Lunes 23 de Agosto de 2021-nTemporada 2021-2022-nTorneo Apertura-nJornada 6-n23 Agosto 2021 - 1900 hrs.,  https--www.ligafemenil.mx-cancha-informeArbitral-121722-eyJpZERpdmlzaW9uIjoiMTQiLCJpZFRlbXBvcmFkYSI6IjcyIiwiaWRUb3JuZW8iOiIxIiwiaWRDbHVibG9jYWwiOjExMTg1LCJpZENsdWJ2aXNpdGEiOjExMTg3fQ==-informe-arbitral-rayados-de-monterrey-vs-toluca-jornada-6-estadio-bbva-fox-sports,  2 - 0,  https--www.ligafemenil.mx-cancha-estadio-1608-estadio-bbva,  Estadio BBVA,  https--www.ligafemenil.mx-cancha-galeria-MTIxNzIyLzYvNzIvMS8xNA==-rayados-de-monterrey-vs-toluca,  ,  https--www.ligafemenil.mx-cancha-playlist-121722-rayados-de-monterrey-vs-toluca,  
2021-2022,Apertura,  Lunes 23 de Agosto de 2021-nTemporada 2021-2022-nTorneo Apertura-nJornada 6-n23 Agosto 2021 - 1900 hrs.,  https--www.ligafemenil.mx-cancha-informeArbitral-121716-eyJpZERpdmlzaW9uIjoiMTQiLCJpZFRlbXBvcmFkYSI6IjcyIiwiaWRUb3JuZW8iOiIxIiwiaWRDbHVibG9jYWwiOjEyMDUxLCJpZENsdWJ2aXNpdGEiOjExMTg0fQ==-informe-arbitral-mazatlan-fc-vs-pachuca-jornada-6-estadio-mazatlan-tvp,  3 - 3,  https--www.ligafemenil.mx-cancha-estadio-1697-estadio-mazatlan,  Estadio Mazatlán,  https--www.ligafemenil.mx-cancha-galeria-MTIxNzE2LzYvNzIvMS8xNA==-mazatlan-fc-vs-pachuca,  ,  https--www.ligafemenil.mx-cancha-playlist-121716-mazatlan-fc-vs-pachuca,  
2021-2022,Apertura,  Lunes 23 de Agosto de 2021-nTemporada 2021-2022-nTorneo Apertura-nJornada 6-n23 Agosto 2021 - 1900 hrs.,  https--www.ligafemenil.mx-cancha-informeArbitral-121723-eyJpZERpdmlzaW9uIjoiMTQiLCJpZFRlbXBvcmFkYSI6IjcyIiwiaWRUb3JuZW8iOiIxIiwiaWRDbHVibG9jYWwiOjExMTgwLCJpZENsdWJ2aXNpdGEiOjExMTgyfQ==-informe-arbitral-tijuana-vs-guadalajara-jornada-6-estadio-caliente-fox-sports,  0 - 1,  https--www.ligafemenil.mx-cancha-estadio-48-estadio-caliente,  Caliente,  https--www.ligafemenil.mx-cancha-galeria-MTIxNzIzLzYvNzIvMS8xNA==-tijuana-vs-guadalajara,  ,  https--www.ligafemenil.mx-cancha-playlist-121723-tijuana-vs-guadalajara,  
2021-2022,Apertura,  Sábado 28 de Agosto de 2021-nTemporada 2021-2022-nTorneo Apertura-nJornada 7-n28 Agosto 2021 - 1200 hrs.,  https--www.ligafemenil.mx-cancha-informeArbitral-121724-eyJpZERpdmlzaW9uIjoiMTQiLCJpZFRlbXBvcmFkYSI6IjcyIiwiaWRUb3JuZW8iOiIxIiwiaWRDbHVibG9jYWwiOjExMjQ1LCJpZENsdWJ2aXNpdGEiOjExMTg1fQ==-informe-arbitral-atlas-vs-rayados-de-monterrey-jornada-7-estadio-jalisco-tvc-deportes,  1 - 2,  https--www.ligafemenil.mx-cancha-estadio-5-estadio-jalisco,  Jalisco,  https--www.ligafemenil.mx-cancha-galeria-MTIxNzI0LzcvNzIvMS8xNA==-atlas-vs-rayados-de-monterrey,  ,  https--www.ligafemenil.mx-cancha-playlist-121724-atlas-vs-rayados-de-monterrey,  
2021-2022,Apertura,  Sábado 28 de Agosto de 2021-nTemporada 2021-2022-nTorneo Apertura-nJornada 7-n28 Agosto 2021 - 1200 hrs.,  https--www.ligafemenil.mx-cancha-informeArbitral-121725-eyJpZERpdmlzaW9uIjoiMTQiLCJpZFRlbXBvcmFkYSI6IjcyIiwiaWRUb3JuZW8iOiIxIiwiaWRDbHVibG9jYWwiOjExMTg4LCJpZENsdWJ2aXNpdGEiOjEyMDQyfQ==-informe-arbitral-pumas-vs-gallos-blancos-de-queretaro-jornada-7-estadio-olimpico-universitario-tudn,  2 - 0,  https--www.ligafemenil.mx-cancha-estadio-7-estadio-olimpico-universitario,  Olímpico Universitario,  https--www.ligafemenil.mx-cancha-galeria-MTIxNzI1LzcvNzIvMS8xNA==-pumas-vs-gallos-blancos-de-queretaro,  ,  https--www.ligafemenil.mx-cancha-playlist-121725-pumas-vs-gallos-blancos-de-queretaro,  
2021-2022,Apertura,  Domingo 29 de Agosto de 2021-nTemporada 2021-2022-nTorneo Apertura-nJornada 7-n29 Agosto 2021 - 1030 hrs.,  https--www.ligafemenil.mx-cancha-informeArbitral-121731-eyJpZERpdmlzaW9uIjoiMTQiLCJpZFRlbXBvcmFkYSI6IjcyIiwiaWRUb3JuZW8iOiIxIiwiaWRDbHVibG9jYWwiOjExMTgyLCJpZENsdWJ2aXNpdGEiOjEyMDUxfQ==-informe-arbitral-guadalajara-vs-mazatlan-fc-jornada-7-estadio-verde-valle-chivas-tv,  2 - 0,  https--www.ligafemenil.mx-cancha-estadio-36-estadio-verde-valle,  Verde Valle,  https--www.ligafemenil.mx-cancha-galeria-MTIxNzMxLzcvNzIvMS8xNA==-guadalajara-vs-mazatlan-fc,  ,  https--www.ligafemenil.mx-cancha-playlist-121731-guadalajara-vs-mazatlan-fc,  
2021-2022,Apertura,  Domingo 29 de Agosto de 2021-nTemporada 2021-2022-nTorneo Apertura-nJornada 7-n29 Agosto 2021 - 1700 hrs.,  https--www.ligafemenil.mx-cancha-informeArbitral-121726-eyJpZERpdmlzaW9uIjoiMTQiLCJpZFRlbXBvcmFkYSI6IjcyIiwiaWRUb3JuZW8iOiIxIiwiaWRDbHVibG9jYWwiOjExNzc4LCJpZENsdWJ2aXNpdGEiOjExMTgwfQ==-informe-arbitral-club-atletico-de-san-luis-vs-tijuana-jornada-7-estadio-alfonso-lastras-ramirez-espn,  1 - 3,  https--www.ligafemenil.mx-cancha-estadio-14-estadio-alfonso-lastras-ramirez,  Alfonso Lastras Ramírez,  https--www.ligafemenil.mx-cancha-galeria-MTIxNzI2LzcvNzIvMS8xNA==-club-atletico-de-san-luis-vs-tijuana,  ,  https--www.ligafemenil.mx-cancha-playlist-121726-club-atletico-de-san-luis-vs-tijuana,  
2021-2022,Apertura,  Lunes 30 de Agosto de 2021-nTemporada 2021-2022-nTorneo Apertura-nJornada 7-n30 Agosto 2021 - 1700 hrs.,  https--www.ligafemenil.mx-cancha-informeArbitral-121728-eyJpZERpdmlzaW9uIjoiMTQiLCJpZFRlbXBvcmFkYSI6IjcyIiwiaWRUb3JuZW8iOiIxIiwiaWRDbHVibG9jYWwiOjExMTg5LCJpZENsdWJ2aXNpdGEiOjExMTkxfQ==-informe-arbitral-necaxa-vs-america-jornada-7-estadio-victoria-tudn,  0 - 2,  https--www.ligafemenil.mx-cancha-estadio-15-estadio-victoria,  Victoria,  https--www.ligafemenil.mx-cancha-galeria-MTIxNzI4LzcvNzIvMS8xNA==-necaxa-vs-america,  ,  https--www.ligafemenil.mx-cancha-playlist-121728-necaxa-vs-america,  
2021-2022,Apertura,  Lunes 30 de Agosto de 2021-nTemporada 2021-2022-nTorneo Apertura-nJornada 7-n30 Agosto 2021 - 1900 hrs.,  https--www.ligafemenil.mx-cancha-informeArbitral-121727-eyJpZERpdmlzaW9uIjoiMTQiLCJpZFRlbXBvcmFkYSI6IjcyIiwiaWRUb3JuZW8iOiIxIiwiaWRDbHVibG9jYWwiOjExMTg0LCJpZENsdWJ2aXNpdGEiOjExNTQzfQ==-informe-arbitral-pachuca-vs-puebla-fc-jornada-7-estadio-hidalgo-fox-sports,  6 - 2,  https--www.ligafemenil.mx-cancha-estadio-11-estadio-hidalgo,  Hidalgo,  https--www.ligafemenil.mx-cancha-galeria-MTIxNzI3LzcvNzIvMS8xNA==-pachuca-vs-puebla-fc,  ,  https--www.ligafemenil.mx-cancha-playlist-121727-pachuca-vs-puebla-fc,  
2021-2022,Apertura,  Lunes 30 de Agosto de 2021-nTemporada 2021-2022-nTorneo Apertura-nJornada 7-n30 Agosto 2021 - 1900 hrs.,  https--www.ligafemenil.mx-cancha-informeArbitral-121730-eyJpZERpdmlzaW9uIjoiMTQiLCJpZFRlbXBvcmFkYSI6IjcyIiwiaWRUb3JuZW8iOiIxIiwiaWRDbHVibG9jYWwiOjExMTg2LCJpZENsdWJ2aXNpdGEiOjExMTg3fQ==-informe-arbitral-tigres-de-la-uanl-vs-toluca-jornada-7-estadio-universitario-tudn,  4 - 0,  https--www.ligafemenil.mx-cancha-estadio-12-estadio-universitario,  Universitario,  https--www.ligafemenil.mx-cancha-galeria-MTIxNzMwLzcvNzIvMS8xNA==-tigres-de-la-uanl-vs-toluca,  ,  https--www.ligafemenil.mx-cancha-playlist-121730-tigres-de-la-uanl-vs-toluca,  
2021-2022,Apertura,  Lunes 30 de Agosto de 2021-nTemporada 2021-2022-nTorneo Apertura-nJornada 7-n30 Agosto 2021 - 2100 hrs.,  https--www.ligafemenil.mx-cancha-informeArbitral-121729-eyJpZERpdmlzaW9uIjoiMTQiLCJpZFRlbXBvcmFkYSI6IjcyIiwiaWRUb3JuZW8iOiIxIiwiaWRDbHVibG9jYWwiOjExMTkyLCJpZENsdWJ2aXNpdGEiOjExMTgxfQ==-informe-arbitral-santos-laguna-vs-cruz-azul-jornada-7-estadio-tsm-corona-fox-sports,  4 - 0,  https--www.ligafemenil.mx-cancha-estadio-63-estadio-tsm-corona,  TSM Corona,  https--www.ligafemenil.mx-cancha-galeria-MTIxNzI5LzcvNzIvMS8xNA==-santos-laguna-vs-cruz-azul,  ,  https--www.ligafemenil.mx-cancha-playlist-121729-santos-laguna-vs-cruz-azul,  
2021-2022,Apertura,  Lunes 30 de Agosto de 2021-nTemporada 2021-2022-nTorneo Apertura-nJornada 7-n30 Agosto 2021 - 2000 hrs.,  https--www.ligafemenil.mx-cancha-informeArbitral-121732-eyJpZERpdmlzaW9uIjoiMTQiLCJpZFRlbXBvcmFkYSI6IjcyIiwiaWRUb3JuZW8iOiIxIiwiaWRDbHVibG9jYWwiOjExNzk1LCJpZENsdWJ2aXNpdGEiOjExMjQzfQ==-informe-arbitral-fc-juarez-vs-leon-jornada-7-estadio-olimpico-benito-juarez-tudn,  0 - 2,  https--www.ligafemenil.mx-cancha-estadio-17-estadio-olimpico-benito-juarez,  Olímpico Benito Juárez,  https--www.ligafemenil.mx-cancha-galeria-MTIxNzMyLzcvNzIvMS8xNA==-fc-juarez-vs-leon,  ,  https--www.ligafemenil.mx-cancha-playlist-121732-fc-juarez-vs-leon,  
2021-2022,Apertura,  Viernes 3 de Septiembre de 2021-nTemporada 2021-2022-nTorneo Apertura-nJornada 8-n3 Septiembre 2021 - 1700 hrs.,  https--www.ligafemenil.mx-cancha-informeArbitral-121733-eyJpZERpdmlzaW9uIjoiMTQiLCJpZFRlbXBvcmFkYSI6IjcyIiwiaWRUb3JuZW8iOiIxIiwiaWRDbHVibG9jYWwiOjEyMDQyLCJpZENsdWJ2aXNpdGEiOjExMTg2fQ==-informe-arbitral-gallos-blancos-de-queretaro-vs-tigres-de-la-uanl-jornada-8-estadio-la-corregidora-tvc-deportes,  1 - 2,  https--www.ligafemenil.mx-cancha-estadio-25-estadio-la-corregidora,  La Corregidora,  https--www.ligafemenil.mx-cancha-galeria-MTIxNzMzLzgvNzIvMS8xNA==-gallos-blancos-de-queretaro-vs-tigres-de-la-uanl,  ,  https--www.ligafemenil.mx-cancha-playlist-121733-gallos-blancos-de-queretaro-vs-tigres-de-la-uanl,  
2021-2022,Apertura,  Sábado 4 de Septiembre de 2021-nTemporada 2021-2022-nTorneo Apertura-nJornada 8-n4 Septiembre 2021 - 0900 hrs.,  https--www.ligafemenil.mx-cancha-informeArbitral-121734-eyJpZERpdmlzaW9uIjoiMTQiLCJpZFRlbXBvcmFkYSI6IjcyIiwiaWRUb3JuZW8iOiIxIiwiaWRDbHVibG9jYWwiOjEyMDUxLCJpZENsdWJ2aXNpdGEiOjExNzk1fQ==-informe-arbitral-mazatlan-fc-vs-fc-juarez-jornada-8-estadio-deportivo-benito-juarez-tvp,  1 - 2,  https--www.ligafemenil.mx-cancha-estadio-1698-estadio-deportivo-benito-juarez,  Deportivo Benito Juárez,  https--www.ligafemenil.mx-cancha-galeria-MTIxNzM0LzgvNzIvMS8xNA==-mazatlan-fc-vs-fc-juarez,  ,  https--www.ligafemenil.mx-cancha-playlist-121734-mazatlan-fc-vs-fc-juarez,  
2021-2022,Apertura,  Sábado 4 de Septiembre de 2021-nTemporada 2021-2022-nTorneo Apertura-nJornada 8-n4 Septiembre 2021 - 1200 hrs.,  https--www.ligafemenil.mx-cancha-informeArbitral-121735-eyJpZERpdmlzaW9uIjoiMTQiLCJpZFRlbXBvcmFkYSI6IjcyIiwiaWRUb3JuZW8iOiIxIiwiaWRDbHVibG9jYWwiOjExMTgxLCJpZENsdWJ2aXNpdGEiOjExNzc4fQ==-informe-arbitral-cruz-azul-vs-club-atletico-de-san-luis-jornada-8-estadio-instalaciones-la-noria-cancha-3-sintetica-tudn,  2 - 0,  https--www.ligafemenil.mx-cancha-estadio-67-estadio-instalaciones-la-noria-cancha-3-sintetica,  Instalaciones la Noria Cancha 3 (Sintética),  https--www.ligafemenil.mx-cancha-galeria-MTIxNzM1LzgvNzIvMS8xNA==-cruz-azul-vs-club-atletico-de-san-luis,  ,  https--www.ligafemenil.mx-cancha-playlist-121735-cruz-azul-vs-club-atletico-de-san-luis,  
2021-2022,Apertura,  Sábado 4 de Septiembre de 2021-nTemporada 2021-2022-nTorneo Apertura-nJornada 8-n4 Septiembre 2021 - 1810 hrs.,  https--www.ligafemenil.mx-cancha-informeArbitral-121738-eyJpZERpdmlzaW9uIjoiMTQiLCJpZFRlbXBvcmFkYSI6IjcyIiwiaWRUb3JuZW8iOiIxIiwiaWRDbHVibG9jYWwiOjExMTgyLCJpZENsdWJ2aXNpdGEiOjExMjQ1fQ==-informe-arbitral-guadalajara-vs-atlas-jornada-8-estadio-akron-fox-sports--chivas-tv,  1 - 0,  https--www.ligafemenil.mx-cancha-estadio-1538-estadio-akron,  Estadio AKRON,  https--www.ligafemenil.mx-cancha-galeria-MTIxNzM4LzgvNzIvMS8xNA==-guadalajara-vs-atlas,  ,  https--www.ligafemenil.mx-cancha-playlist-121738-guadalajara-vs-atlas,  
2021-2022,Apertura,  Sábado 4 de Septiembre de 2021-nTemporada 2021-2022-nTorneo Apertura-nJornada 8-n4 Septiembre 2021 - 2000 hrs.,  https--www.ligafemenil.mx-cancha-informeArbitral-121736-eyJpZERpdmlzaW9uIjoiMTQiLCJpZFRlbXBvcmFkYSI6IjcyIiwiaWRUb3JuZW8iOiIxIiwiaWRDbHVibG9jYWwiOjExMTkxLCJpZENsdWJ2aXNpdGEiOjExMTg4fQ==-informe-arbitral-america-vs-pumas-jornada-8-estadio-azteca-tudn,  2 - 2,  https--www.ligafemenil.mx-cancha-estadio-1-estadio-azteca,  Azteca,  https--www.ligafemenil.mx-cancha-galeria-MTIxNzM2LzgvNzIvMS8xNA==-america-vs-pumas,  ,  https--www.ligafemenil.mx-cancha-playlist-121736-america-vs-pumas,  
2021-2022,Apertura,  Domingo 5 de Septiembre de 2021-nTemporada 2021-2022-nTorneo Apertura-nJornada 8-n5 Septiembre 2021 - 1200 hrs.,  https--www.ligafemenil.mx-cancha-informeArbitral-121737-eyJpZERpdmlzaW9uIjoiMTQiLCJpZFRlbXBvcmFkYSI6IjcyIiwiaWRUb3JuZW8iOiIxIiwiaWRDbHVibG9jYWwiOjExNTQzLCJpZENsdWJ2aXNpdGEiOjExMTkyfQ==-informe-arbitral-puebla-fc-vs-santos-laguna-jornada-8-estadio-cuauhtemoc-tvc-deportes,  2 - 3,  https--www.ligafemenil.mx-cancha-estadio-9-estadio-cuauhtemoc,  Cuauhtémoc,  https--www.ligafemenil.mx-cancha-galeria-MTIxNzM3LzgvNzIvMS8xNA==-puebla-fc-vs-santos-laguna,  ,  https--www.ligafemenil.mx-cancha-playlist-121737-puebla-fc-vs-santos-laguna,  
2021-2022,Apertura,  Lunes 6 de Septiembre de 2021-nTemporada 2021-2022-nTorneo Apertura-nJornada 8-n6 Septiembre 2021 - 1700 hrs.,  https--www.ligafemenil.mx-cancha-informeArbitral-121739-eyJpZERpdmlzaW9uIjoiMTQiLCJpZFRlbXBvcmFkYSI6IjcyIiwiaWRUb3JuZW8iOiIxIiwiaWRDbHVibG9jYWwiOjExMTg3LCJpZENsdWJ2aXNpdGEiOjExMTg5fQ==-informe-arbitral-toluca-vs-necaxa-jornada-8-estadio-nemesio-diez-tudn,  0 - 1,  https--www.ligafemenil.mx-cancha-estadio-6-estadio-nemesio-diez,  Nemesio Diez,  https--www.ligafemenil.mx-cancha-galeria-MTIxNzM5LzgvNzIvMS8xNA==-toluca-vs-necaxa,  ,  https--www.ligafemenil.mx-cancha-playlist-121739-toluca-vs-necaxa,  
2021-2022,Apertura,  Lunes 6 de Septiembre de 2021-nTemporada 2021-2022-nTorneo Apertura-nJornada 8-n6 Septiembre 2021 - 1900 hrs.,  https--www.ligafemenil.mx-cancha-informeArbitral-121740-eyJpZERpdmlzaW9uIjoiMTQiLCJpZFRlbXBvcmFkYSI6IjcyIiwiaWRUb3JuZW8iOiIxIiwiaWRDbHVibG9jYWwiOjExMTg0LCJpZENsdWJ2aXNpdGEiOjExMTg1fQ==-informe-arbitral-pachuca-vs-rayados-de-monterrey-jornada-8-estadio-hidalgo-fox-sports,  0 - 1,  https--www.ligafemenil.mx-cancha-estadio-11-estadio-hidalgo,  Hidalgo,  https--www.ligafemenil.mx-cancha-galeria-MTIxNzQwLzgvNzIvMS8xNA==-pachuca-vs-rayados-de-monterrey,  ,  https--www.ligafemenil.mx-cancha-playlist-121740-pachuca-vs-rayados-de-monterrey,  
2021-2022,Apertura,  Lunes 6 de Septiembre de 2021-nTemporada 2021-2022-nTorneo Apertura-nJornada 8-n6 Septiembre 2021 - 1900 hrs.,  https--www.ligafemenil.mx-cancha-informeArbitral-121741-eyJpZERpdmlzaW9uIjoiMTQiLCJpZFRlbXBvcmFkYSI6IjcyIiwiaWRUb3JuZW8iOiIxIiwiaWRDbHVibG9jYWwiOjExMTgwLCJpZENsdWJ2aXNpdGEiOjExMjQzfQ==-informe-arbitral-tijuana-vs-leon-jornada-8-estadio-caliente,  4 - 0,  https--www.ligafemenil.mx-cancha-estadio-48-estadio-caliente,  Caliente,  https--www.ligafemenil.mx-cancha-galeria-MTIxNzQxLzgvNzIvMS8xNA==-tijuana-vs-leon,  ,  https--www.ligafemenil.mx-cancha-playlist-121741-tijuana-vs-leon,  
2021-2022,Apertura,  Sábado 11 de Septiembre de 2021-nTemporada 2021-2022-nTorneo Apertura-nJornada 9-n11 Septiembre 2021 - 1200 hrs.,  https--www.ligafemenil.mx-cancha-informeArbitral-121742-eyJpZERpdmlzaW9uIjoiMTQiLCJpZFRlbXBvcmFkYSI6IjcyIiwiaWRUb3JuZW8iOiIxIiwiaWRDbHVibG9jYWwiOjExMTgxLCJpZENsdWJ2aXNpdGEiOjExMTg3fQ==-informe-arbitral-cruz-azul-vs-toluca-jornada-9-estadio-instalaciones-la-noria-cancha-3-sintetica-tudn,  2 - 1,  https--www.ligafemenil.mx-cancha-estadio-67-estadio-instalaciones-la-noria-cancha-3-sintetica,  Instalaciones la Noria Cancha 3 (Sintética),  https--www.ligafemenil.mx-cancha-galeria-MTIxNzQyLzkvNzIvMS8xNA==-cruz-azul-vs-toluca,  ,  https--www.ligafemenil.mx-cancha-playlist-121742-cruz-azul-vs-toluca,  
2021-2022,Apertura,  Domingo 12 de Septiembre de 2021-nTemporada 2021-2022-nTorneo Apertura-nJornada 9-n12 Septiembre 2021 - 0900 hrs.,  https--www.ligafemenil.mx-cancha-informeArbitral-121749-eyJpZERpdmlzaW9uIjoiMTQiLCJpZFRlbXBvcmFkYSI6IjcyIiwiaWRUb3JuZW8iOiIxIiwiaWRDbHVibG9jYWwiOjExNzk1LCJpZENsdWJ2aXNpdGEiOjExMTkxfQ==-informe-arbitral-fc-juarez-vs-america-jornada-9-estadio-olimpico-benito-juarez-tudn,  1 - 1,  https--www.ligafemenil.mx-cancha-estadio-17-estadio-olimpico-benito-juarez,  Olímpico Benito Juárez,  https--www.ligafemenil.mx-cancha-galeria-MTIxNzQ5LzkvNzIvMS8xNA==-fc-juarez-vs-america,  ,  https--www.ligafemenil.mx-cancha-playlist-121749-fc-juarez-vs-america,  
2021-2022,Apertura,  Domingo 12 de Septiembre de 2021-nTemporada 2021-2022-nTorneo Apertura-nJornada 9-n12 Septiembre 2021 - 1030 hrs.,  https--www.ligafemenil.mx-cancha-informeArbitral-121744-eyJpZERpdmlzaW9uIjoiMTQiLCJpZFRlbXBvcmFkYSI6IjcyIiwiaWRUb3JuZW8iOiIxIiwiaWRDbHVibG9jYWwiOjExMTg1LCJpZENsdWJ2aXNpdGEiOjExMTgwfQ==-informe-arbitral-rayados-de-monterrey-vs-tijuana-jornada-9-estadio-el-barrial,  4 - 0,  https--www.ligafemenil.mx-cancha-estadio-675-estadio-el-barrial,  El Barrial,  https--www.ligafemenil.mx-cancha-galeria-MTIxNzQ0LzkvNzIvMS8xNA==-rayados-de-monterrey-vs-tijuana,  ,  https--www.ligafemenil.mx-cancha-playlist-121744-rayados-de-monterrey-vs-tijuana,  
2021-2022,Apertura,  Domingo 12 de Septiembre de 2021-nTemporada 2021-2022-nTorneo Apertura-nJornada 9-n12 Septiembre 2021 - 1200 hrs.,  https--www.ligafemenil.mx-cancha-informeArbitral-121743-eyJpZERpdmlzaW9uIjoiMTQiLCJpZFRlbXBvcmFkYSI6IjcyIiwiaWRUb3JuZW8iOiIxIiwiaWRDbHVibG9jYWwiOjExNTQzLCJpZENsdWJ2aXNpdGEiOjEyMDQyfQ==-informe-arbitral-puebla-fc-vs-gallos-blancos-de-queretaro-jornada-9-estadio-cuauhtemoc-tvc-deportes,  0 - 1,  https--www.ligafemenil.mx-cancha-estadio-9-estadio-cuauhtemoc,  Cuauhtémoc,  https--www.ligafemenil.mx-cancha-galeria-MTIxNzQzLzkvNzIvMS8xNA==-puebla-fc-vs-gallos-blancos-de-queretaro,  ,  https--www.ligafemenil.mx-cancha-playlist-121743-puebla-fc-vs-gallos-blancos-de-queretaro,  
2021-2022,Apertura,  Domingo 12 de Septiembre de 2021-nTemporada 2021-2022-nTorneo Apertura-nJornada 9-n12 Septiembre 2021 - 1700 hrs.,  https--www.ligafemenil.mx-cancha-informeArbitral-121745-eyJpZERpdmlzaW9uIjoiMTQiLCJpZFRlbXBvcmFkYSI6IjcyIiwiaWRUb3JuZW8iOiIxIiwiaWRDbHVibG9jYWwiOjExNzc4LCJpZENsdWJ2aXNpdGEiOjExMjQ1fQ==-informe-arbitral-club-atletico-de-san-luis-vs-atlas-jornada-9-estadio-alfonso-lastras-ramirez-espn,  0 - 0,  https--www.ligafemenil.mx-cancha-estadio-14-estadio-alfonso-lastras-ramirez,  Alfonso Lastras Ramírez,  https--www.ligafemenil.mx-cancha-galeria-MTIxNzQ1LzkvNzIvMS8xNA==-club-atletico-de-san-luis-vs-atlas,  ,  https--www.ligafemenil.mx-cancha-playlist-121745-club-atletico-de-san-luis-vs-atlas,  
2021-2022,Apertura,  Domingo 12 de Septiembre de 2021-nTemporada 2021-2022-nTorneo Apertura-nJornada 9-n12 Septiembre 2021 - 2100 hrs.,  https--www.ligafemenil.mx-cancha-informeArbitral-121822-eyJpZERpdmlzaW9uIjoiMTQiLCJpZFRlbXBvcmFkYSI6IjcyIiwiaWRUb3JuZW8iOiIxIiwiaWRDbHVibG9jYWwiOjExMTkyLCJpZENsdWJ2aXNpdGEiOjExMTgyfQ==-informe-arbitral-santos-laguna-vs-guadalajara-jornada-9-estadio-tsm-corona-fox-sports,  5 - 4,  https--www.ligafemenil.mx-cancha-estadio-63-estadio-tsm-corona,  TSM Corona,  https--www.ligafemenil.mx-cancha-galeria-MTIxODIyLzkvNzIvMS8xNA==-santos-laguna-vs-guadalajara,  ,  https--www.ligafemenil.mx-cancha-playlist-121822-santos-laguna-vs-guadalajara,  
2021-2022,Apertura,  Domingo 12 de Septiembre de 2021-nTemporada 2021-2022-nTorneo Apertura-nJornada 9-n12 Septiembre 2021 - 2100 hrs.,  https--www.ligafemenil.mx-cancha-informeArbitral-121748-eyJpZERpdmlzaW9uIjoiMTQiLCJpZFRlbXBvcmFkYSI6IjcyIiwiaWRUb3JuZW8iOiIxIiwiaWRDbHVibG9jYWwiOjExMTg2LCJpZENsdWJ2aXNpdGEiOjExMTg0fQ==-informe-arbitral-tigres-de-la-uanl-vs-pachuca-jornada-9-estadio-universitario-tudn,  5 - 0,  https--www.ligafemenil.mx-cancha-estadio-12-estadio-universitario,  Universitario,  https--www.ligafemenil.mx-cancha-galeria-MTIxNzQ4LzkvNzIvMS8xNA==-tigres-de-la-uanl-vs-pachuca,  ,  https--www.ligafemenil.mx-cancha-playlist-121748-tigres-de-la-uanl-vs-pachuca,  
2021-2022,Apertura,  Lunes 13 de Septiembre de 2021-nTemporada 2021-2022-nTorneo Apertura-nJornada 9-n13 Septiembre 2021 - 1700 hrs.,  https--www.ligafemenil.mx-cancha-informeArbitral-121746-eyJpZERpdmlzaW9uIjoiMTQiLCJpZFRlbXBvcmFkYSI6IjcyIiwiaWRUb3JuZW8iOiIxIiwiaWRDbHVibG9jYWwiOjExMTg5LCJpZENsdWJ2aXNpdGEiOjEyMDUxfQ==-informe-arbitral-necaxa-vs-mazatlan-fc-jornada-9-estadio-victoria-tudn,  3 - 0,  https--www.ligafemenil.mx-cancha-estadio-15-estadio-victoria,  Victoria,  https--www.ligafemenil.mx-cancha-galeria-MTIxNzQ2LzkvNzIvMS8xNA==-necaxa-vs-mazatlan-fc,  ,  https--www.ligafemenil.mx-cancha-playlist-121746-necaxa-vs-mazatlan-fc,  
2021-2022,Apertura,  Lunes 13 de Septiembre de 2021-nTemporada 2021-2022-nTorneo Apertura-nJornada 9-n13 Septiembre 2021 - 1900 hrs.,  https--www.ligafemenil.mx-cancha-informeArbitral-121747-eyJpZERpdmlzaW9uIjoiMTQiLCJpZFRlbXBvcmFkYSI6IjcyIiwiaWRUb3JuZW8iOiIxIiwiaWRDbHVibG9jYWwiOjExMjQzLCJpZENsdWJ2aXNpdGEiOjExMTg4fQ==-informe-arbitral-leon-vs-pumas-jornada-9-estadio-nou-camp-fox-sports,  0 - 0,  https--www.ligafemenil.mx-cancha-estadio-23-estadio-nou-camp,  Nou Camp,  https--www.ligafemenil.mx-cancha-galeria-MTIxNzQ3LzkvNzIvMS8xNA==-leon-vs-pumas,  ,  https--www.ligafemenil.mx-cancha-playlist-121747-leon-vs-pumas,  
2021-2022,Apertura,  Viernes 24 de Septiembre de 2021-nTemporada 2021-2022-nTorneo Apertura-nJornada 10-n24 Septiembre 2021 - 1700 hrs.,  https--www.ligafemenil.mx-cancha-informeArbitral-121750-eyJpZERpdmlzaW9uIjoiMTQiLCJpZFRlbXBvcmFkYSI6IjcyIiwiaWRUb3JuZW8iOiIxIiwiaWRDbHVibG9jYWwiOjEyMDQyLCJpZENsdWJ2aXNpdGEiOjExNzc4fQ==-informe-arbitral-gallos-blancos-de-queretaro-vs-club-atletico-de-san-luis-jornada-10-estadio-la-corregidora-tvc-deportes,  1 - 1,  https--www.ligafemenil.mx-cancha-estadio-25-estadio-la-corregidora,  La Corregidora,  https--www.ligafemenil.mx-cancha-galeria-MTIxNzUwLzEwLzcyLzEvMTQ=-gallos-blancos-de-queretaro-vs-club-atletico-de-san-luis,  ,  https--www.ligafemenil.mx-cancha-playlist-121750-gallos-blancos-de-queretaro-vs-club-atletico-de-san-luis,  
2021-2022,Apertura,  Viernes 24 de Septiembre de 2021-nTemporada 2021-2022-nTorneo Apertura-nJornada 10-n24 Septiembre 2021 - 1900 hrs.,  https--www.ligafemenil.mx-cancha-informeArbitral-121751-eyJpZERpdmlzaW9uIjoiMTQiLCJpZFRlbXBvcmFkYSI6IjcyIiwiaWRUb3JuZW8iOiIxIiwiaWRDbHVibG9jYWwiOjEyMDUxLCJpZENsdWJ2aXNpdGEiOjExMTkxfQ==-informe-arbitral-mazatlan-fc-vs-america-jornada-10-estadio-mazatlan-tvp,  0 - 0,  https--www.ligafemenil.mx-cancha-estadio-1697-estadio-mazatlan,  Estadio Mazatlán,  https--www.ligafemenil.mx-cancha-galeria-MTIxNzUxLzEwLzcyLzEvMTQ=-mazatlan-fc-vs-america,  ,  https--www.ligafemenil.mx-cancha-playlist-121751-mazatlan-fc-vs-america,  
2021-2022,Apertura,  Domingo 26 de Septiembre de 2021-nTemporada 2021-2022-nTorneo Apertura-nJornada 10-n26 Septiembre 2021 - 1200 hrs.,  https--www.ligafemenil.mx-cancha-informeArbitral-121752-eyJpZERpdmlzaW9uIjoiMTQiLCJpZFRlbXBvcmFkYSI6IjcyIiwiaWRUb3JuZW8iOiIxIiwiaWRDbHVibG9jYWwiOjExMjQ1LCJpZENsdWJ2aXNpdGEiOjExMTgxfQ==-informe-arbitral-atlas-vs-cruz-azul-jornada-10-estadio-jalisco-tvc-deportes,  3 - 0,  https--www.ligafemenil.mx-cancha-estadio-5-estadio-jalisco,  Jalisco,  https--www.ligafemenil.mx-cancha-galeria-MTIxNzUyLzEwLzcyLzEvMTQ=-atlas-vs-cruz-azul,  ,  https--www.ligafemenil.mx-cancha-playlist-121752-atlas-vs-cruz-azul,  
2021-2022,Apertura,  Lunes 27 de Septiembre de 2021-nTemporada 2021-2022-nTorneo Apertura-nJornada 10-n27 Septiembre 2021 - 1700 hrs.,  https--www.ligafemenil.mx-cancha-informeArbitral-121758-eyJpZERpdmlzaW9uIjoiMTQiLCJpZFRlbXBvcmFkYSI6IjcyIiwiaWRUb3JuZW8iOiIxIiwiaWRDbHVibG9jYWwiOjExMTkyLCJpZENsdWJ2aXNpdGEiOjExMTg1fQ==-informe-arbitral-santos-laguna-vs-rayados-de-monterrey-jornada-10-estadio-tsm-corona,  2 - 2,  https--www.ligafemenil.mx-cancha-estadio-63-estadio-tsm-corona,  TSM Corona,  https--www.ligafemenil.mx-cancha-galeria-MTIxNzU4LzEwLzcyLzEvMTQ=-santos-laguna-vs-rayados-de-monterrey,  ,  https--www.ligafemenil.mx-cancha-playlist-121758-santos-laguna-vs-rayados-de-monterrey,  
2021-2022,Apertura,  Lunes 27 de Septiembre de 2021-nTemporada 2021-2022-nTorneo Apertura-nJornada 10-n27 Septiembre 2021 - 1900 hrs.,  https--www.ligafemenil.mx-cancha-informeArbitral-121753-eyJpZERpdmlzaW9uIjoiMTQiLCJpZFRlbXBvcmFkYSI6IjcyIiwiaWRUb3JuZW8iOiIxIiwiaWRDbHVibG9jYWwiOjExMTg4LCJpZENsdWJ2aXNpdGEiOjExNzk1fQ==-informe-arbitral-pumas-vs-fc-juarez-jornada-10-estadio-olimpico-universitario-tudn,  3 - 0,  https--www.ligafemenil.mx-cancha-estadio-7-estadio-olimpico-universitario,  Olímpico Universitario,  https--www.ligafemenil.mx-cancha-galeria-MTIxNzUzLzEwLzcyLzEvMTQ=-pumas-vs-fc-juarez,  ,  https--www.ligafemenil.mx-cancha-playlist-121753-pumas-vs-fc-juarez,  
2021-2022,Apertura,  Lunes 27 de Septiembre de 2021-nTemporada 2021-2022-nTorneo Apertura-nJornada 10-n27 Septiembre 2021 - 1900 hrs.,  https--www.ligafemenil.mx-cancha-informeArbitral-121754-eyJpZERpdmlzaW9uIjoiMTQiLCJpZFRlbXBvcmFkYSI6IjcyIiwiaWRUb3JuZW8iOiIxIiwiaWRDbHVibG9jYWwiOjExMTg3LCJpZENsdWJ2aXNpdGEiOjExNTQzfQ==-informe-arbitral-toluca-vs-puebla-fc-jornada-10-estadio-nemesio-diez-tudn,  1 - 1,  https--www.ligafemenil.mx-cancha-estadio-6-estadio-nemesio-diez,  Nemesio Diez,  https--www.ligafemenil.mx-cancha-galeria-MTIxNzU0LzEwLzcyLzEvMTQ=-toluca-vs-puebla-fc,  ,  https--www.ligafemenil.mx-cancha-playlist-121754-toluca-vs-puebla-fc,  
2021-2022,Apertura,  Lunes 27 de Septiembre de 2021-nTemporada 2021-2022-nTorneo Apertura-nJornada 10-n27 Septiembre 2021 - 1900 hrs.,  https--www.ligafemenil.mx-cancha-informeArbitral-121755-eyJpZERpdmlzaW9uIjoiMTQiLCJpZFRlbXBvcmFkYSI6IjcyIiwiaWRUb3JuZW8iOiIxIiwiaWRDbHVibG9jYWwiOjExMTg2LCJpZENsdWJ2aXNpdGEiOjExMTgwfQ==-informe-arbitral-tigres-de-la-uanl-vs-tijuana-jornada-10-estadio-universitario-tudn,  3 - 0,  https--www.ligafemenil.mx-cancha-estadio-12-estadio-universitario,  Universitario,  https--www.ligafemenil.mx-cancha-galeria-MTIxNzU1LzEwLzcyLzEvMTQ=-tigres-de-la-uanl-vs-tijuana,  ,  https--www.ligafemenil.mx-cancha-playlist-121755-tigres-de-la-uanl-vs-tijuana,  
2021-2022,Apertura,  Lunes 27 de Septiembre de 2021-nTemporada 2021-2022-nTorneo Apertura-nJornada 10-n27 Septiembre 2021 - 1900 hrs.,  https--www.ligafemenil.mx-cancha-informeArbitral-121756-eyJpZERpdmlzaW9uIjoiMTQiLCJpZFRlbXBvcmFkYSI6IjcyIiwiaWRUb3JuZW8iOiIxIiwiaWRDbHVibG9jYWwiOjExMjQzLCJpZENsdWJ2aXNpdGEiOjExMTg5fQ==-informe-arbitral-leon-vs-necaxa-jornada-10-estadio-nou-camp-fox-sports,  1 - 1,  https--www.ligafemenil.mx-cancha-estadio-23-estadio-nou-camp,  Nou Camp,  https--www.ligafemenil.mx-cancha-galeria-MTIxNzU2LzEwLzcyLzEvMTQ=-leon-vs-necaxa,  ,  https--www.ligafemenil.mx-cancha-playlist-121756-leon-vs-necaxa,  
2021-2022,Apertura,  Lunes 27 de Septiembre de 2021-nTemporada 2021-2022-nTorneo Apertura-nJornada 10-n27 Septiembre 2021 - 2100 hrs.,  https--www.ligafemenil.mx-cancha-informeArbitral-121757-eyJpZERpdmlzaW9uIjoiMTQiLCJpZFRlbXBvcmFkYSI6IjcyIiwiaWRUb3JuZW8iOiIxIiwiaWRDbHVibG9jYWwiOjExMTgyLCJpZENsdWJ2aXNpdGEiOjExMTg0fQ==-informe-arbitral-guadalajara-vs-pachuca-jornada-10-estadio-akron-fox-sports--chivas-tv,  2 - 1,  https--www.ligafemenil.mx-cancha-estadio-1538-estadio-akron,  Estadio AKRON,  https--www.ligafemenil.mx-cancha-galeria-MTIxNzU3LzEwLzcyLzEvMTQ=-guadalajara-vs-pachuca,  ,  https--www.ligafemenil.mx-cancha-playlist-121757-guadalajara-vs-pachuca,  
2021-2022,Apertura,  Sábado 2 de Octubre de 2021-nTemporada 2021-2022-nTorneo Apertura-nJornada 11-n2 Octubre 2021 - 1200 hrs.,  https--www.ligafemenil.mx-cancha-informeArbitral-121759-eyJpZERpdmlzaW9uIjoiMTQiLCJpZFRlbXBvcmFkYSI6IjcyIiwiaWRUb3JuZW8iOiIxIiwiaWRDbHVibG9jYWwiOjExMTg4LCJpZENsdWJ2aXNpdGEiOjExMTgyfQ==-informe-arbitral-pumas-vs-guadalajara-jornada-11-estadio-olimpico-universitario-tudn,  1 - 0,  https--www.ligafemenil.mx-cancha-estadio-7-estadio-olimpico-universitario,  Olímpico Universitario,  https--www.ligafemenil.mx-cancha-galeria-MTIxNzU5LzExLzcyLzEvMTQ=-pumas-vs-guadalajara,  ,  https--www.ligafemenil.mx-cancha-playlist-121759-pumas-vs-guadalajara,  
2021-2022,Apertura,  Sábado 2 de Octubre de 2021-nTemporada 2021-2022-nTorneo Apertura-nJornada 11-n2 Octubre 2021 - 1900 hrs.,  https--www.ligafemenil.mx-cancha-informeArbitral-121760-eyJpZERpdmlzaW9uIjoiMTQiLCJpZFRlbXBvcmFkYSI6IjcyIiwiaWRUb3JuZW8iOiIxIiwiaWRDbHVibG9jYWwiOjExMTg0LCJpZENsdWJ2aXNpdGEiOjExMTg3fQ==-informe-arbitral-pachuca-vs-toluca-jornada-11-estadio-hidalgo,  1 - 1,  https--www.ligafemenil.mx-cancha-estadio-11-estadio-hidalgo,  Hidalgo,  https--www.ligafemenil.mx-cancha-galeria-MTIxNzYwLzExLzcyLzEvMTQ=-pachuca-vs-toluca,  ,  https--www.ligafemenil.mx-cancha-playlist-121760-pachuca-vs-toluca,  
2021-2022,Apertura,  Domingo 3 de Octubre de 2021-nTemporada 2021-2022-nTorneo Apertura-nJornada 11-n3 Octubre 2021 - 1200 hrs.,  https--www.ligafemenil.mx-cancha-informeArbitral-121761-eyJpZERpdmlzaW9uIjoiMTQiLCJpZFRlbXBvcmFkYSI6IjcyIiwiaWRUb3JuZW8iOiIxIiwiaWRDbHVibG9jYWwiOjExNTQzLCJpZENsdWJ2aXNpdGEiOjExMTg2fQ==-informe-arbitral-puebla-fc-vs-tigres-de-la-uanl-jornada-11-estadio-cuauhtemoc-tvc-deportes,  0 - 3,  https--www.ligafemenil.mx-cancha-estadio-9-estadio-cuauhtemoc,  Cuauhtémoc,  https--www.ligafemenil.mx-cancha-galeria-MTIxNzYxLzExLzcyLzEvMTQ=-puebla-fc-vs-tigres-de-la-uanl,  ,  https--www.ligafemenil.mx-cancha-playlist-121761-puebla-fc-vs-tigres-de-la-uanl,  
2021-2022,Apertura,  Domingo 3 de Octubre de 2021-nTemporada 2021-2022-nTorneo Apertura-nJornada 11-n3 Octubre 2021 - 1700 hrs.,  https--www.ligafemenil.mx-cancha-informeArbitral-121762-eyJpZERpdmlzaW9uIjoiMTQiLCJpZFRlbXBvcmFkYSI6IjcyIiwiaWRUb3JuZW8iOiIxIiwiaWRDbHVibG9jYWwiOjExNzc4LCJpZENsdWJ2aXNpdGEiOjEyMDUxfQ==-informe-arbitral-club-atletico-de-san-luis-vs-mazatlan-fc-jornada-11-estadio-alfonso-lastras-ramirez-espn,  1 - 1,  https--www.ligafemenil.mx-cancha-estadio-14-estadio-alfonso-lastras-ramirez,  Alfonso Lastras Ramírez,  https--www.ligafemenil.mx-cancha-galeria-MTIxNzYyLzExLzcyLzEvMTQ=-club-atletico-de-san-luis-vs-mazatlan-fc,  ,  https--www.ligafemenil.mx-cancha-playlist-121762-club-atletico-de-san-luis-vs-mazatlan-fc,  
2021-2022,Apertura,  Lunes 4 de Octubre de 2021-nTemporada 2021-2022-nTorneo Apertura-nJornada 11-n4 Octubre 2021 - 1700 hrs.,  https--www.ligafemenil.mx-cancha-informeArbitral-121763-eyJpZERpdmlzaW9uIjoiMTQiLCJpZFRlbXBvcmFkYSI6IjcyIiwiaWRUb3JuZW8iOiIxIiwiaWRDbHVibG9jYWwiOjExMTg5LCJpZENsdWJ2aXNpdGEiOjEyMDQyfQ==-informe-arbitral-necaxa-vs-gallos-blancos-de-queretaro-jornada-11-estadio-victoria-tudn,  2 - 0,  https--www.ligafemenil.mx-cancha-estadio-15-estadio-victoria,  Victoria,  https--www.ligafemenil.mx-cancha-galeria-MTIxNzYzLzExLzcyLzEvMTQ=-necaxa-vs-gallos-blancos-de-queretaro,  ,  https--www.ligafemenil.mx-cancha-playlist-121763-necaxa-vs-gallos-blancos-de-queretaro,  
2021-2022,Apertura,  Lunes 4 de Octubre de 2021-nTemporada 2021-2022-nTorneo Apertura-nJornada 11-n4 Octubre 2021 - 1900 hrs.,  https--www.ligafemenil.mx-cancha-informeArbitral-121764-eyJpZERpdmlzaW9uIjoiMTQiLCJpZFRlbXBvcmFkYSI6IjcyIiwiaWRUb3JuZW8iOiIxIiwiaWRDbHVibG9jYWwiOjExMTkxLCJpZENsdWJ2aXNpdGEiOjExMTgxfQ==-informe-arbitral-america-vs-cruz-azul-jornada-11-estadio-azteca-tudn,  2 - 1,  https--www.ligafemenil.mx-cancha-estadio-1-estadio-azteca,  Azteca,  https--www.ligafemenil.mx-cancha-galeria-MTIxNzY0LzExLzcyLzEvMTQ=-america-vs-cruz-azul,  ,  https--www.ligafemenil.mx-cancha-playlist-121764-america-vs-cruz-azul,  
2021-2022,Apertura,  Lunes 4 de Octubre de 2021-nTemporada 2021-2022-nTorneo Apertura-nJornada 11-n4 Octubre 2021 - 1900 hrs.,  https--www.ligafemenil.mx-cancha-informeArbitral-121765-eyJpZERpdmlzaW9uIjoiMTQiLCJpZFRlbXBvcmFkYSI6IjcyIiwiaWRUb3JuZW8iOiIxIiwiaWRDbHVibG9jYWwiOjExMTg1LCJpZENsdWJ2aXNpdGEiOjExMjQzfQ==-informe-arbitral-rayados-de-monterrey-vs-leon-jornada-11-estadio-bbva-fox-sports,  3 - 1,  https--www.ligafemenil.mx-cancha-estadio-1608-estadio-bbva,  Estadio BBVA,  https--www.ligafemenil.mx-cancha-galeria-MTIxNzY1LzExLzcyLzEvMTQ=-rayados-de-monterrey-vs-leon,  ,  https--www.ligafemenil.mx-cancha-playlist-121765-rayados-de-monterrey-vs-leon,  
2021-2022,Apertura,  Lunes 4 de Octubre de 2021-nTemporada 2021-2022-nTorneo Apertura-nJornada 11-n4 Octubre 2021 - 1900 hrs.,  https--www.ligafemenil.mx-cancha-informeArbitral-121766-eyJpZERpdmlzaW9uIjoiMTQiLCJpZFRlbXBvcmFkYSI6IjcyIiwiaWRUb3JuZW8iOiIxIiwiaWRDbHVibG9jYWwiOjExMTgwLCJpZENsdWJ2aXNpdGEiOjExMjQ1fQ==-informe-arbitral-tijuana-vs-atlas-jornada-11-estadio-caliente-fox-sports,  1 - 2,  https--www.ligafemenil.mx-cancha-estadio-48-estadio-caliente,  Caliente,  https--www.ligafemenil.mx-cancha-galeria-MTIxNzY2LzExLzcyLzEvMTQ=-tijuana-vs-atlas,  ,  https--www.ligafemenil.mx-cancha-playlist-121766-tijuana-vs-atlas,  
2021-2022,Apertura,  Lunes 4 de Octubre de 2021-nTemporada 2021-2022-nTorneo Apertura-nJornada 11-n4 Octubre 2021 - 2000 hrs.,  https--www.ligafemenil.mx-cancha-informeArbitral-121767-eyJpZERpdmlzaW9uIjoiMTQiLCJpZFRlbXBvcmFkYSI6IjcyIiwiaWRUb3JuZW8iOiIxIiwiaWRDbHVibG9jYWwiOjExNzk1LCJpZENsdWJ2aXNpdGEiOjExMTkyfQ==-informe-arbitral-fc-juarez-vs-santos-laguna-jornada-11-estadio-olimpico-benito-juarez-tudn,  1 - 2,  https--www.ligafemenil.mx-cancha-estadio-17-estadio-olimpico-benito-juarez,  Olímpico Benito Juárez,  https--www.ligafemenil.mx-cancha-galeria-MTIxNzY3LzExLzcyLzEvMTQ=-fc-juarez-vs-santos-laguna,  ,  https--www.ligafemenil.mx-cancha-playlist-121767-fc-juarez-vs-santos-laguna,  
2021-2022,Apertura,  Viernes 8 de Octubre de 2021-nTemporada 2021-2022-nTorneo Apertura-nJornada 12-n8 Octubre 2021 - 1900 hrs.,  https--www.ligafemenil.mx-cancha-informeArbitral-121768-eyJpZERpdmlzaW9uIjoiMTQiLCJpZFRlbXBvcmFkYSI6IjcyIiwiaWRUb3JuZW8iOiIxIiwiaWRDbHVibG9jYWwiOjEyMDUxLCJpZENsdWJ2aXNpdGEiOjEyMDQyfQ==-informe-arbitral-mazatlan-fc-vs-gallos-blancos-de-queretaro-jornada-12-estadio-mazatlan-tvp,  1 - 0,  https--www.ligafemenil.mx-cancha-estadio-1697-estadio-mazatlan,  Estadio Mazatlán,  https--www.ligafemenil.mx-cancha-galeria-MTIxNzY4LzEyLzcyLzEvMTQ=-mazatlan-fc-vs-gallos-blancos-de-queretaro,  ,  https--www.ligafemenil.mx-cancha-playlist-121768-mazatlan-fc-vs-gallos-blancos-de-queretaro,  
2021-2022,Apertura,  Sábado 9 de Octubre de 2021-nTemporada 2021-2022-nTorneo Apertura-nJornada 12-n9 Octubre 2021 - 1200 hrs.,  https--www.ligafemenil.mx-cancha-informeArbitral-121769-eyJpZERpdmlzaW9uIjoiMTQiLCJpZFRlbXBvcmFkYSI6IjcyIiwiaWRUb3JuZW8iOiIxIiwiaWRDbHVibG9jYWwiOjExMjQ1LCJpZENsdWJ2aXNpdGEiOjExMTg5fQ==-informe-arbitral-atlas-vs-necaxa-jornada-12-estadio-jalisco-tvc-deportes,  1 - 0,  https--www.ligafemenil.mx-cancha-estadio-5-estadio-jalisco,  Jalisco,  https--www.ligafemenil.mx-cancha-galeria-MTIxNzY5LzEyLzcyLzEvMTQ=-atlas-vs-necaxa,  ,  https--www.ligafemenil.mx-cancha-playlist-121769-atlas-vs-necaxa,  
2021-2022,Apertura,  Sábado 9 de Octubre de 2021-nTemporada 2021-2022-nTorneo Apertura-nJornada 12-n9 Octubre 2021 - 1200 hrs.,  https--www.ligafemenil.mx-cancha-informeArbitral-121770-eyJpZERpdmlzaW9uIjoiMTQiLCJpZFRlbXBvcmFkYSI6IjcyIiwiaWRUb3JuZW8iOiIxIiwiaWRDbHVibG9jYWwiOjExMTgxLCJpZENsdWJ2aXNpdGEiOjExMjQzfQ==-informe-arbitral-cruz-azul-vs-leon-jornada-12-estadio-instalaciones-la-noria-cancha-3-sintetica-tudn,  0 - 0,  https--www.ligafemenil.mx-cancha-estadio-67-estadio-instalaciones-la-noria-cancha-3-sintetica,  Instalaciones la Noria Cancha 3 (Sintética),  https--www.ligafemenil.mx-cancha-galeria-MTIxNzcwLzEyLzcyLzEvMTQ=-cruz-azul-vs-leon,  ,  https--www.ligafemenil.mx-cancha-playlist-121770-cruz-azul-vs-leon,  
2021-2022,Apertura,  Sábado 9 de Octubre de 2021-nTemporada 2021-2022-nTorneo Apertura-nJornada 12-n9 Octubre 2021 - 1600 hrs.,  https--www.ligafemenil.mx-cancha-informeArbitral-121772-eyJpZERpdmlzaW9uIjoiMTQiLCJpZFRlbXBvcmFkYSI6IjcyIiwiaWRUb3JuZW8iOiIxIiwiaWRDbHVibG9jYWwiOjExMTg3LCJpZENsdWJ2aXNpdGEiOjExMTkyfQ==-informe-arbitral-toluca-vs-santos-laguna-jornada-12-estadio-nemesio-diez-tudn,  1 - 0,  https--www.ligafemenil.mx-cancha-estadio-6-estadio-nemesio-diez,  Nemesio Diez,  https--www.ligafemenil.mx-cancha-galeria-MTIxNzcyLzEyLzcyLzEvMTQ=-toluca-vs-santos-laguna,  ,  https--www.ligafemenil.mx-cancha-playlist-121772-toluca-vs-santos-laguna,  
2021-2022,Apertura,  Sábado 9 de Octubre de 2021-nTemporada 2021-2022-nTorneo Apertura-nJornada 12-n9 Octubre 2021 - 1930 hrs.,  https--www.ligafemenil.mx-cancha-informeArbitral-121771-eyJpZERpdmlzaW9uIjoiMTQiLCJpZFRlbXBvcmFkYSI6IjcyIiwiaWRUb3JuZW8iOiIxIiwiaWRDbHVibG9jYWwiOjExMTg2LCJpZENsdWJ2aXNpdGEiOjExMTg1fQ==-informe-arbitral-tigres-de-la-uanl-vs-rayados-de-monterrey-jornada-12-estadio-universitario-tudn,  2 - 1,  https--www.ligafemenil.mx-cancha-estadio-12-estadio-universitario,  Universitario,  https--www.ligafemenil.mx-cancha-galeria-MTIxNzcxLzEyLzcyLzEvMTQ=-tigres-de-la-uanl-vs-rayados-de-monterrey,  ,  https--www.ligafemenil.mx-cancha-playlist-121771-tigres-de-la-uanl-vs-rayados-de-monterrey,  
2021-2022,Apertura,  Domingo 10 de Octubre de 2021-nTemporada 2021-2022-nTorneo Apertura-nJornada 12-n10 Octubre 2021 - 1700 hrs.,  https--www.ligafemenil.mx-cancha-informeArbitral-121773-eyJpZERpdmlzaW9uIjoiMTQiLCJpZFRlbXBvcmFkYSI6IjcyIiwiaWRUb3JuZW8iOiIxIiwiaWRDbHVibG9jYWwiOjExNzc4LCJpZENsdWJ2aXNpdGEiOjExNzk1fQ==-informe-arbitral-club-atletico-de-san-luis-vs-fc-juarez-jornada-12-estadio-alfonso-lastras-ramirez-espn,  4 - 0,  https--www.ligafemenil.mx-cancha-estadio-14-estadio-alfonso-lastras-ramirez,  Alfonso Lastras Ramírez,  https--www.ligafemenil.mx-cancha-galeria-MTIxNzczLzEyLzcyLzEvMTQ=-club-atletico-de-san-luis-vs-fc-juarez,  ,  https--www.ligafemenil.mx-cancha-playlist-121773-club-atletico-de-san-luis-vs-fc-juarez,  
2021-2022,Apertura,  Lunes 11 de Octubre de 2021-nTemporada 2021-2022-nTorneo Apertura-nJornada 12-n11 Octubre 2021 - 1900 hrs.,  https--www.ligafemenil.mx-cancha-informeArbitral-121774-eyJpZERpdmlzaW9uIjoiMTQiLCJpZFRlbXBvcmFkYSI6IjcyIiwiaWRUb3JuZW8iOiIxIiwiaWRDbHVibG9jYWwiOjExMTg0LCJpZENsdWJ2aXNpdGEiOjExMTg4fQ==-informe-arbitral-pachuca-vs-pumas-jornada-12-estadio-hidalgo-fox-sports,  1 - 1,  https--www.ligafemenil.mx-cancha-estadio-11-estadio-hidalgo,  Hidalgo,  https--www.ligafemenil.mx-cancha-galeria-MTIxNzc0LzEyLzcyLzEvMTQ=-pachuca-vs-pumas,  ,  https--www.ligafemenil.mx-cancha-playlist-121774-pachuca-vs-pumas,  
2021-2022,Apertura,  Lunes 11 de Octubre de 2021-nTemporada 2021-2022-nTorneo Apertura-nJornada 12-n11 Octubre 2021 - 2100 hrs.,  https--www.ligafemenil.mx-cancha-informeArbitral-121775-eyJpZERpdmlzaW9uIjoiMTQiLCJpZFRlbXBvcmFkYSI6IjcyIiwiaWRUb3JuZW8iOiIxIiwiaWRDbHVibG9jYWwiOjExMTgyLCJpZENsdWJ2aXNpdGEiOjExMTkxfQ==-informe-arbitral-guadalajara-vs-america-jornada-12-estadio-akron-fox-sports--chivas-tv,  2 - 1,  https--www.ligafemenil.mx-cancha-estadio-1538-estadio-akron,  Estadio AKRON,  https--www.ligafemenil.mx-cancha-galeria-MTIxNzc1LzEyLzcyLzEvMTQ=-guadalajara-vs-america,  ,  https--www.ligafemenil.mx-cancha-playlist-121775-guadalajara-vs-america,  
2021-2022,Apertura,  Lunes 11 de Octubre de 2021-nTemporada 2021-2022-nTorneo Apertura-nJornada 12-n11 Octubre 2021 - 1900 hrs.,  https--www.ligafemenil.mx-cancha-informeArbitral-121776-eyJpZERpdmlzaW9uIjoiMTQiLCJpZFRlbXBvcmFkYSI6IjcyIiwiaWRUb3JuZW8iOiIxIiwiaWRDbHVibG9jYWwiOjExMTgwLCJpZENsdWJ2aXNpdGEiOjExNTQzfQ==-informe-arbitral-tijuana-vs-puebla-fc-jornada-12-estadio-caliente,  2 - 0,  https--www.ligafemenil.mx-cancha-estadio-48-estadio-caliente,  Caliente,  https--www.ligafemenil.mx-cancha-galeria-MTIxNzc2LzEyLzcyLzEvMTQ=-tijuana-vs-puebla-fc,  ,  https--www.ligafemenil.mx-cancha-playlist-121776-tijuana-vs-puebla-fc,  
2021-2022,Apertura,  Viernes 15 de Octubre de 2021-nTemporada 2021-2022-nTorneo Apertura-nJornada 13-n15 Octubre 2021 - 1700 hrs.,  https--www.ligafemenil.mx-cancha-informeArbitral-121777-eyJpZERpdmlzaW9uIjoiMTQiLCJpZFRlbXBvcmFkYSI6IjcyIiwiaWRUb3JuZW8iOiIxIiwiaWRDbHVibG9jYWwiOjEyMDQyLCJpZENsdWJ2aXNpdGEiOjExMTg3fQ==-informe-arbitral-gallos-blancos-de-queretaro-vs-toluca-jornada-13-estadio-la-corregidora-tvc-deportes,  0 - 1,  https--www.ligafemenil.mx-cancha-estadio-25-estadio-la-corregidora,  La Corregidora,  https--www.ligafemenil.mx-cancha-galeria-MTIxNzc3LzEzLzcyLzEvMTQ=-gallos-blancos-de-queretaro-vs-toluca,  ,  https--www.ligafemenil.mx-cancha-playlist-121777-gallos-blancos-de-queretaro-vs-toluca,  
2021-2022,Apertura,  Viernes 15 de Octubre de 2021-nTemporada 2021-2022-nTorneo Apertura-nJornada 13-n15 Octubre 2021 - 2105 hrs.,  https--www.ligafemenil.mx-cancha-informeArbitral-121783-eyJpZERpdmlzaW9uIjoiMTQiLCJpZFRlbXBvcmFkYSI6IjcyIiwiaWRUb3JuZW8iOiIxIiwiaWRDbHVibG9jYWwiOjExMTgyLCJpZENsdWJ2aXNpdGEiOjExMTg2fQ==-informe-arbitral-guadalajara-vs-tigres-de-la-uanl-jornada-13-estadio-akron-fox-sports--chivas-tv,  1 - 1,  https--www.ligafemenil.mx-cancha-estadio-1538-estadio-akron,  Estadio AKRON,  https--www.ligafemenil.mx-cancha-galeria-MTIxNzgzLzEzLzcyLzEvMTQ=-guadalajara-vs-tigres-de-la-uanl,  ,  https--www.ligafemenil.mx-cancha-playlist-121783-guadalajara-vs-tigres-de-la-uanl,  
2021-2022,Apertura,  Sábado 16 de Octubre de 2021-nTemporada 2021-2022-nTorneo Apertura-nJornada 13-n16 Octubre 2021 - 1200 hrs.,  https--www.ligafemenil.mx-cancha-informeArbitral-121778-eyJpZERpdmlzaW9uIjoiMTQiLCJpZFRlbXBvcmFkYSI6IjcyIiwiaWRUb3JuZW8iOiIxIiwiaWRDbHVibG9jYWwiOjExMTgxLCJpZENsdWJ2aXNpdGEiOjEyMDUxfQ==-informe-arbitral-cruz-azul-vs-mazatlan-fc-jornada-13-estadio-instalaciones-la-noria-cancha-3-sintetica-tudn,  2 - 0,  https--www.ligafemenil.mx-cancha-estadio-67-estadio-instalaciones-la-noria-cancha-3-sintetica,  Instalaciones la Noria Cancha 3 (Sintética),  https--www.ligafemenil.mx-cancha-galeria-MTIxNzc4LzEzLzcyLzEvMTQ=-cruz-azul-vs-mazatlan-fc,  ,  https--www.ligafemenil.mx-cancha-playlist-121778-cruz-azul-vs-mazatlan-fc,  
2021-2022,Apertura,  Sábado 16 de Octubre de 2021-nTemporada 2021-2022-nTorneo Apertura-nJornada 13-n16 Octubre 2021 - 1900 hrs.,  https--www.ligafemenil.mx-cancha-informeArbitral-121780-eyJpZERpdmlzaW9uIjoiMTQiLCJpZFRlbXBvcmFkYSI6IjcyIiwiaWRUb3JuZW8iOiIxIiwiaWRDbHVibG9jYWwiOjExMTg5LCJpZENsdWJ2aXNpdGEiOjExMTg1fQ==-informe-arbitral-necaxa-vs-rayados-de-monterrey-jornada-13-estadio-victoria-tudn,  1 - 6,  https--www.ligafemenil.mx-cancha-estadio-708-estadio-victoria,  Victoria,  https--www.ligafemenil.mx-cancha-galeria-MTIxNzgwLzEzLzcyLzEvMTQ=-necaxa-vs-rayados-de-monterrey,  ,  https--www.ligafemenil.mx-cancha-playlist-121780-necaxa-vs-rayados-de-monterrey,  
2021-2022,Apertura,  Domingo 17 de Octubre de 2021-nTemporada 2021-2022-nTorneo Apertura-nJornada 13-n17 Octubre 2021 - 1200 hrs.,  https--www.ligafemenil.mx-cancha-informeArbitral-121779-eyJpZERpdmlzaW9uIjoiMTQiLCJpZFRlbXBvcmFkYSI6IjcyIiwiaWRUb3JuZW8iOiIxIiwiaWRDbHVibG9jYWwiOjExNTQzLCJpZENsdWJ2aXNpdGEiOjExNzc4fQ==-informe-arbitral-puebla-fc-vs-club-atletico-de-san-luis-jornada-13-estadio-cuauhtemoc-tvc-deportes,  1 - 1,  https--www.ligafemenil.mx-cancha-estadio-9-estadio-cuauhtemoc,  Cuauhtémoc,  https--www.ligafemenil.mx-cancha-galeria-MTIxNzc5LzEzLzcyLzEvMTQ=-puebla-fc-vs-club-atletico-de-san-luis,  ,  https--www.ligafemenil.mx-cancha-playlist-121779-puebla-fc-vs-club-atletico-de-san-luis,  
2021-2022,Apertura,  Domingo 17 de Octubre de 2021-nTemporada 2021-2022-nTorneo Apertura-nJornada 13-n17 Octubre 2021 - 1545 hrs.,  https--www.ligafemenil.mx-cancha-informeArbitral-121781-eyJpZERpdmlzaW9uIjoiMTQiLCJpZFRlbXBvcmFkYSI6IjcyIiwiaWRUb3JuZW8iOiIxIiwiaWRDbHVibG9jYWwiOjExMTkxLCJpZENsdWJ2aXNpdGEiOjExMTgwfQ==-informe-arbitral-america-vs-tijuana-jornada-13-estadio-cancha-centenario-no-5-natural-instalaciones-club-america-tudn,  2 - 0,  https--www.ligafemenil.mx-cancha-estadio-1421-estadio-cancha-centenario-no-5-natural-instalaciones-club-america,  Cancha Centenario No. 5 (Natural) Instalaciones Club América,  https--www.ligafemenil.mx-cancha-galeria-MTIxNzgxLzEzLzcyLzEvMTQ=-america-vs-tijuana,  ,  https--www.ligafemenil.mx-cancha-playlist-121781-america-vs-tijuana,  
2021-2022,Apertura,  Domingo 17 de Octubre de 2021-nTemporada 2021-2022-nTorneo Apertura-nJornada 13-n17 Octubre 2021 - 1900 hrs.,  https--www.ligafemenil.mx-cancha-informeArbitral-121782-eyJpZERpdmlzaW9uIjoiMTQiLCJpZFRlbXBvcmFkYSI6IjcyIiwiaWRUb3JuZW8iOiIxIiwiaWRDbHVibG9jYWwiOjExMjQzLCJpZENsdWJ2aXNpdGEiOjExMjQ1fQ==-informe-arbitral-leon-vs-atlas-jornada-13-estadio-nou-camp-fox-sports,  0 - 1,  https--www.ligafemenil.mx-cancha-estadio-23-estadio-nou-camp,  Nou Camp,  https--www.ligafemenil.mx-cancha-galeria-MTIxNzgyLzEzLzcyLzEvMTQ=-leon-vs-atlas,  ,  https--www.ligafemenil.mx-cancha-playlist-121782-leon-vs-atlas,  
2021-2022,Apertura,  Lunes 18 de Octubre de 2021-nTemporada 2021-2022-nTorneo Apertura-nJornada 13-n18 Octubre 2021 - 1700 hrs.,  https--www.ligafemenil.mx-cancha-informeArbitral-121785-eyJpZERpdmlzaW9uIjoiMTQiLCJpZFRlbXBvcmFkYSI6IjcyIiwiaWRUb3JuZW8iOiIxIiwiaWRDbHVibG9jYWwiOjExMTkyLCJpZENsdWJ2aXNpdGEiOjExMTg4fQ==-informe-arbitral-santos-laguna-vs-pumas-jornada-13-estadio-cancha-alterna-tsm-cancha-5-cesped-natural,  2 - 0,  https--www.ligafemenil.mx-cancha-estadio-71-estadio-cancha-alterna-tsm-cancha-5-cesped-natural,  Cancha Alterna TSM Cancha 5 Césped Natural,  https--www.ligafemenil.mx-cancha-galeria-MTIxNzg1LzEzLzcyLzEvMTQ=-santos-laguna-vs-pumas,  ,  https--www.ligafemenil.mx-cancha-playlist-121785-santos-laguna-vs-pumas,  
2021-2022,Apertura,  Lunes 18 de Octubre de 2021-nTemporada 2021-2022-nTorneo Apertura-nJornada 13-n18 Octubre 2021 - 2000 hrs.,  https--www.ligafemenil.mx-cancha-informeArbitral-121784-eyJpZERpdmlzaW9uIjoiMTQiLCJpZFRlbXBvcmFkYSI6IjcyIiwiaWRUb3JuZW8iOiIxIiwiaWRDbHVibG9jYWwiOjExNzk1LCJpZENsdWJ2aXNpdGEiOjExMTg0fQ==-informe-arbitral-fc-juarez-vs-pachuca-jornada-13-estadio-olimpico-benito-juarez-tudn,  1 - 3,  https--www.ligafemenil.mx-cancha-estadio-17-estadio-olimpico-benito-juarez,  Olímpico Benito Juárez,  https--www.ligafemenil.mx-cancha-galeria-MTIxNzg0LzEzLzcyLzEvMTQ=-fc-juarez-vs-pachuca,  ,  https--www.ligafemenil.mx-cancha-playlist-121784-fc-juarez-vs-pachuca,  
2021-2022,Apertura,  Viernes 29 de Octubre de 2021-nTemporada 2021-2022-nTorneo Apertura-nJornada 14-n29 Octubre 2021 - 1700 hrs.,  https--www.ligafemenil.mx-cancha-informeArbitral-121786-eyJpZERpdmlzaW9uIjoiMTQiLCJpZFRlbXBvcmFkYSI6IjcyIiwiaWRUb3JuZW8iOiIxIiwiaWRDbHVibG9jYWwiOjEyMDQyLCJpZENsdWJ2aXNpdGEiOjExMTgxfQ==-informe-arbitral-gallos-blancos-de-queretaro-vs-cruz-azul-jornada-14-estadio-la-corregidora-tvc-deportes,  1 - 2,  https--www.ligafemenil.mx-cancha-estadio-25-estadio-la-corregidora,  La Corregidora,  https--www.ligafemenil.mx-cancha-galeria-MTIxNzg2LzE0LzcyLzEvMTQ=-gallos-blancos-de-queretaro-vs-cruz-azul,  ,  https--www.ligafemenil.mx-cancha-playlist-121786-gallos-blancos-de-queretaro-vs-cruz-azul,  
2021-2022,Apertura,  Viernes 29 de Octubre de 2021-nTemporada 2021-2022-nTorneo Apertura-nJornada 14-n29 Octubre 2021 - 1900 hrs.,  https--www.ligafemenil.mx-cancha-informeArbitral-121787-eyJpZERpdmlzaW9uIjoiMTQiLCJpZFRlbXBvcmFkYSI6IjcyIiwiaWRUb3JuZW8iOiIxIiwiaWRDbHVibG9jYWwiOjEyMDUxLCJpZENsdWJ2aXNpdGEiOjExMjQ1fQ==-informe-arbitral-mazatlan-fc-vs-atlas-jornada-14-estadio-mazatlan-tvp,  0 - 3,  https--www.ligafemenil.mx-cancha-estadio-1697-estadio-mazatlan,  Estadio Mazatlán,  https--www.ligafemenil.mx-cancha-galeria-MTIxNzg3LzE0LzcyLzEvMTQ=-mazatlan-fc-vs-atlas,  ,  https--www.ligafemenil.mx-cancha-playlist-121787-mazatlan-fc-vs-atlas,  
2021-2022,Apertura,  Sábado 30 de Octubre de 2021-nTemporada 2021-2022-nTorneo Apertura-nJornada 14-n30 Octubre 2021 - 1200 hrs.,  https--www.ligafemenil.mx-cancha-informeArbitral-121788-eyJpZERpdmlzaW9uIjoiMTQiLCJpZFRlbXBvcmFkYSI6IjcyIiwiaWRUb3JuZW8iOiIxIiwiaWRDbHVibG9jYWwiOjExMTg4LCJpZENsdWJ2aXNpdGEiOjExMTg3fQ==-informe-arbitral-pumas-vs-toluca-jornada-14-estadio-olimpico-universitario-tudn,  2 - 0,  https--www.ligafemenil.mx-cancha-estadio-7-estadio-olimpico-universitario,  Olímpico Universitario,  https--www.ligafemenil.mx-cancha-galeria-MTIxNzg4LzE0LzcyLzEvMTQ=-pumas-vs-toluca,  ,  https--www.ligafemenil.mx-cancha-playlist-121788-pumas-vs-toluca,  
2021-2022,Apertura,  Domingo 31 de Octubre de 2021-nTemporada 2021-2022-nTorneo Apertura-nJornada 14-n31 Octubre 2021 - 1200 hrs.,  https--www.ligafemenil.mx-cancha-informeArbitral-121789-eyJpZERpdmlzaW9uIjoiMTQiLCJpZFRlbXBvcmFkYSI6IjcyIiwiaWRUb3JuZW8iOiIxIiwiaWRDbHVibG9jYWwiOjExNTQzLCJpZENsdWJ2aXNpdGEiOjExMTgyfQ==-informe-arbitral-puebla-fc-vs-guadalajara-jornada-14-estadio-cuauhtemoc-tvc-deportes,  1 - 1,  https--www.ligafemenil.mx-cancha-estadio-9-estadio-cuauhtemoc,  Cuauhtémoc,  https--www.ligafemenil.mx-cancha-galeria-MTIxNzg5LzE0LzcyLzEvMTQ=-puebla-fc-vs-guadalajara,  ,  https--www.ligafemenil.mx-cancha-playlist-121789-puebla-fc-vs-guadalajara,  
2021-2022,Apertura,  Lunes 1 de Noviembre de 2021-nTemporada 2021-2022-nTorneo Apertura-nJornada 14-n1 Noviembre 2021 - 1700 hrs.,  https--www.ligafemenil.mx-cancha-informeArbitral-121790-eyJpZERpdmlzaW9uIjoiMTQiLCJpZFRlbXBvcmFkYSI6IjcyIiwiaWRUb3JuZW8iOiIxIiwiaWRDbHVibG9jYWwiOjExMTg5LCJpZENsdWJ2aXNpdGEiOjExMTgwfQ==-informe-arbitral-necaxa-vs-tijuana-jornada-14-estadio-victoria-tudn,  1 - 2,  https--www.ligafemenil.mx-cancha-estadio-15-estadio-victoria,  Victoria,  https--www.ligafemenil.mx-cancha-galeria-MTIxNzkwLzE0LzcyLzEvMTQ=-necaxa-vs-tijuana,  ,  https--www.ligafemenil.mx-cancha-playlist-121790-necaxa-vs-tijuana,  
2021-2022,Apertura,  Lunes 1 de Noviembre de 2021-nTemporada 2021-2022-nTorneo Apertura-nJornada 14-n1 Noviembre 2021 - 1900 hrs.,  https--www.ligafemenil.mx-cancha-informeArbitral-121791-eyJpZERpdmlzaW9uIjoiMTQiLCJpZFRlbXBvcmFkYSI6IjcyIiwiaWRUb3JuZW8iOiIxIiwiaWRDbHVibG9jYWwiOjExMjQzLCJpZENsdWJ2aXNpdGEiOjExMTg0fQ==-informe-arbitral-leon-vs-pachuca-jornada-14-estadio-nou-camp,  1 - 3,  https--www.ligafemenil.mx-cancha-estadio-23-estadio-nou-camp,  Nou Camp,  https--www.ligafemenil.mx-cancha-galeria-MTIxNzkxLzE0LzcyLzEvMTQ=-leon-vs-pachuca,  ,  https--www.ligafemenil.mx-cancha-playlist-121791-leon-vs-pachuca,  
2021-2022,Apertura,  Lunes 1 de Noviembre de 2021-nTemporada 2021-2022-nTorneo Apertura-nJornada 14-n1 Noviembre 2021 - 1900 hrs.,  https--www.ligafemenil.mx-cancha-informeArbitral-121792-eyJpZERpdmlzaW9uIjoiMTQiLCJpZFRlbXBvcmFkYSI6IjcyIiwiaWRUb3JuZW8iOiIxIiwiaWRDbHVibG9jYWwiOjExMTg1LCJpZENsdWJ2aXNpdGEiOjExMTkxfQ==-informe-arbitral-rayados-de-monterrey-vs-america-jornada-14-estadio-bbva-fox-sports,  3 - 1,  https--www.ligafemenil.mx-cancha-estadio-1608-estadio-bbva,  Estadio BBVA,  https--www.ligafemenil.mx-cancha-galeria-MTIxNzkyLzE0LzcyLzEvMTQ=-rayados-de-monterrey-vs-america,  ,  https--www.ligafemenil.mx-cancha-playlist-121792-rayados-de-monterrey-vs-america,  
2021-2022,Apertura,  Lunes 1 de Noviembre de 2021-nTemporada 2021-2022-nTorneo Apertura-nJornada 14-n1 Noviembre 2021 - 1900 hrs.,  https--www.ligafemenil.mx-cancha-informeArbitral-121793-eyJpZERpdmlzaW9uIjoiMTQiLCJpZFRlbXBvcmFkYSI6IjcyIiwiaWRUb3JuZW8iOiIxIiwiaWRDbHVibG9jYWwiOjExMTg2LCJpZENsdWJ2aXNpdGEiOjExNzk1fQ==-informe-arbitral-tigres-de-la-uanl-vs-fc-juarez-jornada-14-estadio-universitario-tudn,  3 - 0,  https--www.ligafemenil.mx-cancha-estadio-12-estadio-universitario,  Universitario,  https--www.ligafemenil.mx-cancha-galeria-MTIxNzkzLzE0LzcyLzEvMTQ=-tigres-de-la-uanl-vs-fc-juarez,  ,  https--www.ligafemenil.mx-cancha-playlist-121793-tigres-de-la-uanl-vs-fc-juarez,  
2021-2022,Apertura,  Lunes 1 de Noviembre de 2021-nTemporada 2021-2022-nTorneo Apertura-nJornada 14-n1 Noviembre 2021 - 2100 hrs.,  https--www.ligafemenil.mx-cancha-informeArbitral-121794-eyJpZERpdmlzaW9uIjoiMTQiLCJpZFRlbXBvcmFkYSI6IjcyIiwiaWRUb3JuZW8iOiIxIiwiaWRDbHVibG9jYWwiOjExMTkyLCJpZENsdWJ2aXNpdGEiOjExNzc4fQ==-informe-arbitral-santos-laguna-vs-club-atletico-de-san-luis-jornada-14-estadio-tsm-corona-fox-sports,  3 - 1,  https--www.ligafemenil.mx-cancha-estadio-63-estadio-tsm-corona,  TSM Corona,  https--www.ligafemenil.mx-cancha-galeria-MTIxNzk0LzE0LzcyLzEvMTQ=-santos-laguna-vs-club-atletico-de-san-luis,  ,  https--www.ligafemenil.mx-cancha-playlist-121794-santos-laguna-vs-club-atletico-de-san-luis,  
2021-2022,Apertura,  Sábado 6 de Noviembre de 2021-nTemporada 2021-2022-nTorneo Apertura-nJornada 15-n6 Noviembre 2021 - 1200 hrs.,  https--www.ligafemenil.mx-cancha-informeArbitral-121795-eyJpZERpdmlzaW9uIjoiMTQiLCJpZFRlbXBvcmFkYSI6IjcyIiwiaWRUb3JuZW8iOiIxIiwiaWRDbHVibG9jYWwiOjExMjQ1LCJpZENsdWJ2aXNpdGEiOjExMTkxfQ==-informe-arbitral-atlas-vs-america-jornada-15-estadio-jalisco-tvc-deportes,  3 - 2,  https--www.ligafemenil.mx-cancha-estadio-5-estadio-jalisco,  Jalisco,  https--www.ligafemenil.mx-cancha-galeria-MTIxNzk1LzE1LzcyLzEvMTQ=-atlas-vs-america,  ,  https--www.ligafemenil.mx-cancha-playlist-121795-atlas-vs-america,  
2021-2022,Apertura,  Sábado 6 de Noviembre de 2021-nTemporada 2021-2022-nTorneo Apertura-nJornada 15-n6 Noviembre 2021 - 1200 hrs.,  https--www.ligafemenil.mx-cancha-informeArbitral-121796-eyJpZERpdmlzaW9uIjoiMTQiLCJpZFRlbXBvcmFkYSI6IjcyIiwiaWRUb3JuZW8iOiIxIiwiaWRDbHVibG9jYWwiOjExMTgxLCJpZENsdWJ2aXNpdGEiOjExMTg5fQ==-informe-arbitral-cruz-azul-vs-necaxa-jornada-15-estadio-instalaciones-la-noria-cancha-3-sintetica-tudn,  1 - 0,  https--www.ligafemenil.mx-cancha-estadio-67-estadio-instalaciones-la-noria-cancha-3-sintetica,  Instalaciones la Noria Cancha 3 (Sintética),  https--www.ligafemenil.mx-cancha-galeria-MTIxNzk2LzE1LzcyLzEvMTQ=-cruz-azul-vs-necaxa,  ,  https--www.ligafemenil.mx-cancha-playlist-121796-cruz-azul-vs-necaxa,  
2021-2022,Apertura,  Domingo 7 de Noviembre de 2021-nTemporada 2021-2022-nTorneo Apertura-nJornada 15-n7 Noviembre 2021 - 1030 hrs.,  https--www.ligafemenil.mx-cancha-informeArbitral-121797-eyJpZERpdmlzaW9uIjoiMTQiLCJpZFRlbXBvcmFkYSI6IjcyIiwiaWRUb3JuZW8iOiIxIiwiaWRDbHVibG9jYWwiOjExMTgyLCJpZENsdWJ2aXNpdGEiOjEyMDQyfQ==-informe-arbitral-guadalajara-vs-gallos-blancos-de-queretaro-jornada-15-estadio-verde-valle-chivas-tv,  0 - 2,  https--www.ligafemenil.mx-cancha-estadio-36-estadio-verde-valle,  Verde Valle,  https--www.ligafemenil.mx-cancha-galeria-MTIxNzk3LzE1LzcyLzEvMTQ=-guadalajara-vs-gallos-blancos-de-queretaro,  ,  https--www.ligafemenil.mx-cancha-playlist-121797-guadalajara-vs-gallos-blancos-de-queretaro,  
2021-2022,Apertura,  Domingo 7 de Noviembre de 2021-nTemporada 2021-2022-nTorneo Apertura-nJornada 15-n7 Noviembre 2021 - 1700 hrs.,  https--www.ligafemenil.mx-cancha-informeArbitral-121798-eyJpZERpdmlzaW9uIjoiMTQiLCJpZFRlbXBvcmFkYSI6IjcyIiwiaWRUb3JuZW8iOiIxIiwiaWRDbHVibG9jYWwiOjExNzc4LCJpZENsdWJ2aXNpdGEiOjExMTg1fQ==-informe-arbitral-club-atletico-de-san-luis-vs-rayados-de-monterrey-jornada-15-estadio-alfonso-lastras-ramirez-espn,  0 - 3,  https--www.ligafemenil.mx-cancha-estadio-14-estadio-alfonso-lastras-ramirez,  Alfonso Lastras Ramírez,  https--www.ligafemenil.mx-cancha-galeria-MTIxNzk4LzE1LzcyLzEvMTQ=-club-atletico-de-san-luis-vs-rayados-de-monterrey,  ,  https--www.ligafemenil.mx-cancha-playlist-121798-club-atletico-de-san-luis-vs-rayados-de-monterrey,  
2021-2022,Apertura,  Lunes 8 de Noviembre de 2021-nTemporada 2021-2022-nTorneo Apertura-nJornada 15-n8 Noviembre 2021 - 1700 hrs.,  https--www.ligafemenil.mx-cancha-informeArbitral-121799-eyJpZERpdmlzaW9uIjoiMTQiLCJpZFRlbXBvcmFkYSI6IjcyIiwiaWRUb3JuZW8iOiIxIiwiaWRDbHVibG9jYWwiOjExMTg3LCJpZENsdWJ2aXNpdGEiOjExMjQzfQ==-informe-arbitral-toluca-vs-leon-jornada-15-estadio-nemesio-diez-tudn,  0 - 3,  https--www.ligafemenil.mx-cancha-estadio-6-estadio-nemesio-diez,  Nemesio Diez,  https--www.ligafemenil.mx-cancha-galeria-MTIxNzk5LzE1LzcyLzEvMTQ=-toluca-vs-leon,  ,  https--www.ligafemenil.mx-cancha-playlist-121799-toluca-vs-leon,  
2021-2022,Apertura,  Lunes 8 de Noviembre de 2021-nTemporada 2021-2022-nTorneo Apertura-nJornada 15-n8 Noviembre 2021 - 1900 hrs.,  https--www.ligafemenil.mx-cancha-informeArbitral-121800-eyJpZERpdmlzaW9uIjoiMTQiLCJpZFRlbXBvcmFkYSI6IjcyIiwiaWRUb3JuZW8iOiIxIiwiaWRDbHVibG9jYWwiOjExMTg0LCJpZENsdWJ2aXNpdGEiOjExMTkyfQ==-informe-arbitral-pachuca-vs-santos-laguna-jornada-15-estadio-hidalgo-fox-sports,  4 - 0,  https--www.ligafemenil.mx-cancha-estadio-11-estadio-hidalgo,  Hidalgo,  https--www.ligafemenil.mx-cancha-galeria-MTIxODAwLzE1LzcyLzEvMTQ=-pachuca-vs-santos-laguna,  ,  https--www.ligafemenil.mx-cancha-playlist-121800-pachuca-vs-santos-laguna,  
2021-2022,Apertura,  Lunes 8 de Noviembre de 2021-nTemporada 2021-2022-nTorneo Apertura-nJornada 15-n8 Noviembre 2021 - 1910 hrs.,  https--www.ligafemenil.mx-cancha-informeArbitral-121801-eyJpZERpdmlzaW9uIjoiMTQiLCJpZFRlbXBvcmFkYSI6IjcyIiwiaWRUb3JuZW8iOiIxIiwiaWRDbHVibG9jYWwiOjExMTg2LCJpZENsdWJ2aXNpdGEiOjExMTg4fQ==-informe-arbitral-tigres-de-la-uanl-vs-pumas-jornada-15-estadio-universitario-tudn,  2 - 1,  https--www.ligafemenil.mx-cancha-estadio-12-estadio-universitario,  Universitario,  https--www.ligafemenil.mx-cancha-galeria-MTIxODAxLzE1LzcyLzEvMTQ=-tigres-de-la-uanl-vs-pumas,  ,  https--www.ligafemenil.mx-cancha-playlist-121801-tigres-de-la-uanl-vs-pumas,  
2021-2022,Apertura,  Lunes 8 de Noviembre de 2021-nTemporada 2021-2022-nTorneo Apertura-nJornada 15-n8 Noviembre 2021 - 1900 hrs.,  https--www.ligafemenil.mx-cancha-informeArbitral-121802-eyJpZERpdmlzaW9uIjoiMTQiLCJpZFRlbXBvcmFkYSI6IjcyIiwiaWRUb3JuZW8iOiIxIiwiaWRDbHVibG9jYWwiOjExMTgwLCJpZENsdWJ2aXNpdGEiOjEyMDUxfQ==-informe-arbitral-tijuana-vs-mazatlan-fc-jornada-15-estadio-caliente-fox-sports,  5 - 0,  https--www.ligafemenil.mx-cancha-estadio-48-estadio-caliente,  Caliente,  https--www.ligafemenil.mx-cancha-galeria-MTIxODAyLzE1LzcyLzEvMTQ=-tijuana-vs-mazatlan-fc,  ,  https--www.ligafemenil.mx-cancha-playlist-121802-tijuana-vs-mazatlan-fc,  
2021-2022,Apertura,  Lunes 8 de Noviembre de 2021-nTemporada 2021-2022-nTorneo Apertura-nJornada 15-n8 Noviembre 2021 - 2015 hrs.,  https--www.ligafemenil.mx-cancha-informeArbitral-121803-eyJpZERpdmlzaW9uIjoiMTQiLCJpZFRlbXBvcmFkYSI6IjcyIiwiaWRUb3JuZW8iOiIxIiwiaWRDbHVibG9jYWwiOjExNzk1LCJpZENsdWJ2aXNpdGEiOjExNTQzfQ==-informe-arbitral-fc-juarez-vs-puebla-fc-jornada-15-estadio-olimpico-benito-juarez-tudn,  1 - 2,  https--www.ligafemenil.mx-cancha-estadio-17-estadio-olimpico-benito-juarez,  Olímpico Benito Juárez,  https--www.ligafemenil.mx-cancha-galeria-MTIxODAzLzE1LzcyLzEvMTQ=-fc-juarez-vs-puebla-fc,  ,  https--www.ligafemenil.mx-cancha-playlist-121803-fc-juarez-vs-puebla-fc,  
2021-2022,Apertura,  Viernes 12 de Noviembre de 2021-nTemporada 2021-2022-nTorneo Apertura-nJornada 16-n12 Noviembre 2021 - 1800 hrs.,  https--www.ligafemenil.mx-cancha-informeArbitral-121805-eyJpZERpdmlzaW9uIjoiMTQiLCJpZFRlbXBvcmFkYSI6IjcyIiwiaWRUb3JuZW8iOiIxIiwiaWRDbHVibG9jYWwiOjExMjQzLCJpZENsdWJ2aXNpdGEiOjExNzc4fQ==-informe-arbitral-leon-vs-club-atletico-de-san-luis-jornada-16-estadio-nou-camp,  0 - 0,  https--www.ligafemenil.mx-cancha-estadio-23-estadio-nou-camp,  Nou Camp,  https--www.ligafemenil.mx-cancha-galeria-MTIxODA1LzE2LzcyLzEvMTQ=-leon-vs-club-atletico-de-san-luis,  ,  https--www.ligafemenil.mx-cancha-playlist-121805-leon-vs-club-atletico-de-san-luis,  
2021-2022,Apertura,  Viernes 12 de Noviembre de 2021-nTemporada 2021-2022-nTorneo Apertura-nJornada 16-n12 Noviembre 2021 - 1900 hrs.,  https--www.ligafemenil.mx-cancha-informeArbitral-121806-eyJpZERpdmlzaW9uIjoiMTQiLCJpZFRlbXBvcmFkYSI6IjcyIiwiaWRUb3JuZW8iOiIxIiwiaWRDbHVibG9jYWwiOjEyMDUxLCJpZENsdWJ2aXNpdGEiOjExMTg3fQ==-informe-arbitral-mazatlan-fc-vs-toluca-jornada-16-estadio-mazatlan-tvp,  0 - 1,  https--www.ligafemenil.mx-cancha-estadio-1697-estadio-mazatlan,  Estadio Mazatlán,  https--www.ligafemenil.mx-cancha-galeria-MTIxODA2LzE2LzcyLzEvMTQ=-mazatlan-fc-vs-toluca,  ,  https--www.ligafemenil.mx-cancha-playlist-121806-mazatlan-fc-vs-toluca,  
2021-2022,Apertura,  Sábado 13 de Noviembre de 2021-nTemporada 2021-2022-nTorneo Apertura-nJornada 16-n13 Noviembre 2021 - 1200 hrs.,  https--www.ligafemenil.mx-cancha-informeArbitral-121807-eyJpZERpdmlzaW9uIjoiMTQiLCJpZFRlbXBvcmFkYSI6IjcyIiwiaWRUb3JuZW8iOiIxIiwiaWRDbHVibG9jYWwiOjExMjQ1LCJpZENsdWJ2aXNpdGEiOjExMTg0fQ==-informe-arbitral-atlas-vs-pachuca-jornada-16-estadio-jalisco-tvc-deportes,  2 - 1,  https--www.ligafemenil.mx-cancha-estadio-5-estadio-jalisco,  Jalisco,  https--www.ligafemenil.mx-cancha-galeria-MTIxODA3LzE2LzcyLzEvMTQ=-atlas-vs-pachuca,  ,  https--www.ligafemenil.mx-cancha-playlist-121807-atlas-vs-pachuca,  
2021-2022,Apertura,  Sábado 13 de Noviembre de 2021-nTemporada 2021-2022-nTorneo Apertura-nJornada 16-n13 Noviembre 2021 - 1200 hrs.,  https--www.ligafemenil.mx-cancha-informeArbitral-121808-eyJpZERpdmlzaW9uIjoiMTQiLCJpZFRlbXBvcmFkYSI6IjcyIiwiaWRUb3JuZW8iOiIxIiwiaWRDbHVibG9jYWwiOjExMTg4LCJpZENsdWJ2aXNpdGEiOjExNTQzfQ==-informe-arbitral-pumas-vs-puebla-fc-jornada-16-estadio-olimpico-universitario-tudn,  0 - 1,  https--www.ligafemenil.mx-cancha-estadio-7-estadio-olimpico-universitario,  Olímpico Universitario,  https--www.ligafemenil.mx-cancha-galeria-MTIxODA4LzE2LzcyLzEvMTQ=-pumas-vs-puebla-fc,  ,  https--www.ligafemenil.mx-cancha-playlist-121808-pumas-vs-puebla-fc,  
2021-2022,Apertura,  Sábado 13 de Noviembre de 2021-nTemporada 2021-2022-nTorneo Apertura-nJornada 16-n13 Noviembre 2021 - 1600 hrs.,  https--www.ligafemenil.mx-cancha-informeArbitral-121809-eyJpZERpdmlzaW9uIjoiMTQiLCJpZFRlbXBvcmFkYSI6IjcyIiwiaWRUb3JuZW8iOiIxIiwiaWRDbHVibG9jYWwiOjExMTg5LCJpZENsdWJ2aXNpdGEiOjExNzk1fQ==-informe-arbitral-necaxa-vs-fc-juarez-jornada-16-estadio-victoria-tudn,  3 - 1,  https--www.ligafemenil.mx-cancha-estadio-15-estadio-victoria,  Victoria,  https--www.ligafemenil.mx-cancha-galeria-MTIxODA5LzE2LzcyLzEvMTQ=-necaxa-vs-fc-juarez,  ,  https--www.ligafemenil.mx-cancha-playlist-121809-necaxa-vs-fc-juarez,  
2021-2022,Apertura,  Sábado 13 de Noviembre de 2021-nTemporada 2021-2022-nTorneo Apertura-nJornada 16-n13 Noviembre 2021 - 1700 hrs.,  https--www.ligafemenil.mx-cancha-informeArbitral-121804-eyJpZERpdmlzaW9uIjoiMTQiLCJpZFRlbXBvcmFkYSI6IjcyIiwiaWRUb3JuZW8iOiIxIiwiaWRDbHVibG9jYWwiOjEyMDQyLCJpZENsdWJ2aXNpdGEiOjExMTkyfQ==-informe-arbitral-gallos-blancos-de-queretaro-vs-santos-laguna-jornada-16-estadio-la-corregidora-tvc-deportes,  4 - 2,  https--www.ligafemenil.mx-cancha-estadio-25-estadio-la-corregidora,  La Corregidora,  https--www.ligafemenil.mx-cancha-galeria-MTIxODA0LzE2LzcyLzEvMTQ=-gallos-blancos-de-queretaro-vs-santos-laguna,  ,  https--www.ligafemenil.mx-cancha-playlist-121804-gallos-blancos-de-queretaro-vs-santos-laguna,  
2021-2022,Apertura,  Sábado 13 de Noviembre de 2021-nTemporada 2021-2022-nTorneo Apertura-nJornada 16-n13 Noviembre 2021 - 2000 hrs.,  https--www.ligafemenil.mx-cancha-informeArbitral-121810-eyJpZERpdmlzaW9uIjoiMTQiLCJpZFRlbXBvcmFkYSI6IjcyIiwiaWRUb3JuZW8iOiIxIiwiaWRDbHVibG9jYWwiOjExMTkxLCJpZENsdWJ2aXNpdGEiOjExMTg2fQ==-informe-arbitral-america-vs-tigres-de-la-uanl-jornada-16-estadio-azteca-tudn,  1 - 1,  https--www.ligafemenil.mx-cancha-estadio-1-estadio-azteca,  Azteca,  https--www.ligafemenil.mx-cancha-galeria-MTIxODEwLzE2LzcyLzEvMTQ=-america-vs-tigres-de-la-uanl,  ,  https--www.ligafemenil.mx-cancha-playlist-121810-america-vs-tigres-de-la-uanl,  
2021-2022,Apertura,  Lunes 15 de Noviembre de 2021-nTemporada 2021-2022-nTorneo Apertura-nJornada 16-n15 Noviembre 2021 - 1900 hrs.,  https--www.ligafemenil.mx-cancha-informeArbitral-121811-eyJpZERpdmlzaW9uIjoiMTQiLCJpZFRlbXBvcmFkYSI6IjcyIiwiaWRUb3JuZW8iOiIxIiwiaWRDbHVibG9jYWwiOjExMTg1LCJpZENsdWJ2aXNpdGEiOjExMTgyfQ==-informe-arbitral-rayados-de-monterrey-vs-guadalajara-jornada-16-estadio-bbva-fox-sports,  2 - 1,  https--www.ligafemenil.mx-cancha-estadio-1608-estadio-bbva,  Estadio BBVA,  https--www.ligafemenil.mx-cancha-galeria-MTIxODExLzE2LzcyLzEvMTQ=-rayados-de-monterrey-vs-guadalajara,  ,  https--www.ligafemenil.mx-cancha-playlist-121811-rayados-de-monterrey-vs-guadalajara,  
2021-2022,Apertura,  Lunes 15 de Noviembre de 2021-nTemporada 2021-2022-nTorneo Apertura-nJornada 16-n15 Noviembre 2021 - 1900 hrs.,  https--www.ligafemenil.mx-cancha-informeArbitral-121812-eyJpZERpdmlzaW9uIjoiMTQiLCJpZFRlbXBvcmFkYSI6IjcyIiwiaWRUb3JuZW8iOiIxIiwiaWRDbHVibG9jYWwiOjExMTgwLCJpZENsdWJ2aXNpdGEiOjExMTgxfQ==-informe-arbitral-tijuana-vs-cruz-azul-jornada-16-estadio-caliente-fox-sports,  4 - 1,  https--www.ligafemenil.mx-cancha-estadio-48-estadio-caliente,  Caliente,  https--www.ligafemenil.mx-cancha-galeria-MTIxODEyLzE2LzcyLzEvMTQ=-tijuana-vs-cruz-azul,  ,  https--www.ligafemenil.mx-cancha-playlist-121812-tijuana-vs-cruz-azul,  
2021-2022,Apertura,  Viernes 19 de Noviembre de 2021-nTemporada 2021-2022-nTorneo Apertura-nJornada 17-n19 Noviembre 2021 - 1700 hrs.,  https--www.ligafemenil.mx-cancha-informeArbitral-121813-eyJpZERpdmlzaW9uIjoiMTQiLCJpZFRlbXBvcmFkYSI6IjcyIiwiaWRUb3JuZW8iOiIxIiwiaWRDbHVibG9jYWwiOjExMTg3LCJpZENsdWJ2aXNpdGEiOjExMTgyfQ==-informe-arbitral-toluca-vs-guadalajara-jornada-17-estadio-nemesio-diez-tudn,  0 - 4,  https--www.ligafemenil.mx-cancha-estadio-6-estadio-nemesio-diez,  Nemesio Diez,  https--www.ligafemenil.mx-cancha-galeria-MTIxODEzLzE3LzcyLzEvMTQ=-toluca-vs-guadalajara,  ,  https--www.ligafemenil.mx-cancha-playlist-121813-toluca-vs-guadalajara,  
2021-2022,Apertura,  Sábado 20 de Noviembre de 2021-nTemporada 2021-2022-nTorneo Apertura-nJornada 17-n20 Noviembre 2021 - 1000 hrs.,  https--www.ligafemenil.mx-cancha-informeArbitral-121814-eyJpZERpdmlzaW9uIjoiMTQiLCJpZFRlbXBvcmFkYSI6IjcyIiwiaWRUb3JuZW8iOiIxIiwiaWRDbHVibG9jYWwiOjExMTkxLCJpZENsdWJ2aXNpdGEiOjExMjQzfQ==-informe-arbitral-america-vs-leon-jornada-17-estadio-cancha-centenario-no-5-natural-instalaciones-club-america-tudn,  4 - 1,  https--www.ligafemenil.mx-cancha-estadio-1421-estadio-cancha-centenario-no-5-natural-instalaciones-club-america,  Cancha Centenario No. 5 (Natural) Instalaciones Club América,  https--www.ligafemenil.mx-cancha-galeria-MTIxODE0LzE3LzcyLzEvMTQ=-america-vs-leon,  ,  https--www.ligafemenil.mx-cancha-playlist-121814-america-vs-leon,  
2021-2022,Apertura,  Sábado 20 de Noviembre de 2021-nTemporada 2021-2022-nTorneo Apertura-nJornada 17-n20 Noviembre 2021 - 1200 hrs.,  https--www.ligafemenil.mx-cancha-informeArbitral-121815-eyJpZERpdmlzaW9uIjoiMTQiLCJpZFRlbXBvcmFkYSI6IjcyIiwiaWRUb3JuZW8iOiIxIiwiaWRDbHVibG9jYWwiOjExMTg4LCJpZENsdWJ2aXNpdGEiOjEyMDUxfQ==-informe-arbitral-pumas-vs-mazatlan-fc-jornada-17-estadio-olimpico-universitario-tudn,  4 - 0,  https--www.ligafemenil.mx-cancha-estadio-7-estadio-olimpico-universitario,  Olímpico Universitario,  https--www.ligafemenil.mx-cancha-galeria-MTIxODE1LzE3LzcyLzEvMTQ=-pumas-vs-mazatlan-fc,  ,  https--www.ligafemenil.mx-cancha-playlist-121815-pumas-vs-mazatlan-fc,  
2021-2022,Apertura,  Sábado 20 de Noviembre de 2021-nTemporada 2021-2022-nTorneo Apertura-nJornada 17-n20 Noviembre 2021 - 1700 hrs.,  https--www.ligafemenil.mx-cancha-informeArbitral-121819-eyJpZERpdmlzaW9uIjoiMTQiLCJpZFRlbXBvcmFkYSI6IjcyIiwiaWRUb3JuZW8iOiIxIiwiaWRDbHVibG9jYWwiOjExMTg1LCJpZENsdWJ2aXNpdGEiOjExMTgxfQ==-informe-arbitral-rayados-de-monterrey-vs-cruz-azul-jornada-17-estadio-bbva-fox-sports,  5 - 0,  https--www.ligafemenil.mx-cancha-estadio-1608-estadio-bbva,  Estadio BBVA,  https--www.ligafemenil.mx-cancha-galeria-MTIxODE5LzE3LzcyLzEvMTQ=-rayados-de-monterrey-vs-cruz-azul,  ,  https--www.ligafemenil.mx-cancha-playlist-121819-rayados-de-monterrey-vs-cruz-azul,  
2021-2022,Apertura,  Sábado 20 de Noviembre de 2021-nTemporada 2021-2022-nTorneo Apertura-nJornada 17-n20 Noviembre 2021 - 1600 hrs.,  https--www.ligafemenil.mx-cancha-informeArbitral-121820-eyJpZERpdmlzaW9uIjoiMTQiLCJpZFRlbXBvcmFkYSI6IjcyIiwiaWRUb3JuZW8iOiIxIiwiaWRDbHVibG9jYWwiOjExNzk1LCJpZENsdWJ2aXNpdGEiOjExMTgwfQ==-informe-arbitral-fc-juarez-vs-tijuana-jornada-17-estadio-olimpico-benito-juarez-tudn,  2 - 4,  https--www.ligafemenil.mx-cancha-estadio-17-estadio-olimpico-benito-juarez,  Olímpico Benito Juárez,  https--www.ligafemenil.mx-cancha-galeria-MTIxODIwLzE3LzcyLzEvMTQ=-fc-juarez-vs-tijuana,  ,  https--www.ligafemenil.mx-cancha-playlist-121820-fc-juarez-vs-tijuana,  
2021-2022,Apertura,  Sábado 20 de Noviembre de 2021-nTemporada 2021-2022-nTorneo Apertura-nJornada 17-n20 Noviembre 2021 - 1900 hrs.,  https--www.ligafemenil.mx-cancha-informeArbitral-121816-eyJpZERpdmlzaW9uIjoiMTQiLCJpZFRlbXBvcmFkYSI6IjcyIiwiaWRUb3JuZW8iOiIxIiwiaWRDbHVibG9jYWwiOjExMTg0LCJpZENsdWJ2aXNpdGEiOjEyMDQyfQ==-informe-arbitral-pachuca-vs-gallos-blancos-de-queretaro-jornada-17-estadio-hidalgo,  2 - 0,  https--www.ligafemenil.mx-cancha-estadio-11-estadio-hidalgo,  Hidalgo,  https--www.ligafemenil.mx-cancha-galeria-MTIxODE2LzE3LzcyLzEvMTQ=-pachuca-vs-gallos-blancos-de-queretaro,  ,  https--www.ligafemenil.mx-cancha-playlist-121816-pachuca-vs-gallos-blancos-de-queretaro,  
2021-2022,Apertura,  Domingo 21 de Noviembre de 2021-nTemporada 2021-2022-nTorneo Apertura-nJornada 17-n21 Noviembre 2021 - 1200 hrs.,  https--www.ligafemenil.mx-cancha-informeArbitral-121817-eyJpZERpdmlzaW9uIjoiMTQiLCJpZFRlbXBvcmFkYSI6IjcyIiwiaWRUb3JuZW8iOiIxIiwiaWRDbHVibG9jYWwiOjExNTQzLCJpZENsdWJ2aXNpdGEiOjExMjQ1fQ==-informe-arbitral-puebla-fc-vs-atlas-jornada-17-estadio-cuauhtemoc-tvc-deportes,  0 - 4,  https--www.ligafemenil.mx-cancha-estadio-9-estadio-cuauhtemoc,  Cuauhtémoc,  https--www.ligafemenil.mx-cancha-galeria-MTIxODE3LzE3LzcyLzEvMTQ=-puebla-fc-vs-atlas,  ,  https--www.ligafemenil.mx-cancha-playlist-121817-puebla-fc-vs-atlas,  
2021-2022,Apertura,  Domingo 21 de Noviembre de 2021-nTemporada 2021-2022-nTorneo Apertura-nJornada 17-n21 Noviembre 2021 - 1700 hrs.,  https--www.ligafemenil.mx-cancha-informeArbitral-121818-eyJpZERpdmlzaW9uIjoiMTQiLCJpZFRlbXBvcmFkYSI6IjcyIiwiaWRUb3JuZW8iOiIxIiwiaWRDbHVibG9jYWwiOjExNzc4LCJpZENsdWJ2aXNpdGEiOjExMTg5fQ==-informe-arbitral-club-atletico-de-san-luis-vs-necaxa-jornada-17-estadio-alfonso-lastras-ramirez-espn,  1 - 1,  https--www.ligafemenil.mx-cancha-estadio-14-estadio-alfonso-lastras-ramirez,  Alfonso Lastras Ramírez,  https--www.ligafemenil.mx-cancha-galeria-MTIxODE4LzE3LzcyLzEvMTQ=-club-atletico-de-san-luis-vs-necaxa,  ,  https--www.ligafemenil.mx-cancha-playlist-121818-club-atletico-de-san-luis-vs-necaxa,  
2021-2022,Apertura,  Domingo 21 de Noviembre de 2021-nTemporada 2021-2022-nTorneo Apertura-nJornada 17-n21 Noviembre 2021 - 2100 hrs.,  https--www.ligafemenil.mx-cancha-informeArbitral-121821-eyJpZERpdmlzaW9uIjoiMTQiLCJpZFRlbXBvcmFkYSI6IjcyIiwiaWRUb3JuZW8iOiIxIiwiaWRDbHVibG9jYWwiOjExMTkyLCJpZENsdWJ2aXNpdGEiOjExMTg2fQ==-informe-arbitral-santos-laguna-vs-tigres-de-la-uanl-jornada-17-estadio-tsm-corona-fox-sports,  0 - 2,  https--www.ligafemenil.mx-cancha-estadio-63-estadio-tsm-corona,  TSM Corona,  https--www.ligafemenil.mx-cancha-galeria-MTIxODIxLzE3LzcyLzEvMTQ=-santos-laguna-vs-tigres-de-la-uanl,  ,  https--www.ligafemenil.mx-cancha-playlist-121821-santos-laguna-vs-tigres-de-la-uanl,  
2021-2022,Apertura,  Viernes 3 de Diciembre de 2021-nTemporada 2021-2022-nTorneo Apertura-nCuartos Ida-n3 Diciembre 2021 - 1245 hrs.,  https--www.ligafemenil.mx-cancha-informeArbitral-124142-eyJpZERpdmlzaW9uIjoiMTQiLCJpZFRlbXBvcmFkYSI6IjcyIiwiaWRUb3JuZW8iOiIxIiwiaWRDbHVibG9jYWwiOjExMTgxLCJpZENsdWJ2aXNpdGEiOjExMTg2fQ==-informe-arbitral-cruz-azul-vs-tigres-de-la-uanl-cuartos-ida-estadio-instalaciones-la-noria-cancha-1-tudn,  0 - 4,  https--www.ligafemenil.mx-cancha-estadio-1549-estadio-instalaciones-la-noria-cancha-1,  Instalaciones la Noria Cancha 1,  https--www.ligafemenil.mx-cancha-galeria-MTI0MTQyLzE4LzcyLzEvMTQ=-cruz-azul-vs-tigres-de-la-uanl,  ,  https--www.ligafemenil.mx-cancha-playlist-124142-cruz-azul-vs-tigres-de-la-uanl,  
2021-2022,Apertura,  Viernes 3 de Diciembre de 2021-nTemporada 2021-2022-nTorneo Apertura-nCuartos Ida-n3 Diciembre 2021 - 1800 hrs.,  https--www.ligafemenil.mx-cancha-informeArbitral-124144-eyJpZERpdmlzaW9uIjoiMTQiLCJpZFRlbXBvcmFkYSI6IjcyIiwiaWRUb3JuZW8iOiIxIiwiaWRDbHVibG9jYWwiOjExMTkyLCJpZENsdWJ2aXNpdGEiOjExMjQ1fQ==-informe-arbitral-santos-laguna-vs-atlas-cuartos-ida-estadio-tsm-corona-fox-sports,  2 - 2,  https--www.ligafemenil.mx-cancha-estadio-63-estadio-tsm-corona,  TSM Corona,  https--www.ligafemenil.mx-cancha-galeria-MTI0MTQ0LzE4LzcyLzEvMTQ=-santos-laguna-vs-atlas,  ,  https--www.ligafemenil.mx-cancha-playlist-124144-santos-laguna-vs-atlas,  
2021-2022,Apertura,  Viernes 3 de Diciembre de 2021-nTemporada 2021-2022-nTorneo Apertura-nCuartos Ida-n3 Diciembre 2021 - 2000 hrs.,  https--www.ligafemenil.mx-cancha-informeArbitral-124145-eyJpZERpdmlzaW9uIjoiMTQiLCJpZFRlbXBvcmFkYSI6IjcyIiwiaWRUb3JuZW8iOiIxIiwiaWRDbHVibG9jYWwiOjExMTkxLCJpZENsdWJ2aXNpdGEiOjExMTgyfQ==-informe-arbitral-america-vs-guadalajara-cuartos-ida-estadio-azteca-tudn,  2 - 1,  https--www.ligafemenil.mx-cancha-estadio-1-estadio-azteca,  Azteca,  https--www.ligafemenil.mx-cancha-galeria-MTI0MTQ1LzE4LzcyLzEvMTQ=-america-vs-guadalajara,  ,  https--www.ligafemenil.mx-cancha-playlist-124145-america-vs-guadalajara,  
2021-2022,Apertura,  Viernes 3 de Diciembre de 2021-nTemporada 2021-2022-nTorneo Apertura-nCuartos Ida-n3 Diciembre 2021 - 1930 hrs.,  https--www.ligafemenil.mx-cancha-informeArbitral-124143-eyJpZERpdmlzaW9uIjoiMTQiLCJpZFRlbXBvcmFkYSI6IjcyIiwiaWRUb3JuZW8iOiIxIiwiaWRDbHVibG9jYWwiOjExMTgwLCJpZENsdWJ2aXNpdGEiOjExMTg1fQ==-informe-arbitral-tijuana-vs-rayados-de-monterrey-cuartos-ida-estadio-caliente-fox-sports,  1 - 1,  https--www.ligafemenil.mx-cancha-estadio-48-estadio-caliente,  Caliente,  https--www.ligafemenil.mx-cancha-galeria-MTI0MTQzLzE4LzcyLzEvMTQ=-tijuana-vs-rayados-de-monterrey,  ,  https--www.ligafemenil.mx-cancha-playlist-124143-tijuana-vs-rayados-de-monterrey,  
2021-2022,Apertura,  Lunes 6 de Diciembre de 2021-nTemporada 2021-2022-nTorneo Apertura-nCuartos Vuelta-n6 Diciembre 2021 - 1200 hrs.,  https--www.ligafemenil.mx-cancha-informeArbitral-124148-eyJpZERpdmlzaW9uIjoiMTQiLCJpZFRlbXBvcmFkYSI6IjcyIiwiaWRUb3JuZW8iOiIxIiwiaWRDbHVibG9jYWwiOjExMjQ1LCJpZENsdWJ2aXNpdGEiOjExMTkyfQ==-informe-arbitral-atlas-vs-santos-laguna-cuartos-vuelta-estadio-jalisco-tvc-deportes,  2 - 1,  https--www.ligafemenil.mx-cancha-estadio-5-estadio-jalisco,  Jalisco,  https--www.ligafemenil.mx-cancha-galeria-MTI0MTQ4LzE5LzcyLzEvMTQ=-atlas-vs-santos-laguna,  ,  https--www.ligafemenil.mx-cancha-playlist-124148-atlas-vs-santos-laguna,  
2021-2022,Apertura,  Lunes 6 de Diciembre de 2021-nTemporada 2021-2022-nTorneo Apertura-nCuartos Vuelta-n6 Diciembre 2021 - 1900 hrs.,  https--www.ligafemenil.mx-cancha-informeArbitral-124149-eyJpZERpdmlzaW9uIjoiMTQiLCJpZFRlbXBvcmFkYSI6IjcyIiwiaWRUb3JuZW8iOiIxIiwiaWRDbHVibG9jYWwiOjExMTgyLCJpZENsdWJ2aXNpdGEiOjExMTkxfQ==-informe-arbitral-guadalajara-vs-america-cuartos-vuelta-estadio-akron-fox-sports,  0 - 0,  https--www.ligafemenil.mx-cancha-estadio-1538-estadio-akron,  Estadio AKRON,  https--www.ligafemenil.mx-cancha-galeria-MTI0MTQ5LzE5LzcyLzEvMTQ=-guadalajara-vs-america,  ,  https--www.ligafemenil.mx-cancha-playlist-124149-guadalajara-vs-america,  
2021-2022,Apertura,  Lunes 6 de Diciembre de 2021-nTemporada 2021-2022-nTorneo Apertura-nCuartos Vuelta-n6 Diciembre 2021 - 1900 hrs.,  https--www.ligafemenil.mx-cancha-informeArbitral-124146-eyJpZERpdmlzaW9uIjoiMTQiLCJpZFRlbXBvcmFkYSI6IjcyIiwiaWRUb3JuZW8iOiIxIiwiaWRDbHVibG9jYWwiOjExMTg2LCJpZENsdWJ2aXNpdGEiOjExMTgxfQ==-informe-arbitral-tigres-de-la-uanl-vs-cruz-azul-cuartos-vuelta-estadio-universitario-tudn,  4 - 0,  https--www.ligafemenil.mx-cancha-estadio-12-estadio-universitario,  Universitario,  https--www.ligafemenil.mx-cancha-galeria-MTI0MTQ2LzE5LzcyLzEvMTQ=-tigres-de-la-uanl-vs-cruz-azul,  ,  https--www.ligafemenil.mx-cancha-playlist-124146-tigres-de-la-uanl-vs-cruz-azul,  
2021-2022,Apertura,  Lunes 6 de Diciembre de 2021-nTemporada 2021-2022-nTorneo Apertura-nCuartos Vuelta-n6 Diciembre 2021 - 2100 hrs.,  https--www.ligafemenil.mx-cancha-informeArbitral-124147-eyJpZERpdmlzaW9uIjoiMTQiLCJpZFRlbXBvcmFkYSI6IjcyIiwiaWRUb3JuZW8iOiIxIiwiaWRDbHVibG9jYWwiOjExMTg1LCJpZENsdWJ2aXNpdGEiOjExMTgwfQ==-informe-arbitral-rayados-de-monterrey-vs-tijuana-cuartos-vuelta-estadio-bbva-fox-sports,  1 - 1,  https--www.ligafemenil.mx-cancha-estadio-1608-estadio-bbva,  Estadio BBVA,  https--www.ligafemenil.mx-cancha-galeria-MTI0MTQ3LzE5LzcyLzEvMTQ=-rayados-de-monterrey-vs-tijuana,  ,  https--www.ligafemenil.mx-cancha-playlist-124147-rayados-de-monterrey-vs-tijuana,  
2021-2022,Apertura,  Viernes 10 de Diciembre de 2021-nTemporada 2021-2022-nTorneo Apertura-nSemifinal Ida-n10 Diciembre 2021 - 1100 hrs.,  https--www.ligafemenil.mx-cancha-informeArbitral-124191-eyJpZERpdmlzaW9uIjoiMTQiLCJpZFRlbXBvcmFkYSI6IjcyIiwiaWRUb3JuZW8iOiIxIiwiaWRDbHVibG9jYWwiOjExMjQ1LCJpZENsdWJ2aXNpdGEiOjExMTg1fQ==-informe-arbitral-atlas-vs-rayados-de-monterrey-semifinal-ida-estadio-jalisco-tvc-deportes,  1 - 0,  https--www.ligafemenil.mx-cancha-estadio-5-estadio-jalisco,  Jalisco,  https--www.ligafemenil.mx-cancha-galeria-MTI0MTkxLzIwLzcyLzEvMTQ=-atlas-vs-rayados-de-monterrey,  ,  https--www.ligafemenil.mx-cancha-playlist-124191-atlas-vs-rayados-de-monterrey,  
2021-2022,Apertura,  Viernes 10 de Diciembre de 2021-nTemporada 2021-2022-nTorneo Apertura-nSemifinal Ida-n10 Diciembre 2021 - 2000 hrs.,  https--www.ligafemenil.mx-cancha-informeArbitral-124190-eyJpZERpdmlzaW9uIjoiMTQiLCJpZFRlbXBvcmFkYSI6IjcyIiwiaWRUb3JuZW8iOiIxIiwiaWRDbHVibG9jYWwiOjExMTkxLCJpZENsdWJ2aXNpdGEiOjExMTg2fQ==-informe-arbitral-america-vs-tigres-de-la-uanl-semifinal-ida-estadio-azteca-tudn,  2 - 1,  https--www.ligafemenil.mx-cancha-estadio-1-estadio-azteca,  Azteca,  https--www.ligafemenil.mx-cancha-galeria-MTI0MTkwLzIwLzcyLzEvMTQ=-america-vs-tigres-de-la-uanl,  ,  https--www.ligafemenil.mx-cancha-playlist-124190-america-vs-tigres-de-la-uanl,  
2021-2022,Apertura,  Lunes 13 de Diciembre de 2021-nTemporada 2021-2022-nTorneo Apertura-nSemifinal Vuelta-n13 Diciembre 2021 - 1900 hrs.,  https--www.ligafemenil.mx-cancha-informeArbitral-124192-eyJpZERpdmlzaW9uIjoiMTQiLCJpZFRlbXBvcmFkYSI6IjcyIiwiaWRUb3JuZW8iOiIxIiwiaWRDbHVibG9jYWwiOjExMTg2LCJpZENsdWJ2aXNpdGEiOjExMTkxfQ==-informe-arbitral-tigres-de-la-uanl-vs-america-semifinal-vuelta-estadio-universitario-tudn,  4 - 0,  https--www.ligafemenil.mx-cancha-estadio-12-estadio-universitario,  Universitario,  https--www.ligafemenil.mx-cancha-galeria-MTI0MTkyLzIxLzcyLzEvMTQ=-tigres-de-la-uanl-vs-america,  ,  https--www.ligafemenil.mx-cancha-playlist-124192-tigres-de-la-uanl-vs-america,  
2021-2022,Apertura,  Lunes 13 de Diciembre de 2021-nTemporada 2021-2022-nTorneo Apertura-nSemifinal Vuelta-n13 Diciembre 2021 - 2100 hrs.,  https--www.ligafemenil.mx-cancha-informeArbitral-124193-eyJpZERpdmlzaW9uIjoiMTQiLCJpZFRlbXBvcmFkYSI6IjcyIiwiaWRUb3JuZW8iOiIxIiwiaWRDbHVibG9jYWwiOjExMTg1LCJpZENsdWJ2aXNpdGEiOjExMjQ1fQ==-informe-arbitral-rayados-de-monterrey-vs-atlas-semifinal-vuelta-estadio-bbva-fox-sports,  2 - 1,  https--www.ligafemenil.mx-cancha-estadio-1608-estadio-bbva,  Estadio BBVA,  https--www.ligafemenil.mx-cancha-galeria-MTI0MTkzLzIxLzcyLzEvMTQ=-rayados-de-monterrey-vs-atlas,  ,  https--www.ligafemenil.mx-cancha-playlist-124193-rayados-de-monterrey-vs-atlas,  
2021-2022,Apertura,  Viernes 17 de Diciembre de 2021-nTemporada 2021-2022-nTorneo Apertura-nFinal Ida-n17 Diciembre 2021 - 2106 hrs.,  https--www.ligafemenil.mx-cancha-informeArbitral-124367-eyJpZERpdmlzaW9uIjoiMTQiLCJpZFRlbXBvcmFkYSI6IjcyIiwiaWRUb3JuZW8iOiIxIiwiaWRDbHVibG9jYWwiOjExMTg1LCJpZENsdWJ2aXNpdGEiOjExMTg2fQ==-informe-arbitral-rayados-de-monterrey-vs-tigres-de-la-uanl-final-ida-estadio-bbva-fox-sports,  2 - 2,  https--www.ligafemenil.mx-cancha-estadio-1608-estadio-bbva,  Estadio BBVA,  https--www.ligafemenil.mx-cancha-galeria-MTI0MzY3LzIyLzcyLzEvMTQ=-rayados-de-monterrey-vs-tigres-de-la-uanl,  ,  https--www.ligafemenil.mx-cancha-playlist-124367-rayados-de-monterrey-vs-tigres-de-la-uanl,  
2021-2022,Apertura,  Lunes 20 de Diciembre de 2021-nTemporada 2021-2022-nTorneo Apertura-nFinal Vuelta-n20 Diciembre 2021 - 2000 hrs.,  https--www.ligafemenil.mx-cancha-informeArbitral-124368-eyJpZERpdmlzaW9uIjoiMTQiLCJpZFRlbXBvcmFkYSI6IjcyIiwiaWRUb3JuZW8iOiIxIiwiaWRDbHVibG9jYWwiOjExMTg2LCJpZENsdWJ2aXNpdGEiOjExMTg1fQ==-informe-arbitral-tigres-de-la-uanl-vs-rayados-de-monterrey-final-vuelta-estadio-universitario-tudn,  0 - 0,  https--www.ligafemenil.mx-cancha-estadio-12-estadio-universitario,  Universitario,  https--www.ligafemenil.mx-cancha-galeria-MTI0MzY4LzIzLzcyLzEvMTQ=-tigres-de-la-uanl-vs-rayados-de-monterrey,  ,  https--www.ligafemenil.mx-cancha-playlist-124368-tigres-de-la-uanl-vs-rayados-de-monterrey,