2023-2024,Clausura,  Viernes 5 de Enero de 2024-nTemporada 2023-2024-nTorneo Clausura-nJornada 1-n5 Enero 2024 - 1700 hrs.,  https--www.ligafemenil.mx-cancha-informeArbitral-136715-eyJpZERpdmlzaW9uIjoiMTQiLCJpZFRlbXBvcmFkYSI6Ijc0IiwiaWRUb3JuZW8iOiIyIiwiaWRDbHVibG9jYWwiOjEyMDQyLCJpZENsdWJ2aXNpdGEiOjExNzk1fQ==-informe-arbitral-gallos-blancos-de-queretaro-vs-fc-juarez-jornada-1-estadio-olimpico-alameda-fox-sports--fox-premium,  1 - 1,  https--www.ligafemenil.mx-cancha-estadio-1741-estadio-olimpico-alameda,  Estadio Olímpico Alameda,  https--www.ligafemenil.mx-cancha-galeria-MTM2NzE1LzEvNzQvMi8xNA==-gallos-blancos-de-queretaro-vs-fc-juarez,  ,  https--www.ligafemenil.mx-cancha-playlist-136715-gallos-blancos-de-queretaro-vs-fc-juarez,  
2023-2024,Clausura,  Viernes 5 de Enero de 2024-nTemporada 2023-2024-nTorneo Clausura-nJornada 1-n5 Enero 2024 - 1806 hrs.,  https--www.ligafemenil.mx-cancha-informeArbitral-136718-eyJpZERpdmlzaW9uIjoiMTQiLCJpZFRlbXBvcmFkYSI6Ijc0IiwiaWRUb3JuZW8iOiIyIiwiaWRDbHVibG9jYWwiOjEyMDUxLCJpZENsdWJ2aXNpdGEiOjExMTg0fQ==-informe-arbitral-mazatlan-fc-vs-pachuca-jornada-1-estadio-el-encanto-fox-sports--fox-premium,  0 - 5,  https--www.ligafemenil.mx-cancha-estadio-1931-estadio-el-encanto,  El Encanto,  https--www.ligafemenil.mx-cancha-galeria-MTM2NzE4LzEvNzQvMi8xNA==-mazatlan-fc-vs-pachuca,  ,  https--www.ligafemenil.mx-cancha-playlist-136718-mazatlan-fc-vs-pachuca,  
2023-2024,Clausura,  Viernes 5 de Enero de 2024-nTemporada 2023-2024-nTorneo Clausura-nJornada 1-n5 Enero 2024 - 2100 hrs.,  https--www.ligafemenil.mx-cancha-informeArbitral-136721-eyJpZERpdmlzaW9uIjoiMTQiLCJpZFRlbXBvcmFkYSI6Ijc0IiwiaWRUb3JuZW8iOiIyIiwiaWRDbHVibG9jYWwiOjExMTg1LCJpZENsdWJ2aXNpdGEiOjExNTQzfQ==-informe-arbitral-rayados-de-monterrey-vs-puebla-fc-jornada-1-estadio-bbva-vix,  1 - 0,  https--www.ligafemenil.mx-cancha-estadio-1608-estadio-bbva,  Estadio BBVA,  https--www.ligafemenil.mx-cancha-galeria-MTM2NzIxLzEvNzQvMi8xNA==-rayados-de-monterrey-vs-puebla-fc,  ,  https--www.ligafemenil.mx-cancha-playlist-136721-rayados-de-monterrey-vs-puebla-fc,  
2023-2024,Clausura,  Sábado 6 de Enero de 2024-nTemporada 2023-2024-nTorneo Clausura-nJornada 1-n6 Enero 2024 - 1200 hrs.,  https--www.ligafemenil.mx-cancha-informeArbitral-136726-eyJpZERpdmlzaW9uIjoiMTQiLCJpZFRlbXBvcmFkYSI6Ijc0IiwiaWRUb3JuZW8iOiIyIiwiaWRDbHVibG9jYWwiOjExMTgxLCJpZENsdWJ2aXNpdGEiOjExMTg5fQ==-informe-arbitral-cruz-azul-vs-necaxa-jornada-1-estadio-instalaciones-la-noria-vix,  0 - 2,  https--www.ligafemenil.mx-cancha-estadio-877-estadio-instalaciones-la-noria,  INSTALACIONES LA NORIA,  https--www.ligafemenil.mx-cancha-galeria-MTM2NzI2LzEvNzQvMi8xNA==-cruz-azul-vs-necaxa,  ,  https--www.ligafemenil.mx-cancha-playlist-136726-cruz-azul-vs-necaxa,  
2023-2024,Clausura,  Sábado 6 de Enero de 2024-nTemporada 2023-2024-nTorneo Clausura-nJornada 1-n6 Enero 2024 - 1545 hrs.,  https--www.ligafemenil.mx-cancha-informeArbitral-136729-eyJpZERpdmlzaW9uIjoiMTQiLCJpZFRlbXBvcmFkYSI6Ijc0IiwiaWRUb3JuZW8iOiIyIiwiaWRDbHVibG9jYWwiOjExMTkxLCJpZENsdWJ2aXNpdGEiOjExMjQ1fQ==-informe-arbitral-america-vs-atlas-jornada-1-estadio-instalaciones-club-america-coapa-vix,  2 - 1,  https--www.ligafemenil.mx-cancha-estadio-32-estadio-instalaciones-club-america-coapa,  Instalaciones Club América Coapa,  https--www.ligafemenil.mx-cancha-galeria-MTM2NzI5LzEvNzQvMi8xNA==-america-vs-atlas,  ,  https--www.ligafemenil.mx-cancha-playlist-136729-america-vs-atlas,  
2023-2024,Clausura,  Sábado 6 de Enero de 2024-nTemporada 2023-2024-nTorneo Clausura-nJornada 1-n6 Enero 2024 - 1906 hrs.,  https--www.ligafemenil.mx-cancha-informeArbitral-136732-eyJpZERpdmlzaW9uIjoiMTQiLCJpZFRlbXBvcmFkYSI6Ijc0IiwiaWRUb3JuZW8iOiIyIiwiaWRDbHVibG9jYWwiOjExMTgyLCJpZENsdWJ2aXNpdGEiOjExMTgwfQ==-informe-arbitral-guadalajara-vs-tijuana-jornada-1-estadio-akron-fox-sports--fox-premium,  1 - 0,  https--www.ligafemenil.mx-cancha-estadio-1538-estadio-akron,  Estadio AKRON,  https--www.ligafemenil.mx-cancha-galeria-MTM2NzMyLzEvNzQvMi8xNA==-guadalajara-vs-tijuana,  ,  https--www.ligafemenil.mx-cancha-playlist-136732-guadalajara-vs-tijuana,  
2023-2024,Clausura,  Sábado 6 de Enero de 2024-nTemporada 2023-2024-nTorneo Clausura-nJornada 1-n6 Enero 2024 - 2100 hrs.,  https--www.ligafemenil.mx-cancha-informeArbitral-136736-eyJpZERpdmlzaW9uIjoiMTQiLCJpZFRlbXBvcmFkYSI6Ijc0IiwiaWRUb3JuZW8iOiIyIiwiaWRDbHVibG9jYWwiOjExMTg2LCJpZENsdWJ2aXNpdGEiOjExNzc4fQ==-informe-arbitral-tigres-de-la-uanl-vs-club-atletico-de-san-luis-jornada-1-estadio-universitario-vix,  1 - 0,  https--www.ligafemenil.mx-cancha-estadio-12-estadio-universitario,  Universitario,  https--www.ligafemenil.mx-cancha-galeria-MTM2NzM2LzEvNzQvMi8xNA==-tigres-de-la-uanl-vs-club-atletico-de-san-luis,  ,  https--www.ligafemenil.mx-cancha-playlist-136736-tigres-de-la-uanl-vs-club-atletico-de-san-luis,  
2023-2024,Clausura,  Domingo 7 de Enero de 2024-nTemporada 2023-2024-nTorneo Clausura-nJornada 1-n7 Enero 2024 - 1700 hrs.,  https--www.ligafemenil.mx-cancha-informeArbitral-136738-eyJpZERpdmlzaW9uIjoiMTQiLCJpZFRlbXBvcmFkYSI6Ijc0IiwiaWRUb3JuZW8iOiIyIiwiaWRDbHVibG9jYWwiOjExMTg3LCJpZENsdWJ2aXNpdGEiOjExMTkyfQ==-informe-arbitral-toluca-vs-santos-laguna-jornada-1-estadio-nemesio-diez-vix,  7 - 0,  https--www.ligafemenil.mx-cancha-estadio-6-estadio-nemesio-diez,  Nemesio Diez,  https--www.ligafemenil.mx-cancha-galeria-MTM2NzM4LzEvNzQvMi8xNA==-toluca-vs-santos-laguna,  ,  https--www.ligafemenil.mx-cancha-playlist-136738-toluca-vs-santos-laguna,  
2023-2024,Clausura,  Lunes 8 de Enero de 2024-nTemporada 2023-2024-nTorneo Clausura-nJornada 1-n8 Enero 2024 - 2100 hrs.,  https--www.ligafemenil.mx-cancha-informeArbitral-136741-eyJpZERpdmlzaW9uIjoiMTQiLCJpZFRlbXBvcmFkYSI6Ijc0IiwiaWRUb3JuZW8iOiIyIiwiaWRDbHVibG9jYWwiOjExMjQzLCJpZENsdWJ2aXNpdGEiOjExMTg4fQ==-informe-arbitral-leon-vs-pumas-jornada-1-estadio-nou-camp-fox-sports--fox-premium,  4 - 1,  https--www.ligafemenil.mx-cancha-estadio-23-estadio-nou-camp,  Nou Camp,  https--www.ligafemenil.mx-cancha-galeria-MTM2NzQxLzEvNzQvMi8xNA==-leon-vs-pumas,  ,  https--www.ligafemenil.mx-cancha-playlist-136741-leon-vs-pumas,  
2023-2024,Clausura,  Jueves 11 de Enero de 2024-nTemporada 2023-2024-nTorneo Clausura-nJornada 2-n11 Enero 2024 - 1700 hrs.,  https--www.ligafemenil.mx-cancha-informeArbitral-136744-eyJpZERpdmlzaW9uIjoiMTQiLCJpZFRlbXBvcmFkYSI6Ijc0IiwiaWRUb3JuZW8iOiIyIiwiaWRDbHVibG9jYWwiOjExMTg5LCJpZENsdWJ2aXNpdGEiOjExMTkxfQ==-informe-arbitral-necaxa-vs-america-jornada-2-estadio-victoria-vix,  1 - 1,  https--www.ligafemenil.mx-cancha-estadio-15-estadio-victoria,  Victoria,  https--www.ligafemenil.mx-cancha-galeria-MTM2NzQ0LzIvNzQvMi8xNA==-necaxa-vs-america,  ,  https--www.ligafemenil.mx-cancha-playlist-136744-necaxa-vs-america,  
2023-2024,Clausura,  Jueves 11 de Enero de 2024-nTemporada 2023-2024-nTorneo Clausura-nJornada 2-n11 Enero 2024 - 1900 hrs.,  https--www.ligafemenil.mx-cancha-informeArbitral-136747-eyJpZERpdmlzaW9uIjoiMTQiLCJpZFRlbXBvcmFkYSI6Ijc0IiwiaWRUb3JuZW8iOiIyIiwiaWRDbHVibG9jYWwiOjExMTkyLCJpZENsdWJ2aXNpdGEiOjExMTgxfQ==-informe-arbitral-santos-laguna-vs-cruz-azul-jornada-2-estadio-tsm-corona-fox-sports--fox-premium,  0 - 0,  https--www.ligafemenil.mx-cancha-estadio-63-estadio-tsm-corona,  TSM Corona,  https--www.ligafemenil.mx-cancha-galeria-MTM2NzQ3LzIvNzQvMi8xNA==-santos-laguna-vs-cruz-azul,  ,  https--www.ligafemenil.mx-cancha-playlist-136747-santos-laguna-vs-cruz-azul,  
2023-2024,Clausura,  Jueves 11 de Enero de 2024-nTemporada 2023-2024-nTorneo Clausura-nJornada 2-n11 Enero 2024 - 1906 hrs.,  https--www.ligafemenil.mx-cancha-informeArbitral-136749-eyJpZERpdmlzaW9uIjoiMTQiLCJpZFRlbXBvcmFkYSI6Ijc0IiwiaWRUb3JuZW8iOiIyIiwiaWRDbHVibG9jYWwiOjExMTgwLCJpZENsdWJ2aXNpdGEiOjEyMDUxfQ==-informe-arbitral-tijuana-vs-mazatlan-fc-jornada-2-estadio-caliente-fox-sports--fox-premium,  4 - 1,  https--www.ligafemenil.mx-cancha-estadio-48-estadio-caliente,  Caliente,  https--www.ligafemenil.mx-cancha-galeria-MTM2NzQ5LzIvNzQvMi8xNA==-tijuana-vs-mazatlan-fc,  ,  https--www.ligafemenil.mx-cancha-playlist-136749-tijuana-vs-mazatlan-fc,  
2023-2024,Clausura,  Viernes 12 de Enero de 2024-nTemporada 2023-2024-nTorneo Clausura-nJornada 2-n12 Enero 2024 - 1700 hrs.,  https--www.ligafemenil.mx-cancha-informeArbitral-136752-eyJpZERpdmlzaW9uIjoiMTQiLCJpZFRlbXBvcmFkYSI6Ijc0IiwiaWRUb3JuZW8iOiIyIiwiaWRDbHVibG9jYWwiOjExNTQzLCJpZENsdWJ2aXNpdGEiOjExMjQzfQ==-informe-arbitral-puebla-fc-vs-leon-jornada-2-estadio-cuauhtemoc-fox-sports--fox-premium,  2 - 1,  https--www.ligafemenil.mx-cancha-estadio-9-estadio-cuauhtemoc,  Cuauhtémoc,  https--www.ligafemenil.mx-cancha-galeria-MTM2NzUyLzIvNzQvMi8xNA==-puebla-fc-vs-leon,  ,  https--www.ligafemenil.mx-cancha-playlist-136752-puebla-fc-vs-leon,  
2023-2024,Clausura,  Viernes 12 de Enero de 2024-nTemporada 2023-2024-nTorneo Clausura-nJornada 2-n12 Enero 2024 - 1900 hrs.,  https--www.ligafemenil.mx-cancha-informeArbitral-136753-eyJpZERpdmlzaW9uIjoiMTQiLCJpZFRlbXBvcmFkYSI6Ijc0IiwiaWRUb3JuZW8iOiIyIiwiaWRDbHVibG9jYWwiOjExMjQ1LCJpZENsdWJ2aXNpdGEiOjExMTg3fQ==-informe-arbitral-atlas-vs-toluca-jornada-2-estadio-jalisco-fox-premium,  2 - 2,  https--www.ligafemenil.mx-cancha-estadio-5-estadio-jalisco,  Jalisco,  https--www.ligafemenil.mx-cancha-galeria-MTM2NzUzLzIvNzQvMi8xNA==-atlas-vs-toluca,  ,  https--www.ligafemenil.mx-cancha-playlist-136753-atlas-vs-toluca,  
2023-2024,Clausura,  Sábado 13 de Enero de 2024-nTemporada 2023-2024-nTorneo Clausura-nJornada 2-n13 Enero 2024 - 1200 hrs.,  https--www.ligafemenil.mx-cancha-informeArbitral-136756-eyJpZERpdmlzaW9uIjoiMTQiLCJpZFRlbXBvcmFkYSI6Ijc0IiwiaWRUb3JuZW8iOiIyIiwiaWRDbHVibG9jYWwiOjExMTg4LCJpZENsdWJ2aXNpdGEiOjExMTg2fQ==-informe-arbitral-pumas-vs-tigres-de-la-uanl-jornada-2-estadio-olimpico-universitario-vix,  1 - 5,  https--www.ligafemenil.mx-cancha-estadio-7-estadio-olimpico-universitario,  Olímpico Universitario,  https--www.ligafemenil.mx-cancha-galeria-MTM2NzU2LzIvNzQvMi8xNA==-pumas-vs-tigres-de-la-uanl,  ,  https--www.ligafemenil.mx-cancha-playlist-136756-pumas-vs-tigres-de-la-uanl,  
2023-2024,Clausura,  Sábado 13 de Enero de 2024-nTemporada 2023-2024-nTorneo Clausura-nJornada 2-n13 Enero 2024 - 1800 hrs.,  https--www.ligafemenil.mx-cancha-informeArbitral-136759-eyJpZERpdmlzaW9uIjoiMTQiLCJpZFRlbXBvcmFkYSI6Ijc0IiwiaWRUb3JuZW8iOiIyIiwiaWRDbHVibG9jYWwiOjExMTg0LCJpZENsdWJ2aXNpdGEiOjExMTg1fQ==-informe-arbitral-pachuca-vs-rayados-de-monterrey-jornada-2-estadio-hidalgo-fox-sports--fox-premium,  2 - 2,  https--www.ligafemenil.mx-cancha-estadio-11-estadio-hidalgo,  Hidalgo,  https--www.ligafemenil.mx-cancha-galeria-MTM2NzU5LzIvNzQvMi8xNA==-pachuca-vs-rayados-de-monterrey,  ,  https--www.ligafemenil.mx-cancha-playlist-136759-pachuca-vs-rayados-de-monterrey,  
2023-2024,Clausura,  Domingo 14 de Enero de 2024-nTemporada 2023-2024-nTorneo Clausura-nJornada 2-n14 Enero 2024 - 1700 hrs.,  https--www.ligafemenil.mx-cancha-informeArbitral-136761-eyJpZERpdmlzaW9uIjoiMTQiLCJpZFRlbXBvcmFkYSI6Ijc0IiwiaWRUb3JuZW8iOiIyIiwiaWRDbHVibG9jYWwiOjExNzc4LCJpZENsdWJ2aXNpdGEiOjEyMDQyfQ==-informe-arbitral-club-atletico-de-san-luis-vs-gallos-blancos-de-queretaro-jornada-2-estadio-alfonso-lastras-ramirez-espn,  1 - 1,  https--www.ligafemenil.mx-cancha-estadio-14-estadio-alfonso-lastras-ramirez,  Alfonso Lastras Ramírez,  https--www.ligafemenil.mx-cancha-galeria-MTM2NzYxLzIvNzQvMi8xNA==-club-atletico-de-san-luis-vs-gallos-blancos-de-queretaro,  ,  https--www.ligafemenil.mx-cancha-playlist-136761-club-atletico-de-san-luis-vs-gallos-blancos-de-queretaro,  
2023-2024,Clausura,  Domingo 14 de Enero de 2024-nTemporada 2023-2024-nTorneo Clausura-nJornada 2-n14 Enero 2024 - 1800 hrs.,  https--www.ligafemenil.mx-cancha-informeArbitral-136764-eyJpZERpdmlzaW9uIjoiMTQiLCJpZFRlbXBvcmFkYSI6Ijc0IiwiaWRUb3JuZW8iOiIyIiwiaWRDbHVibG9jYWwiOjExNzk1LCJpZENsdWJ2aXNpdGEiOjExMTgyfQ==-informe-arbitral-fc-juarez-vs-guadalajara-jornada-2-estadio-olimpico-benito-juarez-fox-sports,  2 - 0,  https--www.ligafemenil.mx-cancha-estadio-17-estadio-olimpico-benito-juarez,  Olímpico Benito Juárez,  https--www.ligafemenil.mx-cancha-galeria-MTM2NzY0LzIvNzQvMi8xNA==-fc-juarez-vs-guadalajara,  ,  https--www.ligafemenil.mx-cancha-playlist-136764-fc-juarez-vs-guadalajara,  
2023-2024,Clausura,  Martes 16 de Enero de 2024-nTemporada 2023-2024-nTorneo Clausura-nJornada 3-n16 Enero 2024 - 1545 hrs.,  https--www.ligafemenil.mx-cancha-informeArbitral-136765-eyJpZERpdmlzaW9uIjoiMTQiLCJpZFRlbXBvcmFkYSI6Ijc0IiwiaWRUb3JuZW8iOiIyIiwiaWRDbHVibG9jYWwiOjExMTgxLCJpZENsdWJ2aXNpdGEiOjEyMDUxfQ==-informe-arbitral-cruz-azul-vs-mazatlan-fc-jornada-3-estadio-instalaciones-la-noria-vix,  1 - 2,  https--www.ligafemenil.mx-cancha-estadio-877-estadio-instalaciones-la-noria,  INSTALACIONES LA NORIA,  https--www.ligafemenil.mx-cancha-galeria-MTM2NzY1LzMvNzQvMi8xNA==-cruz-azul-vs-mazatlan-fc,  ,  https--www.ligafemenil.mx-cancha-playlist-136765-cruz-azul-vs-mazatlan-fc,  
2023-2024,Clausura,  Miércoles 17 de Enero de 2024-nTemporada 2023-2024-nTorneo Clausura-nJornada 3-n17 Enero 2024 - 1700 hrs.,  https--www.ligafemenil.mx-cancha-informeArbitral-136767-eyJpZERpdmlzaW9uIjoiMTQiLCJpZFRlbXBvcmFkYSI6Ijc0IiwiaWRUb3JuZW8iOiIyIiwiaWRDbHVibG9jYWwiOjExMTg3LCJpZENsdWJ2aXNpdGEiOjExMTg4fQ==-informe-arbitral-toluca-vs-pumas-jornada-3-estadio-nemesio-diez-vix,  2 - 2,  https--www.ligafemenil.mx-cancha-estadio-6-estadio-nemesio-diez,  Nemesio Diez,  https--www.ligafemenil.mx-cancha-galeria-MTM2NzY3LzMvNzQvMi8xNA==-toluca-vs-pumas,  ,  https--www.ligafemenil.mx-cancha-playlist-136767-toluca-vs-pumas,  
2023-2024,Clausura,  Miércoles 17 de Enero de 2024-nTemporada 2023-2024-nTorneo Clausura-nJornada 3-n17 Enero 2024 - 1900 hrs.,  https--www.ligafemenil.mx-cancha-informeArbitral-136768-eyJpZERpdmlzaW9uIjoiMTQiLCJpZFRlbXBvcmFkYSI6Ijc0IiwiaWRUb3JuZW8iOiIyIiwiaWRDbHVibG9jYWwiOjExMTg2LCJpZENsdWJ2aXNpdGEiOjExMTkyfQ==-informe-arbitral-tigres-de-la-uanl-vs-santos-laguna-jornada-3-estadio-universitario-vix,  7 - 1,  https--www.ligafemenil.mx-cancha-estadio-12-estadio-universitario,  Universitario,  https--www.ligafemenil.mx-cancha-galeria-MTM2NzY4LzMvNzQvMi8xNA==-tigres-de-la-uanl-vs-santos-laguna,  ,  https--www.ligafemenil.mx-cancha-playlist-136768-tigres-de-la-uanl-vs-santos-laguna,  
2023-2024,Clausura,  Miércoles 17 de Enero de 2024-nTemporada 2023-2024-nTorneo Clausura-nJornada 3-n17 Enero 2024 - 2106 hrs.,  https--www.ligafemenil.mx-cancha-informeArbitral-136769-eyJpZERpdmlzaW9uIjoiMTQiLCJpZFRlbXBvcmFkYSI6Ijc0IiwiaWRUb3JuZW8iOiIyIiwiaWRDbHVibG9jYWwiOjExMjQ1LCJpZENsdWJ2aXNpdGEiOjExMjQzfQ==-informe-arbitral-atlas-vs-leon-jornada-3-estadio-jalisco-fox-sports,  0 - 3,  https--www.ligafemenil.mx-cancha-estadio-5-estadio-jalisco,  Jalisco,  https--www.ligafemenil.mx-cancha-galeria-MTM2NzY5LzMvNzQvMi8xNA==-atlas-vs-leon,  ,  https--www.ligafemenil.mx-cancha-playlist-136769-atlas-vs-leon,  
2023-2024,Clausura,  Jueves 18 de Enero de 2024-nTemporada 2023-2024-nTorneo Clausura-nJornada 3-n18 Enero 2024 - 1545 hrs.,  https--www.ligafemenil.mx-cancha-informeArbitral-136770-eyJpZERpdmlzaW9uIjoiMTQiLCJpZFRlbXBvcmFkYSI6Ijc0IiwiaWRUb3JuZW8iOiIyIiwiaWRDbHVibG9jYWwiOjExMTkxLCJpZENsdWJ2aXNpdGEiOjExMTgwfQ==-informe-arbitral-america-vs-tijuana-jornada-3-estadio-cancha-centenario-no-5-natural-instalaciones-club-america-vix,  4 - 0,  https--www.ligafemenil.mx-cancha-estadio-1421-estadio-cancha-centenario-no-5-natural-instalaciones-club-america,  Cancha Centenario No. 5 (Natural) Instalaciones Club América,  https--www.ligafemenil.mx-cancha-galeria-MTM2NzcwLzMvNzQvMi8xNA==-america-vs-tijuana,  ,  https--www.ligafemenil.mx-cancha-playlist-136770-america-vs-tijuana,  
2023-2024,Clausura,  Jueves 18 de Enero de 2024-nTemporada 2023-2024-nTorneo Clausura-nJornada 3-n18 Enero 2024 - 1700 hrs.,  https--www.ligafemenil.mx-cancha-informeArbitral-136771-eyJpZERpdmlzaW9uIjoiMTQiLCJpZFRlbXBvcmFkYSI6Ijc0IiwiaWRUb3JuZW8iOiIyIiwiaWRDbHVibG9jYWwiOjExNTQzLCJpZENsdWJ2aXNpdGEiOjEyMDQyfQ==-informe-arbitral-puebla-fc-vs-gallos-blancos-de-queretaro-jornada-3-estadio-cuauhtemoc-fox-sports,  0 - 1,  https--www.ligafemenil.mx-cancha-estadio-9-estadio-cuauhtemoc,  Cuauhtémoc,  https--www.ligafemenil.mx-cancha-galeria-MTM2NzcxLzMvNzQvMi8xNA==-puebla-fc-vs-gallos-blancos-de-queretaro,  ,  https--www.ligafemenil.mx-cancha-playlist-136771-puebla-fc-vs-gallos-blancos-de-queretaro,  
2023-2024,Clausura,  Jueves 18 de Enero de 2024-nTemporada 2023-2024-nTorneo Clausura-nJornada 3-n18 Enero 2024 - 1906 hrs.,  https--www.ligafemenil.mx-cancha-informeArbitral-136772-eyJpZERpdmlzaW9uIjoiMTQiLCJpZFRlbXBvcmFkYSI6Ijc0IiwiaWRUb3JuZW8iOiIyIiwiaWRDbHVibG9jYWwiOjExMTg0LCJpZENsdWJ2aXNpdGEiOjExNzk1fQ==-informe-arbitral-pachuca-vs-fc-juarez-jornada-3-estadio-hidalgo-fox-sports,  1 - 1,  https--www.ligafemenil.mx-cancha-estadio-11-estadio-hidalgo,  Hidalgo,  https--www.ligafemenil.mx-cancha-galeria-MTM2NzcyLzMvNzQvMi8xNA==-pachuca-vs-fc-juarez,  ,  https--www.ligafemenil.mx-cancha-playlist-136772-pachuca-vs-fc-juarez,  
2023-2024,Clausura,  Jueves 18 de Enero de 2024-nTemporada 2023-2024-nTorneo Clausura-nJornada 3-n18 Enero 2024 - 2100 hrs.,  https--www.ligafemenil.mx-cancha-informeArbitral-136773-eyJpZERpdmlzaW9uIjoiMTQiLCJpZFRlbXBvcmFkYSI6Ijc0IiwiaWRUb3JuZW8iOiIyIiwiaWRDbHVibG9jYWwiOjExMTg1LCJpZENsdWJ2aXNpdGEiOjExMTg5fQ==-informe-arbitral-rayados-de-monterrey-vs-necaxa-jornada-3-estadio-bbva-vix,  7 - 0,  https--www.ligafemenil.mx-cancha-estadio-1608-estadio-bbva,  Estadio BBVA,  https--www.ligafemenil.mx-cancha-galeria-MTM2NzczLzMvNzQvMi8xNA==-rayados-de-monterrey-vs-necaxa,  ,  https--www.ligafemenil.mx-cancha-playlist-136773-rayados-de-monterrey-vs-necaxa,  
2023-2024,Clausura,  Jueves 18 de Enero de 2024-nTemporada 2023-2024-nTorneo Clausura-nJornada 3-n18 Enero 2024 - 2110 hrs.,  https--www.ligafemenil.mx-cancha-informeArbitral-136774-eyJpZERpdmlzaW9uIjoiMTQiLCJpZFRlbXBvcmFkYSI6Ijc0IiwiaWRUb3JuZW8iOiIyIiwiaWRDbHVibG9jYWwiOjExMTgyLCJpZENsdWJ2aXNpdGEiOjExNzc4fQ==-informe-arbitral-guadalajara-vs-club-atletico-de-san-luis-jornada-3-estadio-akron-fox-sports,  4 - 1,  https--www.ligafemenil.mx-cancha-estadio-1538-estadio-akron,  Estadio AKRON,  https--www.ligafemenil.mx-cancha-galeria-MTM2Nzc0LzMvNzQvMi8xNA==-guadalajara-vs-club-atletico-de-san-luis,  ,  https--www.ligafemenil.mx-cancha-playlist-136774-guadalajara-vs-club-atletico-de-san-luis,  
2023-2024,Clausura,  Sábado 20 de Enero de 2024-nTemporada 2023-2024-nTorneo Clausura-nJornada 4-n20 Enero 2024 - 1700 hrs.,  https--www.ligafemenil.mx-cancha-informeArbitral-136775-eyJpZERpdmlzaW9uIjoiMTQiLCJpZFRlbXBvcmFkYSI6Ijc0IiwiaWRUb3JuZW8iOiIyIiwiaWRDbHVibG9jYWwiOjExMjQzLCJpZENsdWJ2aXNpdGEiOjExMTg2fQ==-informe-arbitral-leon-vs-tigres-de-la-uanl-jornada-4-estadio-nou-camp-fox-sports,  2 - 7,  https--www.ligafemenil.mx-cancha-estadio-23-estadio-nou-camp,  Nou Camp,  https--www.ligafemenil.mx-cancha-galeria-MTM2Nzc1LzQvNzQvMi8xNA==-leon-vs-tigres-de-la-uanl,  ,  https--www.ligafemenil.mx-cancha-playlist-136775-leon-vs-tigres-de-la-uanl,  
2023-2024,Clausura,  Sábado 20 de Enero de 2024-nTemporada 2023-2024-nTorneo Clausura-nJornada 4-n20 Enero 2024 - 1806 hrs.,  https--www.ligafemenil.mx-cancha-informeArbitral-136776-eyJpZERpdmlzaW9uIjoiMTQiLCJpZFRlbXBvcmFkYSI6Ijc0IiwiaWRUb3JuZW8iOiIyIiwiaWRDbHVibG9jYWwiOjEyMDUxLCJpZENsdWJ2aXNpdGEiOjExMjQ1fQ==-informe-arbitral-mazatlan-fc-vs-atlas-jornada-4-estadio-el-encanto-fox-sports,  1 - 3,  https--www.ligafemenil.mx-cancha-estadio-1931-estadio-el-encanto,  El Encanto,  https--www.ligafemenil.mx-cancha-galeria-MTM2Nzc2LzQvNzQvMi8xNA==-mazatlan-fc-vs-atlas,  ,  https--www.ligafemenil.mx-cancha-playlist-136776-mazatlan-fc-vs-atlas,  
2023-2024,Clausura,  Domingo 21 de Enero de 2024-nTemporada 2023-2024-nTorneo Clausura-nJornada 4-n21 Enero 2024 - 1545 hrs.,  https--www.ligafemenil.mx-cancha-informeArbitral-136777-eyJpZERpdmlzaW9uIjoiMTQiLCJpZFRlbXBvcmFkYSI6Ijc0IiwiaWRUb3JuZW8iOiIyIiwiaWRDbHVibG9jYWwiOjExMTgxLCJpZENsdWJ2aXNpdGEiOjExNTQzfQ==-informe-arbitral-cruz-azul-vs-puebla-fc-jornada-4-estadio-instalaciones-la-noria-vix,  0 - 4,  https--www.ligafemenil.mx-cancha-estadio-877-estadio-instalaciones-la-noria,  INSTALACIONES LA NORIA,  https--www.ligafemenil.mx-cancha-galeria-MTM2Nzc3LzQvNzQvMi8xNA==-cruz-azul-vs-puebla-fc,  ,  https--www.ligafemenil.mx-cancha-playlist-136777-cruz-azul-vs-puebla-fc,  
2023-2024,Clausura,  Domingo 21 de Enero de 2024-nTemporada 2023-2024-nTorneo Clausura-nJornada 4-n21 Enero 2024 - 1600 hrs.,  https--www.ligafemenil.mx-cancha-informeArbitral-136778-eyJpZERpdmlzaW9uIjoiMTQiLCJpZFRlbXBvcmFkYSI6Ijc0IiwiaWRUb3JuZW8iOiIyIiwiaWRDbHVibG9jYWwiOjEyMDQyLCJpZENsdWJ2aXNpdGEiOjExMTg1fQ==-informe-arbitral-gallos-blancos-de-queretaro-vs-rayados-de-monterrey-jornada-4-estadio-olimpico-alameda-fox-sports,  0 - 3,  https--www.ligafemenil.mx-cancha-estadio-1741-estadio-olimpico-alameda,  Estadio Olímpico Alameda,  https--www.ligafemenil.mx-cancha-galeria-MTM2Nzc4LzQvNzQvMi8xNA==-gallos-blancos-de-queretaro-vs-rayados-de-monterrey,  ,  https--www.ligafemenil.mx-cancha-playlist-136778-gallos-blancos-de-queretaro-vs-rayados-de-monterrey,  
2023-2024,Clausura,  Domingo 21 de Enero de 2024-nTemporada 2023-2024-nTorneo Clausura-nJornada 4-n21 Enero 2024 - 1806 hrs.,  https--www.ligafemenil.mx-cancha-informeArbitral-136781-eyJpZERpdmlzaW9uIjoiMTQiLCJpZFRlbXBvcmFkYSI6Ijc0IiwiaWRUb3JuZW8iOiIyIiwiaWRDbHVibG9jYWwiOjExMTgyLCJpZENsdWJ2aXNpdGEiOjExMTg3fQ==-informe-arbitral-guadalajara-vs-toluca-jornada-4-estadio-akron-fox-sports,  1 - 1,  https--www.ligafemenil.mx-cancha-estadio-1538-estadio-akron,  Estadio AKRON,  https--www.ligafemenil.mx-cancha-galeria-MTM2NzgxLzQvNzQvMi8xNA==-guadalajara-vs-toluca,  ,  https--www.ligafemenil.mx-cancha-playlist-136781-guadalajara-vs-toluca,  
2023-2024,Clausura,  Domingo 21 de Enero de 2024-nTemporada 2023-2024-nTorneo Clausura-nJornada 4-n21 Enero 2024 - 1810 hrs.,  https--www.ligafemenil.mx-cancha-informeArbitral-136783-eyJpZERpdmlzaW9uIjoiMTQiLCJpZFRlbXBvcmFkYSI6Ijc0IiwiaWRUb3JuZW8iOiIyIiwiaWRDbHVibG9jYWwiOjExMTgwLCJpZENsdWJ2aXNpdGEiOjExNzc4fQ==-informe-arbitral-tijuana-vs-club-atletico-de-san-luis-jornada-4-estadio-caliente-fox-sports,  3 - 2,  https--www.ligafemenil.mx-cancha-estadio-48-estadio-caliente,  Caliente,  https--www.ligafemenil.mx-cancha-galeria-MTM2NzgzLzQvNzQvMi8xNA==-tijuana-vs-club-atletico-de-san-luis,  ,  https--www.ligafemenil.mx-cancha-playlist-136783-tijuana-vs-club-atletico-de-san-luis,  
2023-2024,Clausura,  Lunes 22 de Enero de 2024-nTemporada 2023-2024-nTorneo Clausura-nJornada 4-n22 Enero 2024 - 1700 hrs.,  https--www.ligafemenil.mx-cancha-informeArbitral-136785-eyJpZERpdmlzaW9uIjoiMTQiLCJpZFRlbXBvcmFkYSI6Ijc0IiwiaWRUb3JuZW8iOiIyIiwiaWRDbHVibG9jYWwiOjExMTg5LCJpZENsdWJ2aXNpdGEiOjExMTg0fQ==-informe-arbitral-necaxa-vs-pachuca-jornada-4-estadio-victoria-vix,  0 - 4,  https--www.ligafemenil.mx-cancha-estadio-15-estadio-victoria,  Victoria,  https--www.ligafemenil.mx-cancha-galeria-MTM2Nzg1LzQvNzQvMi8xNA==-necaxa-vs-pachuca,  ,  https--www.ligafemenil.mx-cancha-playlist-136785-necaxa-vs-pachuca,  
2023-2024,Clausura,  Lunes 22 de Enero de 2024-nTemporada 2023-2024-nTorneo Clausura-nJornada 4-n22 Enero 2024 - 1900 hrs.,  https--www.ligafemenil.mx-cancha-informeArbitral-136790-eyJpZERpdmlzaW9uIjoiMTQiLCJpZFRlbXBvcmFkYSI6Ijc0IiwiaWRUb3JuZW8iOiIyIiwiaWRDbHVibG9jYWwiOjExMTg4LCJpZENsdWJ2aXNpdGEiOjExNzk1fQ==-informe-arbitral-pumas-vs-fc-juarez-jornada-4-estadio-olimpico-universitario-vix,  2 - 1,  https--www.ligafemenil.mx-cancha-estadio-7-estadio-olimpico-universitario,  Olímpico Universitario,  https--www.ligafemenil.mx-cancha-galeria-MTM2NzkwLzQvNzQvMi8xNA==-pumas-vs-fc-juarez,  ,  https--www.ligafemenil.mx-cancha-playlist-136790-pumas-vs-fc-juarez,  
2023-2024,Clausura,  Lunes 22 de Enero de 2024-nTemporada 2023-2024-nTorneo Clausura-nJornada 4-n22 Enero 2024 - 1906 hrs.,  https--www.ligafemenil.mx-cancha-informeArbitral-136788-eyJpZERpdmlzaW9uIjoiMTQiLCJpZFRlbXBvcmFkYSI6Ijc0IiwiaWRUb3JuZW8iOiIyIiwiaWRDbHVibG9jYWwiOjExMTkyLCJpZENsdWJ2aXNpdGEiOjExMTkxfQ==-informe-arbitral-santos-laguna-vs-america-jornada-4-estadio-tsm-corona-fox-sports,  0 - 5,  https--www.ligafemenil.mx-cancha-estadio-63-estadio-tsm-corona,  TSM Corona,  https--www.ligafemenil.mx-cancha-galeria-MTM2Nzg4LzQvNzQvMi8xNA==-santos-laguna-vs-america,  ,  https--www.ligafemenil.mx-cancha-playlist-136788-santos-laguna-vs-america,  
2023-2024,Clausura,  Jueves 25 de Enero de 2024-nTemporada 2023-2024-nTorneo Clausura-nJornada 5-n25 Enero 2024 - 1700 hrs.,  https--www.ligafemenil.mx-cancha-informeArbitral-136793-eyJpZERpdmlzaW9uIjoiMTQiLCJpZFRlbXBvcmFkYSI6Ijc0IiwiaWRUb3JuZW8iOiIyIiwiaWRDbHVibG9jYWwiOjExNTQzLCJpZENsdWJ2aXNpdGEiOjExMTgyfQ==-informe-arbitral-puebla-fc-vs-guadalajara-jornada-5-estadio-cuauhtemoc-fox-sports--fox-premium,  1 - 1,  https--www.ligafemenil.mx-cancha-estadio-9-estadio-cuauhtemoc,  Cuauhtémoc,  https--www.ligafemenil.mx-cancha-galeria-MTM2NzkzLzUvNzQvMi8xNA==-puebla-fc-vs-guadalajara,  ,  https--www.ligafemenil.mx-cancha-playlist-136793-puebla-fc-vs-guadalajara,  
2023-2024,Clausura,  Jueves 25 de Enero de 2024-nTemporada 2023-2024-nTorneo Clausura-nJornada 5-n25 Enero 2024 - 1906 hrs.,  https--www.ligafemenil.mx-cancha-informeArbitral-136794-eyJpZERpdmlzaW9uIjoiMTQiLCJpZFRlbXBvcmFkYSI6Ijc0IiwiaWRUb3JuZW8iOiIyIiwiaWRDbHVibG9jYWwiOjExMjQ1LCJpZENsdWJ2aXNpdGEiOjExMTg5fQ==-informe-arbitral-atlas-vs-necaxa-jornada-5-estadio-jalisco-fox-sports--fox-premium,  3 - 2,  https--www.ligafemenil.mx-cancha-estadio-5-estadio-jalisco,  Jalisco,  https--www.ligafemenil.mx-cancha-galeria-MTM2Nzk0LzUvNzQvMi8xNA==-atlas-vs-necaxa,  ,  https--www.ligafemenil.mx-cancha-playlist-136794-atlas-vs-necaxa,  
2023-2024,Clausura,  Jueves 25 de Enero de 2024-nTemporada 2023-2024-nTorneo Clausura-nJornada 5-n25 Enero 2024 - 2100 hrs.,  https--www.ligafemenil.mx-cancha-informeArbitral-136797-eyJpZERpdmlzaW9uIjoiMTQiLCJpZFRlbXBvcmFkYSI6Ijc0IiwiaWRUb3JuZW8iOiIyIiwiaWRDbHVibG9jYWwiOjExMTg1LCJpZENsdWJ2aXNpdGEiOjExMTgxfQ==-informe-arbitral-rayados-de-monterrey-vs-cruz-azul-jornada-5-estadio-bbva-vix,  5 - 0,  https--www.ligafemenil.mx-cancha-estadio-1608-estadio-bbva,  Estadio BBVA,  https--www.ligafemenil.mx-cancha-galeria-MTM2Nzk3LzUvNzQvMi8xNA==-rayados-de-monterrey-vs-cruz-azul,  ,  https--www.ligafemenil.mx-cancha-playlist-136797-rayados-de-monterrey-vs-cruz-azul,  
2023-2024,Clausura,  Jueves 25 de Enero de 2024-nTemporada 2023-2024-nTorneo Clausura-nJornada 5-n25 Enero 2024 - 2010 hrs.,  https--www.ligafemenil.mx-cancha-informeArbitral-136799-eyJpZERpdmlzaW9uIjoiMTQiLCJpZFRlbXBvcmFkYSI6Ijc0IiwiaWRUb3JuZW8iOiIyIiwiaWRDbHVibG9jYWwiOjExNzk1LCJpZENsdWJ2aXNpdGEiOjExMTkyfQ==-informe-arbitral-fc-juarez-vs-santos-laguna-jornada-5-estadio-olimpico-benito-juarez-fox-sports--fox-premium,  5 - 1,  https--www.ligafemenil.mx-cancha-estadio-17-estadio-olimpico-benito-juarez,  Olímpico Benito Juárez,  https--www.ligafemenil.mx-cancha-galeria-MTM2Nzk5LzUvNzQvMi8xNA==-fc-juarez-vs-santos-laguna,  ,  https--www.ligafemenil.mx-cancha-playlist-136799-fc-juarez-vs-santos-laguna,  
2023-2024,Clausura,  Viernes 26 de Enero de 2024-nTemporada 2023-2024-nTorneo Clausura-nJornada 5-n26 Enero 2024 - 1545 hrs.,  https--www.ligafemenil.mx-cancha-informeArbitral-136801-eyJpZERpdmlzaW9uIjoiMTQiLCJpZFRlbXBvcmFkYSI6Ijc0IiwiaWRUb3JuZW8iOiIyIiwiaWRDbHVibG9jYWwiOjExMTkxLCJpZENsdWJ2aXNpdGEiOjExMjQzfQ==-informe-arbitral-america-vs-leon-jornada-5-estadio-azteca-vix,  1 - 2,  https--www.ligafemenil.mx-cancha-estadio-1-estadio-azteca,  Azteca,  https--www.ligafemenil.mx-cancha-galeria-MTM2ODAxLzUvNzQvMi8xNA==-america-vs-leon,  ,  https--www.ligafemenil.mx-cancha-playlist-136801-america-vs-leon,  
2023-2024,Clausura,  Viernes 26 de Enero de 2024-nTemporada 2023-2024-nTorneo Clausura-nJornada 5-n26 Enero 2024 - 1700 hrs.,  https--www.ligafemenil.mx-cancha-informeArbitral-136804-eyJpZERpdmlzaW9uIjoiMTQiLCJpZFRlbXBvcmFkYSI6Ijc0IiwiaWRUb3JuZW8iOiIyIiwiaWRDbHVibG9jYWwiOjExNzc4LCJpZENsdWJ2aXNpdGEiOjExMTg4fQ==-informe-arbitral-club-atletico-de-san-luis-vs-pumas-jornada-5-estadio-alfonso-lastras-ramirez-espn,  0 - 3,  https--www.ligafemenil.mx-cancha-estadio-14-estadio-alfonso-lastras-ramirez,  Alfonso Lastras Ramírez,  https--www.ligafemenil.mx-cancha-galeria-MTM2ODA0LzUvNzQvMi8xNA==-club-atletico-de-san-luis-vs-pumas,  ,  https--www.ligafemenil.mx-cancha-playlist-136804-club-atletico-de-san-luis-vs-pumas,  
2023-2024,Clausura,  Viernes 26 de Enero de 2024-nTemporada 2023-2024-nTorneo Clausura-nJornada 5-n26 Enero 2024 - 1700 hrs.,  https--www.ligafemenil.mx-cancha-informeArbitral-136806-eyJpZERpdmlzaW9uIjoiMTQiLCJpZFRlbXBvcmFkYSI6Ijc0IiwiaWRUb3JuZW8iOiIyIiwiaWRDbHVibG9jYWwiOjExMTg3LCJpZENsdWJ2aXNpdGEiOjEyMDUxfQ==-informe-arbitral-toluca-vs-mazatlan-fc-jornada-5-estadio-nemesio-diez-vix,  6 - 0,  https--www.ligafemenil.mx-cancha-estadio-6-estadio-nemesio-diez,  Nemesio Diez,  https--www.ligafemenil.mx-cancha-galeria-MTM2ODA2LzUvNzQvMi8xNA==-toluca-vs-mazatlan-fc,  ,  https--www.ligafemenil.mx-cancha-playlist-136806-toluca-vs-mazatlan-fc,  
2023-2024,Clausura,  Viernes 26 de Enero de 2024-nTemporada 2023-2024-nTorneo Clausura-nJornada 5-n26 Enero 2024 - 1900 hrs.,  https--www.ligafemenil.mx-cancha-informeArbitral-136809-eyJpZERpdmlzaW9uIjoiMTQiLCJpZFRlbXBvcmFkYSI6Ijc0IiwiaWRUb3JuZW8iOiIyIiwiaWRDbHVibG9jYWwiOjExMTg0LCJpZENsdWJ2aXNpdGEiOjEyMDQyfQ==-informe-arbitral-pachuca-vs-gallos-blancos-de-queretaro-jornada-5-estadio-hidalgo-fox-premium,  4 - 1,  https--www.ligafemenil.mx-cancha-estadio-11-estadio-hidalgo,  Hidalgo,  https--www.ligafemenil.mx-cancha-galeria-MTM2ODA5LzUvNzQvMi8xNA==-pachuca-vs-gallos-blancos-de-queretaro,  ,  https--www.ligafemenil.mx-cancha-playlist-136809-pachuca-vs-gallos-blancos-de-queretaro,  
2023-2024,Clausura,  Viernes 26 de Enero de 2024-nTemporada 2023-2024-nTorneo Clausura-nJornada 5-n26 Enero 2024 - 1900 hrs.,  https--www.ligafemenil.mx-cancha-informeArbitral-136812-eyJpZERpdmlzaW9uIjoiMTQiLCJpZFRlbXBvcmFkYSI6Ijc0IiwiaWRUb3JuZW8iOiIyIiwiaWRDbHVibG9jYWwiOjExMTg2LCJpZENsdWJ2aXNpdGEiOjExMTgwfQ==-informe-arbitral-tigres-de-la-uanl-vs-tijuana-jornada-5-estadio-universitario-vix,  2 - 0,  https--www.ligafemenil.mx-cancha-estadio-12-estadio-universitario,  Universitario,  https--www.ligafemenil.mx-cancha-galeria-MTM2ODEyLzUvNzQvMi8xNA==-tigres-de-la-uanl-vs-tijuana,  ,  https--www.ligafemenil.mx-cancha-playlist-136812-tigres-de-la-uanl-vs-tijuana,  
2023-2024,Clausura,  Jueves 1 de Febrero de 2024-nTemporada 2023-2024-nTorneo Clausura-nJornada 6-n1 Febrero 2024 - 1545 hrs.,  https--www.ligafemenil.mx-cancha-informeArbitral-136813-eyJpZERpdmlzaW9uIjoiMTQiLCJpZFRlbXBvcmFkYSI6Ijc0IiwiaWRUb3JuZW8iOiIyIiwiaWRDbHVibG9jYWwiOjExMTgxLCJpZENsdWJ2aXNpdGEiOjExMTg2fQ==-informe-arbitral-cruz-azul-vs-tigres-de-la-uanl-jornada-6-estadio-instalaciones-la-noria-vix,  1 - 2,  https--www.ligafemenil.mx-cancha-estadio-877-estadio-instalaciones-la-noria,  INSTALACIONES LA NORIA,  https--www.ligafemenil.mx-cancha-galeria-MTM2ODEzLzYvNzQvMi8xNA==-cruz-azul-vs-tigres-de-la-uanl,  ,  https--www.ligafemenil.mx-cancha-playlist-136813-cruz-azul-vs-tigres-de-la-uanl,  
2023-2024,Clausura,  Jueves 1 de Febrero de 2024-nTemporada 2023-2024-nTorneo Clausura-nJornada 6-n1 Febrero 2024 - 1700 hrs.,  https--www.ligafemenil.mx-cancha-informeArbitral-136814-eyJpZERpdmlzaW9uIjoiMTQiLCJpZFRlbXBvcmFkYSI6Ijc0IiwiaWRUb3JuZW8iOiIyIiwiaWRDbHVibG9jYWwiOjEyMDQyLCJpZENsdWJ2aXNpdGEiOjExMTgyfQ==-informe-arbitral-gallos-blancos-de-queretaro-vs-guadalajara-jornada-6-estadio-olimpico-alameda-fox-sports--fox-premium,  1 - 2,  https--www.ligafemenil.mx-cancha-estadio-1741-estadio-olimpico-alameda,  Estadio Olímpico Alameda,  https--www.ligafemenil.mx-cancha-galeria-MTM2ODE0LzYvNzQvMi8xNA==-gallos-blancos-de-queretaro-vs-guadalajara,  ,  https--www.ligafemenil.mx-cancha-playlist-136814-gallos-blancos-de-queretaro-vs-guadalajara,  
2023-2024,Clausura,  Jueves 1 de Febrero de 2024-nTemporada 2023-2024-nTorneo Clausura-nJornada 6-n1 Febrero 2024 - 1806 hrs.,  https--www.ligafemenil.mx-cancha-informeArbitral-136815-eyJpZERpdmlzaW9uIjoiMTQiLCJpZFRlbXBvcmFkYSI6Ijc0IiwiaWRUb3JuZW8iOiIyIiwiaWRDbHVibG9jYWwiOjEyMDUxLCJpZENsdWJ2aXNpdGEiOjExNzc4fQ==-informe-arbitral-mazatlan-fc-vs-club-atletico-de-san-luis-jornada-6-estadio-el-encanto-fox-sports--fox-premium,  3 - 1,  https--www.ligafemenil.mx-cancha-estadio-1931-estadio-el-encanto,  El Encanto,  https--www.ligafemenil.mx-cancha-galeria-MTM2ODE1LzYvNzQvMi8xNA==-mazatlan-fc-vs-club-atletico-de-san-luis,  ,  https--www.ligafemenil.mx-cancha-playlist-136815-mazatlan-fc-vs-club-atletico-de-san-luis,  
2023-2024,Clausura,  Jueves 1 de Febrero de 2024-nTemporada 2023-2024-nTorneo Clausura-nJornada 6-n1 Febrero 2024 - 1910 hrs.,  https--www.ligafemenil.mx-cancha-informeArbitral-136816-eyJpZERpdmlzaW9uIjoiMTQiLCJpZFRlbXBvcmFkYSI6Ijc0IiwiaWRUb3JuZW8iOiIyIiwiaWRDbHVibG9jYWwiOjExMTgwLCJpZENsdWJ2aXNpdGEiOjExNTQzfQ==-informe-arbitral-tijuana-vs-puebla-fc-jornada-6-estadio-caliente-fox-sports--fox-premium,  1 - 1,  https--www.ligafemenil.mx-cancha-estadio-48-estadio-caliente,  Caliente,  https--www.ligafemenil.mx-cancha-galeria-MTM2ODE2LzYvNzQvMi8xNA==-tijuana-vs-puebla-fc,  ,  https--www.ligafemenil.mx-cancha-playlist-136816-tijuana-vs-puebla-fc,  
2023-2024,Clausura,  Viernes 2 de Febrero de 2024-nTemporada 2023-2024-nTorneo Clausura-nJornada 6-n2 Febrero 2024 - 1900 hrs.,  https--www.ligafemenil.mx-cancha-informeArbitral-136817-eyJpZERpdmlzaW9uIjoiMTQiLCJpZFRlbXBvcmFkYSI6Ijc0IiwiaWRUb3JuZW8iOiIyIiwiaWRDbHVibG9jYWwiOjExMTkxLCJpZENsdWJ2aXNpdGEiOjExMTg1fQ==-informe-arbitral-america-vs-rayados-de-monterrey-jornada-6-estadio-azteca-vix,  4 - 0,  https--www.ligafemenil.mx-cancha-estadio-1-estadio-azteca,  Azteca,  https--www.ligafemenil.mx-cancha-galeria-MTM2ODE3LzYvNzQvMi8xNA==-america-vs-rayados-de-monterrey,  ,  https--www.ligafemenil.mx-cancha-playlist-136817-america-vs-rayados-de-monterrey,  
2023-2024,Clausura,  Viernes 2 de Febrero de 2024-nTemporada 2023-2024-nTorneo Clausura-nJornada 6-n2 Febrero 2024 - 1900 hrs.,  https--www.ligafemenil.mx-cancha-informeArbitral-136818-eyJpZERpdmlzaW9uIjoiMTQiLCJpZFRlbXBvcmFkYSI6Ijc0IiwiaWRUb3JuZW8iOiIyIiwiaWRDbHVibG9jYWwiOjExMjQzLCJpZENsdWJ2aXNpdGEiOjExNzk1fQ==-informe-arbitral-leon-vs-fc-juarez-jornada-6-estadio-nou-camp-fox-premium,  1 - 1,  https--www.ligafemenil.mx-cancha-estadio-23-estadio-nou-camp,  Nou Camp,  https--www.ligafemenil.mx-cancha-galeria-MTM2ODE4LzYvNzQvMi8xNA==-leon-vs-fc-juarez,  ,  https--www.ligafemenil.mx-cancha-playlist-136818-leon-vs-fc-juarez,  
2023-2024,Clausura,  Sábado 3 de Febrero de 2024-nTemporada 2023-2024-nTorneo Clausura-nJornada 6-n3 Febrero 2024 - 1200 hrs.,  https--www.ligafemenil.mx-cancha-informeArbitral-136819-eyJpZERpdmlzaW9uIjoiMTQiLCJpZFRlbXBvcmFkYSI6Ijc0IiwiaWRUb3JuZW8iOiIyIiwiaWRDbHVibG9jYWwiOjExMTg4LCJpZENsdWJ2aXNpdGEiOjExMTg0fQ==-informe-arbitral-pumas-vs-pachuca-jornada-6-estadio-olimpico-universitario-vix,  1 - 2,  https--www.ligafemenil.mx-cancha-estadio-7-estadio-olimpico-universitario,  Olímpico Universitario,  https--www.ligafemenil.mx-cancha-galeria-MTM2ODE5LzYvNzQvMi8xNA==-pumas-vs-pachuca,  ,  https--www.ligafemenil.mx-cancha-playlist-136819-pumas-vs-pachuca,  
2023-2024,Clausura,  Domingo 4 de Febrero de 2024-nTemporada 2023-2024-nTorneo Clausura-nJornada 6-n4 Febrero 2024 - 1800 hrs.,  https--www.ligafemenil.mx-cancha-informeArbitral-136820-eyJpZERpdmlzaW9uIjoiMTQiLCJpZFRlbXBvcmFkYSI6Ijc0IiwiaWRUb3JuZW8iOiIyIiwiaWRDbHVibG9jYWwiOjExMTkyLCJpZENsdWJ2aXNpdGEiOjExMjQ1fQ==-informe-arbitral-santos-laguna-vs-atlas-jornada-6-estadio-tsm-corona-fox-sports--fox-premium,  0 - 0,  https--www.ligafemenil.mx-cancha-estadio-63-estadio-tsm-corona,  TSM Corona,  https--www.ligafemenil.mx-cancha-galeria-MTM2ODIwLzYvNzQvMi8xNA==-santos-laguna-vs-atlas,  ,  https--www.ligafemenil.mx-cancha-playlist-136820-santos-laguna-vs-atlas,  
2023-2024,Clausura,  Lunes 5 de Febrero de 2024-nTemporada 2023-2024-nTorneo Clausura-nJornada 6-n5 Febrero 2024 - 1700 hrs.,  https--www.ligafemenil.mx-cancha-informeArbitral-136821-eyJpZERpdmlzaW9uIjoiMTQiLCJpZFRlbXBvcmFkYSI6Ijc0IiwiaWRUb3JuZW8iOiIyIiwiaWRDbHVibG9jYWwiOjExMTg5LCJpZENsdWJ2aXNpdGEiOjExMTg3fQ==-informe-arbitral-necaxa-vs-toluca-jornada-6-estadio-victoria-vix,  0 - 0,  https--www.ligafemenil.mx-cancha-estadio-15-estadio-victoria,  Victoria,  https--www.ligafemenil.mx-cancha-galeria-MTM2ODIxLzYvNzQvMi8xNA==-necaxa-vs-toluca,  ,  https--www.ligafemenil.mx-cancha-playlist-136821-necaxa-vs-toluca,  
2023-2024,Clausura,  Jueves 8 de Febrero de 2024-nTemporada 2023-2024-nTorneo Clausura-nJornada 7-n8 Febrero 2024 - 1700 hrs.,  https--www.ligafemenil.mx-cancha-informeArbitral-136822-eyJpZERpdmlzaW9uIjoiMTQiLCJpZFRlbXBvcmFkYSI6Ijc0IiwiaWRUb3JuZW8iOiIyIiwiaWRDbHVibG9jYWwiOjEyMDQyLCJpZENsdWJ2aXNpdGEiOjExMTkxfQ==-informe-arbitral-gallos-blancos-de-queretaro-vs-america-jornada-7-estadio-olimpico-alameda-fox-sports--fox-premium,  1 - 5,  https--www.ligafemenil.mx-cancha-estadio-1741-estadio-olimpico-alameda,  Estadio Olímpico Alameda,  https--www.ligafemenil.mx-cancha-galeria-MTM2ODIyLzcvNzQvMi8xNA==-gallos-blancos-de-queretaro-vs-america,  ,  https--www.ligafemenil.mx-cancha-playlist-136822-gallos-blancos-de-queretaro-vs-america,  
2023-2024,Clausura,  Jueves 8 de Febrero de 2024-nTemporada 2023-2024-nTorneo Clausura-nJornada 7-n8 Febrero 2024 - 1906 hrs.,  https--www.ligafemenil.mx-cancha-informeArbitral-136823-eyJpZERpdmlzaW9uIjoiMTQiLCJpZFRlbXBvcmFkYSI6Ijc0IiwiaWRUb3JuZW8iOiIyIiwiaWRDbHVibG9jYWwiOjExMjQ1LCJpZENsdWJ2aXNpdGEiOjExMTgwfQ==-informe-arbitral-atlas-vs-tijuana-jornada-7-estadio-jalisco-fox-sports--fox-premium,  0 - 4,  https--www.ligafemenil.mx-cancha-estadio-5-estadio-jalisco,  Jalisco,  https--www.ligafemenil.mx-cancha-galeria-MTM2ODIzLzcvNzQvMi8xNA==-atlas-vs-tijuana,  ,  https--www.ligafemenil.mx-cancha-playlist-136823-atlas-vs-tijuana,  
2023-2024,Clausura,  Jueves 8 de Febrero de 2024-nTemporada 2023-2024-nTorneo Clausura-nJornada 7-n8 Febrero 2024 - 2010 hrs.,  https--www.ligafemenil.mx-cancha-informeArbitral-136824-eyJpZERpdmlzaW9uIjoiMTQiLCJpZFRlbXBvcmFkYSI6Ijc0IiwiaWRUb3JuZW8iOiIyIiwiaWRDbHVibG9jYWwiOjExNzk1LCJpZENsdWJ2aXNpdGEiOjEyMDUxfQ==-informe-arbitral-fc-juarez-vs-mazatlan-fc-jornada-7-estadio-olimpico-benito-juarez-fox-sports--fox-premium,  3 - 2,  https--www.ligafemenil.mx-cancha-estadio-17-estadio-olimpico-benito-juarez,  Olímpico Benito Juárez,  https--www.ligafemenil.mx-cancha-galeria-MTM2ODI0LzcvNzQvMi8xNA==-fc-juarez-vs-mazatlan-fc,  ,  https--www.ligafemenil.mx-cancha-playlist-136824-fc-juarez-vs-mazatlan-fc,  
2023-2024,Clausura,  Viernes 9 de Febrero de 2024-nTemporada 2023-2024-nTorneo Clausura-nJornada 7-n9 Febrero 2024 - 1700 hrs.,  https--www.ligafemenil.mx-cancha-informeArbitral-136825-eyJpZERpdmlzaW9uIjoiMTQiLCJpZFRlbXBvcmFkYSI6Ijc0IiwiaWRUb3JuZW8iOiIyIiwiaWRDbHVibG9jYWwiOjExNzc4LCJpZENsdWJ2aXNpdGEiOjExMTgxfQ==-informe-arbitral-club-atletico-de-san-luis-vs-cruz-azul-jornada-7-estadio-alfonso-lastras-ramirez-espn,  3 - 5,  https--www.ligafemenil.mx-cancha-estadio-14-estadio-alfonso-lastras-ramirez,  Alfonso Lastras Ramírez,  https--www.ligafemenil.mx-cancha-galeria-MTM2ODI1LzcvNzQvMi8xNA==-club-atletico-de-san-luis-vs-cruz-azul,  ,  https--www.ligafemenil.mx-cancha-playlist-136825-club-atletico-de-san-luis-vs-cruz-azul,  
2023-2024,Clausura,  Viernes 9 de Febrero de 2024-nTemporada 2023-2024-nTorneo Clausura-nJornada 7-n9 Febrero 2024 - 1700 hrs.,  https--www.ligafemenil.mx-cancha-informeArbitral-136826-eyJpZERpdmlzaW9uIjoiMTQiLCJpZFRlbXBvcmFkYSI6Ijc0IiwiaWRUb3JuZW8iOiIyIiwiaWRDbHVibG9jYWwiOjExMTgyLCJpZENsdWJ2aXNpdGEiOjExMTkyfQ==-informe-arbitral-guadalajara-vs-santos-laguna-jornada-7-estadio-akron-fox-sports--fox-premium,  10 - 2,  https--www.ligafemenil.mx-cancha-estadio-1538-estadio-akron,  Estadio AKRON,  https--www.ligafemenil.mx-cancha-galeria-MTM2ODI2LzcvNzQvMi8xNA==-guadalajara-vs-santos-laguna,  ,  https--www.ligafemenil.mx-cancha-playlist-136826-guadalajara-vs-santos-laguna,  
2023-2024,Clausura,  Viernes 9 de Febrero de 2024-nTemporada 2023-2024-nTorneo Clausura-nJornada 7-n9 Febrero 2024 - 1700 hrs.,  https--www.ligafemenil.mx-cancha-informeArbitral-136827-eyJpZERpdmlzaW9uIjoiMTQiLCJpZFRlbXBvcmFkYSI6Ijc0IiwiaWRUb3JuZW8iOiIyIiwiaWRDbHVibG9jYWwiOjExMTg3LCJpZENsdWJ2aXNpdGEiOjExMTg2fQ==-informe-arbitral-toluca-vs-tigres-de-la-uanl-jornada-7-estadio-nemesio-diez-vix,  0 - 7,  https--www.ligafemenil.mx-cancha-estadio-6-estadio-nemesio-diez,  Nemesio Diez,  https--www.ligafemenil.mx-cancha-galeria-MTM2ODI3LzcvNzQvMi8xNA==-toluca-vs-tigres-de-la-uanl,  ,  https--www.ligafemenil.mx-cancha-playlist-136827-toluca-vs-tigres-de-la-uanl,  
2023-2024,Clausura,  Viernes 9 de Febrero de 2024-nTemporada 2023-2024-nTorneo Clausura-nJornada 7-n9 Febrero 2024 - 1900 hrs.,  https--www.ligafemenil.mx-cancha-informeArbitral-136828-eyJpZERpdmlzaW9uIjoiMTQiLCJpZFRlbXBvcmFkYSI6Ijc0IiwiaWRUb3JuZW8iOiIyIiwiaWRDbHVibG9jYWwiOjExMTg0LCJpZENsdWJ2aXNpdGEiOjExMjQzfQ==-informe-arbitral-pachuca-vs-leon-jornada-7-estadio-hidalgo-fox-premium,  0 - 1,  https--www.ligafemenil.mx-cancha-estadio-11-estadio-hidalgo,  Hidalgo,  https--www.ligafemenil.mx-cancha-galeria-MTM2ODI4LzcvNzQvMi8xNA==-pachuca-vs-leon,  ,  https--www.ligafemenil.mx-cancha-playlist-136828-pachuca-vs-leon,  
2023-2024,Clausura,  Viernes 9 de Febrero de 2024-nTemporada 2023-2024-nTorneo Clausura-nJornada 7-n9 Febrero 2024 - 1900 hrs.,  https--www.ligafemenil.mx-cancha-informeArbitral-136829-eyJpZERpdmlzaW9uIjoiMTQiLCJpZFRlbXBvcmFkYSI6Ijc0IiwiaWRUb3JuZW8iOiIyIiwiaWRDbHVibG9jYWwiOjExMTg4LCJpZENsdWJ2aXNpdGEiOjExMTg1fQ==-informe-arbitral-pumas-vs-rayados-de-monterrey-jornada-7-estadio-olimpico-universitario-vix,  2 - 3,  https--www.ligafemenil.mx-cancha-estadio-7-estadio-olimpico-universitario,  Olímpico Universitario,  https--www.ligafemenil.mx-cancha-galeria-MTM2ODI5LzcvNzQvMi8xNA==-pumas-vs-rayados-de-monterrey,  ,  https--www.ligafemenil.mx-cancha-playlist-136829-pumas-vs-rayados-de-monterrey,  
2023-2024,Clausura,  Domingo 11 de Febrero de 2024-nTemporada 2023-2024-nTorneo Clausura-nJornada 7-n11 Febrero 2024 - 1200 hrs.,  https--www.ligafemenil.mx-cancha-informeArbitral-136830-eyJpZERpdmlzaW9uIjoiMTQiLCJpZFRlbXBvcmFkYSI6Ijc0IiwiaWRUb3JuZW8iOiIyIiwiaWRDbHVibG9jYWwiOjExNTQzLCJpZENsdWJ2aXNpdGEiOjExMTg5fQ==-informe-arbitral-puebla-fc-vs-necaxa-jornada-7-estadio-cuauhtemoc-fox-sports--fox-premium,  1 - 0,  https--www.ligafemenil.mx-cancha-estadio-9-estadio-cuauhtemoc,  Cuauhtémoc,  https--www.ligafemenil.mx-cancha-galeria-MTM2ODMwLzcvNzQvMi8xNA==-puebla-fc-vs-necaxa,  ,  https--www.ligafemenil.mx-cancha-playlist-136830-puebla-fc-vs-necaxa,  
2023-2024,Clausura,  Viernes 16 de Febrero de 2024-nTemporada 2023-2024-nTorneo Clausura-nJornada 8-n16 Febrero 2024 - 1545 hrs.,  https--www.ligafemenil.mx-cancha-informeArbitral-136831-eyJpZERpdmlzaW9uIjoiMTQiLCJpZFRlbXBvcmFkYSI6Ijc0IiwiaWRUb3JuZW8iOiIyIiwiaWRDbHVibG9jYWwiOjExMTkxLCJpZENsdWJ2aXNpdGEiOjEyMDUxfQ==-informe-arbitral-america-vs-mazatlan-fc-jornada-8-estadio-instalaciones-club-america-coapa-vix,  5 - 0,  https--www.ligafemenil.mx-cancha-estadio-32-estadio-instalaciones-club-america-coapa,  Instalaciones Club América Coapa,  https--www.ligafemenil.mx-cancha-galeria-MTM2ODMxLzgvNzQvMi8xNA==-america-vs-mazatlan-fc,  ,  https--www.ligafemenil.mx-cancha-playlist-136831-america-vs-mazatlan-fc,  
2023-2024,Clausura,  Viernes 16 de Febrero de 2024-nTemporada 2023-2024-nTorneo Clausura-nJornada 8-n16 Febrero 2024 - 1800 hrs.,  https--www.ligafemenil.mx-cancha-informeArbitral-136832-eyJpZERpdmlzaW9uIjoiMTQiLCJpZFRlbXBvcmFkYSI6Ijc0IiwiaWRUb3JuZW8iOiIyIiwiaWRDbHVibG9jYWwiOjExMTg5LCJpZENsdWJ2aXNpdGEiOjExMTg4fQ==-informe-arbitral-necaxa-vs-pumas-jornada-8-estadio-victoria-vix,  0 - 5,  https--www.ligafemenil.mx-cancha-estadio-15-estadio-victoria,  Victoria,  https--www.ligafemenil.mx-cancha-galeria-MTM2ODMyLzgvNzQvMi8xNA==-necaxa-vs-pumas,  ,  https--www.ligafemenil.mx-cancha-playlist-136832-necaxa-vs-pumas,  
2023-2024,Clausura,  Sábado 17 de Febrero de 2024-nTemporada 2023-2024-nTorneo Clausura-nJornada 8-n17 Febrero 2024 - 1200 hrs.,  https--www.ligafemenil.mx-cancha-informeArbitral-136834-eyJpZERpdmlzaW9uIjoiMTQiLCJpZFRlbXBvcmFkYSI6Ijc0IiwiaWRUb3JuZW8iOiIyIiwiaWRDbHVibG9jYWwiOjExMTgxLCJpZENsdWJ2aXNpdGEiOjExMTg0fQ==-informe-arbitral-cruz-azul-vs-pachuca-jornada-8-estadio-instalaciones-la-noria-vix,  1 - 4,  https--www.ligafemenil.mx-cancha-estadio-877-estadio-instalaciones-la-noria,  INSTALACIONES LA NORIA,  https--www.ligafemenil.mx-cancha-galeria-MTM2ODM0LzgvNzQvMi8xNA==-cruz-azul-vs-pachuca,  ,  https--www.ligafemenil.mx-cancha-playlist-136834-cruz-azul-vs-pachuca,  
2023-2024,Clausura,  Domingo 18 de Febrero de 2024-nTemporada 2023-2024-nTorneo Clausura-nJornada 8-n18 Febrero 2024 - 1700 hrs.,  https--www.ligafemenil.mx-cancha-informeArbitral-136836-eyJpZERpdmlzaW9uIjoiMTQiLCJpZFRlbXBvcmFkYSI6Ijc0IiwiaWRUb3JuZW8iOiIyIiwiaWRDbHVibG9jYWwiOjExMjQzLCJpZENsdWJ2aXNpdGEiOjExMTgyfQ==-informe-arbitral-leon-vs-guadalajara-jornada-8-estadio-nou-camp-fox-sports--fox-premium,  1 - 1,  https--www.ligafemenil.mx-cancha-estadio-23-estadio-nou-camp,  Nou Camp,  https--www.ligafemenil.mx-cancha-galeria-MTM2ODM2LzgvNzQvMi8xNA==-leon-vs-guadalajara,  ,  https--www.ligafemenil.mx-cancha-playlist-136836-leon-vs-guadalajara,  
2023-2024,Clausura,  Domingo 18 de Febrero de 2024-nTemporada 2023-2024-nTorneo Clausura-nJornada 8-n18 Febrero 2024 - 1906 hrs.,  https--www.ligafemenil.mx-cancha-informeArbitral-136838-eyJpZERpdmlzaW9uIjoiMTQiLCJpZFRlbXBvcmFkYSI6Ijc0IiwiaWRUb3JuZW8iOiIyIiwiaWRDbHVibG9jYWwiOjExMTkyLCJpZENsdWJ2aXNpdGEiOjExNzc4fQ==-informe-arbitral-santos-laguna-vs-club-atletico-de-san-luis-jornada-8-estadio-tsm-corona,  0 - 2,  https--www.ligafemenil.mx-cancha-estadio-63-estadio-tsm-corona,  TSM Corona,  https--www.ligafemenil.mx-cancha-galeria-MTM2ODM4LzgvNzQvMi8xNA==-santos-laguna-vs-club-atletico-de-san-luis,  ,  https--www.ligafemenil.mx-cancha-playlist-136838-santos-laguna-vs-club-atletico-de-san-luis,  
2023-2024,Clausura,  Domingo 18 de Febrero de 2024-nTemporada 2023-2024-nTorneo Clausura-nJornada 8-n18 Febrero 2024 - 1910 hrs.,  https--www.ligafemenil.mx-cancha-informeArbitral-136840-eyJpZERpdmlzaW9uIjoiMTQiLCJpZFRlbXBvcmFkYSI6Ijc0IiwiaWRUb3JuZW8iOiIyIiwiaWRDbHVibG9jYWwiOjExMTgwLCJpZENsdWJ2aXNpdGEiOjEyMDQyfQ==-informe-arbitral-tijuana-vs-gallos-blancos-de-queretaro-jornada-8-estadio-caliente-fox-sports--fox-premium,  1 - 2,  https--www.ligafemenil.mx-cancha-estadio-48-estadio-caliente,  Caliente,  https--www.ligafemenil.mx-cancha-galeria-MTM2ODQwLzgvNzQvMi8xNA==-tijuana-vs-gallos-blancos-de-queretaro,  ,  https--www.ligafemenil.mx-cancha-playlist-136840-tijuana-vs-gallos-blancos-de-queretaro,  
2023-2024,Clausura,  Sábado 2 de Marzo de 2024-nTemporada 2023-2024-nTorneo Clausura-nJornada 9-n2 Marzo 2024 - 1200 hrs.,  https--www.ligafemenil.mx-cancha-informeArbitral-136845-eyJpZERpdmlzaW9uIjoiMTQiLCJpZFRlbXBvcmFkYSI6Ijc0IiwiaWRUb3JuZW8iOiIyIiwiaWRDbHVibG9jYWwiOjExMTg4LCJpZENsdWJ2aXNpdGEiOjExMTgwfQ==-informe-arbitral-pumas-vs-tijuana-jornada-9-estadio-olimpico-universitario-vix,  3 - 3,  https--www.ligafemenil.mx-cancha-estadio-7-estadio-olimpico-universitario,  Olímpico Universitario,  https--www.ligafemenil.mx-cancha-galeria-MTM2ODQ1LzkvNzQvMi8xNA==-pumas-vs-tijuana,  ,  https--www.ligafemenil.mx-cancha-playlist-136845-pumas-vs-tijuana,  
2023-2024,Clausura,  Sábado 2 de Marzo de 2024-nTemporada 2023-2024-nTorneo Clausura-nJornada 9-n2 Marzo 2024 - 1806 hrs.,  https--www.ligafemenil.mx-cancha-informeArbitral-136847-eyJpZERpdmlzaW9uIjoiMTQiLCJpZFRlbXBvcmFkYSI6Ijc0IiwiaWRUb3JuZW8iOiIyIiwiaWRDbHVibG9jYWwiOjEyMDUxLCJpZENsdWJ2aXNpdGEiOjExMTg2fQ==-informe-arbitral-mazatlan-fc-vs-tigres-de-la-uanl-jornada-9-estadio-el-encanto-fox-sports,  0 - 4,  https--www.ligafemenil.mx-cancha-estadio-1931-estadio-el-encanto,  El Encanto,  https--www.ligafemenil.mx-cancha-galeria-MTM2ODQ3LzkvNzQvMi8xNA==-mazatlan-fc-vs-tigres-de-la-uanl,  ,  https--www.ligafemenil.mx-cancha-playlist-136847-mazatlan-fc-vs-tigres-de-la-uanl,  
2023-2024,Clausura,  Domingo 3 de Marzo de 2024-nTemporada 2023-2024-nTorneo Clausura-nJornada 9-n3 Marzo 2024 - 1700 hrs.,  https--www.ligafemenil.mx-cancha-informeArbitral-136849-eyJpZERpdmlzaW9uIjoiMTQiLCJpZFRlbXBvcmFkYSI6Ijc0IiwiaWRUb3JuZW8iOiIyIiwiaWRDbHVibG9jYWwiOjExNzc4LCJpZENsdWJ2aXNpdGEiOjExMjQzfQ==-informe-arbitral-club-atletico-de-san-luis-vs-leon-jornada-9-estadio-alfonso-lastras-ramirez-espn,  0 - 2,  https--www.ligafemenil.mx-cancha-estadio-14-estadio-alfonso-lastras-ramirez,  Alfonso Lastras Ramírez,  https--www.ligafemenil.mx-cancha-galeria-MTM2ODQ5LzkvNzQvMi8xNA==-club-atletico-de-san-luis-vs-leon,  ,  https--www.ligafemenil.mx-cancha-playlist-136849-club-atletico-de-san-luis-vs-leon,  
2023-2024,Clausura,  Domingo 3 de Marzo de 2024-nTemporada 2023-2024-nTorneo Clausura-nJornada 9-n3 Marzo 2024 - 1706 hrs.,  https--www.ligafemenil.mx-cancha-informeArbitral-136850-eyJpZERpdmlzaW9uIjoiMTQiLCJpZFRlbXBvcmFkYSI6Ijc0IiwiaWRUb3JuZW8iOiIyIiwiaWRDbHVibG9jYWwiOjExNzk1LCJpZENsdWJ2aXNpdGEiOjExMjQ1fQ==-informe-arbitral-fc-juarez-vs-atlas-jornada-9-estadio-olimpico-benito-juarez-fox-sports,  1 - 3,  https--www.ligafemenil.mx-cancha-estadio-17-estadio-olimpico-benito-juarez,  Olímpico Benito Juárez,  https--www.ligafemenil.mx-cancha-galeria-MTM2ODUwLzkvNzQvMi8xNA==-fc-juarez-vs-atlas,  ,  https--www.ligafemenil.mx-cancha-playlist-136850-fc-juarez-vs-atlas,  
2023-2024,Clausura,  Lunes 4 de Marzo de 2024-nTemporada 2023-2024-nTorneo Clausura-nJornada 9-n4 Marzo 2024 - 1700 hrs.,  https--www.ligafemenil.mx-cancha-informeArbitral-136851-eyJpZERpdmlzaW9uIjoiMTQiLCJpZFRlbXBvcmFkYSI6Ijc0IiwiaWRUb3JuZW8iOiIyIiwiaWRDbHVibG9jYWwiOjEyMDQyLCJpZENsdWJ2aXNpdGEiOjExMTgxfQ==-informe-arbitral-gallos-blancos-de-queretaro-vs-cruz-azul-jornada-9-estadio-la-corregidora-fox-sports,  3 - 0,  https--www.ligafemenil.mx-cancha-estadio-25-estadio-la-corregidora,  La Corregidora,  https--www.ligafemenil.mx-cancha-galeria-MTM2ODUxLzkvNzQvMi8xNA==-gallos-blancos-de-queretaro-vs-cruz-azul,  ,  https--www.ligafemenil.mx-cancha-playlist-136851-gallos-blancos-de-queretaro-vs-cruz-azul,  
2023-2024,Clausura,  Lunes 4 de Marzo de 2024-nTemporada 2023-2024-nTorneo Clausura-nJornada 9-n4 Marzo 2024 - 1700 hrs.,  https--www.ligafemenil.mx-cancha-informeArbitral-136852-eyJpZERpdmlzaW9uIjoiMTQiLCJpZFRlbXBvcmFkYSI6Ijc0IiwiaWRUb3JuZW8iOiIyIiwiaWRDbHVibG9jYWwiOjExMTg3LCJpZENsdWJ2aXNpdGEiOjExMTkxfQ==-informe-arbitral-toluca-vs-america-jornada-9-estadio-nemesio-diez-vix,  3 - 0,  https--www.ligafemenil.mx-cancha-estadio-6-estadio-nemesio-diez,  Nemesio Diez,  https--www.ligafemenil.mx-cancha-galeria-MTM2ODUyLzkvNzQvMi8xNA==-toluca-vs-america,  ,  https--www.ligafemenil.mx-cancha-playlist-136852-toluca-vs-america,  
2023-2024,Clausura,  Lunes 4 de Marzo de 2024-nTemporada 2023-2024-nTorneo Clausura-nJornada 9-n4 Marzo 2024 - 1906 hrs.,  https--www.ligafemenil.mx-cancha-informeArbitral-136853-eyJpZERpdmlzaW9uIjoiMTQiLCJpZFRlbXBvcmFkYSI6Ijc0IiwiaWRUb3JuZW8iOiIyIiwiaWRDbHVibG9jYWwiOjExMTg0LCJpZENsdWJ2aXNpdGEiOjExNTQzfQ==-informe-arbitral-pachuca-vs-puebla-fc-jornada-9-estadio-hidalgo-fox-sports,  2 - 0,  https--www.ligafemenil.mx-cancha-estadio-11-estadio-hidalgo,  Hidalgo,  https--www.ligafemenil.mx-cancha-galeria-MTM2ODUzLzkvNzQvMi8xNA==-pachuca-vs-puebla-fc,  ,  https--www.ligafemenil.mx-cancha-playlist-136853-pachuca-vs-puebla-fc,  
2023-2024,Clausura,  Lunes 4 de Marzo de 2024-nTemporada 2023-2024-nTorneo Clausura-nJornada 9-n4 Marzo 2024 - 2110 hrs.,  https--www.ligafemenil.mx-cancha-informeArbitral-136854-eyJpZERpdmlzaW9uIjoiMTQiLCJpZFRlbXBvcmFkYSI6Ijc0IiwiaWRUb3JuZW8iOiIyIiwiaWRDbHVibG9jYWwiOjExMTgyLCJpZENsdWJ2aXNpdGEiOjExMTg5fQ==-informe-arbitral-guadalajara-vs-necaxa-jornada-9-estadio-akron-fox-sports,  4 - 0,  https--www.ligafemenil.mx-cancha-estadio-1538-estadio-akron,  Estadio AKRON,  https--www.ligafemenil.mx-cancha-galeria-MTM2ODU0LzkvNzQvMi8xNA==-guadalajara-vs-necaxa,  ,  https--www.ligafemenil.mx-cancha-playlist-136854-guadalajara-vs-necaxa,  
2023-2024,Clausura,  Lunes 4 de Marzo de 2024-nTemporada 2023-2024-nTorneo Clausura-nJornada 9-n4 Marzo 2024 - 2110 hrs.,  https--www.ligafemenil.mx-cancha-informeArbitral-136855-eyJpZERpdmlzaW9uIjoiMTQiLCJpZFRlbXBvcmFkYSI6Ijc0IiwiaWRUb3JuZW8iOiIyIiwiaWRDbHVibG9jYWwiOjExMTg1LCJpZENsdWJ2aXNpdGEiOjExMTkyfQ==-informe-arbitral-rayados-de-monterrey-vs-santos-laguna-jornada-9-estadio-bbva-vix,  6 - 0,  https--www.ligafemenil.mx-cancha-estadio-1608-estadio-bbva,  Estadio BBVA,  https--www.ligafemenil.mx-cancha-galeria-MTM2ODU1LzkvNzQvMi8xNA==-rayados-de-monterrey-vs-santos-laguna,  ,  https--www.ligafemenil.mx-cancha-playlist-136855-rayados-de-monterrey-vs-santos-laguna,  
2023-2024,Clausura,  Viernes 8 de Marzo de 2024-nTemporada 2023-2024-nTorneo Clausura-nJornada 10-n8 Marzo 2024 - 1545 hrs.,  https--www.ligafemenil.mx-cancha-informeArbitral-136856-eyJpZERpdmlzaW9uIjoiMTQiLCJpZFRlbXBvcmFkYSI6Ijc0IiwiaWRUb3JuZW8iOiIyIiwiaWRDbHVibG9jYWwiOjExMTkxLCJpZENsdWJ2aXNpdGEiOjExNTQzfQ==-informe-arbitral-america-vs-puebla-fc-jornada-10-estadio-instalaciones-club-america-coapa-vix,  4 - 1,  https--www.ligafemenil.mx-cancha-estadio-32-estadio-instalaciones-club-america-coapa,  Instalaciones Club América Coapa,  https--www.ligafemenil.mx-cancha-galeria-MTM2ODU2LzEwLzc0LzIvMTQ=-america-vs-puebla-fc,  ,  https--www.ligafemenil.mx-cancha-playlist-136856-america-vs-puebla-fc,  
2023-2024,Clausura,  Viernes 8 de Marzo de 2024-nTemporada 2023-2024-nTorneo Clausura-nJornada 10-n8 Marzo 2024 - 1700 hrs.,  https--www.ligafemenil.mx-cancha-informeArbitral-136857-eyJpZERpdmlzaW9uIjoiMTQiLCJpZFRlbXBvcmFkYSI6Ijc0IiwiaWRUb3JuZW8iOiIyIiwiaWRDbHVibG9jYWwiOjExMjQ1LCJpZENsdWJ2aXNpdGEiOjExMTg4fQ==-informe-arbitral-atlas-vs-pumas-jornada-10-estadio-jalisco,  0 - 2,  https--www.ligafemenil.mx-cancha-estadio-5-estadio-jalisco,  Jalisco,  https--www.ligafemenil.mx-cancha-galeria-MTM2ODU3LzEwLzc0LzIvMTQ=-atlas-vs-pumas,  ,  https--www.ligafemenil.mx-cancha-playlist-136857-atlas-vs-pumas,  
2023-2024,Clausura,  Viernes 8 de Marzo de 2024-nTemporada 2023-2024-nTorneo Clausura-nJornada 10-n8 Marzo 2024 - 1700 hrs.,  https--www.ligafemenil.mx-cancha-informeArbitral-136861-eyJpZERpdmlzaW9uIjoiMTQiLCJpZFRlbXBvcmFkYSI6Ijc0IiwiaWRUb3JuZW8iOiIyIiwiaWRDbHVibG9jYWwiOjExMjQzLCJpZENsdWJ2aXNpdGEiOjExMTg1fQ==-informe-arbitral-leon-vs-rayados-de-monterrey-jornada-10-estadio-nou-camp-fox-sports,  1 - 4,  https--www.ligafemenil.mx-cancha-estadio-23-estadio-nou-camp,  Nou Camp,  https--www.ligafemenil.mx-cancha-galeria-MTM2ODYxLzEwLzc0LzIvMTQ=-leon-vs-rayados-de-monterrey,  ,  https--www.ligafemenil.mx-cancha-playlist-136861-leon-vs-rayados-de-monterrey,  
2023-2024,Clausura,  Viernes 8 de Marzo de 2024-nTemporada 2023-2024-nTorneo Clausura-nJornada 10-n8 Marzo 2024 - 1800 hrs.,  https--www.ligafemenil.mx-cancha-informeArbitral-136862-eyJpZERpdmlzaW9uIjoiMTQiLCJpZFRlbXBvcmFkYSI6Ijc0IiwiaWRUb3JuZW8iOiIyIiwiaWRDbHVibG9jYWwiOjExMTg2LCJpZENsdWJ2aXNpdGEiOjEyMDQyfQ==-informe-arbitral-tigres-de-la-uanl-vs-gallos-blancos-de-queretaro-jornada-10-estadio-universitario-vix,  2 - 0,  https--www.ligafemenil.mx-cancha-estadio-12-estadio-universitario,  Universitario,  https--www.ligafemenil.mx-cancha-galeria-MTM2ODYyLzEwLzc0LzIvMTQ=-tigres-de-la-uanl-vs-gallos-blancos-de-queretaro,  ,  https--www.ligafemenil.mx-cancha-playlist-136862-tigres-de-la-uanl-vs-gallos-blancos-de-queretaro,  
2023-2024,Clausura,  Sábado 9 de Marzo de 2024-nTemporada 2023-2024-nTorneo Clausura-nJornada 10-n9 Marzo 2024 - 1200 hrs.,  https--www.ligafemenil.mx-cancha-informeArbitral-136858-eyJpZERpdmlzaW9uIjoiMTQiLCJpZFRlbXBvcmFkYSI6Ijc0IiwiaWRUb3JuZW8iOiIyIiwiaWRDbHVibG9jYWwiOjExMTgxLCJpZENsdWJ2aXNpdGEiOjExNzk1fQ==-informe-arbitral-cruz-azul-vs-fc-juarez-jornada-10-estadio-instalaciones-la-noria-vix,  1 - 4,  https--www.ligafemenil.mx-cancha-estadio-877-estadio-instalaciones-la-noria,  INSTALACIONES LA NORIA,  https--www.ligafemenil.mx-cancha-galeria-MTM2ODU4LzEwLzc0LzIvMTQ=-cruz-azul-vs-fc-juarez,  ,  https--www.ligafemenil.mx-cancha-playlist-136858-cruz-azul-vs-fc-juarez,  
2023-2024,Clausura,  Domingo 10 de Marzo de 2024-nTemporada 2023-2024-nTorneo Clausura-nJornada 10-n10 Marzo 2024 - 1806 hrs.,  https--www.ligafemenil.mx-cancha-informeArbitral-136859-eyJpZERpdmlzaW9uIjoiMTQiLCJpZFRlbXBvcmFkYSI6Ijc0IiwiaWRUb3JuZW8iOiIyIiwiaWRDbHVibG9jYWwiOjEyMDUxLCJpZENsdWJ2aXNpdGEiOjExMTgyfQ==-informe-arbitral-mazatlan-fc-vs-guadalajara-jornada-10-estadio-el-encanto-fox-sports--fox-premium,  0 - 2,  https--www.ligafemenil.mx-cancha-estadio-1931-estadio-el-encanto,  El Encanto,  https--www.ligafemenil.mx-cancha-galeria-MTM2ODU5LzEwLzc0LzIvMTQ=-mazatlan-fc-vs-guadalajara,  ,  https--www.ligafemenil.mx-cancha-playlist-136859-mazatlan-fc-vs-guadalajara,  
2023-2024,Clausura,  Lunes 11 de Marzo de 2024-nTemporada 2023-2024-nTorneo Clausura-nJornada 10-n11 Marzo 2024 - 1700 hrs.,  https--www.ligafemenil.mx-cancha-informeArbitral-136860-eyJpZERpdmlzaW9uIjoiMTQiLCJpZFRlbXBvcmFkYSI6Ijc0IiwiaWRUb3JuZW8iOiIyIiwiaWRDbHVibG9jYWwiOjExMTg3LCJpZENsdWJ2aXNpdGEiOjExNzc4fQ==-informe-arbitral-toluca-vs-club-atletico-de-san-luis-jornada-10-estadio-nemesio-diez-vix,  5 - 1,  https--www.ligafemenil.mx-cancha-estadio-6-estadio-nemesio-diez,  Nemesio Diez,  https--www.ligafemenil.mx-cancha-galeria-MTM2ODYwLzEwLzc0LzIvMTQ=-toluca-vs-club-atletico-de-san-luis,  ,  https--www.ligafemenil.mx-cancha-playlist-136860-toluca-vs-club-atletico-de-san-luis,  
2023-2024,Clausura,  Lunes 11 de Marzo de 2024-nTemporada 2023-2024-nTorneo Clausura-nJornada 10-n11 Marzo 2024 - 1900 hrs.,  https--www.ligafemenil.mx-cancha-informeArbitral-136863-eyJpZERpdmlzaW9uIjoiMTQiLCJpZFRlbXBvcmFkYSI6Ijc0IiwiaWRUb3JuZW8iOiIyIiwiaWRDbHVibG9jYWwiOjExMTkyLCJpZENsdWJ2aXNpdGEiOjExMTg5fQ==-informe-arbitral-santos-laguna-vs-necaxa-jornada-10-estadio-tsm-corona,  3 - 2,  https--www.ligafemenil.mx-cancha-estadio-63-estadio-tsm-corona,  TSM Corona,  https--www.ligafemenil.mx-cancha-galeria-MTM2ODYzLzEwLzc0LzIvMTQ=-santos-laguna-vs-necaxa,  ,  https--www.ligafemenil.mx-cancha-playlist-136863-santos-laguna-vs-necaxa,  
2023-2024,Clausura,  Miércoles 13 de Marzo de 2024-nTemporada 2023-2024-nTorneo Clausura-nJornada 8-n13 Marzo 2024 - 1700 hrs.,  https--www.ligafemenil.mx-cancha-informeArbitral-136835-eyJpZERpdmlzaW9uIjoiMTQiLCJpZFRlbXBvcmFkYSI6Ijc0IiwiaWRUb3JuZW8iOiIyIiwiaWRDbHVibG9jYWwiOjExNTQzLCJpZENsdWJ2aXNpdGEiOjExMjQ1fQ==-informe-arbitral-puebla-fc-vs-atlas-jornada-8-estadio-cuauhtemoc-fox-sports,  0 - 0,  https--www.ligafemenil.mx-cancha-estadio-9-estadio-cuauhtemoc,  Cuauhtémoc,  https--www.ligafemenil.mx-cancha-galeria-MTM2ODM1LzgvNzQvMi8xNA==-puebla-fc-vs-atlas,  ,  https--www.ligafemenil.mx-cancha-playlist-136835-puebla-fc-vs-atlas,  
2023-2024,Clausura,  Viernes 15 de Marzo de 2024-nTemporada 2023-2024-nTorneo Clausura-nJornada 11-n15 Marzo 2024 - 2100 hrs.,  https--www.ligafemenil.mx-cancha-informeArbitral-136865-eyJpZERpdmlzaW9uIjoiMTQiLCJpZFRlbXBvcmFkYSI6Ijc0IiwiaWRUb3JuZW8iOiIyIiwiaWRDbHVibG9jYWwiOjExMTg1LCJpZENsdWJ2aXNpdGEiOjExMTg2fQ==-informe-arbitral-rayados-de-monterrey-vs-tigres-de-la-uanl-jornada-11-estadio-bbva-el-nu9ve,  0 - 0,  https--www.ligafemenil.mx-cancha-estadio-1608-estadio-bbva,  Estadio BBVA,  https--www.ligafemenil.mx-cancha-galeria-MTM2ODY1LzExLzc0LzIvMTQ=-rayados-de-monterrey-vs-tigres-de-la-uanl,  ,  https--www.ligafemenil.mx-cancha-playlist-136865-rayados-de-monterrey-vs-tigres-de-la-uanl,  
2023-2024,Clausura,  Sábado 16 de Marzo de 2024-nTemporada 2023-2024-nTorneo Clausura-nJornada 11-n16 Marzo 2024 - 1200 hrs.,  https--www.ligafemenil.mx-cancha-informeArbitral-136866-eyJpZERpdmlzaW9uIjoiMTQiLCJpZFRlbXBvcmFkYSI6Ijc0IiwiaWRUb3JuZW8iOiIyIiwiaWRDbHVibG9jYWwiOjExMTg4LCJpZENsdWJ2aXNpdGEiOjExMTgxfQ==-informe-arbitral-pumas-vs-cruz-azul-jornada-11-estadio-olimpico-universitario-vix,  4 - 2,  https--www.ligafemenil.mx-cancha-estadio-7-estadio-olimpico-universitario,  Olímpico Universitario,  https--www.ligafemenil.mx-cancha-galeria-MTM2ODY2LzExLzc0LzIvMTQ=-pumas-vs-cruz-azul,  ,  https--www.ligafemenil.mx-cancha-playlist-136866-pumas-vs-cruz-azul,  
2023-2024,Clausura,  Sábado 16 de Marzo de 2024-nTemporada 2023-2024-nTorneo Clausura-nJornada 11-n16 Marzo 2024 - 1900 hrs.,  https--www.ligafemenil.mx-cancha-informeArbitral-136867-eyJpZERpdmlzaW9uIjoiMTQiLCJpZFRlbXBvcmFkYSI6Ijc0IiwiaWRUb3JuZW8iOiIyIiwiaWRDbHVibG9jYWwiOjExNzk1LCJpZENsdWJ2aXNpdGEiOjExMTgwfQ==-informe-arbitral-fc-juarez-vs-tijuana-jornada-11-estadio-olimpico-benito-juarez-fox-premium,  1 - 2,  https--www.ligafemenil.mx-cancha-estadio-17-estadio-olimpico-benito-juarez,  Olímpico Benito Juárez,  https--www.ligafemenil.mx-cancha-galeria-MTM2ODY3LzExLzc0LzIvMTQ=-fc-juarez-vs-tijuana,  ,  https--www.ligafemenil.mx-cancha-playlist-136867-fc-juarez-vs-tijuana,  
2023-2024,Clausura,  Domingo 17 de Marzo de 2024-nTemporada 2023-2024-nTorneo Clausura-nJornada 11-n17 Marzo 2024 - 1905 hrs.,  https--www.ligafemenil.mx-cancha-informeArbitral-136869-eyJpZERpdmlzaW9uIjoiMTQiLCJpZFRlbXBvcmFkYSI6Ijc0IiwiaWRUb3JuZW8iOiIyIiwiaWRDbHVibG9jYWwiOjExMTgyLCJpZENsdWJ2aXNpdGEiOjExMTkxfQ==-informe-arbitral-guadalajara-vs-america-jornada-11-estadio-akron-fox-sports--fox-premium,  2 - 1,  https--www.ligafemenil.mx-cancha-estadio-1538-estadio-akron,  Estadio AKRON,  https--www.ligafemenil.mx-cancha-galeria-MTM2ODY5LzExLzc0LzIvMTQ=-guadalajara-vs-america,  ,  https--www.ligafemenil.mx-cancha-playlist-136869-guadalajara-vs-america,  
2023-2024,Clausura,  Lunes 18 de Marzo de 2024-nTemporada 2023-2024-nTorneo Clausura-nJornada 11-n18 Marzo 2024 - 1700 hrs.,  https--www.ligafemenil.mx-cancha-informeArbitral-136870-eyJpZERpdmlzaW9uIjoiMTQiLCJpZFRlbXBvcmFkYSI6Ijc0IiwiaWRUb3JuZW8iOiIyIiwiaWRDbHVibG9jYWwiOjExNzc4LCJpZENsdWJ2aXNpdGEiOjExMjQ1fQ==-informe-arbitral-club-atletico-de-san-luis-vs-atlas-jornada-11-estadio-alfonso-lastras-ramirez-espn,  0 - 0,  https--www.ligafemenil.mx-cancha-estadio-14-estadio-alfonso-lastras-ramirez,  Alfonso Lastras Ramírez,  https--www.ligafemenil.mx-cancha-galeria-MTM2ODcwLzExLzc0LzIvMTQ=-club-atletico-de-san-luis-vs-atlas,  ,  https--www.ligafemenil.mx-cancha-playlist-136870-club-atletico-de-san-luis-vs-atlas,  
2023-2024,Clausura,  Lunes 18 de Marzo de 2024-nTemporada 2023-2024-nTorneo Clausura-nJornada 11-n18 Marzo 2024 - 1700 hrs.,  https--www.ligafemenil.mx-cancha-informeArbitral-136871-eyJpZERpdmlzaW9uIjoiMTQiLCJpZFRlbXBvcmFkYSI6Ijc0IiwiaWRUb3JuZW8iOiIyIiwiaWRDbHVibG9jYWwiOjExMTg5LCJpZENsdWJ2aXNpdGEiOjExMjQzfQ==-informe-arbitral-necaxa-vs-leon-jornada-11-estadio-victoria-vix,  2 - 1,  https--www.ligafemenil.mx-cancha-estadio-15-estadio-victoria,  Victoria,  https--www.ligafemenil.mx-cancha-galeria-MTM2ODcxLzExLzc0LzIvMTQ=-necaxa-vs-leon,  ,  https--www.ligafemenil.mx-cancha-playlist-136871-necaxa-vs-leon,  
2023-2024,Clausura,  Lunes 18 de Marzo de 2024-nTemporada 2023-2024-nTorneo Clausura-nJornada 11-n18 Marzo 2024 - 1700 hrs.,  https--www.ligafemenil.mx-cancha-informeArbitral-136868-eyJpZERpdmlzaW9uIjoiMTQiLCJpZFRlbXBvcmFkYSI6Ijc0IiwiaWRUb3JuZW8iOiIyIiwiaWRDbHVibG9jYWwiOjExNTQzLCJpZENsdWJ2aXNpdGEiOjEyMDUxfQ==-informe-arbitral-puebla-fc-vs-mazatlan-fc-jornada-11-estadio-cuauhtemoc-fox-premium,  1 - 2,  https--www.ligafemenil.mx-cancha-estadio-9-estadio-cuauhtemoc,  Cuauhtémoc,  https--www.ligafemenil.mx-cancha-galeria-MTM2ODY4LzExLzc0LzIvMTQ=-puebla-fc-vs-mazatlan-fc,  ,  https--www.ligafemenil.mx-cancha-playlist-136868-puebla-fc-vs-mazatlan-fc,  
2023-2024,Clausura,  Lunes 18 de Marzo de 2024-nTemporada 2023-2024-nTorneo Clausura-nJornada 11-n18 Marzo 2024 - 1906 hrs.,  https--www.ligafemenil.mx-cancha-informeArbitral-136872-eyJpZERpdmlzaW9uIjoiMTQiLCJpZFRlbXBvcmFkYSI6Ijc0IiwiaWRUb3JuZW8iOiIyIiwiaWRDbHVibG9jYWwiOjExMTg0LCJpZENsdWJ2aXNpdGEiOjExMTg3fQ==-informe-arbitral-pachuca-vs-toluca-jornada-11-estadio-hidalgo-fox-sports--fox-premium,  4 - 0,  https--www.ligafemenil.mx-cancha-estadio-11-estadio-hidalgo,  Hidalgo,  https--www.ligafemenil.mx-cancha-galeria-MTM2ODcyLzExLzc0LzIvMTQ=-pachuca-vs-toluca,  ,  https--www.ligafemenil.mx-cancha-playlist-136872-pachuca-vs-toluca,  
2023-2024,Clausura,  Lunes 18 de Marzo de 2024-nTemporada 2023-2024-nTorneo Clausura-nJornada 11-n18 Marzo 2024 - 2110 hrs.,  https--www.ligafemenil.mx-cancha-informeArbitral-136873-eyJpZERpdmlzaW9uIjoiMTQiLCJpZFRlbXBvcmFkYSI6Ijc0IiwiaWRUb3JuZW8iOiIyIiwiaWRDbHVibG9jYWwiOjEyMDQyLCJpZENsdWJ2aXNpdGEiOjExMTkyfQ==-informe-arbitral-gallos-blancos-de-queretaro-vs-santos-laguna-jornada-11-estadio-la-corregidora-fox-sports--fox-premium,  2 - 1,  https--www.ligafemenil.mx-cancha-estadio-25-estadio-la-corregidora,  La Corregidora,  https--www.ligafemenil.mx-cancha-galeria-MTM2ODczLzExLzc0LzIvMTQ=-gallos-blancos-de-queretaro-vs-santos-laguna,  ,  https--www.ligafemenil.mx-cancha-playlist-136873-gallos-blancos-de-queretaro-vs-santos-laguna,  
2023-2024,Clausura,  Viernes 22 de Marzo de 2024-nTemporada 2023-2024-nTorneo Clausura-nJornada 12-n22 Marzo 2024 - 2006 hrs.,  https--www.ligafemenil.mx-cancha-informeArbitral-136875-eyJpZERpdmlzaW9uIjoiMTQiLCJpZFRlbXBvcmFkYSI6Ijc0IiwiaWRUb3JuZW8iOiIyIiwiaWRDbHVibG9jYWwiOjExMTgwLCJpZENsdWJ2aXNpdGEiOjExMTgxfQ==-informe-arbitral-tijuana-vs-cruz-azul-jornada-12-estadio-caliente-fox-sports,  0 - 2,  https--www.ligafemenil.mx-cancha-estadio-48-estadio-caliente,  Caliente,  https--www.ligafemenil.mx-cancha-galeria-MTM2ODc1LzEyLzc0LzIvMTQ=-tijuana-vs-cruz-azul,  ,  https--www.ligafemenil.mx-cancha-playlist-136875-tijuana-vs-cruz-azul,  
2023-2024,Clausura,  Sábado 23 de Marzo de 2024-nTemporada 2023-2024-nTorneo Clausura-nJornada 12-n23 Marzo 2024 - 1200 hrs.,  https--www.ligafemenil.mx-cancha-informeArbitral-136876-eyJpZERpdmlzaW9uIjoiMTQiLCJpZFRlbXBvcmFkYSI6Ijc0IiwiaWRUb3JuZW8iOiIyIiwiaWRDbHVibG9jYWwiOjExMTg4LCJpZENsdWJ2aXNpdGEiOjExNTQzfQ==-informe-arbitral-pumas-vs-puebla-fc-jornada-12-estadio-olimpico-universitario-vix,  3 - 3,  https--www.ligafemenil.mx-cancha-estadio-7-estadio-olimpico-universitario,  Olímpico Universitario,  https--www.ligafemenil.mx-cancha-galeria-MTM2ODc2LzEyLzc0LzIvMTQ=-pumas-vs-puebla-fc,  ,  https--www.ligafemenil.mx-cancha-playlist-136876-pumas-vs-puebla-fc,  
2023-2024,Clausura,  Sábado 23 de Marzo de 2024-nTemporada 2023-2024-nTorneo Clausura-nJornada 12-n23 Marzo 2024 - 1700 hrs.,  https--www.ligafemenil.mx-cancha-informeArbitral-136877-eyJpZERpdmlzaW9uIjoiMTQiLCJpZFRlbXBvcmFkYSI6Ijc0IiwiaWRUb3JuZW8iOiIyIiwiaWRDbHVibG9jYWwiOjExMTg3LCJpZENsdWJ2aXNpdGEiOjExMjQzfQ==-informe-arbitral-toluca-vs-leon-jornada-12-estadio-nemesio-diez-vix,  0 - 0,  https--www.ligafemenil.mx-cancha-estadio-6-estadio-nemesio-diez,  Nemesio Diez,  https--www.ligafemenil.mx-cancha-galeria-MTM2ODc3LzEyLzc0LzIvMTQ=-toluca-vs-leon,  ,  https--www.ligafemenil.mx-cancha-playlist-136877-toluca-vs-leon,  
2023-2024,Clausura,  Sábado 23 de Marzo de 2024-nTemporada 2023-2024-nTorneo Clausura-nJornada 12-n23 Marzo 2024 - 1900 hrs.,  https--www.ligafemenil.mx-cancha-informeArbitral-136878-eyJpZERpdmlzaW9uIjoiMTQiLCJpZFRlbXBvcmFkYSI6Ijc0IiwiaWRUb3JuZW8iOiIyIiwiaWRDbHVibG9jYWwiOjExMjQ1LCJpZENsdWJ2aXNpdGEiOjExMTg1fQ==-informe-arbitral-atlas-vs-rayados-de-monterrey-jornada-12-estadio-jalisco,  0 - 1,  https--www.ligafemenil.mx-cancha-estadio-5-estadio-jalisco,  Jalisco,  https--www.ligafemenil.mx-cancha-galeria-MTM2ODc4LzEyLzc0LzIvMTQ=-atlas-vs-rayados-de-monterrey,  ,  https--www.ligafemenil.mx-cancha-playlist-136878-atlas-vs-rayados-de-monterrey,  
2023-2024,Clausura,  Sábado 23 de Marzo de 2024-nTemporada 2023-2024-nTorneo Clausura-nJornada 12-n23 Marzo 2024 - 1800 hrs.,  https--www.ligafemenil.mx-cancha-informeArbitral-136874-eyJpZERpdmlzaW9uIjoiMTQiLCJpZFRlbXBvcmFkYSI6Ijc0IiwiaWRUb3JuZW8iOiIyIiwiaWRDbHVibG9jYWwiOjEyMDUxLCJpZENsdWJ2aXNpdGEiOjEyMDQyfQ==-informe-arbitral-mazatlan-fc-vs-gallos-blancos-de-queretaro-jornada-12-estadio-el-encanto-fox-premium,  2 - 2,  https--www.ligafemenil.mx-cancha-estadio-1931-estadio-el-encanto,  El Encanto,  https--www.ligafemenil.mx-cancha-galeria-MTM2ODc0LzEyLzc0LzIvMTQ=-mazatlan-fc-vs-gallos-blancos-de-queretaro,  ,  https--www.ligafemenil.mx-cancha-playlist-136874-mazatlan-fc-vs-gallos-blancos-de-queretaro,  
2023-2024,Clausura,  Sábado 23 de Marzo de 2024-nTemporada 2023-2024-nTorneo Clausura-nJornada 12-n23 Marzo 2024 - 2106 hrs.,  https--www.ligafemenil.mx-cancha-informeArbitral-136879-eyJpZERpdmlzaW9uIjoiMTQiLCJpZFRlbXBvcmFkYSI6Ijc0IiwiaWRUb3JuZW8iOiIyIiwiaWRDbHVibG9jYWwiOjExMTg2LCJpZENsdWJ2aXNpdGEiOjExMTgyfQ==-informe-arbitral-tigres-de-la-uanl-vs-guadalajara-jornada-12-estadio-universitario-el-nu9ve,  1 - 0,  https--www.ligafemenil.mx-cancha-estadio-12-estadio-universitario,  Universitario,  https--www.ligafemenil.mx-cancha-galeria-MTM2ODc5LzEyLzc0LzIvMTQ=-tigres-de-la-uanl-vs-guadalajara,  ,  https--www.ligafemenil.mx-cancha-playlist-136879-tigres-de-la-uanl-vs-guadalajara,  
2023-2024,Clausura,  Domingo 24 de Marzo de 2024-nTemporada 2023-2024-nTorneo Clausura-nJornada 12-n24 Marzo 2024 - 1545 hrs.,  https--www.ligafemenil.mx-cancha-informeArbitral-136880-eyJpZERpdmlzaW9uIjoiMTQiLCJpZFRlbXBvcmFkYSI6Ijc0IiwiaWRUb3JuZW8iOiIyIiwiaWRDbHVibG9jYWwiOjExMTkxLCJpZENsdWJ2aXNpdGEiOjExNzc4fQ==-informe-arbitral-america-vs-club-atletico-de-san-luis-jornada-12-estadio-cancha-centenario-no-5-natural-instalaciones-club-america-vix,  2 - 1,  https--www.ligafemenil.mx-cancha-estadio-1421-estadio-cancha-centenario-no-5-natural-instalaciones-club-america,  Cancha Centenario No. 5 (Natural) Instalaciones Club América,  https--www.ligafemenil.mx-cancha-galeria-MTM2ODgwLzEyLzc0LzIvMTQ=-america-vs-club-atletico-de-san-luis,  ,  https--www.ligafemenil.mx-cancha-playlist-136880-america-vs-club-atletico-de-san-luis,  
2023-2024,Clausura,  Lunes 25 de Marzo de 2024-nTemporada 2023-2024-nTorneo Clausura-nJornada 12-n25 Marzo 2024 - 1700 hrs.,  https--www.ligafemenil.mx-cancha-informeArbitral-136882-eyJpZERpdmlzaW9uIjoiMTQiLCJpZFRlbXBvcmFkYSI6Ijc0IiwiaWRUb3JuZW8iOiIyIiwiaWRDbHVibG9jYWwiOjExMTg5LCJpZENsdWJ2aXNpdGEiOjExNzk1fQ==-informe-arbitral-necaxa-vs-fc-juarez-jornada-12-estadio-victoria-vix,  1 - 4,  https--www.ligafemenil.mx-cancha-estadio-15-estadio-victoria,  Victoria,  https--www.ligafemenil.mx-cancha-galeria-MTM2ODgyLzEyLzc0LzIvMTQ=-necaxa-vs-fc-juarez,  ,  https--www.ligafemenil.mx-cancha-playlist-136882-necaxa-vs-fc-juarez,  
2023-2024,Clausura,  Lunes 25 de Marzo de 2024-nTemporada 2023-2024-nTorneo Clausura-nJornada 12-n25 Marzo 2024 - 1906 hrs.,  https--www.ligafemenil.mx-cancha-informeArbitral-136881-eyJpZERpdmlzaW9uIjoiMTQiLCJpZFRlbXBvcmFkYSI6Ijc0IiwiaWRUb3JuZW8iOiIyIiwiaWRDbHVibG9jYWwiOjExMTg0LCJpZENsdWJ2aXNpdGEiOjExMTkyfQ==-informe-arbitral-pachuca-vs-santos-laguna-jornada-12-estadio-hidalgo-fox-sports--fox-premium,  4 - 0,  https--www.ligafemenil.mx-cancha-estadio-11-estadio-hidalgo,  Hidalgo,  https--www.ligafemenil.mx-cancha-galeria-MTM2ODgxLzEyLzc0LzIvMTQ=-pachuca-vs-santos-laguna,  ,  https--www.ligafemenil.mx-cancha-playlist-136881-pachuca-vs-santos-laguna,  
2023-2024,Clausura,  Jueves 28 de Marzo de 2024-nTemporada 2023-2024-nTorneo Clausura-nJornada 13-n28 Marzo 2024 - 2100 hrs.,  https--www.ligafemenil.mx-cancha-informeArbitral-136883-eyJpZERpdmlzaW9uIjoiMTQiLCJpZFRlbXBvcmFkYSI6Ijc0IiwiaWRUb3JuZW8iOiIyIiwiaWRDbHVibG9jYWwiOjExMTg1LCJpZENsdWJ2aXNpdGEiOjExMTgwfQ==-informe-arbitral-rayados-de-monterrey-vs-tijuana-jornada-13-estadio-bbva-vix,  3 - 1,  https--www.ligafemenil.mx-cancha-estadio-1608-estadio-bbva,  Estadio BBVA,  https--www.ligafemenil.mx-cancha-galeria-MTM2ODgzLzEzLzc0LzIvMTQ=-rayados-de-monterrey-vs-tijuana,  ,  https--www.ligafemenil.mx-cancha-playlist-136883-rayados-de-monterrey-vs-tijuana,  
2023-2024,Clausura,  Viernes 29 de Marzo de 2024-nTemporada 2023-2024-nTorneo Clausura-nJornada 13-n29 Marzo 2024 - 1545 hrs.,  https--www.ligafemenil.mx-cancha-informeArbitral-136884-eyJpZERpdmlzaW9uIjoiMTQiLCJpZFRlbXBvcmFkYSI6Ijc0IiwiaWRUb3JuZW8iOiIyIiwiaWRDbHVibG9jYWwiOjExMTgxLCJpZENsdWJ2aXNpdGEiOjExMTkxfQ==-informe-arbitral-cruz-azul-vs-america-jornada-13-estadio-instalaciones-la-noria-vix,  1 - 5,  https--www.ligafemenil.mx-cancha-estadio-877-estadio-instalaciones-la-noria,  INSTALACIONES LA NORIA,  https--www.ligafemenil.mx-cancha-galeria-MTM2ODg0LzEzLzc0LzIvMTQ=-cruz-azul-vs-america,  ,  https--www.ligafemenil.mx-cancha-playlist-136884-cruz-azul-vs-america,  
2023-2024,Clausura,  Viernes 29 de Marzo de 2024-nTemporada 2023-2024-nTorneo Clausura-nJornada 13-n29 Marzo 2024 - 1700 hrs.,  https--www.ligafemenil.mx-cancha-informeArbitral-136885-eyJpZERpdmlzaW9uIjoiMTQiLCJpZFRlbXBvcmFkYSI6Ijc0IiwiaWRUb3JuZW8iOiIyIiwiaWRDbHVibG9jYWwiOjEyMDQyLCJpZENsdWJ2aXNpdGEiOjExMTg5fQ==-informe-arbitral-gallos-blancos-de-queretaro-vs-necaxa-jornada-13-estadio-la-corregidora-fox-sports--fox-premium,  1 - 1,  https--www.ligafemenil.mx-cancha-estadio-25-estadio-la-corregidora,  La Corregidora,  https--www.ligafemenil.mx-cancha-galeria-MTM2ODg1LzEzLzc0LzIvMTQ=-gallos-blancos-de-queretaro-vs-necaxa,  ,  https--www.ligafemenil.mx-cancha-playlist-136885-gallos-blancos-de-queretaro-vs-necaxa,  
2023-2024,Clausura,  Viernes 29 de Marzo de 2024-nTemporada 2023-2024-nTorneo Clausura-nJornada 13-n29 Marzo 2024 - 1906 hrs.,  https--www.ligafemenil.mx-cancha-informeArbitral-136886-eyJpZERpdmlzaW9uIjoiMTQiLCJpZFRlbXBvcmFkYSI6Ijc0IiwiaWRUb3JuZW8iOiIyIiwiaWRDbHVibG9jYWwiOjExMjQzLCJpZENsdWJ2aXNpdGEiOjEyMDUxfQ==-informe-arbitral-leon-vs-mazatlan-fc-jornada-13-estadio-nou-camp-fox-premium,  3 - 0,  https--www.ligafemenil.mx-cancha-estadio-23-estadio-nou-camp,  Nou Camp,  https--www.ligafemenil.mx-cancha-galeria-MTM2ODg2LzEzLzc0LzIvMTQ=-leon-vs-mazatlan-fc,  ,  https--www.ligafemenil.mx-cancha-playlist-136886-leon-vs-mazatlan-fc,  
2023-2024,Clausura,  Sábado 30 de Marzo de 2024-nTemporada 2023-2024-nTorneo Clausura-nJornada 13-n30 Marzo 2024 - 1700 hrs.,  https--www.ligafemenil.mx-cancha-informeArbitral-136889-eyJpZERpdmlzaW9uIjoiMTQiLCJpZFRlbXBvcmFkYSI6Ijc0IiwiaWRUb3JuZW8iOiIyIiwiaWRDbHVibG9jYWwiOjExNzc4LCJpZENsdWJ2aXNpdGEiOjExMTg0fQ==-informe-arbitral-club-atletico-de-san-luis-vs-pachuca-jornada-13-estadio-alfonso-lastras-ramirez-espn,  1 - 3,  https--www.ligafemenil.mx-cancha-estadio-14-estadio-alfonso-lastras-ramirez,  Alfonso Lastras Ramírez,  https--www.ligafemenil.mx-cancha-galeria-MTM2ODg5LzEzLzc0LzIvMTQ=-club-atletico-de-san-luis-vs-pachuca,  ,  https--www.ligafemenil.mx-cancha-playlist-136889-club-atletico-de-san-luis-vs-pachuca,  
2023-2024,Clausura,  Sábado 30 de Marzo de 2024-nTemporada 2023-2024-nTorneo Clausura-nJornada 13-n30 Marzo 2024 - 2110 hrs.,  https--www.ligafemenil.mx-cancha-informeArbitral-136887-eyJpZERpdmlzaW9uIjoiMTQiLCJpZFRlbXBvcmFkYSI6Ijc0IiwiaWRUb3JuZW8iOiIyIiwiaWRDbHVibG9jYWwiOjExNzk1LCJpZENsdWJ2aXNpdGEiOjExMTg3fQ==-informe-arbitral-fc-juarez-vs-toluca-jornada-13-estadio-olimpico-benito-juarez-fox-sports--fox-premium,  0 - 0,  https--www.ligafemenil.mx-cancha-estadio-17-estadio-olimpico-benito-juarez,  Olímpico Benito Juárez,  https--www.ligafemenil.mx-cancha-galeria-MTM2ODg3LzEzLzc0LzIvMTQ=-fc-juarez-vs-toluca,  ,  https--www.ligafemenil.mx-cancha-playlist-136887-fc-juarez-vs-toluca,  
2023-2024,Clausura,  Domingo 31 de Marzo de 2024-nTemporada 2023-2024-nTorneo Clausura-nJornada 13-n31 Marzo 2024 - 1205 hrs.,  https--www.ligafemenil.mx-cancha-informeArbitral-136888-eyJpZERpdmlzaW9uIjoiMTQiLCJpZFRlbXBvcmFkYSI6Ijc0IiwiaWRUb3JuZW8iOiIyIiwiaWRDbHVibG9jYWwiOjExMTgyLCJpZENsdWJ2aXNpdGEiOjExMjQ1fQ==-informe-arbitral-guadalajara-vs-atlas-jornada-13-estadio-akron-fox-sports,  1 - 1,  https--www.ligafemenil.mx-cancha-estadio-1538-estadio-akron,  Estadio AKRON,  https--www.ligafemenil.mx-cancha-galeria-MTM2ODg4LzEzLzc0LzIvMTQ=-guadalajara-vs-atlas,  ,  https--www.ligafemenil.mx-cancha-playlist-136888-guadalajara-vs-atlas,  
2023-2024,Clausura,  Domingo 31 de Marzo de 2024-nTemporada 2023-2024-nTorneo Clausura-nJornada 13-n31 Marzo 2024 - 1700 hrs.,  https--www.ligafemenil.mx-cancha-informeArbitral-136890-eyJpZERpdmlzaW9uIjoiMTQiLCJpZFRlbXBvcmFkYSI6Ijc0IiwiaWRUb3JuZW8iOiIyIiwiaWRDbHVibG9jYWwiOjExNTQzLCJpZENsdWJ2aXNpdGEiOjExMTg2fQ==-informe-arbitral-puebla-fc-vs-tigres-de-la-uanl-jornada-13-estadio-cuauhtemoc-fox-sports--fox-premium,  0 - 6,  https--www.ligafemenil.mx-cancha-estadio-9-estadio-cuauhtemoc,  Cuauhtémoc,  https--www.ligafemenil.mx-cancha-galeria-MTM2ODkwLzEzLzc0LzIvMTQ=-puebla-fc-vs-tigres-de-la-uanl,  ,  https--www.ligafemenil.mx-cancha-playlist-136890-puebla-fc-vs-tigres-de-la-uanl,  
2023-2024,Clausura,  Domingo 31 de Marzo de 2024-nTemporada 2023-2024-nTorneo Clausura-nJornada 13-n31 Marzo 2024 - 1906 hrs.,  https--www.ligafemenil.mx-cancha-informeArbitral-136891-eyJpZERpdmlzaW9uIjoiMTQiLCJpZFRlbXBvcmFkYSI6Ijc0IiwiaWRUb3JuZW8iOiIyIiwiaWRDbHVibG9jYWwiOjExMTkyLCJpZENsdWJ2aXNpdGEiOjExMTg4fQ==-informe-arbitral-santos-laguna-vs-pumas-jornada-13-estadio-tsm-corona,  2 - 3,  https--www.ligafemenil.mx-cancha-estadio-63-estadio-tsm-corona,  TSM Corona,  https--www.ligafemenil.mx-cancha-galeria-MTM2ODkxLzEzLzc0LzIvMTQ=-santos-laguna-vs-pumas,  ,  https--www.ligafemenil.mx-cancha-playlist-136891-santos-laguna-vs-pumas,  
2023-2024,Clausura,  Jueves 11 de Abril de 2024-nTemporada 2023-2024-nTorneo Clausura-nJornada 14-n11 Abril 2024 - 1545 hrs.,  https--www.ligafemenil.mx-cancha-informeArbitral-136897-eyJpZERpdmlzaW9uIjoiMTQiLCJpZFRlbXBvcmFkYSI6Ijc0IiwiaWRUb3JuZW8iOiIyIiwiaWRDbHVibG9jYWwiOjExMTg3LCJpZENsdWJ2aXNpdGEiOjEyMDQyfQ==-informe-arbitral-toluca-vs-gallos-blancos-de-queretaro-jornada-14-estadio-instalaciones-metepec-cancha-2-vix,  1 - 2,  https--www.ligafemenil.mx-cancha-estadio-1547-estadio-instalaciones-metepec-cancha-2,  Instalaciones Metepec Cancha 2,  https--www.ligafemenil.mx-cancha-galeria-MTM2ODk3LzE0Lzc0LzIvMTQ=-toluca-vs-gallos-blancos-de-queretaro,  ,  https--www.ligafemenil.mx-cancha-playlist-136897-toluca-vs-gallos-blancos-de-queretaro,  
2023-2024,Clausura,  Sábado 13 de Abril de 2024-nTemporada 2023-2024-nTorneo Clausura-nJornada 14-n13 Abril 2024 - 1200 hrs.,  https--www.ligafemenil.mx-cancha-informeArbitral-136892-eyJpZERpdmlzaW9uIjoiMTQiLCJpZFRlbXBvcmFkYSI6Ijc0IiwiaWRUb3JuZW8iOiIyIiwiaWRDbHVibG9jYWwiOjExMTg4LCJpZENsdWJ2aXNpdGEiOjExMTgyfQ==-informe-arbitral-pumas-vs-guadalajara-jornada-14-estadio-olimpico-universitario-vix,  1 - 1,  https--www.ligafemenil.mx-cancha-estadio-7-estadio-olimpico-universitario,  Olímpico Universitario,  https--www.ligafemenil.mx-cancha-galeria-MTM2ODkyLzE0Lzc0LzIvMTQ=-pumas-vs-guadalajara,  ,  https--www.ligafemenil.mx-cancha-playlist-136892-pumas-vs-guadalajara,  
2023-2024,Clausura,  Sábado 13 de Abril de 2024-nTemporada 2023-2024-nTorneo Clausura-nJornada 14-n13 Abril 2024 - 1906 hrs.,  https--www.ligafemenil.mx-cancha-informeArbitral-136894-eyJpZERpdmlzaW9uIjoiMTQiLCJpZFRlbXBvcmFkYSI6Ijc0IiwiaWRUb3JuZW8iOiIyIiwiaWRDbHVibG9jYWwiOjExMjQzLCJpZENsdWJ2aXNpdGEiOjExMTgxfQ==-informe-arbitral-leon-vs-cruz-azul-jornada-14-estadio-nou-camp-fox-sports,  2 - 1,  https--www.ligafemenil.mx-cancha-estadio-23-estadio-nou-camp,  Nou Camp,  https--www.ligafemenil.mx-cancha-galeria-MTM2ODk0LzE0Lzc0LzIvMTQ=-leon-vs-cruz-azul,  ,  https--www.ligafemenil.mx-cancha-playlist-136894-leon-vs-cruz-azul,  
2023-2024,Clausura,  Domingo 14 de Abril de 2024-nTemporada 2023-2024-nTorneo Clausura-nJornada 14-n14 Abril 2024 - 1700 hrs.,  https--www.ligafemenil.mx-cancha-informeArbitral-136893-eyJpZERpdmlzaW9uIjoiMTQiLCJpZFRlbXBvcmFkYSI6Ijc0IiwiaWRUb3JuZW8iOiIyIiwiaWRDbHVibG9jYWwiOjExNzc4LCJpZENsdWJ2aXNpdGEiOjExNzk1fQ==-informe-arbitral-club-atletico-de-san-luis-vs-fc-juarez-jornada-14-estadio-alfonso-lastras-ramirez-espn,  0 - 3,  https--www.ligafemenil.mx-cancha-estadio-14-estadio-alfonso-lastras-ramirez,  Alfonso Lastras Ramírez,  https--www.ligafemenil.mx-cancha-galeria-MTM2ODkzLzE0Lzc0LzIvMTQ=-club-atletico-de-san-luis-vs-fc-juarez,  ,  https--www.ligafemenil.mx-cancha-playlist-136893-club-atletico-de-san-luis-vs-fc-juarez,  
2023-2024,Clausura,  Domingo 14 de Abril de 2024-nTemporada 2023-2024-nTorneo Clausura-nJornada 14-n14 Abril 2024 - 1806 hrs.,  https--www.ligafemenil.mx-cancha-informeArbitral-136895-eyJpZERpdmlzaW9uIjoiMTQiLCJpZFRlbXBvcmFkYSI6Ijc0IiwiaWRUb3JuZW8iOiIyIiwiaWRDbHVibG9jYWwiOjEyMDUxLCJpZENsdWJ2aXNpdGEiOjExMTg1fQ==-informe-arbitral-mazatlan-fc-vs-rayados-de-monterrey-jornada-14-estadio-el-encanto-fox-premium,  0 - 3,  https--www.ligafemenil.mx-cancha-estadio-1931-estadio-el-encanto,  El Encanto,  https--www.ligafemenil.mx-cancha-galeria-MTM2ODk1LzE0Lzc0LzIvMTQ=-mazatlan-fc-vs-rayados-de-monterrey,  ,  https--www.ligafemenil.mx-cancha-playlist-136895-mazatlan-fc-vs-rayados-de-monterrey,  
2023-2024,Clausura,  Lunes 15 de Abril de 2024-nTemporada 2023-2024-nTorneo Clausura-nJornada 14-n15 Abril 2024 - 1700 hrs.,  https--www.ligafemenil.mx-cancha-informeArbitral-136896-eyJpZERpdmlzaW9uIjoiMTQiLCJpZFRlbXBvcmFkYSI6Ijc0IiwiaWRUb3JuZW8iOiIyIiwiaWRDbHVibG9jYWwiOjExMjQ1LCJpZENsdWJ2aXNpdGEiOjExMTg0fQ==-informe-arbitral-atlas-vs-pachuca-jornada-14-estadio-jalisco,  1 - 3,  https--www.ligafemenil.mx-cancha-estadio-5-estadio-jalisco,  Jalisco,  https--www.ligafemenil.mx-cancha-galeria-MTM2ODk2LzE0Lzc0LzIvMTQ=-atlas-vs-pachuca,  ,  https--www.ligafemenil.mx-cancha-playlist-136896-atlas-vs-pachuca,  
2023-2024,Clausura,  Lunes 15 de Abril de 2024-nTemporada 2023-2024-nTorneo Clausura-nJornada 14-n15 Abril 2024 - 1900 hrs.,  https--www.ligafemenil.mx-cancha-informeArbitral-136898-eyJpZERpdmlzaW9uIjoiMTQiLCJpZFRlbXBvcmFkYSI6Ijc0IiwiaWRUb3JuZW8iOiIyIiwiaWRDbHVibG9jYWwiOjExMTg2LCJpZENsdWJ2aXNpdGEiOjExMTkxfQ==-informe-arbitral-tigres-de-la-uanl-vs-america-jornada-14-estadio-universitario-el-nu9ve,  1 - 2,  https--www.ligafemenil.mx-cancha-estadio-12-estadio-universitario,  Universitario,  https--www.ligafemenil.mx-cancha-galeria-MTM2ODk4LzE0Lzc0LzIvMTQ=-tigres-de-la-uanl-vs-america,  ,  https--www.ligafemenil.mx-cancha-playlist-136898-tigres-de-la-uanl-vs-america,  
2023-2024,Clausura,  Lunes 15 de Abril de 2024-nTemporada 2023-2024-nTorneo Clausura-nJornada 14-n15 Abril 2024 - 1906 hrs.,  https--www.ligafemenil.mx-cancha-informeArbitral-136899-eyJpZERpdmlzaW9uIjoiMTQiLCJpZFRlbXBvcmFkYSI6Ijc0IiwiaWRUb3JuZW8iOiIyIiwiaWRDbHVibG9jYWwiOjExMTkyLCJpZENsdWJ2aXNpdGEiOjExNTQzfQ==-informe-arbitral-santos-laguna-vs-puebla-fc-jornada-14-estadio-tsm-corona,  0 - 1,  https--www.ligafemenil.mx-cancha-estadio-63-estadio-tsm-corona,  TSM Corona,  https--www.ligafemenil.mx-cancha-galeria-MTM2ODk5LzE0Lzc0LzIvMTQ=-santos-laguna-vs-puebla-fc,  ,  https--www.ligafemenil.mx-cancha-playlist-136899-santos-laguna-vs-puebla-fc,  
2023-2024,Clausura,  Lunes 15 de Abril de 2024-nTemporada 2023-2024-nTorneo Clausura-nJornada 14-n15 Abril 2024 - 2010 hrs.,  https--www.ligafemenil.mx-cancha-informeArbitral-136900-eyJpZERpdmlzaW9uIjoiMTQiLCJpZFRlbXBvcmFkYSI6Ijc0IiwiaWRUb3JuZW8iOiIyIiwiaWRDbHVibG9jYWwiOjExMTgwLCJpZENsdWJ2aXNpdGEiOjExMTg5fQ==-informe-arbitral-tijuana-vs-necaxa-jornada-14-estadio-caliente-fox-sports--fox-premium,  3 - 0,  https--www.ligafemenil.mx-cancha-estadio-48-estadio-caliente,  Caliente,  https--www.ligafemenil.mx-cancha-galeria-MTM2OTAwLzE0Lzc0LzIvMTQ=-tijuana-vs-necaxa,  ,  https--www.ligafemenil.mx-cancha-playlist-136900-tijuana-vs-necaxa,  
2023-2024,Clausura,  Jueves 18 de Abril de 2024-nTemporada 2023-2024-nTorneo Clausura-nJornada 8-n18 Abril 2024 - 2100 hrs.,  https--www.ligafemenil.mx-cancha-informeArbitral-136833-eyJpZERpdmlzaW9uIjoiMTQiLCJpZFRlbXBvcmFkYSI6Ijc0IiwiaWRUb3JuZW8iOiIyIiwiaWRDbHVibG9jYWwiOjExMTg1LCJpZENsdWJ2aXNpdGEiOjExMTg3fQ==-informe-arbitral-rayados-de-monterrey-vs-toluca-jornada-8-estadio-bbva-vix,  1 - 0,  https--www.ligafemenil.mx-cancha-estadio-1608-estadio-bbva,  Estadio BBVA,  https--www.ligafemenil.mx-cancha-galeria-MTM2ODMzLzgvNzQvMi8xNA==-rayados-de-monterrey-vs-toluca,  ,  https--www.ligafemenil.mx-cancha-playlist-136833-rayados-de-monterrey-vs-toluca,  
2023-2024,Clausura,  Viernes 19 de Abril de 2024-nTemporada 2023-2024-nTorneo Clausura-nJornada 15-n19 Abril 2024 - 1700 hrs.,  https--www.ligafemenil.mx-cancha-informeArbitral-136902-eyJpZERpdmlzaW9uIjoiMTQiLCJpZFRlbXBvcmFkYSI6Ijc0IiwiaWRUb3JuZW8iOiIyIiwiaWRDbHVibG9jYWwiOjEyMDQyLCJpZENsdWJ2aXNpdGEiOjExMjQzfQ==-informe-arbitral-gallos-blancos-de-queretaro-vs-leon-jornada-15-estadio-olimpico-alameda-fox-sports--fox-premium,  3 - 2,  https--www.ligafemenil.mx-cancha-estadio-1741-estadio-olimpico-alameda,  Estadio Olímpico Alameda,  https--www.ligafemenil.mx-cancha-galeria-MTM2OTAyLzE1Lzc0LzIvMTQ=-gallos-blancos-de-queretaro-vs-leon,  ,  https--www.ligafemenil.mx-cancha-playlist-136902-gallos-blancos-de-queretaro-vs-leon,  
2023-2024,Clausura,  Viernes 19 de Abril de 2024-nTemporada 2023-2024-nTorneo Clausura-nJornada 15-n19 Abril 2024 - 1900 hrs.,  https--www.ligafemenil.mx-cancha-informeArbitral-136903-eyJpZERpdmlzaW9uIjoiMTQiLCJpZFRlbXBvcmFkYSI6Ijc0IiwiaWRUb3JuZW8iOiIyIiwiaWRDbHVibG9jYWwiOjExMjQ1LCJpZENsdWJ2aXNpdGEiOjExMTg2fQ==-informe-arbitral-atlas-vs-tigres-de-la-uanl-jornada-15-estadio-jalisco,  0 - 1,  https--www.ligafemenil.mx-cancha-estadio-5-estadio-jalisco,  Jalisco,  https--www.ligafemenil.mx-cancha-galeria-MTM2OTAzLzE1Lzc0LzIvMTQ=-atlas-vs-tigres-de-la-uanl,  ,  https--www.ligafemenil.mx-cancha-playlist-136903-atlas-vs-tigres-de-la-uanl,  
2023-2024,Clausura,  Domingo 21 de Abril de 2024-nTemporada 2023-2024-nTorneo Clausura-nJornada 15-n21 Abril 2024 - 1200 hrs.,  https--www.ligafemenil.mx-cancha-informeArbitral-136904-eyJpZERpdmlzaW9uIjoiMTQiLCJpZFRlbXBvcmFkYSI6Ijc0IiwiaWRUb3JuZW8iOiIyIiwiaWRDbHVibG9jYWwiOjExNTQzLCJpZENsdWJ2aXNpdGEiOjExNzk1fQ==-informe-arbitral-puebla-fc-vs-fc-juarez-jornada-15-estadio-cuauhtemoc-fox-sports,  3 - 3,  https--www.ligafemenil.mx-cancha-estadio-9-estadio-cuauhtemoc,  Cuauhtémoc,  https--www.ligafemenil.mx-cancha-galeria-MTM2OTA0LzE1Lzc0LzIvMTQ=-puebla-fc-vs-fc-juarez,  ,  https--www.ligafemenil.mx-cancha-playlist-136904-puebla-fc-vs-fc-juarez,  
2023-2024,Clausura,  Domingo 21 de Abril de 2024-nTemporada 2023-2024-nTorneo Clausura-nJornada 15-n21 Abril 2024 - 1600 hrs.,  https--www.ligafemenil.mx-cancha-informeArbitral-136905-eyJpZERpdmlzaW9uIjoiMTQiLCJpZFRlbXBvcmFkYSI6Ijc0IiwiaWRUb3JuZW8iOiIyIiwiaWRDbHVibG9jYWwiOjExMTg0LCJpZENsdWJ2aXNpdGEiOjExMTgyfQ==-informe-arbitral-pachuca-vs-guadalajara-jornada-15-estadio-hidalgo-fox-sports--fox-premium,  3 - 0,  https--www.ligafemenil.mx-cancha-estadio-11-estadio-hidalgo,  Hidalgo,  https--www.ligafemenil.mx-cancha-galeria-MTM2OTA1LzE1Lzc0LzIvMTQ=-pachuca-vs-guadalajara,  ,  https--www.ligafemenil.mx-cancha-playlist-136905-pachuca-vs-guadalajara,  
2023-2024,Clausura,  Domingo 21 de Abril de 2024-nTemporada 2023-2024-nTorneo Clausura-nJornada 15-n21 Abril 2024 - 1706 hrs.,  https--www.ligafemenil.mx-cancha-informeArbitral-136906-eyJpZERpdmlzaW9uIjoiMTQiLCJpZFRlbXBvcmFkYSI6Ijc0IiwiaWRUb3JuZW8iOiIyIiwiaWRDbHVibG9jYWwiOjExMTgwLCJpZENsdWJ2aXNpdGEiOjExMTkyfQ==-informe-arbitral-tijuana-vs-santos-laguna-jornada-15-estadio-caliente-fox-sports--fox-premium,  5 - 2,  https--www.ligafemenil.mx-cancha-estadio-48-estadio-caliente,  Caliente,  https--www.ligafemenil.mx-cancha-galeria-MTM2OTA2LzE1Lzc0LzIvMTQ=-tijuana-vs-santos-laguna,  ,  https--www.ligafemenil.mx-cancha-playlist-136906-tijuana-vs-santos-laguna,  
2023-2024,Clausura,  Lunes 22 de Abril de 2024-nTemporada 2023-2024-nTorneo Clausura-nJornada 15-n22 Abril 2024 - 1545 hrs.,  https--www.ligafemenil.mx-cancha-informeArbitral-136901-eyJpZERpdmlzaW9uIjoiMTQiLCJpZFRlbXBvcmFkYSI6Ijc0IiwiaWRUb3JuZW8iOiIyIiwiaWRDbHVibG9jYWwiOjExMTgxLCJpZENsdWJ2aXNpdGEiOjExMTg3fQ==-informe-arbitral-cruz-azul-vs-toluca-jornada-15-estadio-instalaciones-la-noria-vix,  2 - 3,  https--www.ligafemenil.mx-cancha-estadio-877-estadio-instalaciones-la-noria,  INSTALACIONES LA NORIA,  https--www.ligafemenil.mx-cancha-galeria-MTM2OTAxLzE1Lzc0LzIvMTQ=-cruz-azul-vs-toluca,  ,  https--www.ligafemenil.mx-cancha-playlist-136901-cruz-azul-vs-toluca,  
2023-2024,Clausura,  Lunes 22 de Abril de 2024-nTemporada 2023-2024-nTorneo Clausura-nJornada 15-n22 Abril 2024 - 1600 hrs.,  https--www.ligafemenil.mx-cancha-informeArbitral-136907-eyJpZERpdmlzaW9uIjoiMTQiLCJpZFRlbXBvcmFkYSI6Ijc0IiwiaWRUb3JuZW8iOiIyIiwiaWRDbHVibG9jYWwiOjExMTg5LCJpZENsdWJ2aXNpdGEiOjEyMDUxfQ==-informe-arbitral-necaxa-vs-mazatlan-fc-jornada-15-estadio-instalaciones-casa-club-necaxa-cancha-4-sintetica-vix,  2 - 3,  https--www.ligafemenil.mx-cancha-estadio-1546-estadio-instalaciones-casa-club-necaxa-cancha-4-sintetica,  Instalaciones Casa Club Necaxa Cancha 4 Sintética,  https--www.ligafemenil.mx-cancha-galeria-MTM2OTA3LzE1Lzc0LzIvMTQ=-necaxa-vs-mazatlan-fc,  ,  https--www.ligafemenil.mx-cancha-playlist-136907-necaxa-vs-mazatlan-fc,  
2023-2024,Clausura,  Lunes 22 de Abril de 2024-nTemporada 2023-2024-nTorneo Clausura-nJornada 15-n22 Abril 2024 - 1900 hrs.,  https--www.ligafemenil.mx-cancha-informeArbitral-136908-eyJpZERpdmlzaW9uIjoiMTQiLCJpZFRlbXBvcmFkYSI6Ijc0IiwiaWRUb3JuZW8iOiIyIiwiaWRDbHVibG9jYWwiOjExMTkxLCJpZENsdWJ2aXNpdGEiOjExMTg4fQ==-informe-arbitral-america-vs-pumas-jornada-15-estadio-ciudad-de-los-deportes-vix,  3 - 0,  https--www.ligafemenil.mx-cancha-estadio-1655-estadio-ciudad-de-los-deportes,  Ciudad de los Deportes,  https--www.ligafemenil.mx-cancha-galeria-MTM2OTA4LzE1Lzc0LzIvMTQ=-america-vs-pumas,  ,  https--www.ligafemenil.mx-cancha-playlist-136908-america-vs-pumas,  
2023-2024,Clausura,  Lunes 22 de Abril de 2024-nTemporada 2023-2024-nTorneo Clausura-nJornada 15-n22 Abril 2024 - 2105 hrs.,  https--www.ligafemenil.mx-cancha-informeArbitral-136909-eyJpZERpdmlzaW9uIjoiMTQiLCJpZFRlbXBvcmFkYSI6Ijc0IiwiaWRUb3JuZW8iOiIyIiwiaWRDbHVibG9jYWwiOjExMTg1LCJpZENsdWJ2aXNpdGEiOjExNzc4fQ==-informe-arbitral-rayados-de-monterrey-vs-club-atletico-de-san-luis-jornada-15-estadio-bbva-vix,  7 - 0,  https--www.ligafemenil.mx-cancha-estadio-1608-estadio-bbva,  Estadio BBVA,  https--www.ligafemenil.mx-cancha-galeria-MTM2OTA5LzE1Lzc0LzIvMTQ=-rayados-de-monterrey-vs-club-atletico-de-san-luis,  ,  https--www.ligafemenil.mx-cancha-playlist-136909-rayados-de-monterrey-vs-club-atletico-de-san-luis,  
2023-2024,Clausura,  Jueves 25 de Abril de 2024-nTemporada 2023-2024-nTorneo Clausura-nJornada 8-n25 Abril 2024 - 1900 hrs.,  https--www.ligafemenil.mx-cancha-informeArbitral-136843-eyJpZERpdmlzaW9uIjoiMTQiLCJpZFRlbXBvcmFkYSI6Ijc0IiwiaWRUb3JuZW8iOiIyIiwiaWRDbHVibG9jYWwiOjExMTg2LCJpZENsdWJ2aXNpdGEiOjExNzk1fQ==-informe-arbitral-tigres-de-la-uanl-vs-fc-juarez-jornada-8-estadio-universitario-vix,  1 - 0,  https--www.ligafemenil.mx-cancha-estadio-12-estadio-universitario,  Universitario,  https--www.ligafemenil.mx-cancha-galeria-MTM2ODQzLzgvNzQvMi8xNA==-tigres-de-la-uanl-vs-fc-juarez,  ,  https--www.ligafemenil.mx-cancha-playlist-136843-tigres-de-la-uanl-vs-fc-juarez,  
2023-2024,Clausura,  Jueves 25 de Abril de 2024-nTemporada 2023-2024-nTorneo Clausura-nJornada 10-n25 Abril 2024 - 2010 hrs.,  https--www.ligafemenil.mx-cancha-informeArbitral-136864-eyJpZERpdmlzaW9uIjoiMTQiLCJpZFRlbXBvcmFkYSI6Ijc0IiwiaWRUb3JuZW8iOiIyIiwiaWRDbHVibG9jYWwiOjExMTgwLCJpZENsdWJ2aXNpdGEiOjExMTg0fQ==-informe-arbitral-tijuana-vs-pachuca-jornada-10-estadio-caliente-fox-sports--fox-premium,  3 - 4,  https--www.ligafemenil.mx-cancha-estadio-48-estadio-caliente,  Caliente,  https--www.ligafemenil.mx-cancha-galeria-MTM2ODY0LzEwLzc0LzIvMTQ=-tijuana-vs-pachuca,  ,  https--www.ligafemenil.mx-cancha-playlist-136864-tijuana-vs-pachuca,  
2023-2024,Clausura,  Domingo 28 de Abril de 2024-nTemporada 2023-2024-nTorneo Clausura-nJornada 16-n28 Abril 2024 - 1700 hrs.,  https--www.ligafemenil.mx-cancha-informeArbitral-136911-eyJpZERpdmlzaW9uIjoiMTQiLCJpZFRlbXBvcmFkYSI6Ijc0IiwiaWRUb3JuZW8iOiIyIiwiaWRDbHVibG9jYWwiOjExMTgyLCJpZENsdWJ2aXNpdGEiOjExMTgxfQ==-informe-arbitral-guadalajara-vs-cruz-azul-jornada-16-estadio-akron-fox-premium,  4 - 0,  https--www.ligafemenil.mx-cancha-estadio-1538-estadio-akron,  Estadio AKRON,  https--www.ligafemenil.mx-cancha-galeria-MTM2OTExLzE2Lzc0LzIvMTQ=-guadalajara-vs-cruz-azul,  ,  https--www.ligafemenil.mx-cancha-playlist-136911-guadalajara-vs-cruz-azul,  
2023-2024,Clausura,  Domingo 28 de Abril de 2024-nTemporada 2023-2024-nTorneo Clausura-nJornada 16-n28 Abril 2024 - 1700 hrs.,  https--www.ligafemenil.mx-cancha-informeArbitral-136912-eyJpZERpdmlzaW9uIjoiMTQiLCJpZFRlbXBvcmFkYSI6Ijc0IiwiaWRUb3JuZW8iOiIyIiwiaWRDbHVibG9jYWwiOjExNzc4LCJpZENsdWJ2aXNpdGEiOjExNTQzfQ==-informe-arbitral-club-atletico-de-san-luis-vs-puebla-fc-jornada-16-estadio-alfonso-lastras-ramirez-espn,  2 - 2,  https--www.ligafemenil.mx-cancha-estadio-14-estadio-alfonso-lastras-ramirez,  Alfonso Lastras Ramírez,  https--www.ligafemenil.mx-cancha-galeria-MTM2OTEyLzE2Lzc0LzIvMTQ=-club-atletico-de-san-luis-vs-puebla-fc,  ,  https--www.ligafemenil.mx-cancha-playlist-136912-club-atletico-de-san-luis-vs-puebla-fc,  
2023-2024,Clausura,  Domingo 28 de Abril de 2024-nTemporada 2023-2024-nTorneo Clausura-nJornada 16-n28 Abril 2024 - 1806 hrs.,  https--www.ligafemenil.mx-cancha-informeArbitral-136913-eyJpZERpdmlzaW9uIjoiMTQiLCJpZFRlbXBvcmFkYSI6Ijc0IiwiaWRUb3JuZW8iOiIyIiwiaWRDbHVibG9jYWwiOjEyMDUxLCJpZENsdWJ2aXNpdGEiOjExMTg4fQ==-informe-arbitral-mazatlan-fc-vs-pumas-jornada-16-estadio-el-encanto-fox-sports--fox-premium,  2 - 7,  https--www.ligafemenil.mx-cancha-estadio-1931-estadio-el-encanto,  El Encanto,  https--www.ligafemenil.mx-cancha-galeria-MTM2OTEzLzE2Lzc0LzIvMTQ=-mazatlan-fc-vs-pumas,  ,  https--www.ligafemenil.mx-cancha-playlist-136913-mazatlan-fc-vs-pumas,  
2023-2024,Clausura,  Lunes 29 de Abril de 2024-nTemporada 2023-2024-nTorneo Clausura-nJornada 16-n29 Abril 2024 - 1700 hrs.,  https--www.ligafemenil.mx-cancha-informeArbitral-136914-eyJpZERpdmlzaW9uIjoiMTQiLCJpZFRlbXBvcmFkYSI6Ijc0IiwiaWRUb3JuZW8iOiIyIiwiaWRDbHVibG9jYWwiOjExMTg3LCJpZENsdWJ2aXNpdGEiOjExMTgwfQ==-informe-arbitral-toluca-vs-tijuana-jornada-16-estadio-nemesio-diez-vix,  2 - 1,  https--www.ligafemenil.mx-cancha-estadio-6-estadio-nemesio-diez,  Nemesio Diez,  https--www.ligafemenil.mx-cancha-galeria-MTM2OTE0LzE2Lzc0LzIvMTQ=-toluca-vs-tijuana,  ,  https--www.ligafemenil.mx-cancha-playlist-136914-toluca-vs-tijuana,  
2023-2024,Clausura,  Lunes 29 de Abril de 2024-nTemporada 2023-2024-nTorneo Clausura-nJornada 16-n29 Abril 2024 - 1700 hrs.,  https--www.ligafemenil.mx-cancha-informeArbitral-136915-eyJpZERpdmlzaW9uIjoiMTQiLCJpZFRlbXBvcmFkYSI6Ijc0IiwiaWRUb3JuZW8iOiIyIiwiaWRDbHVibG9jYWwiOjEyMDQyLCJpZENsdWJ2aXNpdGEiOjExMjQ1fQ==-informe-arbitral-gallos-blancos-de-queretaro-vs-atlas-jornada-16-estadio-olimpico-alameda-fox-sports--fox-premium,  0 - 2,  https--www.ligafemenil.mx-cancha-estadio-1741-estadio-olimpico-alameda,  Estadio Olímpico Alameda,  https--www.ligafemenil.mx-cancha-galeria-MTM2OTE1LzE2Lzc0LzIvMTQ=-gallos-blancos-de-queretaro-vs-atlas,  ,  https--www.ligafemenil.mx-cancha-playlist-136915-gallos-blancos-de-queretaro-vs-atlas,  
2023-2024,Clausura,  Lunes 29 de Abril de 2024-nTemporada 2023-2024-nTorneo Clausura-nJornada 16-n29 Abril 2024 - 1900 hrs.,  https--www.ligafemenil.mx-cancha-informeArbitral-136916-eyJpZERpdmlzaW9uIjoiMTQiLCJpZFRlbXBvcmFkYSI6Ijc0IiwiaWRUb3JuZW8iOiIyIiwiaWRDbHVibG9jYWwiOjExMTg2LCJpZENsdWJ2aXNpdGEiOjExMTg5fQ==-informe-arbitral-tigres-de-la-uanl-vs-necaxa-jornada-16-estadio-universitario-vix,  3 - 1,  https--www.ligafemenil.mx-cancha-estadio-12-estadio-universitario,  Universitario,  https--www.ligafemenil.mx-cancha-galeria-MTM2OTE2LzE2Lzc0LzIvMTQ=-tigres-de-la-uanl-vs-necaxa,  ,  https--www.ligafemenil.mx-cancha-playlist-136916-tigres-de-la-uanl-vs-necaxa,  
2023-2024,Clausura,  Lunes 29 de Abril de 2024-nTemporada 2023-2024-nTorneo Clausura-nJornada 16-n29 Abril 2024 - 1906 hrs.,  https--www.ligafemenil.mx-cancha-informeArbitral-136918-eyJpZERpdmlzaW9uIjoiMTQiLCJpZFRlbXBvcmFkYSI6Ijc0IiwiaWRUb3JuZW8iOiIyIiwiaWRDbHVibG9jYWwiOjExMjQzLCJpZENsdWJ2aXNpdGEiOjExMTkyfQ==-informe-arbitral-leon-vs-santos-laguna-jornada-16-estadio-nou-camp-fox-sports--fox-premium,  4 - 0,  https--www.ligafemenil.mx-cancha-estadio-23-estadio-nou-camp,  Nou Camp,  https--www.ligafemenil.mx-cancha-galeria-MTM2OTE4LzE2Lzc0LzIvMTQ=-leon-vs-santos-laguna,  ,  https--www.ligafemenil.mx-cancha-playlist-136918-leon-vs-santos-laguna,  
2023-2024,Clausura,  Lunes 29 de Abril de 2024-nTemporada 2023-2024-nTorneo Clausura-nJornada 16-n29 Abril 2024 - 2106 hrs.,  https--www.ligafemenil.mx-cancha-informeArbitral-136917-eyJpZERpdmlzaW9uIjoiMTQiLCJpZFRlbXBvcmFkYSI6Ijc0IiwiaWRUb3JuZW8iOiIyIiwiaWRDbHVibG9jYWwiOjExMTkxLCJpZENsdWJ2aXNpdGEiOjExMTg0fQ==-informe-arbitral-america-vs-pachuca-jornada-16-estadio-ciudad-de-los-deportes-vix,  2 - 4,  https--www.ligafemenil.mx-cancha-estadio-1655-estadio-ciudad-de-los-deportes,  Ciudad de los Deportes,  https--www.ligafemenil.mx-cancha-galeria-MTM2OTE3LzE2Lzc0LzIvMTQ=-america-vs-pachuca,  ,  https--www.ligafemenil.mx-cancha-playlist-136917-america-vs-pachuca,  
2023-2024,Clausura,  Lunes 29 de Abril de 2024-nTemporada 2023-2024-nTorneo Clausura-nJornada 16-n29 Abril 2024 - 2110 hrs.,  https--www.ligafemenil.mx-cancha-informeArbitral-136919-eyJpZERpdmlzaW9uIjoiMTQiLCJpZFRlbXBvcmFkYSI6Ijc0IiwiaWRUb3JuZW8iOiIyIiwiaWRDbHVibG9jYWwiOjExNzk1LCJpZENsdWJ2aXNpdGEiOjExMTg1fQ==-informe-arbitral-fc-juarez-vs-rayados-de-monterrey-jornada-16-estadio-olimpico-benito-juarez-fox-sports--fox-premium,  1 - 0,  https--www.ligafemenil.mx-cancha-estadio-17-estadio-olimpico-benito-juarez,  Olímpico Benito Juárez,  https--www.ligafemenil.mx-cancha-galeria-MTM2OTE5LzE2Lzc0LzIvMTQ=-fc-juarez-vs-rayados-de-monterrey,  ,  https--www.ligafemenil.mx-cancha-playlist-136919-fc-juarez-vs-rayados-de-monterrey,  
2023-2024,Clausura,  Viernes 3 de Mayo de 2024-nTemporada 2023-2024-nTorneo Clausura-nJornada 17-n3 Mayo 2024 - 1700 hrs.,  https--www.ligafemenil.mx-cancha-informeArbitral-136920-eyJpZERpdmlzaW9uIjoiMTQiLCJpZFRlbXBvcmFkYSI6Ijc0IiwiaWRUb3JuZW8iOiIyIiwiaWRDbHVibG9jYWwiOjExMTg5LCJpZENsdWJ2aXNpdGEiOjExNzc4fQ==-informe-arbitral-necaxa-vs-club-atletico-de-san-luis-jornada-17-estadio-victoria-vix,  2 - 1,  https--www.ligafemenil.mx-cancha-estadio-15-estadio-victoria,  Victoria,  https--www.ligafemenil.mx-cancha-galeria-MTM2OTIwLzE3Lzc0LzIvMTQ=-necaxa-vs-club-atletico-de-san-luis,  ,  https--www.ligafemenil.mx-cancha-playlist-136920-necaxa-vs-club-atletico-de-san-luis,  
2023-2024,Clausura,  Viernes 3 de Mayo de 2024-nTemporada 2023-2024-nTorneo Clausura-nJornada 17-n3 Mayo 2024 - 1700 hrs.,  https--www.ligafemenil.mx-cancha-informeArbitral-136921-eyJpZERpdmlzaW9uIjoiMTQiLCJpZFRlbXBvcmFkYSI6Ijc0IiwiaWRUb3JuZW8iOiIyIiwiaWRDbHVibG9jYWwiOjExNTQzLCJpZENsdWJ2aXNpdGEiOjExMTg3fQ==-informe-arbitral-puebla-fc-vs-toluca-jornada-17-estadio-cuauhtemoc-fox-sports,  1 - 2,  https--www.ligafemenil.mx-cancha-estadio-9-estadio-cuauhtemoc,  Cuauhtémoc,  https--www.ligafemenil.mx-cancha-galeria-MTM2OTIxLzE3Lzc0LzIvMTQ=-puebla-fc-vs-toluca,  ,  https--www.ligafemenil.mx-cancha-playlist-136921-puebla-fc-vs-toluca,  
2023-2024,Clausura,  Viernes 3 de Mayo de 2024-nTemporada 2023-2024-nTorneo Clausura-nJornada 17-n3 Mayo 2024 - 1906 hrs.,  https--www.ligafemenil.mx-cancha-informeArbitral-136922-eyJpZERpdmlzaW9uIjoiMTQiLCJpZFRlbXBvcmFkYSI6Ijc0IiwiaWRUb3JuZW8iOiIyIiwiaWRDbHVibG9jYWwiOjExMjQ1LCJpZENsdWJ2aXNpdGEiOjExMTgxfQ==-informe-arbitral-atlas-vs-cruz-azul-jornada-17-estadio-jalisco,  1 - 1,  https--www.ligafemenil.mx-cancha-estadio-5-estadio-jalisco,  Jalisco,  https--www.ligafemenil.mx-cancha-galeria-MTM2OTIyLzE3Lzc0LzIvMTQ=-atlas-vs-cruz-azul,  ,  https--www.ligafemenil.mx-cancha-playlist-136922-atlas-vs-cruz-azul,  
2023-2024,Clausura,  Viernes 3 de Mayo de 2024-nTemporada 2023-2024-nTorneo Clausura-nJornada 17-n3 Mayo 2024 - 2006 hrs.,  https--www.ligafemenil.mx-cancha-informeArbitral-136923-eyJpZERpdmlzaW9uIjoiMTQiLCJpZFRlbXBvcmFkYSI6Ijc0IiwiaWRUb3JuZW8iOiIyIiwiaWRDbHVibG9jYWwiOjExMTgwLCJpZENsdWJ2aXNpdGEiOjExMjQzfQ==-informe-arbitral-tijuana-vs-leon-jornada-17-estadio-caliente-fox-sports,  1 - 1,  https--www.ligafemenil.mx-cancha-estadio-48-estadio-caliente,  Caliente,  https--www.ligafemenil.mx-cancha-galeria-MTM2OTIzLzE3Lzc0LzIvMTQ=-tijuana-vs-leon,  ,  https--www.ligafemenil.mx-cancha-playlist-136923-tijuana-vs-leon,  
2023-2024,Clausura,  Sábado 4 de Mayo de 2024-nTemporada 2023-2024-nTorneo Clausura-nJornada 17-n4 Mayo 2024 - 1200 hrs.,  https--www.ligafemenil.mx-cancha-informeArbitral-136924-eyJpZERpdmlzaW9uIjoiMTQiLCJpZFRlbXBvcmFkYSI6Ijc0IiwiaWRUb3JuZW8iOiIyIiwiaWRDbHVibG9jYWwiOjExMTg4LCJpZENsdWJ2aXNpdGEiOjEyMDQyfQ==-informe-arbitral-pumas-vs-gallos-blancos-de-queretaro-jornada-17-estadio-olimpico-universitario-vix,  4 - 1,  https--www.ligafemenil.mx-cancha-estadio-7-estadio-olimpico-universitario,  Olímpico Universitario,  https--www.ligafemenil.mx-cancha-galeria-MTM2OTI0LzE3Lzc0LzIvMTQ=-pumas-vs-gallos-blancos-de-queretaro,  ,  https--www.ligafemenil.mx-cancha-playlist-136924-pumas-vs-gallos-blancos-de-queretaro,  
2023-2024,Clausura,  Sábado 4 de Mayo de 2024-nTemporada 2023-2024-nTorneo Clausura-nJornada 17-n4 Mayo 2024 - 1700 hrs.,  https--www.ligafemenil.mx-cancha-informeArbitral-136925-eyJpZERpdmlzaW9uIjoiMTQiLCJpZFRlbXBvcmFkYSI6Ijc0IiwiaWRUb3JuZW8iOiIyIiwiaWRDbHVibG9jYWwiOjExMTg0LCJpZENsdWJ2aXNpdGEiOjExMTg2fQ==-informe-arbitral-pachuca-vs-tigres-de-la-uanl-jornada-17-estadio-hidalgo-fox-sports,  1 - 1,  https--www.ligafemenil.mx-cancha-estadio-11-estadio-hidalgo,  Hidalgo,  https--www.ligafemenil.mx-cancha-galeria-MTM2OTI1LzE3Lzc0LzIvMTQ=-pachuca-vs-tigres-de-la-uanl,  ,  https--www.ligafemenil.mx-cancha-playlist-136925-pachuca-vs-tigres-de-la-uanl,  
2023-2024,Clausura,  Sábado 4 de Mayo de 2024-nTemporada 2023-2024-nTorneo Clausura-nJornada 17-n4 Mayo 2024 - 1800 hrs.,  https--www.ligafemenil.mx-cancha-informeArbitral-136926-eyJpZERpdmlzaW9uIjoiMTQiLCJpZFRlbXBvcmFkYSI6Ijc0IiwiaWRUb3JuZW8iOiIyIiwiaWRDbHVibG9jYWwiOjExMTg1LCJpZENsdWJ2aXNpdGEiOjExMTgyfQ==-informe-arbitral-rayados-de-monterrey-vs-guadalajara-jornada-17-estadio-bbva-el-nu9ve,  0 - 1,  https--www.ligafemenil.mx-cancha-estadio-1608-estadio-bbva,  Estadio BBVA,  https--www.ligafemenil.mx-cancha-galeria-MTM2OTI2LzE3Lzc0LzIvMTQ=-rayados-de-monterrey-vs-guadalajara,  ,  https--www.ligafemenil.mx-cancha-playlist-136926-rayados-de-monterrey-vs-guadalajara,  
2023-2024,Clausura,  Sábado 4 de Mayo de 2024-nTemporada 2023-2024-nTorneo Clausura-nJornada 17-n4 Mayo 2024 - 1906 hrs.,  https--www.ligafemenil.mx-cancha-informeArbitral-136927-eyJpZERpdmlzaW9uIjoiMTQiLCJpZFRlbXBvcmFkYSI6Ijc0IiwiaWRUb3JuZW8iOiIyIiwiaWRDbHVibG9jYWwiOjExMTkyLCJpZENsdWJ2aXNpdGEiOjEyMDUxfQ==-informe-arbitral-santos-laguna-vs-mazatlan-fc-jornada-17-estadio-tsm-corona,  3 - 2,  https--www.ligafemenil.mx-cancha-estadio-63-estadio-tsm-corona,  TSM Corona,  https--www.ligafemenil.mx-cancha-galeria-MTM2OTI3LzE3Lzc0LzIvMTQ=-santos-laguna-vs-mazatlan-fc,  ,  https--www.ligafemenil.mx-cancha-playlist-136927-santos-laguna-vs-mazatlan-fc,  
2023-2024,Clausura,  Sábado 4 de Mayo de 2024-nTemporada 2023-2024-nTorneo Clausura-nJornada 17-n4 Mayo 2024 - 2110 hrs.,  https--www.ligafemenil.mx-cancha-informeArbitral-136928-eyJpZERpdmlzaW9uIjoiMTQiLCJpZFRlbXBvcmFkYSI6Ijc0IiwiaWRUb3JuZW8iOiIyIiwiaWRDbHVibG9jYWwiOjExNzk1LCJpZENsdWJ2aXNpdGEiOjExMTkxfQ==-informe-arbitral-fc-juarez-vs-america-jornada-17-estadio-olimpico-benito-juarez-fox-sports,  1 - 1,  https--www.ligafemenil.mx-cancha-estadio-17-estadio-olimpico-benito-juarez,  Olímpico Benito Juárez,  https--www.ligafemenil.mx-cancha-galeria-MTM2OTI4LzE3Lzc0LzIvMTQ=-fc-juarez-vs-america,  ,  https--www.ligafemenil.mx-cancha-playlist-136928-fc-juarez-vs-america,  
2023-2024,Clausura,  Jueves 9 de Mayo de 2024-nTemporada 2023-2024-nTorneo Clausura-nCuartos Ida-n9 Mayo 2024 - 1900 hrs.,  https--www.ligafemenil.mx-cancha-informeArbitral-140040-eyJpZERpdmlzaW9uIjoiMTQiLCJpZFRlbXBvcmFkYSI6Ijc0IiwiaWRUb3JuZW8iOiIyIiwiaWRDbHVibG9jYWwiOjExMjQzLCJpZENsdWJ2aXNpdGEiOjExMTg0fQ==-informe-arbitral-leon-vs-pachuca-cuartos-ida-estadio-nou-camp-fox-sports,  1 - 4,  https--www.ligafemenil.mx-cancha-estadio-23-estadio-nou-camp,  Nou Camp,  https--www.ligafemenil.mx-cancha-galeria-MTQwMDQwLzE4Lzc0LzIvMTQ=-leon-vs-pachuca,  ,  https--www.ligafemenil.mx-cancha-playlist-140040-leon-vs-pachuca,  
2023-2024,Clausura,  Jueves 9 de Mayo de 2024-nTemporada 2023-2024-nTorneo Clausura-nCuartos Ida-n9 Mayo 2024 - 2106 hrs.,  https--www.ligafemenil.mx-cancha-informeArbitral-140042-eyJpZERpdmlzaW9uIjoiMTQiLCJpZFRlbXBvcmFkYSI6Ijc0IiwiaWRUb3JuZW8iOiIyIiwiaWRDbHVibG9jYWwiOjExMTgyLCJpZENsdWJ2aXNpdGEiOjExMTkxfQ==-informe-arbitral-guadalajara-vs-america-cuartos-ida-estadio-akron-fox-sports,  0 - 2,  https--www.ligafemenil.mx-cancha-estadio-1538-estadio-akron,  Estadio AKRON,  https--www.ligafemenil.mx-cancha-galeria-MTQwMDQyLzE4Lzc0LzIvMTQ=-guadalajara-vs-america,  ,  https--www.ligafemenil.mx-cancha-playlist-140042-guadalajara-vs-america,  
2023-2024,Clausura,  Viernes 10 de Mayo de 2024-nTemporada 2023-2024-nTorneo Clausura-nCuartos Ida-n10 Mayo 2024 - 1900 hrs.,  https--www.ligafemenil.mx-cancha-informeArbitral-140041-eyJpZERpdmlzaW9uIjoiMTQiLCJpZFRlbXBvcmFkYSI6Ijc0IiwiaWRUb3JuZW8iOiIyIiwiaWRDbHVibG9jYWwiOjExMTg4LCJpZENsdWJ2aXNpdGEiOjExMTg1fQ==-informe-arbitral-pumas-vs-rayados-de-monterrey-cuartos-ida-estadio-olimpico-universitario-tudn,  0 - 2,  https--www.ligafemenil.mx-cancha-estadio-7-estadio-olimpico-universitario,  Olímpico Universitario,  https--www.ligafemenil.mx-cancha-galeria-MTQwMDQxLzE4Lzc0LzIvMTQ=-pumas-vs-rayados-de-monterrey,  ,  https--www.ligafemenil.mx-cancha-playlist-140041-pumas-vs-rayados-de-monterrey,  
2023-2024,Clausura,  Viernes 10 de Mayo de 2024-nTemporada 2023-2024-nTorneo Clausura-nCuartos Ida-n10 Mayo 2024 - 2106 hrs.,  https--www.ligafemenil.mx-cancha-informeArbitral-140039-eyJpZERpdmlzaW9uIjoiMTQiLCJpZFRlbXBvcmFkYSI6Ijc0IiwiaWRUb3JuZW8iOiIyIiwiaWRDbHVibG9jYWwiOjExNzk1LCJpZENsdWJ2aXNpdGEiOjExMTg2fQ==-informe-arbitral-fc-juarez-vs-tigres-de-la-uanl-cuartos-ida-estadio-olimpico-benito-juarez-tudn,  0 - 1,  https--www.ligafemenil.mx-cancha-estadio-17-estadio-olimpico-benito-juarez,  Olímpico Benito Juárez,  https--www.ligafemenil.mx-cancha-galeria-MTQwMDM5LzE4Lzc0LzIvMTQ=-fc-juarez-vs-tigres-de-la-uanl,  ,  https--www.ligafemenil.mx-cancha-playlist-140039-fc-juarez-vs-tigres-de-la-uanl,  
2023-2024,Clausura,  Domingo 12 de Mayo de 2024-nTemporada 2023-2024-nTorneo Clausura-nCuartos Vuelta-n12 Mayo 2024 - 1200 hrs.,  https--www.ligafemenil.mx-cancha-informeArbitral-140046-eyJpZERpdmlzaW9uIjoiMTQiLCJpZFRlbXBvcmFkYSI6Ijc0IiwiaWRUb3JuZW8iOiIyIiwiaWRDbHVibG9jYWwiOjExMTkxLCJpZENsdWJ2aXNpdGEiOjExMTgyfQ==-informe-arbitral-america-vs-guadalajara-cuartos-vuelta-estadio-azteca-tudn,  4 - 1,  https--www.ligafemenil.mx-cancha-estadio-1-estadio-azteca,  Azteca,  https--www.ligafemenil.mx-cancha-galeria-MTQwMDQ2LzE5Lzc0LzIvMTQ=-america-vs-guadalajara,  ,  https--www.ligafemenil.mx-cancha-playlist-140046-america-vs-guadalajara,  
2023-2024,Clausura,  Domingo 12 de Mayo de 2024-nTemporada 2023-2024-nTorneo Clausura-nCuartos Vuelta-n12 Mayo 2024 - 1906 hrs.,  https--www.ligafemenil.mx-cancha-informeArbitral-140044-eyJpZERpdmlzaW9uIjoiMTQiLCJpZFRlbXBvcmFkYSI6Ijc0IiwiaWRUb3JuZW8iOiIyIiwiaWRDbHVibG9jYWwiOjExMTg0LCJpZENsdWJ2aXNpdGEiOjExMjQzfQ==-informe-arbitral-pachuca-vs-leon-cuartos-vuelta-estadio-hidalgo-fox-sports,  1 - 0,  https--www.ligafemenil.mx-cancha-estadio-11-estadio-hidalgo,  Hidalgo,  https--www.ligafemenil.mx-cancha-galeria-MTQwMDQ0LzE5Lzc0LzIvMTQ=-pachuca-vs-leon,  ,  https--www.ligafemenil.mx-cancha-playlist-140044-pachuca-vs-leon,  
2023-2024,Clausura,  Lunes 13 de Mayo de 2024-nTemporada 2023-2024-nTorneo Clausura-nCuartos Vuelta-n13 Mayo 2024 - 1900 hrs.,  https--www.ligafemenil.mx-cancha-informeArbitral-140043-eyJpZERpdmlzaW9uIjoiMTQiLCJpZFRlbXBvcmFkYSI6Ijc0IiwiaWRUb3JuZW8iOiIyIiwiaWRDbHVibG9jYWwiOjExMTg2LCJpZENsdWJ2aXNpdGEiOjExNzk1fQ==-informe-arbitral-tigres-de-la-uanl-vs-fc-juarez-cuartos-vuelta-estadio-universitario-tudn,  1 - 1,  https--www.ligafemenil.mx-cancha-estadio-12-estadio-universitario,  Universitario,  https--www.ligafemenil.mx-cancha-galeria-MTQwMDQzLzE5Lzc0LzIvMTQ=-tigres-de-la-uanl-vs-fc-juarez,  ,  https--www.ligafemenil.mx-cancha-playlist-140043-tigres-de-la-uanl-vs-fc-juarez,  
2023-2024,Clausura,  Lunes 13 de Mayo de 2024-nTemporada 2023-2024-nTorneo Clausura-nCuartos Vuelta-n13 Mayo 2024 - 2100 hrs.,  https--www.ligafemenil.mx-cancha-informeArbitral-140045-eyJpZERpdmlzaW9uIjoiMTQiLCJpZFRlbXBvcmFkYSI6Ijc0IiwiaWRUb3JuZW8iOiIyIiwiaWRDbHVibG9jYWwiOjExMTg1LCJpZENsdWJ2aXNpdGEiOjExMTg4fQ==-informe-arbitral-rayados-de-monterrey-vs-pumas-cuartos-vuelta-estadio-bbva-tudn,  1 - 0,  https--www.ligafemenil.mx-cancha-estadio-1608-estadio-bbva,  Estadio BBVA,  https--www.ligafemenil.mx-cancha-galeria-MTQwMDQ1LzE5Lzc0LzIvMTQ=-rayados-de-monterrey-vs-pumas,  ,  https--www.ligafemenil.mx-cancha-playlist-140045-rayados-de-monterrey-vs-pumas,  
2023-2024,Clausura,  Viernes 17 de Mayo de 2024-nTemporada 2023-2024-nTorneo Clausura-nSemifinal Ida-n17 Mayo 2024 - 1900 hrs.,  https--www.ligafemenil.mx-cancha-informeArbitral-140089-eyJpZERpdmlzaW9uIjoiMTQiLCJpZFRlbXBvcmFkYSI6Ijc0IiwiaWRUb3JuZW8iOiIyIiwiaWRDbHVibG9jYWwiOjExMTg1LCJpZENsdWJ2aXNpdGEiOjExMTg0fQ==-informe-arbitral-rayados-de-monterrey-vs-pachuca-semifinal-ida-estadio-bbva-tudn,  2 - 0,  https--www.ligafemenil.mx-cancha-estadio-1608-estadio-bbva,  Estadio BBVA,  https--www.ligafemenil.mx-cancha-galeria-MTQwMDg5LzIwLzc0LzIvMTQ=-rayados-de-monterrey-vs-pachuca,  ,  https--www.ligafemenil.mx-cancha-playlist-140089-rayados-de-monterrey-vs-pachuca,  
2023-2024,Clausura,  Viernes 17 de Mayo de 2024-nTemporada 2023-2024-nTorneo Clausura-nSemifinal Ida-n17 Mayo 2024 - 2100 hrs.,  https--www.ligafemenil.mx-cancha-informeArbitral-140087-eyJpZERpdmlzaW9uIjoiMTQiLCJpZFRlbXBvcmFkYSI6Ijc0IiwiaWRUb3JuZW8iOiIyIiwiaWRDbHVibG9jYWwiOjExMTkxLCJpZENsdWJ2aXNpdGEiOjExMTg2fQ==-informe-arbitral-america-vs-tigres-de-la-uanl-semifinal-ida-estadio-azteca-tudn,  3 - 1,  https--www.ligafemenil.mx-cancha-estadio-1-estadio-azteca,  Azteca,  https--www.ligafemenil.mx-cancha-galeria-MTQwMDg3LzIwLzc0LzIvMTQ=-america-vs-tigres-de-la-uanl,  ,  https--www.ligafemenil.mx-cancha-playlist-140087-america-vs-tigres-de-la-uanl,  
2023-2024,Clausura,  Lunes 20 de Mayo de 2024-nTemporada 2023-2024-nTorneo Clausura-nSemifinal Vuelta-n20 Mayo 2024 - 1900 hrs.,  https--www.ligafemenil.mx-cancha-informeArbitral-140088-eyJpZERpdmlzaW9uIjoiMTQiLCJpZFRlbXBvcmFkYSI6Ijc0IiwiaWRUb3JuZW8iOiIyIiwiaWRDbHVibG9jYWwiOjExMTg2LCJpZENsdWJ2aXNpdGEiOjExMTkxfQ==-informe-arbitral-tigres-de-la-uanl-vs-america-semifinal-vuelta-estadio-universitario,  1 - 0,  https--www.ligafemenil.mx-cancha-estadio-12-estadio-universitario,  Universitario,  https--www.ligafemenil.mx-cancha-galeria-MTQwMDg4LzIxLzc0LzIvMTQ=-tigres-de-la-uanl-vs-america,  ,  https--www.ligafemenil.mx-cancha-playlist-140088-tigres-de-la-uanl-vs-america,  
2023-2024,Clausura,  Lunes 20 de Mayo de 2024-nTemporada 2023-2024-nTorneo Clausura-nSemifinal Vuelta-n20 Mayo 2024 - 2100 hrs.,  https--www.ligafemenil.mx-cancha-informeArbitral-140091-eyJpZERpdmlzaW9uIjoiMTQiLCJpZFRlbXBvcmFkYSI6Ijc0IiwiaWRUb3JuZW8iOiIyIiwiaWRDbHVibG9jYWwiOjExMTg0LCJpZENsdWJ2aXNpdGEiOjExMTg1fQ==-informe-arbitral-pachuca-vs-rayados-de-monterrey-semifinal-vuelta-estadio-hidalgo-fox-sports,  2 - 4,  https--www.ligafemenil.mx-cancha-estadio-11-estadio-hidalgo,  Hidalgo,  https--www.ligafemenil.mx-cancha-galeria-MTQwMDkxLzIxLzc0LzIvMTQ=-pachuca-vs-rayados-de-monterrey,  ,  https--www.ligafemenil.mx-cancha-playlist-140091-pachuca-vs-rayados-de-monterrey,  
2023-2024,Clausura,  Viernes 24 de Mayo de 2024-nTemporada 2023-2024-nTorneo Clausura-nFinal Ida-n24 Mayo 2024 - 2105 hrs.,  https--www.ligafemenil.mx-cancha-informeArbitral-140100-eyJpZERpdmlzaW9uIjoiMTQiLCJpZFRlbXBvcmFkYSI6Ijc0IiwiaWRUb3JuZW8iOiIyIiwiaWRDbHVibG9jYWwiOjExMTkxLCJpZENsdWJ2aXNpdGEiOjExMTg1fQ==-informe-arbitral-america-vs-rayados-de-monterrey-final-ida-estadio-azteca-tudn,  1 - 0,  https--www.ligafemenil.mx-cancha-estadio-1-estadio-azteca,  Azteca,  https--www.ligafemenil.mx-cancha-galeria-MTQwMTAwLzIyLzc0LzIvMTQ=-america-vs-rayados-de-monterrey,  ,  https--www.ligafemenil.mx-cancha-playlist-140100-america-vs-rayados-de-monterrey,  
2023-2024,Clausura,  Lunes 27 de Mayo de 2024-nTemporada 2023-2024-nTorneo Clausura-nFinal Vuelta-n27 Mayo 2024 - 2000 hrs.,  https--www.ligafemenil.mx-cancha-informeArbitral-140101-eyJpZERpdmlzaW9uIjoiMTQiLCJpZFRlbXBvcmFkYSI6Ijc0IiwiaWRUb3JuZW8iOiIyIiwiaWRDbHVibG9jYWwiOjExMTg1LCJpZENsdWJ2aXNpdGEiOjExMTkxfQ==-informe-arbitral-rayados-de-monterrey-vs-america-final-vuelta-estadio-bbva-tudn,  2 - 1,  https--www.ligafemenil.mx-cancha-estadio-1608-estadio-bbva,  Estadio BBVA,  https--www.ligafemenil.mx-cancha-galeria-MTQwMTAxLzIzLzc0LzIvMTQ=-rayados-de-monterrey-vs-america,  ,  https--www.ligafemenil.mx-cancha-playlist-140101-rayados-de-monterrey-vs-america,