Temporada,Torneo,Columna_3,Columna_4,Columna_5,Columna_6,Columna_7,Columna_8,Columna_9,Columna_10,Columna_11,Columna_12,Columna_13

2018-2019,Clausura,{'type': 'text', 'value': 'Viernes 4 de Enero de 2019\nTemporada 2018-2019\nTorneo Clausura\nJornada 1\n4 Enero 2019 - 15:45 hrs.'}",{'type': 'link', 'href': 'https://www.ligafemenil.mx/cancha/informeArbitral/95541/eyJpZERpdmlzaW9uIjoiMTQiLCJpZFRlbXBvcmFkYSI6IjY5IiwiaWRUb3JuZW8iOiIyIiwiaWRDbHVibG9jYWwiOjExMTgxLCJpZENsdWJ2aXNpdGEiOjExMTg0fQ==/informe-arbitral-cruz-azul-vs-pachuca-jornada-1-estadio-10-de-diciembre', 'text': '2 - 4'}",{'type': 'link', 'href': 'https://www.ligafemenil.mx/cancha/estadio/30/estadio-10-de-diciembre', 'text': '10 de Diciembre'}",{'type': 'link', 'href': 'https://www.ligafemenil.mx/cancha/galeria/OTU1NDEvMS82OS8yLzE0/cruz-azul-vs-pachuca', 'text': ''}",{'type': 'link', 'href': 'https://www.ligafemenil.mx/cancha/playlist/95541/cruz-azul-vs-pachuca', 'text': ''}"

2018-2019,Clausura,{'type': 'text', 'value': 'Viernes 4 de Enero de 2019\nTemporada 2018-2019\nTorneo Clausura\nJornada 1\n4 Enero 2019 - 16:00 hrs.'}",{'type': 'link', 'href': 'https://www.ligafemenil.mx/cancha/informeArbitral/95542/eyJpZERpdmlzaW9uIjoiMTQiLCJpZFRlbXBvcmFkYSI6IjY5IiwiaWRUb3JuZW8iOiIyIiwiaWRDbHVibG9jYWwiOjExMTg5LCJpZENsdWJ2aXNpdGEiOjExMTkyfQ==/informe-arbitral-necaxa-vs-santos-laguna-jornada-1-estadio-victoria-claro-sports', 'text': '0 - 1'}",{'type': 'link', 'href': 'https://www.ligafemenil.mx/cancha/estadio/15/estadio-victoria', 'text': 'Victoria'}",{'type': 'link', 'href': 'https://www.ligafemenil.mx/cancha/galeria/OTU1NDIvMS82OS8yLzE0/necaxa-vs-santos-laguna', 'text': ''}",{'type': 'link', 'href': 'https://www.ligafemenil.mx/cancha/playlist/95542/necaxa-vs-santos-laguna', 'text': ''}"

2018-2019,Clausura,{'type': 'text', 'value': 'Domingo 6 de Enero de 2019\nTemporada 2018-2019\nTorneo Clausura\nJornada 1\n6 Enero 2019 - 12:00 hrs.'}",{'type': 'link', 'href': 'https://www.ligafemenil.mx/cancha/informeArbitral/95543/eyJpZERpdmlzaW9uIjoiMTQiLCJpZFRlbXBvcmFkYSI6IjY5IiwiaWRUb3JuZW8iOiIyIiwiaWRDbHVibG9jYWwiOjExNTQzLCJpZENsdWJ2aXNpdGEiOjExMjQyfQ==/informe-arbitral-puebla-fc-vs-veracruz-jornada-1-estadio-cuauhtemoc-tvc-deportes', 'text': '1 - 1'}",{'type': 'link', 'href': 'https://www.ligafemenil.mx/cancha/estadio/9/estadio-cuauhtemoc', 'text': 'Cuauhtémoc'}",{'type': 'link', 'href': 'https://www.ligafemenil.mx/cancha/galeria/OTU1NDMvMS82OS8yLzE0/puebla-fc-vs-veracruz', 'text': ''}",{'type': 'link', 'href': 'https://www.ligafemenil.mx/cancha/playlist/95543/puebla-fc-vs-veracruz', 'text': ''}"

2018-2019,Clausura,{'type': 'text', 'value': 'Lunes 7 de Enero de 2019\nTemporada 2018-2019\nTorneo Clausura\nJornada 1\n7 Enero 2019 - 16:00 hrs.'}",{'type': 'link', 'href': 'https://www.ligafemenil.mx/cancha/informeArbitral/95547/eyJpZERpdmlzaW9uIjoiMTQiLCJpZFRlbXBvcmFkYSI6IjY5IiwiaWRUb3JuZW8iOiIyIiwiaWRDbHVibG9jYWwiOjExMTgzLCJpZENsdWJ2aXNpdGEiOjExMjQ1fQ==/informe-arbitral-m-morelia-vs-atlas-jornada-1-estadio-jose-maria-morelos-y-pavon-am', 'text': '1 - 3'}",{'type': 'link', 'href': 'https://www.ligafemenil.mx/cancha/estadio/10/estadio-jose-maria-morelos-y-pavon', 'text': 'José María Morelos y Pavón'}",{'type': 'link', 'href': 'https://www.ligafemenil.mx/cancha/galeria/OTU1NDcvMS82OS8yLzE0/m-morelia-vs-atlas', 'text': ''}",{'type': 'link', 'href': 'https://www.ligafemenil.mx/cancha/playlist/95547/m-morelia-vs-atlas', 'text': ''}"

2018-2019,Clausura,{'type': 'text', 'value': 'Lunes 7 de Enero de 2019\nTemporada 2018-2019\nTorneo Clausura\nJornada 1\n7 Enero 2019 - 18:00 hrs.'}",{'type': 'link', 'href': 'https://www.ligafemenil.mx/cancha/informeArbitral/95549/eyJpZERpdmlzaW9uIjoiMTQiLCJpZFRlbXBvcmFkYSI6IjY5IiwiaWRUb3JuZW8iOiIyIiwiaWRDbHVibG9jYWwiOjExMTg3LCJpZENsdWJ2aXNpdGEiOjExNTQyfQ==/informe-arbitral-toluca-vs-lobos-jornada-1-estadio-nemesio-diez-univision-tdn', 'text': '1 - 1'}",{'type': 'link', 'href': 'https://www.ligafemenil.mx/cancha/estadio/6/estadio-nemesio-diez', 'text': 'Nemesio Diez'}",{'type': 'link', 'href': 'https://www.ligafemenil.mx/cancha/galeria/OTU1NDkvMS82OS8yLzE0/toluca-vs-lobos', 'text': ''}",{'type': 'link', 'href': 'https://www.ligafemenil.mx/cancha/playlist/95549/toluca-vs-lobos', 'text': ''}"

2018-2019,Clausura,{'type': 'text', 'value': 'Lunes 7 de Enero de 2019\nTemporada 2018-2019\nTorneo Clausura\nJornada 1\n7 Enero 2019 - 19:00 hrs.'}",{'type': 'link', 'href': 'https://www.ligafemenil.mx/cancha/informeArbitral/95546/eyJpZERpdmlzaW9uIjoiMTQiLCJpZFRlbXBvcmFkYSI6IjY5IiwiaWRUb3JuZW8iOiIyIiwiaWRDbHVibG9jYWwiOjExMTgyLCJpZENsdWJ2aXNpdGEiOjExMjQzfQ==/informe-arbitral-guadalajara-vs-leon-jornada-1-estadio-akron-fox-sports', 'text': '2 - 0'}",{'type': 'link', 'href': 'https://www.ligafemenil.mx/cancha/estadio/1538/estadio-akron', 'text': 'Estadio AKRON'}",{'type': 'link', 'href': 'https://www.ligafemenil.mx/cancha/galeria/OTU1NDYvMS82OS8yLzE0/guadalajara-vs-leon', 'text': ''}",{'type': 'link', 'href': 'https://www.ligafemenil.mx/cancha/playlist/95546/guadalajara-vs-leon', 'text': ''}"

2018-2019,Clausura,{'type': 'text', 'value': 'Lunes 7 de Enero de 2019\nTemporada 2018-2019\nTorneo Clausura\nJornada 1\n7 Enero 2019 - 20:00 hrs.'}",{'type': 'link', 'href': 'https://www.ligafemenil.mx/cancha/informeArbitral/95551/eyJpZERpdmlzaW9uIjoiMTQiLCJpZFRlbXBvcmFkYSI6IjY5IiwiaWRUb3JuZW8iOiIyIiwiaWRDbHVibG9jYWwiOjExMTg2LCJpZENsdWJ2aXNpdGEiOjExMjQ0fQ==/informe-arbitral-tigres-de-la-uanl-vs-queretaro-jornada-1-estadio-universitario-univision-tdn', 'text': '7 - 1'}",{'type': 'link', 'href': 'https://www.ligafemenil.mx/cancha/estadio/12/estadio-universitario', 'text': 'Universitario'}",{'type': 'link', 'href': 'https://www.ligafemenil.mx/cancha/galeria/OTU1NTEvMS82OS8yLzE0/tigres-de-la-uanl-vs-queretaro', 'text': ''}",{'type': 'link', 'href': 'https://www.ligafemenil.mx/cancha/playlist/95551/tigres-de-la-uanl-vs-queretaro', 'text': ''}"

2018-2019,Clausura,{'type': 'text', 'value': 'Lunes 7 de Enero de 2019\nTemporada 2018-2019\nTorneo Clausura\nJornada 1\n7 Enero 2019 - 19:00 hrs.'}",{'type': 'link', 'href': 'https://www.ligafemenil.mx/cancha/informeArbitral/95553/eyJpZERpdmlzaW9uIjoiMTQiLCJpZFRlbXBvcmFkYSI6IjY5IiwiaWRUb3JuZW8iOiIyIiwiaWRDbHVibG9jYWwiOjExMTgwLCJpZENsdWJ2aXNpdGEiOjExMTg4fQ==/informe-arbitral-tijuana-vs-pumas-jornada-1-estadio-caliente', 'text': '0 - 2'}",{'type': 'link', 'href': 'https://www.ligafemenil.mx/cancha/estadio/48/estadio-caliente', 'text': 'Caliente'}",{'type': 'link', 'href': 'https://www.ligafemenil.mx/cancha/galeria/OTU1NTMvMS82OS8yLzE0/tijuana-vs-pumas', 'text': ''}",{'type': 'link', 'href': 'https://www.ligafemenil.mx/cancha/playlist/95553/tijuana-vs-pumas', 'text': ''}"

2018-2019,Clausura,{'type': 'text', 'value': 'Sábado 12 de Enero de 2019\nTemporada 2018-2019\nTorneo Clausura\nJornada 2\n12 Enero 2019 - 11:00 hrs.'}",{'type': 'link', 'href': 'https://www.ligafemenil.mx/cancha/informeArbitral/95558/eyJpZERpdmlzaW9uIjoiMTQiLCJpZFRlbXBvcmFkYSI6IjY5IiwiaWRUb3JuZW8iOiIyIiwiaWRDbHVibG9jYWwiOjExMjQ1LCJpZENsdWJ2aXNpdGEiOjExMTgyfQ==/informe-arbitral-atlas-vs-guadalajara-jornada-2-estadio-colomos-tvc-deportes', 'text': '2 - 0'}",{'type': 'link', 'href': 'https://www.ligafemenil.mx/cancha/estadio/109/estadio-colomos', 'text': 'Colomos'}",{'type': 'link', 'href': 'https://www.ligafemenil.mx/cancha/galeria/OTU1NTgvMi82OS8yLzE0/atlas-vs-guadalajara', 'text': ''}",{'type': 'link', 'href': 'https://www.ligafemenil.mx/cancha/playlist/95558/atlas-vs-guadalajara', 'text': ''}"

2018-2019,Clausura,{'type': 'text', 'value': 'Sábado 12 de Enero de 2019\nTemporada 2018-2019\nTorneo Clausura\nJornada 2\n12 Enero 2019 - 12:00 hrs.'}",{'type': 'link', 'href': 'https://www.ligafemenil.mx/cancha/informeArbitral/95566/eyJpZERpdmlzaW9uIjoiMTQiLCJpZFRlbXBvcmFkYSI6IjY5IiwiaWRUb3JuZW8iOiIyIiwiaWRDbHVibG9jYWwiOjExMTkxLCJpZENsdWJ2aXNpdGEiOjExMTg3fQ==/informe-arbitral-america-vs-toluca-jornada-2-estadio-cancha-centenario-no-5-natural-instalaciones-club-america-univision-tdn', 'text': '3 - 1'}",{'type': 'link', 'href': 'https://www.ligafemenil.mx/cancha/estadio/1421/estadio-cancha-centenario-no-5-natural-instalaciones-club-america', 'text': 'Cancha Centenario No. 5 (Natural) Instalaciones Club América'}",{'type': 'link', 'href': 'https://www.ligafemenil.mx/cancha/galeria/OTU1NjYvMi82OS8yLzE0/america-vs-toluca', 'text': ''}",{'type': 'link', 'href': 'https://www.ligafemenil.mx/cancha/playlist/95566/america-vs-toluca', 'text': ''}"

2018-2019,Clausura,{'type': 'text', 'value': 'Domingo 13 de Enero de 2019\nTemporada 2018-2019\nTorneo Clausura\nJornada 2\n13 Enero 2019 - 10:30 hrs.'}",{'type': 'link', 'href': 'https://www.ligafemenil.mx/cancha/informeArbitral/95560/eyJpZERpdmlzaW9uIjoiMTQiLCJpZFRlbXBvcmFkYSI6IjY5IiwiaWRUb3JuZW8iOiIyIiwiaWRDbHVibG9jYWwiOjExMTg1LCJpZENsdWJ2aXNpdGEiOjExMTg5fQ==/informe-arbitral-rayados-de-monterrey-vs-necaxa-jornada-2-estadio-el-barrial-c-1', 'text': '5 - 1'}",{'type': 'link', 'href': 'https://www.ligafemenil.mx/cancha/estadio/73/estadio-el-barrial-c-1', 'text': 'El Barrial C-1'}",{'type': 'link', 'href': 'https://www.ligafemenil.mx/cancha/galeria/OTU1NjAvMi82OS8yLzE0/rayados-de-monterrey-vs-necaxa', 'text': ''}",{'type': 'link', 'href': 'https://www.ligafemenil.mx/cancha/playlist/95560/rayados-de-monterrey-vs-necaxa', 'text': ''}"

2018-2019,Clausura,{'type': 'text', 'value': 'Lunes 14 de Enero de 2019\nTemporada 2018-2019\nTorneo Clausura\nJornada 2\n14 Enero 2019 - 16:00 hrs.'}",{'type': 'link', 'href': 'https://www.ligafemenil.mx/cancha/informeArbitral/95561/eyJpZERpdmlzaW9uIjoiMTQiLCJpZFRlbXBvcmFkYSI6IjY5IiwiaWRUb3JuZW8iOiIyIiwiaWRDbHVibG9jYWwiOjExNTQyLCJpZENsdWJ2aXNpdGEiOjExMTgxfQ==/informe-arbitral-lobos-vs-cruz-azul-jornada-2-estadio-universitario-buap-univision-tdn', 'text': '3 - 0'}",{'type': 'link', 'href': 'https://www.ligafemenil.mx/cancha/estadio/75/estadio-universitario-buap', 'text': 'Universitario BUAP'}",{'type': 'link', 'href': 'https://www.ligafemenil.mx/cancha/galeria/OTU1NjEvMi82OS8yLzE0/lobos-vs-cruz-azul', 'text': ''}",{'type': 'link', 'href': 'https://www.ligafemenil.mx/cancha/playlist/95561/lobos-vs-cruz-azul', 'text': ''}"

2018-2019,Clausura,{'type': 'text', 'value': 'Lunes 14 de Enero de 2019\nTemporada 2018-2019\nTorneo Clausura\nJornada 2\n14 Enero 2019 - 17:00 hrs.'}",{'type': 'link', 'href': 'https://www.ligafemenil.mx/cancha/informeArbitral/95563/eyJpZERpdmlzaW9uIjoiMTQiLCJpZFRlbXBvcmFkYSI6IjY5IiwiaWRUb3JuZW8iOiIyIiwiaWRDbHVibG9jYWwiOjExMjQyLCJpZENsdWJ2aXNpdGEiOjExMTgwfQ==/informe-arbitral-veracruz-vs-tijuana-jornada-2-estadio-luis-pirata-fuente-tibuvision', 'text': '1 - 2'}",{'type': 'link', 'href': 'https://www.ligafemenil.mx/cancha/estadio/57/estadio-luis-pirata-fuente', 'text': 'Luis Pirata Fuente'}",{'type': 'link', 'href': 'https://www.ligafemenil.mx/cancha/galeria/OTU1NjMvMi82OS8yLzE0/veracruz-vs-tijuana', 'text': ''}",{'type': 'link', 'href': 'https://www.ligafemenil.mx/cancha/playlist/95563/veracruz-vs-tijuana', 'text': ''}"

2018-2019,Clausura,{'type': 'text', 'value': 'Lunes 14 de Enero de 2019\nTemporada 2018-2019\nTorneo Clausura\nJornada 2\n14 Enero 2019 - 19:00 hrs.'}",{'type': 'link', 'href': 'https://www.ligafemenil.mx/cancha/informeArbitral/95565/eyJpZERpdmlzaW9uIjoiMTQiLCJpZFRlbXBvcmFkYSI6IjY5IiwiaWRUb3JuZW8iOiIyIiwiaWRDbHVibG9jYWwiOjExMTg0LCJpZENsdWJ2aXNpdGEiOjExNTQzfQ==/informe-arbitral-pachuca-vs-puebla-fc-jornada-2-estadio-hidalgo', 'text': '0 - 0'}",{'type': 'link', 'href': 'https://www.ligafemenil.mx/cancha/estadio/11/estadio-hidalgo', 'text': 'Hidalgo'}",{'type': 'link', 'href': 'https://www.ligafemenil.mx/cancha/galeria/OTU1NjUvMi82OS8yLzE0/pachuca-vs-puebla-fc', 'text': ''}",{'type': 'link', 'href': 'https://www.ligafemenil.mx/cancha/playlist/95565/pachuca-vs-puebla-fc', 'text': ''}"

2018-2019,Clausura,{'type': 'text', 'value': 'Lunes 14 de Enero de 2019\nTemporada 2018-2019\nTorneo Clausura\nJornada 2\n14 Enero 2019 - 19:00 hrs.'}",{'type': 'link', 'href': 'https://www.ligafemenil.mx/cancha/informeArbitral/95556/eyJpZERpdmlzaW9uIjoiMTQiLCJpZFRlbXBvcmFkYSI6IjY5IiwiaWRUb3JuZW8iOiIyIiwiaWRDbHVibG9jYWwiOjExMjQzLCJpZENsdWJ2aXNpdGEiOjExMTg2fQ==/informe-arbitral-leon-vs-tigres-de-la-uanl-jornada-2-estadio-nou-camp-fox-sports', 'text': '2 - 1'}",{'type': 'link', 'href': 'https://www.ligafemenil.mx/cancha/estadio/23/estadio-nou-camp', 'text': 'Nou Camp'}",{'type': 'link', 'href': 'https://www.ligafemenil.mx/cancha/galeria/OTU1NTYvMi82OS8yLzE0/leon-vs-tigres-de-la-uanl', 'text': ''}",{'type': 'link', 'href': 'https://www.ligafemenil.mx/cancha/playlist/95556/leon-vs-tigres-de-la-uanl', 'text': ''}"

2018-2019,Clausura,{'type': 'text', 'value': 'Lunes 14 de Enero de 2019\nTemporada 2018-2019\nTorneo Clausura\nJornada 2\n14 Enero 2019 - 21:00 hrs.'}",{'type': 'link', 'href': 'https://www.ligafemenil.mx/cancha/informeArbitral/95568/eyJpZERpdmlzaW9uIjoiMTQiLCJpZFRlbXBvcmFkYSI6IjY5IiwiaWRUb3JuZW8iOiIyIiwiaWRDbHVibG9jYWwiOjExMTkyLCJpZENsdWJ2aXNpdGEiOjExMTgzfQ==/informe-arbitral-santos-laguna-vs-m-morelia-jornada-2-estadio-tsm-corona-fox-sports', 'text': '1 - 1'}",{'type': 'link', 'href': 'https://www.ligafemenil.mx/cancha/estadio/63/estadio-tsm-corona', 'text': 'TSM Corona'}",{'type': 'link', 'href': 'https://www.ligafemenil.mx/cancha/galeria/OTU1NjgvMi82OS8yLzE0/santos-laguna-vs-m-morelia', 'text': ''}",{'type': 'link', 'href': 'https://www.ligafemenil.mx/cancha/playlist/95568/santos-laguna-vs-m-morelia', 'text': ''}"

2018-2019,Clausura,{'type': 'text', 'value': 'Viernes 18 de Enero de 2019\nTemporada 2018-2019\nTorneo Clausura\nJornada 3\n18 Enero 2019 - 15:45 hrs.'}",{'type': 'link', 'href': 'https://www.ligafemenil.mx/cancha/informeArbitral/95569/eyJpZERpdmlzaW9uIjoiMTQiLCJpZFRlbXBvcmFkYSI6IjY5IiwiaWRUb3JuZW8iOiIyIiwiaWRDbHVibG9jYWwiOjExMTgxLCJpZENsdWJ2aXNpdGEiOjExMTkxfQ==/informe-arbitral-cruz-azul-vs-america-jornada-3-estadio-10-de-diciembre-univision-tdn', 'text': '2 - 3'}",{'type': 'link', 'href': 'https://www.ligafemenil.mx/cancha/estadio/30/estadio-10-de-diciembre', 'text': '10 de Diciembre'}",{'type': 'link', 'href': 'https://www.ligafemenil.mx/cancha/galeria/OTU1NjkvMy82OS8yLzE0/cruz-azul-vs-america', 'text': ''}",{'type': 'link', 'href': 'https://www.ligafemenil.mx/cancha/playlist/95569/cruz-azul-vs-america', 'text': ''}"

2018-2019,Clausura,{'type': 'text', 'value': 'Viernes 18 de Enero de 2019\nTemporada 2018-2019\nTorneo Clausura\nJornada 3\n18 Enero 2019 - 16:00 hrs.'}",{'type': 'link', 'href': 'https://www.ligafemenil.mx/cancha/informeArbitral/95570/eyJpZERpdmlzaW9uIjoiMTQiLCJpZFRlbXBvcmFkYSI6IjY5IiwiaWRUb3JuZW8iOiIyIiwiaWRDbHVibG9jYWwiOjExMjQ0LCJpZENsdWJ2aXNpdGEiOjExMjQzfQ==/informe-arbitral-queretaro-vs-leon-jornada-3-estadio-la-corregidora-tvc-deportes', 'text': '0 - 2'}",{'type': 'link', 'href': 'https://www.ligafemenil.mx/cancha/estadio/25/estadio-la-corregidora', 'text': 'La Corregidora'}",{'type': 'link', 'href': 'https://www.ligafemenil.mx/cancha/galeria/OTU1NzAvMy82OS8yLzE0/queretaro-vs-leon', 'text': ''}",{'type': 'link', 'href': 'https://www.ligafemenil.mx/cancha/playlist/95570/queretaro-vs-leon', 'text': ''}"

2018-2019,Clausura,{'type': 'text', 'value': 'Sábado 19 de Enero de 2019\nTemporada 2018-2019\nTorneo Clausura\nJornada 3\n19 Enero 2019 - 12:00 hrs.'}",{'type': 'link', 'href': 'https://www.ligafemenil.mx/cancha/informeArbitral/95571/eyJpZERpdmlzaW9uIjoiMTQiLCJpZFRlbXBvcmFkYSI6IjY5IiwiaWRUb3JuZW8iOiIyIiwiaWRDbHVibG9jYWwiOjExMTg4LCJpZENsdWJ2aXNpdGEiOjExMjQyfQ==/informe-arbitral-pumas-vs-veracruz-jornada-3-estadio-la-cantera-cancha-1-univision-tdn', 'text': '2 - 1'}",{'type': 'link', 'href': 'https://www.ligafemenil.mx/cancha/estadio/1146/estadio-la-cantera-cancha-1', 'text': 'La Cantera Cancha 1'}",{'type': 'link', 'href': 'https://www.ligafemenil.mx/cancha/galeria/OTU1NzEvMy82OS8yLzE0/pumas-vs-veracruz', 'text': ''}",{'type': 'link', 'href': 'https://www.ligafemenil.mx/cancha/playlist/95571/pumas-vs-veracruz', 'text': ''}"

2018-2019,Clausura,{'type': 'text', 'value': 'Domingo 20 de Enero de 2019\nTemporada 2018-2019\nTorneo Clausura\nJornada 3\n20 Enero 2019 - 12:00 hrs.'}",{'type': 'link', 'href': 'https://www.ligafemenil.mx/cancha/informeArbitral/95573/eyJpZERpdmlzaW9uIjoiMTQiLCJpZFRlbXBvcmFkYSI6IjY5IiwiaWRUb3JuZW8iOiIyIiwiaWRDbHVibG9jYWwiOjExNTQzLCJpZENsdWJ2aXNpdGEiOjExNTQyfQ==/informe-arbitral-puebla-fc-vs-lobos-jornada-3-estadio-cuauhtemoc-tvc-deportes', 'text': '1 - 0'}",{'type': 'link', 'href': 'https://www.ligafemenil.mx/cancha/estadio/9/estadio-cuauhtemoc', 'text': 'Cuauhtémoc'}",{'type': 'link', 'href': 'https://www.ligafemenil.mx/cancha/galeria/OTU1NzMvMy82OS8yLzE0/puebla-fc-vs-lobos', 'text': ''}",{'type': 'link', 'href': 'https://www.ligafemenil.mx/cancha/playlist/95573/puebla-fc-vs-lobos', 'text': ''}"

2018-2019,Clausura,{'type': 'text', 'value': 'Domingo 20 de Enero de 2019\nTemporada 2018-2019\nTorneo Clausura\nJornada 3\n20 Enero 2019 - 12:00 hrs.'}",{'type': 'link', 'href': 'https://www.ligafemenil.mx/cancha/informeArbitral/95576/eyJpZERpdmlzaW9uIjoiMTQiLCJpZFRlbXBvcmFkYSI6IjY5IiwiaWRUb3JuZW8iOiIyIiwiaWRDbHVibG9jYWwiOjExMTgzLCJpZENsdWJ2aXNpdGEiOjExMTg1fQ==/informe-arbitral-m-morelia-vs-rayados-de-monterrey-jornada-3-estadio-jose-maria-morelos-y-pavon-am', 'text': '3 - 4'}",{'type': 'link', 'href': 'https://www.ligafemenil.mx/cancha/estadio/10/estadio-jose-maria-morelos-y-pavon', 'text': 'José María Morelos y Pavón'}",{'type': 'link', 'href': 'https://www.ligafemenil.mx/cancha/galeria/OTU1NzYvMy82OS8yLzE0/m-morelia-vs-rayados-de-monterrey', 'text': ''}",{'type': 'link', 'href': 'https://www.ligafemenil.mx/cancha/playlist/95576/m-morelia-vs-rayados-de-monterrey', 'text': ''}"

2018-2019,Clausura,{'type': 'text', 'value': 'Lunes 21 de Enero de 2019\nTemporada 2018-2019\nTorneo Clausura\nJornada 3\n21 Enero 2019 - 19:00 hrs.'}",{'type': 'link', 'href': 'https://www.ligafemenil.mx/cancha/informeArbitral/95579/eyJpZERpdmlzaW9uIjoiMTQiLCJpZFRlbXBvcmFkYSI6IjY5IiwiaWRUb3JuZW8iOiIyIiwiaWRDbHVibG9jYWwiOjExMTg0LCJpZENsdWJ2aXNpdGEiOjExMTgwfQ==/informe-arbitral-pachuca-vs-tijuana-jornada-3-estadio-hidalgo-fox-sports', 'text': '3 - 0'}",{'type': 'link', 'href': 'https://www.ligafemenil.mx/cancha/estadio/11/estadio-hidalgo', 'text': 'Hidalgo'}",{'type': 'link', 'href': 'https://www.ligafemenil.mx/cancha/galeria/OTU1NzkvMy82OS8yLzE0/pachuca-vs-tijuana', 'text': ''}",{'type': 'link', 'href': 'https://www.ligafemenil.mx/cancha/playlist/95579/pachuca-vs-tijuana', 'text': ''}"

2018-2019,Clausura,{'type': 'text', 'value': 'Lunes 21 de Enero de 2019\nTemporada 2018-2019\nTorneo Clausura\nJornada 3\n21 Enero 2019 - 20:00 hrs.'}",{'type': 'link', 'href': 'https://www.ligafemenil.mx/cancha/informeArbitral/95577/eyJpZERpdmlzaW9uIjoiMTQiLCJpZFRlbXBvcmFkYSI6IjY5IiwiaWRUb3JuZW8iOiIyIiwiaWRDbHVibG9jYWwiOjExMTg2LCJpZENsdWJ2aXNpdGEiOjExMjQ1fQ==/informe-arbitral-tigres-de-la-uanl-vs-atlas-jornada-3-estadio-universitario-univision-tdn', 'text': '2 - 1'}",{'type': 'link', 'href': 'https://www.ligafemenil.mx/cancha/estadio/12/estadio-universitario', 'text': 'Universitario'}",{'type': 'link', 'href': 'https://www.ligafemenil.mx/cancha/galeria/OTU1NzcvMy82OS8yLzE0/tigres-de-la-uanl-vs-atlas', 'text': ''}",{'type': 'link', 'href': 'https://www.ligafemenil.mx/cancha/playlist/95577/tigres-de-la-uanl-vs-atlas', 'text': ''}"

2018-2019,Clausura,{'type': 'text', 'value': 'Lunes 21 de Enero de 2019\nTemporada 2018-2019\nTorneo Clausura\nJornada 3\n21 Enero 2019 - 21:00 hrs.'}",{'type': 'link', 'href': 'https://www.ligafemenil.mx/cancha/informeArbitral/95574/eyJpZERpdmlzaW9uIjoiMTQiLCJpZFRlbXBvcmFkYSI6IjY5IiwiaWRUb3JuZW8iOiIyIiwiaWRDbHVibG9jYWwiOjExMTgyLCJpZENsdWJ2aXNpdGEiOjExMTkyfQ==/informe-arbitral-guadalajara-vs-santos-laguna-jornada-3-estadio-akron-fox-sports', 'text': '0 - 0'}",{'type': 'link', 'href': 'https://www.ligafemenil.mx/cancha/estadio/1538/estadio-akron', 'text': 'Estadio AKRON'}",{'type': 'link', 'href': 'https://www.ligafemenil.mx/cancha/galeria/OTU1NzQvMy82OS8yLzE0/guadalajara-vs-santos-laguna', 'text': ''}",{'type': 'link', 'href': 'https://www.ligafemenil.mx/cancha/playlist/95574/guadalajara-vs-santos-laguna', 'text': ''}"

2018-2019,Clausura,{'type': 'text', 'value': 'Miércoles 23 de Enero de 2019\nTemporada 2018-2019\nTorneo Clausura\nJornada 4\n23 Enero 2019 - 15:45 hrs.'}",{'type': 'link', 'href': 'https://www.ligafemenil.mx/cancha/informeArbitral/95580/eyJpZERpdmlzaW9uIjoiMTQiLCJpZFRlbXBvcmFkYSI6IjY5IiwiaWRUb3JuZW8iOiIyIiwiaWRDbHVibG9jYWwiOjExMTkxLCJpZENsdWJ2aXNpdGEiOjExNTQzfQ==/informe-arbitral-america-vs-puebla-fc-jornada-4-estadio-cancha-centenario-no-5-natural-instalaciones-club-america-univision-tdn', 'text': '1 - 0'}",{'type': 'link', 'href': 'https://www.ligafemenil.mx/cancha/estadio/1421/estadio-cancha-centenario-no-5-natural-instalaciones-club-america', 'text': 'Cancha Centenario No. 5 (Natural) Instalaciones Club América'}",{'type': 'link', 'href': 'https://www.ligafemenil.mx/cancha/galeria/OTU1ODAvNC82OS8yLzE0/america-vs-puebla-fc', 'text': ''}",{'type': 'link', 'href': 'https://www.ligafemenil.mx/cancha/playlist/95580/america-vs-puebla-fc', 'text': ''}"

2018-2019,Clausura,{'type': 'text', 'value': 'Miércoles 23 de Enero de 2019\nTemporada 2018-2019\nTorneo Clausura\nJornada 4\n23 Enero 2019 - 18:00 hrs.'}",{'type': 'link', 'href': 'https://www.ligafemenil.mx/cancha/informeArbitral/95581/eyJpZERpdmlzaW9uIjoiMTQiLCJpZFRlbXBvcmFkYSI6IjY5IiwiaWRUb3JuZW8iOiIyIiwiaWRDbHVibG9jYWwiOjExMTg3LCJpZENsdWJ2aXNpdGEiOjExMTgxfQ==/informe-arbitral-toluca-vs-cruz-azul-jornada-4-estadio-nemesio-diez-univision-tdn', 'text': '2 - 1'}",{'type': 'link', 'href': 'https://www.ligafemenil.mx/cancha/estadio/6/estadio-nemesio-diez', 'text': 'Nemesio Diez'}",{'type': 'link', 'href': 'https://www.ligafemenil.mx/cancha/galeria/OTU1ODEvNC82OS8yLzE0/toluca-vs-cruz-azul', 'text': ''}",{'type': 'link', 'href': 'https://www.ligafemenil.mx/cancha/playlist/95581/toluca-vs-cruz-azul', 'text': ''}"

2018-2019,Clausura,{'type': 'text', 'value': 'Jueves 24 de Enero de 2019\nTemporada 2018-2019\nTorneo Clausura\nJornada 4\n24 Enero 2019 - 11:00 hrs.'}",{'type': 'link', 'href': 'https://www.ligafemenil.mx/cancha/informeArbitral/95584/eyJpZERpdmlzaW9uIjoiMTQiLCJpZFRlbXBvcmFkYSI6IjY5IiwiaWRUb3JuZW8iOiIyIiwiaWRDbHVibG9jYWwiOjExMjQ1LCJpZENsdWJ2aXNpdGEiOjExMjQ0fQ==/informe-arbitral-atlas-vs-queretaro-jornada-4-estadio-colomos-tvc-deportes', 'text': '4 - 0'}",{'type': 'link', 'href': 'https://www.ligafemenil.mx/cancha/estadio/109/estadio-colomos', 'text': 'Colomos'}",{'type': 'link', 'href': 'https://www.ligafemenil.mx/cancha/galeria/OTU1ODQvNC82OS8yLzE0/atlas-vs-queretaro', 'text': ''}",{'type': 'link', 'href': 'https://www.ligafemenil.mx/cancha/playlist/95584/atlas-vs-queretaro', 'text': ''}"

2018-2019,Clausura,{'type': 'text', 'value': 'Jueves 24 de Enero de 2019\nTemporada 2018-2019\nTorneo Clausura\nJornada 4\n24 Enero 2019 - 11:00 hrs.'}",{'type': 'link', 'href': 'https://www.ligafemenil.mx/cancha/informeArbitral/95591/eyJpZERpdmlzaW9uIjoiMTQiLCJpZFRlbXBvcmFkYSI6IjY5IiwiaWRUb3JuZW8iOiIyIiwiaWRDbHVibG9jYWwiOjExMTkyLCJpZENsdWJ2aXNpdGEiOjExMTg2fQ==/informe-arbitral-santos-laguna-vs-tigres-de-la-uanl-jornada-4-estadio-tsm-corona', 'text': '1 - 3'}",{'type': 'link', 'href': 'https://www.ligafemenil.mx/cancha/estadio/63/estadio-tsm-corona', 'text': 'TSM Corona'}",{'type': 'link', 'href': 'https://www.ligafemenil.mx/cancha/galeria/OTU1OTEvNC82OS8yLzE0/santos-laguna-vs-tigres-de-la-uanl', 'text': ''}",{'type': 'link', 'href': 'https://www.ligafemenil.mx/cancha/playlist/95591/santos-laguna-vs-tigres-de-la-uanl', 'text': ''}"

2018-2019,Clausura,{'type': 'text', 'value': 'Jueves 24 de Enero de 2019\nTemporada 2018-2019\nTorneo Clausura\nJornada 4\n24 Enero 2019 - 16:00 hrs.'}",{'type': 'link', 'href': 'https://www.ligafemenil.mx/cancha/informeArbitral/95585/eyJpZERpdmlzaW9uIjoiMTQiLCJpZFRlbXBvcmFkYSI6IjY5IiwiaWRUb3JuZW8iOiIyIiwiaWRDbHVibG9jYWwiOjExNTQyLCJpZENsdWJ2aXNpdGEiOjExMTgwfQ==/informe-arbitral-lobos-vs-tijuana-jornada-4-estadio-universitario-buap-univision-tdn', 'text': '1 - 1'}",{'type': 'link', 'href': 'https://www.ligafemenil.mx/cancha/estadio/75/estadio-universitario-buap', 'text': 'Universitario BUAP'}",{'type': 'link', 'href': 'https://www.ligafemenil.mx/cancha/galeria/OTU1ODUvNC82OS8yLzE0/lobos-vs-tijuana', 'text': ''}",{'type': 'link', 'href': 'https://www.ligafemenil.mx/cancha/playlist/95585/lobos-vs-tijuana', 'text': ''}"

2018-2019,Clausura,{'type': 'text', 'value': 'Jueves 24 de Enero de 2019\nTemporada 2018-2019\nTorneo Clausura\nJornada 4\n24 Enero 2019 - 16:00 hrs.'}",{'type': 'link', 'href': 'https://www.ligafemenil.mx/cancha/informeArbitral/95582/eyJpZERpdmlzaW9uIjoiMTQiLCJpZFRlbXBvcmFkYSI6IjY5IiwiaWRUb3JuZW8iOiIyIiwiaWRDbHVibG9jYWwiOjExMTg5LCJpZENsdWJ2aXNpdGEiOjExMTgzfQ==/informe-arbitral-necaxa-vs-m-morelia-jornada-4-estadio-victoria-claro-sports', 'text': '1 - 1'}",{'type': 'link', 'href': 'https://www.ligafemenil.mx/cancha/estadio/15/estadio-victoria', 'text': 'Victoria'}",{'type': 'link', 'href': 'https://www.ligafemenil.mx/cancha/galeria/OTU1ODIvNC82OS8yLzE0/necaxa-vs-m-morelia', 'text': ''}",{'type': 'link', 'href': 'https://www.ligafemenil.mx/cancha/playlist/95582/necaxa-vs-m-morelia', 'text': ''}"

2018-2019,Clausura,{'type': 'text', 'value': 'Jueves 24 de Enero de 2019\nTemporada 2018-2019\nTorneo Clausura\nJornada 4\n24 Enero 2019 - 19:00 hrs.'}",{'type': 'link', 'href': 'https://www.ligafemenil.mx/cancha/informeArbitral/95587/eyJpZERpdmlzaW9uIjoiMTQiLCJpZFRlbXBvcmFkYSI6IjY5IiwiaWRUb3JuZW8iOiIyIiwiaWRDbHVibG9jYWwiOjExMTg0LCJpZENsdWJ2aXNpdGEiOjExMTg4fQ==/informe-arbitral-pachuca-vs-pumas-jornada-4-estadio-hidalgo-fox-sports', 'text': '3 - 0'}",{'type': 'link', 'href': 'https://www.ligafemenil.mx/cancha/estadio/11/estadio-hidalgo', 'text': 'Hidalgo'}",{'type': 'link', 'href': 'https://www.ligafemenil.mx/cancha/galeria/OTU1ODcvNC82OS8yLzE0/pachuca-vs-pumas', 'text': ''}",{'type': 'link', 'href': 'https://www.ligafemenil.mx/cancha/playlist/95587/pachuca-vs-pumas', 'text': ''}"

2018-2019,Clausura,{'type': 'text', 'value': 'Jueves 24 de Enero de 2019\nTemporada 2018-2019\nTorneo Clausura\nJornada 4\n24 Enero 2019 - 21:00 hrs.'}",{'type': 'link', 'href': 'https://www.ligafemenil.mx/cancha/informeArbitral/95589/eyJpZERpdmlzaW9uIjoiMTQiLCJpZFRlbXBvcmFkYSI6IjY5IiwiaWRUb3JuZW8iOiIyIiwiaWRDbHVibG9jYWwiOjExMTg1LCJpZENsdWJ2aXNpdGEiOjExMTgyfQ==/informe-arbitral-rayados-de-monterrey-vs-guadalajara-jornada-4-estadio-bbva-bancomer-fox-sports', 'text': '2 - 1'}",{'type': 'link', 'href': 'https://www.ligafemenil.mx/cancha/estadio/793/estadio-bbva-bancomer', 'text': 'Estadio BBVA Bancomer'}",{'type': 'link', 'href': 'https://www.ligafemenil.mx/cancha/galeria/OTU1ODkvNC82OS8yLzE0/rayados-de-monterrey-vs-guadalajara', 'text': ''}",{'type': 'link', 'href': 'https://www.ligafemenil.mx/cancha/playlist/95589/rayados-de-monterrey-vs-guadalajara', 'text': ''}"

2018-2019,Clausura,{'type': 'text', 'value': 'Domingo 27 de Enero de 2019\nTemporada 2018-2019\nTorneo Clausura\nJornada 5\n27 Enero 2019 - 12:00 hrs.'}",{'type': 'link', 'href': 'https://www.ligafemenil.mx/cancha/informeArbitral/95596/eyJpZERpdmlzaW9uIjoiMTQiLCJpZFRlbXBvcmFkYSI6IjY5IiwiaWRUb3JuZW8iOiIyIiwiaWRDbHVibG9jYWwiOjExNTQzLCJpZENsdWJ2aXNpdGEiOjExMTg3fQ==/informe-arbitral-puebla-fc-vs-toluca-jornada-5-estadio-cuauhtemoc-tvc-deportes', 'text': '2 - 0'}",{'type': 'link', 'href': 'https://www.ligafemenil.mx/cancha/estadio/9/estadio-cuauhtemoc', 'text': 'Cuauhtémoc'}",{'type': 'link', 'href': 'https://www.ligafemenil.mx/cancha/galeria/OTU1OTYvNS82OS8yLzE0/puebla-fc-vs-toluca', 'text': ''}",{'type': 'link', 'href': 'https://www.ligafemenil.mx/cancha/playlist/95596/puebla-fc-vs-toluca', 'text': ''}"

2018-2019,Clausura,{'type': 'text', 'value': 'Domingo 27 de Enero de 2019\nTemporada 2018-2019\nTorneo Clausura\nJornada 5\n27 Enero 2019 - 12:30 hrs.'}",{'type': 'link', 'href': 'https://www.ligafemenil.mx/cancha/informeArbitral/95598/eyJpZERpdmlzaW9uIjoiMTQiLCJpZFRlbXBvcmFkYSI6IjY5IiwiaWRUb3JuZW8iOiIyIiwiaWRDbHVibG9jYWwiOjExMTgyLCJpZENsdWJ2aXNpdGEiOjExMTg5fQ==/informe-arbitral-guadalajara-vs-necaxa-jornada-5-estadio-verde-valle-2-chivas-tv', 'text': '1 - 0'}",{'type': 'link', 'href': 'https://www.ligafemenil.mx/cancha/estadio/1554/estadio-verde-valle-2', 'text': 'Verde Valle 2'}",{'type': 'link', 'href': 'https://www.ligafemenil.mx/cancha/galeria/OTU1OTgvNS82OS8yLzE0/guadalajara-vs-necaxa', 'text': ''}",{'type': 'link', 'href': 'https://www.ligafemenil.mx/cancha/playlist/95598/guadalajara-vs-necaxa', 'text': ''}"

2018-2019,Clausura,{'type': 'text', 'value': 'Lunes 28 de Enero de 2019\nTemporada 2018-2019\nTorneo Clausura\nJornada 5\n28 Enero 2019 - 15:45 hrs.'}",{'type': 'link', 'href': 'https://www.ligafemenil.mx/cancha/informeArbitral/95594/eyJpZERpdmlzaW9uIjoiMTQiLCJpZFRlbXBvcmFkYSI6IjY5IiwiaWRUb3JuZW8iOiIyIiwiaWRDbHVibG9jYWwiOjExMTg4LCJpZENsdWJ2aXNpdGEiOjExNTQyfQ==/informe-arbitral-pumas-vs-lobos-jornada-5-estadio-la-cantera-cancha-1-univision-tdn', 'text': '1 - 0'}",{'type': 'link', 'href': 'https://www.ligafemenil.mx/cancha/estadio/1146/estadio-la-cantera-cancha-1', 'text': 'La Cantera Cancha 1'}",{'type': 'link', 'href': 'https://www.ligafemenil.mx/cancha/galeria/OTU1OTQvNS82OS8yLzE0/pumas-vs-lobos', 'text': ''}",{'type': 'link', 'href': 'https://www.ligafemenil.mx/cancha/playlist/95594/pumas-vs-lobos', 'text': ''}"

2018-2019,Clausura,{'type': 'text', 'value': 'Lunes 28 de Enero de 2019\nTemporada 2018-2019\nTorneo Clausura\nJornada 5\n28 Enero 2019 - 16:00 hrs.'}",{'type': 'link', 'href': 'https://www.ligafemenil.mx/cancha/informeArbitral/95599/eyJpZERpdmlzaW9uIjoiMTQiLCJpZFRlbXBvcmFkYSI6IjY5IiwiaWRUb3JuZW8iOiIyIiwiaWRDbHVibG9jYWwiOjExMjQ0LCJpZENsdWJ2aXNpdGEiOjExMTkyfQ==/informe-arbitral-queretaro-vs-santos-laguna-jornada-5-estadio-la-corregidora-tvc-deportes', 'text': '4 - 0'}",{'type': 'link', 'href': 'https://www.ligafemenil.mx/cancha/estadio/25/estadio-la-corregidora', 'text': 'La Corregidora'}",{'type': 'link', 'href': 'https://www.ligafemenil.mx/cancha/galeria/OTU1OTkvNS82OS8yLzE0/queretaro-vs-santos-laguna', 'text': ''}",{'type': 'link', 'href': 'https://www.ligafemenil.mx/cancha/playlist/95599/queretaro-vs-santos-laguna', 'text': ''}"

2018-2019,Clausura,{'type': 'text', 'value': 'Lunes 28 de Enero de 2019\nTemporada 2018-2019\nTorneo Clausura\nJornada 5\n28 Enero 2019 - 17:00 hrs.'}",{'type': 'link', 'href': 'https://www.ligafemenil.mx/cancha/informeArbitral/95601/eyJpZERpdmlzaW9uIjoiMTQiLCJpZFRlbXBvcmFkYSI6IjY5IiwiaWRUb3JuZW8iOiIyIiwiaWRDbHVibG9jYWwiOjExMjQyLCJpZENsdWJ2aXNpdGEiOjExMTg0fQ==/informe-arbitral-veracruz-vs-pachuca-jornada-5-estadio-luis-pirata-fuente-tibuvision', 'text': '0 - 3'}",{'type': 'link', 'href': 'https://www.ligafemenil.mx/cancha/estadio/57/estadio-luis-pirata-fuente', 'text': 'Luis Pirata Fuente'}",{'type': 'link', 'href': 'https://www.ligafemenil.mx/cancha/galeria/OTU2MDEvNS82OS8yLzE0/veracruz-vs-pachuca', 'text': ''}",{'type': 'link', 'href': 'https://www.ligafemenil.mx/cancha/playlist/95601/veracruz-vs-pachuca', 'text': ''}"

2018-2019,Clausura,{'type': 'text', 'value': 'Lunes 28 de Enero de 2019\nTemporada 2018-2019\nTorneo Clausura\nJornada 5\n28 Enero 2019 - 19:00 hrs.'}",{'type': 'link', 'href': 'https://www.ligafemenil.mx/cancha/informeArbitral/95602/eyJpZERpdmlzaW9uIjoiMTQiLCJpZFRlbXBvcmFkYSI6IjY5IiwiaWRUb3JuZW8iOiIyIiwiaWRDbHVibG9jYWwiOjExMjQzLCJpZENsdWJ2aXNpdGEiOjExMjQ1fQ==/informe-arbitral-leon-vs-atlas-jornada-5-estadio-nou-camp-fox-sports', 'text': '0 - 1'}",{'type': 'link', 'href': 'https://www.ligafemenil.mx/cancha/estadio/23/estadio-nou-camp', 'text': 'Nou Camp'}",{'type': 'link', 'href': 'https://www.ligafemenil.mx/cancha/galeria/OTU2MDIvNS82OS8yLzE0/leon-vs-atlas', 'text': ''}",{'type': 'link', 'href': 'https://www.ligafemenil.mx/cancha/playlist/95602/leon-vs-atlas', 'text': ''}"

2018-2019,Clausura,{'type': 'text', 'value': 'Lunes 28 de Enero de 2019\nTemporada 2018-2019\nTorneo Clausura\nJornada 5\n28 Enero 2019 - 20:00 hrs.'}",{'type': 'link', 'href': 'https://www.ligafemenil.mx/cancha/informeArbitral/95603/eyJpZERpdmlzaW9uIjoiMTQiLCJpZFRlbXBvcmFkYSI6IjY5IiwiaWRUb3JuZW8iOiIyIiwiaWRDbHVibG9jYWwiOjExMTg2LCJpZENsdWJ2aXNpdGEiOjExMTg1fQ==/informe-arbitral-tigres-de-la-uanl-vs-rayados-de-monterrey-jornada-5-estadio-universitario-univision-tdn', 'text': '1 - 1'}",{'type': 'link', 'href': 'https://www.ligafemenil.mx/cancha/estadio/12/estadio-universitario', 'text': 'Universitario'}",{'type': 'link', 'href': 'https://www.ligafemenil.mx/cancha/galeria/OTU2MDMvNS82OS8yLzE0/tigres-de-la-uanl-vs-rayados-de-monterrey', 'text': ''}",{'type': 'link', 'href': 'https://www.ligafemenil.mx/cancha/playlist/95603/tigres-de-la-uanl-vs-rayados-de-monterrey', 'text': ''}"

2018-2019,Clausura,{'type': 'text', 'value': 'Lunes 28 de Enero de 2019\nTemporada 2018-2019\nTorneo Clausura\nJornada 5\n28 Enero 2019 - 19:00 hrs.'}",{'type': 'link', 'href': 'https://www.ligafemenil.mx/cancha/informeArbitral/95605/eyJpZERpdmlzaW9uIjoiMTQiLCJpZFRlbXBvcmFkYSI6IjY5IiwiaWRUb3JuZW8iOiIyIiwiaWRDbHVibG9jYWwiOjExMTgwLCJpZENsdWJ2aXNpdGEiOjExMTkxfQ==/informe-arbitral-tijuana-vs-america-jornada-5-estadio-caliente-fox-sports', 'text': '0 - 1'}",{'type': 'link', 'href': 'https://www.ligafemenil.mx/cancha/estadio/48/estadio-caliente', 'text': 'Caliente'}",{'type': 'link', 'href': 'https://www.ligafemenil.mx/cancha/galeria/OTU2MDUvNS82OS8yLzE0/tijuana-vs-america', 'text': ''}",{'type': 'link', 'href': 'https://www.ligafemenil.mx/cancha/playlist/95605/tijuana-vs-america', 'text': ''}"

2018-2019,Clausura,{'type': 'text', 'value': 'Viernes 1 de Febrero de 2019\nTemporada 2018-2019\nTorneo Clausura\nJornada 6\n1 Febrero 2019 - 15:45 hrs.'}",{'type': 'link', 'href': 'https://www.ligafemenil.mx/cancha/informeArbitral/95611/eyJpZERpdmlzaW9uIjoiMTQiLCJpZFRlbXBvcmFkYSI6IjY5IiwiaWRUb3JuZW8iOiIyIiwiaWRDbHVibG9jYWwiOjExMTgxLCJpZENsdWJ2aXNpdGEiOjExNTQzfQ==/informe-arbitral-cruz-azul-vs-puebla-fc-jornada-6-estadio-10-de-diciembre-univision-tdn', 'text': '0 - 0'}",{'type': 'link', 'href': 'https://www.ligafemenil.mx/cancha/estadio/30/estadio-10-de-diciembre', 'text': '10 de Diciembre'}",{'type': 'link', 'href': 'https://www.ligafemenil.mx/cancha/galeria/OTU2MTEvNi82OS8yLzE0/cruz-azul-vs-puebla-fc', 'text': ''}",{'type': 'link', 'href': 'https://www.ligafemenil.mx/cancha/playlist/95611/cruz-azul-vs-puebla-fc', 'text': ''}"

2018-2019,Clausura,{'type': 'text', 'value': 'Viernes 1 de Febrero de 2019\nTemporada 2018-2019\nTorneo Clausura\nJornada 6\n1 Febrero 2019 - 16:00 hrs.'}",{'type': 'link', 'href': 'https://www.ligafemenil.mx/cancha/informeArbitral/95612/eyJpZERpdmlzaW9uIjoiMTQiLCJpZFRlbXBvcmFkYSI6IjY5IiwiaWRUb3JuZW8iOiIyIiwiaWRDbHVibG9jYWwiOjExMTg5LCJpZENsdWJ2aXNpdGEiOjExMTg2fQ==/informe-arbitral-necaxa-vs-tigres-de-la-uanl-jornada-6-estadio-victoria-claro-sports', 'text': '1 - 4'}",{'type': 'link', 'href': 'https://www.ligafemenil.mx/cancha/estadio/15/estadio-victoria', 'text': 'Victoria'}",{'type': 'link', 'href': 'https://www.ligafemenil.mx/cancha/galeria/OTU2MTIvNi82OS8yLzE0/necaxa-vs-tigres-de-la-uanl', 'text': ''}",{'type': 'link', 'href': 'https://www.ligafemenil.mx/cancha/playlist/95612/necaxa-vs-tigres-de-la-uanl', 'text': ''}"

2018-2019,Clausura,{'type': 'text', 'value': 'Sábado 2 de Febrero de 2019\nTemporada 2018-2019\nTorneo Clausura\nJornada 6\n2 Febrero 2019 - 12:00 hrs.'}",{'type': 'link', 'href': 'https://www.ligafemenil.mx/cancha/informeArbitral/95618/eyJpZERpdmlzaW9uIjoiMTQiLCJpZFRlbXBvcmFkYSI6IjY5IiwiaWRUb3JuZW8iOiIyIiwiaWRDbHVibG9jYWwiOjExMTkxLCJpZENsdWJ2aXNpdGEiOjExMTg4fQ==/informe-arbitral-america-vs-pumas-jornada-6-estadio-cancha-centenario-no-5-natural-instalaciones-club-america-univision-tdn', 'text': '0 - 1'}",{'type': 'link', 'href': 'https://www.ligafemenil.mx/cancha/estadio/1421/estadio-cancha-centenario-no-5-natural-instalaciones-club-america', 'text': 'Cancha Centenario No. 5 (Natural) Instalaciones Club América'}",{'type': 'link', 'href': 'https://www.ligafemenil.mx/cancha/galeria/OTU2MTgvNi82OS8yLzE0/america-vs-pumas', 'text': ''}",{'type': 'link', 'href': 'https://www.ligafemenil.mx/cancha/playlist/95618/america-vs-pumas', 'text': ''}"

2018-2019,Clausura,{'type': 'text', 'value': 'Domingo 3 de Febrero de 2019\nTemporada 2018-2019\nTorneo Clausura\nJornada 6\n3 Febrero 2019 - 10:30 hrs.'}",{'type': 'link', 'href': 'https://www.ligafemenil.mx/cancha/informeArbitral/95613/eyJpZERpdmlzaW9uIjoiMTQiLCJpZFRlbXBvcmFkYSI6IjY5IiwiaWRUb3JuZW8iOiIyIiwiaWRDbHVibG9jYWwiOjExMTg1LCJpZENsdWJ2aXNpdGEiOjExMjQ0fQ==/informe-arbitral-rayados-de-monterrey-vs-queretaro-jornada-6-estadio-el-barrial-c-1', 'text': '6 - 1'}",{'type': 'link', 'href': 'https://www.ligafemenil.mx/cancha/estadio/73/estadio-el-barrial-c-1', 'text': 'El Barrial C-1'}",{'type': 'link', 'href': 'https://www.ligafemenil.mx/cancha/galeria/OTU2MTMvNi82OS8yLzE0/rayados-de-monterrey-vs-queretaro', 'text': ''}",{'type': 'link', 'href': 'https://www.ligafemenil.mx/cancha/playlist/95613/rayados-de-monterrey-vs-queretaro', 'text': ''}"

2018-2019,Clausura,{'type': 'text', 'value': 'Domingo 3 de Febrero de 2019\nTemporada 2018-2019\nTorneo Clausura\nJornada 6\n3 Febrero 2019 - 12:00 hrs.'}",{'type': 'link', 'href': 'https://www.ligafemenil.mx/cancha/informeArbitral/95616/eyJpZERpdmlzaW9uIjoiMTQiLCJpZFRlbXBvcmFkYSI6IjY5IiwiaWRUb3JuZW8iOiIyIiwiaWRDbHVibG9jYWwiOjExMTgzLCJpZENsdWJ2aXNpdGEiOjExMTgyfQ==/informe-arbitral-m-morelia-vs-guadalajara-jornada-6-estadio-jose-maria-morelos-y-pavon-am', 'text': '0 - 1'}",{'type': 'link', 'href': 'https://www.ligafemenil.mx/cancha/estadio/10/estadio-jose-maria-morelos-y-pavon', 'text': 'José María Morelos y Pavón'}",{'type': 'link', 'href': 'https://www.ligafemenil.mx/cancha/galeria/OTU2MTYvNi82OS8yLzE0/m-morelia-vs-guadalajara', 'text': ''}",{'type': 'link', 'href': 'https://www.ligafemenil.mx/cancha/playlist/95616/m-morelia-vs-guadalajara', 'text': ''}"

2018-2019,Clausura,{'type': 'text', 'value': 'Lunes 4 de Febrero de 2019\nTemporada 2018-2019\nTorneo Clausura\nJornada 6\n4 Febrero 2019 - 12:00 hrs.'}",{'type': 'link', 'href': 'https://www.ligafemenil.mx/cancha/informeArbitral/95615/eyJpZERpdmlzaW9uIjoiMTQiLCJpZFRlbXBvcmFkYSI6IjY5IiwiaWRUb3JuZW8iOiIyIiwiaWRDbHVibG9jYWwiOjExNTQyLCJpZENsdWJ2aXNpdGEiOjExMjQyfQ==/informe-arbitral-lobos-vs-veracruz-jornada-6-estadio-universitario-buap-univision-tdn', 'text': '3 - 0'}",{'type': 'link', 'href': 'https://www.ligafemenil.mx/cancha/estadio/75/estadio-universitario-buap', 'text': 'Universitario BUAP'}",{'type': 'link', 'href': 'https://www.ligafemenil.mx/cancha/galeria/OTU2MTUvNi82OS8yLzE0/lobos-vs-veracruz', 'text': ''}",{'type': 'link', 'href': 'https://www.ligafemenil.mx/cancha/playlist/95615/lobos-vs-veracruz', 'text': ''}"

2018-2019,Clausura,{'type': 'text', 'value': 'Lunes 4 de Febrero de 2019\nTemporada 2018-2019\nTorneo Clausura\nJornada 6\n4 Febrero 2019 - 19:00 hrs.'}",{'type': 'link', 'href': 'https://www.ligafemenil.mx/cancha/informeArbitral/95621/eyJpZERpdmlzaW9uIjoiMTQiLCJpZFRlbXBvcmFkYSI6IjY5IiwiaWRUb3JuZW8iOiIyIiwiaWRDbHVibG9jYWwiOjExMTkyLCJpZENsdWJ2aXNpdGEiOjExMjQzfQ==/informe-arbitral-santos-laguna-vs-leon-jornada-6-estadio-tsm-corona-fox-sports', 'text': '0 - 1'}",{'type': 'link', 'href': 'https://www.ligafemenil.mx/cancha/estadio/63/estadio-tsm-corona', 'text': 'TSM Corona'}",{'type': 'link', 'href': 'https://www.ligafemenil.mx/cancha/galeria/OTU2MjEvNi82OS8yLzE0/santos-laguna-vs-leon', 'text': ''}",{'type': 'link', 'href': 'https://www.ligafemenil.mx/cancha/playlist/95621/santos-laguna-vs-leon', 'text': ''}"

2018-2019,Clausura,{'type': 'text', 'value': 'Lunes 4 de Febrero de 2019\nTemporada 2018-2019\nTorneo Clausura\nJornada 6\n4 Febrero 2019 - 19:00 hrs.'}",{'type': 'link', 'href': 'https://www.ligafemenil.mx/cancha/informeArbitral/95620/eyJpZERpdmlzaW9uIjoiMTQiLCJpZFRlbXBvcmFkYSI6IjY5IiwiaWRUb3JuZW8iOiIyIiwiaWRDbHVibG9jYWwiOjExMTgwLCJpZENsdWJ2aXNpdGEiOjExMTg3fQ==/informe-arbitral-tijuana-vs-toluca-jornada-6-estadio-caliente-fox-sports', 'text': '1 - 0'}",{'type': 'link', 'href': 'https://www.ligafemenil.mx/cancha/estadio/48/estadio-caliente', 'text': 'Caliente'}",{'type': 'link', 'href': 'https://www.ligafemenil.mx/cancha/galeria/OTU2MjAvNi82OS8yLzE0/tijuana-vs-toluca', 'text': ''}",{'type': 'link', 'href': 'https://www.ligafemenil.mx/cancha/playlist/95620/tijuana-vs-toluca', 'text': ''}"

2018-2019,Clausura,{'type': 'text', 'value': 'Viernes 8 de Febrero de 2019\nTemporada 2018-2019\nTorneo Clausura\nJornada 7\n8 Febrero 2019 - 16:00 hrs.'}",{'type': 'link', 'href': 'https://www.ligafemenil.mx/cancha/informeArbitral/95625/eyJpZERpdmlzaW9uIjoiMTQiLCJpZFRlbXBvcmFkYSI6IjY5IiwiaWRUb3JuZW8iOiIyIiwiaWRDbHVibG9jYWwiOjExMjQ0LCJpZENsdWJ2aXNpdGEiOjExMTg5fQ==/informe-arbitral-queretaro-vs-necaxa-jornada-7-estadio-la-corregidora-tvc-deportes', 'text': '1 - 1'}",{'type': 'link', 'href': 'https://www.ligafemenil.mx/cancha/estadio/25/estadio-la-corregidora', 'text': 'La Corregidora'}",{'type': 'link', 'href': 'https://www.ligafemenil.mx/cancha/galeria/OTU2MjUvNy82OS8yLzE0/queretaro-vs-necaxa', 'text': ''}",{'type': 'link', 'href': 'https://www.ligafemenil.mx/cancha/playlist/95625/queretaro-vs-necaxa', 'text': ''}"

2018-2019,Clausura,{'type': 'text', 'value': 'Sábado 9 de Febrero de 2019\nTemporada 2018-2019\nTorneo Clausura\nJornada 7\n9 Febrero 2019 - 11:00 hrs.'}",{'type': 'link', 'href': 'https://www.ligafemenil.mx/cancha/informeArbitral/95626/eyJpZERpdmlzaW9uIjoiMTQiLCJpZFRlbXBvcmFkYSI6IjY5IiwiaWRUb3JuZW8iOiIyIiwiaWRDbHVibG9jYWwiOjExMjQ1LCJpZENsdWJ2aXNpdGEiOjExMTkyfQ==/informe-arbitral-atlas-vs-santos-laguna-jornada-7-estadio-colomos-tvc-deportes', 'text': '3 - 4'}",{'type': 'link', 'href': 'https://www.ligafemenil.mx/cancha/estadio/109/estadio-colomos', 'text': 'Colomos'}",{'type': 'link', 'href': 'https://www.ligafemenil.mx/cancha/galeria/OTU2MjYvNy82OS8yLzE0/atlas-vs-santos-laguna', 'text': ''}",{'type': 'link', 'href': 'https://www.ligafemenil.mx/cancha/playlist/95626/atlas-vs-santos-laguna', 'text': ''}"

2018-2019,Clausura,{'type': 'text', 'value': 'Sábado 9 de Febrero de 2019\nTemporada 2018-2019\nTorneo Clausura\nJornada 7\n9 Febrero 2019 - 12:00 hrs.'}",{'type': 'link', 'href': 'https://www.ligafemenil.mx/cancha/informeArbitral/95627/eyJpZERpdmlzaW9uIjoiMTQiLCJpZFRlbXBvcmFkYSI6IjY5IiwiaWRUb3JuZW8iOiIyIiwiaWRDbHVibG9jYWwiOjExMTg4LCJpZENsdWJ2aXNpdGEiOjExMTg3fQ==/informe-arbitral-pumas-vs-toluca-jornada-7-estadio-la-cantera-cancha-1-univision-tdn', 'text': '0 - 1'}",{'type': 'link', 'href': 'https://www.ligafemenil.mx/cancha/estadio/1146/estadio-la-cantera-cancha-1', 'text': 'La Cantera Cancha 1'}",{'type': 'link', 'href': 'https://www.ligafemenil.mx/cancha/galeria/OTU2MjcvNy82OS8yLzE0/pumas-vs-toluca', 'text': ''}",{'type': 'link', 'href': 'https://www.ligafemenil.mx/cancha/playlist/95627/pumas-vs-toluca', 'text': ''}"

2018-2019,Clausura,{'type': 'text', 'value': 'Lunes 11 de Febrero de 2019\nTemporada 2018-2019\nTorneo Clausura\nJornada 7\n11 Febrero 2019 - 17:00 hrs.'}",{'type': 'link', 'href': 'https://www.ligafemenil.mx/cancha/informeArbitral/95629/eyJpZERpdmlzaW9uIjoiMTQiLCJpZFRlbXBvcmFkYSI6IjY5IiwiaWRUb3JuZW8iOiIyIiwiaWRDbHVibG9jYWwiOjExMjQyLCJpZENsdWJ2aXNpdGEiOjExMTkxfQ==/informe-arbitral-veracruz-vs-america-jornada-7-estadio-luis-pirata-fuente-tibuvision', 'text': '0 - 0'}",{'type': 'link', 'href': 'https://www.ligafemenil.mx/cancha/estadio/57/estadio-luis-pirata-fuente', 'text': 'Luis Pirata Fuente'}",{'type': 'link', 'href': 'https://www.ligafemenil.mx/cancha/galeria/OTU2MjkvNy82OS8yLzE0/veracruz-vs-america', 'text': ''}",{'type': 'link', 'href': 'https://www.ligafemenil.mx/cancha/playlist/95629/veracruz-vs-america', 'text': ''}"

2018-2019,Clausura,{'type': 'text', 'value': 'Lunes 11 de Febrero de 2019\nTemporada 2018-2019\nTorneo Clausura\nJornada 7\n11 Febrero 2019 - 19:00 hrs.'}",{'type': 'link', 'href': 'https://www.ligafemenil.mx/cancha/informeArbitral/95631/eyJpZERpdmlzaW9uIjoiMTQiLCJpZFRlbXBvcmFkYSI6IjY5IiwiaWRUb3JuZW8iOiIyIiwiaWRDbHVibG9jYWwiOjExMTg0LCJpZENsdWJ2aXNpdGEiOjExNTQyfQ==/informe-arbitral-pachuca-vs-lobos-jornada-7-estadio-hidalgo-fox-sports', 'text': '3 - 0'}",{'type': 'link', 'href': 'https://www.ligafemenil.mx/cancha/estadio/11/estadio-hidalgo', 'text': 'Hidalgo'}",{'type': 'link', 'href': 'https://www.ligafemenil.mx/cancha/galeria/OTU2MzEvNy82OS8yLzE0/pachuca-vs-lobos', 'text': ''}",{'type': 'link', 'href': 'https://www.ligafemenil.mx/cancha/playlist/95631/pachuca-vs-lobos', 'text': ''}"

2018-2019,Clausura,{'type': 'text', 'value': 'Lunes 11 de Febrero de 2019\nTemporada 2018-2019\nTorneo Clausura\nJornada 7\n11 Febrero 2019 - 20:00 hrs.'}",{'type': 'link', 'href': 'https://www.ligafemenil.mx/cancha/informeArbitral/95633/eyJpZERpdmlzaW9uIjoiMTQiLCJpZFRlbXBvcmFkYSI6IjY5IiwiaWRUb3JuZW8iOiIyIiwiaWRDbHVibG9jYWwiOjExMTg2LCJpZENsdWJ2aXNpdGEiOjExMTgzfQ==/informe-arbitral-tigres-de-la-uanl-vs-m-morelia-jornada-7-estadio-universitario-univision-tdn', 'text': '4 - 0'}",{'type': 'link', 'href': 'https://www.ligafemenil.mx/cancha/estadio/12/estadio-universitario', 'text': 'Universitario'}",{'type': 'link', 'href': 'https://www.ligafemenil.mx/cancha/galeria/OTU2MzMvNy82OS8yLzE0/tigres-de-la-uanl-vs-m-morelia', 'text': ''}",{'type': 'link', 'href': 'https://www.ligafemenil.mx/cancha/playlist/95633/tigres-de-la-uanl-vs-m-morelia', 'text': ''}"

2018-2019,Clausura,{'type': 'text', 'value': 'Lunes 11 de Febrero de 2019\nTemporada 2018-2019\nTorneo Clausura\nJornada 7\n11 Febrero 2019 - 19:00 hrs.'}",{'type': 'link', 'href': 'https://www.ligafemenil.mx/cancha/informeArbitral/95634/eyJpZERpdmlzaW9uIjoiMTQiLCJpZFRlbXBvcmFkYSI6IjY5IiwiaWRUb3JuZW8iOiIyIiwiaWRDbHVibG9jYWwiOjExMTgwLCJpZENsdWJ2aXNpdGEiOjExMTgxfQ==/informe-arbitral-tijuana-vs-cruz-azul-jornada-7-estadio-caliente', 'text': '0 - 2'}",{'type': 'link', 'href': 'https://www.ligafemenil.mx/cancha/estadio/48/estadio-caliente', 'text': 'Caliente'}",{'type': 'link', 'href': 'https://www.ligafemenil.mx/cancha/galeria/OTU2MzQvNy82OS8yLzE0/tijuana-vs-cruz-azul', 'text': ''}",{'type': 'link', 'href': 'https://www.ligafemenil.mx/cancha/playlist/95634/tijuana-vs-cruz-azul', 'text': ''}"

2018-2019,Clausura,{'type': 'text', 'value': 'Lunes 11 de Febrero de 2019\nTemporada 2018-2019\nTorneo Clausura\nJornada 7\n11 Febrero 2019 - 21:00 hrs.'}",{'type': 'link', 'href': 'https://www.ligafemenil.mx/cancha/informeArbitral/95624/eyJpZERpdmlzaW9uIjoiMTQiLCJpZFRlbXBvcmFkYSI6IjY5IiwiaWRUb3JuZW8iOiIyIiwiaWRDbHVibG9jYWwiOjExMjQzLCJpZENsdWJ2aXNpdGEiOjExMTg1fQ==/informe-arbitral-leon-vs-rayados-de-monterrey-jornada-7-estadio-nou-camp-fox-sports', 'text': '1 - 1'}",{'type': 'link', 'href': 'https://www.ligafemenil.mx/cancha/estadio/23/estadio-nou-camp', 'text': 'Nou Camp'}",{'type': 'link', 'href': 'https://www.ligafemenil.mx/cancha/galeria/OTU2MjQvNy82OS8yLzE0/leon-vs-rayados-de-monterrey', 'text': ''}",{'type': 'link', 'href': 'https://www.ligafemenil.mx/cancha/playlist/95624/leon-vs-rayados-de-monterrey', 'text': ''}"

2018-2019,Clausura,{'type': 'text', 'value': 'Viernes 15 de Febrero de 2019\nTemporada 2018-2019\nTorneo Clausura\nJornada 8\n15 Febrero 2019 - 15:45 hrs.'}",{'type': 'link', 'href': 'https://www.ligafemenil.mx/cancha/informeArbitral/95637/eyJpZERpdmlzaW9uIjoiMTQiLCJpZFRlbXBvcmFkYSI6IjY5IiwiaWRUb3JuZW8iOiIyIiwiaWRDbHVibG9jYWwiOjExMTgxLCJpZENsdWJ2aXNpdGEiOjExMTg4fQ==/informe-arbitral-cruz-azul-vs-pumas-jornada-8-estadio-10-de-diciembre-univision-tdn', 'text': '1 - 3'}",{'type': 'link', 'href': 'https://www.ligafemenil.mx/cancha/estadio/30/estadio-10-de-diciembre', 'text': '10 de Diciembre'}",{'type': 'link', 'href': 'https://www.ligafemenil.mx/cancha/galeria/OTU2MzcvOC82OS8yLzE0/cruz-azul-vs-pumas', 'text': ''}",{'type': 'link', 'href': 'https://www.ligafemenil.mx/cancha/playlist/95637/cruz-azul-vs-pumas', 'text': ''}"

2018-2019,Clausura,{'type': 'text', 'value': 'Viernes 15 de Febrero de 2019\nTemporada 2018-2019\nTorneo Clausura\nJornada 8\n15 Febrero 2019 - 16:00 hrs.'}",{'type': 'link', 'href': 'https://www.ligafemenil.mx/cancha/informeArbitral/95638/eyJpZERpdmlzaW9uIjoiMTQiLCJpZFRlbXBvcmFkYSI6IjY5IiwiaWRUb3JuZW8iOiIyIiwiaWRDbHVibG9jYWwiOjExMTg5LCJpZENsdWJ2aXNpdGEiOjExMjQzfQ==/informe-arbitral-necaxa-vs-leon-jornada-8-estadio-victoria-claro-sports', 'text': '0 - 1'}",{'type': 'link', 'href': 'https://www.ligafemenil.mx/cancha/estadio/15/estadio-victoria', 'text': 'Victoria'}",{'type': 'link', 'href': 'https://www.ligafemenil.mx/cancha/galeria/OTU2MzgvOC82OS8yLzE0/necaxa-vs-leon', 'text': ''}",{'type': 'link', 'href': 'https://www.ligafemenil.mx/cancha/playlist/95638/necaxa-vs-leon', 'text': ''}"

2018-2019,Clausura,{'type': 'text', 'value': 'Sábado 16 de Febrero de 2019\nTemporada 2018-2019\nTorneo Clausura\nJornada 8\n16 Febrero 2019 - 12:00 hrs.'}",{'type': 'link', 'href': 'https://www.ligafemenil.mx/cancha/informeArbitral/95642/eyJpZERpdmlzaW9uIjoiMTQiLCJpZFRlbXBvcmFkYSI6IjY5IiwiaWRUb3JuZW8iOiIyIiwiaWRDbHVibG9jYWwiOjExMTkxLCJpZENsdWJ2aXNpdGEiOjExMTg0fQ==/informe-arbitral-america-vs-pachuca-jornada-8-estadio-cancha-centenario-no-5-natural-instalaciones-club-america-univision-tdn', 'text': '2 - 0'}",{'type': 'link', 'href': 'https://www.ligafemenil.mx/cancha/estadio/1421/estadio-cancha-centenario-no-5-natural-instalaciones-club-america', 'text': 'Cancha Centenario No. 5 (Natural) Instalaciones Club América'}",{'type': 'link', 'href': 'https://www.ligafemenil.mx/cancha/galeria/OTU2NDIvOC82OS8yLzE0/america-vs-pachuca', 'text': ''}",{'type': 'link', 'href': 'https://www.ligafemenil.mx/cancha/playlist/95642/america-vs-pachuca', 'text': ''}"

2018-2019,Clausura,{'type': 'text', 'value': 'Domingo 17 de Febrero de 2019\nTemporada 2018-2019\nTorneo Clausura\nJornada 8\n17 Febrero 2019 - 12:00 hrs.'}",{'type': 'link', 'href': 'https://www.ligafemenil.mx/cancha/informeArbitral/95639/eyJpZERpdmlzaW9uIjoiMTQiLCJpZFRlbXBvcmFkYSI6IjY5IiwiaWRUb3JuZW8iOiIyIiwiaWRDbHVibG9jYWwiOjExNTQzLCJpZENsdWJ2aXNpdGEiOjExMTgwfQ==/informe-arbitral-puebla-fc-vs-tijuana-jornada-8-estadio-cuauhtemoc-tvc-deportes', 'text': '0 - 0'}",{'type': 'link', 'href': 'https://www.ligafemenil.mx/cancha/estadio/9/estadio-cuauhtemoc', 'text': 'Cuauhtémoc'}",{'type': 'link', 'href': 'https://www.ligafemenil.mx/cancha/galeria/OTU2MzkvOC82OS8yLzE0/puebla-fc-vs-tijuana', 'text': ''}",{'type': 'link', 'href': 'https://www.ligafemenil.mx/cancha/playlist/95639/puebla-fc-vs-tijuana', 'text': ''}"

2018-2019,Clausura,{'type': 'text', 'value': 'Domingo 17 de Febrero de 2019\nTemporada 2018-2019\nTorneo Clausura\nJornada 8\n17 Febrero 2019 - 12:00 hrs.'}",{'type': 'link', 'href': 'https://www.ligafemenil.mx/cancha/informeArbitral/95640/eyJpZERpdmlzaW9uIjoiMTQiLCJpZFRlbXBvcmFkYSI6IjY5IiwiaWRUb3JuZW8iOiIyIiwiaWRDbHVibG9jYWwiOjExMTgzLCJpZENsdWJ2aXNpdGEiOjExMjQ0fQ==/informe-arbitral-m-morelia-vs-queretaro-jornada-8-estadio-jose-maria-morelos-y-pavon-am', 'text': '3 - 1'}",{'type': 'link', 'href': 'https://www.ligafemenil.mx/cancha/estadio/10/estadio-jose-maria-morelos-y-pavon', 'text': 'José María Morelos y Pavón'}",{'type': 'link', 'href': 'https://www.ligafemenil.mx/cancha/galeria/OTU2NDAvOC82OS8yLzE0/m-morelia-vs-queretaro', 'text': ''}",{'type': 'link', 'href': 'https://www.ligafemenil.mx/cancha/playlist/95640/m-morelia-vs-queretaro', 'text': ''}"

2018-2019,Clausura,{'type': 'text', 'value': 'Lunes 18 de Febrero de 2019\nTemporada 2018-2019\nTorneo Clausura\nJornada 8\n18 Febrero 2019 - 18:00 hrs.'}",{'type': 'link', 'href': 'https://www.ligafemenil.mx/cancha/informeArbitral/95641/eyJpZERpdmlzaW9uIjoiMTQiLCJpZFRlbXBvcmFkYSI6IjY5IiwiaWRUb3JuZW8iOiIyIiwiaWRDbHVibG9jYWwiOjExMTg3LCJpZENsdWJ2aXNpdGEiOjExMjQyfQ==/informe-arbitral-toluca-vs-veracruz-jornada-8-estadio-nemesio-diez-univision-tdn', 'text': '1 - 2'}",{'type': 'link', 'href': 'https://www.ligafemenil.mx/cancha/estadio/6/estadio-nemesio-diez', 'text': 'Nemesio Diez'}",{'type': 'link', 'href': 'https://www.ligafemenil.mx/cancha/galeria/OTU2NDEvOC82OS8yLzE0/toluca-vs-veracruz', 'text': ''}",{'type': 'link', 'href': 'https://www.ligafemenil.mx/cancha/playlist/95641/toluca-vs-veracruz', 'text': ''}"

2018-2019,Clausura,{'type': 'text', 'value': 'Lunes 18 de Febrero de 2019\nTemporada 2018-2019\nTorneo Clausura\nJornada 8\n18 Febrero 2019 - 19:00 hrs.'}",{'type': 'link', 'href': 'https://www.ligafemenil.mx/cancha/informeArbitral/95635/eyJpZERpdmlzaW9uIjoiMTQiLCJpZFRlbXBvcmFkYSI6IjY5IiwiaWRUb3JuZW8iOiIyIiwiaWRDbHVibG9jYWwiOjExMTgyLCJpZENsdWJ2aXNpdGEiOjExMTg2fQ==/informe-arbitral-guadalajara-vs-tigres-de-la-uanl-jornada-8-estadio-akron-fox-sports', 'text': '0 - 0'}",{'type': 'link', 'href': 'https://www.ligafemenil.mx/cancha/estadio/1538/estadio-akron', 'text': 'Estadio AKRON'}",{'type': 'link', 'href': 'https://www.ligafemenil.mx/cancha/galeria/OTU2MzUvOC82OS8yLzE0/guadalajara-vs-tigres-de-la-uanl', 'text': ''}",{'type': 'link', 'href': 'https://www.ligafemenil.mx/cancha/playlist/95635/guadalajara-vs-tigres-de-la-uanl', 'text': ''}"

2018-2019,Clausura,{'type': 'text', 'value': 'Lunes 18 de Febrero de 2019\nTemporada 2018-2019\nTorneo Clausura\nJornada 8\n18 Febrero 2019 - 21:00 hrs.'}",{'type': 'link', 'href': 'https://www.ligafemenil.mx/cancha/informeArbitral/95636/eyJpZERpdmlzaW9uIjoiMTQiLCJpZFRlbXBvcmFkYSI6IjY5IiwiaWRUb3JuZW8iOiIyIiwiaWRDbHVibG9jYWwiOjExMTg1LCJpZENsdWJ2aXNpdGEiOjExMjQ1fQ==/informe-arbitral-rayados-de-monterrey-vs-atlas-jornada-8-estadio-bbva-bancomer-fox-sports', 'text': '1 - 0'}",{'type': 'link', 'href': 'https://www.ligafemenil.mx/cancha/estadio/793/estadio-bbva-bancomer', 'text': 'Estadio BBVA Bancomer'}",{'type': 'link', 'href': 'https://www.ligafemenil.mx/cancha/galeria/OTU2MzYvOC82OS8yLzE0/rayados-de-monterrey-vs-atlas', 'text': ''}",{'type': 'link', 'href': 'https://www.ligafemenil.mx/cancha/playlist/95636/rayados-de-monterrey-vs-atlas', 'text': ''}"

2018-2019,Clausura,{'type': 'text', 'value': 'Miércoles 20 de Febrero de 2019\nTemporada 2018-2019\nTorneo Clausura\nJornada 9\n20 Febrero 2019 - 12:00 hrs.'}",{'type': 'link', 'href': 'https://www.ligafemenil.mx/cancha/informeArbitral/95646/eyJpZERpdmlzaW9uIjoiMTQiLCJpZFRlbXBvcmFkYSI6IjY5IiwiaWRUb3JuZW8iOiIyIiwiaWRDbHVibG9jYWwiOjExMTg4LCJpZENsdWJ2aXNpdGEiOjExNTQzfQ==/informe-arbitral-pumas-vs-puebla-fc-jornada-9-estadio-la-cantera-cancha-1-univision-tdn', 'text': '0 - 1'}",{'type': 'link', 'href': 'https://www.ligafemenil.mx/cancha/estadio/1146/estadio-la-cantera-cancha-1', 'text': 'La Cantera Cancha 1'}",{'type': 'link', 'href': 'https://www.ligafemenil.mx/cancha/galeria/OTU2NDYvOS82OS8yLzE0/pumas-vs-puebla-fc', 'text': ''}",{'type': 'link', 'href': 'https://www.ligafemenil.mx/cancha/playlist/95646/pumas-vs-puebla-fc', 'text': ''}"

2018-2019,Clausura,{'type': 'text', 'value': 'Miércoles 20 de Febrero de 2019\nTemporada 2018-2019\nTorneo Clausura\nJornada 9\n20 Febrero 2019 - 16:00 hrs.'}",{'type': 'link', 'href': 'https://www.ligafemenil.mx/cancha/informeArbitral/95650/eyJpZERpdmlzaW9uIjoiMTQiLCJpZFRlbXBvcmFkYSI6IjY5IiwiaWRUb3JuZW8iOiIyIiwiaWRDbHVibG9jYWwiOjExNTQyLCJpZENsdWJ2aXNpdGEiOjExMTkxfQ==/informe-arbitral-lobos-vs-america-jornada-9-estadio-universitario-buap-univision-tdn', 'text': '1 - 2'}",{'type': 'link', 'href': 'https://www.ligafemenil.mx/cancha/estadio/75/estadio-universitario-buap', 'text': 'Universitario BUAP'}",{'type': 'link', 'href': 'https://www.ligafemenil.mx/cancha/galeria/OTU2NTAvOS82OS8yLzE0/lobos-vs-america', 'text': ''}",{'type': 'link', 'href': 'https://www.ligafemenil.mx/cancha/playlist/95650/lobos-vs-america', 'text': ''}"

2018-2019,Clausura,{'type': 'text', 'value': 'Jueves 21 de Febrero de 2019\nTemporada 2018-2019\nTorneo Clausura\nJornada 9\n21 Febrero 2019 - 10:00 hrs.'}",{'type': 'link', 'href': 'https://www.ligafemenil.mx/cancha/informeArbitral/95654/eyJpZERpdmlzaW9uIjoiMTQiLCJpZFRlbXBvcmFkYSI6IjY5IiwiaWRUb3JuZW8iOiIyIiwiaWRDbHVibG9jYWwiOjExMjQyLCJpZENsdWJ2aXNpdGEiOjExMTgxfQ==/informe-arbitral-veracruz-vs-cruz-azul-jornada-9-estadio-luis-pirata-fuente-tibuvision', 'text': '0 - 3'}",{'type': 'link', 'href': 'https://www.ligafemenil.mx/cancha/estadio/57/estadio-luis-pirata-fuente', 'text': 'Luis Pirata Fuente'}",{'type': 'link', 'href': 'https://www.ligafemenil.mx/cancha/galeria/OTU2NTQvOS82OS8yLzE0/veracruz-vs-cruz-azul', 'text': ''}",{'type': 'link', 'href': 'https://www.ligafemenil.mx/cancha/playlist/95654/veracruz-vs-cruz-azul', 'text': ''}"

2018-2019,Clausura,{'type': 'text', 'value': 'Jueves 21 de Febrero de 2019\nTemporada 2018-2019\nTorneo Clausura\nJornada 9\n21 Febrero 2019 - 11:00 hrs.'}",{'type': 'link', 'href': 'https://www.ligafemenil.mx/cancha/informeArbitral/95644/eyJpZERpdmlzaW9uIjoiMTQiLCJpZFRlbXBvcmFkYSI6IjY5IiwiaWRUb3JuZW8iOiIyIiwiaWRDbHVibG9jYWwiOjExMjQ1LCJpZENsdWJ2aXNpdGEiOjExMTg5fQ==/informe-arbitral-atlas-vs-necaxa-jornada-9-estadio-colomos-tvc-deportes', 'text': '3 - 1'}",{'type': 'link', 'href': 'https://www.ligafemenil.mx/cancha/estadio/109/estadio-colomos', 'text': 'Colomos'}",{'type': 'link', 'href': 'https://www.ligafemenil.mx/cancha/galeria/OTU2NDQvOS82OS8yLzE0/atlas-vs-necaxa', 'text': ''}",{'type': 'link', 'href': 'https://www.ligafemenil.mx/cancha/playlist/95644/atlas-vs-necaxa', 'text': ''}"

2018-2019,Clausura,{'type': 'text', 'value': 'Jueves 21 de Febrero de 2019\nTemporada 2018-2019\nTorneo Clausura\nJornada 9\n21 Febrero 2019 - 16:00 hrs.'}",{'type': 'link', 'href': 'https://www.ligafemenil.mx/cancha/informeArbitral/95648/eyJpZERpdmlzaW9uIjoiMTQiLCJpZFRlbXBvcmFkYSI6IjY5IiwiaWRUb3JuZW8iOiIyIiwiaWRDbHVibG9jYWwiOjExMjQ0LCJpZENsdWJ2aXNpdGEiOjExMTgyfQ==/informe-arbitral-queretaro-vs-guadalajara-jornada-9-estadio-la-corregidora-tvc-deportes', 'text': '0 - 1'}",{'type': 'link', 'href': 'https://www.ligafemenil.mx/cancha/estadio/25/estadio-la-corregidora', 'text': 'La Corregidora'}",{'type': 'link', 'href': 'https://www.ligafemenil.mx/cancha/galeria/OTU2NDgvOS82OS8yLzE0/queretaro-vs-guadalajara', 'text': ''}",{'type': 'link', 'href': 'https://www.ligafemenil.mx/cancha/playlist/95648/queretaro-vs-guadalajara', 'text': ''}"

2018-2019,Clausura,{'type': 'text', 'value': 'Jueves 21 de Febrero de 2019\nTemporada 2018-2019\nTorneo Clausura\nJornada 9\n21 Febrero 2019 - 16:00 hrs.'}",{'type': 'link', 'href': 'https://www.ligafemenil.mx/cancha/informeArbitral/95649/eyJpZERpdmlzaW9uIjoiMTQiLCJpZFRlbXBvcmFkYSI6IjY5IiwiaWRUb3JuZW8iOiIyIiwiaWRDbHVibG9jYWwiOjExMjQzLCJpZENsdWJ2aXNpdGEiOjExMTgzfQ==/informe-arbitral-leon-vs-m-morelia-jornada-9-estadio-nou-camp', 'text': '2 - 2'}",{'type': 'link', 'href': 'https://www.ligafemenil.mx/cancha/estadio/23/estadio-nou-camp', 'text': 'Nou Camp'}",{'type': 'link', 'href': 'https://www.ligafemenil.mx/cancha/galeria/OTU2NDkvOS82OS8yLzE0/leon-vs-m-morelia', 'text': ''}",{'type': 'link', 'href': 'https://www.ligafemenil.mx/cancha/playlist/95649/leon-vs-m-morelia', 'text': ''}"

2018-2019,Clausura,{'type': 'text', 'value': 'Jueves 21 de Febrero de 2019\nTemporada 2018-2019\nTorneo Clausura\nJornada 9\n21 Febrero 2019 - 19:00 hrs.'}",{'type': 'link', 'href': 'https://www.ligafemenil.mx/cancha/informeArbitral/95652/eyJpZERpdmlzaW9uIjoiMTQiLCJpZFRlbXBvcmFkYSI6IjY5IiwiaWRUb3JuZW8iOiIyIiwiaWRDbHVibG9jYWwiOjExMTg0LCJpZENsdWJ2aXNpdGEiOjExMTg3fQ==/informe-arbitral-pachuca-vs-toluca-jornada-9-estadio-hidalgo-fox-sports', 'text': '3 - 0'}",{'type': 'link', 'href': 'https://www.ligafemenil.mx/cancha/estadio/11/estadio-hidalgo', 'text': 'Hidalgo'}",{'type': 'link', 'href': 'https://www.ligafemenil.mx/cancha/galeria/OTU2NTIvOS82OS8yLzE0/pachuca-vs-toluca', 'text': ''}",{'type': 'link', 'href': 'https://www.ligafemenil.mx/cancha/playlist/95652/pachuca-vs-toluca', 'text': ''}"

2018-2019,Clausura,{'type': 'text', 'value': 'Jueves 21 de Febrero de 2019\nTemporada 2018-2019\nTorneo Clausura\nJornada 9\n21 Febrero 2019 - 21:00 hrs.'}",{'type': 'link', 'href': 'https://www.ligafemenil.mx/cancha/informeArbitral/95645/eyJpZERpdmlzaW9uIjoiMTQiLCJpZFRlbXBvcmFkYSI6IjY5IiwiaWRUb3JuZW8iOiIyIiwiaWRDbHVibG9jYWwiOjExMTkyLCJpZENsdWJ2aXNpdGEiOjExMTg1fQ==/informe-arbitral-santos-laguna-vs-rayados-de-monterrey-jornada-9-estadio-tsm-corona-fox-sports', 'text': '0 - 1'}",{'type': 'link', 'href': 'https://www.ligafemenil.mx/cancha/estadio/63/estadio-tsm-corona', 'text': 'TSM Corona'}",{'type': 'link', 'href': 'https://www.ligafemenil.mx/cancha/galeria/OTU2NDUvOS82OS8yLzE0/santos-laguna-vs-rayados-de-monterrey', 'text': ''}",{'type': 'link', 'href': 'https://www.ligafemenil.mx/cancha/playlist/95645/santos-laguna-vs-rayados-de-monterrey', 'text': ''}"

2018-2019,Clausura,{'type': 'text', 'value': 'Sábado 23 de Febrero de 2019\nTemporada 2018-2019\nTorneo Clausura\nJornada 10\n23 Febrero 2019 - 12:00 hrs.'}",{'type': 'link', 'href': 'https://www.ligafemenil.mx/cancha/informeArbitral/95657/eyJpZERpdmlzaW9uIjoiMTQiLCJpZFRlbXBvcmFkYSI6IjY5IiwiaWRUb3JuZW8iOiIyIiwiaWRDbHVibG9jYWwiOjExMTg4LCJpZENsdWJ2aXNpdGEiOjExMTgwfQ==/informe-arbitral-pumas-vs-tijuana-jornada-10-estadio-la-cantera-cancha-1-univision-tdn', 'text': '3 - 0'}",{'type': 'link', 'href': 'https://www.ligafemenil.mx/cancha/estadio/1146/estadio-la-cantera-cancha-1', 'text': 'La Cantera Cancha 1'}",{'type': 'link', 'href': 'https://www.ligafemenil.mx/cancha/galeria/OTU2NTcvMTAvNjkvMi8xNA==/pumas-vs-tijuana', 'text': ''}",{'type': 'link', 'href': 'https://www.ligafemenil.mx/cancha/playlist/95657/pumas-vs-tijuana', 'text': ''}"

2018-2019,Clausura,{'type': 'text', 'value': 'Domingo 24 de Febrero de 2019\nTemporada 2018-2019\nTorneo Clausura\nJornada 10\n24 Febrero 2019 - 12:00 hrs.'}",{'type': 'link', 'href': 'https://www.ligafemenil.mx/cancha/informeArbitral/95660/eyJpZERpdmlzaW9uIjoiMTQiLCJpZFRlbXBvcmFkYSI6IjY5IiwiaWRUb3JuZW8iOiIyIiwiaWRDbHVibG9jYWwiOjExMjQ1LCJpZENsdWJ2aXNpdGEiOjExMTgzfQ==/informe-arbitral-atlas-vs-m-morelia-jornada-10-estadio-jalisco-tvc-deportes', 'text': '2 - 0'}",{'type': 'link', 'href': 'https://www.ligafemenil.mx/cancha/estadio/5/estadio-jalisco', 'text': 'Jalisco'}",{'type': 'link', 'href': 'https://www.ligafemenil.mx/cancha/galeria/OTU2NjAvMTAvNjkvMi8xNA==/atlas-vs-m-morelia', 'text': ''}",{'type': 'link', 'href': 'https://www.ligafemenil.mx/cancha/playlist/95660/atlas-vs-m-morelia', 'text': ''}"

2018-2019,Clausura,{'type': 'text', 'value': 'Domingo 24 de Febrero de 2019\nTemporada 2018-2019\nTorneo Clausura\nJornada 10\n24 Febrero 2019 - 16:00 hrs.'}",{'type': 'link', 'href': 'https://www.ligafemenil.mx/cancha/informeArbitral/95662/eyJpZERpdmlzaW9uIjoiMTQiLCJpZFRlbXBvcmFkYSI6IjY5IiwiaWRUb3JuZW8iOiIyIiwiaWRDbHVibG9jYWwiOjExMjQ0LCJpZENsdWJ2aXNpdGEiOjExMTg2fQ==/informe-arbitral-queretaro-vs-tigres-de-la-uanl-jornada-10-estadio-la-corregidora-tvc-deportes', 'text': '1 - 4'}",{'type': 'link', 'href': 'https://www.ligafemenil.mx/cancha/estadio/25/estadio-la-corregidora', 'text': 'La Corregidora'}",{'type': 'link', 'href': 'https://www.ligafemenil.mx/cancha/galeria/OTU2NjIvMTAvNjkvMi8xNA==/queretaro-vs-tigres-de-la-uanl', 'text': ''}",{'type': 'link', 'href': 'https://www.ligafemenil.mx/cancha/playlist/95662/queretaro-vs-tigres-de-la-uanl', 'text': ''}"

2018-2019,Clausura,{'type': 'text', 'value': 'Lunes 25 de Febrero de 2019\nTemporada 2018-2019\nTorneo Clausura\nJornada 10\n25 Febrero 2019 - 16:00 hrs.'}",{'type': 'link', 'href': 'https://www.ligafemenil.mx/cancha/informeArbitral/95664/eyJpZERpdmlzaW9uIjoiMTQiLCJpZFRlbXBvcmFkYSI6IjY5IiwiaWRUb3JuZW8iOiIyIiwiaWRDbHVibG9jYWwiOjExNTQyLCJpZENsdWJ2aXNpdGEiOjExMTg3fQ==/informe-arbitral-lobos-vs-toluca-jornada-10-estadio-universitario-buap-univision-tdn', 'text': '0 - 2'}",{'type': 'link', 'href': 'https://www.ligafemenil.mx/cancha/estadio/75/estadio-universitario-buap', 'text': 'Universitario BUAP'}",{'type': 'link', 'href': 'https://www.ligafemenil.mx/cancha/galeria/OTU2NjQvMTAvNjkvMi8xNA==/lobos-vs-toluca', 'text': ''}",{'type': 'link', 'href': 'https://www.ligafemenil.mx/cancha/playlist/95664/lobos-vs-toluca', 'text': ''}"

2018-2019,Clausura,{'type': 'text', 'value': 'Lunes 25 de Febrero de 2019\nTemporada 2018-2019\nTorneo Clausura\nJornada 10\n25 Febrero 2019 - 17:00 hrs.'}",{'type': 'link', 'href': 'https://www.ligafemenil.mx/cancha/informeArbitral/95666/eyJpZERpdmlzaW9uIjoiMTQiLCJpZFRlbXBvcmFkYSI6IjY5IiwiaWRUb3JuZW8iOiIyIiwiaWRDbHVibG9jYWwiOjExMjQyLCJpZENsdWJ2aXNpdGEiOjExNTQzfQ==/informe-arbitral-veracruz-vs-puebla-fc-jornada-10-estadio-luis-pirata-fuente-tibuvision', 'text': '2 - 0'}",{'type': 'link', 'href': 'https://www.ligafemenil.mx/cancha/estadio/57/estadio-luis-pirata-fuente', 'text': 'Luis Pirata Fuente'}",{'type': 'link', 'href': 'https://www.ligafemenil.mx/cancha/galeria/OTU2NjYvMTAvNjkvMi8xNA==/veracruz-vs-puebla-fc', 'text': ''}",{'type': 'link', 'href': 'https://www.ligafemenil.mx/cancha/playlist/95666/veracruz-vs-puebla-fc', 'text': ''}"

2018-2019,Clausura,{'type': 'text', 'value': 'Lunes 25 de Febrero de 2019\nTemporada 2018-2019\nTorneo Clausura\nJornada 10\n25 Febrero 2019 - 19:00 hrs.'}",{'type': 'link', 'href': 'https://www.ligafemenil.mx/cancha/informeArbitral/95668/eyJpZERpdmlzaW9uIjoiMTQiLCJpZFRlbXBvcmFkYSI6IjY5IiwiaWRUb3JuZW8iOiIyIiwiaWRDbHVibG9jYWwiOjExMTg0LCJpZENsdWJ2aXNpdGEiOjExMTgxfQ==/informe-arbitral-pachuca-vs-cruz-azul-jornada-10-estadio-hidalgo-fox-sports', 'text': '1 - 1'}",{'type': 'link', 'href': 'https://www.ligafemenil.mx/cancha/estadio/11/estadio-hidalgo', 'text': 'Hidalgo'}",{'type': 'link', 'href': 'https://www.ligafemenil.mx/cancha/galeria/OTU2NjgvMTAvNjkvMi8xNA==/pachuca-vs-cruz-azul', 'text': ''}",{'type': 'link', 'href': 'https://www.ligafemenil.mx/cancha/playlist/95668/pachuca-vs-cruz-azul', 'text': ''}"

2018-2019,Clausura,{'type': 'text', 'value': 'Lunes 25 de Febrero de 2019\nTemporada 2018-2019\nTorneo Clausura\nJornada 10\n25 Febrero 2019 - 20:00 hrs.'}",{'type': 'link', 'href': 'https://www.ligafemenil.mx/cancha/informeArbitral/95669/eyJpZERpdmlzaW9uIjoiMTQiLCJpZFRlbXBvcmFkYSI6IjY5IiwiaWRUb3JuZW8iOiIyIiwiaWRDbHVibG9jYWwiOjExMTkyLCJpZENsdWJ2aXNpdGEiOjExMTg5fQ==/informe-arbitral-santos-laguna-vs-necaxa-jornada-10-estadio-tsm-corona', 'text': '3 - 0'}",{'type': 'link', 'href': 'https://www.ligafemenil.mx/cancha/estadio/63/estadio-tsm-corona', 'text': 'TSM Corona'}",{'type': 'link', 'href': 'https://www.ligafemenil.mx/cancha/galeria/OTU2NjkvMTAvNjkvMi8xNA==/santos-laguna-vs-necaxa', 'text': ''}",{'type': 'link', 'href': 'https://www.ligafemenil.mx/cancha/playlist/95669/santos-laguna-vs-necaxa', 'text': ''}"

2018-2019,Clausura,{'type': 'text', 'value': 'Lunes 25 de Febrero de 2019\nTemporada 2018-2019\nTorneo Clausura\nJornada 10\n25 Febrero 2019 - 21:00 hrs.'}",{'type': 'link', 'href': 'https://www.ligafemenil.mx/cancha/informeArbitral/95658/eyJpZERpdmlzaW9uIjoiMTQiLCJpZFRlbXBvcmFkYSI6IjY5IiwiaWRUb3JuZW8iOiIyIiwiaWRDbHVibG9jYWwiOjExMjQzLCJpZENsdWJ2aXNpdGEiOjExMTgyfQ==/informe-arbitral-leon-vs-guadalajara-jornada-10-estadio-nou-camp-fox-sports', 'text': '1 - 2'}",{'type': 'link', 'href': 'https://www.ligafemenil.mx/cancha/estadio/23/estadio-nou-camp', 'text': 'Nou Camp'}",{'type': 'link', 'href': 'https://www.ligafemenil.mx/cancha/galeria/OTU2NTgvMTAvNjkvMi8xNA==/leon-vs-guadalajara', 'text': ''}",{'type': 'link', 'href': 'https://www.ligafemenil.mx/cancha/playlist/95658/leon-vs-guadalajara', 'text': ''}"

2018-2019,Clausura,{'type': 'text', 'value': 'Viernes 1 de Marzo de 2019\nTemporada 2018-2019\nTorneo Clausura\nJornada 11\n1 Marzo 2019 - 15:45 hrs.'}",{'type': 'link', 'href': 'https://www.ligafemenil.mx/cancha/informeArbitral/95671/eyJpZERpdmlzaW9uIjoiMTQiLCJpZFRlbXBvcmFkYSI6IjY5IiwiaWRUb3JuZW8iOiIyIiwiaWRDbHVibG9jYWwiOjExMTgxLCJpZENsdWJ2aXNpdGEiOjExNTQyfQ==/informe-arbitral-cruz-azul-vs-lobos-jornada-11-estadio-10-de-diciembre-univision-tdn', 'text': '0 - 0'}",{'type': 'link', 'href': 'https://www.ligafemenil.mx/cancha/estadio/30/estadio-10-de-diciembre', 'text': '10 de Diciembre'}",{'type': 'link', 'href': 'https://www.ligafemenil.mx/cancha/galeria/OTU2NzEvMTEvNjkvMi8xNA==/cruz-azul-vs-lobos', 'text': ''}",{'type': 'link', 'href': 'https://www.ligafemenil.mx/cancha/playlist/95671/cruz-azul-vs-lobos', 'text': ''}"

2018-2019,Clausura,{'type': 'text', 'value': 'Viernes 1 de Marzo de 2019\nTemporada 2018-2019\nTorneo Clausura\nJornada 11\n1 Marzo 2019 - 16:00 hrs.'}",{'type': 'link', 'href': 'https://www.ligafemenil.mx/cancha/informeArbitral/95672/eyJpZERpdmlzaW9uIjoiMTQiLCJpZFRlbXBvcmFkYSI6IjY5IiwiaWRUb3JuZW8iOiIyIiwiaWRDbHVibG9jYWwiOjExMTg5LCJpZENsdWJ2aXNpdGEiOjExMTg1fQ==/informe-arbitral-necaxa-vs-rayados-de-monterrey-jornada-11-estadio-victoria-claro-sports', 'text': '0 - 3'}",{'type': 'link', 'href': 'https://www.ligafemenil.mx/cancha/estadio/15/estadio-victoria', 'text': 'Victoria'}",{'type': 'link', 'href': 'https://www.ligafemenil.mx/cancha/galeria/OTU2NzIvMTEvNjkvMi8xNA==/necaxa-vs-rayados-de-monterrey', 'text': ''}",{'type': 'link', 'href': 'https://www.ligafemenil.mx/cancha/playlist/95672/necaxa-vs-rayados-de-monterrey', 'text': ''}"

2018-2019,Clausura,{'type': 'text', 'value': 'Domingo 3 de Marzo de 2019\nTemporada 2018-2019\nTorneo Clausura\nJornada 11\n3 Marzo 2019 - 12:00 hrs.'}",{'type': 'link', 'href': 'https://www.ligafemenil.mx/cancha/informeArbitral/95673/eyJpZERpdmlzaW9uIjoiMTQiLCJpZFRlbXBvcmFkYSI6IjY5IiwiaWRUb3JuZW8iOiIyIiwiaWRDbHVibG9jYWwiOjExNTQzLCJpZENsdWJ2aXNpdGEiOjExMTg0fQ==/informe-arbitral-puebla-fc-vs-pachuca-jornada-11-estadio-complejo-deportivo-los-olivos', 'text': '0 - 2'}",{'type': 'link', 'href': 'https://www.ligafemenil.mx/cancha/estadio/1415/estadio-complejo-deportivo-los-olivos', 'text': 'Complejo Deportivo Los Olivos'}",{'type': 'link', 'href': 'https://www.ligafemenil.mx/cancha/galeria/OTU2NzMvMTEvNjkvMi8xNA==/puebla-fc-vs-pachuca', 'text': ''}",{'type': 'link', 'href': 'https://www.ligafemenil.mx/cancha/playlist/95673/puebla-fc-vs-pachuca', 'text': ''}"

2018-2019,Clausura,{'type': 'text', 'value': 'Domingo 3 de Marzo de 2019\nTemporada 2018-2019\nTorneo Clausura\nJornada 11\n3 Marzo 2019 - 12:00 hrs.'}",{'type': 'link', 'href': 'https://www.ligafemenil.mx/cancha/informeArbitral/95674/eyJpZERpdmlzaW9uIjoiMTQiLCJpZFRlbXBvcmFkYSI6IjY5IiwiaWRUb3JuZW8iOiIyIiwiaWRDbHVibG9jYWwiOjExMTgzLCJpZENsdWJ2aXNpdGEiOjExMTkyfQ==/informe-arbitral-m-morelia-vs-santos-laguna-jornada-11-estadio-jose-maria-morelos-y-pavon-am', 'text': '2 - 2'}",{'type': 'link', 'href': 'https://www.ligafemenil.mx/cancha/estadio/10/estadio-jose-maria-morelos-y-pavon', 'text': 'José María Morelos y Pavón'}",{'type': 'link', 'href': 'https://www.ligafemenil.mx/cancha/galeria/OTU2NzQvMTEvNjkvMi8xNA==/m-morelia-vs-santos-laguna', 'text': ''}",{'type': 'link', 'href': 'https://www.ligafemenil.mx/cancha/playlist/95674/m-morelia-vs-santos-laguna', 'text': ''}"

2018-2019,Clausura,{'type': 'text', 'value': 'Lunes 4 de Marzo de 2019\nTemporada 2018-2019\nTorneo Clausura\nJornada 11\n4 Marzo 2019 - 18:00 hrs.'}",{'type': 'link', 'href': 'https://www.ligafemenil.mx/cancha/informeArbitral/95675/eyJpZERpdmlzaW9uIjoiMTQiLCJpZFRlbXBvcmFkYSI6IjY5IiwiaWRUb3JuZW8iOiIyIiwiaWRDbHVibG9jYWwiOjExMTg3LCJpZENsdWJ2aXNpdGEiOjExMTkxfQ==/informe-arbitral-toluca-vs-america-jornada-11-estadio-nemesio-diez-univision-tdn', 'text': '1 - 1'}",{'type': 'link', 'href': 'https://www.ligafemenil.mx/cancha/estadio/6/estadio-nemesio-diez', 'text': 'Nemesio Diez'}",{'type': 'link', 'href': 'https://www.ligafemenil.mx/cancha/galeria/OTU2NzUvMTEvNjkvMi8xNA==/toluca-vs-america', 'text': ''}",{'type': 'link', 'href': 'https://www.ligafemenil.mx/cancha/playlist/95675/toluca-vs-america', 'text': ''}"

2018-2019,Clausura,{'type': 'text', 'value': 'Lunes 4 de Marzo de 2019\nTemporada 2018-2019\nTorneo Clausura\nJornada 11\n4 Marzo 2019 - 19:00 hrs.'}",{'type': 'link', 'href': 'https://www.ligafemenil.mx/cancha/informeArbitral/95670/eyJpZERpdmlzaW9uIjoiMTQiLCJpZFRlbXBvcmFkYSI6IjY5IiwiaWRUb3JuZW8iOiIyIiwiaWRDbHVibG9jYWwiOjExMTgyLCJpZENsdWJ2aXNpdGEiOjExMjQ1fQ==/informe-arbitral-guadalajara-vs-atlas-jornada-11-estadio-akron-fox-sports', 'text': '1 - 2'}",{'type': 'link', 'href': 'https://www.ligafemenil.mx/cancha/estadio/1538/estadio-akron', 'text': 'Estadio AKRON'}",{'type': 'link', 'href': 'https://www.ligafemenil.mx/cancha/galeria/OTU2NzAvMTEvNjkvMi8xNA==/guadalajara-vs-atlas', 'text': ''}",{'type': 'link', 'href': 'https://www.ligafemenil.mx/cancha/playlist/95670/guadalajara-vs-atlas', 'text': ''}"

2018-2019,Clausura,{'type': 'text', 'value': 'Lunes 4 de Marzo de 2019\nTemporada 2018-2019\nTorneo Clausura\nJornada 11\n4 Marzo 2019 - 20:00 hrs.'}",{'type': 'link', 'href': 'https://www.ligafemenil.mx/cancha/informeArbitral/95676/eyJpZERpdmlzaW9uIjoiMTQiLCJpZFRlbXBvcmFkYSI6IjY5IiwiaWRUb3JuZW8iOiIyIiwiaWRDbHVibG9jYWwiOjExMTg2LCJpZENsdWJ2aXNpdGEiOjExMjQzfQ==/informe-arbitral-tigres-de-la-uanl-vs-leon-jornada-11-estadio-universitario-univision-tdn', 'text': '3 - 1'}",{'type': 'link', 'href': 'https://www.ligafemenil.mx/cancha/estadio/12/estadio-universitario', 'text': 'Universitario'}",{'type': 'link', 'href': 'https://www.ligafemenil.mx/cancha/galeria/OTU2NzYvMTEvNjkvMi8xNA==/tigres-de-la-uanl-vs-leon', 'text': ''}",{'type': 'link', 'href': 'https://www.ligafemenil.mx/cancha/playlist/95676/tigres-de-la-uanl-vs-leon', 'text': ''}"

2018-2019,Clausura,{'type': 'text', 'value': 'Lunes 4 de Marzo de 2019\nTemporada 2018-2019\nTorneo Clausura\nJornada 11\n4 Marzo 2019 - 19:00 hrs.'}",{'type': 'link', 'href': 'https://www.ligafemenil.mx/cancha/informeArbitral/95677/eyJpZERpdmlzaW9uIjoiMTQiLCJpZFRlbXBvcmFkYSI6IjY5IiwiaWRUb3JuZW8iOiIyIiwiaWRDbHVibG9jYWwiOjExMTgwLCJpZENsdWJ2aXNpdGEiOjExMjQyfQ==/informe-arbitral-tijuana-vs-veracruz-jornada-11-estadio-caliente-fox-sports', 'text': '1 - 0'}",{'type': 'link', 'href': 'https://www.ligafemenil.mx/cancha/estadio/48/estadio-caliente', 'text': 'Caliente'}",{'type': 'link', 'href': 'https://www.ligafemenil.mx/cancha/galeria/OTU2NzcvMTEvNjkvMi8xNA==/tijuana-vs-veracruz', 'text': ''}",{'type': 'link', 'href': 'https://www.ligafemenil.mx/cancha/playlist/95677/tijuana-vs-veracruz', 'text': ''}"

2018-2019,Clausura,{'type': 'text', 'value': 'Viernes 8 de Marzo de 2019\nTemporada 2018-2019\nTorneo Clausura\nJornada 12\n8 Marzo 2019 - 19:00 hrs.'}",{'type': 'link', 'href': 'https://www.ligafemenil.mx/cancha/informeArbitral/95680/eyJpZERpdmlzaW9uIjoiMTQiLCJpZFRlbXBvcmFkYSI6IjY5IiwiaWRUb3JuZW8iOiIyIiwiaWRDbHVibG9jYWwiOjExMjQzLCJpZENsdWJ2aXNpdGEiOjExMjQ0fQ==/informe-arbitral-leon-vs-queretaro-jornada-12-estadio-nou-camp', 'text': '3 - 2'}",{'type': 'link', 'href': 'https://www.ligafemenil.mx/cancha/estadio/23/estadio-nou-camp', 'text': 'Nou Camp'}",{'type': 'link', 'href': 'https://www.ligafemenil.mx/cancha/galeria/OTU2ODAvMTIvNjkvMi8xNA==/leon-vs-queretaro', 'text': ''}",{'type': 'link', 'href': 'https://www.ligafemenil.mx/cancha/playlist/95680/leon-vs-queretaro', 'text': ''}"

2018-2019,Clausura,{'type': 'text', 'value': 'Sábado 9 de Marzo de 2019\nTemporada 2018-2019\nTorneo Clausura\nJornada 12\n9 Marzo 2019 - 11:00 hrs.'}",{'type': 'link', 'href': 'https://www.ligafemenil.mx/cancha/informeArbitral/95681/eyJpZERpdmlzaW9uIjoiMTQiLCJpZFRlbXBvcmFkYSI6IjY5IiwiaWRUb3JuZW8iOiIyIiwiaWRDbHVibG9jYWwiOjExMjQ1LCJpZENsdWJ2aXNpdGEiOjExMTg2fQ==/informe-arbitral-atlas-vs-tigres-de-la-uanl-jornada-12-estadio-colomos-tvc-deportes', 'text': '2 - 1'}",{'type': 'link', 'href': 'https://www.ligafemenil.mx/cancha/estadio/109/estadio-colomos', 'text': 'Colomos'}",{'type': 'link', 'href': 'https://www.ligafemenil.mx/cancha/galeria/OTU2ODEvMTIvNjkvMi8xNA==/atlas-vs-tigres-de-la-uanl', 'text': ''}",{'type': 'link', 'href': 'https://www.ligafemenil.mx/cancha/playlist/95681/atlas-vs-tigres-de-la-uanl', 'text': ''}"

2018-2019,Clausura,{'type': 'text', 'value': 'Sábado 9 de Marzo de 2019\nTemporada 2018-2019\nTorneo Clausura\nJornada 12\n9 Marzo 2019 - 12:00 hrs.'}",{'type': 'link', 'href': 'https://www.ligafemenil.mx/cancha/informeArbitral/95683/eyJpZERpdmlzaW9uIjoiMTQiLCJpZFRlbXBvcmFkYSI6IjY5IiwiaWRUb3JuZW8iOiIyIiwiaWRDbHVibG9jYWwiOjExMTkxLCJpZENsdWJ2aXNpdGEiOjExMTgxfQ==/informe-arbitral-america-vs-cruz-azul-jornada-12-estadio-cancha-centenario-no-5-natural-instalaciones-club-america-univision-tdn', 'text': '2 - 1'}",{'type': 'link', 'href': 'https://www.ligafemenil.mx/cancha/estadio/1421/estadio-cancha-centenario-no-5-natural-instalaciones-club-america', 'text': 'Cancha Centenario No. 5 (Natural) Instalaciones Club América'}",{'type': 'link', 'href': 'https://www.ligafemenil.mx/cancha/galeria/OTU2ODMvMTIvNjkvMi8xNA==/america-vs-cruz-azul', 'text': ''}",{'type': 'link', 'href': 'https://www.ligafemenil.mx/cancha/playlist/95683/america-vs-cruz-azul', 'text': ''}"

2018-2019,Clausura,{'type': 'text', 'value': 'Lunes 11 de Marzo de 2019\nTemporada 2018-2019\nTorneo Clausura\nJornada 12\n11 Marzo 2019 - 16:00 hrs.'}",{'type': 'link', 'href': 'https://www.ligafemenil.mx/cancha/informeArbitral/95684/eyJpZERpdmlzaW9uIjoiMTQiLCJpZFRlbXBvcmFkYSI6IjY5IiwiaWRUb3JuZW8iOiIyIiwiaWRDbHVibG9jYWwiOjExMjQyLCJpZENsdWJ2aXNpdGEiOjExMTg4fQ==/informe-arbitral-veracruz-vs-pumas-jornada-12-estadio-luis-pirata-fuente-tibuvision', 'text': '1 - 0'}",{'type': 'link', 'href': 'https://www.ligafemenil.mx/cancha/estadio/57/estadio-luis-pirata-fuente', 'text': 'Luis Pirata Fuente'}",{'type': 'link', 'href': 'https://www.ligafemenil.mx/cancha/galeria/OTU2ODQvMTIvNjkvMi8xNA==/veracruz-vs-pumas', 'text': ''}",{'type': 'link', 'href': 'https://www.ligafemenil.mx/cancha/playlist/95684/veracruz-vs-pumas', 'text': ''}"

2018-2019,Clausura,{'type': 'text', 'value': 'Lunes 11 de Marzo de 2019\nTemporada 2018-2019\nTorneo Clausura\nJornada 12\n11 Marzo 2019 - 16:00 hrs.'}",{'type': 'link', 'href': 'https://www.ligafemenil.mx/cancha/informeArbitral/95682/eyJpZERpdmlzaW9uIjoiMTQiLCJpZFRlbXBvcmFkYSI6IjY5IiwiaWRUb3JuZW8iOiIyIiwiaWRDbHVibG9jYWwiOjExNTQyLCJpZENsdWJ2aXNpdGEiOjExNTQzfQ==/informe-arbitral-lobos-vs-puebla-fc-jornada-12-estadio-universitario-buap-univision-tdn', 'text': '1 - 2'}",{'type': 'link', 'href': 'https://www.ligafemenil.mx/cancha/estadio/75/estadio-universitario-buap', 'text': 'Universitario BUAP'}",{'type': 'link', 'href': 'https://www.ligafemenil.mx/cancha/galeria/OTU2ODIvMTIvNjkvMi8xNA==/lobos-vs-puebla-fc', 'text': ''}",{'type': 'link', 'href': 'https://www.ligafemenil.mx/cancha/playlist/95682/lobos-vs-puebla-fc', 'text': ''}"

2018-2019,Clausura,{'type': 'text', 'value': 'Lunes 11 de Marzo de 2019\nTemporada 2018-2019\nTorneo Clausura\nJornada 12\n11 Marzo 2019 - 19:00 hrs.'}",{'type': 'link', 'href': 'https://www.ligafemenil.mx/cancha/informeArbitral/95678/eyJpZERpdmlzaW9uIjoiMTQiLCJpZFRlbXBvcmFkYSI6IjY5IiwiaWRUb3JuZW8iOiIyIiwiaWRDbHVibG9jYWwiOjExMTg1LCJpZENsdWJ2aXNpdGEiOjExMTgzfQ==/informe-arbitral-rayados-de-monterrey-vs-m-morelia-jornada-12-estadio-bbva-bancomer-fox-sports', 'text': '5 - 0'}",{'type': 'link', 'href': 'https://www.ligafemenil.mx/cancha/estadio/793/estadio-bbva-bancomer', 'text': 'Estadio BBVA Bancomer'}",{'type': 'link', 'href': 'https://www.ligafemenil.mx/cancha/galeria/OTU2NzgvMTIvNjkvMi8xNA==/rayados-de-monterrey-vs-m-morelia', 'text': ''}",{'type': 'link', 'href': 'https://www.ligafemenil.mx/cancha/playlist/95678/rayados-de-monterrey-vs-m-morelia', 'text': ''}"

2018-2019,Clausura,{'type': 'text', 'value': 'Lunes 11 de Marzo de 2019\nTemporada 2018-2019\nTorneo Clausura\nJornada 12\n11 Marzo 2019 - 20:00 hrs.'}",{'type': 'link', 'href': 'https://www.ligafemenil.mx/cancha/informeArbitral/95679/eyJpZERpdmlzaW9uIjoiMTQiLCJpZFRlbXBvcmFkYSI6IjY5IiwiaWRUb3JuZW8iOiIyIiwiaWRDbHVibG9jYWwiOjExMTgwLCJpZENsdWJ2aXNpdGEiOjExMTg0fQ==/informe-arbitral-tijuana-vs-pachuca-jornada-12-estadio-caliente', 'text': '2 - 2'}",{'type': 'link', 'href': 'https://www.ligafemenil.mx/cancha/estadio/48/estadio-caliente', 'text': 'Caliente'}",{'type': 'link', 'href': 'https://www.ligafemenil.mx/cancha/galeria/OTU2NzkvMTIvNjkvMi8xNA==/tijuana-vs-pachuca', 'text': ''}",{'type': 'link', 'href': 'https://www.ligafemenil.mx/cancha/playlist/95679/tijuana-vs-pachuca', 'text': ''}"

2018-2019,Clausura,{'type': 'text', 'value': 'Lunes 11 de Marzo de 2019\nTemporada 2018-2019\nTorneo Clausura\nJornada 12\n11 Marzo 2019 - 21:00 hrs.'}",{'type': 'link', 'href': 'https://www.ligafemenil.mx/cancha/informeArbitral/95685/eyJpZERpdmlzaW9uIjoiMTQiLCJpZFRlbXBvcmFkYSI6IjY5IiwiaWRUb3JuZW8iOiIyIiwiaWRDbHVibG9jYWwiOjExMTkyLCJpZENsdWJ2aXNpdGEiOjExMTgyfQ==/informe-arbitral-santos-laguna-vs-guadalajara-jornada-12-estadio-tsm-corona-fox-sports', 'text': '3 - 1'}",{'type': 'link', 'href': 'https://www.ligafemenil.mx/cancha/estadio/63/estadio-tsm-corona', 'text': 'TSM Corona'}",{'type': 'link', 'href': 'https://www.ligafemenil.mx/cancha/galeria/OTU2ODUvMTIvNjkvMi8xNA==/santos-laguna-vs-guadalajara', 'text': ''}",{'type': 'link', 'href': 'https://www.ligafemenil.mx/cancha/playlist/95685/santos-laguna-vs-guadalajara', 'text': ''}"

2018-2019,Clausura,{'type': 'text', 'value': 'Viernes 15 de Marzo de 2019\nTemporada 2018-2019\nTorneo Clausura\nJornada 13\n15 Marzo 2019 - 15:45 hrs.'}",{'type': 'link', 'href': 'https://www.ligafemenil.mx/cancha/informeArbitral/95544/eyJpZERpdmlzaW9uIjoiMTQiLCJpZFRlbXBvcmFkYSI6IjY5IiwiaWRUb3JuZW8iOiIyIiwiaWRDbHVibG9jYWwiOjExMTgxLCJpZENsdWJ2aXNpdGEiOjExMTg3fQ==/informe-arbitral-cruz-azul-vs-toluca-jornada-13-estadio-10-de-diciembre-univision-tdn', 'text': '2 - 0'}",{'type': 'link', 'href': 'https://www.ligafemenil.mx/cancha/estadio/30/estadio-10-de-diciembre', 'text': '10 de Diciembre'}",{'type': 'link', 'href': 'https://www.ligafemenil.mx/cancha/galeria/OTU1NDQvMTMvNjkvMi8xNA==/cruz-azul-vs-toluca', 'text': ''}",{'type': 'link', 'href': 'https://www.ligafemenil.mx/cancha/playlist/95544/cruz-azul-vs-toluca', 'text': ''}"

2018-2019,Clausura,{'type': 'text', 'value': 'Viernes 15 de Marzo de 2019\nTemporada 2018-2019\nTorneo Clausura\nJornada 13\n15 Marzo 2019 - 16:00 hrs.'}",{'type': 'link', 'href': 'https://www.ligafemenil.mx/cancha/informeArbitral/95545/eyJpZERpdmlzaW9uIjoiMTQiLCJpZFRlbXBvcmFkYSI6IjY5IiwiaWRUb3JuZW8iOiIyIiwiaWRDbHVibG9jYWwiOjExMjQ0LCJpZENsdWJ2aXNpdGEiOjExMjQ1fQ==/informe-arbitral-queretaro-vs-atlas-jornada-13-estadio-la-corregidora-tvc-deportes', 'text': '2 - 3'}",{'type': 'link', 'href': 'https://www.ligafemenil.mx/cancha/estadio/25/estadio-la-corregidora', 'text': 'La Corregidora'}",{'type': 'link', 'href': 'https://www.ligafemenil.mx/cancha/galeria/OTU1NDUvMTMvNjkvMi8xNA==/queretaro-vs-atlas', 'text': ''}",{'type': 'link', 'href': 'https://www.ligafemenil.mx/cancha/playlist/95545/queretaro-vs-atlas', 'text': ''}"

2018-2019,Clausura,{'type': 'text', 'value': 'Sábado 16 de Marzo de 2019\nTemporada 2018-2019\nTorneo Clausura\nJornada 13\n16 Marzo 2019 - 12:00 hrs.'}",{'type': 'link', 'href': 'https://www.ligafemenil.mx/cancha/informeArbitral/95548/eyJpZERpdmlzaW9uIjoiMTQiLCJpZFRlbXBvcmFkYSI6IjY5IiwiaWRUb3JuZW8iOiIyIiwiaWRDbHVibG9jYWwiOjExMTg4LCJpZENsdWJ2aXNpdGEiOjExMTg0fQ==/informe-arbitral-pumas-vs-pachuca-jornada-13-estadio-la-cantera-cancha-1-univision-tdn', 'text': '0 - 1'}",{'type': 'link', 'href': 'https://www.ligafemenil.mx/cancha/estadio/1146/estadio-la-cantera-cancha-1', 'text': 'La Cantera Cancha 1'}",{'type': 'link', 'href': 'https://www.ligafemenil.mx/cancha/galeria/OTU1NDgvMTMvNjkvMi8xNA==/pumas-vs-pachuca', 'text': ''}",{'type': 'link', 'href': 'https://www.ligafemenil.mx/cancha/playlist/95548/pumas-vs-pachuca', 'text': ''}"

2018-2019,Clausura,{'type': 'text', 'value': 'Domingo 17 de Marzo de 2019\nTemporada 2018-2019\nTorneo Clausura\nJornada 13\n17 Marzo 2019 - 12:00 hrs.'}",{'type': 'link', 'href': 'https://www.ligafemenil.mx/cancha/informeArbitral/95550/eyJpZERpdmlzaW9uIjoiMTQiLCJpZFRlbXBvcmFkYSI6IjY5IiwiaWRUb3JuZW8iOiIyIiwiaWRDbHVibG9jYWwiOjExNTQzLCJpZENsdWJ2aXNpdGEiOjExMTkxfQ==/informe-arbitral-puebla-fc-vs-america-jornada-13-estadio-cuauhtemoc-tvc-deportes', 'text': '0 - 2'}",{'type': 'link', 'href': 'https://www.ligafemenil.mx/cancha/estadio/9/estadio-cuauhtemoc', 'text': 'Cuauhtémoc'}",{'type': 'link', 'href': 'https://www.ligafemenil.mx/cancha/galeria/OTU1NTAvMTMvNjkvMi8xNA==/puebla-fc-vs-america', 'text': ''}",{'type': 'link', 'href': 'https://www.ligafemenil.mx/cancha/playlist/95550/puebla-fc-vs-america', 'text': ''}"

2018-2019,Clausura,{'type': 'text', 'value': 'Domingo 17 de Marzo de 2019\nTemporada 2018-2019\nTorneo Clausura\nJornada 13\n17 Marzo 2019 - 12:00 hrs.'}",{'type': 'link', 'href': 'https://www.ligafemenil.mx/cancha/informeArbitral/95554/eyJpZERpdmlzaW9uIjoiMTQiLCJpZFRlbXBvcmFkYSI6IjY5IiwiaWRUb3JuZW8iOiIyIiwiaWRDbHVibG9jYWwiOjExMTgzLCJpZENsdWJ2aXNpdGEiOjExMTg5fQ==/informe-arbitral-m-morelia-vs-necaxa-jornada-13-estadio-jose-maria-morelos-y-pavon-am', 'text': '3 - 1'}",{'type': 'link', 'href': 'https://www.ligafemenil.mx/cancha/estadio/10/estadio-jose-maria-morelos-y-pavon', 'text': 'José María Morelos y Pavón'}",{'type': 'link', 'href': 'https://www.ligafemenil.mx/cancha/galeria/OTU1NTQvMTMvNjkvMi8xNA==/m-morelia-vs-necaxa', 'text': ''}",{'type': 'link', 'href': 'https://www.ligafemenil.mx/cancha/playlist/95554/m-morelia-vs-necaxa', 'text': ''}"

2018-2019,Clausura,{'type': 'text', 'value': 'Lunes 18 de Marzo de 2019\nTemporada 2018-2019\nTorneo Clausura\nJornada 13\n18 Marzo 2019 - 19:00 hrs.'}",{'type': 'link', 'href': 'https://www.ligafemenil.mx/cancha/informeArbitral/95552/eyJpZERpdmlzaW9uIjoiMTQiLCJpZFRlbXBvcmFkYSI6IjY5IiwiaWRUb3JuZW8iOiIyIiwiaWRDbHVibG9jYWwiOjExMTgyLCJpZENsdWJ2aXNpdGEiOjExMTg1fQ==/informe-arbitral-guadalajara-vs-rayados-de-monterrey-jornada-13-estadio-akron-fox-sports', 'text': '0 - 1'}",{'type': 'link', 'href': 'https://www.ligafemenil.mx/cancha/estadio/1538/estadio-akron', 'text': 'Estadio AKRON'}",{'type': 'link', 'href': 'https://www.ligafemenil.mx/cancha/galeria/OTU1NTIvMTMvNjkvMi8xNA==/guadalajara-vs-rayados-de-monterrey', 'text': ''}",{'type': 'link', 'href': 'https://www.ligafemenil.mx/cancha/playlist/95552/guadalajara-vs-rayados-de-monterrey', 'text': ''}"

2018-2019,Clausura,{'type': 'text', 'value': 'Lunes 18 de Marzo de 2019\nTemporada 2018-2019\nTorneo Clausura\nJornada 13\n18 Marzo 2019 - 20:00 hrs.'}",{'type': 'link', 'href': 'https://www.ligafemenil.mx/cancha/informeArbitral/95555/eyJpZERpdmlzaW9uIjoiMTQiLCJpZFRlbXBvcmFkYSI6IjY5IiwiaWRUb3JuZW8iOiIyIiwiaWRDbHVibG9jYWwiOjExMTg2LCJpZENsdWJ2aXNpdGEiOjExMTkyfQ==/informe-arbitral-tigres-de-la-uanl-vs-santos-laguna-jornada-13-estadio-universitario-univision-tdn', 'text': '2 - 0'}",{'type': 'link', 'href': 'https://www.ligafemenil.mx/cancha/estadio/12/estadio-universitario', 'text': 'Universitario'}",{'type': 'link', 'href': 'https://www.ligafemenil.mx/cancha/galeria/OTU1NTUvMTMvNjkvMi8xNA==/tigres-de-la-uanl-vs-santos-laguna', 'text': ''}",{'type': 'link', 'href': 'https://www.ligafemenil.mx/cancha/playlist/95555/tigres-de-la-uanl-vs-santos-laguna', 'text': ''}"

2018-2019,Clausura,{'type': 'text', 'value': 'Lunes 18 de Marzo de 2019\nTemporada 2018-2019\nTorneo Clausura\nJornada 13\n18 Marzo 2019 - 20:00 hrs.'}",{'type': 'link', 'href': 'https://www.ligafemenil.mx/cancha/informeArbitral/95557/eyJpZERpdmlzaW9uIjoiMTQiLCJpZFRlbXBvcmFkYSI6IjY5IiwiaWRUb3JuZW8iOiIyIiwiaWRDbHVibG9jYWwiOjExMTgwLCJpZENsdWJ2aXNpdGEiOjExNTQyfQ==/informe-arbitral-tijuana-vs-lobos-jornada-13-estadio-caliente-fox-sports', 'text': '0 - 2'}",{'type': 'link', 'href': 'https://www.ligafemenil.mx/cancha/estadio/48/estadio-caliente', 'text': 'Caliente'}",{'type': 'link', 'href': 'https://www.ligafemenil.mx/cancha/galeria/OTU1NTcvMTMvNjkvMi8xNA==/tijuana-vs-lobos', 'text': ''}",{'type': 'link', 'href': 'https://www.ligafemenil.mx/cancha/playlist/95557/tijuana-vs-lobos', 'text': ''}"

2018-2019,Clausura,{'type': 'text', 'value': 'Viernes 22 de Marzo de 2019\nTemporada 2018-2019\nTorneo Clausura\nJornada 14\n22 Marzo 2019 - 16:00 hrs.'}",{'type': 'link', 'href': 'https://www.ligafemenil.mx/cancha/informeArbitral/95559/eyJpZERpdmlzaW9uIjoiMTQiLCJpZFRlbXBvcmFkYSI6IjY5IiwiaWRUb3JuZW8iOiIyIiwiaWRDbHVibG9jYWwiOjExMTg5LCJpZENsdWJ2aXNpdGEiOjExMTgyfQ==/informe-arbitral-necaxa-vs-guadalajara-jornada-14-estadio-victoria-claro-sports', 'text': '1 - 2'}",{'type': 'link', 'href': 'https://www.ligafemenil.mx/cancha/estadio/15/estadio-victoria', 'text': 'Victoria'}",{'type': 'link', 'href': 'https://www.ligafemenil.mx/cancha/galeria/OTU1NTkvMTQvNjkvMi8xNA==/necaxa-vs-guadalajara', 'text': ''}",{'type': 'link', 'href': 'https://www.ligafemenil.mx/cancha/playlist/95559/necaxa-vs-guadalajara', 'text': ''}"

2018-2019,Clausura,{'type': 'text', 'value': 'Sábado 23 de Marzo de 2019\nTemporada 2018-2019\nTorneo Clausura\nJornada 14\n23 Marzo 2019 - 11:00 hrs.'}",{'type': 'link', 'href': 'https://www.ligafemenil.mx/cancha/informeArbitral/95562/eyJpZERpdmlzaW9uIjoiMTQiLCJpZFRlbXBvcmFkYSI6IjY5IiwiaWRUb3JuZW8iOiIyIiwiaWRDbHVibG9jYWwiOjExMjQ1LCJpZENsdWJ2aXNpdGEiOjExMjQzfQ==/informe-arbitral-atlas-vs-leon-jornada-14-estadio-colomos-tvc-deportes', 'text': '2 - 2'}",{'type': 'link', 'href': 'https://www.ligafemenil.mx/cancha/estadio/109/estadio-colomos', 'text': 'Colomos'}",{'type': 'link', 'href': 'https://www.ligafemenil.mx/cancha/galeria/OTU1NjIvMTQvNjkvMi8xNA==/atlas-vs-leon', 'text': ''}",{'type': 'link', 'href': 'https://www.ligafemenil.mx/cancha/playlist/95562/atlas-vs-leon', 'text': ''}"

2018-2019,Clausura,{'type': 'text', 'value': 'Sábado 23 de Marzo de 2019\nTemporada 2018-2019\nTorneo Clausura\nJornada 14\n23 Marzo 2019 - 12:00 hrs.'}",{'type': 'link', 'href': 'https://www.ligafemenil.mx/cancha/informeArbitral/95578/eyJpZERpdmlzaW9uIjoiMTQiLCJpZFRlbXBvcmFkYSI6IjY5IiwiaWRUb3JuZW8iOiIyIiwiaWRDbHVibG9jYWwiOjExMTkxLCJpZENsdWJ2aXNpdGEiOjExMTgwfQ==/informe-arbitral-america-vs-tijuana-jornada-14-estadio-azteca-univision-tdn', 'text': '5 - 1'}",{'type': 'link', 'href': 'https://www.ligafemenil.mx/cancha/estadio/1/estadio-azteca', 'text': 'Azteca'}",{'type': 'link', 'href': 'https://www.ligafemenil.mx/cancha/galeria/OTU1NzgvMTQvNjkvMi8xNA==/america-vs-tijuana', 'text': ''}",{'type': 'link', 'href': 'https://www.ligafemenil.mx/cancha/playlist/95578/america-vs-tijuana', 'text': ''}"

2018-2019,Clausura,{'type': 'text', 'value': 'Lunes 25 de Marzo de 2019\nTemporada 2018-2019\nTorneo Clausura\nJornada 14\n25 Marzo 2019 - 16:00 hrs.'}",{'type': 'link', 'href': 'https://www.ligafemenil.mx/cancha/informeArbitral/95567/eyJpZERpdmlzaW9uIjoiMTQiLCJpZFRlbXBvcmFkYSI6IjY5IiwiaWRUb3JuZW8iOiIyIiwiaWRDbHVibG9jYWwiOjExNTQyLCJpZENsdWJ2aXNpdGEiOjExMTg4fQ==/informe-arbitral-lobos-vs-pumas-jornada-14-estadio-universitario-buap-univision-tdn', 'text': '2 - 1'}",{'type': 'link', 'href': 'https://www.ligafemenil.mx/cancha/estadio/75/estadio-universitario-buap', 'text': 'Universitario BUAP'}",{'type': 'link', 'href': 'https://www.ligafemenil.mx/cancha/galeria/OTU1NjcvMTQvNjkvMi8xNA==/lobos-vs-pumas', 'text': ''}",{'type': 'link', 'href': 'https://www.ligafemenil.mx/cancha/playlist/95567/lobos-vs-pumas', 'text': ''}"

2018-2019,Clausura,{'type': 'text', 'value': 'Lunes 25 de Marzo de 2019\nTemporada 2018-2019\nTorneo Clausura\nJornada 14\n25 Marzo 2019 - 18:00 hrs.'}",{'type': 'link', 'href': 'https://www.ligafemenil.mx/cancha/informeArbitral/95572/eyJpZERpdmlzaW9uIjoiMTQiLCJpZFRlbXBvcmFkYSI6IjY5IiwiaWRUb3JuZW8iOiIyIiwiaWRDbHVibG9jYWwiOjExMTg3LCJpZENsdWJ2aXNpdGEiOjExNTQzfQ==/informe-arbitral-toluca-vs-puebla-fc-jornada-14-estadio-nemesio-diez-univision-tdn', 'text': '0 - 1'}",{'type': 'link', 'href': 'https://www.ligafemenil.mx/cancha/estadio/6/estadio-nemesio-diez', 'text': 'Nemesio Diez'}",{'type': 'link', 'href': 'https://www.ligafemenil.mx/cancha/galeria/OTU1NzIvMTQvNjkvMi8xNA==/toluca-vs-puebla-fc', 'text': ''}",{'type': 'link', 'href': 'https://www.ligafemenil.mx/cancha/playlist/95572/toluca-vs-puebla-fc', 'text': ''}"

2018-2019,Clausura,{'type': 'text', 'value': 'Lunes 25 de Marzo de 2019\nTemporada 2018-2019\nTorneo Clausura\nJornada 14\n25 Marzo 2019 - 19:00 hrs.'}",{'type': 'link', 'href': 'https://www.ligafemenil.mx/cancha/informeArbitral/95575/eyJpZERpdmlzaW9uIjoiMTQiLCJpZFRlbXBvcmFkYSI6IjY5IiwiaWRUb3JuZW8iOiIyIiwiaWRDbHVibG9jYWwiOjExMTg0LCJpZENsdWJ2aXNpdGEiOjExMjQyfQ==/informe-arbitral-pachuca-vs-veracruz-jornada-14-estadio-hidalgo', 'text': '2 - 0'}",{'type': 'link', 'href': 'https://www.ligafemenil.mx/cancha/estadio/11/estadio-hidalgo', 'text': 'Hidalgo'}",{'type': 'link', 'href': 'https://www.ligafemenil.mx/cancha/galeria/OTU1NzUvMTQvNjkvMi8xNA==/pachuca-vs-veracruz', 'text': ''}",{'type': 'link', 'href': 'https://www.ligafemenil.mx/cancha/playlist/95575/pachuca-vs-veracruz', 'text': ''}"

2018-2019,Clausura,{'type': 'text', 'value': 'Lunes 25 de Marzo de 2019\nTemporada 2018-2019\nTorneo Clausura\nJornada 14\n25 Marzo 2019 - 19:00 hrs.'}",{'type': 'link', 'href': 'https://www.ligafemenil.mx/cancha/informeArbitral/95564/eyJpZERpdmlzaW9uIjoiMTQiLCJpZFRlbXBvcmFkYSI6IjY5IiwiaWRUb3JuZW8iOiIyIiwiaWRDbHVibG9jYWwiOjExMTg1LCJpZENsdWJ2aXNpdGEiOjExMTg2fQ==/informe-arbitral-rayados-de-monterrey-vs-tigres-de-la-uanl-jornada-14-estadio-bbva-bancomer-fox-sports', 'text': '0 - 1'}",{'type': 'link', 'href': 'https://www.ligafemenil.mx/cancha/estadio/793/estadio-bbva-bancomer', 'text': 'Estadio BBVA Bancomer'}",{'type': 'link', 'href': 'https://www.ligafemenil.mx/cancha/galeria/OTU1NjQvMTQvNjkvMi8xNA==/rayados-de-monterrey-vs-tigres-de-la-uanl', 'text': ''}",{'type': 'link', 'href': 'https://www.ligafemenil.mx/cancha/playlist/95564/rayados-de-monterrey-vs-tigres-de-la-uanl', 'text': ''}"

2018-2019,Clausura,{'type': 'text', 'value': 'Lunes 25 de Marzo de 2019\nTemporada 2018-2019\nTorneo Clausura\nJornada 14\n25 Marzo 2019 - 21:00 hrs.'}",{'type': 'link', 'href': 'https://www.ligafemenil.mx/cancha/informeArbitral/95583/eyJpZERpdmlzaW9uIjoiMTQiLCJpZFRlbXBvcmFkYSI6IjY5IiwiaWRUb3JuZW8iOiIyIiwiaWRDbHVibG9jYWwiOjExMTkyLCJpZENsdWJ2aXNpdGEiOjExMjQ0fQ==/informe-arbitral-santos-laguna-vs-queretaro-jornada-14-estadio-tsm-corona-fox-sports', 'text': '2 - 1'}",{'type': 'link', 'href': 'https://www.ligafemenil.mx/cancha/estadio/63/estadio-tsm-corona', 'text': 'TSM Corona'}",{'type': 'link', 'href': 'https://www.ligafemenil.mx/cancha/galeria/OTU1ODMvMTQvNjkvMi8xNA==/santos-laguna-vs-queretaro', 'text': ''}",{'type': 'link', 'href': 'https://www.ligafemenil.mx/cancha/playlist/95583/santos-laguna-vs-queretaro', 'text': ''}"

2018-2019,Clausura,{'type': 'text', 'value': 'Viernes 29 de Marzo de 2019\nTemporada 2018-2019\nTorneo Clausura\nJornada 15\n29 Marzo 2019 - 16:00 hrs.'}",{'type': 'link', 'href': 'https://www.ligafemenil.mx/cancha/informeArbitral/95586/eyJpZERpdmlzaW9uIjoiMTQiLCJpZFRlbXBvcmFkYSI6IjY5IiwiaWRUb3JuZW8iOiIyIiwiaWRDbHVibG9jYWwiOjExMjQ0LCJpZENsdWJ2aXNpdGEiOjExMTg1fQ==/informe-arbitral-queretaro-vs-rayados-de-monterrey-jornada-15-estadio-la-corregidora-tvc-deportes', 'text': '1 - 3'}",{'type': 'link', 'href': 'https://www.ligafemenil.mx/cancha/estadio/25/estadio-la-corregidora', 'text': 'La Corregidora'}",{'type': 'link', 'href': 'https://www.ligafemenil.mx/cancha/galeria/OTU1ODYvMTUvNjkvMi8xNA==/queretaro-vs-rayados-de-monterrey', 'text': ''}",{'type': 'link', 'href': 'https://www.ligafemenil.mx/cancha/playlist/95586/queretaro-vs-rayados-de-monterrey', 'text': ''}"

2018-2019,Clausura,{'type': 'text', 'value': 'Viernes 29 de Marzo de 2019\nTemporada 2018-2019\nTorneo Clausura\nJornada 15\n29 Marzo 2019 - 20:25 hrs.'}",{'type': 'link', 'href': 'https://www.ligafemenil.mx/cancha/informeArbitral/95600/eyJpZERpdmlzaW9uIjoiMTQiLCJpZFRlbXBvcmFkYSI6IjY5IiwiaWRUb3JuZW8iOiIyIiwiaWRDbHVibG9jYWwiOjExMTg2LCJpZENsdWJ2aXNpdGEiOjExMTg5fQ==/informe-arbitral-tigres-de-la-uanl-vs-necaxa-jornada-15-estadio-universitario-univision-tdn', 'text': '0 - 0'}",{'type': 'link', 'href': 'https://www.ligafemenil.mx/cancha/estadio/12/estadio-universitario', 'text': 'Universitario'}",{'type': 'link', 'href': 'https://www.ligafemenil.mx/cancha/galeria/OTU2MDAvMTUvNjkvMi8xNA==/tigres-de-la-uanl-vs-necaxa', 'text': ''}",{'type': 'link', 'href': 'https://www.ligafemenil.mx/cancha/playlist/95600/tigres-de-la-uanl-vs-necaxa', 'text': ''}"

2018-2019,Clausura,{'type': 'text', 'value': 'Sábado 30 de Marzo de 2019\nTemporada 2018-2019\nTorneo Clausura\nJornada 15\n30 Marzo 2019 - 12:00 hrs.'}",{'type': 'link', 'href': 'https://www.ligafemenil.mx/cancha/informeArbitral/95590/eyJpZERpdmlzaW9uIjoiMTQiLCJpZFRlbXBvcmFkYSI6IjY5IiwiaWRUb3JuZW8iOiIyIiwiaWRDbHVibG9jYWwiOjExMTg4LCJpZENsdWJ2aXNpdGEiOjExMTkxfQ==/informe-arbitral-pumas-vs-america-jornada-15-estadio-la-cantera-cancha-1-univision-tdn', 'text': '1 - 2'}",{'type': 'link', 'href': 'https://www.ligafemenil.mx/cancha/estadio/1146/estadio-la-cantera-cancha-1', 'text': 'La Cantera Cancha 1'}",{'type': 'link', 'href': 'https://www.ligafemenil.mx/cancha/galeria/OTU1OTAvMTUvNjkvMi8xNA==/pumas-vs-america', 'text': ''}",{'type': 'link', 'href': 'https://www.ligafemenil.mx/cancha/playlist/95590/pumas-vs-america', 'text': ''}"

2018-2019,Clausura,{'type': 'text', 'value': 'Domingo 31 de Marzo de 2019\nTemporada 2018-2019\nTorneo Clausura\nJornada 15\n31 Marzo 2019 - 09:00 hrs.'}",{'type': 'link', 'href': 'https://www.ligafemenil.mx/cancha/informeArbitral/95593/eyJpZERpdmlzaW9uIjoiMTQiLCJpZFRlbXBvcmFkYSI6IjY5IiwiaWRUb3JuZW8iOiIyIiwiaWRDbHVibG9jYWwiOjExMTgyLCJpZENsdWJ2aXNpdGEiOjExMTgzfQ==/informe-arbitral-guadalajara-vs-m-morelia-jornada-15-estadio-verde-valle-2', 'text': '1 - 2'}",{'type': 'link', 'href': 'https://www.ligafemenil.mx/cancha/estadio/1554/estadio-verde-valle-2', 'text': 'Verde Valle 2'}",{'type': 'link', 'href': 'https://www.ligafemenil.mx/cancha/galeria/OTU1OTMvMTUvNjkvMi8xNA==/guadalajara-vs-m-morelia', 'text': ''}",{'type': 'link', 'href': 'https://www.ligafemenil.mx/cancha/playlist/95593/guadalajara-vs-m-morelia', 'text': ''}"

2018-2019,Clausura,{'type': 'text', 'value': 'Domingo 31 de Marzo de 2019\nTemporada 2018-2019\nTorneo Clausura\nJornada 15\n31 Marzo 2019 - 10:00 hrs.'}",{'type': 'link', 'href': 'https://www.ligafemenil.mx/cancha/informeArbitral/95595/eyJpZERpdmlzaW9uIjoiMTQiLCJpZFRlbXBvcmFkYSI6IjY5IiwiaWRUb3JuZW8iOiIyIiwiaWRDbHVibG9jYWwiOjExMjQyLCJpZENsdWJ2aXNpdGEiOjExNTQyfQ==/informe-arbitral-veracruz-vs-lobos-jornada-15-estadio-luis-pirata-fuente-tibuvision', 'text': '0 - 2'}",{'type': 'link', 'href': 'https://www.ligafemenil.mx/cancha/estadio/57/estadio-luis-pirata-fuente', 'text': 'Luis Pirata Fuente'}",{'type': 'link', 'href': 'https://www.ligafemenil.mx/cancha/galeria/OTU1OTUvMTUvNjkvMi8xNA==/veracruz-vs-lobos', 'text': ''}",{'type': 'link', 'href': 'https://www.ligafemenil.mx/cancha/playlist/95595/veracruz-vs-lobos', 'text': ''}"

2018-2019,Clausura,{'type': 'text', 'value': 'Domingo 31 de Marzo de 2019\nTemporada 2018-2019\nTorneo Clausura\nJornada 15\n31 Marzo 2019 - 12:00 hrs.'}",{'type': 'link', 'href': 'https://www.ligafemenil.mx/cancha/informeArbitral/95592/eyJpZERpdmlzaW9uIjoiMTQiLCJpZFRlbXBvcmFkYSI6IjY5IiwiaWRUb3JuZW8iOiIyIiwiaWRDbHVibG9jYWwiOjExNTQzLCJpZENsdWJ2aXNpdGEiOjExMTgxfQ==/informe-arbitral-puebla-fc-vs-cruz-azul-jornada-15-estadio-cuauhtemoc-tvc-deportes', 'text': '3 - 1'}",{'type': 'link', 'href': 'https://www.ligafemenil.mx/cancha/estadio/9/estadio-cuauhtemoc', 'text': 'Cuauhtémoc'}",{'type': 'link', 'href': 'https://www.ligafemenil.mx/cancha/galeria/OTU1OTIvMTUvNjkvMi8xNA==/puebla-fc-vs-cruz-azul', 'text': ''}",{'type': 'link', 'href': 'https://www.ligafemenil.mx/cancha/playlist/95592/puebla-fc-vs-cruz-azul', 'text': ''}"

2018-2019,Clausura,{'type': 'text', 'value': 'Lunes 1 de Abril de 2019\nTemporada 2018-2019\nTorneo Clausura\nJornada 15\n1 Abril 2019 - 18:00 hrs.'}",{'type': 'link', 'href': 'https://www.ligafemenil.mx/cancha/informeArbitral/95597/eyJpZERpdmlzaW9uIjoiMTQiLCJpZFRlbXBvcmFkYSI6IjY5IiwiaWRUb3JuZW8iOiIyIiwiaWRDbHVibG9jYWwiOjExMTg3LCJpZENsdWJ2aXNpdGEiOjExMTgwfQ==/informe-arbitral-toluca-vs-tijuana-jornada-15-estadio-nemesio-diez-univision-tdn', 'text': '1 - 0'}",{'type': 'link', 'href': 'https://www.ligafemenil.mx/cancha/estadio/6/estadio-nemesio-diez', 'text': 'Nemesio Diez'}",{'type': 'link', 'href': 'https://www.ligafemenil.mx/cancha/galeria/OTU1OTcvMTUvNjkvMi8xNA==/toluca-vs-tijuana', 'text': ''}",{'type': 'link', 'href': 'https://www.ligafemenil.mx/cancha/playlist/95597/toluca-vs-tijuana', 'text': ''}"

2018-2019,Clausura,{'type': 'text', 'value': 'Lunes 1 de Abril de 2019\nTemporada 2018-2019\nTorneo Clausura\nJornada 15\n1 Abril 2019 - 21:00 hrs.'}",{'type': 'link', 'href': 'https://www.ligafemenil.mx/cancha/informeArbitral/95588/eyJpZERpdmlzaW9uIjoiMTQiLCJpZFRlbXBvcmFkYSI6IjY5IiwiaWRUb3JuZW8iOiIyIiwiaWRDbHVibG9jYWwiOjExMjQzLCJpZENsdWJ2aXNpdGEiOjExMTkyfQ==/informe-arbitral-leon-vs-santos-laguna-jornada-15-estadio-nou-camp-fox-sports', 'text': '1 - 0'}",{'type': 'link', 'href': 'https://www.ligafemenil.mx/cancha/estadio/23/estadio-nou-camp', 'text': 'Nou Camp'}",{'type': 'link', 'href': 'https://www.ligafemenil.mx/cancha/galeria/OTU1ODgvMTUvNjkvMi8xNA==/leon-vs-santos-laguna', 'text': ''}",{'type': 'link', 'href': 'https://www.ligafemenil.mx/cancha/playlist/95588/leon-vs-santos-laguna', 'text': ''}"

2018-2019,Clausura,{'type': 'text', 'value': 'Viernes 5 de Abril de 2019\nTemporada 2018-2019\nTorneo Clausura\nJornada 16\n5 Abril 2019 - 16:00 hrs.'}",{'type': 'link', 'href': 'https://www.ligafemenil.mx/cancha/informeArbitral/95606/eyJpZERpdmlzaW9uIjoiMTQiLCJpZFRlbXBvcmFkYSI6IjY5IiwiaWRUb3JuZW8iOiIyIiwiaWRDbHVibG9jYWwiOjExMTg5LCJpZENsdWJ2aXNpdGEiOjExMjQ0fQ==/informe-arbitral-necaxa-vs-queretaro-jornada-16-estadio-victoria-claro-sports', 'text': '1 - 1'}",{'type': 'link', 'href': 'https://www.ligafemenil.mx/cancha/estadio/15/estadio-victoria', 'text': 'Victoria'}",{'type': 'link', 'href': 'https://www.ligafemenil.mx/cancha/galeria/OTU2MDYvMTYvNjkvMi8xNA==/necaxa-vs-queretaro', 'text': ''}",{'type': 'link', 'href': 'https://www.ligafemenil.mx/cancha/playlist/95606/necaxa-vs-queretaro', 'text': ''}"

2018-2019,Clausura,{'type': 'text', 'value': 'Viernes 5 de Abril de 2019\nTemporada 2018-2019\nTorneo Clausura\nJornada 16\n5 Abril 2019 - 16:00 hrs.'}",{'type': 'link', 'href': 'https://www.ligafemenil.mx/cancha/informeArbitral/95604/eyJpZERpdmlzaW9uIjoiMTQiLCJpZFRlbXBvcmFkYSI6IjY5IiwiaWRUb3JuZW8iOiIyIiwiaWRDbHVibG9jYWwiOjExMTgxLCJpZENsdWJ2aXNpdGEiOjExMTgwfQ==/informe-arbitral-cruz-azul-vs-tijuana-jornada-16-estadio-10-de-diciembre-univision-tdn', 'text': '2 - 2'}",{'type': 'link', 'href': 'https://www.ligafemenil.mx/cancha/estadio/30/estadio-10-de-diciembre', 'text': '10 de Diciembre'}",{'type': 'link', 'href': 'https://www.ligafemenil.mx/cancha/galeria/OTU2MDQvMTYvNjkvMi8xNA==/cruz-azul-vs-tijuana', 'text': ''}",{'type': 'link', 'href': 'https://www.ligafemenil.mx/cancha/playlist/95604/cruz-azul-vs-tijuana', 'text': ''}"

2018-2019,Clausura,{'type': 'text', 'value': 'Sábado 6 de Abril de 2019\nTemporada 2018-2019\nTorneo Clausura\nJornada 16\n6 Abril 2019 - 12:00 hrs.'}",{'type': 'link', 'href': 'https://www.ligafemenil.mx/cancha/informeArbitral/95614/eyJpZERpdmlzaW9uIjoiMTQiLCJpZFRlbXBvcmFkYSI6IjY5IiwiaWRUb3JuZW8iOiIyIiwiaWRDbHVibG9jYWwiOjExMTkxLCJpZENsdWJ2aXNpdGEiOjExMjQyfQ==/informe-arbitral-america-vs-veracruz-jornada-16-estadio-cancha-centenario-no-5-natural-instalaciones-club-america-univision-tdn', 'text': '4 - 0'}",{'type': 'link', 'href': 'https://www.ligafemenil.mx/cancha/estadio/1421/estadio-cancha-centenario-no-5-natural-instalaciones-club-america', 'text': 'Cancha Centenario No. 5 (Natural) Instalaciones Club América'}",{'type': 'link', 'href': 'https://www.ligafemenil.mx/cancha/galeria/OTU2MTQvMTYvNjkvMi8xNA==/america-vs-veracruz', 'text': ''}",{'type': 'link', 'href': 'https://www.ligafemenil.mx/cancha/playlist/95614/america-vs-veracruz', 'text': ''}"

2018-2019,Clausura,{'type': 'text', 'value': 'Lunes 8 de Abril de 2019\nTemporada 2018-2019\nTorneo Clausura\nJornada 16\n8 Abril 2019 - 16:00 hrs.'}",{'type': 'link', 'href': 'https://www.ligafemenil.mx/cancha/informeArbitral/95607/eyJpZERpdmlzaW9uIjoiMTQiLCJpZFRlbXBvcmFkYSI6IjY5IiwiaWRUb3JuZW8iOiIyIiwiaWRDbHVibG9jYWwiOjExNTQyLCJpZENsdWJ2aXNpdGEiOjExMTg0fQ==/informe-arbitral-lobos-vs-pachuca-jornada-16-estadio-universitario-buap-univision-tdn', 'text': '4 - 2'}",{'type': 'link', 'href': 'https://www.ligafemenil.mx/cancha/estadio/75/estadio-universitario-buap', 'text': 'Universitario BUAP'}",{'type': 'link', 'href': 'https://www.ligafemenil.mx/cancha/galeria/OTU2MDcvMTYvNjkvMi8xNA==/lobos-vs-pachuca', 'text': ''}",{'type': 'link', 'href': 'https://www.ligafemenil.mx/cancha/playlist/95607/lobos-vs-pachuca', 'text': ''}"

2018-2019,Clausura,{'type': 'text', 'value': 'Lunes 8 de Abril de 2019\nTemporada 2018-2019\nTorneo Clausura\nJornada 16\n8 Abril 2019 - 16:00 hrs.'}",{'type': 'link', 'href': 'https://www.ligafemenil.mx/cancha/informeArbitral/95608/eyJpZERpdmlzaW9uIjoiMTQiLCJpZFRlbXBvcmFkYSI6IjY5IiwiaWRUb3JuZW8iOiIyIiwiaWRDbHVibG9jYWwiOjExMTgzLCJpZENsdWJ2aXNpdGEiOjExMTg2fQ==/informe-arbitral-m-morelia-vs-tigres-de-la-uanl-jornada-16-estadio-jose-maria-morelos-y-pavon-am', 'text': '0 - 1'}",{'type': 'link', 'href': 'https://www.ligafemenil.mx/cancha/estadio/10/estadio-jose-maria-morelos-y-pavon', 'text': 'José María Morelos y Pavón'}",{'type': 'link', 'href': 'https://www.ligafemenil.mx/cancha/galeria/OTU2MDgvMTYvNjkvMi8xNA==/m-morelia-vs-tigres-de-la-uanl', 'text': ''}",{'type': 'link', 'href': 'https://www.ligafemenil.mx/cancha/playlist/95608/m-morelia-vs-tigres-de-la-uanl', 'text': ''}"

2018-2019,Clausura,{'type': 'text', 'value': 'Lunes 8 de Abril de 2019\nTemporada 2018-2019\nTorneo Clausura\nJornada 16\n8 Abril 2019 - 18:00 hrs.'}",{'type': 'link', 'href': 'https://www.ligafemenil.mx/cancha/informeArbitral/95609/eyJpZERpdmlzaW9uIjoiMTQiLCJpZFRlbXBvcmFkYSI6IjY5IiwiaWRUb3JuZW8iOiIyIiwiaWRDbHVibG9jYWwiOjExMTg3LCJpZENsdWJ2aXNpdGEiOjExMTg4fQ==/informe-arbitral-toluca-vs-pumas-jornada-16-estadio-nemesio-diez-univision-tdn', 'text': '2 - 2'}",{'type': 'link', 'href': 'https://www.ligafemenil.mx/cancha/estadio/6/estadio-nemesio-diez', 'text': 'Nemesio Diez'}",{'type': 'link', 'href': 'https://www.ligafemenil.mx/cancha/galeria/OTU2MDkvMTYvNjkvMi8xNA==/toluca-vs-pumas', 'text': ''}",{'type': 'link', 'href': 'https://www.ligafemenil.mx/cancha/playlist/95609/toluca-vs-pumas', 'text': ''}"

2018-2019,Clausura,{'type': 'text', 'value': 'Lunes 8 de Abril de 2019\nTemporada 2018-2019\nTorneo Clausura\nJornada 16\n8 Abril 2019 - 19:00 hrs.'}",{'type': 'link', 'href': 'https://www.ligafemenil.mx/cancha/informeArbitral/95617/eyJpZERpdmlzaW9uIjoiMTQiLCJpZFRlbXBvcmFkYSI6IjY5IiwiaWRUb3JuZW8iOiIyIiwiaWRDbHVibG9jYWwiOjExMTg1LCJpZENsdWJ2aXNpdGEiOjExMjQzfQ==/informe-arbitral-rayados-de-monterrey-vs-leon-jornada-16-estadio-bbva-bancomer-fox-sports', 'text': '4 - 1'}",{'type': 'link', 'href': 'https://www.ligafemenil.mx/cancha/estadio/793/estadio-bbva-bancomer', 'text': 'Estadio BBVA Bancomer'}",{'type': 'link', 'href': 'https://www.ligafemenil.mx/cancha/galeria/OTU2MTcvMTYvNjkvMi8xNA==/rayados-de-monterrey-vs-leon', 'text': ''}",{'type': 'link', 'href': 'https://www.ligafemenil.mx/cancha/playlist/95617/rayados-de-monterrey-vs-leon', 'text': ''}"

2018-2019,Clausura,{'type': 'text', 'value': 'Lunes 8 de Abril de 2019\nTemporada 2018-2019\nTorneo Clausura\nJornada 16\n8 Abril 2019 - 21:00 hrs.'}",{'type': 'link', 'href': 'https://www.ligafemenil.mx/cancha/informeArbitral/95619/eyJpZERpdmlzaW9uIjoiMTQiLCJpZFRlbXBvcmFkYSI6IjY5IiwiaWRUb3JuZW8iOiIyIiwiaWRDbHVibG9jYWwiOjExMTkyLCJpZENsdWJ2aXNpdGEiOjExMjQ1fQ==/informe-arbitral-santos-laguna-vs-atlas-jornada-16-estadio-tsm-corona-fox-sports', 'text': '0 - 2'}",{'type': 'link', 'href': 'https://www.ligafemenil.mx/cancha/estadio/63/estadio-tsm-corona', 'text': 'TSM Corona'}",{'type': 'link', 'href': 'https://www.ligafemenil.mx/cancha/galeria/OTU2MTkvMTYvNjkvMi8xNA==/santos-laguna-vs-atlas', 'text': ''}",{'type': 'link', 'href': 'https://www.ligafemenil.mx/cancha/playlist/95619/santos-laguna-vs-atlas', 'text': ''}"

2018-2019,Clausura,{'type': 'text', 'value': 'Viernes 12 de Abril de 2019\nTemporada 2018-2019\nTorneo Clausura\nJornada 17\n12 Abril 2019 - 16:00 hrs.'}",{'type': 'link', 'href': 'https://www.ligafemenil.mx/cancha/informeArbitral/95622/eyJpZERpdmlzaW9uIjoiMTQiLCJpZFRlbXBvcmFkYSI6IjY5IiwiaWRUb3JuZW8iOiIyIiwiaWRDbHVibG9jYWwiOjExMjQ0LCJpZENsdWJ2aXNpdGEiOjExMTgzfQ==/informe-arbitral-queretaro-vs-m-morelia-jornada-17-estadio-la-corregidora-tvc-deportes', 'text': '0 - 0'}",{'type': 'link', 'href': 'https://www.ligafemenil.mx/cancha/estadio/25/estadio-la-corregidora', 'text': 'La Corregidora'}",{'type': 'link', 'href': 'https://www.ligafemenil.mx/cancha/galeria/OTU2MjIvMTcvNjkvMi8xNA==/queretaro-vs-m-morelia', 'text': ''}",{'type': 'link', 'href': 'https://www.ligafemenil.mx/cancha/playlist/95622/queretaro-vs-m-morelia', 'text': ''}"

2018-2019,Clausura,{'type': 'text', 'value': 'Sábado 13 de Abril de 2019\nTemporada 2018-2019\nTorneo Clausura\nJornada 17\n13 Abril 2019 - 11:00 hrs.'}",{'type': 'link', 'href': 'https://www.ligafemenil.mx/cancha/informeArbitral/95623/eyJpZERpdmlzaW9uIjoiMTQiLCJpZFRlbXBvcmFkYSI6IjY5IiwiaWRUb3JuZW8iOiIyIiwiaWRDbHVibG9jYWwiOjExMjQ1LCJpZENsdWJ2aXNpdGEiOjExMTg1fQ==/informe-arbitral-atlas-vs-rayados-de-monterrey-jornada-17-estadio-colomos-tvc-deportes', 'text': '0 - 3'}",{'type': 'link', 'href': 'https://www.ligafemenil.mx/cancha/estadio/109/estadio-colomos', 'text': 'Colomos'}",{'type': 'link', 'href': 'https://www.ligafemenil.mx/cancha/galeria/OTU2MjMvMTcvNjkvMi8xNA==/atlas-vs-rayados-de-monterrey', 'text': ''}",{'type': 'link', 'href': 'https://www.ligafemenil.mx/cancha/playlist/95623/atlas-vs-rayados-de-monterrey', 'text': ''}"

2018-2019,Clausura,{'type': 'text', 'value': 'Sábado 13 de Abril de 2019\nTemporada 2018-2019\nTorneo Clausura\nJornada 17\n13 Abril 2019 - 12:00 hrs.'}",{'type': 'link', 'href': 'https://www.ligafemenil.mx/cancha/informeArbitral/95628/eyJpZERpdmlzaW9uIjoiMTQiLCJpZFRlbXBvcmFkYSI6IjY5IiwiaWRUb3JuZW8iOiIyIiwiaWRDbHVibG9jYWwiOjExMTg4LCJpZENsdWJ2aXNpdGEiOjExMTgxfQ==/informe-arbitral-pumas-vs-cruz-azul-jornada-17-estadio-la-cantera-cancha-1-univision-tdn', 'text': '3 - 0'}",{'type': 'link', 'href': 'https://www.ligafemenil.mx/cancha/estadio/1146/estadio-la-cantera-cancha-1', 'text': 'La Cantera Cancha 1'}",{'type': 'link', 'href': 'https://www.ligafemenil.mx/cancha/galeria/OTU2MjgvMTcvNjkvMi8xNA==/pumas-vs-cruz-azul', 'text': ''}",{'type': 'link', 'href': 'https://www.ligafemenil.mx/cancha/playlist/95628/pumas-vs-cruz-azul', 'text': ''}"

2018-2019,Clausura,{'type': 'text', 'value': 'Lunes 15 de Abril de 2019\nTemporada 2018-2019\nTorneo Clausura\nJornada 17\n15 Abril 2019 - 17:00 hrs.'}",{'type': 'link', 'href': 'https://www.ligafemenil.mx/cancha/informeArbitral/95630/eyJpZERpdmlzaW9uIjoiMTQiLCJpZFRlbXBvcmFkYSI6IjY5IiwiaWRUb3JuZW8iOiIyIiwiaWRDbHVibG9jYWwiOjExMjQyLCJpZENsdWJ2aXNpdGEiOjExMTg3fQ==/informe-arbitral-veracruz-vs-toluca-jornada-17-estadio-luis-pirata-fuente-tibuvision', 'text': '1 - 0'}",{'type': 'link', 'href': 'https://www.ligafemenil.mx/cancha/estadio/57/estadio-luis-pirata-fuente', 'text': 'Luis Pirata Fuente'}",{'type': 'link', 'href': 'https://www.ligafemenil.mx/cancha/galeria/OTU2MzAvMTcvNjkvMi8xNA==/veracruz-vs-toluca', 'text': ''}",{'type': 'link', 'href': 'https://www.ligafemenil.mx/cancha/playlist/95630/veracruz-vs-toluca', 'text': ''}"

2018-2019,Clausura,{'type': 'text', 'value': 'Lunes 15 de Abril de 2019\nTemporada 2018-2019\nTorneo Clausura\nJornada 17\n15 Abril 2019 - 19:00 hrs.'}",{'type': 'link', 'href': 'https://www.ligafemenil.mx/cancha/informeArbitral/95632/eyJpZERpdmlzaW9uIjoiMTQiLCJpZFRlbXBvcmFkYSI6IjY5IiwiaWRUb3JuZW8iOiIyIiwiaWRDbHVibG9jYWwiOjExMTg0LCJpZENsdWJ2aXNpdGEiOjExMTkxfQ==/informe-arbitral-pachuca-vs-america-jornada-17-estadio-hidalgo-fox-sports', 'text': '1 - 0'}",{'type': 'link', 'href': 'https://www.ligafemenil.mx/cancha/estadio/11/estadio-hidalgo', 'text': 'Hidalgo'}",{'type': 'link', 'href': 'https://www.ligafemenil.mx/cancha/galeria/OTU2MzIvMTcvNjkvMi8xNA==/pachuca-vs-america', 'text': ''}",{'type': 'link', 'href': 'https://www.ligafemenil.mx/cancha/playlist/95632/pachuca-vs-america', 'text': ''}"

2018-2019,Clausura,{'type': 'text', 'value': 'Lunes 15 de Abril de 2019\nTemporada 2018-2019\nTorneo Clausura\nJornada 17\n15 Abril 2019 - 20:00 hrs.'}",{'type': 'link', 'href': 'https://www.ligafemenil.mx/cancha/informeArbitral/95643/eyJpZERpdmlzaW9uIjoiMTQiLCJpZFRlbXBvcmFkYSI6IjY5IiwiaWRUb3JuZW8iOiIyIiwiaWRDbHVibG9jYWwiOjExMTg2LCJpZENsdWJ2aXNpdGEiOjExMTgyfQ==/informe-arbitral-tigres-de-la-uanl-vs-guadalajara-jornada-17-estadio-universitario-univision-tdn', 'text': '2 - 1'}",{'type': 'link', 'href': 'https://www.ligafemenil.mx/cancha/estadio/12/estadio-universitario', 'text': 'Universitario'}",{'type': 'link', 'href': 'https://www.ligafemenil.mx/cancha/galeria/OTU2NDMvMTcvNjkvMi8xNA==/tigres-de-la-uanl-vs-guadalajara', 'text': ''}",{'type': 'link', 'href': 'https://www.ligafemenil.mx/cancha/playlist/95643/tigres-de-la-uanl-vs-guadalajara', 'text': ''}"

2018-2019,Clausura,{'type': 'text', 'value': 'Lunes 15 de Abril de 2019\nTemporada 2018-2019\nTorneo Clausura\nJornada 17\n15 Abril 2019 - 21:00 hrs.'}",{'type': 'link', 'href': 'https://www.ligafemenil.mx/cancha/informeArbitral/95647/eyJpZERpdmlzaW9uIjoiMTQiLCJpZFRlbXBvcmFkYSI6IjY5IiwiaWRUb3JuZW8iOiIyIiwiaWRDbHVibG9jYWwiOjExMjQzLCJpZENsdWJ2aXNpdGEiOjExMTg5fQ==/informe-arbitral-leon-vs-necaxa-jornada-17-estadio-nou-camp-fox-sports', 'text': '0 - 1'}",{'type': 'link', 'href': 'https://www.ligafemenil.mx/cancha/estadio/23/estadio-nou-camp', 'text': 'Nou Camp'}",{'type': 'link', 'href': 'https://www.ligafemenil.mx/cancha/galeria/OTU2NDcvMTcvNjkvMi8xNA==/leon-vs-necaxa', 'text': ''}",{'type': 'link', 'href': 'https://www.ligafemenil.mx/cancha/playlist/95647/leon-vs-necaxa', 'text': ''}"

2018-2019,Clausura,{'type': 'text', 'value': 'Lunes 15 de Abril de 2019\nTemporada 2018-2019\nTorneo Clausura\nJornada 17\n15 Abril 2019 - 19:00 hrs.'}",{'type': 'link', 'href': 'https://www.ligafemenil.mx/cancha/informeArbitral/95651/eyJpZERpdmlzaW9uIjoiMTQiLCJpZFRlbXBvcmFkYSI6IjY5IiwiaWRUb3JuZW8iOiIyIiwiaWRDbHVibG9jYWwiOjExMTgwLCJpZENsdWJ2aXNpdGEiOjExNTQzfQ==/informe-arbitral-tijuana-vs-puebla-fc-jornada-17-estadio-caliente', 'text': '0 - 1'}",{'type': 'link', 'href': 'https://www.ligafemenil.mx/cancha/estadio/48/estadio-caliente', 'text': 'Caliente'}",{'type': 'link', 'href': 'https://www.ligafemenil.mx/cancha/galeria/OTU2NTEvMTcvNjkvMi8xNA==/tijuana-vs-puebla-fc', 'text': ''}",{'type': 'link', 'href': 'https://www.ligafemenil.mx/cancha/playlist/95651/tijuana-vs-puebla-fc', 'text': ''}"

2018-2019,Clausura,{'type': 'text', 'value': 'Viernes 19 de Abril de 2019\nTemporada 2018-2019\nTorneo Clausura\nJornada 18\n19 Abril 2019 - 16:00 hrs.'}",{'type': 'link', 'href': 'https://www.ligafemenil.mx/cancha/informeArbitral/95653/eyJpZERpdmlzaW9uIjoiMTQiLCJpZFRlbXBvcmFkYSI6IjY5IiwiaWRUb3JuZW8iOiIyIiwiaWRDbHVibG9jYWwiOjExMTgxLCJpZENsdWJ2aXNpdGEiOjExMjQyfQ==/informe-arbitral-cruz-azul-vs-veracruz-jornada-18-estadio-10-de-diciembre-tdn', 'text': '0 - 1'}",{'type': 'link', 'href': 'https://www.ligafemenil.mx/cancha/estadio/30/estadio-10-de-diciembre', 'text': '10 de Diciembre'}",{'type': 'link', 'href': 'https://www.ligafemenil.mx/cancha/galeria/OTU2NTMvMTgvNjkvMi8xNA==/cruz-azul-vs-veracruz', 'text': ''}",{'type': 'link', 'href': 'https://www.ligafemenil.mx/cancha/playlist/95653/cruz-azul-vs-veracruz', 'text': ''}"

2018-2019,Clausura,{'type': 'text', 'value': 'Viernes 19 de Abril de 2019\nTemporada 2018-2019\nTorneo Clausura\nJornada 18\n19 Abril 2019 - 16:00 hrs.'}",{'type': 'link', 'href': 'https://www.ligafemenil.mx/cancha/informeArbitral/95655/eyJpZERpdmlzaW9uIjoiMTQiLCJpZFRlbXBvcmFkYSI6IjY5IiwiaWRUb3JuZW8iOiIyIiwiaWRDbHVibG9jYWwiOjExMTg5LCJpZENsdWJ2aXNpdGEiOjExMjQ1fQ==/informe-arbitral-necaxa-vs-atlas-jornada-18-estadio-victoria-claro-sports', 'text': '0 - 2'}",{'type': 'link', 'href': 'https://www.ligafemenil.mx/cancha/estadio/15/estadio-victoria', 'text': 'Victoria'}",{'type': 'link', 'href': 'https://www.ligafemenil.mx/cancha/galeria/OTU2NTUvMTgvNjkvMi8xNA==/necaxa-vs-atlas', 'text': ''}",{'type': 'link', 'href': 'https://www.ligafemenil.mx/cancha/playlist/95655/necaxa-vs-atlas', 'text': ''}"

2018-2019,Clausura,{'type': 'text', 'value': 'Viernes 19 de Abril de 2019\nTemporada 2018-2019\nTorneo Clausura\nJornada 18\n19 Abril 2019 - 18:00 hrs.'}",{'type': 'link', 'href': 'https://www.ligafemenil.mx/cancha/informeArbitral/95667/eyJpZERpdmlzaW9uIjoiMTQiLCJpZFRlbXBvcmFkYSI6IjY5IiwiaWRUb3JuZW8iOiIyIiwiaWRDbHVibG9jYWwiOjExMTg1LCJpZENsdWJ2aXNpdGEiOjExMTkyfQ==/informe-arbitral-rayados-de-monterrey-vs-santos-laguna-jornada-18-estadio-bbva-bancomer-fox-sports', 'text': '3 - 2'}",{'type': 'link', 'href': 'https://www.ligafemenil.mx/cancha/estadio/793/estadio-bbva-bancomer', 'text': 'Estadio BBVA Bancomer'}",{'type': 'link', 'href': 'https://www.ligafemenil.mx/cancha/galeria/OTU2NjcvMTgvNjkvMi8xNA==/rayados-de-monterrey-vs-santos-laguna', 'text': ''}",{'type': 'link', 'href': 'https://www.ligafemenil.mx/cancha/playlist/95667/rayados-de-monterrey-vs-santos-laguna', 'text': ''}"

2018-2019,Clausura,{'type': 'text', 'value': 'Sábado 20 de Abril de 2019\nTemporada 2018-2019\nTorneo Clausura\nJornada 18\n20 Abril 2019 - 12:00 hrs.'}",{'type': 'link', 'href': 'https://www.ligafemenil.mx/cancha/informeArbitral/95665/eyJpZERpdmlzaW9uIjoiMTQiLCJpZFRlbXBvcmFkYSI6IjY5IiwiaWRUb3JuZW8iOiIyIiwiaWRDbHVibG9jYWwiOjExMTkxLCJpZENsdWJ2aXNpdGEiOjExNTQyfQ==/informe-arbitral-america-vs-lobos-jornada-18-estadio-cancha-centenario-no-5-natural-instalaciones-club-america-tdn', 'text': '1 - 0'}",{'type': 'link', 'href': 'https://www.ligafemenil.mx/cancha/estadio/1421/estadio-cancha-centenario-no-5-natural-instalaciones-club-america', 'text': 'Cancha Centenario No. 5 (Natural) Instalaciones Club América'}",{'type': 'link', 'href': 'https://www.ligafemenil.mx/cancha/galeria/OTU2NjUvMTgvNjkvMi8xNA==/america-vs-lobos', 'text': ''}",{'type': 'link', 'href': 'https://www.ligafemenil.mx/cancha/playlist/95665/america-vs-lobos', 'text': ''}"

2018-2019,Clausura,{'type': 'text', 'value': 'Domingo 21 de Abril de 2019\nTemporada 2018-2019\nTorneo Clausura\nJornada 18\n21 Abril 2019 - 12:00 hrs.'}",{'type': 'link', 'href': 'https://www.ligafemenil.mx/cancha/informeArbitral/95656/eyJpZERpdmlzaW9uIjoiMTQiLCJpZFRlbXBvcmFkYSI6IjY5IiwiaWRUb3JuZW8iOiIyIiwiaWRDbHVibG9jYWwiOjExNTQzLCJpZENsdWJ2aXNpdGEiOjExMTg4fQ==/informe-arbitral-puebla-fc-vs-pumas-jornada-18-estadio-cuauhtemoc-tvc-deportes', 'text': '1 - 0'}",{'type': 'link', 'href': 'https://www.ligafemenil.mx/cancha/estadio/9/estadio-cuauhtemoc', 'text': 'Cuauhtémoc'}",{'type': 'link', 'href': 'https://www.ligafemenil.mx/cancha/galeria/OTU2NTYvMTgvNjkvMi8xNA==/puebla-fc-vs-pumas', 'text': ''}",{'type': 'link', 'href': 'https://www.ligafemenil.mx/cancha/playlist/95656/puebla-fc-vs-pumas', 'text': ''}"

2018-2019,Clausura,{'type': 'text', 'value': 'Domingo 21 de Abril de 2019\nTemporada 2018-2019\nTorneo Clausura\nJornada 18\n21 Abril 2019 - 12:30 hrs.'}",{'type': 'link', 'href': 'https://www.ligafemenil.mx/cancha/informeArbitral/95659/eyJpZERpdmlzaW9uIjoiMTQiLCJpZFRlbXBvcmFkYSI6IjY5IiwiaWRUb3JuZW8iOiIyIiwiaWRDbHVibG9jYWwiOjExMTgyLCJpZENsdWJ2aXNpdGEiOjExMjQ0fQ==/informe-arbitral-guadalajara-vs-queretaro-jornada-18-estadio-verde-valle-chivas-tv', 'text': '3 - 1'}",{'type': 'link', 'href': 'https://www.ligafemenil.mx/cancha/estadio/36/estadio-verde-valle', 'text': 'Verde Valle'}",{'type': 'link', 'href': 'https://www.ligafemenil.mx/cancha/galeria/OTU2NTkvMTgvNjkvMi8xNA==/guadalajara-vs-queretaro', 'text': ''}",{'type': 'link', 'href': 'https://www.ligafemenil.mx/cancha/playlist/95659/guadalajara-vs-queretaro', 'text': ''}"

2018-2019,Clausura,{'type': 'text', 'value': 'Lunes 22 de Abril de 2019\nTemporada 2018-2019\nTorneo Clausura\nJornada 18\n22 Abril 2019 - 16:00 hrs.'}",{'type': 'link', 'href': 'https://www.ligafemenil.mx/cancha/informeArbitral/95661/eyJpZERpdmlzaW9uIjoiMTQiLCJpZFRlbXBvcmFkYSI6IjY5IiwiaWRUb3JuZW8iOiIyIiwiaWRDbHVibG9jYWwiOjExMTgzLCJpZENsdWJ2aXNpdGEiOjExMjQzfQ==/informe-arbitral-m-morelia-vs-leon-jornada-18-estadio-jose-maria-morelos-y-pavon-am', 'text': '2 - 3'}",{'type': 'link', 'href': 'https://www.ligafemenil.mx/cancha/estadio/10/estadio-jose-maria-morelos-y-pavon', 'text': 'José María Morelos y Pavón'}",{'type': 'link', 'href': 'https://www.ligafemenil.mx/cancha/galeria/OTU2NjEvMTgvNjkvMi8xNA==/m-morelia-vs-leon', 'text': ''}",{'type': 'link', 'href': 'https://www.ligafemenil.mx/cancha/playlist/95661/m-morelia-vs-leon', 'text': ''}"

2018-2019,Clausura,{'type': 'text', 'value': 'Lunes 22 de Abril de 2019\nTemporada 2018-2019\nTorneo Clausura\nJornada 18\n22 Abril 2019 - 18:00 hrs.'}",{'type': 'link', 'href': 'https://www.ligafemenil.mx/cancha/informeArbitral/95663/eyJpZERpdmlzaW9uIjoiMTQiLCJpZFRlbXBvcmFkYSI6IjY5IiwiaWRUb3JuZW8iOiIyIiwiaWRDbHVibG9jYWwiOjExMTg3LCJpZENsdWJ2aXNpdGEiOjExMTg0fQ==/informe-arbitral-toluca-vs-pachuca-jornada-18-estadio-nemesio-diez-tdn', 'text': '2 - 3'}",{'type': 'link', 'href': 'https://www.ligafemenil.mx/cancha/estadio/6/estadio-nemesio-diez', 'text': 'Nemesio Diez'}",{'type': 'link', 'href': 'https://www.ligafemenil.mx/cancha/galeria/OTU2NjMvMTgvNjkvMi8xNA==/toluca-vs-pachuca', 'text': ''}",{'type': 'link', 'href': 'https://www.ligafemenil.mx/cancha/playlist/95663/toluca-vs-pachuca', 'text': ''}"

2018-2019,Clausura,{'type': 'text', 'value': 'Miércoles 24 de Abril de 2019\nTemporada 2018-2019\nTorneo Clausura\nCuartos Ida\n24 Abril 2019 - 16:00 hrs.'}",{'type': 'link', 'href': 'https://www.ligafemenil.mx/cancha/informeArbitral/97966/eyJpZERpdmlzaW9uIjoiMTQiLCJpZFRlbXBvcmFkYSI6IjY5IiwiaWRUb3JuZW8iOiIyIiwiaWRDbHVibG9jYWwiOjExMTg4LCJpZENsdWJ2aXNpdGEiOjExMTg1fQ==/informe-arbitral-pumas-vs-rayados-de-monterrey-cuartos-ida-estadio-la-cantera-cancha-1-univision-tdn', 'text': '1 - 2'}",{'type': 'link', 'href': 'https://www.ligafemenil.mx/cancha/estadio/1146/estadio-la-cantera-cancha-1', 'text': 'La Cantera Cancha 1'}",{'type': 'link', 'href': 'https://www.ligafemenil.mx/cancha/galeria/OTc5NjYvMTkvNjkvMi8xNA==/pumas-vs-rayados-de-monterrey', 'text': ''}",{'type': 'link', 'href': 'https://www.ligafemenil.mx/cancha/playlist/97966/pumas-vs-rayados-de-monterrey', 'text': ''}"

2018-2019,Clausura,{'type': 'text', 'value': 'Jueves 25 de Abril de 2019\nTemporada 2018-2019\nTorneo Clausura\nCuartos Ida\n25 Abril 2019 - 17:00 hrs.'}",{'type': 'link', 'href': 'https://www.ligafemenil.mx/cancha/informeArbitral/97969/eyJpZERpdmlzaW9uIjoiMTQiLCJpZFRlbXBvcmFkYSI6IjY5IiwiaWRUb3JuZW8iOiIyIiwiaWRDbHVibG9jYWwiOjExMjQ1LCJpZENsdWJ2aXNpdGEiOjExMTg0fQ==/informe-arbitral-atlas-vs-pachuca-cuartos-ida-estadio-colomos-tvc-deportes', 'text': '0 - 1'}",{'type': 'link', 'href': 'https://www.ligafemenil.mx/cancha/estadio/109/estadio-colomos', 'text': 'Colomos'}",{'type': 'link', 'href': 'https://www.ligafemenil.mx/cancha/galeria/OTc5NjkvMTkvNjkvMi8xNA==/atlas-vs-pachuca', 'text': ''}",{'type': 'link', 'href': 'https://www.ligafemenil.mx/cancha/playlist/97969/atlas-vs-pachuca', 'text': ''}"

2018-2019,Clausura,{'type': 'text', 'value': 'Jueves 25 de Abril de 2019\nTemporada 2018-2019\nTorneo Clausura\nCuartos Ida\n25 Abril 2019 - 19:00 hrs.'}",{'type': 'link', 'href': 'https://www.ligafemenil.mx/cancha/informeArbitral/97968/eyJpZERpdmlzaW9uIjoiMTQiLCJpZFRlbXBvcmFkYSI6IjY5IiwiaWRUb3JuZW8iOiIyIiwiaWRDbHVibG9jYWwiOjExNTQzLCJpZENsdWJ2aXNpdGEiOjExMTg2fQ==/informe-arbitral-puebla-fc-vs-tigres-de-la-uanl-cuartos-ida-estadio-cuauhtemoc-tvc-deportes', 'text': '1 - 2'}",{'type': 'link', 'href': 'https://www.ligafemenil.mx/cancha/estadio/9/estadio-cuauhtemoc', 'text': 'Cuauhtémoc'}",{'type': 'link', 'href': 'https://www.ligafemenil.mx/cancha/galeria/OTc5NjgvMTkvNjkvMi8xNA==/puebla-fc-vs-tigres-de-la-uanl', 'text': ''}",{'type': 'link', 'href': 'https://www.ligafemenil.mx/cancha/playlist/97968/puebla-fc-vs-tigres-de-la-uanl', 'text': ''}"

2018-2019,Clausura,{'type': 'text', 'value': 'Jueves 25 de Abril de 2019\nTemporada 2018-2019\nTorneo Clausura\nCuartos Ida\n25 Abril 2019 - 21:00 hrs.'}",{'type': 'link', 'href': 'https://www.ligafemenil.mx/cancha/informeArbitral/97967/eyJpZERpdmlzaW9uIjoiMTQiLCJpZFRlbXBvcmFkYSI6IjY5IiwiaWRUb3JuZW8iOiIyIiwiaWRDbHVibG9jYWwiOjExMjQzLCJpZENsdWJ2aXNpdGEiOjExMTkxfQ==/informe-arbitral-leon-vs-america-cuartos-ida-estadio-nou-camp-fox-sports', 'text': '0 - 1'}",{'type': 'link', 'href': 'https://www.ligafemenil.mx/cancha/estadio/23/estadio-nou-camp', 'text': 'Nou Camp'}",{'type': 'link', 'href': 'https://www.ligafemenil.mx/cancha/galeria/OTc5NjcvMTkvNjkvMi8xNA==/leon-vs-america', 'text': ''}",{'type': 'link', 'href': 'https://www.ligafemenil.mx/cancha/playlist/97967/leon-vs-america', 'text': ''}"

2018-2019,Clausura,{'type': 'text', 'value': 'Sábado 27 de Abril de 2019\nTemporada 2018-2019\nTorneo Clausura\nCuartos Vuelta\n27 Abril 2019 - 21:06 hrs.'}",{'type': 'link', 'href': 'https://www.ligafemenil.mx/cancha/informeArbitral/97970/eyJpZERpdmlzaW9uIjoiMTQiLCJpZFRlbXBvcmFkYSI6IjY5IiwiaWRUb3JuZW8iOiIyIiwiaWRDbHVibG9jYWwiOjExMTg1LCJpZENsdWJ2aXNpdGEiOjExMTg4fQ==/informe-arbitral-rayados-de-monterrey-vs-pumas-cuartos-vuelta-estadio-bbva-bancomer-fox-sports', 'text': '3 - 0'}",{'type': 'link', 'href': 'https://www.ligafemenil.mx/cancha/estadio/793/estadio-bbva-bancomer', 'text': 'Estadio BBVA Bancomer'}",{'type': 'link', 'href': 'https://www.ligafemenil.mx/cancha/galeria/OTc5NzAvMjAvNjkvMi8xNA==/rayados-de-monterrey-vs-pumas', 'text': ''}",{'type': 'link', 'href': 'https://www.ligafemenil.mx/cancha/playlist/97970/rayados-de-monterrey-vs-pumas', 'text': ''}"

2018-2019,Clausura,{'type': 'text', 'value': 'Domingo 28 de Abril de 2019\nTemporada 2018-2019\nTorneo Clausura\nCuartos Vuelta\n28 Abril 2019 - 16:00 hrs.'}",{'type': 'link', 'href': 'https://www.ligafemenil.mx/cancha/informeArbitral/97971/eyJpZERpdmlzaW9uIjoiMTQiLCJpZFRlbXBvcmFkYSI6IjY5IiwiaWRUb3JuZW8iOiIyIiwiaWRDbHVibG9jYWwiOjExMTkxLCJpZENsdWJ2aXNpdGEiOjExMjQzfQ==/informe-arbitral-america-vs-leon-cuartos-vuelta-estadio-azteca-univision-tdn', 'text': '1 - 1'}",{'type': 'link', 'href': 'https://www.ligafemenil.mx/cancha/estadio/1/estadio-azteca', 'text': 'Azteca'}",{'type': 'link', 'href': 'https://www.ligafemenil.mx/cancha/galeria/OTc5NzEvMjAvNjkvMi8xNA==/america-vs-leon', 'text': ''}",{'type': 'link', 'href': 'https://www.ligafemenil.mx/cancha/playlist/97971/america-vs-leon', 'text': ''}"

2018-2019,Clausura,{'type': 'text', 'value': 'Lunes 29 de Abril de 2019\nTemporada 2018-2019\nTorneo Clausura\nCuartos Vuelta\n29 Abril 2019 - 19:00 hrs.'}",{'type': 'link', 'href': 'https://www.ligafemenil.mx/cancha/informeArbitral/97973/eyJpZERpdmlzaW9uIjoiMTQiLCJpZFRlbXBvcmFkYSI6IjY5IiwiaWRUb3JuZW8iOiIyIiwiaWRDbHVibG9jYWwiOjExMTg0LCJpZENsdWJ2aXNpdGEiOjExMjQ1fQ==/informe-arbitral-pachuca-vs-atlas-cuartos-vuelta-estadio-hidalgo-fox-sports', 'text': '1 - 1'}",{'type': 'link', 'href': 'https://www.ligafemenil.mx/cancha/estadio/11/estadio-hidalgo', 'text': 'Hidalgo'}",{'type': 'link', 'href': 'https://www.ligafemenil.mx/cancha/galeria/OTc5NzMvMjAvNjkvMi8xNA==/pachuca-vs-atlas', 'text': ''}",{'type': 'link', 'href': 'https://www.ligafemenil.mx/cancha/playlist/97973/pachuca-vs-atlas', 'text': ''}"

2018-2019,Clausura,{'type': 'text', 'value': 'Lunes 29 de Abril de 2019\nTemporada 2018-2019\nTorneo Clausura\nCuartos Vuelta\n29 Abril 2019 - 20:00 hrs.'}",{'type': 'link', 'href': 'https://www.ligafemenil.mx/cancha/informeArbitral/97972/eyJpZERpdmlzaW9uIjoiMTQiLCJpZFRlbXBvcmFkYSI6IjY5IiwiaWRUb3JuZW8iOiIyIiwiaWRDbHVibG9jYWwiOjExMTg2LCJpZENsdWJ2aXNpdGEiOjExNTQzfQ==/informe-arbitral-tigres-de-la-uanl-vs-puebla-fc-cuartos-vuelta-estadio-universitario-univision-tdn', 'text': '2 - 0'}",{'type': 'link', 'href': 'https://www.ligafemenil.mx/cancha/estadio/12/estadio-universitario', 'text': 'Universitario'}",{'type': 'link', 'href': 'https://www.ligafemenil.mx/cancha/galeria/OTc5NzIvMjAvNjkvMi8xNA==/tigres-de-la-uanl-vs-puebla-fc', 'text': ''}",{'type': 'link', 'href': 'https://www.ligafemenil.mx/cancha/playlist/97972/tigres-de-la-uanl-vs-puebla-fc', 'text': ''}"

2018-2019,Clausura,{'type': 'text', 'value': 'Jueves 2 de Mayo de 2019\nTemporada 2018-2019\nTorneo Clausura\nSemifinal Ida\n2 Mayo 2019 - 21:00 hrs.'}",{'type': 'link', 'href': 'https://www.ligafemenil.mx/cancha/informeArbitral/97983/eyJpZERpdmlzaW9uIjoiMTQiLCJpZFRlbXBvcmFkYSI6IjY5IiwiaWRUb3JuZW8iOiIyIiwiaWRDbHVibG9jYWwiOjExMTg2LCJpZENsdWJ2aXNpdGEiOjExMTkxfQ==/informe-arbitral-tigres-de-la-uanl-vs-america-semifinal-ida-estadio-universitario-univision-tdn', 'text': '2 - 0'}",{'type': 'link', 'href': 'https://www.ligafemenil.mx/cancha/estadio/12/estadio-universitario', 'text': 'Universitario'}",{'type': 'link', 'href': 'https://www.ligafemenil.mx/cancha/galeria/OTc5ODMvMjEvNjkvMi8xNA==/tigres-de-la-uanl-vs-america', 'text': ''}",{'type': 'link', 'href': 'https://www.ligafemenil.mx/cancha/playlist/97983/tigres-de-la-uanl-vs-america', 'text': ''}"

2018-2019,Clausura,{'type': 'text', 'value': 'Viernes 3 de Mayo de 2019\nTemporada 2018-2019\nTorneo Clausura\nSemifinal Ida\n3 Mayo 2019 - 19:00 hrs.'}",{'type': 'link', 'href': 'https://www.ligafemenil.mx/cancha/informeArbitral/97982/eyJpZERpdmlzaW9uIjoiMTQiLCJpZFRlbXBvcmFkYSI6IjY5IiwiaWRUb3JuZW8iOiIyIiwiaWRDbHVibG9jYWwiOjExMTg0LCJpZENsdWJ2aXNpdGEiOjExMTg1fQ==/informe-arbitral-pachuca-vs-rayados-de-monterrey-semifinal-ida-estadio-hidalgo-fox-sports', 'text': '3 - 2'}",{'type': 'link', 'href': 'https://www.ligafemenil.mx/cancha/estadio/11/estadio-hidalgo', 'text': 'Hidalgo'}",{'type': 'link', 'href': 'https://www.ligafemenil.mx/cancha/galeria/OTc5ODIvMjEvNjkvMi8xNA==/pachuca-vs-rayados-de-monterrey', 'text': ''}",{'type': 'link', 'href': 'https://www.ligafemenil.mx/cancha/playlist/97982/pachuca-vs-rayados-de-monterrey', 'text': ''}"

2018-2019,Clausura,{'type': 'text', 'value': 'Domingo 5 de Mayo de 2019\nTemporada 2018-2019\nTorneo Clausura\nSemifinal Vuelta\n5 Mayo 2019 - 16:00 hrs.'}",{'type': 'link', 'href': 'https://www.ligafemenil.mx/cancha/informeArbitral/97985/eyJpZERpdmlzaW9uIjoiMTQiLCJpZFRlbXBvcmFkYSI6IjY5IiwiaWRUb3JuZW8iOiIyIiwiaWRDbHVibG9jYWwiOjExMTkxLCJpZENsdWJ2aXNpdGEiOjExMTg2fQ==/informe-arbitral-america-vs-tigres-de-la-uanl-semifinal-vuelta-estadio-azteca', 'text': '1 - 3'}",{'type': 'link', 'href': 'https://www.ligafemenil.mx/cancha/estadio/1/estadio-azteca', 'text': 'Azteca'}",{'type': 'link', 'href': 'https://www.ligafemenil.mx/cancha/galeria/OTc5ODUvMjIvNjkvMi8xNA==/america-vs-tigres-de-la-uanl', 'text': ''}",{'type': 'link', 'href': 'https://www.ligafemenil.mx/cancha/playlist/97985/america-vs-tigres-de-la-uanl', 'text': ''}"

2018-2019,Clausura,{'type': 'text', 'value': 'Lunes 6 de Mayo de 2019\nTemporada 2018-2019\nTorneo Clausura\nSemifinal Vuelta\n6 Mayo 2019 - 21:00 hrs.'}",{'type': 'link', 'href': 'https://www.ligafemenil.mx/cancha/informeArbitral/97984/eyJpZERpdmlzaW9uIjoiMTQiLCJpZFRlbXBvcmFkYSI6IjY5IiwiaWRUb3JuZW8iOiIyIiwiaWRDbHVibG9jYWwiOjExMTg1LCJpZENsdWJ2aXNpdGEiOjExMTg0fQ==/informe-arbitral-rayados-de-monterrey-vs-pachuca-semifinal-vuelta-estadio-bbva-bancomer', 'text': '1 - 0'}",{'type': 'link', 'href': 'https://www.ligafemenil.mx/cancha/estadio/793/estadio-bbva-bancomer', 'text': 'Estadio BBVA Bancomer'}",{'type': 'link', 'href': 'https://www.ligafemenil.mx/cancha/galeria/OTc5ODQvMjIvNjkvMi8xNA==/rayados-de-monterrey-vs-pachuca', 'text': ''}",{'type': 'link', 'href': 'https://www.ligafemenil.mx/cancha/playlist/97984/rayados-de-monterrey-vs-pachuca', 'text': ''}"

2018-2019,Clausura,{'type': 'text', 'value': 'Viernes 10 de Mayo de 2019\nTemporada 2018-2019\nTorneo Clausura\nFinal Ida\n10 Mayo 2019 - 21:00 hrs.'}",{'type': 'link', 'href': 'https://www.ligafemenil.mx/cancha/informeArbitral/98100/eyJpZERpdmlzaW9uIjoiMTQiLCJpZFRlbXBvcmFkYSI6IjY5IiwiaWRUb3JuZW8iOiIyIiwiaWRDbHVibG9jYWwiOjExMTg2LCJpZENsdWJ2aXNpdGEiOjExMTg1fQ==/informe-arbitral-tigres-de-la-uanl-vs-rayados-de-monterrey-final-ida-estadio-universitario-tdn', 'text': '1 - 1'}",{'type': 'link', 'href': 'https://www.ligafemenil.mx/cancha/estadio/12/estadio-universitario', 'text': 'Universitario'}",{'type': 'link', 'href': 'https://www.ligafemenil.mx/cancha/galeria/OTgxMDAvMjMvNjkvMi8xNA==/tigres-de-la-uanl-vs-rayados-de-monterrey', 'text': ''}",{'type': 'link', 'href': 'https://www.ligafemenil.mx/cancha/playlist/98100/tigres-de-la-uanl-vs-rayados-de-monterrey', 'text': ''}"

2018-2019,Clausura,{'type': 'text', 'value': 'Lunes 13 de Mayo de 2019\nTemporada 2018-2019\nTorneo Clausura\nFinal Vuelta\n13 Mayo 2019 - 20:00 hrs.'}",{'type': 'link', 'href': 'https://www.ligafemenil.mx/cancha/informeArbitral/98101/eyJpZERpdmlzaW9uIjoiMTQiLCJpZFRlbXBvcmFkYSI6IjY5IiwiaWRUb3JuZW8iOiIyIiwiaWRDbHVibG9jYWwiOjExMTg1LCJpZENsdWJ2aXNpdGEiOjExMTg2fQ==/informe-arbitral-rayados-de-monterrey-vs-tigres-de-la-uanl-final-vuelta-estadio-bbva-bancomer-fox-sports', 'text': '1 - 2'}",{'type': 'link', 'href': 'https://www.ligafemenil.mx/cancha/estadio/793/estadio-bbva-bancomer', 'text': 'Estadio BBVA Bancomer'}",{'type': 'link', 'href': 'https://www.ligafemenil.mx/cancha/galeria/OTgxMDEvMjQvNjkvMi8xNA==/rayados-de-monterrey-vs-tigres-de-la-uanl', 'text': ''}",{'type': 'link', 'href': 'https://www.ligafemenil.mx/cancha/playlist/98101/rayados-de-monterrey-vs-tigres-de-la-uanl', 'text': ''}"

