2021-2022,Clausura,  Viernes 7 de Enero de 2022-nTemporada 2021-2022-nTorneo Clausura-nJornada 1-n7 Enero 2022 - 1900 hrs.,  https--www.ligafemenil.mx-cancha-informeArbitral-125245-eyJpZERpdmlzaW9uIjoiMTQiLCJpZFRlbXBvcmFkYSI6IjcyIiwiaWRUb3JuZW8iOiIyIiwiaWRDbHVibG9jYWwiOjEyMDUxLCJpZENsdWJ2aXNpdGEiOjExMTgxfQ==-informe-arbitral-mazatlan-fc-vs-cruz-azul-jornada-1-estadio-mazatlan-tvp,  1 - 2,  https--www.ligafemenil.mx-cancha-estadio-1697-estadio-mazatlan,  Estadio Mazatlán,  https--www.ligafemenil.mx-cancha-galeria-MTI1MjQ1LzEvNzIvMi8xNA==-mazatlan-fc-vs-cruz-azul,  ,  https--www.ligafemenil.mx-cancha-playlist-125245-mazatlan-fc-vs-cruz-azul,  
2021-2022,Clausura,  Sábado 8 de Enero de 2022-nTemporada 2021-2022-nTorneo Clausura-nJornada 1-n8 Enero 2022 - 1200 hrs.,  https--www.ligafemenil.mx-cancha-informeArbitral-125246-eyJpZERpdmlzaW9uIjoiMTQiLCJpZFRlbXBvcmFkYSI6IjcyIiwiaWRUb3JuZW8iOiIyIiwiaWRDbHVibG9jYWwiOjExMTg4LCJpZENsdWJ2aXNpdGEiOjExMjQzfQ==-informe-arbitral-pumas-vs-leon-jornada-1-estadio-olimpico-universitario-tudn,  1 - 0,  https--www.ligafemenil.mx-cancha-estadio-7-estadio-olimpico-universitario,  Olímpico Universitario,  https--www.ligafemenil.mx-cancha-galeria-MTI1MjQ2LzEvNzIvMi8xNA==-pumas-vs-leon,  ,  https--www.ligafemenil.mx-cancha-playlist-125246-pumas-vs-leon,  
2021-2022,Clausura,  Domingo 9 de Enero de 2022-nTemporada 2021-2022-nTorneo Clausura-nJornada 1-n9 Enero 2022 - 1200 hrs.,  https--www.ligafemenil.mx-cancha-informeArbitral-125247-eyJpZERpdmlzaW9uIjoiMTQiLCJpZFRlbXBvcmFkYSI6IjcyIiwiaWRUb3JuZW8iOiIyIiwiaWRDbHVibG9jYWwiOjExNTQzLCJpZENsdWJ2aXNpdGEiOjExMTg3fQ==-informe-arbitral-puebla-fc-vs-toluca-jornada-1-estadio-cuauhtemoc-tvc-deportes,  1 - 3,  https--www.ligafemenil.mx-cancha-estadio-9-estadio-cuauhtemoc,  Cuauhtémoc,  https--www.ligafemenil.mx-cancha-galeria-MTI1MjQ3LzEvNzIvMi8xNA==-puebla-fc-vs-toluca,  ,  https--www.ligafemenil.mx-cancha-playlist-125247-puebla-fc-vs-toluca,  
2021-2022,Clausura,  Domingo 9 de Enero de 2022-nTemporada 2021-2022-nTorneo Clausura-nJornada 1-n9 Enero 2022 - 1900 hrs.,  https--www.ligafemenil.mx-cancha-informeArbitral-125248-eyJpZERpdmlzaW9uIjoiMTQiLCJpZFRlbXBvcmFkYSI6IjcyIiwiaWRUb3JuZW8iOiIyIiwiaWRDbHVibG9jYWwiOjExNzk1LCJpZENsdWJ2aXNpdGEiOjExNzc4fQ==-informe-arbitral-fc-juarez-vs-club-atletico-de-san-luis-jornada-1-estadio-olimpico-benito-juarez-tudn,  0 - 1,  https--www.ligafemenil.mx-cancha-estadio-17-estadio-olimpico-benito-juarez,  Olímpico Benito Juárez,  https--www.ligafemenil.mx-cancha-galeria-MTI1MjQ4LzEvNzIvMi8xNA==-fc-juarez-vs-club-atletico-de-san-luis,  ,  https--www.ligafemenil.mx-cancha-playlist-125248-fc-juarez-vs-club-atletico-de-san-luis,  
2021-2022,Clausura,  Lunes 10 de Enero de 2022-nTemporada 2021-2022-nTorneo Clausura-nJornada 1-n10 Enero 2022 - 1700 hrs.,  https--www.ligafemenil.mx-cancha-informeArbitral-125249-eyJpZERpdmlzaW9uIjoiMTQiLCJpZFRlbXBvcmFkYSI6IjcyIiwiaWRUb3JuZW8iOiIyIiwiaWRDbHVibG9jYWwiOjExMTg5LCJpZENsdWJ2aXNpdGEiOjExMTg2fQ==-informe-arbitral-necaxa-vs-tigres-de-la-uanl-jornada-1-estadio-victoria-tudn,  1 - 3,  https--www.ligafemenil.mx-cancha-estadio-15-estadio-victoria,  Victoria,  https--www.ligafemenil.mx-cancha-galeria-MTI1MjQ5LzEvNzIvMi8xNA==-necaxa-vs-tigres-de-la-uanl,  ,  https--www.ligafemenil.mx-cancha-playlist-125249-necaxa-vs-tigres-de-la-uanl,  
2021-2022,Clausura,  Lunes 10 de Enero de 2022-nTemporada 2021-2022-nTorneo Clausura-nJornada 1-n10 Enero 2022 - 1900 hrs.,  https--www.ligafemenil.mx-cancha-informeArbitral-125250-eyJpZERpdmlzaW9uIjoiMTQiLCJpZFRlbXBvcmFkYSI6IjcyIiwiaWRUb3JuZW8iOiIyIiwiaWRDbHVibG9jYWwiOjExMTkxLCJpZENsdWJ2aXNpdGEiOjExMjQ1fQ==-informe-arbitral-america-vs-atlas-jornada-1-estadio-azteca-tudn,  1 - 1,  https--www.ligafemenil.mx-cancha-estadio-1-estadio-azteca,  Azteca,  https--www.ligafemenil.mx-cancha-galeria-MTI1MjUwLzEvNzIvMi8xNA==-america-vs-atlas,  ,  https--www.ligafemenil.mx-cancha-playlist-125250-america-vs-atlas,  
2021-2022,Clausura,  Lunes 10 de Enero de 2022-nTemporada 2021-2022-nTorneo Clausura-nJornada 1-n10 Enero 2022 - 2100 hrs.,  https--www.ligafemenil.mx-cancha-informeArbitral-125252-eyJpZERpdmlzaW9uIjoiMTQiLCJpZFRlbXBvcmFkYSI6IjcyIiwiaWRUb3JuZW8iOiIyIiwiaWRDbHVibG9jYWwiOjExMTg0LCJpZENsdWJ2aXNpdGEiOjExMTgyfQ==-informe-arbitral-pachuca-vs-guadalajara-jornada-1-estadio-hidalgo-fox-sports,  1 - 4,  https--www.ligafemenil.mx-cancha-estadio-11-estadio-hidalgo,  Hidalgo,  https--www.ligafemenil.mx-cancha-galeria-MTI1MjUyLzEvNzIvMi8xNA==-pachuca-vs-guadalajara,  ,  https--www.ligafemenil.mx-cancha-playlist-125252-pachuca-vs-guadalajara,  
2021-2022,Clausura,  Lunes 10 de Enero de 2022-nTemporada 2021-2022-nTorneo Clausura-nJornada 1-n10 Enero 2022 - 1900 hrs.,  https--www.ligafemenil.mx-cancha-informeArbitral-125253-eyJpZERpdmlzaW9uIjoiMTQiLCJpZFRlbXBvcmFkYSI6IjcyIiwiaWRUb3JuZW8iOiIyIiwiaWRDbHVibG9jYWwiOjExMTgwLCJpZENsdWJ2aXNpdGEiOjExMTkyfQ==-informe-arbitral-tijuana-vs-santos-laguna-jornada-1-estadio-caliente,  2 - 1,  https--www.ligafemenil.mx-cancha-estadio-48-estadio-caliente,  Caliente,  https--www.ligafemenil.mx-cancha-galeria-MTI1MjUzLzEvNzIvMi8xNA==-tijuana-vs-santos-laguna,  ,  https--www.ligafemenil.mx-cancha-playlist-125253-tijuana-vs-santos-laguna,  
2021-2022,Clausura,  Sábado 15 de Enero de 2022-nTemporada 2021-2022-nTorneo Clausura-nJornada 2-n15 Enero 2022 - 1200 hrs.,  https--www.ligafemenil.mx-cancha-informeArbitral-125255-eyJpZERpdmlzaW9uIjoiMTQiLCJpZFRlbXBvcmFkYSI6IjcyIiwiaWRUb3JuZW8iOiIyIiwiaWRDbHVibG9jYWwiOjExMTg4LCJpZENsdWJ2aXNpdGEiOjExMTkxfQ==-informe-arbitral-pumas-vs-america-jornada-2-estadio-olimpico-universitario-tudn,  0 - 1,  https--www.ligafemenil.mx-cancha-estadio-7-estadio-olimpico-universitario,  Olímpico Universitario,  https--www.ligafemenil.mx-cancha-galeria-MTI1MjU1LzIvNzIvMi8xNA==-pumas-vs-america,  ,  https--www.ligafemenil.mx-cancha-playlist-125255-pumas-vs-america,  
2021-2022,Clausura,  Sábado 15 de Enero de 2022-nTemporada 2021-2022-nTorneo Clausura-nJornada 2-n15 Enero 2022 - 1700 hrs.,  https--www.ligafemenil.mx-cancha-informeArbitral-125254-eyJpZERpdmlzaW9uIjoiMTQiLCJpZFRlbXBvcmFkYSI6IjcyIiwiaWRUb3JuZW8iOiIyIiwiaWRDbHVibG9jYWwiOjEyMDQyLCJpZENsdWJ2aXNpdGEiOjExMTg0fQ==-informe-arbitral-gallos-blancos-de-queretaro-vs-pachuca-jornada-2-estadio-olimpico-alameda-tvc-deportes,  0 - 2,  https--www.ligafemenil.mx-cancha-estadio-1741-estadio-olimpico-alameda,  Estadio Olímpico Alameda,  https--www.ligafemenil.mx-cancha-galeria-MTI1MjU0LzIvNzIvMi8xNA==-gallos-blancos-de-queretaro-vs-pachuca,  ,  https--www.ligafemenil.mx-cancha-playlist-125254-gallos-blancos-de-queretaro-vs-pachuca,  
2021-2022,Clausura,  Domingo 16 de Enero de 2022-nTemporada 2021-2022-nTorneo Clausura-nJornada 2-n16 Enero 2022 - 1200 hrs.,  https--www.ligafemenil.mx-cancha-informeArbitral-125256-eyJpZERpdmlzaW9uIjoiMTQiLCJpZFRlbXBvcmFkYSI6IjcyIiwiaWRUb3JuZW8iOiIyIiwiaWRDbHVibG9jYWwiOjExNTQzLCJpZENsdWJ2aXNpdGEiOjExMTg1fQ==-informe-arbitral-puebla-fc-vs-rayados-de-monterrey-jornada-2-estadio-cuauhtemoc-tvc-deportes,  0 - 3,  https--www.ligafemenil.mx-cancha-estadio-9-estadio-cuauhtemoc,  Cuauhtémoc,  https--www.ligafemenil.mx-cancha-galeria-MTI1MjU2LzIvNzIvMi8xNA==-puebla-fc-vs-rayados-de-monterrey,  ,  https--www.ligafemenil.mx-cancha-playlist-125256-puebla-fc-vs-rayados-de-monterrey,  
2021-2022,Clausura,  Lunes 17 de Enero de 2022-nTemporada 2021-2022-nTorneo Clausura-nJornada 2-n17 Enero 2022 - 1200 hrs.,  https--www.ligafemenil.mx-cancha-informeArbitral-125258-eyJpZERpdmlzaW9uIjoiMTQiLCJpZFRlbXBvcmFkYSI6IjcyIiwiaWRUb3JuZW8iOiIyIiwiaWRDbHVibG9jYWwiOjExMjQ1LCJpZENsdWJ2aXNpdGEiOjEyMDUxfQ==-informe-arbitral-atlas-vs-mazatlan-fc-jornada-2-estadio-jalisco-tvc-deportes,  1 - 1,  https--www.ligafemenil.mx-cancha-estadio-5-estadio-jalisco,  Jalisco,  https--www.ligafemenil.mx-cancha-galeria-MTI1MjU4LzIvNzIvMi8xNA==-atlas-vs-mazatlan-fc,  ,  https--www.ligafemenil.mx-cancha-playlist-125258-atlas-vs-mazatlan-fc,  
2021-2022,Clausura,  Lunes 17 de Enero de 2022-nTemporada 2021-2022-nTorneo Clausura-nJornada 2-n17 Enero 2022 - 1700 hrs.,  https--www.ligafemenil.mx-cancha-informeArbitral-125259-eyJpZERpdmlzaW9uIjoiMTQiLCJpZFRlbXBvcmFkYSI6IjcyIiwiaWRUb3JuZW8iOiIyIiwiaWRDbHVibG9jYWwiOjExMTg3LCJpZENsdWJ2aXNpdGEiOjExMTgwfQ==-informe-arbitral-toluca-vs-tijuana-jornada-2-estadio-nemesio-diez-tudn,  3 - 3,  https--www.ligafemenil.mx-cancha-estadio-6-estadio-nemesio-diez,  Nemesio Diez,  https--www.ligafemenil.mx-cancha-galeria-MTI1MjU5LzIvNzIvMi8xNA==-toluca-vs-tijuana,  ,  https--www.ligafemenil.mx-cancha-playlist-125259-toluca-vs-tijuana,  
2021-2022,Clausura,  Lunes 17 de Enero de 2022-nTemporada 2021-2022-nTorneo Clausura-nJornada 2-n17 Enero 2022 - 1900 hrs.,  https--www.ligafemenil.mx-cancha-informeArbitral-125261-eyJpZERpdmlzaW9uIjoiMTQiLCJpZFRlbXBvcmFkYSI6IjcyIiwiaWRUb3JuZW8iOiIyIiwiaWRDbHVibG9jYWwiOjExMTg2LCJpZENsdWJ2aXNpdGEiOjExMTgyfQ==-informe-arbitral-tigres-de-la-uanl-vs-guadalajara-jornada-2-estadio-universitario-tudn,  1 - 1,  https--www.ligafemenil.mx-cancha-estadio-12-estadio-universitario,  Universitario,  https--www.ligafemenil.mx-cancha-galeria-MTI1MjYxLzIvNzIvMi8xNA==-tigres-de-la-uanl-vs-guadalajara,  ,  https--www.ligafemenil.mx-cancha-playlist-125261-tigres-de-la-uanl-vs-guadalajara,  
2021-2022,Clausura,  Lunes 17 de Enero de 2022-nTemporada 2021-2022-nTorneo Clausura-nJornada 2-n17 Enero 2022 - 2100 hrs.,  https--www.ligafemenil.mx-cancha-informeArbitral-125260-eyJpZERpdmlzaW9uIjoiMTQiLCJpZFRlbXBvcmFkYSI6IjcyIiwiaWRUb3JuZW8iOiIyIiwiaWRDbHVibG9jYWwiOjExMjQzLCJpZENsdWJ2aXNpdGEiOjExNzk1fQ==-informe-arbitral-leon-vs-fc-juarez-jornada-2-estadio-nou-camp-fox-sports,  1 - 3,  https--www.ligafemenil.mx-cancha-estadio-23-estadio-nou-camp,  Nou Camp,  https--www.ligafemenil.mx-cancha-galeria-MTI1MjYwLzIvNzIvMi8xNA==-leon-vs-fc-juarez,  ,  https--www.ligafemenil.mx-cancha-playlist-125260-leon-vs-fc-juarez,  
2021-2022,Clausura,  Martes 18 de Enero de 2022-nTemporada 2021-2022-nTorneo Clausura-nJornada 2-n18 Enero 2022 - 1700 hrs.,  https--www.ligafemenil.mx-cancha-informeArbitral-125257-eyJpZERpdmlzaW9uIjoiMTQiLCJpZFRlbXBvcmFkYSI6IjcyIiwiaWRUb3JuZW8iOiIyIiwiaWRDbHVibG9jYWwiOjExNzc4LCJpZENsdWJ2aXNpdGEiOjExMTgxfQ==-informe-arbitral-club-atletico-de-san-luis-vs-cruz-azul-jornada-2-estadio-alfonso-lastras-ramirez-espn,  1 - 1,  https--www.ligafemenil.mx-cancha-estadio-14-estadio-alfonso-lastras-ramirez,  Alfonso Lastras Ramírez,  https--www.ligafemenil.mx-cancha-galeria-MTI1MjU3LzIvNzIvMi8xNA==-club-atletico-de-san-luis-vs-cruz-azul,  ,  https--www.ligafemenil.mx-cancha-playlist-125257-club-atletico-de-san-luis-vs-cruz-azul,  
2021-2022,Clausura,  Miércoles 19 de Enero de 2022-nTemporada 2021-2022-nTorneo Clausura-nJornada 2-n19 Enero 2022 - 1900 hrs.,  https--www.ligafemenil.mx-cancha-informeArbitral-125262-eyJpZERpdmlzaW9uIjoiMTQiLCJpZFRlbXBvcmFkYSI6IjcyIiwiaWRUb3JuZW8iOiIyIiwiaWRDbHVibG9jYWwiOjExMTkyLCJpZENsdWJ2aXNpdGEiOjExMTg5fQ==-informe-arbitral-santos-laguna-vs-necaxa-jornada-2-estadio-tsm-corona-fox-sports,  1 - 1,  https--www.ligafemenil.mx-cancha-estadio-63-estadio-tsm-corona,  TSM Corona,  https--www.ligafemenil.mx-cancha-galeria-MTI1MjYyLzIvNzIvMi8xNA==-santos-laguna-vs-necaxa,  ,  https--www.ligafemenil.mx-cancha-playlist-125262-santos-laguna-vs-necaxa,  
2021-2022,Clausura,  Sábado 22 de Enero de 2022-nTemporada 2021-2022-nTorneo Clausura-nJornada 3-n22 Enero 2022 - 1200 hrs.,  https--www.ligafemenil.mx-cancha-informeArbitral-125263-eyJpZERpdmlzaW9uIjoiMTQiLCJpZFRlbXBvcmFkYSI6IjcyIiwiaWRUb3JuZW8iOiIyIiwiaWRDbHVibG9jYWwiOjExMjQ1LCJpZENsdWJ2aXNpdGEiOjExMTkyfQ==-informe-arbitral-atlas-vs-santos-laguna-jornada-3-estadio-jalisco-tvc-deportes,  1 - 0,  https--www.ligafemenil.mx-cancha-estadio-5-estadio-jalisco,  Jalisco,  https--www.ligafemenil.mx-cancha-galeria-MTI1MjYzLzMvNzIvMi8xNA==-atlas-vs-santos-laguna,  ,  https--www.ligafemenil.mx-cancha-playlist-125263-atlas-vs-santos-laguna,  
2021-2022,Clausura,  Sábado 22 de Enero de 2022-nTemporada 2021-2022-nTorneo Clausura-nJornada 3-n22 Enero 2022 - 1200 hrs.,  https--www.ligafemenil.mx-cancha-informeArbitral-125264-eyJpZERpdmlzaW9uIjoiMTQiLCJpZFRlbXBvcmFkYSI6IjcyIiwiaWRUb3JuZW8iOiIyIiwiaWRDbHVibG9jYWwiOjExMTgxLCJpZENsdWJ2aXNpdGEiOjEyMDQyfQ==-informe-arbitral-cruz-azul-vs-gallos-blancos-de-queretaro-jornada-3-estadio-instalaciones-la-noria-cancha-3-sintetica-tudn,  0 - 1,  https--www.ligafemenil.mx-cancha-estadio-67-estadio-instalaciones-la-noria-cancha-3-sintetica,  Instalaciones la Noria Cancha 3 (Sintética),  https--www.ligafemenil.mx-cancha-galeria-MTI1MjY0LzMvNzIvMi8xNA==-cruz-azul-vs-gallos-blancos-de-queretaro,  ,  https--www.ligafemenil.mx-cancha-playlist-125264-cruz-azul-vs-gallos-blancos-de-queretaro,  
2021-2022,Clausura,  Domingo 23 de Enero de 2022-nTemporada 2021-2022-nTorneo Clausura-nJornada 3-n23 Enero 2022 - 1800 hrs.,  https--www.ligafemenil.mx-cancha-informeArbitral-125265-eyJpZERpdmlzaW9uIjoiMTQiLCJpZFRlbXBvcmFkYSI6IjcyIiwiaWRUb3JuZW8iOiIyIiwiaWRDbHVibG9jYWwiOjEyMDUxLCJpZENsdWJ2aXNpdGEiOjExNTQzfQ==-informe-arbitral-mazatlan-fc-vs-puebla-fc-jornada-3-estadio-mazatlan-tvp,  0 - 0,  https--www.ligafemenil.mx-cancha-estadio-1697-estadio-mazatlan,  Estadio Mazatlán,  https--www.ligafemenil.mx-cancha-galeria-MTI1MjY1LzMvNzIvMi8xNA==-mazatlan-fc-vs-puebla-fc,  ,  https--www.ligafemenil.mx-cancha-playlist-125265-mazatlan-fc-vs-puebla-fc,  
2021-2022,Clausura,  Lunes 24 de Enero de 2022-nTemporada 2021-2022-nTorneo Clausura-nJornada 3-n24 Enero 2022 - 1700 hrs.,  https--www.ligafemenil.mx-cancha-informeArbitral-125266-eyJpZERpdmlzaW9uIjoiMTQiLCJpZFRlbXBvcmFkYSI6IjcyIiwiaWRUb3JuZW8iOiIyIiwiaWRDbHVibG9jYWwiOjExMTg5LCJpZENsdWJ2aXNpdGEiOjExMTg4fQ==-informe-arbitral-necaxa-vs-pumas-jornada-3-estadio-victoria-tudn,  1 - 0,  https--www.ligafemenil.mx-cancha-estadio-15-estadio-victoria,  Victoria,  https--www.ligafemenil.mx-cancha-galeria-MTI1MjY2LzMvNzIvMi8xNA==-necaxa-vs-pumas,  ,  https--www.ligafemenil.mx-cancha-playlist-125266-necaxa-vs-pumas,  
2021-2022,Clausura,  Lunes 24 de Enero de 2022-nTemporada 2021-2022-nTorneo Clausura-nJornada 3-n24 Enero 2022 - 1900 hrs.,  https--www.ligafemenil.mx-cancha-informeArbitral-125267-eyJpZERpdmlzaW9uIjoiMTQiLCJpZFRlbXBvcmFkYSI6IjcyIiwiaWRUb3JuZW8iOiIyIiwiaWRDbHVibG9jYWwiOjExMTkxLCJpZENsdWJ2aXNpdGEiOjExMTg1fQ==-informe-arbitral-america-vs-rayados-de-monterrey-jornada-3-estadio-azteca-tudn,  0 - 2,  https--www.ligafemenil.mx-cancha-estadio-1-estadio-azteca,  Azteca,  https--www.ligafemenil.mx-cancha-galeria-MTI1MjY3LzMvNzIvMi8xNA==-america-vs-rayados-de-monterrey,  ,  https--www.ligafemenil.mx-cancha-playlist-125267-america-vs-rayados-de-monterrey,  
2021-2022,Clausura,  Lunes 24 de Enero de 2022-nTemporada 2021-2022-nTorneo Clausura-nJornada 3-n24 Enero 2022 - 1900 hrs.,  https--www.ligafemenil.mx-cancha-informeArbitral-125268-eyJpZERpdmlzaW9uIjoiMTQiLCJpZFRlbXBvcmFkYSI6IjcyIiwiaWRUb3JuZW8iOiIyIiwiaWRDbHVibG9jYWwiOjExMTg0LCJpZENsdWJ2aXNpdGEiOjExMjQzfQ==-informe-arbitral-pachuca-vs-leon-jornada-3-estadio-hidalgo-fox-sports,  3 - 0,  https--www.ligafemenil.mx-cancha-estadio-11-estadio-hidalgo,  Hidalgo,  https--www.ligafemenil.mx-cancha-galeria-MTI1MjY4LzMvNzIvMi8xNA==-pachuca-vs-leon,  ,  https--www.ligafemenil.mx-cancha-playlist-125268-pachuca-vs-leon,  
2021-2022,Clausura,  Lunes 24 de Enero de 2022-nTemporada 2021-2022-nTorneo Clausura-nJornada 3-n24 Enero 2022 - 2100 hrs.,  https--www.ligafemenil.mx-cancha-informeArbitral-125269-eyJpZERpdmlzaW9uIjoiMTQiLCJpZFRlbXBvcmFkYSI6IjcyIiwiaWRUb3JuZW8iOiIyIiwiaWRDbHVibG9jYWwiOjExMTgyLCJpZENsdWJ2aXNpdGEiOjExMTg3fQ==-informe-arbitral-guadalajara-vs-toluca-jornada-3-estadio-akron-fox-sports--chivas-tv,  2 - 0,  https--www.ligafemenil.mx-cancha-estadio-1538-estadio-akron,  Estadio AKRON,  https--www.ligafemenil.mx-cancha-galeria-MTI1MjY5LzMvNzIvMi8xNA==-guadalajara-vs-toluca,  ,  https--www.ligafemenil.mx-cancha-playlist-125269-guadalajara-vs-toluca,  
2021-2022,Clausura,  Lunes 24 de Enero de 2022-nTemporada 2021-2022-nTorneo Clausura-nJornada 3-n24 Enero 2022 - 1900 hrs.,  https--www.ligafemenil.mx-cancha-informeArbitral-125270-eyJpZERpdmlzaW9uIjoiMTQiLCJpZFRlbXBvcmFkYSI6IjcyIiwiaWRUb3JuZW8iOiIyIiwiaWRDbHVibG9jYWwiOjExMTgwLCJpZENsdWJ2aXNpdGEiOjExNzc4fQ==-informe-arbitral-tijuana-vs-club-atletico-de-san-luis-jornada-3-estadio-caliente,  2 - 2,  https--www.ligafemenil.mx-cancha-estadio-48-estadio-caliente,  Caliente,  https--www.ligafemenil.mx-cancha-galeria-MTI1MjcwLzMvNzIvMi8xNA==-tijuana-vs-club-atletico-de-san-luis,  ,  https--www.ligafemenil.mx-cancha-playlist-125270-tijuana-vs-club-atletico-de-san-luis,  
2021-2022,Clausura,  Jueves 27 de Enero de 2022-nTemporada 2021-2022-nTorneo Clausura-nJornada 4-n27 Enero 2022 - 1200 hrs.,  https--www.ligafemenil.mx-cancha-informeArbitral-125273-eyJpZERpdmlzaW9uIjoiMTQiLCJpZFRlbXBvcmFkYSI6IjcyIiwiaWRUb3JuZW8iOiIyIiwiaWRDbHVibG9jYWwiOjExMTgxLCJpZENsdWJ2aXNpdGEiOjExNzk1fQ==-informe-arbitral-cruz-azul-vs-fc-juarez-jornada-4-estadio-instalaciones-la-noria-cancha-3-sintetica-tudn,  1 - 0,  https--www.ligafemenil.mx-cancha-estadio-67-estadio-instalaciones-la-noria-cancha-3-sintetica,  Instalaciones la Noria Cancha 3 (Sintética),  https--www.ligafemenil.mx-cancha-galeria-MTI1MjczLzQvNzIvMi8xNA==-cruz-azul-vs-fc-juarez,  ,  https--www.ligafemenil.mx-cancha-playlist-125273-cruz-azul-vs-fc-juarez,  
2021-2022,Clausura,  Jueves 27 de Enero de 2022-nTemporada 2021-2022-nTorneo Clausura-nJornada 4-n27 Enero 2022 - 1545 hrs.,  https--www.ligafemenil.mx-cancha-informeArbitral-125274-eyJpZERpdmlzaW9uIjoiMTQiLCJpZFRlbXBvcmFkYSI6IjcyIiwiaWRUb3JuZW8iOiIyIiwiaWRDbHVibG9jYWwiOjExNTQzLCJpZENsdWJ2aXNpdGEiOjExMTg0fQ==-informe-arbitral-puebla-fc-vs-pachuca-jornada-4-estadio-cuauhtemoc-tvc-deportes,  1 - 2,  https--www.ligafemenil.mx-cancha-estadio-9-estadio-cuauhtemoc,  Cuauhtémoc,  https--www.ligafemenil.mx-cancha-galeria-MTI1Mjc0LzQvNzIvMi8xNA==-puebla-fc-vs-pachuca,  ,  https--www.ligafemenil.mx-cancha-playlist-125274-puebla-fc-vs-pachuca,  
2021-2022,Clausura,  Jueves 27 de Enero de 2022-nTemporada 2021-2022-nTorneo Clausura-nJornada 4-n27 Enero 2022 - 1900 hrs.,  https--www.ligafemenil.mx-cancha-informeArbitral-125275-eyJpZERpdmlzaW9uIjoiMTQiLCJpZFRlbXBvcmFkYSI6IjcyIiwiaWRUb3JuZW8iOiIyIiwiaWRDbHVibG9jYWwiOjExMjQzLCJpZENsdWJ2aXNpdGEiOjExMTgwfQ==-informe-arbitral-leon-vs-tijuana-jornada-4-estadio-nou-camp-fox-sports,  1 - 1,  https--www.ligafemenil.mx-cancha-estadio-23-estadio-nou-camp,  Nou Camp,  https--www.ligafemenil.mx-cancha-galeria-MTI1Mjc1LzQvNzIvMi8xNA==-leon-vs-tijuana,  ,  https--www.ligafemenil.mx-cancha-playlist-125275-leon-vs-tijuana,  
2021-2022,Clausura,  Jueves 27 de Enero de 2022-nTemporada 2021-2022-nTorneo Clausura-nJornada 4-n27 Enero 2022 - 2000 hrs.,  https--www.ligafemenil.mx-cancha-informeArbitral-125272-eyJpZERpdmlzaW9uIjoiMTQiLCJpZFRlbXBvcmFkYSI6IjcyIiwiaWRUb3JuZW8iOiIyIiwiaWRDbHVibG9jYWwiOjExMTg1LCJpZENsdWJ2aXNpdGEiOjEyMDUxfQ==-informe-arbitral-rayados-de-monterrey-vs-mazatlan-fc-jornada-4-estadio-bbva,  4 - 0,  https--www.ligafemenil.mx-cancha-estadio-1608-estadio-bbva,  Estadio BBVA,  https--www.ligafemenil.mx-cancha-galeria-MTI1MjcyLzQvNzIvMi8xNA==-rayados-de-monterrey-vs-mazatlan-fc,  ,  https--www.ligafemenil.mx-cancha-playlist-125272-rayados-de-monterrey-vs-mazatlan-fc,  
2021-2022,Clausura,  Jueves 27 de Enero de 2022-nTemporada 2021-2022-nTorneo Clausura-nJornada 4-n27 Enero 2022 - 2100 hrs.,  https--www.ligafemenil.mx-cancha-informeArbitral-125276-eyJpZERpdmlzaW9uIjoiMTQiLCJpZFRlbXBvcmFkYSI6IjcyIiwiaWRUb3JuZW8iOiIyIiwiaWRDbHVibG9jYWwiOjExMTkyLCJpZENsdWJ2aXNpdGEiOjExMTg3fQ==-informe-arbitral-santos-laguna-vs-toluca-jornada-4-estadio-tsm-corona-fox-sports,  1 - 0,  https--www.ligafemenil.mx-cancha-estadio-63-estadio-tsm-corona,  TSM Corona,  https--www.ligafemenil.mx-cancha-galeria-MTI1Mjc2LzQvNzIvMi8xNA==-santos-laguna-vs-toluca,  ,  https--www.ligafemenil.mx-cancha-playlist-125276-santos-laguna-vs-toluca,  
2021-2022,Clausura,  Viernes 28 de Enero de 2022-nTemporada 2021-2022-nTorneo Clausura-nJornada 4-n28 Enero 2022 - 1200 hrs.,  https--www.ligafemenil.mx-cancha-informeArbitral-125277-eyJpZERpdmlzaW9uIjoiMTQiLCJpZFRlbXBvcmFkYSI6IjcyIiwiaWRUb3JuZW8iOiIyIiwiaWRDbHVibG9jYWwiOjExMTg5LCJpZENsdWJ2aXNpdGEiOjExMTgyfQ==-informe-arbitral-necaxa-vs-guadalajara-jornada-4-estadio-victoria-tudn,  0 - 3,  https--www.ligafemenil.mx-cancha-estadio-15-estadio-victoria,  Victoria,  https--www.ligafemenil.mx-cancha-galeria-MTI1Mjc3LzQvNzIvMi8xNA==-necaxa-vs-guadalajara,  ,  https--www.ligafemenil.mx-cancha-playlist-125277-necaxa-vs-guadalajara,  
2021-2022,Clausura,  Viernes 28 de Enero de 2022-nTemporada 2021-2022-nTorneo Clausura-nJornada 4-n28 Enero 2022 - 1700 hrs.,  https--www.ligafemenil.mx-cancha-informeArbitral-125278-eyJpZERpdmlzaW9uIjoiMTQiLCJpZFRlbXBvcmFkYSI6IjcyIiwiaWRUb3JuZW8iOiIyIiwiaWRDbHVibG9jYWwiOjExNzc4LCJpZENsdWJ2aXNpdGEiOjExMTkxfQ==-informe-arbitral-club-atletico-de-san-luis-vs-america-jornada-4-estadio-alfonso-lastras-ramirez-espn,  1 - 4,  https--www.ligafemenil.mx-cancha-estadio-14-estadio-alfonso-lastras-ramirez,  Alfonso Lastras Ramírez,  https--www.ligafemenil.mx-cancha-galeria-MTI1Mjc4LzQvNzIvMi8xNA==-club-atletico-de-san-luis-vs-america,  ,  https--www.ligafemenil.mx-cancha-playlist-125278-club-atletico-de-san-luis-vs-america,  
2021-2022,Clausura,  Viernes 28 de Enero de 2022-nTemporada 2021-2022-nTorneo Clausura-nJornada 4-n28 Enero 2022 - 1700 hrs.,  https--www.ligafemenil.mx-cancha-informeArbitral-125279-eyJpZERpdmlzaW9uIjoiMTQiLCJpZFRlbXBvcmFkYSI6IjcyIiwiaWRUb3JuZW8iOiIyIiwiaWRDbHVibG9jYWwiOjEyMDQyLCJpZENsdWJ2aXNpdGEiOjExMTg4fQ==-informe-arbitral-gallos-blancos-de-queretaro-vs-pumas-jornada-4-estadio-olimpico-alameda-tvc-deportes,  0 - 0,  https--www.ligafemenil.mx-cancha-estadio-1741-estadio-olimpico-alameda,  Estadio Olímpico Alameda,  https--www.ligafemenil.mx-cancha-galeria-MTI1Mjc5LzQvNzIvMi8xNA==-gallos-blancos-de-queretaro-vs-pumas,  ,  https--www.ligafemenil.mx-cancha-playlist-125279-gallos-blancos-de-queretaro-vs-pumas,  
2021-2022,Clausura,  Viernes 28 de Enero de 2022-nTemporada 2021-2022-nTorneo Clausura-nJornada 4-n28 Enero 2022 - 1900 hrs.,  https--www.ligafemenil.mx-cancha-informeArbitral-125280-eyJpZERpdmlzaW9uIjoiMTQiLCJpZFRlbXBvcmFkYSI6IjcyIiwiaWRUb3JuZW8iOiIyIiwiaWRDbHVibG9jYWwiOjExMTg2LCJpZENsdWJ2aXNpdGEiOjExMjQ1fQ==-informe-arbitral-tigres-de-la-uanl-vs-atlas-jornada-4-estadio-universitario-tudn,  5 - 1,  https--www.ligafemenil.mx-cancha-estadio-12-estadio-universitario,  Universitario,  https--www.ligafemenil.mx-cancha-galeria-MTI1MjgwLzQvNzIvMi8xNA==-tigres-de-la-uanl-vs-atlas,  ,  https--www.ligafemenil.mx-cancha-playlist-125280-tigres-de-la-uanl-vs-atlas,  
2021-2022,Clausura,  Domingo 30 de Enero de 2022-nTemporada 2021-2022-nTorneo Clausura-nJornada 5-n30 Enero 2022 - 1000 hrs.,  https--www.ligafemenil.mx-cancha-informeArbitral-125281-eyJpZERpdmlzaW9uIjoiMTQiLCJpZFRlbXBvcmFkYSI6IjcyIiwiaWRUb3JuZW8iOiIyIiwiaWRDbHVibG9jYWwiOjExMTg3LCJpZENsdWJ2aXNpdGEiOjExMTg0fQ==-informe-arbitral-toluca-vs-pachuca-jornada-5-estadio-nemesio-diez-tudn,  1 - 3,  https--www.ligafemenil.mx-cancha-estadio-6-estadio-nemesio-diez,  Nemesio Diez,  https--www.ligafemenil.mx-cancha-galeria-MTI1MjgxLzUvNzIvMi8xNA==-toluca-vs-pachuca,  ,  https--www.ligafemenil.mx-cancha-playlist-125281-toluca-vs-pachuca,  
2021-2022,Clausura,  Lunes 31 de Enero de 2022-nTemporada 2021-2022-nTorneo Clausura-nJornada 5-n31 Enero 2022 - 1200 hrs.,  https--www.ligafemenil.mx-cancha-informeArbitral-125283-eyJpZERpdmlzaW9uIjoiMTQiLCJpZFRlbXBvcmFkYSI6IjcyIiwiaWRUb3JuZW8iOiIyIiwiaWRDbHVibG9jYWwiOjExMjQ1LCJpZENsdWJ2aXNpdGEiOjExNTQzfQ==-informe-arbitral-atlas-vs-puebla-fc-jornada-5-estadio-jalisco-tvc-deportes,  1 - 0,  https--www.ligafemenil.mx-cancha-estadio-5-estadio-jalisco,  Jalisco,  https--www.ligafemenil.mx-cancha-galeria-MTI1MjgzLzUvNzIvMi8xNA==-atlas-vs-puebla-fc,  ,  https--www.ligafemenil.mx-cancha-playlist-125283-atlas-vs-puebla-fc,  
2021-2022,Clausura,  Lunes 31 de Enero de 2022-nTemporada 2021-2022-nTorneo Clausura-nJornada 5-n31 Enero 2022 - 1545 hrs.,  https--www.ligafemenil.mx-cancha-informeArbitral-125284-eyJpZERpdmlzaW9uIjoiMTQiLCJpZFRlbXBvcmFkYSI6IjcyIiwiaWRUb3JuZW8iOiIyIiwiaWRDbHVibG9jYWwiOjExMTkxLCJpZENsdWJ2aXNpdGEiOjExMTg5fQ==-informe-arbitral-america-vs-necaxa-jornada-5-estadio-cancha-centenario-no-5-natural-instalaciones-club-america-tudn,  3 - 0,  https--www.ligafemenil.mx-cancha-estadio-1421-estadio-cancha-centenario-no-5-natural-instalaciones-club-america,  Cancha Centenario No. 5 (Natural) Instalaciones Club América,  https--www.ligafemenil.mx-cancha-galeria-MTI1Mjg0LzUvNzIvMi8xNA==-america-vs-necaxa,  ,  https--www.ligafemenil.mx-cancha-playlist-125284-america-vs-necaxa,  
2021-2022,Clausura,  Lunes 31 de Enero de 2022-nTemporada 2021-2022-nTorneo Clausura-nJornada 5-n31 Enero 2022 - 1700 hrs.,  https--www.ligafemenil.mx-cancha-informeArbitral-125282-eyJpZERpdmlzaW9uIjoiMTQiLCJpZFRlbXBvcmFkYSI6IjcyIiwiaWRUb3JuZW8iOiIyIiwiaWRDbHVibG9jYWwiOjExNzk1LCJpZENsdWJ2aXNpdGEiOjExMTg1fQ==-informe-arbitral-fc-juarez-vs-rayados-de-monterrey-jornada-5-estadio-olimpico-benito-juarez-tudn,  1 - 3,  https--www.ligafemenil.mx-cancha-estadio-17-estadio-olimpico-benito-juarez,  Olímpico Benito Juárez,  https--www.ligafemenil.mx-cancha-galeria-MTI1MjgyLzUvNzIvMi8xNA==-fc-juarez-vs-rayados-de-monterrey,  ,  https--www.ligafemenil.mx-cancha-playlist-125282-fc-juarez-vs-rayados-de-monterrey,  
2021-2022,Clausura,  Lunes 31 de Enero de 2022-nTemporada 2021-2022-nTorneo Clausura-nJornada 5-n31 Enero 2022 - 1900 hrs.,  https--www.ligafemenil.mx-cancha-informeArbitral-125286-eyJpZERpdmlzaW9uIjoiMTQiLCJpZFRlbXBvcmFkYSI6IjcyIiwiaWRUb3JuZW8iOiIyIiwiaWRDbHVibG9jYWwiOjExMTgyLCJpZENsdWJ2aXNpdGEiOjExMTgxfQ==-informe-arbitral-guadalajara-vs-cruz-azul-jornada-5-estadio-akron-fox-sports--chivas-tv,  1 - 0,  https--www.ligafemenil.mx-cancha-estadio-1538-estadio-akron,  Estadio AKRON,  https--www.ligafemenil.mx-cancha-galeria-MTI1Mjg2LzUvNzIvMi8xNA==-guadalajara-vs-cruz-azul,  ,  https--www.ligafemenil.mx-cancha-playlist-125286-guadalajara-vs-cruz-azul,  
2021-2022,Clausura,  Lunes 31 de Enero de 2022-nTemporada 2021-2022-nTorneo Clausura-nJornada 5-n31 Enero 2022 - 1900 hrs.,  https--www.ligafemenil.mx-cancha-informeArbitral-125287-eyJpZERpdmlzaW9uIjoiMTQiLCJpZFRlbXBvcmFkYSI6IjcyIiwiaWRUb3JuZW8iOiIyIiwiaWRDbHVibG9jYWwiOjExMjQzLCJpZENsdWJ2aXNpdGEiOjEyMDQyfQ==-informe-arbitral-leon-vs-gallos-blancos-de-queretaro-jornada-5-estadio-nou-camp,  4 - 2,  https--www.ligafemenil.mx-cancha-estadio-23-estadio-nou-camp,  Nou Camp,  https--www.ligafemenil.mx-cancha-galeria-MTI1Mjg3LzUvNzIvMi8xNA==-leon-vs-gallos-blancos-de-queretaro,  ,  https--www.ligafemenil.mx-cancha-playlist-125287-leon-vs-gallos-blancos-de-queretaro,  
2021-2022,Clausura,  Lunes 31 de Enero de 2022-nTemporada 2021-2022-nTorneo Clausura-nJornada 5-n31 Enero 2022 - 1900 hrs.,  https--www.ligafemenil.mx-cancha-informeArbitral-125288-eyJpZERpdmlzaW9uIjoiMTQiLCJpZFRlbXBvcmFkYSI6IjcyIiwiaWRUb3JuZW8iOiIyIiwiaWRDbHVibG9jYWwiOjEyMDUxLCJpZENsdWJ2aXNpdGEiOjExNzc4fQ==-informe-arbitral-mazatlan-fc-vs-club-atletico-de-san-luis-jornada-5-estadio-mazatlan-tvp,  1 - 0,  https--www.ligafemenil.mx-cancha-estadio-1697-estadio-mazatlan,  Estadio Mazatlán,  https--www.ligafemenil.mx-cancha-galeria-MTI1Mjg4LzUvNzIvMi8xNA==-mazatlan-fc-vs-club-atletico-de-san-luis,  ,  https--www.ligafemenil.mx-cancha-playlist-125288-mazatlan-fc-vs-club-atletico-de-san-luis,  
2021-2022,Clausura,  Lunes 31 de Enero de 2022-nTemporada 2021-2022-nTorneo Clausura-nJornada 5-n31 Enero 2022 - 2000 hrs.,  https--www.ligafemenil.mx-cancha-informeArbitral-125285-eyJpZERpdmlzaW9uIjoiMTQiLCJpZFRlbXBvcmFkYSI6IjcyIiwiaWRUb3JuZW8iOiIyIiwiaWRDbHVibG9jYWwiOjExMTg4LCJpZENsdWJ2aXNpdGEiOjExMTkyfQ==-informe-arbitral-pumas-vs-santos-laguna-jornada-5-estadio-olimpico-universitario-tudn,  4 - 0,  https--www.ligafemenil.mx-cancha-estadio-7-estadio-olimpico-universitario,  Olímpico Universitario,  https--www.ligafemenil.mx-cancha-galeria-MTI1Mjg1LzUvNzIvMi8xNA==-pumas-vs-santos-laguna,  ,  https--www.ligafemenil.mx-cancha-playlist-125285-pumas-vs-santos-laguna,  
2021-2022,Clausura,  Lunes 31 de Enero de 2022-nTemporada 2021-2022-nTorneo Clausura-nJornada 5-n31 Enero 2022 - 1900 hrs.,  https--www.ligafemenil.mx-cancha-informeArbitral-125289-eyJpZERpdmlzaW9uIjoiMTQiLCJpZFRlbXBvcmFkYSI6IjcyIiwiaWRUb3JuZW8iOiIyIiwiaWRDbHVibG9jYWwiOjExMTgwLCJpZENsdWJ2aXNpdGEiOjExMTg2fQ==-informe-arbitral-tijuana-vs-tigres-de-la-uanl-jornada-5-estadio-caliente-fox-sports,  1 - 1,  https--www.ligafemenil.mx-cancha-estadio-48-estadio-caliente,  Caliente,  https--www.ligafemenil.mx-cancha-galeria-MTI1Mjg5LzUvNzIvMi8xNA==-tijuana-vs-tigres-de-la-uanl,  ,  https--www.ligafemenil.mx-cancha-playlist-125289-tijuana-vs-tigres-de-la-uanl,  
2021-2022,Clausura,  Viernes 4 de Febrero de 2022-nTemporada 2021-2022-nTorneo Clausura-nJornada 6-n4 Febrero 2022 - 1700 hrs.,  https--www.ligafemenil.mx-cancha-informeArbitral-125290-eyJpZERpdmlzaW9uIjoiMTQiLCJpZFRlbXBvcmFkYSI6IjcyIiwiaWRUb3JuZW8iOiIyIiwiaWRDbHVibG9jYWwiOjEyMDQyLCJpZENsdWJ2aXNpdGEiOjExMTgyfQ==-informe-arbitral-gallos-blancos-de-queretaro-vs-guadalajara-jornada-6-estadio-olimpico-alameda-tvc-deportes,  2 - 2,  https--www.ligafemenil.mx-cancha-estadio-1741-estadio-olimpico-alameda,  Estadio Olímpico Alameda,  https--www.ligafemenil.mx-cancha-galeria-MTI1MjkwLzYvNzIvMi8xNA==-gallos-blancos-de-queretaro-vs-guadalajara,  ,  https--www.ligafemenil.mx-cancha-playlist-125290-gallos-blancos-de-queretaro-vs-guadalajara,  
2021-2022,Clausura,  Viernes 4 de Febrero de 2022-nTemporada 2021-2022-nTorneo Clausura-nJornada 6-n4 Febrero 2022 - 1900 hrs.,  https--www.ligafemenil.mx-cancha-informeArbitral-125291-eyJpZERpdmlzaW9uIjoiMTQiLCJpZFRlbXBvcmFkYSI6IjcyIiwiaWRUb3JuZW8iOiIyIiwiaWRDbHVibG9jYWwiOjEyMDUxLCJpZENsdWJ2aXNpdGEiOjExMTg2fQ==-informe-arbitral-mazatlan-fc-vs-tigres-de-la-uanl-jornada-6-estadio-mazatlan-tvp,  2 - 4,  https--www.ligafemenil.mx-cancha-estadio-1697-estadio-mazatlan,  Estadio Mazatlán,  https--www.ligafemenil.mx-cancha-galeria-MTI1MjkxLzYvNzIvMi8xNA==-mazatlan-fc-vs-tigres-de-la-uanl,  ,  https--www.ligafemenil.mx-cancha-playlist-125291-mazatlan-fc-vs-tigres-de-la-uanl,  
2021-2022,Clausura,  Sábado 5 de Febrero de 2022-nTemporada 2021-2022-nTorneo Clausura-nJornada 6-n5 Febrero 2022 - 1200 hrs.,  https--www.ligafemenil.mx-cancha-informeArbitral-125292-eyJpZERpdmlzaW9uIjoiMTQiLCJpZFRlbXBvcmFkYSI6IjcyIiwiaWRUb3JuZW8iOiIyIiwiaWRDbHVibG9jYWwiOjExMTgxLCJpZENsdWJ2aXNpdGEiOjExMTkxfQ==-informe-arbitral-cruz-azul-vs-america-jornada-6-estadio-instalaciones-la-noria-cancha-3-sintetica-tudn,  1 - 3,  https--www.ligafemenil.mx-cancha-estadio-67-estadio-instalaciones-la-noria-cancha-3-sintetica,  Instalaciones la Noria Cancha 3 (Sintética),  https--www.ligafemenil.mx-cancha-galeria-MTI1MjkyLzYvNzIvMi8xNA==-cruz-azul-vs-america,  ,  https--www.ligafemenil.mx-cancha-playlist-125292-cruz-azul-vs-america,  
2021-2022,Clausura,  Domingo 6 de Febrero de 2022-nTemporada 2021-2022-nTorneo Clausura-nJornada 6-n6 Febrero 2022 - 1200 hrs.,  https--www.ligafemenil.mx-cancha-informeArbitral-125293-eyJpZERpdmlzaW9uIjoiMTQiLCJpZFRlbXBvcmFkYSI6IjcyIiwiaWRUb3JuZW8iOiIyIiwiaWRDbHVibG9jYWwiOjExNTQzLCJpZENsdWJ2aXNpdGEiOjExMTgwfQ==-informe-arbitral-puebla-fc-vs-tijuana-jornada-6-estadio-cuauhtemoc-tvc-deportes,  2 - 0,  https--www.ligafemenil.mx-cancha-estadio-9-estadio-cuauhtemoc,  Cuauhtémoc,  https--www.ligafemenil.mx-cancha-galeria-MTI1MjkzLzYvNzIvMi8xNA==-puebla-fc-vs-tijuana,  ,  https--www.ligafemenil.mx-cancha-playlist-125293-puebla-fc-vs-tijuana,  
2021-2022,Clausura,  Domingo 6 de Febrero de 2022-nTemporada 2021-2022-nTorneo Clausura-nJornada 6-n6 Febrero 2022 - 1700 hrs.,  https--www.ligafemenil.mx-cancha-informeArbitral-125294-eyJpZERpdmlzaW9uIjoiMTQiLCJpZFRlbXBvcmFkYSI6IjcyIiwiaWRUb3JuZW8iOiIyIiwiaWRDbHVibG9jYWwiOjExNzc4LCJpZENsdWJ2aXNpdGEiOjExMTg3fQ==-informe-arbitral-club-atletico-de-san-luis-vs-toluca-jornada-6-estadio-alfonso-lastras-ramirez-espn,  2 - 2,  https--www.ligafemenil.mx-cancha-estadio-14-estadio-alfonso-lastras-ramirez,  Alfonso Lastras Ramírez,  https--www.ligafemenil.mx-cancha-galeria-MTI1Mjk0LzYvNzIvMi8xNA==-club-atletico-de-san-luis-vs-toluca,  ,  https--www.ligafemenil.mx-cancha-playlist-125294-club-atletico-de-san-luis-vs-toluca,  
2021-2022,Clausura,  Lunes 7 de Febrero de 2022-nTemporada 2021-2022-nTorneo Clausura-nJornada 6-n7 Febrero 2022 - 1700 hrs.,  https--www.ligafemenil.mx-cancha-informeArbitral-125295-eyJpZERpdmlzaW9uIjoiMTQiLCJpZFRlbXBvcmFkYSI6IjcyIiwiaWRUb3JuZW8iOiIyIiwiaWRDbHVibG9jYWwiOjExMTg5LCJpZENsdWJ2aXNpdGEiOjExMjQ1fQ==-informe-arbitral-necaxa-vs-atlas-jornada-6-estadio-victoria-tudn,  1 - 1,  https--www.ligafemenil.mx-cancha-estadio-15-estadio-victoria,  Victoria,  https--www.ligafemenil.mx-cancha-galeria-MTI1Mjk1LzYvNzIvMi8xNA==-necaxa-vs-atlas,  ,  https--www.ligafemenil.mx-cancha-playlist-125295-necaxa-vs-atlas,  
2021-2022,Clausura,  Lunes 7 de Febrero de 2022-nTemporada 2021-2022-nTorneo Clausura-nJornada 6-n7 Febrero 2022 - 1700 hrs.,  https--www.ligafemenil.mx-cancha-informeArbitral-125296-eyJpZERpdmlzaW9uIjoiMTQiLCJpZFRlbXBvcmFkYSI6IjcyIiwiaWRUb3JuZW8iOiIyIiwiaWRDbHVibG9jYWwiOjExMTg0LCJpZENsdWJ2aXNpdGEiOjExNzk1fQ==-informe-arbitral-pachuca-vs-fc-juarez-jornada-6-estadio-hidalgo-fox-sports,  3 - 1,  https--www.ligafemenil.mx-cancha-estadio-11-estadio-hidalgo,  Hidalgo,  https--www.ligafemenil.mx-cancha-galeria-MTI1Mjk2LzYvNzIvMi8xNA==-pachuca-vs-fc-juarez,  ,  https--www.ligafemenil.mx-cancha-playlist-125296-pachuca-vs-fc-juarez,  
2021-2022,Clausura,  Lunes 7 de Febrero de 2022-nTemporada 2021-2022-nTorneo Clausura-nJornada 6-n7 Febrero 2022 - 1900 hrs.,  https--www.ligafemenil.mx-cancha-informeArbitral-125297-eyJpZERpdmlzaW9uIjoiMTQiLCJpZFRlbXBvcmFkYSI6IjcyIiwiaWRUb3JuZW8iOiIyIiwiaWRDbHVibG9jYWwiOjExMTg1LCJpZENsdWJ2aXNpdGEiOjExMTg4fQ==-informe-arbitral-rayados-de-monterrey-vs-pumas-jornada-6-estadio-bbva-fox-sports,  5 - 2,  https--www.ligafemenil.mx-cancha-estadio-1608-estadio-bbva,  Estadio BBVA,  https--www.ligafemenil.mx-cancha-galeria-MTI1Mjk3LzYvNzIvMi8xNA==-rayados-de-monterrey-vs-pumas,  ,  https--www.ligafemenil.mx-cancha-playlist-125297-rayados-de-monterrey-vs-pumas,  
2021-2022,Clausura,  Lunes 7 de Febrero de 2022-nTemporada 2021-2022-nTorneo Clausura-nJornada 6-n7 Febrero 2022 - 1900 hrs.,  https--www.ligafemenil.mx-cancha-informeArbitral-125298-eyJpZERpdmlzaW9uIjoiMTQiLCJpZFRlbXBvcmFkYSI6IjcyIiwiaWRUb3JuZW8iOiIyIiwiaWRDbHVibG9jYWwiOjExMTkyLCJpZENsdWJ2aXNpdGEiOjExMjQzfQ==-informe-arbitral-santos-laguna-vs-leon-jornada-6-estadio-tsm-corona,  1 - 3,  https--www.ligafemenil.mx-cancha-estadio-63-estadio-tsm-corona,  TSM Corona,  https--www.ligafemenil.mx-cancha-galeria-MTI1Mjk4LzYvNzIvMi8xNA==-santos-laguna-vs-leon,  ,  https--www.ligafemenil.mx-cancha-playlist-125298-santos-laguna-vs-leon,  
2021-2022,Clausura,  Jueves 10 de Febrero de 2022-nTemporada 2021-2022-nTorneo Clausura-nJornada 7-n10 Febrero 2022 - 1900 hrs.,  https--www.ligafemenil.mx-cancha-informeArbitral-125299-eyJpZERpdmlzaW9uIjoiMTQiLCJpZFRlbXBvcmFkYSI6IjcyIiwiaWRUb3JuZW8iOiIyIiwiaWRDbHVibG9jYWwiOjExMjQzLCJpZENsdWJ2aXNpdGEiOjExMTkxfQ==-informe-arbitral-leon-vs-america-jornada-7-estadio-nou-camp-fox-sports,  1 - 4,  https--www.ligafemenil.mx-cancha-estadio-23-estadio-nou-camp,  Nou Camp,  https--www.ligafemenil.mx-cancha-galeria-MTI1Mjk5LzcvNzIvMi8xNA==-leon-vs-america,  ,  https--www.ligafemenil.mx-cancha-playlist-125299-leon-vs-america,  
2021-2022,Clausura,  Jueves 10 de Febrero de 2022-nTemporada 2021-2022-nTorneo Clausura-nJornada 7-n10 Febrero 2022 - 1900 hrs.,  https--www.ligafemenil.mx-cancha-informeArbitral-125300-eyJpZERpdmlzaW9uIjoiMTQiLCJpZFRlbXBvcmFkYSI6IjcyIiwiaWRUb3JuZW8iOiIyIiwiaWRDbHVibG9jYWwiOjExMTg2LCJpZENsdWJ2aXNpdGEiOjExNTQzfQ==-informe-arbitral-tigres-de-la-uanl-vs-puebla-fc-jornada-7-estadio-universitario-tudn,  2 - 0,  https--www.ligafemenil.mx-cancha-estadio-12-estadio-universitario,  Universitario,  https--www.ligafemenil.mx-cancha-galeria-MTI1MzAwLzcvNzIvMi8xNA==-tigres-de-la-uanl-vs-puebla-fc,  ,  https--www.ligafemenil.mx-cancha-playlist-125300-tigres-de-la-uanl-vs-puebla-fc,  
2021-2022,Clausura,  Jueves 10 de Febrero de 2022-nTemporada 2021-2022-nTorneo Clausura-nJornada 7-n10 Febrero 2022 - 1900 hrs.,  https--www.ligafemenil.mx-cancha-informeArbitral-125301-eyJpZERpdmlzaW9uIjoiMTQiLCJpZFRlbXBvcmFkYSI6IjcyIiwiaWRUb3JuZW8iOiIyIiwiaWRDbHVibG9jYWwiOjExMTgwLCJpZENsdWJ2aXNpdGEiOjExMTg0fQ==-informe-arbitral-tijuana-vs-pachuca-jornada-7-estadio-caliente-fox-sports,  1 - 1,  https--www.ligafemenil.mx-cancha-estadio-48-estadio-caliente,  Caliente,  https--www.ligafemenil.mx-cancha-galeria-MTI1MzAxLzcvNzIvMi8xNA==-tijuana-vs-pachuca,  ,  https--www.ligafemenil.mx-cancha-playlist-125301-tijuana-vs-pachuca,  
2021-2022,Clausura,  Viernes 11 de Febrero de 2022-nTemporada 2021-2022-nTorneo Clausura-nJornada 7-n11 Febrero 2022 - 1700 hrs.,  https--www.ligafemenil.mx-cancha-informeArbitral-125302-eyJpZERpdmlzaW9uIjoiMTQiLCJpZFRlbXBvcmFkYSI6IjcyIiwiaWRUb3JuZW8iOiIyIiwiaWRDbHVibG9jYWwiOjEyMDQyLCJpZENsdWJ2aXNpdGEiOjEyMDUxfQ==-informe-arbitral-gallos-blancos-de-queretaro-vs-mazatlan-fc-jornada-7-estadio-olimpico-alameda-tvc-deportes,  2 - 1,  https--www.ligafemenil.mx-cancha-estadio-1741-estadio-olimpico-alameda,  Estadio Olímpico Alameda,  https--www.ligafemenil.mx-cancha-galeria-MTI1MzAyLzcvNzIvMi8xNA==-gallos-blancos-de-queretaro-vs-mazatlan-fc,  ,  https--www.ligafemenil.mx-cancha-playlist-125302-gallos-blancos-de-queretaro-vs-mazatlan-fc,  
2021-2022,Clausura,  Viernes 11 de Febrero de 2022-nTemporada 2021-2022-nTorneo Clausura-nJornada 7-n11 Febrero 2022 - 1700 hrs.,  https--www.ligafemenil.mx-cancha-informeArbitral-125303-eyJpZERpdmlzaW9uIjoiMTQiLCJpZFRlbXBvcmFkYSI6IjcyIiwiaWRUb3JuZW8iOiIyIiwiaWRDbHVibG9jYWwiOjExMTg3LCJpZENsdWJ2aXNpdGEiOjExMTg1fQ==-informe-arbitral-toluca-vs-rayados-de-monterrey-jornada-7-estadio-nemesio-diez-tudn,  1 - 3,  https--www.ligafemenil.mx-cancha-estadio-6-estadio-nemesio-diez,  Nemesio Diez,  https--www.ligafemenil.mx-cancha-galeria-MTI1MzAzLzcvNzIvMi8xNA==-toluca-vs-rayados-de-monterrey,  ,  https--www.ligafemenil.mx-cancha-playlist-125303-toluca-vs-rayados-de-monterrey,  
2021-2022,Clausura,  Sábado 12 de Febrero de 2022-nTemporada 2021-2022-nTorneo Clausura-nJornada 7-n12 Febrero 2022 - 1200 hrs.,  https--www.ligafemenil.mx-cancha-informeArbitral-125304-eyJpZERpdmlzaW9uIjoiMTQiLCJpZFRlbXBvcmFkYSI6IjcyIiwiaWRUb3JuZW8iOiIyIiwiaWRDbHVibG9jYWwiOjExMTg4LCJpZENsdWJ2aXNpdGEiOjExMTgxfQ==-informe-arbitral-pumas-vs-cruz-azul-jornada-7-estadio-olimpico-universitario-tudn,  1 - 1,  https--www.ligafemenil.mx-cancha-estadio-7-estadio-olimpico-universitario,  Olímpico Universitario,  https--www.ligafemenil.mx-cancha-galeria-MTI1MzA0LzcvNzIvMi8xNA==-pumas-vs-cruz-azul,  ,  https--www.ligafemenil.mx-cancha-playlist-125304-pumas-vs-cruz-azul,  
2021-2022,Clausura,  Sábado 12 de Febrero de 2022-nTemporada 2021-2022-nTorneo Clausura-nJornada 7-n12 Febrero 2022 - 1200 hrs.,  https--www.ligafemenil.mx-cancha-informeArbitral-125305-eyJpZERpdmlzaW9uIjoiMTQiLCJpZFRlbXBvcmFkYSI6IjcyIiwiaWRUb3JuZW8iOiIyIiwiaWRDbHVibG9jYWwiOjExMjQ1LCJpZENsdWJ2aXNpdGEiOjExNzc4fQ==-informe-arbitral-atlas-vs-club-atletico-de-san-luis-jornada-7-estadio-jalisco-tvc-deportes,  1 - 1,  https--www.ligafemenil.mx-cancha-estadio-5-estadio-jalisco,  Jalisco,  https--www.ligafemenil.mx-cancha-galeria-MTI1MzA1LzcvNzIvMi8xNA==-atlas-vs-club-atletico-de-san-luis,  ,  https--www.ligafemenil.mx-cancha-playlist-125305-atlas-vs-club-atletico-de-san-luis,  
2021-2022,Clausura,  Domingo 13 de Febrero de 2022-nTemporada 2021-2022-nTorneo Clausura-nJornada 7-n13 Febrero 2022 - 1030 hrs.,  https--www.ligafemenil.mx-cancha-informeArbitral-125306-eyJpZERpdmlzaW9uIjoiMTQiLCJpZFRlbXBvcmFkYSI6IjcyIiwiaWRUb3JuZW8iOiIyIiwiaWRDbHVibG9jYWwiOjExMTgyLCJpZENsdWJ2aXNpdGEiOjExMTkyfQ==-informe-arbitral-guadalajara-vs-santos-laguna-jornada-7-estadio-akron-chivas-tv,  1 - 0,  https--www.ligafemenil.mx-cancha-estadio-1538-estadio-akron,  Estadio AKRON,  https--www.ligafemenil.mx-cancha-galeria-MTI1MzA2LzcvNzIvMi8xNA==-guadalajara-vs-santos-laguna,  ,  https--www.ligafemenil.mx-cancha-playlist-125306-guadalajara-vs-santos-laguna,  
2021-2022,Clausura,  Domingo 13 de Febrero de 2022-nTemporada 2021-2022-nTorneo Clausura-nJornada 7-n13 Febrero 2022 - 1245 hrs.,  https--www.ligafemenil.mx-cancha-informeArbitral-125307-eyJpZERpdmlzaW9uIjoiMTQiLCJpZFRlbXBvcmFkYSI6IjcyIiwiaWRUb3JuZW8iOiIyIiwiaWRDbHVibG9jYWwiOjExNzk1LCJpZENsdWJ2aXNpdGEiOjExMTg5fQ==-informe-arbitral-fc-juarez-vs-necaxa-jornada-7-estadio-olimpico-benito-juarez-tudn,  2 - 3,  https--www.ligafemenil.mx-cancha-estadio-17-estadio-olimpico-benito-juarez,  Olímpico Benito Juárez,  https--www.ligafemenil.mx-cancha-galeria-MTI1MzA3LzcvNzIvMi8xNA==-fc-juarez-vs-necaxa,  ,  https--www.ligafemenil.mx-cancha-playlist-125307-fc-juarez-vs-necaxa,  
2021-2022,Clausura,  Lunes 21 de Febrero de 2022-nTemporada 2021-2022-nTorneo Clausura-nJornada 1-n21 Febrero 2022 - 2100 hrs.,  https--www.ligafemenil.mx-cancha-informeArbitral-125251-eyJpZERpdmlzaW9uIjoiMTQiLCJpZFRlbXBvcmFkYSI6IjcyIiwiaWRUb3JuZW8iOiIyIiwiaWRDbHVibG9jYWwiOjExMTg1LCJpZENsdWJ2aXNpdGEiOjEyMDQyfQ==-informe-arbitral-rayados-de-monterrey-vs-gallos-blancos-de-queretaro-jornada-1-estadio-bbva-fox-sports,  3 - 0,  https--www.ligafemenil.mx-cancha-estadio-1608-estadio-bbva,  Estadio BBVA,  https--www.ligafemenil.mx-cancha-galeria-MTI1MjUxLzEvNzIvMi8xNA==-rayados-de-monterrey-vs-gallos-blancos-de-queretaro,  ,  https--www.ligafemenil.mx-cancha-playlist-125251-rayados-de-monterrey-vs-gallos-blancos-de-queretaro,  
2021-2022,Clausura,  Miércoles 23 de Febrero de 2022-nTemporada 2021-2022-nTorneo Clausura-nJornada 3-n23 Febrero 2022 - 2000 hrs.,  https--www.ligafemenil.mx-cancha-informeArbitral-125271-eyJpZERpdmlzaW9uIjoiMTQiLCJpZFRlbXBvcmFkYSI6IjcyIiwiaWRUb3JuZW8iOiIyIiwiaWRDbHVibG9jYWwiOjExNzk1LCJpZENsdWJ2aXNpdGEiOjExMTg2fQ==-informe-arbitral-fc-juarez-vs-tigres-de-la-uanl-jornada-3-estadio-olimpico-benito-juarez-tudn,  1 - 2,  https--www.ligafemenil.mx-cancha-estadio-17-estadio-olimpico-benito-juarez,  Olímpico Benito Juárez,  https--www.ligafemenil.mx-cancha-galeria-MTI1MjcxLzMvNzIvMi8xNA==-fc-juarez-vs-tigres-de-la-uanl,  ,  https--www.ligafemenil.mx-cancha-playlist-125271-fc-juarez-vs-tigres-de-la-uanl,  
2021-2022,Clausura,  Sábado 26 de Febrero de 2022-nTemporada 2021-2022-nTorneo Clausura-nJornada 8-n26 Febrero 2022 - 1200 hrs.,  https--www.ligafemenil.mx-cancha-informeArbitral-125308-eyJpZERpdmlzaW9uIjoiMTQiLCJpZFRlbXBvcmFkYSI6IjcyIiwiaWRUb3JuZW8iOiIyIiwiaWRDbHVibG9jYWwiOjExMTgxLCJpZENsdWJ2aXNpdGEiOjExMTgwfQ==-informe-arbitral-cruz-azul-vs-tijuana-jornada-8-estadio-instalaciones-la-noria-cancha-3-sintetica-tudn,  2 - 2,  https--www.ligafemenil.mx-cancha-estadio-67-estadio-instalaciones-la-noria-cancha-3-sintetica,  Instalaciones la Noria Cancha 3 (Sintética),  https--www.ligafemenil.mx-cancha-galeria-MTI1MzA4LzgvNzIvMi8xNA==-cruz-azul-vs-tijuana,  ,  https--www.ligafemenil.mx-cancha-playlist-125308-cruz-azul-vs-tijuana,  
2021-2022,Clausura,  Domingo 27 de Febrero de 2022-nTemporada 2021-2022-nTorneo Clausura-nJornada 8-n27 Febrero 2022 - 1200 hrs.,  https--www.ligafemenil.mx-cancha-informeArbitral-125309-eyJpZERpdmlzaW9uIjoiMTQiLCJpZFRlbXBvcmFkYSI6IjcyIiwiaWRUb3JuZW8iOiIyIiwiaWRDbHVibG9jYWwiOjExNTQzLCJpZENsdWJ2aXNpdGEiOjExMTg4fQ==-informe-arbitral-puebla-fc-vs-pumas-jornada-8-estadio-cuauhtemoc-tvc-deportes,  2 - 1,  https--www.ligafemenil.mx-cancha-estadio-9-estadio-cuauhtemoc,  Cuauhtémoc,  https--www.ligafemenil.mx-cancha-galeria-MTI1MzA5LzgvNzIvMi8xNA==-puebla-fc-vs-pumas,  ,  https--www.ligafemenil.mx-cancha-playlist-125309-puebla-fc-vs-pumas,  
2021-2022,Clausura,  Domingo 27 de Febrero de 2022-nTemporada 2021-2022-nTorneo Clausura-nJornada 8-n27 Febrero 2022 - 1700 hrs.,  https--www.ligafemenil.mx-cancha-informeArbitral-125310-eyJpZERpdmlzaW9uIjoiMTQiLCJpZFRlbXBvcmFkYSI6IjcyIiwiaWRUb3JuZW8iOiIyIiwiaWRDbHVibG9jYWwiOjExNzc4LCJpZENsdWJ2aXNpdGEiOjExMTgyfQ==-informe-arbitral-club-atletico-de-san-luis-vs-guadalajara-jornada-8-estadio-alfonso-lastras-ramirez-espn,  0 - 0,  https--www.ligafemenil.mx-cancha-estadio-14-estadio-alfonso-lastras-ramirez,  Alfonso Lastras Ramírez,  https--www.ligafemenil.mx-cancha-galeria-MTI1MzEwLzgvNzIvMi8xNA==-club-atletico-de-san-luis-vs-guadalajara,  ,  https--www.ligafemenil.mx-cancha-playlist-125310-club-atletico-de-san-luis-vs-guadalajara,  
2021-2022,Clausura,  Domingo 27 de Febrero de 2022-nTemporada 2021-2022-nTorneo Clausura-nJornada 8-n27 Febrero 2022 - 1600 hrs.,  https--www.ligafemenil.mx-cancha-informeArbitral-125311-eyJpZERpdmlzaW9uIjoiMTQiLCJpZFRlbXBvcmFkYSI6IjcyIiwiaWRUb3JuZW8iOiIyIiwiaWRDbHVibG9jYWwiOjExNzk1LCJpZENsdWJ2aXNpdGEiOjExMTg3fQ==-informe-arbitral-fc-juarez-vs-toluca-jornada-8-estadio-olimpico-benito-juarez-tudn,  0 - 1,  https--www.ligafemenil.mx-cancha-estadio-17-estadio-olimpico-benito-juarez,  Olímpico Benito Juárez,  https--www.ligafemenil.mx-cancha-galeria-MTI1MzExLzgvNzIvMi8xNA==-fc-juarez-vs-toluca,  ,  https--www.ligafemenil.mx-cancha-playlist-125311-fc-juarez-vs-toluca,  
2021-2022,Clausura,  Lunes 28 de Febrero de 2022-nTemporada 2021-2022-nTorneo Clausura-nJornada 8-n28 Febrero 2022 - 1545 hrs.,  https--www.ligafemenil.mx-cancha-informeArbitral-125313-eyJpZERpdmlzaW9uIjoiMTQiLCJpZFRlbXBvcmFkYSI6IjcyIiwiaWRUb3JuZW8iOiIyIiwiaWRDbHVibG9jYWwiOjExMTkxLCJpZENsdWJ2aXNpdGEiOjEyMDUxfQ==-informe-arbitral-america-vs-mazatlan-fc-jornada-8-estadio-cancha-centenario-no-5-natural-instalaciones-club-america-tudn,  3 - 0,  https--www.ligafemenil.mx-cancha-estadio-1421-estadio-cancha-centenario-no-5-natural-instalaciones-club-america,  Cancha Centenario No. 5 (Natural) Instalaciones Club América,  https--www.ligafemenil.mx-cancha-galeria-MTI1MzEzLzgvNzIvMi8xNA==-america-vs-mazatlan-fc,  ,  https--www.ligafemenil.mx-cancha-playlist-125313-america-vs-mazatlan-fc,  
2021-2022,Clausura,  Lunes 28 de Febrero de 2022-nTemporada 2021-2022-nTorneo Clausura-nJornada 8-n28 Febrero 2022 - 1800 hrs.,  https--www.ligafemenil.mx-cancha-informeArbitral-125312-eyJpZERpdmlzaW9uIjoiMTQiLCJpZFRlbXBvcmFkYSI6IjcyIiwiaWRUb3JuZW8iOiIyIiwiaWRDbHVibG9jYWwiOjExMTg5LCJpZENsdWJ2aXNpdGEiOjExMjQzfQ==-informe-arbitral-necaxa-vs-leon-jornada-8-estadio-victoria-tudn,  0 - 0,  https--www.ligafemenil.mx-cancha-estadio-708-estadio-victoria,  Victoria,  https--www.ligafemenil.mx-cancha-galeria-MTI1MzEyLzgvNzIvMi8xNA==-necaxa-vs-leon,  ,  https--www.ligafemenil.mx-cancha-playlist-125312-necaxa-vs-leon,  
2021-2022,Clausura,  Lunes 28 de Febrero de 2022-nTemporada 2021-2022-nTorneo Clausura-nJornada 8-n28 Febrero 2022 - 1900 hrs.,  https--www.ligafemenil.mx-cancha-informeArbitral-125314-eyJpZERpdmlzaW9uIjoiMTQiLCJpZFRlbXBvcmFkYSI6IjcyIiwiaWRUb3JuZW8iOiIyIiwiaWRDbHVibG9jYWwiOjExMTg0LCJpZENsdWJ2aXNpdGEiOjExMTg2fQ==-informe-arbitral-pachuca-vs-tigres-de-la-uanl-jornada-8-estadio-hidalgo-fox-sports,  0 - 1,  https--www.ligafemenil.mx-cancha-estadio-11-estadio-hidalgo,  Hidalgo,  https--www.ligafemenil.mx-cancha-galeria-MTI1MzE0LzgvNzIvMi8xNA==-pachuca-vs-tigres-de-la-uanl,  ,  https--www.ligafemenil.mx-cancha-playlist-125314-pachuca-vs-tigres-de-la-uanl,  
2021-2022,Clausura,  Lunes 28 de Febrero de 2022-nTemporada 2021-2022-nTorneo Clausura-nJornada 8-n28 Febrero 2022 - 1900 hrs.,  https--www.ligafemenil.mx-cancha-informeArbitral-125315-eyJpZERpdmlzaW9uIjoiMTQiLCJpZFRlbXBvcmFkYSI6IjcyIiwiaWRUb3JuZW8iOiIyIiwiaWRDbHVibG9jYWwiOjExMTkyLCJpZENsdWJ2aXNpdGEiOjEyMDQyfQ==-informe-arbitral-santos-laguna-vs-gallos-blancos-de-queretaro-jornada-8-estadio-tsm-corona,  0 - 1,  https--www.ligafemenil.mx-cancha-estadio-63-estadio-tsm-corona,  TSM Corona,  https--www.ligafemenil.mx-cancha-galeria-MTI1MzE1LzgvNzIvMi8xNA==-santos-laguna-vs-gallos-blancos-de-queretaro,  ,  https--www.ligafemenil.mx-cancha-playlist-125315-santos-laguna-vs-gallos-blancos-de-queretaro,  
2021-2022,Clausura,  Lunes 28 de Febrero de 2022-nTemporada 2021-2022-nTorneo Clausura-nJornada 8-n28 Febrero 2022 - 2100 hrs.,  https--www.ligafemenil.mx-cancha-informeArbitral-125316-eyJpZERpdmlzaW9uIjoiMTQiLCJpZFRlbXBvcmFkYSI6IjcyIiwiaWRUb3JuZW8iOiIyIiwiaWRDbHVibG9jYWwiOjExMTg1LCJpZENsdWJ2aXNpdGEiOjExMjQ1fQ==-informe-arbitral-rayados-de-monterrey-vs-atlas-jornada-8-estadio-bbva-fox-sports,  5 - 1,  https--www.ligafemenil.mx-cancha-estadio-1608-estadio-bbva,  Estadio BBVA,  https--www.ligafemenil.mx-cancha-galeria-MTI1MzE2LzgvNzIvMi8xNA==-rayados-de-monterrey-vs-atlas,  ,  https--www.ligafemenil.mx-cancha-playlist-125316-rayados-de-monterrey-vs-atlas,  
2021-2022,Clausura,  Viernes 4 de Marzo de 2022-nTemporada 2021-2022-nTorneo Clausura-nJornada 9-n4 Marzo 2022 - 1900 hrs.,  https--www.ligafemenil.mx-cancha-informeArbitral-125317-eyJpZERpdmlzaW9uIjoiMTQiLCJpZFRlbXBvcmFkYSI6IjcyIiwiaWRUb3JuZW8iOiIyIiwiaWRDbHVibG9jYWwiOjEyMDUxLCJpZENsdWJ2aXNpdGEiOjExMTg5fQ==-informe-arbitral-mazatlan-fc-vs-necaxa-jornada-9-estadio-mazatlan-tvp,  2 - 1,  https--www.ligafemenil.mx-cancha-estadio-1697-estadio-mazatlan,  Estadio Mazatlán,  https--www.ligafemenil.mx-cancha-galeria-MTI1MzE3LzkvNzIvMi8xNA==-mazatlan-fc-vs-necaxa,  ,  https--www.ligafemenil.mx-cancha-playlist-125317-mazatlan-fc-vs-necaxa,  
2021-2022,Clausura,  Sábado 5 de Marzo de 2022-nTemporada 2021-2022-nTorneo Clausura-nJornada 9-n5 Marzo 2022 - 1200 hrs.,  https--www.ligafemenil.mx-cancha-informeArbitral-125318-eyJpZERpdmlzaW9uIjoiMTQiLCJpZFRlbXBvcmFkYSI6IjcyIiwiaWRUb3JuZW8iOiIyIiwiaWRDbHVibG9jYWwiOjExMjQ1LCJpZENsdWJ2aXNpdGEiOjExMTgwfQ==-informe-arbitral-atlas-vs-tijuana-jornada-9-estadio-jalisco-tvc-deportes,  6 - 1,  https--www.ligafemenil.mx-cancha-estadio-5-estadio-jalisco,  Jalisco,  https--www.ligafemenil.mx-cancha-galeria-MTI1MzE4LzkvNzIvMi8xNA==-atlas-vs-tijuana,  ,  https--www.ligafemenil.mx-cancha-playlist-125318-atlas-vs-tijuana,  
2021-2022,Clausura,  Sábado 5 de Marzo de 2022-nTemporada 2021-2022-nTorneo Clausura-nJornada 9-n5 Marzo 2022 - 1200 hrs.,  https--www.ligafemenil.mx-cancha-informeArbitral-125319-eyJpZERpdmlzaW9uIjoiMTQiLCJpZFRlbXBvcmFkYSI6IjcyIiwiaWRUb3JuZW8iOiIyIiwiaWRDbHVibG9jYWwiOjExMTg4LCJpZENsdWJ2aXNpdGEiOjExMTg0fQ==-informe-arbitral-pumas-vs-pachuca-jornada-9-estadio-olimpico-universitario-tudn,  1 - 0,  https--www.ligafemenil.mx-cancha-estadio-7-estadio-olimpico-universitario,  Olímpico Universitario,  https--www.ligafemenil.mx-cancha-galeria-MTI1MzE5LzkvNzIvMi8xNA==-pumas-vs-pachuca,  ,  https--www.ligafemenil.mx-cancha-playlist-125319-pumas-vs-pachuca,  
2021-2022,Clausura,  Sábado 12 de Marzo de 2022-nTemporada 2021-2022-nTorneo Clausura-nJornada 10-n12 Marzo 2022 - 1200 hrs.,  https--www.ligafemenil.mx-cancha-informeArbitral-125328-eyJpZERpdmlzaW9uIjoiMTQiLCJpZFRlbXBvcmFkYSI6IjcyIiwiaWRUb3JuZW8iOiIyIiwiaWRDbHVibG9jYWwiOjExMTgxLCJpZENsdWJ2aXNpdGEiOjExMTkyfQ==-informe-arbitral-cruz-azul-vs-santos-laguna-jornada-10-estadio-instalaciones-la-noria-cancha-3-sintetica-tudn,  2 - 3,  https--www.ligafemenil.mx-cancha-estadio-67-estadio-instalaciones-la-noria-cancha-3-sintetica,  Instalaciones la Noria Cancha 3 (Sintética),  https--www.ligafemenil.mx-cancha-galeria-MTI1MzI4LzEwLzcyLzIvMTQ=-cruz-azul-vs-santos-laguna,  ,  https--www.ligafemenil.mx-cancha-playlist-125328-cruz-azul-vs-santos-laguna,  
2021-2022,Clausura,  Sábado 12 de Marzo de 2022-nTemporada 2021-2022-nTorneo Clausura-nJornada 10-n12 Marzo 2022 - 1900 hrs.,  https--www.ligafemenil.mx-cancha-informeArbitral-125329-eyJpZERpdmlzaW9uIjoiMTQiLCJpZFRlbXBvcmFkYSI6IjcyIiwiaWRUb3JuZW8iOiIyIiwiaWRDbHVibG9jYWwiOjExMTg0LCJpZENsdWJ2aXNpdGEiOjExNzc4fQ==-informe-arbitral-pachuca-vs-club-atletico-de-san-luis-jornada-10-estadio-hidalgo,  2 - 0,  https--www.ligafemenil.mx-cancha-estadio-11-estadio-hidalgo,  Hidalgo,  https--www.ligafemenil.mx-cancha-galeria-MTI1MzI5LzEwLzcyLzIvMTQ=-pachuca-vs-club-atletico-de-san-luis,  ,  https--www.ligafemenil.mx-cancha-playlist-125329-pachuca-vs-club-atletico-de-san-luis,  
2021-2022,Clausura,  Sábado 12 de Marzo de 2022-nTemporada 2021-2022-nTorneo Clausura-nJornada 10-n12 Marzo 2022 - 1800 hrs.,  https--www.ligafemenil.mx-cancha-informeArbitral-125327-eyJpZERpdmlzaW9uIjoiMTQiLCJpZFRlbXBvcmFkYSI6IjcyIiwiaWRUb3JuZW8iOiIyIiwiaWRDbHVibG9jYWwiOjEyMDUxLCJpZENsdWJ2aXNpdGEiOjExMjQzfQ==-informe-arbitral-mazatlan-fc-vs-leon-jornada-10-estadio-mazatlan-tvp,  0 - 0,  https--www.ligafemenil.mx-cancha-estadio-1697-estadio-mazatlan,  Estadio Mazatlán,  https--www.ligafemenil.mx-cancha-galeria-MTI1MzI3LzEwLzcyLzIvMTQ=-mazatlan-fc-vs-leon,  ,  https--www.ligafemenil.mx-cancha-playlist-125327-mazatlan-fc-vs-leon,  
2021-2022,Clausura,  Domingo 13 de Marzo de 2022-nTemporada 2021-2022-nTorneo Clausura-nJornada 10-n13 Marzo 2022 - 1200 hrs.,  https--www.ligafemenil.mx-cancha-informeArbitral-125330-eyJpZERpdmlzaW9uIjoiMTQiLCJpZFRlbXBvcmFkYSI6IjcyIiwiaWRUb3JuZW8iOiIyIiwiaWRDbHVibG9jYWwiOjExNTQzLCJpZENsdWJ2aXNpdGEiOjExNzk1fQ==-informe-arbitral-puebla-fc-vs-fc-juarez-jornada-10-estadio-cuauhtemoc-tvc-deportes,  2 - 1,  https--www.ligafemenil.mx-cancha-estadio-9-estadio-cuauhtemoc,  Cuauhtémoc,  https--www.ligafemenil.mx-cancha-galeria-MTI1MzMwLzEwLzcyLzIvMTQ=-puebla-fc-vs-fc-juarez,  ,  https--www.ligafemenil.mx-cancha-playlist-125330-puebla-fc-vs-fc-juarez,  
2021-2022,Clausura,  Domingo 13 de Marzo de 2022-nTemporada 2021-2022-nTorneo Clausura-nJornada 10-n13 Marzo 2022 - 2100 hrs.,  https--www.ligafemenil.mx-cancha-informeArbitral-125331-eyJpZERpdmlzaW9uIjoiMTQiLCJpZFRlbXBvcmFkYSI6IjcyIiwiaWRUb3JuZW8iOiIyIiwiaWRDbHVibG9jYWwiOjExMTkxLCJpZENsdWJ2aXNpdGEiOjExMTgyfQ==-informe-arbitral-america-vs-guadalajara-jornada-10-estadio-azteca-tudn,  1 - 2,  https--www.ligafemenil.mx-cancha-estadio-1-estadio-azteca,  Azteca,  https--www.ligafemenil.mx-cancha-galeria-MTI1MzMxLzEwLzcyLzIvMTQ=-america-vs-guadalajara,  ,  https--www.ligafemenil.mx-cancha-playlist-125331-america-vs-guadalajara,  
2021-2022,Clausura,  Lunes 14 de Marzo de 2022-nTemporada 2021-2022-nTorneo Clausura-nJornada 10-n14 Marzo 2022 - 1700 hrs.,  https--www.ligafemenil.mx-cancha-informeArbitral-125332-eyJpZERpdmlzaW9uIjoiMTQiLCJpZFRlbXBvcmFkYSI6IjcyIiwiaWRUb3JuZW8iOiIyIiwiaWRDbHVibG9jYWwiOjExMTg3LCJpZENsdWJ2aXNpdGEiOjExMTg2fQ==-informe-arbitral-toluca-vs-tigres-de-la-uanl-jornada-10-estadio-nemesio-diez-tudn,  2 - 2,  https--www.ligafemenil.mx-cancha-estadio-6-estadio-nemesio-diez,  Nemesio Diez,  https--www.ligafemenil.mx-cancha-galeria-MTI1MzMyLzEwLzcyLzIvMTQ=-toluca-vs-tigres-de-la-uanl,  ,  https--www.ligafemenil.mx-cancha-playlist-125332-toluca-vs-tigres-de-la-uanl,  
2021-2022,Clausura,  Lunes 14 de Marzo de 2022-nTemporada 2021-2022-nTorneo Clausura-nJornada 10-n14 Marzo 2022 - 1900 hrs.,  https--www.ligafemenil.mx-cancha-informeArbitral-125333-eyJpZERpdmlzaW9uIjoiMTQiLCJpZFRlbXBvcmFkYSI6IjcyIiwiaWRUb3JuZW8iOiIyIiwiaWRDbHVibG9jYWwiOjExMTg1LCJpZENsdWJ2aXNpdGEiOjExMTg5fQ==-informe-arbitral-rayados-de-monterrey-vs-necaxa-jornada-10-estadio-bbva-fox-sports,  5 - 2,  https--www.ligafemenil.mx-cancha-estadio-1608-estadio-bbva,  Estadio BBVA,  https--www.ligafemenil.mx-cancha-galeria-MTI1MzMzLzEwLzcyLzIvMTQ=-rayados-de-monterrey-vs-necaxa,  ,  https--www.ligafemenil.mx-cancha-playlist-125333-rayados-de-monterrey-vs-necaxa,  
2021-2022,Clausura,  Lunes 14 de Marzo de 2022-nTemporada 2021-2022-nTorneo Clausura-nJornada 10-n14 Marzo 2022 - 2000 hrs.,  https--www.ligafemenil.mx-cancha-informeArbitral-125334-eyJpZERpdmlzaW9uIjoiMTQiLCJpZFRlbXBvcmFkYSI6IjcyIiwiaWRUb3JuZW8iOiIyIiwiaWRDbHVibG9jYWwiOjExMTgwLCJpZENsdWJ2aXNpdGEiOjExMTg4fQ==-informe-arbitral-tijuana-vs-pumas-jornada-10-estadio-caliente-fox-sports,  0 - 0,  https--www.ligafemenil.mx-cancha-estadio-48-estadio-caliente,  Caliente,  https--www.ligafemenil.mx-cancha-galeria-MTI1MzM0LzEwLzcyLzIvMTQ=-tijuana-vs-pumas,  ,  https--www.ligafemenil.mx-cancha-playlist-125334-tijuana-vs-pumas,  
2021-2022,Clausura,  Miércoles 16 de Marzo de 2022-nTemporada 2021-2022-nTorneo Clausura-nJornada 11-n16 Marzo 2022 - 1545 hrs.,  https--www.ligafemenil.mx-cancha-informeArbitral-125335-eyJpZERpdmlzaW9uIjoiMTQiLCJpZFRlbXBvcmFkYSI6IjcyIiwiaWRUb3JuZW8iOiIyIiwiaWRDbHVibG9jYWwiOjExMTkxLCJpZENsdWJ2aXNpdGEiOjEyMDQyfQ==-informe-arbitral-america-vs-gallos-blancos-de-queretaro-jornada-11-estadio-cancha-centenario-no-5-natural-instalaciones-club-america-tudn,  4 - 1,  https--www.ligafemenil.mx-cancha-estadio-1421-estadio-cancha-centenario-no-5-natural-instalaciones-club-america,  Cancha Centenario No. 5 (Natural) Instalaciones Club América,  https--www.ligafemenil.mx-cancha-galeria-MTI1MzM1LzExLzcyLzIvMTQ=-america-vs-gallos-blancos-de-queretaro,  ,  https--www.ligafemenil.mx-cancha-playlist-125335-america-vs-gallos-blancos-de-queretaro,  
2021-2022,Clausura,  Miércoles 16 de Marzo de 2022-nTemporada 2021-2022-nTorneo Clausura-nJornada 11-n16 Marzo 2022 - 2000 hrs.,  https--www.ligafemenil.mx-cancha-informeArbitral-125336-eyJpZERpdmlzaW9uIjoiMTQiLCJpZFRlbXBvcmFkYSI6IjcyIiwiaWRUb3JuZW8iOiIyIiwiaWRDbHVibG9jYWwiOjExNzk1LCJpZENsdWJ2aXNpdGEiOjEyMDUxfQ==-informe-arbitral-fc-juarez-vs-mazatlan-fc-jornada-11-estadio-olimpico-benito-juarez-tudn,  1 - 1,  https--www.ligafemenil.mx-cancha-estadio-17-estadio-olimpico-benito-juarez,  Olímpico Benito Juárez,  https--www.ligafemenil.mx-cancha-galeria-MTI1MzM2LzExLzcyLzIvMTQ=-fc-juarez-vs-mazatlan-fc,  ,  https--www.ligafemenil.mx-cancha-playlist-125336-fc-juarez-vs-mazatlan-fc,  
2021-2022,Clausura,  Jueves 17 de Marzo de 2022-nTemporada 2021-2022-nTorneo Clausura-nJornada 11-n17 Marzo 2022 - 1000 hrs.,  https--www.ligafemenil.mx-cancha-informeArbitral-125339-eyJpZERpdmlzaW9uIjoiMTQiLCJpZFRlbXBvcmFkYSI6IjcyIiwiaWRUb3JuZW8iOiIyIiwiaWRDbHVibG9jYWwiOjExMjQzLCJpZENsdWJ2aXNpdGEiOjExNTQzfQ==-informe-arbitral-leon-vs-puebla-fc-jornada-11-estadio-la-esmeralda-cancha-sintetica,  2 - 0,  https--www.ligafemenil.mx-cancha-estadio-1789-estadio-la-esmeralda-cancha-sintetica,  La Esmeralda, Cancha Sintética,  https--www.ligafemenil.mx-cancha-galeria-MTI1MzM5LzExLzcyLzIvMTQ=-leon-vs-puebla-fc,  ,  https--www.ligafemenil.mx-cancha-playlist-125339-leon-vs-puebla-fc,  
2021-2022,Clausura,  Jueves 17 de Marzo de 2022-nTemporada 2021-2022-nTorneo Clausura-nJornada 11-n17 Marzo 2022 - 1200 hrs.,  https--www.ligafemenil.mx-cancha-informeArbitral-125338-eyJpZERpdmlzaW9uIjoiMTQiLCJpZFRlbXBvcmFkYSI6IjcyIiwiaWRUb3JuZW8iOiIyIiwiaWRDbHVibG9jYWwiOjExMTg5LCJpZENsdWJ2aXNpdGEiOjExMTg3fQ==-informe-arbitral-necaxa-vs-toluca-jornada-11-estadio-victoria-tudn,  2 - 2,  https--www.ligafemenil.mx-cancha-estadio-15-estadio-victoria,  Victoria,  https--www.ligafemenil.mx-cancha-galeria-MTI1MzM4LzExLzcyLzIvMTQ=-necaxa-vs-toluca,  ,  https--www.ligafemenil.mx-cancha-playlist-125338-necaxa-vs-toluca,  
2021-2022,Clausura,  Jueves 17 de Marzo de 2022-nTemporada 2021-2022-nTorneo Clausura-nJornada 11-n17 Marzo 2022 - 1900 hrs.,  https--www.ligafemenil.mx-cancha-informeArbitral-125340-eyJpZERpdmlzaW9uIjoiMTQiLCJpZFRlbXBvcmFkYSI6IjcyIiwiaWRUb3JuZW8iOiIyIiwiaWRDbHVibG9jYWwiOjExMTkyLCJpZENsdWJ2aXNpdGEiOjExMTg0fQ==-informe-arbitral-santos-laguna-vs-pachuca-jornada-11-estadio-tsm-corona-fox-sports,  0 - 1,  https--www.ligafemenil.mx-cancha-estadio-63-estadio-tsm-corona,  TSM Corona,  https--www.ligafemenil.mx-cancha-galeria-MTI1MzQwLzExLzcyLzIvMTQ=-santos-laguna-vs-pachuca,  ,  https--www.ligafemenil.mx-cancha-playlist-125340-santos-laguna-vs-pachuca,  
2021-2022,Clausura,  Jueves 17 de Marzo de 2022-nTemporada 2021-2022-nTorneo Clausura-nJornada 11-n17 Marzo 2022 - 1900 hrs.,  https--www.ligafemenil.mx-cancha-informeArbitral-125341-eyJpZERpdmlzaW9uIjoiMTQiLCJpZFRlbXBvcmFkYSI6IjcyIiwiaWRUb3JuZW8iOiIyIiwiaWRDbHVibG9jYWwiOjExMTg2LCJpZENsdWJ2aXNpdGEiOjExMTgxfQ==-informe-arbitral-tigres-de-la-uanl-vs-cruz-azul-jornada-11-estadio-universitario-tudn,  4 - 0,  https--www.ligafemenil.mx-cancha-estadio-12-estadio-universitario,  Universitario,  https--www.ligafemenil.mx-cancha-galeria-MTI1MzQxLzExLzcyLzIvMTQ=-tigres-de-la-uanl-vs-cruz-azul,  ,  https--www.ligafemenil.mx-cancha-playlist-125341-tigres-de-la-uanl-vs-cruz-azul,  
2021-2022,Clausura,  Jueves 17 de Marzo de 2022-nTemporada 2021-2022-nTorneo Clausura-nJornada 11-n17 Marzo 2022 - 2100 hrs.,  https--www.ligafemenil.mx-cancha-informeArbitral-125337-eyJpZERpdmlzaW9uIjoiMTQiLCJpZFRlbXBvcmFkYSI6IjcyIiwiaWRUb3JuZW8iOiIyIiwiaWRDbHVibG9jYWwiOjExMTg1LCJpZENsdWJ2aXNpdGEiOjExNzc4fQ==-informe-arbitral-rayados-de-monterrey-vs-club-atletico-de-san-luis-jornada-11-estadio-bbva,  1 - 0,  https--www.ligafemenil.mx-cancha-estadio-1608-estadio-bbva,  Estadio BBVA,  https--www.ligafemenil.mx-cancha-galeria-MTI1MzM3LzExLzcyLzIvMTQ=-rayados-de-monterrey-vs-club-atletico-de-san-luis,  ,  https--www.ligafemenil.mx-cancha-playlist-125337-rayados-de-monterrey-vs-club-atletico-de-san-luis,  
2021-2022,Clausura,  Viernes 18 de Marzo de 2022-nTemporada 2021-2022-nTorneo Clausura-nJornada 11-n18 Marzo 2022 - 1030 hrs.,  https--www.ligafemenil.mx-cancha-informeArbitral-125343-eyJpZERpdmlzaW9uIjoiMTQiLCJpZFRlbXBvcmFkYSI6IjcyIiwiaWRUb3JuZW8iOiIyIiwiaWRDbHVibG9jYWwiOjExMTgyLCJpZENsdWJ2aXNpdGEiOjExMTgwfQ==-informe-arbitral-guadalajara-vs-tijuana-jornada-11-estadio-verde-valle-2-chivas-tv,  3 - 0,  https--www.ligafemenil.mx-cancha-estadio-1554-estadio-verde-valle-2,  Verde Valle 2,  https--www.ligafemenil.mx-cancha-galeria-MTI1MzQzLzExLzcyLzIvMTQ=-guadalajara-vs-tijuana,  ,  https--www.ligafemenil.mx-cancha-playlist-125343-guadalajara-vs-tijuana,  
2021-2022,Clausura,  Viernes 18 de Marzo de 2022-nTemporada 2021-2022-nTorneo Clausura-nJornada 11-n18 Marzo 2022 - 1700 hrs.,  https--www.ligafemenil.mx-cancha-informeArbitral-125342-eyJpZERpdmlzaW9uIjoiMTQiLCJpZFRlbXBvcmFkYSI6IjcyIiwiaWRUb3JuZW8iOiIyIiwiaWRDbHVibG9jYWwiOjExMTg4LCJpZENsdWJ2aXNpdGEiOjExMjQ1fQ==-informe-arbitral-pumas-vs-atlas-jornada-11-estadio-olimpico-universitario-tudn,  0 - 0,  https--www.ligafemenil.mx-cancha-estadio-7-estadio-olimpico-universitario,  Olímpico Universitario,  https--www.ligafemenil.mx-cancha-galeria-MTI1MzQyLzExLzcyLzIvMTQ=-pumas-vs-atlas,  ,  https--www.ligafemenil.mx-cancha-playlist-125342-pumas-vs-atlas,  
2021-2022,Clausura,  Domingo 20 de Marzo de 2022-nTemporada 2021-2022-nTorneo Clausura-nJornada 12-n20 Marzo 2022 - 1700 hrs.,  https--www.ligafemenil.mx-cancha-informeArbitral-125344-eyJpZERpdmlzaW9uIjoiMTQiLCJpZFRlbXBvcmFkYSI6IjcyIiwiaWRUb3JuZW8iOiIyIiwiaWRDbHVibG9jYWwiOjEyMDQyLCJpZENsdWJ2aXNpdGEiOjExMTg5fQ==-informe-arbitral-gallos-blancos-de-queretaro-vs-necaxa-jornada-12-estadio-olimpico-alameda-tvc-deportes,  3 - 0,  https--www.ligafemenil.mx-cancha-estadio-1741-estadio-olimpico-alameda,  Estadio Olímpico Alameda,  https--www.ligafemenil.mx-cancha-galeria-MTI1MzQ0LzEyLzcyLzIvMTQ=-gallos-blancos-de-queretaro-vs-necaxa,  ,  https--www.ligafemenil.mx-cancha-playlist-125344-gallos-blancos-de-queretaro-vs-necaxa,  
2021-2022,Clausura,  Domingo 20 de Marzo de 2022-nTemporada 2021-2022-nTorneo Clausura-nJornada 12-n20 Marzo 2022 - 1700 hrs.,  https--www.ligafemenil.mx-cancha-informeArbitral-125345-eyJpZERpdmlzaW9uIjoiMTQiLCJpZFRlbXBvcmFkYSI6IjcyIiwiaWRUb3JuZW8iOiIyIiwiaWRDbHVibG9jYWwiOjExNzc4LCJpZENsdWJ2aXNpdGEiOjExMTkyfQ==-informe-arbitral-club-atletico-de-san-luis-vs-santos-laguna-jornada-12-estadio-alfonso-lastras-ramirez-espn,  2 - 4,  https--www.ligafemenil.mx-cancha-estadio-14-estadio-alfonso-lastras-ramirez,  Alfonso Lastras Ramírez,  https--www.ligafemenil.mx-cancha-galeria-MTI1MzQ1LzEyLzcyLzIvMTQ=-club-atletico-de-san-luis-vs-santos-laguna,  ,  https--www.ligafemenil.mx-cancha-playlist-125345-club-atletico-de-san-luis-vs-santos-laguna,  
2021-2022,Clausura,  Lunes 21 de Marzo de 2022-nTemporada 2021-2022-nTorneo Clausura-nJornada 12-n21 Marzo 2022 - 1200 hrs.,  https--www.ligafemenil.mx-cancha-informeArbitral-125346-eyJpZERpdmlzaW9uIjoiMTQiLCJpZFRlbXBvcmFkYSI6IjcyIiwiaWRUb3JuZW8iOiIyIiwiaWRDbHVibG9jYWwiOjExMjQ1LCJpZENsdWJ2aXNpdGEiOjExNzk1fQ==-informe-arbitral-atlas-vs-fc-juarez-jornada-12-estadio-jalisco-tvc-deportes,  2 - 1,  https--www.ligafemenil.mx-cancha-estadio-5-estadio-jalisco,  Jalisco,  https--www.ligafemenil.mx-cancha-galeria-MTI1MzQ2LzEyLzcyLzIvMTQ=-atlas-vs-fc-juarez,  ,  https--www.ligafemenil.mx-cancha-playlist-125346-atlas-vs-fc-juarez,  
2021-2022,Clausura,  Lunes 21 de Marzo de 2022-nTemporada 2021-2022-nTorneo Clausura-nJornada 12-n21 Marzo 2022 - 1200 hrs.,  https--www.ligafemenil.mx-cancha-informeArbitral-125347-eyJpZERpdmlzaW9uIjoiMTQiLCJpZFRlbXBvcmFkYSI6IjcyIiwiaWRUb3JuZW8iOiIyIiwiaWRDbHVibG9jYWwiOjExMTgxLCJpZENsdWJ2aXNpdGEiOjExMTg0fQ==-informe-arbitral-cruz-azul-vs-pachuca-jornada-12-estadio-instalaciones-la-noria-cancha-3-sintetica-tudn,  0 - 2,  https--www.ligafemenil.mx-cancha-estadio-67-estadio-instalaciones-la-noria-cancha-3-sintetica,  Instalaciones la Noria Cancha 3 (Sintética),  https--www.ligafemenil.mx-cancha-galeria-MTI1MzQ3LzEyLzcyLzIvMTQ=-cruz-azul-vs-pachuca,  ,  https--www.ligafemenil.mx-cancha-playlist-125347-cruz-azul-vs-pachuca,  
2021-2022,Clausura,  Lunes 21 de Marzo de 2022-nTemporada 2021-2022-nTorneo Clausura-nJornada 12-n21 Marzo 2022 - 1700 hrs.,  https--www.ligafemenil.mx-cancha-informeArbitral-125348-eyJpZERpdmlzaW9uIjoiMTQiLCJpZFRlbXBvcmFkYSI6IjcyIiwiaWRUb3JuZW8iOiIyIiwiaWRDbHVibG9jYWwiOjExMTg3LCJpZENsdWJ2aXNpdGEiOjExMTkxfQ==-informe-arbitral-toluca-vs-america-jornada-12-estadio-nemesio-diez-tudn,  0 - 4,  https--www.ligafemenil.mx-cancha-estadio-6-estadio-nemesio-diez,  Nemesio Diez,  https--www.ligafemenil.mx-cancha-galeria-MTI1MzQ4LzEyLzcyLzIvMTQ=-toluca-vs-america,  ,  https--www.ligafemenil.mx-cancha-playlist-125348-toluca-vs-america,  
2021-2022,Clausura,  Lunes 21 de Marzo de 2022-nTemporada 2021-2022-nTorneo Clausura-nJornada 12-n21 Marzo 2022 - 1900 hrs.,  https--www.ligafemenil.mx-cancha-informeArbitral-125349-eyJpZERpdmlzaW9uIjoiMTQiLCJpZFRlbXBvcmFkYSI6IjcyIiwiaWRUb3JuZW8iOiIyIiwiaWRDbHVibG9jYWwiOjExMTgyLCJpZENsdWJ2aXNpdGEiOjExNTQzfQ==-informe-arbitral-guadalajara-vs-puebla-fc-jornada-12-estadio-akron-fox-sports--chivas-tv,  1 - 0,  https--www.ligafemenil.mx-cancha-estadio-1538-estadio-akron,  Estadio AKRON,  https--www.ligafemenil.mx-cancha-galeria-MTI1MzQ5LzEyLzcyLzIvMTQ=-guadalajara-vs-puebla-fc,  ,  https--www.ligafemenil.mx-cancha-playlist-125349-guadalajara-vs-puebla-fc,  
2021-2022,Clausura,  Lunes 21 de Marzo de 2022-nTemporada 2021-2022-nTorneo Clausura-nJornada 12-n21 Marzo 2022 - 1900 hrs.,  https--www.ligafemenil.mx-cancha-informeArbitral-125350-eyJpZERpdmlzaW9uIjoiMTQiLCJpZFRlbXBvcmFkYSI6IjcyIiwiaWRUb3JuZW8iOiIyIiwiaWRDbHVibG9jYWwiOjExMTg2LCJpZENsdWJ2aXNpdGEiOjExMjQzfQ==-informe-arbitral-tigres-de-la-uanl-vs-leon-jornada-12-estadio-universitario-tudn,  6 - 0,  https--www.ligafemenil.mx-cancha-estadio-12-estadio-universitario,  Universitario,  https--www.ligafemenil.mx-cancha-galeria-MTI1MzUwLzEyLzcyLzIvMTQ=-tigres-de-la-uanl-vs-leon,  ,  https--www.ligafemenil.mx-cancha-playlist-125350-tigres-de-la-uanl-vs-leon,  
2021-2022,Clausura,  Lunes 21 de Marzo de 2022-nTemporada 2021-2022-nTorneo Clausura-nJornada 12-n21 Marzo 2022 - 1900 hrs.,  https--www.ligafemenil.mx-cancha-informeArbitral-125351-eyJpZERpdmlzaW9uIjoiMTQiLCJpZFRlbXBvcmFkYSI6IjcyIiwiaWRUb3JuZW8iOiIyIiwiaWRDbHVibG9jYWwiOjEyMDUxLCJpZENsdWJ2aXNpdGEiOjExMTg4fQ==-informe-arbitral-mazatlan-fc-vs-pumas-jornada-12-estadio-mazatlan-tvp,  0 - 2,  https--www.ligafemenil.mx-cancha-estadio-1697-estadio-mazatlan,  Estadio Mazatlán,  https--www.ligafemenil.mx-cancha-galeria-MTI1MzUxLzEyLzcyLzIvMTQ=-mazatlan-fc-vs-pumas,  ,  https--www.ligafemenil.mx-cancha-playlist-125351-mazatlan-fc-vs-pumas,  
2021-2022,Clausura,  Lunes 21 de Marzo de 2022-nTemporada 2021-2022-nTorneo Clausura-nJornada 12-n21 Marzo 2022 - 2000 hrs.,  https--www.ligafemenil.mx-cancha-informeArbitral-125352-eyJpZERpdmlzaW9uIjoiMTQiLCJpZFRlbXBvcmFkYSI6IjcyIiwiaWRUb3JuZW8iOiIyIiwiaWRDbHVibG9jYWwiOjExMTgwLCJpZENsdWJ2aXNpdGEiOjExMTg1fQ==-informe-arbitral-tijuana-vs-rayados-de-monterrey-jornada-12-estadio-caliente-fox-sports,  2 - 0,  https--www.ligafemenil.mx-cancha-estadio-48-estadio-caliente,  Caliente,  https--www.ligafemenil.mx-cancha-galeria-MTI1MzUyLzEyLzcyLzIvMTQ=-tijuana-vs-rayados-de-monterrey,  ,  https--www.ligafemenil.mx-cancha-playlist-125352-tijuana-vs-rayados-de-monterrey,  
2021-2022,Clausura,  Sábado 26 de Marzo de 2022-nTemporada 2021-2022-nTorneo Clausura-nJornada 13-n26 Marzo 2022 - 1200 hrs.,  https--www.ligafemenil.mx-cancha-informeArbitral-125353-eyJpZERpdmlzaW9uIjoiMTQiLCJpZFRlbXBvcmFkYSI6IjcyIiwiaWRUb3JuZW8iOiIyIiwiaWRDbHVibG9jYWwiOjExMTgxLCJpZENsdWJ2aXNpdGEiOjExMjQ1fQ==-informe-arbitral-cruz-azul-vs-atlas-jornada-13-estadio-instalaciones-la-noria-cancha-3-sintetica-tudn,  2 - 1,  https--www.ligafemenil.mx-cancha-estadio-67-estadio-instalaciones-la-noria-cancha-3-sintetica,  Instalaciones la Noria Cancha 3 (Sintética),  https--www.ligafemenil.mx-cancha-galeria-MTI1MzUzLzEzLzcyLzIvMTQ=-cruz-azul-vs-atlas,  ,  https--www.ligafemenil.mx-cancha-playlist-125353-cruz-azul-vs-atlas,  
2021-2022,Clausura,  Sábado 26 de Marzo de 2022-nTemporada 2021-2022-nTorneo Clausura-nJornada 13-n26 Marzo 2022 - 1900 hrs.,  https--www.ligafemenil.mx-cancha-informeArbitral-125354-eyJpZERpdmlzaW9uIjoiMTQiLCJpZFRlbXBvcmFkYSI6IjcyIiwiaWRUb3JuZW8iOiIyIiwiaWRDbHVibG9jYWwiOjExNzk1LCJpZENsdWJ2aXNpdGEiOjExMTg4fQ==-informe-arbitral-fc-juarez-vs-pumas-jornada-13-estadio-olimpico-benito-juarez-tudn,  1 - 0,  https--www.ligafemenil.mx-cancha-estadio-17-estadio-olimpico-benito-juarez,  Olímpico Benito Juárez,  https--www.ligafemenil.mx-cancha-galeria-MTI1MzU0LzEzLzcyLzIvMTQ=-fc-juarez-vs-pumas,  ,  https--www.ligafemenil.mx-cancha-playlist-125354-fc-juarez-vs-pumas,  
2021-2022,Clausura,  Domingo 27 de Marzo de 2022-nTemporada 2021-2022-nTorneo Clausura-nJornada 13-n27 Marzo 2022 - 1000 hrs.,  https--www.ligafemenil.mx-cancha-informeArbitral-125355-eyJpZERpdmlzaW9uIjoiMTQiLCJpZFRlbXBvcmFkYSI6IjcyIiwiaWRUb3JuZW8iOiIyIiwiaWRDbHVibG9jYWwiOjExMTg1LCJpZENsdWJ2aXNpdGEiOjExMTkyfQ==-informe-arbitral-rayados-de-monterrey-vs-santos-laguna-jornada-13-estadio-el-barrial,  3 - 1,  https--www.ligafemenil.mx-cancha-estadio-675-estadio-el-barrial,  El Barrial,  https--www.ligafemenil.mx-cancha-galeria-MTI1MzU1LzEzLzcyLzIvMTQ=-rayados-de-monterrey-vs-santos-laguna,  ,  https--www.ligafemenil.mx-cancha-playlist-125355-rayados-de-monterrey-vs-santos-laguna,  
2021-2022,Clausura,  Domingo 27 de Marzo de 2022-nTemporada 2021-2022-nTorneo Clausura-nJornada 13-n27 Marzo 2022 - 1200 hrs.,  https--www.ligafemenil.mx-cancha-informeArbitral-125356-eyJpZERpdmlzaW9uIjoiMTQiLCJpZFRlbXBvcmFkYSI6IjcyIiwiaWRUb3JuZW8iOiIyIiwiaWRDbHVibG9jYWwiOjExNTQzLCJpZENsdWJ2aXNpdGEiOjExMTkxfQ==-informe-arbitral-puebla-fc-vs-america-jornada-13-estadio-cuauhtemoc-tvc-deportes,  1 - 1,  https--www.ligafemenil.mx-cancha-estadio-9-estadio-cuauhtemoc,  Cuauhtémoc,  https--www.ligafemenil.mx-cancha-galeria-MTI1MzU2LzEzLzcyLzIvMTQ=-puebla-fc-vs-america,  ,  https--www.ligafemenil.mx-cancha-playlist-125356-puebla-fc-vs-america,  
2021-2022,Clausura,  Domingo 27 de Marzo de 2022-nTemporada 2021-2022-nTorneo Clausura-nJornada 13-n27 Marzo 2022 - 1700 hrs.,  https--www.ligafemenil.mx-cancha-informeArbitral-125357-eyJpZERpdmlzaW9uIjoiMTQiLCJpZFRlbXBvcmFkYSI6IjcyIiwiaWRUb3JuZW8iOiIyIiwiaWRDbHVibG9jYWwiOjExNzc4LCJpZENsdWJ2aXNpdGEiOjExMTg2fQ==-informe-arbitral-club-atletico-de-san-luis-vs-tigres-de-la-uanl-jornada-13-estadio-alfonso-lastras-ramirez-espn,  0 - 6,  https--www.ligafemenil.mx-cancha-estadio-14-estadio-alfonso-lastras-ramirez,  Alfonso Lastras Ramírez,  https--www.ligafemenil.mx-cancha-galeria-MTI1MzU3LzEzLzcyLzIvMTQ=-club-atletico-de-san-luis-vs-tigres-de-la-uanl,  ,  https--www.ligafemenil.mx-cancha-playlist-125357-club-atletico-de-san-luis-vs-tigres-de-la-uanl,  
2021-2022,Clausura,  Lunes 28 de Marzo de 2022-nTemporada 2021-2022-nTorneo Clausura-nJornada 13-n28 Marzo 2022 - 1600 hrs.,  https--www.ligafemenil.mx-cancha-informeArbitral-125358-eyJpZERpdmlzaW9uIjoiMTQiLCJpZFRlbXBvcmFkYSI6IjcyIiwiaWRUb3JuZW8iOiIyIiwiaWRDbHVibG9jYWwiOjExMTg3LCJpZENsdWJ2aXNpdGEiOjEyMDQyfQ==-informe-arbitral-toluca-vs-gallos-blancos-de-queretaro-jornada-13-estadio-nemesio-diez-tudn,  3 - 0,  https--www.ligafemenil.mx-cancha-estadio-6-estadio-nemesio-diez,  Nemesio Diez,  https--www.ligafemenil.mx-cancha-galeria-MTI1MzU4LzEzLzcyLzIvMTQ=-toluca-vs-gallos-blancos-de-queretaro,  ,  https--www.ligafemenil.mx-cancha-playlist-125358-toluca-vs-gallos-blancos-de-queretaro,  
2021-2022,Clausura,  Lunes 28 de Marzo de 2022-nTemporada 2021-2022-nTorneo Clausura-nJornada 13-n28 Marzo 2022 - 1900 hrs.,  https--www.ligafemenil.mx-cancha-informeArbitral-125359-eyJpZERpdmlzaW9uIjoiMTQiLCJpZFRlbXBvcmFkYSI6IjcyIiwiaWRUb3JuZW8iOiIyIiwiaWRDbHVibG9jYWwiOjExMTg0LCJpZENsdWJ2aXNpdGEiOjEyMDUxfQ==-informe-arbitral-pachuca-vs-mazatlan-fc-jornada-13-estadio-hidalgo-fox-sports,  5 - 0,  https--www.ligafemenil.mx-cancha-estadio-11-estadio-hidalgo,  Hidalgo,  https--www.ligafemenil.mx-cancha-galeria-MTI1MzU5LzEzLzcyLzIvMTQ=-pachuca-vs-mazatlan-fc,  ,  https--www.ligafemenil.mx-cancha-playlist-125359-pachuca-vs-mazatlan-fc,  
2021-2022,Clausura,  Lunes 28 de Marzo de 2022-nTemporada 2021-2022-nTorneo Clausura-nJornada 13-n28 Marzo 2022 - 2100 hrs.,  https--www.ligafemenil.mx-cancha-informeArbitral-125360-eyJpZERpdmlzaW9uIjoiMTQiLCJpZFRlbXBvcmFkYSI6IjcyIiwiaWRUb3JuZW8iOiIyIiwiaWRDbHVibG9jYWwiOjExMjQzLCJpZENsdWJ2aXNpdGEiOjExMTgyfQ==-informe-arbitral-leon-vs-guadalajara-jornada-13-estadio-nou-camp-fox-sports,  0 - 2,  https--www.ligafemenil.mx-cancha-estadio-23-estadio-nou-camp,  Nou Camp,  https--www.ligafemenil.mx-cancha-galeria-MTI1MzYwLzEzLzcyLzIvMTQ=-leon-vs-guadalajara,  ,  https--www.ligafemenil.mx-cancha-playlist-125360-leon-vs-guadalajara,  
2021-2022,Clausura,  Lunes 28 de Marzo de 2022-nTemporada 2021-2022-nTorneo Clausura-nJornada 13-n28 Marzo 2022 - 2000 hrs.,  https--www.ligafemenil.mx-cancha-informeArbitral-125361-eyJpZERpdmlzaW9uIjoiMTQiLCJpZFRlbXBvcmFkYSI6IjcyIiwiaWRUb3JuZW8iOiIyIiwiaWRDbHVibG9jYWwiOjExMTgwLCJpZENsdWJ2aXNpdGEiOjExMTg5fQ==-informe-arbitral-tijuana-vs-necaxa-jornada-13-estadio-caliente,  1 - 1,  https--www.ligafemenil.mx-cancha-estadio-48-estadio-caliente,  Caliente,  https--www.ligafemenil.mx-cancha-galeria-MTI1MzYxLzEzLzcyLzIvMTQ=-tijuana-vs-necaxa,  ,  https--www.ligafemenil.mx-cancha-playlist-125361-tijuana-vs-necaxa,  
2021-2022,Clausura,  Jueves 31 de Marzo de 2022-nTemporada 2021-2022-nTorneo Clausura-nJornada 14-n31 Marzo 2022 - 1600 hrs.,  https--www.ligafemenil.mx-cancha-informeArbitral-125362-eyJpZERpdmlzaW9uIjoiMTQiLCJpZFRlbXBvcmFkYSI6IjcyIiwiaWRUb3JuZW8iOiIyIiwiaWRDbHVibG9jYWwiOjExMTg5LCJpZENsdWJ2aXNpdGEiOjExNzc4fQ==-informe-arbitral-necaxa-vs-club-atletico-de-san-luis-jornada-14-estadio-victoria-tudn,  1 - 2,  https--www.ligafemenil.mx-cancha-estadio-15-estadio-victoria,  Victoria,  https--www.ligafemenil.mx-cancha-galeria-MTI1MzYyLzE0LzcyLzIvMTQ=-necaxa-vs-club-atletico-de-san-luis,  ,  https--www.ligafemenil.mx-cancha-playlist-125362-necaxa-vs-club-atletico-de-san-luis,  
2021-2022,Clausura,  Jueves 31 de Marzo de 2022-nTemporada 2021-2022-nTorneo Clausura-nJornada 14-n31 Marzo 2022 - 2100 hrs.,  https--www.ligafemenil.mx-cancha-informeArbitral-125363-eyJpZERpdmlzaW9uIjoiMTQiLCJpZFRlbXBvcmFkYSI6IjcyIiwiaWRUb3JuZW8iOiIyIiwiaWRDbHVibG9jYWwiOjExMjQzLCJpZENsdWJ2aXNpdGEiOjExMTgxfQ==-informe-arbitral-leon-vs-cruz-azul-jornada-14-estadio-nou-camp-fox-sports,  2 - 3,  https--www.ligafemenil.mx-cancha-estadio-23-estadio-nou-camp,  Nou Camp,  https--www.ligafemenil.mx-cancha-galeria-MTI1MzYzLzE0LzcyLzIvMTQ=-leon-vs-cruz-azul,  ,  https--www.ligafemenil.mx-cancha-playlist-125363-leon-vs-cruz-azul,  
2021-2022,Clausura,  Jueves 31 de Marzo de 2022-nTemporada 2021-2022-nTorneo Clausura-nJornada 14-n31 Marzo 2022 - 2100 hrs.,  https--www.ligafemenil.mx-cancha-informeArbitral-125365-eyJpZERpdmlzaW9uIjoiMTQiLCJpZFRlbXBvcmFkYSI6IjcyIiwiaWRUb3JuZW8iOiIyIiwiaWRDbHVibG9jYWwiOjExMTkyLCJpZENsdWJ2aXNpdGEiOjExNTQzfQ==-informe-arbitral-santos-laguna-vs-puebla-fc-jornada-14-estadio-tsm-corona,  0 - 0,  https--www.ligafemenil.mx-cancha-estadio-63-estadio-tsm-corona,  TSM Corona,  https--www.ligafemenil.mx-cancha-galeria-MTI1MzY1LzE0LzcyLzIvMTQ=-santos-laguna-vs-puebla-fc,  ,  https--www.ligafemenil.mx-cancha-playlist-125365-santos-laguna-vs-puebla-fc,  
2021-2022,Clausura,  Viernes 1 de Abril de 2022-nTemporada 2021-2022-nTorneo Clausura-nJornada 14-n1 Abril 2022 - 1545 hrs.,  https--www.ligafemenil.mx-cancha-informeArbitral-125366-eyJpZERpdmlzaW9uIjoiMTQiLCJpZFRlbXBvcmFkYSI6IjcyIiwiaWRUb3JuZW8iOiIyIiwiaWRDbHVibG9jYWwiOjExMTkxLCJpZENsdWJ2aXNpdGEiOjExNzk1fQ==-informe-arbitral-america-vs-fc-juarez-jornada-14-estadio-cancha-centenario-no-5-natural-instalaciones-club-america-tudn,  2 - 1,  https--www.ligafemenil.mx-cancha-estadio-1421-estadio-cancha-centenario-no-5-natural-instalaciones-club-america,  Cancha Centenario No. 5 (Natural) Instalaciones Club América,  https--www.ligafemenil.mx-cancha-galeria-MTI1MzY2LzE0LzcyLzIvMTQ=-america-vs-fc-juarez,  ,  https--www.ligafemenil.mx-cancha-playlist-125366-america-vs-fc-juarez,  
2021-2022,Clausura,  Viernes 1 de Abril de 2022-nTemporada 2021-2022-nTorneo Clausura-nJornada 14-n1 Abril 2022 - 1700 hrs.,  https--www.ligafemenil.mx-cancha-informeArbitral-125367-eyJpZERpdmlzaW9uIjoiMTQiLCJpZFRlbXBvcmFkYSI6IjcyIiwiaWRUb3JuZW8iOiIyIiwiaWRDbHVibG9jYWwiOjEyMDQyLCJpZENsdWJ2aXNpdGEiOjExMTgwfQ==-informe-arbitral-gallos-blancos-de-queretaro-vs-tijuana-jornada-14-estadio-olimpico-alameda-tvc-deportes,  0 - 2,  https--www.ligafemenil.mx-cancha-estadio-1741-estadio-olimpico-alameda,  Estadio Olímpico Alameda,  https--www.ligafemenil.mx-cancha-galeria-MTI1MzY3LzE0LzcyLzIvMTQ=-gallos-blancos-de-queretaro-vs-tijuana,  ,  https--www.ligafemenil.mx-cancha-playlist-125367-gallos-blancos-de-queretaro-vs-tijuana,  
2021-2022,Clausura,  Sábado 2 de Abril de 2022-nTemporada 2021-2022-nTorneo Clausura-nJornada 14-n2 Abril 2022 - 1200 hrs.,  https--www.ligafemenil.mx-cancha-informeArbitral-125369-eyJpZERpdmlzaW9uIjoiMTQiLCJpZFRlbXBvcmFkYSI6IjcyIiwiaWRUb3JuZW8iOiIyIiwiaWRDbHVibG9jYWwiOjExMjQ1LCJpZENsdWJ2aXNpdGEiOjExMTg3fQ==-informe-arbitral-atlas-vs-toluca-jornada-14-estadio-jalisco-tvc-deportes,  3 - 2,  https--www.ligafemenil.mx-cancha-estadio-5-estadio-jalisco,  Jalisco,  https--www.ligafemenil.mx-cancha-galeria-MTI1MzY5LzE0LzcyLzIvMTQ=-atlas-vs-toluca,  ,  https--www.ligafemenil.mx-cancha-playlist-125369-atlas-vs-toluca,  
2021-2022,Clausura,  Sábado 2 de Abril de 2022-nTemporada 2021-2022-nTorneo Clausura-nJornada 14-n2 Abril 2022 - 1200 hrs.,  https--www.ligafemenil.mx-cancha-informeArbitral-125370-eyJpZERpdmlzaW9uIjoiMTQiLCJpZFRlbXBvcmFkYSI6IjcyIiwiaWRUb3JuZW8iOiIyIiwiaWRDbHVibG9jYWwiOjExMTg4LCJpZENsdWJ2aXNpdGEiOjExMTg2fQ==-informe-arbitral-pumas-vs-tigres-de-la-uanl-jornada-14-estadio-olimpico-universitario-tudn,  0 - 1,  https--www.ligafemenil.mx-cancha-estadio-7-estadio-olimpico-universitario,  Olímpico Universitario,  https--www.ligafemenil.mx-cancha-galeria-MTI1MzcwLzE0LzcyLzIvMTQ=-pumas-vs-tigres-de-la-uanl,  ,  https--www.ligafemenil.mx-cancha-playlist-125370-pumas-vs-tigres-de-la-uanl,  
2021-2022,Clausura,  Domingo 3 de Abril de 2022-nTemporada 2021-2022-nTorneo Clausura-nJornada 14-n3 Abril 2022 - 1800 hrs.,  https--www.ligafemenil.mx-cancha-informeArbitral-125368-eyJpZERpdmlzaW9uIjoiMTQiLCJpZFRlbXBvcmFkYSI6IjcyIiwiaWRUb3JuZW8iOiIyIiwiaWRDbHVibG9jYWwiOjEyMDUxLCJpZENsdWJ2aXNpdGEiOjExMTgyfQ==-informe-arbitral-mazatlan-fc-vs-guadalajara-jornada-14-estadio-mazatlan-tvp,  0 - 1,  https--www.ligafemenil.mx-cancha-estadio-1697-estadio-mazatlan,  Estadio Mazatlán,  https--www.ligafemenil.mx-cancha-galeria-MTI1MzY4LzE0LzcyLzIvMTQ=-mazatlan-fc-vs-guadalajara,  ,  https--www.ligafemenil.mx-cancha-playlist-125368-mazatlan-fc-vs-guadalajara,  
2021-2022,Clausura,  Domingo 3 de Abril de 2022-nTemporada 2021-2022-nTorneo Clausura-nJornada 14-n3 Abril 2022 - 1900 hrs.,  https--www.ligafemenil.mx-cancha-informeArbitral-125364-eyJpZERpdmlzaW9uIjoiMTQiLCJpZFRlbXBvcmFkYSI6IjcyIiwiaWRUb3JuZW8iOiIyIiwiaWRDbHVibG9jYWwiOjExMTg1LCJpZENsdWJ2aXNpdGEiOjExMTg0fQ==-informe-arbitral-rayados-de-monterrey-vs-pachuca-jornada-14-estadio-bbva-fox-sports,  5 - 0,  https--www.ligafemenil.mx-cancha-estadio-1608-estadio-bbva,  Estadio BBVA,  https--www.ligafemenil.mx-cancha-galeria-MTI1MzY0LzE0LzcyLzIvMTQ=-rayados-de-monterrey-vs-pachuca,  ,  https--www.ligafemenil.mx-cancha-playlist-125364-rayados-de-monterrey-vs-pachuca,  
2021-2022,Clausura,  Jueves 7 de Abril de 2022-nTemporada 2021-2022-nTorneo Clausura-nJornada 10-n7 Abril 2022 - 1700 hrs.,  https--www.ligafemenil.mx-cancha-informeArbitral-125326-eyJpZERpdmlzaW9uIjoiMTQiLCJpZFRlbXBvcmFkYSI6IjcyIiwiaWRUb3JuZW8iOiIyIiwiaWRDbHVibG9jYWwiOjEyMDQyLCJpZENsdWJ2aXNpdGEiOjExMjQ1fQ==-informe-arbitral-gallos-blancos-de-queretaro-vs-atlas-jornada-10-estadio-olimpico-alameda-tvc-deportes,  1 - 3,  https--www.ligafemenil.mx-cancha-estadio-1741-estadio-olimpico-alameda,  Estadio Olímpico Alameda,  https--www.ligafemenil.mx-cancha-galeria-MTI1MzI2LzEwLzcyLzIvMTQ=-gallos-blancos-de-queretaro-vs-atlas,  ,  https--www.ligafemenil.mx-cancha-playlist-125326-gallos-blancos-de-queretaro-vs-atlas,  
2021-2022,Clausura,  Domingo 10 de Abril de 2022-nTemporada 2021-2022-nTorneo Clausura-nJornada 9-n10 Abril 2022 - 1900 hrs.,  https--www.ligafemenil.mx-cancha-informeArbitral-125323-eyJpZERpdmlzaW9uIjoiMTQiLCJpZFRlbXBvcmFkYSI6IjcyIiwiaWRUb3JuZW8iOiIyIiwiaWRDbHVibG9jYWwiOjExMjQzLCJpZENsdWJ2aXNpdGEiOjExMTg1fQ==-informe-arbitral-leon-vs-rayados-de-monterrey-jornada-9-estadio-nou-camp,  1 - 6,  https--www.ligafemenil.mx-cancha-estadio-23-estadio-nou-camp,  Nou Camp,  https--www.ligafemenil.mx-cancha-galeria-MTI1MzIzLzkvNzIvMi8xNA==-leon-vs-rayados-de-monterrey,  ,  https--www.ligafemenil.mx-cancha-playlist-125323-leon-vs-rayados-de-monterrey,  
2021-2022,Clausura,  Lunes 11 de Abril de 2022-nTemporada 2021-2022-nTorneo Clausura-nJornada 9-n11 Abril 2022 - 1700 hrs.,  https--www.ligafemenil.mx-cancha-informeArbitral-125320-eyJpZERpdmlzaW9uIjoiMTQiLCJpZFRlbXBvcmFkYSI6IjcyIiwiaWRUb3JuZW8iOiIyIiwiaWRDbHVibG9jYWwiOjExNzc4LCJpZENsdWJ2aXNpdGEiOjExNTQzfQ==-informe-arbitral-club-atletico-de-san-luis-vs-puebla-fc-jornada-9-estadio-alfonso-lastras-ramirez-espn,  3 - 1,  https--www.ligafemenil.mx-cancha-estadio-14-estadio-alfonso-lastras-ramirez,  Alfonso Lastras Ramírez,  https--www.ligafemenil.mx-cancha-galeria-MTI1MzIwLzkvNzIvMi8xNA==-club-atletico-de-san-luis-vs-puebla-fc,  ,  https--www.ligafemenil.mx-cancha-playlist-125320-club-atletico-de-san-luis-vs-puebla-fc,  
2021-2022,Clausura,  Lunes 11 de Abril de 2022-nTemporada 2021-2022-nTorneo Clausura-nJornada 9-n11 Abril 2022 - 1700 hrs.,  https--www.ligafemenil.mx-cancha-informeArbitral-125321-eyJpZERpdmlzaW9uIjoiMTQiLCJpZFRlbXBvcmFkYSI6IjcyIiwiaWRUb3JuZW8iOiIyIiwiaWRDbHVibG9jYWwiOjExMTg3LCJpZENsdWJ2aXNpdGEiOjExMTgxfQ==-informe-arbitral-toluca-vs-cruz-azul-jornada-9-estadio-nemesio-diez-tudn,  3 - 1,  https--www.ligafemenil.mx-cancha-estadio-6-estadio-nemesio-diez,  Nemesio Diez,  https--www.ligafemenil.mx-cancha-galeria-MTI1MzIxLzkvNzIvMi8xNA==-toluca-vs-cruz-azul,  ,  https--www.ligafemenil.mx-cancha-playlist-125321-toluca-vs-cruz-azul,  
2021-2022,Clausura,  Lunes 11 de Abril de 2022-nTemporada 2021-2022-nTorneo Clausura-nJornada 9-n11 Abril 2022 - 1700 hrs.,  https--www.ligafemenil.mx-cancha-informeArbitral-125322-eyJpZERpdmlzaW9uIjoiMTQiLCJpZFRlbXBvcmFkYSI6IjcyIiwiaWRUb3JuZW8iOiIyIiwiaWRDbHVibG9jYWwiOjExMTgyLCJpZENsdWJ2aXNpdGEiOjExNzk1fQ==-informe-arbitral-guadalajara-vs-fc-juarez-jornada-9-estadio-akron-fox-sports--chivas-tv,  0 - 0,  https--www.ligafemenil.mx-cancha-estadio-1538-estadio-akron,  Estadio AKRON,  https--www.ligafemenil.mx-cancha-galeria-MTI1MzIyLzkvNzIvMi8xNA==-guadalajara-vs-fc-juarez,  ,  https--www.ligafemenil.mx-cancha-playlist-125322-guadalajara-vs-fc-juarez,  
2021-2022,Clausura,  Lunes 11 de Abril de 2022-nTemporada 2021-2022-nTorneo Clausura-nJornada 9-n11 Abril 2022 - 1900 hrs.,  https--www.ligafemenil.mx-cancha-informeArbitral-125325-eyJpZERpdmlzaW9uIjoiMTQiLCJpZFRlbXBvcmFkYSI6IjcyIiwiaWRUb3JuZW8iOiIyIiwiaWRDbHVibG9jYWwiOjExMTkyLCJpZENsdWJ2aXNpdGEiOjExMTkxfQ==-informe-arbitral-santos-laguna-vs-america-jornada-9-estadio-tsm-corona-fox-sports,  0 - 3,  https--www.ligafemenil.mx-cancha-estadio-63-estadio-tsm-corona,  TSM Corona,  https--www.ligafemenil.mx-cancha-galeria-MTI1MzI1LzkvNzIvMi8xNA==-santos-laguna-vs-america,  ,  https--www.ligafemenil.mx-cancha-playlist-125325-santos-laguna-vs-america,  
2021-2022,Clausura,  Jueves 14 de Abril de 2022-nTemporada 2021-2022-nTorneo Clausura-nJornada 9-n14 Abril 2022 - 2100 hrs.,  https--www.ligafemenil.mx-cancha-informeArbitral-125324-eyJpZERpdmlzaW9uIjoiMTQiLCJpZFRlbXBvcmFkYSI6IjcyIiwiaWRUb3JuZW8iOiIyIiwiaWRDbHVibG9jYWwiOjExMTg2LCJpZENsdWJ2aXNpdGEiOjEyMDQyfQ==-informe-arbitral-tigres-de-la-uanl-vs-gallos-blancos-de-queretaro-jornada-9-estadio-universitario-tudn,  0 - 0,  https--www.ligafemenil.mx-cancha-estadio-12-estadio-universitario,  Universitario,  https--www.ligafemenil.mx-cancha-galeria-MTI1MzI0LzkvNzIvMi8xNA==-tigres-de-la-uanl-vs-gallos-blancos-de-queretaro,  ,  https--www.ligafemenil.mx-cancha-playlist-125324-tigres-de-la-uanl-vs-gallos-blancos-de-queretaro,  
2021-2022,Clausura,  Sábado 16 de Abril de 2022-nTemporada 2021-2022-nTorneo Clausura-nJornada 15-n16 Abril 2022 - 1200 hrs.,  https--www.ligafemenil.mx-cancha-informeArbitral-125371-eyJpZERpdmlzaW9uIjoiMTQiLCJpZFRlbXBvcmFkYSI6IjcyIiwiaWRUb3JuZW8iOiIyIiwiaWRDbHVibG9jYWwiOjExMTgxLCJpZENsdWJ2aXNpdGEiOjExMTg1fQ==-informe-arbitral-cruz-azul-vs-rayados-de-monterrey-jornada-15-estadio-instalaciones-la-noria-cancha-3-sintetica-tudn,  1 - 3,  https--www.ligafemenil.mx-cancha-estadio-67-estadio-instalaciones-la-noria-cancha-3-sintetica,  Instalaciones la Noria Cancha 3 (Sintética),  https--www.ligafemenil.mx-cancha-galeria-MTI1MzcxLzE1LzcyLzIvMTQ=-cruz-azul-vs-rayados-de-monterrey,  ,  https--www.ligafemenil.mx-cancha-playlist-125371-cruz-azul-vs-rayados-de-monterrey,  
2021-2022,Clausura,  Sábado 16 de Abril de 2022-nTemporada 2021-2022-nTorneo Clausura-nJornada 15-n16 Abril 2022 - 1700 hrs.,  https--www.ligafemenil.mx-cancha-informeArbitral-125374-eyJpZERpdmlzaW9uIjoiMTQiLCJpZFRlbXBvcmFkYSI6IjcyIiwiaWRUb3JuZW8iOiIyIiwiaWRDbHVibG9jYWwiOjExNzc4LCJpZENsdWJ2aXNpdGEiOjExMjQzfQ==-informe-arbitral-club-atletico-de-san-luis-vs-leon-jornada-15-estadio-alfonso-lastras-ramirez-espn,  4 - 0,  https--www.ligafemenil.mx-cancha-estadio-14-estadio-alfonso-lastras-ramirez,  Alfonso Lastras Ramírez,  https--www.ligafemenil.mx-cancha-galeria-MTI1Mzc0LzE1LzcyLzIvMTQ=-club-atletico-de-san-luis-vs-leon,  ,  https--www.ligafemenil.mx-cancha-playlist-125374-club-atletico-de-san-luis-vs-leon,  
2021-2022,Clausura,  Domingo 17 de Abril de 2022-nTemporada 2021-2022-nTorneo Clausura-nJornada 15-n17 Abril 2022 - 1200 hrs.,  https--www.ligafemenil.mx-cancha-informeArbitral-125373-eyJpZERpdmlzaW9uIjoiMTQiLCJpZFRlbXBvcmFkYSI6IjcyIiwiaWRUb3JuZW8iOiIyIiwiaWRDbHVibG9jYWwiOjExNTQzLCJpZENsdWJ2aXNpdGEiOjExMTg5fQ==-informe-arbitral-puebla-fc-vs-necaxa-jornada-15-estadio-cuauhtemoc-tvc-deportes,  0 - 1,  https--www.ligafemenil.mx-cancha-estadio-9-estadio-cuauhtemoc,  Cuauhtémoc,  https--www.ligafemenil.mx-cancha-galeria-MTI1MzczLzE1LzcyLzIvMTQ=-puebla-fc-vs-necaxa,  ,  https--www.ligafemenil.mx-cancha-playlist-125373-puebla-fc-vs-necaxa,  
2021-2022,Clausura,  Domingo 17 de Abril de 2022-nTemporada 2021-2022-nTorneo Clausura-nJornada 15-n17 Abril 2022 - 1700 hrs.,  https--www.ligafemenil.mx-cancha-informeArbitral-125375-eyJpZERpdmlzaW9uIjoiMTQiLCJpZFRlbXBvcmFkYSI6IjcyIiwiaWRUb3JuZW8iOiIyIiwiaWRDbHVibG9jYWwiOjExNzk1LCJpZENsdWJ2aXNpdGEiOjEyMDQyfQ==-informe-arbitral-fc-juarez-vs-gallos-blancos-de-queretaro-jornada-15-estadio-complejo-bravo-tudn,  2 - 1,  https--www.ligafemenil.mx-cancha-estadio-1503-estadio-complejo-bravo,  Complejo Bravo,  https--www.ligafemenil.mx-cancha-galeria-MTI1Mzc1LzE1LzcyLzIvMTQ=-fc-juarez-vs-gallos-blancos-de-queretaro,  ,  https--www.ligafemenil.mx-cancha-playlist-125375-fc-juarez-vs-gallos-blancos-de-queretaro,  
2021-2022,Clausura,  Lunes 18 de Abril de 2022-nTemporada 2021-2022-nTorneo Clausura-nJornada 15-n18 Abril 2022 - 1700 hrs.,  https--www.ligafemenil.mx-cancha-informeArbitral-125376-eyJpZERpdmlzaW9uIjoiMTQiLCJpZFRlbXBvcmFkYSI6IjcyIiwiaWRUb3JuZW8iOiIyIiwiaWRDbHVibG9jYWwiOjExMTg3LCJpZENsdWJ2aXNpdGEiOjEyMDUxfQ==-informe-arbitral-toluca-vs-mazatlan-fc-jornada-15-estadio-nemesio-diez-tudn,  2 - 0,  https--www.ligafemenil.mx-cancha-estadio-6-estadio-nemesio-diez,  Nemesio Diez,  https--www.ligafemenil.mx-cancha-galeria-MTI1Mzc2LzE1LzcyLzIvMTQ=-toluca-vs-mazatlan-fc,  ,  https--www.ligafemenil.mx-cancha-playlist-125376-toluca-vs-mazatlan-fc,  
2021-2022,Clausura,  Lunes 18 de Abril de 2022-nTemporada 2021-2022-nTorneo Clausura-nJornada 15-n18 Abril 2022 - 1700 hrs.,  https--www.ligafemenil.mx-cancha-informeArbitral-125372-eyJpZERpdmlzaW9uIjoiMTQiLCJpZFRlbXBvcmFkYSI6IjcyIiwiaWRUb3JuZW8iOiIyIiwiaWRDbHVibG9jYWwiOjExMTgyLCJpZENsdWJ2aXNpdGEiOjExMTg4fQ==-informe-arbitral-guadalajara-vs-pumas-jornada-15-estadio-akron-chivas-tv,  2 - 1,  https--www.ligafemenil.mx-cancha-estadio-1538-estadio-akron,  Estadio AKRON,  https--www.ligafemenil.mx-cancha-galeria-MTI1MzcyLzE1LzcyLzIvMTQ=-guadalajara-vs-pumas,  ,  https--www.ligafemenil.mx-cancha-playlist-125372-guadalajara-vs-pumas,  
2021-2022,Clausura,  Lunes 18 de Abril de 2022-nTemporada 2021-2022-nTorneo Clausura-nJornada 15-n18 Abril 2022 - 1900 hrs.,  https--www.ligafemenil.mx-cancha-informeArbitral-125377-eyJpZERpdmlzaW9uIjoiMTQiLCJpZFRlbXBvcmFkYSI6IjcyIiwiaWRUb3JuZW8iOiIyIiwiaWRDbHVibG9jYWwiOjExMTg0LCJpZENsdWJ2aXNpdGEiOjExMjQ1fQ==-informe-arbitral-pachuca-vs-atlas-jornada-15-estadio-hidalgo-fox-sports,  2 - 2,  https--www.ligafemenil.mx-cancha-estadio-11-estadio-hidalgo,  Hidalgo,  https--www.ligafemenil.mx-cancha-galeria-MTI1Mzc3LzE1LzcyLzIvMTQ=-pachuca-vs-atlas,  ,  https--www.ligafemenil.mx-cancha-playlist-125377-pachuca-vs-atlas,  
2021-2022,Clausura,  Lunes 18 de Abril de 2022-nTemporada 2021-2022-nTorneo Clausura-nJornada 15-n18 Abril 2022 - 1900 hrs.,  https--www.ligafemenil.mx-cancha-informeArbitral-125378-eyJpZERpdmlzaW9uIjoiMTQiLCJpZFRlbXBvcmFkYSI6IjcyIiwiaWRUb3JuZW8iOiIyIiwiaWRDbHVibG9jYWwiOjExMTg2LCJpZENsdWJ2aXNpdGEiOjExMTkyfQ==-informe-arbitral-tigres-de-la-uanl-vs-santos-laguna-jornada-15-estadio-universitario-tudn,  4 - 1,  https--www.ligafemenil.mx-cancha-estadio-12-estadio-universitario,  Universitario,  https--www.ligafemenil.mx-cancha-galeria-MTI1Mzc4LzE1LzcyLzIvMTQ=-tigres-de-la-uanl-vs-santos-laguna,  ,  https--www.ligafemenil.mx-cancha-playlist-125378-tigres-de-la-uanl-vs-santos-laguna,  
2021-2022,Clausura,  Lunes 18 de Abril de 2022-nTemporada 2021-2022-nTorneo Clausura-nJornada 15-n18 Abril 2022 - 1900 hrs.,  https--www.ligafemenil.mx-cancha-informeArbitral-125379-eyJpZERpdmlzaW9uIjoiMTQiLCJpZFRlbXBvcmFkYSI6IjcyIiwiaWRUb3JuZW8iOiIyIiwiaWRDbHVibG9jYWwiOjExMTgwLCJpZENsdWJ2aXNpdGEiOjExMTkxfQ==-informe-arbitral-tijuana-vs-america-jornada-15-estadio-caliente-fox-sports,  2 - 2,  https--www.ligafemenil.mx-cancha-estadio-48-estadio-caliente,  Caliente,  https--www.ligafemenil.mx-cancha-galeria-MTI1Mzc5LzE1LzcyLzIvMTQ=-tijuana-vs-america,  ,  https--www.ligafemenil.mx-cancha-playlist-125379-tijuana-vs-america,  
2021-2022,Clausura,  Viernes 22 de Abril de 2022-nTemporada 2021-2022-nTorneo Clausura-nJornada 16-n22 Abril 2022 - 1700 hrs.,  https--www.ligafemenil.mx-cancha-informeArbitral-125380-eyJpZERpdmlzaW9uIjoiMTQiLCJpZFRlbXBvcmFkYSI6IjcyIiwiaWRUb3JuZW8iOiIyIiwiaWRDbHVibG9jYWwiOjEyMDQyLCJpZENsdWJ2aXNpdGEiOjExNTQzfQ==-informe-arbitral-gallos-blancos-de-queretaro-vs-puebla-fc-jornada-16-estadio-olimpico-alameda-tvc-deportes,  1 - 0,  https--www.ligafemenil.mx-cancha-estadio-1741-estadio-olimpico-alameda,  Estadio Olímpico Alameda,  https--www.ligafemenil.mx-cancha-galeria-MTI1MzgwLzE2LzcyLzIvMTQ=-gallos-blancos-de-queretaro-vs-puebla-fc,  ,  https--www.ligafemenil.mx-cancha-playlist-125380-gallos-blancos-de-queretaro-vs-puebla-fc,  
2021-2022,Clausura,  Viernes 22 de Abril de 2022-nTemporada 2021-2022-nTorneo Clausura-nJornada 16-n22 Abril 2022 - 1700 hrs.,  https--www.ligafemenil.mx-cancha-informeArbitral-125384-eyJpZERpdmlzaW9uIjoiMTQiLCJpZFRlbXBvcmFkYSI6IjcyIiwiaWRUb3JuZW8iOiIyIiwiaWRDbHVibG9jYWwiOjExMTg5LCJpZENsdWJ2aXNpdGEiOjExMTgxfQ==-informe-arbitral-necaxa-vs-cruz-azul-jornada-16-estadio-victoria-tudn,  1 - 2,  https--www.ligafemenil.mx-cancha-estadio-708-estadio-victoria,  Victoria,  https--www.ligafemenil.mx-cancha-galeria-MTI1Mzg0LzE2LzcyLzIvMTQ=-necaxa-vs-cruz-azul,  ,  https--www.ligafemenil.mx-cancha-playlist-125384-necaxa-vs-cruz-azul,  
2021-2022,Clausura,  Sábado 23 de Abril de 2022-nTemporada 2021-2022-nTorneo Clausura-nJornada 16-n23 Abril 2022 - 1200 hrs.,  https--www.ligafemenil.mx-cancha-informeArbitral-125382-eyJpZERpdmlzaW9uIjoiMTQiLCJpZFRlbXBvcmFkYSI6IjcyIiwiaWRUb3JuZW8iOiIyIiwiaWRDbHVibG9jYWwiOjExMjQ1LCJpZENsdWJ2aXNpdGEiOjExMTgyfQ==-informe-arbitral-atlas-vs-guadalajara-jornada-16-estadio-jalisco-tvc-deportes,  0 - 1,  https--www.ligafemenil.mx-cancha-estadio-5-estadio-jalisco,  Jalisco,  https--www.ligafemenil.mx-cancha-galeria-MTI1MzgyLzE2LzcyLzIvMTQ=-atlas-vs-guadalajara,  ,  https--www.ligafemenil.mx-cancha-playlist-125382-atlas-vs-guadalajara,  
2021-2022,Clausura,  Sábado 23 de Abril de 2022-nTemporada 2021-2022-nTorneo Clausura-nJornada 16-n23 Abril 2022 - 1200 hrs.,  https--www.ligafemenil.mx-cancha-informeArbitral-125383-eyJpZERpdmlzaW9uIjoiMTQiLCJpZFRlbXBvcmFkYSI6IjcyIiwiaWRUb3JuZW8iOiIyIiwiaWRDbHVibG9jYWwiOjExMTg4LCJpZENsdWJ2aXNpdGEiOjExNzc4fQ==-informe-arbitral-pumas-vs-club-atletico-de-san-luis-jornada-16-estadio-olimpico-universitario-tudn,  2 - 1,  https--www.ligafemenil.mx-cancha-estadio-7-estadio-olimpico-universitario,  Olímpico Universitario,  https--www.ligafemenil.mx-cancha-galeria-MTI1MzgzLzE2LzcyLzIvMTQ=-pumas-vs-club-atletico-de-san-luis,  ,  https--www.ligafemenil.mx-cancha-playlist-125383-pumas-vs-club-atletico-de-san-luis,  
2021-2022,Clausura,  Domingo 24 de Abril de 2022-nTemporada 2021-2022-nTorneo Clausura-nJornada 16-n24 Abril 2022 - 1800 hrs.,  https--www.ligafemenil.mx-cancha-informeArbitral-125381-eyJpZERpdmlzaW9uIjoiMTQiLCJpZFRlbXBvcmFkYSI6IjcyIiwiaWRUb3JuZW8iOiIyIiwiaWRDbHVibG9jYWwiOjEyMDUxLCJpZENsdWJ2aXNpdGEiOjExMTgwfQ==-informe-arbitral-mazatlan-fc-vs-tijuana-jornada-16-estadio-mazatlan-tvp,  2 - 1,  https--www.ligafemenil.mx-cancha-estadio-1697-estadio-mazatlan,  Estadio Mazatlán,  https--www.ligafemenil.mx-cancha-galeria-MTI1MzgxLzE2LzcyLzIvMTQ=-mazatlan-fc-vs-tijuana,  ,  https--www.ligafemenil.mx-cancha-playlist-125381-mazatlan-fc-vs-tijuana,  
2021-2022,Clausura,  Lunes 25 de Abril de 2022-nTemporada 2021-2022-nTorneo Clausura-nJornada 16-n25 Abril 2022 - 1900 hrs.,  https--www.ligafemenil.mx-cancha-informeArbitral-125385-eyJpZERpdmlzaW9uIjoiMTQiLCJpZFRlbXBvcmFkYSI6IjcyIiwiaWRUb3JuZW8iOiIyIiwiaWRDbHVibG9jYWwiOjExMTkxLCJpZENsdWJ2aXNpdGEiOjExMTg0fQ==-informe-arbitral-america-vs-pachuca-jornada-16-estadio-azteca-tudn,  4 - 0,  https--www.ligafemenil.mx-cancha-estadio-1-estadio-azteca,  Azteca,  https--www.ligafemenil.mx-cancha-galeria-MTI1Mzg1LzE2LzcyLzIvMTQ=-america-vs-pachuca,  ,  https--www.ligafemenil.mx-cancha-playlist-125385-america-vs-pachuca,  
2021-2022,Clausura,  Lunes 25 de Abril de 2022-nTemporada 2021-2022-nTorneo Clausura-nJornada 16-n25 Abril 2022 - 1900 hrs.,  https--www.ligafemenil.mx-cancha-informeArbitral-125386-eyJpZERpdmlzaW9uIjoiMTQiLCJpZFRlbXBvcmFkYSI6IjcyIiwiaWRUb3JuZW8iOiIyIiwiaWRDbHVibG9jYWwiOjExMjQzLCJpZENsdWJ2aXNpdGEiOjExMTg3fQ==-informe-arbitral-leon-vs-toluca-jornada-16-estadio-nou-camp,  2 - 2,  https--www.ligafemenil.mx-cancha-estadio-23-estadio-nou-camp,  Nou Camp,  https--www.ligafemenil.mx-cancha-galeria-MTI1Mzg2LzE2LzcyLzIvMTQ=-leon-vs-toluca,  ,  https--www.ligafemenil.mx-cancha-playlist-125386-leon-vs-toluca,  
2021-2022,Clausura,  Lunes 25 de Abril de 2022-nTemporada 2021-2022-nTorneo Clausura-nJornada 16-n25 Abril 2022 - 1900 hrs.,  https--www.ligafemenil.mx-cancha-informeArbitral-125387-eyJpZERpdmlzaW9uIjoiMTQiLCJpZFRlbXBvcmFkYSI6IjcyIiwiaWRUb3JuZW8iOiIyIiwiaWRDbHVibG9jYWwiOjExMTkyLCJpZENsdWJ2aXNpdGEiOjExNzk1fQ==-informe-arbitral-santos-laguna-vs-fc-juarez-jornada-16-estadio-tsm-corona-fox-sports,  3 - 1,  https--www.ligafemenil.mx-cancha-estadio-63-estadio-tsm-corona,  TSM Corona,  https--www.ligafemenil.mx-cancha-galeria-MTI1Mzg3LzE2LzcyLzIvMTQ=-santos-laguna-vs-fc-juarez,  ,  https--www.ligafemenil.mx-cancha-playlist-125387-santos-laguna-vs-fc-juarez,  
2021-2022,Clausura,  Lunes 25 de Abril de 2022-nTemporada 2021-2022-nTorneo Clausura-nJornada 16-n25 Abril 2022 - 2106 hrs.,  https--www.ligafemenil.mx-cancha-informeArbitral-125388-eyJpZERpdmlzaW9uIjoiMTQiLCJpZFRlbXBvcmFkYSI6IjcyIiwiaWRUb3JuZW8iOiIyIiwiaWRDbHVibG9jYWwiOjExMTg1LCJpZENsdWJ2aXNpdGEiOjExMTg2fQ==-informe-arbitral-rayados-de-monterrey-vs-tigres-de-la-uanl-jornada-16-estadio-bbva-fox-sports,  0 - 0,  https--www.ligafemenil.mx-cancha-estadio-1608-estadio-bbva,  Estadio BBVA,  https--www.ligafemenil.mx-cancha-galeria-MTI1Mzg4LzE2LzcyLzIvMTQ=-rayados-de-monterrey-vs-tigres-de-la-uanl,  ,  https--www.ligafemenil.mx-cancha-playlist-125388-rayados-de-monterrey-vs-tigres-de-la-uanl,  
2021-2022,Clausura,  Viernes 29 de Abril de 2022-nTemporada 2021-2022-nTorneo Clausura-nJornada 17-n29 Abril 2022 - 1700 hrs.,  https--www.ligafemenil.mx-cancha-informeArbitral-125391-eyJpZERpdmlzaW9uIjoiMTQiLCJpZFRlbXBvcmFkYSI6IjcyIiwiaWRUb3JuZW8iOiIyIiwiaWRDbHVibG9jYWwiOjExNzc4LCJpZENsdWJ2aXNpdGEiOjEyMDQyfQ==-informe-arbitral-club-atletico-de-san-luis-vs-gallos-blancos-de-queretaro-jornada-17-estadio-alfonso-lastras-ramirez-espn,  3 - 1,  https--www.ligafemenil.mx-cancha-estadio-14-estadio-alfonso-lastras-ramirez,  Alfonso Lastras Ramírez,  https--www.ligafemenil.mx-cancha-galeria-MTI1MzkxLzE3LzcyLzIvMTQ=-club-atletico-de-san-luis-vs-gallos-blancos-de-queretaro,  ,  https--www.ligafemenil.mx-cancha-playlist-125391-club-atletico-de-san-luis-vs-gallos-blancos-de-queretaro,  
2021-2022,Clausura,  Sábado 30 de Abril de 2022-nTemporada 2021-2022-nTorneo Clausura-nJornada 17-n30 Abril 2022 - 1200 hrs.,  https--www.ligafemenil.mx-cancha-informeArbitral-125389-eyJpZERpdmlzaW9uIjoiMTQiLCJpZFRlbXBvcmFkYSI6IjcyIiwiaWRUb3JuZW8iOiIyIiwiaWRDbHVibG9jYWwiOjExMTgxLCJpZENsdWJ2aXNpdGEiOjExNTQzfQ==-informe-arbitral-cruz-azul-vs-puebla-fc-jornada-17-estadio-instalaciones-la-noria-cancha-3-sintetica-tudn,  3 - 1,  https--www.ligafemenil.mx-cancha-estadio-67-estadio-instalaciones-la-noria-cancha-3-sintetica,  Instalaciones la Noria Cancha 3 (Sintética),  https--www.ligafemenil.mx-cancha-galeria-MTI1Mzg5LzE3LzcyLzIvMTQ=-cruz-azul-vs-puebla-fc,  ,  https--www.ligafemenil.mx-cancha-playlist-125389-cruz-azul-vs-puebla-fc,  
2021-2022,Clausura,  Sábado 30 de Abril de 2022-nTemporada 2021-2022-nTorneo Clausura-nJornada 17-n30 Abril 2022 - 1900 hrs.,  https--www.ligafemenil.mx-cancha-informeArbitral-125390-eyJpZERpdmlzaW9uIjoiMTQiLCJpZFRlbXBvcmFkYSI6IjcyIiwiaWRUb3JuZW8iOiIyIiwiaWRDbHVibG9jYWwiOjExMTg0LCJpZENsdWJ2aXNpdGEiOjExMTg5fQ==-informe-arbitral-pachuca-vs-necaxa-jornada-17-estadio-hidalgo,  1 - 1,  https--www.ligafemenil.mx-cancha-estadio-11-estadio-hidalgo,  Hidalgo,  https--www.ligafemenil.mx-cancha-galeria-MTI1MzkwLzE3LzcyLzIvMTQ=-pachuca-vs-necaxa,  ,  https--www.ligafemenil.mx-cancha-playlist-125390-pachuca-vs-necaxa,  
2021-2022,Clausura,  Domingo 1 de Mayo de 2022-nTemporada 2021-2022-nTorneo Clausura-nJornada 17-n1 Mayo 2022 - 1800 hrs.,  https--www.ligafemenil.mx-cancha-informeArbitral-125392-eyJpZERpdmlzaW9uIjoiMTQiLCJpZFRlbXBvcmFkYSI6IjcyIiwiaWRUb3JuZW8iOiIyIiwiaWRDbHVibG9jYWwiOjExMTg2LCJpZENsdWJ2aXNpdGEiOjExMTkxfQ==-informe-arbitral-tigres-de-la-uanl-vs-america-jornada-17-estadio-universitario-vix,  1 - 1,  https--www.ligafemenil.mx-cancha-estadio-12-estadio-universitario,  Universitario,  https--www.ligafemenil.mx-cancha-galeria-MTI1MzkyLzE3LzcyLzIvMTQ=-tigres-de-la-uanl-vs-america,  ,  https--www.ligafemenil.mx-cancha-playlist-125392-tigres-de-la-uanl-vs-america,  
2021-2022,Clausura,  Lunes 2 de Mayo de 2022-nTemporada 2021-2022-nTorneo Clausura-nJornada 17-n2 Mayo 2022 - 1200 hrs.,  https--www.ligafemenil.mx-cancha-informeArbitral-125393-eyJpZERpdmlzaW9uIjoiMTQiLCJpZFRlbXBvcmFkYSI6IjcyIiwiaWRUb3JuZW8iOiIyIiwiaWRDbHVibG9jYWwiOjExMjQ1LCJpZENsdWJ2aXNpdGEiOjExMjQzfQ==-informe-arbitral-atlas-vs-leon-jornada-17-estadio-jalisco-tvc-deportes,  2 - 1,  https--www.ligafemenil.mx-cancha-estadio-5-estadio-jalisco,  Jalisco,  https--www.ligafemenil.mx-cancha-galeria-MTI1MzkzLzE3LzcyLzIvMTQ=-atlas-vs-leon,  ,  https--www.ligafemenil.mx-cancha-playlist-125393-atlas-vs-leon,  
2021-2022,Clausura,  Lunes 2 de Mayo de 2022-nTemporada 2021-2022-nTorneo Clausura-nJornada 17-n2 Mayo 2022 - 1700 hrs.,  https--www.ligafemenil.mx-cancha-informeArbitral-125394-eyJpZERpdmlzaW9uIjoiMTQiLCJpZFRlbXBvcmFkYSI6IjcyIiwiaWRUb3JuZW8iOiIyIiwiaWRDbHVibG9jYWwiOjExMTg3LCJpZENsdWJ2aXNpdGEiOjExMTg4fQ==-informe-arbitral-toluca-vs-pumas-jornada-17-estadio-nemesio-diez-vix,  2 - 3,  https--www.ligafemenil.mx-cancha-estadio-6-estadio-nemesio-diez,  Nemesio Diez,  https--www.ligafemenil.mx-cancha-galeria-MTI1Mzk0LzE3LzcyLzIvMTQ=-toluca-vs-pumas,  ,  https--www.ligafemenil.mx-cancha-playlist-125394-toluca-vs-pumas,  
2021-2022,Clausura,  Lunes 2 de Mayo de 2022-nTemporada 2021-2022-nTorneo Clausura-nJornada 17-n2 Mayo 2022 - 1900 hrs.,  https--www.ligafemenil.mx-cancha-informeArbitral-125395-eyJpZERpdmlzaW9uIjoiMTQiLCJpZFRlbXBvcmFkYSI6IjcyIiwiaWRUb3JuZW8iOiIyIiwiaWRDbHVibG9jYWwiOjExMTgyLCJpZENsdWJ2aXNpdGEiOjExMTg1fQ==-informe-arbitral-guadalajara-vs-rayados-de-monterrey-jornada-17-estadio-akron-fox-sports--chivas-tv,  1 - 0,  https--www.ligafemenil.mx-cancha-estadio-1538-estadio-akron,  Estadio AKRON,  https--www.ligafemenil.mx-cancha-galeria-MTI1Mzk1LzE3LzcyLzIvMTQ=-guadalajara-vs-rayados-de-monterrey,  ,  https--www.ligafemenil.mx-cancha-playlist-125395-guadalajara-vs-rayados-de-monterrey,  
2021-2022,Clausura,  Lunes 2 de Mayo de 2022-nTemporada 2021-2022-nTorneo Clausura-nJornada 17-n2 Mayo 2022 - 1900 hrs.,  https--www.ligafemenil.mx-cancha-informeArbitral-125396-eyJpZERpdmlzaW9uIjoiMTQiLCJpZFRlbXBvcmFkYSI6IjcyIiwiaWRUb3JuZW8iOiIyIiwiaWRDbHVibG9jYWwiOjExMTkyLCJpZENsdWJ2aXNpdGEiOjEyMDUxfQ==-informe-arbitral-santos-laguna-vs-mazatlan-fc-jornada-17-estadio-tsm-corona,  1 - 0,  https--www.ligafemenil.mx-cancha-estadio-63-estadio-tsm-corona,  TSM Corona,  https--www.ligafemenil.mx-cancha-galeria-MTI1Mzk2LzE3LzcyLzIvMTQ=-santos-laguna-vs-mazatlan-fc,  ,  https--www.ligafemenil.mx-cancha-playlist-125396-santos-laguna-vs-mazatlan-fc,  
2021-2022,Clausura,  Lunes 2 de Mayo de 2022-nTemporada 2021-2022-nTorneo Clausura-nJornada 17-n2 Mayo 2022 - 1900 hrs.,  https--www.ligafemenil.mx-cancha-informeArbitral-125397-eyJpZERpdmlzaW9uIjoiMTQiLCJpZFRlbXBvcmFkYSI6IjcyIiwiaWRUb3JuZW8iOiIyIiwiaWRDbHVibG9jYWwiOjExMTgwLCJpZENsdWJ2aXNpdGEiOjExNzk1fQ==-informe-arbitral-tijuana-vs-fc-juarez-jornada-17-estadio-caliente-fox-sports,  3 - 2,  https--www.ligafemenil.mx-cancha-estadio-48-estadio-caliente,  Caliente,  https--www.ligafemenil.mx-cancha-galeria-MTI1Mzk3LzE3LzcyLzIvMTQ=-tijuana-vs-fc-juarez,  ,  https--www.ligafemenil.mx-cancha-playlist-125397-tijuana-vs-fc-juarez,  
2021-2022,Clausura,  Jueves 5 de Mayo de 2022-nTemporada 2021-2022-nTorneo Clausura-nCuartos Ida-n5 Mayo 2022 - 1700 hrs.,  https--www.ligafemenil.mx-cancha-informeArbitral-127150-eyJpZERpdmlzaW9uIjoiMTQiLCJpZFRlbXBvcmFkYSI6IjcyIiwiaWRUb3JuZW8iOiIyIiwiaWRDbHVibG9jYWwiOjExMjQ1LCJpZENsdWJ2aXNpdGEiOjExMTg2fQ==-informe-arbitral-atlas-vs-tigres-de-la-uanl-cuartos-ida-estadio-jalisco-tvc-deportes,  0 - 7,  https--www.ligafemenil.mx-cancha-estadio-5-estadio-jalisco,  Jalisco,  https--www.ligafemenil.mx-cancha-galeria-MTI3MTUwLzE4LzcyLzIvMTQ=-atlas-vs-tigres-de-la-uanl,  ,  https--www.ligafemenil.mx-cancha-playlist-127150-atlas-vs-tigres-de-la-uanl,  
2021-2022,Clausura,  Jueves 5 de Mayo de 2022-nTemporada 2021-2022-nTorneo Clausura-nCuartos Ida-n5 Mayo 2022 - 1900 hrs.,  https--www.ligafemenil.mx-cancha-informeArbitral-127151-eyJpZERpdmlzaW9uIjoiMTQiLCJpZFRlbXBvcmFkYSI6IjcyIiwiaWRUb3JuZW8iOiIyIiwiaWRDbHVibG9jYWwiOjExMTg0LCJpZENsdWJ2aXNpdGEiOjExMTkxfQ==-informe-arbitral-pachuca-vs-america-cuartos-ida-estadio-hidalgo-fox-sports,  2 - 1,  https--www.ligafemenil.mx-cancha-estadio-11-estadio-hidalgo,  Hidalgo,  https--www.ligafemenil.mx-cancha-galeria-MTI3MTUxLzE4LzcyLzIvMTQ=-pachuca-vs-america,  ,  https--www.ligafemenil.mx-cancha-playlist-127151-pachuca-vs-america,  
2021-2022,Clausura,  Viernes 6 de Mayo de 2022-nTemporada 2021-2022-nTorneo Clausura-nCuartos Ida-n6 Mayo 2022 - 1800 hrs.,  https--www.ligafemenil.mx-cancha-informeArbitral-127149-eyJpZERpdmlzaW9uIjoiMTQiLCJpZFRlbXBvcmFkYSI6IjcyIiwiaWRUb3JuZW8iOiIyIiwiaWRDbHVibG9jYWwiOjExMTg4LCJpZENsdWJ2aXNpdGEiOjExMTgyfQ==-informe-arbitral-pumas-vs-guadalajara-cuartos-ida-estadio-olimpico-universitario-vix,  2 - 2,  https--www.ligafemenil.mx-cancha-estadio-7-estadio-olimpico-universitario,  Olímpico Universitario,  https--www.ligafemenil.mx-cancha-galeria-MTI3MTQ5LzE4LzcyLzIvMTQ=-pumas-vs-guadalajara,  ,  https--www.ligafemenil.mx-cancha-playlist-127149-pumas-vs-guadalajara,  
2021-2022,Clausura,  Viernes 6 de Mayo de 2022-nTemporada 2021-2022-nTorneo Clausura-nCuartos Ida-n6 Mayo 2022 - 1900 hrs.,  https--www.ligafemenil.mx-cancha-informeArbitral-127148-eyJpZERpdmlzaW9uIjoiMTQiLCJpZFRlbXBvcmFkYSI6IjcyIiwiaWRUb3JuZW8iOiIyIiwiaWRDbHVibG9jYWwiOjExMTgwLCJpZENsdWJ2aXNpdGEiOjExMTg1fQ==-informe-arbitral-tijuana-vs-rayados-de-monterrey-cuartos-ida-estadio-caliente-fox-sports,  0 - 1,  https--www.ligafemenil.mx-cancha-estadio-48-estadio-caliente,  Caliente,  https--www.ligafemenil.mx-cancha-galeria-MTI3MTQ4LzE4LzcyLzIvMTQ=-tijuana-vs-rayados-de-monterrey,  ,  https--www.ligafemenil.mx-cancha-playlist-127148-tijuana-vs-rayados-de-monterrey,  
2021-2022,Clausura,  Domingo 8 de Mayo de 2022-nTemporada 2021-2022-nTorneo Clausura-nCuartos Vuelta-n8 Mayo 2022 - 1200 hrs.,  https--www.ligafemenil.mx-cancha-informeArbitral-127155-eyJpZERpdmlzaW9uIjoiMTQiLCJpZFRlbXBvcmFkYSI6IjcyIiwiaWRUb3JuZW8iOiIyIiwiaWRDbHVibG9jYWwiOjExMTkxLCJpZENsdWJ2aXNpdGEiOjExMTg0fQ==-informe-arbitral-america-vs-pachuca-cuartos-vuelta-estadio-azteca-vix,  1 - 2,  https--www.ligafemenil.mx-cancha-estadio-1-estadio-azteca,  Azteca,  https--www.ligafemenil.mx-cancha-galeria-MTI3MTU1LzE5LzcyLzIvMTQ=-america-vs-pachuca,  ,  https--www.ligafemenil.mx-cancha-playlist-127155-america-vs-pachuca,  
2021-2022,Clausura,  Domingo 8 de Mayo de 2022-nTemporada 2021-2022-nTorneo Clausura-nCuartos Vuelta-n8 Mayo 2022 - 2106 hrs.,  https--www.ligafemenil.mx-cancha-informeArbitral-127154-eyJpZERpdmlzaW9uIjoiMTQiLCJpZFRlbXBvcmFkYSI6IjcyIiwiaWRUb3JuZW8iOiIyIiwiaWRDbHVibG9jYWwiOjExMTg2LCJpZENsdWJ2aXNpdGEiOjExMjQ1fQ==-informe-arbitral-tigres-de-la-uanl-vs-atlas-cuartos-vuelta-estadio-universitario-vix,  2 - 1,  https--www.ligafemenil.mx-cancha-estadio-12-estadio-universitario,  Universitario,  https--www.ligafemenil.mx-cancha-galeria-MTI3MTU0LzE5LzcyLzIvMTQ=-tigres-de-la-uanl-vs-atlas,  ,  https--www.ligafemenil.mx-cancha-playlist-127154-tigres-de-la-uanl-vs-atlas,  
2021-2022,Clausura,  Lunes 9 de Mayo de 2022-nTemporada 2021-2022-nTorneo Clausura-nCuartos Vuelta-n9 Mayo 2022 - 1900 hrs.,  https--www.ligafemenil.mx-cancha-informeArbitral-127153-eyJpZERpdmlzaW9uIjoiMTQiLCJpZFRlbXBvcmFkYSI6IjcyIiwiaWRUb3JuZW8iOiIyIiwiaWRDbHVibG9jYWwiOjExMTgyLCJpZENsdWJ2aXNpdGEiOjExMTg4fQ==-informe-arbitral-guadalajara-vs-pumas-cuartos-vuelta-estadio-akron-fox-sports,  3 - 2,  https--www.ligafemenil.mx-cancha-estadio-1538-estadio-akron,  Estadio AKRON,  https--www.ligafemenil.mx-cancha-galeria-MTI3MTUzLzE5LzcyLzIvMTQ=-guadalajara-vs-pumas,  ,  https--www.ligafemenil.mx-cancha-playlist-127153-guadalajara-vs-pumas,  
2021-2022,Clausura,  Lunes 9 de Mayo de 2022-nTemporada 2021-2022-nTorneo Clausura-nCuartos Vuelta-n9 Mayo 2022 - 2100 hrs.,  https--www.ligafemenil.mx-cancha-informeArbitral-127152-eyJpZERpdmlzaW9uIjoiMTQiLCJpZFRlbXBvcmFkYSI6IjcyIiwiaWRUb3JuZW8iOiIyIiwiaWRDbHVibG9jYWwiOjExMTg1LCJpZENsdWJ2aXNpdGEiOjExMTgwfQ==-informe-arbitral-rayados-de-monterrey-vs-tijuana-cuartos-vuelta-estadio-bbva-fox-sports,  2 - 1,  https--www.ligafemenil.mx-cancha-estadio-1608-estadio-bbva,  Estadio BBVA,  https--www.ligafemenil.mx-cancha-galeria-MTI3MTUyLzE5LzcyLzIvMTQ=-rayados-de-monterrey-vs-tijuana,  ,  https--www.ligafemenil.mx-cancha-playlist-127152-rayados-de-monterrey-vs-tijuana,  
2021-2022,Clausura,  Viernes 13 de Mayo de 2022-nTemporada 2021-2022-nTorneo Clausura-nSemifinal Ida-n13 Mayo 2022 - 1805 hrs.,  https--www.ligafemenil.mx-cancha-informeArbitral-127210-eyJpZERpdmlzaW9uIjoiMTQiLCJpZFRlbXBvcmFkYSI6IjcyIiwiaWRUb3JuZW8iOiIyIiwiaWRDbHVibG9jYWwiOjExMTg0LCJpZENsdWJ2aXNpdGEiOjExMTg1fQ==-informe-arbitral-pachuca-vs-rayados-de-monterrey-semifinal-ida-estadio-hidalgo-fox-sports,  2 - 0,  https--www.ligafemenil.mx-cancha-estadio-11-estadio-hidalgo,  Hidalgo,  https--www.ligafemenil.mx-cancha-galeria-MTI3MjEwLzIwLzcyLzIvMTQ=-pachuca-vs-rayados-de-monterrey,  ,  https--www.ligafemenil.mx-cancha-playlist-127210-pachuca-vs-rayados-de-monterrey,  
2021-2022,Clausura,  Viernes 13 de Mayo de 2022-nTemporada 2021-2022-nTorneo Clausura-nSemifinal Ida-n13 Mayo 2022 - 2005 hrs.,  https--www.ligafemenil.mx-cancha-informeArbitral-127211-eyJpZERpdmlzaW9uIjoiMTQiLCJpZFRlbXBvcmFkYSI6IjcyIiwiaWRUb3JuZW8iOiIyIiwiaWRDbHVibG9jYWwiOjExMTg2LCJpZENsdWJ2aXNpdGEiOjExMTgyfQ==-informe-arbitral-tigres-de-la-uanl-vs-guadalajara-semifinal-ida-estadio-universitario-tudn,  2 - 0,  https--www.ligafemenil.mx-cancha-estadio-12-estadio-universitario,  Universitario,  https--www.ligafemenil.mx-cancha-galeria-MTI3MjExLzIwLzcyLzIvMTQ=-tigres-de-la-uanl-vs-guadalajara,  ,  https--www.ligafemenil.mx-cancha-playlist-127211-tigres-de-la-uanl-vs-guadalajara,  
2021-2022,Clausura,  Lunes 16 de Mayo de 2022-nTemporada 2021-2022-nTorneo Clausura-nSemifinal Vuelta-n16 Mayo 2022 - 1905 hrs.,  https--www.ligafemenil.mx-cancha-informeArbitral-127213-eyJpZERpdmlzaW9uIjoiMTQiLCJpZFRlbXBvcmFkYSI6IjcyIiwiaWRUb3JuZW8iOiIyIiwiaWRDbHVibG9jYWwiOjExMTgyLCJpZENsdWJ2aXNpdGEiOjExMTg2fQ==-informe-arbitral-guadalajara-vs-tigres-de-la-uanl-semifinal-vuelta-estadio-akron-fox-sports,  2 - 0,  https--www.ligafemenil.mx-cancha-estadio-1538-estadio-akron,  Estadio AKRON,  https--www.ligafemenil.mx-cancha-galeria-MTI3MjEzLzIxLzcyLzIvMTQ=-guadalajara-vs-tigres-de-la-uanl,  ,  https--www.ligafemenil.mx-cancha-playlist-127213-guadalajara-vs-tigres-de-la-uanl,  
2021-2022,Clausura,  Lunes 16 de Mayo de 2022-nTemporada 2021-2022-nTorneo Clausura-nSemifinal Vuelta-n16 Mayo 2022 - 2105 hrs.,  https--www.ligafemenil.mx-cancha-informeArbitral-127212-eyJpZERpdmlzaW9uIjoiMTQiLCJpZFRlbXBvcmFkYSI6IjcyIiwiaWRUb3JuZW8iOiIyIiwiaWRDbHVibG9jYWwiOjExMTg1LCJpZENsdWJ2aXNpdGEiOjExMTg0fQ==-informe-arbitral-rayados-de-monterrey-vs-pachuca-semifinal-vuelta-estadio-bbva-fox-sports,  2 - 1,  https--www.ligafemenil.mx-cancha-estadio-1608-estadio-bbva,  Estadio BBVA,  https--www.ligafemenil.mx-cancha-galeria-MTI3MjEyLzIxLzcyLzIvMTQ=-rayados-de-monterrey-vs-pachuca,  ,  https--www.ligafemenil.mx-cancha-playlist-127212-rayados-de-monterrey-vs-pachuca,  
2021-2022,Clausura,  Viernes 20 de Mayo de 2022-nTemporada 2021-2022-nTorneo Clausura-nFinal Ida-n20 Mayo 2022 - 2100 hrs.,  https--www.ligafemenil.mx-cancha-informeArbitral-127240-eyJpZERpdmlzaW9uIjoiMTQiLCJpZFRlbXBvcmFkYSI6IjcyIiwiaWRUb3JuZW8iOiIyIiwiaWRDbHVibG9jYWwiOjExMTg0LCJpZENsdWJ2aXNpdGEiOjExMTgyfQ==-informe-arbitral-pachuca-vs-guadalajara-final-ida-estadio-hidalgo-fox-sports,  2 - 4,  https--www.ligafemenil.mx-cancha-estadio-11-estadio-hidalgo,  Hidalgo,  https--www.ligafemenil.mx-cancha-galeria-MTI3MjQwLzIyLzcyLzIvMTQ=-pachuca-vs-guadalajara,  ,  https--www.ligafemenil.mx-cancha-playlist-127240-pachuca-vs-guadalajara,  
2021-2022,Clausura,  Lunes 23 de Mayo de 2022-nTemporada 2021-2022-nTorneo Clausura-nFinal Vuelta-n23 Mayo 2022 - 2005 hrs.,  https--www.ligafemenil.mx-cancha-informeArbitral-127241-eyJpZERpdmlzaW9uIjoiMTQiLCJpZFRlbXBvcmFkYSI6IjcyIiwiaWRUb3JuZW8iOiIyIiwiaWRDbHVibG9jYWwiOjExMTgyLCJpZENsdWJ2aXNpdGEiOjExMTg0fQ==-informe-arbitral-guadalajara-vs-pachuca-final-vuelta-estadio-akron-fox-sports,  0 - 1,  https--www.ligafemenil.mx-cancha-estadio-1538-estadio-akron,  Estadio AKRON,  https--www.ligafemenil.mx-cancha-galeria-MTI3MjQxLzIzLzcyLzIvMTQ=-guadalajara-vs-pachuca,  ,  https--www.ligafemenil.mx-cancha-playlist-127241-guadalajara-vs-pachuca,  
2021-2022,Clausura,  Viernes 27 de Mayo de 2022-nTemporada 2021-2022-nTorneo Clausura-nCampeón de Campeones Femenil Ida-n27 Mayo 2022 - 2106 hrs.,  https--www.ligafemenil.mx-cancha-informeArbitral-127254-eyJpZERpdmlzaW9uIjoiMTQiLCJpZFRlbXBvcmFkYSI6IjcyIiwiaWRUb3JuZW8iOiIyIiwiaWRDbHVibG9jYWwiOjExMTgyLCJpZENsdWJ2aXNpdGEiOjExMTg1fQ==-informe-arbitral-guadalajara-vs-rayados-de-monterrey-campeon-de-campeones-femenil-ida-estadio-akron-fox-sports,  1 - 1,  https--www.ligafemenil.mx-cancha-estadio-1538-estadio-akron,  Estadio AKRON,  https--www.ligafemenil.mx-cancha-galeria-MTI3MjU0LzI0LzcyLzIvMTQ=-guadalajara-vs-rayados-de-monterrey,  ,  https--www.ligafemenil.mx-cancha-playlist-127254-guadalajara-vs-rayados-de-monterrey,  
2021-2022,Clausura,  Lunes 30 de Mayo de 2022-nTemporada 2021-2022-nTorneo Clausura-nCampeón de Campeones Femenil Vuelta-n30 Mayo 2022 - 2006 hrs.,  https--www.ligafemenil.mx-cancha-informeArbitral-127255-eyJpZERpdmlzaW9uIjoiMTQiLCJpZFRlbXBvcmFkYSI6IjcyIiwiaWRUb3JuZW8iOiIyIiwiaWRDbHVibG9jYWwiOjExMTg1LCJpZENsdWJ2aXNpdGEiOjExMTgyfQ==-informe-arbitral-rayados-de-monterrey-vs-guadalajara-campeon-de-campeones-femenil-vuelta-estadio-bbva-fox-sports,  0 - 0,  https--www.ligafemenil.mx-cancha-estadio-1608-estadio-bbva,  Estadio BBVA,  https--www.ligafemenil.mx-cancha-galeria-MTI3MjU1LzI1LzcyLzIvMTQ=-rayados-de-monterrey-vs-guadalajara,  ,  https--www.ligafemenil.mx-cancha-playlist-127255-rayados-de-monterrey-vs-guadalajara,