2018-2019,"Clausura",Viernes 4 de Enero de 2019\nTemporada 2018-2019\nTorneo Clausura\nJornada 1\n4 Enero 2019 - 15:45 hrs.,https://www.ligafemenil.mx/cancha/estadio/30/estadio-10-de-diciembre,https://www.ligafemenil.mx/cancha/playlist/95541/cruz-azul-vs-pachuca
2018-2019,"Clausura",Viernes 4 de Enero de 2019\nTemporada 2018-2019\nTorneo Clausura\nJornada 1\n4 Enero 2019 - 16:00 hrs.,https://www.ligafemenil.mx/cancha/estadio/15/estadio-victoria,https://www.ligafemenil.mx/cancha/playlist/95542/necaxa-vs-santos-laguna
2018-2019,"Clausura",Domingo 6 de Enero de 2019\nTemporada 2018-2019\nTorneo Clausura\nJornada 1\n6 Enero 2019 - 12:00 hrs.,https://www.ligafemenil.mx/cancha/estadio/9/estadio-cuauhtemoc,https://www.ligafemenil.mx/cancha/playlist/95543/puebla-fc-vs-veracruz
2018-2019,"Clausura",Lunes 7 de Enero de 2019\nTemporada 2018-2019\nTorneo Clausura\nJornada 1\n7 Enero 2019 - 16:00 hrs.,https://www.ligafemenil.mx/cancha/estadio/10/estadio-jose-maria-morelos-y-pavon,https://www.ligafemenil.mx/cancha/playlist/95547/m-morelia-vs-atlas
2018-2019,"Clausura",Lunes 7 de Enero de 2019\nTemporada 2018-2019\nTorneo Clausura\nJornada 1\n7 Enero 2019 - 18:00 hrs.,https://www.ligafemenil.mx/cancha/estadio/6/estadio-nemesio-diez,https://www.ligafemenil.mx/cancha/playlist/95549/toluca-vs-lobos
2018-2019,"Clausura",Lunes 7 de Enero de 2019\nTemporada 2018-2019\nTorneo Clausura\nJornada 1\n7 Enero 2019 - 19:00 hrs.,https://www.ligafemenil.mx/cancha/estadio/1538/estadio-akron,https://www.ligafemenil.mx/cancha/playlist/95546/guadalajara-vs-leon
2018-2019,"Clausura",Lunes 7 de Enero de 2019\nTemporada 2018-2019\nTorneo Clausura\nJornada 1\n7 Enero 2019 - 20:00 hrs.,https://www.ligafemenil.mx/cancha/estadio/12/estadio-universitario,https://www.ligafemenil.mx/cancha/playlist/95551/tigres-de-la-uanl-vs-queretaro
2018-2019,"Clausura",Lunes 7 de Enero de 2019\nTemporada 2018-2019\nTorneo Clausura\nJornada 1\n7 Enero 2019 - 19:00 hrs.,https://www.ligafemenil.mx/cancha/estadio/48/estadio-caliente,https://www.ligafemenil.mx/cancha/playlist/95553/tijuana-vs-pumas
2018-2019,"Clausura",Sábado 12 de Enero de 2019\nTemporada 2018-2019\nTorneo Clausura\nJornada 2\n12 Enero 2019 - 11:00 hrs.,https://www.ligafemenil.mx/cancha/estadio/109/estadio-colomos,https://www.ligafemenil.mx/cancha/playlist/95558/atlas-vs-guadalajara
2018-2019,"Clausura",Sábado 12 de Enero de 2019\nTemporada 2018-2019\nTorneo Clausura\nJornada 2\n12 Enero 2019 - 12:00 hrs.,https://www.ligafemenil.mx/cancha/estadio/1421/estadio-cancha-centenario-no-5-natural-instalaciones-club-america,https://www.ligafemenil.mx/cancha/playlist/95566/america-vs-toluca
2018-2019,"Clausura",Domingo 13 de Enero de 2019\nTemporada 2018-2019\nTorneo Clausura\nJornada 2\n13 Enero 2019 - 10:30 hrs.,https://www.ligafemenil.mx/cancha/estadio/73/estadio-el-barrial-c-1,https://www.ligafemenil.mx/cancha/playlist/95560/rayados-de-monterrey-vs-necaxa
2018-2019,"Clausura",Lunes 14 de Enero de 2019\nTemporada 2018-2019\nTorneo Clausura\nJornada 2\n14 Enero 2019 - 16:00 hrs.,https://www.ligafemenil.mx/cancha/estadio/75/estadio-universitario-buap,https://www.ligafemenil.mx/cancha/playlist/95561/lobos-vs-cruz-azul
2018-2019,"Clausura",Lunes 14 de Enero de 2019\nTemporada 2018-2019\nTorneo Clausura\nJornada 2\n14 Enero 2019 - 17:00 hrs.,https://www.ligafemenil.mx/cancha/estadio/57/estadio-luis-pirata-fuente,https://www.ligafemenil.mx/cancha/playlist/95563/veracruz-vs-tijuana
2018-2019,"Clausura",Lunes 14 de Enero de 2019\nTemporada 2018-2019\nTorneo Clausura\nJornada 2\n14 Enero 2019 - 19:00 hrs.,https://www.ligafemenil.mx/cancha/estadio/11/estadio-hidalgo,https://www.ligafemenil.mx/cancha/playlist/95565/pachuca-vs-puebla-fc
2018-2019,"Clausura",Lunes 14 de Enero de 2019\nTemporada 2018-2019\nTorneo Clausura\nJornada 2\n14 Enero 2019 - 19:00 hrs.,https://www.ligafemenil.mx/cancha/estadio/23/estadio-nou-camp,https://www.ligafemenil.mx/cancha/playlist/95556/leon-vs-tigres-de-la-uanl
2018-2019,"Clausura",Lunes 14 de Enero de 2019\nTemporada 2018-2019\nTorneo Clausura\nJornada 2\n14 Enero 2019 - 21:00 hrs.,https://www.ligafemenil.mx/cancha/estadio/63/estadio-tsm-corona,https://www.ligafemenil.mx/cancha/playlist/95568/santos-laguna-vs-m-morelia
2018-2019,"Clausura",Viernes 18 de Enero de 2019\nTemporada 2018-2019\nTorneo Clausura\nJornada 3\n18 Enero 2019 - 15:45 hrs.,https://www.ligafemenil.mx/cancha/estadio/30/estadio-10-de-diciembre,https://www.ligafemenil.mx/cancha/playlist/95569/cruz-azul-vs-america
2018-2019,"Clausura",Viernes 18 de Enero de 2019\nTemporada 2018-2019\nTorneo Clausura\nJornada 3\n18 Enero 2019 - 16:00 hrs.,https://www.ligafemenil.mx/cancha/estadio/25/estadio-la-corregidora,https://www.ligafemenil.mx/cancha/playlist/95570/queretaro-vs-leon
2018-2019,"Clausura",Sábado 19 de Enero de 2019\nTemporada 2018-2019\nTorneo Clausura\nJornada 3\n19 Enero 2019 - 12:00 hrs.,https://www.ligafemenil.mx/cancha/estadio/1146/estadio-la-cantera-cancha-1,https://www.ligafemenil.mx/cancha/playlist/95571/pumas-vs-veracruz
2018-2019,"Clausura",Domingo 20 de Enero de 2019\nTemporada 2018-2019\nTorneo Clausura\nJornada 3\n20 Enero 2019 - 12:00 hrs.,https://www.ligafemenil.mx/cancha/estadio/9/estadio-cuauhtemoc,https://www.ligafemenil.mx/cancha/playlist/95573/puebla-fc-vs-lobos
2018-2019,"Clausura",Domingo 20 de Enero de 2019\nTemporada 2018-2019\nTorneo Clausura\nJornada 3\n20 Enero 2019 - 12:00 hrs.,https://www.ligafemenil.mx/cancha/estadio/10/estadio-jose-maria-morelos-y-pavon,https://www.ligafemenil.mx/cancha/playlist/95576/m-morelia-vs-rayados-de-monterrey
2018-2019,"Clausura",Lunes 21 de Enero de 2019\nTemporada 2018-2019\nTorneo Clausura\nJornada 3\n21 Enero 2019 - 19:00 hrs.,https://www.ligafemenil.mx/cancha/estadio/11/estadio-hidalgo,https://www.ligafemenil.mx/cancha/playlist/95579/pachuca-vs-tijuana
2018-2019,"Clausura",Lunes 21 de Enero de 2019\nTemporada 2018-2019\nTorneo Clausura\nJornada 3\n21 Enero 2019 - 20:00 hrs.,https://www.ligafemenil.mx/cancha/estadio/12/estadio-universitario,https://www.ligafemenil.mx/cancha/playlist/95577/tigres-de-la-uanl-vs-atlas
2018-2019,"Clausura",Lunes 21 de Enero de 2019\nTemporada 2018-2019\nTorneo Clausura\nJornada 3\n21 Enero 2019 - 21:00 hrs.,https://www.ligafemenil.mx/cancha/estadio/1538/estadio-akron,https://www.ligafemenil.mx/cancha/playlist/95574/guadalajara-vs-santos-laguna
2018-2019,"Clausura",Miércoles 23 de Enero de 2019\nTemporada 2018-2019\nTorneo Clausura\nJornada 4\n23 Enero 2019 - 15:45 hrs.,https://www.ligafemenil.mx/cancha/estadio/1421/estadio-cancha-centenario-no-5-natural-instalaciones-club-america,https://www.ligafemenil.mx/cancha/playlist/95580/america-vs-puebla-fc
2018-2019,"Clausura",Miércoles 23 de Enero de 2019\nTemporada 2018-2019\nTorneo Clausura\nJornada 4\n23 Enero 2019 - 18:00 hrs.,https://www.ligafemenil.mx/cancha/estadio/6/estadio-nemesio-diez,https://www.ligafemenil.mx/cancha/playlist/95581/toluca-vs-cruz-azul
2018-2019,"Clausura",Jueves 24 de Enero de 2019\nTemporada 2018-2019\nTorneo Clausura\nJornada 4\n24 Enero 2019 - 11:00 hrs.,https://www.ligafemenil.mx/cancha/estadio/109/estadio-colomos,https://www.ligafemenil.mx/cancha/playlist/95584/atlas-vs-queretaro
2018-2019,"Clausura",Jueves 24 de Enero de 2019\nTemporada 2018-2019\nTorneo Clausura\nJornada 4\n24 Enero 2019 - 11:00 hrs.,https://www.ligafemenil.mx/cancha/estadio/63/estadio-tsm-corona,https://www.ligafemenil.mx/cancha/playlist/95591/santos-laguna-vs-tigres-de-la-uanl
2018-2019,"Clausura",Jueves 24 de Enero de 2019\nTemporada 2018-2019\nTorneo Clausura\nJornada 4\n24 Enero 2019 - 16:00 hrs.,https://www.ligafemenil.mx/cancha/estadio/75/estadio-universitario-buap,https://www.ligafemenil.mx/cancha/playlist/95585/lobos-vs-tijuana
2018-2019,"Clausura",Jueves 24 de Enero de 2019\nTemporada 2018-2019\nTorneo Clausura\nJornada 4\n24 Enero 2019 - 16:00 hrs.,https://www.ligafemenil.mx/cancha/estadio/15/estadio-victoria,https://www.ligafemenil.mx/cancha/playlist/95582/necaxa-vs-m-morelia
2018-2019,"Clausura",Jueves 24 de Enero de 2019\nTemporada 2018-2019\nTorneo Clausura\nJornada 4\n24 Enero 2019 - 19:00 hrs.,https://www.ligafemenil.mx/cancha/estadio/11/estadio-hidalgo,https://www.ligafemenil.mx/cancha/playlist/95587/pachuca-vs-pumas
2018-2019,"Clausura",Jueves 24 de Enero de 2019\nTemporada 2018-2019\nTorneo Clausura\nJornada 4\n24 Enero 2019 - 21:00 hrs.,https://www.ligafemenil.mx/cancha/estadio/793/estadio-bbva-bancomer,https://www.ligafemenil.mx/cancha/playlist/95589/rayados-de-monterrey-vs-guadalajara
2018-2019,"Clausura",Domingo 27 de Enero de 2019\nTemporada 2018-2019\nTorneo Clausura\nJornada 5\n27 Enero 2019 - 12:00 hrs.,https://www.ligafemenil.mx/cancha/estadio/9/estadio-cuauhtemoc,https://www.ligafemenil.mx/cancha/playlist/95596/puebla-fc-vs-toluca
2018-2019,"Clausura",Domingo 27 de Enero de 2019\nTemporada 2018-2019\nTorneo Clausura\nJornada 5\n27 Enero 2019 - 12:30 hrs.,https://www.ligafemenil.mx/cancha/estadio/1554/estadio-verde-valle-2,https://www.ligafemenil.mx/cancha/playlist/95598/guadalajara-vs-necaxa
2018-2019,"Clausura",Lunes 28 de Enero de 2019\nTemporada 2018-2019\nTorneo Clausura\nJornada 5\n28 Enero 2019 - 15:45 hrs.,https://www.ligafemenil.mx/cancha/estadio/1146/estadio-la-cantera-cancha-1,https://www.ligafemenil.mx/cancha/playlist/95594/pumas-vs-lobos
2018-2019,"Clausura",Lunes 28 de Enero de 2019\nTemporada 2018-2019\nTorneo Clausura\nJornada 5\n28 Enero 2019 - 16:00 hrs.,https://www.ligafemenil.mx/cancha/estadio/25/estadio-la-corregidora,https://www.ligafemenil.mx/cancha/playlist/95599/queretaro-vs-santos-laguna
2018-2019,"Clausura",Lunes 28 de Enero de 2019\nTemporada 2018-2019\nTorneo Clausura\nJornada 5\n28 Enero 2019 - 17:00 hrs.,https://www.ligafemenil.mx/cancha/estadio/57/estadio-luis-pirata-fuente,https://www.ligafemenil.mx/cancha/playlist/95601/veracruz-vs-pachuca
2018-2019,"Clausura",Lunes 28 de Enero de 2019\nTemporada 2018-2019\nTorneo Clausura\nJornada 5\n28 Enero 2019 - 19:00 hrs.,https://www.ligafemenil.mx/cancha/estadio/23/estadio-nou-camp,https://www.ligafemenil.mx/cancha/playlist/95602/leon-vs-atlas
2018-2019,"Clausura",Lunes 28 de Enero de 2019\nTemporada 2018-2019\nTorneo Clausura\nJornada 5\n28 Enero 2019 - 20:00 hrs.,https://www.ligafemenil.mx/cancha/estadio/12/estadio-universitario,https://www.ligafemenil.mx/cancha/playlist/95603/tigres-de-la-uanl-vs-rayados-de-monterrey
2018-2019,"Clausura",Lunes 28 de Enero de 2019\nTemporada 2018-2019\nTorneo Clausura\nJornada 5\n28 Enero 2019 - 19:00 hrs.,https://www.ligafemenil.mx/cancha/estadio/48/estadio-caliente,https://www.ligafemenil.mx/cancha/playlist/95605/tijuana-vs-america
2018-2019,"Clausura",Viernes 1 de Febrero de 2019\nTemporada 2018-2019\nTorneo Clausura\nJornada 6\n1 Febrero 2019 - 15:45 hrs.,https://www.ligafemenil.mx/cancha/estadio/30/estadio-10-de-diciembre,https://www.ligafemenil.mx/cancha/playlist/95611/cruz-azul-vs-puebla-fc
2018-2019,"Clausura",Viernes 1 de Febrero de 2019\nTemporada 2018-2019\nTorneo Clausura\nJornada 6\n1 Febrero 2019 - 16:00 hrs.,https://www.ligafemenil.mx/cancha/estadio/15/estadio-victoria,https://www.ligafemenil.mx/cancha/playlist/95612/necaxa-vs-tigres-de-la-uanl
2018-2019,"Clausura",Sábado 2 de Febrero de 2019\nTemporada 2018-2019\nTorneo Clausura\nJornada 6\n2 Febrero 2019 - 12:00 hrs.,https://www.ligafemenil.mx/cancha/estadio/1421/estadio-cancha-centenario-no-5-natural-instalaciones-club-america,https://www.ligafemenil.mx/cancha/playlist/95618/america-vs-pumas
2018-2019,"Clausura",Domingo 3 de Febrero de 2019\nTemporada 2018-2019\nTorneo Clausura\nJornada 6\n3 Febrero 2019 - 10:30 hrs.,https://www.ligafemenil.mx/cancha/estadio/73/estadio-el-barrial-c-1,https://www.ligafemenil.mx/cancha/playlist/95613/rayados-de-monterrey-vs-queretaro
2018-2019,"Clausura",Domingo 3 de Febrero de 2019\nTemporada 2018-2019\nTorneo Clausura\nJornada 6\n3 Febrero 2019 - 12:00 hrs.,https://www.ligafemenil.mx/cancha/estadio/10/estadio-jose-maria-morelos-y-pavon,https://www.ligafemenil.mx/cancha/playlist/95616/m-morelia-vs-guadalajara
2018-2019,"Clausura",Lunes 4 de Febrero de 2019\nTemporada 2018-2019\nTorneo Clausura\nJornada 6\n4 Febrero 2019 - 12:00 hrs.,https://www.ligafemenil.mx/cancha/estadio/75/estadio-universitario-buap,https://www.ligafemenil.mx/cancha/playlist/95615/lobos-vs-veracruz
2018-2019,"Clausura",Lunes 4 de Febrero de 2019\nTemporada 2018-2019\nTorneo Clausura\nJornada 6\n4 Febrero 2019 - 19:00 hrs.,https://www.ligafemenil.mx/cancha/estadio/63/estadio-tsm-corona,https://www.ligafemenil.mx/cancha/playlist/95621/santos-laguna-vs-leon
2018-2019,"Clausura",Lunes 4 de Febrero de 2019\nTemporada 2018-2019\nTorneo Clausura\nJornada 6\n4 Febrero 2019 - 19:00 hrs.,https://www.ligafemenil.mx/cancha/estadio/48/estadio-caliente,https://www.ligafemenil.mx/cancha/playlist/95620/tijuana-vs-toluca
2018-2019,"Clausura",Viernes 8 de Febrero de 2019\nTemporada 2018-2019\nTorneo Clausura\nJornada 7\n8 Febrero 2019 - 16:00 hrs.,https://www.ligafemenil.mx/cancha/estadio/25/estadio-la-corregidora,https://www.ligafemenil.mx/cancha/playlist/95625/queretaro-vs-necaxa
2018-2019,"Clausura",Sábado 9 de Febrero de 2019\nTemporada 2018-2019\nTorneo Clausura\nJornada 7\n9 Febrero 2019 - 11:00 hrs.,https://www.ligafemenil.mx/cancha/estadio/109/estadio-colomos,https://www.ligafemenil.mx/cancha/playlist/95626/atlas-vs-santos-laguna
2018-2019,"Clausura",Sábado 9 de Febrero de 2019\nTemporada 2018-2019\nTorneo Clausura\nJornada 7\n9 Febrero 2019 - 12:00 hrs.,https://www.ligafemenil.mx/cancha/estadio/1146/estadio-la-cantera-cancha-1,https://www.ligafemenil.mx/cancha/playlist/95627/pumas-vs-toluca
2018-2019,"Clausura",Lunes 11 de Febrero de 2019\nTemporada 2018-2019\nTorneo Clausura\nJornada 7\n11 Febrero 2019 - 17:00 hrs.,https://www.ligafemenil.mx/cancha/estadio/57/estadio-luis-pirata-fuente,https://www.ligafemenil.mx/cancha/playlist/95629/veracruz-vs-america
2018-2019,"Clausura",Lunes 11 de Febrero de 2019\nTemporada 2018-2019\nTorneo Clausura\nJornada 7\n11 Febrero 2019 - 19:00 hrs.,https://www.ligafemenil.mx/cancha/estadio/11/estadio-hidalgo,https://www.ligafemenil.mx/cancha/playlist/95631/pachuca-vs-lobos
2018-2019,"Clausura",Lunes 11 de Febrero de 2019\nTemporada 2018-2019\nTorneo Clausura\nJornada 7\n11 Febrero 2019 - 20:00 hrs.,https://www.ligafemenil.mx/cancha/estadio/12/estadio-universitario,https://www.ligafemenil.mx/cancha/playlist/95633/tigres-de-la-uanl-vs-m-morelia
2018-2019,"Clausura",Lunes 11 de Febrero de 2019\nTemporada 2018-2019\nTorneo Clausura\nJornada 7\n11 Febrero 2019 - 19:00 hrs.,https://www.ligafemenil.mx/cancha/estadio/48/estadio-caliente,https://www.ligafemenil.mx/cancha/playlist/95634/tijuana-vs-cruz-azul
2018-2019,"Clausura",Lunes 11 de Febrero de 2019\nTemporada 2018-2019\nTorneo Clausura\nJornada 7\n11 Febrero 2019 - 21:00 hrs.,https://www.ligafemenil.mx/cancha/estadio/23/estadio-nou-camp,https://www.ligafemenil.mx/cancha/playlist/95624/leon-vs-rayados-de-monterrey
2018-2019,"Clausura",Viernes 15 de Febrero de 2019\nTemporada 2018-2019\nTorneo Clausura\nJornada 8\n15 Febrero 2019 - 15:45 hrs.,https://www.ligafemenil.mx/cancha/estadio/30/estadio-10-de-diciembre,https://www.ligafemenil.mx/cancha/playlist/95637/cruz-azul-vs-pumas
2018-2019,"Clausura",Viernes 15 de Febrero de 2019\nTemporada 2018-2019\nTorneo Clausura\nJornada 8\n15 Febrero 2019 - 16:00 hrs.,https://www.ligafemenil.mx/cancha/estadio/15/estadio-victoria,https://www.ligafemenil.mx/cancha/playlist/95638/necaxa-vs-leon
2018-2019,"Clausura",Sábado 16 de Febrero de 2019\nTemporada 2018-2019\nTorneo Clausura\nJornada 8\n16 Febrero 2019 - 12:00 hrs.,https://www.ligafemenil.mx/cancha/estadio/1421/estadio-cancha-centenario-no-5-natural-instalaciones-club-america,https://www.ligafemenil.mx/cancha/playlist/95642/america-vs-pachuca
2018-2019,"Clausura",Domingo 17 de Febrero de 2019\nTemporada 2018-2019\nTorneo Clausura\nJornada 8\n17 Febrero 2019 - 12:00 hrs.,https://www.ligafemenil.mx/cancha/estadio/9/estadio-cuauhtemoc,https://www.ligafemenil.mx/cancha/playlist/95639/puebla-fc-vs-tijuana
2018-2019,"Clausura",Domingo 17 de Febrero de 2019\nTemporada 2018-2019\nTorneo Clausura\nJornada 8\n17 Febrero 2019 - 12:00 hrs.,https://www.ligafemenil.mx/cancha/estadio/10/estadio-jose-maria-morelos-y-pavon,https://www.ligafemenil.mx/cancha/playlist/95640/m-morelia-vs-queretaro
2018-2019,"Clausura",Lunes 18 de Febrero de 2019\nTemporada 2018-2019\nTorneo Clausura\nJornada 8\n18 Febrero 2019 - 18:00 hrs.,https://www.ligafemenil.mx/cancha/estadio/6/estadio-nemesio-diez,https://www.ligafemenil.mx/cancha/playlist/95641/toluca-vs-veracruz
2018-2019,"Clausura",Lunes 18 de Febrero de 2019\nTemporada 2018-2019\nTorneo Clausura\nJornada 8\n18 Febrero 2019 - 19:00 hrs.,https://www.ligafemenil.mx/cancha/estadio/1538/estadio-akron,https://www.ligafemenil.mx/cancha/playlist/95635/guadalajara-vs-tigres-de-la-uanl
2018-2019,"Clausura",Lunes 18 de Febrero de 2019\nTemporada 2018-2019\nTorneo Clausura\nJornada 8\n18 Febrero 2019 - 21:00 hrs.,https://www.ligafemenil.mx/cancha/estadio/793/estadio-bbva-bancomer,https://www.ligafemenil.mx/cancha/playlist/95636/rayados-de-monterrey-vs-atlas
2018-2019,"Clausura",Miércoles 20 de Febrero de 2019\nTemporada 2018-2019\nTorneo Clausura\nJornada 9\n20 Febrero 2019 - 12:00 hrs.,https://www.ligafemenil.mx/cancha/estadio/1146/estadio-la-cantera-cancha-1,https://www.ligafemenil.mx/cancha/playlist/95646/pumas-vs-puebla-fc
2018-2019,"Clausura",Miércoles 20 de Febrero de 2019\nTemporada 2018-2019\nTorneo Clausura\nJornada 9\n20 Febrero 2019 - 16:00 hrs.,https://www.ligafemenil.mx/cancha/estadio/75/estadio-universitario-buap,https://www.ligafemenil.mx/cancha/playlist/95650/lobos-vs-america
2018-2019,"Clausura",Jueves 21 de Febrero de 2019\nTemporada 2018-2019\nTorneo Clausura\nJornada 9\n21 Febrero 2019 - 10:00 hrs.,https://www.ligafemenil.mx/cancha/estadio/57/estadio-luis-pirata-fuente,https://www.ligafemenil.mx/cancha/playlist/95654/veracruz-vs-cruz-azul
2018-2019,"Clausura",Jueves 21 de Febrero de 2019\nTemporada 2018-2019\nTorneo Clausura\nJornada 9\n21 Febrero 2019 - 11:00 hrs.,https://www.ligafemenil.mx/cancha/estadio/109/estadio-colomos,https://www.ligafemenil.mx/cancha/playlist/95644/atlas-vs-necaxa
2018-2019,"Clausura",Jueves 21 de Febrero de 2019\nTemporada 2018-2019\nTorneo Clausura\nJornada 9\n21 Febrero 2019 - 16:00 hrs.,https://www.ligafemenil.mx/cancha/estadio/25/estadio-la-corregidora,https://www.ligafemenil.mx/cancha/playlist/95648/queretaro-vs-guadalajara
2018-2019,"Clausura",Jueves 21 de Febrero de 2019\nTemporada 2018-2019\nTorneo Clausura\nJornada 9\n21 Febrero 2019 - 16:00 hrs.,https://www.ligafemenil.mx/cancha/estadio/23/estadio-nou-camp,https://www.ligafemenil.mx/cancha/playlist/95649/leon-vs-m-morelia
2018-2019,"Clausura",Jueves 21 de Febrero de 2019\nTemporada 2018-2019\nTorneo Clausura\nJornada 9\n21 Febrero 2019 - 19:00 hrs.,https://www.ligafemenil.mx/cancha/estadio/11/estadio-hidalgo,https://www.ligafemenil.mx/cancha/playlist/95652/pachuca-vs-toluca
2018-2019,"Clausura",Jueves 21 de Febrero de 2019\nTemporada 2018-2019\nTorneo Clausura\nJornada 9\n21 Febrero 2019 - 21:00 hrs.,https://www.ligafemenil.mx/cancha/estadio/63/estadio-tsm-corona,https://www.ligafemenil.mx/cancha/playlist/95645/santos-laguna-vs-rayados-de-monterrey
2018-2019,"Clausura",Sábado 23 de Febrero de 2019\nTemporada 2018-2019\nTorneo Clausura\nJornada 10\n23 Febrero 2019 - 12:00 hrs.,https://www.ligafemenil.mx/cancha/estadio/1146/estadio-la-cantera-cancha-1,https://www.ligafemenil.mx/cancha/playlist/95657/pumas-vs-tijuana
2018-2019,"Clausura",Domingo 24 de Febrero de 2019\nTemporada 2018-2019\nTorneo Clausura\nJornada 10\n24 Febrero 2019 - 12:00 hrs.,https://www.ligafemenil.mx/cancha/estadio/5/estadio-jalisco,https://www.ligafemenil.mx/cancha/playlist/95660/atlas-vs-m-morelia
2018-2019,"Clausura",Domingo 24 de Febrero de 2019\nTemporada 2018-2019\nTorneo Clausura\nJornada 10\n24 Febrero 2019 - 16:00 hrs.,https://www.ligafemenil.mx/cancha/estadio/25/estadio-la-corregidora,https://www.ligafemenil.mx/cancha/playlist/95662/queretaro-vs-tigres-de-la-uanl
2018-2019,"Clausura",Lunes 25 de Febrero de 2019\nTemporada 2018-2019\nTorneo Clausura\nJornada 10\n25 Febrero 2019 - 16:00 hrs.,https://www.ligafemenil.mx/cancha/estadio/75/estadio-universitario-buap,https://www.ligafemenil.mx/cancha/playlist/95664/lobos-vs-toluca
2018-2019,"Clausura",Lunes 25 de Febrero de 2019\nTemporada 2018-2019\nTorneo Clausura\nJornada 10\n25 Febrero 2019 - 17:00 hrs.,https://www.ligafemenil.mx/cancha/estadio/57/estadio-luis-pirata-fuente,https://www.ligafemenil.mx/cancha/playlist/95666/veracruz-vs-puebla-fc
2018-2019,"Clausura",Lunes 25 de Febrero de 2019\nTemporada 2018-2019\nTorneo Clausura\nJornada 10\n25 Febrero 2019 - 19:00 hrs.,https://www.ligafemenil.mx/cancha/estadio/11/estadio-hidalgo,https://www.ligafemenil.mx/cancha/playlist/95668/pachuca-vs-cruz-azul
2018-2019,"Clausura",Lunes 25 de Febrero de 2019\nTemporada 2018-2019\nTorneo Clausura\nJornada 10\n25 Febrero 2019 - 20:00 hrs.,https://www.ligafemenil.mx/cancha/estadio/63/estadio-tsm-corona,https://www.ligafemenil.mx/cancha/playlist/95669/santos-laguna-vs-necaxa
2018-2019,"Clausura",Lunes 25 de Febrero de 2019\nTemporada 2018-2019\nTorneo Clausura\nJornada 10\n25 Febrero 2019 - 21:00 hrs.,https://www.ligafemenil.mx/cancha/estadio/23/estadio-nou-camp,https://www.ligafemenil.mx/cancha/playlist/95658/leon-vs-guadalajara
2018-2019,"Clausura",Viernes 1 de Marzo de 2019\nTemporada 2018-2019\nTorneo Clausura\nJornada 11\n1 Marzo 2019 - 15:45 hrs.,https://www.ligafemenil.mx/cancha/estadio/30/estadio-10-de-diciembre,https://www.ligafemenil.mx/cancha/playlist/95671/cruz-azul-vs-lobos
2018-2019,"Clausura",Viernes 1 de Marzo de 2019\nTemporada 2018-2019\nTorneo Clausura\nJornada 11\n1 Marzo 2019 - 16:00 hrs.,https://www.ligafemenil.mx/cancha/estadio/15/estadio-victoria,https://www.ligafemenil.mx/cancha/playlist/95672/necaxa-vs-rayados-de-monterrey
2018-2019,"Clausura",Domingo 3 de Marzo de 2019\nTemporada 2018-2019\nTorneo Clausura\nJornada 11\n3 Marzo 2019 - 12:00 hrs.,https://www.ligafemenil.mx/cancha/estadio/1415/estadio-complejo-deportivo-los-olivos,https://www.ligafemenil.mx/cancha/playlist/95673/puebla-fc-vs-pachuca
2018-2019,"Clausura",Domingo 3 de Marzo de 2019\nTemporada 2018-2019\nTorneo Clausura\nJornada 11\n3 Marzo 2019 - 12:00 hrs.,https://www.ligafemenil.mx/cancha/estadio/10/estadio-jose-maria-morelos-y-pavon,https://www.ligafemenil.mx/cancha/playlist/95674/m-morelia-vs-santos-laguna
2018-2019,"Clausura",Lunes 4 de Marzo de 2019\nTemporada 2018-2019\nTorneo Clausura\nJornada 11\n4 Marzo 2019 - 18:00 hrs.,https://www.ligafemenil.mx/cancha/estadio/6/estadio-nemesio-diez,https://www.ligafemenil.mx/cancha/playlist/95675/toluca-vs-america
2018-2019,"Clausura",Lunes 4 de Marzo de 2019\nTemporada 2018-2019\nTorneo Clausura\nJornada 11\n4 Marzo 2019 - 19:00 hrs.,https://www.ligafemenil.mx/cancha/estadio/1538/estadio-akron,https://www.ligafemenil.mx/cancha/playlist/95670/guadalajara-vs-atlas
2018-2019,"Clausura",Lunes 4 de Marzo de 2019\nTemporada 2018-2019\nTorneo Clausura\nJornada 11\n4 Marzo 2019 - 20:00 hrs.,https://www.ligafemenil.mx/cancha/estadio/12/estadio-universitario,https://www.ligafemenil.mx/cancha/playlist/95676/tigres-de-la-uanl-vs-leon
2018-2019,"Clausura",Lunes 4 de Marzo de 2019\nTemporada 2018-2019\nTorneo Clausura\nJornada 11\n4 Marzo 2019 - 19:00 hrs.,https://www.ligafemenil.mx/cancha/estadio/48/estadio-caliente,https://www.ligafemenil.mx/cancha/playlist/95677/tijuana-vs-veracruz
2018-2019,"Clausura",Viernes 8 de Marzo de 2019\nTemporada 2018-2019\nTorneo Clausura\nJornada 12\n8 Marzo 2019 - 19:00 hrs.,https://www.ligafemenil.mx/cancha/estadio/23/estadio-nou-camp,https://www.ligafemenil.mx/cancha/playlist/95680/leon-vs-queretaro
2018-2019,"Clausura",Sábado 9 de Marzo de 2019\nTemporada 2018-2019\nTorneo Clausura\nJornada 12\n9 Marzo 2019 - 11:00 hrs.,https://www.ligafemenil.mx/cancha/estadio/109/estadio-colomos,https://www.ligafemenil.mx/cancha/playlist/95681/atlas-vs-tigres-de-la-uanl
2018-2019,"Clausura",Sábado 9 de Marzo de 2019\nTemporada 2018-2019\nTorneo Clausura\nJornada 12\n9 Marzo 2019 - 12:00 hrs.,https://www.ligafemenil.mx/cancha/estadio/1421/estadio-cancha-centenario-no-5-natural-instalaciones-club-america,https://www.ligafemenil.mx/cancha/playlist/95683/america-vs-cruz-azul
2018-2019,"Clausura",Lunes 11 de Marzo de 2019\nTemporada 2018-2019\nTorneo Clausura\nJornada 12\n11 Marzo 2019 - 16:00 hrs.,https://www.ligafemenil.mx/cancha/estadio/57/estadio-luis-pirata-fuente,https://www.ligafemenil.mx/cancha/playlist/95684/veracruz-vs-pumas
2018-2019,"Clausura",Lunes 11 de Marzo de 2019\nTemporada 2018-2019\nTorneo Clausura\nJornada 12\n11 Marzo 2019 - 16:00 hrs.,https://www.ligafemenil.mx/cancha/estadio/75/estadio-universitario-buap,https://www.ligafemenil.mx/cancha/playlist/95682/lobos-vs-puebla-fc
2018-2019,"Clausura",Lunes 11 de Marzo de 2019\nTemporada 2018-2019\nTorneo Clausura\nJornada 12\n11 Marzo 2019 - 19:00 hrs.,https://www.ligafemenil.mx/cancha/estadio/793/estadio-bbva-bancomer,https://www.ligafemenil.mx/cancha/playlist/95678/rayados-de-monterrey-vs-m-morelia
2018-2019,"Clausura",Lunes 11 de Marzo de 2019\nTemporada 2018-2019\nTorneo Clausura\nJornada 12\n11 Marzo 2019 - 20:00 hrs.,https://www.ligafemenil.mx/cancha/estadio/48/estadio-caliente,https://www.ligafemenil.mx/cancha/playlist/95679/tijuana-vs-pachuca
2018-2019,"Clausura",Lunes 11 de Marzo de 2019\nTemporada 2018-2019\nTorneo Clausura\nJornada 12\n11 Marzo 2019 - 21:00 hrs.,https://www.ligafemenil.mx/cancha/estadio/63/estadio-tsm-corona,https://www.ligafemenil.mx/cancha/playlist/95685/santos-laguna-vs-guadalajara
2018-2019,"Clausura",Viernes 15 de Marzo de 2019\nTemporada 2018-2019\nTorneo Clausura\nJornada 13\n15 Marzo 2019 - 15:45 hrs.,https://www.ligafemenil.mx/cancha/estadio/30/estadio-10-de-diciembre,https://www.ligafemenil.mx/cancha/playlist/95544/cruz-azul-vs-toluca
2018-2019,"Clausura",Viernes 15 de Marzo de 2019\nTemporada 2018-2019\nTorneo Clausura\nJornada 13\n15 Marzo 2019 - 16:00 hrs.,https://www.ligafemenil.mx/cancha/estadio/25/estadio-la-corregidora,https://www.ligafemenil.mx/cancha/playlist/95545/queretaro-vs-atlas
2018-2019,"Clausura",Sábado 16 de Marzo de 2019\nTemporada 2018-2019\nTorneo Clausura\nJornada 13\n16 Marzo 2019 - 12:00 hrs.,https://www.ligafemenil.mx/cancha/estadio/1146/estadio-la-cantera-cancha-1,https://www.ligafemenil.mx/cancha/playlist/95548/pumas-vs-pachuca
2018-2019,"Clausura",Domingo 17 de Marzo de 2019\nTemporada 2018-2019\nTorneo Clausura\nJornada 13\n17 Marzo 2019 - 12:00 hrs.,https://www.ligafemenil.mx/cancha/estadio/9/estadio-cuauhtemoc,https://www.ligafemenil.mx/cancha/playlist/95550/puebla-fc-vs-america
2018-2019,"Clausura",Domingo 17 de Marzo de 2019\nTemporada 2018-2019\nTorneo Clausura\nJornada 13\n17 Marzo 2019 - 12:00 hrs.,https://www.ligafemenil.mx/cancha/estadio/10/estadio-jose-maria-morelos-y-pavon,https://www.ligafemenil.mx/cancha/playlist/95554/m-morelia-vs-necaxa
2018-2019,"Clausura",Lunes 18 de Marzo de 2019\nTemporada 2018-2019\nTorneo Clausura\nJornada 13\n18 Marzo 2019 - 19:00 hrs.,https://www.ligafemenil.mx/cancha/estadio/1538/estadio-akron,https://www.ligafemenil.mx/cancha/playlist/95552/guadalajara-vs-rayados-de-monterrey
2018-2019,"Clausura",Lunes 18 de Marzo de 2019\nTemporada 2018-2019\nTorneo Clausura\nJornada 13\n18 Marzo 2019 - 20:00 hrs.,https://www.ligafemenil.mx/cancha/estadio/12/estadio-universitario,https://www.ligafemenil.mx/cancha/playlist/95555/tigres-de-la-uanl-vs-santos-laguna
2018-2019,"Clausura",Lunes 18 de Marzo de 2019\nTemporada 2018-2019\nTorneo Clausura\nJornada 13\n18 Marzo 2019 - 20:00 hrs.,https://www.ligafemenil.mx/cancha/estadio/48/estadio-caliente,https://www.ligafemenil.mx/cancha/playlist/95557/tijuana-vs-lobos
2018-2019,"Clausura",Viernes 22 de Marzo de 2019\nTemporada 2018-2019\nTorneo Clausura\nJornada 14\n22 Marzo 2019 - 16:00 hrs.,https://www.ligafemenil.mx/cancha/estadio/15/estadio-victoria,https://www.ligafemenil.mx/cancha/playlist/95559/necaxa-vs-guadalajara
2018-2019,"Clausura",Sábado 23 de Marzo de 2019\nTemporada 2018-2019\nTorneo Clausura\nJornada 14\n23 Marzo 2019 - 11:00 hrs.,https://www.ligafemenil.mx/cancha/estadio/109/estadio-colomos,https://www.ligafemenil.mx/cancha/playlist/95562/atlas-vs-leon
2018-2019,"Clausura",Sábado 23 de Marzo de 2019\nTemporada 2018-2019\nTorneo Clausura\nJornada 14\n23 Marzo 2019 - 12:00 hrs.,https://www.ligafemenil.mx/cancha/estadio/1/estadio-azteca,https://www.ligafemenil.mx/cancha/playlist/95578/america-vs-tijuana
2018-2019,"Clausura",Lunes 25 de Marzo de 2019\nTemporada 2018-2019\nTorneo Clausura\nJornada 14\n25 Marzo 2019 - 16:00 hrs.,https://www.ligafemenil.mx/cancha/estadio/75/estadio-universitario-buap,https://www.ligafemenil.mx/cancha/playlist/95567/lobos-vs-pumas
2018-2019,"Clausura",Lunes 25 de Marzo de 2019\nTemporada 2018-2019\nTorneo Clausura\nJornada 14\n25 Marzo 2019 - 18:00 hrs.,https://www.ligafemenil.mx/cancha/estadio/6/estadio-nemesio-diez,https://www.ligafemenil.mx/cancha/playlist/95572/toluca-vs-puebla-fc
2018-2019,"Clausura",Lunes 25 de Marzo de 2019\nTemporada 2018-2019\nTorneo Clausura\nJornada 14\n25 Marzo 2019 - 19:00 hrs.,https://www.ligafemenil.mx/cancha/estadio/11/estadio-hidalgo,https://www.ligafemenil.mx/cancha/playlist/95575/pachuca-vs-veracruz
2018-2019,"Clausura",Lunes 25 de Marzo de 2019\nTemporada 2018-2019\nTorneo Clausura\nJornada 14\n25 Marzo 2019 - 19:00 hrs.,https://www.ligafemenil.mx/cancha/estadio/793/estadio-bbva-bancomer,https://www.ligafemenil.mx/cancha/playlist/95564/rayados-de-monterrey-vs-tigres-de-la-uanl
2018-2019,"Clausura",Lunes 25 de Marzo de 2019\nTemporada 2018-2019\nTorneo Clausura\nJornada 14\n25 Marzo 2019 - 21:00 hrs.,https://www.ligafemenil.mx/cancha/estadio/63/estadio-tsm-corona,https://www.ligafemenil.mx/cancha/playlist/95583/santos-laguna-vs-queretaro
2018-2019,"Clausura",Viernes 29 de Marzo de 2019\nTemporada 2018-2019\nTorneo Clausura\nJornada 15\n29 Marzo 2019 - 16:00 hrs.,https://www.ligafemenil.mx/cancha/estadio/25/estadio-la-corregidora,https://www.ligafemenil.mx/cancha/playlist/95586/queretaro-vs-rayados-de-monterrey
2018-2019,"Clausura",Viernes 29 de Marzo de 2019\nTemporada 2018-2019\nTorneo Clausura\nJornada 15\n29 Marzo 2019 - 20:25 hrs.,https://www.ligafemenil.mx/cancha/estadio/12/estadio-universitario,https://www.ligafemenil.mx/cancha/playlist/95600/tigres-de-la-uanl-vs-necaxa
2018-2019,"Clausura",Sábado 30 de Marzo de 2019\nTemporada 2018-2019\nTorneo Clausura\nJornada 15\n30 Marzo 2019 - 12:00 hrs.,https://www.ligafemenil.mx/cancha/estadio/1146/estadio-la-cantera-cancha-1,https://www.ligafemenil.mx/cancha/playlist/95590/pumas-vs-america
2018-2019,"Clausura",Domingo 31 de Marzo de 2019\nTemporada 2018-2019\nTorneo Clausura\nJornada 15\n31 Marzo 2019 - 09:00 hrs.,https://www.ligafemenil.mx/cancha/estadio/1554/estadio-verde-valle-2,https://www.ligafemenil.mx/cancha/playlist/95593/guadalajara-vs-m-morelia
2018-2019,"Clausura",Domingo 31 de Marzo de 2019\nTemporada 2018-2019\nTorneo Clausura\nJornada 15\n31 Marzo 2019 - 10:00 hrs.,https://www.ligafemenil.mx/cancha/estadio/57/estadio-luis-pirata-fuente,https://www.ligafemenil.mx/cancha/playlist/95595/veracruz-vs-lobos
2018-2019,"Clausura",Domingo 31 de Marzo de 2019\nTemporada 2018-2019\nTorneo Clausura\nJornada 15\n31 Marzo 2019 - 12:00 hrs.,https://www.ligafemenil.mx/cancha/estadio/9/estadio-cuauhtemoc,https://www.ligafemenil.mx/cancha/playlist/95592/puebla-fc-vs-cruz-azul
2018-2019,"Clausura",Lunes 1 de Abril de 2019\nTemporada 2018-2019\nTorneo Clausura\nJornada 15\n1 Abril 2019 - 18:00 hrs.,https://www.ligafemenil.mx/cancha/estadio/6/estadio-nemesio-diez,https://www.ligafemenil.mx/cancha/playlist/95597/toluca-vs-tijuana
2018-2019,"Clausura",Lunes 1 de Abril de 2019\nTemporada 2018-2019\nTorneo Clausura\nJornada 15\n1 Abril 2019 - 21:00 hrs.,https://www.ligafemenil.mx/cancha/estadio/23/estadio-nou-camp,https://www.ligafemenil.mx/cancha/playlist/95588/leon-vs-santos-laguna
2018-2019,"Clausura",Viernes 5 de Abril de 2019\nTemporada 2018-2019\nTorneo Clausura\nJornada 16\n5 Abril 2019 - 16:00 hrs.,https://www.ligafemenil.mx/cancha/estadio/15/estadio-victoria,https://www.ligafemenil.mx/cancha/playlist/95606/necaxa-vs-queretaro
2018-2019,"Clausura",Viernes 5 de Abril de 2019\nTemporada 2018-2019\nTorneo Clausura\nJornada 16\n5 Abril 2019 - 16:00 hrs.,https://www.ligafemenil.mx/cancha/estadio/30/estadio-10-de-diciembre,https://www.ligafemenil.mx/cancha/playlist/95604/cruz-azul-vs-tijuana
2018-2019,"Clausura",Sábado 6 de Abril de 2019\nTemporada 2018-2019\nTorneo Clausura\nJornada 16\n6 Abril 2019 - 12:00 hrs.,https://www.ligafemenil.mx/cancha/estadio/1421/estadio-cancha-centenario-no-5-natural-instalaciones-club-america,https://www.ligafemenil.mx/cancha/playlist/95614/america-vs-veracruz
2018-2019,"Clausura",Lunes 8 de Abril de 2019\nTemporada 2018-2019\nTorneo Clausura\nJornada 16\n8 Abril 2019 - 16:00 hrs.,https://www.ligafemenil.mx/cancha/estadio/75/estadio-universitario-buap,https://www.ligafemenil.mx/cancha/playlist/95607/lobos-vs-pachuca
2018-2019,"Clausura",Lunes 8 de Abril de 2019\nTemporada 2018-2019\nTorneo Clausura\nJornada 16\n8 Abril 2019 - 16:00 hrs.,https://www.ligafemenil.mx/cancha/estadio/10/estadio-jose-maria-morelos-y-pavon,https://www.ligafemenil.mx/cancha/playlist/95608/m-morelia-vs-tigres-de-la-uanl
2018-2019,"Clausura",Lunes 8 de Abril de 2019\nTemporada 2018-2019\nTorneo Clausura\nJornada 16\n8 Abril 2019 - 18:00 hrs.,https://www.ligafemenil.mx/cancha/estadio/6/estadio-nemesio-diez,https://www.ligafemenil.mx/cancha/playlist/95609/toluca-vs-pumas
2018-2019,"Clausura",Lunes 8 de Abril de 2019\nTemporada 2018-2019\nTorneo Clausura\nJornada 16\n8 Abril 2019 - 19:00 hrs.,https://www.ligafemenil.mx/cancha/estadio/793/estadio-bbva-bancomer,https://www.ligafemenil.mx/cancha/playlist/95617/rayados-de-monterrey-vs-leon
2018-2019,"Clausura",Lunes 8 de Abril de 2019\nTemporada 2018-2019\nTorneo Clausura\nJornada 16\n8 Abril 2019 - 21:00 hrs.,https://www.ligafemenil.mx/cancha/estadio/63/estadio-tsm-corona,https://www.ligafemenil.mx/cancha/playlist/95619/santos-laguna-vs-atlas
2018-2019,"Clausura",Viernes 12 de Abril de 2019\nTemporada 2018-2019\nTorneo Clausura\nJornada 17\n12 Abril 2019 - 16:00 hrs.,https://www.ligafemenil.mx/cancha/estadio/25/estadio-la-corregidora,https://www.ligafemenil.mx/cancha/playlist/95622/queretaro-vs-m-morelia
2018-2019,"Clausura",Sábado 13 de Abril de 2019\nTemporada 2018-2019\nTorneo Clausura\nJornada 17\n13 Abril 2019 - 11:00 hrs.,https://www.ligafemenil.mx/cancha/estadio/109/estadio-colomos,https://www.ligafemenil.mx/cancha/playlist/95623/atlas-vs-rayados-de-monterrey
2018-2019,"Clausura",Sábado 13 de Abril de 2019\nTemporada 2018-2019\nTorneo Clausura\nJornada 17\n13 Abril 2019 - 12:00 hrs.,https://www.ligafemenil.mx/cancha/estadio/1146/estadio-la-cantera-cancha-1,https://www.ligafemenil.mx/cancha/playlist/95628/pumas-vs-cruz-azul
2018-2019,"Clausura",Lunes 15 de Abril de 2019\nTemporada 2018-2019\nTorneo Clausura\nJornada 17\n15 Abril 2019 - 17:00 hrs.,https://www.ligafemenil.mx/cancha/estadio/57/estadio-luis-pirata-fuente,https://www.ligafemenil.mx/cancha/playlist/95630/veracruz-vs-toluca
2018-2019,"Clausura",Lunes 15 de Abril de 2019\nTemporada 2018-2019\nTorneo Clausura\nJornada 17\n15 Abril 2019 - 19:00 hrs.,https://www.ligafemenil.mx/cancha/estadio/11/estadio-hidalgo,https://www.ligafemenil.mx/cancha/playlist/95632/pachuca-vs-america
2018-2019,"Clausura",Lunes 15 de Abril de 2019\nTemporada 2018-2019\nTorneo Clausura\nJornada 17\n15 Abril 2019 - 20:00 hrs.,https://www.ligafemenil.mx/cancha/estadio/12/estadio-universitario,https://www.ligafemenil.mx/cancha/playlist/95643/tigres-de-la-uanl-vs-guadalajara
2018-2019,"Clausura",Lunes 15 de Abril de 2019\nTemporada 2018-2019\nTorneo Clausura\nJornada 17\n15 Abril 2019 - 21:00 hrs.,https://www.ligafemenil.mx/cancha/estadio/23/estadio-nou-camp,https://www.ligafemenil.mx/cancha/playlist/95647/leon-vs-necaxa
2018-2019,"Clausura",Lunes 15 de Abril de 2019\nTemporada 2018-2019\nTorneo Clausura\nJornada 17\n15 Abril 2019 - 19:00 hrs.,https://www.ligafemenil.mx/cancha/estadio/48/estadio-caliente,https://www.ligafemenil.mx/cancha/playlist/95651/tijuana-vs-puebla-fc
2018-2019,"Clausura",Viernes 19 de Abril de 2019\nTemporada 2018-2019\nTorneo Clausura\nJornada 18\n19 Abril 2019 - 16:00 hrs.,https://www.ligafemenil.mx/cancha/estadio/30/estadio-10-de-diciembre,https://www.ligafemenil.mx/cancha/playlist/95653/cruz-azul-vs-veracruz
2018-2019,"Clausura",Viernes 19 de Abril de 2019\nTemporada 2018-2019\nTorneo Clausura\nJornada 18\n19 Abril 2019 - 16:00 hrs.,https://www.ligafemenil.mx/cancha/estadio/15/estadio-victoria,https://www.ligafemenil.mx/cancha/playlist/95655/necaxa-vs-atlas
2018-2019,"Clausura",Viernes 19 de Abril de 2019\nTemporada 2018-2019\nTorneo Clausura\nJornada 18\n19 Abril 2019 - 18:00 hrs.,https://www.ligafemenil.mx/cancha/estadio/793/estadio-bbva-bancomer,https://www.ligafemenil.mx/cancha/playlist/95667/rayados-de-monterrey-vs-santos-laguna
2018-2019,"Clausura",Sábado 20 de Abril de 2019\nTemporada 2018-2019\nTorneo Clausura\nJornada 18\n20 Abril 2019 - 12:00 hrs.,https://www.ligafemenil.mx/cancha/estadio/1421/estadio-cancha-centenario-no-5-natural-instalaciones-club-america,https://www.ligafemenil.mx/cancha/playlist/95665/america-vs-lobos
2018-2019,"Clausura",Domingo 21 de Abril de 2019\nTemporada 2018-2019\nTorneo Clausura\nJornada 18\n21 Abril 2019 - 12:00 hrs.,https://www.ligafemenil.mx/cancha/estadio/9/estadio-cuauhtemoc,https://www.ligafemenil.mx/cancha/playlist/95656/puebla-fc-vs-pumas
2018-2019,"Clausura",Domingo 21 de Abril de 2019\nTemporada 2018-2019\nTorneo Clausura\nJornada 18\n21 Abril 2019 - 12:30 hrs.,https://www.ligafemenil.mx/cancha/estadio/36/estadio-verde-valle,https://www.ligafemenil.mx/cancha/playlist/95659/guadalajara-vs-queretaro
2018-2019,"Clausura",Lunes 22 de Abril de 2019\nTemporada 2018-2019\nTorneo Clausura\nJornada 18\n22 Abril 2019 - 16:00 hrs.,https://www.ligafemenil.mx/cancha/estadio/10/estadio-jose-maria-morelos-y-pavon,https://www.ligafemenil.mx/cancha/playlist/95661/m-morelia-vs-leon
2018-2019,"Clausura",Lunes 22 de Abril de 2019\nTemporada 2018-2019\nTorneo Clausura\nJornada 18\n22 Abril 2019 - 18:00 hrs.,https://www.ligafemenil.mx/cancha/estadio/6/estadio-nemesio-diez,https://www.ligafemenil.mx/cancha/playlist/95663/toluca-vs-pachuca
2018-2019,"Clausura",Miércoles 24 de Abril de 2019\nTemporada 2018-2019\nTorneo Clausura\nCuartos Ida\n24 Abril 2019 - 16:00 hrs.,https://www.ligafemenil.mx/cancha/estadio/1146/estadio-la-cantera-cancha-1,https://www.ligafemenil.mx/cancha/playlist/97966/pumas-vs-rayados-de-monterrey
2018-2019,"Clausura",Jueves 25 de Abril de 2019\nTemporada 2018-2019\nTorneo Clausura\nCuartos Ida\n25 Abril 2019 - 17:00 hrs.,https://www.ligafemenil.mx/cancha/estadio/109/estadio-colomos,https://www.ligafemenil.mx/cancha/playlist/97969/atlas-vs-pachuca
2018-2019,"Clausura",Jueves 25 de Abril de 2019\nTemporada 2018-2019\nTorneo Clausura\nCuartos Ida\n25 Abril 2019 - 19:00 hrs.,https://www.ligafemenil.mx/cancha/estadio/9/estadio-cuauhtemoc,https://www.ligafemenil.mx/cancha/playlist/97968/puebla-fc-vs-tigres-de-la-uanl
2018-2019,"Clausura",Jueves 25 de Abril de 2019\nTemporada 2018-2019\nTorneo Clausura\nCuartos Ida\n25 Abril 2019 - 21:00 hrs.,https://www.ligafemenil.mx/cancha/estadio/23/estadio-nou-camp,https://www.ligafemenil.mx/cancha/playlist/97967/leon-vs-america
2018-2019,"Clausura",Sábado 27 de Abril de 2019\nTemporada 2018-2019\nTorneo Clausura\nCuartos Vuelta\n27 Abril 2019 - 21:06 hrs.,https://www.ligafemenil.mx/cancha/estadio/793/estadio-bbva-bancomer,https://www.ligafemenil.mx/cancha/playlist/97970/rayados-de-monterrey-vs-pumas
2018-2019,"Clausura",Domingo 28 de Abril de 2019\nTemporada 2018-2019\nTorneo Clausura\nCuartos Vuelta\n28 Abril 2019 - 16:00 hrs.,https://www.ligafemenil.mx/cancha/estadio/1/estadio-azteca,https://www.ligafemenil.mx/cancha/playlist/97971/america-vs-leon
2018-2019,"Clausura",Lunes 29 de Abril de 2019\nTemporada 2018-2019\nTorneo Clausura\nCuartos Vuelta\n29 Abril 2019 - 19:00 hrs.,https://www.ligafemenil.mx/cancha/estadio/11/estadio-hidalgo,https://www.ligafemenil.mx/cancha/playlist/97973/pachuca-vs-atlas
2018-2019,"Clausura",Lunes 29 de Abril de 2019\nTemporada 2018-2019\nTorneo Clausura\nCuartos Vuelta\n29 Abril 2019 - 20:00 hrs.,https://www.ligafemenil.mx/cancha/estadio/12/estadio-universitario,https://www.ligafemenil.mx/cancha/playlist/97972/tigres-de-la-uanl-vs-puebla-fc
2018-2019,"Clausura",Jueves 2 de Mayo de 2019\nTemporada 2018-2019\nTorneo Clausura\nSemifinal Ida\n2 Mayo 2019 - 21:00 hrs.,https://www.ligafemenil.mx/cancha/estadio/12/estadio-universitario,https://www.ligafemenil.mx/cancha/playlist/97983/tigres-de-la-uanl-vs-america
2018-2019,"Clausura",Viernes 3 de Mayo de 2019\nTemporada 2018-2019\nTorneo Clausura\nSemifinal Ida\n3 Mayo 2019 - 19:00 hrs.,https://www.ligafemenil.mx/cancha/estadio/11/estadio-hidalgo,https://www.ligafemenil.mx/cancha/playlist/97982/pachuca-vs-rayados-de-monterrey
2018-2019,"Clausura",Domingo 5 de Mayo de 2019\nTemporada 2018-2019\nTorneo Clausura\nSemifinal Vuelta\n5 Mayo 2019 - 16:00 hrs.,https://www.ligafemenil.mx/cancha/estadio/1/estadio-azteca,https://www.ligafemenil.mx/cancha/playlist/97985/america-vs-tigres-de-la-uanl
2018-2019,"Clausura",Lunes 6 de Mayo de 2019\nTemporada 2018-2019\nTorneo Clausura\nSemifinal Vuelta\n6 Mayo 2019 - 21:00 hrs.,https://www.ligafemenil.mx/cancha/estadio/793/estadio-bbva-bancomer,https://www.ligafemenil.mx/cancha/playlist/97984/rayados-de-monterrey-vs-pachuca
2018-2019,"Clausura",Viernes 10 de Mayo de 2019\nTemporada 2018-2019\nTorneo Clausura\nFinal Ida\n10 Mayo 2019 - 21:00 hrs.,https://www.ligafemenil.mx/cancha/estadio/12/estadio-universitario,https://www.ligafemenil.mx/cancha/playlist/98100/tigres-de-la-uanl-vs-rayados-de-monterrey
2018-2019,"Clausura",Lunes 13 de Mayo de 2019\nTemporada 2018-2019\nTorneo Clausura\nFinal Vuelta\n13 Mayo 2019 - 20:00 hrs.,https://www.ligafemenil.mx/cancha/estadio/793/estadio-bbva-bancomer,https://www.ligafemenil.mx/cancha/playlist/98101/rayados-de-monterrey-vs-tigres-de-la-uanl
2020-2021,"Apertura",Jueves 13 de Agosto de 2020\nTemporada 2020-2021\nTorneo Apertura\nJornada 1\n13 Agosto 2020 - 17:00 hrs.,https://www.ligafemenil.mx/cancha/estadio/17/estadio-olimpico-benito-juarez,https://www.ligafemenil.mx/cancha/playlist/117099/fc-juarez-vs-guadalajara
2020-2021,"Apertura",Viernes 14 de Agosto de 2020\nTemporada 2020-2021\nTorneo Apertura\nJornada 1\n14 Agosto 2020 - 16:00 hrs.,https://www.ligafemenil.mx/cancha/estadio/30/estadio-10-de-diciembre,https://www.ligafemenil.mx/cancha/playlist/117100/cruz-azul-vs-america
2020-2021,"Apertura",Sábado 15 de Agosto de 2020\nTemporada 2020-2021\nTorneo Apertura\nJornada 1\n15 Agosto 2020 - 10:00 hrs.,https://www.ligafemenil.mx/cancha/estadio/109/estadio-colomos,https://www.ligafemenil.mx/cancha/playlist/117101/atlas-vs-mazatlan-fc
2020-2021,"Apertura",Domingo 16 de Agosto de 2020\nTemporada 2020-2021\nTorneo Apertura\nJornada 1\n16 Agosto 2020 - 10:30 hrs.,https://www.ligafemenil.mx/cancha/estadio/675/estadio-el-barrial,https://www.ligafemenil.mx/cancha/playlist/117103/rayados-de-monterrey-vs-puebla-fc
2020-2021,"Apertura",Domingo 16 de Agosto de 2020\nTemporada 2020-2021\nTorneo Apertura\nJornada 1\n16 Agosto 2020 - 17:00 hrs.,https://www.ligafemenil.mx/cancha/estadio/14/estadio-alfonso-lastras-ramirez,https://www.ligafemenil.mx/cancha/playlist/117104/club-atletico-de-san-luis-vs-gallos-blancos-de-queretaro
2020-2021,"Apertura",Lunes 17 de Agosto de 2020\nTemporada 2020-2021\nTorneo Apertura\nJornada 1\n17 Agosto 2020 - 16:00 hrs.,https://www.ligafemenil.mx/cancha/estadio/1547/estadio-instalaciones-metepec-cancha-2,https://www.ligafemenil.mx/cancha/playlist/117105/toluca-vs-tigres-de-la-uanl
2020-2021,"Apertura",Lunes 17 de Agosto de 2020\nTemporada 2020-2021\nTorneo Apertura\nJornada 1\n17 Agosto 2020 - 17:00 hrs.,https://www.ligafemenil.mx/cancha/estadio/11/estadio-hidalgo,https://www.ligafemenil.mx/cancha/playlist/117106/pachuca-vs-necaxa
2020-2021,"Apertura",Lunes 17 de Agosto de 2020\nTemporada 2020-2021\nTorneo Apertura\nJornada 1\n17 Agosto 2020 - 17:00 hrs.,https://www.ligafemenil.mx/cancha/estadio/48/estadio-caliente,https://www.ligafemenil.mx/cancha/playlist/117107/tijuana-vs-leon
2020-2021,"Apertura",Jueves 20 de Agosto de 2020\nTemporada 2020-2021\nTorneo Apertura\nJornada 2\n20 Agosto 2020 - 16:00 hrs.,https://www.ligafemenil.mx/cancha/estadio/30/estadio-10-de-diciembre,https://www.ligafemenil.mx/cancha/playlist/117108/cruz-azul-vs-atlas
2020-2021,"Apertura",Viernes 21 de Agosto de 2020\nTemporada 2020-2021\nTorneo Apertura\nJornada 2\n21 Agosto 2020 - 17:00 hrs.,https://www.ligafemenil.mx/cancha/estadio/25/estadio-la-corregidora,https://www.ligafemenil.mx/cancha/playlist/117109/gallos-blancos-de-queretaro-vs-fc-juarez
2020-2021,"Apertura",Sábado 22 de Agosto de 2020\nTemporada 2020-2021\nTorneo Apertura\nJornada 2\n22 Agosto 2020 - 09:00 hrs.,https://www.ligafemenil.mx/cancha/estadio/1697/estadio-mazatlan,https://www.ligafemenil.mx/cancha/playlist/117110/mazatlan-fc-vs-tigres-de-la-uanl
2020-2021,"Apertura",Sábado 22 de Agosto de 2020\nTemporada 2020-2021\nTorneo Apertura\nJornada 2\n22 Agosto 2020 - 12:00 hrs.,https://www.ligafemenil.mx/cancha/estadio/1611/estadio-la-cantera-1-cancha-1,https://www.ligafemenil.mx/cancha/playlist/117111/pumas-vs-toluca
2020-2021,"Apertura",Domingo 23 de Agosto de 2020\nTemporada 2020-2021\nTorneo Apertura\nJornada 2\n23 Agosto 2020 - 10:00 hrs.,https://www.ligafemenil.mx/cancha/estadio/36/estadio-verde-valle,https://www.ligafemenil.mx/cancha/playlist/117112/guadalajara-vs-necaxa
2020-2021,"Apertura",Domingo 23 de Agosto de 2020\nTemporada 2020-2021\nTorneo Apertura\nJornada 2\n23 Agosto 2020 - 12:00 hrs.,https://www.ligafemenil.mx/cancha/estadio/9/estadio-cuauhtemoc,https://www.ligafemenil.mx/cancha/playlist/117113/puebla-fc-vs-tijuana
2020-2021,"Apertura",Lunes 24 de Agosto de 2020\nTemporada 2020-2021\nTorneo Apertura\nJornada 2\n24 Agosto 2020 - 16:00 hrs.,https://www.ligafemenil.mx/cancha/estadio/1421/estadio-cancha-centenario-no-5-natural-instalaciones-club-america,https://www.ligafemenil.mx/cancha/playlist/117114/america-vs-club-atletico-de-san-luis
2020-2021,"Apertura",Lunes 24 de Agosto de 2020\nTemporada 2020-2021\nTorneo Apertura\nJornada 2\n24 Agosto 2020 - 19:00 hrs.,https://www.ligafemenil.mx/cancha/estadio/23/estadio-nou-camp,https://www.ligafemenil.mx/cancha/playlist/117115/leon-vs-pachuca
2020-2021,"Apertura",Miércoles 26 de Agosto de 2020\nTemporada 2020-2021\nTorneo Apertura\nJornada 2\n26 Agosto 2020 - 21:00 hrs.,https://www.ligafemenil.mx/cancha/estadio/63/estadio-tsm-corona,https://www.ligafemenil.mx/cancha/playlist/117116/santos-laguna-vs-rayados-de-monterrey
2020-2021,"Apertura",Jueves 27 de Agosto de 2020\nTemporada 2020-2021\nTorneo Apertura\nJornada 3\n27 Agosto 2020 - 16:00 hrs.,https://www.ligafemenil.mx/cancha/estadio/1547/estadio-instalaciones-metepec-cancha-2,https://www.ligafemenil.mx/cancha/playlist/117117/toluca-vs-guadalajara
2020-2021,"Apertura",Viernes 28 de Agosto de 2020\nTemporada 2020-2021\nTorneo Apertura\nJornada 3\n28 Agosto 2020 - 16:00 hrs.,https://www.ligafemenil.mx/cancha/estadio/15/estadio-victoria,https://www.ligafemenil.mx/cancha/playlist/117118/necaxa-vs-mazatlan-fc
2020-2021,"Apertura",Sábado 29 de Agosto de 2020\nTemporada 2020-2021\nTorneo Apertura\nJornada 3\n29 Agosto 2020 - 10:00 hrs.,https://www.ligafemenil.mx/cancha/estadio/109/estadio-colomos,https://www.ligafemenil.mx/cancha/playlist/117119/atlas-vs-gallos-blancos-de-queretaro
2020-2021,"Apertura",Domingo 30 de Agosto de 2020\nTemporada 2020-2021\nTorneo Apertura\nJornada 3\n30 Agosto 2020 - 09:30 hrs.,https://www.ligafemenil.mx/cancha/estadio/12/estadio-universitario,https://www.ligafemenil.mx/cancha/playlist/117120/tigres-de-la-uanl-vs-santos-laguna
2020-2021,"Apertura",Domingo 30 de Agosto de 2020\nTemporada 2020-2021\nTorneo Apertura\nJornada 3\n30 Agosto 2020 - 17:00 hrs.,https://www.ligafemenil.mx/cancha/estadio/14/estadio-alfonso-lastras-ramirez,https://www.ligafemenil.mx/cancha/playlist/117121/club-atletico-de-san-luis-vs-puebla-fc
2020-2021,"Apertura",Domingo 30 de Agosto de 2020\nTemporada 2020-2021\nTorneo Apertura\nJornada 3\n30 Agosto 2020 - 18:00 hrs.,https://www.ligafemenil.mx/cancha/estadio/17/estadio-olimpico-benito-juarez,https://www.ligafemenil.mx/cancha/playlist/117122/fc-juarez-vs-pumas
2020-2021,"Apertura",Lunes 31 de Agosto de 2020\nTemporada 2020-2021\nTorneo Apertura\nJornada 3\n31 Agosto 2020 - 17:00 hrs.,https://www.ligafemenil.mx/cancha/estadio/11/estadio-hidalgo,https://www.ligafemenil.mx/cancha/playlist/117123/pachuca-vs-cruz-azul
2020-2021,"Apertura",Lunes 31 de Agosto de 2020\nTemporada 2020-2021\nTorneo Apertura\nJornada 3\n31 Agosto 2020 - 19:00 hrs.,https://www.ligafemenil.mx/cancha/estadio/1608/estadio-bbva,https://www.ligafemenil.mx/cancha/playlist/117124/rayados-de-monterrey-vs-leon
2020-2021,"Apertura",Lunes 31 de Agosto de 2020\nTemporada 2020-2021\nTorneo Apertura\nJornada 3\n31 Agosto 2020 - 17:00 hrs.,https://www.ligafemenil.mx/cancha/estadio/48/estadio-caliente,https://www.ligafemenil.mx/cancha/playlist/117125/tijuana-vs-america
2020-2021,"Apertura",Miércoles 2 de Septiembre de 2020\nTemporada 2020-2021\nTorneo Apertura\nJornada 1\n2 Septiembre 2020 - 12:00 hrs.,https://www.ligafemenil.mx/cancha/estadio/1611/estadio-la-cantera-1-cancha-1,https://www.ligafemenil.mx/cancha/playlist/117102/pumas-vs-santos-laguna
2020-2021,"Apertura",Jueves 3 de Septiembre de 2020\nTemporada 2020-2021\nTorneo Apertura\nJornada 4\n3 Septiembre 2020 - 16:00 hrs.,https://www.ligafemenil.mx/cancha/estadio/1421/estadio-cancha-centenario-no-5-natural-instalaciones-club-america,https://www.ligafemenil.mx/cancha/playlist/117126/america-vs-necaxa
2020-2021,"Apertura",Viernes 4 de Septiembre de 2020\nTemporada 2020-2021\nTorneo Apertura\nJornada 4\n4 Septiembre 2020 - 16:00 hrs.,https://www.ligafemenil.mx/cancha/estadio/30/estadio-10-de-diciembre,https://www.ligafemenil.mx/cancha/playlist/117127/cruz-azul-vs-rayados-de-monterrey
2020-2021,"Apertura",Sábado 5 de Septiembre de 2020\nTemporada 2020-2021\nTorneo Apertura\nJornada 4\n5 Septiembre 2020 - 12:00 hrs.,https://www.ligafemenil.mx/cancha/estadio/25/estadio-la-corregidora,https://www.ligafemenil.mx/cancha/playlist/117128/gallos-blancos-de-queretaro-vs-pumas
2020-2021,"Apertura",Domingo 6 de Septiembre de 2020\nTemporada 2020-2021\nTorneo Apertura\nJornada 4\n6 Septiembre 2020 - 09:30 hrs.,https://www.ligafemenil.mx/cancha/estadio/12/estadio-universitario,https://www.ligafemenil.mx/cancha/playlist/117129/tigres-de-la-uanl-vs-tijuana
2020-2021,"Apertura",Domingo 6 de Septiembre de 2020\nTemporada 2020-2021\nTorneo Apertura\nJornada 4\n6 Septiembre 2020 - 12:00 hrs.,https://www.ligafemenil.mx/cancha/estadio/9/estadio-cuauhtemoc,https://www.ligafemenil.mx/cancha/playlist/117130/puebla-fc-vs-toluca
2020-2021,"Apertura",Domingo 6 de Septiembre de 2020\nTemporada 2020-2021\nTorneo Apertura\nJornada 4\n6 Septiembre 2020 - 17:00 hrs.,https://www.ligafemenil.mx/cancha/estadio/14/estadio-alfonso-lastras-ramirez,https://www.ligafemenil.mx/cancha/playlist/117131/club-atletico-de-san-luis-vs-pachuca
2020-2021,"Apertura",Lunes 7 de Septiembre de 2020\nTemporada 2020-2021\nTorneo Apertura\nJornada 4\n7 Septiembre 2020 - 19:00 hrs.,https://www.ligafemenil.mx/cancha/estadio/1538/estadio-akron,https://www.ligafemenil.mx/cancha/playlist/117132/guadalajara-vs-mazatlan-fc
2020-2021,"Apertura",Lunes 7 de Septiembre de 2020\nTemporada 2020-2021\nTorneo Apertura\nJornada 4\n7 Septiembre 2020 - 19:00 hrs.,https://www.ligafemenil.mx/cancha/estadio/23/estadio-nou-camp,https://www.ligafemenil.mx/cancha/playlist/117133/leon-vs-fc-juarez
2020-2021,"Apertura",Lunes 7 de Septiembre de 2020\nTemporada 2020-2021\nTorneo Apertura\nJornada 4\n7 Septiembre 2020 - 21:00 hrs.,https://www.ligafemenil.mx/cancha/estadio/63/estadio-tsm-corona,https://www.ligafemenil.mx/cancha/playlist/117134/santos-laguna-vs-atlas
2020-2021,"Apertura",Jueves 10 de Septiembre de 2020\nTemporada 2020-2021\nTorneo Apertura\nJornada 5\n10 Septiembre 2020 - 16:00 hrs.,https://www.ligafemenil.mx/cancha/estadio/109/estadio-colomos,https://www.ligafemenil.mx/cancha/playlist/117135/atlas-vs-tijuana
2020-2021,"Apertura",Viernes 11 de Septiembre de 2020\nTemporada 2020-2021\nTorneo Apertura\nJornada 5\n11 Septiembre 2020 - 16:00 hrs.,https://www.ligafemenil.mx/cancha/estadio/30/estadio-10-de-diciembre,https://www.ligafemenil.mx/cancha/playlist/117136/cruz-azul-vs-tigres-de-la-uanl
2020-2021,"Apertura",Sábado 12 de Septiembre de 2020\nTemporada 2020-2021\nTorneo Apertura\nJornada 5\n12 Septiembre 2020 - 09:00 hrs.,https://www.ligafemenil.mx/cancha/estadio/1697/estadio-mazatlan,https://www.ligafemenil.mx/cancha/playlist/117137/mazatlan-fc-vs-gallos-blancos-de-queretaro
2020-2021,"Apertura",Sábado 12 de Septiembre de 2020\nTemporada 2020-2021\nTorneo Apertura\nJornada 5\n12 Septiembre 2020 - 12:00 hrs.,https://www.ligafemenil.mx/cancha/estadio/1611/estadio-la-cantera-1-cancha-1,https://www.ligafemenil.mx/cancha/playlist/117138/pumas-vs-puebla-fc
2020-2021,"Apertura",Lunes 14 de Septiembre de 2020\nTemporada 2020-2021\nTorneo Apertura\nJornada 5\n14 Septiembre 2020 - 09:00 hrs.,https://www.ligafemenil.mx/cancha/estadio/17/estadio-olimpico-benito-juarez,https://www.ligafemenil.mx/cancha/playlist/117139/fc-juarez-vs-necaxa
2020-2021,"Apertura",Lunes 14 de Septiembre de 2020\nTemporada 2020-2021\nTorneo Apertura\nJornada 5\n14 Septiembre 2020 - 10:30 hrs.,https://www.ligafemenil.mx/cancha/estadio/675/estadio-el-barrial,https://www.ligafemenil.mx/cancha/playlist/117143/rayados-de-monterrey-vs-club-atletico-de-san-luis
2020-2021,"Apertura",Lunes 14 de Septiembre de 2020\nTemporada 2020-2021\nTorneo Apertura\nJornada 5\n14 Septiembre 2020 - 16:00 hrs.,https://www.ligafemenil.mx/cancha/estadio/1547/estadio-instalaciones-metepec-cancha-2,https://www.ligafemenil.mx/cancha/playlist/117140/toluca-vs-pachuca
2020-2021,"Apertura",Lunes 14 de Septiembre de 2020\nTemporada 2020-2021\nTorneo Apertura\nJornada 5\n14 Septiembre 2020 - 17:00 hrs.,https://www.ligafemenil.mx/cancha/estadio/23/estadio-nou-camp,https://www.ligafemenil.mx/cancha/playlist/117141/leon-vs-america
2020-2021,"Apertura",Lunes 14 de Septiembre de 2020\nTemporada 2020-2021\nTorneo Apertura\nJornada 5\n14 Septiembre 2020 - 19:00 hrs.,https://www.ligafemenil.mx/cancha/estadio/63/estadio-tsm-corona,https://www.ligafemenil.mx/cancha/playlist/117142/santos-laguna-vs-guadalajara
2020-2021,"Apertura",Miércoles 16 de Septiembre de 2020\nTemporada 2020-2021\nTorneo Apertura\nJornada 6\n16 Septiembre 2020 - 19:00 hrs.,https://www.ligafemenil.mx/cancha/estadio/48/estadio-caliente,https://www.ligafemenil.mx/cancha/playlist/117144/tijuana-vs-gallos-blancos-de-queretaro
2020-2021,"Apertura",Jueves 17 de Septiembre de 2020\nTemporada 2020-2021\nTorneo Apertura\nJornada 6\n17 Septiembre 2020 - 09:00 hrs.,https://www.ligafemenil.mx/cancha/estadio/1697/estadio-mazatlan,https://www.ligafemenil.mx/cancha/playlist/117146/mazatlan-fc-vs-toluca
2020-2021,"Apertura",Jueves 17 de Septiembre de 2020\nTemporada 2020-2021\nTorneo Apertura\nJornada 6\n17 Septiembre 2020 - 10:00 hrs.,https://www.ligafemenil.mx/cancha/estadio/17/estadio-olimpico-benito-juarez,https://www.ligafemenil.mx/cancha/playlist/117149/fc-juarez-vs-rayados-de-monterrey
2020-2021,"Apertura",Jueves 17 de Septiembre de 2020\nTemporada 2020-2021\nTorneo Apertura\nJornada 6\n17 Septiembre 2020 - 12:00 hrs.,https://www.ligafemenil.mx/cancha/estadio/9/estadio-cuauhtemoc,https://www.ligafemenil.mx/cancha/playlist/117147/puebla-fc-vs-leon
2020-2021,"Apertura",Jueves 17 de Septiembre de 2020\nTemporada 2020-2021\nTorneo Apertura\nJornada 6\n17 Septiembre 2020 - 16:00 hrs.,https://www.ligafemenil.mx/cancha/estadio/15/estadio-victoria,https://www.ligafemenil.mx/cancha/playlist/117148/necaxa-vs-atlas
2020-2021,"Apertura",Jueves 17 de Septiembre de 2020\nTemporada 2020-2021\nTorneo Apertura\nJornada 6\n17 Septiembre 2020 - 19:00 hrs.,https://www.ligafemenil.mx/cancha/estadio/12/estadio-universitario,https://www.ligafemenil.mx/cancha/playlist/117145/tigres-de-la-uanl-vs-club-atletico-de-san-luis
2020-2021,"Apertura",Jueves 17 de Septiembre de 2020\nTemporada 2020-2021\nTorneo Apertura\nJornada 6\n17 Septiembre 2020 - 19:00 hrs.,https://www.ligafemenil.mx/cancha/estadio/1538/estadio-akron,https://www.ligafemenil.mx/cancha/playlist/117151/guadalajara-vs-cruz-azul
2020-2021,"Apertura",Jueves 17 de Septiembre de 2020\nTemporada 2020-2021\nTorneo Apertura\nJornada 6\n17 Septiembre 2020 - 19:00 hrs.,https://www.ligafemenil.mx/cancha/estadio/11/estadio-hidalgo,https://www.ligafemenil.mx/cancha/playlist/117152/pachuca-vs-pumas
2020-2021,"Apertura",Viernes 18 de Septiembre de 2020\nTemporada 2020-2021\nTorneo Apertura\nJornada 6\n18 Septiembre 2020 - 16:00 hrs.,https://www.ligafemenil.mx/cancha/estadio/1421/estadio-cancha-centenario-no-5-natural-instalaciones-club-america,https://www.ligafemenil.mx/cancha/playlist/117153/america-vs-santos-laguna
2020-2021,"Apertura",Domingo 20 de Septiembre de 2020\nTemporada 2020-2021\nTorneo Apertura\nJornada 7\n20 Septiembre 2020 - 09:30 hrs.,https://www.ligafemenil.mx/cancha/estadio/1611/estadio-la-cantera-1-cancha-1,https://www.ligafemenil.mx/cancha/playlist/117156/pumas-vs-guadalajara
2020-2021,"Apertura",Domingo 20 de Septiembre de 2020\nTemporada 2020-2021\nTorneo Apertura\nJornada 7\n20 Septiembre 2020 - 16:00 hrs.,https://www.ligafemenil.mx/cancha/estadio/30/estadio-10-de-diciembre,https://www.ligafemenil.mx/cancha/playlist/117158/cruz-azul-vs-necaxa
2020-2021,"Apertura",Lunes 21 de Septiembre de 2020\nTemporada 2020-2021\nTorneo Apertura\nJornada 7\n21 Septiembre 2020 - 10:00 hrs.,https://www.ligafemenil.mx/cancha/estadio/109/estadio-colomos,https://www.ligafemenil.mx/cancha/playlist/117159/atlas-vs-america
2020-2021,"Apertura",Lunes 21 de Septiembre de 2020\nTemporada 2020-2021\nTorneo Apertura\nJornada 7\n21 Septiembre 2020 - 12:00 hrs.,https://www.ligafemenil.mx/cancha/estadio/1547/estadio-instalaciones-metepec-cancha-2,https://www.ligafemenil.mx/cancha/playlist/117161/toluca-vs-tijuana
2020-2021,"Apertura",Lunes 21 de Septiembre de 2020\nTemporada 2020-2021\nTorneo Apertura\nJornada 7\n21 Septiembre 2020 - 16:00 hrs.,https://www.ligafemenil.mx/cancha/estadio/25/estadio-la-corregidora,https://www.ligafemenil.mx/cancha/playlist/117163/gallos-blancos-de-queretaro-vs-tigres-de-la-uanl
2020-2021,"Apertura",Lunes 21 de Septiembre de 2020\nTemporada 2020-2021\nTorneo Apertura\nJornada 7\n21 Septiembre 2020 - 17:00 hrs.,https://www.ligafemenil.mx/cancha/estadio/11/estadio-hidalgo,https://www.ligafemenil.mx/cancha/playlist/117165/pachuca-vs-puebla-fc
2020-2021,"Apertura",Lunes 21 de Septiembre de 2020\nTemporada 2020-2021\nTorneo Apertura\nJornada 7\n21 Septiembre 2020 - 19:00 hrs.,https://www.ligafemenil.mx/cancha/estadio/1608/estadio-bbva,https://www.ligafemenil.mx/cancha/playlist/117166/rayados-de-monterrey-vs-mazatlan-fc
2020-2021,"Apertura",Lunes 21 de Septiembre de 2020\nTemporada 2020-2021\nTorneo Apertura\nJornada 7\n21 Septiembre 2020 - 19:00 hrs.,https://www.ligafemenil.mx/cancha/estadio/63/estadio-tsm-corona,https://www.ligafemenil.mx/cancha/playlist/117168/santos-laguna-vs-leon
2020-2021,"Apertura",Lunes 21 de Septiembre de 2020\nTemporada 2020-2021\nTorneo Apertura\nJornada 7\n21 Septiembre 2020 - 20:00 hrs.,https://www.ligafemenil.mx/cancha/estadio/14/estadio-alfonso-lastras-ramirez,https://www.ligafemenil.mx/cancha/playlist/117170/club-atletico-de-san-luis-vs-fc-juarez
2020-2021,"Apertura",Jueves 24 de Septiembre de 2020\nTemporada 2020-2021\nTorneo Apertura\nJornada 8\n24 Septiembre 2020 - 17:00 hrs.,https://www.ligafemenil.mx/cancha/estadio/14/estadio-alfonso-lastras-ramirez,https://www.ligafemenil.mx/cancha/playlist/117172/club-atletico-de-san-luis-vs-cruz-azul
2020-2021,"Apertura",Viernes 25 de Septiembre de 2020\nTemporada 2020-2021\nTorneo Apertura\nJornada 8\n25 Septiembre 2020 - 16:00 hrs.,https://www.ligafemenil.mx/cancha/estadio/15/estadio-victoria,https://www.ligafemenil.mx/cancha/playlist/117173/necaxa-vs-rayados-de-monterrey
2020-2021,"Apertura",Sábado 26 de Septiembre de 2020\nTemporada 2020-2021\nTorneo Apertura\nJornada 8\n26 Septiembre 2020 - 12:00 hrs.,https://www.ligafemenil.mx/cancha/estadio/1421/estadio-cancha-centenario-no-5-natural-instalaciones-club-america,https://www.ligafemenil.mx/cancha/playlist/117175/america-vs-mazatlan-fc
2020-2021,"Apertura",Domingo 27 de Septiembre de 2020\nTemporada 2020-2021\nTorneo Apertura\nJornada 8\n27 Septiembre 2020 - 09:30 hrs.,https://www.ligafemenil.mx/cancha/estadio/12/estadio-universitario,https://www.ligafemenil.mx/cancha/playlist/117176/tigres-de-la-uanl-vs-pumas
2020-2021,"Apertura",Domingo 27 de Septiembre de 2020\nTemporada 2020-2021\nTorneo Apertura\nJornada 8\n27 Septiembre 2020 - 12:00 hrs.,https://www.ligafemenil.mx/cancha/estadio/9/estadio-cuauhtemoc,https://www.ligafemenil.mx/cancha/playlist/117178/puebla-fc-vs-santos-laguna
2020-2021,"Apertura",Lunes 28 de Septiembre de 2020\nTemporada 2020-2021\nTorneo Apertura\nJornada 8\n28 Septiembre 2020 - 10:00 hrs.,https://www.ligafemenil.mx/cancha/estadio/17/estadio-olimpico-benito-juarez,https://www.ligafemenil.mx/cancha/playlist/117181/fc-juarez-vs-toluca
2020-2021,"Apertura",Lunes 28 de Septiembre de 2020\nTemporada 2020-2021\nTorneo Apertura\nJornada 8\n28 Septiembre 2020 - 17:00 hrs.,https://www.ligafemenil.mx/cancha/estadio/1538/estadio-akron,https://www.ligafemenil.mx/cancha/playlist/117179/guadalajara-vs-gallos-blancos-de-queretaro
2020-2021,"Apertura",Lunes 28 de Septiembre de 2020\nTemporada 2020-2021\nTorneo Apertura\nJornada 8\n28 Septiembre 2020 - 17:00 hrs.,https://www.ligafemenil.mx/cancha/estadio/48/estadio-caliente,https://www.ligafemenil.mx/cancha/playlist/117183/tijuana-vs-pachuca
2020-2021,"Apertura",Lunes 28 de Septiembre de 2020\nTemporada 2020-2021\nTorneo Apertura\nJornada 8\n28 Septiembre 2020 - 19:00 hrs.,https://www.ligafemenil.mx/cancha/estadio/23/estadio-nou-camp,https://www.ligafemenil.mx/cancha/playlist/117185/leon-vs-atlas
2020-2021,"Apertura",Jueves 1 de Octubre de 2020\nTemporada 2020-2021\nTorneo Apertura\nJornada 9\n1 Octubre 2020 - 17:00 hrs.,https://www.ligafemenil.mx/cancha/estadio/25/estadio-la-corregidora,https://www.ligafemenil.mx/cancha/playlist/117150/gallos-blancos-de-queretaro-vs-necaxa
2020-2021,"Apertura",Viernes 2 de Octubre de 2020\nTemporada 2020-2021\nTorneo Apertura\nJornada 9\n2 Octubre 2020 - 16:00 hrs.,https://www.ligafemenil.mx/cancha/estadio/30/estadio-10-de-diciembre,https://www.ligafemenil.mx/cancha/playlist/117154/cruz-azul-vs-fc-juarez
2020-2021,"Apertura",Sábado 3 de Octubre de 2020\nTemporada 2020-2021\nTorneo Apertura\nJornada 9\n3 Octubre 2020 - 10:00 hrs.,https://www.ligafemenil.mx/cancha/estadio/109/estadio-colomos,https://www.ligafemenil.mx/cancha/playlist/117155/atlas-vs-puebla-fc
2020-2021,"Apertura",Sábado 3 de Octubre de 2020\nTemporada 2020-2021\nTorneo Apertura\nJornada 9\n3 Octubre 2020 - 12:00 hrs.,https://www.ligafemenil.mx/cancha/estadio/1611/estadio-la-cantera-1-cancha-1,https://www.ligafemenil.mx/cancha/playlist/117157/pumas-vs-america
2020-2021,"Apertura",Lunes 5 de Octubre de 2020\nTemporada 2020-2021\nTorneo Apertura\nJornada 9\n5 Octubre 2020 - 16:00 hrs.,https://www.ligafemenil.mx/cancha/estadio/1547/estadio-instalaciones-metepec-cancha-2,https://www.ligafemenil.mx/cancha/playlist/117160/toluca-vs-club-atletico-de-san-luis
2020-2021,"Apertura",Lunes 5 de Octubre de 2020\nTemporada 2020-2021\nTorneo Apertura\nJornada 9\n5 Octubre 2020 - 19:00 hrs.,https://www.ligafemenil.mx/cancha/estadio/63/estadio-tsm-corona,https://www.ligafemenil.mx/cancha/playlist/117167/santos-laguna-vs-tijuana
2020-2021,"Apertura",Lunes 5 de Octubre de 2020\nTemporada 2020-2021\nTorneo Apertura\nJornada 9\n5 Octubre 2020 - 19:00 hrs.,https://www.ligafemenil.mx/cancha/estadio/11/estadio-hidalgo,https://www.ligafemenil.mx/cancha/playlist/117164/pachuca-vs-tigres-de-la-uanl
2020-2021,"Apertura",Lunes 5 de Octubre de 2020\nTemporada 2020-2021\nTorneo Apertura\nJornada 9\n5 Octubre 2020 - 18:00 hrs.,https://www.ligafemenil.mx/cancha/estadio/1697/estadio-mazatlan,https://www.ligafemenil.mx/cancha/playlist/117169/mazatlan-fc-vs-leon
2020-2021,"Apertura",Lunes 5 de Octubre de 2020\nTemporada 2020-2021\nTorneo Apertura\nJornada 9\n5 Octubre 2020 - 21:00 hrs.,https://www.ligafemenil.mx/cancha/estadio/793/estadio-bbva-bancomer,https://www.ligafemenil.mx/cancha/playlist/117162/rayados-de-monterrey-vs-guadalajara
2020-2021,"Apertura",Jueves 8 de Octubre de 2020\nTemporada 2020-2021\nTorneo Apertura\nJornada 10\n8 Octubre 2020 - 17:00 hrs.,https://www.ligafemenil.mx/cancha/estadio/14/estadio-alfonso-lastras-ramirez,https://www.ligafemenil.mx/cancha/playlist/117171/club-atletico-de-san-luis-vs-pumas
2020-2021,"Apertura",Viernes 9 de Octubre de 2020\nTemporada 2020-2021\nTorneo Apertura\nJornada 10\n9 Octubre 2020 - 16:00 hrs.,https://www.ligafemenil.mx/cancha/estadio/15/estadio-victoria,https://www.ligafemenil.mx/cancha/playlist/117174/necaxa-vs-leon
2020-2021,"Apertura",Viernes 9 de Octubre de 2020\nTemporada 2020-2021\nTorneo Apertura\nJornada 10\n9 Octubre 2020 - 17:00 hrs.,https://www.ligafemenil.mx/cancha/estadio/17/estadio-olimpico-benito-juarez,https://www.ligafemenil.mx/cancha/playlist/117177/fc-juarez-vs-santos-laguna
2020-2021,"Apertura",Sábado 10 de Octubre de 2020\nTemporada 2020-2021\nTorneo Apertura\nJornada 10\n10 Octubre 2020 - 12:00 hrs.,https://www.ligafemenil.mx/cancha/estadio/9/estadio-cuauhtemoc,https://www.ligafemenil.mx/cancha/playlist/117180/puebla-fc-vs-mazatlan-fc
2020-2021,"Apertura",Sábado 10 de Octubre de 2020\nTemporada 2020-2021\nTorneo Apertura\nJornada 10\n10 Octubre 2020 - 19:00 hrs.,https://www.ligafemenil.mx/cancha/estadio/12/estadio-universitario,https://www.ligafemenil.mx/cancha/playlist/117182/tigres-de-la-uanl-vs-america
2020-2021,"Apertura",Domingo 11 de Octubre de 2020\nTemporada 2020-2021\nTorneo Apertura\nJornada 10\n11 Octubre 2020 - 10:30 hrs.,https://www.ligafemenil.mx/cancha/estadio/1547/estadio-instalaciones-metepec-cancha-2,https://www.ligafemenil.mx/cancha/playlist/117184/toluca-vs-rayados-de-monterrey
2020-2021,"Apertura",Domingo 11 de Octubre de 2020\nTemporada 2020-2021\nTorneo Apertura\nJornada 10\n11 Octubre 2020 - 19:00 hrs.,https://www.ligafemenil.mx/cancha/estadio/11/estadio-hidalgo,https://www.ligafemenil.mx/cancha/playlist/117186/pachuca-vs-gallos-blancos-de-queretaro
2020-2021,"Apertura",Domingo 11 de Octubre de 2020\nTemporada 2020-2021\nTorneo Apertura\nJornada 10\n11 Octubre 2020 - 21:00 hrs.,https://www.ligafemenil.mx/cancha/estadio/1538/estadio-akron,https://www.ligafemenil.mx/cancha/playlist/117188/guadalajara-vs-atlas
2020-2021,"Apertura",Lunes 12 de Octubre de 2020\nTemporada 2020-2021\nTorneo Apertura\nJornada 10\n12 Octubre 2020 - 19:00 hrs.,https://www.ligafemenil.mx/cancha/estadio/48/estadio-caliente,https://www.ligafemenil.mx/cancha/playlist/117191/tijuana-vs-cruz-azul
2020-2021,"Apertura",Miércoles 14 de Octubre de 2020\nTemporada 2020-2021\nTorneo Apertura\nJornada 11\n14 Octubre 2020 - 09:00 hrs.,https://www.ligafemenil.mx/cancha/estadio/1698/estadio-deportivo-benito-juarez,https://www.ligafemenil.mx/cancha/playlist/117195/mazatlan-fc-vs-fc-juarez
2020-2021,"Apertura",Miércoles 14 de Octubre de 2020\nTemporada 2020-2021\nTorneo Apertura\nJornada 11\n14 Octubre 2020 - 12:00 hrs.,https://www.ligafemenil.mx/cancha/estadio/1421/estadio-cancha-centenario-no-5-natural-instalaciones-club-america,https://www.ligafemenil.mx/cancha/playlist/117197/america-vs-puebla-fc
2020-2021,"Apertura",Miércoles 14 de Octubre de 2020\nTemporada 2020-2021\nTorneo Apertura\nJornada 11\n14 Octubre 2020 - 16:00 hrs.,https://www.ligafemenil.mx/cancha/estadio/257/estadio-instalaciones-casa-club-leon-f-c,https://www.ligafemenil.mx/cancha/playlist/117204/leon-vs-guadalajara
2020-2021,"Apertura",Miércoles 14 de Octubre de 2020\nTemporada 2020-2021\nTorneo Apertura\nJornada 11\n14 Octubre 2020 - 17:00 hrs.,https://www.ligafemenil.mx/cancha/estadio/15/estadio-victoria,https://www.ligafemenil.mx/cancha/playlist/117200/necaxa-vs-tigres-de-la-uanl
2020-2021,"Apertura",Miércoles 14 de Octubre de 2020\nTemporada 2020-2021\nTorneo Apertura\nJornada 11\n14 Octubre 2020 - 21:00 hrs.,https://www.ligafemenil.mx/cancha/estadio/63/estadio-tsm-corona,https://www.ligafemenil.mx/cancha/playlist/117201/santos-laguna-vs-pachuca
2020-2021,"Apertura",Jueves 15 de Octubre de 2020\nTemporada 2020-2021\nTorneo Apertura\nJornada 11\n15 Octubre 2020 - 10:00 hrs.,https://www.ligafemenil.mx/cancha/estadio/109/estadio-colomos,https://www.ligafemenil.mx/cancha/playlist/117209/atlas-vs-club-atletico-de-san-luis
2020-2021,"Apertura",Jueves 15 de Octubre de 2020\nTemporada 2020-2021\nTorneo Apertura\nJornada 11\n15 Octubre 2020 - 10:30 hrs.,https://www.ligafemenil.mx/cancha/estadio/675/estadio-el-barrial,https://www.ligafemenil.mx/cancha/playlist/117211/rayados-de-monterrey-vs-tijuana
2020-2021,"Apertura",Jueves 15 de Octubre de 2020\nTemporada 2020-2021\nTorneo Apertura\nJornada 11\n15 Octubre 2020 - 12:00 hrs.,https://www.ligafemenil.mx/cancha/estadio/1611/estadio-la-cantera-1-cancha-1,https://www.ligafemenil.mx/cancha/playlist/117213/pumas-vs-cruz-azul
2020-2021,"Apertura",Jueves 15 de Octubre de 2020\nTemporada 2020-2021\nTorneo Apertura\nJornada 11\n15 Octubre 2020 - 16:00 hrs.,https://www.ligafemenil.mx/cancha/estadio/25/estadio-la-corregidora,https://www.ligafemenil.mx/cancha/playlist/117215/gallos-blancos-de-queretaro-vs-toluca
2020-2021,"Apertura",Sábado 17 de Octubre de 2020\nTemporada 2020-2021\nTorneo Apertura\nJornada 12\n17 Octubre 2020 - 12:00 hrs.,https://www.ligafemenil.mx/cancha/estadio/1415/estadio-complejo-deportivo-los-olivos,https://www.ligafemenil.mx/cancha/playlist/117217/puebla-fc-vs-necaxa
2020-2021,"Apertura",Domingo 18 de Octubre de 2020\nTemporada 2020-2021\nTorneo Apertura\nJornada 12\n18 Octubre 2020 - 09:30 hrs.,https://www.ligafemenil.mx/cancha/estadio/12/estadio-universitario,https://www.ligafemenil.mx/cancha/playlist/117220/tigres-de-la-uanl-vs-leon
2020-2021,"Apertura",Domingo 18 de Octubre de 2020\nTemporada 2020-2021\nTorneo Apertura\nJornada 12\n18 Octubre 2020 - 10:00 hrs.,https://www.ligafemenil.mx/cancha/estadio/728/estadio-cecaf,https://www.ligafemenil.mx/cancha/playlist/117221/atlas-vs-fc-juarez
2020-2021,"Apertura",Domingo 18 de Octubre de 2020\nTemporada 2020-2021\nTorneo Apertura\nJornada 12\n18 Octubre 2020 - 16:00 hrs.,https://www.ligafemenil.mx/cancha/estadio/30/estadio-10-de-diciembre,https://www.ligafemenil.mx/cancha/playlist/117223/cruz-azul-vs-toluca
2020-2021,"Apertura",Domingo 18 de Octubre de 2020\nTemporada 2020-2021\nTorneo Apertura\nJornada 12\n18 Octubre 2020 - 17:00 hrs.,https://www.ligafemenil.mx/cancha/estadio/14/estadio-alfonso-lastras-ramirez,https://www.ligafemenil.mx/cancha/playlist/117225/club-atletico-de-san-luis-vs-guadalajara
2020-2021,"Apertura",Lunes 19 de Octubre de 2020\nTemporada 2020-2021\nTorneo Apertura\nJornada 12\n19 Octubre 2020 - 12:00 hrs.,https://www.ligafemenil.mx/cancha/estadio/25/estadio-la-corregidora,https://www.ligafemenil.mx/cancha/playlist/117228/gallos-blancos-de-queretaro-vs-santos-laguna
2020-2021,"Apertura",Lunes 19 de Octubre de 2020\nTemporada 2020-2021\nTorneo Apertura\nJornada 12\n19 Octubre 2020 - 16:00 hrs.,https://www.ligafemenil.mx/cancha/estadio/1421/estadio-cancha-centenario-no-5-natural-instalaciones-club-america,https://www.ligafemenil.mx/cancha/playlist/117231/america-vs-rayados-de-monterrey
2020-2021,"Apertura",Lunes 19 de Octubre de 2020\nTemporada 2020-2021\nTorneo Apertura\nJornada 12\n19 Octubre 2020 - 17:00 hrs.,https://www.ligafemenil.mx/cancha/estadio/11/estadio-hidalgo,https://www.ligafemenil.mx/cancha/playlist/117234/pachuca-vs-mazatlan-fc
2020-2021,"Apertura",Lunes 19 de Octubre de 2020\nTemporada 2020-2021\nTorneo Apertura\nJornada 12\n19 Octubre 2020 - 17:00 hrs.,https://www.ligafemenil.mx/cancha/estadio/48/estadio-caliente,https://www.ligafemenil.mx/cancha/playlist/117237/tijuana-vs-pumas
2020-2021,"Apertura",Jueves 29 de Octubre de 2020\nTemporada 2020-2021\nTorneo Apertura\nJornada 13\n29 Octubre 2020 - 15:45 hrs.,https://www.ligafemenil.mx/cancha/estadio/257/estadio-instalaciones-casa-club-leon-f-c,https://www.ligafemenil.mx/cancha/playlist/117240/leon-vs-gallos-blancos-de-queretaro
2020-2021,"Apertura",Sábado 31 de Octubre de 2020\nTemporada 2020-2021\nTorneo Apertura\nJornada 13\n31 Octubre 2020 - 09:00 hrs.,https://www.ligafemenil.mx/cancha/estadio/1697/estadio-mazatlan,https://www.ligafemenil.mx/cancha/playlist/117244/mazatlan-fc-vs-cruz-azul
2020-2021,"Apertura",Sábado 31 de Octubre de 2020\nTemporada 2020-2021\nTorneo Apertura\nJornada 13\n31 Octubre 2020 - 12:00 hrs.,https://www.ligafemenil.mx/cancha/estadio/1547/estadio-instalaciones-metepec-cancha-2,https://www.ligafemenil.mx/cancha/playlist/117245/toluca-vs-atlas
2020-2021,"Apertura",Domingo 1 de Noviembre de 2020\nTemporada 2020-2021\nTorneo Apertura\nJornada 13\n1 Noviembre 2020 - 12:00 hrs.,https://www.ligafemenil.mx/cancha/estadio/9/estadio-cuauhtemoc,https://www.ligafemenil.mx/cancha/playlist/117246/puebla-fc-vs-tigres-de-la-uanl
2020-2021,"Apertura",Domingo 1 de Noviembre de 2020\nTemporada 2020-2021\nTorneo Apertura\nJornada 13\n1 Noviembre 2020 - 16:00 hrs.,https://www.ligafemenil.mx/cancha/estadio/15/estadio-victoria,https://www.ligafemenil.mx/cancha/playlist/117247/necaxa-vs-santos-laguna
2020-2021,"Apertura",Lunes 2 de Noviembre de 2020\nTemporada 2020-2021\nTorneo Apertura\nJornada 13\n2 Noviembre 2020 - 17:00 hrs.,https://www.ligafemenil.mx/cancha/estadio/1538/estadio-akron,https://www.ligafemenil.mx/cancha/playlist/117248/guadalajara-vs-pachuca
2020-2021,"Apertura",Lunes 2 de Noviembre de 2020\nTemporada 2020-2021\nTorneo Apertura\nJornada 13\n2 Noviembre 2020 - 17:00 hrs.,https://www.ligafemenil.mx/cancha/estadio/17/estadio-olimpico-benito-juarez,https://www.ligafemenil.mx/cancha/playlist/117249/fc-juarez-vs-america
2020-2021,"Apertura",Lunes 2 de Noviembre de 2020\nTemporada 2020-2021\nTorneo Apertura\nJornada 13\n2 Noviembre 2020 - 19:00 hrs.,https://www.ligafemenil.mx/cancha/estadio/1608/estadio-bbva,https://www.ligafemenil.mx/cancha/playlist/117250/rayados-de-monterrey-vs-pumas
2020-2021,"Apertura",Lunes 2 de Noviembre de 2020\nTemporada 2020-2021\nTorneo Apertura\nJornada 13\n2 Noviembre 2020 - 17:00 hrs.,https://www.ligafemenil.mx/cancha/estadio/48/estadio-caliente,https://www.ligafemenil.mx/cancha/playlist/117251/tijuana-vs-club-atletico-de-san-luis
2020-2021,"Apertura",Miércoles 4 de Noviembre de 2020\nTemporada 2020-2021\nTorneo Apertura\nJornada 14\n4 Noviembre 2020 - 15:45 hrs.,https://www.ligafemenil.mx/cancha/estadio/30/estadio-10-de-diciembre,https://www.ligafemenil.mx/cancha/playlist/117232/cruz-azul-vs-puebla-fc
2020-2021,"Apertura",Jueves 5 de Noviembre de 2020\nTemporada 2020-2021\nTorneo Apertura\nJornada 14\n5 Noviembre 2020 - 10:30 hrs.,https://www.ligafemenil.mx/cancha/estadio/1538/estadio-akron,https://www.ligafemenil.mx/cancha/playlist/117236/guadalajara-vs-tijuana
2020-2021,"Apertura",Jueves 5 de Noviembre de 2020\nTemporada 2020-2021\nTorneo Apertura\nJornada 14\n5 Noviembre 2020 - 12:00 hrs.,https://www.ligafemenil.mx/cancha/estadio/1611/estadio-la-cantera-1-cancha-1,https://www.ligafemenil.mx/cancha/playlist/117238/pumas-vs-necaxa
2020-2021,"Apertura",Jueves 5 de Noviembre de 2020\nTemporada 2020-2021\nTorneo Apertura\nJornada 14\n5 Noviembre 2020 - 15:45 hrs.,https://www.ligafemenil.mx/cancha/estadio/1547/estadio-instalaciones-metepec-cancha-2,https://www.ligafemenil.mx/cancha/playlist/117239/toluca-vs-america
2020-2021,"Apertura",Jueves 5 de Noviembre de 2020\nTemporada 2020-2021\nTorneo Apertura\nJornada 14\n5 Noviembre 2020 - 17:00 hrs.,https://www.ligafemenil.mx/cancha/estadio/25/estadio-la-corregidora,https://www.ligafemenil.mx/cancha/playlist/117241/gallos-blancos-de-queretaro-vs-rayados-de-monterrey
2020-2021,"Apertura",Jueves 5 de Noviembre de 2020\nTemporada 2020-2021\nTorneo Apertura\nJornada 14\n5 Noviembre 2020 - 19:00 hrs.,https://www.ligafemenil.mx/cancha/estadio/11/estadio-hidalgo,https://www.ligafemenil.mx/cancha/playlist/117242/pachuca-vs-fc-juarez
2020-2021,"Apertura",Jueves 5 de Noviembre de 2020\nTemporada 2020-2021\nTorneo Apertura\nJornada 14\n5 Noviembre 2020 - 19:00 hrs.,https://www.ligafemenil.mx/cancha/estadio/12/estadio-universitario,https://www.ligafemenil.mx/cancha/playlist/117235/tigres-de-la-uanl-vs-atlas
2020-2021,"Apertura",Jueves 5 de Noviembre de 2020\nTemporada 2020-2021\nTorneo Apertura\nJornada 14\n5 Noviembre 2020 - 20:00 hrs.,https://www.ligafemenil.mx/cancha/estadio/14/estadio-alfonso-lastras-ramirez,https://www.ligafemenil.mx/cancha/playlist/117243/club-atletico-de-san-luis-vs-leon
2020-2021,"Apertura",Jueves 5 de Noviembre de 2020\nTemporada 2020-2021\nTorneo Apertura\nJornada 14\n5 Noviembre 2020 - 21:00 hrs.,https://www.ligafemenil.mx/cancha/estadio/63/estadio-tsm-corona,https://www.ligafemenil.mx/cancha/playlist/117233/santos-laguna-vs-mazatlan-fc
2020-2021,"Apertura",Domingo 8 de Noviembre de 2020\nTemporada 2020-2021\nTorneo Apertura\nJornada 15\n8 Noviembre 2020 - 12:00 hrs.,https://www.ligafemenil.mx/cancha/estadio/9/estadio-cuauhtemoc,https://www.ligafemenil.mx/cancha/playlist/117218/puebla-fc-vs-guadalajara
2020-2021,"Apertura",Domingo 8 de Noviembre de 2020\nTemporada 2020-2021\nTorneo Apertura\nJornada 15\n8 Noviembre 2020 - 17:00 hrs.,https://www.ligafemenil.mx/cancha/estadio/15/estadio-victoria,https://www.ligafemenil.mx/cancha/playlist/117222/necaxa-vs-toluca
2020-2021,"Apertura",Lunes 9 de Noviembre de 2020\nTemporada 2020-2021\nTorneo Apertura\nJornada 15\n9 Noviembre 2020 - 10:00 hrs.,https://www.ligafemenil.mx/cancha/estadio/53/estadio-colomos-alfredo-pistache-torres,https://www.ligafemenil.mx/cancha/playlist/117216/atlas-vs-pumas
2020-2021,"Apertura",Lunes 9 de Noviembre de 2020\nTemporada 2020-2021\nTorneo Apertura\nJornada 15\n9 Noviembre 2020 - 15:45 hrs.,https://www.ligafemenil.mx/cancha/estadio/1421/estadio-cancha-centenario-no-5-natural-instalaciones-club-america,https://www.ligafemenil.mx/cancha/playlist/117219/america-vs-gallos-blancos-de-queretaro
2020-2021,"Apertura",Lunes 9 de Noviembre de 2020\nTemporada 2020-2021\nTorneo Apertura\nJornada 15\n9 Noviembre 2020 - 17:00 hrs.,https://www.ligafemenil.mx/cancha/estadio/17/estadio-olimpico-benito-juarez,https://www.ligafemenil.mx/cancha/playlist/117226/fc-juarez-vs-tigres-de-la-uanl
2020-2021,"Apertura",Lunes 9 de Noviembre de 2020\nTemporada 2020-2021\nTorneo Apertura\nJornada 15\n9 Noviembre 2020 - 19:00 hrs.,https://www.ligafemenil.mx/cancha/estadio/63/estadio-tsm-corona,https://www.ligafemenil.mx/cancha/playlist/117227/santos-laguna-vs-club-atletico-de-san-luis
2020-2021,"Apertura",Lunes 9 de Noviembre de 2020\nTemporada 2020-2021\nTorneo Apertura\nJornada 15\n9 Noviembre 2020 - 19:00 hrs.,https://www.ligafemenil.mx/cancha/estadio/1608/estadio-bbva,https://www.ligafemenil.mx/cancha/playlist/117229/rayados-de-monterrey-vs-pachuca
2020-2021,"Apertura",Lunes 9 de Noviembre de 2020\nTemporada 2020-2021\nTorneo Apertura\nJornada 15\n9 Noviembre 2020 - 19:00 hrs.,https://www.ligafemenil.mx/cancha/estadio/1697/estadio-mazatlan,https://www.ligafemenil.mx/cancha/playlist/117230/mazatlan-fc-vs-tijuana
2020-2021,"Apertura",Lunes 9 de Noviembre de 2020\nTemporada 2020-2021\nTorneo Apertura\nJornada 15\n9 Noviembre 2020 - 21:00 hrs.,https://www.ligafemenil.mx/cancha/estadio/23/estadio-nou-camp,https://www.ligafemenil.mx/cancha/playlist/117224/leon-vs-cruz-azul
2020-2021,"Apertura",Viernes 13 de Noviembre de 2020\nTemporada 2020-2021\nTorneo Apertura\nJornada 16\n13 Noviembre 2020 - 17:00 hrs.,https://www.ligafemenil.mx/cancha/estadio/25/estadio-la-corregidora,https://www.ligafemenil.mx/cancha/playlist/117202/gallos-blancos-de-queretaro-vs-puebla-fc
2020-2021,"Apertura",Sábado 14 de Noviembre de 2020\nTemporada 2020-2021\nTorneo Apertura\nJornada 16\n14 Noviembre 2020 - 09:00 hrs.,https://www.ligafemenil.mx/cancha/estadio/30/estadio-10-de-diciembre,https://www.ligafemenil.mx/cancha/playlist/117205/cruz-azul-vs-santos-laguna
2020-2021,"Apertura",Sábado 14 de Noviembre de 2020\nTemporada 2020-2021\nTorneo Apertura\nJornada 16\n14 Noviembre 2020 - 11:00 hrs.,https://www.ligafemenil.mx/cancha/estadio/1611/estadio-la-cantera-1-cancha-1,https://www.ligafemenil.mx/cancha/playlist/117203/pumas-vs-mazatlan-fc
2020-2021,"Apertura",Sábado 14 de Noviembre de 2020\nTemporada 2020-2021\nTorneo Apertura\nJornada 16\n14 Noviembre 2020 - 19:00 hrs.,https://www.ligafemenil.mx/cancha/estadio/12/estadio-universitario,https://www.ligafemenil.mx/cancha/playlist/117206/tigres-de-la-uanl-vs-rayados-de-monterrey
2020-2021,"Apertura",Domingo 15 de Noviembre de 2020\nTemporada 2020-2021\nTorneo Apertura\nJornada 16\n15 Noviembre 2020 - 12:00 hrs.,https://www.ligafemenil.mx/cancha/estadio/1547/estadio-instalaciones-metepec-cancha-2,https://www.ligafemenil.mx/cancha/playlist/117207/toluca-vs-leon
2020-2021,"Apertura",Domingo 15 de Noviembre de 2020\nTemporada 2020-2021\nTorneo Apertura\nJornada 16\n15 Noviembre 2020 - 17:00 hrs.,https://www.ligafemenil.mx/cancha/estadio/14/estadio-alfonso-lastras-ramirez,https://www.ligafemenil.mx/cancha/playlist/117208/club-atletico-de-san-luis-vs-necaxa
2020-2021,"Apertura",Lunes 16 de Noviembre de 2020\nTemporada 2020-2021\nTorneo Apertura\nJornada 16\n16 Noviembre 2020 - 17:00 hrs.,https://www.ligafemenil.mx/cancha/estadio/11/estadio-hidalgo,https://www.ligafemenil.mx/cancha/playlist/117210/pachuca-vs-atlas
2020-2021,"Apertura",Lunes 16 de Noviembre de 2020\nTemporada 2020-2021\nTorneo Apertura\nJornada 16\n16 Noviembre 2020 - 19:00 hrs.,https://www.ligafemenil.mx/cancha/estadio/1538/estadio-akron,https://www.ligafemenil.mx/cancha/playlist/117212/guadalajara-vs-america
2020-2021,"Apertura",Lunes 16 de Noviembre de 2020\nTemporada 2020-2021\nTorneo Apertura\nJornada 16\n16 Noviembre 2020 - 19:00 hrs.,https://www.ligafemenil.mx/cancha/estadio/48/estadio-caliente,https://www.ligafemenil.mx/cancha/playlist/117214/tijuana-vs-fc-juarez
2020-2021,"Apertura",Jueves 19 de Noviembre de 2020\nTemporada 2020-2021\nTorneo Apertura\nJornada 17\n19 Noviembre 2020 - 10:00 hrs.,https://www.ligafemenil.mx/cancha/estadio/109/estadio-colomos,https://www.ligafemenil.mx/cancha/playlist/117187/atlas-vs-rayados-de-monterrey
2020-2021,"Apertura",Jueves 19 de Noviembre de 2020\nTemporada 2020-2021\nTorneo Apertura\nJornada 17\n19 Noviembre 2020 - 12:00 hrs.,https://www.ligafemenil.mx/cancha/estadio/9/estadio-cuauhtemoc,https://www.ligafemenil.mx/cancha/playlist/117189/puebla-fc-vs-fc-juarez
2020-2021,"Apertura",Jueves 19 de Noviembre de 2020\nTemporada 2020-2021\nTorneo Apertura\nJornada 17\n19 Noviembre 2020 - 17:00 hrs.,https://www.ligafemenil.mx/cancha/estadio/15/estadio-victoria,https://www.ligafemenil.mx/cancha/playlist/117190/necaxa-vs-tijuana
2020-2021,"Apertura",Jueves 19 de Noviembre de 2020\nTemporada 2020-2021\nTorneo Apertura\nJornada 17\n19 Noviembre 2020 - 17:00 hrs.,https://www.ligafemenil.mx/cancha/estadio/23/estadio-nou-camp,https://www.ligafemenil.mx/cancha/playlist/117192/leon-vs-pumas
2020-2021,"Apertura",Jueves 19 de Noviembre de 2020\nTemporada 2020-2021\nTorneo Apertura\nJornada 17\n19 Noviembre 2020 - 19:00 hrs.,https://www.ligafemenil.mx/cancha/estadio/63/estadio-tsm-corona,https://www.ligafemenil.mx/cancha/playlist/117193/santos-laguna-vs-toluca
2020-2021,"Apertura",Viernes 20 de Noviembre de 2020\nTemporada 2020-2021\nTorneo Apertura\nJornada 17\n20 Noviembre 2020 - 09:00 hrs.,https://www.ligafemenil.mx/cancha/estadio/1698/estadio-deportivo-benito-juarez,https://www.ligafemenil.mx/cancha/playlist/117194/mazatlan-fc-vs-club-atletico-de-san-luis
2020-2021,"Apertura",Viernes 20 de Noviembre de 2020\nTemporada 2020-2021\nTorneo Apertura\nJornada 17\n20 Noviembre 2020 - 12:00 hrs.,https://www.ligafemenil.mx/cancha/estadio/1421/estadio-cancha-centenario-no-5-natural-instalaciones-club-america,https://www.ligafemenil.mx/cancha/playlist/117196/america-vs-pachuca
2020-2021,"Apertura",Viernes 20 de Noviembre de 2020\nTemporada 2020-2021\nTorneo Apertura\nJornada 17\n20 Noviembre 2020 - 16:00 hrs.,https://www.ligafemenil.mx/cancha/estadio/25/estadio-la-corregidora,https://www.ligafemenil.mx/cancha/playlist/117198/gallos-blancos-de-queretaro-vs-cruz-azul
2020-2021,"Apertura",Viernes 20 de Noviembre de 2020\nTemporada 2020-2021\nTorneo Apertura\nJornada 17\n20 Noviembre 2020 - 18:00 hrs.,https://www.ligafemenil.mx/cancha/estadio/12/estadio-universitario,https://www.ligafemenil.mx/cancha/playlist/117199/tigres-de-la-uanl-vs-guadalajara
2020-2021,"Apertura",Viernes 27 de Noviembre de 2020\nTemporada 2020-2021\nTorneo Apertura\nCuartos Ida\n27 Noviembre 2020 - 12:00 hrs.,https://www.ligafemenil.mx/cancha/estadio/1421/estadio-cancha-centenario-no-5-natural-instalaciones-club-america,https://www.ligafemenil.mx/cancha/playlist/119185/america-vs-guadalajara
2020-2021,"Apertura",Viernes 27 de Noviembre de 2020\nTemporada 2020-2021\nTorneo Apertura\nCuartos Ida\n27 Noviembre 2020 - 15:45 hrs.,https://www.ligafemenil.mx/cancha/estadio/1611/estadio-la-cantera-1-cancha-1,https://www.ligafemenil.mx/cancha/playlist/119186/pumas-vs-rayados-de-monterrey
2020-2021,"Apertura",Viernes 27 de Noviembre de 2020\nTemporada 2020-2021\nTorneo Apertura\nCuartos Ida\n27 Noviembre 2020 - 19:00 hrs.,https://www.ligafemenil.mx/cancha/estadio/25/estadio-la-corregidora,https://www.ligafemenil.mx/cancha/playlist/119187/gallos-blancos-de-queretaro-vs-atlas
2020-2021,"Apertura",Viernes 27 de Noviembre de 2020\nTemporada 2020-2021\nTorneo Apertura\nCuartos Ida\n27 Noviembre 2020 - 21:00 hrs.,https://www.ligafemenil.mx/cancha/estadio/11/estadio-hidalgo,https://www.ligafemenil.mx/cancha/playlist/119188/pachuca-vs-tigres-de-la-uanl
2020-2021,"Apertura",Lunes 30 de Noviembre de 2020\nTemporada 2020-2021\nTorneo Apertura\nCuartos Vuelta\n30 Noviembre 2020 - 10:00 hrs.,https://www.ligafemenil.mx/cancha/estadio/109/estadio-colomos,https://www.ligafemenil.mx/cancha/playlist/119189/atlas-vs-gallos-blancos-de-queretaro
2020-2021,"Apertura",Lunes 30 de Noviembre de 2020\nTemporada 2020-2021\nTorneo Apertura\nCuartos Vuelta\n30 Noviembre 2020 - 17:00 hrs.,https://www.ligafemenil.mx/cancha/estadio/1538/estadio-akron,https://www.ligafemenil.mx/cancha/playlist/119190/guadalajara-vs-america
2020-2021,"Apertura",Lunes 30 de Noviembre de 2020\nTemporada 2020-2021\nTorneo Apertura\nCuartos Vuelta\n30 Noviembre 2020 - 19:00 hrs.,https://www.ligafemenil.mx/cancha/estadio/12/estadio-universitario,https://www.ligafemenil.mx/cancha/playlist/119191/tigres-de-la-uanl-vs-pachuca
2020-2021,"Apertura",Lunes 30 de Noviembre de 2020\nTemporada 2020-2021\nTorneo Apertura\nCuartos Vuelta\n30 Noviembre 2020 - 21:00 hrs.,https://www.ligafemenil.mx/cancha/estadio/1608/estadio-bbva,https://www.ligafemenil.mx/cancha/playlist/119192/rayados-de-monterrey-vs-pumas
2020-2021,"Apertura",Viernes 4 de Diciembre de 2020\nTemporada 2020-2021\nTorneo Apertura\nSemifinal Ida\n4 Diciembre 2020 - 17:00 hrs.,https://www.ligafemenil.mx/cancha/estadio/1/estadio-azteca,https://www.ligafemenil.mx/cancha/playlist/119211/america-vs-rayados-de-monterrey
2020-2021,"Apertura",Viernes 4 de Diciembre de 2020\nTemporada 2020-2021\nTorneo Apertura\nSemifinal Ida\n4 Diciembre 2020 - 19:00 hrs.,https://www.ligafemenil.mx/cancha/estadio/25/estadio-la-corregidora,https://www.ligafemenil.mx/cancha/playlist/119210/gallos-blancos-de-queretaro-vs-tigres-de-la-uanl
2020-2021,"Apertura",Lunes 7 de Diciembre de 2020\nTemporada 2020-2021\nTorneo Apertura\nSemifinal Vuelta\n7 Diciembre 2020 - 19:00 hrs.,https://www.ligafemenil.mx/cancha/estadio/12/estadio-universitario,https://www.ligafemenil.mx/cancha/playlist/119212/tigres-de-la-uanl-vs-gallos-blancos-de-queretaro
2020-2021,"Apertura",Lunes 7 de Diciembre de 2020\nTemporada 2020-2021\nTorneo Apertura\nSemifinal Vuelta\n7 Diciembre 2020 - 21:00 hrs.,https://www.ligafemenil.mx/cancha/estadio/1608/estadio-bbva,https://www.ligafemenil.mx/cancha/playlist/119213/rayados-de-monterrey-vs-america
2020-2021,"Apertura",Viernes 11 de Diciembre de 2020\nTemporada 2020-2021\nTorneo Apertura\nFinal Ida\n11 Diciembre 2020 - 21:00 hrs.,https://www.ligafemenil.mx/cancha/estadio/1608/estadio-bbva,https://www.ligafemenil.mx/cancha/playlist/119222/rayados-de-monterrey-vs-tigres-de-la-uanl
2020-2021,"Apertura",Lunes 14 de Diciembre de 2020\nTemporada 2020-2021\nTorneo Apertura\nFinal Vuelta\n14 Diciembre 2020 - 19:00 hrs.,https://www.ligafemenil.mx/cancha/estadio/12/estadio-universitario,https://www.ligafemenil.mx/cancha/playlist/119223/tigres-de-la-uanl-vs-rayados-de-monterrey
2020-2021,"Clausura",Jueves 7 de Enero de 2021\nTemporada 2020-2021\nTorneo Clausura\nJornada 1\n7 Enero 2021 - 17:00 hrs.,https://www.ligafemenil.mx/cancha/estadio/25/estadio-la-corregidora,https://www.ligafemenil.mx/cancha/playlist/119226/gallos-blancos-de-queretaro-vs-mazatlan-fc
2020-2021,"Clausura",Viernes 8 de Enero de 2021\nTemporada 2020-2021\nTorneo Clausura\nJornada 1\n8 Enero 2021 - 16:00 hrs.,https://www.ligafemenil.mx/cancha/estadio/15/estadio-victoria,https://www.ligafemenil.mx/cancha/playlist/119227/necaxa-vs-cruz-azul
2020-2021,"Clausura",Sábado 9 de Enero de 2021\nTemporada 2020-2021\nTorneo Clausura\nJornada 1\n9 Enero 2021 - 12:00 hrs.,https://www.ligafemenil.mx/cancha/estadio/1146/estadio-la-cantera-cancha-1,https://www.ligafemenil.mx/cancha/playlist/119228/pumas-vs-tijuana
2020-2021,"Clausura",Domingo 10 de Enero de 2021\nTemporada 2020-2021\nTorneo Clausura\nJornada 1\n10 Enero 2021 - 17:00 hrs.,https://www.ligafemenil.mx/cancha/estadio/14/estadio-alfonso-lastras-ramirez,https://www.ligafemenil.mx/cancha/playlist/119229/club-atletico-de-san-luis-vs-rayados-de-monterrey
2020-2021,"Clausura",Lunes 11 de Enero de 2021\nTemporada 2020-2021\nTorneo Clausura\nJornada 1\n11 Enero 2021 - 15:45 hrs.,https://www.ligafemenil.mx/cancha/estadio/1421/estadio-cancha-centenario-no-5-natural-instalaciones-club-america,https://www.ligafemenil.mx/cancha/playlist/119230/america-vs-atlas
2020-2021,"Clausura",Lunes 11 de Enero de 2021\nTemporada 2020-2021\nTorneo Clausura\nJornada 1\n11 Enero 2021 - 17:00 hrs.,https://www.ligafemenil.mx/cancha/estadio/23/estadio-nou-camp,https://www.ligafemenil.mx/cancha/playlist/119231/leon-vs-toluca
2020-2021,"Clausura",Lunes 11 de Enero de 2021\nTemporada 2020-2021\nTorneo Clausura\nJornada 1\n11 Enero 2021 - 19:00 hrs.,https://www.ligafemenil.mx/cancha/estadio/12/estadio-universitario,https://www.ligafemenil.mx/cancha/playlist/119232/tigres-de-la-uanl-vs-pachuca
2020-2021,"Clausura",Lunes 11 de Enero de 2021\nTemporada 2020-2021\nTorneo Clausura\nJornada 1\n11 Enero 2021 - 19:00 hrs.,https://www.ligafemenil.mx/cancha/estadio/1538/estadio-akron,https://www.ligafemenil.mx/cancha/playlist/119233/guadalajara-vs-fc-juarez
2020-2021,"Clausura",Jueves 14 de Enero de 2021\nTemporada 2020-2021\nTorneo Clausura\nJornada 2\n14 Enero 2021 - 15:45 hrs.,https://www.ligafemenil.mx/cancha/estadio/1549/estadio-instalaciones-la-noria-cancha-1,https://www.ligafemenil.mx/cancha/playlist/119235/cruz-azul-vs-leon
2020-2021,"Clausura",Viernes 15 de Enero de 2021\nTemporada 2020-2021\nTorneo Clausura\nJornada 2\n15 Enero 2021 - 17:00 hrs.,https://www.ligafemenil.mx/cancha/estadio/25/estadio-la-corregidora,https://www.ligafemenil.mx/cancha/playlist/119236/gallos-blancos-de-queretaro-vs-club-atletico-de-san-luis
2020-2021,"Clausura",Sábado 16 de Enero de 2021\nTemporada 2020-2021\nTorneo Clausura\nJornada 2\n16 Enero 2021 - 10:00 hrs.,https://www.ligafemenil.mx/cancha/estadio/109/estadio-colomos,https://www.ligafemenil.mx/cancha/playlist/119237/atlas-vs-tigres-de-la-uanl
2020-2021,"Clausura",Sábado 16 de Enero de 2021\nTemporada 2020-2021\nTorneo Clausura\nJornada 2\n16 Enero 2021 - 09:00 hrs.,https://www.ligafemenil.mx/cancha/estadio/1697/estadio-mazatlan,https://www.ligafemenil.mx/cancha/playlist/119238/mazatlan-fc-vs-guadalajara
2020-2021,"Clausura",Domingo 17 de Enero de 2021\nTemporada 2020-2021\nTorneo Clausura\nJornada 2\n17 Enero 2021 - 12:00 hrs.,https://www.ligafemenil.mx/cancha/estadio/9/estadio-cuauhtemoc,https://www.ligafemenil.mx/cancha/playlist/119239/puebla-fc-vs-pumas
2020-2021,"Clausura",Lunes 18 de Enero de 2021\nTemporada 2020-2021\nTorneo Clausura\nJornada 2\n18 Enero 2021 - 15:45 hrs.,https://www.ligafemenil.mx/cancha/estadio/1421/estadio-cancha-centenario-no-5-natural-instalaciones-club-america,https://www.ligafemenil.mx/cancha/playlist/119240/america-vs-fc-juarez
2020-2021,"Clausura",Lunes 18 de Enero de 2021\nTemporada 2020-2021\nTorneo Clausura\nJornada 2\n18 Enero 2021 - 17:00 hrs.,https://www.ligafemenil.mx/cancha/estadio/11/estadio-hidalgo,https://www.ligafemenil.mx/cancha/playlist/119241/pachuca-vs-santos-laguna
2020-2021,"Clausura",Lunes 18 de Enero de 2021\nTemporada 2020-2021\nTorneo Clausura\nJornada 2\n18 Enero 2021 - 19:00 hrs.,https://www.ligafemenil.mx/cancha/estadio/1608/estadio-bbva,https://www.ligafemenil.mx/cancha/playlist/119242/rayados-de-monterrey-vs-necaxa
2020-2021,"Clausura",Lunes 18 de Enero de 2021\nTemporada 2020-2021\nTorneo Clausura\nJornada 2\n18 Enero 2021 - 19:00 hrs.,https://www.ligafemenil.mx/cancha/estadio/48/estadio-caliente,https://www.ligafemenil.mx/cancha/playlist/119243/tijuana-vs-toluca
2020-2021,"Clausura",Jueves 21 de Enero de 2021\nTemporada 2020-2021\nTorneo Clausura\nJornada 3\n21 Enero 2021 - 15:45 hrs.,https://www.ligafemenil.mx/cancha/estadio/1146/estadio-la-cantera-cancha-1,https://www.ligafemenil.mx/cancha/playlist/119244/pumas-vs-rayados-de-monterrey
2020-2021,"Clausura",Viernes 22 de Enero de 2021\nTemporada 2020-2021\nTorneo Clausura\nJornada 3\n22 Enero 2021 - 15:45 hrs.,https://www.ligafemenil.mx/cancha/estadio/1549/estadio-instalaciones-la-noria-cancha-1,https://www.ligafemenil.mx/cancha/playlist/119245/cruz-azul-vs-club-atletico-de-san-luis
2020-2021,"Clausura",Sábado 23 de Enero de 2021\nTemporada 2020-2021\nTorneo Clausura\nJornada 3\n23 Enero 2021 - 09:00 hrs.,https://www.ligafemenil.mx/cancha/estadio/17/estadio-olimpico-benito-juarez,https://www.ligafemenil.mx/cancha/playlist/119247/fc-juarez-vs-pachuca
2020-2021,"Clausura",Domingo 24 de Enero de 2021\nTemporada 2020-2021\nTorneo Clausura\nJornada 3\n24 Enero 2021 - 09:00 hrs.,https://www.ligafemenil.mx/cancha/estadio/1697/estadio-mazatlan,https://www.ligafemenil.mx/cancha/playlist/119246/mazatlan-fc-vs-america
2020-2021,"Clausura",Lunes 25 de Enero de 2021\nTemporada 2020-2021\nTorneo Clausura\nJornada 3\n25 Enero 2021 - 15:45 hrs.,https://www.ligafemenil.mx/cancha/estadio/1547/estadio-instalaciones-metepec-cancha-2,https://www.ligafemenil.mx/cancha/playlist/119248/toluca-vs-gallos-blancos-de-queretaro
2020-2021,"Clausura",Lunes 25 de Enero de 2021\nTemporada 2020-2021\nTorneo Clausura\nJornada 3\n25 Enero 2021 - 17:00 hrs.,https://www.ligafemenil.mx/cancha/estadio/1538/estadio-akron,https://www.ligafemenil.mx/cancha/playlist/119249/guadalajara-vs-santos-laguna
2020-2021,"Clausura",Lunes 25 de Enero de 2021\nTemporada 2020-2021\nTorneo Clausura\nJornada 3\n25 Enero 2021 - 19:00 hrs.,https://www.ligafemenil.mx/cancha/estadio/12/estadio-universitario,https://www.ligafemenil.mx/cancha/playlist/119250/tigres-de-la-uanl-vs-puebla-fc
2020-2021,"Clausura",Lunes 25 de Enero de 2021\nTemporada 2020-2021\nTorneo Clausura\nJornada 3\n25 Enero 2021 - 17:00 hrs.,https://www.ligafemenil.mx/cancha/estadio/48/estadio-caliente,https://www.ligafemenil.mx/cancha/playlist/119251/tijuana-vs-atlas
2020-2021,"Clausura",Lunes 25 de Enero de 2021\nTemporada 2020-2021\nTorneo Clausura\nJornada 3\n25 Enero 2021 - 19:00 hrs.,https://www.ligafemenil.mx/cancha/estadio/23/estadio-nou-camp,https://www.ligafemenil.mx/cancha/playlist/119252/leon-vs-necaxa
2020-2021,"Clausura",Viernes 29 de Enero de 2021\nTemporada 2020-2021\nTorneo Clausura\nJornada 4\n29 Enero 2021 - 15:45 hrs.,https://www.ligafemenil.mx/cancha/estadio/708/estadio-victoria,https://www.ligafemenil.mx/cancha/playlist/119253/necaxa-vs-pumas
2020-2021,"Clausura",Sábado 30 de Enero de 2021\nTemporada 2020-2021\nTorneo Clausura\nJornada 4\n30 Enero 2021 - 10:00 hrs.,https://www.ligafemenil.mx/cancha/estadio/109/estadio-colomos,https://www.ligafemenil.mx/cancha/playlist/119254/atlas-vs-leon
2020-2021,"Clausura",Sábado 30 de Enero de 2021\nTemporada 2020-2021\nTorneo Clausura\nJornada 4\n30 Enero 2021 - 11:00 hrs.,https://www.ligafemenil.mx/cancha/estadio/17/estadio-olimpico-benito-juarez,https://www.ligafemenil.mx/cancha/playlist/119255/fc-juarez-vs-mazatlan-fc
2020-2021,"Clausura",Domingo 31 de Enero de 2021\nTemporada 2020-2021\nTorneo Clausura\nJornada 4\n31 Enero 2021 - 10:30 hrs.,https://www.ligafemenil.mx/cancha/estadio/675/estadio-el-barrial,https://www.ligafemenil.mx/cancha/playlist/119256/rayados-de-monterrey-vs-gallos-blancos-de-queretaro
2020-2021,"Clausura",Domingo 31 de Enero de 2021\nTemporada 2020-2021\nTorneo Clausura\nJornada 4\n31 Enero 2021 - 12:00 hrs.,https://www.ligafemenil.mx/cancha/estadio/9/estadio-cuauhtemoc,https://www.ligafemenil.mx/cancha/playlist/119257/puebla-fc-vs-cruz-azul
2020-2021,"Clausura",Domingo 31 de Enero de 2021\nTemporada 2020-2021\nTorneo Clausura\nJornada 4\n31 Enero 2021 - 17:00 hrs.,https://www.ligafemenil.mx/cancha/estadio/14/estadio-alfonso-lastras-ramirez,https://www.ligafemenil.mx/cancha/playlist/119258/club-atletico-de-san-luis-vs-tijuana
2020-2021,"Clausura",Lunes 1 de Febrero de 2021\nTemporada 2020-2021\nTorneo Clausura\nJornada 4\n1 Febrero 2021 - 15:45 hrs.,https://www.ligafemenil.mx/cancha/estadio/1421/estadio-cancha-centenario-no-5-natural-instalaciones-club-america,https://www.ligafemenil.mx/cancha/playlist/119259/america-vs-toluca
2020-2021,"Clausura",Lunes 1 de Febrero de 2021\nTemporada 2020-2021\nTorneo Clausura\nJornada 4\n1 Febrero 2021 - 17:00 hrs.,https://www.ligafemenil.mx/cancha/estadio/11/estadio-hidalgo,https://www.ligafemenil.mx/cancha/playlist/119260/pachuca-vs-guadalajara
2020-2021,"Clausura",Lunes 1 de Febrero de 2021\nTemporada 2020-2021\nTorneo Clausura\nJornada 4\n1 Febrero 2021 - 19:00 hrs.,https://www.ligafemenil.mx/cancha/estadio/63/estadio-tsm-corona,https://www.ligafemenil.mx/cancha/playlist/119261/santos-laguna-vs-tigres-de-la-uanl
2020-2021,"Clausura",Miércoles 3 de Febrero de 2021\nTemporada 2020-2021\nTorneo Clausura\nJornada 5\n3 Febrero 2021 - 15:45 hrs.,https://www.ligafemenil.mx/cancha/estadio/1146/estadio-la-cantera-cancha-1,https://www.ligafemenil.mx/cancha/playlist/119262/pumas-vs-fc-juarez
2020-2021,"Clausura",Miércoles 3 de Febrero de 2021\nTemporada 2020-2021\nTorneo Clausura\nJornada 5\n3 Febrero 2021 - 19:00 hrs.,https://www.ligafemenil.mx/cancha/estadio/48/estadio-caliente,https://www.ligafemenil.mx/cancha/playlist/119263/tijuana-vs-mazatlan-fc
2020-2021,"Clausura",Jueves 4 de Febrero de 2021\nTemporada 2020-2021\nTorneo Clausura\nJornada 5\n4 Febrero 2021 - 10:00 hrs.,https://www.ligafemenil.mx/cancha/estadio/109/estadio-colomos,https://www.ligafemenil.mx/cancha/playlist/119264/atlas-vs-pachuca
2020-2021,"Clausura",Jueves 4 de Febrero de 2021\nTemporada 2020-2021\nTorneo Clausura\nJornada 5\n4 Febrero 2021 - 12:00 hrs.,https://www.ligafemenil.mx/cancha/estadio/1547/estadio-instalaciones-metepec-cancha-2,https://www.ligafemenil.mx/cancha/playlist/119265/toluca-vs-puebla-fc
2020-2021,"Clausura",Jueves 4 de Febrero de 2021\nTemporada 2020-2021\nTorneo Clausura\nJornada 5\n4 Febrero 2021 - 16:00 hrs.,https://www.ligafemenil.mx/cancha/estadio/15/estadio-victoria,https://www.ligafemenil.mx/cancha/playlist/119266/necaxa-vs-america
2020-2021,"Clausura",Jueves 4 de Febrero de 2021\nTemporada 2020-2021\nTorneo Clausura\nJornada 5\n4 Febrero 2021 - 17:00 hrs.,https://www.ligafemenil.mx/cancha/estadio/23/estadio-nou-camp,https://www.ligafemenil.mx/cancha/playlist/119267/leon-vs-santos-laguna
2020-2021,"Clausura",Jueves 4 de Febrero de 2021\nTemporada 2020-2021\nTorneo Clausura\nJornada 5\n4 Febrero 2021 - 19:00 hrs.,https://www.ligafemenil.mx/cancha/estadio/1608/estadio-bbva,https://www.ligafemenil.mx/cancha/playlist/119268/rayados-de-monterrey-vs-cruz-azul
2020-2021,"Clausura",Viernes 5 de Febrero de 2021\nTemporada 2020-2021\nTorneo Clausura\nJornada 5\n5 Febrero 2021 - 16:00 hrs.,https://www.ligafemenil.mx/cancha/estadio/14/estadio-alfonso-lastras-ramirez,https://www.ligafemenil.mx/cancha/playlist/119269/club-atletico-de-san-luis-vs-tigres-de-la-uanl
2020-2021,"Clausura",Viernes 5 de Febrero de 2021\nTemporada 2020-2021\nTorneo Clausura\nJornada 5\n5 Febrero 2021 - 17:00 hrs.,https://www.ligafemenil.mx/cancha/estadio/25/estadio-la-corregidora,https://www.ligafemenil.mx/cancha/playlist/119270/gallos-blancos-de-queretaro-vs-guadalajara
2020-2021,"Clausura",Sábado 6 de Febrero de 2021\nTemporada 2020-2021\nTorneo Clausura\nJornada 6\n6 Febrero 2021 - 09:00 hrs.,https://www.ligafemenil.mx/cancha/estadio/17/estadio-olimpico-benito-juarez,https://www.ligafemenil.mx/cancha/playlist/119271/fc-juarez-vs-tijuana
2020-2021,"Clausura",Domingo 7 de Febrero de 2021\nTemporada 2020-2021\nTorneo Clausura\nJornada 6\n7 Febrero 2021 - 09:00 hrs.,https://www.ligafemenil.mx/cancha/estadio/1697/estadio-mazatlan,https://www.ligafemenil.mx/cancha/playlist/119272/mazatlan-fc-vs-rayados-de-monterrey
2020-2021,"Clausura",Domingo 7 de Febrero de 2021\nTemporada 2020-2021\nTorneo Clausura\nJornada 6\n7 Febrero 2021 - 10:00 hrs.,https://www.ligafemenil.mx/cancha/estadio/1421/estadio-cancha-centenario-no-5-natural-instalaciones-club-america,https://www.ligafemenil.mx/cancha/playlist/119274/america-vs-leon
2020-2021,"Clausura",Domingo 7 de Febrero de 2021\nTemporada 2020-2021\nTorneo Clausura\nJornada 6\n7 Febrero 2021 - 12:00 hrs.,https://www.ligafemenil.mx/cancha/estadio/9/estadio-cuauhtemoc,https://www.ligafemenil.mx/cancha/playlist/119273/puebla-fc-vs-atlas
2020-2021,"Clausura",Lunes 8 de Febrero de 2021\nTemporada 2020-2021\nTorneo Clausura\nJornada 6\n8 Febrero 2021 - 15:45 hrs.,https://www.ligafemenil.mx/cancha/estadio/1549/estadio-instalaciones-la-noria-cancha-1,https://www.ligafemenil.mx/cancha/playlist/119275/cruz-azul-vs-pumas
2020-2021,"Clausura",Lunes 8 de Febrero de 2021\nTemporada 2020-2021\nTorneo Clausura\nJornada 6\n8 Febrero 2021 - 17:00 hrs.,https://www.ligafemenil.mx/cancha/estadio/1538/estadio-akron,https://www.ligafemenil.mx/cancha/playlist/119276/guadalajara-vs-club-atletico-de-san-luis
2020-2021,"Clausura",Lunes 8 de Febrero de 2021\nTemporada 2020-2021\nTorneo Clausura\nJornada 6\n8 Febrero 2021 - 19:00 hrs.,https://www.ligafemenil.mx/cancha/estadio/12/estadio-universitario,https://www.ligafemenil.mx/cancha/playlist/119277/tigres-de-la-uanl-vs-necaxa
2020-2021,"Clausura",Lunes 8 de Febrero de 2021\nTemporada 2020-2021\nTorneo Clausura\nJornada 6\n8 Febrero 2021 - 19:00 hrs.,https://www.ligafemenil.mx/cancha/estadio/63/estadio-tsm-corona,https://www.ligafemenil.mx/cancha/playlist/119278/santos-laguna-vs-gallos-blancos-de-queretaro
2020-2021,"Clausura",Lunes 8 de Febrero de 2021\nTemporada 2020-2021\nTorneo Clausura\nJornada 6\n8 Febrero 2021 - 19:00 hrs.,https://www.ligafemenil.mx/cancha/estadio/11/estadio-hidalgo,https://www.ligafemenil.mx/cancha/playlist/119279/pachuca-vs-toluca
2020-2021,"Clausura",Viernes 12 de Febrero de 2021\nTemporada 2020-2021\nTorneo Clausura\nJornada 7\n12 Febrero 2021 - 16:00 hrs.,https://www.ligafemenil.mx/cancha/estadio/15/estadio-victoria,https://www.ligafemenil.mx/cancha/playlist/119280/necaxa-vs-guadalajara
2020-2021,"Clausura",Viernes 12 de Febrero de 2021\nTemporada 2020-2021\nTorneo Clausura\nJornada 7\n12 Febrero 2021 - 17:00 hrs.,https://www.ligafemenil.mx/cancha/estadio/25/estadio-la-corregidora,https://www.ligafemenil.mx/cancha/playlist/119281/gallos-blancos-de-queretaro-vs-america
2020-2021,"Clausura",Sábado 13 de Febrero de 2021\nTemporada 2020-2021\nTorneo Clausura\nJornada 7\n13 Febrero 2021 - 10:00 hrs.,https://www.ligafemenil.mx/cancha/estadio/109/estadio-colomos,https://www.ligafemenil.mx/cancha/playlist/119282/atlas-vs-santos-laguna
2020-2021,"Clausura",Sábado 13 de Febrero de 2021\nTemporada 2020-2021\nTorneo Clausura\nJornada 7\n13 Febrero 2021 - 12:00 hrs.,https://www.ligafemenil.mx/cancha/estadio/1146/estadio-la-cantera-cancha-1,https://www.ligafemenil.mx/cancha/playlist/119283/pumas-vs-pachuca
2020-2021,"Clausura",Domingo 14 de Febrero de 2021\nTemporada 2020-2021\nTorneo Clausura\nJornada 7\n14 Febrero 2021 - 10:30 hrs.,https://www.ligafemenil.mx/cancha/estadio/675/estadio-el-barrial,https://www.ligafemenil.mx/cancha/playlist/119284/rayados-de-monterrey-vs-fc-juarez
2020-2021,"Clausura",Domingo 14 de Febrero de 2021\nTemporada 2020-2021\nTorneo Clausura\nJornada 7\n14 Febrero 2021 - 17:00 hrs.,https://www.ligafemenil.mx/cancha/estadio/14/estadio-alfonso-lastras-ramirez,https://www.ligafemenil.mx/cancha/playlist/119285/club-atletico-de-san-luis-vs-mazatlan-fc
2020-2021,"Clausura",Lunes 15 de Febrero de 2021\nTemporada 2020-2021\nTorneo Clausura\nJornada 7\n15 Febrero 2021 - 15:45 hrs.,https://www.ligafemenil.mx/cancha/estadio/1547/estadio-instalaciones-metepec-cancha-2,https://www.ligafemenil.mx/cancha/playlist/119286/toluca-vs-cruz-azul
2020-2021,"Clausura",Lunes 15 de Febrero de 2021\nTemporada 2020-2021\nTorneo Clausura\nJornada 7\n15 Febrero 2021 - 17:00 hrs.,https://www.ligafemenil.mx/cancha/estadio/23/estadio-nou-camp,https://www.ligafemenil.mx/cancha/playlist/119287/leon-vs-tigres-de-la-uanl
2020-2021,"Clausura",Lunes 15 de Febrero de 2021\nTemporada 2020-2021\nTorneo Clausura\nJornada 7\n15 Febrero 2021 - 17:00 hrs.,https://www.ligafemenil.mx/cancha/estadio/48/estadio-caliente,https://www.ligafemenil.mx/cancha/playlist/119288/tijuana-vs-puebla-fc
2020-2021,"Clausura",Lunes 22 de Febrero de 2021\nTemporada 2020-2021\nTorneo Clausura\nJornada 1\n22 Febrero 2021 - 16:00 hrs.,https://www.ligafemenil.mx/cancha/estadio/71/estadio-cancha-alterna-tsm-cancha-5-cesped-natural,https://www.ligafemenil.mx/cancha/playlist/119234/santos-laguna-vs-puebla-fc
2020-2021,"Clausura",Jueves 25 de Febrero de 2021\nTemporada 2020-2021\nTorneo Clausura\nJornada 8\n25 Febrero 2021 - 15:45 hrs.,https://www.ligafemenil.mx/cancha/estadio/1421/estadio-cancha-centenario-no-5-natural-instalaciones-club-america,https://www.ligafemenil.mx/cancha/playlist/119289/america-vs-pumas
2020-2021,"Clausura",Viernes 26 de Febrero de 2021\nTemporada 2020-2021\nTorneo Clausura\nJornada 8\n26 Febrero 2021 - 15:45 hrs.,https://www.ligafemenil.mx/cancha/estadio/1549/estadio-instalaciones-la-noria-cancha-1,https://www.ligafemenil.mx/cancha/playlist/119290/cruz-azul-vs-tijuana
2020-2021,"Clausura",Sábado 27 de Febrero de 2021\nTemporada 2020-2021\nTorneo Clausura\nJornada 8\n27 Febrero 2021 - 09:00 hrs.,https://www.ligafemenil.mx/cancha/estadio/1697/estadio-mazatlan,https://www.ligafemenil.mx/cancha/playlist/119291/mazatlan-fc-vs-atlas
2020-2021,"Clausura",Sábado 27 de Febrero de 2021\nTemporada 2020-2021\nTorneo Clausura\nJornada 8\n27 Febrero 2021 - 11:00 hrs.,https://www.ligafemenil.mx/cancha/estadio/17/estadio-olimpico-benito-juarez,https://www.ligafemenil.mx/cancha/playlist/119292/fc-juarez-vs-club-atletico-de-san-luis
2020-2021,"Clausura",Domingo 28 de Febrero de 2021\nTemporada 2020-2021\nTorneo Clausura\nJornada 8\n28 Febrero 2021 - 11:15 hrs.,https://www.ligafemenil.mx/cancha/estadio/36/estadio-verde-valle,https://www.ligafemenil.mx/cancha/playlist/119293/guadalajara-vs-leon
2020-2021,"Clausura",Domingo 28 de Febrero de 2021\nTemporada 2020-2021\nTorneo Clausura\nJornada 8\n28 Febrero 2021 - 12:00 hrs.,https://www.ligafemenil.mx/cancha/estadio/9/estadio-cuauhtemoc,https://www.ligafemenil.mx/cancha/playlist/119294/puebla-fc-vs-gallos-blancos-de-queretaro
2020-2021,"Clausura",Lunes 1 de Marzo de 2021\nTemporada 2020-2021\nTorneo Clausura\nJornada 8\n1 Marzo 2021 - 19:00 hrs.,https://www.ligafemenil.mx/cancha/estadio/12/estadio-universitario,https://www.ligafemenil.mx/cancha/playlist/119295/tigres-de-la-uanl-vs-toluca
2020-2021,"Clausura",Lunes 1 de Marzo de 2021\nTemporada 2020-2021\nTorneo Clausura\nJornada 8\n1 Marzo 2021 - 19:00 hrs.,https://www.ligafemenil.mx/cancha/estadio/11/estadio-hidalgo,https://www.ligafemenil.mx/cancha/playlist/119296/pachuca-vs-rayados-de-monterrey
2020-2021,"Clausura",Lunes 1 de Marzo de 2021\nTemporada 2020-2021\nTorneo Clausura\nJornada 8\n1 Marzo 2021 - 21:00 hrs.,https://www.ligafemenil.mx/cancha/estadio/63/estadio-tsm-corona,https://www.ligafemenil.mx/cancha/playlist/119297/santos-laguna-vs-necaxa
2020-2021,"Clausura",Jueves 4 de Marzo de 2021\nTemporada 2020-2021\nTorneo Clausura\nJornada 9\n4 Marzo 2021 - 17:00 hrs.,https://www.ligafemenil.mx/cancha/estadio/25/estadio-la-corregidora,https://www.ligafemenil.mx/cancha/playlist/119298/gallos-blancos-de-queretaro-vs-pachuca
2020-2021,"Clausura",Viernes 5 de Marzo de 2021\nTemporada 2020-2021\nTorneo Clausura\nJornada 9\n5 Marzo 2021 - 16:00 hrs.,https://www.ligafemenil.mx/cancha/estadio/15/estadio-victoria,https://www.ligafemenil.mx/cancha/playlist/119299/necaxa-vs-puebla-fc
2020-2021,"Clausura",Sábado 6 de Marzo de 2021\nTemporada 2020-2021\nTorneo Clausura\nJornada 9\n6 Marzo 2021 - 10:00 hrs.,https://www.ligafemenil.mx/cancha/estadio/109/estadio-colomos,https://www.ligafemenil.mx/cancha/playlist/119300/atlas-vs-cruz-azul
2020-2021,"Clausura",Sábado 6 de Marzo de 2021\nTemporada 2020-2021\nTorneo Clausura\nJornada 9\n6 Marzo 2021 - 12:00 hrs.,https://www.ligafemenil.mx/cancha/estadio/1146/estadio-la-cantera-cancha-1,https://www.ligafemenil.mx/cancha/playlist/119301/pumas-vs-tigres-de-la-uanl
2020-2021,"Clausura",Domingo 7 de Marzo de 2021\nTemporada 2020-2021\nTorneo Clausura\nJornada 9\n7 Marzo 2021 - 17:00 hrs.,https://www.ligafemenil.mx/cancha/estadio/14/estadio-alfonso-lastras-ramirez,https://www.ligafemenil.mx/cancha/playlist/119302/club-atletico-de-san-luis-vs-america
2020-2021,"Clausura",Lunes 8 de Marzo de 2021\nTemporada 2020-2021\nTorneo Clausura\nJornada 9\n8 Marzo 2021 - 15:45 hrs.,https://www.ligafemenil.mx/cancha/estadio/1547/estadio-instalaciones-metepec-cancha-2,https://www.ligafemenil.mx/cancha/playlist/119303/toluca-vs-fc-juarez
2020-2021,"Clausura",Lunes 8 de Marzo de 2021\nTemporada 2020-2021\nTorneo Clausura\nJornada 9\n8 Marzo 2021 - 17:00 hrs.,https://www.ligafemenil.mx/cancha/estadio/1608/estadio-bbva,https://www.ligafemenil.mx/cancha/playlist/119304/rayados-de-monterrey-vs-santos-laguna
2020-2021,"Clausura",Lunes 8 de Marzo de 2021\nTemporada 2020-2021\nTorneo Clausura\nJornada 9\n8 Marzo 2021 - 17:00 hrs.,https://www.ligafemenil.mx/cancha/estadio/48/estadio-caliente,https://www.ligafemenil.mx/cancha/playlist/119305/tijuana-vs-guadalajara
2020-2021,"Clausura",Lunes 8 de Marzo de 2021\nTemporada 2020-2021\nTorneo Clausura\nJornada 9\n8 Marzo 2021 - 19:00 hrs.,https://www.ligafemenil.mx/cancha/estadio/23/estadio-nou-camp,https://www.ligafemenil.mx/cancha/playlist/119306/leon-vs-mazatlan-fc
2020-2021,"Clausura",Miércoles 10 de Marzo de 2021\nTemporada 2020-2021\nTorneo Clausura\nJornada 10\n10 Marzo 2021 - 12:00 hrs.,https://www.ligafemenil.mx/cancha/estadio/9/estadio-cuauhtemoc,https://www.ligafemenil.mx/cancha/playlist/119307/puebla-fc-vs-club-atletico-de-san-luis
2020-2021,"Clausura",Miércoles 10 de Marzo de 2021\nTemporada 2020-2021\nTorneo Clausura\nJornada 10\n10 Marzo 2021 - 15:45 hrs.,https://www.ligafemenil.mx/cancha/estadio/1549/estadio-instalaciones-la-noria-cancha-1,https://www.ligafemenil.mx/cancha/playlist/119308/cruz-azul-vs-pachuca
2020-2021,"Clausura",Miércoles 10 de Marzo de 2021\nTemporada 2020-2021\nTorneo Clausura\nJornada 10\n10 Marzo 2021 - 19:00 hrs.,https://www.ligafemenil.mx/cancha/estadio/12/estadio-universitario,https://www.ligafemenil.mx/cancha/playlist/119309/tigres-de-la-uanl-vs-gallos-blancos-de-queretaro
2020-2021,"Clausura",Jueves 11 de Marzo de 2021\nTemporada 2020-2021\nTorneo Clausura\nJornada 10\n11 Marzo 2021 - 16:00 hrs.,https://www.ligafemenil.mx/cancha/estadio/71/estadio-cancha-alterna-tsm-cancha-5-cesped-natural,https://www.ligafemenil.mx/cancha/playlist/119311/santos-laguna-vs-pumas
2020-2021,"Clausura",Jueves 11 de Marzo de 2021\nTemporada 2020-2021\nTorneo Clausura\nJornada 10\n11 Marzo 2021 - 19:00 hrs.,https://www.ligafemenil.mx/cancha/estadio/23/estadio-nou-camp,https://www.ligafemenil.mx/cancha/playlist/119312/leon-vs-rayados-de-monterrey
2020-2021,"Clausura",Jueves 11 de Marzo de 2021\nTemporada 2020-2021\nTorneo Clausura\nJornada 10\n11 Marzo 2021 - 18:00 hrs.,https://www.ligafemenil.mx/cancha/estadio/17/estadio-olimpico-benito-juarez,https://www.ligafemenil.mx/cancha/playlist/119310/fc-juarez-vs-atlas
2020-2021,"Clausura",Jueves 11 de Marzo de 2021\nTemporada 2020-2021\nTorneo Clausura\nJornada 10\n11 Marzo 2021 - 19:00 hrs.,https://www.ligafemenil.mx/cancha/estadio/1697/estadio-mazatlan,https://www.ligafemenil.mx/cancha/playlist/119313/mazatlan-fc-vs-necaxa
2020-2021,"Clausura",Jueves 11 de Marzo de 2021\nTemporada 2020-2021\nTorneo Clausura\nJornada 10\n11 Marzo 2021 - 21:00 hrs.,https://www.ligafemenil.mx/cancha/estadio/1538/estadio-akron,https://www.ligafemenil.mx/cancha/playlist/119314/guadalajara-vs-toluca
2020-2021,"Clausura",Viernes 12 de Marzo de 2021\nTemporada 2020-2021\nTorneo Clausura\nJornada 10\n12 Marzo 2021 - 12:00 hrs.,https://www.ligafemenil.mx/cancha/estadio/1421/estadio-cancha-centenario-no-5-natural-instalaciones-club-america,https://www.ligafemenil.mx/cancha/playlist/119315/america-vs-tijuana
2020-2021,"Clausura",Domingo 14 de Marzo de 2021\nTemporada 2020-2021\nTorneo Clausura\nJornada 11\n14 Marzo 2021 - 09:00 hrs.,https://www.ligafemenil.mx/cancha/estadio/17/estadio-olimpico-benito-juarez,https://www.ligafemenil.mx/cancha/playlist/119316/fc-juarez-vs-cruz-azul
2020-2021,"Clausura",Domingo 14 de Marzo de 2021\nTemporada 2020-2021\nTorneo Clausura\nJornada 11\n14 Marzo 2021 - 09:00 hrs.,https://www.ligafemenil.mx/cancha/estadio/1697/estadio-mazatlan,https://www.ligafemenil.mx/cancha/playlist/119317/mazatlan-fc-vs-puebla-fc
2020-2021,"Clausura",Domingo 14 de Marzo de 2021\nTemporada 2020-2021\nTorneo Clausura\nJornada 11\n14 Marzo 2021 - 10:00 hrs.,https://www.ligafemenil.mx/cancha/estadio/728/estadio-cecaf,https://www.ligafemenil.mx/cancha/playlist/119319/atlas-vs-guadalajara
2020-2021,"Clausura",Domingo 14 de Marzo de 2021\nTemporada 2020-2021\nTorneo Clausura\nJornada 11\n14 Marzo 2021 - 10:30 hrs.,https://www.ligafemenil.mx/cancha/estadio/675/estadio-el-barrial,https://www.ligafemenil.mx/cancha/playlist/119318/rayados-de-monterrey-vs-toluca
2020-2021,"Clausura",Lunes 15 de Marzo de 2021\nTemporada 2020-2021\nTorneo Clausura\nJornada 11\n15 Marzo 2021 - 12:00 hrs.,https://www.ligafemenil.mx/cancha/estadio/1146/estadio-la-cantera-cancha-1,https://www.ligafemenil.mx/cancha/playlist/119321/pumas-vs-club-atletico-de-san-luis
2020-2021,"Clausura",Lunes 15 de Marzo de 2021\nTemporada 2020-2021\nTorneo Clausura\nJornada 11\n15 Marzo 2021 - 16:00 hrs.,https://www.ligafemenil.mx/cancha/estadio/708/estadio-victoria,https://www.ligafemenil.mx/cancha/playlist/119320/necaxa-vs-gallos-blancos-de-queretaro
2020-2021,"Clausura",Lunes 15 de Marzo de 2021\nTemporada 2020-2021\nTorneo Clausura\nJornada 11\n15 Marzo 2021 - 17:00 hrs.,https://www.ligafemenil.mx/cancha/estadio/11/estadio-hidalgo,https://www.ligafemenil.mx/cancha/playlist/119323/pachuca-vs-leon
2020-2021,"Clausura",Lunes 15 de Marzo de 2021\nTemporada 2020-2021\nTorneo Clausura\nJornada 11\n15 Marzo 2021 - 19:00 hrs.,https://www.ligafemenil.mx/cancha/estadio/1/estadio-azteca,https://www.ligafemenil.mx/cancha/playlist/119322/america-vs-tigres-de-la-uanl
2020-2021,"Clausura",Lunes 15 de Marzo de 2021\nTemporada 2020-2021\nTorneo Clausura\nJornada 11\n15 Marzo 2021 - 18:00 hrs.,https://www.ligafemenil.mx/cancha/estadio/48/estadio-caliente,https://www.ligafemenil.mx/cancha/playlist/119380/tijuana-vs-santos-laguna
2020-2021,"Clausura",Jueves 18 de Marzo de 2021\nTemporada 2020-2021\nTorneo Clausura\nJornada 12\n18 Marzo 2021 - 10:00 hrs.,https://www.ligafemenil.mx/cancha/estadio/1549/estadio-instalaciones-la-noria-cancha-1,https://www.ligafemenil.mx/cancha/playlist/119325/cruz-azul-vs-mazatlan-fc
2020-2021,"Clausura",Viernes 19 de Marzo de 2021\nTemporada 2020-2021\nTorneo Clausura\nJornada 12\n19 Marzo 2021 - 17:00 hrs.,https://www.ligafemenil.mx/cancha/estadio/25/estadio-la-corregidora,https://www.ligafemenil.mx/cancha/playlist/119326/gallos-blancos-de-queretaro-vs-atlas
2020-2021,"Clausura",Sábado 20 de Marzo de 2021\nTemporada 2020-2021\nTorneo Clausura\nJornada 12\n20 Marzo 2021 - 12:00 hrs.,https://www.ligafemenil.mx/cancha/estadio/7/estadio-olimpico-universitario,https://www.ligafemenil.mx/cancha/playlist/119327/pumas-vs-leon
2020-2021,"Clausura",Domingo 21 de Marzo de 2021\nTemporada 2020-2021\nTorneo Clausura\nJornada 12\n21 Marzo 2021 - 10:00 hrs.,https://www.ligafemenil.mx/cancha/estadio/36/estadio-verde-valle,https://www.ligafemenil.mx/cancha/playlist/119329/guadalajara-vs-puebla-fc
2020-2021,"Clausura",Domingo 21 de Marzo de 2021\nTemporada 2020-2021\nTorneo Clausura\nJornada 12\n21 Marzo 2021 - 17:00 hrs.,https://www.ligafemenil.mx/cancha/estadio/14/estadio-alfonso-lastras-ramirez,https://www.ligafemenil.mx/cancha/playlist/119330/club-atletico-de-san-luis-vs-santos-laguna
2020-2021,"Clausura",Lunes 22 de Marzo de 2021\nTemporada 2020-2021\nTorneo Clausura\nJornada 12\n22 Marzo 2021 - 12:00 hrs.,https://www.ligafemenil.mx/cancha/estadio/1547/estadio-instalaciones-metepec-cancha-2,https://www.ligafemenil.mx/cancha/playlist/119331/toluca-vs-necaxa
2020-2021,"Clausura",Lunes 22 de Marzo de 2021\nTemporada 2020-2021\nTorneo Clausura\nJornada 12\n22 Marzo 2021 - 19:00 hrs.,https://www.ligafemenil.mx/cancha/estadio/11/estadio-hidalgo,https://www.ligafemenil.mx/cancha/playlist/119333/pachuca-vs-america
2020-2021,"Clausura",Lunes 22 de Marzo de 2021\nTemporada 2020-2021\nTorneo Clausura\nJornada 12\n22 Marzo 2021 - 20:30 hrs.,https://www.ligafemenil.mx/cancha/estadio/12/estadio-universitario,https://www.ligafemenil.mx/cancha/playlist/119332/tigres-de-la-uanl-vs-fc-juarez
2020-2021,"Clausura",Lunes 22 de Marzo de 2021\nTemporada 2020-2021\nTorneo Clausura\nJornada 12\n22 Marzo 2021 - 20:00 hrs.,https://www.ligafemenil.mx/cancha/estadio/48/estadio-caliente,https://www.ligafemenil.mx/cancha/playlist/119334/tijuana-vs-rayados-de-monterrey
2020-2021,"Clausura",Viernes 26 de Marzo de 2021\nTemporada 2020-2021\nTorneo Clausura\nJornada 13\n26 Marzo 2021 - 16:00 hrs.,https://www.ligafemenil.mx/cancha/estadio/15/estadio-victoria,https://www.ligafemenil.mx/cancha/playlist/119335/necaxa-vs-club-atletico-de-san-luis
2020-2021,"Clausura",Viernes 26 de Marzo de 2021\nTemporada 2020-2021\nTorneo Clausura\nJornada 13\n26 Marzo 2021 - 18:00 hrs.,https://www.ligafemenil.mx/cancha/estadio/1697/estadio-mazatlan,https://www.ligafemenil.mx/cancha/playlist/119336/mazatlan-fc-vs-pumas
2020-2021,"Clausura",Sábado 27 de Marzo de 2021\nTemporada 2020-2021\nTorneo Clausura\nJornada 13\n27 Marzo 2021 - 10:00 hrs.,https://www.ligafemenil.mx/cancha/estadio/728/estadio-cecaf,https://www.ligafemenil.mx/cancha/playlist/119337/atlas-vs-toluca
2020-2021,"Clausura",Sábado 27 de Marzo de 2021\nTemporada 2020-2021\nTorneo Clausura\nJornada 13\n27 Marzo 2021 - 20:05 hrs.,https://www.ligafemenil.mx/cancha/estadio/1/estadio-azteca,https://www.ligafemenil.mx/cancha/playlist/119338/america-vs-guadalajara
2020-2021,"Clausura",Domingo 28 de Marzo de 2021\nTemporada 2020-2021\nTorneo Clausura\nJornada 13\n28 Marzo 2021 - 12:00 hrs.,https://www.ligafemenil.mx/cancha/estadio/9/estadio-cuauhtemoc,https://www.ligafemenil.mx/cancha/playlist/119340/puebla-fc-vs-pachuca
2020-2021,"Clausura",Domingo 28 de Marzo de 2021\nTemporada 2020-2021\nTorneo Clausura\nJornada 13\n28 Marzo 2021 - 21:00 hrs.,https://www.ligafemenil.mx/cancha/estadio/17/estadio-olimpico-benito-juarez,https://www.ligafemenil.mx/cancha/playlist/119339/fc-juarez-vs-gallos-blancos-de-queretaro
2020-2021,"Clausura",Lunes 29 de Marzo de 2021\nTemporada 2020-2021\nTorneo Clausura\nJornada 13\n29 Marzo 2021 - 16:30 hrs.,https://www.ligafemenil.mx/cancha/estadio/71/estadio-cancha-alterna-tsm-cancha-5-cesped-natural,https://www.ligafemenil.mx/cancha/playlist/119342/santos-laguna-vs-cruz-azul
2020-2021,"Clausura",Lunes 29 de Marzo de 2021\nTemporada 2020-2021\nTorneo Clausura\nJornada 13\n29 Marzo 2021 - 19:00 hrs.,https://www.ligafemenil.mx/cancha/estadio/23/estadio-nou-camp,https://www.ligafemenil.mx/cancha/playlist/119341/leon-vs-tijuana
2020-2021,"Clausura",Lunes 29 de Marzo de 2021\nTemporada 2020-2021\nTorneo Clausura\nJornada 13\n29 Marzo 2021 - 21:00 hrs.,https://www.ligafemenil.mx/cancha/estadio/1608/estadio-bbva,https://www.ligafemenil.mx/cancha/playlist/119343/rayados-de-monterrey-vs-tigres-de-la-uanl
2020-2021,"Clausura",Jueves 1 de Abril de 2021\nTemporada 2020-2021\nTorneo Clausura\nJornada 14\n1 Abril 2021 - 17:00 hrs.,https://www.ligafemenil.mx/cancha/estadio/14/estadio-alfonso-lastras-ramirez,https://www.ligafemenil.mx/cancha/playlist/119344/club-atletico-de-san-luis-vs-atlas
2020-2021,"Clausura",Viernes 2 de Abril de 2021\nTemporada 2020-2021\nTorneo Clausura\nJornada 14\n2 Abril 2021 - 16:00 hrs.,https://www.ligafemenil.mx/cancha/estadio/15/estadio-victoria,https://www.ligafemenil.mx/cancha/playlist/119345/necaxa-vs-fc-juarez
2020-2021,"Clausura",Viernes 2 de Abril de 2021\nTemporada 2020-2021\nTorneo Clausura\nJornada 14\n2 Abril 2021 - 17:00 hrs.,https://www.ligafemenil.mx/cancha/estadio/25/estadio-la-corregidora,https://www.ligafemenil.mx/cancha/playlist/119346/gallos-blancos-de-queretaro-vs-leon
2020-2021,"Clausura",Sábado 3 de Abril de 2021\nTemporada 2020-2021\nTorneo Clausura\nJornada 14\n3 Abril 2021 - 10:00 hrs.,https://www.ligafemenil.mx/cancha/estadio/1554/estadio-verde-valle-2,https://www.ligafemenil.mx/cancha/playlist/119347/guadalajara-vs-pumas
2020-2021,"Clausura",Domingo 4 de Abril de 2021\nTemporada 2020-2021\nTorneo Clausura\nJornada 14\n4 Abril 2021 - 12:00 hrs.,https://www.ligafemenil.mx/cancha/estadio/9/estadio-cuauhtemoc,https://www.ligafemenil.mx/cancha/playlist/119348/puebla-fc-vs-rayados-de-monterrey
2020-2021,"Clausura",Lunes 5 de Abril de 2021\nTemporada 2020-2021\nTorneo Clausura\nJornada 14\n5 Abril 2021 - 16:00 hrs.,https://www.ligafemenil.mx/cancha/estadio/1547/estadio-instalaciones-metepec-cancha-2,https://www.ligafemenil.mx/cancha/playlist/119349/toluca-vs-mazatlan-fc
2020-2021,"Clausura",Lunes 5 de Abril de 2021\nTemporada 2020-2021\nTorneo Clausura\nJornada 14\n5 Abril 2021 - 19:00 hrs.,https://www.ligafemenil.mx/cancha/estadio/12/estadio-universitario,https://www.ligafemenil.mx/cancha/playlist/119350/tigres-de-la-uanl-vs-cruz-azul
2020-2021,"Clausura",Lunes 5 de Abril de 2021\nTemporada 2020-2021\nTorneo Clausura\nJornada 14\n5 Abril 2021 - 19:00 hrs.,https://www.ligafemenil.mx/cancha/estadio/63/estadio-tsm-corona,https://www.ligafemenil.mx/cancha/playlist/119352/santos-laguna-vs-america
2020-2021,"Clausura",Lunes 5 de Abril de 2021\nTemporada 2020-2021\nTorneo Clausura\nJornada 14\n5 Abril 2021 - 21:00 hrs.,https://www.ligafemenil.mx/cancha/estadio/11/estadio-hidalgo,https://www.ligafemenil.mx/cancha/playlist/119351/pachuca-vs-tijuana
2020-2021,"Clausura",Viernes 16 de Abril de 2021\nTemporada 2020-2021\nTorneo Clausura\nJornada 15\n16 Abril 2021 - 16:00 hrs.,https://www.ligafemenil.mx/cancha/estadio/1549/estadio-instalaciones-la-noria-cancha-1,https://www.ligafemenil.mx/cancha/playlist/119353/cruz-azul-vs-guadalajara
2020-2021,"Clausura",Sábado 17 de Abril de 2021\nTemporada 2020-2021\nTorneo Clausura\nJornada 15\n17 Abril 2021 - 10:00 hrs.,https://www.ligafemenil.mx/cancha/estadio/109/estadio-colomos,https://www.ligafemenil.mx/cancha/playlist/119354/atlas-vs-necaxa
2020-2021,"Clausura",Sábado 17 de Abril de 2021\nTemporada 2020-2021\nTorneo Clausura\nJornada 15\n17 Abril 2021 - 09:00 hrs.,https://www.ligafemenil.mx/cancha/estadio/1697/estadio-mazatlan,https://www.ligafemenil.mx/cancha/playlist/119355/mazatlan-fc-vs-pachuca
2020-2021,"Clausura",Sábado 17 de Abril de 2021\nTemporada 2020-2021\nTorneo Clausura\nJornada 15\n17 Abril 2021 - 12:00 hrs.,https://www.ligafemenil.mx/cancha/estadio/7/estadio-olimpico-universitario,https://www.ligafemenil.mx/cancha/playlist/119356/pumas-vs-gallos-blancos-de-queretaro
2020-2021,"Clausura",Lunes 19 de Abril de 2021\nTemporada 2020-2021\nTorneo Clausura\nJornada 15\n19 Abril 2021 - 16:00 hrs.,https://www.ligafemenil.mx/cancha/estadio/1547/estadio-instalaciones-metepec-cancha-2,https://www.ligafemenil.mx/cancha/playlist/119357/toluca-vs-santos-laguna
2020-2021,"Clausura",Lunes 19 de Abril de 2021\nTemporada 2020-2021\nTorneo Clausura\nJornada 15\n19 Abril 2021 - 16:00 hrs.,https://www.ligafemenil.mx/cancha/estadio/257/estadio-instalaciones-casa-club-leon-f-c,https://www.ligafemenil.mx/cancha/playlist/119361/leon-vs-club-atletico-de-san-luis
2020-2021,"Clausura",Lunes 19 de Abril de 2021\nTemporada 2020-2021\nTorneo Clausura\nJornada 15\n19 Abril 2021 - 17:00 hrs.,https://www.ligafemenil.mx/cancha/estadio/1608/estadio-bbva,https://www.ligafemenil.mx/cancha/playlist/119359/rayados-de-monterrey-vs-america
2020-2021,"Clausura",Lunes 19 de Abril de 2021\nTemporada 2020-2021\nTorneo Clausura\nJornada 15\n19 Abril 2021 - 17:00 hrs.,https://www.ligafemenil.mx/cancha/estadio/48/estadio-caliente,https://www.ligafemenil.mx/cancha/playlist/119360/tijuana-vs-tigres-de-la-uanl
2020-2021,"Clausura",Lunes 19 de Abril de 2021\nTemporada 2020-2021\nTorneo Clausura\nJornada 15\n19 Abril 2021 - 18:00 hrs.,https://www.ligafemenil.mx/cancha/estadio/17/estadio-olimpico-benito-juarez,https://www.ligafemenil.mx/cancha/playlist/119358/fc-juarez-vs-puebla-fc
2020-2021,"Clausura",Jueves 22 de Abril de 2021\nTemporada 2020-2021\nTorneo Clausura\nJornada 16\n22 Abril 2021 - 17:00 hrs.,https://www.ligafemenil.mx/cancha/estadio/25/estadio-la-corregidora,https://www.ligafemenil.mx/cancha/playlist/119362/gallos-blancos-de-queretaro-vs-tijuana
2020-2021,"Clausura",Viernes 23 de Abril de 2021\nTemporada 2020-2021\nTorneo Clausura\nJornada 16\n23 Abril 2021 - 16:00 hrs.,https://www.ligafemenil.mx/cancha/estadio/15/estadio-victoria,https://www.ligafemenil.mx/cancha/playlist/119363/necaxa-vs-pachuca
2020-2021,"Clausura",Sábado 24 de Abril de 2021\nTemporada 2020-2021\nTorneo Clausura\nJornada 16\n24 Abril 2021 - 12:00 hrs.,https://www.ligafemenil.mx/cancha/estadio/7/estadio-olimpico-universitario,https://www.ligafemenil.mx/cancha/playlist/119364/pumas-vs-atlas
2020-2021,"Clausura",Domingo 25 de Abril de 2021\nTemporada 2020-2021\nTorneo Clausura\nJornada 16\n25 Abril 2021 - 12:00 hrs.,https://www.ligafemenil.mx/cancha/estadio/1421/estadio-cancha-centenario-no-5-natural-instalaciones-club-america,https://www.ligafemenil.mx/cancha/playlist/119365/america-vs-cruz-azul
2020-2021,"Clausura",Lunes 26 de Abril de 2021\nTemporada 2020-2021\nTorneo Clausura\nJornada 16\n26 Abril 2021 - 17:00 hrs.,https://www.ligafemenil.mx/cancha/estadio/14/estadio-alfonso-lastras-ramirez,https://www.ligafemenil.mx/cancha/playlist/119366/club-atletico-de-san-luis-vs-toluca
2020-2021,"Clausura",Lunes 26 de Abril de 2021\nTemporada 2020-2021\nTorneo Clausura\nJornada 16\n26 Abril 2021 - 17:00 hrs.,https://www.ligafemenil.mx/cancha/estadio/1538/estadio-akron,https://www.ligafemenil.mx/cancha/playlist/119368/guadalajara-vs-rayados-de-monterrey
2020-2021,"Clausura",Lunes 26 de Abril de 2021\nTemporada 2020-2021\nTorneo Clausura\nJornada 16\n26 Abril 2021 - 19:00 hrs.,https://www.ligafemenil.mx/cancha/estadio/63/estadio-tsm-corona,https://www.ligafemenil.mx/cancha/playlist/119369/santos-laguna-vs-fc-juarez
2020-2021,"Clausura",Lunes 26 de Abril de 2021\nTemporada 2020-2021\nTorneo Clausura\nJornada 16\n26 Abril 2021 - 19:00 hrs.,https://www.ligafemenil.mx/cancha/estadio/23/estadio-nou-camp,https://www.ligafemenil.mx/cancha/playlist/119370/leon-vs-puebla-fc
2020-2021,"Clausura",Lunes 26 de Abril de 2021\nTemporada 2020-2021\nTorneo Clausura\nJornada 16\n26 Abril 2021 - 19:00 hrs.,https://www.ligafemenil.mx/cancha/estadio/12/estadio-universitario,https://www.ligafemenil.mx/cancha/playlist/119367/tigres-de-la-uanl-vs-mazatlan-fc
2020-2021,"Clausura",Viernes 30 de Abril de 2021\nTemporada 2020-2021\nTorneo Clausura\nJornada 17\n30 Abril 2021 - 12:45 hrs.,https://www.ligafemenil.mx/cancha/estadio/47/estadio-instalaciones-la-noria-cancha-1,https://www.ligafemenil.mx/cancha/playlist/119371/cruz-azul-vs-gallos-blancos-de-queretaro
2020-2021,"Clausura",Sábado 1 de Mayo de 2021\nTemporada 2020-2021\nTorneo Clausura\nJornada 17\n1 Mayo 2021 - 09:00 hrs.,https://www.ligafemenil.mx/cancha/estadio/1697/estadio-mazatlan,https://www.ligafemenil.mx/cancha/playlist/119372/mazatlan-fc-vs-santos-laguna
2020-2021,"Clausura",Sábado 1 de Mayo de 2021\nTemporada 2020-2021\nTorneo Clausura\nJornada 17\n1 Mayo 2021 - 10:00 hrs.,https://www.ligafemenil.mx/cancha/estadio/11/estadio-hidalgo,https://www.ligafemenil.mx/cancha/playlist/119377/pachuca-vs-club-atletico-de-san-luis
2020-2021,"Clausura",Domingo 2 de Mayo de 2021\nTemporada 2020-2021\nTorneo Clausura\nJornada 17\n2 Mayo 2021 - 09:00 hrs.,https://www.ligafemenil.mx/cancha/estadio/17/estadio-olimpico-benito-juarez,https://www.ligafemenil.mx/cancha/playlist/119374/fc-juarez-vs-leon
2020-2021,"Clausura",Domingo 2 de Mayo de 2021\nTemporada 2020-2021\nTorneo Clausura\nJornada 17\n2 Mayo 2021 - 12:00 hrs.,https://www.ligafemenil.mx/cancha/estadio/9/estadio-cuauhtemoc,https://www.ligafemenil.mx/cancha/playlist/119373/puebla-fc-vs-america
2020-2021,"Clausura",Lunes 3 de Mayo de 2021\nTemporada 2020-2021\nTorneo Clausura\nJornada 17\n3 Mayo 2021 - 16:00 hrs.,https://www.ligafemenil.mx/cancha/estadio/6/estadio-nemesio-diez,https://www.ligafemenil.mx/cancha/playlist/119375/toluca-vs-pumas
2020-2021,"Clausura",Lunes 3 de Mayo de 2021\nTemporada 2020-2021\nTorneo Clausura\nJornada 17\n3 Mayo 2021 - 19:00 hrs.,https://www.ligafemenil.mx/cancha/estadio/1538/estadio-akron,https://www.ligafemenil.mx/cancha/playlist/119376/guadalajara-vs-tigres-de-la-uanl
2020-2021,"Clausura",Lunes 3 de Mayo de 2021\nTemporada 2020-2021\nTorneo Clausura\nJornada 17\n3 Mayo 2021 - 21:00 hrs.,https://www.ligafemenil.mx/cancha/estadio/1608/estadio-bbva,https://www.ligafemenil.mx/cancha/playlist/119378/rayados-de-monterrey-vs-atlas
2020-2021,"Clausura",Lunes 3 de Mayo de 2021\nTemporada 2020-2021\nTorneo Clausura\nJornada 17\n3 Mayo 2021 - 19:00 hrs.,https://www.ligafemenil.mx/cancha/estadio/48/estadio-caliente,https://www.ligafemenil.mx/cancha/playlist/119379/tijuana-vs-necaxa
2020-2021,"Clausura",Viernes 7 de Mayo de 2021\nTemporada 2020-2021\nTorneo Clausura\nCuartos Ida\n7 Mayo 2021 - 10:00 hrs.,https://www.ligafemenil.mx/cancha/estadio/1421/estadio-cancha-centenario-no-5-natural-instalaciones-club-america,https://www.ligafemenil.mx/cancha/playlist/121317/america-vs-tigres-de-la-uanl
2020-2021,"Clausura",Viernes 7 de Mayo de 2021\nTemporada 2020-2021\nTorneo Clausura\nCuartos Ida\n7 Mayo 2021 - 12:00 hrs.,https://www.ligafemenil.mx/cancha/estadio/7/estadio-olimpico-universitario,https://www.ligafemenil.mx/cancha/playlist/121321/pumas-vs-rayados-de-monterrey
2020-2021,"Clausura",Viernes 7 de Mayo de 2021\nTemporada 2020-2021\nTorneo Clausura\nCuartos Ida\n7 Mayo 2021 - 16:00 hrs.,https://www.ligafemenil.mx/cancha/estadio/1547/estadio-instalaciones-metepec-cancha-2,https://www.ligafemenil.mx/cancha/playlist/121319/toluca-vs-guadalajara
2020-2021,"Clausura",Viernes 7 de Mayo de 2021\nTemporada 2020-2021\nTorneo Clausura\nCuartos Ida\n7 Mayo 2021 - 18:30 hrs.,https://www.ligafemenil.mx/cancha/estadio/11/estadio-hidalgo,https://www.ligafemenil.mx/cancha/playlist/121320/pachuca-vs-atlas
2020-2021,"Clausura",Lunes 10 de Mayo de 2021\nTemporada 2020-2021\nTorneo Clausura\nCuartos Vuelta\n10 Mayo 2021 - 16:00 hrs.,https://www.ligafemenil.mx/cancha/estadio/109/estadio-colomos,https://www.ligafemenil.mx/cancha/playlist/121323/atlas-vs-pachuca
2020-2021,"Clausura",Lunes 10 de Mayo de 2021\nTemporada 2020-2021\nTorneo Clausura\nCuartos Vuelta\n10 Mayo 2021 - 18:00 hrs.,https://www.ligafemenil.mx/cancha/estadio/1538/estadio-akron,https://www.ligafemenil.mx/cancha/playlist/121322/guadalajara-vs-toluca
2020-2021,"Clausura",Lunes 10 de Mayo de 2021\nTemporada 2020-2021\nTorneo Clausura\nCuartos Vuelta\n10 Mayo 2021 - 20:00 hrs.,https://www.ligafemenil.mx/cancha/estadio/12/estadio-universitario,https://www.ligafemenil.mx/cancha/playlist/121318/tigres-de-la-uanl-vs-america
2020-2021,"Clausura",Lunes 10 de Mayo de 2021\nTemporada 2020-2021\nTorneo Clausura\nCuartos Vuelta\n10 Mayo 2021 - 21:30 hrs.,https://www.ligafemenil.mx/cancha/estadio/1608/estadio-bbva,https://www.ligafemenil.mx/cancha/playlist/121324/rayados-de-monterrey-vs-pumas
2020-2021,"Clausura",Viernes 14 de Mayo de 2021\nTemporada 2020-2021\nTorneo Clausura\nSemifinal Ida\n14 Mayo 2021 - 17:00 hrs.,https://www.ligafemenil.mx/cancha/estadio/5/estadio-jalisco,https://www.ligafemenil.mx/cancha/playlist/121344/atlas-vs-guadalajara
2020-2021,"Clausura",Viernes 14 de Mayo de 2021\nTemporada 2020-2021\nTorneo Clausura\nSemifinal Ida\n14 Mayo 2021 - 21:05 hrs.,https://www.ligafemenil.mx/cancha/estadio/1608/estadio-bbva,https://www.ligafemenil.mx/cancha/playlist/121343/rayados-de-monterrey-vs-tigres-de-la-uanl
2020-2021,"Clausura",Lunes 17 de Mayo de 2021\nTemporada 2020-2021\nTorneo Clausura\nSemifinal Vuelta\n17 Mayo 2021 - 19:00 hrs.,https://www.ligafemenil.mx/cancha/estadio/12/estadio-universitario,https://www.ligafemenil.mx/cancha/playlist/121345/tigres-de-la-uanl-vs-rayados-de-monterrey
2020-2021,"Clausura",Lunes 17 de Mayo de 2021\nTemporada 2020-2021\nTorneo Clausura\nSemifinal Vuelta\n17 Mayo 2021 - 21:00 hrs.,https://www.ligafemenil.mx/cancha/estadio/1538/estadio-akron,https://www.ligafemenil.mx/cancha/playlist/121346/guadalajara-vs-atlas
2020-2021,"Clausura",Lunes 24 de Mayo de 2021\nTemporada 2020-2021\nTorneo Clausura\nFinal Ida\n24 Mayo 2021 - 21:00 hrs.,https://www.ligafemenil.mx/cancha/estadio/1538/estadio-akron,https://www.ligafemenil.mx/cancha/playlist/121357/guadalajara-vs-tigres-de-la-uanl
2020-2021,"Clausura",Lunes 31 de Mayo de 2021\nTemporada 2020-2021\nTorneo Clausura\nFinal Vuelta\n31 Mayo 2021 - 19:00 hrs.,https://www.ligafemenil.mx/cancha/estadio/12/estadio-universitario,https://www.ligafemenil.mx/cancha/playlist/121358/tigres-de-la-uanl-vs-guadalajara
2018-2019,"Apertura",Viernes 13 de Julio de 2018\nTemporada 2018-2019\nTorneo Apertura\nJornada 1\n13 Julio 2018 - 16:00 hrs.,https://www.ligafemenil.mx/cancha/estadio/705/estadio-10-de-diciembre,https://www.ligafemenil.mx/cancha/playlist/91894/cruz-azul-vs-pachuca
2018-2019,"Apertura",Viernes 13 de Julio de 2018\nTemporada 2018-2019\nTorneo Apertura\nJornada 1\n13 Julio 2018 - 16:00 hrs.,https://www.ligafemenil.mx/cancha/estadio/15/estadio-victoria,https://www.ligafemenil.mx/cancha/playlist/91896/necaxa-vs-santos-laguna
2018-2019,"Apertura",Domingo 15 de Julio de 2018\nTemporada 2018-2019\nTorneo Apertura\nJornada 1\n15 Julio 2018 - 12:00 hrs.,https://www.ligafemenil.mx/cancha/estadio/1415/estadio-complejo-deportivo-los-olivos,https://www.ligafemenil.mx/cancha/playlist/91898/puebla-fc-vs-veracruz
2018-2019,"Apertura",Lunes 16 de Julio de 2018\nTemporada 2018-2019\nTorneo Apertura\nJornada 1\n16 Julio 2018 - 16:00 hrs.,https://www.ligafemenil.mx/cancha/estadio/10/estadio-jose-maria-morelos-y-pavon,https://www.ligafemenil.mx/cancha/playlist/91901/m-morelia-vs-atlas
2018-2019,"Apertura",Lunes 16 de Julio de 2018\nTemporada 2018-2019\nTorneo Apertura\nJornada 1\n16 Julio 2018 - 18:00 hrs.,https://www.ligafemenil.mx/cancha/estadio/6/estadio-nemesio-diez,https://www.ligafemenil.mx/cancha/playlist/91903/toluca-vs-lobos
2018-2019,"Apertura",Lunes 16 de Julio de 2018\nTemporada 2018-2019\nTorneo Apertura\nJornada 1\n16 Julio 2018 - 19:00 hrs.,https://www.ligafemenil.mx/cancha/estadio/1538/estadio-akron,https://www.ligafemenil.mx/cancha/playlist/91899/guadalajara-vs-leon
2018-2019,"Apertura",Lunes 16 de Julio de 2018\nTemporada 2018-2019\nTorneo Apertura\nJornada 1\n16 Julio 2018 - 20:00 hrs.,https://www.ligafemenil.mx/cancha/estadio/12/estadio-universitario,https://www.ligafemenil.mx/cancha/playlist/91905/tigres-de-la-uanl-vs-queretaro
2018-2019,"Apertura",Lunes 16 de Julio de 2018\nTemporada 2018-2019\nTorneo Apertura\nJornada 1\n16 Julio 2018 - 19:00 hrs.,https://www.ligafemenil.mx/cancha/estadio/48/estadio-caliente,https://www.ligafemenil.mx/cancha/playlist/91908/tijuana-vs-pumas
2018-2019,"Apertura",Viernes 20 de Julio de 2018\nTemporada 2018-2019\nTorneo Apertura\nJornada 2\n20 Julio 2018 - 19:00 hrs.,https://www.ligafemenil.mx/cancha/estadio/23/estadio-nou-camp,https://www.ligafemenil.mx/cancha/playlist/91911/leon-vs-tigres-de-la-uanl
2018-2019,"Apertura",Sábado 21 de Julio de 2018\nTemporada 2018-2019\nTorneo Apertura\nJornada 2\n21 Julio 2018 - 11:00 hrs.,https://www.ligafemenil.mx/cancha/estadio/5/estadio-jalisco,https://www.ligafemenil.mx/cancha/playlist/91914/atlas-vs-guadalajara
2018-2019,"Apertura",Domingo 22 de Julio de 2018\nTemporada 2018-2019\nTorneo Apertura\nJornada 2\n22 Julio 2018 - 10:30 hrs.,https://www.ligafemenil.mx/cancha/estadio/675/estadio-el-barrial,https://www.ligafemenil.mx/cancha/playlist/91916/rayados-de-monterrey-vs-necaxa
2018-2019,"Apertura",Domingo 22 de Julio de 2018\nTemporada 2018-2019\nTorneo Apertura\nJornada 2\n22 Julio 2018 - 18:30 hrs.,https://www.ligafemenil.mx/cancha/estadio/75/estadio-universitario-buap,https://www.ligafemenil.mx/cancha/playlist/91918/lobos-vs-cruz-azul
2018-2019,"Apertura",Lunes 23 de Julio de 2018\nTemporada 2018-2019\nTorneo Apertura\nJornada 2\n23 Julio 2018 - 17:00 hrs.,https://www.ligafemenil.mx/cancha/estadio/57/estadio-luis-pirata-fuente,https://www.ligafemenil.mx/cancha/playlist/91921/veracruz-vs-tijuana
2018-2019,"Apertura",Lunes 23 de Julio de 2018\nTemporada 2018-2019\nTorneo Apertura\nJornada 2\n23 Julio 2018 - 19:00 hrs.,https://www.ligafemenil.mx/cancha/estadio/11/estadio-hidalgo,https://www.ligafemenil.mx/cancha/playlist/91924/pachuca-vs-puebla-fc
2018-2019,"Apertura",Lunes 23 de Julio de 2018\nTemporada 2018-2019\nTorneo Apertura\nJornada 2\n23 Julio 2018 - 20:00 hrs.,https://www.ligafemenil.mx/cancha/estadio/1/estadio-azteca,https://www.ligafemenil.mx/cancha/playlist/91926/america-vs-toluca
2018-2019,"Apertura",Lunes 23 de Julio de 2018\nTemporada 2018-2019\nTorneo Apertura\nJornada 2\n23 Julio 2018 - 21:00 hrs.,https://www.ligafemenil.mx/cancha/estadio/63/estadio-tsm-corona,https://www.ligafemenil.mx/cancha/playlist/91928/santos-laguna-vs-m-morelia
2018-2019,"Apertura",Viernes 27 de Julio de 2018\nTemporada 2018-2019\nTorneo Apertura\nJornada 3\n27 Julio 2018 - 16:00 hrs.,https://www.ligafemenil.mx/cancha/estadio/705/estadio-10-de-diciembre,https://www.ligafemenil.mx/cancha/playlist/91931/cruz-azul-vs-america
2018-2019,"Apertura",Viernes 27 de Julio de 2018\nTemporada 2018-2019\nTorneo Apertura\nJornada 3\n27 Julio 2018 - 16:00 hrs.,https://www.ligafemenil.mx/cancha/estadio/25/estadio-la-corregidora,https://www.ligafemenil.mx/cancha/playlist/91933/queretaro-vs-leon
2018-2019,"Apertura",Sábado 28 de Julio de 2018\nTemporada 2018-2019\nTorneo Apertura\nJornada 3\n28 Julio 2018 - 12:00 hrs.,https://www.ligafemenil.mx/cancha/estadio/1146/estadio-la-cantera-cancha-1,https://www.ligafemenil.mx/cancha/playlist/91935/pumas-vs-veracruz
2018-2019,"Apertura",Domingo 29 de Julio de 2018\nTemporada 2018-2019\nTorneo Apertura\nJornada 3\n29 Julio 2018 - 12:00 hrs.,https://www.ligafemenil.mx/cancha/estadio/9/estadio-cuauhtemoc,https://www.ligafemenil.mx/cancha/playlist/91937/puebla-fc-vs-lobos
2018-2019,"Apertura",Domingo 29 de Julio de 2018\nTemporada 2018-2019\nTorneo Apertura\nJornada 3\n29 Julio 2018 - 12:30 hrs.,https://www.ligafemenil.mx/cancha/estadio/36/estadio-verde-valle,https://www.ligafemenil.mx/cancha/playlist/91939/guadalajara-vs-santos-laguna
2018-2019,"Apertura",Lunes 30 de Julio de 2018\nTemporada 2018-2019\nTorneo Apertura\nJornada 3\n30 Julio 2018 - 16:00 hrs.,https://www.ligafemenil.mx/cancha/estadio/10/estadio-jose-maria-morelos-y-pavon,https://www.ligafemenil.mx/cancha/playlist/91942/m-morelia-vs-rayados-de-monterrey
2018-2019,"Apertura",Lunes 30 de Julio de 2018\nTemporada 2018-2019\nTorneo Apertura\nJornada 3\n30 Julio 2018 - 20:00 hrs.,https://www.ligafemenil.mx/cancha/estadio/12/estadio-universitario,https://www.ligafemenil.mx/cancha/playlist/91944/tigres-de-la-uanl-vs-atlas
2018-2019,"Apertura",Lunes 30 de Julio de 2018\nTemporada 2018-2019\nTorneo Apertura\nJornada 3\n30 Julio 2018 - 19:00 hrs.,https://www.ligafemenil.mx/cancha/estadio/48/estadio-caliente,https://www.ligafemenil.mx/cancha/playlist/91947/tijuana-vs-pachuca
2018-2019,"Apertura",Viernes 3 de Agosto de 2018\nTemporada 2018-2019\nTorneo Apertura\nJornada 4\n3 Agosto 2018 - 16:00 hrs.,https://www.ligafemenil.mx/cancha/estadio/15/estadio-victoria,https://www.ligafemenil.mx/cancha/playlist/91951/necaxa-vs-m-morelia
2018-2019,"Apertura",Sábado 4 de Agosto de 2018\nTemporada 2018-2019\nTorneo Apertura\nJornada 4\n4 Agosto 2018 - 11:00 hrs.,https://www.ligafemenil.mx/cancha/estadio/109/estadio-colomos,https://www.ligafemenil.mx/cancha/playlist/91953/atlas-vs-queretaro
2018-2019,"Apertura",Domingo 5 de Agosto de 2018\nTemporada 2018-2019\nTorneo Apertura\nJornada 4\n5 Agosto 2018 - 16:00 hrs.,https://www.ligafemenil.mx/cancha/estadio/1421/estadio-cancha-centenario-no-5-natural-instalaciones-club-america,https://www.ligafemenil.mx/cancha/playlist/91965/america-vs-puebla-fc
2018-2019,"Apertura",Domingo 5 de Agosto de 2018\nTemporada 2018-2019\nTorneo Apertura\nJornada 4\n5 Agosto 2018 - 18:30 hrs.,https://www.ligafemenil.mx/cancha/estadio/75/estadio-universitario-buap,https://www.ligafemenil.mx/cancha/playlist/91958/lobos-vs-tijuana
2018-2019,"Apertura",Lunes 6 de Agosto de 2018\nTemporada 2018-2019\nTorneo Apertura\nJornada 4\n6 Agosto 2018 - 18:00 hrs.,https://www.ligafemenil.mx/cancha/estadio/6/estadio-nemesio-diez,https://www.ligafemenil.mx/cancha/playlist/91959/toluca-vs-cruz-azul
2018-2019,"Apertura",Lunes 6 de Agosto de 2018\nTemporada 2018-2019\nTorneo Apertura\nJornada 4\n6 Agosto 2018 - 19:00 hrs.,https://www.ligafemenil.mx/cancha/estadio/11/estadio-hidalgo,https://www.ligafemenil.mx/cancha/playlist/91962/pachuca-vs-pumas
2018-2019,"Apertura",Lunes 6 de Agosto de 2018\nTemporada 2018-2019\nTorneo Apertura\nJornada 4\n6 Agosto 2018 - 21:00 hrs.,https://www.ligafemenil.mx/cancha/estadio/793/estadio-bbva-bancomer,https://www.ligafemenil.mx/cancha/playlist/91955/rayados-de-monterrey-vs-guadalajara
2018-2019,"Apertura",Lunes 6 de Agosto de 2018\nTemporada 2018-2019\nTorneo Apertura\nJornada 4\n6 Agosto 2018 - 21:00 hrs.,https://www.ligafemenil.mx/cancha/estadio/63/estadio-tsm-corona,https://www.ligafemenil.mx/cancha/playlist/91967/santos-laguna-vs-tigres-de-la-uanl
2018-2019,"Apertura",Viernes 10 de Agosto de 2018\nTemporada 2018-2019\nTorneo Apertura\nJornada 5\n10 Agosto 2018 - 16:00 hrs.,https://www.ligafemenil.mx/cancha/estadio/25/estadio-la-corregidora,https://www.ligafemenil.mx/cancha/playlist/91969/queretaro-vs-santos-laguna
2018-2019,"Apertura",Sábado 11 de Agosto de 2018\nTemporada 2018-2019\nTorneo Apertura\nJornada 5\n11 Agosto 2018 - 12:00 hrs.,https://www.ligafemenil.mx/cancha/estadio/1146/estadio-la-cantera-cancha-1,https://www.ligafemenil.mx/cancha/playlist/91973/pumas-vs-lobos
2018-2019,"Apertura",Domingo 12 de Agosto de 2018\nTemporada 2018-2019\nTorneo Apertura\nJornada 5\n12 Agosto 2018 - 12:00 hrs.,https://www.ligafemenil.mx/cancha/estadio/9/estadio-cuauhtemoc,https://www.ligafemenil.mx/cancha/playlist/91974/puebla-fc-vs-toluca
2018-2019,"Apertura",Lunes 13 de Agosto de 2018\nTemporada 2018-2019\nTorneo Apertura\nJornada 5\n13 Agosto 2018 - 16:30 hrs.,https://www.ligafemenil.mx/cancha/estadio/36/estadio-verde-valle,https://www.ligafemenil.mx/cancha/playlist/91975/guadalajara-vs-necaxa
2018-2019,"Apertura",Lunes 13 de Agosto de 2018\nTemporada 2018-2019\nTorneo Apertura\nJornada 5\n13 Agosto 2018 - 18:00 hrs.,https://www.ligafemenil.mx/cancha/estadio/57/estadio-luis-pirata-fuente,https://www.ligafemenil.mx/cancha/playlist/91976/veracruz-vs-pachuca
2018-2019,"Apertura",Lunes 13 de Agosto de 2018\nTemporada 2018-2019\nTorneo Apertura\nJornada 5\n13 Agosto 2018 - 19:00 hrs.,https://www.ligafemenil.mx/cancha/estadio/23/estadio-nou-camp,https://www.ligafemenil.mx/cancha/playlist/91972/leon-vs-atlas
2018-2019,"Apertura",Lunes 13 de Agosto de 2018\nTemporada 2018-2019\nTorneo Apertura\nJornada 5\n13 Agosto 2018 - 20:00 hrs.,https://www.ligafemenil.mx/cancha/estadio/12/estadio-universitario,https://www.ligafemenil.mx/cancha/playlist/91977/tigres-de-la-uanl-vs-rayados-de-monterrey
2018-2019,"Apertura",Lunes 13 de Agosto de 2018\nTemporada 2018-2019\nTorneo Apertura\nJornada 5\n13 Agosto 2018 - 19:00 hrs.,https://www.ligafemenil.mx/cancha/estadio/48/estadio-caliente,https://www.ligafemenil.mx/cancha/playlist/91978/tijuana-vs-america
2018-2019,"Apertura",Viernes 17 de Agosto de 2018\nTemporada 2018-2019\nTorneo Apertura\nJornada 6\n17 Agosto 2018 - 16:00 hrs.,https://www.ligafemenil.mx/cancha/estadio/705/estadio-10-de-diciembre,https://www.ligafemenil.mx/cancha/playlist/91980/cruz-azul-vs-puebla-fc
2018-2019,"Apertura",Viernes 17 de Agosto de 2018\nTemporada 2018-2019\nTorneo Apertura\nJornada 6\n17 Agosto 2018 - 16:00 hrs.,https://www.ligafemenil.mx/cancha/estadio/15/estadio-victoria,https://www.ligafemenil.mx/cancha/playlist/91981/necaxa-vs-tigres-de-la-uanl
2018-2019,"Apertura",Domingo 19 de Agosto de 2018\nTemporada 2018-2019\nTorneo Apertura\nJornada 6\n19 Agosto 2018 - 10:00 hrs.,https://www.ligafemenil.mx/cancha/estadio/75/estadio-universitario-buap,https://www.ligafemenil.mx/cancha/playlist/91985/lobos-vs-veracruz
2018-2019,"Apertura",Domingo 19 de Agosto de 2018\nTemporada 2018-2019\nTorneo Apertura\nJornada 6\n19 Agosto 2018 - 10:30 hrs.,https://www.ligafemenil.mx/cancha/estadio/675/estadio-el-barrial,https://www.ligafemenil.mx/cancha/playlist/91982/rayados-de-monterrey-vs-queretaro
2018-2019,"Apertura",Domingo 19 de Agosto de 2018\nTemporada 2018-2019\nTorneo Apertura\nJornada 6\n19 Agosto 2018 - 16:00 hrs.,https://www.ligafemenil.mx/cancha/estadio/1421/estadio-cancha-centenario-no-5-natural-instalaciones-club-america,https://www.ligafemenil.mx/cancha/playlist/91993/america-vs-pumas
2018-2019,"Apertura",Lunes 20 de Agosto de 2018\nTemporada 2018-2019\nTorneo Apertura\nJornada 6\n20 Agosto 2018 - 16:00 hrs.,https://www.ligafemenil.mx/cancha/estadio/10/estadio-jose-maria-morelos-y-pavon,https://www.ligafemenil.mx/cancha/playlist/91989/m-morelia-vs-guadalajara
2018-2019,"Apertura",Lunes 20 de Agosto de 2018\nTemporada 2018-2019\nTorneo Apertura\nJornada 6\n20 Agosto 2018 - 19:00 hrs.,https://www.ligafemenil.mx/cancha/estadio/48/estadio-caliente,https://www.ligafemenil.mx/cancha/playlist/91991/tijuana-vs-toluca
2018-2019,"Apertura",Lunes 20 de Agosto de 2018\nTemporada 2018-2019\nTorneo Apertura\nJornada 6\n20 Agosto 2018 - 21:00 hrs.,https://www.ligafemenil.mx/cancha/estadio/63/estadio-tsm-corona,https://www.ligafemenil.mx/cancha/playlist/91996/santos-laguna-vs-leon
2018-2019,"Apertura",Viernes 24 de Agosto de 2018\nTemporada 2018-2019\nTorneo Apertura\nJornada 7\n24 Agosto 2018 - 16:00 hrs.,https://www.ligafemenil.mx/cancha/estadio/25/estadio-la-corregidora,https://www.ligafemenil.mx/cancha/playlist/91890/queretaro-vs-necaxa
2018-2019,"Apertura",Sábado 25 de Agosto de 2018\nTemporada 2018-2019\nTorneo Apertura\nJornada 7\n25 Agosto 2018 - 11:00 hrs.,https://www.ligafemenil.mx/cancha/estadio/109/estadio-colomos,https://www.ligafemenil.mx/cancha/playlist/91892/atlas-vs-santos-laguna
2018-2019,"Apertura",Lunes 27 de Agosto de 2018\nTemporada 2018-2019\nTorneo Apertura\nJornada 7\n27 Agosto 2018 - 16:00 hrs.,https://www.ligafemenil.mx/cancha/estadio/1146/estadio-la-cantera-cancha-1,https://www.ligafemenil.mx/cancha/playlist/91893/pumas-vs-toluca
2018-2019,"Apertura",Lunes 27 de Agosto de 2018\nTemporada 2018-2019\nTorneo Apertura\nJornada 7\n27 Agosto 2018 - 18:00 hrs.,https://www.ligafemenil.mx/cancha/estadio/57/estadio-luis-pirata-fuente,https://www.ligafemenil.mx/cancha/playlist/91895/veracruz-vs-america
2018-2019,"Apertura",Lunes 27 de Agosto de 2018\nTemporada 2018-2019\nTorneo Apertura\nJornada 7\n27 Agosto 2018 - 19:00 hrs.,https://www.ligafemenil.mx/cancha/estadio/11/estadio-hidalgo,https://www.ligafemenil.mx/cancha/playlist/91897/pachuca-vs-lobos
2018-2019,"Apertura",Lunes 27 de Agosto de 2018\nTemporada 2018-2019\nTorneo Apertura\nJornada 7\n27 Agosto 2018 - 19:00 hrs.,https://www.ligafemenil.mx/cancha/estadio/23/estadio-nou-camp,https://www.ligafemenil.mx/cancha/playlist/91891/leon-vs-rayados-de-monterrey
2018-2019,"Apertura",Lunes 27 de Agosto de 2018\nTemporada 2018-2019\nTorneo Apertura\nJornada 7\n27 Agosto 2018 - 20:00 hrs.,https://www.ligafemenil.mx/cancha/estadio/12/estadio-universitario,https://www.ligafemenil.mx/cancha/playlist/91900/tigres-de-la-uanl-vs-m-morelia
2018-2019,"Apertura",Lunes 27 de Agosto de 2018\nTemporada 2018-2019\nTorneo Apertura\nJornada 7\n27 Agosto 2018 - 19:00 hrs.,https://www.ligafemenil.mx/cancha/estadio/48/estadio-caliente,https://www.ligafemenil.mx/cancha/playlist/91902/tijuana-vs-cruz-azul
2018-2019,"Apertura",Viernes 7 de Septiembre de 2018\nTemporada 2018-2019\nTorneo Apertura\nJornada 8\n7 Septiembre 2018 - 16:00 hrs.,https://www.ligafemenil.mx/cancha/estadio/15/estadio-victoria,https://www.ligafemenil.mx/cancha/playlist/91906/necaxa-vs-leon
2018-2019,"Apertura",Viernes 7 de Septiembre de 2018\nTemporada 2018-2019\nTorneo Apertura\nJornada 8\n7 Septiembre 2018 - 16:00 hrs.,https://www.ligafemenil.mx/cancha/estadio/705/estadio-10-de-diciembre,https://www.ligafemenil.mx/cancha/playlist/91904/cruz-azul-vs-pumas
2018-2019,"Apertura",Domingo 9 de Septiembre de 2018\nTemporada 2018-2019\nTorneo Apertura\nJornada 8\n9 Septiembre 2018 - 10:30 hrs.,https://www.ligafemenil.mx/cancha/estadio/675/estadio-el-barrial,https://www.ligafemenil.mx/cancha/playlist/91907/rayados-de-monterrey-vs-atlas
2018-2019,"Apertura",Domingo 9 de Septiembre de 2018\nTemporada 2018-2019\nTorneo Apertura\nJornada 8\n9 Septiembre 2018 - 12:00 hrs.,https://www.ligafemenil.mx/cancha/estadio/9/estadio-cuauhtemoc,https://www.ligafemenil.mx/cancha/playlist/91909/puebla-fc-vs-tijuana
2018-2019,"Apertura",Domingo 9 de Septiembre de 2018\nTemporada 2018-2019\nTorneo Apertura\nJornada 8\n9 Septiembre 2018 - 16:00 hrs.,https://www.ligafemenil.mx/cancha/estadio/1421/estadio-cancha-centenario-no-5-natural-instalaciones-club-america,https://www.ligafemenil.mx/cancha/playlist/91915/america-vs-pachuca
2018-2019,"Apertura",Lunes 10 de Septiembre de 2018\nTemporada 2018-2019\nTorneo Apertura\nJornada 8\n10 Septiembre 2018 - 16:00 hrs.,https://www.ligafemenil.mx/cancha/estadio/10/estadio-jose-maria-morelos-y-pavon,https://www.ligafemenil.mx/cancha/playlist/91912/m-morelia-vs-queretaro
2018-2019,"Apertura",Lunes 10 de Septiembre de 2018\nTemporada 2018-2019\nTorneo Apertura\nJornada 8\n10 Septiembre 2018 - 18:00 hrs.,https://www.ligafemenil.mx/cancha/estadio/6/estadio-nemesio-diez,https://www.ligafemenil.mx/cancha/playlist/91913/toluca-vs-veracruz
2018-2019,"Apertura",Lunes 10 de Septiembre de 2018\nTemporada 2018-2019\nTorneo Apertura\nJornada 8\n10 Septiembre 2018 - 19:00 hrs.,https://www.ligafemenil.mx/cancha/estadio/1538/estadio-akron,https://www.ligafemenil.mx/cancha/playlist/91910/guadalajara-vs-tigres-de-la-uanl
2018-2019,"Apertura",Jueves 13 de Septiembre de 2018\nTemporada 2018-2019\nTorneo Apertura\nJornada 9\n13 Septiembre 2018 - 11:00 hrs.,https://www.ligafemenil.mx/cancha/estadio/109/estadio-colomos,https://www.ligafemenil.mx/cancha/playlist/91929/atlas-vs-necaxa
2018-2019,"Apertura",Jueves 13 de Septiembre de 2018\nTemporada 2018-2019\nTorneo Apertura\nJornada 9\n13 Septiembre 2018 - 16:00 hrs.,https://www.ligafemenil.mx/cancha/estadio/25/estadio-la-corregidora,https://www.ligafemenil.mx/cancha/playlist/91919/queretaro-vs-guadalajara
2018-2019,"Apertura",Jueves 13 de Septiembre de 2018\nTemporada 2018-2019\nTorneo Apertura\nJornada 9\n13 Septiembre 2018 - 17:00 hrs.,https://www.ligafemenil.mx/cancha/estadio/23/estadio-nou-camp,https://www.ligafemenil.mx/cancha/playlist/91917/leon-vs-m-morelia
2018-2019,"Apertura",Jueves 13 de Septiembre de 2018\nTemporada 2018-2019\nTorneo Apertura\nJornada 9\n13 Septiembre 2018 - 18:00 hrs.,https://www.ligafemenil.mx/cancha/estadio/57/estadio-luis-pirata-fuente,https://www.ligafemenil.mx/cancha/playlist/91923/veracruz-vs-cruz-azul
2018-2019,"Apertura",Jueves 13 de Septiembre de 2018\nTemporada 2018-2019\nTorneo Apertura\nJornada 9\n13 Septiembre 2018 - 19:00 hrs.,https://www.ligafemenil.mx/cancha/estadio/75/estadio-universitario-buap,https://www.ligafemenil.mx/cancha/playlist/91920/lobos-vs-america
2018-2019,"Apertura",Jueves 13 de Septiembre de 2018\nTemporada 2018-2019\nTorneo Apertura\nJornada 9\n13 Septiembre 2018 - 19:00 hrs.,https://www.ligafemenil.mx/cancha/estadio/11/estadio-hidalgo,https://www.ligafemenil.mx/cancha/playlist/91922/pachuca-vs-toluca
2018-2019,"Apertura",Jueves 13 de Septiembre de 2018\nTemporada 2018-2019\nTorneo Apertura\nJornada 9\n13 Septiembre 2018 - 21:00 hrs.,https://www.ligafemenil.mx/cancha/estadio/63/estadio-tsm-corona,https://www.ligafemenil.mx/cancha/playlist/91927/santos-laguna-vs-rayados-de-monterrey
2018-2019,"Apertura",Sábado 15 de Septiembre de 2018\nTemporada 2018-2019\nTorneo Apertura\nJornada 10\n15 Septiembre 2018 - 12:00 hrs.,https://www.ligafemenil.mx/cancha/estadio/1146/estadio-la-cantera-cancha-1,https://www.ligafemenil.mx/cancha/playlist/91936/pumas-vs-tijuana
2018-2019,"Apertura",Lunes 17 de Septiembre de 2018\nTemporada 2018-2019\nTorneo Apertura\nJornada 10\n17 Septiembre 2018 - 11:00 hrs.,https://www.ligafemenil.mx/cancha/estadio/109/estadio-colomos,https://www.ligafemenil.mx/cancha/playlist/91934/atlas-vs-m-morelia
2018-2019,"Apertura",Lunes 17 de Septiembre de 2018\nTemporada 2018-2019\nTorneo Apertura\nJornada 10\n17 Septiembre 2018 - 16:00 hrs.,https://www.ligafemenil.mx/cancha/estadio/1544/estadio-centro-gallo-de-alto-rendimiento-cancha-2-natural,https://www.ligafemenil.mx/cancha/playlist/91930/queretaro-vs-tigres-de-la-uanl
2018-2019,"Apertura",Lunes 17 de Septiembre de 2018\nTemporada 2018-2019\nTorneo Apertura\nJornada 10\n17 Septiembre 2018 - 16:00 hrs.,https://www.ligafemenil.mx/cancha/estadio/75/estadio-universitario-buap,https://www.ligafemenil.mx/cancha/playlist/91938/lobos-vs-toluca
2018-2019,"Apertura",Lunes 17 de Septiembre de 2018\nTemporada 2018-2019\nTorneo Apertura\nJornada 10\n17 Septiembre 2018 - 18:00 hrs.,https://www.ligafemenil.mx/cancha/estadio/57/estadio-luis-pirata-fuente,https://www.ligafemenil.mx/cancha/playlist/91940/veracruz-vs-puebla-fc
2018-2019,"Apertura",Lunes 17 de Septiembre de 2018\nTemporada 2018-2019\nTorneo Apertura\nJornada 10\n17 Septiembre 2018 - 19:00 hrs.,https://www.ligafemenil.mx/cancha/estadio/11/estadio-hidalgo,https://www.ligafemenil.mx/cancha/playlist/91943/pachuca-vs-cruz-azul
2018-2019,"Apertura",Lunes 17 de Septiembre de 2018\nTemporada 2018-2019\nTorneo Apertura\nJornada 10\n17 Septiembre 2018 - 19:00 hrs.,https://www.ligafemenil.mx/cancha/estadio/23/estadio-nou-camp,https://www.ligafemenil.mx/cancha/playlist/91932/leon-vs-guadalajara
2018-2019,"Apertura",Lunes 17 de Septiembre de 2018\nTemporada 2018-2019\nTorneo Apertura\nJornada 10\n17 Septiembre 2018 - 21:00 hrs.,https://www.ligafemenil.mx/cancha/estadio/63/estadio-tsm-corona,https://www.ligafemenil.mx/cancha/playlist/91945/santos-laguna-vs-necaxa
2018-2019,"Apertura",Viernes 21 de Septiembre de 2018\nTemporada 2018-2019\nTorneo Apertura\nJornada 11\n21 Septiembre 2018 - 16:00 hrs.,https://www.ligafemenil.mx/cancha/estadio/705/estadio-10-de-diciembre,https://www.ligafemenil.mx/cancha/playlist/91946/cruz-azul-vs-lobos
2018-2019,"Apertura",Viernes 21 de Septiembre de 2018\nTemporada 2018-2019\nTorneo Apertura\nJornada 11\n21 Septiembre 2018 - 16:00 hrs.,https://www.ligafemenil.mx/cancha/estadio/15/estadio-victoria,https://www.ligafemenil.mx/cancha/playlist/91948/necaxa-vs-rayados-de-monterrey
2018-2019,"Apertura",Domingo 23 de Septiembre de 2018\nTemporada 2018-2019\nTorneo Apertura\nJornada 11\n23 Septiembre 2018 - 12:00 hrs.,https://www.ligafemenil.mx/cancha/estadio/9/estadio-cuauhtemoc,https://www.ligafemenil.mx/cancha/playlist/91949/puebla-fc-vs-pachuca
2018-2019,"Apertura",Lunes 24 de Septiembre de 2018\nTemporada 2018-2019\nTorneo Apertura\nJornada 11\n24 Septiembre 2018 - 16:00 hrs.,https://www.ligafemenil.mx/cancha/estadio/10/estadio-jose-maria-morelos-y-pavon,https://www.ligafemenil.mx/cancha/playlist/91952/m-morelia-vs-santos-laguna
2018-2019,"Apertura",Lunes 24 de Septiembre de 2018\nTemporada 2018-2019\nTorneo Apertura\nJornada 11\n24 Septiembre 2018 - 18:00 hrs.,https://www.ligafemenil.mx/cancha/estadio/6/estadio-nemesio-diez,https://www.ligafemenil.mx/cancha/playlist/91954/toluca-vs-america
2018-2019,"Apertura",Lunes 24 de Septiembre de 2018\nTemporada 2018-2019\nTorneo Apertura\nJornada 11\n24 Septiembre 2018 - 19:00 hrs.,https://www.ligafemenil.mx/cancha/estadio/1538/estadio-akron,https://www.ligafemenil.mx/cancha/playlist/91950/guadalajara-vs-atlas
2018-2019,"Apertura",Lunes 24 de Septiembre de 2018\nTemporada 2018-2019\nTorneo Apertura\nJornada 11\n24 Septiembre 2018 - 20:00 hrs.,https://www.ligafemenil.mx/cancha/estadio/12/estadio-universitario,https://www.ligafemenil.mx/cancha/playlist/91956/tigres-de-la-uanl-vs-leon
2018-2019,"Apertura",Lunes 24 de Septiembre de 2018\nTemporada 2018-2019\nTorneo Apertura\nJornada 11\n24 Septiembre 2018 - 19:00 hrs.,https://www.ligafemenil.mx/cancha/estadio/48/estadio-caliente,https://www.ligafemenil.mx/cancha/playlist/91957/tijuana-vs-veracruz
2018-2019,"Apertura",Viernes 28 de Septiembre de 2018\nTemporada 2018-2019\nTorneo Apertura\nJornada 12\n28 Septiembre 2018 - 19:00 hrs.,https://www.ligafemenil.mx/cancha/estadio/23/estadio-nou-camp,https://www.ligafemenil.mx/cancha/playlist/91960/leon-vs-queretaro
2018-2019,"Apertura",Sábado 29 de Septiembre de 2018\nTemporada 2018-2019\nTorneo Apertura\nJornada 12\n29 Septiembre 2018 - 11:00 hrs.,https://www.ligafemenil.mx/cancha/estadio/109/estadio-colomos,https://www.ligafemenil.mx/cancha/playlist/91961/atlas-vs-tigres-de-la-uanl
2018-2019,"Apertura",Domingo 30 de Septiembre de 2018\nTemporada 2018-2019\nTorneo Apertura\nJornada 12\n30 Septiembre 2018 - 10:30 hrs.,https://www.ligafemenil.mx/cancha/estadio/675/estadio-el-barrial,https://www.ligafemenil.mx/cancha/playlist/91963/rayados-de-monterrey-vs-m-morelia
2018-2019,"Apertura",Domingo 30 de Septiembre de 2018\nTemporada 2018-2019\nTorneo Apertura\nJornada 12\n30 Septiembre 2018 - 18:30 hrs.,https://www.ligafemenil.mx/cancha/estadio/75/estadio-universitario-buap,https://www.ligafemenil.mx/cancha/playlist/91964/lobos-vs-puebla-fc
2018-2019,"Apertura",Lunes 1 de Octubre de 2018\nTemporada 2018-2019\nTorneo Apertura\nJornada 12\n1 Octubre 2018 - 16:00 hrs.,https://www.ligafemenil.mx/cancha/estadio/1421/estadio-cancha-centenario-no-5-natural-instalaciones-club-america,https://www.ligafemenil.mx/cancha/playlist/91970/america-vs-cruz-azul
2018-2019,"Apertura",Lunes 1 de Octubre de 2018\nTemporada 2018-2019\nTorneo Apertura\nJornada 12\n1 Octubre 2018 - 18:00 hrs.,https://www.ligafemenil.mx/cancha/estadio/57/estadio-luis-pirata-fuente,https://www.ligafemenil.mx/cancha/playlist/91966/veracruz-vs-pumas
2018-2019,"Apertura",Lunes 1 de Octubre de 2018\nTemporada 2018-2019\nTorneo Apertura\nJornada 12\n1 Octubre 2018 - 19:00 hrs.,https://www.ligafemenil.mx/cancha/estadio/11/estadio-hidalgo,https://www.ligafemenil.mx/cancha/playlist/91968/pachuca-vs-tijuana
2018-2019,"Apertura",Lunes 1 de Octubre de 2018\nTemporada 2018-2019\nTorneo Apertura\nJornada 12\n1 Octubre 2018 - 21:00 hrs.,https://www.ligafemenil.mx/cancha/estadio/63/estadio-tsm-corona,https://www.ligafemenil.mx/cancha/playlist/91971/santos-laguna-vs-guadalajara
2018-2019,"Apertura",Sábado 6 de Octubre de 2018\nTemporada 2018-2019\nTorneo Apertura\nJornada 9\n6 Octubre 2018 - 12:00 hrs.,https://www.ligafemenil.mx/cancha/estadio/1146/estadio-la-cantera-cancha-1,https://www.ligafemenil.mx/cancha/playlist/91925/pumas-vs-puebla-fc
2018-2019,"Apertura",Viernes 12 de Octubre de 2018\nTemporada 2018-2019\nTorneo Apertura\nJornada 13\n12 Octubre 2018 - 16:00 hrs.,https://www.ligafemenil.mx/cancha/estadio/25/estadio-la-corregidora,https://www.ligafemenil.mx/cancha/playlist/91983/queretaro-vs-atlas
2018-2019,"Apertura",Viernes 12 de Octubre de 2018\nTemporada 2018-2019\nTorneo Apertura\nJornada 13\n12 Octubre 2018 - 16:00 hrs.,https://www.ligafemenil.mx/cancha/estadio/705/estadio-10-de-diciembre,https://www.ligafemenil.mx/cancha/playlist/91979/cruz-azul-vs-toluca
2018-2019,"Apertura",Sábado 13 de Octubre de 2018\nTemporada 2018-2019\nTorneo Apertura\nJornada 13\n13 Octubre 2018 - 10:00 hrs.,https://www.ligafemenil.mx/cancha/estadio/34/estadio-instalaciones-zuazua,https://www.ligafemenil.mx/cancha/playlist/91990/tigres-de-la-uanl-vs-santos-laguna
2018-2019,"Apertura",Sábado 13 de Octubre de 2018\nTemporada 2018-2019\nTorneo Apertura\nJornada 13\n13 Octubre 2018 - 12:00 hrs.,https://www.ligafemenil.mx/cancha/estadio/1146/estadio-la-cantera-cancha-1,https://www.ligafemenil.mx/cancha/playlist/91984/pumas-vs-pachuca
2018-2019,"Apertura",Domingo 14 de Octubre de 2018\nTemporada 2018-2019\nTorneo Apertura\nJornada 13\n14 Octubre 2018 - 12:00 hrs.,https://www.ligafemenil.mx/cancha/estadio/9/estadio-cuauhtemoc,https://www.ligafemenil.mx/cancha/playlist/91986/puebla-fc-vs-america
2018-2019,"Apertura",Lunes 15 de Octubre de 2018\nTemporada 2018-2019\nTorneo Apertura\nJornada 13\n15 Octubre 2018 - 16:00 hrs.,https://www.ligafemenil.mx/cancha/estadio/10/estadio-jose-maria-morelos-y-pavon,https://www.ligafemenil.mx/cancha/playlist/91988/m-morelia-vs-necaxa
2018-2019,"Apertura",Lunes 15 de Octubre de 2018\nTemporada 2018-2019\nTorneo Apertura\nJornada 13\n15 Octubre 2018 - 19:00 hrs.,https://www.ligafemenil.mx/cancha/estadio/1538/estadio-akron,https://www.ligafemenil.mx/cancha/playlist/91987/guadalajara-vs-rayados-de-monterrey
2018-2019,"Apertura",Lunes 15 de Octubre de 2018\nTemporada 2018-2019\nTorneo Apertura\nJornada 13\n15 Octubre 2018 - 19:00 hrs.,https://www.ligafemenil.mx/cancha/estadio/48/estadio-caliente,https://www.ligafemenil.mx/cancha/playlist/91992/tijuana-vs-lobos
2018-2019,"Apertura",Viernes 19 de Octubre de 2018\nTemporada 2018-2019\nTorneo Apertura\nJornada 14\n19 Octubre 2018 - 16:00 hrs.,https://www.ligafemenil.mx/cancha/estadio/15/estadio-victoria,https://www.ligafemenil.mx/cancha/playlist/91994/necaxa-vs-guadalajara
2018-2019,"Apertura",Sábado 20 de Octubre de 2018\nTemporada 2018-2019\nTorneo Apertura\nJornada 14\n20 Octubre 2018 - 11:00 hrs.,https://www.ligafemenil.mx/cancha/estadio/109/estadio-colomos,https://www.ligafemenil.mx/cancha/playlist/91995/atlas-vs-leon
2018-2019,"Apertura",Domingo 21 de Octubre de 2018\nTemporada 2018-2019\nTorneo Apertura\nJornada 14\n21 Octubre 2018 - 16:00 hrs.,https://www.ligafemenil.mx/cancha/estadio/1421/estadio-cancha-centenario-no-5-natural-instalaciones-club-america,https://www.ligafemenil.mx/cancha/playlist/92004/america-vs-tijuana
2018-2019,"Apertura",Domingo 21 de Octubre de 2018\nTemporada 2018-2019\nTorneo Apertura\nJornada 14\n21 Octubre 2018 - 18:00 hrs.,https://www.ligafemenil.mx/cancha/estadio/75/estadio-universitario-buap,https://www.ligafemenil.mx/cancha/playlist/91998/lobos-vs-pumas
2018-2019,"Apertura",Lunes 22 de Octubre de 2018\nTemporada 2018-2019\nTorneo Apertura\nJornada 14\n22 Octubre 2018 - 18:00 hrs.,https://www.ligafemenil.mx/cancha/estadio/6/estadio-nemesio-diez,https://www.ligafemenil.mx/cancha/playlist/92001/toluca-vs-puebla-fc
2018-2019,"Apertura",Lunes 22 de Octubre de 2018\nTemporada 2018-2019\nTorneo Apertura\nJornada 14\n22 Octubre 2018 - 19:00 hrs.,https://www.ligafemenil.mx/cancha/estadio/11/estadio-hidalgo,https://www.ligafemenil.mx/cancha/playlist/92002/pachuca-vs-veracruz
2018-2019,"Apertura",Lunes 22 de Octubre de 2018\nTemporada 2018-2019\nTorneo Apertura\nJornada 14\n22 Octubre 2018 - 21:00 hrs.,https://www.ligafemenil.mx/cancha/estadio/793/estadio-bbva-bancomer,https://www.ligafemenil.mx/cancha/playlist/91997/rayados-de-monterrey-vs-tigres-de-la-uanl
2018-2019,"Apertura",Lunes 22 de Octubre de 2018\nTemporada 2018-2019\nTorneo Apertura\nJornada 14\n22 Octubre 2018 - 21:00 hrs.,https://www.ligafemenil.mx/cancha/estadio/63/estadio-tsm-corona,https://www.ligafemenil.mx/cancha/playlist/92006/santos-laguna-vs-queretaro
2018-2019,"Apertura",Miércoles 24 de Octubre de 2018\nTemporada 2018-2019\nTorneo Apertura\nJornada 15\n24 Octubre 2018 - 16:00 hrs.,https://www.ligafemenil.mx/cancha/estadio/36/estadio-verde-valle,https://www.ligafemenil.mx/cancha/playlist/92010/guadalajara-vs-m-morelia
2018-2019,"Apertura",Miércoles 24 de Octubre de 2018\nTemporada 2018-2019\nTorneo Apertura\nJornada 15\n24 Octubre 2018 - 16:00 hrs.,https://www.ligafemenil.mx/cancha/estadio/1146/estadio-la-cantera-cancha-1,https://www.ligafemenil.mx/cancha/playlist/92014/pumas-vs-america
2018-2019,"Apertura",Jueves 25 de Octubre de 2018\nTemporada 2018-2019\nTorneo Apertura\nJornada 15\n25 Octubre 2018 - 10:00 hrs.,https://www.ligafemenil.mx/cancha/estadio/57/estadio-luis-pirata-fuente,https://www.ligafemenil.mx/cancha/playlist/92013/veracruz-vs-lobos
2018-2019,"Apertura",Jueves 25 de Octubre de 2018\nTemporada 2018-2019\nTorneo Apertura\nJornada 15\n25 Octubre 2018 - 11:00 hrs.,https://www.ligafemenil.mx/cancha/estadio/9/estadio-cuauhtemoc,https://www.ligafemenil.mx/cancha/playlist/92018/puebla-fc-vs-cruz-azul
2018-2019,"Apertura",Jueves 25 de Octubre de 2018\nTemporada 2018-2019\nTorneo Apertura\nJornada 15\n25 Octubre 2018 - 16:00 hrs.,https://www.ligafemenil.mx/cancha/estadio/25/estadio-la-corregidora,https://www.ligafemenil.mx/cancha/playlist/92008/queretaro-vs-rayados-de-monterrey
2018-2019,"Apertura",Jueves 25 de Octubre de 2018\nTemporada 2018-2019\nTorneo Apertura\nJornada 15\n25 Octubre 2018 - 18:00 hrs.,https://www.ligafemenil.mx/cancha/estadio/6/estadio-nemesio-diez,https://www.ligafemenil.mx/cancha/playlist/92016/toluca-vs-tijuana
2018-2019,"Apertura",Jueves 25 de Octubre de 2018\nTemporada 2018-2019\nTorneo Apertura\nJornada 15\n25 Octubre 2018 - 19:00 hrs.,https://www.ligafemenil.mx/cancha/estadio/23/estadio-nou-camp,https://www.ligafemenil.mx/cancha/playlist/92019/leon-vs-santos-laguna
2018-2019,"Apertura",Domingo 28 de Octubre de 2018\nTemporada 2018-2019\nTorneo Apertura\nJornada 16\n28 Octubre 2018 - 10:00 hrs.,https://www.ligafemenil.mx/cancha/estadio/30/estadio-10-de-diciembre,https://www.ligafemenil.mx/cancha/playlist/91999/cruz-azul-vs-tijuana
2018-2019,"Apertura",Domingo 28 de Octubre de 2018\nTemporada 2018-2019\nTorneo Apertura\nJornada 16\n28 Octubre 2018 - 16:00 hrs.,https://www.ligafemenil.mx/cancha/estadio/15/estadio-victoria,https://www.ligafemenil.mx/cancha/playlist/92000/necaxa-vs-queretaro
2018-2019,"Apertura",Lunes 29 de Octubre de 2018\nTemporada 2018-2019\nTorneo Apertura\nJornada 16\n29 Octubre 2018 - 15:45 hrs.,https://www.ligafemenil.mx/cancha/estadio/1421/estadio-cancha-centenario-no-5-natural-instalaciones-club-america,https://www.ligafemenil.mx/cancha/playlist/92011/america-vs-veracruz
2018-2019,"Apertura",Lunes 29 de Octubre de 2018\nTemporada 2018-2019\nTorneo Apertura\nJornada 16\n29 Octubre 2018 - 16:00 hrs.,https://www.ligafemenil.mx/cancha/estadio/10/estadio-jose-maria-morelos-y-pavon,https://www.ligafemenil.mx/cancha/playlist/92007/m-morelia-vs-tigres-de-la-uanl
2018-2019,"Apertura",Lunes 29 de Octubre de 2018\nTemporada 2018-2019\nTorneo Apertura\nJornada 16\n29 Octubre 2018 - 16:00 hrs.,https://www.ligafemenil.mx/cancha/estadio/75/estadio-universitario-buap,https://www.ligafemenil.mx/cancha/playlist/92005/lobos-vs-pachuca
2018-2019,"Apertura",Lunes 29 de Octubre de 2018\nTemporada 2018-2019\nTorneo Apertura\nJornada 16\n29 Octubre 2018 - 18:00 hrs.,https://www.ligafemenil.mx/cancha/estadio/6/estadio-nemesio-diez,https://www.ligafemenil.mx/cancha/playlist/92009/toluca-vs-pumas
2018-2019,"Apertura",Lunes 29 de Octubre de 2018\nTemporada 2018-2019\nTorneo Apertura\nJornada 16\n29 Octubre 2018 - 19:00 hrs.,https://www.ligafemenil.mx/cancha/estadio/793/estadio-bbva-bancomer,https://www.ligafemenil.mx/cancha/playlist/92003/rayados-de-monterrey-vs-leon
2018-2019,"Apertura",Lunes 29 de Octubre de 2018\nTemporada 2018-2019\nTorneo Apertura\nJornada 16\n29 Octubre 2018 - 21:00 hrs.,https://www.ligafemenil.mx/cancha/estadio/63/estadio-tsm-corona,https://www.ligafemenil.mx/cancha/playlist/92012/santos-laguna-vs-atlas
2018-2019,"Apertura",Viernes 2 de Noviembre de 2018\nTemporada 2018-2019\nTorneo Apertura\nJornada 17\n2 Noviembre 2018 - 16:00 hrs.,https://www.ligafemenil.mx/cancha/estadio/25/estadio-la-corregidora,https://www.ligafemenil.mx/cancha/playlist/92015/queretaro-vs-m-morelia
2018-2019,"Apertura",Sábado 3 de Noviembre de 2018\nTemporada 2018-2019\nTorneo Apertura\nJornada 17\n3 Noviembre 2018 - 11:00 hrs.,https://www.ligafemenil.mx/cancha/estadio/109/estadio-colomos,https://www.ligafemenil.mx/cancha/playlist/92020/atlas-vs-rayados-de-monterrey
2018-2019,"Apertura",Sábado 3 de Noviembre de 2018\nTemporada 2018-2019\nTorneo Apertura\nJornada 17\n3 Noviembre 2018 - 12:00 hrs.,https://www.ligafemenil.mx/cancha/estadio/1146/estadio-la-cantera-cancha-1,https://www.ligafemenil.mx/cancha/playlist/92022/pumas-vs-cruz-azul
2018-2019,"Apertura",Lunes 5 de Noviembre de 2018\nTemporada 2018-2019\nTorneo Apertura\nJornada 17\n5 Noviembre 2018 - 18:00 hrs.,https://www.ligafemenil.mx/cancha/estadio/57/estadio-luis-pirata-fuente,https://www.ligafemenil.mx/cancha/playlist/92023/veracruz-vs-toluca
2018-2019,"Apertura",Lunes 5 de Noviembre de 2018\nTemporada 2018-2019\nTorneo Apertura\nJornada 17\n5 Noviembre 2018 - 19:00 hrs.,https://www.ligafemenil.mx/cancha/estadio/11/estadio-hidalgo,https://www.ligafemenil.mx/cancha/playlist/92024/pachuca-vs-america
2018-2019,"Apertura",Lunes 5 de Noviembre de 2018\nTemporada 2018-2019\nTorneo Apertura\nJornada 17\n5 Noviembre 2018 - 20:00 hrs.,https://www.ligafemenil.mx/cancha/estadio/12/estadio-universitario,https://www.ligafemenil.mx/cancha/playlist/92025/tigres-de-la-uanl-vs-guadalajara
2018-2019,"Apertura",Lunes 5 de Noviembre de 2018\nTemporada 2018-2019\nTorneo Apertura\nJornada 17\n5 Noviembre 2018 - 19:00 hrs.,https://www.ligafemenil.mx/cancha/estadio/48/estadio-caliente,https://www.ligafemenil.mx/cancha/playlist/92026/tijuana-vs-puebla-fc
2018-2019,"Apertura",Lunes 5 de Noviembre de 2018\nTemporada 2018-2019\nTorneo Apertura\nJornada 17\n5 Noviembre 2018 - 21:00 hrs.,https://www.ligafemenil.mx/cancha/estadio/23/estadio-nou-camp,https://www.ligafemenil.mx/cancha/playlist/92017/leon-vs-necaxa
2018-2019,"Apertura",Lunes 12 de Noviembre de 2018\nTemporada 2018-2019\nTorneo Apertura\nJornada 15\n12 Noviembre 2018 - 20:00 hrs.,https://www.ligafemenil.mx/cancha/estadio/12/estadio-universitario,https://www.ligafemenil.mx/cancha/playlist/92021/tigres-de-la-uanl-vs-necaxa
2018-2019,"Apertura",Viernes 16 de Noviembre de 2018\nTemporada 2018-2019\nTorneo Apertura\nJornada 18\n16 Noviembre 2018 - 15:45 hrs.,https://www.ligafemenil.mx/cancha/estadio/30/estadio-10-de-diciembre,https://www.ligafemenil.mx/cancha/playlist/92027/cruz-azul-vs-veracruz
2018-2019,"Apertura",Viernes 16 de Noviembre de 2018\nTemporada 2018-2019\nTorneo Apertura\nJornada 18\n16 Noviembre 2018 - 16:00 hrs.,https://www.ligafemenil.mx/cancha/estadio/15/estadio-victoria,https://www.ligafemenil.mx/cancha/playlist/92028/necaxa-vs-atlas
2018-2019,"Apertura",Viernes 16 de Noviembre de 2018\nTemporada 2018-2019\nTorneo Apertura\nJornada 18\n16 Noviembre 2018 - 21:00 hrs.,https://www.ligafemenil.mx/cancha/estadio/793/estadio-bbva-bancomer,https://www.ligafemenil.mx/cancha/playlist/92029/rayados-de-monterrey-vs-santos-laguna
2018-2019,"Apertura",Sábado 17 de Noviembre de 2018\nTemporada 2018-2019\nTorneo Apertura\nJornada 18\n17 Noviembre 2018 - 10:00 hrs.,https://www.ligafemenil.mx/cancha/estadio/36/estadio-verde-valle,https://www.ligafemenil.mx/cancha/playlist/92031/guadalajara-vs-queretaro
2018-2019,"Apertura",Sábado 17 de Noviembre de 2018\nTemporada 2018-2019\nTorneo Apertura\nJornada 18\n17 Noviembre 2018 - 12:00 hrs.,https://www.ligafemenil.mx/cancha/estadio/6/estadio-nemesio-diez,https://www.ligafemenil.mx/cancha/playlist/92033/toluca-vs-pachuca
2018-2019,"Apertura",Sábado 17 de Noviembre de 2018\nTemporada 2018-2019\nTorneo Apertura\nJornada 18\n17 Noviembre 2018 - 15:45 hrs.,https://www.ligafemenil.mx/cancha/estadio/1421/estadio-cancha-centenario-no-5-natural-instalaciones-club-america,https://www.ligafemenil.mx/cancha/playlist/92034/america-vs-lobos
2018-2019,"Apertura",Domingo 18 de Noviembre de 2018\nTemporada 2018-2019\nTorneo Apertura\nJornada 18\n18 Noviembre 2018 - 12:00 hrs.,https://www.ligafemenil.mx/cancha/estadio/9/estadio-cuauhtemoc,https://www.ligafemenil.mx/cancha/playlist/92030/puebla-fc-vs-pumas
2018-2019,"Apertura",Lunes 19 de Noviembre de 2018\nTemporada 2018-2019\nTorneo Apertura\nJornada 18\n19 Noviembre 2018 - 16:00 hrs.,https://www.ligafemenil.mx/cancha/estadio/10/estadio-jose-maria-morelos-y-pavon,https://www.ligafemenil.mx/cancha/playlist/92032/m-morelia-vs-leon
2018-2019,"Apertura",Miércoles 21 de Noviembre de 2018\nTemporada 2018-2019\nTorneo Apertura\nCuartos Ida\n21 Noviembre 2018 - 18:00 hrs.,https://www.ligafemenil.mx/cancha/estadio/6/estadio-nemesio-diez,https://www.ligafemenil.mx/cancha/playlist/95166/toluca-vs-america
2018-2019,"Apertura",Jueves 22 de Noviembre de 2018\nTemporada 2018-2019\nTorneo Apertura\nCuartos Ida\n22 Noviembre 2018 - 19:00 hrs.,https://www.ligafemenil.mx/cancha/estadio/793/estadio-bbva-bancomer,https://www.ligafemenil.mx/cancha/playlist/95167/rayados-de-monterrey-vs-guadalajara
2018-2019,"Apertura",Viernes 23 de Noviembre de 2018\nTemporada 2018-2019\nTorneo Apertura\nCuartos Ida\n23 Noviembre 2018 - 11:00 hrs.,https://www.ligafemenil.mx/cancha/estadio/109/estadio-colomos,https://www.ligafemenil.mx/cancha/playlist/95164/atlas-vs-tigres-de-la-uanl
2018-2019,"Apertura",Viernes 23 de Noviembre de 2018\nTemporada 2018-2019\nTorneo Apertura\nCuartos Ida\n23 Noviembre 2018 - 15:00 hrs.,https://www.ligafemenil.mx/cancha/estadio/1146/estadio-la-cantera-cancha-1,https://www.ligafemenil.mx/cancha/playlist/95165/pumas-vs-pachuca
2018-2019,"Apertura",Sábado 24 de Noviembre de 2018\nTemporada 2018-2019\nTorneo Apertura\nCuartos Vuelta\n24 Noviembre 2018 - 15:00 hrs.,https://www.ligafemenil.mx/cancha/estadio/1421/estadio-cancha-centenario-no-5-natural-instalaciones-club-america,https://www.ligafemenil.mx/cancha/playlist/95170/america-vs-toluca
2018-2019,"Apertura",Domingo 25 de Noviembre de 2018\nTemporada 2018-2019\nTorneo Apertura\nCuartos Vuelta\n25 Noviembre 2018 - 19:00 hrs.,https://www.ligafemenil.mx/cancha/estadio/1538/estadio-akron,https://www.ligafemenil.mx/cancha/playlist/95171/guadalajara-vs-rayados-de-monterrey
2018-2019,"Apertura",Lunes 26 de Noviembre de 2018\nTemporada 2018-2019\nTorneo Apertura\nCuartos Vuelta\n26 Noviembre 2018 - 18:00 hrs.,https://www.ligafemenil.mx/cancha/estadio/11/estadio-hidalgo,https://www.ligafemenil.mx/cancha/playlist/95169/pachuca-vs-pumas
2018-2019,"Apertura",Lunes 26 de Noviembre de 2018\nTemporada 2018-2019\nTorneo Apertura\nCuartos Vuelta\n26 Noviembre 2018 - 20:00 hrs.,https://www.ligafemenil.mx/cancha/estadio/12/estadio-universitario,https://www.ligafemenil.mx/cancha/playlist/95168/tigres-de-la-uanl-vs-atlas
2018-2019,"Apertura",Viernes 30 de Noviembre de 2018\nTemporada 2018-2019\nTorneo Apertura\nSemifinal Ida\n30 Noviembre 2018 - 15:00 hrs.,https://www.ligafemenil.mx/cancha/estadio/1421/estadio-cancha-centenario-no-5-natural-instalaciones-club-america,https://www.ligafemenil.mx/cancha/playlist/95205/america-vs-pachuca
2018-2019,"Apertura",Viernes 30 de Noviembre de 2018\nTemporada 2018-2019\nTorneo Apertura\nSemifinal Ida\n30 Noviembre 2018 - 20:00 hrs.,https://www.ligafemenil.mx/cancha/estadio/1538/estadio-akron,https://www.ligafemenil.mx/cancha/playlist/95206/guadalajara-vs-tigres-de-la-uanl
2018-2019,"Apertura",Lunes 3 de Diciembre de 2018\nTemporada 2018-2019\nTorneo Apertura\nSemifinal Vuelta\n3 Diciembre 2018 - 18:00 hrs.,https://www.ligafemenil.mx/cancha/estadio/11/estadio-hidalgo,https://www.ligafemenil.mx/cancha/playlist/95207/pachuca-vs-america
2018-2019,"Apertura",Lunes 3 de Diciembre de 2018\nTemporada 2018-2019\nTorneo Apertura\nSemifinal Vuelta\n3 Diciembre 2018 - 20:00 hrs.,https://www.ligafemenil.mx/cancha/estadio/12/estadio-universitario,https://www.ligafemenil.mx/cancha/playlist/95208/tigres-de-la-uanl-vs-guadalajara
2018-2019,"Apertura",Martes 11 de Diciembre de 2018\nTemporada 2018-2019\nTorneo Apertura\nFinal Ida\n11 Diciembre 2018 - 16:00 hrs.,https://www.ligafemenil.mx/cancha/estadio/1/estadio-azteca,https://www.ligafemenil.mx/cancha/playlist/95221/america-vs-tigres-de-la-uanl
2018-2019,"Apertura",Sábado 15 de Diciembre de 2018\nTemporada 2018-2019\nTorneo Apertura\nFinal Vuelta\n15 Diciembre 2018 - 19:00 hrs.,https://www.ligafemenil.mx/cancha/estadio/12/estadio-universitario,https://www.ligafemenil.mx/cancha/playlist/95222/tigres-de-la-uanl-vs-america
2016-2017,"Copa LIGA MX Femenil",Miércoles 3 de Mayo de 2017\nTemporada 2016-2017\nTorneo Copa LIGA MX Femenil\nJornada 1\n3 Mayo 2017 - 10:00 hrs.,https://www.ligafemenil.mx/cancha/estadio/1424/estadio-fmf-cancha-1,https://www.ligafemenil.mx/cancha/playlist/80639/tijuana-vs-cruz-azul
2016-2017,"Copa LIGA MX Femenil",Miércoles 3 de Mayo de 2017\nTemporada 2016-2017\nTorneo Copa LIGA MX Femenil\nJornada 1\n3 Mayo 2017 - 10:00 hrs.,https://www.ligafemenil.mx/cancha/estadio/1425/estadio-fmf-cancha-2,https://www.ligafemenil.mx/cancha/playlist/80640/toluca-vs-m-morelia
2016-2017,"Copa LIGA MX Femenil",Miércoles 3 de Mayo de 2017\nTemporada 2016-2017\nTorneo Copa LIGA MX Femenil\nJornada 1\n3 Mayo 2017 - 10:00 hrs.,https://www.ligafemenil.mx/cancha/estadio/1427/estadio-fmf-cancha-3,https://www.ligafemenil.mx/cancha/playlist/80641/rayados-de-monterrey-vs-america
2016-2017,"Copa LIGA MX Femenil",Miércoles 3 de Mayo de 2017\nTemporada 2016-2017\nTorneo Copa LIGA MX Femenil\nJornada 1\n3 Mayo 2017 - 12:15 hrs.,https://www.ligafemenil.mx/cancha/estadio/1424/estadio-fmf-cancha-1,https://www.ligafemenil.mx/cancha/playlist/80642/santos-laguna-vs-necaxa
2016-2017,"Copa LIGA MX Femenil",Miércoles 3 de Mayo de 2017\nTemporada 2016-2017\nTorneo Copa LIGA MX Femenil\nJornada 1\n3 Mayo 2017 - 12:15 hrs.,https://www.ligafemenil.mx/cancha/estadio/1425/estadio-fmf-cancha-2,https://www.ligafemenil.mx/cancha/playlist/80643/pachuca-vs-guadalajara
2016-2017,"Copa LIGA MX Femenil",Miércoles 3 de Mayo de 2017\nTemporada 2016-2017\nTorneo Copa LIGA MX Femenil\nJornada 1\n3 Mayo 2017 - 12:15 hrs.,https://www.ligafemenil.mx/cancha/estadio/1427/estadio-fmf-cancha-3,https://www.ligafemenil.mx/cancha/playlist/80644/pumas-vs-tigres-de-la-uanl
2016-2017,"Copa LIGA MX Femenil",Jueves 4 de Mayo de 2017\nTemporada 2016-2017\nTorneo Copa LIGA MX Femenil\nJornada 2\n4 Mayo 2017 - 10:00 hrs.,https://www.ligafemenil.mx/cancha/estadio/1424/estadio-fmf-cancha-1,https://www.ligafemenil.mx/cancha/playlist/80645/m-morelia-vs-pachuca
2016-2017,"Copa LIGA MX Femenil",Jueves 4 de Mayo de 2017\nTemporada 2016-2017\nTorneo Copa LIGA MX Femenil\nJornada 2\n4 Mayo 2017 - 10:00 hrs.,https://www.ligafemenil.mx/cancha/estadio/1425/estadio-fmf-cancha-2,https://www.ligafemenil.mx/cancha/playlist/80646/america-vs-pumas
2016-2017,"Copa LIGA MX Femenil",Jueves 4 de Mayo de 2017\nTemporada 2016-2017\nTorneo Copa LIGA MX Femenil\nJornada 2\n4 Mayo 2017 - 10:00 hrs.,https://www.ligafemenil.mx/cancha/estadio/1427/estadio-fmf-cancha-3,https://www.ligafemenil.mx/cancha/playlist/80647/cruz-azul-vs-santos-laguna
2016-2017,"Copa LIGA MX Femenil",Jueves 4 de Mayo de 2017\nTemporada 2016-2017\nTorneo Copa LIGA MX Femenil\nJornada 2\n4 Mayo 2017 - 12:15 hrs.,https://www.ligafemenil.mx/cancha/estadio/1424/estadio-fmf-cancha-1,https://www.ligafemenil.mx/cancha/playlist/80648/toluca-vs-guadalajara
2016-2017,"Copa LIGA MX Femenil",Jueves 4 de Mayo de 2017\nTemporada 2016-2017\nTorneo Copa LIGA MX Femenil\nJornada 2\n4 Mayo 2017 - 12:15 hrs.,https://www.ligafemenil.mx/cancha/estadio/1425/estadio-fmf-cancha-2,https://www.ligafemenil.mx/cancha/playlist/80649/rayados-de-monterrey-vs-tigres-de-la-uanl
2016-2017,"Copa LIGA MX Femenil",Jueves 4 de Mayo de 2017\nTemporada 2016-2017\nTorneo Copa LIGA MX Femenil\nJornada 2\n4 Mayo 2017 - 12:15 hrs.,https://www.ligafemenil.mx/cancha/estadio/1427/estadio-fmf-cancha-3,https://www.ligafemenil.mx/cancha/playlist/80650/necaxa-vs-tijuana
2016-2017,"Copa LIGA MX Femenil",Viernes 5 de Mayo de 2017\nTemporada 2016-2017\nTorneo Copa LIGA MX Femenil\nJornada 3\n5 Mayo 2017 - 10:00 hrs.,https://www.ligafemenil.mx/cancha/estadio/1424/estadio-fmf-cancha-1,https://www.ligafemenil.mx/cancha/playlist/80651/america-vs-tigres-de-la-uanl
2016-2017,"Copa LIGA MX Femenil",Viernes 5 de Mayo de 2017\nTemporada 2016-2017\nTorneo Copa LIGA MX Femenil\nJornada 3\n5 Mayo 2017 - 10:00 hrs.,https://www.ligafemenil.mx/cancha/estadio/1425/estadio-fmf-cancha-2,https://www.ligafemenil.mx/cancha/playlist/80652/cruz-azul-vs-necaxa
2016-2017,"Copa LIGA MX Femenil",Viernes 5 de Mayo de 2017\nTemporada 2016-2017\nTorneo Copa LIGA MX Femenil\nJornada 3\n5 Mayo 2017 - 10:00 hrs.,https://www.ligafemenil.mx/cancha/estadio/1427/estadio-fmf-cancha-3,https://www.ligafemenil.mx/cancha/playlist/80653/m-morelia-vs-guadalajara
2016-2017,"Copa LIGA MX Femenil",Viernes 5 de Mayo de 2017\nTemporada 2016-2017\nTorneo Copa LIGA MX Femenil\nJornada 3\n5 Mayo 2017 - 12:15 hrs.,https://www.ligafemenil.mx/cancha/estadio/1424/estadio-fmf-cancha-1,https://www.ligafemenil.mx/cancha/playlist/80654/pumas-vs-rayados-de-monterrey
2016-2017,"Copa LIGA MX Femenil",Viernes 5 de Mayo de 2017\nTemporada 2016-2017\nTorneo Copa LIGA MX Femenil\nJornada 3\n5 Mayo 2017 - 12:15 hrs.,https://www.ligafemenil.mx/cancha/estadio/1425/estadio-fmf-cancha-2,https://www.ligafemenil.mx/cancha/playlist/80655/santos-laguna-vs-tijuana
2016-2017,"Copa LIGA MX Femenil",Viernes 5 de Mayo de 2017\nTemporada 2016-2017\nTorneo Copa LIGA MX Femenil\nJornada 3\n5 Mayo 2017 - 12:15 hrs.,https://www.ligafemenil.mx/cancha/estadio/1427/estadio-fmf-cancha-3,https://www.ligafemenil.mx/cancha/playlist/80656/pachuca-vs-toluca
2016-2017,"Copa LIGA MX Femenil",Sábado 6 de Mayo de 2017\nTemporada 2016-2017\nTorneo Copa LIGA MX Femenil\nFinal\n6 Mayo 2017 - 12:05 hrs.,https://www.ligafemenil.mx/cancha/estadio/1429/estadio-fmf,https://www.ligafemenil.mx/cancha/playlist/80742/pachuca-vs-tijuana
2019-2020,"Clausura",Jueves 23 de Enero de 2025\nTemporada 2019-2020\nTorneo Clausura\nJornada 13\n23 Enero 2025 - 00:00 hrs.,https://www.ligafemenil.mx/cancha/estadio/30/estadio-10-de-diciembre,https://www.ligafemenil.mx/cancha/playlist/102118/cruz-azul-vs-puebla-fc
2019-2020,"Clausura",Jueves 23 de Enero de 2025\nTemporada 2019-2020\nTorneo Clausura\nJornada 13\n23 Enero 2025 - 00:00 hrs.,https://www.ligafemenil.mx/cancha/estadio/15/estadio-victoria,https://www.ligafemenil.mx/cancha/playlist/102121/necaxa-vs-rayados-de-monterrey
2019-2020,"Clausura",Jueves 23 de Enero de 2025\nTemporada 2019-2020\nTorneo Clausura\nJornada 13\n23 Enero 2025 - 00:00 hrs.,https://www.ligafemenil.mx/cancha/estadio/35/estadio-club-atlas-chapalita,https://www.ligafemenil.mx/cancha/playlist/102125/atlas-vs-pachuca
2019-2020,"Clausura",Jueves 23 de Enero de 2025\nTemporada 2019-2020\nTorneo Clausura\nJornada 13\n23 Enero 2025 - 00:00 hrs.,https://www.ligafemenil.mx/cancha/estadio/10/estadio-jose-maria-morelos-y-pavon,https://www.ligafemenil.mx/cancha/playlist/102133/m-morelia-vs-pumas
2019-2020,"Clausura",Jueves 23 de Enero de 2025\nTemporada 2019-2020\nTorneo Clausura\nJornada 13\n23 Enero 2025 - 00:00 hrs.,https://www.ligafemenil.mx/cancha/estadio/1/estadio-azteca,https://www.ligafemenil.mx/cancha/playlist/102136/america-vs-guadalajara
2019-2020,"Clausura",Jueves 23 de Enero de 2025\nTemporada 2019-2020\nTorneo Clausura\nJornada 13\n23 Enero 2025 - 00:00 hrs.,https://www.ligafemenil.mx/cancha/estadio/23/estadio-nou-camp,https://www.ligafemenil.mx/cancha/playlist/102138/leon-vs-queretaro
2019-2020,"Clausura",Jueves 23 de Enero de 2025\nTemporada 2019-2020\nTorneo Clausura\nJornada 13\n23 Enero 2025 - 00:00 hrs.,https://www.ligafemenil.mx/cancha/estadio/14/estadio-alfonso-lastras-ramirez,https://www.ligafemenil.mx/cancha/playlist/102140/club-atletico-de-san-luis-vs-toluca
2019-2020,"Clausura",Jueves 23 de Enero de 2025\nTemporada 2019-2020\nTorneo Clausura\nJornada 13\n23 Enero 2025 - 00:00 hrs.,https://www.ligafemenil.mx/cancha/estadio/12/estadio-universitario,https://www.ligafemenil.mx/cancha/playlist/102143/tigres-de-la-uanl-vs-fc-juarez
2019-2020,"Clausura",Jueves 23 de Enero de 2025\nTemporada 2019-2020\nTorneo Clausura\nJornada 13\n23 Enero 2025 - 00:00 hrs.,https://www.ligafemenil.mx/cancha/estadio/63/estadio-tsm-corona,https://www.ligafemenil.mx/cancha/playlist/102145/santos-laguna-vs-tijuana
2019-2020,"Clausura",Jueves 23 de Enero de 2025\nTemporada 2019-2020\nTorneo Clausura\nJornada 14\n23 Enero 2025 - 00:00 hrs.,https://www.ligafemenil.mx/cancha/estadio/25/estadio-la-corregidora,https://www.ligafemenil.mx/cancha/playlist/102147/queretaro-vs-club-atletico-de-san-luis
2019-2020,"Clausura",Jueves 23 de Enero de 2025\nTemporada 2019-2020\nTorneo Clausura\nJornada 14\n23 Enero 2025 - 00:00 hrs.,https://www.ligafemenil.mx/cancha/estadio/17/estadio-olimpico-benito-juarez,https://www.ligafemenil.mx/cancha/playlist/102150/fc-juarez-vs-leon
2019-2020,"Clausura",Jueves 23 de Enero de 2025\nTemporada 2019-2020\nTorneo Clausura\nJornada 14\n23 Enero 2025 - 00:00 hrs.,https://www.ligafemenil.mx/cancha/estadio/37/estadio-la-cantera,https://www.ligafemenil.mx/cancha/playlist/102153/pumas-vs-necaxa
2019-2020,"Clausura",Jueves 23 de Enero de 2025\nTemporada 2019-2020\nTorneo Clausura\nJornada 14\n23 Enero 2025 - 00:00 hrs.,https://www.ligafemenil.mx/cancha/estadio/1538/estadio-akron,https://www.ligafemenil.mx/cancha/playlist/102156/guadalajara-vs-tigres-de-la-uanl
2019-2020,"Clausura",Jueves 23 de Enero de 2025\nTemporada 2019-2020\nTorneo Clausura\nJornada 14\n23 Enero 2025 - 00:00 hrs.,https://www.ligafemenil.mx/cancha/estadio/9/estadio-cuauhtemoc,https://www.ligafemenil.mx/cancha/playlist/102159/puebla-fc-vs-santos-laguna
2019-2020,"Clausura",Jueves 23 de Enero de 2025\nTemporada 2019-2020\nTorneo Clausura\nJornada 14\n23 Enero 2025 - 00:00 hrs.,https://www.ligafemenil.mx/cancha/estadio/6/estadio-nemesio-diez,https://www.ligafemenil.mx/cancha/playlist/102161/toluca-vs-atlas
2019-2020,"Clausura",Jueves 23 de Enero de 2025\nTemporada 2019-2020\nTorneo Clausura\nJornada 14\n23 Enero 2025 - 00:00 hrs.,https://www.ligafemenil.mx/cancha/estadio/11/estadio-hidalgo,https://www.ligafemenil.mx/cancha/playlist/102163/pachuca-vs-america
2019-2020,"Clausura",Jueves 23 de Enero de 2025\nTemporada 2019-2020\nTorneo Clausura\nJornada 14\n23 Enero 2025 - 00:00 hrs.,https://www.ligafemenil.mx/cancha/estadio/675/estadio-el-barrial,https://www.ligafemenil.mx/cancha/playlist/102165/rayados-de-monterrey-vs-m-morelia
2019-2020,"Clausura",Jueves 23 de Enero de 2025\nTemporada 2019-2020\nTorneo Clausura\nJornada 15\n23 Enero 2025 - 00:00 hrs.,https://www.ligafemenil.mx/cancha/estadio/23/estadio-nou-camp,https://www.ligafemenil.mx/cancha/playlist/102180/leon-vs-atlas
2019-2020,"Clausura",Jueves 23 de Enero de 2025\nTemporada 2019-2020\nTorneo Clausura\nJornada 15\n23 Enero 2025 - 00:00 hrs.,https://www.ligafemenil.mx/cancha/estadio/14/estadio-alfonso-lastras-ramirez,https://www.ligafemenil.mx/cancha/playlist/102181/club-atletico-de-san-luis-vs-tijuana
2019-2020,"Clausura",Jueves 23 de Enero de 2025\nTemporada 2019-2020\nTorneo Clausura\nJornada 11\n23 Enero 2025 - 00:00 hrs.,https://www.ligafemenil.mx/cancha/estadio/35/estadio-club-atlas-chapalita,https://www.ligafemenil.mx/cancha/playlist/102182/atlas-vs-club-atletico-de-san-luis
2019-2020,"Clausura",Jueves 23 de Enero de 2025\nTemporada 2019-2020\nTorneo Clausura\nJornada 11\n23 Enero 2025 - 00:00 hrs.,https://www.ligafemenil.mx/cancha/estadio/10/estadio-jose-maria-morelos-y-pavon,https://www.ligafemenil.mx/cancha/playlist/102183/m-morelia-vs-guadalajara
2019-2020,"Clausura",Jueves 23 de Enero de 2025\nTemporada 2019-2020\nTorneo Clausura\nJornada 15\n23 Enero 2025 - 00:00 hrs.,https://www.ligafemenil.mx/cancha/estadio/12/estadio-universitario,https://www.ligafemenil.mx/cancha/playlist/102184/tigres-de-la-uanl-vs-queretaro
2019-2020,"Clausura",Jueves 23 de Enero de 2025\nTemporada 2019-2020\nTorneo Clausura\nJornada 15\n23 Enero 2025 - 00:00 hrs.,https://www.ligafemenil.mx/cancha/estadio/63/estadio-tsm-corona,https://www.ligafemenil.mx/cancha/playlist/102185/santos-laguna-vs-toluca
2019-2020,"Clausura",Jueves 23 de Enero de 2025\nTemporada 2019-2020\nTorneo Clausura\nJornada 11\n23 Enero 2025 - 00:00 hrs.,https://www.ligafemenil.mx/cancha/estadio/6/estadio-nemesio-diez,https://www.ligafemenil.mx/cancha/playlist/102186/toluca-vs-queretaro
2019-2020,"Clausura",Jueves 23 de Enero de 2025\nTemporada 2019-2020\nTorneo Clausura\nJornada 11\n23 Enero 2025 - 00:00 hrs.,https://www.ligafemenil.mx/cancha/estadio/23/estadio-nou-camp,https://www.ligafemenil.mx/cancha/playlist/102187/leon-vs-america
2019-2020,"Clausura",Jueves 23 de Enero de 2025\nTemporada 2019-2020\nTorneo Clausura\nJornada 16\n23 Enero 2025 - 00:00 hrs.,https://www.ligafemenil.mx/cancha/estadio/30/estadio-10-de-diciembre,https://www.ligafemenil.mx/cancha/playlist/102188/cruz-azul-vs-leon
2019-2020,"Clausura",Jueves 23 de Enero de 2025\nTemporada 2019-2020\nTorneo Clausura\nJornada 11\n23 Enero 2025 - 00:00 hrs.,https://www.ligafemenil.mx/cancha/estadio/12/estadio-universitario,https://www.ligafemenil.mx/cancha/playlist/102189/tigres-de-la-uanl-vs-santos-laguna
2019-2020,"Clausura",Jueves 23 de Enero de 2025\nTemporada 2019-2020\nTorneo Clausura\nJornada 11\n23 Enero 2025 - 00:00 hrs.,https://www.ligafemenil.mx/cancha/estadio/48/estadio-caliente,https://www.ligafemenil.mx/cancha/playlist/102190/tijuana-vs-pumas
2019-2020,"Clausura",Jueves 23 de Enero de 2025\nTemporada 2019-2020\nTorneo Clausura\nJornada 16\n23 Enero 2025 - 00:00 hrs.,https://www.ligafemenil.mx/cancha/estadio/25/estadio-la-corregidora,https://www.ligafemenil.mx/cancha/playlist/102191/queretaro-vs-guadalajara
2019-2020,"Clausura",Jueves 23 de Enero de 2025\nTemporada 2019-2020\nTorneo Clausura\nJornada 16\n23 Enero 2025 - 00:00 hrs.,https://www.ligafemenil.mx/cancha/estadio/17/estadio-olimpico-benito-juarez,https://www.ligafemenil.mx/cancha/playlist/102192/fc-juarez-vs-m-morelia
2019-2020,"Clausura",Jueves 23 de Enero de 2025\nTemporada 2019-2020\nTorneo Clausura\nJornada 12\n23 Enero 2025 - 00:00 hrs.,https://www.ligafemenil.mx/cancha/estadio/36/estadio-verde-valle,https://www.ligafemenil.mx/cancha/playlist/102193/guadalajara-vs-necaxa
2019-2020,"Clausura",Jueves 23 de Enero de 2025\nTemporada 2019-2020\nTorneo Clausura\nJornada 12\n23 Enero 2025 - 00:00 hrs.,https://www.ligafemenil.mx/cancha/estadio/9/estadio-cuauhtemoc,https://www.ligafemenil.mx/cancha/playlist/102194/puebla-fc-vs-atlas
2019-2020,"Clausura",Jueves 23 de Enero de 2025\nTemporada 2019-2020\nTorneo Clausura\nJornada 12\n23 Enero 2025 - 00:00 hrs.,https://www.ligafemenil.mx/cancha/estadio/25/estadio-la-corregidora,https://www.ligafemenil.mx/cancha/playlist/102195/queretaro-vs-cruz-azul
2019-2020,"Clausura",Jueves 23 de Enero de 2025\nTemporada 2019-2020\nTorneo Clausura\nJornada 16\n23 Enero 2025 - 00:00 hrs.,https://www.ligafemenil.mx/cancha/estadio/109/estadio-colomos,https://www.ligafemenil.mx/cancha/playlist/102196/atlas-vs-pumas
2019-2020,"Clausura",Jueves 23 de Enero de 2025\nTemporada 2019-2020\nTorneo Clausura\nJornada 12\n23 Enero 2025 - 00:00 hrs.,https://www.ligafemenil.mx/cancha/estadio/11/estadio-hidalgo,https://www.ligafemenil.mx/cancha/playlist/102197/pachuca-vs-m-morelia
2019-2020,"Clausura",Jueves 23 de Enero de 2025\nTemporada 2019-2020\nTorneo Clausura\nJornada 12\n23 Enero 2025 - 00:00 hrs.,https://www.ligafemenil.mx/cancha/estadio/1421/estadio-cancha-centenario-no-5-natural-instalaciones-club-america,https://www.ligafemenil.mx/cancha/playlist/102198/america-vs-club-atletico-de-san-luis
2019-2020,"Clausura",Jueves 23 de Enero de 2025\nTemporada 2019-2020\nTorneo Clausura\nJornada 16\n23 Enero 2025 - 00:00 hrs.,https://www.ligafemenil.mx/cancha/estadio/9/estadio-cuauhtemoc,https://www.ligafemenil.mx/cancha/playlist/102199/puebla-fc-vs-america
2019-2020,"Clausura",Jueves 23 de Enero de 2025\nTemporada 2019-2020\nTorneo Clausura\nJornada 12\n23 Enero 2025 - 00:00 hrs.,https://www.ligafemenil.mx/cancha/estadio/1608/estadio-bbva,https://www.ligafemenil.mx/cancha/playlist/102200/rayados-de-monterrey-vs-santos-laguna
2019-2020,"Clausura",Jueves 23 de Enero de 2025\nTemporada 2019-2020\nTorneo Clausura\nJornada 16\n23 Enero 2025 - 00:00 hrs.,https://www.ligafemenil.mx/cancha/estadio/6/estadio-nemesio-diez,https://www.ligafemenil.mx/cancha/playlist/102201/toluca-vs-necaxa
2019-2020,"Clausura",Jueves 23 de Enero de 2025\nTemporada 2019-2020\nTorneo Clausura\nJornada 14\n23 Enero 2025 - 00:00 hrs.,https://www.ligafemenil.mx/cancha/estadio/48/estadio-caliente,https://www.ligafemenil.mx/cancha/playlist/102168/tijuana-vs-cruz-azul
2019-2020,"Clausura",Jueves 23 de Enero de 2025\nTemporada 2019-2020\nTorneo Clausura\nJornada 15\n23 Enero 2025 - 00:00 hrs.,https://www.ligafemenil.mx/cancha/estadio/30/estadio-10-de-diciembre,https://www.ligafemenil.mx/cancha/playlist/102171/cruz-azul-vs-pachuca
2019-2020,"Clausura",Jueves 23 de Enero de 2025\nTemporada 2019-2020\nTorneo Clausura\nJornada 15\n23 Enero 2025 - 00:00 hrs.,https://www.ligafemenil.mx/cancha/estadio/15/estadio-victoria,https://www.ligafemenil.mx/cancha/playlist/102173/necaxa-vs-fc-juarez
2019-2020,"Clausura",Jueves 23 de Enero de 2025\nTemporada 2019-2020\nTorneo Clausura\nJornada 11\n23 Enero 2025 - 00:00 hrs.,https://www.ligafemenil.mx/cancha/estadio/30/estadio-10-de-diciembre,https://www.ligafemenil.mx/cancha/playlist/102174/cruz-azul-vs-rayados-de-monterrey
2019-2020,"Clausura",Jueves 23 de Enero de 2025\nTemporada 2019-2020\nTorneo Clausura\nJornada 15\n23 Enero 2025 - 00:00 hrs.,https://www.ligafemenil.mx/cancha/estadio/1146/estadio-la-cantera-cancha-1,https://www.ligafemenil.mx/cancha/playlist/102175/pumas-vs-guadalajara
2019-2020,"Clausura",Jueves 23 de Enero de 2025\nTemporada 2019-2020\nTorneo Clausura\nJornada 15\n23 Enero 2025 - 00:00 hrs.,https://www.ligafemenil.mx/cancha/estadio/10/estadio-jose-maria-morelos-y-pavon,https://www.ligafemenil.mx/cancha/playlist/102176/m-morelia-vs-puebla-fc
2019-2020,"Clausura",Jueves 23 de Enero de 2025\nTemporada 2019-2020\nTorneo Clausura\nJornada 11\n23 Enero 2025 - 00:00 hrs.,https://www.ligafemenil.mx/cancha/estadio/15/estadio-victoria,https://www.ligafemenil.mx/cancha/playlist/102177/necaxa-vs-pachuca
2019-2020,"Clausura",Jueves 23 de Enero de 2025\nTemporada 2019-2020\nTorneo Clausura\nJornada 15\n23 Enero 2025 - 00:00 hrs.,https://www.ligafemenil.mx/cancha/estadio/1/estadio-azteca,https://www.ligafemenil.mx/cancha/playlist/102178/america-vs-rayados-de-monterrey
2019-2020,"Clausura",Jueves 23 de Enero de 2025\nTemporada 2019-2020\nTorneo Clausura\nJornada 16\n23 Enero 2025 - 00:00 hrs.,https://www.ligafemenil.mx/cancha/estadio/1608/estadio-bbva,https://www.ligafemenil.mx/cancha/playlist/102205/rayados-de-monterrey-vs-club-atletico-de-san-luis
2019-2020,"Clausura",Jueves 23 de Enero de 2025\nTemporada 2019-2020\nTorneo Clausura\nJornada 12\n23 Enero 2025 - 00:00 hrs.,https://www.ligafemenil.mx/cancha/estadio/37/estadio-la-cantera,https://www.ligafemenil.mx/cancha/playlist/102206/pumas-vs-tigres-de-la-uanl
2019-2020,"Clausura",Jueves 23 de Enero de 2025\nTemporada 2019-2020\nTorneo Clausura\nJornada 16\n23 Enero 2025 - 00:00 hrs.,https://www.ligafemenil.mx/cancha/estadio/48/estadio-caliente,https://www.ligafemenil.mx/cancha/playlist/102207/tijuana-vs-tigres-de-la-uanl
2019-2020,"Clausura",Jueves 23 de Enero de 2025\nTemporada 2019-2020\nTorneo Clausura\nJornada 17\n23 Enero 2025 - 00:00 hrs.,https://www.ligafemenil.mx/cancha/estadio/15/estadio-victoria,https://www.ligafemenil.mx/cancha/playlist/102208/necaxa-vs-leon
2019-2020,"Clausura",Jueves 23 de Enero de 2025\nTemporada 2019-2020\nTorneo Clausura\nJornada 16\n23 Enero 2025 - 00:00 hrs.,https://www.ligafemenil.mx/cancha/estadio/11/estadio-hidalgo,https://www.ligafemenil.mx/cancha/playlist/102203/pachuca-vs-santos-laguna
2019-2020,"Clausura",Jueves 23 de Enero de 2025\nTemporada 2019-2020\nTorneo Clausura\nJornada 11\n23 Enero 2025 - 00:00 hrs.,https://www.ligafemenil.mx/cancha/estadio/17/estadio-olimpico-benito-juarez,https://www.ligafemenil.mx/cancha/playlist/102179/fc-juarez-vs-puebla-fc
2019-2020,"Clausura",Jueves 23 de Enero de 2025\nTemporada 2019-2020\nTorneo Clausura\nJornada 12\n23 Enero 2025 - 00:00 hrs.,https://www.ligafemenil.mx/cancha/estadio/17/estadio-olimpico-benito-juarez,https://www.ligafemenil.mx/cancha/playlist/102202/fc-juarez-vs-toluca
2019-2020,"Clausura",Jueves 23 de Enero de 2025\nTemporada 2019-2020\nTorneo Clausura\nJornada 12\n23 Enero 2025 - 00:00 hrs.,https://www.ligafemenil.mx/cancha/estadio/48/estadio-caliente,https://www.ligafemenil.mx/cancha/playlist/102204/tijuana-vs-leon
2019-2020,"Clausura",Sábado 4 de Enero de 2020\nTemporada 2019-2020\nTorneo Clausura\nJornada 1\n4 Enero 2020 - 12:00 hrs.,https://www.ligafemenil.mx/cancha/estadio/37/estadio-la-cantera,https://www.ligafemenil.mx/cancha/playlist/102066/pumas-vs-puebla-fc
2019-2020,"Clausura",Lunes 6 de Enero de 2020\nTemporada 2019-2020\nTorneo Clausura\nJornada 1\n6 Enero 2020 - 15:45 hrs.,https://www.ligafemenil.mx/cancha/estadio/1421/estadio-cancha-centenario-no-5-natural-instalaciones-club-america,https://www.ligafemenil.mx/cancha/playlist/102069/america-vs-fc-juarez
2019-2020,"Clausura",Lunes 6 de Enero de 2020\nTemporada 2019-2020\nTorneo Clausura\nJornada 1\n6 Enero 2020 - 16:00 hrs.,https://www.ligafemenil.mx/cancha/estadio/15/estadio-victoria,https://www.ligafemenil.mx/cancha/playlist/102065/necaxa-vs-atlas
2019-2020,"Clausura",Lunes 6 de Enero de 2020\nTemporada 2019-2020\nTorneo Clausura\nJornada 1\n6 Enero 2020 - 16:00 hrs.,https://www.ligafemenil.mx/cancha/estadio/10/estadio-jose-maria-morelos-y-pavon,https://www.ligafemenil.mx/cancha/playlist/102068/m-morelia-vs-toluca
2019-2020,"Clausura",Lunes 6 de Enero de 2020\nTemporada 2019-2020\nTorneo Clausura\nJornada 1\n6 Enero 2020 - 19:00 hrs.,https://www.ligafemenil.mx/cancha/estadio/11/estadio-hidalgo,https://www.ligafemenil.mx/cancha/playlist/102070/pachuca-vs-leon
2019-2020,"Clausura",Lunes 6 de Enero de 2020\nTemporada 2019-2020\nTorneo Clausura\nJornada 1\n6 Enero 2020 - 20:00 hrs.,https://www.ligafemenil.mx/cancha/estadio/14/estadio-alfonso-lastras-ramirez,https://www.ligafemenil.mx/cancha/playlist/102071/club-atletico-de-san-luis-vs-santos-laguna
2019-2020,"Clausura",Lunes 6 de Enero de 2020\nTemporada 2019-2020\nTorneo Clausura\nJornada 1\n6 Enero 2020 - 19:00 hrs.,https://www.ligafemenil.mx/cancha/estadio/48/estadio-caliente,https://www.ligafemenil.mx/cancha/playlist/102072/tijuana-vs-queretaro
2019-2020,"Clausura",Lunes 6 de Enero de 2020\nTemporada 2019-2020\nTorneo Clausura\nJornada 1\n6 Enero 2020 - 21:00 hrs.,https://www.ligafemenil.mx/cancha/estadio/1538/estadio-akron,https://www.ligafemenil.mx/cancha/playlist/102067/guadalajara-vs-cruz-azul
2019-2020,"Clausura",Viernes 10 de Enero de 2020\nTemporada 2019-2020\nTorneo Clausura\nJornada 2\n10 Enero 2020 - 15:45 hrs.,https://www.ligafemenil.mx/cancha/estadio/30/estadio-10-de-diciembre,https://www.ligafemenil.mx/cancha/playlist/102074/cruz-azul-vs-america
2019-2020,"Clausura",Viernes 10 de Enero de 2020\nTemporada 2019-2020\nTorneo Clausura\nJornada 2\n10 Enero 2020 - 19:00 hrs.,https://www.ligafemenil.mx/cancha/estadio/17/estadio-olimpico-benito-juarez,https://www.ligafemenil.mx/cancha/playlist/102075/fc-juarez-vs-guadalajara
2019-2020,"Clausura",Sábado 11 de Enero de 2020\nTemporada 2019-2020\nTorneo Clausura\nJornada 2\n11 Enero 2020 - 11:00 hrs.,https://www.ligafemenil.mx/cancha/estadio/881/estadio-cancha-alfredo-pistache-torres,https://www.ligafemenil.mx/cancha/playlist/102076/atlas-vs-m-morelia
2019-2020,"Clausura",Domingo 12 de Enero de 2020\nTemporada 2019-2020\nTorneo Clausura\nJornada 2\n12 Enero 2020 - 12:00 hrs.,https://www.ligafemenil.mx/cancha/estadio/9/estadio-cuauhtemoc,https://www.ligafemenil.mx/cancha/playlist/102077/puebla-fc-vs-queretaro
2019-2020,"Clausura",Lunes 13 de Enero de 2020\nTemporada 2019-2020\nTorneo Clausura\nJornada 2\n13 Enero 2020 - 17:00 hrs.,https://www.ligafemenil.mx/cancha/estadio/6/estadio-nemesio-diez,https://www.ligafemenil.mx/cancha/playlist/102078/toluca-vs-tijuana
2019-2020,"Clausura",Lunes 13 de Enero de 2020\nTemporada 2019-2020\nTorneo Clausura\nJornada 2\n13 Enero 2020 - 19:00 hrs.,https://www.ligafemenil.mx/cancha/estadio/23/estadio-nou-camp,https://www.ligafemenil.mx/cancha/playlist/102079/leon-vs-tigres-de-la-uanl
2019-2020,"Clausura",Lunes 13 de Enero de 2020\nTemporada 2019-2020\nTorneo Clausura\nJornada 2\n13 Enero 2020 - 20:00 hrs.,https://www.ligafemenil.mx/cancha/estadio/14/estadio-alfonso-lastras-ramirez,https://www.ligafemenil.mx/cancha/playlist/102080/club-atletico-de-san-luis-vs-pumas
2019-2020,"Clausura",Lunes 13 de Enero de 2020\nTemporada 2019-2020\nTorneo Clausura\nJornada 2\n13 Enero 2020 - 21:00 hrs.,https://www.ligafemenil.mx/cancha/estadio/1608/estadio-bbva,https://www.ligafemenil.mx/cancha/playlist/102081/rayados-de-monterrey-vs-pachuca
2019-2020,"Clausura",Lunes 13 de Enero de 2020\nTemporada 2019-2020\nTorneo Clausura\nJornada 2\n13 Enero 2020 - 21:00 hrs.,https://www.ligafemenil.mx/cancha/estadio/63/estadio-tsm-corona,https://www.ligafemenil.mx/cancha/playlist/102082/santos-laguna-vs-necaxa
2019-2020,"Clausura",Viernes 17 de Enero de 2020\nTemporada 2019-2020\nTorneo Clausura\nJornada 3\n17 Enero 2020 - 15:45 hrs.,https://www.ligafemenil.mx/cancha/estadio/30/estadio-10-de-diciembre,https://www.ligafemenil.mx/cancha/playlist/102083/cruz-azul-vs-atlas
2019-2020,"Clausura",Viernes 17 de Enero de 2020\nTemporada 2019-2020\nTorneo Clausura\nJornada 3\n17 Enero 2020 - 16:00 hrs.,https://www.ligafemenil.mx/cancha/estadio/25/estadio-la-corregidora,https://www.ligafemenil.mx/cancha/playlist/102084/queretaro-vs-fc-juarez
2019-2020,"Clausura",Sábado 18 de Enero de 2020\nTemporada 2019-2020\nTorneo Clausura\nJornada 3\n18 Enero 2020 - 12:00 hrs.,https://www.ligafemenil.mx/cancha/estadio/37/estadio-la-cantera,https://www.ligafemenil.mx/cancha/playlist/102085/pumas-vs-rayados-de-monterrey
2019-2020,"Clausura",Lunes 20 de Enero de 2020\nTemporada 2019-2020\nTorneo Clausura\nJornada 3\n20 Enero 2020 - 15:45 hrs.,https://www.ligafemenil.mx/cancha/estadio/1421/estadio-cancha-centenario-no-5-natural-instalaciones-club-america,https://www.ligafemenil.mx/cancha/playlist/102088/america-vs-santos-laguna
2019-2020,"Clausura",Lunes 20 de Enero de 2020\nTemporada 2019-2020\nTorneo Clausura\nJornada 3\n20 Enero 2020 - 16:00 hrs.,https://www.ligafemenil.mx/cancha/estadio/10/estadio-jose-maria-morelos-y-pavon,https://www.ligafemenil.mx/cancha/playlist/102087/m-morelia-vs-necaxa
2019-2020,"Clausura",Lunes 20 de Enero de 2020\nTemporada 2019-2020\nTorneo Clausura\nJornada 3\n20 Enero 2020 - 19:00 hrs.,https://www.ligafemenil.mx/cancha/estadio/11/estadio-hidalgo,https://www.ligafemenil.mx/cancha/playlist/102089/pachuca-vs-club-atletico-de-san-luis
2019-2020,"Clausura",Lunes 20 de Enero de 2020\nTemporada 2019-2020\nTorneo Clausura\nJornada 3\n20 Enero 2020 - 19:00 hrs.,https://www.ligafemenil.mx/cancha/estadio/1538/estadio-akron,https://www.ligafemenil.mx/cancha/playlist/102086/guadalajara-vs-leon
2019-2020,"Clausura",Lunes 20 de Enero de 2020\nTemporada 2019-2020\nTorneo Clausura\nJornada 3\n20 Enero 2020 - 20:00 hrs.,https://www.ligafemenil.mx/cancha/estadio/12/estadio-universitario,https://www.ligafemenil.mx/cancha/playlist/102090/tigres-de-la-uanl-vs-toluca
2019-2020,"Clausura",Lunes 20 de Enero de 2020\nTemporada 2019-2020\nTorneo Clausura\nJornada 3\n20 Enero 2020 - 19:00 hrs.,https://www.ligafemenil.mx/cancha/estadio/48/estadio-caliente,https://www.ligafemenil.mx/cancha/playlist/102091/tijuana-vs-puebla-fc
2019-2020,"Clausura",Viernes 24 de Enero de 2020\nTemporada 2019-2020\nTorneo Clausura\nJornada 4\n24 Enero 2020 - 16:00 hrs.,https://www.ligafemenil.mx/cancha/estadio/15/estadio-victoria,https://www.ligafemenil.mx/cancha/playlist/102092/necaxa-vs-america
2019-2020,"Clausura",Viernes 24 de Enero de 2020\nTemporada 2019-2020\nTorneo Clausura\nJornada 4\n24 Enero 2020 - 19:00 hrs.,https://www.ligafemenil.mx/cancha/estadio/17/estadio-olimpico-benito-juarez,https://www.ligafemenil.mx/cancha/playlist/102093/fc-juarez-vs-pachuca
2019-2020,"Clausura",Sábado 25 de Enero de 2020\nTemporada 2019-2020\nTorneo Clausura\nJornada 4\n25 Enero 2020 - 11:00 hrs.,https://www.ligafemenil.mx/cancha/estadio/881/estadio-cancha-alfredo-pistache-torres,https://www.ligafemenil.mx/cancha/playlist/102094/atlas-vs-queretaro
2019-2020,"Clausura",Domingo 26 de Enero de 2020\nTemporada 2019-2020\nTorneo Clausura\nJornada 4\n26 Enero 2020 - 12:00 hrs.,https://www.ligafemenil.mx/cancha/estadio/9/estadio-cuauhtemoc,https://www.ligafemenil.mx/cancha/playlist/102095/puebla-fc-vs-tigres-de-la-uanl
2019-2020,"Clausura",Lunes 27 de Enero de 2020\nTemporada 2019-2020\nTorneo Clausura\nJornada 4\n27 Enero 2020 - 17:00 hrs.,https://www.ligafemenil.mx/cancha/estadio/6/estadio-nemesio-diez,https://www.ligafemenil.mx/cancha/playlist/102096/toluca-vs-cruz-azul
2019-2020,"Clausura",Lunes 27 de Enero de 2020\nTemporada 2019-2020\nTorneo Clausura\nJornada 4\n27 Enero 2020 - 19:00 hrs.,https://www.ligafemenil.mx/cancha/estadio/23/estadio-nou-camp,https://www.ligafemenil.mx/cancha/playlist/102097/leon-vs-m-morelia
2019-2020,"Clausura",Lunes 27 de Enero de 2020\nTemporada 2019-2020\nTorneo Clausura\nJornada 4\n27 Enero 2020 - 19:00 hrs.,https://www.ligafemenil.mx/cancha/estadio/1608/estadio-bbva,https://www.ligafemenil.mx/cancha/playlist/102099/rayados-de-monterrey-vs-tijuana
2019-2020,"Clausura",Lunes 27 de Enero de 2020\nTemporada 2019-2020\nTorneo Clausura\nJornada 4\n27 Enero 2020 - 20:00 hrs.,https://www.ligafemenil.mx/cancha/estadio/14/estadio-alfonso-lastras-ramirez,https://www.ligafemenil.mx/cancha/playlist/102098/club-atletico-de-san-luis-vs-guadalajara
2019-2020,"Clausura",Lunes 27 de Enero de 2020\nTemporada 2019-2020\nTorneo Clausura\nJornada 4\n27 Enero 2020 - 21:00 hrs.,https://www.ligafemenil.mx/cancha/estadio/63/estadio-tsm-corona,https://www.ligafemenil.mx/cancha/playlist/102100/santos-laguna-vs-pumas
2019-2020,"Clausura",Viernes 31 de Enero de 2020\nTemporada 2019-2020\nTorneo Clausura\nJornada 5\n31 Enero 2020 - 15:45 hrs.,https://www.ligafemenil.mx/cancha/estadio/30/estadio-10-de-diciembre,https://www.ligafemenil.mx/cancha/playlist/102101/cruz-azul-vs-club-atletico-de-san-luis
2019-2020,"Clausura",Viernes 31 de Enero de 2020\nTemporada 2019-2020\nTorneo Clausura\nJornada 5\n31 Enero 2020 - 16:00 hrs.,https://www.ligafemenil.mx/cancha/estadio/25/estadio-la-corregidora,https://www.ligafemenil.mx/cancha/playlist/102102/queretaro-vs-rayados-de-monterrey
2019-2020,"Clausura",Sábado 1 de Febrero de 2020\nTemporada 2019-2020\nTorneo Clausura\nJornada 5\n1 Febrero 2020 - 12:00 hrs.,https://www.ligafemenil.mx/cancha/estadio/37/estadio-la-cantera,https://www.ligafemenil.mx/cancha/playlist/102103/pumas-vs-america
2019-2020,"Clausura",Domingo 2 de Febrero de 2020\nTemporada 2019-2020\nTorneo Clausura\nJornada 5\n2 Febrero 2020 - 12:00 hrs.,https://www.ligafemenil.mx/cancha/estadio/9/estadio-cuauhtemoc,https://www.ligafemenil.mx/cancha/playlist/102217/puebla-fc-vs-necaxa
2019-2020,"Clausura",Lunes 3 de Febrero de 2020\nTemporada 2019-2020\nTorneo Clausura\nJornada 5\n3 Febrero 2020 - 16:00 hrs.,https://www.ligafemenil.mx/cancha/estadio/10/estadio-jose-maria-morelos-y-pavon,https://www.ligafemenil.mx/cancha/playlist/102105/m-morelia-vs-santos-laguna
2019-2020,"Clausura",Lunes 3 de Febrero de 2020\nTemporada 2019-2020\nTorneo Clausura\nJornada 5\n3 Febrero 2020 - 17:00 hrs.,https://www.ligafemenil.mx/cancha/estadio/12/estadio-universitario,https://www.ligafemenil.mx/cancha/playlist/102107/tigres-de-la-uanl-vs-atlas
2019-2020,"Clausura",Lunes 3 de Febrero de 2020\nTemporada 2019-2020\nTorneo Clausura\nJornada 5\n3 Febrero 2020 - 19:00 hrs.,https://www.ligafemenil.mx/cancha/estadio/1538/estadio-akron,https://www.ligafemenil.mx/cancha/playlist/102104/guadalajara-vs-pachuca
2019-2020,"Clausura",Lunes 3 de Febrero de 2020\nTemporada 2019-2020\nTorneo Clausura\nJornada 5\n3 Febrero 2020 - 19:00 hrs.,https://www.ligafemenil.mx/cancha/estadio/23/estadio-nou-camp,https://www.ligafemenil.mx/cancha/playlist/102106/leon-vs-toluca
2019-2020,"Clausura",Lunes 3 de Febrero de 2020\nTemporada 2019-2020\nTorneo Clausura\nJornada 5\n3 Febrero 2020 - 19:00 hrs.,https://www.ligafemenil.mx/cancha/estadio/48/estadio-caliente,https://www.ligafemenil.mx/cancha/playlist/102108/tijuana-vs-fc-juarez
2019-2020,"Clausura",Viernes 7 de Febrero de 2020\nTemporada 2019-2020\nTorneo Clausura\nJornada 6\n7 Febrero 2020 - 16:00 hrs.,https://www.ligafemenil.mx/cancha/estadio/15/estadio-victoria,https://www.ligafemenil.mx/cancha/playlist/102109/necaxa-vs-tigres-de-la-uanl
2019-2020,"Clausura",Viernes 7 de Febrero de 2020\nTemporada 2019-2020\nTorneo Clausura\nJornada 6\n7 Febrero 2020 - 18:00 hrs.,https://www.ligafemenil.mx/cancha/estadio/17/estadio-olimpico-benito-juarez,https://www.ligafemenil.mx/cancha/playlist/102110/fc-juarez-vs-cruz-azul
2019-2020,"Clausura",Sábado 8 de Febrero de 2020\nTemporada 2019-2020\nTorneo Clausura\nJornada 6\n8 Febrero 2020 - 10:00 hrs.,https://www.ligafemenil.mx/cancha/estadio/1421/estadio-cancha-centenario-no-5-natural-instalaciones-club-america,https://www.ligafemenil.mx/cancha/playlist/102113/america-vs-queretaro
2019-2020,"Clausura",Sábado 8 de Febrero de 2020\nTemporada 2019-2020\nTorneo Clausura\nJornada 6\n8 Febrero 2020 - 11:00 hrs.,https://www.ligafemenil.mx/cancha/estadio/881/estadio-cancha-alfredo-pistache-torres,https://www.ligafemenil.mx/cancha/playlist/102111/atlas-vs-tijuana
2019-2020,"Clausura",Domingo 9 de Febrero de 2020\nTemporada 2019-2020\nTorneo Clausura\nJornada 6\n9 Febrero 2020 - 10:30 hrs.,https://www.ligafemenil.mx/cancha/estadio/675/estadio-el-barrial,https://www.ligafemenil.mx/cancha/playlist/102116/rayados-de-monterrey-vs-leon
2019-2020,"Clausura",Lunes 10 de Febrero de 2020\nTemporada 2019-2020\nTorneo Clausura\nJornada 6\n10 Febrero 2020 - 17:00 hrs.,https://www.ligafemenil.mx/cancha/estadio/6/estadio-nemesio-diez,https://www.ligafemenil.mx/cancha/playlist/102112/toluca-vs-puebla-fc
2019-2020,"Clausura",Lunes 10 de Febrero de 2020\nTemporada 2019-2020\nTorneo Clausura\nJornada 6\n10 Febrero 2020 - 19:00 hrs.,https://www.ligafemenil.mx/cancha/estadio/11/estadio-hidalgo,https://www.ligafemenil.mx/cancha/playlist/102114/pachuca-vs-pumas
2019-2020,"Clausura",Lunes 10 de Febrero de 2020\nTemporada 2019-2020\nTorneo Clausura\nJornada 6\n10 Febrero 2020 - 20:00 hrs.,https://www.ligafemenil.mx/cancha/estadio/14/estadio-alfonso-lastras-ramirez,https://www.ligafemenil.mx/cancha/playlist/102115/club-atletico-de-san-luis-vs-m-morelia
2019-2020,"Clausura",Lunes 10 de Febrero de 2020\nTemporada 2019-2020\nTorneo Clausura\nJornada 6\n10 Febrero 2020 - 21:00 hrs.,https://www.ligafemenil.mx/cancha/estadio/63/estadio-tsm-corona,https://www.ligafemenil.mx/cancha/playlist/102117/santos-laguna-vs-guadalajara
2019-2020,"Clausura",Viernes 14 de Febrero de 2020\nTemporada 2019-2020\nTorneo Clausura\nJornada 7\n14 Febrero 2020 - 15:45 hrs.,https://www.ligafemenil.mx/cancha/estadio/30/estadio-10-de-diciembre,https://www.ligafemenil.mx/cancha/playlist/102119/cruz-azul-vs-santos-laguna
2019-2020,"Clausura",Viernes 14 de Febrero de 2020\nTemporada 2019-2020\nTorneo Clausura\nJornada 7\n14 Febrero 2020 - 16:00 hrs.,https://www.ligafemenil.mx/cancha/estadio/25/estadio-la-corregidora,https://www.ligafemenil.mx/cancha/playlist/102120/queretaro-vs-necaxa
2019-2020,"Clausura",Sábado 15 de Febrero de 2020\nTemporada 2019-2020\nTorneo Clausura\nJornada 7\n15 Febrero 2020 - 11:00 hrs.,https://www.ligafemenil.mx/cancha/estadio/728/estadio-cecaf,https://www.ligafemenil.mx/cancha/playlist/102122/atlas-vs-fc-juarez
2019-2020,"Clausura",Domingo 16 de Febrero de 2020\nTemporada 2019-2020\nTorneo Clausura\nJornada 7\n16 Febrero 2020 - 12:00 hrs.,https://www.ligafemenil.mx/cancha/estadio/9/estadio-cuauhtemoc,https://www.ligafemenil.mx/cancha/playlist/102123/puebla-fc-vs-club-atletico-de-san-luis
2019-2020,"Clausura",Lunes 17 de Febrero de 2020\nTemporada 2019-2020\nTorneo Clausura\nJornada 7\n17 Febrero 2020 - 16:00 hrs.,https://www.ligafemenil.mx/cancha/estadio/10/estadio-jose-maria-morelos-y-pavon,https://www.ligafemenil.mx/cancha/playlist/102124/m-morelia-vs-america
2019-2020,"Clausura",Lunes 17 de Febrero de 2020\nTemporada 2019-2020\nTorneo Clausura\nJornada 7\n17 Febrero 2020 - 18:00 hrs.,https://www.ligafemenil.mx/cancha/estadio/6/estadio-nemesio-diez,https://www.ligafemenil.mx/cancha/playlist/102126/toluca-vs-rayados-de-monterrey
2019-2020,"Clausura",Lunes 17 de Febrero de 2020\nTemporada 2019-2020\nTorneo Clausura\nJornada 7\n17 Febrero 2020 - 20:00 hrs.,https://www.ligafemenil.mx/cancha/estadio/12/estadio-universitario,https://www.ligafemenil.mx/cancha/playlist/102128/tigres-de-la-uanl-vs-pachuca
2019-2020,"Clausura",Lunes 17 de Febrero de 2020\nTemporada 2019-2020\nTorneo Clausura\nJornada 7\n17 Febrero 2020 - 19:00 hrs.,https://www.ligafemenil.mx/cancha/estadio/48/estadio-caliente,https://www.ligafemenil.mx/cancha/playlist/102129/tijuana-vs-guadalajara
2019-2020,"Clausura",Viernes 21 de Febrero de 2020\nTemporada 2019-2020\nTorneo Clausura\nJornada 8\n21 Febrero 2020 - 16:00 hrs.,https://www.ligafemenil.mx/cancha/estadio/15/estadio-victoria,https://www.ligafemenil.mx/cancha/playlist/102130/necaxa-vs-tijuana
2019-2020,"Clausura",Sábado 22 de Febrero de 2020\nTemporada 2019-2020\nTorneo Clausura\nJornada 8\n22 Febrero 2020 - 12:00 hrs.,https://www.ligafemenil.mx/cancha/estadio/37/estadio-la-cantera,https://www.ligafemenil.mx/cancha/playlist/102131/pumas-vs-fc-juarez
2019-2020,"Clausura",Domingo 23 de Febrero de 2020\nTemporada 2019-2020\nTorneo Clausura\nJornada 8\n23 Febrero 2020 - 10:30 hrs.,https://www.ligafemenil.mx/cancha/estadio/675/estadio-el-barrial,https://www.ligafemenil.mx/cancha/playlist/102141/rayados-de-monterrey-vs-puebla-fc
2019-2020,"Clausura",Lunes 24 de Febrero de 2020\nTemporada 2019-2020\nTorneo Clausura\nJornada 8\n24 Febrero 2020 - 15:45 hrs.,https://www.ligafemenil.mx/cancha/estadio/1421/estadio-cancha-centenario-no-5-natural-instalaciones-club-america,https://www.ligafemenil.mx/cancha/playlist/102137/america-vs-toluca
2019-2020,"Clausura",Lunes 24 de Febrero de 2020\nTemporada 2019-2020\nTorneo Clausura\nJornada 8\n24 Febrero 2020 - 16:00 hrs.,https://www.ligafemenil.mx/cancha/estadio/10/estadio-jose-maria-morelos-y-pavon,https://www.ligafemenil.mx/cancha/playlist/102134/m-morelia-vs-cruz-azul
2019-2020,"Clausura",Lunes 24 de Febrero de 2020\nTemporada 2019-2020\nTorneo Clausura\nJornada 8\n24 Febrero 2020 - 19:00 hrs.,https://www.ligafemenil.mx/cancha/estadio/11/estadio-hidalgo,https://www.ligafemenil.mx/cancha/playlist/102135/pachuca-vs-queretaro
2019-2020,"Clausura",Lunes 24 de Febrero de 2020\nTemporada 2019-2020\nTorneo Clausura\nJornada 8\n24 Febrero 2020 - 19:00 hrs.,https://www.ligafemenil.mx/cancha/estadio/1538/estadio-akron,https://www.ligafemenil.mx/cancha/playlist/102132/guadalajara-vs-atlas
2019-2020,"Clausura",Lunes 24 de Febrero de 2020\nTemporada 2019-2020\nTorneo Clausura\nJornada 8\n24 Febrero 2020 - 20:00 hrs.,https://www.ligafemenil.mx/cancha/estadio/14/estadio-alfonso-lastras-ramirez,https://www.ligafemenil.mx/cancha/playlist/102139/club-atletico-de-san-luis-vs-tigres-de-la-uanl
2019-2020,"Clausura",Lunes 24 de Febrero de 2020\nTemporada 2019-2020\nTorneo Clausura\nJornada 8\n24 Febrero 2020 - 21:00 hrs.,https://www.ligafemenil.mx/cancha/estadio/63/estadio-tsm-corona,https://www.ligafemenil.mx/cancha/playlist/102142/santos-laguna-vs-leon
2019-2020,"Clausura",Viernes 28 de Febrero de 2020\nTemporada 2019-2020\nTorneo Clausura\nJornada 9\n28 Febrero 2020 - 15:45 hrs.,https://www.ligafemenil.mx/cancha/estadio/30/estadio-10-de-diciembre,https://www.ligafemenil.mx/cancha/playlist/102144/cruz-azul-vs-necaxa
2019-2020,"Clausura",Viernes 28 de Febrero de 2020\nTemporada 2019-2020\nTorneo Clausura\nJornada 9\n28 Febrero 2020 - 16:00 hrs.,https://www.ligafemenil.mx/cancha/estadio/25/estadio-la-corregidora,https://www.ligafemenil.mx/cancha/playlist/102146/queretaro-vs-pumas
2019-2020,"Clausura",Viernes 28 de Febrero de 2020\nTemporada 2019-2020\nTorneo Clausura\nJornada 9\n28 Febrero 2020 - 20:00 hrs.,https://www.ligafemenil.mx/cancha/estadio/17/estadio-olimpico-benito-juarez,https://www.ligafemenil.mx/cancha/playlist/102148/fc-juarez-vs-rayados-de-monterrey
2019-2020,"Clausura",Domingo 1 de Marzo de 2020\nTemporada 2019-2020\nTorneo Clausura\nJornada 9\n1 Marzo 2020 - 12:00 hrs.,https://www.ligafemenil.mx/cancha/estadio/9/estadio-cuauhtemoc,https://www.ligafemenil.mx/cancha/playlist/102151/puebla-fc-vs-guadalajara
2019-2020,"Clausura",Lunes 2 de Marzo de 2020\nTemporada 2019-2020\nTorneo Clausura\nJornada 9\n2 Marzo 2020 - 15:45 hrs.,https://www.ligafemenil.mx/cancha/estadio/5/estadio-jalisco,https://www.ligafemenil.mx/cancha/playlist/102149/atlas-vs-santos-laguna
2019-2020,"Clausura",Lunes 2 de Marzo de 2020\nTemporada 2019-2020\nTorneo Clausura\nJornada 9\n2 Marzo 2020 - 18:00 hrs.,https://www.ligafemenil.mx/cancha/estadio/6/estadio-nemesio-diez,https://www.ligafemenil.mx/cancha/playlist/102152/toluca-vs-pachuca
2019-2020,"Clausura",Lunes 2 de Marzo de 2020\nTemporada 2019-2020\nTorneo Clausura\nJornada 9\n2 Marzo 2020 - 19:00 hrs.,https://www.ligafemenil.mx/cancha/estadio/23/estadio-nou-camp,https://www.ligafemenil.mx/cancha/playlist/102154/leon-vs-club-atletico-de-san-luis
2019-2020,"Clausura",Lunes 2 de Marzo de 2020\nTemporada 2019-2020\nTorneo Clausura\nJornada 9\n2 Marzo 2020 - 20:00 hrs.,https://www.ligafemenil.mx/cancha/estadio/12/estadio-universitario,https://www.ligafemenil.mx/cancha/playlist/102155/tigres-de-la-uanl-vs-m-morelia
2019-2020,"Clausura",Lunes 2 de Marzo de 2020\nTemporada 2019-2020\nTorneo Clausura\nJornada 9\n2 Marzo 2020 - 19:00 hrs.,https://www.ligafemenil.mx/cancha/estadio/48/estadio-caliente,https://www.ligafemenil.mx/cancha/playlist/102157/tijuana-vs-america
2019-2020,"Clausura",Viernes 13 de Marzo de 2020\nTemporada 2019-2020\nTorneo Clausura\nJornada 10\n13 Marzo 2020 - 16:00 hrs.,https://www.ligafemenil.mx/cancha/estadio/25/estadio-la-corregidora,https://www.ligafemenil.mx/cancha/playlist/102158/queretaro-vs-m-morelia
2019-2020,"Clausura",Sábado 14 de Marzo de 2020\nTemporada 2019-2020\nTorneo Clausura\nJornada 10\n14 Marzo 2020 - 12:00 hrs.,https://www.ligafemenil.mx/cancha/estadio/7/estadio-olimpico-universitario,https://www.ligafemenil.mx/cancha/playlist/102160/pumas-vs-cruz-azul
2019-2020,"Clausura",Domingo 15 de Marzo de 2020\nTemporada 2019-2020\nTorneo Clausura\nJornada 10\n15 Marzo 2020 - 12:00 hrs.,https://www.ligafemenil.mx/cancha/estadio/9/estadio-cuauhtemoc,https://www.ligafemenil.mx/cancha/playlist/102164/puebla-fc-vs-leon
2019-2020,"Clausura",Domingo 15 de Marzo de 2020\nTemporada 2019-2020\nTorneo Clausura\nJornada 10\n15 Marzo 2020 - 12:00 hrs.,https://www.ligafemenil.mx/cancha/estadio/36/estadio-verde-valle,https://www.ligafemenil.mx/cancha/playlist/102162/guadalajara-vs-toluca
2019-2020,"Clausura",Lunes 16 de Marzo de 2020\nTemporada 2019-2020\nTorneo Clausura\nJornada 10\n16 Marzo 2020 - 10:00 hrs.,https://www.ligafemenil.mx/cancha/estadio/1421/estadio-cancha-centenario-no-5-natural-instalaciones-club-america,https://www.ligafemenil.mx/cancha/playlist/102167/america-vs-tigres-de-la-uanl
2019-2020,"Clausura",Lunes 16 de Marzo de 2020\nTemporada 2019-2020\nTorneo Clausura\nJornada 10\n16 Marzo 2020 - 19:00 hrs.,https://www.ligafemenil.mx/cancha/estadio/11/estadio-hidalgo,https://www.ligafemenil.mx/cancha/playlist/102166/pachuca-vs-tijuana
2019-2020,"Clausura",Lunes 16 de Marzo de 2020\nTemporada 2019-2020\nTorneo Clausura\nJornada 10\n16 Marzo 2020 - 20:00 hrs.,https://www.ligafemenil.mx/cancha/estadio/14/estadio-alfonso-lastras-ramirez,https://www.ligafemenil.mx/cancha/playlist/102169/club-atletico-de-san-luis-vs-necaxa
2019-2020,"Clausura",Lunes 16 de Marzo de 2020\nTemporada 2019-2020\nTorneo Clausura\nJornada 10\n16 Marzo 2020 - 21:00 hrs.,https://www.ligafemenil.mx/cancha/estadio/1608/estadio-bbva,https://www.ligafemenil.mx/cancha/playlist/102170/rayados-de-monterrey-vs-atlas
2019-2020,"Clausura",Lunes 16 de Marzo de 2020\nTemporada 2019-2020\nTorneo Clausura\nJornada 10\n16 Marzo 2020 - 21:00 hrs.,https://www.ligafemenil.mx/cancha/estadio/63/estadio-tsm-corona,https://www.ligafemenil.mx/cancha/playlist/102172/santos-laguna-vs-fc-juarez
2019-2020,"Clausura",Lunes 13 de Abril de 2020\nTemporada 2019-2020\nTorneo Clausura\nJornada 7\n13 Abril 2020 - 19:00 hrs.,https://www.ligafemenil.mx/cancha/estadio/23/estadio-nou-camp,https://www.ligafemenil.mx/cancha/playlist/102127/leon-vs-pumas
2019-2020,"Clausura",Lunes 13 de Abril de 2020\nTemporada 2019-2020\nTorneo Clausura\nJornada 1\n13 Abril 2020 - 21:00 hrs.,https://www.ligafemenil.mx/cancha/estadio/1608/estadio-bbva,https://www.ligafemenil.mx/cancha/playlist/102073/rayados-de-monterrey-vs-tigres-de-la-uanl
2019-2020,"Clausura",Sábado 2 de Mayo de 2020\nTemporada 2019-2020\nTorneo Clausura\nJornada 17\n2 Mayo 2020 - 12:00 hrs.,https://www.ligafemenil.mx/cancha/estadio/1146/estadio-la-cantera-cancha-1,https://www.ligafemenil.mx/cancha/playlist/102209/pumas-vs-toluca
2019-2020,"Clausura",Sábado 2 de Mayo de 2020\nTemporada 2019-2020\nTorneo Clausura\nJornada 17\n2 Mayo 2020 - 21:05 hrs.,https://www.ligafemenil.mx/cancha/estadio/12/estadio-universitario,https://www.ligafemenil.mx/cancha/playlist/102215/tigres-de-la-uanl-vs-cruz-azul
2019-2020,"Clausura",Lunes 4 de Mayo de 2020\nTemporada 2019-2020\nTorneo Clausura\nJornada 17\n4 Mayo 2020 - 16:00 hrs.,https://www.ligafemenil.mx/cancha/estadio/10/estadio-jose-maria-morelos-y-pavon,https://www.ligafemenil.mx/cancha/playlist/102211/m-morelia-vs-tijuana
2019-2020,"Clausura",Lunes 4 de Mayo de 2020\nTemporada 2019-2020\nTorneo Clausura\nJornada 17\n4 Mayo 2020 - 18:00 hrs.,https://www.ligafemenil.mx/cancha/estadio/1/estadio-azteca,https://www.ligafemenil.mx/cancha/playlist/102212/america-vs-atlas
2019-2020,"Clausura",Lunes 4 de Mayo de 2020\nTemporada 2019-2020\nTorneo Clausura\nJornada 17\n4 Mayo 2020 - 19:00 hrs.,https://www.ligafemenil.mx/cancha/estadio/11/estadio-hidalgo,https://www.ligafemenil.mx/cancha/playlist/102213/pachuca-vs-puebla-fc
2019-2020,"Clausura",Lunes 4 de Mayo de 2020\nTemporada 2019-2020\nTorneo Clausura\nJornada 17\n4 Mayo 2020 - 19:00 hrs.,https://www.ligafemenil.mx/cancha/estadio/1538/estadio-akron,https://www.ligafemenil.mx/cancha/playlist/102210/guadalajara-vs-rayados-de-monterrey
2019-2020,"Clausura",Lunes 4 de Mayo de 2020\nTemporada 2019-2020\nTorneo Clausura\nJornada 17\n4 Mayo 2020 - 20:00 hrs.,https://www.ligafemenil.mx/cancha/estadio/14/estadio-alfonso-lastras-ramirez,https://www.ligafemenil.mx/cancha/playlist/102214/club-atletico-de-san-luis-vs-fc-juarez
2019-2020,"Clausura",Lunes 4 de Mayo de 2020\nTemporada 2019-2020\nTorneo Clausura\nJornada 17\n4 Mayo 2020 - 21:00 hrs.,https://www.ligafemenil.mx/cancha/estadio/63/estadio-tsm-corona,https://www.ligafemenil.mx/cancha/playlist/102216/santos-laguna-vs-queretaro
2017-2018,"Clausura",Viernes 5 de Enero de 2018\nTemporada 2017-2018\nTorneo Clausura\nJornada 1\n5 Enero 2018 - 16:00 hrs.,https://www.ligafemenil.mx/cancha/estadio/15/estadio-victoria,https://www.ligafemenil.mx/cancha/playlist/88380/necaxa-vs-tigres-de-la-uanl
2017-2018,"Clausura",Sábado 6 de Enero de 2018\nTemporada 2017-2018\nTorneo Clausura\nJornada 1\n6 Enero 2018 - 09:00 hrs.,https://www.ligafemenil.mx/cancha/estadio/57/estadio-luis-pirata-fuente,https://www.ligafemenil.mx/cancha/playlist/88324/veracruz-vs-pachuca
2017-2018,"Clausura",Sábado 6 de Enero de 2018\nTemporada 2017-2018\nTorneo Clausura\nJornada 1\n6 Enero 2018 - 11:00 hrs.,https://www.ligafemenil.mx/cancha/estadio/53/estadio-colomos-alfredo-pistache-torres,https://www.ligafemenil.mx/cancha/playlist/88325/atlas-vs-santos-laguna
2017-2018,"Clausura",Sábado 6 de Enero de 2018\nTemporada 2017-2018\nTorneo Clausura\nJornada 1\n6 Enero 2018 - 16:00 hrs.,https://www.ligafemenil.mx/cancha/estadio/25/estadio-la-corregidora,https://www.ligafemenil.mx/cancha/playlist/88326/queretaro-vs-guadalajara
2017-2018,"Clausura",Sábado 6 de Enero de 2018\nTemporada 2017-2018\nTorneo Clausura\nJornada 1\n6 Enero 2018 - 16:00 hrs.,https://www.ligafemenil.mx/cancha/estadio/1/estadio-azteca,https://www.ligafemenil.mx/cancha/playlist/88327/america-vs-toluca
2017-2018,"Clausura",Domingo 7 de Enero de 2018\nTemporada 2017-2018\nTorneo Clausura\nJornada 1\n7 Enero 2018 - 10:30 hrs.,https://www.ligafemenil.mx/cancha/estadio/675/estadio-el-barrial,https://www.ligafemenil.mx/cancha/playlist/88328/rayados-de-monterrey-vs-leon
2017-2018,"Clausura",Domingo 7 de Enero de 2018\nTemporada 2017-2018\nTorneo Clausura\nJornada 1\n7 Enero 2018 - 11:00 hrs.,https://www.ligafemenil.mx/cancha/estadio/2/estadio-ciudad-de-los-deportes,https://www.ligafemenil.mx/cancha/playlist/88322/cruz-azul-vs-pumas
2017-2018,"Clausura",Lunes 8 de Enero de 2018\nTemporada 2017-2018\nTorneo Clausura\nJornada 1\n8 Enero 2018 - 19:00 hrs.,https://www.ligafemenil.mx/cancha/estadio/48/estadio-caliente,https://www.ligafemenil.mx/cancha/playlist/88329/tijuana-vs-m-morelia
2017-2018,"Clausura",Viernes 12 de Enero de 2018\nTemporada 2017-2018\nTorneo Clausura\nJornada 2\n12 Enero 2018 - 16:00 hrs.,https://www.ligafemenil.mx/cancha/estadio/1146/estadio-la-cantera-cancha-1,https://www.ligafemenil.mx/cancha/playlist/88351/pumas-vs-tijuana
2017-2018,"Clausura",Viernes 12 de Enero de 2018\nTemporada 2017-2018\nTorneo Clausura\nJornada 2\n12 Enero 2018 - 17:00 hrs.,https://www.ligafemenil.mx/cancha/estadio/23/estadio-nou-camp,https://www.ligafemenil.mx/cancha/playlist/88387/leon-vs-necaxa
2017-2018,"Clausura",Sábado 13 de Enero de 2018\nTemporada 2017-2018\nTorneo Clausura\nJornada 2\n13 Enero 2018 - 16:00 hrs.,https://www.ligafemenil.mx/cancha/estadio/10/estadio-jose-maria-morelos-y-pavon,https://www.ligafemenil.mx/cancha/playlist/88389/m-morelia-vs-veracruz
2017-2018,"Clausura",Sábado 13 de Enero de 2018\nTemporada 2017-2018\nTorneo Clausura\nJornada 2\n13 Enero 2018 - 16:30 hrs.,https://www.ligafemenil.mx/cancha/estadio/1538/estadio-akron,https://www.ligafemenil.mx/cancha/playlist/88391/guadalajara-vs-rayados-de-monterrey
2017-2018,"Clausura",Sábado 13 de Enero de 2018\nTemporada 2017-2018\nTorneo Clausura\nJornada 2\n13 Enero 2018 - 21:00 hrs.,https://www.ligafemenil.mx/cancha/estadio/12/estadio-universitario,https://www.ligafemenil.mx/cancha/playlist/88388/tigres-de-la-uanl-vs-atlas
2017-2018,"Clausura",Lunes 15 de Enero de 2018\nTemporada 2017-2018\nTorneo Clausura\nJornada 2\n15 Enero 2018 - 16:00 hrs.,https://www.ligafemenil.mx/cancha/estadio/6/estadio-nemesio-diez,https://www.ligafemenil.mx/cancha/playlist/88409/toluca-vs-cruz-azul
2017-2018,"Clausura",Lunes 15 de Enero de 2018\nTemporada 2017-2018\nTorneo Clausura\nJornada 2\n15 Enero 2018 - 19:00 hrs.,https://www.ligafemenil.mx/cancha/estadio/11/estadio-hidalgo,https://www.ligafemenil.mx/cancha/playlist/88368/pachuca-vs-america
2017-2018,"Clausura",Lunes 15 de Enero de 2018\nTemporada 2017-2018\nTorneo Clausura\nJornada 2\n15 Enero 2018 - 21:00 hrs.,https://www.ligafemenil.mx/cancha/estadio/63/estadio-tsm-corona,https://www.ligafemenil.mx/cancha/playlist/88394/santos-laguna-vs-queretaro
2017-2018,"Clausura",Viernes 19 de Enero de 2018\nTemporada 2017-2018\nTorneo Clausura\nJornada 3\n19 Enero 2018 - 16:00 hrs.,https://www.ligafemenil.mx/cancha/estadio/47/estadio-instalaciones-la-noria-cancha-1,https://www.ligafemenil.mx/cancha/playlist/88379/cruz-azul-vs-pachuca
2017-2018,"Clausura",Viernes 19 de Enero de 2018\nTemporada 2017-2018\nTorneo Clausura\nJornada 3\n19 Enero 2018 - 16:00 hrs.,https://www.ligafemenil.mx/cancha/estadio/15/estadio-victoria,https://www.ligafemenil.mx/cancha/playlist/88396/necaxa-vs-guadalajara
2017-2018,"Clausura",Sábado 20 de Enero de 2018\nTemporada 2017-2018\nTorneo Clausura\nJornada 3\n20 Enero 2018 - 11:00 hrs.,https://www.ligafemenil.mx/cancha/estadio/881/estadio-cancha-alfredo-pistache-torres,https://www.ligafemenil.mx/cancha/playlist/88398/atlas-vs-leon
2017-2018,"Clausura",Sábado 20 de Enero de 2018\nTemporada 2017-2018\nTorneo Clausura\nJornada 3\n20 Enero 2018 - 15:00 hrs.,https://www.ligafemenil.mx/cancha/estadio/10/estadio-jose-maria-morelos-y-pavon,https://www.ligafemenil.mx/cancha/playlist/88356/m-morelia-vs-pumas
2017-2018,"Clausura",Sábado 20 de Enero de 2018\nTemporada 2017-2018\nTorneo Clausura\nJornada 3\n20 Enero 2018 - 16:00 hrs.,https://www.ligafemenil.mx/cancha/estadio/1/estadio-azteca,https://www.ligafemenil.mx/cancha/playlist/88406/america-vs-veracruz
2017-2018,"Clausura",Domingo 21 de Enero de 2018\nTemporada 2017-2018\nTorneo Clausura\nJornada 3\n21 Enero 2018 - 10:30 hrs.,https://www.ligafemenil.mx/cancha/estadio/675/estadio-el-barrial,https://www.ligafemenil.mx/cancha/playlist/88400/rayados-de-monterrey-vs-queretaro
2017-2018,"Clausura",Lunes 22 de Enero de 2018\nTemporada 2017-2018\nTorneo Clausura\nJornada 3\n22 Enero 2018 - 21:00 hrs.,https://www.ligafemenil.mx/cancha/estadio/63/estadio-tsm-corona,https://www.ligafemenil.mx/cancha/playlist/88402/santos-laguna-vs-tigres-de-la-uanl
2017-2018,"Clausura",Lunes 22 de Enero de 2018\nTemporada 2017-2018\nTorneo Clausura\nJornada 3\n22 Enero 2018 - 19:00 hrs.,https://www.ligafemenil.mx/cancha/estadio/48/estadio-caliente,https://www.ligafemenil.mx/cancha/playlist/88386/tijuana-vs-toluca
2017-2018,"Clausura",Viernes 26 de Enero de 2018\nTemporada 2017-2018\nTorneo Clausura\nJornada 4\n26 Enero 2018 - 10:00 hrs.,https://www.ligafemenil.mx/cancha/estadio/257/estadio-instalaciones-casa-club-leon-f-c,https://www.ligafemenil.mx/cancha/playlist/88403/leon-vs-santos-laguna
2017-2018,"Clausura",Sábado 27 de Enero de 2018\nTemporada 2017-2018\nTorneo Clausura\nJornada 4\n27 Enero 2018 - 09:00 hrs.,https://www.ligafemenil.mx/cancha/estadio/1416/estadio-centro-de-alto-rendimiento-cancha-1,https://www.ligafemenil.mx/cancha/playlist/88381/veracruz-vs-pumas
2017-2018,"Clausura",Sábado 27 de Enero de 2018\nTemporada 2017-2018\nTorneo Clausura\nJornada 4\n27 Enero 2018 - 11:00 hrs.,https://www.ligafemenil.mx/cancha/estadio/25/estadio-la-corregidora,https://www.ligafemenil.mx/cancha/playlist/88404/queretaro-vs-tigres-de-la-uanl
2017-2018,"Clausura",Sábado 27 de Enero de 2018\nTemporada 2017-2018\nTorneo Clausura\nJornada 4\n27 Enero 2018 - 16:30 hrs.,https://www.ligafemenil.mx/cancha/estadio/1538/estadio-akron,https://www.ligafemenil.mx/cancha/playlist/88408/guadalajara-vs-atlas
2017-2018,"Clausura",Domingo 28 de Enero de 2018\nTemporada 2017-2018\nTorneo Clausura\nJornada 4\n28 Enero 2018 - 10:30 hrs.,https://www.ligafemenil.mx/cancha/estadio/675/estadio-el-barrial,https://www.ligafemenil.mx/cancha/playlist/88407/rayados-de-monterrey-vs-necaxa
2017-2018,"Clausura",Domingo 28 de Enero de 2018\nTemporada 2017-2018\nTorneo Clausura\nJornada 4\n28 Enero 2018 - 18:00 hrs.,https://www.ligafemenil.mx/cancha/estadio/1/estadio-azteca,https://www.ligafemenil.mx/cancha/playlist/88357/america-vs-cruz-azul
2017-2018,"Clausura",Lunes 29 de Enero de 2018\nTemporada 2017-2018\nTorneo Clausura\nJornada 4\n29 Enero 2018 - 16:00 hrs.,https://www.ligafemenil.mx/cancha/estadio/6/estadio-nemesio-diez,https://www.ligafemenil.mx/cancha/playlist/88376/toluca-vs-m-morelia
2017-2018,"Clausura",Lunes 29 de Enero de 2018\nTemporada 2017-2018\nTorneo Clausura\nJornada 4\n29 Enero 2018 - 19:00 hrs.,https://www.ligafemenil.mx/cancha/estadio/11/estadio-hidalgo,https://www.ligafemenil.mx/cancha/playlist/88393/pachuca-vs-tijuana
2017-2018,"Clausura",Viernes 2 de Febrero de 2018\nTemporada 2017-2018\nTorneo Clausura\nJornada 5\n2 Febrero 2018 - 11:00 hrs.,https://www.ligafemenil.mx/cancha/estadio/47/estadio-instalaciones-la-noria-cancha-1,https://www.ligafemenil.mx/cancha/playlist/88362/cruz-azul-vs-veracruz
2017-2018,"Clausura",Viernes 2 de Febrero de 2018\nTemporada 2017-2018\nTorneo Clausura\nJornada 5\n2 Febrero 2018 - 16:00 hrs.,https://www.ligafemenil.mx/cancha/estadio/15/estadio-victoria,https://www.ligafemenil.mx/cancha/playlist/88412/necaxa-vs-queretaro
2017-2018,"Clausura",Sábado 3 de Febrero de 2018\nTemporada 2017-2018\nTorneo Clausura\nJornada 5\n3 Febrero 2018 - 09:00 hrs.,https://www.ligafemenil.mx/cancha/estadio/34/estadio-instalaciones-zuazua,https://www.ligafemenil.mx/cancha/playlist/88413/tigres-de-la-uanl-vs-leon
2017-2018,"Clausura",Sábado 3 de Febrero de 2018\nTemporada 2017-2018\nTorneo Clausura\nJornada 5\n3 Febrero 2018 - 11:00 hrs.,https://www.ligafemenil.mx/cancha/estadio/881/estadio-cancha-alfredo-pistache-torres,https://www.ligafemenil.mx/cancha/playlist/88415/atlas-vs-rayados-de-monterrey
2017-2018,"Clausura",Sábado 3 de Febrero de 2018\nTemporada 2017-2018\nTorneo Clausura\nJornada 5\n3 Febrero 2018 - 12:00 hrs.,https://www.ligafemenil.mx/cancha/estadio/1146/estadio-la-cantera-cancha-1,https://www.ligafemenil.mx/cancha/playlist/88367/pumas-vs-toluca
2017-2018,"Clausura",Sábado 3 de Febrero de 2018\nTemporada 2017-2018\nTorneo Clausura\nJornada 5\n3 Febrero 2018 - 12:30 hrs.,https://www.ligafemenil.mx/cancha/estadio/10/estadio-jose-maria-morelos-y-pavon,https://www.ligafemenil.mx/cancha/playlist/88405/m-morelia-vs-pachuca
2017-2018,"Clausura",Lunes 5 de Febrero de 2018\nTemporada 2017-2018\nTorneo Clausura\nJornada 5\n5 Febrero 2018 - 21:00 hrs.,https://www.ligafemenil.mx/cancha/estadio/63/estadio-tsm-corona,https://www.ligafemenil.mx/cancha/playlist/88418/santos-laguna-vs-guadalajara
2017-2018,"Clausura",Lunes 5 de Febrero de 2018\nTemporada 2017-2018\nTorneo Clausura\nJornada 5\n5 Febrero 2018 - 19:00 hrs.,https://www.ligafemenil.mx/cancha/estadio/48/estadio-caliente,https://www.ligafemenil.mx/cancha/playlist/88345/tijuana-vs-america
2017-2018,"Clausura",Viernes 9 de Febrero de 2018\nTemporada 2017-2018\nTorneo Clausura\nJornada 6\n9 Febrero 2018 - 16:00 hrs.,https://www.ligafemenil.mx/cancha/estadio/15/estadio-victoria,https://www.ligafemenil.mx/cancha/playlist/88419/necaxa-vs-atlas
2017-2018,"Clausura",Viernes 9 de Febrero de 2018\nTemporada 2017-2018\nTorneo Clausura\nJornada 6\n9 Febrero 2018 - 16:00 hrs.,https://www.ligafemenil.mx/cancha/estadio/47/estadio-instalaciones-la-noria-cancha-1,https://www.ligafemenil.mx/cancha/playlist/88427/cruz-azul-vs-tijuana
2017-2018,"Clausura",Sábado 10 de Febrero de 2018\nTemporada 2017-2018\nTorneo Clausura\nJornada 6\n10 Febrero 2018 - 11:00 hrs.,https://www.ligafemenil.mx/cancha/estadio/25/estadio-la-corregidora,https://www.ligafemenil.mx/cancha/playlist/88421/queretaro-vs-leon
2017-2018,"Clausura",Sábado 10 de Febrero de 2018\nTemporada 2017-2018\nTorneo Clausura\nJornada 6\n10 Febrero 2018 - 16:00 hrs.,https://www.ligafemenil.mx/cancha/estadio/36/estadio-verde-valle,https://www.ligafemenil.mx/cancha/playlist/88424/guadalajara-vs-tigres-de-la-uanl
2017-2018,"Clausura",Sábado 10 de Febrero de 2018\nTemporada 2017-2018\nTorneo Clausura\nJornada 6\n10 Febrero 2018 - 17:30 hrs.,https://www.ligafemenil.mx/cancha/estadio/57/estadio-luis-pirata-fuente,https://www.ligafemenil.mx/cancha/playlist/88397/veracruz-vs-toluca
2017-2018,"Clausura",Domingo 11 de Febrero de 2018\nTemporada 2017-2018\nTorneo Clausura\nJornada 6\n11 Febrero 2018 - 10:30 hrs.,https://www.ligafemenil.mx/cancha/estadio/675/estadio-el-barrial,https://www.ligafemenil.mx/cancha/playlist/88423/rayados-de-monterrey-vs-santos-laguna
2017-2018,"Clausura",Lunes 12 de Febrero de 2018\nTemporada 2017-2018\nTorneo Clausura\nJornada 6\n12 Febrero 2018 - 19:00 hrs.,https://www.ligafemenil.mx/cancha/estadio/11/estadio-hidalgo,https://www.ligafemenil.mx/cancha/playlist/88401/pachuca-vs-pumas
2017-2018,"Clausura",Lunes 12 de Febrero de 2018\nTemporada 2017-2018\nTorneo Clausura\nJornada 6\n12 Febrero 2018 - 20:00 hrs.,https://www.ligafemenil.mx/cancha/estadio/1/estadio-azteca,https://www.ligafemenil.mx/cancha/playlist/88384/america-vs-m-morelia
2017-2018,"Clausura",Sábado 17 de Febrero de 2018\nTemporada 2017-2018\nTorneo Clausura\nJornada 7\n17 Febrero 2018 - 11:00 hrs.,https://www.ligafemenil.mx/cancha/estadio/881/estadio-cancha-alfredo-pistache-torres,https://www.ligafemenil.mx/cancha/playlist/88430/atlas-vs-queretaro
2017-2018,"Clausura",Sábado 17 de Febrero de 2018\nTemporada 2017-2018\nTorneo Clausura\nJornada 7\n17 Febrero 2018 - 12:00 hrs.,https://www.ligafemenil.mx/cancha/estadio/37/estadio-la-cantera,https://www.ligafemenil.mx/cancha/playlist/88432/pumas-vs-america
2017-2018,"Clausura",Sábado 17 de Febrero de 2018\nTemporada 2017-2018\nTorneo Clausura\nJornada 7\n17 Febrero 2018 - 12:30 hrs.,https://www.ligafemenil.mx/cancha/estadio/10/estadio-jose-maria-morelos-y-pavon,https://www.ligafemenil.mx/cancha/playlist/88341/m-morelia-vs-cruz-azul
2017-2018,"Clausura",Lunes 19 de Febrero de 2018\nTemporada 2017-2018\nTorneo Clausura\nJornada 7\n19 Febrero 2018 - 18:00 hrs.,https://www.ligafemenil.mx/cancha/estadio/6/estadio-nemesio-diez,https://www.ligafemenil.mx/cancha/playlist/88360/toluca-vs-pachuca
2017-2018,"Clausura",Lunes 19 de Febrero de 2018\nTemporada 2017-2018\nTorneo Clausura\nJornada 7\n19 Febrero 2018 - 20:00 hrs.,https://www.ligafemenil.mx/cancha/estadio/12/estadio-universitario,https://www.ligafemenil.mx/cancha/playlist/88429/tigres-de-la-uanl-vs-rayados-de-monterrey
2017-2018,"Clausura",Lunes 19 de Febrero de 2018\nTemporada 2017-2018\nTorneo Clausura\nJornada 7\n19 Febrero 2018 - 21:00 hrs.,https://www.ligafemenil.mx/cancha/estadio/23/estadio-nou-camp,https://www.ligafemenil.mx/cancha/playlist/88428/leon-vs-guadalajara
2017-2018,"Clausura",Lunes 19 de Febrero de 2018\nTemporada 2017-2018\nTorneo Clausura\nJornada 7\n19 Febrero 2018 - 21:00 hrs.,https://www.ligafemenil.mx/cancha/estadio/63/estadio-tsm-corona,https://www.ligafemenil.mx/cancha/playlist/88434/santos-laguna-vs-necaxa
2017-2018,"Clausura",Lunes 19 de Febrero de 2018\nTemporada 2017-2018\nTorneo Clausura\nJornada 7\n19 Febrero 2018 - 19:00 hrs.,https://www.ligafemenil.mx/cancha/estadio/48/estadio-caliente,https://www.ligafemenil.mx/cancha/playlist/88361/tijuana-vs-veracruz
2017-2018,"Clausura",Sábado 24 de Febrero de 2018\nTemporada 2017-2018\nTorneo Clausura\nJornada 8\n24 Febrero 2018 - 12:00 hrs.,https://www.ligafemenil.mx/cancha/estadio/1146/estadio-la-cantera-cancha-1,https://www.ligafemenil.mx/cancha/playlist/88390/pumas-vs-cruz-azul
2017-2018,"Clausura",Sábado 24 de Febrero de 2018\nTemporada 2017-2018\nTorneo Clausura\nJornada 8\n24 Febrero 2018 - 12:30 hrs.,https://www.ligafemenil.mx/cancha/estadio/10/estadio-jose-maria-morelos-y-pavon,https://www.ligafemenil.mx/cancha/playlist/88366/m-morelia-vs-tijuana
2017-2018,"Clausura",Domingo 25 de Febrero de 2018\nTemporada 2017-2018\nTorneo Clausura\nJornada 8\n25 Febrero 2018 - 09:00 hrs.,https://www.ligafemenil.mx/cancha/estadio/36/estadio-verde-valle,https://www.ligafemenil.mx/cancha/playlist/88383/guadalajara-vs-queretaro
2017-2018,"Clausura",Lunes 26 de Febrero de 2018\nTemporada 2017-2018\nTorneo Clausura\nJornada 8\n26 Febrero 2018 - 18:00 hrs.,https://www.ligafemenil.mx/cancha/estadio/6/estadio-nemesio-diez,https://www.ligafemenil.mx/cancha/playlist/88335/toluca-vs-america
2017-2018,"Clausura",Lunes 26 de Febrero de 2018\nTemporada 2017-2018\nTorneo Clausura\nJornada 8\n26 Febrero 2018 - 19:00 hrs.,https://www.ligafemenil.mx/cancha/estadio/11/estadio-hidalgo,https://www.ligafemenil.mx/cancha/playlist/88378/pachuca-vs-veracruz
2017-2018,"Clausura",Lunes 26 de Febrero de 2018\nTemporada 2017-2018\nTorneo Clausura\nJornada 8\n26 Febrero 2018 - 20:00 hrs.,https://www.ligafemenil.mx/cancha/estadio/12/estadio-universitario,https://www.ligafemenil.mx/cancha/playlist/88323/tigres-de-la-uanl-vs-necaxa
2017-2018,"Clausura",Lunes 26 de Febrero de 2018\nTemporada 2017-2018\nTorneo Clausura\nJornada 8\n26 Febrero 2018 - 21:00 hrs.,https://www.ligafemenil.mx/cancha/estadio/23/estadio-nou-camp,https://www.ligafemenil.mx/cancha/playlist/88330/leon-vs-rayados-de-monterrey
2017-2018,"Clausura",Lunes 26 de Febrero de 2018\nTemporada 2017-2018\nTorneo Clausura\nJornada 8\n26 Febrero 2018 - 21:00 hrs.,https://www.ligafemenil.mx/cancha/estadio/63/estadio-tsm-corona,https://www.ligafemenil.mx/cancha/playlist/88371/santos-laguna-vs-atlas
2017-2018,"Clausura",Viernes 2 de Marzo de 2018\nTemporada 2017-2018\nTorneo Clausura\nJornada 9\n2 Marzo 2018 - 16:00 hrs.,https://www.ligafemenil.mx/cancha/estadio/15/estadio-victoria,https://www.ligafemenil.mx/cancha/playlist/88331/necaxa-vs-leon
2017-2018,"Clausura",Viernes 2 de Marzo de 2018\nTemporada 2017-2018\nTorneo Clausura\nJornada 9\n2 Marzo 2018 - 16:00 hrs.,https://www.ligafemenil.mx/cancha/estadio/47/estadio-instalaciones-la-noria-cancha-1,https://www.ligafemenil.mx/cancha/playlist/88346/cruz-azul-vs-toluca
2017-2018,"Clausura",Sábado 3 de Marzo de 2018\nTemporada 2017-2018\nTorneo Clausura\nJornada 9\n3 Marzo 2018 - 11:00 hrs.,https://www.ligafemenil.mx/cancha/estadio/25/estadio-la-corregidora,https://www.ligafemenil.mx/cancha/playlist/88333/queretaro-vs-santos-laguna
2017-2018,"Clausura",Sábado 3 de Marzo de 2018\nTemporada 2017-2018\nTorneo Clausura\nJornada 9\n3 Marzo 2018 - 11:00 hrs.,https://www.ligafemenil.mx/cancha/estadio/109/estadio-colomos,https://www.ligafemenil.mx/cancha/playlist/88334/atlas-vs-tigres-de-la-uanl
2017-2018,"Clausura",Sábado 3 de Marzo de 2018\nTemporada 2017-2018\nTorneo Clausura\nJornada 9\n3 Marzo 2018 - 16:00 hrs.,https://www.ligafemenil.mx/cancha/estadio/57/estadio-luis-pirata-fuente,https://www.ligafemenil.mx/cancha/playlist/88332/veracruz-vs-m-morelia
2017-2018,"Clausura",Sábado 3 de Marzo de 2018\nTemporada 2017-2018\nTorneo Clausura\nJornada 9\n3 Marzo 2018 - 16:00 hrs.,https://www.ligafemenil.mx/cancha/estadio/1/estadio-azteca,https://www.ligafemenil.mx/cancha/playlist/88422/america-vs-pachuca
2017-2018,"Clausura",Lunes 5 de Marzo de 2018\nTemporada 2017-2018\nTorneo Clausura\nJornada 9\n5 Marzo 2018 - 19:00 hrs.,https://www.ligafemenil.mx/cancha/estadio/48/estadio-caliente,https://www.ligafemenil.mx/cancha/playlist/88410/tijuana-vs-pumas
2017-2018,"Clausura",Lunes 5 de Marzo de 2018\nTemporada 2017-2018\nTorneo Clausura\nJornada 9\n5 Marzo 2018 - 21:00 hrs.,https://www.ligafemenil.mx/cancha/estadio/793/estadio-bbva-bancomer,https://www.ligafemenil.mx/cancha/playlist/88336/rayados-de-monterrey-vs-guadalajara
2017-2018,"Clausura",Viernes 9 de Marzo de 2018\nTemporada 2017-2018\nTorneo Clausura\nJornada 10\n9 Marzo 2018 - 17:00 hrs.,https://www.ligafemenil.mx/cancha/estadio/23/estadio-nou-camp,https://www.ligafemenil.mx/cancha/playlist/88338/leon-vs-atlas
2017-2018,"Clausura",Sábado 10 de Marzo de 2018\nTemporada 2017-2018\nTorneo Clausura\nJornada 10\n10 Marzo 2018 - 09:15 hrs.,https://www.ligafemenil.mx/cancha/estadio/57/estadio-luis-pirata-fuente,https://www.ligafemenil.mx/cancha/playlist/88349/veracruz-vs-america
2017-2018,"Clausura",Sábado 10 de Marzo de 2018\nTemporada 2017-2018\nTorneo Clausura\nJornada 10\n10 Marzo 2018 - 11:00 hrs.,https://www.ligafemenil.mx/cancha/estadio/25/estadio-la-corregidora,https://www.ligafemenil.mx/cancha/playlist/88340/queretaro-vs-rayados-de-monterrey
2017-2018,"Clausura",Sábado 10 de Marzo de 2018\nTemporada 2017-2018\nTorneo Clausura\nJornada 10\n10 Marzo 2018 - 12:00 hrs.,https://www.ligafemenil.mx/cancha/estadio/1146/estadio-la-cantera-cancha-1,https://www.ligafemenil.mx/cancha/playlist/88416/pumas-vs-m-morelia
2017-2018,"Clausura",Domingo 11 de Marzo de 2018\nTemporada 2017-2018\nTorneo Clausura\nJornada 10\n11 Marzo 2018 - 12:30 hrs.,https://www.ligafemenil.mx/cancha/estadio/36/estadio-verde-valle,https://www.ligafemenil.mx/cancha/playlist/88343/guadalajara-vs-necaxa
2017-2018,"Clausura",Lunes 12 de Marzo de 2018\nTemporada 2017-2018\nTorneo Clausura\nJornada 10\n12 Marzo 2018 - 18:00 hrs.,https://www.ligafemenil.mx/cancha/estadio/6/estadio-nemesio-diez,https://www.ligafemenil.mx/cancha/playlist/88392/toluca-vs-tijuana
2017-2018,"Clausura",Lunes 12 de Marzo de 2018\nTemporada 2017-2018\nTorneo Clausura\nJornada 10\n12 Marzo 2018 - 19:00 hrs.,https://www.ligafemenil.mx/cancha/estadio/11/estadio-hidalgo,https://www.ligafemenil.mx/cancha/playlist/88433/pachuca-vs-cruz-azul
2017-2018,"Clausura",Lunes 12 de Marzo de 2018\nTemporada 2017-2018\nTorneo Clausura\nJornada 10\n12 Marzo 2018 - 20:00 hrs.,https://www.ligafemenil.mx/cancha/estadio/12/estadio-universitario,https://www.ligafemenil.mx/cancha/playlist/88339/tigres-de-la-uanl-vs-santos-laguna
2017-2018,"Clausura",Viernes 16 de Marzo de 2018\nTemporada 2017-2018\nTorneo Clausura\nJornada 11\n16 Marzo 2018 - 16:00 hrs.,https://www.ligafemenil.mx/cancha/estadio/15/estadio-victoria,https://www.ligafemenil.mx/cancha/playlist/88347/necaxa-vs-rayados-de-monterrey
2017-2018,"Clausura",Sábado 17 de Marzo de 2018\nTemporada 2017-2018\nTorneo Clausura\nJornada 11\n17 Marzo 2018 - 11:00 hrs.,https://www.ligafemenil.mx/cancha/estadio/881/estadio-cancha-alfredo-pistache-torres,https://www.ligafemenil.mx/cancha/playlist/88350/atlas-vs-guadalajara
2017-2018,"Clausura",Sábado 17 de Marzo de 2018\nTemporada 2017-2018\nTorneo Clausura\nJornada 11\n17 Marzo 2018 - 12:00 hrs.,https://www.ligafemenil.mx/cancha/estadio/1146/estadio-la-cantera-cancha-1,https://www.ligafemenil.mx/cancha/playlist/88382/pumas-vs-veracruz
2017-2018,"Clausura",Domingo 18 de Marzo de 2018\nTemporada 2017-2018\nTorneo Clausura\nJornada 11\n18 Marzo 2018 - 11:00 hrs.,https://www.ligafemenil.mx/cancha/estadio/2/estadio-ciudad-de-los-deportes,https://www.ligafemenil.mx/cancha/playlist/88411/cruz-azul-vs-america
2017-2018,"Clausura",Domingo 18 de Marzo de 2018\nTemporada 2017-2018\nTorneo Clausura\nJornada 11\n18 Marzo 2018 - 18:00 hrs.,https://www.ligafemenil.mx/cancha/estadio/12/estadio-universitario,https://www.ligafemenil.mx/cancha/playlist/88348/tigres-de-la-uanl-vs-queretaro
2017-2018,"Clausura",Lunes 19 de Marzo de 2018\nTemporada 2017-2018\nTorneo Clausura\nJornada 11\n19 Marzo 2018 - 16:00 hrs.,https://www.ligafemenil.mx/cancha/estadio/10/estadio-jose-maria-morelos-y-pavon,https://www.ligafemenil.mx/cancha/playlist/88431/m-morelia-vs-toluca
2017-2018,"Clausura",Lunes 19 de Marzo de 2018\nTemporada 2017-2018\nTorneo Clausura\nJornada 11\n19 Marzo 2018 - 21:00 hrs.,https://www.ligafemenil.mx/cancha/estadio/63/estadio-tsm-corona,https://www.ligafemenil.mx/cancha/playlist/88353/santos-laguna-vs-leon
2017-2018,"Clausura",Lunes 19 de Marzo de 2018\nTemporada 2017-2018\nTorneo Clausura\nJornada 11\n19 Marzo 2018 - 20:00 hrs.,https://www.ligafemenil.mx/cancha/estadio/48/estadio-caliente,https://www.ligafemenil.mx/cancha/playlist/88337/tijuana-vs-pachuca
2017-2018,"Clausura",Viernes 23 de Marzo de 2018\nTemporada 2017-2018\nTorneo Clausura\nJornada 12\n23 Marzo 2018 - 17:00 hrs.,https://www.ligafemenil.mx/cancha/estadio/23/estadio-nou-camp,https://www.ligafemenil.mx/cancha/playlist/88354/leon-vs-tigres-de-la-uanl
2017-2018,"Clausura",Sábado 24 de Marzo de 2018\nTemporada 2017-2018\nTorneo Clausura\nJornada 12\n24 Marzo 2018 - 09:00 hrs.,https://www.ligafemenil.mx/cancha/estadio/1416/estadio-centro-de-alto-rendimiento-cancha-1,https://www.ligafemenil.mx/cancha/playlist/88420/veracruz-vs-cruz-azul
2017-2018,"Clausura",Sábado 24 de Marzo de 2018\nTemporada 2017-2018\nTorneo Clausura\nJornada 12\n24 Marzo 2018 - 11:00 hrs.,https://www.ligafemenil.mx/cancha/estadio/25/estadio-la-corregidora,https://www.ligafemenil.mx/cancha/playlist/88355/queretaro-vs-necaxa
2017-2018,"Clausura",Domingo 25 de Marzo de 2018\nTemporada 2017-2018\nTorneo Clausura\nJornada 12\n25 Marzo 2018 - 12:30 hrs.,https://www.ligafemenil.mx/cancha/estadio/36/estadio-verde-valle,https://www.ligafemenil.mx/cancha/playlist/88359/guadalajara-vs-santos-laguna
2017-2018,"Clausura",Lunes 26 de Marzo de 2018\nTemporada 2017-2018\nTorneo Clausura\nJornada 12\n26 Marzo 2018 - 18:00 hrs.,https://www.ligafemenil.mx/cancha/estadio/6/estadio-nemesio-diez,https://www.ligafemenil.mx/cancha/playlist/88425/toluca-vs-pumas
2017-2018,"Clausura",Lunes 26 de Marzo de 2018\nTemporada 2017-2018\nTorneo Clausura\nJornada 12\n26 Marzo 2018 - 19:00 hrs.,https://www.ligafemenil.mx/cancha/estadio/11/estadio-hidalgo,https://www.ligafemenil.mx/cancha/playlist/88352/pachuca-vs-m-morelia
2017-2018,"Clausura",Lunes 26 de Marzo de 2018\nTemporada 2017-2018\nTorneo Clausura\nJornada 12\n26 Marzo 2018 - 20:00 hrs.,https://www.ligafemenil.mx/cancha/estadio/1/estadio-azteca,https://www.ligafemenil.mx/cancha/playlist/88399/america-vs-tijuana
2017-2018,"Clausura",Lunes 26 de Marzo de 2018\nTemporada 2017-2018\nTorneo Clausura\nJornada 12\n26 Marzo 2018 - 21:00 hrs.,https://www.ligafemenil.mx/cancha/estadio/793/estadio-bbva-bancomer,https://www.ligafemenil.mx/cancha/playlist/88358/rayados-de-monterrey-vs-atlas
2017-2018,"Clausura",Viernes 30 de Marzo de 2018\nTemporada 2017-2018\nTorneo Clausura\nJornada 13\n30 Marzo 2018 - 17:00 hrs.,https://www.ligafemenil.mx/cancha/estadio/23/estadio-nou-camp,https://www.ligafemenil.mx/cancha/playlist/88363/leon-vs-queretaro
2017-2018,"Clausura",Sábado 31 de Marzo de 2018\nTemporada 2017-2018\nTorneo Clausura\nJornada 13\n31 Marzo 2018 - 11:00 hrs.,https://www.ligafemenil.mx/cancha/estadio/881/estadio-cancha-alfredo-pistache-torres,https://www.ligafemenil.mx/cancha/playlist/88365/atlas-vs-necaxa
2017-2018,"Clausura",Sábado 31 de Marzo de 2018\nTemporada 2017-2018\nTorneo Clausura\nJornada 13\n31 Marzo 2018 - 12:00 hrs.,https://www.ligafemenil.mx/cancha/estadio/1146/estadio-la-cantera-cancha-1,https://www.ligafemenil.mx/cancha/playlist/88342/pumas-vs-pachuca
2017-2018,"Clausura",Lunes 2 de Abril de 2018\nTemporada 2017-2018\nTorneo Clausura\nJornada 13\n2 Abril 2018 - 16:00 hrs.,https://www.ligafemenil.mx/cancha/estadio/10/estadio-jose-maria-morelos-y-pavon,https://www.ligafemenil.mx/cancha/playlist/88426/m-morelia-vs-america
2017-2018,"Clausura",Lunes 2 de Abril de 2018\nTemporada 2017-2018\nTorneo Clausura\nJornada 13\n2 Abril 2018 - 18:00 hrs.,https://www.ligafemenil.mx/cancha/estadio/6/estadio-nemesio-diez,https://www.ligafemenil.mx/cancha/playlist/88344/toluca-vs-veracruz
2017-2018,"Clausura",Lunes 2 de Abril de 2018\nTemporada 2017-2018\nTorneo Clausura\nJornada 13\n2 Abril 2018 - 20:00 hrs.,https://www.ligafemenil.mx/cancha/estadio/12/estadio-universitario,https://www.ligafemenil.mx/cancha/playlist/88364/tigres-de-la-uanl-vs-guadalajara
2017-2018,"Clausura",Lunes 2 de Abril de 2018\nTemporada 2017-2018\nTorneo Clausura\nJornada 13\n2 Abril 2018 - 21:00 hrs.,https://www.ligafemenil.mx/cancha/estadio/63/estadio-tsm-corona,https://www.ligafemenil.mx/cancha/playlist/88369/santos-laguna-vs-rayados-de-monterrey
2017-2018,"Clausura",Lunes 2 de Abril de 2018\nTemporada 2017-2018\nTorneo Clausura\nJornada 13\n2 Abril 2018 - 19:00 hrs.,https://www.ligafemenil.mx/cancha/estadio/48/estadio-caliente,https://www.ligafemenil.mx/cancha/playlist/88377/tijuana-vs-cruz-azul
2017-2018,"Clausura",Viernes 6 de Abril de 2018\nTemporada 2017-2018\nTorneo Clausura\nJornada 14\n6 Abril 2018 - 16:00 hrs.,https://www.ligafemenil.mx/cancha/estadio/15/estadio-victoria,https://www.ligafemenil.mx/cancha/playlist/88370/necaxa-vs-santos-laguna
2017-2018,"Clausura",Sábado 7 de Abril de 2018\nTemporada 2017-2018\nTorneo Clausura\nJornada 14\n7 Abril 2018 - 09:00 hrs.,https://www.ligafemenil.mx/cancha/estadio/57/estadio-luis-pirata-fuente,https://www.ligafemenil.mx/cancha/playlist/88414/veracruz-vs-tijuana
2017-2018,"Clausura",Sábado 7 de Abril de 2018\nTemporada 2017-2018\nTorneo Clausura\nJornada 14\n7 Abril 2018 - 11:00 hrs.,https://www.ligafemenil.mx/cancha/estadio/25/estadio-la-corregidora,https://www.ligafemenil.mx/cancha/playlist/88372/queretaro-vs-atlas
2017-2018,"Clausura",Sábado 7 de Abril de 2018\nTemporada 2017-2018\nTorneo Clausura\nJornada 14\n7 Abril 2018 - 16:00 hrs.,https://www.ligafemenil.mx/cancha/estadio/1538/estadio-akron,https://www.ligafemenil.mx/cancha/playlist/88375/guadalajara-vs-leon
2017-2018,"Clausura",Domingo 8 de Abril de 2018\nTemporada 2017-2018\nTorneo Clausura\nJornada 14\n8 Abril 2018 - 10:00 hrs.,https://www.ligafemenil.mx/cancha/estadio/2/estadio-ciudad-de-los-deportes,https://www.ligafemenil.mx/cancha/playlist/88395/cruz-azul-vs-m-morelia
2017-2018,"Clausura",Domingo 8 de Abril de 2018\nTemporada 2017-2018\nTorneo Clausura\nJornada 14\n8 Abril 2018 - 10:30 hrs.,https://www.ligafemenil.mx/cancha/estadio/675/estadio-el-barrial,https://www.ligafemenil.mx/cancha/playlist/88374/rayados-de-monterrey-vs-tigres-de-la-uanl
2017-2018,"Clausura",Lunes 9 de Abril de 2018\nTemporada 2017-2018\nTorneo Clausura\nJornada 14\n9 Abril 2018 - 19:00 hrs.,https://www.ligafemenil.mx/cancha/estadio/11/estadio-hidalgo,https://www.ligafemenil.mx/cancha/playlist/88417/pachuca-vs-toluca
2017-2018,"Clausura",Lunes 9 de Abril de 2018\nTemporada 2017-2018\nTorneo Clausura\nJornada 14\n9 Abril 2018 - 20:00 hrs.,https://www.ligafemenil.mx/cancha/estadio/1/estadio-azteca,https://www.ligafemenil.mx/cancha/playlist/88373/america-vs-pumas
2017-2018,"Clausura",Domingo 15 de Abril de 2018\nTemporada 2017-2018\nTorneo Clausura\nSemifinal Ida\n15 Abril 2018 - 18:00 hrs.,https://www.ligafemenil.mx/cancha/estadio/6/estadio-nemesio-diez,https://www.ligafemenil.mx/cancha/playlist/91365/toluca-vs-rayados-de-monterrey
2017-2018,"Clausura",Lunes 16 de Abril de 2018\nTemporada 2017-2018\nTorneo Clausura\nSemifinal Ida\n16 Abril 2018 - 20:00 hrs.,https://www.ligafemenil.mx/cancha/estadio/12/estadio-universitario,https://www.ligafemenil.mx/cancha/playlist/91364/tigres-de-la-uanl-vs-america
2017-2018,"Clausura",Domingo 22 de Abril de 2018\nTemporada 2017-2018\nTorneo Clausura\nSemifinal Vuelta\n22 Abril 2018 - 17:00 hrs.,https://www.ligafemenil.mx/cancha/estadio/1/estadio-azteca,https://www.ligafemenil.mx/cancha/playlist/91366/america-vs-tigres-de-la-uanl
2017-2018,"Clausura",Lunes 23 de Abril de 2018\nTemporada 2017-2018\nTorneo Clausura\nSemifinal Vuelta\n23 Abril 2018 - 19:00 hrs.,https://www.ligafemenil.mx/cancha/estadio/793/estadio-bbva-bancomer,https://www.ligafemenil.mx/cancha/playlist/91367/rayados-de-monterrey-vs-toluca
2017-2018,"Clausura",Viernes 27 de Abril de 2018\nTemporada 2017-2018\nTorneo Clausura\nFinal Ida\n27 Abril 2018 - 21:00 hrs.,https://www.ligafemenil.mx/cancha/estadio/12/estadio-universitario,https://www.ligafemenil.mx/cancha/playlist/91470/tigres-de-la-uanl-vs-rayados-de-monterrey
2017-2018,"Clausura",Viernes 4 de Mayo de 2018\nTemporada 2017-2018\nTorneo Clausura\nFinal Vuelta\n4 Mayo 2018 - 20:30 hrs.,https://www.ligafemenil.mx/cancha/estadio/793/estadio-bbva-bancomer,https://www.ligafemenil.mx/cancha/playlist/91471/rayados-de-monterrey-vs-tigres-de-la-uanl
2021-2022,"Clausura",Viernes 7 de Enero de 2022\nTemporada 2021-2022\nTorneo Clausura\nJornada 1\n7 Enero 2022 - 19:00 hrs.,https://www.ligafemenil.mx/cancha/estadio/1697/estadio-mazatlan,https://www.ligafemenil.mx/cancha/playlist/125245/mazatlan-fc-vs-cruz-azul
2021-2022,"Clausura",Sábado 8 de Enero de 2022\nTemporada 2021-2022\nTorneo Clausura\nJornada 1\n8 Enero 2022 - 12:00 hrs.,https://www.ligafemenil.mx/cancha/estadio/7/estadio-olimpico-universitario,https://www.ligafemenil.mx/cancha/playlist/125246/pumas-vs-leon
2021-2022,"Clausura",Domingo 9 de Enero de 2022\nTemporada 2021-2022\nTorneo Clausura\nJornada 1\n9 Enero 2022 - 12:00 hrs.,https://www.ligafemenil.mx/cancha/estadio/9/estadio-cuauhtemoc,https://www.ligafemenil.mx/cancha/playlist/125247/puebla-fc-vs-toluca
2021-2022,"Clausura",Domingo 9 de Enero de 2022\nTemporada 2021-2022\nTorneo Clausura\nJornada 1\n9 Enero 2022 - 19:00 hrs.,https://www.ligafemenil.mx/cancha/estadio/17/estadio-olimpico-benito-juarez,https://www.ligafemenil.mx/cancha/playlist/125248/fc-juarez-vs-club-atletico-de-san-luis
2021-2022,"Clausura",Lunes 10 de Enero de 2022\nTemporada 2021-2022\nTorneo Clausura\nJornada 1\n10 Enero 2022 - 17:00 hrs.,https://www.ligafemenil.mx/cancha/estadio/15/estadio-victoria,https://www.ligafemenil.mx/cancha/playlist/125249/necaxa-vs-tigres-de-la-uanl
2021-2022,"Clausura",Lunes 10 de Enero de 2022\nTemporada 2021-2022\nTorneo Clausura\nJornada 1\n10 Enero 2022 - 19:00 hrs.,https://www.ligafemenil.mx/cancha/estadio/1/estadio-azteca,https://www.ligafemenil.mx/cancha/playlist/125250/america-vs-atlas
2021-2022,"Clausura",Lunes 10 de Enero de 2022\nTemporada 2021-2022\nTorneo Clausura\nJornada 1\n10 Enero 2022 - 21:00 hrs.,https://www.ligafemenil.mx/cancha/estadio/11/estadio-hidalgo,https://www.ligafemenil.mx/cancha/playlist/125252/pachuca-vs-guadalajara
2021-2022,"Clausura",Lunes 10 de Enero de 2022\nTemporada 2021-2022\nTorneo Clausura\nJornada 1\n10 Enero 2022 - 19:00 hrs.,https://www.ligafemenil.mx/cancha/estadio/48/estadio-caliente,https://www.ligafemenil.mx/cancha/playlist/125253/tijuana-vs-santos-laguna
2021-2022,"Clausura",Sábado 15 de Enero de 2022\nTemporada 2021-2022\nTorneo Clausura\nJornada 2\n15 Enero 2022 - 12:00 hrs.,https://www.ligafemenil.mx/cancha/estadio/7/estadio-olimpico-universitario,https://www.ligafemenil.mx/cancha/playlist/125255/pumas-vs-america
2021-2022,"Clausura",Sábado 15 de Enero de 2022\nTemporada 2021-2022\nTorneo Clausura\nJornada 2\n15 Enero 2022 - 17:00 hrs.,https://www.ligafemenil.mx/cancha/estadio/1741/estadio-olimpico-alameda,https://www.ligafemenil.mx/cancha/playlist/125254/gallos-blancos-de-queretaro-vs-pachuca
2021-2022,"Clausura",Domingo 16 de Enero de 2022\nTemporada 2021-2022\nTorneo Clausura\nJornada 2\n16 Enero 2022 - 12:00 hrs.,https://www.ligafemenil.mx/cancha/estadio/9/estadio-cuauhtemoc,https://www.ligafemenil.mx/cancha/playlist/125256/puebla-fc-vs-rayados-de-monterrey
2021-2022,"Clausura",Lunes 17 de Enero de 2022\nTemporada 2021-2022\nTorneo Clausura\nJornada 2\n17 Enero 2022 - 12:00 hrs.,https://www.ligafemenil.mx/cancha/estadio/5/estadio-jalisco,https://www.ligafemenil.mx/cancha/playlist/125258/atlas-vs-mazatlan-fc
2021-2022,"Clausura",Lunes 17 de Enero de 2022\nTemporada 2021-2022\nTorneo Clausura\nJornada 2\n17 Enero 2022 - 17:00 hrs.,https://www.ligafemenil.mx/cancha/estadio/6/estadio-nemesio-diez,https://www.ligafemenil.mx/cancha/playlist/125259/toluca-vs-tijuana
2021-2022,"Clausura",Lunes 17 de Enero de 2022\nTemporada 2021-2022\nTorneo Clausura\nJornada 2\n17 Enero 2022 - 19:00 hrs.,https://www.ligafemenil.mx/cancha/estadio/12/estadio-universitario,https://www.ligafemenil.mx/cancha/playlist/125261/tigres-de-la-uanl-vs-guadalajara
2021-2022,"Clausura",Lunes 17 de Enero de 2022\nTemporada 2021-2022\nTorneo Clausura\nJornada 2\n17 Enero 2022 - 21:00 hrs.,https://www.ligafemenil.mx/cancha/estadio/23/estadio-nou-camp,https://www.ligafemenil.mx/cancha/playlist/125260/leon-vs-fc-juarez
2021-2022,"Clausura",Martes 18 de Enero de 2022\nTemporada 2021-2022\nTorneo Clausura\nJornada 2\n18 Enero 2022 - 17:00 hrs.,https://www.ligafemenil.mx/cancha/estadio/14/estadio-alfonso-lastras-ramirez,https://www.ligafemenil.mx/cancha/playlist/125257/club-atletico-de-san-luis-vs-cruz-azul
2021-2022,"Clausura",Miércoles 19 de Enero de 2022\nTemporada 2021-2022\nTorneo Clausura\nJornada 2\n19 Enero 2022 - 19:00 hrs.,https://www.ligafemenil.mx/cancha/estadio/63/estadio-tsm-corona,https://www.ligafemenil.mx/cancha/playlist/125262/santos-laguna-vs-necaxa
2021-2022,"Clausura",Sábado 22 de Enero de 2022\nTemporada 2021-2022\nTorneo Clausura\nJornada 3\n22 Enero 2022 - 12:00 hrs.,https://www.ligafemenil.mx/cancha/estadio/5/estadio-jalisco,https://www.ligafemenil.mx/cancha/playlist/125263/atlas-vs-santos-laguna
2021-2022,"Clausura",Sábado 22 de Enero de 2022\nTemporada 2021-2022\nTorneo Clausura\nJornada 3\n22 Enero 2022 - 12:00 hrs.,https://www.ligafemenil.mx/cancha/estadio/67/estadio-instalaciones-la-noria-cancha-3-sintetica,https://www.ligafemenil.mx/cancha/playlist/125264/cruz-azul-vs-gallos-blancos-de-queretaro
2021-2022,"Clausura",Domingo 23 de Enero de 2022\nTemporada 2021-2022\nTorneo Clausura\nJornada 3\n23 Enero 2022 - 18:00 hrs.,https://www.ligafemenil.mx/cancha/estadio/1697/estadio-mazatlan,https://www.ligafemenil.mx/cancha/playlist/125265/mazatlan-fc-vs-puebla-fc
2021-2022,"Clausura",Lunes 24 de Enero de 2022\nTemporada 2021-2022\nTorneo Clausura\nJornada 3\n24 Enero 2022 - 17:00 hrs.,https://www.ligafemenil.mx/cancha/estadio/15/estadio-victoria,https://www.ligafemenil.mx/cancha/playlist/125266/necaxa-vs-pumas
2021-2022,"Clausura",Lunes 24 de Enero de 2022\nTemporada 2021-2022\nTorneo Clausura\nJornada 3\n24 Enero 2022 - 19:00 hrs.,https://www.ligafemenil.mx/cancha/estadio/1/estadio-azteca,https://www.ligafemenil.mx/cancha/playlist/125267/america-vs-rayados-de-monterrey
2021-2022,"Clausura",Lunes 24 de Enero de 2022\nTemporada 2021-2022\nTorneo Clausura\nJornada 3\n24 Enero 2022 - 19:00 hrs.,https://www.ligafemenil.mx/cancha/estadio/11/estadio-hidalgo,https://www.ligafemenil.mx/cancha/playlist/125268/pachuca-vs-leon
2021-2022,"Clausura",Lunes 24 de Enero de 2022\nTemporada 2021-2022\nTorneo Clausura\nJornada 3\n24 Enero 2022 - 21:00 hrs.,https://www.ligafemenil.mx/cancha/estadio/1538/estadio-akron,https://www.ligafemenil.mx/cancha/playlist/125269/guadalajara-vs-toluca
2021-2022,"Clausura",Lunes 24 de Enero de 2022\nTemporada 2021-2022\nTorneo Clausura\nJornada 3\n24 Enero 2022 - 19:00 hrs.,https://www.ligafemenil.mx/cancha/estadio/48/estadio-caliente,https://www.ligafemenil.mx/cancha/playlist/125270/tijuana-vs-club-atletico-de-san-luis
2021-2022,"Clausura",Jueves 27 de Enero de 2022\nTemporada 2021-2022\nTorneo Clausura\nJornada 4\n27 Enero 2022 - 12:00 hrs.,https://www.ligafemenil.mx/cancha/estadio/67/estadio-instalaciones-la-noria-cancha-3-sintetica,https://www.ligafemenil.mx/cancha/playlist/125273/cruz-azul-vs-fc-juarez
2021-2022,"Clausura",Jueves 27 de Enero de 2022\nTemporada 2021-2022\nTorneo Clausura\nJornada 4\n27 Enero 2022 - 15:45 hrs.,https://www.ligafemenil.mx/cancha/estadio/9/estadio-cuauhtemoc,https://www.ligafemenil.mx/cancha/playlist/125274/puebla-fc-vs-pachuca
2021-2022,"Clausura",Jueves 27 de Enero de 2022\nTemporada 2021-2022\nTorneo Clausura\nJornada 4\n27 Enero 2022 - 19:00 hrs.,https://www.ligafemenil.mx/cancha/estadio/23/estadio-nou-camp,https://www.ligafemenil.mx/cancha/playlist/125275/leon-vs-tijuana
2021-2022,"Clausura",Jueves 27 de Enero de 2022\nTemporada 2021-2022\nTorneo Clausura\nJornada 4\n27 Enero 2022 - 20:00 hrs.,https://www.ligafemenil.mx/cancha/estadio/1608/estadio-bbva,https://www.ligafemenil.mx/cancha/playlist/125272/rayados-de-monterrey-vs-mazatlan-fc
2021-2022,"Clausura",Jueves 27 de Enero de 2022\nTemporada 2021-2022\nTorneo Clausura\nJornada 4\n27 Enero 2022 - 21:00 hrs.,https://www.ligafemenil.mx/cancha/estadio/63/estadio-tsm-corona,https://www.ligafemenil.mx/cancha/playlist/125276/santos-laguna-vs-toluca
2021-2022,"Clausura",Viernes 28 de Enero de 2022\nTemporada 2021-2022\nTorneo Clausura\nJornada 4\n28 Enero 2022 - 12:00 hrs.,https://www.ligafemenil.mx/cancha/estadio/15/estadio-victoria,https://www.ligafemenil.mx/cancha/playlist/125277/necaxa-vs-guadalajara
2021-2022,"Clausura",Viernes 28 de Enero de 2022\nTemporada 2021-2022\nTorneo Clausura\nJornada 4\n28 Enero 2022 - 17:00 hrs.,https://www.ligafemenil.mx/cancha/estadio/14/estadio-alfonso-lastras-ramirez,https://www.ligafemenil.mx/cancha/playlist/125278/club-atletico-de-san-luis-vs-america
2021-2022,"Clausura",Viernes 28 de Enero de 2022\nTemporada 2021-2022\nTorneo Clausura\nJornada 4\n28 Enero 2022 - 17:00 hrs.,https://www.ligafemenil.mx/cancha/estadio/1741/estadio-olimpico-alameda,https://www.ligafemenil.mx/cancha/playlist/125279/gallos-blancos-de-queretaro-vs-pumas
2021-2022,"Clausura",Viernes 28 de Enero de 2022\nTemporada 2021-2022\nTorneo Clausura\nJornada 4\n28 Enero 2022 - 19:00 hrs.,https://www.ligafemenil.mx/cancha/estadio/12/estadio-universitario,https://www.ligafemenil.mx/cancha/playlist/125280/tigres-de-la-uanl-vs-atlas
2021-2022,"Clausura",Domingo 30 de Enero de 2022\nTemporada 2021-2022\nTorneo Clausura\nJornada 5\n30 Enero 2022 - 10:00 hrs.,https://www.ligafemenil.mx/cancha/estadio/6/estadio-nemesio-diez,https://www.ligafemenil.mx/cancha/playlist/125281/toluca-vs-pachuca
2021-2022,"Clausura",Lunes 31 de Enero de 2022\nTemporada 2021-2022\nTorneo Clausura\nJornada 5\n31 Enero 2022 - 12:00 hrs.,https://www.ligafemenil.mx/cancha/estadio/5/estadio-jalisco,https://www.ligafemenil.mx/cancha/playlist/125283/atlas-vs-puebla-fc
2021-2022,"Clausura",Lunes 31 de Enero de 2022\nTemporada 2021-2022\nTorneo Clausura\nJornada 5\n31 Enero 2022 - 15:45 hrs.,https://www.ligafemenil.mx/cancha/estadio/1421/estadio-cancha-centenario-no-5-natural-instalaciones-club-america,https://www.ligafemenil.mx/cancha/playlist/125284/america-vs-necaxa
2021-2022,"Clausura",Lunes 31 de Enero de 2022\nTemporada 2021-2022\nTorneo Clausura\nJornada 5\n31 Enero 2022 - 17:00 hrs.,https://www.ligafemenil.mx/cancha/estadio/17/estadio-olimpico-benito-juarez,https://www.ligafemenil.mx/cancha/playlist/125282/fc-juarez-vs-rayados-de-monterrey
2021-2022,"Clausura",Lunes 31 de Enero de 2022\nTemporada 2021-2022\nTorneo Clausura\nJornada 5\n31 Enero 2022 - 19:00 hrs.,https://www.ligafemenil.mx/cancha/estadio/1538/estadio-akron,https://www.ligafemenil.mx/cancha/playlist/125286/guadalajara-vs-cruz-azul
2021-2022,"Clausura",Lunes 31 de Enero de 2022\nTemporada 2021-2022\nTorneo Clausura\nJornada 5\n31 Enero 2022 - 19:00 hrs.,https://www.ligafemenil.mx/cancha/estadio/23/estadio-nou-camp,https://www.ligafemenil.mx/cancha/playlist/125287/leon-vs-gallos-blancos-de-queretaro
2021-2022,"Clausura",Lunes 31 de Enero de 2022\nTemporada 2021-2022\nTorneo Clausura\nJornada 5\n31 Enero 2022 - 19:00 hrs.,https://www.ligafemenil.mx/cancha/estadio/1697/estadio-mazatlan,https://www.ligafemenil.mx/cancha/playlist/125288/mazatlan-fc-vs-club-atletico-de-san-luis
2021-2022,"Clausura",Lunes 31 de Enero de 2022\nTemporada 2021-2022\nTorneo Clausura\nJornada 5\n31 Enero 2022 - 20:00 hrs.,https://www.ligafemenil.mx/cancha/estadio/7/estadio-olimpico-universitario,https://www.ligafemenil.mx/cancha/playlist/125285/pumas-vs-santos-laguna
2021-2022,"Clausura",Lunes 31 de Enero de 2022\nTemporada 2021-2022\nTorneo Clausura\nJornada 5\n31 Enero 2022 - 19:00 hrs.,https://www.ligafemenil.mx/cancha/estadio/48/estadio-caliente,https://www.ligafemenil.mx/cancha/playlist/125289/tijuana-vs-tigres-de-la-uanl
2021-2022,"Clausura",Viernes 4 de Febrero de 2022\nTemporada 2021-2022\nTorneo Clausura\nJornada 6\n4 Febrero 2022 - 17:00 hrs.,https://www.ligafemenil.mx/cancha/estadio/1741/estadio-olimpico-alameda,https://www.ligafemenil.mx/cancha/playlist/125290/gallos-blancos-de-queretaro-vs-guadalajara
2021-2022,"Clausura",Viernes 4 de Febrero de 2022\nTemporada 2021-2022\nTorneo Clausura\nJornada 6\n4 Febrero 2022 - 19:00 hrs.,https://www.ligafemenil.mx/cancha/estadio/1697/estadio-mazatlan,https://www.ligafemenil.mx/cancha/playlist/125291/mazatlan-fc-vs-tigres-de-la-uanl
2021-2022,"Clausura",Sábado 5 de Febrero de 2022\nTemporada 2021-2022\nTorneo Clausura\nJornada 6\n5 Febrero 2022 - 12:00 hrs.,https://www.ligafemenil.mx/cancha/estadio/67/estadio-instalaciones-la-noria-cancha-3-sintetica,https://www.ligafemenil.mx/cancha/playlist/125292/cruz-azul-vs-america
2021-2022,"Clausura",Domingo 6 de Febrero de 2022\nTemporada 2021-2022\nTorneo Clausura\nJornada 6\n6 Febrero 2022 - 12:00 hrs.,https://www.ligafemenil.mx/cancha/estadio/9/estadio-cuauhtemoc,https://www.ligafemenil.mx/cancha/playlist/125293/puebla-fc-vs-tijuana
2021-2022,"Clausura",Domingo 6 de Febrero de 2022\nTemporada 2021-2022\nTorneo Clausura\nJornada 6\n6 Febrero 2022 - 17:00 hrs.,https://www.ligafemenil.mx/cancha/estadio/14/estadio-alfonso-lastras-ramirez,https://www.ligafemenil.mx/cancha/playlist/125294/club-atletico-de-san-luis-vs-toluca
2021-2022,"Clausura",Lunes 7 de Febrero de 2022\nTemporada 2021-2022\nTorneo Clausura\nJornada 6\n7 Febrero 2022 - 17:00 hrs.,https://www.ligafemenil.mx/cancha/estadio/15/estadio-victoria,https://www.ligafemenil.mx/cancha/playlist/125295/necaxa-vs-atlas
2021-2022,"Clausura",Lunes 7 de Febrero de 2022\nTemporada 2021-2022\nTorneo Clausura\nJornada 6\n7 Febrero 2022 - 17:00 hrs.,https://www.ligafemenil.mx/cancha/estadio/11/estadio-hidalgo,https://www.ligafemenil.mx/cancha/playlist/125296/pachuca-vs-fc-juarez
2021-2022,"Clausura",Lunes 7 de Febrero de 2022\nTemporada 2021-2022\nTorneo Clausura\nJornada 6\n7 Febrero 2022 - 19:00 hrs.,https://www.ligafemenil.mx/cancha/estadio/1608/estadio-bbva,https://www.ligafemenil.mx/cancha/playlist/125297/rayados-de-monterrey-vs-pumas
2021-2022,"Clausura",Lunes 7 de Febrero de 2022\nTemporada 2021-2022\nTorneo Clausura\nJornada 6\n7 Febrero 2022 - 19:00 hrs.,https://www.ligafemenil.mx/cancha/estadio/63/estadio-tsm-corona,https://www.ligafemenil.mx/cancha/playlist/125298/santos-laguna-vs-leon
2021-2022,"Clausura",Jueves 10 de Febrero de 2022\nTemporada 2021-2022\nTorneo Clausura\nJornada 7\n10 Febrero 2022 - 19:00 hrs.,https://www.ligafemenil.mx/cancha/estadio/23/estadio-nou-camp,https://www.ligafemenil.mx/cancha/playlist/125299/leon-vs-america
2021-2022,"Clausura",Jueves 10 de Febrero de 2022\nTemporada 2021-2022\nTorneo Clausura\nJornada 7\n10 Febrero 2022 - 19:00 hrs.,https://www.ligafemenil.mx/cancha/estadio/12/estadio-universitario,https://www.ligafemenil.mx/cancha/playlist/125300/tigres-de-la-uanl-vs-puebla-fc
2021-2022,"Clausura",Jueves 10 de Febrero de 2022\nTemporada 2021-2022\nTorneo Clausura\nJornada 7\n10 Febrero 2022 - 19:00 hrs.,https://www.ligafemenil.mx/cancha/estadio/48/estadio-caliente,https://www.ligafemenil.mx/cancha/playlist/125301/tijuana-vs-pachuca
2021-2022,"Clausura",Viernes 11 de Febrero de 2022\nTemporada 2021-2022\nTorneo Clausura\nJornada 7\n11 Febrero 2022 - 17:00 hrs.,https://www.ligafemenil.mx/cancha/estadio/1741/estadio-olimpico-alameda,https://www.ligafemenil.mx/cancha/playlist/125302/gallos-blancos-de-queretaro-vs-mazatlan-fc
2021-2022,"Clausura",Viernes 11 de Febrero de 2022\nTemporada 2021-2022\nTorneo Clausura\nJornada 7\n11 Febrero 2022 - 17:00 hrs.,https://www.ligafemenil.mx/cancha/estadio/6/estadio-nemesio-diez,https://www.ligafemenil.mx/cancha/playlist/125303/toluca-vs-rayados-de-monterrey
2021-2022,"Clausura",Sábado 12 de Febrero de 2022\nTemporada 2021-2022\nTorneo Clausura\nJornada 7\n12 Febrero 2022 - 12:00 hrs.,https://www.ligafemenil.mx/cancha/estadio/7/estadio-olimpico-universitario,https://www.ligafemenil.mx/cancha/playlist/125304/pumas-vs-cruz-azul
2021-2022,"Clausura",Sábado 12 de Febrero de 2022\nTemporada 2021-2022\nTorneo Clausura\nJornada 7\n12 Febrero 2022 - 12:00 hrs.,https://www.ligafemenil.mx/cancha/estadio/5/estadio-jalisco,https://www.ligafemenil.mx/cancha/playlist/125305/atlas-vs-club-atletico-de-san-luis
2021-2022,"Clausura",Domingo 13 de Febrero de 2022\nTemporada 2021-2022\nTorneo Clausura\nJornada 7\n13 Febrero 2022 - 10:30 hrs.,https://www.ligafemenil.mx/cancha/estadio/1538/estadio-akron,https://www.ligafemenil.mx/cancha/playlist/125306/guadalajara-vs-santos-laguna
2021-2022,"Clausura",Domingo 13 de Febrero de 2022\nTemporada 2021-2022\nTorneo Clausura\nJornada 7\n13 Febrero 2022 - 12:45 hrs.,https://www.ligafemenil.mx/cancha/estadio/17/estadio-olimpico-benito-juarez,https://www.ligafemenil.mx/cancha/playlist/125307/fc-juarez-vs-necaxa
2021-2022,"Clausura",Lunes 21 de Febrero de 2022\nTemporada 2021-2022\nTorneo Clausura\nJornada 1\n21 Febrero 2022 - 21:00 hrs.,https://www.ligafemenil.mx/cancha/estadio/1608/estadio-bbva,https://www.ligafemenil.mx/cancha/playlist/125251/rayados-de-monterrey-vs-gallos-blancos-de-queretaro
2021-2022,"Clausura",Miércoles 23 de Febrero de 2022\nTemporada 2021-2022\nTorneo Clausura\nJornada 3\n23 Febrero 2022 - 20:00 hrs.,https://www.ligafemenil.mx/cancha/estadio/17/estadio-olimpico-benito-juarez,https://www.ligafemenil.mx/cancha/playlist/125271/fc-juarez-vs-tigres-de-la-uanl
2021-2022,"Clausura",Sábado 26 de Febrero de 2022\nTemporada 2021-2022\nTorneo Clausura\nJornada 8\n26 Febrero 2022 - 12:00 hrs.,https://www.ligafemenil.mx/cancha/estadio/67/estadio-instalaciones-la-noria-cancha-3-sintetica,https://www.ligafemenil.mx/cancha/playlist/125308/cruz-azul-vs-tijuana
2021-2022,"Clausura",Domingo 27 de Febrero de 2022\nTemporada 2021-2022\nTorneo Clausura\nJornada 8\n27 Febrero 2022 - 12:00 hrs.,https://www.ligafemenil.mx/cancha/estadio/9/estadio-cuauhtemoc,https://www.ligafemenil.mx/cancha/playlist/125309/puebla-fc-vs-pumas
2021-2022,"Clausura",Domingo 27 de Febrero de 2022\nTemporada 2021-2022\nTorneo Clausura\nJornada 8\n27 Febrero 2022 - 17:00 hrs.,https://www.ligafemenil.mx/cancha/estadio/14/estadio-alfonso-lastras-ramirez,https://www.ligafemenil.mx/cancha/playlist/125310/club-atletico-de-san-luis-vs-guadalajara
2021-2022,"Clausura",Domingo 27 de Febrero de 2022\nTemporada 2021-2022\nTorneo Clausura\nJornada 8\n27 Febrero 2022 - 16:00 hrs.,https://www.ligafemenil.mx/cancha/estadio/17/estadio-olimpico-benito-juarez,https://www.ligafemenil.mx/cancha/playlist/125311/fc-juarez-vs-toluca
2021-2022,"Clausura",Lunes 28 de Febrero de 2022\nTemporada 2021-2022\nTorneo Clausura\nJornada 8\n28 Febrero 2022 - 15:45 hrs.,https://www.ligafemenil.mx/cancha/estadio/1421/estadio-cancha-centenario-no-5-natural-instalaciones-club-america,https://www.ligafemenil.mx/cancha/playlist/125313/america-vs-mazatlan-fc
2021-2022,"Clausura",Lunes 28 de Febrero de 2022\nTemporada 2021-2022\nTorneo Clausura\nJornada 8\n28 Febrero 2022 - 18:00 hrs.,https://www.ligafemenil.mx/cancha/estadio/708/estadio-victoria,https://www.ligafemenil.mx/cancha/playlist/125312/necaxa-vs-leon
2021-2022,"Clausura",Lunes 28 de Febrero de 2022\nTemporada 2021-2022\nTorneo Clausura\nJornada 8\n28 Febrero 2022 - 19:00 hrs.,https://www.ligafemenil.mx/cancha/estadio/11/estadio-hidalgo,https://www.ligafemenil.mx/cancha/playlist/125314/pachuca-vs-tigres-de-la-uanl
2021-2022,"Clausura",Lunes 28 de Febrero de 2022\nTemporada 2021-2022\nTorneo Clausura\nJornada 8\n28 Febrero 2022 - 19:00 hrs.,https://www.ligafemenil.mx/cancha/estadio/63/estadio-tsm-corona,https://www.ligafemenil.mx/cancha/playlist/125315/santos-laguna-vs-gallos-blancos-de-queretaro
2021-2022,"Clausura",Lunes 28 de Febrero de 2022\nTemporada 2021-2022\nTorneo Clausura\nJornada 8\n28 Febrero 2022 - 21:00 hrs.,https://www.ligafemenil.mx/cancha/estadio/1608/estadio-bbva,https://www.ligafemenil.mx/cancha/playlist/125316/rayados-de-monterrey-vs-atlas
2021-2022,"Clausura",Viernes 4 de Marzo de 2022\nTemporada 2021-2022\nTorneo Clausura\nJornada 9\n4 Marzo 2022 - 19:00 hrs.,https://www.ligafemenil.mx/cancha/estadio/1697/estadio-mazatlan,https://www.ligafemenil.mx/cancha/playlist/125317/mazatlan-fc-vs-necaxa
2021-2022,"Clausura",Sábado 5 de Marzo de 2022\nTemporada 2021-2022\nTorneo Clausura\nJornada 9\n5 Marzo 2022 - 12:00 hrs.,https://www.ligafemenil.mx/cancha/estadio/5/estadio-jalisco,https://www.ligafemenil.mx/cancha/playlist/125318/atlas-vs-tijuana
2021-2022,"Clausura",Sábado 5 de Marzo de 2022\nTemporada 2021-2022\nTorneo Clausura\nJornada 9\n5 Marzo 2022 - 12:00 hrs.,https://www.ligafemenil.mx/cancha/estadio/7/estadio-olimpico-universitario,https://www.ligafemenil.mx/cancha/playlist/125319/pumas-vs-pachuca
2021-2022,"Clausura",Sábado 12 de Marzo de 2022\nTemporada 2021-2022\nTorneo Clausura\nJornada 10\n12 Marzo 2022 - 12:00 hrs.,https://www.ligafemenil.mx/cancha/estadio/67/estadio-instalaciones-la-noria-cancha-3-sintetica,https://www.ligafemenil.mx/cancha/playlist/125328/cruz-azul-vs-santos-laguna
2021-2022,"Clausura",Sábado 12 de Marzo de 2022\nTemporada 2021-2022\nTorneo Clausura\nJornada 10\n12 Marzo 2022 - 19:00 hrs.,https://www.ligafemenil.mx/cancha/estadio/11/estadio-hidalgo,https://www.ligafemenil.mx/cancha/playlist/125329/pachuca-vs-club-atletico-de-san-luis
2021-2022,"Clausura",Sábado 12 de Marzo de 2022\nTemporada 2021-2022\nTorneo Clausura\nJornada 10\n12 Marzo 2022 - 18:00 hrs.,https://www.ligafemenil.mx/cancha/estadio/1697/estadio-mazatlan,https://www.ligafemenil.mx/cancha/playlist/125327/mazatlan-fc-vs-leon
2021-2022,"Clausura",Domingo 13 de Marzo de 2022\nTemporada 2021-2022\nTorneo Clausura\nJornada 10\n13 Marzo 2022 - 12:00 hrs.,https://www.ligafemenil.mx/cancha/estadio/9/estadio-cuauhtemoc,https://www.ligafemenil.mx/cancha/playlist/125330/puebla-fc-vs-fc-juarez
2021-2022,"Clausura",Domingo 13 de Marzo de 2022\nTemporada 2021-2022\nTorneo Clausura\nJornada 10\n13 Marzo 2022 - 21:00 hrs.,https://www.ligafemenil.mx/cancha/estadio/1/estadio-azteca,https://www.ligafemenil.mx/cancha/playlist/125331/america-vs-guadalajara
2021-2022,"Clausura",Lunes 14 de Marzo de 2022\nTemporada 2021-2022\nTorneo Clausura\nJornada 10\n14 Marzo 2022 - 17:00 hrs.,https://www.ligafemenil.mx/cancha/estadio/6/estadio-nemesio-diez,https://www.ligafemenil.mx/cancha/playlist/125332/toluca-vs-tigres-de-la-uanl
2021-2022,"Clausura",Lunes 14 de Marzo de 2022\nTemporada 2021-2022\nTorneo Clausura\nJornada 10\n14 Marzo 2022 - 19:00 hrs.,https://www.ligafemenil.mx/cancha/estadio/1608/estadio-bbva,https://www.ligafemenil.mx/cancha/playlist/125333/rayados-de-monterrey-vs-necaxa
2021-2022,"Clausura",Lunes 14 de Marzo de 2022\nTemporada 2021-2022\nTorneo Clausura\nJornada 10\n14 Marzo 2022 - 20:00 hrs.,https://www.ligafemenil.mx/cancha/estadio/48/estadio-caliente,https://www.ligafemenil.mx/cancha/playlist/125334/tijuana-vs-pumas
2021-2022,"Clausura",Miércoles 16 de Marzo de 2022\nTemporada 2021-2022\nTorneo Clausura\nJornada 11\n16 Marzo 2022 - 15:45 hrs.,https://www.ligafemenil.mx/cancha/estadio/1421/estadio-cancha-centenario-no-5-natural-instalaciones-club-america,https://www.ligafemenil.mx/cancha/playlist/125335/america-vs-gallos-blancos-de-queretaro
2021-2022,"Clausura",Miércoles 16 de Marzo de 2022\nTemporada 2021-2022\nTorneo Clausura\nJornada 11\n16 Marzo 2022 - 20:00 hrs.,https://www.ligafemenil.mx/cancha/estadio/17/estadio-olimpico-benito-juarez,https://www.ligafemenil.mx/cancha/playlist/125336/fc-juarez-vs-mazatlan-fc
2021-2022,"Clausura",Jueves 17 de Marzo de 2022\nTemporada 2021-2022\nTorneo Clausura\nJornada 11\n17 Marzo 2022 - 10:00 hrs.,https://www.ligafemenil.mx/cancha/estadio/1789/estadio-la-esmeralda-cancha-sintetica,https://www.ligafemenil.mx/cancha/playlist/125339/leon-vs-puebla-fc
2021-2022,"Clausura",Jueves 17 de Marzo de 2022\nTemporada 2021-2022\nTorneo Clausura\nJornada 11\n17 Marzo 2022 - 12:00 hrs.,https://www.ligafemenil.mx/cancha/estadio/15/estadio-victoria,https://www.ligafemenil.mx/cancha/playlist/125338/necaxa-vs-toluca
2021-2022,"Clausura",Jueves 17 de Marzo de 2022\nTemporada 2021-2022\nTorneo Clausura\nJornada 11\n17 Marzo 2022 - 19:00 hrs.,https://www.ligafemenil.mx/cancha/estadio/63/estadio-tsm-corona,https://www.ligafemenil.mx/cancha/playlist/125340/santos-laguna-vs-pachuca
2021-2022,"Clausura",Jueves 17 de Marzo de 2022\nTemporada 2021-2022\nTorneo Clausura\nJornada 11\n17 Marzo 2022 - 19:00 hrs.,https://www.ligafemenil.mx/cancha/estadio/12/estadio-universitario,https://www.ligafemenil.mx/cancha/playlist/125341/tigres-de-la-uanl-vs-cruz-azul
2021-2022,"Clausura",Jueves 17 de Marzo de 2022\nTemporada 2021-2022\nTorneo Clausura\nJornada 11\n17 Marzo 2022 - 21:00 hrs.,https://www.ligafemenil.mx/cancha/estadio/1608/estadio-bbva,https://www.ligafemenil.mx/cancha/playlist/125337/rayados-de-monterrey-vs-club-atletico-de-san-luis
2021-2022,"Clausura",Viernes 18 de Marzo de 2022\nTemporada 2021-2022\nTorneo Clausura\nJornada 11\n18 Marzo 2022 - 10:30 hrs.,https://www.ligafemenil.mx/cancha/estadio/1554/estadio-verde-valle-2,https://www.ligafemenil.mx/cancha/playlist/125343/guadalajara-vs-tijuana
2021-2022,"Clausura",Viernes 18 de Marzo de 2022\nTemporada 2021-2022\nTorneo Clausura\nJornada 11\n18 Marzo 2022 - 17:00 hrs.,https://www.ligafemenil.mx/cancha/estadio/7/estadio-olimpico-universitario,https://www.ligafemenil.mx/cancha/playlist/125342/pumas-vs-atlas
2021-2022,"Clausura",Domingo 20 de Marzo de 2022\nTemporada 2021-2022\nTorneo Clausura\nJornada 12\n20 Marzo 2022 - 17:00 hrs.,https://www.ligafemenil.mx/cancha/estadio/1741/estadio-olimpico-alameda,https://www.ligafemenil.mx/cancha/playlist/125344/gallos-blancos-de-queretaro-vs-necaxa
2021-2022,"Clausura",Domingo 20 de Marzo de 2022\nTemporada 2021-2022\nTorneo Clausura\nJornada 12\n20 Marzo 2022 - 17:00 hrs.,https://www.ligafemenil.mx/cancha/estadio/14/estadio-alfonso-lastras-ramirez,https://www.ligafemenil.mx/cancha/playlist/125345/club-atletico-de-san-luis-vs-santos-laguna
2021-2022,"Clausura",Lunes 21 de Marzo de 2022\nTemporada 2021-2022\nTorneo Clausura\nJornada 12\n21 Marzo 2022 - 12:00 hrs.,https://www.ligafemenil.mx/cancha/estadio/5/estadio-jalisco,https://www.ligafemenil.mx/cancha/playlist/125346/atlas-vs-fc-juarez
2021-2022,"Clausura",Lunes 21 de Marzo de 2022\nTemporada 2021-2022\nTorneo Clausura\nJornada 12\n21 Marzo 2022 - 12:00 hrs.,https://www.ligafemenil.mx/cancha/estadio/67/estadio-instalaciones-la-noria-cancha-3-sintetica,https://www.ligafemenil.mx/cancha/playlist/125347/cruz-azul-vs-pachuca
2021-2022,"Clausura",Lunes 21 de Marzo de 2022\nTemporada 2021-2022\nTorneo Clausura\nJornada 12\n21 Marzo 2022 - 17:00 hrs.,https://www.ligafemenil.mx/cancha/estadio/6/estadio-nemesio-diez,https://www.ligafemenil.mx/cancha/playlist/125348/toluca-vs-america
2021-2022,"Clausura",Lunes 21 de Marzo de 2022\nTemporada 2021-2022\nTorneo Clausura\nJornada 12\n21 Marzo 2022 - 19:00 hrs.,https://www.ligafemenil.mx/cancha/estadio/1538/estadio-akron,https://www.ligafemenil.mx/cancha/playlist/125349/guadalajara-vs-puebla-fc
2021-2022,"Clausura",Lunes 21 de Marzo de 2022\nTemporada 2021-2022\nTorneo Clausura\nJornada 12\n21 Marzo 2022 - 19:00 hrs.,https://www.ligafemenil.mx/cancha/estadio/12/estadio-universitario,https://www.ligafemenil.mx/cancha/playlist/125350/tigres-de-la-uanl-vs-leon
2021-2022,"Clausura",Lunes 21 de Marzo de 2022\nTemporada 2021-2022\nTorneo Clausura\nJornada 12\n21 Marzo 2022 - 19:00 hrs.,https://www.ligafemenil.mx/cancha/estadio/1697/estadio-mazatlan,https://www.ligafemenil.mx/cancha/playlist/125351/mazatlan-fc-vs-pumas
2021-2022,"Clausura",Lunes 21 de Marzo de 2022\nTemporada 2021-2022\nTorneo Clausura\nJornada 12\n21 Marzo 2022 - 20:00 hrs.,https://www.ligafemenil.mx/cancha/estadio/48/estadio-caliente,https://www.ligafemenil.mx/cancha/playlist/125352/tijuana-vs-rayados-de-monterrey
2021-2022,"Clausura",Sábado 26 de Marzo de 2022\nTemporada 2021-2022\nTorneo Clausura\nJornada 13\n26 Marzo 2022 - 12:00 hrs.,https://www.ligafemenil.mx/cancha/estadio/67/estadio-instalaciones-la-noria-cancha-3-sintetica,https://www.ligafemenil.mx/cancha/playlist/125353/cruz-azul-vs-atlas
2021-2022,"Clausura",Sábado 26 de Marzo de 2022\nTemporada 2021-2022\nTorneo Clausura\nJornada 13\n26 Marzo 2022 - 19:00 hrs.,https://www.ligafemenil.mx/cancha/estadio/17/estadio-olimpico-benito-juarez,https://www.ligafemenil.mx/cancha/playlist/125354/fc-juarez-vs-pumas
2021-2022,"Clausura",Domingo 27 de Marzo de 2022\nTemporada 2021-2022\nTorneo Clausura\nJornada 13\n27 Marzo 2022 - 10:00 hrs.,https://www.ligafemenil.mx/cancha/estadio/675/estadio-el-barrial,https://www.ligafemenil.mx/cancha/playlist/125355/rayados-de-monterrey-vs-santos-laguna
2021-2022,"Clausura",Domingo 27 de Marzo de 2022\nTemporada 2021-2022\nTorneo Clausura\nJornada 13\n27 Marzo 2022 - 12:00 hrs.,https://www.ligafemenil.mx/cancha/estadio/9/estadio-cuauhtemoc,https://www.ligafemenil.mx/cancha/playlist/125356/puebla-fc-vs-america
2021-2022,"Clausura",Domingo 27 de Marzo de 2022\nTemporada 2021-2022\nTorneo Clausura\nJornada 13\n27 Marzo 2022 - 17:00 hrs.,https://www.ligafemenil.mx/cancha/estadio/14/estadio-alfonso-lastras-ramirez,https://www.ligafemenil.mx/cancha/playlist/125357/club-atletico-de-san-luis-vs-tigres-de-la-uanl
2021-2022,"Clausura",Lunes 28 de Marzo de 2022\nTemporada 2021-2022\nTorneo Clausura\nJornada 13\n28 Marzo 2022 - 16:00 hrs.,https://www.ligafemenil.mx/cancha/estadio/6/estadio-nemesio-diez,https://www.ligafemenil.mx/cancha/playlist/125358/toluca-vs-gallos-blancos-de-queretaro
2021-2022,"Clausura",Lunes 28 de Marzo de 2022\nTemporada 2021-2022\nTorneo Clausura\nJornada 13\n28 Marzo 2022 - 19:00 hrs.,https://www.ligafemenil.mx/cancha/estadio/11/estadio-hidalgo,https://www.ligafemenil.mx/cancha/playlist/125359/pachuca-vs-mazatlan-fc
2021-2022,"Clausura",Lunes 28 de Marzo de 2022\nTemporada 2021-2022\nTorneo Clausura\nJornada 13\n28 Marzo 2022 - 21:00 hrs.,https://www.ligafemenil.mx/cancha/estadio/23/estadio-nou-camp,https://www.ligafemenil.mx/cancha/playlist/125360/leon-vs-guadalajara
2021-2022,"Clausura",Lunes 28 de Marzo de 2022\nTemporada 2021-2022\nTorneo Clausura\nJornada 13\n28 Marzo 2022 - 20:00 hrs.,https://www.ligafemenil.mx/cancha/estadio/48/estadio-caliente,https://www.ligafemenil.mx/cancha/playlist/125361/tijuana-vs-necaxa
2021-2022,"Clausura",Jueves 31 de Marzo de 2022\nTemporada 2021-2022\nTorneo Clausura\nJornada 14\n31 Marzo 2022 - 16:00 hrs.,https://www.ligafemenil.mx/cancha/estadio/15/estadio-victoria,https://www.ligafemenil.mx/cancha/playlist/125362/necaxa-vs-club-atletico-de-san-luis
2021-2022,"Clausura",Jueves 31 de Marzo de 2022\nTemporada 2021-2022\nTorneo Clausura\nJornada 14\n31 Marzo 2022 - 21:00 hrs.,https://www.ligafemenil.mx/cancha/estadio/23/estadio-nou-camp,https://www.ligafemenil.mx/cancha/playlist/125363/leon-vs-cruz-azul
2021-2022,"Clausura",Jueves 31 de Marzo de 2022\nTemporada 2021-2022\nTorneo Clausura\nJornada 14\n31 Marzo 2022 - 21:00 hrs.,https://www.ligafemenil.mx/cancha/estadio/63/estadio-tsm-corona,https://www.ligafemenil.mx/cancha/playlist/125365/santos-laguna-vs-puebla-fc
2021-2022,"Clausura",Viernes 1 de Abril de 2022\nTemporada 2021-2022\nTorneo Clausura\nJornada 14\n1 Abril 2022 - 15:45 hrs.,https://www.ligafemenil.mx/cancha/estadio/1421/estadio-cancha-centenario-no-5-natural-instalaciones-club-america,https://www.ligafemenil.mx/cancha/playlist/125366/america-vs-fc-juarez
2021-2022,"Clausura",Viernes 1 de Abril de 2022\nTemporada 2021-2022\nTorneo Clausura\nJornada 14\n1 Abril 2022 - 17:00 hrs.,https://www.ligafemenil.mx/cancha/estadio/1741/estadio-olimpico-alameda,https://www.ligafemenil.mx/cancha/playlist/125367/gallos-blancos-de-queretaro-vs-tijuana
2021-2022,"Clausura",Sábado 2 de Abril de 2022\nTemporada 2021-2022\nTorneo Clausura\nJornada 14\n2 Abril 2022 - 12:00 hrs.,https://www.ligafemenil.mx/cancha/estadio/5/estadio-jalisco,https://www.ligafemenil.mx/cancha/playlist/125369/atlas-vs-toluca
2021-2022,"Clausura",Sábado 2 de Abril de 2022\nTemporada 2021-2022\nTorneo Clausura\nJornada 14\n2 Abril 2022 - 12:00 hrs.,https://www.ligafemenil.mx/cancha/estadio/7/estadio-olimpico-universitario,https://www.ligafemenil.mx/cancha/playlist/125370/pumas-vs-tigres-de-la-uanl
2021-2022,"Clausura",Domingo 3 de Abril de 2022\nTemporada 2021-2022\nTorneo Clausura\nJornada 14\n3 Abril 2022 - 18:00 hrs.,https://www.ligafemenil.mx/cancha/estadio/1697/estadio-mazatlan,https://www.ligafemenil.mx/cancha/playlist/125368/mazatlan-fc-vs-guadalajara
2021-2022,"Clausura",Domingo 3 de Abril de 2022\nTemporada 2021-2022\nTorneo Clausura\nJornada 14\n3 Abril 2022 - 19:00 hrs.,https://www.ligafemenil.mx/cancha/estadio/1608/estadio-bbva,https://www.ligafemenil.mx/cancha/playlist/125364/rayados-de-monterrey-vs-pachuca
2021-2022,"Clausura",Jueves 7 de Abril de 2022\nTemporada 2021-2022\nTorneo Clausura\nJornada 10\n7 Abril 2022 - 17:00 hrs.,https://www.ligafemenil.mx/cancha/estadio/1741/estadio-olimpico-alameda,https://www.ligafemenil.mx/cancha/playlist/125326/gallos-blancos-de-queretaro-vs-atlas
2021-2022,"Clausura",Domingo 10 de Abril de 2022\nTemporada 2021-2022\nTorneo Clausura\nJornada 9\n10 Abril 2022 - 19:00 hrs.,https://www.ligafemenil.mx/cancha/estadio/23/estadio-nou-camp,https://www.ligafemenil.mx/cancha/playlist/125323/leon-vs-rayados-de-monterrey
2021-2022,"Clausura",Lunes 11 de Abril de 2022\nTemporada 2021-2022\nTorneo Clausura\nJornada 9\n11 Abril 2022 - 17:00 hrs.,https://www.ligafemenil.mx/cancha/estadio/14/estadio-alfonso-lastras-ramirez,https://www.ligafemenil.mx/cancha/playlist/125320/club-atletico-de-san-luis-vs-puebla-fc
2021-2022,"Clausura",Lunes 11 de Abril de 2022\nTemporada 2021-2022\nTorneo Clausura\nJornada 9\n11 Abril 2022 - 17:00 hrs.,https://www.ligafemenil.mx/cancha/estadio/6/estadio-nemesio-diez,https://www.ligafemenil.mx/cancha/playlist/125321/toluca-vs-cruz-azul
2021-2022,"Clausura",Lunes 11 de Abril de 2022\nTemporada 2021-2022\nTorneo Clausura\nJornada 9\n11 Abril 2022 - 17:00 hrs.,https://www.ligafemenil.mx/cancha/estadio/1538/estadio-akron,https://www.ligafemenil.mx/cancha/playlist/125322/guadalajara-vs-fc-juarez
2021-2022,"Clausura",Lunes 11 de Abril de 2022\nTemporada 2021-2022\nTorneo Clausura\nJornada 9\n11 Abril 2022 - 19:00 hrs.,https://www.ligafemenil.mx/cancha/estadio/63/estadio-tsm-corona,https://www.ligafemenil.mx/cancha/playlist/125325/santos-laguna-vs-america
2021-2022,"Clausura",Jueves 14 de Abril de 2022\nTemporada 2021-2022\nTorneo Clausura\nJornada 9\n14 Abril 2022 - 21:00 hrs.,https://www.ligafemenil.mx/cancha/estadio/12/estadio-universitario,https://www.ligafemenil.mx/cancha/playlist/125324/tigres-de-la-uanl-vs-gallos-blancos-de-queretaro
2021-2022,"Clausura",Sábado 16 de Abril de 2022\nTemporada 2021-2022\nTorneo Clausura\nJornada 15\n16 Abril 2022 - 12:00 hrs.,https://www.ligafemenil.mx/cancha/estadio/67/estadio-instalaciones-la-noria-cancha-3-sintetica,https://www.ligafemenil.mx/cancha/playlist/125371/cruz-azul-vs-rayados-de-monterrey
2021-2022,"Clausura",Sábado 16 de Abril de 2022\nTemporada 2021-2022\nTorneo Clausura\nJornada 15\n16 Abril 2022 - 17:00 hrs.,https://www.ligafemenil.mx/cancha/estadio/14/estadio-alfonso-lastras-ramirez,https://www.ligafemenil.mx/cancha/playlist/125374/club-atletico-de-san-luis-vs-leon
2021-2022,"Clausura",Domingo 17 de Abril de 2022\nTemporada 2021-2022\nTorneo Clausura\nJornada 15\n17 Abril 2022 - 12:00 hrs.,https://www.ligafemenil.mx/cancha/estadio/9/estadio-cuauhtemoc,https://www.ligafemenil.mx/cancha/playlist/125373/puebla-fc-vs-necaxa
2021-2022,"Clausura",Domingo 17 de Abril de 2022\nTemporada 2021-2022\nTorneo Clausura\nJornada 15\n17 Abril 2022 - 17:00 hrs.,https://www.ligafemenil.mx/cancha/estadio/1503/estadio-complejo-bravo,https://www.ligafemenil.mx/cancha/playlist/125375/fc-juarez-vs-gallos-blancos-de-queretaro
2021-2022,"Clausura",Lunes 18 de Abril de 2022\nTemporada 2021-2022\nTorneo Clausura\nJornada 15\n18 Abril 2022 - 17:00 hrs.,https://www.ligafemenil.mx/cancha/estadio/6/estadio-nemesio-diez,https://www.ligafemenil.mx/cancha/playlist/125376/toluca-vs-mazatlan-fc
2021-2022,"Clausura",Lunes 18 de Abril de 2022\nTemporada 2021-2022\nTorneo Clausura\nJornada 15\n18 Abril 2022 - 17:00 hrs.,https://www.ligafemenil.mx/cancha/estadio/1538/estadio-akron,https://www.ligafemenil.mx/cancha/playlist/125372/guadalajara-vs-pumas
2021-2022,"Clausura",Lunes 18 de Abril de 2022\nTemporada 2021-2022\nTorneo Clausura\nJornada 15\n18 Abril 2022 - 19:00 hrs.,https://www.ligafemenil.mx/cancha/estadio/11/estadio-hidalgo,https://www.ligafemenil.mx/cancha/playlist/125377/pachuca-vs-atlas
2021-2022,"Clausura",Lunes 18 de Abril de 2022\nTemporada 2021-2022\nTorneo Clausura\nJornada 15\n18 Abril 2022 - 19:00 hrs.,https://www.ligafemenil.mx/cancha/estadio/12/estadio-universitario,https://www.ligafemenil.mx/cancha/playlist/125378/tigres-de-la-uanl-vs-santos-laguna
2021-2022,"Clausura",Lunes 18 de Abril de 2022\nTemporada 2021-2022\nTorneo Clausura\nJornada 15\n18 Abril 2022 - 19:00 hrs.,https://www.ligafemenil.mx/cancha/estadio/48/estadio-caliente,https://www.ligafemenil.mx/cancha/playlist/125379/tijuana-vs-america
2021-2022,"Clausura",Viernes 22 de Abril de 2022\nTemporada 2021-2022\nTorneo Clausura\nJornada 16\n22 Abril 2022 - 17:00 hrs.,https://www.ligafemenil.mx/cancha/estadio/1741/estadio-olimpico-alameda,https://www.ligafemenil.mx/cancha/playlist/125380/gallos-blancos-de-queretaro-vs-puebla-fc
2021-2022,"Clausura",Viernes 22 de Abril de 2022\nTemporada 2021-2022\nTorneo Clausura\nJornada 16\n22 Abril 2022 - 17:00 hrs.,https://www.ligafemenil.mx/cancha/estadio/708/estadio-victoria,https://www.ligafemenil.mx/cancha/playlist/125384/necaxa-vs-cruz-azul
2021-2022,"Clausura",Sábado 23 de Abril de 2022\nTemporada 2021-2022\nTorneo Clausura\nJornada 16\n23 Abril 2022 - 12:00 hrs.,https://www.ligafemenil.mx/cancha/estadio/5/estadio-jalisco,https://www.ligafemenil.mx/cancha/playlist/125382/atlas-vs-guadalajara
2021-2022,"Clausura",Sábado 23 de Abril de 2022\nTemporada 2021-2022\nTorneo Clausura\nJornada 16\n23 Abril 2022 - 12:00 hrs.,https://www.ligafemenil.mx/cancha/estadio/7/estadio-olimpico-universitario,https://www.ligafemenil.mx/cancha/playlist/125383/pumas-vs-club-atletico-de-san-luis
2021-2022,"Clausura",Domingo 24 de Abril de 2022\nTemporada 2021-2022\nTorneo Clausura\nJornada 16\n24 Abril 2022 - 18:00 hrs.,https://www.ligafemenil.mx/cancha/estadio/1697/estadio-mazatlan,https://www.ligafemenil.mx/cancha/playlist/125381/mazatlan-fc-vs-tijuana
2021-2022,"Clausura",Lunes 25 de Abril de 2022\nTemporada 2021-2022\nTorneo Clausura\nJornada 16\n25 Abril 2022 - 19:00 hrs.,https://www.ligafemenil.mx/cancha/estadio/1/estadio-azteca,https://www.ligafemenil.mx/cancha/playlist/125385/america-vs-pachuca
2021-2022,"Clausura",Lunes 25 de Abril de 2022\nTemporada 2021-2022\nTorneo Clausura\nJornada 16\n25 Abril 2022 - 19:00 hrs.,https://www.ligafemenil.mx/cancha/estadio/23/estadio-nou-camp,https://www.ligafemenil.mx/cancha/playlist/125386/leon-vs-toluca
2021-2022,"Clausura",Lunes 25 de Abril de 2022\nTemporada 2021-2022\nTorneo Clausura\nJornada 16\n25 Abril 2022 - 19:00 hrs.,https://www.ligafemenil.mx/cancha/estadio/63/estadio-tsm-corona,https://www.ligafemenil.mx/cancha/playlist/125387/santos-laguna-vs-fc-juarez
2021-2022,"Clausura",Lunes 25 de Abril de 2022\nTemporada 2021-2022\nTorneo Clausura\nJornada 16\n25 Abril 2022 - 21:06 hrs.,https://www.ligafemenil.mx/cancha/estadio/1608/estadio-bbva,https://www.ligafemenil.mx/cancha/playlist/125388/rayados-de-monterrey-vs-tigres-de-la-uanl
2021-2022,"Clausura",Viernes 29 de Abril de 2022\nTemporada 2021-2022\nTorneo Clausura\nJornada 17\n29 Abril 2022 - 17:00 hrs.,https://www.ligafemenil.mx/cancha/estadio/14/estadio-alfonso-lastras-ramirez,https://www.ligafemenil.mx/cancha/playlist/125391/club-atletico-de-san-luis-vs-gallos-blancos-de-queretaro
2021-2022,"Clausura",Sábado 30 de Abril de 2022\nTemporada 2021-2022\nTorneo Clausura\nJornada 17\n30 Abril 2022 - 12:00 hrs.,https://www.ligafemenil.mx/cancha/estadio/67/estadio-instalaciones-la-noria-cancha-3-sintetica,https://www.ligafemenil.mx/cancha/playlist/125389/cruz-azul-vs-puebla-fc
2021-2022,"Clausura",Sábado 30 de Abril de 2022\nTemporada 2021-2022\nTorneo Clausura\nJornada 17\n30 Abril 2022 - 19:00 hrs.,https://www.ligafemenil.mx/cancha/estadio/11/estadio-hidalgo,https://www.ligafemenil.mx/cancha/playlist/125390/pachuca-vs-necaxa
2021-2022,"Clausura",Domingo 1 de Mayo de 2022\nTemporada 2021-2022\nTorneo Clausura\nJornada 17\n1 Mayo 2022 - 18:00 hrs.,https://www.ligafemenil.mx/cancha/estadio/12/estadio-universitario,https://www.ligafemenil.mx/cancha/playlist/125392/tigres-de-la-uanl-vs-america
2021-2022,"Clausura",Lunes 2 de Mayo de 2022\nTemporada 2021-2022\nTorneo Clausura\nJornada 17\n2 Mayo 2022 - 12:00 hrs.,https://www.ligafemenil.mx/cancha/estadio/5/estadio-jalisco,https://www.ligafemenil.mx/cancha/playlist/125393/atlas-vs-leon
2021-2022,"Clausura",Lunes 2 de Mayo de 2022\nTemporada 2021-2022\nTorneo Clausura\nJornada 17\n2 Mayo 2022 - 17:00 hrs.,https://www.ligafemenil.mx/cancha/estadio/6/estadio-nemesio-diez,https://www.ligafemenil.mx/cancha/playlist/125394/toluca-vs-pumas
2021-2022,"Clausura",Lunes 2 de Mayo de 2022\nTemporada 2021-2022\nTorneo Clausura\nJornada 17\n2 Mayo 2022 - 19:00 hrs.,https://www.ligafemenil.mx/cancha/estadio/1538/estadio-akron,https://www.ligafemenil.mx/cancha/playlist/125395/guadalajara-vs-rayados-de-monterrey
2021-2022,"Clausura",Lunes 2 de Mayo de 2022\nTemporada 2021-2022\nTorneo Clausura\nJornada 17\n2 Mayo 2022 - 19:00 hrs.,https://www.ligafemenil.mx/cancha/estadio/63/estadio-tsm-corona,https://www.ligafemenil.mx/cancha/playlist/125396/santos-laguna-vs-mazatlan-fc
2021-2022,"Clausura",Lunes 2 de Mayo de 2022\nTemporada 2021-2022\nTorneo Clausura\nJornada 17\n2 Mayo 2022 - 19:00 hrs.,https://www.ligafemenil.mx/cancha/estadio/48/estadio-caliente,https://www.ligafemenil.mx/cancha/playlist/125397/tijuana-vs-fc-juarez
2021-2022,"Clausura",Jueves 5 de Mayo de 2022\nTemporada 2021-2022\nTorneo Clausura\nCuartos Ida\n5 Mayo 2022 - 17:00 hrs.,https://www.ligafemenil.mx/cancha/estadio/5/estadio-jalisco,https://www.ligafemenil.mx/cancha/playlist/127150/atlas-vs-tigres-de-la-uanl
2021-2022,"Clausura",Jueves 5 de Mayo de 2022\nTemporada 2021-2022\nTorneo Clausura\nCuartos Ida\n5 Mayo 2022 - 19:00 hrs.,https://www.ligafemenil.mx/cancha/estadio/11/estadio-hidalgo,https://www.ligafemenil.mx/cancha/playlist/127151/pachuca-vs-america
2021-2022,"Clausura",Viernes 6 de Mayo de 2022\nTemporada 2021-2022\nTorneo Clausura\nCuartos Ida\n6 Mayo 2022 - 18:00 hrs.,https://www.ligafemenil.mx/cancha/estadio/7/estadio-olimpico-universitario,https://www.ligafemenil.mx/cancha/playlist/127149/pumas-vs-guadalajara
2021-2022,"Clausura",Viernes 6 de Mayo de 2022\nTemporada 2021-2022\nTorneo Clausura\nCuartos Ida\n6 Mayo 2022 - 19:00 hrs.,https://www.ligafemenil.mx/cancha/estadio/48/estadio-caliente,https://www.ligafemenil.mx/cancha/playlist/127148/tijuana-vs-rayados-de-monterrey
2021-2022,"Clausura",Domingo 8 de Mayo de 2022\nTemporada 2021-2022\nTorneo Clausura\nCuartos Vuelta\n8 Mayo 2022 - 12:00 hrs.,https://www.ligafemenil.mx/cancha/estadio/1/estadio-azteca,https://www.ligafemenil.mx/cancha/playlist/127155/america-vs-pachuca
2021-2022,"Clausura",Domingo 8 de Mayo de 2022\nTemporada 2021-2022\nTorneo Clausura\nCuartos Vuelta\n8 Mayo 2022 - 21:06 hrs.,https://www.ligafemenil.mx/cancha/estadio/12/estadio-universitario,https://www.ligafemenil.mx/cancha/playlist/127154/tigres-de-la-uanl-vs-atlas
2021-2022,"Clausura",Lunes 9 de Mayo de 2022\nTemporada 2021-2022\nTorneo Clausura\nCuartos Vuelta\n9 Mayo 2022 - 19:00 hrs.,https://www.ligafemenil.mx/cancha/estadio/1538/estadio-akron,https://www.ligafemenil.mx/cancha/playlist/127153/guadalajara-vs-pumas
2021-2022,"Clausura",Lunes 9 de Mayo de 2022\nTemporada 2021-2022\nTorneo Clausura\nCuartos Vuelta\n9 Mayo 2022 - 21:00 hrs.,https://www.ligafemenil.mx/cancha/estadio/1608/estadio-bbva,https://www.ligafemenil.mx/cancha/playlist/127152/rayados-de-monterrey-vs-tijuana
2021-2022,"Clausura",Viernes 13 de Mayo de 2022\nTemporada 2021-2022\nTorneo Clausura\nSemifinal Ida\n13 Mayo 2022 - 18:05 hrs.,https://www.ligafemenil.mx/cancha/estadio/11/estadio-hidalgo,https://www.ligafemenil.mx/cancha/playlist/127210/pachuca-vs-rayados-de-monterrey
2021-2022,"Clausura",Viernes 13 de Mayo de 2022\nTemporada 2021-2022\nTorneo Clausura\nSemifinal Ida\n13 Mayo 2022 - 20:05 hrs.,https://www.ligafemenil.mx/cancha/estadio/12/estadio-universitario,https://www.ligafemenil.mx/cancha/playlist/127211/tigres-de-la-uanl-vs-guadalajara
2021-2022,"Clausura",Lunes 16 de Mayo de 2022\nTemporada 2021-2022\nTorneo Clausura\nSemifinal Vuelta\n16 Mayo 2022 - 19:05 hrs.,https://www.ligafemenil.mx/cancha/estadio/1538/estadio-akron,https://www.ligafemenil.mx/cancha/playlist/127213/guadalajara-vs-tigres-de-la-uanl
2021-2022,"Clausura",Lunes 16 de Mayo de 2022\nTemporada 2021-2022\nTorneo Clausura\nSemifinal Vuelta\n16 Mayo 2022 - 21:05 hrs.,https://www.ligafemenil.mx/cancha/estadio/1608/estadio-bbva,https://www.ligafemenil.mx/cancha/playlist/127212/rayados-de-monterrey-vs-pachuca
2021-2022,"Clausura",Viernes 20 de Mayo de 2022\nTemporada 2021-2022\nTorneo Clausura\nFinal Ida\n20 Mayo 2022 - 21:00 hrs.,https://www.ligafemenil.mx/cancha/estadio/11/estadio-hidalgo,https://www.ligafemenil.mx/cancha/playlist/127240/pachuca-vs-guadalajara
2021-2022,"Clausura",Lunes 23 de Mayo de 2022\nTemporada 2021-2022\nTorneo Clausura\nFinal Vuelta\n23 Mayo 2022 - 20:05 hrs.,https://www.ligafemenil.mx/cancha/estadio/1538/estadio-akron,https://www.ligafemenil.mx/cancha/playlist/127241/guadalajara-vs-pachuca
2021-2022,"Clausura",Viernes 27 de Mayo de 2022\nTemporada 2021-2022\nTorneo Clausura\nCampeón de Campeones Femenil Ida\n27 Mayo 2022 - 21:06 hrs.,https://www.ligafemenil.mx/cancha/estadio/1538/estadio-akron,https://www.ligafemenil.mx/cancha/playlist/127254/guadalajara-vs-rayados-de-monterrey
2021-2022,"Clausura",Lunes 30 de Mayo de 2022\nTemporada 2021-2022\nTorneo Clausura\nCampeón de Campeones Femenil Vuelta\n30 Mayo 2022 - 20:06 hrs.,https://www.ligafemenil.mx/cancha/estadio/1608/estadio-bbva,https://www.ligafemenil.mx/cancha/playlist/127255/rayados-de-monterrey-vs-guadalajara
2023-2024,"Apertura",Viernes 14 de Julio de 2023\nTemporada 2023-2024\nTorneo Apertura\nJornada 1\n14 Julio 2023 - 17:00 hrs.,https://www.ligafemenil.mx/cancha/estadio/6/estadio-nemesio-diez,https://www.ligafemenil.mx/cancha/playlist/133973/toluca-vs-rayados-de-monterrey
2023-2024,"Apertura",Viernes 14 de Julio de 2023\nTemporada 2023-2024\nTorneo Apertura\nJornada 1\n14 Julio 2023 - 17:06 hrs.,https://www.ligafemenil.mx/cancha/estadio/23/estadio-nou-camp,https://www.ligafemenil.mx/cancha/playlist/133969/leon-vs-necaxa
2023-2024,"Apertura",Viernes 14 de Julio de 2023\nTemporada 2023-2024\nTorneo Apertura\nJornada 1\n14 Julio 2023 - 21:10 hrs.,https://www.ligafemenil.mx/cancha/estadio/63/estadio-tsm-corona,https://www.ligafemenil.mx/cancha/playlist/133975/santos-laguna-vs-pachuca
2023-2024,"Apertura",Sábado 15 de Julio de 2023\nTemporada 2023-2024\nTorneo Apertura\nJornada 1\n15 Julio 2023 - 12:00 hrs.,https://www.ligafemenil.mx/cancha/estadio/7/estadio-olimpico-universitario,https://www.ligafemenil.mx/cancha/playlist/133970/pumas-vs-america
2023-2024,"Apertura",Domingo 16 de Julio de 2023\nTemporada 2023-2024\nTorneo Apertura\nJornada 1\n16 Julio 2023 - 18:06 hrs.,https://www.ligafemenil.mx/cancha/estadio/1697/estadio-mazatlan,https://www.ligafemenil.mx/cancha/playlist/133971/mazatlan-fc-vs-cruz-azul
2023-2024,"Apertura",Domingo 16 de Julio de 2023\nTemporada 2023-2024\nTorneo Apertura\nJornada 1\n16 Julio 2023 - 20:10 hrs.,https://www.ligafemenil.mx/cancha/estadio/48/estadio-caliente,https://www.ligafemenil.mx/cancha/playlist/133972/tijuana-vs-guadalajara
2023-2024,"Apertura",Lunes 17 de Julio de 2023\nTemporada 2023-2024\nTorneo Apertura\nJornada 1\n17 Julio 2023 - 19:00 hrs.,https://www.ligafemenil.mx/cancha/estadio/12/estadio-universitario,https://www.ligafemenil.mx/cancha/playlist/133974/tigres-de-la-uanl-vs-puebla-fc
2023-2024,"Apertura",Lunes 17 de Julio de 2023\nTemporada 2023-2024\nTorneo Apertura\nJornada 1\n17 Julio 2023 - 21:10 hrs.,https://www.ligafemenil.mx/cancha/estadio/17/estadio-olimpico-benito-juarez,https://www.ligafemenil.mx/cancha/playlist/133976/fc-juarez-vs-club-atletico-de-san-luis
2023-2024,"Apertura",Viernes 21 de Julio de 2023\nTemporada 2023-2024\nTorneo Apertura\nJornada 2\n21 Julio 2023 - 17:06 hrs.,https://www.ligafemenil.mx/cancha/estadio/858/estadio-la-corregidora,https://www.ligafemenil.mx/cancha/playlist/133977/gallos-blancos-de-queretaro-vs-club-atletico-de-san-luis
2023-2024,"Apertura",Viernes 21 de Julio de 2023\nTemporada 2023-2024\nTorneo Apertura\nJornada 2\n21 Julio 2023 - 18:06 hrs.,https://www.ligafemenil.mx/cancha/estadio/1697/estadio-mazatlan,https://www.ligafemenil.mx/cancha/playlist/133979/mazatlan-fc-vs-toluca
2023-2024,"Apertura",Viernes 21 de Julio de 2023\nTemporada 2023-2024\nTorneo Apertura\nJornada 2\n21 Julio 2023 - 21:10 hrs.,https://www.ligafemenil.mx/cancha/estadio/17/estadio-olimpico-benito-juarez,https://www.ligafemenil.mx/cancha/playlist/133978/fc-juarez-vs-tigres-de-la-uanl
2023-2024,"Apertura",Sábado 22 de Julio de 2023\nTemporada 2023-2024\nTorneo Apertura\nJornada 2\n22 Julio 2023 - 12:00 hrs.,https://www.ligafemenil.mx/cancha/estadio/7/estadio-olimpico-universitario,https://www.ligafemenil.mx/cancha/playlist/133980/pumas-vs-atlas
2023-2024,"Apertura",Sábado 22 de Julio de 2023\nTemporada 2023-2024\nTorneo Apertura\nJornada 2\n22 Julio 2023 - 21:00 hrs.,https://www.ligafemenil.mx/cancha/estadio/1608/estadio-bbva,https://www.ligafemenil.mx/cancha/playlist/133981/rayados-de-monterrey-vs-leon
2023-2024,"Apertura",Domingo 23 de Julio de 2023\nTemporada 2023-2024\nTorneo Apertura\nJornada 2\n23 Julio 2023 - 17:00 hrs.,https://www.ligafemenil.mx/cancha/estadio/1/estadio-azteca,https://www.ligafemenil.mx/cancha/playlist/133982/america-vs-santos-laguna
2023-2024,"Apertura",Domingo 23 de Julio de 2023\nTemporada 2023-2024\nTorneo Apertura\nJornada 2\n23 Julio 2023 - 19:06 hrs.,https://www.ligafemenil.mx/cancha/estadio/1538/estadio-akron,https://www.ligafemenil.mx/cancha/playlist/133983/guadalajara-vs-puebla-fc
2023-2024,"Apertura",Lunes 24 de Julio de 2023\nTemporada 2023-2024\nTorneo Apertura\nJornada 2\n24 Julio 2023 - 17:00 hrs.,https://www.ligafemenil.mx/cancha/estadio/15/estadio-victoria,https://www.ligafemenil.mx/cancha/playlist/133984/necaxa-vs-tijuana
2023-2024,"Apertura",Lunes 24 de Julio de 2023\nTemporada 2023-2024\nTorneo Apertura\nJornada 2\n24 Julio 2023 - 19:06 hrs.,https://www.ligafemenil.mx/cancha/estadio/11/estadio-hidalgo,https://www.ligafemenil.mx/cancha/playlist/133985/pachuca-vs-cruz-azul
2023-2024,"Apertura",Miércoles 26 de Julio de 2023\nTemporada 2023-2024\nTorneo Apertura\nJornada 1\n26 Julio 2023 - 20:06 hrs.,https://www.ligafemenil.mx/cancha/estadio/5/estadio-jalisco,https://www.ligafemenil.mx/cancha/playlist/133968/atlas-vs-gallos-blancos-de-queretaro
2023-2024,"Apertura",Viernes 28 de Julio de 2023\nTemporada 2023-2024\nTorneo Apertura\nJornada 3\n28 Julio 2023 - 19:06 hrs.,https://www.ligafemenil.mx/cancha/estadio/63/estadio-tsm-corona,https://www.ligafemenil.mx/cancha/playlist/133986/santos-laguna-vs-guadalajara
2023-2024,"Apertura",Viernes 28 de Julio de 2023\nTemporada 2023-2024\nTorneo Apertura\nJornada 3\n28 Julio 2023 - 21:00 hrs.,https://www.ligafemenil.mx/cancha/estadio/12/estadio-universitario,https://www.ligafemenil.mx/cancha/playlist/133987/tigres-de-la-uanl-vs-mazatlan-fc
2023-2024,"Apertura",Sábado 29 de Julio de 2023\nTemporada 2023-2024\nTorneo Apertura\nJornada 3\n29 Julio 2023 - 12:00 hrs.,https://www.ligafemenil.mx/cancha/estadio/877/estadio-instalaciones-la-noria,https://www.ligafemenil.mx/cancha/playlist/133988/cruz-azul-vs-pumas
2023-2024,"Apertura",Sábado 29 de Julio de 2023\nTemporada 2023-2024\nTorneo Apertura\nJornada 3\n29 Julio 2023 - 19:06 hrs.,https://www.ligafemenil.mx/cancha/estadio/5/estadio-jalisco,https://www.ligafemenil.mx/cancha/playlist/133989/atlas-vs-fc-juarez
2023-2024,"Apertura",Domingo 30 de Julio de 2023\nTemporada 2023-2024\nTorneo Apertura\nJornada 3\n30 Julio 2023 - 12:00 hrs.,https://www.ligafemenil.mx/cancha/estadio/9/estadio-cuauhtemoc,https://www.ligafemenil.mx/cancha/playlist/133991/puebla-fc-vs-rayados-de-monterrey
2023-2024,"Apertura",Domingo 30 de Julio de 2023\nTemporada 2023-2024\nTorneo Apertura\nJornada 3\n30 Julio 2023 - 12:00 hrs.,https://www.ligafemenil.mx/cancha/estadio/6/estadio-nemesio-diez,https://www.ligafemenil.mx/cancha/playlist/133992/toluca-vs-pachuca
2023-2024,"Apertura",Domingo 30 de Julio de 2023\nTemporada 2023-2024\nTorneo Apertura\nJornada 3\n30 Julio 2023 - 17:00 hrs.,https://www.ligafemenil.mx/cancha/estadio/14/estadio-alfonso-lastras-ramirez,https://www.ligafemenil.mx/cancha/playlist/133993/club-atletico-de-san-luis-vs-necaxa
2023-2024,"Apertura",Lunes 31 de Julio de 2023\nTemporada 2023-2024\nTorneo Apertura\nJornada 3\n31 Julio 2023 - 19:06 hrs.,https://www.ligafemenil.mx/cancha/estadio/23/estadio-nou-camp,https://www.ligafemenil.mx/cancha/playlist/133994/leon-vs-gallos-blancos-de-queretaro
2023-2024,"Apertura",Viernes 4 de Agosto de 2023\nTemporada 2023-2024\nTorneo Apertura\nJornada 4\n4 Agosto 2023 - 17:06 hrs.,https://www.ligafemenil.mx/cancha/estadio/858/estadio-la-corregidora,https://www.ligafemenil.mx/cancha/playlist/133995/gallos-blancos-de-queretaro-vs-tijuana
2023-2024,"Apertura",Viernes 4 de Agosto de 2023\nTemporada 2023-2024\nTorneo Apertura\nJornada 4\n4 Agosto 2023 - 19:06 hrs.,https://www.ligafemenil.mx/cancha/estadio/11/estadio-hidalgo,https://www.ligafemenil.mx/cancha/playlist/133996/pachuca-vs-club-atletico-de-san-luis
2023-2024,"Apertura",Viernes 4 de Agosto de 2023\nTemporada 2023-2024\nTorneo Apertura\nJornada 4\n4 Agosto 2023 - 21:10 hrs.,https://www.ligafemenil.mx/cancha/estadio/17/estadio-olimpico-benito-juarez,https://www.ligafemenil.mx/cancha/playlist/133997/fc-juarez-vs-cruz-azul
2023-2024,"Apertura",Sábado 5 de Agosto de 2023\nTemporada 2023-2024\nTorneo Apertura\nJornada 4\n5 Agosto 2023 - 12:00 hrs.,https://www.ligafemenil.mx/cancha/estadio/7/estadio-olimpico-universitario,https://www.ligafemenil.mx/cancha/playlist/133998/pumas-vs-santos-laguna
2023-2024,"Apertura",Sábado 5 de Agosto de 2023\nTemporada 2023-2024\nTorneo Apertura\nJornada 4\n5 Agosto 2023 - 17:00 hrs.,https://www.ligafemenil.mx/cancha/estadio/1/estadio-azteca,https://www.ligafemenil.mx/cancha/playlist/133999/america-vs-toluca
2023-2024,"Apertura",Sábado 5 de Agosto de 2023\nTemporada 2023-2024\nTorneo Apertura\nJornada 4\n5 Agosto 2023 - 19:00 hrs.,https://www.ligafemenil.mx/cancha/estadio/1608/estadio-bbva,https://www.ligafemenil.mx/cancha/playlist/134000/rayados-de-monterrey-vs-atlas
2023-2024,"Apertura",Sábado 5 de Agosto de 2023\nTemporada 2023-2024\nTorneo Apertura\nJornada 4\n5 Agosto 2023 - 21:10 hrs.,https://www.ligafemenil.mx/cancha/estadio/1538/estadio-akron,https://www.ligafemenil.mx/cancha/playlist/134001/guadalajara-vs-tigres-de-la-uanl
2023-2024,"Apertura",Domingo 6 de Agosto de 2023\nTemporada 2023-2024\nTorneo Apertura\nJornada 4\n6 Agosto 2023 - 17:00 hrs.,https://www.ligafemenil.mx/cancha/estadio/15/estadio-victoria,https://www.ligafemenil.mx/cancha/playlist/134002/necaxa-vs-puebla-fc
2023-2024,"Apertura",Domingo 6 de Agosto de 2023\nTemporada 2023-2024\nTorneo Apertura\nJornada 4\n6 Agosto 2023 - 18:00 hrs.,https://www.ligafemenil.mx/cancha/estadio/1697/estadio-mazatlan,https://www.ligafemenil.mx/cancha/playlist/134003/mazatlan-fc-vs-leon
2023-2024,"Apertura",Martes 8 de Agosto de 2023\nTemporada 2023-2024\nTorneo Apertura\nJornada 3\n8 Agosto 2023 - 18:06 hrs.,https://www.ligafemenil.mx/cancha/estadio/48/estadio-caliente,https://www.ligafemenil.mx/cancha/playlist/133990/tijuana-vs-america
2023-2024,"Apertura",Viernes 11 de Agosto de 2023\nTemporada 2023-2024\nTorneo Apertura\nJornada 5\n11 Agosto 2023 - 19:06 hrs.,https://www.ligafemenil.mx/cancha/estadio/23/estadio-nou-camp,https://www.ligafemenil.mx/cancha/playlist/134004/leon-vs-tijuana
2023-2024,"Apertura",Viernes 11 de Agosto de 2023\nTemporada 2023-2024\nTorneo Apertura\nJornada 5\n11 Agosto 2023 - 21:10 hrs.,https://www.ligafemenil.mx/cancha/estadio/63/estadio-tsm-corona,https://www.ligafemenil.mx/cancha/playlist/134005/santos-laguna-vs-gallos-blancos-de-queretaro
2023-2024,"Apertura",Sábado 12 de Agosto de 2023\nTemporada 2023-2024\nTorneo Apertura\nJornada 5\n12 Agosto 2023 - 12:00 hrs.,https://www.ligafemenil.mx/cancha/estadio/1/estadio-azteca,https://www.ligafemenil.mx/cancha/playlist/134006/cruz-azul-vs-rayados-de-monterrey
2023-2024,"Apertura",Sábado 12 de Agosto de 2023\nTemporada 2023-2024\nTorneo Apertura\nJornada 5\n12 Agosto 2023 - 19:00 hrs.,https://www.ligafemenil.mx/cancha/estadio/15/estadio-victoria,https://www.ligafemenil.mx/cancha/playlist/134008/necaxa-vs-guadalajara
2023-2024,"Apertura",Sábado 12 de Agosto de 2023\nTemporada 2023-2024\nTorneo Apertura\nJornada 5\n12 Agosto 2023 - 21:00 hrs.,https://www.ligafemenil.mx/cancha/estadio/12/estadio-universitario,https://www.ligafemenil.mx/cancha/playlist/134009/tigres-de-la-uanl-vs-pachuca
2023-2024,"Apertura",Domingo 13 de Agosto de 2023\nTemporada 2023-2024\nTorneo Apertura\nJornada 5\n13 Agosto 2023 - 12:00 hrs.,https://www.ligafemenil.mx/cancha/estadio/9/estadio-cuauhtemoc,https://www.ligafemenil.mx/cancha/playlist/134010/puebla-fc-vs-pumas
2023-2024,"Apertura",Domingo 13 de Agosto de 2023\nTemporada 2023-2024\nTorneo Apertura\nJornada 5\n13 Agosto 2023 - 12:00 hrs.,https://www.ligafemenil.mx/cancha/estadio/6/estadio-nemesio-diez,https://www.ligafemenil.mx/cancha/playlist/134011/toluca-vs-fc-juarez
2023-2024,"Apertura",Domingo 13 de Agosto de 2023\nTemporada 2023-2024\nTorneo Apertura\nJornada 5\n13 Agosto 2023 - 17:00 hrs.,https://www.ligafemenil.mx/cancha/estadio/14/estadio-alfonso-lastras-ramirez,https://www.ligafemenil.mx/cancha/playlist/134012/club-atletico-de-san-luis-vs-mazatlan-fc
2023-2024,"Apertura",Martes 15 de Agosto de 2023\nTemporada 2023-2024\nTorneo Apertura\nJornada 5\n15 Agosto 2023 - 09:30 hrs.,https://www.ligafemenil.mx/cancha/estadio/789/estadio-cecaf,https://www.ligafemenil.mx/cancha/playlist/134007/atlas-vs-america
2023-2024,"Apertura",Miércoles 16 de Agosto de 2023\nTemporada 2023-2024\nTorneo Apertura\nJornada 6\n16 Agosto 2023 - 19:00 hrs.,https://www.ligafemenil.mx/cancha/estadio/14/estadio-alfonso-lastras-ramirez,https://www.ligafemenil.mx/cancha/playlist/134013/club-atletico-de-san-luis-vs-santos-laguna
2023-2024,"Apertura",Miércoles 16 de Agosto de 2023\nTemporada 2023-2024\nTorneo Apertura\nJornada 6\n16 Agosto 2023 - 19:06 hrs.,https://www.ligafemenil.mx/cancha/estadio/858/estadio-la-corregidora,https://www.ligafemenil.mx/cancha/playlist/134014/gallos-blancos-de-queretaro-vs-puebla-fc
2023-2024,"Apertura",Miércoles 16 de Agosto de 2023\nTemporada 2023-2024\nTorneo Apertura\nJornada 6\n16 Agosto 2023 - 20:10 hrs.,https://www.ligafemenil.mx/cancha/estadio/48/estadio-caliente,https://www.ligafemenil.mx/cancha/playlist/134015/tijuana-vs-pumas
2023-2024,"Apertura",Jueves 17 de Agosto de 2023\nTemporada 2023-2024\nTorneo Apertura\nJornada 6\n17 Agosto 2023 - 19:00 hrs.,https://www.ligafemenil.mx/cancha/estadio/12/estadio-universitario,https://www.ligafemenil.mx/cancha/playlist/134017/tigres-de-la-uanl-vs-toluca
2023-2024,"Apertura",Jueves 17 de Agosto de 2023\nTemporada 2023-2024\nTorneo Apertura\nJornada 6\n17 Agosto 2023 - 20:10 hrs.,https://www.ligafemenil.mx/cancha/estadio/1697/estadio-mazatlan,https://www.ligafemenil.mx/cancha/playlist/134018/mazatlan-fc-vs-necaxa
2023-2024,"Apertura",Jueves 17 de Agosto de 2023\nTemporada 2023-2024\nTorneo Apertura\nJornada 6\n17 Agosto 2023 - 21:10 hrs.,https://www.ligafemenil.mx/cancha/estadio/1538/estadio-akron,https://www.ligafemenil.mx/cancha/playlist/134019/guadalajara-vs-rayados-de-monterrey
2023-2024,"Apertura",Viernes 18 de Agosto de 2023\nTemporada 2023-2024\nTorneo Apertura\nJornada 6\n18 Agosto 2023 - 19:00 hrs.,https://www.ligafemenil.mx/cancha/estadio/1/estadio-azteca,https://www.ligafemenil.mx/cancha/playlist/134020/america-vs-cruz-azul
2023-2024,"Apertura",Domingo 20 de Agosto de 2023\nTemporada 2023-2024\nTorneo Apertura\nJornada 7\n20 Agosto 2023 - 12:00 hrs.,https://www.ligafemenil.mx/cancha/estadio/9/estadio-cuauhtemoc,https://www.ligafemenil.mx/cancha/playlist/134023/puebla-fc-vs-pachuca
2023-2024,"Apertura",Domingo 20 de Agosto de 2023\nTemporada 2023-2024\nTorneo Apertura\nJornada 7\n20 Agosto 2023 - 20:10 hrs.,https://www.ligafemenil.mx/cancha/estadio/48/estadio-caliente,https://www.ligafemenil.mx/cancha/playlist/134024/tijuana-vs-toluca
2023-2024,"Apertura",Lunes 21 de Agosto de 2023\nTemporada 2023-2024\nTorneo Apertura\nJornada 7\n21 Agosto 2023 - 15:45 hrs.,https://www.ligafemenil.mx/cancha/estadio/877/estadio-instalaciones-la-noria,https://www.ligafemenil.mx/cancha/playlist/134025/cruz-azul-vs-guadalajara
2023-2024,"Apertura",Lunes 21 de Agosto de 2023\nTemporada 2023-2024\nTorneo Apertura\nJornada 7\n21 Agosto 2023 - 17:00 hrs.,https://www.ligafemenil.mx/cancha/estadio/7/estadio-olimpico-universitario,https://www.ligafemenil.mx/cancha/playlist/134027/pumas-vs-mazatlan-fc
2023-2024,"Apertura",Lunes 21 de Agosto de 2023\nTemporada 2023-2024\nTorneo Apertura\nJornada 7\n21 Agosto 2023 - 19:00 hrs.,https://www.ligafemenil.mx/cancha/estadio/15/estadio-victoria,https://www.ligafemenil.mx/cancha/playlist/134031/necaxa-vs-gallos-blancos-de-queretaro
2023-2024,"Apertura",Lunes 21 de Agosto de 2023\nTemporada 2023-2024\nTorneo Apertura\nJornada 7\n21 Agosto 2023 - 19:06 hrs.,https://www.ligafemenil.mx/cancha/estadio/23/estadio-nou-camp,https://www.ligafemenil.mx/cancha/playlist/134028/leon-vs-america
2023-2024,"Apertura",Lunes 21 de Agosto de 2023\nTemporada 2023-2024\nTorneo Apertura\nJornada 7\n21 Agosto 2023 - 21:00 hrs.,https://www.ligafemenil.mx/cancha/estadio/1608/estadio-bbva,https://www.ligafemenil.mx/cancha/playlist/134029/rayados-de-monterrey-vs-fc-juarez
2023-2024,"Apertura",Lunes 21 de Agosto de 2023\nTemporada 2023-2024\nTorneo Apertura\nJornada 7\n21 Agosto 2023 - 21:10 hrs.,https://www.ligafemenil.mx/cancha/estadio/63/estadio-tsm-corona,https://www.ligafemenil.mx/cancha/playlist/134030/santos-laguna-vs-tigres-de-la-uanl
2023-2024,"Apertura",Viernes 25 de Agosto de 2023\nTemporada 2023-2024\nTorneo Apertura\nJornada 8\n25 Agosto 2023 - 19:00 hrs.,https://www.ligafemenil.mx/cancha/estadio/12/estadio-universitario,https://www.ligafemenil.mx/cancha/playlist/134032/tigres-de-la-uanl-vs-atlas
2023-2024,"Apertura",Viernes 25 de Agosto de 2023\nTemporada 2023-2024\nTorneo Apertura\nJornada 8\n25 Agosto 2023 - 18:06 hrs.,https://www.ligafemenil.mx/cancha/estadio/1697/estadio-mazatlan,https://www.ligafemenil.mx/cancha/playlist/134038/mazatlan-fc-vs-america
2023-2024,"Apertura",Viernes 25 de Agosto de 2023\nTemporada 2023-2024\nTorneo Apertura\nJornada 8\n25 Agosto 2023 - 21:00 hrs.,https://www.ligafemenil.mx/cancha/estadio/1608/estadio-bbva,https://www.ligafemenil.mx/cancha/playlist/134034/rayados-de-monterrey-vs-pumas
2023-2024,"Apertura",Viernes 25 de Agosto de 2023\nTemporada 2023-2024\nTorneo Apertura\nJornada 8\n25 Agosto 2023 - 21:10 hrs.,https://www.ligafemenil.mx/cancha/estadio/17/estadio-olimpico-benito-juarez,https://www.ligafemenil.mx/cancha/playlist/134033/fc-juarez-vs-pachuca
2023-2024,"Apertura",Sábado 26 de Agosto de 2023\nTemporada 2023-2024\nTorneo Apertura\nJornada 8\n26 Agosto 2023 - 12:00 hrs.,https://www.ligafemenil.mx/cancha/estadio/877/estadio-instalaciones-la-noria,https://www.ligafemenil.mx/cancha/playlist/134035/cruz-azul-vs-gallos-blancos-de-queretaro
2023-2024,"Apertura",Domingo 27 de Agosto de 2023\nTemporada 2023-2024\nTorneo Apertura\nJornada 8\n27 Agosto 2023 - 17:00 hrs.,https://www.ligafemenil.mx/cancha/estadio/14/estadio-alfonso-lastras-ramirez,https://www.ligafemenil.mx/cancha/playlist/134036/club-atletico-de-san-luis-vs-guadalajara
2023-2024,"Apertura",Domingo 27 de Agosto de 2023\nTemporada 2023-2024\nTorneo Apertura\nJornada 8\n27 Agosto 2023 - 17:00 hrs.,https://www.ligafemenil.mx/cancha/estadio/23/estadio-nou-camp,https://www.ligafemenil.mx/cancha/playlist/134037/leon-vs-puebla-fc
2023-2024,"Apertura",Lunes 28 de Agosto de 2023\nTemporada 2023-2024\nTorneo Apertura\nJornada 8\n28 Agosto 2023 - 17:00 hrs.,https://www.ligafemenil.mx/cancha/estadio/6/estadio-nemesio-diez,https://www.ligafemenil.mx/cancha/playlist/134039/toluca-vs-necaxa
2023-2024,"Apertura",Lunes 28 de Agosto de 2023\nTemporada 2023-2024\nTorneo Apertura\nJornada 8\n28 Agosto 2023 - 19:06 hrs.,https://www.ligafemenil.mx/cancha/estadio/63/estadio-tsm-corona,https://www.ligafemenil.mx/cancha/playlist/134040/santos-laguna-vs-tijuana
2023-2024,"Apertura",Miércoles 30 de Agosto de 2023\nTemporada 2023-2024\nTorneo Apertura\nJornada 6\n30 Agosto 2023 - 19:06 hrs.,https://www.ligafemenil.mx/cancha/estadio/11/estadio-hidalgo,https://www.ligafemenil.mx/cancha/playlist/134016/pachuca-vs-atlas
2023-2024,"Apertura",Viernes 1 de Septiembre de 2023\nTemporada 2023-2024\nTorneo Apertura\nJornada 9\n1 Septiembre 2023 - 17:06 hrs.,https://www.ligafemenil.mx/cancha/estadio/858/estadio-la-corregidora,https://www.ligafemenil.mx/cancha/playlist/134041/gallos-blancos-de-queretaro-vs-toluca
2023-2024,"Apertura",Sábado 2 de Septiembre de 2023\nTemporada 2023-2024\nTorneo Apertura\nJornada 9\n2 Septiembre 2023 - 12:00 hrs.,https://www.ligafemenil.mx/cancha/estadio/7/estadio-olimpico-universitario,https://www.ligafemenil.mx/cancha/playlist/134043/pumas-vs-leon
2023-2024,"Apertura",Domingo 3 de Septiembre de 2023\nTemporada 2023-2024\nTorneo Apertura\nJornada 9\n3 Septiembre 2023 - 12:00 hrs.,https://www.ligafemenil.mx/cancha/estadio/1538/estadio-akron,https://www.ligafemenil.mx/cancha/playlist/134045/guadalajara-vs-fc-juarez
2023-2024,"Apertura",Domingo 3 de Septiembre de 2023\nTemporada 2023-2024\nTorneo Apertura\nJornada 9\n3 Septiembre 2023 - 16:06 hrs.,https://www.ligafemenil.mx/cancha/estadio/9/estadio-cuauhtemoc,https://www.ligafemenil.mx/cancha/playlist/134044/puebla-fc-vs-club-atletico-de-san-luis
2023-2024,"Apertura",Domingo 3 de Septiembre de 2023\nTemporada 2023-2024\nTorneo Apertura\nJornada 9\n3 Septiembre 2023 - 19:06 hrs.,https://www.ligafemenil.mx/cancha/estadio/48/estadio-caliente,https://www.ligafemenil.mx/cancha/playlist/134046/tijuana-vs-rayados-de-monterrey
2023-2024,"Apertura",Lunes 4 de Septiembre de 2023\nTemporada 2023-2024\nTorneo Apertura\nJornada 9\n4 Septiembre 2023 - 17:00 hrs.,https://www.ligafemenil.mx/cancha/estadio/15/estadio-victoria,https://www.ligafemenil.mx/cancha/playlist/134047/necaxa-vs-cruz-azul
2023-2024,"Apertura",Lunes 4 de Septiembre de 2023\nTemporada 2023-2024\nTorneo Apertura\nJornada 9\n4 Septiembre 2023 - 19:06 hrs.,https://www.ligafemenil.mx/cancha/estadio/11/estadio-hidalgo,https://www.ligafemenil.mx/cancha/playlist/134048/pachuca-vs-mazatlan-fc
2023-2024,"Apertura",Lunes 4 de Septiembre de 2023\nTemporada 2023-2024\nTorneo Apertura\nJornada 9\n4 Septiembre 2023 - 21:10 hrs.,https://www.ligafemenil.mx/cancha/estadio/5/estadio-jalisco,https://www.ligafemenil.mx/cancha/playlist/134042/atlas-vs-santos-laguna
2023-2024,"Apertura",Miércoles 6 de Septiembre de 2023\nTemporada 2023-2024\nTorneo Apertura\nJornada 9\n6 Septiembre 2023 - 19:00 hrs.,https://www.ligafemenil.mx/cancha/estadio/1/estadio-azteca,https://www.ligafemenil.mx/cancha/playlist/134049/america-vs-tigres-de-la-uanl
2023-2024,"Apertura",Jueves 7 de Septiembre de 2023\nTemporada 2023-2024\nTorneo Apertura\nJornada 7\n7 Septiembre 2023 - 19:06 hrs.,https://www.ligafemenil.mx/cancha/estadio/5/estadio-jalisco,https://www.ligafemenil.mx/cancha/playlist/134026/atlas-vs-club-atletico-de-san-luis
2023-2024,"Apertura",Sábado 9 de Septiembre de 2023\nTemporada 2023-2024\nTorneo Apertura\nJornada 10\n9 Septiembre 2023 - 17:00 hrs.,https://www.ligafemenil.mx/cancha/estadio/1538/estadio-akron,https://www.ligafemenil.mx/cancha/playlist/134051/guadalajara-vs-gallos-blancos-de-queretaro
2023-2024,"Apertura",Sábado 9 de Septiembre de 2023\nTemporada 2023-2024\nTorneo Apertura\nJornada 10\n9 Septiembre 2023 - 18:06 hrs.,https://www.ligafemenil.mx/cancha/estadio/1697/estadio-mazatlan,https://www.ligafemenil.mx/cancha/playlist/134055/mazatlan-fc-vs-tijuana
2023-2024,"Apertura",Domingo 10 de Septiembre de 2023\nTemporada 2023-2024\nTorneo Apertura\nJornada 10\n10 Septiembre 2023 - 16:00 hrs.,https://www.ligafemenil.mx/cancha/estadio/11/estadio-hidalgo,https://www.ligafemenil.mx/cancha/playlist/134053/pachuca-vs-pumas
2023-2024,"Apertura",Domingo 10 de Septiembre de 2023\nTemporada 2023-2024\nTorneo Apertura\nJornada 10\n10 Septiembre 2023 - 18:06 hrs.,https://www.ligafemenil.mx/cancha/estadio/63/estadio-tsm-corona,https://www.ligafemenil.mx/cancha/playlist/134054/santos-laguna-vs-rayados-de-monterrey
2023-2024,"Apertura",Domingo 10 de Septiembre de 2023\nTemporada 2023-2024\nTorneo Apertura\nJornada 10\n10 Septiembre 2023 - 20:06 hrs.,https://www.ligafemenil.mx/cancha/estadio/17/estadio-olimpico-benito-juarez,https://www.ligafemenil.mx/cancha/playlist/134056/fc-juarez-vs-necaxa
2023-2024,"Apertura",Lunes 11 de Septiembre de 2023\nTemporada 2023-2024\nTorneo Apertura\nJornada 10\n11 Septiembre 2023 - 15:45 hrs.,https://www.ligafemenil.mx/cancha/estadio/877/estadio-instalaciones-la-noria,https://www.ligafemenil.mx/cancha/playlist/134050/cruz-azul-vs-atlas
2023-2024,"Apertura",Lunes 11 de Septiembre de 2023\nTemporada 2023-2024\nTorneo Apertura\nJornada 10\n11 Septiembre 2023 - 19:00 hrs.,https://www.ligafemenil.mx/cancha/estadio/12/estadio-universitario,https://www.ligafemenil.mx/cancha/playlist/134058/tigres-de-la-uanl-vs-leon
2023-2024,"Apertura",Martes 12 de Septiembre de 2023\nTemporada 2023-2024\nTorneo Apertura\nJornada 10\n12 Septiembre 2023 - 20:00 hrs.,https://www.ligafemenil.mx/cancha/estadio/14/estadio-alfonso-lastras-ramirez,https://www.ligafemenil.mx/cancha/playlist/134057/club-atletico-de-san-luis-vs-america
2023-2024,"Apertura",Jueves 14 de Septiembre de 2023\nTemporada 2023-2024\nTorneo Apertura\nJornada 14\n14 Septiembre 2023 - 21:06 hrs.,https://www.ligafemenil.mx/cancha/estadio/17/estadio-olimpico-benito-juarez,https://www.ligafemenil.mx/cancha/playlist/134093/fc-juarez-vs-puebla-fc
2023-2024,"Apertura",Viernes 15 de Septiembre de 2023\nTemporada 2023-2024\nTorneo Apertura\nJornada 11\n15 Septiembre 2023 - 17:00 hrs.,https://www.ligafemenil.mx/cancha/estadio/15/estadio-victoria,https://www.ligafemenil.mx/cancha/playlist/134061/necaxa-vs-santos-laguna
2023-2024,"Apertura",Viernes 15 de Septiembre de 2023\nTemporada 2023-2024\nTorneo Apertura\nJornada 11\n15 Septiembre 2023 - 17:06 hrs.,https://www.ligafemenil.mx/cancha/estadio/858/estadio-la-corregidora,https://www.ligafemenil.mx/cancha/playlist/134060/gallos-blancos-de-queretaro-vs-tigres-de-la-uanl
2023-2024,"Apertura",Viernes 15 de Septiembre de 2023\nTemporada 2023-2024\nTorneo Apertura\nJornada 11\n15 Septiembre 2023 - 21:00 hrs.,https://www.ligafemenil.mx/cancha/estadio/1608/estadio-bbva,https://www.ligafemenil.mx/cancha/playlist/134062/rayados-de-monterrey-vs-pachuca
2023-2024,"Apertura",Sábado 16 de Septiembre de 2023\nTemporada 2023-2024\nTorneo Apertura\nJornada 11\n16 Septiembre 2023 - 12:00 hrs.,https://www.ligafemenil.mx/cancha/estadio/7/estadio-olimpico-universitario,https://www.ligafemenil.mx/cancha/playlist/134063/pumas-vs-toluca
2023-2024,"Apertura",Domingo 17 de Septiembre de 2023\nTemporada 2023-2024\nTorneo Apertura\nJornada 11\n17 Septiembre 2023 - 12:00 hrs.,https://www.ligafemenil.mx/cancha/estadio/9/estadio-cuauhtemoc,https://www.ligafemenil.mx/cancha/playlist/134064/puebla-fc-vs-cruz-azul
2023-2024,"Apertura",Domingo 17 de Septiembre de 2023\nTemporada 2023-2024\nTorneo Apertura\nJornada 11\n17 Septiembre 2023 - 17:00 hrs.,https://www.ligafemenil.mx/cancha/estadio/1/estadio-azteca,https://www.ligafemenil.mx/cancha/playlist/134065/america-vs-guadalajara
2023-2024,"Apertura",Domingo 17 de Septiembre de 2023\nTemporada 2023-2024\nTorneo Apertura\nJornada 11\n17 Septiembre 2023 - 19:06 hrs.,https://www.ligafemenil.mx/cancha/estadio/23/estadio-nou-camp,https://www.ligafemenil.mx/cancha/playlist/134066/leon-vs-club-atletico-de-san-luis
2023-2024,"Apertura",Domingo 17 de Septiembre de 2023\nTemporada 2023-2024\nTorneo Apertura\nJornada 11\n17 Septiembre 2023 - 18:06 hrs.,https://www.ligafemenil.mx/cancha/estadio/48/estadio-caliente,https://www.ligafemenil.mx/cancha/playlist/134059/tijuana-vs-atlas
2023-2024,"Apertura",Domingo 17 de Septiembre de 2023\nTemporada 2023-2024\nTorneo Apertura\nJornada 11\n17 Septiembre 2023 - 20:10 hrs.,https://www.ligafemenil.mx/cancha/estadio/1697/estadio-mazatlan,https://www.ligafemenil.mx/cancha/playlist/134067/mazatlan-fc-vs-fc-juarez
2023-2024,"Apertura",Viernes 29 de Septiembre de 2023\nTemporada 2023-2024\nTorneo Apertura\nJornada 12\n29 Septiembre 2023 - 17:00 hrs.,https://www.ligafemenil.mx/cancha/estadio/15/estadio-victoria,https://www.ligafemenil.mx/cancha/playlist/134068/necaxa-vs-rayados-de-monterrey
2023-2024,"Apertura",Sábado 30 de Septiembre de 2023\nTemporada 2023-2024\nTorneo Apertura\nJornada 12\n30 Septiembre 2023 - 12:00 hrs.,https://www.ligafemenil.mx/cancha/estadio/877/estadio-instalaciones-la-noria,https://www.ligafemenil.mx/cancha/playlist/134069/cruz-azul-vs-leon
2023-2024,"Apertura",Domingo 1 de Octubre de 2023\nTemporada 2023-2024\nTorneo Apertura\nJornada 12\n1 Octubre 2023 - 16:00 hrs.,https://www.ligafemenil.mx/cancha/estadio/1538/estadio-akron,https://www.ligafemenil.mx/cancha/playlist/134070/guadalajara-vs-mazatlan-fc
2023-2024,"Apertura",Domingo 1 de Octubre de 2023\nTemporada 2023-2024\nTorneo Apertura\nJornada 12\n1 Octubre 2023 - 18:06 hrs.,https://www.ligafemenil.mx/cancha/estadio/11/estadio-hidalgo,https://www.ligafemenil.mx/cancha/playlist/134071/pachuca-vs-america
2023-2024,"Apertura",Domingo 1 de Octubre de 2023\nTemporada 2023-2024\nTorneo Apertura\nJornada 12\n1 Octubre 2023 - 20:06 hrs.,https://www.ligafemenil.mx/cancha/estadio/17/estadio-olimpico-benito-juarez,https://www.ligafemenil.mx/cancha/playlist/134072/fc-juarez-vs-gallos-blancos-de-queretaro
2023-2024,"Apertura",Lunes 2 de Octubre de 2023\nTemporada 2023-2024\nTorneo Apertura\nJornada 12\n2 Octubre 2023 - 19:00 hrs.,https://www.ligafemenil.mx/cancha/estadio/14/estadio-alfonso-lastras-ramirez,https://www.ligafemenil.mx/cancha/playlist/134074/club-atletico-de-san-luis-vs-tijuana
2023-2024,"Apertura",Lunes 2 de Octubre de 2023\nTemporada 2023-2024\nTorneo Apertura\nJornada 12\n2 Octubre 2023 - 19:00 hrs.,https://www.ligafemenil.mx/cancha/estadio/12/estadio-universitario,https://www.ligafemenil.mx/cancha/playlist/134075/tigres-de-la-uanl-vs-pumas
2023-2024,"Apertura",Lunes 2 de Octubre de 2023\nTemporada 2023-2024\nTorneo Apertura\nJornada 12\n2 Octubre 2023 - 19:06 hrs.,https://www.ligafemenil.mx/cancha/estadio/5/estadio-jalisco,https://www.ligafemenil.mx/cancha/playlist/134073/atlas-vs-puebla-fc
2023-2024,"Apertura",Lunes 2 de Octubre de 2023\nTemporada 2023-2024\nTorneo Apertura\nJornada 12\n2 Octubre 2023 - 21:10 hrs.,https://www.ligafemenil.mx/cancha/estadio/63/estadio-tsm-corona,https://www.ligafemenil.mx/cancha/playlist/134076/santos-laguna-vs-toluca
2023-2024,"Apertura",Miércoles 4 de Octubre de 2023\nTemporada 2023-2024\nTorneo Apertura\nJornada 6\n4 Octubre 2023 - 21:00 hrs.,https://www.ligafemenil.mx/cancha/estadio/17/estadio-olimpico-benito-juarez,https://www.ligafemenil.mx/cancha/playlist/134021/fc-juarez-vs-leon
2023-2024,"Apertura",Jueves 5 de Octubre de 2023\nTemporada 2023-2024\nTorneo Apertura\nJornada 10\n5 Octubre 2023 - 17:00 hrs.,https://www.ligafemenil.mx/cancha/estadio/6/estadio-nemesio-diez,https://www.ligafemenil.mx/cancha/playlist/134052/toluca-vs-puebla-fc
2023-2024,"Apertura",Viernes 6 de Octubre de 2023\nTemporada 2023-2024\nTorneo Apertura\nJornada 13\n6 Octubre 2023 - 15:45 hrs.,https://www.ligafemenil.mx/cancha/estadio/877/estadio-instalaciones-la-noria,https://www.ligafemenil.mx/cancha/playlist/134077/cruz-azul-vs-club-atletico-de-san-luis
2023-2024,"Apertura",Viernes 6 de Octubre de 2023\nTemporada 2023-2024\nTorneo Apertura\nJornada 13\n6 Octubre 2023 - 19:00 hrs.,https://www.ligafemenil.mx/cancha/estadio/5/estadio-jalisco,https://www.ligafemenil.mx/cancha/playlist/134078/atlas-vs-mazatlan-fc
2023-2024,"Apertura",Domingo 8 de Octubre de 2023\nTemporada 2023-2024\nTorneo Apertura\nJornada 13\n8 Octubre 2023 - 12:00 hrs.,https://www.ligafemenil.mx/cancha/estadio/9/estadio-cuauhtemoc,https://www.ligafemenil.mx/cancha/playlist/134080/puebla-fc-vs-santos-laguna
2023-2024,"Apertura",Domingo 8 de Octubre de 2023\nTemporada 2023-2024\nTorneo Apertura\nJornada 13\n8 Octubre 2023 - 15:45 hrs.,https://www.ligafemenil.mx/cancha/estadio/1421/estadio-cancha-centenario-no-5-natural-instalaciones-club-america,https://www.ligafemenil.mx/cancha/playlist/134081/america-vs-fc-juarez
2023-2024,"Apertura",Domingo 8 de Octubre de 2023\nTemporada 2023-2024\nTorneo Apertura\nJornada 13\n8 Octubre 2023 - 16:00 hrs.,https://www.ligafemenil.mx/cancha/estadio/48/estadio-caliente,https://www.ligafemenil.mx/cancha/playlist/134079/tijuana-vs-tigres-de-la-uanl
2023-2024,"Apertura",Domingo 8 de Octubre de 2023\nTemporada 2023-2024\nTorneo Apertura\nJornada 13\n8 Octubre 2023 - 21:06 hrs.,https://www.ligafemenil.mx/cancha/estadio/23/estadio-nou-camp,https://www.ligafemenil.mx/cancha/playlist/134084/leon-vs-pachuca
2023-2024,"Apertura",Lunes 9 de Octubre de 2023\nTemporada 2023-2024\nTorneo Apertura\nJornada 13\n9 Octubre 2023 - 17:00 hrs.,https://www.ligafemenil.mx/cancha/estadio/6/estadio-nemesio-diez,https://www.ligafemenil.mx/cancha/playlist/134082/toluca-vs-guadalajara
2023-2024,"Apertura",Lunes 9 de Octubre de 2023\nTemporada 2023-2024\nTorneo Apertura\nJornada 13\n9 Octubre 2023 - 19:00 hrs.,https://www.ligafemenil.mx/cancha/estadio/7/estadio-olimpico-universitario,https://www.ligafemenil.mx/cancha/playlist/134083/pumas-vs-necaxa
2023-2024,"Apertura",Lunes 9 de Octubre de 2023\nTemporada 2023-2024\nTorneo Apertura\nJornada 13\n9 Octubre 2023 - 21:00 hrs.,https://www.ligafemenil.mx/cancha/estadio/1608/estadio-bbva,https://www.ligafemenil.mx/cancha/playlist/134085/rayados-de-monterrey-vs-gallos-blancos-de-queretaro
2023-2024,"Apertura",Miércoles 11 de Octubre de 2023\nTemporada 2023-2024\nTorneo Apertura\nJornada 14\n11 Octubre 2023 - 18:06 hrs.,https://www.ligafemenil.mx/cancha/estadio/1697/estadio-mazatlan,https://www.ligafemenil.mx/cancha/playlist/134086/mazatlan-fc-vs-santos-laguna
2023-2024,"Apertura",Jueves 12 de Octubre de 2023\nTemporada 2023-2024\nTorneo Apertura\nJornada 14\n12 Octubre 2023 - 15:45 hrs.,https://www.ligafemenil.mx/cancha/estadio/1421/estadio-cancha-centenario-no-5-natural-instalaciones-club-america,https://www.ligafemenil.mx/cancha/playlist/134092/america-vs-necaxa
2023-2024,"Apertura",Jueves 12 de Octubre de 2023\nTemporada 2023-2024\nTorneo Apertura\nJornada 14\n12 Octubre 2023 - 17:06 hrs.,https://www.ligafemenil.mx/cancha/estadio/25/estadio-la-corregidora,https://www.ligafemenil.mx/cancha/playlist/134087/gallos-blancos-de-queretaro-vs-pumas
2023-2024,"Apertura",Jueves 12 de Octubre de 2023\nTemporada 2023-2024\nTorneo Apertura\nJornada 14\n12 Octubre 2023 - 18:00 hrs.,https://www.ligafemenil.mx/cancha/estadio/6/estadio-nemesio-diez,https://www.ligafemenil.mx/cancha/playlist/134088/toluca-vs-atlas
2023-2024,"Apertura",Jueves 12 de Octubre de 2023\nTemporada 2023-2024\nTorneo Apertura\nJornada 14\n12 Octubre 2023 - 19:00 hrs.,https://www.ligafemenil.mx/cancha/estadio/14/estadio-alfonso-lastras-ramirez,https://www.ligafemenil.mx/cancha/playlist/134090/club-atletico-de-san-luis-vs-rayados-de-monterrey
2023-2024,"Apertura",Jueves 12 de Octubre de 2023\nTemporada 2023-2024\nTorneo Apertura\nJornada 14\n12 Octubre 2023 - 19:10 hrs.,https://www.ligafemenil.mx/cancha/estadio/1538/estadio-akron,https://www.ligafemenil.mx/cancha/playlist/134091/guadalajara-vs-leon
2023-2024,"Apertura",Jueves 12 de Octubre de 2023\nTemporada 2023-2024\nTorneo Apertura\nJornada 14\n12 Octubre 2023 - 20:00 hrs.,https://www.ligafemenil.mx/cancha/estadio/12/estadio-universitario,https://www.ligafemenil.mx/cancha/playlist/134089/tigres-de-la-uanl-vs-cruz-azul
2023-2024,"Apertura",Jueves 12 de Octubre de 2023\nTemporada 2023-2024\nTorneo Apertura\nJornada 14\n12 Octubre 2023 - 21:10 hrs.,https://www.ligafemenil.mx/cancha/estadio/11/estadio-hidalgo,https://www.ligafemenil.mx/cancha/playlist/134094/pachuca-vs-tijuana
2023-2024,"Apertura",Domingo 15 de Octubre de 2023\nTemporada 2023-2024\nTorneo Apertura\nJornada 15\n15 Octubre 2023 - 12:00 hrs.,https://www.ligafemenil.mx/cancha/estadio/877/estadio-instalaciones-la-noria,https://www.ligafemenil.mx/cancha/playlist/134095/cruz-azul-vs-tijuana
2023-2024,"Apertura",Domingo 15 de Octubre de 2023\nTemporada 2023-2024\nTorneo Apertura\nJornada 15\n15 Octubre 2023 - 12:00 hrs.,https://www.ligafemenil.mx/cancha/estadio/9/estadio-cuauhtemoc,https://www.ligafemenil.mx/cancha/playlist/134096/puebla-fc-vs-america
2023-2024,"Apertura",Domingo 15 de Octubre de 2023\nTemporada 2023-2024\nTorneo Apertura\nJornada 15\n15 Octubre 2023 - 17:00 hrs.,https://www.ligafemenil.mx/cancha/estadio/14/estadio-alfonso-lastras-ramirez,https://www.ligafemenil.mx/cancha/playlist/134099/club-atletico-de-san-luis-vs-tigres-de-la-uanl
2023-2024,"Apertura",Domingo 15 de Octubre de 2023\nTemporada 2023-2024\nTorneo Apertura\nJornada 15\n15 Octubre 2023 - 17:00 hrs.,https://www.ligafemenil.mx/cancha/estadio/15/estadio-victoria,https://www.ligafemenil.mx/cancha/playlist/134100/necaxa-vs-atlas
2023-2024,"Apertura",Domingo 15 de Octubre de 2023\nTemporada 2023-2024\nTorneo Apertura\nJornada 15\n15 Octubre 2023 - 18:06 hrs.,https://www.ligafemenil.mx/cancha/estadio/1538/estadio-akron,https://www.ligafemenil.mx/cancha/playlist/134098/guadalajara-vs-pumas
2023-2024,"Apertura",Lunes 16 de Octubre de 2023\nTemporada 2023-2024\nTorneo Apertura\nJornada 15\n16 Octubre 2023 - 17:06 hrs.,https://www.ligafemenil.mx/cancha/estadio/25/estadio-la-corregidora,https://www.ligafemenil.mx/cancha/playlist/134097/gallos-blancos-de-queretaro-vs-pachuca
2023-2024,"Apertura",Lunes 16 de Octubre de 2023\nTemporada 2023-2024\nTorneo Apertura\nJornada 15\n16 Octubre 2023 - 19:00 hrs.,https://www.ligafemenil.mx/cancha/estadio/1608/estadio-bbva,https://www.ligafemenil.mx/cancha/playlist/134101/rayados-de-monterrey-vs-mazatlan-fc
2023-2024,"Apertura",Lunes 16 de Octubre de 2023\nTemporada 2023-2024\nTorneo Apertura\nJornada 15\n16 Octubre 2023 - 19:06 hrs.,https://www.ligafemenil.mx/cancha/estadio/23/estadio-nou-camp,https://www.ligafemenil.mx/cancha/playlist/134102/leon-vs-toluca
2023-2024,"Apertura",Lunes 16 de Octubre de 2023\nTemporada 2023-2024\nTorneo Apertura\nJornada 15\n16 Octubre 2023 - 21:10 hrs.,https://www.ligafemenil.mx/cancha/estadio/63/estadio-tsm-corona,https://www.ligafemenil.mx/cancha/playlist/134103/santos-laguna-vs-fc-juarez
2023-2024,"Apertura",Jueves 19 de Octubre de 2023\nTemporada 2023-2024\nTorneo Apertura\nJornada 16\n19 Octubre 2023 - 15:45 hrs.,https://www.ligafemenil.mx/cancha/estadio/1421/estadio-cancha-centenario-no-5-natural-instalaciones-club-america,https://www.ligafemenil.mx/cancha/playlist/134110/america-vs-gallos-blancos-de-queretaro
2023-2024,"Apertura",Jueves 19 de Octubre de 2023\nTemporada 2023-2024\nTorneo Apertura\nJornada 16\n19 Octubre 2023 - 19:06 hrs.,https://www.ligafemenil.mx/cancha/estadio/5/estadio-jalisco,https://www.ligafemenil.mx/cancha/playlist/134106/atlas-vs-guadalajara
2023-2024,"Apertura",Jueves 19 de Octubre de 2023\nTemporada 2023-2024\nTorneo Apertura\nJornada 16\n19 Octubre 2023 - 21:06 hrs.,https://www.ligafemenil.mx/cancha/estadio/12/estadio-universitario,https://www.ligafemenil.mx/cancha/playlist/134107/tigres-de-la-uanl-vs-rayados-de-monterrey
2023-2024,"Apertura",Jueves 19 de Octubre de 2023\nTemporada 2023-2024\nTorneo Apertura\nJornada 16\n19 Octubre 2023 - 21:10 hrs.,https://www.ligafemenil.mx/cancha/estadio/11/estadio-hidalgo,https://www.ligafemenil.mx/cancha/playlist/134111/pachuca-vs-necaxa
2023-2024,"Apertura",Viernes 20 de Octubre de 2023\nTemporada 2023-2024\nTorneo Apertura\nJornada 16\n20 Octubre 2023 - 17:00 hrs.,https://www.ligafemenil.mx/cancha/estadio/6/estadio-nemesio-diez,https://www.ligafemenil.mx/cancha/playlist/134109/toluca-vs-cruz-azul
2023-2024,"Apertura",Viernes 20 de Octubre de 2023\nTemporada 2023-2024\nTorneo Apertura\nJornada 16\n20 Octubre 2023 - 18:06 hrs.,https://www.ligafemenil.mx/cancha/estadio/1697/estadio-mazatlan,https://www.ligafemenil.mx/cancha/playlist/134104/mazatlan-fc-vs-puebla-fc
2023-2024,"Apertura",Viernes 20 de Octubre de 2023\nTemporada 2023-2024\nTorneo Apertura\nJornada 16\n20 Octubre 2023 - 21:10 hrs.,https://www.ligafemenil.mx/cancha/estadio/63/estadio-tsm-corona,https://www.ligafemenil.mx/cancha/playlist/134112/santos-laguna-vs-leon
2023-2024,"Apertura",Sábado 21 de Octubre de 2023\nTemporada 2023-2024\nTorneo Apertura\nJornada 16\n21 Octubre 2023 - 12:00 hrs.,https://www.ligafemenil.mx/cancha/estadio/7/estadio-olimpico-universitario,https://www.ligafemenil.mx/cancha/playlist/134105/pumas-vs-club-atletico-de-san-luis
2023-2024,"Apertura",Domingo 22 de Octubre de 2023\nTemporada 2023-2024\nTorneo Apertura\nJornada 16\n22 Octubre 2023 - 19:06 hrs.,https://www.ligafemenil.mx/cancha/estadio/48/estadio-caliente,https://www.ligafemenil.mx/cancha/playlist/134108/tijuana-vs-fc-juarez
2023-2024,"Apertura",Viernes 3 de Noviembre de 2023\nTemporada 2023-2024\nTorneo Apertura\nJornada 17\n3 Noviembre 2023 - 17:00 hrs.,https://www.ligafemenil.mx/cancha/estadio/15/estadio-victoria,https://www.ligafemenil.mx/cancha/playlist/134113/necaxa-vs-tigres-de-la-uanl
2023-2024,"Apertura",Viernes 3 de Noviembre de 2023\nTemporada 2023-2024\nTorneo Apertura\nJornada 17\n3 Noviembre 2023 - 17:00 hrs.,https://www.ligafemenil.mx/cancha/estadio/23/estadio-nou-camp,https://www.ligafemenil.mx/cancha/playlist/134114/leon-vs-atlas
2023-2024,"Apertura",Viernes 3 de Noviembre de 2023\nTemporada 2023-2024\nTorneo Apertura\nJornada 17\n3 Noviembre 2023 - 19:00 hrs.,https://www.ligafemenil.mx/cancha/estadio/1538/estadio-akron,https://www.ligafemenil.mx/cancha/playlist/134115/guadalajara-vs-pachuca
2023-2024,"Apertura",Viernes 3 de Noviembre de 2023\nTemporada 2023-2024\nTorneo Apertura\nJornada 17\n3 Noviembre 2023 - 21:00 hrs.,https://www.ligafemenil.mx/cancha/estadio/1608/estadio-bbva,https://www.ligafemenil.mx/cancha/playlist/134116/rayados-de-monterrey-vs-america
2023-2024,"Apertura",Viernes 3 de Noviembre de 2023\nTemporada 2023-2024\nTorneo Apertura\nJornada 17\n3 Noviembre 2023 - 21:10 hrs.,https://www.ligafemenil.mx/cancha/estadio/17/estadio-olimpico-benito-juarez,https://www.ligafemenil.mx/cancha/playlist/134117/fc-juarez-vs-pumas
2023-2024,"Apertura",Sábado 4 de Noviembre de 2023\nTemporada 2023-2024\nTorneo Apertura\nJornada 17\n4 Noviembre 2023 - 12:00 hrs.,https://www.ligafemenil.mx/cancha/estadio/877/estadio-instalaciones-la-noria,https://www.ligafemenil.mx/cancha/playlist/134118/cruz-azul-vs-santos-laguna
2023-2024,"Apertura",Domingo 5 de Noviembre de 2023\nTemporada 2023-2024\nTorneo Apertura\nJornada 17\n5 Noviembre 2023 - 12:00 hrs.,https://www.ligafemenil.mx/cancha/estadio/9/estadio-cuauhtemoc,https://www.ligafemenil.mx/cancha/playlist/134119/puebla-fc-vs-tijuana
2023-2024,"Apertura",Domingo 5 de Noviembre de 2023\nTemporada 2023-2024\nTorneo Apertura\nJornada 17\n5 Noviembre 2023 - 17:00 hrs.,https://www.ligafemenil.mx/cancha/estadio/14/estadio-alfonso-lastras-ramirez,https://www.ligafemenil.mx/cancha/playlist/134120/club-atletico-de-san-luis-vs-toluca
2023-2024,"Apertura",Lunes 6 de Noviembre de 2023\nTemporada 2023-2024\nTorneo Apertura\nJornada 17\n6 Noviembre 2023 - 17:06 hrs.,https://www.ligafemenil.mx/cancha/estadio/25/estadio-la-corregidora,https://www.ligafemenil.mx/cancha/playlist/134121/gallos-blancos-de-queretaro-vs-mazatlan-fc
2023-2024,"Apertura",Jueves 9 de Noviembre de 2023\nTemporada 2023-2024\nTorneo Apertura\nCuartos Ida\n9 Noviembre 2023 - 17:00 hrs.,https://www.ligafemenil.mx/cancha/estadio/6/estadio-nemesio-diez,https://www.ligafemenil.mx/cancha/playlist/136561/toluca-vs-guadalajara
2023-2024,"Apertura",Jueves 9 de Noviembre de 2023\nTemporada 2023-2024\nTorneo Apertura\nCuartos Ida\n9 Noviembre 2023 - 21:06 hrs.,https://www.ligafemenil.mx/cancha/estadio/11/estadio-hidalgo,https://www.ligafemenil.mx/cancha/playlist/136560/pachuca-vs-america
2023-2024,"Apertura",Viernes 10 de Noviembre de 2023\nTemporada 2023-2024\nTorneo Apertura\nCuartos Ida\n10 Noviembre 2023 - 16:06 hrs.,https://www.ligafemenil.mx/cancha/estadio/48/estadio-caliente,https://www.ligafemenil.mx/cancha/playlist/136562/tijuana-vs-rayados-de-monterrey
2023-2024,"Apertura",Viernes 10 de Noviembre de 2023\nTemporada 2023-2024\nTorneo Apertura\nCuartos Ida\n10 Noviembre 2023 - 20:00 hrs.,https://www.ligafemenil.mx/cancha/estadio/7/estadio-olimpico-universitario,https://www.ligafemenil.mx/cancha/playlist/136559/pumas-vs-tigres-de-la-uanl
2023-2024,"Apertura",Domingo 12 de Noviembre de 2023\nTemporada 2023-2024\nTorneo Apertura\nCuartos Vuelta\n12 Noviembre 2023 - 12:00 hrs.,https://www.ligafemenil.mx/cancha/estadio/1/estadio-azteca,https://www.ligafemenil.mx/cancha/playlist/136564/america-vs-pachuca
2023-2024,"Apertura",Domingo 12 de Noviembre de 2023\nTemporada 2023-2024\nTorneo Apertura\nCuartos Vuelta\n12 Noviembre 2023 - 21:06 hrs.,https://www.ligafemenil.mx/cancha/estadio/1538/estadio-akron,https://www.ligafemenil.mx/cancha/playlist/136565/guadalajara-vs-toluca
2023-2024,"Apertura",Lunes 13 de Noviembre de 2023\nTemporada 2023-2024\nTorneo Apertura\nCuartos Vuelta\n13 Noviembre 2023 - 19:00 hrs.,https://www.ligafemenil.mx/cancha/estadio/12/estadio-universitario,https://www.ligafemenil.mx/cancha/playlist/136563/tigres-de-la-uanl-vs-pumas
2023-2024,"Apertura",Lunes 13 de Noviembre de 2023\nTemporada 2023-2024\nTorneo Apertura\nCuartos Vuelta\n13 Noviembre 2023 - 21:05 hrs.,https://www.ligafemenil.mx/cancha/estadio/1608/estadio-bbva,https://www.ligafemenil.mx/cancha/playlist/136566/rayados-de-monterrey-vs-tijuana
2023-2024,"Apertura",Jueves 16 de Noviembre de 2023\nTemporada 2023-2024\nTorneo Apertura\nSemifinal Ida\n16 Noviembre 2023 - 21:06 hrs.,https://www.ligafemenil.mx/cancha/estadio/1538/estadio-akron,https://www.ligafemenil.mx/cancha/playlist/136595/guadalajara-vs-america
2023-2024,"Apertura",Viernes 17 de Noviembre de 2023\nTemporada 2023-2024\nTorneo Apertura\nSemifinal Ida\n17 Noviembre 2023 - 19:00 hrs.,https://www.ligafemenil.mx/cancha/estadio/1608/estadio-bbva,https://www.ligafemenil.mx/cancha/playlist/136594/rayados-de-monterrey-vs-tigres-de-la-uanl
2023-2024,"Apertura",Domingo 19 de Noviembre de 2023\nTemporada 2023-2024\nTorneo Apertura\nSemifinal Vuelta\n19 Noviembre 2023 - 16:00 hrs.,https://www.ligafemenil.mx/cancha/estadio/1/estadio-azteca,https://www.ligafemenil.mx/cancha/playlist/136597/america-vs-guadalajara
2023-2024,"Apertura",Lunes 20 de Noviembre de 2023\nTemporada 2023-2024\nTorneo Apertura\nSemifinal Vuelta\n20 Noviembre 2023 - 20:00 hrs.,https://www.ligafemenil.mx/cancha/estadio/12/estadio-universitario,https://www.ligafemenil.mx/cancha/playlist/136596/tigres-de-la-uanl-vs-rayados-de-monterrey
2023-2024,"Apertura",Viernes 24 de Noviembre de 2023\nTemporada 2023-2024\nTorneo Apertura\nFinal Ida\n24 Noviembre 2023 - 20:00 hrs.,https://www.ligafemenil.mx/cancha/estadio/1/estadio-azteca,https://www.ligafemenil.mx/cancha/playlist/136622/america-vs-tigres-de-la-uanl
2023-2024,"Apertura",Lunes 27 de Noviembre de 2023\nTemporada 2023-2024\nTorneo Apertura\nFinal Vuelta\n27 Noviembre 2023 - 20:00 hrs.,https://www.ligafemenil.mx/cancha/estadio/12/estadio-universitario,https://www.ligafemenil.mx/cancha/playlist/136623/tigres-de-la-uanl-vs-america
2024-2025,"Clausura",Viernes 3 de Enero de 2025\nTemporada 2024-2025\nTorneo Clausura\nJornada 1\n3 Enero 2025 - 19:00 hrs.,https://www.ligafemenil.mx/cancha/estadio/5/estadio-jalisco,https://www.ligafemenil.mx/cancha/playlist/144853/atlas-vs-santos-laguna
2024-2025,"Clausura",Sábado 4 de Enero de 2025\nTemporada 2024-2025\nTorneo Clausura\nJornada 1\n4 Enero 2025 - 12:00 hrs.,https://www.ligafemenil.mx/cancha/estadio/7/estadio-olimpico-universitario,https://www.ligafemenil.mx/cancha/playlist/144854/pumas-vs-club-atletico-de-san-luis
2024-2025,"Clausura",Domingo 5 de Enero de 2025\nTemporada 2024-2025\nTorneo Clausura\nJornada 1\n5 Enero 2025 - 19:00 hrs.,https://www.ligafemenil.mx/cancha/estadio/23/estadio-nou-camp,https://www.ligafemenil.mx/cancha/playlist/144859/leon-vs-toluca
2024-2025,"Clausura",Domingo 5 de Enero de 2025\nTemporada 2024-2025\nTorneo Clausura\nJornada 1\n5 Enero 2025 - 20:06 hrs.,https://www.ligafemenil.mx/cancha/estadio/1931/estadio-el-encanto,https://www.ligafemenil.mx/cancha/playlist/144864/mazatlan-fc-vs-rayados-de-monterrey
2024-2025,"Clausura",Lunes 6 de Enero de 2025\nTemporada 2024-2025\nTorneo Clausura\nJornada 1\n6 Enero 2025 - 17:00 hrs.,https://www.ligafemenil.mx/cancha/estadio/15/estadio-victoria,https://www.ligafemenil.mx/cancha/playlist/144867/necaxa-vs-guadalajara
2024-2025,"Clausura",Lunes 6 de Enero de 2025\nTemporada 2024-2025\nTorneo Clausura\nJornada 1\n6 Enero 2025 - 17:00 hrs.,https://www.ligafemenil.mx/cancha/estadio/25/estadio-la-corregidora,https://www.ligafemenil.mx/cancha/playlist/144852/gallos-blancos-de-queretaro-vs-pachuca
2024-2025,"Clausura",Lunes 6 de Enero de 2025\nTemporada 2024-2025\nTorneo Clausura\nJornada 1\n6 Enero 2025 - 18:00 hrs.,https://www.ligafemenil.mx/cancha/estadio/17/estadio-olimpico-benito-juarez,https://www.ligafemenil.mx/cancha/playlist/144872/fc-juarez-vs-puebla-fc
2024-2025,"Clausura",Lunes 6 de Enero de 2025\nTemporada 2024-2025\nTorneo Clausura\nJornada 1\n6 Enero 2025 - 19:10 hrs.,https://www.ligafemenil.mx/cancha/estadio/2/estadio-ciudad-de-los-deportes,https://www.ligafemenil.mx/cancha/playlist/144870/america-vs-cruz-azul
2024-2025,"Clausura",Lunes 6 de Enero de 2025\nTemporada 2024-2025\nTorneo Clausura\nJornada 1\n6 Enero 2025 - 21:06 hrs.,https://www.ligafemenil.mx/cancha/estadio/12/estadio-universitario,https://www.ligafemenil.mx/cancha/playlist/144877/tigres-de-la-uanl-vs-tijuana
2024-2025,"Clausura",Jueves 9 de Enero de 2025\nTemporada 2024-2025\nTorneo Clausura\nJornada 2\n9 Enero 2025 - 17:00 hrs.,https://www.ligafemenil.mx/cancha/estadio/6/estadio-nemesio-diez,https://www.ligafemenil.mx/cancha/playlist/144885/toluca-vs-mazatlan-fc
2024-2025,"Clausura",Jueves 9 de Enero de 2025\nTemporada 2024-2025\nTorneo Clausura\nJornada 2\n9 Enero 2025 - 19:00 hrs.,https://www.ligafemenil.mx/cancha/estadio/5/estadio-jalisco,https://www.ligafemenil.mx/cancha/playlist/144882/atlas-vs-pachuca
2024-2025,"Clausura",Jueves 9 de Enero de 2025\nTemporada 2024-2025\nTorneo Clausura\nJornada 2\n9 Enero 2025 - 21:00 hrs.,https://www.ligafemenil.mx/cancha/estadio/1608/estadio-bbva,https://www.ligafemenil.mx/cancha/playlist/144883/rayados-de-monterrey-vs-pumas
2024-2025,"Clausura",Viernes 10 de Enero de 2025\nTemporada 2024-2025\nTorneo Clausura\nJornada 2\n10 Enero 2025 - 17:00 hrs.,https://www.ligafemenil.mx/cancha/estadio/63/estadio-tsm-corona,https://www.ligafemenil.mx/cancha/playlist/144892/santos-laguna-vs-guadalajara
2024-2025,"Clausura",Viernes 10 de Enero de 2025\nTemporada 2024-2025\nTorneo Clausura\nJornada 2\n10 Enero 2025 - 17:00 hrs.,https://www.ligafemenil.mx/cancha/estadio/2/estadio-ciudad-de-los-deportes,https://www.ligafemenil.mx/cancha/playlist/144894/america-vs-gallos-blancos-de-queretaro
2024-2025,"Clausura",Sábado 11 de Enero de 2025\nTemporada 2024-2025\nTorneo Clausura\nJornada 2\n11 Enero 2025 - 17:00 hrs.,https://www.ligafemenil.mx/cancha/estadio/23/estadio-nou-camp,https://www.ligafemenil.mx/cancha/playlist/144896/leon-vs-club-atletico-de-san-luis
2024-2025,"Clausura",Domingo 12 de Enero de 2025\nTemporada 2024-2025\nTorneo Clausura\nJornada 2\n12 Enero 2025 - 12:00 hrs.,https://www.ligafemenil.mx/cancha/estadio/9/estadio-cuauhtemoc,https://www.ligafemenil.mx/cancha/playlist/144899/puebla-fc-vs-tigres-de-la-uanl
2024-2025,"Clausura",Domingo 12 de Enero de 2025\nTemporada 2024-2025\nTorneo Clausura\nJornada 2\n12 Enero 2025 - 15:45 hrs.,https://www.ligafemenil.mx/cancha/estadio/1549/estadio-instalaciones-la-noria-cancha-1,https://www.ligafemenil.mx/cancha/playlist/144901/cruz-azul-vs-tijuana
2024-2025,"Clausura",Domingo 12 de Enero de 2025\nTemporada 2024-2025\nTorneo Clausura\nJornada 2\n12 Enero 2025 - 17:00 hrs.,https://www.ligafemenil.mx/cancha/estadio/17/estadio-olimpico-benito-juarez,https://www.ligafemenil.mx/cancha/playlist/144904/fc-juarez-vs-necaxa
2024-2025,"Clausura",Martes 14 de Enero de 2025\nTemporada 2024-2025\nTorneo Clausura\nJornada 3\n14 Enero 2025 - 17:00 hrs.,https://www.ligafemenil.mx/cancha/estadio/7/estadio-olimpico-universitario,https://www.ligafemenil.mx/cancha/playlist/144917/pumas-vs-santos-laguna
2024-2025,"Clausura",Miércoles 15 de Enero de 2025\nTemporada 2024-2025\nTorneo Clausura\nJornada 3\n15 Enero 2025 - 15:45 hrs.,https://www.ligafemenil.mx/cancha/estadio/11/estadio-hidalgo,https://www.ligafemenil.mx/cancha/playlist/144919/pachuca-vs-cruz-azul
2024-2025,"Clausura",Miércoles 15 de Enero de 2025\nTemporada 2024-2025\nTorneo Clausura\nJornada 3\n15 Enero 2025 - 18:00 hrs.,https://www.ligafemenil.mx/cancha/estadio/14/estadio-alfonso-lastras-ramirez,https://www.ligafemenil.mx/cancha/playlist/144924/club-atletico-de-san-luis-vs-rayados-de-monterrey
2024-2025,"Clausura",Miércoles 15 de Enero de 2025\nTemporada 2024-2025\nTorneo Clausura\nJornada 3\n15 Enero 2025 - 19:00 hrs.,https://www.ligafemenil.mx/cancha/estadio/9/estadio-cuauhtemoc,https://www.ligafemenil.mx/cancha/playlist/144930/puebla-fc-vs-leon
2024-2025,"Clausura",Miércoles 15 de Enero de 2025\nTemporada 2024-2025\nTorneo Clausura\nJornada 3\n15 Enero 2025 - 20:00 hrs.,https://www.ligafemenil.mx/cancha/estadio/25/estadio-la-corregidora,https://www.ligafemenil.mx/cancha/playlist/144931/gallos-blancos-de-queretaro-vs-mazatlan-fc
2024-2025,"Clausura",Jueves 16 de Enero de 2025\nTemporada 2024-2025\nTorneo Clausura\nJornada 3\n16 Enero 2025 - 15:45 hrs.,https://www.ligafemenil.mx/cancha/estadio/2009/estadio-instalaciones-casa-club-necaxa-cancha-1,https://www.ligafemenil.mx/cancha/playlist/144933/necaxa-vs-america
2024-2025,"Clausura",Jueves 16 de Enero de 2025\nTemporada 2024-2025\nTorneo Clausura\nJornada 3\n16 Enero 2025 - 19:00 hrs.,https://www.ligafemenil.mx/cancha/estadio/12/estadio-universitario,https://www.ligafemenil.mx/cancha/playlist/144936/tigres-de-la-uanl-vs-atlas
2024-2025,"Clausura",Jueves 16 de Enero de 2025\nTemporada 2024-2025\nTorneo Clausura\nJornada 3\n16 Enero 2025 - 21:06 hrs.,https://www.ligafemenil.mx/cancha/estadio/1538/estadio-akron,https://www.ligafemenil.mx/cancha/playlist/144937/guadalajara-vs-fc-juarez
2024-2025,"Clausura",Viernes 17 de Enero de 2025\nTemporada 2024-2025\nTorneo Clausura\nJornada 3\n17 Enero 2025 - 19:00 hrs.,https://www.ligafemenil.mx/cancha/estadio/48/estadio-caliente,https://www.ligafemenil.mx/cancha/playlist/144939/tijuana-vs-toluca
2024-2025,"Clausura",Domingo 19 de Enero de 2025\nTemporada 2024-2025\nTorneo Clausura\nJornada 4\n19 Enero 2025 - 19:00 hrs.,https://www.ligafemenil.mx/cancha/estadio/1608/estadio-bbva,https://www.ligafemenil.mx/cancha/playlist/144945/rayados-de-monterrey-vs-puebla-fc
2024-2025,"Clausura",Domingo 19 de Enero de 2025\nTemporada 2024-2025\nTorneo Clausura\nJornada 4\n19 Enero 2025 - 20:00 hrs.,https://www.ligafemenil.mx/cancha/estadio/1931/estadio-el-encanto,https://www.ligafemenil.mx/cancha/playlist/144946/mazatlan-fc-vs-pachuca
2024-2025,"Clausura",Lunes 20 de Enero de 2025\nTemporada 2024-2025\nTorneo Clausura\nJornada 4\n20 Enero 2025 - 16:30 hrs.,https://www.ligafemenil.mx/cancha/estadio/23/estadio-nou-camp,https://www.ligafemenil.mx/cancha/playlist/144951/leon-vs-tigres-de-la-uanl
2024-2025,"Clausura",Lunes 20 de Enero de 2025\nTemporada 2024-2025\nTorneo Clausura\nJornada 4\n20 Enero 2025 - 15:45 hrs.,https://www.ligafemenil.mx/cancha/estadio/17/estadio-olimpico-benito-juarez,https://www.ligafemenil.mx/cancha/playlist/144955/fc-juarez-vs-pumas
2024-2025,"Clausura",Lunes 20 de Enero de 2025\nTemporada 2024-2025\nTorneo Clausura\nJornada 4\n20 Enero 2025 - 17:00 hrs.,https://www.ligafemenil.mx/cancha/estadio/14/estadio-alfonso-lastras-ramirez,https://www.ligafemenil.mx/cancha/playlist/144949/club-atletico-de-san-luis-vs-tijuana
2024-2025,"Clausura",Lunes 20 de Enero de 2025\nTemporada 2024-2025\nTorneo Clausura\nJornada 4\n20 Enero 2025 - 19:00 hrs.,https://www.ligafemenil.mx/cancha/estadio/6/estadio-nemesio-diez,https://www.ligafemenil.mx/cancha/playlist/144953/toluca-vs-gallos-blancos-de-queretaro
2024-2025,"Clausura",Martes 21 de Enero de 2025\nTemporada 2024-2025\nTorneo Clausura\nJornada 4\n21 Enero 2025 - 15:45 hrs.,https://www.ligafemenil.mx/cancha/estadio/1549/estadio-instalaciones-la-noria-cancha-1,https://www.ligafemenil.mx/cancha/playlist/144957/cruz-azul-vs-guadalajara
2024-2025,"Clausura",Martes 21 de Enero de 2025\nTemporada 2024-2025\nTorneo Clausura\nJornada 4\n21 Enero 2025 - 19:00 hrs.,https://www.ligafemenil.mx/cancha/estadio/5/estadio-jalisco,https://www.ligafemenil.mx/cancha/playlist/144961/atlas-vs-america
2024-2025,"Clausura",Martes 21 de Enero de 2025\nTemporada 2024-2025\nTorneo Clausura\nJornada 4\n21 Enero 2025 - 21:00 hrs.,https://www.ligafemenil.mx/cancha/estadio/63/estadio-tsm-corona,https://www.ligafemenil.mx/cancha/playlist/144962/santos-laguna-vs-necaxa
2024-2025,"Clausura",Viernes 24 de Enero de 2025\nTemporada 2024-2025\nTorneo Clausura\nJornada 5\n24 Enero 2025 - 16:00 hrs.,https://www.ligafemenil.mx/cancha/estadio/48/estadio-caliente,https://www.ligafemenil.mx/cancha/playlist/144966/tijuana-vs-gallos-blancos-de-queretaro
2024-2025,"Clausura",Sábado 25 de Enero de 2025\nTemporada 2024-2025\nTorneo Clausura\nJornada 5\n25 Enero 2025 - 15:45 hrs.,https://www.ligafemenil.mx/cancha/estadio/2/estadio-ciudad-de-los-deportes,https://www.ligafemenil.mx/cancha/playlist/144979/america-vs-leon
2024-2025,"Clausura",Domingo 26 de Enero de 2025\nTemporada 2024-2025\nTorneo Clausura\nJornada 5\n26 Enero 2025 - 12:00 hrs.,https://www.ligafemenil.mx/cancha/estadio/9/estadio-cuauhtemoc,https://www.ligafemenil.mx/cancha/playlist/144967/puebla-fc-vs-atlas
2024-2025,"Clausura",Domingo 26 de Enero de 2025\nTemporada 2024-2025\nTorneo Clausura\nJornada 5\n26 Enero 2025 - 15:45 hrs.,https://www.ligafemenil.mx/cancha/estadio/1549/estadio-instalaciones-la-noria-cancha-1,https://www.ligafemenil.mx/cancha/playlist/144970/cruz-azul-vs-mazatlan-fc
2024-2025,"Clausura",Domingo 26 de Enero de 2025\nTemporada 2024-2025\nTorneo Clausura\nJornada 5\n26 Enero 2025 - 17:00 hrs.,https://www.ligafemenil.mx/cancha/estadio/1538/estadio-akron,https://www.ligafemenil.mx/cancha/playlist/144972/guadalajara-vs-rayados-de-monterrey
2024-2025,"Clausura",Domingo 26 de Enero de 2025\nTemporada 2024-2025\nTorneo Clausura\nJornada 5\n26 Enero 2025 - 19:06 hrs.,https://www.ligafemenil.mx/cancha/estadio/12/estadio-universitario,https://www.ligafemenil.mx/cancha/playlist/144975/tigres-de-la-uanl-vs-toluca
2024-2025,"Clausura",Domingo 26 de Enero de 2025\nTemporada 2024-2025\nTorneo Clausura\nJornada 5\n26 Enero 2025 - 21:10 hrs.,https://www.ligafemenil.mx/cancha/estadio/11/estadio-hidalgo,https://www.ligafemenil.mx/cancha/playlist/144976/pachuca-vs-club-atletico-de-san-luis
2024-2025,"Clausura",Lunes 27 de Enero de 2025\nTemporada 2024-2025\nTorneo Clausura\nJornada 5\n27 Enero 2025 - 18:00 hrs.,https://www.ligafemenil.mx/cancha/estadio/15/estadio-victoria,https://www.ligafemenil.mx/cancha/playlist/144978/necaxa-vs-pumas
2024-2025,"Clausura",Lunes 27 de Enero de 2025\nTemporada 2024-2025\nTorneo Clausura\nJornada 5\n27 Enero 2025 - 21:00 hrs.,https://www.ligafemenil.mx/cancha/estadio/63/estadio-tsm-corona,https://www.ligafemenil.mx/cancha/playlist/144980/santos-laguna-vs-fc-juarez
2024-2025,"Clausura",Viernes 31 de Enero de 2025\nTemporada 2024-2025\nTorneo Clausura\nJornada 6\n31 Enero 2025 - 17:00 hrs.,https://www.ligafemenil.mx/cancha/estadio/5/estadio-jalisco,https://www.ligafemenil.mx/cancha/playlist/144982/atlas-vs-cruz-azul
2024-2025,"Clausura",Viernes 31 de Enero de 2025\nTemporada 2024-2025\nTorneo Clausura\nJornada 6\n31 Enero 2025 - 17:00 hrs.,https://www.ligafemenil.mx/cancha/estadio/7/estadio-olimpico-universitario,https://www.ligafemenil.mx/cancha/playlist/144986/pumas-vs-toluca
2024-2025,"Clausura",Viernes 31 de Enero de 2025\nTemporada 2024-2025\nTorneo Clausura\nJornada 6\n31 Enero 2025 - 19:00 hrs.,https://www.ligafemenil.mx/cancha/estadio/25/estadio-la-corregidora,https://www.ligafemenil.mx/cancha/playlist/144988/gallos-blancos-de-queretaro-vs-tigres-de-la-uanl
2024-2025,"Clausura",Viernes 31 de Enero de 2025\nTemporada 2024-2025\nTorneo Clausura\nJornada 6\n31 Enero 2025 - 19:00 hrs.,https://www.ligafemenil.mx/cancha/estadio/14/estadio-alfonso-lastras-ramirez,https://www.ligafemenil.mx/cancha/playlist/144990/club-atletico-de-san-luis-vs-santos-laguna
2024-2025,"Clausura",Domingo 2 de Febrero de 2025\nTemporada 2024-2025\nTorneo Clausura\nJornada 6\n2 Febrero 2025 - 19:00 hrs.,https://www.ligafemenil.mx/cancha/estadio/1608/estadio-bbva,https://www.ligafemenil.mx/cancha/playlist/144992/rayados-de-monterrey-vs-tijuana
2024-2025,"Clausura",Domingo 2 de Febrero de 2025\nTemporada 2024-2025\nTorneo Clausura\nJornada 6\n2 Febrero 2025 - 20:00 hrs.,https://www.ligafemenil.mx/cancha/estadio/1931/estadio-el-encanto,https://www.ligafemenil.mx/cancha/playlist/144993/mazatlan-fc-vs-guadalajara
2024-2025,"Clausura",Lunes 3 de Febrero de 2025\nTemporada 2024-2025\nTorneo Clausura\nJornada 6\n3 Febrero 2025 - 15:45 hrs.,https://www.ligafemenil.mx/cancha/estadio/17/estadio-olimpico-benito-juarez,https://www.ligafemenil.mx/cancha/playlist/144998/fc-juarez-vs-leon
2024-2025,"Clausura",Lunes 3 de Febrero de 2025\nTemporada 2024-2025\nTorneo Clausura\nJornada 6\n3 Febrero 2025 - 17:00 hrs.,https://www.ligafemenil.mx/cancha/estadio/15/estadio-victoria,https://www.ligafemenil.mx/cancha/playlist/144995/necaxa-vs-puebla-fc
2024-2025,"Clausura",Lunes 3 de Febrero de 2025\nTemporada 2024-2025\nTorneo Clausura\nJornada 6\n3 Febrero 2025 - 19:00 hrs.,https://www.ligafemenil.mx/cancha/estadio/11/estadio-hidalgo,https://www.ligafemenil.mx/cancha/playlist/144997/pachuca-vs-america
2024-2025,"Clausura",Miércoles 5 de Febrero de 2025\nTemporada 2024-2025\nTorneo Clausura\nJornada 7\n5 Febrero 2025 - 15:45 hrs.,https://www.ligafemenil.mx/cancha/estadio/1549/estadio-instalaciones-la-noria-cancha-1,https://www.ligafemenil.mx/cancha/playlist/145005/cruz-azul-vs-tigres-de-la-uanl
2024-2025,"Clausura",Miércoles 5 de Febrero de 2025\nTemporada 2024-2025\nTorneo Clausura\nJornada 7\n5 Febrero 2025 - 17:00 hrs.,https://www.ligafemenil.mx/cancha/estadio/9/estadio-cuauhtemoc,https://www.ligafemenil.mx/cancha/playlist/145007/puebla-fc-vs-pumas
2024-2025,"Clausura",Miércoles 5 de Febrero de 2025\nTemporada 2024-2025\nTorneo Clausura\nJornada 7\n5 Febrero 2025 - 18:00 hrs.,https://www.ligafemenil.mx/cancha/estadio/6/estadio-nemesio-diez,https://www.ligafemenil.mx/cancha/playlist/145008/toluca-vs-atlas
2024-2025,"Clausura",Miércoles 5 de Febrero de 2025\nTemporada 2024-2025\nTorneo Clausura\nJornada 7\n5 Febrero 2025 - 20:00 hrs.,https://www.ligafemenil.mx/cancha/estadio/1608/estadio-bbva,https://www.ligafemenil.mx/cancha/playlist/145010/rayados-de-monterrey-vs-necaxa
2024-2025,"Clausura",Jueves 6 de Febrero de 2025\nTemporada 2024-2025\nTorneo Clausura\nJornada 7\n6 Febrero 2025 - 19:00 hrs.,https://www.ligafemenil.mx/cancha/estadio/1538/estadio-akron,https://www.ligafemenil.mx/cancha/playlist/145014/guadalajara-vs-club-atletico-de-san-luis
2024-2025,"Clausura",Jueves 6 de Febrero de 2025\nTemporada 2024-2025\nTorneo Clausura\nJornada 7\n6 Febrero 2025 - 20:00 hrs.,https://www.ligafemenil.mx/cancha/estadio/2/estadio-ciudad-de-los-deportes,https://www.ligafemenil.mx/cancha/playlist/145012/america-vs-mazatlan-fc
2024-2025,"Clausura",Jueves 6 de Febrero de 2025\nTemporada 2024-2025\nTorneo Clausura\nJornada 7\n6 Febrero 2025 - 21:00 hrs.,https://www.ligafemenil.mx/cancha/estadio/63/estadio-tsm-corona,https://www.ligafemenil.mx/cancha/playlist/145017/santos-laguna-vs-tijuana
2024-2025,"Clausura",Jueves 6 de Febrero de 2025\nTemporada 2024-2025\nTorneo Clausura\nJornada 7\n6 Febrero 2025 - 20:06 hrs.,https://www.ligafemenil.mx/cancha/estadio/17/estadio-olimpico-benito-juarez,https://www.ligafemenil.mx/cancha/playlist/145019/fc-juarez-vs-gallos-blancos-de-queretaro
2024-2025,"Clausura",Viernes 7 de Febrero de 2025\nTemporada 2024-2025\nTorneo Clausura\nJornada 7\n7 Febrero 2025 - 19:00 hrs.,https://www.ligafemenil.mx/cancha/estadio/23/estadio-nou-camp,https://www.ligafemenil.mx/cancha/playlist/145021/leon-vs-pachuca
2024-2025,"Clausura",Domingo 9 de Febrero de 2025\nTemporada 2024-2025\nTorneo Clausura\nJornada 8\n9 Febrero 2025 - 12:00 hrs.,https://www.ligafemenil.mx/cancha/estadio/6/estadio-nemesio-diez,https://www.ligafemenil.mx/cancha/playlist/145026/toluca-vs-santos-laguna
2024-2025,"Clausura",Lunes 10 de Febrero de 2025\nTemporada 2024-2025\nTorneo Clausura\nJornada 8\n10 Febrero 2025 - 17:00 hrs.,https://www.ligafemenil.mx/cancha/estadio/12/estadio-universitario,https://www.ligafemenil.mx/cancha/playlist/145029/tigres-de-la-uanl-vs-club-atletico-de-san-luis
2024-2025,"Clausura",Lunes 10 de Febrero de 2025\nTemporada 2024-2025\nTorneo Clausura\nJornada 8\n10 Febrero 2025 - 17:00 hrs.,https://www.ligafemenil.mx/cancha/estadio/7/estadio-olimpico-universitario,https://www.ligafemenil.mx/cancha/playlist/145032/pumas-vs-cruz-azul
2024-2025,"Clausura",Lunes 10 de Febrero de 2025\nTemporada 2024-2025\nTorneo Clausura\nJornada 8\n10 Febrero 2025 - 19:00 hrs.,https://www.ligafemenil.mx/cancha/estadio/25/estadio-la-corregidora,https://www.ligafemenil.mx/cancha/playlist/145034/gallos-blancos-de-queretaro-vs-puebla-fc
2024-2025,"Clausura",Lunes 10 de Febrero de 2025\nTemporada 2024-2025\nTorneo Clausura\nJornada 8\n10 Febrero 2025 - 19:06 hrs.,https://www.ligafemenil.mx/cancha/estadio/11/estadio-hidalgo,https://www.ligafemenil.mx/cancha/playlist/145036/pachuca-vs-fc-juarez
2024-2025,"Clausura",Lunes 10 de Febrero de 2025\nTemporada 2024-2025\nTorneo Clausura\nJornada 8\n10 Febrero 2025 - 20:00 hrs.,https://www.ligafemenil.mx/cancha/estadio/2/estadio-ciudad-de-los-deportes,https://www.ligafemenil.mx/cancha/playlist/145038/america-vs-rayados-de-monterrey
2024-2025,"Clausura",Lunes 10 de Febrero de 2025\nTemporada 2024-2025\nTorneo Clausura\nJornada 8\n10 Febrero 2025 - 19:00 hrs.,https://www.ligafemenil.mx/cancha/estadio/48/estadio-caliente,https://www.ligafemenil.mx/cancha/playlist/145040/tijuana-vs-guadalajara
2024-2025,"Clausura",Martes 11 de Febrero de 2025\nTemporada 2024-2025\nTorneo Clausura\nJornada 8\n11 Febrero 2025 - 19:00 hrs.,https://www.ligafemenil.mx/cancha/estadio/5/estadio-jalisco,https://www.ligafemenil.mx/cancha/playlist/145041/atlas-vs-necaxa
2024-2025,"Clausura",Martes 11 de Febrero de 2025\nTemporada 2024-2025\nTorneo Clausura\nJornada 8\n11 Febrero 2025 - 20:06 hrs.,https://www.ligafemenil.mx/cancha/estadio/1931/estadio-el-encanto,https://www.ligafemenil.mx/cancha/playlist/145043/mazatlan-fc-vs-leon
2024-2025,"Clausura",Jueves 13 de Febrero de 2025\nTemporada 2024-2025\nTorneo Clausura\nJornada 9\n13 Febrero 2025 - 21:00 hrs.,https://www.ligafemenil.mx/cancha/estadio/1538/estadio-akron,https://www.ligafemenil.mx/cancha/playlist/145049/guadalajara-vs-toluca
2024-2025,"Clausura",Viernes 14 de Febrero de 2025\nTemporada 2024-2025\nTorneo Clausura\nJornada 9\n14 Febrero 2025 - 16:00 hrs.,https://www.ligafemenil.mx/cancha/estadio/15/estadio-victoria,https://www.ligafemenil.mx/cancha/playlist/145051/necaxa-vs-tijuana
2024-2025,"Clausura",Viernes 14 de Febrero de 2025\nTemporada 2024-2025\nTorneo Clausura\nJornada 9\n14 Febrero 2025 - 17:00 hrs.,https://www.ligafemenil.mx/cancha/estadio/63/estadio-tsm-corona,https://www.ligafemenil.mx/cancha/playlist/145052/santos-laguna-vs-pachuca
2024-2025,"Clausura",Viernes 14 de Febrero de 2025\nTemporada 2024-2025\nTorneo Clausura\nJornada 9\n14 Febrero 2025 - 18:00 hrs.,https://www.ligafemenil.mx/cancha/estadio/7/estadio-olimpico-universitario,https://www.ligafemenil.mx/cancha/playlist/145056/pumas-vs-america
2024-2025,"Clausura",Viernes 14 de Febrero de 2025\nTemporada 2024-2025\nTorneo Clausura\nJornada 9\n14 Febrero 2025 - 20:10 hrs.,https://www.ligafemenil.mx/cancha/estadio/1608/estadio-bbva,https://www.ligafemenil.mx/cancha/playlist/145067/rayados-de-monterrey-vs-tigres-de-la-uanl
2024-2025,"Clausura",Sábado 15 de Febrero de 2025\nTemporada 2024-2025\nTorneo Clausura\nJornada 9\n15 Febrero 2025 - 17:00 hrs.,https://www.ligafemenil.mx/cancha/estadio/14/estadio-alfonso-lastras-ramirez,https://www.ligafemenil.mx/cancha/playlist/145068/club-atletico-de-san-luis-vs-gallos-blancos-de-queretaro
2024-2025,"Clausura",Domingo 16 de Febrero de 2025\nTemporada 2024-2025\nTorneo Clausura\nJornada 9\n16 Febrero 2025 - 12:00 hrs.,https://www.ligafemenil.mx/cancha/estadio/9/estadio-cuauhtemoc,https://www.ligafemenil.mx/cancha/playlist/145070/puebla-fc-vs-cruz-azul
2024-2025,"Clausura",Domingo 16 de Febrero de 2025\nTemporada 2024-2025\nTorneo Clausura\nJornada 9\n16 Febrero 2025 - 17:00 hrs.,https://www.ligafemenil.mx/cancha/estadio/23/estadio-nou-camp,https://www.ligafemenil.mx/cancha/playlist/145072/leon-vs-atlas
2024-2025,"Clausura",Domingo 16 de Febrero de 2025\nTemporada 2024-2025\nTorneo Clausura\nJornada 9\n16 Febrero 2025 - 20:00 hrs.,https://www.ligafemenil.mx/cancha/estadio/17/estadio-olimpico-benito-juarez,https://www.ligafemenil.mx/cancha/playlist/145074/fc-juarez-vs-mazatlan-fc
2024-2025,"Clausura",Jueves 27 de Febrero de 2025\nTemporada 2024-2025\nTorneo Clausura\nJornada 13\n27 Febrero 2025 - 18:00 hrs.,https://www.ligafemenil.mx/cancha/estadio/6/estadio-nemesio-diez,https://www.ligafemenil.mx/cancha/playlist/145152/toluca-vs-necaxa
2024-2025,"Clausura",Viernes 28 de Febrero de 2025\nTemporada 2024-2025\nTorneo Clausura\nJornada 10\n28 Febrero 2025 - 20:00 hrs.,https://www.ligafemenil.mx/cancha/estadio/2/estadio-ciudad-de-los-deportes,https://www.ligafemenil.mx/cancha/playlist/145077/america-vs-club-atletico-de-san-luis
2024-2025,"Clausura",Domingo 2 de Marzo de 2025\nTemporada 2024-2025\nTorneo Clausura\nJornada 10\n2 Marzo 2025 - 16:00 hrs.,https://www.ligafemenil.mx/cancha/estadio/48/estadio-caliente,https://www.ligafemenil.mx/cancha/playlist/145080/tijuana-vs-leon
2024-2025,"Clausura",Domingo 2 de Marzo de 2025\nTemporada 2024-2025\nTorneo Clausura\nJornada 10\n2 Marzo 2025 - 19:00 hrs.,https://www.ligafemenil.mx/cancha/estadio/1931/estadio-el-encanto,https://www.ligafemenil.mx/cancha/playlist/145082/mazatlan-fc-vs-puebla-fc
2024-2025,"Clausura",Lunes 3 de Marzo de 2025\nTemporada 2024-2025\nTorneo Clausura\nJornada 10\n3 Marzo 2025 - 15:45 hrs.,https://www.ligafemenil.mx/cancha/estadio/47/estadio-instalaciones-la-noria-cancha-1,https://www.ligafemenil.mx/cancha/playlist/145084/cruz-azul-vs-rayados-de-monterrey
2024-2025,"Clausura",Lunes 3 de Marzo de 2025\nTemporada 2024-2025\nTorneo Clausura\nJornada 10\n3 Marzo 2025 - 19:00 hrs.,https://www.ligafemenil.mx/cancha/estadio/5/estadio-jalisco,https://www.ligafemenil.mx/cancha/playlist/145085/atlas-vs-pumas
2024-2025,"Clausura",Lunes 3 de Marzo de 2025\nTemporada 2024-2025\nTorneo Clausura\nJornada 10\n3 Marzo 2025 - 19:00 hrs.,https://www.ligafemenil.mx/cancha/estadio/12/estadio-universitario,https://www.ligafemenil.mx/cancha/playlist/145088/tigres-de-la-uanl-vs-guadalajara
2024-2025,"Clausura",Lunes 3 de Marzo de 2025\nTemporada 2024-2025\nTorneo Clausura\nJornada 10\n3 Marzo 2025 - 21:06 hrs.,https://www.ligafemenil.mx/cancha/estadio/11/estadio-hidalgo,https://www.ligafemenil.mx/cancha/playlist/145090/pachuca-vs-necaxa
2024-2025,"Clausura",Martes 4 de Marzo de 2025\nTemporada 2024-2025\nTorneo Clausura\nJornada 10\n4 Marzo 2025 - 17:00 hrs.,https://www.ligafemenil.mx/cancha/estadio/6/estadio-nemesio-diez,https://www.ligafemenil.mx/cancha/playlist/145091/toluca-vs-fc-juarez
2024-2025,"Clausura",Martes 4 de Marzo de 2025\nTemporada 2024-2025\nTorneo Clausura\nJornada 10\n4 Marzo 2025 - 19:00 hrs.,https://www.ligafemenil.mx/cancha/estadio/25/estadio-la-corregidora,https://www.ligafemenil.mx/cancha/playlist/145093/gallos-blancos-de-queretaro-vs-santos-laguna
2024-2025,"Clausura",Jueves 6 de Marzo de 2025\nTemporada 2024-2025\nTorneo Clausura\nJornada 11\n6 Marzo 2025 - 17:00 hrs.,https://www.ligafemenil.mx/cancha/estadio/15/estadio-victoria,https://www.ligafemenil.mx/cancha/playlist/145101/necaxa-vs-tigres-de-la-uanl
2024-2025,"Clausura",Jueves 6 de Marzo de 2025\nTemporada 2024-2025\nTorneo Clausura\nJornada 11\n6 Marzo 2025 - 19:00 hrs.,https://www.ligafemenil.mx/cancha/estadio/1608/estadio-bbva,https://www.ligafemenil.mx/cancha/playlist/145104/rayados-de-monterrey-vs-pachuca
2024-2025,"Clausura",Viernes 7 de Marzo de 2025\nTemporada 2024-2025\nTorneo Clausura\nJornada 11\n7 Marzo 2025 - 16:00 hrs.,https://www.ligafemenil.mx/cancha/estadio/7/estadio-olimpico-universitario,https://www.ligafemenil.mx/cancha/playlist/145105/pumas-vs-mazatlan-fc
2024-2025,"Clausura",Viernes 7 de Marzo de 2025\nTemporada 2024-2025\nTorneo Clausura\nJornada 11\n7 Marzo 2025 - 19:00 hrs.,https://www.ligafemenil.mx/cancha/estadio/1538/estadio-akron,https://www.ligafemenil.mx/cancha/playlist/145107/guadalajara-vs-america
2024-2025,"Clausura",Domingo 9 de Marzo de 2025\nTemporada 2024-2025\nTorneo Clausura\nJornada 11\n9 Marzo 2025 - 12:00 hrs.,https://www.ligafemenil.mx/cancha/estadio/9/estadio-cuauhtemoc,https://www.ligafemenil.mx/cancha/playlist/145109/puebla-fc-vs-tijuana
2024-2025,"Clausura",Domingo 9 de Marzo de 2025\nTemporada 2024-2025\nTorneo Clausura\nJornada 11\n9 Marzo 2025 - 17:00 hrs.,https://www.ligafemenil.mx/cancha/estadio/14/estadio-alfonso-lastras-ramirez,https://www.ligafemenil.mx/cancha/playlist/145111/club-atletico-de-san-luis-vs-toluca
2024-2025,"Clausura",Lunes 10 de Marzo de 2025\nTemporada 2024-2025\nTorneo Clausura\nJornada 11\n10 Marzo 2025 - 19:00 hrs.,https://www.ligafemenil.mx/cancha/estadio/23/estadio-nou-camp,https://www.ligafemenil.mx/cancha/playlist/145112/leon-vs-gallos-blancos-de-queretaro
2024-2025,"Clausura",Lunes 10 de Marzo de 2025\nTemporada 2024-2025\nTorneo Clausura\nJornada 11\n10 Marzo 2025 - 19:00 hrs.,https://www.ligafemenil.mx/cancha/estadio/63/estadio-tsm-corona,https://www.ligafemenil.mx/cancha/playlist/145114/santos-laguna-vs-cruz-azul
2024-2025,"Clausura",Lunes 10 de Marzo de 2025\nTemporada 2024-2025\nTorneo Clausura\nJornada 11\n10 Marzo 2025 - 21:06 hrs.,https://www.ligafemenil.mx/cancha/estadio/17/estadio-olimpico-benito-juarez,https://www.ligafemenil.mx/cancha/playlist/145116/fc-juarez-vs-atlas
2024-2025,"Clausura",Miércoles 12 de Marzo de 2025\nTemporada 2024-2025\nTorneo Clausura\nJornada 12\n12 Marzo 2025 - 19:00 hrs.,https://www.ligafemenil.mx/cancha/estadio/11/estadio-hidalgo,https://www.ligafemenil.mx/cancha/playlist/145122/pachuca-vs-pumas
2024-2025,"Clausura",Miércoles 12 de Marzo de 2025\nTemporada 2024-2025\nTorneo Clausura\nJornada 12\n12 Marzo 2025 - 20:00 hrs.,https://www.ligafemenil.mx/cancha/estadio/2/estadio-ciudad-de-los-deportes,https://www.ligafemenil.mx/cancha/playlist/145121/america-vs-puebla-fc
2024-2025,"Clausura",Jueves 13 de Marzo de 2025\nTemporada 2024-2025\nTorneo Clausura\nJornada 12\n13 Marzo 2025 - 15:45 hrs.,https://www.ligafemenil.mx/cancha/estadio/47/estadio-instalaciones-la-noria-cancha-1,https://www.ligafemenil.mx/cancha/playlist/145124/cruz-azul-vs-toluca
2024-2025,"Clausura",Jueves 13 de Marzo de 2025\nTemporada 2024-2025\nTorneo Clausura\nJornada 12\n13 Marzo 2025 - 17:00 hrs.,https://www.ligafemenil.mx/cancha/estadio/25/estadio-la-corregidora,https://www.ligafemenil.mx/cancha/playlist/145126/gallos-blancos-de-queretaro-vs-guadalajara
2024-2025,"Clausura",Jueves 13 de Marzo de 2025\nTemporada 2024-2025\nTorneo Clausura\nJornada 12\n13 Marzo 2025 - 18:00 hrs.,https://www.ligafemenil.mx/cancha/estadio/15/estadio-victoria,https://www.ligafemenil.mx/cancha/playlist/145146/necaxa-vs-leon
2024-2025,"Clausura",Jueves 13 de Marzo de 2025\nTemporada 2024-2025\nTorneo Clausura\nJornada 12\n13 Marzo 2025 - 19:00 hrs.,https://www.ligafemenil.mx/cancha/estadio/5/estadio-jalisco,https://www.ligafemenil.mx/cancha/playlist/145128/atlas-vs-rayados-de-monterrey
2024-2025,"Clausura",Jueves 13 de Marzo de 2025\nTemporada 2024-2025\nTorneo Clausura\nJornada 12\n13 Marzo 2025 - 20:00 hrs.,https://www.ligafemenil.mx/cancha/estadio/48/estadio-caliente,https://www.ligafemenil.mx/cancha/playlist/145145/tijuana-vs-fc-juarez
2024-2025,"Clausura",Viernes 14 de Marzo de 2025\nTemporada 2024-2025\nTorneo Clausura\nJornada 12\n14 Marzo 2025 - 18:00 hrs.,https://www.ligafemenil.mx/cancha/estadio/1931/estadio-el-encanto,https://www.ligafemenil.mx/cancha/playlist/145147/mazatlan-fc-vs-club-atletico-de-san-luis
2024-2025,"Clausura",Viernes 14 de Marzo de 2025\nTemporada 2024-2025\nTorneo Clausura\nJornada 12\n14 Marzo 2025 - 21:06 hrs.,https://www.ligafemenil.mx/cancha/estadio/12/estadio-universitario,https://www.ligafemenil.mx/cancha/playlist/145148/tigres-de-la-uanl-vs-santos-laguna
2024-2025,"Clausura",Domingo 16 de Marzo de 2025\nTemporada 2024-2025\nTorneo Clausura\nJornada 13\n16 Marzo 2025 - 12:00 hrs.,https://www.ligafemenil.mx/cancha/estadio/9/estadio-cuauhtemoc,https://www.ligafemenil.mx/cancha/playlist/145149/puebla-fc-vs-pachuca
2024-2025,"Clausura",Domingo 16 de Marzo de 2025\nTemporada 2024-2025\nTorneo Clausura\nJornada 13\n16 Marzo 2025 - 18:00 hrs.,https://www.ligafemenil.mx/cancha/estadio/17/estadio-olimpico-benito-juarez,https://www.ligafemenil.mx/cancha/playlist/145150/fc-juarez-vs-america
2024-2025,"Clausura",Lunes 17 de Marzo de 2025\nTemporada 2024-2025\nTorneo Clausura\nJornada 13\n17 Marzo 2025 - 16:00 hrs.,https://www.ligafemenil.mx/cancha/estadio/7/estadio-olimpico-universitario,https://www.ligafemenil.mx/cancha/playlist/145151/pumas-vs-tijuana
2024-2025,"Clausura",Lunes 17 de Marzo de 2025\nTemporada 2024-2025\nTorneo Clausura\nJornada 13\n17 Marzo 2025 - 19:00 hrs.,https://www.ligafemenil.mx/cancha/estadio/12/estadio-universitario,https://www.ligafemenil.mx/cancha/playlist/145153/tigres-de-la-uanl-vs-mazatlan-fc
2024-2025,"Clausura",Lunes 17 de Marzo de 2025\nTemporada 2024-2025\nTorneo Clausura\nJornada 13\n17 Marzo 2025 - 21:06 hrs.,https://www.ligafemenil.mx/cancha/estadio/23/estadio-nou-camp,https://www.ligafemenil.mx/cancha/playlist/145154/leon-vs-guadalajara
2024-2025,"Clausura",Martes 18 de Marzo de 2025\nTemporada 2024-2025\nTorneo Clausura\nJornada 13\n18 Marzo 2025 - 17:00 hrs.,https://www.ligafemenil.mx/cancha/estadio/14/estadio-alfonso-lastras-ramirez,https://www.ligafemenil.mx/cancha/playlist/145155/club-atletico-de-san-luis-vs-cruz-azul
2024-2025,"Clausura",Martes 18 de Marzo de 2025\nTemporada 2024-2025\nTorneo Clausura\nJornada 13\n18 Marzo 2025 - 19:00 hrs.,https://www.ligafemenil.mx/cancha/estadio/5/estadio-jalisco,https://www.ligafemenil.mx/cancha/playlist/145156/atlas-vs-gallos-blancos-de-queretaro
2024-2025,"Clausura",Martes 18 de Marzo de 2025\nTemporada 2024-2025\nTorneo Clausura\nJornada 13\n18 Marzo 2025 - 21:00 hrs.,https://www.ligafemenil.mx/cancha/estadio/63/estadio-tsm-corona,https://www.ligafemenil.mx/cancha/playlist/145157/santos-laguna-vs-rayados-de-monterrey
2024-2025,"Clausura",Jueves 20 de Marzo de 2025\nTemporada 2024-2025\nTorneo Clausura\nJornada 14\n20 Marzo 2025 - 17:00 hrs.,https://www.ligafemenil.mx/cancha/estadio/11/estadio-hidalgo,https://www.ligafemenil.mx/cancha/playlist/145163/pachuca-vs-toluca
2024-2025,"Clausura",Viernes 21 de Marzo de 2025\nTemporada 2024-2025\nTorneo Clausura\nJornada 14\n21 Marzo 2025 - 20:00 hrs.,https://www.ligafemenil.mx/cancha/estadio/48/estadio-caliente,https://www.ligafemenil.mx/cancha/playlist/145158/tijuana-vs-mazatlan-fc
2024-2025,"Clausura",Sábado 22 de Marzo de 2025\nTemporada 2024-2025\nTorneo Clausura\nJornada 14\n22 Marzo 2025 - 15:45 hrs.,https://www.ligafemenil.mx/cancha/estadio/1549/estadio-instalaciones-la-noria-cancha-1,https://www.ligafemenil.mx/cancha/playlist/145159/cruz-azul-vs-leon
2024-2025,"Clausura",Sábado 22 de Marzo de 2025\nTemporada 2024-2025\nTorneo Clausura\nJornada 14\n22 Marzo 2025 - 18:00 hrs.,https://www.ligafemenil.mx/cancha/estadio/15/estadio-victoria,https://www.ligafemenil.mx/cancha/playlist/145160/necaxa-vs-club-atletico-de-san-luis
2024-2025,"Clausura",Sábado 22 de Marzo de 2025\nTemporada 2024-2025\nTorneo Clausura\nJornada 14\n22 Marzo 2025 - 20:10 hrs.,https://www.ligafemenil.mx/cancha/estadio/2/estadio-ciudad-de-los-deportes,https://www.ligafemenil.mx/cancha/playlist/145161/america-vs-tigres-de-la-uanl
2024-2025,"Clausura",Domingo 23 de Marzo de 2025\nTemporada 2024-2025\nTorneo Clausura\nJornada 14\n23 Marzo 2025 - 12:00 hrs.,https://www.ligafemenil.mx/cancha/estadio/9/estadio-cuauhtemoc,https://www.ligafemenil.mx/cancha/playlist/145162/puebla-fc-vs-santos-laguna
2024-2025,"Clausura",Domingo 23 de Marzo de 2025\nTemporada 2024-2025\nTorneo Clausura\nJornada 14\n23 Marzo 2025 - 19:06 hrs.,https://www.ligafemenil.mx/cancha/estadio/1538/estadio-akron,https://www.ligafemenil.mx/cancha/playlist/145164/guadalajara-vs-atlas
2024-2025,"Clausura",Lunes 24 de Marzo de 2025\nTemporada 2024-2025\nTorneo Clausura\nJornada 14\n24 Marzo 2025 - 18:00 hrs.,https://www.ligafemenil.mx/cancha/estadio/1741/estadio-olimpico-alameda,https://www.ligafemenil.mx/cancha/playlist/145165/gallos-blancos-de-queretaro-vs-pumas
2024-2025,"Clausura",Lunes 24 de Marzo de 2025\nTemporada 2024-2025\nTorneo Clausura\nJornada 15\n24 Marzo 2025 - 18:05 hrs.,https://www.ligafemenil.mx/cancha/estadio/48/estadio-caliente,https://www.ligafemenil.mx/cancha/playlist/145174/tijuana-vs-pachuca
2024-2025,"Clausura",Lunes 24 de Marzo de 2025\nTemporada 2024-2025\nTorneo Clausura\nJornada 14\n24 Marzo 2025 - 20:00 hrs.,https://www.ligafemenil.mx/cancha/estadio/1608/estadio-bbva,https://www.ligafemenil.mx/cancha/playlist/145166/rayados-de-monterrey-vs-fc-juarez
2024-2025,"Clausura",Viernes 28 de Marzo de 2025\nTemporada 2024-2025\nTorneo Clausura\nJornada 15\n28 Marzo 2025 - 15:45 hrs.,https://www.ligafemenil.mx/cancha/estadio/1549/estadio-instalaciones-la-noria-cancha-1,https://www.ligafemenil.mx/cancha/playlist/145167/cruz-azul-vs-gallos-blancos-de-queretaro
2024-2025,"Clausura",Viernes 28 de Marzo de 2025\nTemporada 2024-2025\nTorneo Clausura\nJornada 15\n28 Marzo 2025 - 17:00 hrs.,https://www.ligafemenil.mx/cancha/estadio/1931/estadio-el-encanto,https://www.ligafemenil.mx/cancha/playlist/145168/mazatlan-fc-vs-necaxa
2024-2025,"Clausura",Viernes 28 de Marzo de 2025\nTemporada 2024-2025\nTorneo Clausura\nJornada 15\n28 Marzo 2025 - 20:00 hrs.,https://www.ligafemenil.mx/cancha/estadio/63/estadio-tsm-corona,https://www.ligafemenil.mx/cancha/playlist/145169/santos-laguna-vs-america
2024-2025,"Clausura",Sábado 29 de Marzo de 2025\nTemporada 2024-2025\nTorneo Clausura\nJornada 15\n29 Marzo 2025 - 17:00 hrs.,https://www.ligafemenil.mx/cancha/estadio/23/estadio-nou-camp,https://www.ligafemenil.mx/cancha/playlist/145170/leon-vs-pumas
2024-2025,"Clausura",Domingo 30 de Marzo de 2025\nTemporada 2024-2025\nTorneo Clausura\nJornada 15\n30 Marzo 2025 - 12:00 hrs.,https://www.ligafemenil.mx/cancha/estadio/6/estadio-nemesio-diez,https://www.ligafemenil.mx/cancha/playlist/145171/toluca-vs-rayados-de-monterrey
2024-2025,"Clausura",Domingo 30 de Marzo de 2025\nTemporada 2024-2025\nTorneo Clausura\nJornada 15\n30 Marzo 2025 - 17:00 hrs.,https://www.ligafemenil.mx/cancha/estadio/14/estadio-alfonso-lastras-ramirez,https://www.ligafemenil.mx/cancha/playlist/145172/club-atletico-de-san-luis-vs-atlas
2024-2025,"Clausura",Domingo 30 de Marzo de 2025\nTemporada 2024-2025\nTorneo Clausura\nJornada 15\n30 Marzo 2025 - 17:00 hrs.,https://www.ligafemenil.mx/cancha/estadio/1538/estadio-akron,https://www.ligafemenil.mx/cancha/playlist/145173/guadalajara-vs-puebla-fc
2024-2025,"Clausura",Domingo 30 de Marzo de 2025\nTemporada 2024-2025\nTorneo Clausura\nJornada 15\n30 Marzo 2025 - 21:06 hrs.,https://www.ligafemenil.mx/cancha/estadio/12/estadio-universitario,https://www.ligafemenil.mx/cancha/playlist/145175/tigres-de-la-uanl-vs-fc-juarez
2024-2025,"Clausura",Sábado 12 de Abril de 2025\nTemporada 2024-2025\nTorneo Clausura\nJornada 16\n12 Abril 2025 - 16:00 hrs.,https://www.ligafemenil.mx/cancha/estadio/15/estadio-victoria,https://www.ligafemenil.mx/cancha/playlist/145176/necaxa-vs-cruz-azul
2024-2025,"Clausura",Domingo 13 de Abril de 2025\nTemporada 2024-2025\nTorneo Clausura\nJornada 16\n13 Abril 2025 - 12:00 hrs.,https://www.ligafemenil.mx/cancha/estadio/9/estadio-cuauhtemoc,https://www.ligafemenil.mx/cancha/playlist/145177/puebla-fc-vs-toluca
2024-2025,"Clausura",Domingo 13 de Abril de 2025\nTemporada 2024-2025\nTorneo Clausura\nJornada 16\n13 Abril 2025 - 12:00 hrs.,https://www.ligafemenil.mx/cancha/estadio/7/estadio-olimpico-universitario,https://www.ligafemenil.mx/cancha/playlist/145178/pumas-vs-tigres-de-la-uanl
2024-2025,"Clausura",Domingo 13 de Abril de 2025\nTemporada 2024-2025\nTorneo Clausura\nJornada 16\n13 Abril 2025 - 17:00 hrs.,https://www.ligafemenil.mx/cancha/estadio/5/estadio-jalisco,https://www.ligafemenil.mx/cancha/playlist/145179/atlas-vs-mazatlan-fc
2024-2025,"Clausura",Domingo 13 de Abril de 2025\nTemporada 2024-2025\nTorneo Clausura\nJornada 16\n13 Abril 2025 - 17:00 hrs.,https://www.ligafemenil.mx/cancha/estadio/2/estadio-ciudad-de-los-deportes,https://www.ligafemenil.mx/cancha/playlist/145182/america-vs-tijuana
2024-2025,"Clausura",Domingo 13 de Abril de 2025\nTemporada 2024-2025\nTorneo Clausura\nJornada 16\n13 Abril 2025 - 19:00 hrs.,https://www.ligafemenil.mx/cancha/estadio/11/estadio-hidalgo,https://www.ligafemenil.mx/cancha/playlist/145180/pachuca-vs-guadalajara
2024-2025,"Clausura",Domingo 13 de Abril de 2025\nTemporada 2024-2025\nTorneo Clausura\nJornada 16\n13 Abril 2025 - 21:06 hrs.,https://www.ligafemenil.mx/cancha/estadio/17/estadio-olimpico-benito-juarez,https://www.ligafemenil.mx/cancha/playlist/145181/fc-juarez-vs-club-atletico-de-san-luis
2024-2025,"Clausura",Lunes 14 de Abril de 2025\nTemporada 2024-2025\nTorneo Clausura\nJornada 16\n14 Abril 2025 - 21:00 hrs.,https://www.ligafemenil.mx/cancha/estadio/1608/estadio-bbva,https://www.ligafemenil.mx/cancha/playlist/145183/rayados-de-monterrey-vs-gallos-blancos-de-queretaro
2024-2025,"Clausura",Lunes 14 de Abril de 2025\nTemporada 2024-2025\nTorneo Clausura\nJornada 16\n14 Abril 2025 - 21:06 hrs.,https://www.ligafemenil.mx/cancha/estadio/23/estadio-nou-camp,https://www.ligafemenil.mx/cancha/playlist/145184/leon-vs-santos-laguna
2024-2025,"Clausura",Jueves 17 de Abril de 2025\nTemporada 2024-2025\nTorneo Clausura\nJornada 17\n17 Abril 2025 - 15:45 hrs.,https://www.ligafemenil.mx/cancha/estadio/1549/estadio-instalaciones-la-noria-cancha-1,https://www.ligafemenil.mx/cancha/playlist/145185/cruz-azul-vs-fc-juarez
2024-2025,"Clausura",Jueves 17 de Abril de 2025\nTemporada 2024-2025\nTorneo Clausura\nJornada 17\n17 Abril 2025 - 17:00 hrs.,https://www.ligafemenil.mx/cancha/estadio/14/estadio-alfonso-lastras-ramirez,https://www.ligafemenil.mx/cancha/playlist/145186/club-atletico-de-san-luis-vs-puebla-fc
2024-2025,"Clausura",Jueves 17 de Abril de 2025\nTemporada 2024-2025\nTorneo Clausura\nJornada 17\n17 Abril 2025 - 19:00 hrs.,https://www.ligafemenil.mx/cancha/estadio/1538/estadio-akron,https://www.ligafemenil.mx/cancha/playlist/145187/guadalajara-vs-pumas
2024-2025,"Clausura",Jueves 17 de Abril de 2025\nTemporada 2024-2025\nTorneo Clausura\nJornada 17\n17 Abril 2025 - 20:06 hrs.,https://www.ligafemenil.mx/cancha/estadio/1931/estadio-el-encanto,https://www.ligafemenil.mx/cancha/playlist/145188/mazatlan-fc-vs-santos-laguna
2024-2025,"Clausura",Viernes 18 de Abril de 2025\nTemporada 2024-2025\nTorneo Clausura\nJornada 17\n18 Abril 2025 - 17:00 hrs.,https://www.ligafemenil.mx/cancha/estadio/25/estadio-la-corregidora,https://www.ligafemenil.mx/cancha/playlist/145189/gallos-blancos-de-queretaro-vs-necaxa
2024-2025,"Clausura",Viernes 18 de Abril de 2025\nTemporada 2024-2025\nTorneo Clausura\nJornada 17\n18 Abril 2025 - 17:00 hrs.,https://www.ligafemenil.mx/cancha/estadio/6/estadio-nemesio-diez,https://www.ligafemenil.mx/cancha/playlist/145190/toluca-vs-america
2024-2025,"Clausura",Viernes 18 de Abril de 2025\nTemporada 2024-2025\nTorneo Clausura\nJornada 17\n18 Abril 2025 - 18:00 hrs.,https://www.ligafemenil.mx/cancha/estadio/48/estadio-caliente,https://www.ligafemenil.mx/cancha/playlist/145191/tijuana-vs-atlas
2024-2025,"Clausura",Viernes 18 de Abril de 2025\nTemporada 2024-2025\nTorneo Clausura\nJornada 17\n18 Abril 2025 - 19:00 hrs.,https://www.ligafemenil.mx/cancha/estadio/11/estadio-hidalgo,https://www.ligafemenil.mx/cancha/playlist/145192/pachuca-vs-tigres-de-la-uanl
2024-2025,"Clausura",Viernes 18 de Abril de 2025\nTemporada 2024-2025\nTorneo Clausura\nJornada 17\n18 Abril 2025 - 20:10 hrs.,https://www.ligafemenil.mx/cancha/estadio/1608/estadio-bbva,https://www.ligafemenil.mx/cancha/playlist/145193/rayados-de-monterrey-vs-leon
2024-2025,"Apertura",Jueves 4 de Julio de 2024\nTemporada 2024-2025\nTorneo Apertura\nJornada 1\n4 Julio 2024 - 17:00 hrs.,https://www.ligafemenil.mx/cancha/estadio/15/estadio-victoria,https://www.ligafemenil.mx/cancha/playlist/140260/necaxa-vs-pachuca
2024-2025,"Apertura",Jueves 4 de Julio de 2024\nTemporada 2024-2025\nTorneo Apertura\nJornada 1\n4 Julio 2024 - 21:06 hrs.,https://www.ligafemenil.mx/cancha/estadio/17/estadio-olimpico-benito-juarez,https://www.ligafemenil.mx/cancha/playlist/140261/fc-juarez-vs-guadalajara
2024-2025,"Apertura",Viernes 5 de Julio de 2024\nTemporada 2024-2025\nTorneo Apertura\nJornada 1\n5 Julio 2024 - 17:00 hrs.,https://www.ligafemenil.mx/cancha/estadio/7/estadio-olimpico-universitario,https://www.ligafemenil.mx/cancha/playlist/140262/pumas-vs-leon
2024-2025,"Apertura",Sábado 6 de Julio de 2024\nTemporada 2024-2025\nTorneo Apertura\nJornada 1\n6 Julio 2024 - 19:00 hrs.,https://www.ligafemenil.mx/cancha/estadio/63/estadio-tsm-corona,https://www.ligafemenil.mx/cancha/playlist/140264/santos-laguna-vs-toluca
2024-2025,"Apertura",Domingo 7 de Julio de 2024\nTemporada 2024-2025\nTorneo Apertura\nJornada 1\n7 Julio 2024 - 12:00 hrs.,https://www.ligafemenil.mx/cancha/estadio/9/estadio-cuauhtemoc,https://www.ligafemenil.mx/cancha/playlist/140265/puebla-fc-vs-rayados-de-monterrey
2024-2025,"Apertura",Domingo 7 de Julio de 2024\nTemporada 2024-2025\nTorneo Apertura\nJornada 1\n7 Julio 2024 - 12:00 hrs.,https://www.ligafemenil.mx/cancha/estadio/877/estadio-instalaciones-la-noria,https://www.ligafemenil.mx/cancha/playlist/140263/cruz-azul-vs-america
2024-2025,"Apertura",Domingo 7 de Julio de 2024\nTemporada 2024-2025\nTorneo Apertura\nJornada 1\n7 Julio 2024 - 17:00 hrs.,https://www.ligafemenil.mx/cancha/estadio/1741/estadio-olimpico-alameda,https://www.ligafemenil.mx/cancha/playlist/140266/gallos-blancos-de-queretaro-vs-tijuana
2024-2025,"Apertura",Domingo 7 de Julio de 2024\nTemporada 2024-2025\nTorneo Apertura\nJornada 1\n7 Julio 2024 - 17:00 hrs.,https://www.ligafemenil.mx/cancha/estadio/14/estadio-alfonso-lastras-ramirez,https://www.ligafemenil.mx/cancha/playlist/140267/club-atletico-de-san-luis-vs-mazatlan-fc
2024-2025,"Apertura",Domingo 7 de Julio de 2024\nTemporada 2024-2025\nTorneo Apertura\nJornada 1\n7 Julio 2024 - 19:00 hrs.,https://www.ligafemenil.mx/cancha/estadio/5/estadio-jalisco,https://www.ligafemenil.mx/cancha/playlist/140268/atlas-vs-tigres-de-la-uanl
2024-2025,"Apertura",Viernes 19 de Julio de 2024\nTemporada 2024-2025\nTorneo Apertura\nJornada 2\n19 Julio 2024 - 17:00 hrs.,https://www.ligafemenil.mx/cancha/estadio/6/estadio-nemesio-diez,https://www.ligafemenil.mx/cancha/playlist/140269/toluca-vs-pumas
2024-2025,"Apertura",Viernes 19 de Julio de 2024\nTemporada 2024-2025\nTorneo Apertura\nJornada 15\n19 Julio 2024 - 17:00 hrs.,https://www.ligafemenil.mx/cancha/estadio/23/estadio-nou-camp,https://www.ligafemenil.mx/cancha/playlist/140400/leon-vs-fc-juarez
2024-2025,"Apertura",Viernes 19 de Julio de 2024\nTemporada 2024-2025\nTorneo Apertura\nJornada 2\n19 Julio 2024 - 19:00 hrs.,https://www.ligafemenil.mx/cancha/estadio/63/estadio-tsm-corona,https://www.ligafemenil.mx/cancha/playlist/140270/santos-laguna-vs-club-atletico-de-san-luis
2024-2025,"Apertura",Sábado 20 de Julio de 2024\nTemporada 2024-2025\nTorneo Apertura\nJornada 2\n20 Julio 2024 - 18:00 hrs.,https://www.ligafemenil.mx/cancha/estadio/1931/estadio-el-encanto,https://www.ligafemenil.mx/cancha/playlist/140271/mazatlan-fc-vs-cruz-azul
2024-2025,"Apertura",Lunes 22 de Julio de 2024\nTemporada 2024-2025\nTorneo Apertura\nJornada 2\n22 Julio 2024 - 19:00 hrs.,https://www.ligafemenil.mx/cancha/estadio/12/estadio-universitario,https://www.ligafemenil.mx/cancha/playlist/140272/tigres-de-la-uanl-vs-puebla-fc
2024-2025,"Apertura",Lunes 22 de Julio de 2024\nTemporada 2024-2025\nTorneo Apertura\nJornada 2\n22 Julio 2024 - 21:06 hrs.,https://www.ligafemenil.mx/cancha/estadio/11/estadio-hidalgo,https://www.ligafemenil.mx/cancha/playlist/140273/pachuca-vs-gallos-blancos-de-queretaro
2024-2025,"Apertura",Martes 23 de Julio de 2024\nTemporada 2024-2025\nTorneo Apertura\nJornada 2\n23 Julio 2024 - 19:00 hrs.,https://www.ligafemenil.mx/cancha/estadio/1608/estadio-bbva,https://www.ligafemenil.mx/cancha/playlist/140274/rayados-de-monterrey-vs-atlas
2024-2025,"Apertura",Miércoles 24 de Julio de 2024\nTemporada 2024-2025\nTorneo Apertura\nJornada 2\n24 Julio 2024 - 20:06 hrs.,https://www.ligafemenil.mx/cancha/estadio/48/estadio-caliente,https://www.ligafemenil.mx/cancha/playlist/140275/tijuana-vs-necaxa
2024-2025,"Apertura",Viernes 26 de Julio de 2024\nTemporada 2024-2025\nTorneo Apertura\nJornada 3\n26 Julio 2024 - 17:00 hrs.,https://www.ligafemenil.mx/cancha/estadio/7/estadio-olimpico-universitario,https://www.ligafemenil.mx/cancha/playlist/140278/pumas-vs-fc-juarez
2024-2025,"Apertura",Domingo 28 de Julio de 2024\nTemporada 2024-2025\nTorneo Apertura\nJornada 13\n28 Julio 2024 - 15:45 hrs.,https://www.ligafemenil.mx/cancha/estadio/877/estadio-instalaciones-la-noria,https://www.ligafemenil.mx/cancha/playlist/140403/cruz-azul-vs-atlas
2024-2025,"Apertura",Domingo 28 de Julio de 2024\nTemporada 2024-2025\nTorneo Apertura\nJornada 3\n28 Julio 2024 - 17:00 hrs.,https://www.ligafemenil.mx/cancha/estadio/1741/estadio-olimpico-alameda,https://www.ligafemenil.mx/cancha/playlist/140279/gallos-blancos-de-queretaro-vs-club-atletico-de-san-luis
2024-2025,"Apertura",Domingo 28 de Julio de 2024\nTemporada 2024-2025\nTorneo Apertura\nJornada 14\n28 Julio 2024 - 18:00 hrs.,https://www.ligafemenil.mx/cancha/estadio/15/estadio-victoria,https://www.ligafemenil.mx/cancha/playlist/140412/necaxa-vs-santos-laguna
2024-2025,"Apertura",Domingo 28 de Julio de 2024\nTemporada 2024-2025\nTorneo Apertura\nJornada 3\n28 Julio 2024 - 19:06 hrs.,https://www.ligafemenil.mx/cancha/estadio/23/estadio-nou-camp,https://www.ligafemenil.mx/cancha/playlist/140280/leon-vs-puebla-fc
2024-2025,"Apertura",Lunes 29 de Julio de 2024\nTemporada 2024-2025\nTorneo Apertura\nJornada 3\n29 Julio 2024 - 18:00 hrs.,https://www.ligafemenil.mx/cancha/estadio/2/estadio-ciudad-de-los-deportes,https://www.ligafemenil.mx/cancha/playlist/140281/america-vs-toluca
2024-2025,"Apertura",Jueves 1 de Agosto de 2024\nTemporada 2024-2025\nTorneo Apertura\nJornada 4\n1 Agosto 2024 - 19:00 hrs.,https://www.ligafemenil.mx/cancha/estadio/5/estadio-jalisco,https://www.ligafemenil.mx/cancha/playlist/140287/atlas-vs-leon
2024-2025,"Apertura",Sábado 3 de Agosto de 2024\nTemporada 2024-2025\nTorneo Apertura\nJornada 4\n3 Agosto 2024 - 17:00 hrs.,https://www.ligafemenil.mx/cancha/estadio/14/estadio-alfonso-lastras-ramirez,https://www.ligafemenil.mx/cancha/playlist/140288/club-atletico-de-san-luis-vs-pumas
2024-2025,"Apertura",Sábado 3 de Agosto de 2024\nTemporada 2024-2025\nTorneo Apertura\nJornada 4\n3 Agosto 2024 - 21:06 hrs.,https://www.ligafemenil.mx/cancha/estadio/17/estadio-olimpico-benito-juarez,https://www.ligafemenil.mx/cancha/playlist/140289/fc-juarez-vs-santos-laguna
2024-2025,"Apertura",Lunes 5 de Agosto de 2024\nTemporada 2024-2025\nTorneo Apertura\nJornada 4\n5 Agosto 2024 - 15:45 hrs.,https://www.ligafemenil.mx/cancha/estadio/877/estadio-instalaciones-la-noria,https://www.ligafemenil.mx/cancha/playlist/140290/cruz-azul-vs-pachuca
2024-2025,"Apertura",Lunes 5 de Agosto de 2024\nTemporada 2024-2025\nTorneo Apertura\nJornada 4\n5 Agosto 2024 - 18:00 hrs.,https://www.ligafemenil.mx/cancha/estadio/15/estadio-victoria,https://www.ligafemenil.mx/cancha/playlist/140291/necaxa-vs-rayados-de-monterrey
2024-2025,"Apertura",Martes 6 de Agosto de 2024\nTemporada 2024-2025\nTorneo Apertura\nJornada 4\n6 Agosto 2024 - 17:00 hrs.,https://www.ligafemenil.mx/cancha/estadio/6/estadio-nemesio-diez,https://www.ligafemenil.mx/cancha/playlist/140293/toluca-vs-tijuana
2024-2025,"Apertura",Martes 6 de Agosto de 2024\nTemporada 2024-2025\nTorneo Apertura\nJornada 4\n6 Agosto 2024 - 17:00 hrs.,https://www.ligafemenil.mx/cancha/estadio/9/estadio-cuauhtemoc,https://www.ligafemenil.mx/cancha/playlist/140294/puebla-fc-vs-guadalajara
2024-2025,"Apertura",Martes 6 de Agosto de 2024\nTemporada 2024-2025\nTorneo Apertura\nJornada 4\n6 Agosto 2024 - 19:06 hrs.,https://www.ligafemenil.mx/cancha/estadio/1741/estadio-olimpico-alameda,https://www.ligafemenil.mx/cancha/playlist/140295/gallos-blancos-de-queretaro-vs-america
2024-2025,"Apertura",Viernes 9 de Agosto de 2024\nTemporada 2024-2025\nTorneo Apertura\nJornada 5\n9 Agosto 2024 - 17:00 hrs.,https://www.ligafemenil.mx/cancha/estadio/23/estadio-nou-camp,https://www.ligafemenil.mx/cancha/playlist/140296/leon-vs-cruz-azul
2024-2025,"Apertura",Viernes 9 de Agosto de 2024\nTemporada 2024-2025\nTorneo Apertura\nJornada 5\n9 Agosto 2024 - 19:00 hrs.,https://www.ligafemenil.mx/cancha/estadio/7/estadio-olimpico-universitario,https://www.ligafemenil.mx/cancha/playlist/140298/pumas-vs-pachuca
2024-2025,"Apertura",Viernes 9 de Agosto de 2024\nTemporada 2024-2025\nTorneo Apertura\nJornada 5\n9 Agosto 2024 - 20:06 hrs.,https://www.ligafemenil.mx/cancha/estadio/1931/estadio-el-encanto,https://www.ligafemenil.mx/cancha/playlist/140297/mazatlan-fc-vs-fc-juarez
2024-2025,"Apertura",Sábado 10 de Agosto de 2024\nTemporada 2024-2025\nTorneo Apertura\nJornada 5\n10 Agosto 2024 - 19:00 hrs.,https://www.ligafemenil.mx/cancha/estadio/63/estadio-tsm-corona,https://www.ligafemenil.mx/cancha/playlist/140299/santos-laguna-vs-atlas
2024-2025,"Apertura",Lunes 12 de Agosto de 2024\nTemporada 2024-2025\nTorneo Apertura\nJornada 5\n12 Agosto 2024 - 15:45 hrs.,https://www.ligafemenil.mx/cancha/estadio/1421/estadio-cancha-centenario-no-5-natural-instalaciones-club-america,https://www.ligafemenil.mx/cancha/playlist/140300/america-vs-necaxa
2024-2025,"Apertura",Lunes 12 de Agosto de 2024\nTemporada 2024-2025\nTorneo Apertura\nJornada 5\n12 Agosto 2024 - 18:00 hrs.,https://www.ligafemenil.mx/cancha/estadio/6/estadio-nemesio-diez,https://www.ligafemenil.mx/cancha/playlist/140301/toluca-vs-tigres-de-la-uanl
2024-2025,"Apertura",Lunes 12 de Agosto de 2024\nTemporada 2024-2025\nTorneo Apertura\nJornada 5\n12 Agosto 2024 - 19:06 hrs.,https://www.ligafemenil.mx/cancha/estadio/1538/estadio-akron,https://www.ligafemenil.mx/cancha/playlist/140303/guadalajara-vs-gallos-blancos-de-queretaro
2024-2025,"Apertura",Lunes 12 de Agosto de 2024\nTemporada 2024-2025\nTorneo Apertura\nJornada 5\n12 Agosto 2024 - 20:00 hrs.,https://www.ligafemenil.mx/cancha/estadio/1608/estadio-bbva,https://www.ligafemenil.mx/cancha/playlist/140304/rayados-de-monterrey-vs-club-atletico-de-san-luis
2024-2025,"Apertura",Lunes 12 de Agosto de 2024\nTemporada 2024-2025\nTorneo Apertura\nJornada 5\n12 Agosto 2024 - 20:10 hrs.,https://www.ligafemenil.mx/cancha/estadio/48/estadio-caliente,https://www.ligafemenil.mx/cancha/playlist/140305/tijuana-vs-puebla-fc
2024-2025,"Apertura",Viernes 16 de Agosto de 2024\nTemporada 2024-2025\nTorneo Apertura\nJornada 6\n16 Agosto 2024 - 17:00 hrs.,https://www.ligafemenil.mx/cancha/estadio/15/estadio-victoria,https://www.ligafemenil.mx/cancha/playlist/140306/necaxa-vs-mazatlan-fc
2024-2025,"Apertura",Viernes 16 de Agosto de 2024\nTemporada 2024-2025\nTorneo Apertura\nJornada 6\n16 Agosto 2024 - 19:00 hrs.,https://www.ligafemenil.mx/cancha/estadio/5/estadio-jalisco,https://www.ligafemenil.mx/cancha/playlist/140307/atlas-vs-tijuana
2024-2025,"Apertura",Viernes 16 de Agosto de 2024\nTemporada 2024-2025\nTorneo Apertura\nJornada 6\n16 Agosto 2024 - 21:06 hrs.,https://www.ligafemenil.mx/cancha/estadio/17/estadio-olimpico-benito-juarez,https://www.ligafemenil.mx/cancha/playlist/140308/fc-juarez-vs-rayados-de-monterrey
2024-2025,"Apertura",Sábado 17 de Agosto de 2024\nTemporada 2024-2025\nTorneo Apertura\nJornada 6\n17 Agosto 2024 - 12:00 hrs.,https://www.ligafemenil.mx/cancha/estadio/877/estadio-instalaciones-la-noria,https://www.ligafemenil.mx/cancha/playlist/140309/cruz-azul-vs-santos-laguna
2024-2025,"Apertura",Sábado 17 de Agosto de 2024\nTemporada 2024-2025\nTorneo Apertura\nJornada 6\n17 Agosto 2024 - 17:00 hrs.,https://www.ligafemenil.mx/cancha/estadio/9/estadio-cuauhtemoc,https://www.ligafemenil.mx/cancha/playlist/140310/puebla-fc-vs-america
2024-2025,"Apertura",Sábado 17 de Agosto de 2024\nTemporada 2024-2025\nTorneo Apertura\nJornada 6\n17 Agosto 2024 - 19:06 hrs.,https://www.ligafemenil.mx/cancha/estadio/11/estadio-hidalgo,https://www.ligafemenil.mx/cancha/playlist/140312/pachuca-vs-leon
2024-2025,"Apertura",Sábado 17 de Agosto de 2024\nTemporada 2024-2025\nTorneo Apertura\nJornada 6\n17 Agosto 2024 - 21:10 hrs.,https://www.ligafemenil.mx/cancha/estadio/12/estadio-universitario,https://www.ligafemenil.mx/cancha/playlist/140313/tigres-de-la-uanl-vs-pumas
2024-2025,"Apertura",Domingo 18 de Agosto de 2024\nTemporada 2024-2025\nTorneo Apertura\nJornada 6\n18 Agosto 2024 - 20:06 hrs.,https://www.ligafemenil.mx/cancha/estadio/1741/estadio-olimpico-alameda,https://www.ligafemenil.mx/cancha/playlist/140315/gallos-blancos-de-queretaro-vs-toluca
2024-2025,"Apertura",Lunes 19 de Agosto de 2024\nTemporada 2024-2025\nTorneo Apertura\nJornada 6\n19 Agosto 2024 - 19:00 hrs.,https://www.ligafemenil.mx/cancha/estadio/14/estadio-alfonso-lastras-ramirez,https://www.ligafemenil.mx/cancha/playlist/140314/club-atletico-de-san-luis-vs-guadalajara
2024-2025,"Apertura",Miércoles 21 de Agosto de 2024\nTemporada 2024-2025\nTorneo Apertura\nJornada 3\n21 Agosto 2024 - 21:06 hrs.,https://www.ligafemenil.mx/cancha/estadio/11/estadio-hidalgo,https://www.ligafemenil.mx/cancha/playlist/140283/pachuca-vs-atlas
2024-2025,"Apertura",Jueves 22 de Agosto de 2024\nTemporada 2024-2025\nTorneo Apertura\nJornada 2\n22 Agosto 2024 - 19:06 hrs.,https://www.ligafemenil.mx/cancha/estadio/1538/estadio-akron,https://www.ligafemenil.mx/cancha/playlist/140276/guadalajara-vs-leon
2024-2025,"Apertura",Jueves 22 de Agosto de 2024\nTemporada 2024-2025\nTorneo Apertura\nJornada 3\n22 Agosto 2024 - 20:10 hrs.,https://www.ligafemenil.mx/cancha/estadio/48/estadio-caliente,https://www.ligafemenil.mx/cancha/playlist/140284/tijuana-vs-cruz-azul
2024-2025,"Apertura",Sábado 24 de Agosto de 2024\nTemporada 2024-2025\nTorneo Apertura\nJornada 7\n24 Agosto 2024 - 12:00 hrs.,https://www.ligafemenil.mx/cancha/estadio/7/estadio-olimpico-universitario,https://www.ligafemenil.mx/cancha/playlist/140316/pumas-vs-puebla-fc
2024-2025,"Apertura",Domingo 25 de Agosto de 2024\nTemporada 2024-2025\nTorneo Apertura\nJornada 7\n25 Agosto 2024 - 17:00 hrs.,https://www.ligafemenil.mx/cancha/estadio/14/estadio-alfonso-lastras-ramirez,https://www.ligafemenil.mx/cancha/playlist/140319/club-atletico-de-san-luis-vs-pachuca
2024-2025,"Apertura",Domingo 25 de Agosto de 2024\nTemporada 2024-2025\nTorneo Apertura\nJornada 7\n25 Agosto 2024 - 19:00 hrs.,https://www.ligafemenil.mx/cancha/estadio/63/estadio-tsm-corona,https://www.ligafemenil.mx/cancha/playlist/140322/santos-laguna-vs-tigres-de-la-uanl
2024-2025,"Apertura",Domingo 25 de Agosto de 2024\nTemporada 2024-2025\nTorneo Apertura\nJornada 7\n25 Agosto 2024 - 19:06 hrs.,https://www.ligafemenil.mx/cancha/estadio/17/estadio-olimpico-benito-juarez,https://www.ligafemenil.mx/cancha/playlist/140321/fc-juarez-vs-tijuana
2024-2025,"Apertura",Domingo 25 de Agosto de 2024\nTemporada 2024-2025\nTorneo Apertura\nJornada 7\n25 Agosto 2024 - 20:10 hrs.,https://www.ligafemenil.mx/cancha/estadio/1931/estadio-el-encanto,https://www.ligafemenil.mx/cancha/playlist/140318/mazatlan-fc-vs-gallos-blancos-de-queretaro
2024-2025,"Apertura",Lunes 26 de Agosto de 2024\nTemporada 2024-2025\nTorneo Apertura\nJornada 7\n26 Agosto 2024 - 17:00 hrs.,https://www.ligafemenil.mx/cancha/estadio/15/estadio-victoria,https://www.ligafemenil.mx/cancha/playlist/140323/necaxa-vs-atlas
2024-2025,"Apertura",Lunes 26 de Agosto de 2024\nTemporada 2024-2025\nTorneo Apertura\nJornada 7\n26 Agosto 2024 - 19:00 hrs.,https://www.ligafemenil.mx/cancha/estadio/1608/estadio-bbva,https://www.ligafemenil.mx/cancha/playlist/140327/rayados-de-monterrey-vs-toluca
2024-2025,"Apertura",Lunes 26 de Agosto de 2024\nTemporada 2024-2025\nTorneo Apertura\nJornada 7\n26 Agosto 2024 - 19:06 hrs.,https://www.ligafemenil.mx/cancha/estadio/23/estadio-nou-camp,https://www.ligafemenil.mx/cancha/playlist/140324/leon-vs-america
2024-2025,"Apertura",Lunes 26 de Agosto de 2024\nTemporada 2024-2025\nTorneo Apertura\nJornada 7\n26 Agosto 2024 - 21:10 hrs.,https://www.ligafemenil.mx/cancha/estadio/1538/estadio-akron,https://www.ligafemenil.mx/cancha/playlist/140325/guadalajara-vs-cruz-azul
2024-2025,"Apertura",Jueves 29 de Agosto de 2024\nTemporada 2024-2025\nTorneo Apertura\nJornada 2\n29 Agosto 2024 - 18:00 hrs.,https://www.ligafemenil.mx/cancha/estadio/2/estadio-ciudad-de-los-deportes,https://www.ligafemenil.mx/cancha/playlist/140277/america-vs-fc-juarez
2024-2025,"Apertura",Jueves 29 de Agosto de 2024\nTemporada 2024-2025\nTorneo Apertura\nJornada 3\n29 Agosto 2024 - 21:06 hrs.,https://www.ligafemenil.mx/cancha/estadio/12/estadio-universitario,https://www.ligafemenil.mx/cancha/playlist/140286/tigres-de-la-uanl-vs-necaxa
2024-2025,"Apertura",Viernes 30 de Agosto de 2024\nTemporada 2024-2025\nTorneo Apertura\nJornada 8\n30 Agosto 2024 - 16:15 hrs.,https://www.ligafemenil.mx/cancha/estadio/48/estadio-caliente,https://www.ligafemenil.mx/cancha/playlist/140339/tijuana-vs-santos-laguna
2024-2025,"Apertura",Domingo 1 de Septiembre de 2024\nTemporada 2024-2025\nTorneo Apertura\nJornada 8\n1 Septiembre 2024 - 12:00 hrs.,https://www.ligafemenil.mx/cancha/estadio/9/estadio-cuauhtemoc,https://www.ligafemenil.mx/cancha/playlist/140328/puebla-fc-vs-club-atletico-de-san-luis
2024-2025,"Apertura",Domingo 1 de Septiembre de 2024\nTemporada 2024-2025\nTorneo Apertura\nJornada 8\n1 Septiembre 2024 - 12:00 hrs.,https://www.ligafemenil.mx/cancha/estadio/2/estadio-ciudad-de-los-deportes,https://www.ligafemenil.mx/cancha/playlist/140329/america-vs-pumas
2024-2025,"Apertura",Domingo 1 de Septiembre de 2024\nTemporada 2024-2025\nTorneo Apertura\nJornada 8\n1 Septiembre 2024 - 17:00 hrs.,https://www.ligafemenil.mx/cancha/estadio/11/estadio-hidalgo,https://www.ligafemenil.mx/cancha/playlist/140331/pachuca-vs-mazatlan-fc
2024-2025,"Apertura",Domingo 1 de Septiembre de 2024\nTemporada 2024-2025\nTorneo Apertura\nJornada 8\n1 Septiembre 2024 - 19:06 hrs.,https://www.ligafemenil.mx/cancha/estadio/12/estadio-universitario,https://www.ligafemenil.mx/cancha/playlist/140332/tigres-de-la-uanl-vs-leon
2024-2025,"Apertura",Lunes 2 de Septiembre de 2024\nTemporada 2024-2025\nTorneo Apertura\nJornada 8\n2 Septiembre 2024 - 16:30 hrs.,https://www.ligafemenil.mx/cancha/estadio/6/estadio-nemesio-diez,https://www.ligafemenil.mx/cancha/playlist/140333/toluca-vs-guadalajara
2024-2025,"Apertura",Lunes 2 de Septiembre de 2024\nTemporada 2024-2025\nTorneo Apertura\nJornada 8\n2 Septiembre 2024 - 17:00 hrs.,https://www.ligafemenil.mx/cancha/estadio/1741/estadio-olimpico-alameda,https://www.ligafemenil.mx/cancha/playlist/140334/gallos-blancos-de-queretaro-vs-rayados-de-monterrey
2024-2025,"Apertura",Martes 3 de Septiembre de 2024\nTemporada 2024-2025\nTorneo Apertura\nJornada 8\n3 Septiembre 2024 - 15:45 hrs.,https://www.ligafemenil.mx/cancha/estadio/877/estadio-instalaciones-la-noria,https://www.ligafemenil.mx/cancha/playlist/140336/cruz-azul-vs-necaxa
2024-2025,"Apertura",Martes 3 de Septiembre de 2024\nTemporada 2024-2025\nTorneo Apertura\nJornada 8\n3 Septiembre 2024 - 19:00 hrs.,https://www.ligafemenil.mx/cancha/estadio/5/estadio-jalisco,https://www.ligafemenil.mx/cancha/playlist/140337/atlas-vs-fc-juarez
2024-2025,"Apertura",Miércoles 4 de Septiembre de 2024\nTemporada 2024-2025\nTorneo Apertura\nJornada 4\n4 Septiembre 2024 - 20:06 hrs.,https://www.ligafemenil.mx/cancha/estadio/1931/estadio-el-encanto,https://www.ligafemenil.mx/cancha/playlist/140292/mazatlan-fc-vs-tigres-de-la-uanl
2024-2025,"Apertura",Viernes 6 de Septiembre de 2024\nTemporada 2024-2025\nTorneo Apertura\nJornada 9\n6 Septiembre 2024 - 19:00 hrs.,https://www.ligafemenil.mx/cancha/estadio/63/estadio-tsm-corona,https://www.ligafemenil.mx/cancha/playlist/140340/santos-laguna-vs-gallos-blancos-de-queretaro
2024-2025,"Apertura",Sábado 7 de Septiembre de 2024\nTemporada 2024-2025\nTorneo Apertura\nJornada 9\n7 Septiembre 2024 - 11:40 hrs.,https://www.ligafemenil.mx/cancha/estadio/7/estadio-olimpico-universitario,https://www.ligafemenil.mx/cancha/playlist/140343/pumas-vs-atlas
2024-2025,"Apertura",Sábado 7 de Septiembre de 2024\nTemporada 2024-2025\nTorneo Apertura\nJornada 9\n7 Septiembre 2024 - 17:00 hrs.,https://www.ligafemenil.mx/cancha/estadio/6/estadio-nemesio-diez,https://www.ligafemenil.mx/cancha/playlist/140344/toluca-vs-puebla-fc
2024-2025,"Apertura",Sábado 7 de Septiembre de 2024\nTemporada 2024-2025\nTorneo Apertura\nJornada 9\n7 Septiembre 2024 - 19:25 hrs.,https://www.ligafemenil.mx/cancha/estadio/17/estadio-olimpico-benito-juarez,https://www.ligafemenil.mx/cancha/playlist/140341/fc-juarez-vs-pachuca
2024-2025,"Apertura",Domingo 8 de Septiembre de 2024\nTemporada 2024-2025\nTorneo Apertura\nJornada 9\n8 Septiembre 2024 - 15:45 hrs.,https://www.ligafemenil.mx/cancha/estadio/1554/estadio-verde-valle-2,https://www.ligafemenil.mx/cancha/playlist/140345/guadalajara-vs-necaxa
2024-2025,"Apertura",Domingo 8 de Septiembre de 2024\nTemporada 2024-2025\nTorneo Apertura\nJornada 9\n8 Septiembre 2024 - 19:00 hrs.,https://www.ligafemenil.mx/cancha/estadio/23/estadio-nou-camp,https://www.ligafemenil.mx/cancha/playlist/140347/leon-vs-tijuana
2024-2025,"Apertura",Domingo 8 de Septiembre de 2024\nTemporada 2024-2025\nTorneo Apertura\nJornada 9\n8 Septiembre 2024 - 19:30 hrs.,https://www.ligafemenil.mx/cancha/estadio/1608/estadio-bbva,https://www.ligafemenil.mx/cancha/playlist/140349/rayados-de-monterrey-vs-cruz-azul
2024-2025,"Apertura",Domingo 8 de Septiembre de 2024\nTemporada 2024-2025\nTorneo Apertura\nJornada 9\n8 Septiembre 2024 - 20:06 hrs.,https://www.ligafemenil.mx/cancha/estadio/1931/estadio-el-encanto,https://www.ligafemenil.mx/cancha/playlist/140350/mazatlan-fc-vs-america
2024-2025,"Apertura",Lunes 9 de Septiembre de 2024\nTemporada 2024-2025\nTorneo Apertura\nJornada 9\n9 Septiembre 2024 - 17:00 hrs.,https://www.ligafemenil.mx/cancha/estadio/14/estadio-alfonso-lastras-ramirez,https://www.ligafemenil.mx/cancha/playlist/140346/club-atletico-de-san-luis-vs-tigres-de-la-uanl
2024-2025,"Apertura",Jueves 12 de Septiembre de 2024\nTemporada 2024-2025\nTorneo Apertura\nJornada 10\n12 Septiembre 2024 - 19:00 hrs.,https://www.ligafemenil.mx/cancha/estadio/5/estadio-jalisco,https://www.ligafemenil.mx/cancha/playlist/140352/atlas-vs-toluca
2024-2025,"Apertura",Viernes 13 de Septiembre de 2024\nTemporada 2024-2025\nTorneo Apertura\nJornada 10\n13 Septiembre 2024 - 16:30 hrs.,https://www.ligafemenil.mx/cancha/estadio/1741/estadio-olimpico-alameda,https://www.ligafemenil.mx/cancha/playlist/140353/gallos-blancos-de-queretaro-vs-leon
2024-2025,"Apertura",Sábado 14 de Septiembre de 2024\nTemporada 2024-2025\nTorneo Apertura\nJornada 10\n14 Septiembre 2024 - 12:00 hrs.,https://www.ligafemenil.mx/cancha/estadio/877/estadio-instalaciones-la-noria,https://www.ligafemenil.mx/cancha/playlist/140355/cruz-azul-vs-club-atletico-de-san-luis
2024-2025,"Apertura",Sábado 14 de Septiembre de 2024\nTemporada 2024-2025\nTorneo Apertura\nJornada 10\n14 Septiembre 2024 - 21:00 hrs.,https://www.ligafemenil.mx/cancha/estadio/12/estadio-universitario,https://www.ligafemenil.mx/cancha/playlist/140356/tigres-de-la-uanl-vs-rayados-de-monterrey
2024-2025,"Apertura",Domingo 15 de Septiembre de 2024\nTemporada 2024-2025\nTorneo Apertura\nJornada 10\n15 Septiembre 2024 - 17:00 hrs.,https://www.ligafemenil.mx/cancha/estadio/2/estadio-ciudad-de-los-deportes,https://www.ligafemenil.mx/cancha/playlist/140358/america-vs-guadalajara
2024-2025,"Apertura",Domingo 15 de Septiembre de 2024\nTemporada 2024-2025\nTorneo Apertura\nJornada 10\n15 Septiembre 2024 - 17:00 hrs.,https://www.ligafemenil.mx/cancha/estadio/9/estadio-cuauhtemoc,https://www.ligafemenil.mx/cancha/playlist/140359/puebla-fc-vs-mazatlan-fc
2024-2025,"Apertura",Domingo 15 de Septiembre de 2024\nTemporada 2024-2025\nTorneo Apertura\nJornada 10\n15 Septiembre 2024 - 19:06 hrs.,https://www.ligafemenil.mx/cancha/estadio/11/estadio-hidalgo,https://www.ligafemenil.mx/cancha/playlist/140360/pachuca-vs-santos-laguna
2024-2025,"Apertura",Domingo 15 de Septiembre de 2024\nTemporada 2024-2025\nTorneo Apertura\nJornada 10\n15 Septiembre 2024 - 20:10 hrs.,https://www.ligafemenil.mx/cancha/estadio/48/estadio-caliente,https://www.ligafemenil.mx/cancha/playlist/140362/tijuana-vs-pumas
2024-2025,"Apertura",Lunes 16 de Septiembre de 2024\nTemporada 2024-2025\nTorneo Apertura\nJornada 10\n16 Septiembre 2024 - 17:00 hrs.,https://www.ligafemenil.mx/cancha/estadio/15/estadio-victoria,https://www.ligafemenil.mx/cancha/playlist/140363/necaxa-vs-fc-juarez
2024-2025,"Apertura",Jueves 19 de Septiembre de 2024\nTemporada 2024-2025\nTorneo Apertura\nJornada 3\n19 Septiembre 2024 - 20:06 hrs.,https://www.ligafemenil.mx/cancha/estadio/1538/estadio-akron,https://www.ligafemenil.mx/cancha/playlist/140282/guadalajara-vs-mazatlan-fc
2024-2025,"Apertura",Viernes 20 de Septiembre de 2024\nTemporada 2024-2025\nTorneo Apertura\nJornada 11\n20 Septiembre 2024 - 17:00 hrs.,https://www.ligafemenil.mx/cancha/estadio/7/estadio-olimpico-universitario,https://www.ligafemenil.mx/cancha/playlist/140364/pumas-vs-gallos-blancos-de-queretaro
2024-2025,"Apertura",Viernes 20 de Septiembre de 2024\nTemporada 2024-2025\nTorneo Apertura\nJornada 11\n20 Septiembre 2024 - 19:00 hrs.,https://www.ligafemenil.mx/cancha/estadio/63/estadio-tsm-corona,https://www.ligafemenil.mx/cancha/playlist/140366/santos-laguna-vs-puebla-fc
2024-2025,"Apertura",Sábado 21 de Septiembre de 2024\nTemporada 2024-2025\nTorneo Apertura\nJornada 11\n21 Septiembre 2024 - 19:06 hrs.,https://www.ligafemenil.mx/cancha/estadio/17/estadio-olimpico-benito-juarez,https://www.ligafemenil.mx/cancha/playlist/140367/fc-juarez-vs-cruz-azul
2024-2025,"Apertura",Domingo 22 de Septiembre de 2024\nTemporada 2024-2025\nTorneo Apertura\nJornada 11\n22 Septiembre 2024 - 17:00 hrs.,https://www.ligafemenil.mx/cancha/estadio/14/estadio-alfonso-lastras-ramirez,https://www.ligafemenil.mx/cancha/playlist/140371/club-atletico-de-san-luis-vs-necaxa
2024-2025,"Apertura",Domingo 22 de Septiembre de 2024\nTemporada 2024-2025\nTorneo Apertura\nJornada 11\n22 Septiembre 2024 - 17:05 hrs.,https://www.ligafemenil.mx/cancha/estadio/5/estadio-jalisco,https://www.ligafemenil.mx/cancha/playlist/140370/guadalajara-vs-pachuca
2024-2025,"Apertura",Domingo 22 de Septiembre de 2024\nTemporada 2024-2025\nTorneo Apertura\nJornada 11\n22 Septiembre 2024 - 20:10 hrs.,https://www.ligafemenil.mx/cancha/estadio/48/estadio-caliente,https://www.ligafemenil.mx/cancha/playlist/140372/tijuana-vs-tigres-de-la-uanl
2024-2025,"Apertura",Domingo 22 de Septiembre de 2024\nTemporada 2024-2025\nTorneo Apertura\nJornada 11\n22 Septiembre 2024 - 20:15 hrs.,https://www.ligafemenil.mx/cancha/estadio/1931/estadio-el-encanto,https://www.ligafemenil.mx/cancha/playlist/140368/mazatlan-fc-vs-atlas
2024-2025,"Apertura",Lunes 23 de Septiembre de 2024\nTemporada 2024-2025\nTorneo Apertura\nJornada 11\n23 Septiembre 2024 - 17:00 hrs.,https://www.ligafemenil.mx/cancha/estadio/6/estadio-nemesio-diez,https://www.ligafemenil.mx/cancha/playlist/140373/toluca-vs-leon
2024-2025,"Apertura",Lunes 23 de Septiembre de 2024\nTemporada 2024-2025\nTorneo Apertura\nJornada 11\n23 Septiembre 2024 - 19:00 hrs.,https://www.ligafemenil.mx/cancha/estadio/1608/estadio-bbva,https://www.ligafemenil.mx/cancha/playlist/140375/rayados-de-monterrey-vs-america
2024-2025,"Apertura",Jueves 26 de Septiembre de 2024\nTemporada 2024-2025\nTorneo Apertura\nJornada 12\n26 Septiembre 2024 - 15:45 hrs.,https://www.ligafemenil.mx/cancha/estadio/1421/estadio-cancha-centenario-no-5-natural-instalaciones-club-america,https://www.ligafemenil.mx/cancha/playlist/140378/america-vs-santos-laguna
2024-2025,"Apertura",Jueves 26 de Septiembre de 2024\nTemporada 2024-2025\nTorneo Apertura\nJornada 12\n26 Septiembre 2024 - 17:00 hrs.,https://www.ligafemenil.mx/cancha/estadio/1741/estadio-olimpico-alameda,https://www.ligafemenil.mx/cancha/playlist/140376/gallos-blancos-de-queretaro-vs-fc-juarez
2024-2025,"Apertura",Jueves 26 de Septiembre de 2024\nTemporada 2024-2025\nTorneo Apertura\nJornada 12\n26 Septiembre 2024 - 19:00 hrs.,https://www.ligafemenil.mx/cancha/estadio/7/estadio-olimpico-universitario,https://www.ligafemenil.mx/cancha/playlist/140380/pumas-vs-guadalajara
2024-2025,"Apertura",Jueves 26 de Septiembre de 2024\nTemporada 2024-2025\nTorneo Apertura\nJornada 12\n26 Septiembre 2024 - 19:06 hrs.,https://www.ligafemenil.mx/cancha/estadio/11/estadio-hidalgo,https://www.ligafemenil.mx/cancha/playlist/140379/pachuca-vs-puebla-fc
2024-2025,"Apertura",Jueves 26 de Septiembre de 2024\nTemporada 2024-2025\nTorneo Apertura\nJornada 12\n26 Septiembre 2024 - 21:10 hrs.,https://www.ligafemenil.mx/cancha/estadio/12/estadio-universitario,https://www.ligafemenil.mx/cancha/playlist/140381/tigres-de-la-uanl-vs-cruz-azul
2024-2025,"Apertura",Viernes 27 de Septiembre de 2024\nTemporada 2024-2025\nTorneo Apertura\nJornada 12\n27 Septiembre 2024 - 17:00 hrs.,https://www.ligafemenil.mx/cancha/estadio/15/estadio-victoria,https://www.ligafemenil.mx/cancha/playlist/140385/necaxa-vs-toluca
2024-2025,"Apertura",Viernes 27 de Septiembre de 2024\nTemporada 2024-2025\nTorneo Apertura\nJornada 12\n27 Septiembre 2024 - 17:00 hrs.,https://www.ligafemenil.mx/cancha/estadio/5/estadio-jalisco,https://www.ligafemenil.mx/cancha/playlist/140386/atlas-vs-club-atletico-de-san-luis
2024-2025,"Apertura",Viernes 27 de Septiembre de 2024\nTemporada 2024-2025\nTorneo Apertura\nJornada 12\n27 Septiembre 2024 - 17:00 hrs.,https://www.ligafemenil.mx/cancha/estadio/23/estadio-nou-camp,https://www.ligafemenil.mx/cancha/playlist/140383/leon-vs-rayados-de-monterrey
2024-2025,"Apertura",Domingo 29 de Septiembre de 2024\nTemporada 2024-2025\nTorneo Apertura\nJornada 13\n29 Septiembre 2024 - 18:15 hrs.,https://www.ligafemenil.mx/cancha/estadio/63/estadio-tsm-corona,https://www.ligafemenil.mx/cancha/playlist/140393/santos-laguna-vs-pumas
2024-2025,"Apertura",Domingo 29 de Septiembre de 2024\nTemporada 2024-2025\nTorneo Apertura\nJornada 13\n29 Septiembre 2024 - 19:06 hrs.,https://www.ligafemenil.mx/cancha/estadio/1538/estadio-akron,https://www.ligafemenil.mx/cancha/playlist/140392/guadalajara-vs-tigres-de-la-uanl
2024-2025,"Apertura",Domingo 29 de Septiembre de 2024\nTemporada 2024-2025\nTorneo Apertura\nJornada 13\n29 Septiembre 2024 - 20:00 hrs.,https://www.ligafemenil.mx/cancha/estadio/48/estadio-caliente,https://www.ligafemenil.mx/cancha/playlist/140395/tijuana-vs-america
2024-2025,"Apertura",Lunes 30 de Septiembre de 2024\nTemporada 2024-2025\nTorneo Apertura\nJornada 13\n30 Septiembre 2024 - 17:00 hrs.,https://www.ligafemenil.mx/cancha/estadio/9/estadio-cuauhtemoc,https://www.ligafemenil.mx/cancha/playlist/140390/puebla-fc-vs-gallos-blancos-de-queretaro
2024-2025,"Apertura",Lunes 30 de Septiembre de 2024\nTemporada 2024-2025\nTorneo Apertura\nJornada 13\n30 Septiembre 2024 - 17:00 hrs.,https://www.ligafemenil.mx/cancha/estadio/14/estadio-alfonso-lastras-ramirez,https://www.ligafemenil.mx/cancha/playlist/140397/club-atletico-de-san-luis-vs-fc-juarez
2024-2025,"Apertura",Lunes 30 de Septiembre de 2024\nTemporada 2024-2025\nTorneo Apertura\nJornada 13\n30 Septiembre 2024 - 18:00 hrs.,https://www.ligafemenil.mx/cancha/estadio/6/estadio-nemesio-diez,https://www.ligafemenil.mx/cancha/playlist/140399/toluca-vs-pachuca
2024-2025,"Apertura",Lunes 30 de Septiembre de 2024\nTemporada 2024-2025\nTorneo Apertura\nJornada 13\n30 Septiembre 2024 - 20:00 hrs.,https://www.ligafemenil.mx/cancha/estadio/1608/estadio-bbva,https://www.ligafemenil.mx/cancha/playlist/140402/rayados-de-monterrey-vs-mazatlan-fc
2024-2025,"Apertura",Miércoles 2 de Octubre de 2024\nTemporada 2024-2025\nTorneo Apertura\nJornada 13\n2 Octubre 2024 - 19:06 hrs.,https://www.ligafemenil.mx/cancha/estadio/23/estadio-nou-camp,https://www.ligafemenil.mx/cancha/playlist/140401/leon-vs-necaxa
2024-2025,"Apertura",Jueves 3 de Octubre de 2024\nTemporada 2024-2025\nTorneo Apertura\nJornada 3\n3 Octubre 2024 - 21:00 hrs.,https://www.ligafemenil.mx/cancha/estadio/1608/estadio-bbva,https://www.ligafemenil.mx/cancha/playlist/140285/rayados-de-monterrey-vs-santos-laguna
2024-2025,"Apertura",Viernes 4 de Octubre de 2024\nTemporada 2024-2025\nTorneo Apertura\nJornada 14\n4 Octubre 2024 - 17:00 hrs.,https://www.ligafemenil.mx/cancha/estadio/25/estadio-la-corregidora,https://www.ligafemenil.mx/cancha/playlist/140404/gallos-blancos-de-queretaro-vs-atlas
2024-2025,"Apertura",Sábado 5 de Octubre de 2024\nTemporada 2024-2025\nTorneo Apertura\nJornada 14\n5 Octubre 2024 - 17:30 hrs.,https://www.ligafemenil.mx/cancha/estadio/17/estadio-olimpico-benito-juarez,https://www.ligafemenil.mx/cancha/playlist/140406/fc-juarez-vs-toluca
2024-2025,"Apertura",Sábado 5 de Octubre de 2024\nTemporada 2024-2025\nTorneo Apertura\nJornada 14\n5 Octubre 2024 - 20:10 hrs.,https://www.ligafemenil.mx/cancha/estadio/1931/estadio-el-encanto,https://www.ligafemenil.mx/cancha/playlist/140407/mazatlan-fc-vs-pumas
2024-2025,"Apertura",Domingo 6 de Octubre de 2024\nTemporada 2024-2025\nTorneo Apertura\nJornada 14\n6 Octubre 2024 - 12:00 hrs.,https://www.ligafemenil.mx/cancha/estadio/1549/estadio-instalaciones-la-noria-cancha-1,https://www.ligafemenil.mx/cancha/playlist/140405/cruz-azul-vs-puebla-fc
2024-2025,"Apertura",Domingo 6 de Octubre de 2024\nTemporada 2024-2025\nTorneo Apertura\nJornada 14\n6 Octubre 2024 - 18:00 hrs.,https://www.ligafemenil.mx/cancha/estadio/5/estadio-jalisco,https://www.ligafemenil.mx/cancha/playlist/140408/guadalajara-vs-tijuana
2024-2025,"Apertura",Domingo 6 de Octubre de 2024\nTemporada 2024-2025\nTorneo Apertura\nJornada 14\n6 Octubre 2024 - 20:06 hrs.,https://www.ligafemenil.mx/cancha/estadio/12/estadio-universitario,https://www.ligafemenil.mx/cancha/playlist/140409/tigres-de-la-uanl-vs-america
2024-2025,"Apertura",Lunes 7 de Octubre de 2024\nTemporada 2024-2025\nTorneo Apertura\nJornada 14\n7 Octubre 2024 - 17:00 hrs.,https://www.ligafemenil.mx/cancha/estadio/14/estadio-alfonso-lastras-ramirez,https://www.ligafemenil.mx/cancha/playlist/140411/club-atletico-de-san-luis-vs-leon
2024-2025,"Apertura",Lunes 7 de Octubre de 2024\nTemporada 2024-2025\nTorneo Apertura\nJornada 14\n7 Octubre 2024 - 19:06 hrs.,https://www.ligafemenil.mx/cancha/estadio/11/estadio-hidalgo,https://www.ligafemenil.mx/cancha/playlist/140410/pachuca-vs-rayados-de-monterrey
2024-2025,"Apertura",Jueves 10 de Octubre de 2024\nTemporada 2024-2025\nTorneo Apertura\nJornada 12\n10 Octubre 2024 - 20:10 hrs.,https://www.ligafemenil.mx/cancha/estadio/1931/estadio-el-encanto,https://www.ligafemenil.mx/cancha/playlist/140382/mazatlan-fc-vs-tijuana
2024-2025,"Apertura",Viernes 11 de Octubre de 2024\nTemporada 2024-2025\nTorneo Apertura\nJornada 15\n11 Octubre 2024 - 19:06 hrs.,https://www.ligafemenil.mx/cancha/estadio/12/estadio-universitario,https://www.ligafemenil.mx/cancha/playlist/140387/tigres-de-la-uanl-vs-gallos-blancos-de-queretaro
2024-2025,"Apertura",Viernes 11 de Octubre de 2024\nTemporada 2024-2025\nTorneo Apertura\nJornada 15\n11 Octubre 2024 - 21:00 hrs.,https://www.ligafemenil.mx/cancha/estadio/5/estadio-jalisco,https://www.ligafemenil.mx/cancha/playlist/140388/atlas-vs-guadalajara
2024-2025,"Apertura",Sábado 12 de Octubre de 2024\nTemporada 2024-2025\nTorneo Apertura\nJornada 15\n12 Octubre 2024 - 12:00 hrs.,https://www.ligafemenil.mx/cancha/estadio/1547/estadio-instalaciones-metepec-cancha-2,https://www.ligafemenil.mx/cancha/playlist/140396/toluca-vs-cruz-azul
2024-2025,"Apertura",Sábado 12 de Octubre de 2024\nTemporada 2024-2025\nTorneo Apertura\nJornada 15\n12 Octubre 2024 - 17:00 hrs.,https://www.ligafemenil.mx/cancha/estadio/2/estadio-ciudad-de-los-deportes,https://www.ligafemenil.mx/cancha/playlist/140389/america-vs-pachuca
2024-2025,"Apertura",Domingo 13 de Octubre de 2024\nTemporada 2024-2025\nTorneo Apertura\nJornada 15\n13 Octubre 2024 - 12:00 hrs.,https://www.ligafemenil.mx/cancha/estadio/9/estadio-cuauhtemoc,https://www.ligafemenil.mx/cancha/playlist/140394/puebla-fc-vs-necaxa
2024-2025,"Apertura",Domingo 13 de Octubre de 2024\nTemporada 2024-2025\nTorneo Apertura\nJornada 15\n13 Octubre 2024 - 12:00 hrs.,https://www.ligafemenil.mx/cancha/estadio/7/estadio-olimpico-universitario,https://www.ligafemenil.mx/cancha/playlist/140391/pumas-vs-rayados-de-monterrey
2024-2025,"Apertura",Domingo 13 de Octubre de 2024\nTemporada 2024-2025\nTorneo Apertura\nJornada 15\n13 Octubre 2024 - 18:06 hrs.,https://www.ligafemenil.mx/cancha/estadio/48/estadio-caliente,https://www.ligafemenil.mx/cancha/playlist/140398/tijuana-vs-club-atletico-de-san-luis
2024-2025,"Apertura",Lunes 14 de Octubre de 2024\nTemporada 2024-2025\nTorneo Apertura\nJornada 15\n14 Octubre 2024 - 19:00 hrs.,https://www.ligafemenil.mx/cancha/estadio/63/estadio-tsm-corona,https://www.ligafemenil.mx/cancha/playlist/140384/santos-laguna-vs-mazatlan-fc
2024-2025,"Apertura",Jueves 17 de Octubre de 2024\nTemporada 2024-2025\nTorneo Apertura\nJornada 16\n17 Octubre 2024 - 15:45 hrs.,https://www.ligafemenil.mx/cancha/estadio/136/estadio-instalaciones-club-necaxa,https://www.ligafemenil.mx/cancha/playlist/140348/necaxa-vs-gallos-blancos-de-queretaro
2024-2025,"Apertura",Jueves 17 de Octubre de 2024\nTemporada 2024-2025\nTorneo Apertura\nJornada 16\n17 Octubre 2024 - 19:00 hrs.,https://www.ligafemenil.mx/cancha/estadio/5/estadio-jalisco,https://www.ligafemenil.mx/cancha/playlist/140351/atlas-vs-puebla-fc
2024-2025,"Apertura",Jueves 17 de Octubre de 2024\nTemporada 2024-2025\nTorneo Apertura\nJornada 16\n17 Octubre 2024 - 20:06 hrs.,https://www.ligafemenil.mx/cancha/estadio/1931/estadio-el-encanto,https://www.ligafemenil.mx/cancha/playlist/140354/mazatlan-fc-vs-toluca
2024-2025,"Apertura",Viernes 18 de Octubre de 2024\nTemporada 2024-2025\nTorneo Apertura\nJornada 16\n18 Octubre 2024 - 17:00 hrs.,https://www.ligafemenil.mx/cancha/estadio/63/estadio-tsm-corona,https://www.ligafemenil.mx/cancha/playlist/140357/santos-laguna-vs-leon
2024-2025,"Apertura",Sábado 19 de Octubre de 2024\nTemporada 2024-2025\nTorneo Apertura\nJornada 16\n19 Octubre 2024 - 12:00 hrs.,https://www.ligafemenil.mx/cancha/estadio/1549/estadio-instalaciones-la-noria-cancha-1,https://www.ligafemenil.mx/cancha/playlist/140361/cruz-azul-vs-pumas
2024-2025,"Apertura",Domingo 20 de Octubre de 2024\nTemporada 2024-2025\nTorneo Apertura\nJornada 16\n20 Octubre 2024 - 17:00 hrs.,https://www.ligafemenil.mx/cancha/estadio/14/estadio-alfonso-lastras-ramirez,https://www.ligafemenil.mx/cancha/playlist/140369/club-atletico-de-san-luis-vs-america
2024-2025,"Apertura",Domingo 20 de Octubre de 2024\nTemporada 2024-2025\nTorneo Apertura\nJornada 16\n20 Octubre 2024 - 18:06 hrs.,https://www.ligafemenil.mx/cancha/estadio/11/estadio-hidalgo,https://www.ligafemenil.mx/cancha/playlist/140365/pachuca-vs-tijuana
2024-2025,"Apertura",Domingo 20 de Octubre de 2024\nTemporada 2024-2025\nTorneo Apertura\nJornada 16\n20 Octubre 2024 - 20:05 hrs.,https://www.ligafemenil.mx/cancha/estadio/1608/estadio-bbva,https://www.ligafemenil.mx/cancha/playlist/140377/rayados-de-monterrey-vs-guadalajara
2024-2025,"Apertura",Domingo 20 de Octubre de 2024\nTemporada 2024-2025\nTorneo Apertura\nJornada 16\n20 Octubre 2024 - 20:10 hrs.,https://www.ligafemenil.mx/cancha/estadio/17/estadio-olimpico-benito-juarez,https://www.ligafemenil.mx/cancha/playlist/140374/fc-juarez-vs-tigres-de-la-uanl
2024-2025,"Apertura",Jueves 31 de Octubre de 2024\nTemporada 2024-2025\nTorneo Apertura\nJornada 17\n31 Octubre 2024 - 17:00 hrs.,https://www.ligafemenil.mx/cancha/estadio/25/estadio-la-corregidora,https://www.ligafemenil.mx/cancha/playlist/140302/gallos-blancos-de-queretaro-vs-cruz-azul
2024-2025,"Apertura",Viernes 1 de Noviembre de 2024\nTemporada 2024-2025\nTorneo Apertura\nJornada 17\n1 Noviembre 2024 - 17:00 hrs.,https://www.ligafemenil.mx/cancha/estadio/23/estadio-nou-camp,https://www.ligafemenil.mx/cancha/playlist/140317/leon-vs-mazatlan-fc
2024-2025,"Apertura",Viernes 1 de Noviembre de 2024\nTemporada 2024-2025\nTorneo Apertura\nJornada 17\n1 Noviembre 2024 - 17:00 hrs.,https://www.ligafemenil.mx/cancha/estadio/6/estadio-nemesio-diez,https://www.ligafemenil.mx/cancha/playlist/140311/toluca-vs-club-atletico-de-san-luis
2024-2025,"Apertura",Sábado 2 de Noviembre de 2024\nTemporada 2024-2025\nTorneo Apertura\nJornada 17\n2 Noviembre 2024 - 12:00 hrs.,https://www.ligafemenil.mx/cancha/estadio/7/estadio-olimpico-universitario,https://www.ligafemenil.mx/cancha/playlist/140320/pumas-vs-necaxa
2024-2025,"Apertura",Domingo 3 de Noviembre de 2024\nTemporada 2024-2025\nTorneo Apertura\nJornada 17\n3 Noviembre 2024 - 12:00 hrs.,https://www.ligafemenil.mx/cancha/estadio/9/estadio-cuauhtemoc,https://www.ligafemenil.mx/cancha/playlist/140326/puebla-fc-vs-fc-juarez
2024-2025,"Apertura",Domingo 3 de Noviembre de 2024\nTemporada 2024-2025\nTorneo Apertura\nJornada 17\n3 Noviembre 2024 - 15:45 hrs.,https://www.ligafemenil.mx/cancha/estadio/1421/estadio-cancha-centenario-no-5-natural-instalaciones-club-america,https://www.ligafemenil.mx/cancha/playlist/140330/america-vs-atlas
2024-2025,"Apertura",Domingo 3 de Noviembre de 2024\nTemporada 2024-2025\nTorneo Apertura\nJornada 17\n3 Noviembre 2024 - 19:00 hrs.,https://www.ligafemenil.mx/cancha/estadio/1538/estadio-akron,https://www.ligafemenil.mx/cancha/playlist/140335/guadalajara-vs-santos-laguna
2024-2025,"Apertura",Domingo 3 de Noviembre de 2024\nTemporada 2024-2025\nTorneo Apertura\nJornada 17\n3 Noviembre 2024 - 19:06 hrs.,https://www.ligafemenil.mx/cancha/estadio/12/estadio-universitario,https://www.ligafemenil.mx/cancha/playlist/140338/tigres-de-la-uanl-vs-pachuca
2024-2025,"Apertura",Domingo 3 de Noviembre de 2024\nTemporada 2024-2025\nTorneo Apertura\nJornada 17\n3 Noviembre 2024 - 19:10 hrs.,https://www.ligafemenil.mx/cancha/estadio/48/estadio-caliente,https://www.ligafemenil.mx/cancha/playlist/140342/tijuana-vs-rayados-de-monterrey
2024-2025,"Apertura",Jueves 7 de Noviembre de 2024\nTemporada 2024-2025\nTorneo Apertura\nCuartos Ida\n7 Noviembre 2024 - 20:06 hrs.,https://www.ligafemenil.mx/cancha/estadio/17/estadio-olimpico-benito-juarez,https://www.ligafemenil.mx/cancha/playlist/143471/fc-juarez-vs-pachuca
2024-2025,"Apertura",Viernes 8 de Noviembre de 2024\nTemporada 2024-2025\nTorneo Apertura\nCuartos Ida\n8 Noviembre 2024 - 17:15 hrs.,https://www.ligafemenil.mx/cancha/estadio/1538/estadio-akron,https://www.ligafemenil.mx/cancha/playlist/143470/guadalajara-vs-america
2024-2025,"Apertura",Viernes 8 de Noviembre de 2024\nTemporada 2024-2025\nTorneo Apertura\nCuartos Ida\n8 Noviembre 2024 - 18:00 hrs.,https://www.ligafemenil.mx/cancha/estadio/6/estadio-nemesio-diez,https://www.ligafemenil.mx/cancha/playlist/143468/toluca-vs-rayados-de-monterrey
2024-2025,"Apertura",Viernes 8 de Noviembre de 2024\nTemporada 2024-2025\nTorneo Apertura\nCuartos Ida\n8 Noviembre 2024 - 20:10 hrs.,https://www.ligafemenil.mx/cancha/estadio/7/estadio-olimpico-universitario,https://www.ligafemenil.mx/cancha/playlist/143469/pumas-vs-tigres-de-la-uanl
2024-2025,"Apertura",Domingo 10 de Noviembre de 2024\nTemporada 2024-2025\nTorneo Apertura\nCuartos Vuelta\n10 Noviembre 2024 - 19:06 hrs.,https://www.ligafemenil.mx/cancha/estadio/11/estadio-hidalgo,https://www.ligafemenil.mx/cancha/playlist/143475/pachuca-vs-fc-juarez
2024-2025,"Apertura",Lunes 11 de Noviembre de 2024\nTemporada 2024-2025\nTorneo Apertura\nCuartos Vuelta\n11 Noviembre 2024 - 17:00 hrs.,https://www.ligafemenil.mx/cancha/estadio/2/estadio-ciudad-de-los-deportes,https://www.ligafemenil.mx/cancha/playlist/143474/america-vs-guadalajara
2024-2025,"Apertura",Lunes 11 de Noviembre de 2024\nTemporada 2024-2025\nTorneo Apertura\nCuartos Vuelta\n11 Noviembre 2024 - 19:10 hrs.,https://www.ligafemenil.mx/cancha/estadio/1608/estadio-bbva,https://www.ligafemenil.mx/cancha/playlist/143472/rayados-de-monterrey-vs-toluca
2024-2025,"Apertura",Lunes 11 de Noviembre de 2024\nTemporada 2024-2025\nTorneo Apertura\nCuartos Vuelta\n11 Noviembre 2024 - 21:06 hrs.,https://www.ligafemenil.mx/cancha/estadio/12/estadio-universitario,https://www.ligafemenil.mx/cancha/playlist/143473/tigres-de-la-uanl-vs-pumas
2024-2025,"Apertura",Jueves 14 de Noviembre de 2024\nTemporada 2024-2025\nTorneo Apertura\nSemifinal Ida\n14 Noviembre 2024 - 21:00 hrs.,https://www.ligafemenil.mx/cancha/estadio/2/estadio-ciudad-de-los-deportes,https://www.ligafemenil.mx/cancha/playlist/143507/america-vs-tigres-de-la-uanl
2024-2025,"Apertura",Viernes 15 de Noviembre de 2024\nTemporada 2024-2025\nTorneo Apertura\nSemifinal Ida\n15 Noviembre 2024 - 18:06 hrs.,https://www.ligafemenil.mx/cancha/estadio/11/estadio-hidalgo,https://www.ligafemenil.mx/cancha/playlist/143506/pachuca-vs-rayados-de-monterrey
2024-2025,"Apertura",Domingo 17 de Noviembre de 2024\nTemporada 2024-2025\nTorneo Apertura\nSemifinal Vuelta\n17 Noviembre 2024 - 19:06 hrs.,https://www.ligafemenil.mx/cancha/estadio/12/estadio-universitario,https://www.ligafemenil.mx/cancha/playlist/143509/tigres-de-la-uanl-vs-america
2024-2025,"Apertura",Lunes 18 de Noviembre de 2024\nTemporada 2024-2025\nTorneo Apertura\nSemifinal Vuelta\n18 Noviembre 2024 - 20:00 hrs.,https://www.ligafemenil.mx/cancha/estadio/1608/estadio-bbva,https://www.ligafemenil.mx/cancha/playlist/143508/rayados-de-monterrey-vs-pachuca
2024-2025,"Apertura",Viernes 22 de Noviembre de 2024\nTemporada 2024-2025\nTorneo Apertura\nFinal Ida\n22 Noviembre 2024 - 20:06 hrs.,https://www.ligafemenil.mx/cancha/estadio/12/estadio-universitario,https://www.ligafemenil.mx/cancha/playlist/143516/tigres-de-la-uanl-vs-rayados-de-monterrey
2024-2025,"Apertura",Lunes 25 de Noviembre de 2024\nTemporada 2024-2025\nTorneo Apertura\nFinal Vuelta\n25 Noviembre 2024 - 20:00 hrs.,https://www.ligafemenil.mx/cancha/estadio/1608/estadio-bbva,https://www.ligafemenil.mx/cancha/playlist/143517/rayados-de-monterrey-vs-tigres-de-la-uanl
2023-2024,"Clausura",Viernes 5 de Enero de 2024\nTemporada 2023-2024\nTorneo Clausura\nJornada 1\n5 Enero 2024 - 17:00 hrs.,https://www.ligafemenil.mx/cancha/estadio/1741/estadio-olimpico-alameda,https://www.ligafemenil.mx/cancha/playlist/136715/gallos-blancos-de-queretaro-vs-fc-juarez
2023-2024,"Clausura",Viernes 5 de Enero de 2024\nTemporada 2023-2024\nTorneo Clausura\nJornada 1\n5 Enero 2024 - 18:06 hrs.,https://www.ligafemenil.mx/cancha/estadio/1931/estadio-el-encanto,https://www.ligafemenil.mx/cancha/playlist/136718/mazatlan-fc-vs-pachuca
2023-2024,"Clausura",Viernes 5 de Enero de 2024\nTemporada 2023-2024\nTorneo Clausura\nJornada 1\n5 Enero 2024 - 21:00 hrs.,https://www.ligafemenil.mx/cancha/estadio/1608/estadio-bbva,https://www.ligafemenil.mx/cancha/playlist/136721/rayados-de-monterrey-vs-puebla-fc
2023-2024,"Clausura",Sábado 6 de Enero de 2024\nTemporada 2023-2024\nTorneo Clausura\nJornada 1\n6 Enero 2024 - 12:00 hrs.,https://www.ligafemenil.mx/cancha/estadio/877/estadio-instalaciones-la-noria,https://www.ligafemenil.mx/cancha/playlist/136726/cruz-azul-vs-necaxa
2023-2024,"Clausura",Sábado 6 de Enero de 2024\nTemporada 2023-2024\nTorneo Clausura\nJornada 1\n6 Enero 2024 - 15:45 hrs.,https://www.ligafemenil.mx/cancha/estadio/32/estadio-instalaciones-club-america-coapa,https://www.ligafemenil.mx/cancha/playlist/136729/america-vs-atlas
2023-2024,"Clausura",Sábado 6 de Enero de 2024\nTemporada 2023-2024\nTorneo Clausura\nJornada 1\n6 Enero 2024 - 19:06 hrs.,https://www.ligafemenil.mx/cancha/estadio/1538/estadio-akron,https://www.ligafemenil.mx/cancha/playlist/136732/guadalajara-vs-tijuana
2023-2024,"Clausura",Sábado 6 de Enero de 2024\nTemporada 2023-2024\nTorneo Clausura\nJornada 1\n6 Enero 2024 - 21:00 hrs.,https://www.ligafemenil.mx/cancha/estadio/12/estadio-universitario,https://www.ligafemenil.mx/cancha/playlist/136736/tigres-de-la-uanl-vs-club-atletico-de-san-luis
2023-2024,"Clausura",Domingo 7 de Enero de 2024\nTemporada 2023-2024\nTorneo Clausura\nJornada 1\n7 Enero 2024 - 17:00 hrs.,https://www.ligafemenil.mx/cancha/estadio/6/estadio-nemesio-diez,https://www.ligafemenil.mx/cancha/playlist/136738/toluca-vs-santos-laguna
2023-2024,"Clausura",Lunes 8 de Enero de 2024\nTemporada 2023-2024\nTorneo Clausura\nJornada 1\n8 Enero 2024 - 21:00 hrs.,https://www.ligafemenil.mx/cancha/estadio/23/estadio-nou-camp,https://www.ligafemenil.mx/cancha/playlist/136741/leon-vs-pumas
2023-2024,"Clausura",Jueves 11 de Enero de 2024\nTemporada 2023-2024\nTorneo Clausura\nJornada 2\n11 Enero 2024 - 17:00 hrs.,https://www.ligafemenil.mx/cancha/estadio/15/estadio-victoria,https://www.ligafemenil.mx/cancha/playlist/136744/necaxa-vs-america
2023-2024,"Clausura",Jueves 11 de Enero de 2024\nTemporada 2023-2024\nTorneo Clausura\nJornada 2\n11 Enero 2024 - 19:00 hrs.,https://www.ligafemenil.mx/cancha/estadio/63/estadio-tsm-corona,https://www.ligafemenil.mx/cancha/playlist/136747/santos-laguna-vs-cruz-azul
2023-2024,"Clausura",Jueves 11 de Enero de 2024\nTemporada 2023-2024\nTorneo Clausura\nJornada 2\n11 Enero 2024 - 19:06 hrs.,https://www.ligafemenil.mx/cancha/estadio/48/estadio-caliente,https://www.ligafemenil.mx/cancha/playlist/136749/tijuana-vs-mazatlan-fc
2023-2024,"Clausura",Viernes 12 de Enero de 2024\nTemporada 2023-2024\nTorneo Clausura\nJornada 2\n12 Enero 2024 - 17:00 hrs.,https://www.ligafemenil.mx/cancha/estadio/9/estadio-cuauhtemoc,https://www.ligafemenil.mx/cancha/playlist/136752/puebla-fc-vs-leon
2023-2024,"Clausura",Viernes 12 de Enero de 2024\nTemporada 2023-2024\nTorneo Clausura\nJornada 2\n12 Enero 2024 - 19:00 hrs.,https://www.ligafemenil.mx/cancha/estadio/5/estadio-jalisco,https://www.ligafemenil.mx/cancha/playlist/136753/atlas-vs-toluca
2023-2024,"Clausura",Sábado 13 de Enero de 2024\nTemporada 2023-2024\nTorneo Clausura\nJornada 2\n13 Enero 2024 - 12:00 hrs.,https://www.ligafemenil.mx/cancha/estadio/7/estadio-olimpico-universitario,https://www.ligafemenil.mx/cancha/playlist/136756/pumas-vs-tigres-de-la-uanl
2023-2024,"Clausura",Sábado 13 de Enero de 2024\nTemporada 2023-2024\nTorneo Clausura\nJornada 2\n13 Enero 2024 - 18:00 hrs.,https://www.ligafemenil.mx/cancha/estadio/11/estadio-hidalgo,https://www.ligafemenil.mx/cancha/playlist/136759/pachuca-vs-rayados-de-monterrey
2023-2024,"Clausura",Domingo 14 de Enero de 2024\nTemporada 2023-2024\nTorneo Clausura\nJornada 2\n14 Enero 2024 - 17:00 hrs.,https://www.ligafemenil.mx/cancha/estadio/14/estadio-alfonso-lastras-ramirez,https://www.ligafemenil.mx/cancha/playlist/136761/club-atletico-de-san-luis-vs-gallos-blancos-de-queretaro
2023-2024,"Clausura",Domingo 14 de Enero de 2024\nTemporada 2023-2024\nTorneo Clausura\nJornada 2\n14 Enero 2024 - 18:00 hrs.,https://www.ligafemenil.mx/cancha/estadio/17/estadio-olimpico-benito-juarez,https://www.ligafemenil.mx/cancha/playlist/136764/fc-juarez-vs-guadalajara
2023-2024,"Clausura",Martes 16 de Enero de 2024\nTemporada 2023-2024\nTorneo Clausura\nJornada 3\n16 Enero 2024 - 15:45 hrs.,https://www.ligafemenil.mx/cancha/estadio/877/estadio-instalaciones-la-noria,https://www.ligafemenil.mx/cancha/playlist/136765/cruz-azul-vs-mazatlan-fc
2023-2024,"Clausura",Miércoles 17 de Enero de 2024\nTemporada 2023-2024\nTorneo Clausura\nJornada 3\n17 Enero 2024 - 17:00 hrs.,https://www.ligafemenil.mx/cancha/estadio/6/estadio-nemesio-diez,https://www.ligafemenil.mx/cancha/playlist/136767/toluca-vs-pumas
2023-2024,"Clausura",Miércoles 17 de Enero de 2024\nTemporada 2023-2024\nTorneo Clausura\nJornada 3\n17 Enero 2024 - 19:00 hrs.,https://www.ligafemenil.mx/cancha/estadio/12/estadio-universitario,https://www.ligafemenil.mx/cancha/playlist/136768/tigres-de-la-uanl-vs-santos-laguna
2023-2024,"Clausura",Miércoles 17 de Enero de 2024\nTemporada 2023-2024\nTorneo Clausura\nJornada 3\n17 Enero 2024 - 21:06 hrs.,https://www.ligafemenil.mx/cancha/estadio/5/estadio-jalisco,https://www.ligafemenil.mx/cancha/playlist/136769/atlas-vs-leon
2023-2024,"Clausura",Jueves 18 de Enero de 2024\nTemporada 2023-2024\nTorneo Clausura\nJornada 3\n18 Enero 2024 - 15:45 hrs.,https://www.ligafemenil.mx/cancha/estadio/1421/estadio-cancha-centenario-no-5-natural-instalaciones-club-america,https://www.ligafemenil.mx/cancha/playlist/136770/america-vs-tijuana
2023-2024,"Clausura",Jueves 18 de Enero de 2024\nTemporada 2023-2024\nTorneo Clausura\nJornada 3\n18 Enero 2024 - 17:00 hrs.,https://www.ligafemenil.mx/cancha/estadio/9/estadio-cuauhtemoc,https://www.ligafemenil.mx/cancha/playlist/136771/puebla-fc-vs-gallos-blancos-de-queretaro
2023-2024,"Clausura",Jueves 18 de Enero de 2024\nTemporada 2023-2024\nTorneo Clausura\nJornada 3\n18 Enero 2024 - 19:06 hrs.,https://www.ligafemenil.mx/cancha/estadio/11/estadio-hidalgo,https://www.ligafemenil.mx/cancha/playlist/136772/pachuca-vs-fc-juarez
2023-2024,"Clausura",Jueves 18 de Enero de 2024\nTemporada 2023-2024\nTorneo Clausura\nJornada 3\n18 Enero 2024 - 21:00 hrs.,https://www.ligafemenil.mx/cancha/estadio/1608/estadio-bbva,https://www.ligafemenil.mx/cancha/playlist/136773/rayados-de-monterrey-vs-necaxa
2023-2024,"Clausura",Jueves 18 de Enero de 2024\nTemporada 2023-2024\nTorneo Clausura\nJornada 3\n18 Enero 2024 - 21:10 hrs.,https://www.ligafemenil.mx/cancha/estadio/1538/estadio-akron,https://www.ligafemenil.mx/cancha/playlist/136774/guadalajara-vs-club-atletico-de-san-luis
2023-2024,"Clausura",Sábado 20 de Enero de 2024\nTemporada 2023-2024\nTorneo Clausura\nJornada 4\n20 Enero 2024 - 17:00 hrs.,https://www.ligafemenil.mx/cancha/estadio/23/estadio-nou-camp,https://www.ligafemenil.mx/cancha/playlist/136775/leon-vs-tigres-de-la-uanl
2023-2024,"Clausura",Sábado 20 de Enero de 2024\nTemporada 2023-2024\nTorneo Clausura\nJornada 4\n20 Enero 2024 - 18:06 hrs.,https://www.ligafemenil.mx/cancha/estadio/1931/estadio-el-encanto,https://www.ligafemenil.mx/cancha/playlist/136776/mazatlan-fc-vs-atlas
2023-2024,"Clausura",Domingo 21 de Enero de 2024\nTemporada 2023-2024\nTorneo Clausura\nJornada 4\n21 Enero 2024 - 15:45 hrs.,https://www.ligafemenil.mx/cancha/estadio/877/estadio-instalaciones-la-noria,https://www.ligafemenil.mx/cancha/playlist/136777/cruz-azul-vs-puebla-fc
2023-2024,"Clausura",Domingo 21 de Enero de 2024\nTemporada 2023-2024\nTorneo Clausura\nJornada 4\n21 Enero 2024 - 16:00 hrs.,https://www.ligafemenil.mx/cancha/estadio/1741/estadio-olimpico-alameda,https://www.ligafemenil.mx/cancha/playlist/136778/gallos-blancos-de-queretaro-vs-rayados-de-monterrey
2023-2024,"Clausura",Domingo 21 de Enero de 2024\nTemporada 2023-2024\nTorneo Clausura\nJornada 4\n21 Enero 2024 - 18:06 hrs.,https://www.ligafemenil.mx/cancha/estadio/1538/estadio-akron,https://www.ligafemenil.mx/cancha/playlist/136781/guadalajara-vs-toluca
2023-2024,"Clausura",Domingo 21 de Enero de 2024\nTemporada 2023-2024\nTorneo Clausura\nJornada 4\n21 Enero 2024 - 18:10 hrs.,https://www.ligafemenil.mx/cancha/estadio/48/estadio-caliente,https://www.ligafemenil.mx/cancha/playlist/136783/tijuana-vs-club-atletico-de-san-luis
2023-2024,"Clausura",Lunes 22 de Enero de 2024\nTemporada 2023-2024\nTorneo Clausura\nJornada 4\n22 Enero 2024 - 17:00 hrs.,https://www.ligafemenil.mx/cancha/estadio/15/estadio-victoria,https://www.ligafemenil.mx/cancha/playlist/136785/necaxa-vs-pachuca
2023-2024,"Clausura",Lunes 22 de Enero de 2024\nTemporada 2023-2024\nTorneo Clausura\nJornada 4\n22 Enero 2024 - 19:00 hrs.,https://www.ligafemenil.mx/cancha/estadio/7/estadio-olimpico-universitario,https://www.ligafemenil.mx/cancha/playlist/136790/pumas-vs-fc-juarez
2023-2024,"Clausura",Lunes 22 de Enero de 2024\nTemporada 2023-2024\nTorneo Clausura\nJornada 4\n22 Enero 2024 - 19:06 hrs.,https://www.ligafemenil.mx/cancha/estadio/63/estadio-tsm-corona,https://www.ligafemenil.mx/cancha/playlist/136788/santos-laguna-vs-america
2023-2024,"Clausura",Jueves 25 de Enero de 2024\nTemporada 2023-2024\nTorneo Clausura\nJornada 5\n25 Enero 2024 - 17:00 hrs.,https://www.ligafemenil.mx/cancha/estadio/9/estadio-cuauhtemoc,https://www.ligafemenil.mx/cancha/playlist/136793/puebla-fc-vs-guadalajara
2023-2024,"Clausura",Jueves 25 de Enero de 2024\nTemporada 2023-2024\nTorneo Clausura\nJornada 5\n25 Enero 2024 - 19:06 hrs.,https://www.ligafemenil.mx/cancha/estadio/5/estadio-jalisco,https://www.ligafemenil.mx/cancha/playlist/136794/atlas-vs-necaxa
2023-2024,"Clausura",Jueves 25 de Enero de 2024\nTemporada 2023-2024\nTorneo Clausura\nJornada 5\n25 Enero 2024 - 21:00 hrs.,https://www.ligafemenil.mx/cancha/estadio/1608/estadio-bbva,https://www.ligafemenil.mx/cancha/playlist/136797/rayados-de-monterrey-vs-cruz-azul
2023-2024,"Clausura",Jueves 25 de Enero de 2024\nTemporada 2023-2024\nTorneo Clausura\nJornada 5\n25 Enero 2024 - 20:10 hrs.,https://www.ligafemenil.mx/cancha/estadio/17/estadio-olimpico-benito-juarez,https://www.ligafemenil.mx/cancha/playlist/136799/fc-juarez-vs-santos-laguna
2023-2024,"Clausura",Viernes 26 de Enero de 2024\nTemporada 2023-2024\nTorneo Clausura\nJornada 5\n26 Enero 2024 - 15:45 hrs.,https://www.ligafemenil.mx/cancha/estadio/1/estadio-azteca,https://www.ligafemenil.mx/cancha/playlist/136801/america-vs-leon
2023-2024,"Clausura",Viernes 26 de Enero de 2024\nTemporada 2023-2024\nTorneo Clausura\nJornada 5\n26 Enero 2024 - 17:00 hrs.,https://www.ligafemenil.mx/cancha/estadio/14/estadio-alfonso-lastras-ramirez,https://www.ligafemenil.mx/cancha/playlist/136804/club-atletico-de-san-luis-vs-pumas
2023-2024,"Clausura",Viernes 26 de Enero de 2024\nTemporada 2023-2024\nTorneo Clausura\nJornada 5\n26 Enero 2024 - 17:00 hrs.,https://www.ligafemenil.mx/cancha/estadio/6/estadio-nemesio-diez,https://www.ligafemenil.mx/cancha/playlist/136806/toluca-vs-mazatlan-fc
2023-2024,"Clausura",Viernes 26 de Enero de 2024\nTemporada 2023-2024\nTorneo Clausura\nJornada 5\n26 Enero 2024 - 19:00 hrs.,https://www.ligafemenil.mx/cancha/estadio/11/estadio-hidalgo,https://www.ligafemenil.mx/cancha/playlist/136809/pachuca-vs-gallos-blancos-de-queretaro
2023-2024,"Clausura",Viernes 26 de Enero de 2024\nTemporada 2023-2024\nTorneo Clausura\nJornada 5\n26 Enero 2024 - 19:00 hrs.,https://www.ligafemenil.mx/cancha/estadio/12/estadio-universitario,https://www.ligafemenil.mx/cancha/playlist/136812/tigres-de-la-uanl-vs-tijuana
2023-2024,"Clausura",Jueves 1 de Febrero de 2024\nTemporada 2023-2024\nTorneo Clausura\nJornada 6\n1 Febrero 2024 - 15:45 hrs.,https://www.ligafemenil.mx/cancha/estadio/877/estadio-instalaciones-la-noria,https://www.ligafemenil.mx/cancha/playlist/136813/cruz-azul-vs-tigres-de-la-uanl
2023-2024,"Clausura",Jueves 1 de Febrero de 2024\nTemporada 2023-2024\nTorneo Clausura\nJornada 6\n1 Febrero 2024 - 17:00 hrs.,https://www.ligafemenil.mx/cancha/estadio/1741/estadio-olimpico-alameda,https://www.ligafemenil.mx/cancha/playlist/136814/gallos-blancos-de-queretaro-vs-guadalajara
2023-2024,"Clausura",Jueves 1 de Febrero de 2024\nTemporada 2023-2024\nTorneo Clausura\nJornada 6\n1 Febrero 2024 - 18:06 hrs.,https://www.ligafemenil.mx/cancha/estadio/1931/estadio-el-encanto,https://www.ligafemenil.mx/cancha/playlist/136815/mazatlan-fc-vs-club-atletico-de-san-luis
2023-2024,"Clausura",Jueves 1 de Febrero de 2024\nTemporada 2023-2024\nTorneo Clausura\nJornada 6\n1 Febrero 2024 - 19:10 hrs.,https://www.ligafemenil.mx/cancha/estadio/48/estadio-caliente,https://www.ligafemenil.mx/cancha/playlist/136816/tijuana-vs-puebla-fc
2023-2024,"Clausura",Viernes 2 de Febrero de 2024\nTemporada 2023-2024\nTorneo Clausura\nJornada 6\n2 Febrero 2024 - 19:00 hrs.,https://www.ligafemenil.mx/cancha/estadio/1/estadio-azteca,https://www.ligafemenil.mx/cancha/playlist/136817/america-vs-rayados-de-monterrey
2023-2024,"Clausura",Viernes 2 de Febrero de 2024\nTemporada 2023-2024\nTorneo Clausura\nJornada 6\n2 Febrero 2024 - 19:00 hrs.,https://www.ligafemenil.mx/cancha/estadio/23/estadio-nou-camp,https://www.ligafemenil.mx/cancha/playlist/136818/leon-vs-fc-juarez
2023-2024,"Clausura",Sábado 3 de Febrero de 2024\nTemporada 2023-2024\nTorneo Clausura\nJornada 6\n3 Febrero 2024 - 12:00 hrs.,https://www.ligafemenil.mx/cancha/estadio/7/estadio-olimpico-universitario,https://www.ligafemenil.mx/cancha/playlist/136819/pumas-vs-pachuca
2023-2024,"Clausura",Domingo 4 de Febrero de 2024\nTemporada 2023-2024\nTorneo Clausura\nJornada 6\n4 Febrero 2024 - 18:00 hrs.,https://www.ligafemenil.mx/cancha/estadio/63/estadio-tsm-corona,https://www.ligafemenil.mx/cancha/playlist/136820/santos-laguna-vs-atlas
2023-2024,"Clausura",Lunes 5 de Febrero de 2024\nTemporada 2023-2024\nTorneo Clausura\nJornada 6\n5 Febrero 2024 - 17:00 hrs.,https://www.ligafemenil.mx/cancha/estadio/15/estadio-victoria,https://www.ligafemenil.mx/cancha/playlist/136821/necaxa-vs-toluca
2023-2024,"Clausura",Jueves 8 de Febrero de 2024\nTemporada 2023-2024\nTorneo Clausura\nJornada 7\n8 Febrero 2024 - 17:00 hrs.,https://www.ligafemenil.mx/cancha/estadio/1741/estadio-olimpico-alameda,https://www.ligafemenil.mx/cancha/playlist/136822/gallos-blancos-de-queretaro-vs-america
2023-2024,"Clausura",Jueves 8 de Febrero de 2024\nTemporada 2023-2024\nTorneo Clausura\nJornada 7\n8 Febrero 2024 - 19:06 hrs.,https://www.ligafemenil.mx/cancha/estadio/5/estadio-jalisco,https://www.ligafemenil.mx/cancha/playlist/136823/atlas-vs-tijuana
2023-2024,"Clausura",Jueves 8 de Febrero de 2024\nTemporada 2023-2024\nTorneo Clausura\nJornada 7\n8 Febrero 2024 - 20:10 hrs.,https://www.ligafemenil.mx/cancha/estadio/17/estadio-olimpico-benito-juarez,https://www.ligafemenil.mx/cancha/playlist/136824/fc-juarez-vs-mazatlan-fc
2023-2024,"Clausura",Viernes 9 de Febrero de 2024\nTemporada 2023-2024\nTorneo Clausura\nJornada 7\n9 Febrero 2024 - 17:00 hrs.,https://www.ligafemenil.mx/cancha/estadio/14/estadio-alfonso-lastras-ramirez,https://www.ligafemenil.mx/cancha/playlist/136825/club-atletico-de-san-luis-vs-cruz-azul
2023-2024,"Clausura",Viernes 9 de Febrero de 2024\nTemporada 2023-2024\nTorneo Clausura\nJornada 7\n9 Febrero 2024 - 17:00 hrs.,https://www.ligafemenil.mx/cancha/estadio/1538/estadio-akron,https://www.ligafemenil.mx/cancha/playlist/136826/guadalajara-vs-santos-laguna
2023-2024,"Clausura",Viernes 9 de Febrero de 2024\nTemporada 2023-2024\nTorneo Clausura\nJornada 7\n9 Febrero 2024 - 17:00 hrs.,https://www.ligafemenil.mx/cancha/estadio/6/estadio-nemesio-diez,https://www.ligafemenil.mx/cancha/playlist/136827/toluca-vs-tigres-de-la-uanl
2023-2024,"Clausura",Viernes 9 de Febrero de 2024\nTemporada 2023-2024\nTorneo Clausura\nJornada 7\n9 Febrero 2024 - 19:00 hrs.,https://www.ligafemenil.mx/cancha/estadio/11/estadio-hidalgo,https://www.ligafemenil.mx/cancha/playlist/136828/pachuca-vs-leon
2023-2024,"Clausura",Viernes 9 de Febrero de 2024\nTemporada 2023-2024\nTorneo Clausura\nJornada 7\n9 Febrero 2024 - 19:00 hrs.,https://www.ligafemenil.mx/cancha/estadio/7/estadio-olimpico-universitario,https://www.ligafemenil.mx/cancha/playlist/136829/pumas-vs-rayados-de-monterrey
2023-2024,"Clausura",Domingo 11 de Febrero de 2024\nTemporada 2023-2024\nTorneo Clausura\nJornada 7\n11 Febrero 2024 - 12:00 hrs.,https://www.ligafemenil.mx/cancha/estadio/9/estadio-cuauhtemoc,https://www.ligafemenil.mx/cancha/playlist/136830/puebla-fc-vs-necaxa
2023-2024,"Clausura",Viernes 16 de Febrero de 2024\nTemporada 2023-2024\nTorneo Clausura\nJornada 8\n16 Febrero 2024 - 15:45 hrs.,https://www.ligafemenil.mx/cancha/estadio/32/estadio-instalaciones-club-america-coapa,https://www.ligafemenil.mx/cancha/playlist/136831/america-vs-mazatlan-fc
2023-2024,"Clausura",Viernes 16 de Febrero de 2024\nTemporada 2023-2024\nTorneo Clausura\nJornada 8\n16 Febrero 2024 - 18:00 hrs.,https://www.ligafemenil.mx/cancha/estadio/15/estadio-victoria,https://www.ligafemenil.mx/cancha/playlist/136832/necaxa-vs-pumas
2023-2024,"Clausura",Sábado 17 de Febrero de 2024\nTemporada 2023-2024\nTorneo Clausura\nJornada 8\n17 Febrero 2024 - 12:00 hrs.,https://www.ligafemenil.mx/cancha/estadio/877/estadio-instalaciones-la-noria,https://www.ligafemenil.mx/cancha/playlist/136834/cruz-azul-vs-pachuca
2023-2024,"Clausura",Domingo 18 de Febrero de 2024\nTemporada 2023-2024\nTorneo Clausura\nJornada 8\n18 Febrero 2024 - 17:00 hrs.,https://www.ligafemenil.mx/cancha/estadio/23/estadio-nou-camp,https://www.ligafemenil.mx/cancha/playlist/136836/leon-vs-guadalajara
2023-2024,"Clausura",Domingo 18 de Febrero de 2024\nTemporada 2023-2024\nTorneo Clausura\nJornada 8\n18 Febrero 2024 - 19:06 hrs.,https://www.ligafemenil.mx/cancha/estadio/63/estadio-tsm-corona,https://www.ligafemenil.mx/cancha/playlist/136838/santos-laguna-vs-club-atletico-de-san-luis
2023-2024,"Clausura",Domingo 18 de Febrero de 2024\nTemporada 2023-2024\nTorneo Clausura\nJornada 8\n18 Febrero 2024 - 19:10 hrs.,https://www.ligafemenil.mx/cancha/estadio/48/estadio-caliente,https://www.ligafemenil.mx/cancha/playlist/136840/tijuana-vs-gallos-blancos-de-queretaro
2023-2024,"Clausura",Sábado 2 de Marzo de 2024\nTemporada 2023-2024\nTorneo Clausura\nJornada 9\n2 Marzo 2024 - 12:00 hrs.,https://www.ligafemenil.mx/cancha/estadio/7/estadio-olimpico-universitario,https://www.ligafemenil.mx/cancha/playlist/136845/pumas-vs-tijuana
2023-2024,"Clausura",Sábado 2 de Marzo de 2024\nTemporada 2023-2024\nTorneo Clausura\nJornada 9\n2 Marzo 2024 - 18:06 hrs.,https://www.ligafemenil.mx/cancha/estadio/1931/estadio-el-encanto,https://www.ligafemenil.mx/cancha/playlist/136847/mazatlan-fc-vs-tigres-de-la-uanl
2023-2024,"Clausura",Domingo 3 de Marzo de 2024\nTemporada 2023-2024\nTorneo Clausura\nJornada 9\n3 Marzo 2024 - 17:00 hrs.,https://www.ligafemenil.mx/cancha/estadio/14/estadio-alfonso-lastras-ramirez,https://www.ligafemenil.mx/cancha/playlist/136849/club-atletico-de-san-luis-vs-leon
2023-2024,"Clausura",Domingo 3 de Marzo de 2024\nTemporada 2023-2024\nTorneo Clausura\nJornada 9\n3 Marzo 2024 - 17:06 hrs.,https://www.ligafemenil.mx/cancha/estadio/17/estadio-olimpico-benito-juarez,https://www.ligafemenil.mx/cancha/playlist/136850/fc-juarez-vs-atlas
2023-2024,"Clausura",Lunes 4 de Marzo de 2024\nTemporada 2023-2024\nTorneo Clausura\nJornada 9\n4 Marzo 2024 - 17:00 hrs.,https://www.ligafemenil.mx/cancha/estadio/25/estadio-la-corregidora,https://www.ligafemenil.mx/cancha/playlist/136851/gallos-blancos-de-queretaro-vs-cruz-azul
2023-2024,"Clausura",Lunes 4 de Marzo de 2024\nTemporada 2023-2024\nTorneo Clausura\nJornada 9\n4 Marzo 2024 - 17:00 hrs.,https://www.ligafemenil.mx/cancha/estadio/6/estadio-nemesio-diez,https://www.ligafemenil.mx/cancha/playlist/136852/toluca-vs-america
2023-2024,"Clausura",Lunes 4 de Marzo de 2024\nTemporada 2023-2024\nTorneo Clausura\nJornada 9\n4 Marzo 2024 - 19:06 hrs.,https://www.ligafemenil.mx/cancha/estadio/11/estadio-hidalgo,https://www.ligafemenil.mx/cancha/playlist/136853/pachuca-vs-puebla-fc
2023-2024,"Clausura",Lunes 4 de Marzo de 2024\nTemporada 2023-2024\nTorneo Clausura\nJornada 9\n4 Marzo 2024 - 21:10 hrs.,https://www.ligafemenil.mx/cancha/estadio/1538/estadio-akron,https://www.ligafemenil.mx/cancha/playlist/136854/guadalajara-vs-necaxa
2023-2024,"Clausura",Lunes 4 de Marzo de 2024\nTemporada 2023-2024\nTorneo Clausura\nJornada 9\n4 Marzo 2024 - 21:10 hrs.,https://www.ligafemenil.mx/cancha/estadio/1608/estadio-bbva,https://www.ligafemenil.mx/cancha/playlist/136855/rayados-de-monterrey-vs-santos-laguna
2023-2024,"Clausura",Viernes 8 de Marzo de 2024\nTemporada 2023-2024\nTorneo Clausura\nJornada 10\n8 Marzo 2024 - 15:45 hrs.,https://www.ligafemenil.mx/cancha/estadio/32/estadio-instalaciones-club-america-coapa,https://www.ligafemenil.mx/cancha/playlist/136856/america-vs-puebla-fc
2023-2024,"Clausura",Viernes 8 de Marzo de 2024\nTemporada 2023-2024\nTorneo Clausura\nJornada 10\n8 Marzo 2024 - 17:00 hrs.,https://www.ligafemenil.mx/cancha/estadio/5/estadio-jalisco,https://www.ligafemenil.mx/cancha/playlist/136857/atlas-vs-pumas
2023-2024,"Clausura",Viernes 8 de Marzo de 2024\nTemporada 2023-2024\nTorneo Clausura\nJornada 10\n8 Marzo 2024 - 17:00 hrs.,https://www.ligafemenil.mx/cancha/estadio/23/estadio-nou-camp,https://www.ligafemenil.mx/cancha/playlist/136861/leon-vs-rayados-de-monterrey
2023-2024,"Clausura",Viernes 8 de Marzo de 2024\nTemporada 2023-2024\nTorneo Clausura\nJornada 10\n8 Marzo 2024 - 18:00 hrs.,https://www.ligafemenil.mx/cancha/estadio/12/estadio-universitario,https://www.ligafemenil.mx/cancha/playlist/136862/tigres-de-la-uanl-vs-gallos-blancos-de-queretaro
2023-2024,"Clausura",Sábado 9 de Marzo de 2024\nTemporada 2023-2024\nTorneo Clausura\nJornada 10\n9 Marzo 2024 - 12:00 hrs.,https://www.ligafemenil.mx/cancha/estadio/877/estadio-instalaciones-la-noria,https://www.ligafemenil.mx/cancha/playlist/136858/cruz-azul-vs-fc-juarez
2023-2024,"Clausura",Domingo 10 de Marzo de 2024\nTemporada 2023-2024\nTorneo Clausura\nJornada 10\n10 Marzo 2024 - 18:06 hrs.,https://www.ligafemenil.mx/cancha/estadio/1931/estadio-el-encanto,https://www.ligafemenil.mx/cancha/playlist/136859/mazatlan-fc-vs-guadalajara
2023-2024,"Clausura",Lunes 11 de Marzo de 2024\nTemporada 2023-2024\nTorneo Clausura\nJornada 10\n11 Marzo 2024 - 17:00 hrs.,https://www.ligafemenil.mx/cancha/estadio/6/estadio-nemesio-diez,https://www.ligafemenil.mx/cancha/playlist/136860/toluca-vs-club-atletico-de-san-luis
2023-2024,"Clausura",Lunes 11 de Marzo de 2024\nTemporada 2023-2024\nTorneo Clausura\nJornada 10\n11 Marzo 2024 - 19:00 hrs.,https://www.ligafemenil.mx/cancha/estadio/63/estadio-tsm-corona,https://www.ligafemenil.mx/cancha/playlist/136863/santos-laguna-vs-necaxa
2023-2024,"Clausura",Miércoles 13 de Marzo de 2024\nTemporada 2023-2024\nTorneo Clausura\nJornada 8\n13 Marzo 2024 - 17:00 hrs.,https://www.ligafemenil.mx/cancha/estadio/9/estadio-cuauhtemoc,https://www.ligafemenil.mx/cancha/playlist/136835/puebla-fc-vs-atlas
2023-2024,"Clausura",Viernes 15 de Marzo de 2024\nTemporada 2023-2024\nTorneo Clausura\nJornada 11\n15 Marzo 2024 - 21:00 hrs.,https://www.ligafemenil.mx/cancha/estadio/1608/estadio-bbva,https://www.ligafemenil.mx/cancha/playlist/136865/rayados-de-monterrey-vs-tigres-de-la-uanl
2023-2024,"Clausura",Sábado 16 de Marzo de 2024\nTemporada 2023-2024\nTorneo Clausura\nJornada 11\n16 Marzo 2024 - 12:00 hrs.,https://www.ligafemenil.mx/cancha/estadio/7/estadio-olimpico-universitario,https://www.ligafemenil.mx/cancha/playlist/136866/pumas-vs-cruz-azul
2023-2024,"Clausura",Sábado 16 de Marzo de 2024\nTemporada 2023-2024\nTorneo Clausura\nJornada 11\n16 Marzo 2024 - 19:00 hrs.,https://www.ligafemenil.mx/cancha/estadio/17/estadio-olimpico-benito-juarez,https://www.ligafemenil.mx/cancha/playlist/136867/fc-juarez-vs-tijuana
2023-2024,"Clausura",Domingo 17 de Marzo de 2024\nTemporada 2023-2024\nTorneo Clausura\nJornada 11\n17 Marzo 2024 - 19:05 hrs.,https://www.ligafemenil.mx/cancha/estadio/1538/estadio-akron,https://www.ligafemenil.mx/cancha/playlist/136869/guadalajara-vs-america
2023-2024,"Clausura",Lunes 18 de Marzo de 2024\nTemporada 2023-2024\nTorneo Clausura\nJornada 11\n18 Marzo 2024 - 17:00 hrs.,https://www.ligafemenil.mx/cancha/estadio/14/estadio-alfonso-lastras-ramirez,https://www.ligafemenil.mx/cancha/playlist/136870/club-atletico-de-san-luis-vs-atlas
2023-2024,"Clausura",Lunes 18 de Marzo de 2024\nTemporada 2023-2024\nTorneo Clausura\nJornada 11\n18 Marzo 2024 - 17:00 hrs.,https://www.ligafemenil.mx/cancha/estadio/15/estadio-victoria,https://www.ligafemenil.mx/cancha/playlist/136871/necaxa-vs-leon
2023-2024,"Clausura",Lunes 18 de Marzo de 2024\nTemporada 2023-2024\nTorneo Clausura\nJornada 11\n18 Marzo 2024 - 17:00 hrs.,https://www.ligafemenil.mx/cancha/estadio/9/estadio-cuauhtemoc,https://www.ligafemenil.mx/cancha/playlist/136868/puebla-fc-vs-mazatlan-fc
2023-2024,"Clausura",Lunes 18 de Marzo de 2024\nTemporada 2023-2024\nTorneo Clausura\nJornada 11\n18 Marzo 2024 - 19:06 hrs.,https://www.ligafemenil.mx/cancha/estadio/11/estadio-hidalgo,https://www.ligafemenil.mx/cancha/playlist/136872/pachuca-vs-toluca
2023-2024,"Clausura",Lunes 18 de Marzo de 2024\nTemporada 2023-2024\nTorneo Clausura\nJornada 11\n18 Marzo 2024 - 21:10 hrs.,https://www.ligafemenil.mx/cancha/estadio/25/estadio-la-corregidora,https://www.ligafemenil.mx/cancha/playlist/136873/gallos-blancos-de-queretaro-vs-santos-laguna
2023-2024,"Clausura",Viernes 22 de Marzo de 2024\nTemporada 2023-2024\nTorneo Clausura\nJornada 12\n22 Marzo 2024 - 20:06 hrs.,https://www.ligafemenil.mx/cancha/estadio/48/estadio-caliente,https://www.ligafemenil.mx/cancha/playlist/136875/tijuana-vs-cruz-azul
2023-2024,"Clausura",Sábado 23 de Marzo de 2024\nTemporada 2023-2024\nTorneo Clausura\nJornada 12\n23 Marzo 2024 - 12:00 hrs.,https://www.ligafemenil.mx/cancha/estadio/7/estadio-olimpico-universitario,https://www.ligafemenil.mx/cancha/playlist/136876/pumas-vs-puebla-fc
2023-2024,"Clausura",Sábado 23 de Marzo de 2024\nTemporada 2023-2024\nTorneo Clausura\nJornada 12\n23 Marzo 2024 - 17:00 hrs.,https://www.ligafemenil.mx/cancha/estadio/6/estadio-nemesio-diez,https://www.ligafemenil.mx/cancha/playlist/136877/toluca-vs-leon
2023-2024,"Clausura",Sábado 23 de Marzo de 2024\nTemporada 2023-2024\nTorneo Clausura\nJornada 12\n23 Marzo 2024 - 19:00 hrs.,https://www.ligafemenil.mx/cancha/estadio/5/estadio-jalisco,https://www.ligafemenil.mx/cancha/playlist/136878/atlas-vs-rayados-de-monterrey
2023-2024,"Clausura",Sábado 23 de Marzo de 2024\nTemporada 2023-2024\nTorneo Clausura\nJornada 12\n23 Marzo 2024 - 18:00 hrs.,https://www.ligafemenil.mx/cancha/estadio/1931/estadio-el-encanto,https://www.ligafemenil.mx/cancha/playlist/136874/mazatlan-fc-vs-gallos-blancos-de-queretaro
2023-2024,"Clausura",Sábado 23 de Marzo de 2024\nTemporada 2023-2024\nTorneo Clausura\nJornada 12\n23 Marzo 2024 - 21:06 hrs.,https://www.ligafemenil.mx/cancha/estadio/12/estadio-universitario,https://www.ligafemenil.mx/cancha/playlist/136879/tigres-de-la-uanl-vs-guadalajara
2023-2024,"Clausura",Domingo 24 de Marzo de 2024\nTemporada 2023-2024\nTorneo Clausura\nJornada 12\n24 Marzo 2024 - 15:45 hrs.,https://www.ligafemenil.mx/cancha/estadio/1421/estadio-cancha-centenario-no-5-natural-instalaciones-club-america,https://www.ligafemenil.mx/cancha/playlist/136880/america-vs-club-atletico-de-san-luis
2023-2024,"Clausura",Lunes 25 de Marzo de 2024\nTemporada 2023-2024\nTorneo Clausura\nJornada 12\n25 Marzo 2024 - 17:00 hrs.,https://www.ligafemenil.mx/cancha/estadio/15/estadio-victoria,https://www.ligafemenil.mx/cancha/playlist/136882/necaxa-vs-fc-juarez
2023-2024,"Clausura",Lunes 25 de Marzo de 2024\nTemporada 2023-2024\nTorneo Clausura\nJornada 12\n25 Marzo 2024 - 19:06 hrs.,https://www.ligafemenil.mx/cancha/estadio/11/estadio-hidalgo,https://www.ligafemenil.mx/cancha/playlist/136881/pachuca-vs-santos-laguna
2023-2024,"Clausura",Jueves 28 de Marzo de 2024\nTemporada 2023-2024\nTorneo Clausura\nJornada 13\n28 Marzo 2024 - 21:00 hrs.,https://www.ligafemenil.mx/cancha/estadio/1608/estadio-bbva,https://www.ligafemenil.mx/cancha/playlist/136883/rayados-de-monterrey-vs-tijuana
2023-2024,"Clausura",Viernes 29 de Marzo de 2024\nTemporada 2023-2024\nTorneo Clausura\nJornada 13\n29 Marzo 2024 - 15:45 hrs.,https://www.ligafemenil.mx/cancha/estadio/877/estadio-instalaciones-la-noria,https://www.ligafemenil.mx/cancha/playlist/136884/cruz-azul-vs-america
2023-2024,"Clausura",Viernes 29 de Marzo de 2024\nTemporada 2023-2024\nTorneo Clausura\nJornada 13\n29 Marzo 2024 - 17:00 hrs.,https://www.ligafemenil.mx/cancha/estadio/25/estadio-la-corregidora,https://www.ligafemenil.mx/cancha/playlist/136885/gallos-blancos-de-queretaro-vs-necaxa
2023-2024,"Clausura",Viernes 29 de Marzo de 2024\nTemporada 2023-2024\nTorneo Clausura\nJornada 13\n29 Marzo 2024 - 19:06 hrs.,https://www.ligafemenil.mx/cancha/estadio/23/estadio-nou-camp,https://www.ligafemenil.mx/cancha/playlist/136886/leon-vs-mazatlan-fc
2023-2024,"Clausura",Sábado 30 de Marzo de 2024\nTemporada 2023-2024\nTorneo Clausura\nJornada 13\n30 Marzo 2024 - 17:00 hrs.,https://www.ligafemenil.mx/cancha/estadio/14/estadio-alfonso-lastras-ramirez,https://www.ligafemenil.mx/cancha/playlist/136889/club-atletico-de-san-luis-vs-pachuca
2023-2024,"Clausura",Sábado 30 de Marzo de 2024\nTemporada 2023-2024\nTorneo Clausura\nJornada 13\n30 Marzo 2024 - 21:10 hrs.,https://www.ligafemenil.mx/cancha/estadio/17/estadio-olimpico-benito-juarez,https://www.ligafemenil.mx/cancha/playlist/136887/fc-juarez-vs-toluca
2023-2024,"Clausura",Domingo 31 de Marzo de 2024\nTemporada 2023-2024\nTorneo Clausura\nJornada 13\n31 Marzo 2024 - 12:05 hrs.,https://www.ligafemenil.mx/cancha/estadio/1538/estadio-akron,https://www.ligafemenil.mx/cancha/playlist/136888/guadalajara-vs-atlas
2023-2024,"Clausura",Domingo 31 de Marzo de 2024\nTemporada 2023-2024\nTorneo Clausura\nJornada 13\n31 Marzo 2024 - 17:00 hrs.,https://www.ligafemenil.mx/cancha/estadio/9/estadio-cuauhtemoc,https://www.ligafemenil.mx/cancha/playlist/136890/puebla-fc-vs-tigres-de-la-uanl
2023-2024,"Clausura",Domingo 31 de Marzo de 2024\nTemporada 2023-2024\nTorneo Clausura\nJornada 13\n31 Marzo 2024 - 19:06 hrs.,https://www.ligafemenil.mx/cancha/estadio/63/estadio-tsm-corona,https://www.ligafemenil.mx/cancha/playlist/136891/santos-laguna-vs-pumas
2023-2024,"Clausura",Jueves 11 de Abril de 2024\nTemporada 2023-2024\nTorneo Clausura\nJornada 14\n11 Abril 2024 - 15:45 hrs.,https://www.ligafemenil.mx/cancha/estadio/1547/estadio-instalaciones-metepec-cancha-2,https://www.ligafemenil.mx/cancha/playlist/136897/toluca-vs-gallos-blancos-de-queretaro
2023-2024,"Clausura",Sábado 13 de Abril de 2024\nTemporada 2023-2024\nTorneo Clausura\nJornada 14\n13 Abril 2024 - 12:00 hrs.,https://www.ligafemenil.mx/cancha/estadio/7/estadio-olimpico-universitario,https://www.ligafemenil.mx/cancha/playlist/136892/pumas-vs-guadalajara
2023-2024,"Clausura",Sábado 13 de Abril de 2024\nTemporada 2023-2024\nTorneo Clausura\nJornada 14\n13 Abril 2024 - 19:06 hrs.,https://www.ligafemenil.mx/cancha/estadio/23/estadio-nou-camp,https://www.ligafemenil.mx/cancha/playlist/136894/leon-vs-cruz-azul
2023-2024,"Clausura",Domingo 14 de Abril de 2024\nTemporada 2023-2024\nTorneo Clausura\nJornada 14\n14 Abril 2024 - 17:00 hrs.,https://www.ligafemenil.mx/cancha/estadio/14/estadio-alfonso-lastras-ramirez,https://www.ligafemenil.mx/cancha/playlist/136893/club-atletico-de-san-luis-vs-fc-juarez
2023-2024,"Clausura",Domingo 14 de Abril de 2024\nTemporada 2023-2024\nTorneo Clausura\nJornada 14\n14 Abril 2024 - 18:06 hrs.,https://www.ligafemenil.mx/cancha/estadio/1931/estadio-el-encanto,https://www.ligafemenil.mx/cancha/playlist/136895/mazatlan-fc-vs-rayados-de-monterrey
2023-2024,"Clausura",Lunes 15 de Abril de 2024\nTemporada 2023-2024\nTorneo Clausura\nJornada 14\n15 Abril 2024 - 17:00 hrs.,https://www.ligafemenil.mx/cancha/estadio/5/estadio-jalisco,https://www.ligafemenil.mx/cancha/playlist/136896/atlas-vs-pachuca
2023-2024,"Clausura",Lunes 15 de Abril de 2024\nTemporada 2023-2024\nTorneo Clausura\nJornada 14\n15 Abril 2024 - 19:00 hrs.,https://www.ligafemenil.mx/cancha/estadio/12/estadio-universitario,https://www.ligafemenil.mx/cancha/playlist/136898/tigres-de-la-uanl-vs-america
2023-2024,"Clausura",Lunes 15 de Abril de 2024\nTemporada 2023-2024\nTorneo Clausura\nJornada 14\n15 Abril 2024 - 19:06 hrs.,https://www.ligafemenil.mx/cancha/estadio/63/estadio-tsm-corona,https://www.ligafemenil.mx/cancha/playlist/136899/santos-laguna-vs-puebla-fc
2023-2024,"Clausura",Lunes 15 de Abril de 2024\nTemporada 2023-2024\nTorneo Clausura\nJornada 14\n15 Abril 2024 - 20:10 hrs.,https://www.ligafemenil.mx/cancha/estadio/48/estadio-caliente,https://www.ligafemenil.mx/cancha/playlist/136900/tijuana-vs-necaxa
2023-2024,"Clausura",Jueves 18 de Abril de 2024\nTemporada 2023-2024\nTorneo Clausura\nJornada 8\n18 Abril 2024 - 21:00 hrs.,https://www.ligafemenil.mx/cancha/estadio/1608/estadio-bbva,https://www.ligafemenil.mx/cancha/playlist/136833/rayados-de-monterrey-vs-toluca
2023-2024,"Clausura",Viernes 19 de Abril de 2024\nTemporada 2023-2024\nTorneo Clausura\nJornada 15\n19 Abril 2024 - 17:00 hrs.,https://www.ligafemenil.mx/cancha/estadio/1741/estadio-olimpico-alameda,https://www.ligafemenil.mx/cancha/playlist/136902/gallos-blancos-de-queretaro-vs-leon
2023-2024,"Clausura",Viernes 19 de Abril de 2024\nTemporada 2023-2024\nTorneo Clausura\nJornada 15\n19 Abril 2024 - 19:00 hrs.,https://www.ligafemenil.mx/cancha/estadio/5/estadio-jalisco,https://www.ligafemenil.mx/cancha/playlist/136903/atlas-vs-tigres-de-la-uanl
2023-2024,"Clausura",Domingo 21 de Abril de 2024\nTemporada 2023-2024\nTorneo Clausura\nJornada 15\n21 Abril 2024 - 12:00 hrs.,https://www.ligafemenil.mx/cancha/estadio/9/estadio-cuauhtemoc,https://www.ligafemenil.mx/cancha/playlist/136904/puebla-fc-vs-fc-juarez
2023-2024,"Clausura",Domingo 21 de Abril de 2024\nTemporada 2023-2024\nTorneo Clausura\nJornada 15\n21 Abril 2024 - 16:00 hrs.,https://www.ligafemenil.mx/cancha/estadio/11/estadio-hidalgo,https://www.ligafemenil.mx/cancha/playlist/136905/pachuca-vs-guadalajara
2023-2024,"Clausura",Domingo 21 de Abril de 2024\nTemporada 2023-2024\nTorneo Clausura\nJornada 15\n21 Abril 2024 - 17:06 hrs.,https://www.ligafemenil.mx/cancha/estadio/48/estadio-caliente,https://www.ligafemenil.mx/cancha/playlist/136906/tijuana-vs-santos-laguna
2023-2024,"Clausura",Lunes 22 de Abril de 2024\nTemporada 2023-2024\nTorneo Clausura\nJornada 15\n22 Abril 2024 - 15:45 hrs.,https://www.ligafemenil.mx/cancha/estadio/877/estadio-instalaciones-la-noria,https://www.ligafemenil.mx/cancha/playlist/136901/cruz-azul-vs-toluca
2023-2024,"Clausura",Lunes 22 de Abril de 2024\nTemporada 2023-2024\nTorneo Clausura\nJornada 15\n22 Abril 2024 - 16:00 hrs.,https://www.ligafemenil.mx/cancha/estadio/1546/estadio-instalaciones-casa-club-necaxa-cancha-4-sintetica,https://www.ligafemenil.mx/cancha/playlist/136907/necaxa-vs-mazatlan-fc
2023-2024,"Clausura",Lunes 22 de Abril de 2024\nTemporada 2023-2024\nTorneo Clausura\nJornada 15\n22 Abril 2024 - 19:00 hrs.,https://www.ligafemenil.mx/cancha/estadio/1655/estadio-ciudad-de-los-deportes,https://www.ligafemenil.mx/cancha/playlist/136908/america-vs-pumas
2023-2024,"Clausura",Lunes 22 de Abril de 2024\nTemporada 2023-2024\nTorneo Clausura\nJornada 15\n22 Abril 2024 - 21:05 hrs.,https://www.ligafemenil.mx/cancha/estadio/1608/estadio-bbva,https://www.ligafemenil.mx/cancha/playlist/136909/rayados-de-monterrey-vs-club-atletico-de-san-luis
2023-2024,"Clausura",Jueves 25 de Abril de 2024\nTemporada 2023-2024\nTorneo Clausura\nJornada 8\n25 Abril 2024 - 19:00 hrs.,https://www.ligafemenil.mx/cancha/estadio/12/estadio-universitario,https://www.ligafemenil.mx/cancha/playlist/136843/tigres-de-la-uanl-vs-fc-juarez
2023-2024,"Clausura",Jueves 25 de Abril de 2024\nTemporada 2023-2024\nTorneo Clausura\nJornada 10\n25 Abril 2024 - 20:10 hrs.,https://www.ligafemenil.mx/cancha/estadio/48/estadio-caliente,https://www.ligafemenil.mx/cancha/playlist/136864/tijuana-vs-pachuca
2023-2024,"Clausura",Domingo 28 de Abril de 2024\nTemporada 2023-2024\nTorneo Clausura\nJornada 16\n28 Abril 2024 - 17:00 hrs.,https://www.ligafemenil.mx/cancha/estadio/1538/estadio-akron,https://www.ligafemenil.mx/cancha/playlist/136911/guadalajara-vs-cruz-azul
2023-2024,"Clausura",Domingo 28 de Abril de 2024\nTemporada 2023-2024\nTorneo Clausura\nJornada 16\n28 Abril 2024 - 17:00 hrs.,https://www.ligafemenil.mx/cancha/estadio/14/estadio-alfonso-lastras-ramirez,https://www.ligafemenil.mx/cancha/playlist/136912/club-atletico-de-san-luis-vs-puebla-fc
2023-2024,"Clausura",Domingo 28 de Abril de 2024\nTemporada 2023-2024\nTorneo Clausura\nJornada 16\n28 Abril 2024 - 18:06 hrs.,https://www.ligafemenil.mx/cancha/estadio/1931/estadio-el-encanto,https://www.ligafemenil.mx/cancha/playlist/136913/mazatlan-fc-vs-pumas
2023-2024,"Clausura",Lunes 29 de Abril de 2024\nTemporada 2023-2024\nTorneo Clausura\nJornada 16\n29 Abril 2024 - 17:00 hrs.,https://www.ligafemenil.mx/cancha/estadio/6/estadio-nemesio-diez,https://www.ligafemenil.mx/cancha/playlist/136914/toluca-vs-tijuana
2023-2024,"Clausura",Lunes 29 de Abril de 2024\nTemporada 2023-2024\nTorneo Clausura\nJornada 16\n29 Abril 2024 - 17:00 hrs.,https://www.ligafemenil.mx/cancha/estadio/1741/estadio-olimpico-alameda,https://www.ligafemenil.mx/cancha/playlist/136915/gallos-blancos-de-queretaro-vs-atlas
2023-2024,"Clausura",Lunes 29 de Abril de 2024\nTemporada 2023-2024\nTorneo Clausura\nJornada 16\n29 Abril 2024 - 19:00 hrs.,https://www.ligafemenil.mx/cancha/estadio/12/estadio-universitario,https://www.ligafemenil.mx/cancha/playlist/136916/tigres-de-la-uanl-vs-necaxa
2023-2024,"Clausura",Lunes 29 de Abril de 2024\nTemporada 2023-2024\nTorneo Clausura\nJornada 16\n29 Abril 2024 - 19:06 hrs.,https://www.ligafemenil.mx/cancha/estadio/23/estadio-nou-camp,https://www.ligafemenil.mx/cancha/playlist/136918/leon-vs-santos-laguna
2023-2024,"Clausura",Lunes 29 de Abril de 2024\nTemporada 2023-2024\nTorneo Clausura\nJornada 16\n29 Abril 2024 - 21:06 hrs.,https://www.ligafemenil.mx/cancha/estadio/1655/estadio-ciudad-de-los-deportes,https://www.ligafemenil.mx/cancha/playlist/136917/america-vs-pachuca
2023-2024,"Clausura",Lunes 29 de Abril de 2024\nTemporada 2023-2024\nTorneo Clausura\nJornada 16\n29 Abril 2024 - 21:10 hrs.,https://www.ligafemenil.mx/cancha/estadio/17/estadio-olimpico-benito-juarez,https://www.ligafemenil.mx/cancha/playlist/136919/fc-juarez-vs-rayados-de-monterrey
2023-2024,"Clausura",Viernes 3 de Mayo de 2024\nTemporada 2023-2024\nTorneo Clausura\nJornada 17\n3 Mayo 2024 - 17:00 hrs.,https://www.ligafemenil.mx/cancha/estadio/15/estadio-victoria,https://www.ligafemenil.mx/cancha/playlist/136920/necaxa-vs-club-atletico-de-san-luis
2023-2024,"Clausura",Viernes 3 de Mayo de 2024\nTemporada 2023-2024\nTorneo Clausura\nJornada 17\n3 Mayo 2024 - 17:00 hrs.,https://www.ligafemenil.mx/cancha/estadio/9/estadio-cuauhtemoc,https://www.ligafemenil.mx/cancha/playlist/136921/puebla-fc-vs-toluca
2023-2024,"Clausura",Viernes 3 de Mayo de 2024\nTemporada 2023-2024\nTorneo Clausura\nJornada 17\n3 Mayo 2024 - 19:06 hrs.,https://www.ligafemenil.mx/cancha/estadio/5/estadio-jalisco,https://www.ligafemenil.mx/cancha/playlist/136922/atlas-vs-cruz-azul
2023-2024,"Clausura",Viernes 3 de Mayo de 2024\nTemporada 2023-2024\nTorneo Clausura\nJornada 17\n3 Mayo 2024 - 20:06 hrs.,https://www.ligafemenil.mx/cancha/estadio/48/estadio-caliente,https://www.ligafemenil.mx/cancha/playlist/136923/tijuana-vs-leon
2023-2024,"Clausura",Sábado 4 de Mayo de 2024\nTemporada 2023-2024\nTorneo Clausura\nJornada 17\n4 Mayo 2024 - 12:00 hrs.,https://www.ligafemenil.mx/cancha/estadio/7/estadio-olimpico-universitario,https://www.ligafemenil.mx/cancha/playlist/136924/pumas-vs-gallos-blancos-de-queretaro
2023-2024,"Clausura",Sábado 4 de Mayo de 2024\nTemporada 2023-2024\nTorneo Clausura\nJornada 17\n4 Mayo 2024 - 17:00 hrs.,https://www.ligafemenil.mx/cancha/estadio/11/estadio-hidalgo,https://www.ligafemenil.mx/cancha/playlist/136925/pachuca-vs-tigres-de-la-uanl
2023-2024,"Clausura",Sábado 4 de Mayo de 2024\nTemporada 2023-2024\nTorneo Clausura\nJornada 17\n4 Mayo 2024 - 18:00 hrs.,https://www.ligafemenil.mx/cancha/estadio/1608/estadio-bbva,https://www.ligafemenil.mx/cancha/playlist/136926/rayados-de-monterrey-vs-guadalajara
2023-2024,"Clausura",Sábado 4 de Mayo de 2024\nTemporada 2023-2024\nTorneo Clausura\nJornada 17\n4 Mayo 2024 - 19:06 hrs.,https://www.ligafemenil.mx/cancha/estadio/63/estadio-tsm-corona,https://www.ligafemenil.mx/cancha/playlist/136927/santos-laguna-vs-mazatlan-fc
2023-2024,"Clausura",Sábado 4 de Mayo de 2024\nTemporada 2023-2024\nTorneo Clausura\nJornada 17\n4 Mayo 2024 - 21:10 hrs.,https://www.ligafemenil.mx/cancha/estadio/17/estadio-olimpico-benito-juarez,https://www.ligafemenil.mx/cancha/playlist/136928/fc-juarez-vs-america
2023-2024,"Clausura",Jueves 9 de Mayo de 2024\nTemporada 2023-2024\nTorneo Clausura\nCuartos Ida\n9 Mayo 2024 - 19:00 hrs.,https://www.ligafemenil.mx/cancha/estadio/23/estadio-nou-camp,https://www.ligafemenil.mx/cancha/playlist/140040/leon-vs-pachuca
2023-2024,"Clausura",Jueves 9 de Mayo de 2024\nTemporada 2023-2024\nTorneo Clausura\nCuartos Ida\n9 Mayo 2024 - 21:06 hrs.,https://www.ligafemenil.mx/cancha/estadio/1538/estadio-akron,https://www.ligafemenil.mx/cancha/playlist/140042/guadalajara-vs-america
2023-2024,"Clausura",Viernes 10 de Mayo de 2024\nTemporada 2023-2024\nTorneo Clausura\nCuartos Ida\n10 Mayo 2024 - 19:00 hrs.,https://www.ligafemenil.mx/cancha/estadio/7/estadio-olimpico-universitario,https://www.ligafemenil.mx/cancha/playlist/140041/pumas-vs-rayados-de-monterrey
2023-2024,"Clausura",Viernes 10 de Mayo de 2024\nTemporada 2023-2024\nTorneo Clausura\nCuartos Ida\n10 Mayo 2024 - 21:06 hrs.,https://www.ligafemenil.mx/cancha/estadio/17/estadio-olimpico-benito-juarez,https://www.ligafemenil.mx/cancha/playlist/140039/fc-juarez-vs-tigres-de-la-uanl
2023-2024,"Clausura",Domingo 12 de Mayo de 2024\nTemporada 2023-2024\nTorneo Clausura\nCuartos Vuelta\n12 Mayo 2024 - 12:00 hrs.,https://www.ligafemenil.mx/cancha/estadio/1/estadio-azteca,https://www.ligafemenil.mx/cancha/playlist/140046/america-vs-guadalajara
2023-2024,"Clausura",Domingo 12 de Mayo de 2024\nTemporada 2023-2024\nTorneo Clausura\nCuartos Vuelta\n12 Mayo 2024 - 19:06 hrs.,https://www.ligafemenil.mx/cancha/estadio/11/estadio-hidalgo,https://www.ligafemenil.mx/cancha/playlist/140044/pachuca-vs-leon
2023-2024,"Clausura",Lunes 13 de Mayo de 2024\nTemporada 2023-2024\nTorneo Clausura\nCuartos Vuelta\n13 Mayo 2024 - 19:00 hrs.,https://www.ligafemenil.mx/cancha/estadio/12/estadio-universitario,https://www.ligafemenil.mx/cancha/playlist/140043/tigres-de-la-uanl-vs-fc-juarez
2023-2024,"Clausura",Lunes 13 de Mayo de 2024\nTemporada 2023-2024\nTorneo Clausura\nCuartos Vuelta\n13 Mayo 2024 - 21:00 hrs.,https://www.ligafemenil.mx/cancha/estadio/1608/estadio-bbva,https://www.ligafemenil.mx/cancha/playlist/140045/rayados-de-monterrey-vs-pumas
2023-2024,"Clausura",Viernes 17 de Mayo de 2024\nTemporada 2023-2024\nTorneo Clausura\nSemifinal Ida\n17 Mayo 2024 - 19:00 hrs.,https://www.ligafemenil.mx/cancha/estadio/1608/estadio-bbva,https://www.ligafemenil.mx/cancha/playlist/140089/rayados-de-monterrey-vs-pachuca
2023-2024,"Clausura",Viernes 17 de Mayo de 2024\nTemporada 2023-2024\nTorneo Clausura\nSemifinal Ida\n17 Mayo 2024 - 21:00 hrs.,https://www.ligafemenil.mx/cancha/estadio/1/estadio-azteca,https://www.ligafemenil.mx/cancha/playlist/140087/america-vs-tigres-de-la-uanl
2023-2024,"Clausura",Lunes 20 de Mayo de 2024\nTemporada 2023-2024\nTorneo Clausura\nSemifinal Vuelta\n20 Mayo 2024 - 19:00 hrs.,https://www.ligafemenil.mx/cancha/estadio/12/estadio-universitario,https://www.ligafemenil.mx/cancha/playlist/140088/tigres-de-la-uanl-vs-america
2023-2024,"Clausura",Lunes 20 de Mayo de 2024\nTemporada 2023-2024\nTorneo Clausura\nSemifinal Vuelta\n20 Mayo 2024 - 21:00 hrs.,https://www.ligafemenil.mx/cancha/estadio/11/estadio-hidalgo,https://www.ligafemenil.mx/cancha/playlist/140091/pachuca-vs-rayados-de-monterrey
2023-2024,"Clausura",Viernes 24 de Mayo de 2024\nTemporada 2023-2024\nTorneo Clausura\nFinal Ida\n24 Mayo 2024 - 21:05 hrs.,https://www.ligafemenil.mx/cancha/estadio/1/estadio-azteca,https://www.ligafemenil.mx/cancha/playlist/140100/america-vs-rayados-de-monterrey
2023-2024,"Clausura",Lunes 27 de Mayo de 2024\nTemporada 2023-2024\nTorneo Clausura\nFinal Vuelta\n27 Mayo 2024 - 20:00 hrs.,https://www.ligafemenil.mx/cancha/estadio/1608/estadio-bbva,https://www.ligafemenil.mx/cancha/playlist/140101/rayados-de-monterrey-vs-america
2021-2022,"Apertura",Viernes 16 de Julio de 2021\nTemporada 2021-2022\nTorneo Apertura\nJornada 1\n16 Julio 2021 - 17:00 hrs.,https://www.ligafemenil.mx/cancha/estadio/25/estadio-la-corregidora,https://www.ligafemenil.mx/cancha/playlist/121670/gallos-blancos-de-queretaro-vs-rayados-de-monterrey
2021-2022,"Apertura",Sábado 17 de Julio de 2021\nTemporada 2021-2022\nTorneo Apertura\nJornada 1\n17 Julio 2021 - 12:00 hrs.,https://www.ligafemenil.mx/cancha/estadio/7/estadio-olimpico-universitario,https://www.ligafemenil.mx/cancha/playlist/121671/pumas-vs-necaxa
2021-2022,"Apertura",Domingo 18 de Julio de 2021\nTemporada 2021-2022\nTorneo Apertura\nJornada 1\n18 Julio 2021 - 12:00 hrs.,https://www.ligafemenil.mx/cancha/estadio/9/estadio-cuauhtemoc,https://www.ligafemenil.mx/cancha/playlist/121673/puebla-fc-vs-leon
2021-2022,"Apertura",Domingo 18 de Julio de 2021\nTemporada 2021-2022\nTorneo Apertura\nJornada 1\n18 Julio 2021 - 12:00 hrs.,https://www.ligafemenil.mx/cancha/estadio/1/estadio-azteca,https://www.ligafemenil.mx/cancha/playlist/121678/america-vs-santos-laguna
2021-2022,"Apertura",Lunes 19 de Julio de 2021\nTemporada 2021-2022\nTorneo Apertura\nJornada 1\n19 Julio 2021 - 17:00 hrs.,https://www.ligafemenil.mx/cancha/estadio/6/estadio-nemesio-diez,https://www.ligafemenil.mx/cancha/playlist/121674/toluca-vs-atlas
2021-2022,"Apertura",Lunes 19 de Julio de 2021\nTemporada 2021-2022\nTorneo Apertura\nJornada 1\n19 Julio 2021 - 19:00 hrs.,https://www.ligafemenil.mx/cancha/estadio/11/estadio-hidalgo,https://www.ligafemenil.mx/cancha/playlist/121675/pachuca-vs-tijuana
2021-2022,"Apertura",Lunes 19 de Julio de 2021\nTemporada 2021-2022\nTorneo Apertura\nJornada 1\n19 Julio 2021 - 19:00 hrs.,https://www.ligafemenil.mx/cancha/estadio/12/estadio-universitario,https://www.ligafemenil.mx/cancha/playlist/121676/tigres-de-la-uanl-vs-mazatlan-fc
2021-2022,"Apertura",Lunes 19 de Julio de 2021\nTemporada 2021-2022\nTorneo Apertura\nJornada 1\n19 Julio 2021 - 20:00 hrs.,https://www.ligafemenil.mx/cancha/estadio/17/estadio-olimpico-benito-juarez,https://www.ligafemenil.mx/cancha/playlist/121677/fc-juarez-vs-cruz-azul
2021-2022,"Apertura",Lunes 19 de Julio de 2021\nTemporada 2021-2022\nTorneo Apertura\nJornada 1\n19 Julio 2021 - 21:00 hrs.,https://www.ligafemenil.mx/cancha/estadio/1538/estadio-akron,https://www.ligafemenil.mx/cancha/playlist/121672/guadalajara-vs-club-atletico-de-san-luis
2021-2022,"Apertura",Viernes 23 de Julio de 2021\nTemporada 2021-2022\nTorneo Apertura\nJornada 2\n23 Julio 2021 - 17:00 hrs.,https://www.ligafemenil.mx/cancha/estadio/1/estadio-azteca,https://www.ligafemenil.mx/cancha/playlist/121679/america-vs-puebla-fc
2021-2022,"Apertura",Viernes 23 de Julio de 2021\nTemporada 2021-2022\nTorneo Apertura\nJornada 2\n23 Julio 2021 - 19:00 hrs.,https://www.ligafemenil.mx/cancha/estadio/1697/estadio-mazatlan,https://www.ligafemenil.mx/cancha/playlist/121680/mazatlan-fc-vs-santos-laguna
2021-2022,"Apertura",Sábado 24 de Julio de 2021\nTemporada 2021-2022\nTorneo Apertura\nJornada 2\n24 Julio 2021 - 12:00 hrs.,https://www.ligafemenil.mx/cancha/estadio/728/estadio-cecaf,https://www.ligafemenil.mx/cancha/playlist/121681/atlas-vs-gallos-blancos-de-queretaro
2021-2022,"Apertura",Sábado 24 de Julio de 2021\nTemporada 2021-2022\nTorneo Apertura\nJornada 2\n24 Julio 2021 - 12:00 hrs.,https://www.ligafemenil.mx/cancha/estadio/1549/estadio-instalaciones-la-noria-cancha-1,https://www.ligafemenil.mx/cancha/playlist/121682/cruz-azul-vs-guadalajara
2021-2022,"Apertura",Domingo 25 de Julio de 2021\nTemporada 2021-2022\nTorneo Apertura\nJornada 2\n25 Julio 2021 - 10:30 hrs.,https://www.ligafemenil.mx/cancha/estadio/675/estadio-el-barrial,https://www.ligafemenil.mx/cancha/playlist/121683/rayados-de-monterrey-vs-fc-juarez
2021-2022,"Apertura",Domingo 25 de Julio de 2021\nTemporada 2021-2022\nTorneo Apertura\nJornada 2\n25 Julio 2021 - 17:00 hrs.,https://www.ligafemenil.mx/cancha/estadio/14/estadio-alfonso-lastras-ramirez,https://www.ligafemenil.mx/cancha/playlist/121684/club-atletico-de-san-luis-vs-pumas
2021-2022,"Apertura",Lunes 26 de Julio de 2021\nTemporada 2021-2022\nTorneo Apertura\nJornada 2\n26 Julio 2021 - 17:00 hrs.,https://www.ligafemenil.mx/cancha/estadio/15/estadio-victoria,https://www.ligafemenil.mx/cancha/playlist/121685/necaxa-vs-pachuca
2021-2022,"Apertura",Lunes 26 de Julio de 2021\nTemporada 2021-2022\nTorneo Apertura\nJornada 2\n26 Julio 2021 - 19:00 hrs.,https://www.ligafemenil.mx/cancha/estadio/23/estadio-nou-camp,https://www.ligafemenil.mx/cancha/playlist/121686/leon-vs-tigres-de-la-uanl
2021-2022,"Apertura",Lunes 26 de Julio de 2021\nTemporada 2021-2022\nTorneo Apertura\nJornada 2\n26 Julio 2021 - 19:00 hrs.,https://www.ligafemenil.mx/cancha/estadio/48/estadio-caliente,https://www.ligafemenil.mx/cancha/playlist/121687/tijuana-vs-toluca
2021-2022,"Apertura",Viernes 30 de Julio de 2021\nTemporada 2021-2022\nTorneo Apertura\nJornada 3\n30 Julio 2021 - 17:00 hrs.,https://www.ligafemenil.mx/cancha/estadio/25/estadio-la-corregidora,https://www.ligafemenil.mx/cancha/playlist/121688/gallos-blancos-de-queretaro-vs-america
2021-2022,"Apertura",Sábado 31 de Julio de 2021\nTemporada 2021-2022\nTorneo Apertura\nJornada 3\n31 Julio 2021 - 12:00 hrs.,https://www.ligafemenil.mx/cancha/estadio/6/estadio-nemesio-diez,https://www.ligafemenil.mx/cancha/playlist/121689/toluca-vs-club-atletico-de-san-luis
2021-2022,"Apertura",Sábado 31 de Julio de 2021\nTemporada 2021-2022\nTorneo Apertura\nJornada 3\n31 Julio 2021 - 19:00 hrs.,https://www.ligafemenil.mx/cancha/estadio/11/estadio-hidalgo,https://www.ligafemenil.mx/cancha/playlist/121690/pachuca-vs-cruz-azul
2021-2022,"Apertura",Domingo 1 de Agosto de 2021\nTemporada 2021-2022\nTorneo Apertura\nJornada 3\n1 Agosto 2021 - 12:00 hrs.,https://www.ligafemenil.mx/cancha/estadio/9/estadio-cuauhtemoc,https://www.ligafemenil.mx/cancha/playlist/121691/puebla-fc-vs-mazatlan-fc
2021-2022,"Apertura",Lunes 2 de Agosto de 2021\nTemporada 2021-2022\nTorneo Apertura\nJornada 3\n2 Agosto 2021 - 17:00 hrs.,https://www.ligafemenil.mx/cancha/estadio/7/estadio-olimpico-universitario,https://www.ligafemenil.mx/cancha/playlist/121692/pumas-vs-rayados-de-monterrey
2021-2022,"Apertura",Lunes 2 de Agosto de 2021\nTemporada 2021-2022\nTorneo Apertura\nJornada 3\n2 Agosto 2021 - 19:00 hrs.,https://www.ligafemenil.mx/cancha/estadio/1538/estadio-akron,https://www.ligafemenil.mx/cancha/playlist/121693/guadalajara-vs-leon
2021-2022,"Apertura",Lunes 2 de Agosto de 2021\nTemporada 2021-2022\nTorneo Apertura\nJornada 3\n2 Agosto 2021 - 19:00 hrs.,https://www.ligafemenil.mx/cancha/estadio/12/estadio-universitario,https://www.ligafemenil.mx/cancha/playlist/121694/tigres-de-la-uanl-vs-necaxa
2021-2022,"Apertura",Lunes 2 de Agosto de 2021\nTemporada 2021-2022\nTorneo Apertura\nJornada 3\n2 Agosto 2021 - 20:00 hrs.,https://www.ligafemenil.mx/cancha/estadio/17/estadio-olimpico-benito-juarez,https://www.ligafemenil.mx/cancha/playlist/121695/fc-juarez-vs-atlas
2021-2022,"Apertura",Lunes 2 de Agosto de 2021\nTemporada 2021-2022\nTorneo Apertura\nJornada 3\n2 Agosto 2021 - 21:00 hrs.,https://www.ligafemenil.mx/cancha/estadio/63/estadio-tsm-corona,https://www.ligafemenil.mx/cancha/playlist/121696/santos-laguna-vs-tijuana
2021-2022,"Apertura",Sábado 7 de Agosto de 2021\nTemporada 2021-2022\nTorneo Apertura\nJornada 4\n7 Agosto 2021 - 12:00 hrs.,https://www.ligafemenil.mx/cancha/estadio/728/estadio-cecaf,https://www.ligafemenil.mx/cancha/playlist/121697/atlas-vs-tigres-de-la-uanl
2021-2022,"Apertura",Sábado 7 de Agosto de 2021\nTemporada 2021-2022\nTorneo Apertura\nJornada 4\n7 Agosto 2021 - 12:00 hrs.,https://www.ligafemenil.mx/cancha/estadio/67/estadio-instalaciones-la-noria-cancha-3-sintetica,https://www.ligafemenil.mx/cancha/playlist/121698/cruz-azul-vs-pumas
2021-2022,"Apertura",Domingo 8 de Agosto de 2021\nTemporada 2021-2022\nTorneo Apertura\nJornada 4\n8 Agosto 2021 - 17:00 hrs.,https://www.ligafemenil.mx/cancha/estadio/14/estadio-alfonso-lastras-ramirez,https://www.ligafemenil.mx/cancha/playlist/121699/club-atletico-de-san-luis-vs-pachuca
2021-2022,"Apertura",Lunes 9 de Agosto de 2021\nTemporada 2021-2022\nTorneo Apertura\nJornada 4\n9 Agosto 2021 - 17:00 hrs.,https://www.ligafemenil.mx/cancha/estadio/15/estadio-victoria,https://www.ligafemenil.mx/cancha/playlist/121700/necaxa-vs-santos-laguna
2021-2022,"Apertura",Lunes 9 de Agosto de 2021\nTemporada 2021-2022\nTorneo Apertura\nJornada 4\n9 Agosto 2021 - 17:00 hrs.,https://www.ligafemenil.mx/cancha/estadio/23/estadio-nou-camp,https://www.ligafemenil.mx/cancha/playlist/121701/leon-vs-mazatlan-fc
2021-2022,"Apertura",Lunes 9 de Agosto de 2021\nTemporada 2021-2022\nTorneo Apertura\nJornada 4\n9 Agosto 2021 - 19:00 hrs.,https://www.ligafemenil.mx/cancha/estadio/1/estadio-azteca,https://www.ligafemenil.mx/cancha/playlist/121702/america-vs-toluca
2021-2022,"Apertura",Lunes 9 de Agosto de 2021\nTemporada 2021-2022\nTorneo Apertura\nJornada 4\n9 Agosto 2021 - 19:00 hrs.,https://www.ligafemenil.mx/cancha/estadio/1608/estadio-bbva,https://www.ligafemenil.mx/cancha/playlist/121703/rayados-de-monterrey-vs-puebla-fc
2021-2022,"Apertura",Lunes 9 de Agosto de 2021\nTemporada 2021-2022\nTorneo Apertura\nJornada 4\n9 Agosto 2021 - 19:00 hrs.,https://www.ligafemenil.mx/cancha/estadio/48/estadio-caliente,https://www.ligafemenil.mx/cancha/playlist/121704/tijuana-vs-gallos-blancos-de-queretaro
2021-2022,"Apertura",Lunes 9 de Agosto de 2021\nTemporada 2021-2022\nTorneo Apertura\nJornada 4\n9 Agosto 2021 - 20:00 hrs.,https://www.ligafemenil.mx/cancha/estadio/17/estadio-olimpico-benito-juarez,https://www.ligafemenil.mx/cancha/playlist/121705/fc-juarez-vs-guadalajara
2021-2022,"Apertura",Viernes 13 de Agosto de 2021\nTemporada 2021-2022\nTorneo Apertura\nJornada 5\n13 Agosto 2021 - 17:00 hrs.,https://www.ligafemenil.mx/cancha/estadio/25/estadio-la-corregidora,https://www.ligafemenil.mx/cancha/playlist/121706/gallos-blancos-de-queretaro-vs-leon
2021-2022,"Apertura",Viernes 13 de Agosto de 2021\nTemporada 2021-2022\nTorneo Apertura\nJornada 5\n13 Agosto 2021 - 19:00 hrs.,https://www.ligafemenil.mx/cancha/estadio/1697/estadio-mazatlan,https://www.ligafemenil.mx/cancha/playlist/121707/mazatlan-fc-vs-rayados-de-monterrey
2021-2022,"Apertura",Sábado 14 de Agosto de 2021\nTemporada 2021-2022\nTorneo Apertura\nJornada 5\n14 Agosto 2021 - 12:00 hrs.,https://www.ligafemenil.mx/cancha/estadio/6/estadio-nemesio-diez,https://www.ligafemenil.mx/cancha/playlist/121708/toluca-vs-fc-juarez
2021-2022,"Apertura",Domingo 15 de Agosto de 2021\nTemporada 2021-2022\nTorneo Apertura\nJornada 5\n15 Agosto 2021 - 10:30 hrs.,https://www.ligafemenil.mx/cancha/estadio/1554/estadio-verde-valle-2,https://www.ligafemenil.mx/cancha/playlist/121709/guadalajara-vs-necaxa
2021-2022,"Apertura",Domingo 15 de Agosto de 2021\nTemporada 2021-2022\nTorneo Apertura\nJornada 5\n15 Agosto 2021 - 12:00 hrs.,https://www.ligafemenil.mx/cancha/estadio/9/estadio-cuauhtemoc,https://www.ligafemenil.mx/cancha/playlist/121710/puebla-fc-vs-cruz-azul
2021-2022,"Apertura",Lunes 16 de Agosto de 2021\nTemporada 2021-2022\nTorneo Apertura\nJornada 5\n16 Agosto 2021 - 17:00 hrs.,https://www.ligafemenil.mx/cancha/estadio/7/estadio-olimpico-universitario,https://www.ligafemenil.mx/cancha/playlist/121711/pumas-vs-tijuana
2021-2022,"Apertura",Lunes 16 de Agosto de 2021\nTemporada 2021-2022\nTorneo Apertura\nJornada 5\n16 Agosto 2021 - 19:00 hrs.,https://www.ligafemenil.mx/cancha/estadio/11/estadio-hidalgo,https://www.ligafemenil.mx/cancha/playlist/121712/pachuca-vs-america
2021-2022,"Apertura",Lunes 16 de Agosto de 2021\nTemporada 2021-2022\nTorneo Apertura\nJornada 5\n16 Agosto 2021 - 19:00 hrs.,https://www.ligafemenil.mx/cancha/estadio/12/estadio-universitario,https://www.ligafemenil.mx/cancha/playlist/121713/tigres-de-la-uanl-vs-club-atletico-de-san-luis
2021-2022,"Apertura",Lunes 16 de Agosto de 2021\nTemporada 2021-2022\nTorneo Apertura\nJornada 5\n16 Agosto 2021 - 21:00 hrs.,https://www.ligafemenil.mx/cancha/estadio/63/estadio-tsm-corona,https://www.ligafemenil.mx/cancha/playlist/121714/santos-laguna-vs-atlas
2021-2022,"Apertura",Viernes 20 de Agosto de 2021\nTemporada 2021-2022\nTorneo Apertura\nJornada 6\n20 Agosto 2021 - 17:00 hrs.,https://www.ligafemenil.mx/cancha/estadio/25/estadio-la-corregidora,https://www.ligafemenil.mx/cancha/playlist/121715/gallos-blancos-de-queretaro-vs-fc-juarez
2021-2022,"Apertura",Sábado 21 de Agosto de 2021\nTemporada 2021-2022\nTorneo Apertura\nJornada 6\n21 Agosto 2021 - 12:00 hrs.,https://www.ligafemenil.mx/cancha/estadio/67/estadio-instalaciones-la-noria-cancha-3-sintetica,https://www.ligafemenil.mx/cancha/playlist/121718/cruz-azul-vs-tigres-de-la-uanl
2021-2022,"Apertura",Domingo 22 de Agosto de 2021\nTemporada 2021-2022\nTorneo Apertura\nJornada 6\n22 Agosto 2021 - 12:00 hrs.,https://www.ligafemenil.mx/cancha/estadio/5/estadio-jalisco,https://www.ligafemenil.mx/cancha/playlist/121717/atlas-vs-pumas
2021-2022,"Apertura",Lunes 23 de Agosto de 2021\nTemporada 2021-2022\nTorneo Apertura\nJornada 6\n23 Agosto 2021 - 17:00 hrs.,https://www.ligafemenil.mx/cancha/estadio/15/estadio-victoria,https://www.ligafemenil.mx/cancha/playlist/121719/necaxa-vs-puebla-fc
2021-2022,"Apertura",Lunes 23 de Agosto de 2021\nTemporada 2021-2022\nTorneo Apertura\nJornada 6\n23 Agosto 2021 - 19:00 hrs.,https://www.ligafemenil.mx/cancha/estadio/1/estadio-azteca,https://www.ligafemenil.mx/cancha/playlist/121720/america-vs-club-atletico-de-san-luis
2021-2022,"Apertura",Lunes 23 de Agosto de 2021\nTemporada 2021-2022\nTorneo Apertura\nJornada 6\n23 Agosto 2021 - 19:00 hrs.,https://www.ligafemenil.mx/cancha/estadio/23/estadio-nou-camp,https://www.ligafemenil.mx/cancha/playlist/121721/leon-vs-santos-laguna
2021-2022,"Apertura",Lunes 23 de Agosto de 2021\nTemporada 2021-2022\nTorneo Apertura\nJornada 6\n23 Agosto 2021 - 19:00 hrs.,https://www.ligafemenil.mx/cancha/estadio/1608/estadio-bbva,https://www.ligafemenil.mx/cancha/playlist/121722/rayados-de-monterrey-vs-toluca
2021-2022,"Apertura",Lunes 23 de Agosto de 2021\nTemporada 2021-2022\nTorneo Apertura\nJornada 6\n23 Agosto 2021 - 19:00 hrs.,https://www.ligafemenil.mx/cancha/estadio/1697/estadio-mazatlan,https://www.ligafemenil.mx/cancha/playlist/121716/mazatlan-fc-vs-pachuca
2021-2022,"Apertura",Lunes 23 de Agosto de 2021\nTemporada 2021-2022\nTorneo Apertura\nJornada 6\n23 Agosto 2021 - 19:00 hrs.,https://www.ligafemenil.mx/cancha/estadio/48/estadio-caliente,https://www.ligafemenil.mx/cancha/playlist/121723/tijuana-vs-guadalajara
2021-2022,"Apertura",Sábado 28 de Agosto de 2021\nTemporada 2021-2022\nTorneo Apertura\nJornada 7\n28 Agosto 2021 - 12:00 hrs.,https://www.ligafemenil.mx/cancha/estadio/5/estadio-jalisco,https://www.ligafemenil.mx/cancha/playlist/121724/atlas-vs-rayados-de-monterrey
2021-2022,"Apertura",Sábado 28 de Agosto de 2021\nTemporada 2021-2022\nTorneo Apertura\nJornada 7\n28 Agosto 2021 - 12:00 hrs.,https://www.ligafemenil.mx/cancha/estadio/7/estadio-olimpico-universitario,https://www.ligafemenil.mx/cancha/playlist/121725/pumas-vs-gallos-blancos-de-queretaro
2021-2022,"Apertura",Domingo 29 de Agosto de 2021\nTemporada 2021-2022\nTorneo Apertura\nJornada 7\n29 Agosto 2021 - 10:30 hrs.,https://www.ligafemenil.mx/cancha/estadio/36/estadio-verde-valle,https://www.ligafemenil.mx/cancha/playlist/121731/guadalajara-vs-mazatlan-fc
2021-2022,"Apertura",Domingo 29 de Agosto de 2021\nTemporada 2021-2022\nTorneo Apertura\nJornada 7\n29 Agosto 2021 - 17:00 hrs.,https://www.ligafemenil.mx/cancha/estadio/14/estadio-alfonso-lastras-ramirez,https://www.ligafemenil.mx/cancha/playlist/121726/club-atletico-de-san-luis-vs-tijuana
2021-2022,"Apertura",Lunes 30 de Agosto de 2021\nTemporada 2021-2022\nTorneo Apertura\nJornada 7\n30 Agosto 2021 - 17:00 hrs.,https://www.ligafemenil.mx/cancha/estadio/15/estadio-victoria,https://www.ligafemenil.mx/cancha/playlist/121728/necaxa-vs-america
2021-2022,"Apertura",Lunes 30 de Agosto de 2021\nTemporada 2021-2022\nTorneo Apertura\nJornada 7\n30 Agosto 2021 - 19:00 hrs.,https://www.ligafemenil.mx/cancha/estadio/11/estadio-hidalgo,https://www.ligafemenil.mx/cancha/playlist/121727/pachuca-vs-puebla-fc
2021-2022,"Apertura",Lunes 30 de Agosto de 2021\nTemporada 2021-2022\nTorneo Apertura\nJornada 7\n30 Agosto 2021 - 19:00 hrs.,https://www.ligafemenil.mx/cancha/estadio/12/estadio-universitario,https://www.ligafemenil.mx/cancha/playlist/121730/tigres-de-la-uanl-vs-toluca
2021-2022,"Apertura",Lunes 30 de Agosto de 2021\nTemporada 2021-2022\nTorneo Apertura\nJornada 7\n30 Agosto 2021 - 21:00 hrs.,https://www.ligafemenil.mx/cancha/estadio/63/estadio-tsm-corona,https://www.ligafemenil.mx/cancha/playlist/121729/santos-laguna-vs-cruz-azul
2021-2022,"Apertura",Lunes 30 de Agosto de 2021\nTemporada 2021-2022\nTorneo Apertura\nJornada 7\n30 Agosto 2021 - 20:00 hrs.,https://www.ligafemenil.mx/cancha/estadio/17/estadio-olimpico-benito-juarez,https://www.ligafemenil.mx/cancha/playlist/121732/fc-juarez-vs-leon
2021-2022,"Apertura",Viernes 3 de Septiembre de 2021\nTemporada 2021-2022\nTorneo Apertura\nJornada 8\n3 Septiembre 2021 - 17:00 hrs.,https://www.ligafemenil.mx/cancha/estadio/25/estadio-la-corregidora,https://www.ligafemenil.mx/cancha/playlist/121733/gallos-blancos-de-queretaro-vs-tigres-de-la-uanl
2021-2022,"Apertura",Sábado 4 de Septiembre de 2021\nTemporada 2021-2022\nTorneo Apertura\nJornada 8\n4 Septiembre 2021 - 09:00 hrs.,https://www.ligafemenil.mx/cancha/estadio/1698/estadio-deportivo-benito-juarez,https://www.ligafemenil.mx/cancha/playlist/121734/mazatlan-fc-vs-fc-juarez
2021-2022,"Apertura",Sábado 4 de Septiembre de 2021\nTemporada 2021-2022\nTorneo Apertura\nJornada 8\n4 Septiembre 2021 - 12:00 hrs.,https://www.ligafemenil.mx/cancha/estadio/67/estadio-instalaciones-la-noria-cancha-3-sintetica,https://www.ligafemenil.mx/cancha/playlist/121735/cruz-azul-vs-club-atletico-de-san-luis
2021-2022,"Apertura",Sábado 4 de Septiembre de 2021\nTemporada 2021-2022\nTorneo Apertura\nJornada 8\n4 Septiembre 2021 - 18:10 hrs.,https://www.ligafemenil.mx/cancha/estadio/1538/estadio-akron,https://www.ligafemenil.mx/cancha/playlist/121738/guadalajara-vs-atlas
2021-2022,"Apertura",Sábado 4 de Septiembre de 2021\nTemporada 2021-2022\nTorneo Apertura\nJornada 8\n4 Septiembre 2021 - 20:00 hrs.,https://www.ligafemenil.mx/cancha/estadio/1/estadio-azteca,https://www.ligafemenil.mx/cancha/playlist/121736/america-vs-pumas
2021-2022,"Apertura",Domingo 5 de Septiembre de 2021\nTemporada 2021-2022\nTorneo Apertura\nJornada 8\n5 Septiembre 2021 - 12:00 hrs.,https://www.ligafemenil.mx/cancha/estadio/9/estadio-cuauhtemoc,https://www.ligafemenil.mx/cancha/playlist/121737/puebla-fc-vs-santos-laguna
2021-2022,"Apertura",Lunes 6 de Septiembre de 2021\nTemporada 2021-2022\nTorneo Apertura\nJornada 8\n6 Septiembre 2021 - 17:00 hrs.,https://www.ligafemenil.mx/cancha/estadio/6/estadio-nemesio-diez,https://www.ligafemenil.mx/cancha/playlist/121739/toluca-vs-necaxa
2021-2022,"Apertura",Lunes 6 de Septiembre de 2021\nTemporada 2021-2022\nTorneo Apertura\nJornada 8\n6 Septiembre 2021 - 19:00 hrs.,https://www.ligafemenil.mx/cancha/estadio/11/estadio-hidalgo,https://www.ligafemenil.mx/cancha/playlist/121740/pachuca-vs-rayados-de-monterrey
2021-2022,"Apertura",Lunes 6 de Septiembre de 2021\nTemporada 2021-2022\nTorneo Apertura\nJornada 8\n6 Septiembre 2021 - 19:00 hrs.,https://www.ligafemenil.mx/cancha/estadio/48/estadio-caliente,https://www.ligafemenil.mx/cancha/playlist/121741/tijuana-vs-leon
2021-2022,"Apertura",Sábado 11 de Septiembre de 2021\nTemporada 2021-2022\nTorneo Apertura\nJornada 9\n11 Septiembre 2021 - 12:00 hrs.,https://www.ligafemenil.mx/cancha/estadio/67/estadio-instalaciones-la-noria-cancha-3-sintetica,https://www.ligafemenil.mx/cancha/playlist/121742/cruz-azul-vs-toluca
2021-2022,"Apertura",Domingo 12 de Septiembre de 2021\nTemporada 2021-2022\nTorneo Apertura\nJornada 9\n12 Septiembre 2021 - 09:00 hrs.,https://www.ligafemenil.mx/cancha/estadio/17/estadio-olimpico-benito-juarez,https://www.ligafemenil.mx/cancha/playlist/121749/fc-juarez-vs-america
2021-2022,"Apertura",Domingo 12 de Septiembre de 2021\nTemporada 2021-2022\nTorneo Apertura\nJornada 9\n12 Septiembre 2021 - 10:30 hrs.,https://www.ligafemenil.mx/cancha/estadio/675/estadio-el-barrial,https://www.ligafemenil.mx/cancha/playlist/121744/rayados-de-monterrey-vs-tijuana
2021-2022,"Apertura",Domingo 12 de Septiembre de 2021\nTemporada 2021-2022\nTorneo Apertura\nJornada 9\n12 Septiembre 2021 - 12:00 hrs.,https://www.ligafemenil.mx/cancha/estadio/9/estadio-cuauhtemoc,https://www.ligafemenil.mx/cancha/playlist/121743/puebla-fc-vs-gallos-blancos-de-queretaro
2021-2022,"Apertura",Domingo 12 de Septiembre de 2021\nTemporada 2021-2022\nTorneo Apertura\nJornada 9\n12 Septiembre 2021 - 17:00 hrs.,https://www.ligafemenil.mx/cancha/estadio/14/estadio-alfonso-lastras-ramirez,https://www.ligafemenil.mx/cancha/playlist/121745/club-atletico-de-san-luis-vs-atlas
2021-2022,"Apertura",Domingo 12 de Septiembre de 2021\nTemporada 2021-2022\nTorneo Apertura\nJornada 9\n12 Septiembre 2021 - 21:00 hrs.,https://www.ligafemenil.mx/cancha/estadio/63/estadio-tsm-corona,https://www.ligafemenil.mx/cancha/playlist/121822/santos-laguna-vs-guadalajara
2021-2022,"Apertura",Domingo 12 de Septiembre de 2021\nTemporada 2021-2022\nTorneo Apertura\nJornada 9\n12 Septiembre 2021 - 21:00 hrs.,https://www.ligafemenil.mx/cancha/estadio/12/estadio-universitario,https://www.ligafemenil.mx/cancha/playlist/121748/tigres-de-la-uanl-vs-pachuca
2021-2022,"Apertura",Lunes 13 de Septiembre de 2021\nTemporada 2021-2022\nTorneo Apertura\nJornada 9\n13 Septiembre 2021 - 17:00 hrs.,https://www.ligafemenil.mx/cancha/estadio/15/estadio-victoria,https://www.ligafemenil.mx/cancha/playlist/121746/necaxa-vs-mazatlan-fc
2021-2022,"Apertura",Lunes 13 de Septiembre de 2021\nTemporada 2021-2022\nTorneo Apertura\nJornada 9\n13 Septiembre 2021 - 19:00 hrs.,https://www.ligafemenil.mx/cancha/estadio/23/estadio-nou-camp,https://www.ligafemenil.mx/cancha/playlist/121747/leon-vs-pumas
2021-2022,"Apertura",Viernes 24 de Septiembre de 2021\nTemporada 2021-2022\nTorneo Apertura\nJornada 10\n24 Septiembre 2021 - 17:00 hrs.,https://www.ligafemenil.mx/cancha/estadio/25/estadio-la-corregidora,https://www.ligafemenil.mx/cancha/playlist/121750/gallos-blancos-de-queretaro-vs-club-atletico-de-san-luis
2021-2022,"Apertura",Viernes 24 de Septiembre de 2021\nTemporada 2021-2022\nTorneo Apertura\nJornada 10\n24 Septiembre 2021 - 19:00 hrs.,https://www.ligafemenil.mx/cancha/estadio/1697/estadio-mazatlan,https://www.ligafemenil.mx/cancha/playlist/121751/mazatlan-fc-vs-america
2021-2022,"Apertura",Domingo 26 de Septiembre de 2021\nTemporada 2021-2022\nTorneo Apertura\nJornada 10\n26 Septiembre 2021 - 12:00 hrs.,https://www.ligafemenil.mx/cancha/estadio/5/estadio-jalisco,https://www.ligafemenil.mx/cancha/playlist/121752/atlas-vs-cruz-azul
2021-2022,"Apertura",Lunes 27 de Septiembre de 2021\nTemporada 2021-2022\nTorneo Apertura\nJornada 10\n27 Septiembre 2021 - 17:00 hrs.,https://www.ligafemenil.mx/cancha/estadio/63/estadio-tsm-corona,https://www.ligafemenil.mx/cancha/playlist/121758/santos-laguna-vs-rayados-de-monterrey
2021-2022,"Apertura",Lunes 27 de Septiembre de 2021\nTemporada 2021-2022\nTorneo Apertura\nJornada 10\n27 Septiembre 2021 - 19:00 hrs.,https://www.ligafemenil.mx/cancha/estadio/7/estadio-olimpico-universitario,https://www.ligafemenil.mx/cancha/playlist/121753/pumas-vs-fc-juarez
2021-2022,"Apertura",Lunes 27 de Septiembre de 2021\nTemporada 2021-2022\nTorneo Apertura\nJornada 10\n27 Septiembre 2021 - 19:00 hrs.,https://www.ligafemenil.mx/cancha/estadio/6/estadio-nemesio-diez,https://www.ligafemenil.mx/cancha/playlist/121754/toluca-vs-puebla-fc
2021-2022,"Apertura",Lunes 27 de Septiembre de 2021\nTemporada 2021-2022\nTorneo Apertura\nJornada 10\n27 Septiembre 2021 - 19:00 hrs.,https://www.ligafemenil.mx/cancha/estadio/12/estadio-universitario,https://www.ligafemenil.mx/cancha/playlist/121755/tigres-de-la-uanl-vs-tijuana
2021-2022,"Apertura",Lunes 27 de Septiembre de 2021\nTemporada 2021-2022\nTorneo Apertura\nJornada 10\n27 Septiembre 2021 - 19:00 hrs.,https://www.ligafemenil.mx/cancha/estadio/23/estadio-nou-camp,https://www.ligafemenil.mx/cancha/playlist/121756/leon-vs-necaxa
2021-2022,"Apertura",Lunes 27 de Septiembre de 2021\nTemporada 2021-2022\nTorneo Apertura\nJornada 10\n27 Septiembre 2021 - 21:00 hrs.,https://www.ligafemenil.mx/cancha/estadio/1538/estadio-akron,https://www.ligafemenil.mx/cancha/playlist/121757/guadalajara-vs-pachuca
2021-2022,"Apertura",Sábado 2 de Octubre de 2021\nTemporada 2021-2022\nTorneo Apertura\nJornada 11\n2 Octubre 2021 - 12:00 hrs.,https://www.ligafemenil.mx/cancha/estadio/7/estadio-olimpico-universitario,https://www.ligafemenil.mx/cancha/playlist/121759/pumas-vs-guadalajara
2021-2022,"Apertura",Sábado 2 de Octubre de 2021\nTemporada 2021-2022\nTorneo Apertura\nJornada 11\n2 Octubre 2021 - 19:00 hrs.,https://www.ligafemenil.mx/cancha/estadio/11/estadio-hidalgo,https://www.ligafemenil.mx/cancha/playlist/121760/pachuca-vs-toluca
2021-2022,"Apertura",Domingo 3 de Octubre de 2021\nTemporada 2021-2022\nTorneo Apertura\nJornada 11\n3 Octubre 2021 - 12:00 hrs.,https://www.ligafemenil.mx/cancha/estadio/9/estadio-cuauhtemoc,https://www.ligafemenil.mx/cancha/playlist/121761/puebla-fc-vs-tigres-de-la-uanl
2021-2022,"Apertura",Domingo 3 de Octubre de 2021\nTemporada 2021-2022\nTorneo Apertura\nJornada 11\n3 Octubre 2021 - 17:00 hrs.,https://www.ligafemenil.mx/cancha/estadio/14/estadio-alfonso-lastras-ramirez,https://www.ligafemenil.mx/cancha/playlist/121762/club-atletico-de-san-luis-vs-mazatlan-fc
2021-2022,"Apertura",Lunes 4 de Octubre de 2021\nTemporada 2021-2022\nTorneo Apertura\nJornada 11\n4 Octubre 2021 - 17:00 hrs.,https://www.ligafemenil.mx/cancha/estadio/15/estadio-victoria,https://www.ligafemenil.mx/cancha/playlist/121763/necaxa-vs-gallos-blancos-de-queretaro
2021-2022,"Apertura",Lunes 4 de Octubre de 2021\nTemporada 2021-2022\nTorneo Apertura\nJornada 11\n4 Octubre 2021 - 19:00 hrs.,https://www.ligafemenil.mx/cancha/estadio/1/estadio-azteca,https://www.ligafemenil.mx/cancha/playlist/121764/america-vs-cruz-azul
2021-2022,"Apertura",Lunes 4 de Octubre de 2021\nTemporada 2021-2022\nTorneo Apertura\nJornada 11\n4 Octubre 2021 - 19:00 hrs.,https://www.ligafemenil.mx/cancha/estadio/1608/estadio-bbva,https://www.ligafemenil.mx/cancha/playlist/121765/rayados-de-monterrey-vs-leon
2021-2022,"Apertura",Lunes 4 de Octubre de 2021\nTemporada 2021-2022\nTorneo Apertura\nJornada 11\n4 Octubre 2021 - 19:00 hrs.,https://www.ligafemenil.mx/cancha/estadio/48/estadio-caliente,https://www.ligafemenil.mx/cancha/playlist/121766/tijuana-vs-atlas
2021-2022,"Apertura",Lunes 4 de Octubre de 2021\nTemporada 2021-2022\nTorneo Apertura\nJornada 11\n4 Octubre 2021 - 20:00 hrs.,https://www.ligafemenil.mx/cancha/estadio/17/estadio-olimpico-benito-juarez,https://www.ligafemenil.mx/cancha/playlist/121767/fc-juarez-vs-santos-laguna
2021-2022,"Apertura",Viernes 8 de Octubre de 2021\nTemporada 2021-2022\nTorneo Apertura\nJornada 12\n8 Octubre 2021 - 19:00 hrs.,https://www.ligafemenil.mx/cancha/estadio/1697/estadio-mazatlan,https://www.ligafemenil.mx/cancha/playlist/121768/mazatlan-fc-vs-gallos-blancos-de-queretaro
2021-2022,"Apertura",Sábado 9 de Octubre de 2021\nTemporada 2021-2022\nTorneo Apertura\nJornada 12\n9 Octubre 2021 - 12:00 hrs.,https://www.ligafemenil.mx/cancha/estadio/5/estadio-jalisco,https://www.ligafemenil.mx/cancha/playlist/121769/atlas-vs-necaxa
2021-2022,"Apertura",Sábado 9 de Octubre de 2021\nTemporada 2021-2022\nTorneo Apertura\nJornada 12\n9 Octubre 2021 - 12:00 hrs.,https://www.ligafemenil.mx/cancha/estadio/67/estadio-instalaciones-la-noria-cancha-3-sintetica,https://www.ligafemenil.mx/cancha/playlist/121770/cruz-azul-vs-leon
2021-2022,"Apertura",Sábado 9 de Octubre de 2021\nTemporada 2021-2022\nTorneo Apertura\nJornada 12\n9 Octubre 2021 - 16:00 hrs.,https://www.ligafemenil.mx/cancha/estadio/6/estadio-nemesio-diez,https://www.ligafemenil.mx/cancha/playlist/121772/toluca-vs-santos-laguna
2021-2022,"Apertura",Sábado 9 de Octubre de 2021\nTemporada 2021-2022\nTorneo Apertura\nJornada 12\n9 Octubre 2021 - 19:30 hrs.,https://www.ligafemenil.mx/cancha/estadio/12/estadio-universitario,https://www.ligafemenil.mx/cancha/playlist/121771/tigres-de-la-uanl-vs-rayados-de-monterrey
2021-2022,"Apertura",Domingo 10 de Octubre de 2021\nTemporada 2021-2022\nTorneo Apertura\nJornada 12\n10 Octubre 2021 - 17:00 hrs.,https://www.ligafemenil.mx/cancha/estadio/14/estadio-alfonso-lastras-ramirez,https://www.ligafemenil.mx/cancha/playlist/121773/club-atletico-de-san-luis-vs-fc-juarez
2021-2022,"Apertura",Lunes 11 de Octubre de 2021\nTemporada 2021-2022\nTorneo Apertura\nJornada 12\n11 Octubre 2021 - 19:00 hrs.,https://www.ligafemenil.mx/cancha/estadio/11/estadio-hidalgo,https://www.ligafemenil.mx/cancha/playlist/121774/pachuca-vs-pumas
2021-2022,"Apertura",Lunes 11 de Octubre de 2021\nTemporada 2021-2022\nTorneo Apertura\nJornada 12\n11 Octubre 2021 - 21:00 hrs.,https://www.ligafemenil.mx/cancha/estadio/1538/estadio-akron,https://www.ligafemenil.mx/cancha/playlist/121775/guadalajara-vs-america
2021-2022,"Apertura",Lunes 11 de Octubre de 2021\nTemporada 2021-2022\nTorneo Apertura\nJornada 12\n11 Octubre 2021 - 19:00 hrs.,https://www.ligafemenil.mx/cancha/estadio/48/estadio-caliente,https://www.ligafemenil.mx/cancha/playlist/121776/tijuana-vs-puebla-fc
2021-2022,"Apertura",Viernes 15 de Octubre de 2021\nTemporada 2021-2022\nTorneo Apertura\nJornada 13\n15 Octubre 2021 - 17:00 hrs.,https://www.ligafemenil.mx/cancha/estadio/25/estadio-la-corregidora,https://www.ligafemenil.mx/cancha/playlist/121777/gallos-blancos-de-queretaro-vs-toluca
2021-2022,"Apertura",Viernes 15 de Octubre de 2021\nTemporada 2021-2022\nTorneo Apertura\nJornada 13\n15 Octubre 2021 - 21:05 hrs.,https://www.ligafemenil.mx/cancha/estadio/1538/estadio-akron,https://www.ligafemenil.mx/cancha/playlist/121783/guadalajara-vs-tigres-de-la-uanl
2021-2022,"Apertura",Sábado 16 de Octubre de 2021\nTemporada 2021-2022\nTorneo Apertura\nJornada 13\n16 Octubre 2021 - 12:00 hrs.,https://www.ligafemenil.mx/cancha/estadio/67/estadio-instalaciones-la-noria-cancha-3-sintetica,https://www.ligafemenil.mx/cancha/playlist/121778/cruz-azul-vs-mazatlan-fc
2021-2022,"Apertura",Sábado 16 de Octubre de 2021\nTemporada 2021-2022\nTorneo Apertura\nJornada 13\n16 Octubre 2021 - 19:00 hrs.,https://www.ligafemenil.mx/cancha/estadio/708/estadio-victoria,https://www.ligafemenil.mx/cancha/playlist/121780/necaxa-vs-rayados-de-monterrey
2021-2022,"Apertura",Domingo 17 de Octubre de 2021\nTemporada 2021-2022\nTorneo Apertura\nJornada 13\n17 Octubre 2021 - 12:00 hrs.,https://www.ligafemenil.mx/cancha/estadio/9/estadio-cuauhtemoc,https://www.ligafemenil.mx/cancha/playlist/121779/puebla-fc-vs-club-atletico-de-san-luis
2021-2022,"Apertura",Domingo 17 de Octubre de 2021\nTemporada 2021-2022\nTorneo Apertura\nJornada 13\n17 Octubre 2021 - 15:45 hrs.,https://www.ligafemenil.mx/cancha/estadio/1421/estadio-cancha-centenario-no-5-natural-instalaciones-club-america,https://www.ligafemenil.mx/cancha/playlist/121781/america-vs-tijuana
2021-2022,"Apertura",Domingo 17 de Octubre de 2021\nTemporada 2021-2022\nTorneo Apertura\nJornada 13\n17 Octubre 2021 - 19:00 hrs.,https://www.ligafemenil.mx/cancha/estadio/23/estadio-nou-camp,https://www.ligafemenil.mx/cancha/playlist/121782/leon-vs-atlas
2021-2022,"Apertura",Lunes 18 de Octubre de 2021\nTemporada 2021-2022\nTorneo Apertura\nJornada 13\n18 Octubre 2021 - 17:00 hrs.,https://www.ligafemenil.mx/cancha/estadio/71/estadio-cancha-alterna-tsm-cancha-5-cesped-natural,https://www.ligafemenil.mx/cancha/playlist/121785/santos-laguna-vs-pumas
2021-2022,"Apertura",Lunes 18 de Octubre de 2021\nTemporada 2021-2022\nTorneo Apertura\nJornada 13\n18 Octubre 2021 - 20:00 hrs.,https://www.ligafemenil.mx/cancha/estadio/17/estadio-olimpico-benito-juarez,https://www.ligafemenil.mx/cancha/playlist/121784/fc-juarez-vs-pachuca
2021-2022,"Apertura",Viernes 29 de Octubre de 2021\nTemporada 2021-2022\nTorneo Apertura\nJornada 14\n29 Octubre 2021 - 17:00 hrs.,https://www.ligafemenil.mx/cancha/estadio/25/estadio-la-corregidora,https://www.ligafemenil.mx/cancha/playlist/121786/gallos-blancos-de-queretaro-vs-cruz-azul
2021-2022,"Apertura",Viernes 29 de Octubre de 2021\nTemporada 2021-2022\nTorneo Apertura\nJornada 14\n29 Octubre 2021 - 19:00 hrs.,https://www.ligafemenil.mx/cancha/estadio/1697/estadio-mazatlan,https://www.ligafemenil.mx/cancha/playlist/121787/mazatlan-fc-vs-atlas
2021-2022,"Apertura",Sábado 30 de Octubre de 2021\nTemporada 2021-2022\nTorneo Apertura\nJornada 14\n30 Octubre 2021 - 12:00 hrs.,https://www.ligafemenil.mx/cancha/estadio/7/estadio-olimpico-universitario,https://www.ligafemenil.mx/cancha/playlist/121788/pumas-vs-toluca
2021-2022,"Apertura",Domingo 31 de Octubre de 2021\nTemporada 2021-2022\nTorneo Apertura\nJornada 14\n31 Octubre 2021 - 12:00 hrs.,https://www.ligafemenil.mx/cancha/estadio/9/estadio-cuauhtemoc,https://www.ligafemenil.mx/cancha/playlist/121789/puebla-fc-vs-guadalajara
2021-2022,"Apertura",Lunes 1 de Noviembre de 2021\nTemporada 2021-2022\nTorneo Apertura\nJornada 14\n1 Noviembre 2021 - 17:00 hrs.,https://www.ligafemenil.mx/cancha/estadio/15/estadio-victoria,https://www.ligafemenil.mx/cancha/playlist/121790/necaxa-vs-tijuana
2021-2022,"Apertura",Lunes 1 de Noviembre de 2021\nTemporada 2021-2022\nTorneo Apertura\nJornada 14\n1 Noviembre 2021 - 19:00 hrs.,https://www.ligafemenil.mx/cancha/estadio/23/estadio-nou-camp,https://www.ligafemenil.mx/cancha/playlist/121791/leon-vs-pachuca
2021-2022,"Apertura",Lunes 1 de Noviembre de 2021\nTemporada 2021-2022\nTorneo Apertura\nJornada 14\n1 Noviembre 2021 - 19:00 hrs.,https://www.ligafemenil.mx/cancha/estadio/1608/estadio-bbva,https://www.ligafemenil.mx/cancha/playlist/121792/rayados-de-monterrey-vs-america
2021-2022,"Apertura",Lunes 1 de Noviembre de 2021\nTemporada 2021-2022\nTorneo Apertura\nJornada 14\n1 Noviembre 2021 - 19:00 hrs.,https://www.ligafemenil.mx/cancha/estadio/12/estadio-universitario,https://www.ligafemenil.mx/cancha/playlist/121793/tigres-de-la-uanl-vs-fc-juarez
2021-2022,"Apertura",Lunes 1 de Noviembre de 2021\nTemporada 2021-2022\nTorneo Apertura\nJornada 14\n1 Noviembre 2021 - 21:00 hrs.,https://www.ligafemenil.mx/cancha/estadio/63/estadio-tsm-corona,https://www.ligafemenil.mx/cancha/playlist/121794/santos-laguna-vs-club-atletico-de-san-luis
2021-2022,"Apertura",Sábado 6 de Noviembre de 2021\nTemporada 2021-2022\nTorneo Apertura\nJornada 15\n6 Noviembre 2021 - 12:00 hrs.,https://www.ligafemenil.mx/cancha/estadio/5/estadio-jalisco,https://www.ligafemenil.mx/cancha/playlist/121795/atlas-vs-america
2021-2022,"Apertura",Sábado 6 de Noviembre de 2021\nTemporada 2021-2022\nTorneo Apertura\nJornada 15\n6 Noviembre 2021 - 12:00 hrs.,https://www.ligafemenil.mx/cancha/estadio/67/estadio-instalaciones-la-noria-cancha-3-sintetica,https://www.ligafemenil.mx/cancha/playlist/121796/cruz-azul-vs-necaxa
2021-2022,"Apertura",Domingo 7 de Noviembre de 2021\nTemporada 2021-2022\nTorneo Apertura\nJornada 15\n7 Noviembre 2021 - 10:30 hrs.,https://www.ligafemenil.mx/cancha/estadio/36/estadio-verde-valle,https://www.ligafemenil.mx/cancha/playlist/121797/guadalajara-vs-gallos-blancos-de-queretaro
2021-2022,"Apertura",Domingo 7 de Noviembre de 2021\nTemporada 2021-2022\nTorneo Apertura\nJornada 15\n7 Noviembre 2021 - 17:00 hrs.,https://www.ligafemenil.mx/cancha/estadio/14/estadio-alfonso-lastras-ramirez,https://www.ligafemenil.mx/cancha/playlist/121798/club-atletico-de-san-luis-vs-rayados-de-monterrey
2021-2022,"Apertura",Lunes 8 de Noviembre de 2021\nTemporada 2021-2022\nTorneo Apertura\nJornada 15\n8 Noviembre 2021 - 17:00 hrs.,https://www.ligafemenil.mx/cancha/estadio/6/estadio-nemesio-diez,https://www.ligafemenil.mx/cancha/playlist/121799/toluca-vs-leon
2021-2022,"Apertura",Lunes 8 de Noviembre de 2021\nTemporada 2021-2022\nTorneo Apertura\nJornada 15\n8 Noviembre 2021 - 19:00 hrs.,https://www.ligafemenil.mx/cancha/estadio/11/estadio-hidalgo,https://www.ligafemenil.mx/cancha/playlist/121800/pachuca-vs-santos-laguna
2021-2022,"Apertura",Lunes 8 de Noviembre de 2021\nTemporada 2021-2022\nTorneo Apertura\nJornada 15\n8 Noviembre 2021 - 19:10 hrs.,https://www.ligafemenil.mx/cancha/estadio/12/estadio-universitario,https://www.ligafemenil.mx/cancha/playlist/121801/tigres-de-la-uanl-vs-pumas
2021-2022,"Apertura",Lunes 8 de Noviembre de 2021\nTemporada 2021-2022\nTorneo Apertura\nJornada 15\n8 Noviembre 2021 - 19:00 hrs.,https://www.ligafemenil.mx/cancha/estadio/48/estadio-caliente,https://www.ligafemenil.mx/cancha/playlist/121802/tijuana-vs-mazatlan-fc
2021-2022,"Apertura",Lunes 8 de Noviembre de 2021\nTemporada 2021-2022\nTorneo Apertura\nJornada 15\n8 Noviembre 2021 - 20:15 hrs.,https://www.ligafemenil.mx/cancha/estadio/17/estadio-olimpico-benito-juarez,https://www.ligafemenil.mx/cancha/playlist/121803/fc-juarez-vs-puebla-fc
2021-2022,"Apertura",Viernes 12 de Noviembre de 2021\nTemporada 2021-2022\nTorneo Apertura\nJornada 16\n12 Noviembre 2021 - 18:00 hrs.,https://www.ligafemenil.mx/cancha/estadio/23/estadio-nou-camp,https://www.ligafemenil.mx/cancha/playlist/121805/leon-vs-club-atletico-de-san-luis
2021-2022,"Apertura",Viernes 12 de Noviembre de 2021\nTemporada 2021-2022\nTorneo Apertura\nJornada 16\n12 Noviembre 2021 - 19:00 hrs.,https://www.ligafemenil.mx/cancha/estadio/1697/estadio-mazatlan,https://www.ligafemenil.mx/cancha/playlist/121806/mazatlan-fc-vs-toluca
2021-2022,"Apertura",Sábado 13 de Noviembre de 2021\nTemporada 2021-2022\nTorneo Apertura\nJornada 16\n13 Noviembre 2021 - 12:00 hrs.,https://www.ligafemenil.mx/cancha/estadio/5/estadio-jalisco,https://www.ligafemenil.mx/cancha/playlist/121807/atlas-vs-pachuca
2021-2022,"Apertura",Sábado 13 de Noviembre de 2021\nTemporada 2021-2022\nTorneo Apertura\nJornada 16\n13 Noviembre 2021 - 12:00 hrs.,https://www.ligafemenil.mx/cancha/estadio/7/estadio-olimpico-universitario,https://www.ligafemenil.mx/cancha/playlist/121808/pumas-vs-puebla-fc
2021-2022,"Apertura",Sábado 13 de Noviembre de 2021\nTemporada 2021-2022\nTorneo Apertura\nJornada 16\n13 Noviembre 2021 - 16:00 hrs.,https://www.ligafemenil.mx/cancha/estadio/15/estadio-victoria,https://www.ligafemenil.mx/cancha/playlist/121809/necaxa-vs-fc-juarez
2021-2022,"Apertura",Sábado 13 de Noviembre de 2021\nTemporada 2021-2022\nTorneo Apertura\nJornada 16\n13 Noviembre 2021 - 17:00 hrs.,https://www.ligafemenil.mx/cancha/estadio/25/estadio-la-corregidora,https://www.ligafemenil.mx/cancha/playlist/121804/gallos-blancos-de-queretaro-vs-santos-laguna
2021-2022,"Apertura",Sábado 13 de Noviembre de 2021\nTemporada 2021-2022\nTorneo Apertura\nJornada 16\n13 Noviembre 2021 - 20:00 hrs.,https://www.ligafemenil.mx/cancha/estadio/1/estadio-azteca,https://www.ligafemenil.mx/cancha/playlist/121810/america-vs-tigres-de-la-uanl
2021-2022,"Apertura",Lunes 15 de Noviembre de 2021\nTemporada 2021-2022\nTorneo Apertura\nJornada 16\n15 Noviembre 2021 - 19:00 hrs.,https://www.ligafemenil.mx/cancha/estadio/1608/estadio-bbva,https://www.ligafemenil.mx/cancha/playlist/121811/rayados-de-monterrey-vs-guadalajara
2021-2022,"Apertura",Lunes 15 de Noviembre de 2021\nTemporada 2021-2022\nTorneo Apertura\nJornada 16\n15 Noviembre 2021 - 19:00 hrs.,https://www.ligafemenil.mx/cancha/estadio/48/estadio-caliente,https://www.ligafemenil.mx/cancha/playlist/121812/tijuana-vs-cruz-azul
2021-2022,"Apertura",Viernes 19 de Noviembre de 2021\nTemporada 2021-2022\nTorneo Apertura\nJornada 17\n19 Noviembre 2021 - 17:00 hrs.,https://www.ligafemenil.mx/cancha/estadio/6/estadio-nemesio-diez,https://www.ligafemenil.mx/cancha/playlist/121813/toluca-vs-guadalajara
2021-2022,"Apertura",Sábado 20 de Noviembre de 2021\nTemporada 2021-2022\nTorneo Apertura\nJornada 17\n20 Noviembre 2021 - 10:00 hrs.,https://www.ligafemenil.mx/cancha/estadio/1421/estadio-cancha-centenario-no-5-natural-instalaciones-club-america,https://www.ligafemenil.mx/cancha/playlist/121814/america-vs-leon
2021-2022,"Apertura",Sábado 20 de Noviembre de 2021\nTemporada 2021-2022\nTorneo Apertura\nJornada 17\n20 Noviembre 2021 - 12:00 hrs.,https://www.ligafemenil.mx/cancha/estadio/7/estadio-olimpico-universitario,https://www.ligafemenil.mx/cancha/playlist/121815/pumas-vs-mazatlan-fc
2021-2022,"Apertura",Sábado 20 de Noviembre de 2021\nTemporada 2021-2022\nTorneo Apertura\nJornada 17\n20 Noviembre 2021 - 17:00 hrs.,https://www.ligafemenil.mx/cancha/estadio/1608/estadio-bbva,https://www.ligafemenil.mx/cancha/playlist/121819/rayados-de-monterrey-vs-cruz-azul
2021-2022,"Apertura",Sábado 20 de Noviembre de 2021\nTemporada 2021-2022\nTorneo Apertura\nJornada 17\n20 Noviembre 2021 - 16:00 hrs.,https://www.ligafemenil.mx/cancha/estadio/17/estadio-olimpico-benito-juarez,https://www.ligafemenil.mx/cancha/playlist/121820/fc-juarez-vs-tijuana
2021-2022,"Apertura",Sábado 20 de Noviembre de 2021\nTemporada 2021-2022\nTorneo Apertura\nJornada 17\n20 Noviembre 2021 - 19:00 hrs.,https://www.ligafemenil.mx/cancha/estadio/11/estadio-hidalgo,https://www.ligafemenil.mx/cancha/playlist/121816/pachuca-vs-gallos-blancos-de-queretaro
2021-2022,"Apertura",Domingo 21 de Noviembre de 2021\nTemporada 2021-2022\nTorneo Apertura\nJornada 17\n21 Noviembre 2021 - 12:00 hrs.,https://www.ligafemenil.mx/cancha/estadio/9/estadio-cuauhtemoc,https://www.ligafemenil.mx/cancha/playlist/121817/puebla-fc-vs-atlas
2021-2022,"Apertura",Domingo 21 de Noviembre de 2021\nTemporada 2021-2022\nTorneo Apertura\nJornada 17\n21 Noviembre 2021 - 17:00 hrs.,https://www.ligafemenil.mx/cancha/estadio/14/estadio-alfonso-lastras-ramirez,https://www.ligafemenil.mx/cancha/playlist/121818/club-atletico-de-san-luis-vs-necaxa
2021-2022,"Apertura",Domingo 21 de Noviembre de 2021\nTemporada 2021-2022\nTorneo Apertura\nJornada 17\n21 Noviembre 2021 - 21:00 hrs.,https://www.ligafemenil.mx/cancha/estadio/63/estadio-tsm-corona,https://www.ligafemenil.mx/cancha/playlist/121821/santos-laguna-vs-tigres-de-la-uanl
2021-2022,"Apertura",Viernes 3 de Diciembre de 2021\nTemporada 2021-2022\nTorneo Apertura\nCuartos Ida\n3 Diciembre 2021 - 12:45 hrs.,https://www.ligafemenil.mx/cancha/estadio/1549/estadio-instalaciones-la-noria-cancha-1,https://www.ligafemenil.mx/cancha/playlist/124142/cruz-azul-vs-tigres-de-la-uanl
2021-2022,"Apertura",Viernes 3 de Diciembre de 2021\nTemporada 2021-2022\nTorneo Apertura\nCuartos Ida\n3 Diciembre 2021 - 18:00 hrs.,https://www.ligafemenil.mx/cancha/estadio/63/estadio-tsm-corona,https://www.ligafemenil.mx/cancha/playlist/124144/santos-laguna-vs-atlas
2021-2022,"Apertura",Viernes 3 de Diciembre de 2021\nTemporada 2021-2022\nTorneo Apertura\nCuartos Ida\n3 Diciembre 2021 - 20:00 hrs.,https://www.ligafemenil.mx/cancha/estadio/1/estadio-azteca,https://www.ligafemenil.mx/cancha/playlist/124145/america-vs-guadalajara
2021-2022,"Apertura",Viernes 3 de Diciembre de 2021\nTemporada 2021-2022\nTorneo Apertura\nCuartos Ida\n3 Diciembre 2021 - 19:30 hrs.,https://www.ligafemenil.mx/cancha/estadio/48/estadio-caliente,https://www.ligafemenil.mx/cancha/playlist/124143/tijuana-vs-rayados-de-monterrey
2021-2022,"Apertura",Lunes 6 de Diciembre de 2021\nTemporada 2021-2022\nTorneo Apertura\nCuartos Vuelta\n6 Diciembre 2021 - 12:00 hrs.,https://www.ligafemenil.mx/cancha/estadio/5/estadio-jalisco,https://www.ligafemenil.mx/cancha/playlist/124148/atlas-vs-santos-laguna
2021-2022,"Apertura",Lunes 6 de Diciembre de 2021\nTemporada 2021-2022\nTorneo Apertura\nCuartos Vuelta\n6 Diciembre 2021 - 19:00 hrs.,https://www.ligafemenil.mx/cancha/estadio/1538/estadio-akron,https://www.ligafemenil.mx/cancha/playlist/124149/guadalajara-vs-america
2021-2022,"Apertura",Lunes 6 de Diciembre de 2021\nTemporada 2021-2022\nTorneo Apertura\nCuartos Vuelta\n6 Diciembre 2021 - 19:00 hrs.,https://www.ligafemenil.mx/cancha/estadio/12/estadio-universitario,https://www.ligafemenil.mx/cancha/playlist/124146/tigres-de-la-uanl-vs-cruz-azul
2021-2022,"Apertura",Lunes 6 de Diciembre de 2021\nTemporada 2021-2022\nTorneo Apertura\nCuartos Vuelta\n6 Diciembre 2021 - 21:00 hrs.,https://www.ligafemenil.mx/cancha/estadio/1608/estadio-bbva,https://www.ligafemenil.mx/cancha/playlist/124147/rayados-de-monterrey-vs-tijuana
2021-2022,"Apertura",Viernes 10 de Diciembre de 2021\nTemporada 2021-2022\nTorneo Apertura\nSemifinal Ida\n10 Diciembre 2021 - 11:00 hrs.,https://www.ligafemenil.mx/cancha/estadio/5/estadio-jalisco,https://www.ligafemenil.mx/cancha/playlist/124191/atlas-vs-rayados-de-monterrey
2021-2022,"Apertura",Viernes 10 de Diciembre de 2021\nTemporada 2021-2022\nTorneo Apertura\nSemifinal Ida\n10 Diciembre 2021 - 20:00 hrs.,https://www.ligafemenil.mx/cancha/estadio/1/estadio-azteca,https://www.ligafemenil.mx/cancha/playlist/124190/america-vs-tigres-de-la-uanl
2021-2022,"Apertura",Lunes 13 de Diciembre de 2021\nTemporada 2021-2022\nTorneo Apertura\nSemifinal Vuelta\n13 Diciembre 2021 - 19:00 hrs.,https://www.ligafemenil.mx/cancha/estadio/12/estadio-universitario,https://www.ligafemenil.mx/cancha/playlist/124192/tigres-de-la-uanl-vs-america
2021-2022,"Apertura",Lunes 13 de Diciembre de 2021\nTemporada 2021-2022\nTorneo Apertura\nSemifinal Vuelta\n13 Diciembre 2021 - 21:00 hrs.,https://www.ligafemenil.mx/cancha/estadio/1608/estadio-bbva,https://www.ligafemenil.mx/cancha/playlist/124193/rayados-de-monterrey-vs-atlas
2021-2022,"Apertura",Viernes 17 de Diciembre de 2021\nTemporada 2021-2022\nTorneo Apertura\nFinal Ida\n17 Diciembre 2021 - 21:06 hrs.,https://www.ligafemenil.mx/cancha/estadio/1608/estadio-bbva,https://www.ligafemenil.mx/cancha/playlist/124367/rayados-de-monterrey-vs-tigres-de-la-uanl
2021-2022,"Apertura",Lunes 20 de Diciembre de 2021\nTemporada 2021-2022\nTorneo Apertura\nFinal Vuelta\n20 Diciembre 2021 - 20:00 hrs.,https://www.ligafemenil.mx/cancha/estadio/12/estadio-universitario,https://www.ligafemenil.mx/cancha/playlist/124368/tigres-de-la-uanl-vs-rayados-de-monterrey
2017-2018,"Apertura",Viernes 28 de Julio de 2017\nTemporada 2017-2018\nTorneo Apertura\nJornada 1\n28 Julio 2017 - 10:00 hrs.,https://www.ligafemenil.mx/cancha/estadio/11/estadio-hidalgo,https://www.ligafemenil.mx/cancha/playlist/81154/pachuca-vs-pumas
2017-2018,"Apertura",Viernes 28 de Julio de 2017\nTemporada 2017-2018\nTorneo Apertura\nJornada 1\n28 Julio 2017 - 12:00 hrs.,https://www.ligafemenil.mx/cancha/estadio/33/estadio-instalaciones-metepec-cancha-1-natural,https://www.ligafemenil.mx/cancha/playlist/81161/toluca-vs-cruz-azul
2017-2018,"Apertura",Sábado 29 de Julio de 2017\nTemporada 2017-2018\nTorneo Apertura\nJornada 1\n29 Julio 2017 - 09:00 hrs.,https://www.ligafemenil.mx/cancha/estadio/64/estadio-cancha-alterna-tsm-cancha-2-sintetica,https://www.ligafemenil.mx/cancha/playlist/81164/santos-laguna-vs-leon
2017-2018,"Apertura",Sábado 29 de Julio de 2017\nTemporada 2017-2018\nTorneo Apertura\nJornada 1\n29 Julio 2017 - 09:00 hrs.,https://www.ligafemenil.mx/cancha/estadio/602/estadio-chivas-san-rafael,https://www.ligafemenil.mx/cancha/playlist/81167/guadalajara-vs-atlas
2017-2018,"Apertura",Sábado 29 de Julio de 2017\nTemporada 2017-2018\nTorneo Apertura\nJornada 1\n29 Julio 2017 - 11:30 hrs.,https://www.ligafemenil.mx/cancha/estadio/59/estadio-centro-gallo-de-alto-rendimiento-cancha-1-natural,https://www.ligafemenil.mx/cancha/playlist/81169/queretaro-vs-tigres-de-la-uanl
2017-2018,"Apertura",Sábado 29 de Julio de 2017\nTemporada 2017-2018\nTorneo Apertura\nJornada 1\n29 Julio 2017 - 12:30 hrs.,https://www.ligafemenil.mx/cancha/estadio/10/estadio-jose-maria-morelos-y-pavon,https://www.ligafemenil.mx/cancha/playlist/81171/m-morelia-vs-veracruz
2017-2018,"Apertura",Sábado 29 de Julio de 2017\nTemporada 2017-2018\nTorneo Apertura\nJornada 1\n29 Julio 2017 - 16:00 hrs.,https://www.ligafemenil.mx/cancha/estadio/32/estadio-instalaciones-club-america-coapa,https://www.ligafemenil.mx/cancha/playlist/81174/america-vs-tijuana
2017-2018,"Apertura",Domingo 30 de Julio de 2017\nTemporada 2017-2018\nTorneo Apertura\nJornada 1\n30 Julio 2017 - 10:30 hrs.,https://www.ligafemenil.mx/cancha/estadio/675/estadio-el-barrial,https://www.ligafemenil.mx/cancha/playlist/81177/rayados-de-monterrey-vs-necaxa
2017-2018,"Apertura",Viernes 4 de Agosto de 2017\nTemporada 2017-2018\nTorneo Apertura\nJornada 2\n4 Agosto 2017 - 10:00 hrs.,https://www.ligafemenil.mx/cancha/estadio/23/estadio-nou-camp,https://www.ligafemenil.mx/cancha/playlist/81180/leon-vs-rayados-de-monterrey
2017-2018,"Apertura",Viernes 4 de Agosto de 2017\nTemporada 2017-2018\nTorneo Apertura\nJornada 2\n4 Agosto 2017 - 16:00 hrs.,https://www.ligafemenil.mx/cancha/estadio/2/estadio-ciudad-de-los-deportes,https://www.ligafemenil.mx/cancha/playlist/81183/cruz-azul-vs-america
2017-2018,"Apertura",Viernes 4 de Agosto de 2017\nTemporada 2017-2018\nTorneo Apertura\nJornada 2\n4 Agosto 2017 - 16:00 hrs.,https://www.ligafemenil.mx/cancha/estadio/622/estadio-instalaciones-casa-club-necaxa-cancha-5-sintetica,https://www.ligafemenil.mx/cancha/playlist/81186/necaxa-vs-queretaro
2017-2018,"Apertura",Sábado 5 de Agosto de 2017\nTemporada 2017-2018\nTorneo Apertura\nJornada 2\n5 Agosto 2017 - 12:30 hrs.,https://www.ligafemenil.mx/cancha/estadio/35/estadio-club-atlas-chapalita,https://www.ligafemenil.mx/cancha/playlist/81195/atlas-vs-santos-laguna
2017-2018,"Apertura",Sábado 5 de Agosto de 2017\nTemporada 2017-2018\nTorneo Apertura\nJornada 2\n5 Agosto 2017 - 12:00 hrs.,https://www.ligafemenil.mx/cancha/estadio/48/estadio-caliente,https://www.ligafemenil.mx/cancha/playlist/81200/tijuana-vs-m-morelia
2017-2018,"Apertura",Sábado 5 de Agosto de 2017\nTemporada 2017-2018\nTorneo Apertura\nJornada 2\n5 Agosto 2017 - 16:00 hrs.,https://www.ligafemenil.mx/cancha/estadio/37/estadio-la-cantera,https://www.ligafemenil.mx/cancha/playlist/81197/pumas-vs-toluca
2017-2018,"Apertura",Sábado 5 de Agosto de 2017\nTemporada 2017-2018\nTorneo Apertura\nJornada 2\n5 Agosto 2017 - 18:00 hrs.,https://www.ligafemenil.mx/cancha/estadio/57/estadio-luis-pirata-fuente,https://www.ligafemenil.mx/cancha/playlist/81189/veracruz-vs-pachuca
2017-2018,"Apertura",Sábado 5 de Agosto de 2017\nTemporada 2017-2018\nTorneo Apertura\nJornada 2\n5 Agosto 2017 - 21:15 hrs.,https://www.ligafemenil.mx/cancha/estadio/12/estadio-universitario,https://www.ligafemenil.mx/cancha/playlist/81192/tigres-de-la-uanl-vs-guadalajara
2017-2018,"Apertura",Viernes 11 de Agosto de 2017\nTemporada 2017-2018\nTorneo Apertura\nJornada 3\n11 Agosto 2017 - 10:00 hrs.,https://www.ligafemenil.mx/cancha/estadio/11/estadio-hidalgo,https://www.ligafemenil.mx/cancha/playlist/81203/pachuca-vs-tijuana
2017-2018,"Apertura",Viernes 11 de Agosto de 2017\nTemporada 2017-2018\nTorneo Apertura\nJornada 3\n11 Agosto 2017 - 12:00 hrs.,https://www.ligafemenil.mx/cancha/estadio/6/estadio-nemesio-diez,https://www.ligafemenil.mx/cancha/playlist/81209/toluca-vs-america
2017-2018,"Apertura",Viernes 11 de Agosto de 2017\nTemporada 2017-2018\nTorneo Apertura\nJornada 3\n11 Agosto 2017 - 17:00 hrs.,https://www.ligafemenil.mx/cancha/estadio/23/estadio-nou-camp,https://www.ligafemenil.mx/cancha/playlist/81206/leon-vs-atlas
2017-2018,"Apertura",Sábado 12 de Agosto de 2017\nTemporada 2017-2018\nTorneo Apertura\nJornada 3\n12 Agosto 2017 - 09:00 hrs.,https://www.ligafemenil.mx/cancha/estadio/64/estadio-cancha-alterna-tsm-cancha-2-sintetica,https://www.ligafemenil.mx/cancha/playlist/81212/santos-laguna-vs-tigres-de-la-uanl
2017-2018,"Apertura",Sábado 12 de Agosto de 2017\nTemporada 2017-2018\nTorneo Apertura\nJornada 3\n12 Agosto 2017 - 11:00 hrs.,https://www.ligafemenil.mx/cancha/estadio/36/estadio-verde-valle,https://www.ligafemenil.mx/cancha/playlist/81214/guadalajara-vs-necaxa
2017-2018,"Apertura",Sábado 12 de Agosto de 2017\nTemporada 2017-2018\nTorneo Apertura\nJornada 3\n12 Agosto 2017 - 12:30 hrs.,https://www.ligafemenil.mx/cancha/estadio/10/estadio-jose-maria-morelos-y-pavon,https://www.ligafemenil.mx/cancha/playlist/81219/m-morelia-vs-cruz-azul
2017-2018,"Apertura",Sábado 12 de Agosto de 2017\nTemporada 2017-2018\nTorneo Apertura\nJornada 3\n12 Agosto 2017 - 16:00 hrs.,https://www.ligafemenil.mx/cancha/estadio/37/estadio-la-cantera,https://www.ligafemenil.mx/cancha/playlist/81220/pumas-vs-veracruz
2017-2018,"Apertura",Sábado 12 de Agosto de 2017\nTemporada 2017-2018\nTorneo Apertura\nJornada 3\n12 Agosto 2017 - 21:15 hrs.,https://www.ligafemenil.mx/cancha/estadio/1254/estadio-bbva-bancomer,https://www.ligafemenil.mx/cancha/playlist/81223/rayados-de-monterrey-vs-queretaro
2017-2018,"Apertura",Viernes 18 de Agosto de 2017\nTemporada 2017-2018\nTorneo Apertura\nJornada 4\n18 Agosto 2017 - 16:00 hrs.,https://www.ligafemenil.mx/cancha/estadio/15/estadio-victoria,https://www.ligafemenil.mx/cancha/playlist/81228/necaxa-vs-santos-laguna
2017-2018,"Apertura",Sábado 19 de Agosto de 2017\nTemporada 2017-2018\nTorneo Apertura\nJornada 4\n19 Agosto 2017 - 09:00 hrs.,https://www.ligafemenil.mx/cancha/estadio/57/estadio-luis-pirata-fuente,https://www.ligafemenil.mx/cancha/playlist/81232/veracruz-vs-toluca
2017-2018,"Apertura",Sábado 19 de Agosto de 2017\nTemporada 2017-2018\nTorneo Apertura\nJornada 4\n19 Agosto 2017 - 11:00 hrs.,https://www.ligafemenil.mx/cancha/estadio/109/estadio-colomos,https://www.ligafemenil.mx/cancha/playlist/81241/atlas-vs-rayados-de-monterrey
2017-2018,"Apertura",Sábado 19 de Agosto de 2017\nTemporada 2017-2018\nTorneo Apertura\nJornada 4\n19 Agosto 2017 - 11:00 hrs.,https://www.ligafemenil.mx/cancha/estadio/2/estadio-ciudad-de-los-deportes,https://www.ligafemenil.mx/cancha/playlist/81225/cruz-azul-vs-pachuca
2017-2018,"Apertura",Sábado 19 de Agosto de 2017\nTemporada 2017-2018\nTorneo Apertura\nJornada 4\n19 Agosto 2017 - 11:30 hrs.,https://www.ligafemenil.mx/cancha/estadio/25/estadio-la-corregidora,https://www.ligafemenil.mx/cancha/playlist/81238/queretaro-vs-guadalajara
2017-2018,"Apertura",Sábado 19 de Agosto de 2017\nTemporada 2017-2018\nTorneo Apertura\nJornada 4\n19 Agosto 2017 - 16:00 hrs.,https://www.ligafemenil.mx/cancha/estadio/1/estadio-azteca,https://www.ligafemenil.mx/cancha/playlist/81243/america-vs-m-morelia
2017-2018,"Apertura",Sábado 19 de Agosto de 2017\nTemporada 2017-2018\nTorneo Apertura\nJornada 4\n19 Agosto 2017 - 16:00 hrs.,https://www.ligafemenil.mx/cancha/estadio/48/estadio-caliente,https://www.ligafemenil.mx/cancha/playlist/81246/tijuana-vs-pumas
2017-2018,"Apertura",Sábado 19 de Agosto de 2017\nTemporada 2017-2018\nTorneo Apertura\nJornada 4\n19 Agosto 2017 - 21:05 hrs.,https://www.ligafemenil.mx/cancha/estadio/12/estadio-universitario,https://www.ligafemenil.mx/cancha/playlist/81235/tigres-de-la-uanl-vs-leon
2017-2018,"Apertura",Viernes 25 de Agosto de 2017\nTemporada 2017-2018\nTorneo Apertura\nJornada 5\n25 Agosto 2017 - 12:00 hrs.,https://www.ligafemenil.mx/cancha/estadio/1133/estadio-instalaciones-metepec-cancha-1,https://www.ligafemenil.mx/cancha/playlist/81160/toluca-vs-m-morelia
2017-2018,"Apertura",Viernes 25 de Agosto de 2017\nTemporada 2017-2018\nTorneo Apertura\nJornada 5\n25 Agosto 2017 - 17:00 hrs.,https://www.ligafemenil.mx/cancha/estadio/23/estadio-nou-camp,https://www.ligafemenil.mx/cancha/playlist/81158/leon-vs-necaxa
2017-2018,"Apertura",Sábado 26 de Agosto de 2017\nTemporada 2017-2018\nTorneo Apertura\nJornada 5\n26 Agosto 2017 - 09:00 hrs.,https://www.ligafemenil.mx/cancha/estadio/63/estadio-tsm-corona,https://www.ligafemenil.mx/cancha/playlist/81165/santos-laguna-vs-queretaro
2017-2018,"Apertura",Sábado 26 de Agosto de 2017\nTemporada 2017-2018\nTorneo Apertura\nJornada 5\n26 Agosto 2017 - 09:00 hrs.,https://www.ligafemenil.mx/cancha/estadio/1416/estadio-centro-de-alto-rendimiento-cancha-1,https://www.ligafemenil.mx/cancha/playlist/81163/veracruz-vs-tijuana
2017-2018,"Apertura",Sábado 26 de Agosto de 2017\nTemporada 2017-2018\nTorneo Apertura\nJornada 5\n26 Agosto 2017 - 16:00 hrs.,https://www.ligafemenil.mx/cancha/estadio/37/estadio-la-cantera,https://www.ligafemenil.mx/cancha/playlist/81173/pumas-vs-cruz-azul
2017-2018,"Apertura",Sábado 26 de Agosto de 2017\nTemporada 2017-2018\nTorneo Apertura\nJornada 5\n26 Agosto 2017 - 21:05 hrs.,https://www.ligafemenil.mx/cancha/estadio/12/estadio-universitario,https://www.ligafemenil.mx/cancha/playlist/81170/tigres-de-la-uanl-vs-atlas
2017-2018,"Apertura",Domingo 27 de Agosto de 2017\nTemporada 2017-2018\nTorneo Apertura\nJornada 5\n27 Agosto 2017 - 10:00 hrs.,https://www.ligafemenil.mx/cancha/estadio/793/estadio-bbva-bancomer,https://www.ligafemenil.mx/cancha/playlist/81176/rayados-de-monterrey-vs-guadalajara
2017-2018,"Apertura",Lunes 28 de Agosto de 2017\nTemporada 2017-2018\nTorneo Apertura\nJornada 5\n28 Agosto 2017 - 19:00 hrs.,https://www.ligafemenil.mx/cancha/estadio/11/estadio-hidalgo,https://www.ligafemenil.mx/cancha/playlist/81157/pachuca-vs-america
2017-2018,"Apertura",Viernes 1 de Septiembre de 2017\nTemporada 2017-2018\nTorneo Apertura\nJornada 6\n1 Septiembre 2017 - 12:00 hrs.,https://www.ligafemenil.mx/cancha/estadio/6/estadio-nemesio-diez,https://www.ligafemenil.mx/cancha/playlist/81178/toluca-vs-tijuana
2017-2018,"Apertura",Viernes 1 de Septiembre de 2017\nTemporada 2017-2018\nTorneo Apertura\nJornada 6\n1 Septiembre 2017 - 16:00 hrs.,https://www.ligafemenil.mx/cancha/estadio/2/estadio-ciudad-de-los-deportes,https://www.ligafemenil.mx/cancha/playlist/81181/cruz-azul-vs-veracruz
2017-2018,"Apertura",Viernes 1 de Septiembre de 2017\nTemporada 2017-2018\nTorneo Apertura\nJornada 6\n1 Septiembre 2017 - 16:00 hrs.,https://www.ligafemenil.mx/cancha/estadio/622/estadio-instalaciones-casa-club-necaxa-cancha-5-sintetica,https://www.ligafemenil.mx/cancha/playlist/81184/necaxa-vs-atlas
2017-2018,"Apertura",Sábado 2 de Septiembre de 2017\nTemporada 2017-2018\nTorneo Apertura\nJornada 6\n2 Septiembre 2017 - 11:30 hrs.,https://www.ligafemenil.mx/cancha/estadio/25/estadio-la-corregidora,https://www.ligafemenil.mx/cancha/playlist/81190/queretaro-vs-leon
2017-2018,"Apertura",Sábado 2 de Septiembre de 2017\nTemporada 2017-2018\nTorneo Apertura\nJornada 6\n2 Septiembre 2017 - 12:30 hrs.,https://www.ligafemenil.mx/cancha/estadio/10/estadio-jose-maria-morelos-y-pavon,https://www.ligafemenil.mx/cancha/playlist/81193/m-morelia-vs-pachuca
2017-2018,"Apertura",Sábado 2 de Septiembre de 2017\nTemporada 2017-2018\nTorneo Apertura\nJornada 6\n2 Septiembre 2017 - 16:00 hrs.,https://www.ligafemenil.mx/cancha/estadio/1/estadio-azteca,https://www.ligafemenil.mx/cancha/playlist/81196/america-vs-pumas
2017-2018,"Apertura",Sábado 2 de Septiembre de 2017\nTemporada 2017-2018\nTorneo Apertura\nJornada 6\n2 Septiembre 2017 - 19:15 hrs.,https://www.ligafemenil.mx/cancha/estadio/793/estadio-bbva-bancomer,https://www.ligafemenil.mx/cancha/playlist/81199/rayados-de-monterrey-vs-tigres-de-la-uanl
2017-2018,"Apertura",Domingo 3 de Septiembre de 2017\nTemporada 2017-2018\nTorneo Apertura\nJornada 6\n3 Septiembre 2017 - 10:00 hrs.,https://www.ligafemenil.mx/cancha/estadio/36/estadio-verde-valle,https://www.ligafemenil.mx/cancha/playlist/81187/guadalajara-vs-santos-laguna
2017-2018,"Apertura",Sábado 9 de Septiembre de 2017\nTemporada 2017-2018\nTorneo Apertura\nJornada 7\n9 Septiembre 2017 - 09:00 hrs.,https://www.ligafemenil.mx/cancha/estadio/63/estadio-tsm-corona,https://www.ligafemenil.mx/cancha/playlist/81210/santos-laguna-vs-rayados-de-monterrey
2017-2018,"Apertura",Sábado 9 de Septiembre de 2017\nTemporada 2017-2018\nTorneo Apertura\nJornada 7\n9 Septiembre 2017 - 10:00 hrs.,https://www.ligafemenil.mx/cancha/estadio/34/estadio-instalaciones-zuazua,https://www.ligafemenil.mx/cancha/playlist/81213/tigres-de-la-uanl-vs-necaxa
2017-2018,"Apertura",Sábado 9 de Septiembre de 2017\nTemporada 2017-2018\nTorneo Apertura\nJornada 7\n9 Septiembre 2017 - 10:10 hrs.,https://www.ligafemenil.mx/cancha/estadio/57/estadio-luis-pirata-fuente,https://www.ligafemenil.mx/cancha/playlist/81207/veracruz-vs-america
2017-2018,"Apertura",Sábado 9 de Septiembre de 2017\nTemporada 2017-2018\nTorneo Apertura\nJornada 7\n9 Septiembre 2017 - 11:00 hrs.,https://www.ligafemenil.mx/cancha/estadio/109/estadio-colomos,https://www.ligafemenil.mx/cancha/playlist/81215/atlas-vs-queretaro
2017-2018,"Apertura",Sábado 9 de Septiembre de 2017\nTemporada 2017-2018\nTorneo Apertura\nJornada 7\n9 Septiembre 2017 - 16:00 hrs.,https://www.ligafemenil.mx/cancha/estadio/37/estadio-la-cantera,https://www.ligafemenil.mx/cancha/playlist/81217/pumas-vs-m-morelia
2017-2018,"Apertura",Sábado 9 de Septiembre de 2017\nTemporada 2017-2018\nTorneo Apertura\nJornada 7\n9 Septiembre 2017 - 16:00 hrs.,https://www.ligafemenil.mx/cancha/estadio/922/estadio-cancha-alterna-n%C3%B9mero-1-pasto-natural-del-caliente,https://www.ligafemenil.mx/cancha/playlist/81222/tijuana-vs-cruz-azul
2017-2018,"Apertura",Lunes 11 de Septiembre de 2017\nTemporada 2017-2018\nTorneo Apertura\nJornada 7\n11 Septiembre 2017 - 19:00 hrs.,https://www.ligafemenil.mx/cancha/estadio/11/estadio-hidalgo,https://www.ligafemenil.mx/cancha/playlist/81202/pachuca-vs-toluca
2017-2018,"Apertura",Lunes 11 de Septiembre de 2017\nTemporada 2017-2018\nTorneo Apertura\nJornada 7\n11 Septiembre 2017 - 21:00 hrs.,https://www.ligafemenil.mx/cancha/estadio/23/estadio-nou-camp,https://www.ligafemenil.mx/cancha/playlist/81204/leon-vs-guadalajara
2017-2018,"Apertura",Viernes 15 de Septiembre de 2017\nTemporada 2017-2018\nTorneo Apertura\nJornada 8\n15 Septiembre 2017 - 10:00 hrs.,https://www.ligafemenil.mx/cancha/estadio/47/estadio-instalaciones-la-noria-cancha-1,https://www.ligafemenil.mx/cancha/playlist/81229/cruz-azul-vs-toluca
2017-2018,"Apertura",Viernes 15 de Septiembre de 2017\nTemporada 2017-2018\nTorneo Apertura\nJornada 8\n15 Septiembre 2017 - 11:00 hrs.,https://www.ligafemenil.mx/cancha/estadio/109/estadio-colomos,https://www.ligafemenil.mx/cancha/playlist/81240/atlas-vs-guadalajara
2017-2018,"Apertura",Viernes 15 de Septiembre de 2017\nTemporada 2017-2018\nTorneo Apertura\nJornada 8\n15 Septiembre 2017 - 16:00 hrs.,https://www.ligafemenil.mx/cancha/estadio/15/estadio-victoria,https://www.ligafemenil.mx/cancha/playlist/81231/necaxa-vs-rayados-de-monterrey
2017-2018,"Apertura",Viernes 15 de Septiembre de 2017\nTemporada 2017-2018\nTorneo Apertura\nJornada 8\n15 Septiembre 2017 - 17:00 hrs.,https://www.ligafemenil.mx/cancha/estadio/23/estadio-nou-camp,https://www.ligafemenil.mx/cancha/playlist/81227/leon-vs-santos-laguna
2017-2018,"Apertura",Viernes 15 de Septiembre de 2017\nTemporada 2017-2018\nTorneo Apertura\nJornada 8\n15 Septiembre 2017 - 21:15 hrs.,https://www.ligafemenil.mx/cancha/estadio/48/estadio-caliente,https://www.ligafemenil.mx/cancha/playlist/81247/tijuana-vs-america
2017-2018,"Apertura",Sábado 16 de Septiembre de 2017\nTemporada 2017-2018\nTorneo Apertura\nJornada 8\n16 Septiembre 2017 - 10:00 hrs.,https://www.ligafemenil.mx/cancha/estadio/1416/estadio-centro-de-alto-rendimiento-cancha-1,https://www.ligafemenil.mx/cancha/playlist/81234/veracruz-vs-m-morelia
2017-2018,"Apertura",Sábado 16 de Septiembre de 2017\nTemporada 2017-2018\nTorneo Apertura\nJornada 8\n16 Septiembre 2017 - 16:00 hrs.,https://www.ligafemenil.mx/cancha/estadio/37/estadio-la-cantera,https://www.ligafemenil.mx/cancha/playlist/81244/pumas-vs-pachuca
2017-2018,"Apertura",Sábado 16 de Septiembre de 2017\nTemporada 2017-2018\nTorneo Apertura\nJornada 8\n16 Septiembre 2017 - 19:00 hrs.,https://www.ligafemenil.mx/cancha/estadio/12/estadio-universitario,https://www.ligafemenil.mx/cancha/playlist/81237/tigres-de-la-uanl-vs-queretaro
2017-2018,"Apertura",Viernes 29 de Septiembre de 2017\nTemporada 2017-2018\nTorneo Apertura\nJornada 10\n29 Septiembre 2017 - 16:00 hrs.,https://www.ligafemenil.mx/cancha/estadio/15/estadio-victoria,https://www.ligafemenil.mx/cancha/playlist/81182/necaxa-vs-guadalajara
2017-2018,"Apertura",Viernes 29 de Septiembre de 2017\nTemporada 2017-2018\nTorneo Apertura\nJornada 10\n29 Septiembre 2017 - 16:00 hrs.,https://www.ligafemenil.mx/cancha/estadio/47/estadio-instalaciones-la-noria-cancha-1,https://www.ligafemenil.mx/cancha/playlist/81179/cruz-azul-vs-m-morelia
2017-2018,"Apertura",Sábado 30 de Septiembre de 2017\nTemporada 2017-2018\nTorneo Apertura\nJornada 10\n30 Septiembre 2017 - 09:00 hrs.,https://www.ligafemenil.mx/cancha/estadio/57/estadio-luis-pirata-fuente,https://www.ligafemenil.mx/cancha/playlist/81185/veracruz-vs-pumas
2017-2018,"Apertura",Sábado 30 de Septiembre de 2017\nTemporada 2017-2018\nTorneo Apertura\nJornada 10\n30 Septiembre 2017 - 11:00 hrs.,https://www.ligafemenil.mx/cancha/estadio/109/estadio-colomos,https://www.ligafemenil.mx/cancha/playlist/81194/atlas-vs-leon
2017-2018,"Apertura",Sábado 30 de Septiembre de 2017\nTemporada 2017-2018\nTorneo Apertura\nJornada 10\n30 Septiembre 2017 - 11:00 hrs.,https://www.ligafemenil.mx/cancha/estadio/25/estadio-la-corregidora,https://www.ligafemenil.mx/cancha/playlist/81191/queretaro-vs-rayados-de-monterrey
2017-2018,"Apertura",Sábado 30 de Septiembre de 2017\nTemporada 2017-2018\nTorneo Apertura\nJornada 10\n30 Septiembre 2017 - 16:00 hrs.,https://www.ligafemenil.mx/cancha/estadio/32/estadio-instalaciones-club-america-coapa,https://www.ligafemenil.mx/cancha/playlist/81198/america-vs-toluca
2017-2018,"Apertura",Sábado 30 de Septiembre de 2017\nTemporada 2017-2018\nTorneo Apertura\nJornada 10\n30 Septiembre 2017 - 16:00 hrs.,https://www.ligafemenil.mx/cancha/estadio/48/estadio-caliente,https://www.ligafemenil.mx/cancha/playlist/81201/tijuana-vs-pachuca
2017-2018,"Apertura",Sábado 30 de Septiembre de 2017\nTemporada 2017-2018\nTorneo Apertura\nJornada 10\n30 Septiembre 2017 - 21:05 hrs.,https://www.ligafemenil.mx/cancha/estadio/12/estadio-universitario,https://www.ligafemenil.mx/cancha/playlist/81188/tigres-de-la-uanl-vs-santos-laguna
2017-2018,"Apertura",Viernes 6 de Octubre de 2017\nTemporada 2017-2018\nTorneo Apertura\nJornada 11\n6 Octubre 2017 - 12:00 hrs.,https://www.ligafemenil.mx/cancha/estadio/33/estadio-instalaciones-metepec-cancha-1-natural,https://www.ligafemenil.mx/cancha/playlist/81211/toluca-vs-veracruz
2017-2018,"Apertura",Viernes 6 de Octubre de 2017\nTemporada 2017-2018\nTorneo Apertura\nJornada 11\n6 Octubre 2017 - 17:00 hrs.,https://www.ligafemenil.mx/cancha/estadio/23/estadio-nou-camp,https://www.ligafemenil.mx/cancha/playlist/81208/leon-vs-tigres-de-la-uanl
2017-2018,"Apertura",Sábado 7 de Octubre de 2017\nTemporada 2017-2018\nTorneo Apertura\nJornada 11\n7 Octubre 2017 - 10:00 hrs.,https://www.ligafemenil.mx/cancha/estadio/63/estadio-tsm-corona,https://www.ligafemenil.mx/cancha/playlist/81216/santos-laguna-vs-necaxa
2017-2018,"Apertura",Sábado 7 de Octubre de 2017\nTemporada 2017-2018\nTorneo Apertura\nJornada 11\n7 Octubre 2017 - 12:30 hrs.,https://www.ligafemenil.mx/cancha/estadio/10/estadio-jose-maria-morelos-y-pavon,https://www.ligafemenil.mx/cancha/playlist/81221/m-morelia-vs-america
2017-2018,"Apertura",Sábado 7 de Octubre de 2017\nTemporada 2017-2018\nTorneo Apertura\nJornada 11\n7 Octubre 2017 - 16:00 hrs.,https://www.ligafemenil.mx/cancha/estadio/37/estadio-la-cantera,https://www.ligafemenil.mx/cancha/playlist/81224/pumas-vs-tijuana
2017-2018,"Apertura",Sábado 7 de Octubre de 2017\nTemporada 2017-2018\nTorneo Apertura\nJornada 11\n7 Octubre 2017 - 17:00 hrs.,https://www.ligafemenil.mx/cancha/estadio/793/estadio-bbva-bancomer,https://www.ligafemenil.mx/cancha/playlist/81226/rayados-de-monterrey-vs-atlas
2017-2018,"Apertura",Domingo 8 de Octubre de 2017\nTemporada 2017-2018\nTorneo Apertura\nJornada 11\n8 Octubre 2017 - 12:00 hrs.,https://www.ligafemenil.mx/cancha/estadio/36/estadio-verde-valle,https://www.ligafemenil.mx/cancha/playlist/81218/guadalajara-vs-queretaro
2017-2018,"Apertura",Lunes 9 de Octubre de 2017\nTemporada 2017-2018\nTorneo Apertura\nJornada 11\n9 Octubre 2017 - 19:00 hrs.,https://www.ligafemenil.mx/cancha/estadio/11/estadio-hidalgo,https://www.ligafemenil.mx/cancha/playlist/81205/pachuca-vs-cruz-azul
2017-2018,"Apertura",Viernes 13 de Octubre de 2017\nTemporada 2017-2018\nTorneo Apertura\nJornada 12\n13 Octubre 2017 - 16:00 hrs.,https://www.ligafemenil.mx/cancha/estadio/622/estadio-instalaciones-casa-club-necaxa-cancha-5-sintetica,https://www.ligafemenil.mx/cancha/playlist/81233/necaxa-vs-leon
2017-2018,"Apertura",Sábado 14 de Octubre de 2017\nTemporada 2017-2018\nTorneo Apertura\nJornada 12\n14 Octubre 2017 - 11:00 hrs.,https://www.ligafemenil.mx/cancha/estadio/25/estadio-la-corregidora,https://www.ligafemenil.mx/cancha/playlist/81242/queretaro-vs-santos-laguna
2017-2018,"Apertura",Sábado 14 de Octubre de 2017\nTemporada 2017-2018\nTorneo Apertura\nJornada 12\n14 Octubre 2017 - 12:30 hrs.,https://www.ligafemenil.mx/cancha/estadio/10/estadio-jose-maria-morelos-y-pavon,https://www.ligafemenil.mx/cancha/playlist/81245/m-morelia-vs-toluca
2017-2018,"Apertura",Sábado 14 de Octubre de 2017\nTemporada 2017-2018\nTorneo Apertura\nJornada 12\n14 Octubre 2017 - 16:00 hrs.,https://www.ligafemenil.mx/cancha/estadio/48/estadio-caliente,https://www.ligafemenil.mx/cancha/playlist/81249/tijuana-vs-veracruz
2017-2018,"Apertura",Domingo 15 de Octubre de 2017\nTemporada 2017-2018\nTorneo Apertura\nJornada 12\n15 Octubre 2017 - 11:00 hrs.,https://www.ligafemenil.mx/cancha/estadio/5/estadio-jalisco,https://www.ligafemenil.mx/cancha/playlist/81239/atlas-vs-tigres-de-la-uanl
2017-2018,"Apertura",Domingo 15 de Octubre de 2017\nTemporada 2017-2018\nTorneo Apertura\nJornada 12\n15 Octubre 2017 - 11:00 hrs.,https://www.ligafemenil.mx/cancha/estadio/2/estadio-ciudad-de-los-deportes,https://www.ligafemenil.mx/cancha/playlist/81230/cruz-azul-vs-pumas
2017-2018,"Apertura",Domingo 15 de Octubre de 2017\nTemporada 2017-2018\nTorneo Apertura\nJornada 12\n15 Octubre 2017 - 12:00 hrs.,https://www.ligafemenil.mx/cancha/estadio/36/estadio-verde-valle,https://www.ligafemenil.mx/cancha/playlist/81236/guadalajara-vs-rayados-de-monterrey
2017-2018,"Apertura",Domingo 15 de Octubre de 2017\nTemporada 2017-2018\nTorneo Apertura\nJornada 12\n15 Octubre 2017 - 16:00 hrs.,https://www.ligafemenil.mx/cancha/estadio/1/estadio-azteca,https://www.ligafemenil.mx/cancha/playlist/81248/america-vs-pachuca
2017-2018,"Apertura",Martes 17 de Octubre de 2017\nTemporada 2017-2018\nTorneo Apertura\nJornada 9\n17 Octubre 2017 - 11:00 hrs.,https://www.ligafemenil.mx/cancha/estadio/64/estadio-cancha-alterna-tsm-cancha-2-sintetica,https://www.ligafemenil.mx/cancha/playlist/81162/santos-laguna-vs-atlas
2017-2018,"Apertura",Martes 17 de Octubre de 2017\nTemporada 2017-2018\nTorneo Apertura\nJornada 9\n17 Octubre 2017 - 11:00 hrs.,https://www.ligafemenil.mx/cancha/estadio/25/estadio-la-corregidora,https://www.ligafemenil.mx/cancha/playlist/81166/queretaro-vs-necaxa
2017-2018,"Apertura",Miércoles 18 de Octubre de 2017\nTemporada 2017-2018\nTorneo Apertura\nJornada 9\n18 Octubre 2017 - 12:00 hrs.,https://www.ligafemenil.mx/cancha/estadio/11/estadio-hidalgo,https://www.ligafemenil.mx/cancha/playlist/81159/pachuca-vs-veracruz
2017-2018,"Apertura",Miércoles 18 de Octubre de 2017\nTemporada 2017-2018\nTorneo Apertura\nJornada 9\n18 Octubre 2017 - 12:00 hrs.,https://www.ligafemenil.mx/cancha/estadio/33/estadio-instalaciones-metepec-cancha-1-natural,https://www.ligafemenil.mx/cancha/playlist/81155/toluca-vs-pumas
2017-2018,"Apertura",Miércoles 18 de Octubre de 2017\nTemporada 2017-2018\nTorneo Apertura\nJornada 9\n18 Octubre 2017 - 16:00 hrs.,https://www.ligafemenil.mx/cancha/estadio/36/estadio-verde-valle,https://www.ligafemenil.mx/cancha/playlist/81156/guadalajara-vs-tigres-de-la-uanl
2017-2018,"Apertura",Miércoles 18 de Octubre de 2017\nTemporada 2017-2018\nTorneo Apertura\nJornada 9\n18 Octubre 2017 - 16:00 hrs.,https://www.ligafemenil.mx/cancha/estadio/10/estadio-jose-maria-morelos-y-pavon,https://www.ligafemenil.mx/cancha/playlist/81168/m-morelia-vs-tijuana
2017-2018,"Apertura",Miércoles 18 de Octubre de 2017\nTemporada 2017-2018\nTorneo Apertura\nJornada 9\n18 Octubre 2017 - 16:00 hrs.,https://www.ligafemenil.mx/cancha/estadio/32/estadio-instalaciones-club-america-coapa,https://www.ligafemenil.mx/cancha/playlist/81172/america-vs-cruz-azul
2017-2018,"Apertura",Miércoles 18 de Octubre de 2017\nTemporada 2017-2018\nTorneo Apertura\nJornada 9\n18 Octubre 2017 - 17:00 hrs.,https://www.ligafemenil.mx/cancha/estadio/675/estadio-el-barrial,https://www.ligafemenil.mx/cancha/playlist/81175/rayados-de-monterrey-vs-leon
2017-2018,"Apertura",Viernes 20 de Octubre de 2017\nTemporada 2017-2018\nTorneo Apertura\nJornada 13\n20 Octubre 2017 - 17:00 hrs.,https://www.ligafemenil.mx/cancha/estadio/23/estadio-nou-camp,https://www.ligafemenil.mx/cancha/playlist/81251/leon-vs-queretaro
2017-2018,"Apertura",Sábado 21 de Octubre de 2017\nTemporada 2017-2018\nTorneo Apertura\nJornada 13\n21 Octubre 2017 - 09:00 hrs.,https://www.ligafemenil.mx/cancha/estadio/1416/estadio-centro-de-alto-rendimiento-cancha-1,https://www.ligafemenil.mx/cancha/playlist/81252/veracruz-vs-cruz-azul
2017-2018,"Apertura",Sábado 21 de Octubre de 2017\nTemporada 2017-2018\nTorneo Apertura\nJornada 13\n21 Octubre 2017 - 10:00 hrs.,https://www.ligafemenil.mx/cancha/estadio/63/estadio-tsm-corona,https://www.ligafemenil.mx/cancha/playlist/81253/santos-laguna-vs-guadalajara
2017-2018,"Apertura",Sábado 21 de Octubre de 2017\nTemporada 2017-2018\nTorneo Apertura\nJornada 13\n21 Octubre 2017 - 11:00 hrs.,https://www.ligafemenil.mx/cancha/estadio/109/estadio-colomos,https://www.ligafemenil.mx/cancha/playlist/81255/atlas-vs-necaxa
2017-2018,"Apertura",Sábado 21 de Octubre de 2017\nTemporada 2017-2018\nTorneo Apertura\nJornada 13\n21 Octubre 2017 - 16:00 hrs.,https://www.ligafemenil.mx/cancha/estadio/37/estadio-la-cantera,https://www.ligafemenil.mx/cancha/playlist/81256/pumas-vs-america
2017-2018,"Apertura",Sábado 21 de Octubre de 2017\nTemporada 2017-2018\nTorneo Apertura\nJornada 13\n21 Octubre 2017 - 16:00 hrs.,https://www.ligafemenil.mx/cancha/estadio/48/estadio-caliente,https://www.ligafemenil.mx/cancha/playlist/81257/tijuana-vs-toluca
2017-2018,"Apertura",Sábado 21 de Octubre de 2017\nTemporada 2017-2018\nTorneo Apertura\nJornada 13\n21 Octubre 2017 - 21:05 hrs.,https://www.ligafemenil.mx/cancha/estadio/12/estadio-universitario,https://www.ligafemenil.mx/cancha/playlist/81254/tigres-de-la-uanl-vs-rayados-de-monterrey
2017-2018,"Apertura",Lunes 23 de Octubre de 2017\nTemporada 2017-2018\nTorneo Apertura\nJornada 13\n23 Octubre 2017 - 19:00 hrs.,https://www.ligafemenil.mx/cancha/estadio/11/estadio-hidalgo,https://www.ligafemenil.mx/cancha/playlist/81250/pachuca-vs-m-morelia
2017-2018,"Apertura",Viernes 27 de Octubre de 2017\nTemporada 2017-2018\nTorneo Apertura\nJornada 14\n27 Octubre 2017 - 12:00 hrs.,https://www.ligafemenil.mx/cancha/estadio/33/estadio-instalaciones-metepec-cancha-1-natural,https://www.ligafemenil.mx/cancha/playlist/81258/toluca-vs-pachuca
2017-2018,"Apertura",Viernes 27 de Octubre de 2017\nTemporada 2017-2018\nTorneo Apertura\nJornada 14\n27 Octubre 2017 - 16:00 hrs.,https://www.ligafemenil.mx/cancha/estadio/67/estadio-instalaciones-la-noria-cancha-3-sintetica,https://www.ligafemenil.mx/cancha/playlist/81259/cruz-azul-vs-tijuana
2017-2018,"Apertura",Viernes 27 de Octubre de 2017\nTemporada 2017-2018\nTorneo Apertura\nJornada 14\n27 Octubre 2017 - 16:00 hrs.,https://www.ligafemenil.mx/cancha/estadio/622/estadio-instalaciones-casa-club-necaxa-cancha-5-sintetica,https://www.ligafemenil.mx/cancha/playlist/81260/necaxa-vs-tigres-de-la-uanl
2017-2018,"Apertura",Sábado 28 de Octubre de 2017\nTemporada 2017-2018\nTorneo Apertura\nJornada 14\n28 Octubre 2017 - 11:00 hrs.,https://www.ligafemenil.mx/cancha/estadio/25/estadio-la-corregidora,https://www.ligafemenil.mx/cancha/playlist/81262/queretaro-vs-atlas
2017-2018,"Apertura",Sábado 28 de Octubre de 2017\nTemporada 2017-2018\nTorneo Apertura\nJornada 14\n28 Octubre 2017 - 11:00 hrs.,https://www.ligafemenil.mx/cancha/estadio/675/estadio-el-barrial,https://www.ligafemenil.mx/cancha/playlist/81265/rayados-de-monterrey-vs-santos-laguna
2017-2018,"Apertura",Sábado 28 de Octubre de 2017\nTemporada 2017-2018\nTorneo Apertura\nJornada 14\n28 Octubre 2017 - 12:30 hrs.,https://www.ligafemenil.mx/cancha/estadio/10/estadio-jose-maria-morelos-y-pavon,https://www.ligafemenil.mx/cancha/playlist/81263/m-morelia-vs-pumas
2017-2018,"Apertura",Sábado 28 de Octubre de 2017\nTemporada 2017-2018\nTorneo Apertura\nJornada 14\n28 Octubre 2017 - 16:00 hrs.,https://www.ligafemenil.mx/cancha/estadio/32/estadio-instalaciones-club-america-coapa,https://www.ligafemenil.mx/cancha/playlist/81264/america-vs-veracruz
2017-2018,"Apertura",Domingo 29 de Octubre de 2017\nTemporada 2017-2018\nTorneo Apertura\nJornada 14\n29 Octubre 2017 - 12:00 hrs.,https://www.ligafemenil.mx/cancha/estadio/36/estadio-verde-valle,https://www.ligafemenil.mx/cancha/playlist/81261/guadalajara-vs-leon
2017-2018,"Apertura",Sábado 4 de Noviembre de 2017\nTemporada 2017-2018\nTorneo Apertura\nSemifinal Ida\n4 Noviembre 2017 - 16:30 hrs.,https://www.ligafemenil.mx/cancha/estadio/1337/estadio-chivas,https://www.ligafemenil.mx/cancha/playlist/87356/guadalajara-vs-america
2017-2018,"Apertura",Lunes 6 de Noviembre de 2017\nTemporada 2017-2018\nTorneo Apertura\nSemifinal Ida\n6 Noviembre 2017 - 21:00 hrs.,https://www.ligafemenil.mx/cancha/estadio/11/estadio-hidalgo,https://www.ligafemenil.mx/cancha/playlist/87357/pachuca-vs-tigres-de-la-uanl
2017-2018,"Apertura",Sábado 11 de Noviembre de 2017\nTemporada 2017-2018\nTorneo Apertura\nSemifinal Vuelta\n11 Noviembre 2017 - 16:00 hrs.,https://www.ligafemenil.mx/cancha/estadio/1/estadio-azteca,https://www.ligafemenil.mx/cancha/playlist/87358/america-vs-guadalajara
2017-2018,"Apertura",Sábado 11 de Noviembre de 2017\nTemporada 2017-2018\nTorneo Apertura\nSemifinal Vuelta\n11 Noviembre 2017 - 19:00 hrs.,https://www.ligafemenil.mx/cancha/estadio/12/estadio-universitario,https://www.ligafemenil.mx/cancha/playlist/87359/tigres-de-la-uanl-vs-pachuca
2017-2018,"Apertura",Lunes 20 de Noviembre de 2017\nTemporada 2017-2018\nTorneo Apertura\nFinal Ida\n20 Noviembre 2017 - 21:06 hrs.,https://www.ligafemenil.mx/cancha/estadio/11/estadio-hidalgo,https://www.ligafemenil.mx/cancha/playlist/87422/pachuca-vs-guadalajara
2017-2018,"Apertura",Viernes 24 de Noviembre de 2017\nTemporada 2017-2018\nTorneo Apertura\nFinal Vuelta\n24 Noviembre 2017 - 20:06 hrs.,https://www.ligafemenil.mx/cancha/estadio/1337/estadio-chivas,https://www.ligafemenil.mx/cancha/playlist/87423/guadalajara-vs-pachuca
2019-2020,"Apertura",Viernes 12 de Julio de 2019\nTemporada 2019-2020\nTorneo Apertura\nJornada 1\n12 Julio 2019 - 16:00 hrs.,https://www.ligafemenil.mx/cancha/estadio/15/estadio-victoria,https://www.ligafemenil.mx/cancha/playlist/98974/necaxa-vs-cruz-azul
2019-2020,"Apertura",Sábado 13 de Julio de 2019\nTemporada 2019-2020\nTorneo Apertura\nJornada 1\n13 Julio 2019 - 12:00 hrs.,https://www.ligafemenil.mx/cancha/estadio/37/estadio-la-cantera,https://www.ligafemenil.mx/cancha/playlist/98978/pumas-vs-tijuana
2019-2020,"Apertura",Domingo 14 de Julio de 2019\nTemporada 2019-2020\nTorneo Apertura\nJornada 1\n14 Julio 2019 - 12:00 hrs.,https://www.ligafemenil.mx/cancha/estadio/9/estadio-cuauhtemoc,https://www.ligafemenil.mx/cancha/playlist/98985/puebla-fc-vs-toluca
2019-2020,"Apertura",Lunes 15 de Julio de 2019\nTemporada 2019-2020\nTorneo Apertura\nJornada 1\n15 Julio 2019 - 16:00 hrs.,https://www.ligafemenil.mx/cancha/estadio/10/estadio-jose-maria-morelos-y-pavon,https://www.ligafemenil.mx/cancha/playlist/98992/m-morelia-vs-rayados-de-monterrey
2019-2020,"Apertura",Lunes 15 de Julio de 2019\nTemporada 2019-2020\nTorneo Apertura\nJornada 1\n15 Julio 2019 - 17:00 hrs.,https://www.ligafemenil.mx/cancha/estadio/57/estadio-luis-pirata-fuente,https://www.ligafemenil.mx/cancha/playlist/98995/veracruz-vs-queretaro
2019-2020,"Apertura",Lunes 15 de Julio de 2019\nTemporada 2019-2020\nTorneo Apertura\nJornada 1\n15 Julio 2019 - 19:00 hrs.,https://www.ligafemenil.mx/cancha/estadio/23/estadio-nou-camp,https://www.ligafemenil.mx/cancha/playlist/98998/leon-vs-fc-juarez
2019-2020,"Apertura",Lunes 15 de Julio de 2019\nTemporada 2019-2020\nTorneo Apertura\nJornada 1\n15 Julio 2019 - 20:00 hrs.,https://www.ligafemenil.mx/cancha/estadio/12/estadio-universitario,https://www.ligafemenil.mx/cancha/playlist/99002/tigres-de-la-uanl-vs-guadalajara
2019-2020,"Apertura",Lunes 15 de Julio de 2019\nTemporada 2019-2020\nTorneo Apertura\nJornada 1\n15 Julio 2019 - 20:00 hrs.,https://www.ligafemenil.mx/cancha/estadio/14/estadio-alfonso-lastras-ramirez,https://www.ligafemenil.mx/cancha/playlist/99006/club-atletico-de-san-luis-vs-atlas
2019-2020,"Apertura",Lunes 15 de Julio de 2019\nTemporada 2019-2020\nTorneo Apertura\nJornada 1\n15 Julio 2019 - 21:00 hrs.,https://www.ligafemenil.mx/cancha/estadio/63/estadio-tsm-corona,https://www.ligafemenil.mx/cancha/playlist/99010/santos-laguna-vs-pachuca
2019-2020,"Apertura",Viernes 19 de Julio de 2019\nTemporada 2019-2020\nTorneo Apertura\nJornada 2\n19 Julio 2019 - 16:00 hrs.,https://www.ligafemenil.mx/cancha/estadio/30/estadio-10-de-diciembre,https://www.ligafemenil.mx/cancha/playlist/99016/cruz-azul-vs-pumas
2019-2020,"Apertura",Viernes 19 de Julio de 2019\nTemporada 2019-2020\nTorneo Apertura\nJornada 2\n19 Julio 2019 - 16:00 hrs.,https://www.ligafemenil.mx/cancha/estadio/1466/estadio-cegar-cancha-1,https://www.ligafemenil.mx/cancha/playlist/99018/queretaro-vs-leon
2019-2020,"Apertura",Viernes 19 de Julio de 2019\nTemporada 2019-2020\nTorneo Apertura\nJornada 2\n19 Julio 2019 - 19:00 hrs.,https://www.ligafemenil.mx/cancha/estadio/17/estadio-olimpico-benito-juarez,https://www.ligafemenil.mx/cancha/playlist/99043/fc-juarez-vs-santos-laguna
2019-2020,"Apertura",Sábado 20 de Julio de 2019\nTemporada 2019-2020\nTorneo Apertura\nJornada 2\n20 Julio 2019 - 11:00 hrs.,https://www.ligafemenil.mx/cancha/estadio/109/estadio-colomos,https://www.ligafemenil.mx/cancha/playlist/99022/atlas-vs-rayados-de-monterrey
2019-2020,"Apertura",Lunes 22 de Julio de 2019\nTemporada 2019-2020\nTorneo Apertura\nJornada 2\n22 Julio 2019 - 17:00 hrs.,https://www.ligafemenil.mx/cancha/estadio/6/estadio-nemesio-diez,https://www.ligafemenil.mx/cancha/playlist/99029/toluca-vs-m-morelia
2019-2020,"Apertura",Lunes 22 de Julio de 2019\nTemporada 2019-2020\nTorneo Apertura\nJornada 2\n22 Julio 2019 - 19:00 hrs.,https://www.ligafemenil.mx/cancha/estadio/1/estadio-azteca,https://www.ligafemenil.mx/cancha/playlist/99026/america-vs-puebla-fc
2019-2020,"Apertura",Lunes 22 de Julio de 2019\nTemporada 2019-2020\nTorneo Apertura\nJornada 2\n22 Julio 2019 - 19:00 hrs.,https://www.ligafemenil.mx/cancha/estadio/1538/estadio-akron,https://www.ligafemenil.mx/cancha/playlist/99033/guadalajara-vs-club-atletico-de-san-luis
2019-2020,"Apertura",Lunes 22 de Julio de 2019\nTemporada 2019-2020\nTorneo Apertura\nJornada 2\n22 Julio 2019 - 19:00 hrs.,https://www.ligafemenil.mx/cancha/estadio/11/estadio-hidalgo,https://www.ligafemenil.mx/cancha/playlist/99036/pachuca-vs-necaxa
2019-2020,"Apertura",Lunes 22 de Julio de 2019\nTemporada 2019-2020\nTorneo Apertura\nJornada 2\n22 Julio 2019 - 19:00 hrs.,https://www.ligafemenil.mx/cancha/estadio/48/estadio-caliente,https://www.ligafemenil.mx/cancha/playlist/99038/tijuana-vs-veracruz
2019-2020,"Apertura",Viernes 26 de Julio de 2019\nTemporada 2019-2020\nTorneo Apertura\nJornada 3\n26 Julio 2019 - 16:00 hrs.,https://www.ligafemenil.mx/cancha/estadio/15/estadio-victoria,https://www.ligafemenil.mx/cancha/playlist/99052/necaxa-vs-guadalajara
2019-2020,"Apertura",Sábado 27 de Julio de 2019\nTemporada 2019-2020\nTorneo Apertura\nJornada 3\n27 Julio 2019 - 12:00 hrs.,https://www.ligafemenil.mx/cancha/estadio/37/estadio-la-cantera,https://www.ligafemenil.mx/cancha/playlist/99056/pumas-vs-queretaro
2019-2020,"Apertura",Domingo 28 de Julio de 2019\nTemporada 2019-2020\nTorneo Apertura\nJornada 3\n28 Julio 2019 - 11:30 hrs.,https://www.ligafemenil.mx/cancha/estadio/9/estadio-cuauhtemoc,https://www.ligafemenil.mx/cancha/playlist/99060/puebla-fc-vs-pachuca
2019-2020,"Apertura",Lunes 29 de Julio de 2019\nTemporada 2019-2020\nTorneo Apertura\nJornada 3\n29 Julio 2019 - 10:00 hrs.,https://www.ligafemenil.mx/cancha/estadio/675/estadio-el-barrial,https://www.ligafemenil.mx/cancha/playlist/99087/rayados-de-monterrey-vs-toluca
2019-2020,"Apertura",Lunes 29 de Julio de 2019\nTemporada 2019-2020\nTorneo Apertura\nJornada 3\n29 Julio 2019 - 16:00 hrs.,https://www.ligafemenil.mx/cancha/estadio/10/estadio-jose-maria-morelos-y-pavon,https://www.ligafemenil.mx/cancha/playlist/99064/m-morelia-vs-fc-juarez
2019-2020,"Apertura",Lunes 29 de Julio de 2019\nTemporada 2019-2020\nTorneo Apertura\nJornada 3\n29 Julio 2019 - 17:00 hrs.,https://www.ligafemenil.mx/cancha/estadio/57/estadio-luis-pirata-fuente,https://www.ligafemenil.mx/cancha/playlist/99068/veracruz-vs-atlas
2019-2020,"Apertura",Lunes 29 de Julio de 2019\nTemporada 2019-2020\nTorneo Apertura\nJornada 3\n29 Julio 2019 - 19:00 hrs.,https://www.ligafemenil.mx/cancha/estadio/23/estadio-nou-camp,https://www.ligafemenil.mx/cancha/playlist/99073/leon-vs-cruz-azul
2019-2020,"Apertura",Lunes 29 de Julio de 2019\nTemporada 2019-2020\nTorneo Apertura\nJornada 3\n29 Julio 2019 - 20:00 hrs.,https://www.ligafemenil.mx/cancha/estadio/14/estadio-alfonso-lastras-ramirez,https://www.ligafemenil.mx/cancha/playlist/99076/club-atletico-de-san-luis-vs-america
2019-2020,"Apertura",Lunes 29 de Julio de 2019\nTemporada 2019-2020\nTorneo Apertura\nJornada 3\n29 Julio 2019 - 21:00 hrs.,https://www.ligafemenil.mx/cancha/estadio/63/estadio-tsm-corona,https://www.ligafemenil.mx/cancha/playlist/99081/santos-laguna-vs-tigres-de-la-uanl
2019-2020,"Apertura",Viernes 2 de Agosto de 2019\nTemporada 2019-2020\nTorneo Apertura\nJornada 4\n2 Agosto 2019 - 16:00 hrs.,https://www.ligafemenil.mx/cancha/estadio/25/estadio-la-corregidora,https://www.ligafemenil.mx/cancha/playlist/99094/queretaro-vs-santos-laguna
2019-2020,"Apertura",Viernes 2 de Agosto de 2019\nTemporada 2019-2020\nTorneo Apertura\nJornada 4\n2 Agosto 2019 - 16:00 hrs.,https://www.ligafemenil.mx/cancha/estadio/30/estadio-10-de-diciembre,https://www.ligafemenil.mx/cancha/playlist/99096/cruz-azul-vs-m-morelia
2019-2020,"Apertura",Viernes 2 de Agosto de 2019\nTemporada 2019-2020\nTorneo Apertura\nJornada 4\n2 Agosto 2019 - 19:00 hrs.,https://www.ligafemenil.mx/cancha/estadio/17/estadio-olimpico-benito-juarez,https://www.ligafemenil.mx/cancha/playlist/99130/fc-juarez-vs-club-atletico-de-san-luis
2019-2020,"Apertura",Domingo 4 de Agosto de 2019\nTemporada 2019-2020\nTorneo Apertura\nJornada 4\n4 Agosto 2019 - 12:00 hrs.,https://www.ligafemenil.mx/cancha/estadio/1554/estadio-verde-valle-2,https://www.ligafemenil.mx/cancha/playlist/99108/guadalajara-vs-puebla-fc
2019-2020,"Apertura",Lunes 5 de Agosto de 2019\nTemporada 2019-2020\nTorneo Apertura\nJornada 4\n5 Agosto 2019 - 16:00 hrs.,https://www.ligafemenil.mx/cancha/estadio/6/estadio-nemesio-diez,https://www.ligafemenil.mx/cancha/playlist/99103/toluca-vs-leon
2019-2020,"Apertura",Lunes 5 de Agosto de 2019\nTemporada 2019-2020\nTorneo Apertura\nJornada 4\n5 Agosto 2019 - 18:00 hrs.,https://www.ligafemenil.mx/cancha/estadio/1/estadio-azteca,https://www.ligafemenil.mx/cancha/playlist/99100/america-vs-veracruz
2019-2020,"Apertura",Lunes 5 de Agosto de 2019\nTemporada 2019-2020\nTorneo Apertura\nJornada 4\n5 Agosto 2019 - 19:00 hrs.,https://www.ligafemenil.mx/cancha/estadio/11/estadio-hidalgo,https://www.ligafemenil.mx/cancha/playlist/99112/pachuca-vs-rayados-de-monterrey
2019-2020,"Apertura",Lunes 5 de Agosto de 2019\nTemporada 2019-2020\nTorneo Apertura\nJornada 4\n5 Agosto 2019 - 20:00 hrs.,https://www.ligafemenil.mx/cancha/estadio/12/estadio-universitario,https://www.ligafemenil.mx/cancha/playlist/99116/tigres-de-la-uanl-vs-pumas
2019-2020,"Apertura",Lunes 5 de Agosto de 2019\nTemporada 2019-2020\nTorneo Apertura\nJornada 4\n5 Agosto 2019 - 19:00 hrs.,https://www.ligafemenil.mx/cancha/estadio/48/estadio-caliente,https://www.ligafemenil.mx/cancha/playlist/99120/tijuana-vs-atlas
2019-2020,"Apertura",Viernes 9 de Agosto de 2019\nTemporada 2019-2020\nTorneo Apertura\nJornada 5\n9 Agosto 2019 - 16:00 hrs.,https://www.ligafemenil.mx/cancha/estadio/30/estadio-10-de-diciembre,https://www.ligafemenil.mx/cancha/playlist/98972/cruz-azul-vs-toluca
2019-2020,"Apertura",Sábado 10 de Agosto de 2019\nTemporada 2019-2020\nTorneo Apertura\nJornada 5\n10 Agosto 2019 - 11:00 hrs.,https://www.ligafemenil.mx/cancha/estadio/109/estadio-colomos,https://www.ligafemenil.mx/cancha/playlist/98979/atlas-vs-america
2019-2020,"Apertura",Domingo 11 de Agosto de 2019\nTemporada 2019-2020\nTorneo Apertura\nJornada 5\n11 Agosto 2019 - 12:00 hrs.,https://www.ligafemenil.mx/cancha/estadio/9/estadio-cuauhtemoc,https://www.ligafemenil.mx/cancha/playlist/98988/puebla-fc-vs-fc-juarez
2019-2020,"Apertura",Lunes 12 de Agosto de 2019\nTemporada 2019-2020\nTorneo Apertura\nJornada 5\n12 Agosto 2019 - 16:00 hrs.,https://www.ligafemenil.mx/cancha/estadio/10/estadio-jose-maria-morelos-y-pavon,https://www.ligafemenil.mx/cancha/playlist/98991/m-morelia-vs-tigres-de-la-uanl
2019-2020,"Apertura",Lunes 12 de Agosto de 2019\nTemporada 2019-2020\nTorneo Apertura\nJornada 5\n12 Agosto 2019 - 16:00 hrs.,https://www.ligafemenil.mx/cancha/estadio/37/estadio-la-cantera,https://www.ligafemenil.mx/cancha/playlist/98982/pumas-vs-pachuca
2019-2020,"Apertura",Lunes 12 de Agosto de 2019\nTemporada 2019-2020\nTorneo Apertura\nJornada 5\n12 Agosto 2019 - 19:00 hrs.,https://www.ligafemenil.mx/cancha/estadio/23/estadio-nou-camp,https://www.ligafemenil.mx/cancha/playlist/98997/leon-vs-guadalajara
2019-2020,"Apertura",Lunes 12 de Agosto de 2019\nTemporada 2019-2020\nTorneo Apertura\nJornada 5\n12 Agosto 2019 - 20:00 hrs.,https://www.ligafemenil.mx/cancha/estadio/14/estadio-alfonso-lastras-ramirez,https://www.ligafemenil.mx/cancha/playlist/99001/club-atletico-de-san-luis-vs-veracruz
2019-2020,"Apertura",Lunes 12 de Agosto de 2019\nTemporada 2019-2020\nTorneo Apertura\nJornada 5\n12 Agosto 2019 - 19:00 hrs.,https://www.ligafemenil.mx/cancha/estadio/48/estadio-caliente,https://www.ligafemenil.mx/cancha/playlist/99007/tijuana-vs-necaxa
2019-2020,"Apertura",Lunes 12 de Agosto de 2019\nTemporada 2019-2020\nTorneo Apertura\nJornada 5\n12 Agosto 2019 - 21:00 hrs.,https://www.ligafemenil.mx/cancha/estadio/1608/estadio-bbva,https://www.ligafemenil.mx/cancha/playlist/99003/rayados-de-monterrey-vs-queretaro
2019-2020,"Apertura",Viernes 16 de Agosto de 2019\nTemporada 2019-2020\nTorneo Apertura\nJornada 6\n16 Agosto 2019 - 16:00 hrs.,https://www.ligafemenil.mx/cancha/estadio/15/estadio-victoria,https://www.ligafemenil.mx/cancha/playlist/99013/necaxa-vs-pumas
2019-2020,"Apertura",Viernes 16 de Agosto de 2019\nTemporada 2019-2020\nTorneo Apertura\nJornada 6\n16 Agosto 2019 - 19:00 hrs.,https://www.ligafemenil.mx/cancha/estadio/17/estadio-olimpico-benito-juarez,https://www.ligafemenil.mx/cancha/playlist/99053/fc-juarez-vs-atlas
2019-2020,"Apertura",Sábado 17 de Agosto de 2019\nTemporada 2019-2020\nTorneo Apertura\nJornada 6\n17 Agosto 2019 - 17:00 hrs.,https://www.ligafemenil.mx/cancha/estadio/57/estadio-luis-pirata-fuente,https://www.ligafemenil.mx/cancha/playlist/99031/veracruz-vs-leon
2019-2020,"Apertura",Lunes 19 de Agosto de 2019\nTemporada 2019-2020\nTorneo Apertura\nJornada 6\n19 Agosto 2019 - 18:00 hrs.,https://www.ligafemenil.mx/cancha/estadio/1/estadio-azteca,https://www.ligafemenil.mx/cancha/playlist/99025/america-vs-m-morelia
2019-2020,"Apertura",Lunes 19 de Agosto de 2019\nTemporada 2019-2020\nTorneo Apertura\nJornada 6\n19 Agosto 2019 - 19:00 hrs.,https://www.ligafemenil.mx/cancha/estadio/11/estadio-hidalgo,https://www.ligafemenil.mx/cancha/playlist/99037/pachuca-vs-toluca
2019-2020,"Apertura",Lunes 19 de Agosto de 2019\nTemporada 2019-2020\nTorneo Apertura\nJornada 6\n19 Agosto 2019 - 19:00 hrs.,https://www.ligafemenil.mx/cancha/estadio/1538/estadio-akron,https://www.ligafemenil.mx/cancha/playlist/99035/guadalajara-vs-tijuana
2019-2020,"Apertura",Lunes 19 de Agosto de 2019\nTemporada 2019-2020\nTorneo Apertura\nJornada 6\n19 Agosto 2019 - 20:00 hrs.,https://www.ligafemenil.mx/cancha/estadio/12/estadio-universitario,https://www.ligafemenil.mx/cancha/playlist/99041/tigres-de-la-uanl-vs-puebla-fc
2019-2020,"Apertura",Lunes 19 de Agosto de 2019\nTemporada 2019-2020\nTorneo Apertura\nJornada 6\n19 Agosto 2019 - 20:00 hrs.,https://www.ligafemenil.mx/cancha/estadio/14/estadio-alfonso-lastras-ramirez,https://www.ligafemenil.mx/cancha/playlist/99045/club-atletico-de-san-luis-vs-cruz-azul
2019-2020,"Apertura",Lunes 19 de Agosto de 2019\nTemporada 2019-2020\nTorneo Apertura\nJornada 6\n19 Agosto 2019 - 21:00 hrs.,https://www.ligafemenil.mx/cancha/estadio/63/estadio-tsm-corona,https://www.ligafemenil.mx/cancha/playlist/99048/santos-laguna-vs-rayados-de-monterrey
2019-2020,"Apertura",Miércoles 21 de Agosto de 2019\nTemporada 2019-2020\nTorneo Apertura\nJornada 7\n21 Agosto 2019 - 11:00 hrs.,https://www.ligafemenil.mx/cancha/estadio/109/estadio-colomos,https://www.ligafemenil.mx/cancha/playlist/99071/atlas-vs-necaxa
2019-2020,"Apertura",Miércoles 21 de Agosto de 2019\nTemporada 2019-2020\nTorneo Apertura\nJornada 7\n21 Agosto 2019 - 16:00 hrs.,https://www.ligafemenil.mx/cancha/estadio/37/estadio-la-cantera,https://www.ligafemenil.mx/cancha/playlist/99078/pumas-vs-veracruz
2019-2020,"Apertura",Jueves 22 de Agosto de 2019\nTemporada 2019-2020\nTorneo Apertura\nJornada 7\n22 Agosto 2019 - 16:00 hrs.,https://www.ligafemenil.mx/cancha/estadio/10/estadio-jose-maria-morelos-y-pavon,https://www.ligafemenil.mx/cancha/playlist/99086/m-morelia-vs-club-atletico-de-san-luis
2019-2020,"Apertura",Jueves 22 de Agosto de 2019\nTemporada 2019-2020\nTorneo Apertura\nJornada 7\n22 Agosto 2019 - 16:00 hrs.,https://www.ligafemenil.mx/cancha/estadio/25/estadio-la-corregidora,https://www.ligafemenil.mx/cancha/playlist/99065/queretaro-vs-puebla-fc
2019-2020,"Apertura",Jueves 22 de Agosto de 2019\nTemporada 2019-2020\nTorneo Apertura\nJornada 7\n22 Agosto 2019 - 16:00 hrs.,https://www.ligafemenil.mx/cancha/estadio/30/estadio-10-de-diciembre,https://www.ligafemenil.mx/cancha/playlist/99061/cruz-azul-vs-tigres-de-la-uanl
2019-2020,"Apertura",Jueves 22 de Agosto de 2019\nTemporada 2019-2020\nTorneo Apertura\nJornada 7\n22 Agosto 2019 - 18:00 hrs.,https://www.ligafemenil.mx/cancha/estadio/6/estadio-nemesio-diez,https://www.ligafemenil.mx/cancha/playlist/99083/toluca-vs-america
2019-2020,"Apertura",Jueves 22 de Agosto de 2019\nTemporada 2019-2020\nTorneo Apertura\nJornada 7\n22 Agosto 2019 - 16:00 hrs.,https://www.ligafemenil.mx/cancha/estadio/922/estadio-cancha-alterna-n%C3%B9mero-1-pasto-natural-del-caliente,https://www.ligafemenil.mx/cancha/playlist/99095/tijuana-vs-santos-laguna
2019-2020,"Apertura",Jueves 22 de Agosto de 2019\nTemporada 2019-2020\nTorneo Apertura\nJornada 7\n22 Agosto 2019 - 19:00 hrs.,https://www.ligafemenil.mx/cancha/estadio/23/estadio-nou-camp,https://www.ligafemenil.mx/cancha/playlist/99092/leon-vs-pachuca
2019-2020,"Apertura",Jueves 22 de Agosto de 2019\nTemporada 2019-2020\nTorneo Apertura\nJornada 7\n22 Agosto 2019 - 21:00 hrs.,https://www.ligafemenil.mx/cancha/estadio/1608/estadio-bbva,https://www.ligafemenil.mx/cancha/playlist/99093/rayados-de-monterrey-vs-fc-juarez
2019-2020,"Apertura",Domingo 25 de Agosto de 2019\nTemporada 2019-2020\nTorneo Apertura\nJornada 8\n25 Agosto 2019 - 12:00 hrs.,https://www.ligafemenil.mx/cancha/estadio/9/estadio-cuauhtemoc,https://www.ligafemenil.mx/cancha/playlist/99099/puebla-fc-vs-pumas
2019-2020,"Apertura",Domingo 25 de Agosto de 2019\nTemporada 2019-2020\nTorneo Apertura\nJornada 8\n25 Agosto 2019 - 16:00 hrs.,https://www.ligafemenil.mx/cancha/estadio/15/estadio-victoria,https://www.ligafemenil.mx/cancha/playlist/99102/necaxa-vs-m-morelia
2019-2020,"Apertura",Lunes 26 de Agosto de 2019\nTemporada 2019-2020\nTorneo Apertura\nJornada 8\n26 Agosto 2019 - 17:00 hrs.,https://www.ligafemenil.mx/cancha/estadio/57/estadio-luis-pirata-fuente,https://www.ligafemenil.mx/cancha/playlist/99105/veracruz-vs-toluca
2019-2020,"Apertura",Lunes 26 de Agosto de 2019\nTemporada 2019-2020\nTorneo Apertura\nJornada 8\n26 Agosto 2019 - 18:00 hrs.,https://www.ligafemenil.mx/cancha/estadio/1/estadio-azteca,https://www.ligafemenil.mx/cancha/playlist/99097/america-vs-tijuana
2019-2020,"Apertura",Lunes 26 de Agosto de 2019\nTemporada 2019-2020\nTorneo Apertura\nJornada 8\n26 Agosto 2019 - 19:00 hrs.,https://www.ligafemenil.mx/cancha/estadio/11/estadio-hidalgo,https://www.ligafemenil.mx/cancha/playlist/99107/pachuca-vs-cruz-azul
2019-2020,"Apertura",Lunes 26 de Agosto de 2019\nTemporada 2019-2020\nTorneo Apertura\nJornada 8\n26 Agosto 2019 - 20:00 hrs.,https://www.ligafemenil.mx/cancha/estadio/12/estadio-universitario,https://www.ligafemenil.mx/cancha/playlist/99110/tigres-de-la-uanl-vs-rayados-de-monterrey
2019-2020,"Apertura",Lunes 26 de Agosto de 2019\nTemporada 2019-2020\nTorneo Apertura\nJornada 8\n26 Agosto 2019 - 20:00 hrs.,https://www.ligafemenil.mx/cancha/estadio/14/estadio-alfonso-lastras-ramirez,https://www.ligafemenil.mx/cancha/playlist/99114/club-atletico-de-san-luis-vs-queretaro
2019-2020,"Apertura",Lunes 26 de Agosto de 2019\nTemporada 2019-2020\nTorneo Apertura\nJornada 8\n26 Agosto 2019 - 21:00 hrs.,https://www.ligafemenil.mx/cancha/estadio/1538/estadio-akron,https://www.ligafemenil.mx/cancha/playlist/99115/guadalajara-vs-fc-juarez
2019-2020,"Apertura",Lunes 26 de Agosto de 2019\nTemporada 2019-2020\nTorneo Apertura\nJornada 8\n26 Agosto 2019 - 21:00 hrs.,https://www.ligafemenil.mx/cancha/estadio/63/estadio-tsm-corona,https://www.ligafemenil.mx/cancha/playlist/99118/santos-laguna-vs-atlas
2019-2020,"Apertura",Viernes 6 de Septiembre de 2019\nTemporada 2019-2020\nTorneo Apertura\nJornada 9\n6 Septiembre 2019 - 16:00 hrs.,https://www.ligafemenil.mx/cancha/estadio/30/estadio-10-de-diciembre,https://www.ligafemenil.mx/cancha/playlist/98969/cruz-azul-vs-guadalajara
2019-2020,"Apertura",Viernes 6 de Septiembre de 2019\nTemporada 2019-2020\nTorneo Apertura\nJornada 9\n6 Septiembre 2019 - 16:00 hrs.,https://www.ligafemenil.mx/cancha/estadio/25/estadio-la-corregidora,https://www.ligafemenil.mx/cancha/playlist/98970/queretaro-vs-pachuca
2019-2020,"Apertura",Sábado 7 de Septiembre de 2019\nTemporada 2019-2020\nTorneo Apertura\nJornada 9\n7 Septiembre 2019 - 11:00 hrs.,https://www.ligafemenil.mx/cancha/estadio/5/estadio-jalisco,https://www.ligafemenil.mx/cancha/playlist/98971/atlas-vs-puebla-fc
2019-2020,"Apertura",Sábado 7 de Septiembre de 2019\nTemporada 2019-2020\nTorneo Apertura\nJornada 9\n7 Septiembre 2019 - 12:00 hrs.,https://www.ligafemenil.mx/cancha/estadio/37/estadio-la-cantera,https://www.ligafemenil.mx/cancha/playlist/98975/pumas-vs-santos-laguna
2019-2020,"Apertura",Lunes 9 de Septiembre de 2019\nTemporada 2019-2020\nTorneo Apertura\nJornada 9\n9 Septiembre 2019 - 16:00 hrs.,https://www.ligafemenil.mx/cancha/estadio/10/estadio-jose-maria-morelos-y-pavon,https://www.ligafemenil.mx/cancha/playlist/98981/m-morelia-vs-leon
2019-2020,"Apertura",Lunes 9 de Septiembre de 2019\nTemporada 2019-2020\nTorneo Apertura\nJornada 9\n9 Septiembre 2019 - 17:00 hrs.,https://www.ligafemenil.mx/cancha/estadio/6/estadio-nemesio-diez,https://www.ligafemenil.mx/cancha/playlist/98977/toluca-vs-tigres-de-la-uanl
2019-2020,"Apertura",Lunes 9 de Septiembre de 2019\nTemporada 2019-2020\nTorneo Apertura\nJornada 9\n9 Septiembre 2019 - 19:00 hrs.,https://www.ligafemenil.mx/cancha/estadio/1608/estadio-bbva,https://www.ligafemenil.mx/cancha/playlist/98984/rayados-de-monterrey-vs-america
2019-2020,"Apertura",Lunes 9 de Septiembre de 2019\nTemporada 2019-2020\nTorneo Apertura\nJornada 9\n9 Septiembre 2019 - 18:00 hrs.,https://www.ligafemenil.mx/cancha/estadio/17/estadio-olimpico-benito-juarez,https://www.ligafemenil.mx/cancha/playlist/98990/fc-juarez-vs-necaxa
2019-2020,"Apertura",Lunes 9 de Septiembre de 2019\nTemporada 2019-2020\nTorneo Apertura\nJornada 9\n9 Septiembre 2019 - 19:00 hrs.,https://www.ligafemenil.mx/cancha/estadio/48/estadio-caliente,https://www.ligafemenil.mx/cancha/playlist/98987/tijuana-vs-club-atletico-de-san-luis
2019-2020,"Apertura",Viernes 13 de Septiembre de 2019\nTemporada 2019-2020\nTorneo Apertura\nJornada 10\n13 Septiembre 2019 - 10:00 hrs.,https://www.ligafemenil.mx/cancha/estadio/675/estadio-el-barrial,https://www.ligafemenil.mx/cancha/playlist/99020/rayados-de-monterrey-vs-veracruz
2019-2020,"Apertura",Viernes 13 de Septiembre de 2019\nTemporada 2019-2020\nTorneo Apertura\nJornada 10\n13 Septiembre 2019 - 16:00 hrs.,https://www.ligafemenil.mx/cancha/estadio/1466/estadio-cegar-cancha-1,https://www.ligafemenil.mx/cancha/playlist/98994/queretaro-vs-tijuana
2019-2020,"Apertura",Sábado 14 de Septiembre de 2019\nTemporada 2019-2020\nTorneo Apertura\nJornada 10\n14 Septiembre 2019 - 19:00 hrs.,https://www.ligafemenil.mx/cancha/estadio/12/estadio-universitario,https://www.ligafemenil.mx/cancha/playlist/99019/tigres-de-la-uanl-vs-club-atletico-de-san-luis
2019-2020,"Apertura",Domingo 15 de Septiembre de 2019\nTemporada 2019-2020\nTorneo Apertura\nJornada 10\n15 Septiembre 2019 - 12:00 hrs.,https://www.ligafemenil.mx/cancha/estadio/9/estadio-cuauhtemoc,https://www.ligafemenil.mx/cancha/playlist/99004/puebla-fc-vs-m-morelia
2019-2020,"Apertura",Lunes 16 de Septiembre de 2019\nTemporada 2019-2020\nTorneo Apertura\nJornada 10\n16 Septiembre 2019 - 17:00 hrs.,https://www.ligafemenil.mx/cancha/estadio/6/estadio-nemesio-diez,https://www.ligafemenil.mx/cancha/playlist/98999/toluca-vs-fc-juarez
2019-2020,"Apertura",Lunes 16 de Septiembre de 2019\nTemporada 2019-2020\nTorneo Apertura\nJornada 10\n16 Septiembre 2019 - 19:00 hrs.,https://www.ligafemenil.mx/cancha/estadio/23/estadio-nou-camp,https://www.ligafemenil.mx/cancha/playlist/99014/leon-vs-necaxa
2019-2020,"Apertura",Lunes 16 de Septiembre de 2019\nTemporada 2019-2020\nTorneo Apertura\nJornada 10\n16 Septiembre 2019 - 19:00 hrs.,https://www.ligafemenil.mx/cancha/estadio/11/estadio-hidalgo,https://www.ligafemenil.mx/cancha/playlist/99011/pachuca-vs-atlas
2019-2020,"Apertura",Lunes 16 de Septiembre de 2019\nTemporada 2019-2020\nTorneo Apertura\nJornada 10\n16 Septiembre 2019 - 19:00 hrs.,https://www.ligafemenil.mx/cancha/estadio/1538/estadio-akron,https://www.ligafemenil.mx/cancha/playlist/99008/guadalajara-vs-america
2019-2020,"Apertura",Lunes 16 de Septiembre de 2019\nTemporada 2019-2020\nTorneo Apertura\nJornada 10\n16 Septiembre 2019 - 21:00 hrs.,https://www.ligafemenil.mx/cancha/estadio/63/estadio-tsm-corona,https://www.ligafemenil.mx/cancha/playlist/99023/santos-laguna-vs-cruz-azul
2019-2020,"Apertura",Miércoles 18 de Septiembre de 2019\nTemporada 2019-2020\nTorneo Apertura\nJornada 11\n18 Septiembre 2019 - 19:00 hrs.,https://www.ligafemenil.mx/cancha/estadio/48/estadio-caliente,https://www.ligafemenil.mx/cancha/playlist/99028/tijuana-vs-m-morelia
2019-2020,"Apertura",Jueves 19 de Septiembre de 2019\nTemporada 2019-2020\nTorneo Apertura\nJornada 11\n19 Septiembre 2019 - 11:00 hrs.,https://www.ligafemenil.mx/cancha/estadio/109/estadio-colomos,https://www.ligafemenil.mx/cancha/playlist/99042/atlas-vs-toluca
2019-2020,"Apertura",Jueves 19 de Septiembre de 2019\nTemporada 2019-2020\nTorneo Apertura\nJornada 11\n19 Septiembre 2019 - 16:00 hrs.,https://www.ligafemenil.mx/cancha/estadio/15/estadio-victoria,https://www.ligafemenil.mx/cancha/playlist/99039/necaxa-vs-puebla-fc
2019-2020,"Apertura",Jueves 19 de Septiembre de 2019\nTemporada 2019-2020\nTorneo Apertura\nJornada 11\n19 Septiembre 2019 - 17:00 hrs.,https://www.ligafemenil.mx/cancha/estadio/57/estadio-luis-pirata-fuente,https://www.ligafemenil.mx/cancha/playlist/99051/veracruz-vs-santos-laguna
2019-2020,"Apertura",Jueves 19 de Septiembre de 2019\nTemporada 2019-2020\nTorneo Apertura\nJornada 11\n19 Septiembre 2019 - 18:00 hrs.,https://www.ligafemenil.mx/cancha/estadio/1/estadio-azteca,https://www.ligafemenil.mx/cancha/playlist/99046/america-vs-leon
2019-2020,"Apertura",Jueves 19 de Septiembre de 2019\nTemporada 2019-2020\nTorneo Apertura\nJornada 11\n19 Septiembre 2019 - 19:00 hrs.,https://www.ligafemenil.mx/cancha/estadio/11/estadio-hidalgo,https://www.ligafemenil.mx/cancha/playlist/99055/pachuca-vs-tigres-de-la-uanl
2019-2020,"Apertura",Jueves 19 de Septiembre de 2019\nTemporada 2019-2020\nTorneo Apertura\nJornada 11\n19 Septiembre 2019 - 20:00 hrs.,https://www.ligafemenil.mx/cancha/estadio/14/estadio-alfonso-lastras-ramirez,https://www.ligafemenil.mx/cancha/playlist/99058/club-atletico-de-san-luis-vs-rayados-de-monterrey
2019-2020,"Apertura",Jueves 19 de Septiembre de 2019\nTemporada 2019-2020\nTorneo Apertura\nJornada 11\n19 Septiembre 2019 - 19:00 hrs.,https://www.ligafemenil.mx/cancha/estadio/17/estadio-olimpico-benito-juarez,https://www.ligafemenil.mx/cancha/playlist/99032/fc-juarez-vs-pumas
2019-2020,"Apertura",Jueves 19 de Septiembre de 2019\nTemporada 2019-2020\nTorneo Apertura\nJornada 11\n19 Septiembre 2019 - 21:00 hrs.,https://www.ligafemenil.mx/cancha/estadio/1538/estadio-akron,https://www.ligafemenil.mx/cancha/playlist/99049/guadalajara-vs-queretaro
2019-2020,"Apertura",Domingo 22 de Septiembre de 2019\nTemporada 2019-2020\nTorneo Apertura\nJornada 12\n22 Septiembre 2019 - 10:00 hrs.,https://www.ligafemenil.mx/cancha/estadio/30/estadio-10-de-diciembre,https://www.ligafemenil.mx/cancha/playlist/99062/cruz-azul-vs-fc-juarez
2019-2020,"Apertura",Domingo 22 de Septiembre de 2019\nTemporada 2019-2020\nTorneo Apertura\nJornada 12\n22 Septiembre 2019 - 12:00 hrs.,https://www.ligafemenil.mx/cancha/estadio/9/estadio-cuauhtemoc,https://www.ligafemenil.mx/cancha/playlist/99070/puebla-fc-vs-veracruz
2019-2020,"Apertura",Domingo 22 de Septiembre de 2019\nTemporada 2019-2020\nTorneo Apertura\nJornada 12\n22 Septiembre 2019 - 16:00 hrs.,https://www.ligafemenil.mx/cancha/estadio/25/estadio-la-corregidora,https://www.ligafemenil.mx/cancha/playlist/99074/queretaro-vs-america
2019-2020,"Apertura",Lunes 23 de Septiembre de 2019\nTemporada 2019-2020\nTorneo Apertura\nJornada 12\n23 Septiembre 2019 - 16:00 hrs.,https://www.ligafemenil.mx/cancha/estadio/37/estadio-la-cantera,https://www.ligafemenil.mx/cancha/playlist/99077/pumas-vs-club-atletico-de-san-luis
2019-2020,"Apertura",Lunes 23 de Septiembre de 2019\nTemporada 2019-2020\nTorneo Apertura\nJornada 12\n23 Septiembre 2019 - 16:00 hrs.,https://www.ligafemenil.mx/cancha/estadio/10/estadio-jose-maria-morelos-y-pavon,https://www.ligafemenil.mx/cancha/playlist/99080/m-morelia-vs-atlas
2019-2020,"Apertura",Lunes 23 de Septiembre de 2019\nTemporada 2019-2020\nTorneo Apertura\nJornada 12\n23 Septiembre 2019 - 18:00 hrs.,https://www.ligafemenil.mx/cancha/estadio/6/estadio-nemesio-diez,https://www.ligafemenil.mx/cancha/playlist/99066/toluca-vs-guadalajara
2019-2020,"Apertura",Lunes 23 de Septiembre de 2019\nTemporada 2019-2020\nTorneo Apertura\nJornada 12\n23 Septiembre 2019 - 19:00 hrs.,https://www.ligafemenil.mx/cancha/estadio/23/estadio-nou-camp,https://www.ligafemenil.mx/cancha/playlist/99084/leon-vs-santos-laguna
2019-2020,"Apertura",Lunes 23 de Septiembre de 2019\nTemporada 2019-2020\nTorneo Apertura\nJornada 12\n23 Septiembre 2019 - 20:00 hrs.,https://www.ligafemenil.mx/cancha/estadio/12/estadio-universitario,https://www.ligafemenil.mx/cancha/playlist/99089/tigres-de-la-uanl-vs-tijuana
2019-2020,"Apertura",Lunes 23 de Septiembre de 2019\nTemporada 2019-2020\nTorneo Apertura\nJornada 12\n23 Septiembre 2019 - 21:00 hrs.,https://www.ligafemenil.mx/cancha/estadio/1608/estadio-bbva,https://www.ligafemenil.mx/cancha/playlist/99090/rayados-de-monterrey-vs-necaxa
2019-2020,"Apertura",Viernes 27 de Septiembre de 2019\nTemporada 2019-2020\nTorneo Apertura\nJornada 13\n27 Septiembre 2019 - 16:00 hrs.,https://www.ligafemenil.mx/cancha/estadio/15/estadio-victoria,https://www.ligafemenil.mx/cancha/playlist/98973/necaxa-vs-queretaro
2019-2020,"Apertura",Viernes 27 de Septiembre de 2019\nTemporada 2019-2020\nTorneo Apertura\nJornada 13\n27 Septiembre 2019 - 18:00 hrs.,https://www.ligafemenil.mx/cancha/estadio/17/estadio-olimpico-benito-juarez,https://www.ligafemenil.mx/cancha/playlist/99000/fc-juarez-vs-tigres-de-la-uanl
2019-2020,"Apertura",Sábado 28 de Septiembre de 2019\nTemporada 2019-2020\nTorneo Apertura\nJornada 13\n28 Septiembre 2019 - 11:00 hrs.,https://www.ligafemenil.mx/cancha/estadio/109/estadio-colomos,https://www.ligafemenil.mx/cancha/playlist/98976/atlas-vs-cruz-azul
2019-2020,"Apertura",Sábado 28 de Septiembre de 2019\nTemporada 2019-2020\nTorneo Apertura\nJornada 13\n28 Septiembre 2019 - 12:00 hrs.,https://www.ligafemenil.mx/cancha/estadio/37/estadio-la-cantera,https://www.ligafemenil.mx/cancha/playlist/98983/pumas-vs-m-morelia
2019-2020,"Apertura",Lunes 30 de Septiembre de 2019\nTemporada 2019-2020\nTorneo Apertura\nJornada 13\n30 Septiembre 2019 - 17:00 hrs.,https://www.ligafemenil.mx/cancha/estadio/57/estadio-luis-pirata-fuente,https://www.ligafemenil.mx/cancha/playlist/98986/veracruz-vs-guadalajara
2019-2020,"Apertura",Lunes 30 de Septiembre de 2019\nTemporada 2019-2020\nTorneo Apertura\nJornada 13\n30 Septiembre 2019 - 18:00 hrs.,https://www.ligafemenil.mx/cancha/estadio/1/estadio-azteca,https://www.ligafemenil.mx/cancha/playlist/98980/america-vs-pachuca
2019-2020,"Apertura",Lunes 30 de Septiembre de 2019\nTemporada 2019-2020\nTorneo Apertura\nJornada 13\n30 Septiembre 2019 - 19:00 hrs.,https://www.ligafemenil.mx/cancha/estadio/63/estadio-tsm-corona,https://www.ligafemenil.mx/cancha/playlist/98989/santos-laguna-vs-puebla-fc
2019-2020,"Apertura",Lunes 30 de Septiembre de 2019\nTemporada 2019-2020\nTorneo Apertura\nJornada 13\n30 Septiembre 2019 - 20:00 hrs.,https://www.ligafemenil.mx/cancha/estadio/14/estadio-alfonso-lastras-ramirez,https://www.ligafemenil.mx/cancha/playlist/98993/club-atletico-de-san-luis-vs-leon
2019-2020,"Apertura",Lunes 30 de Septiembre de 2019\nTemporada 2019-2020\nTorneo Apertura\nJornada 13\n30 Septiembre 2019 - 19:00 hrs.,https://www.ligafemenil.mx/cancha/estadio/48/estadio-caliente,https://www.ligafemenil.mx/cancha/playlist/98996/tijuana-vs-toluca
2019-2020,"Apertura",Viernes 11 de Octubre de 2019\nTemporada 2019-2020\nTorneo Apertura\nJornada 14\n11 Octubre 2019 - 16:00 hrs.,https://www.ligafemenil.mx/cancha/estadio/30/estadio-10-de-diciembre,https://www.ligafemenil.mx/cancha/playlist/99005/cruz-azul-vs-veracruz
2019-2020,"Apertura",Viernes 11 de Octubre de 2019\nTemporada 2019-2020\nTorneo Apertura\nJornada 14\n11 Octubre 2019 - 16:00 hrs.,https://www.ligafemenil.mx/cancha/estadio/25/estadio-la-corregidora,https://www.ligafemenil.mx/cancha/playlist/99009/queretaro-vs-atlas
2019-2020,"Apertura",Sábado 12 de Octubre de 2019\nTemporada 2019-2020\nTorneo Apertura\nJornada 14\n12 Octubre 2019 - 12:00 hrs.,https://www.ligafemenil.mx/cancha/estadio/1421/estadio-cancha-centenario-no-5-natural-instalaciones-club-america,https://www.ligafemenil.mx/cancha/playlist/99012/america-vs-pumas
2019-2020,"Apertura",Domingo 13 de Octubre de 2019\nTemporada 2019-2020\nTorneo Apertura\nJornada 14\n13 Octubre 2019 - 12:00 hrs.,https://www.ligafemenil.mx/cancha/estadio/9/estadio-cuauhtemoc,https://www.ligafemenil.mx/cancha/playlist/99021/puebla-fc-vs-tijuana
2019-2020,"Apertura",Domingo 13 de Octubre de 2019\nTemporada 2019-2020\nTorneo Apertura\nJornada 14\n13 Octubre 2019 - 12:00 hrs.,https://www.ligafemenil.mx/cancha/estadio/1554/estadio-verde-valle-2,https://www.ligafemenil.mx/cancha/playlist/99017/guadalajara-vs-santos-laguna
2019-2020,"Apertura",Lunes 14 de Octubre de 2019\nTemporada 2019-2020\nTorneo Apertura\nJornada 14\n14 Octubre 2019 - 16:00 hrs.,https://www.ligafemenil.mx/cancha/estadio/6/estadio-nemesio-diez,https://www.ligafemenil.mx/cancha/playlist/99015/toluca-vs-club-atletico-de-san-luis
2019-2020,"Apertura",Lunes 14 de Octubre de 2019\nTemporada 2019-2020\nTorneo Apertura\nJornada 14\n14 Octubre 2019 - 19:00 hrs.,https://www.ligafemenil.mx/cancha/estadio/11/estadio-hidalgo,https://www.ligafemenil.mx/cancha/playlist/99024/pachuca-vs-fc-juarez
2019-2020,"Apertura",Lunes 14 de Octubre de 2019\nTemporada 2019-2020\nTorneo Apertura\nJornada 14\n14 Octubre 2019 - 20:00 hrs.,https://www.ligafemenil.mx/cancha/estadio/12/estadio-universitario,https://www.ligafemenil.mx/cancha/playlist/99027/tigres-de-la-uanl-vs-necaxa
2019-2020,"Apertura",Lunes 14 de Octubre de 2019\nTemporada 2019-2020\nTorneo Apertura\nJornada 14\n14 Octubre 2019 - 21:00 hrs.,https://www.ligafemenil.mx/cancha/estadio/23/estadio-nou-camp,https://www.ligafemenil.mx/cancha/playlist/99030/leon-vs-rayados-de-monterrey
2019-2020,"Apertura",Viernes 18 de Octubre de 2019\nTemporada 2019-2020\nTorneo Apertura\nJornada 15\n18 Octubre 2019 - 16:00 hrs.,https://www.ligafemenil.mx/cancha/estadio/15/estadio-victoria,https://www.ligafemenil.mx/cancha/playlist/99034/necaxa-vs-toluca
2019-2020,"Apertura",Sábado 19 de Octubre de 2019\nTemporada 2019-2020\nTorneo Apertura\nJornada 15\n19 Octubre 2019 - 10:00 hrs.,https://www.ligafemenil.mx/cancha/estadio/675/estadio-el-barrial,https://www.ligafemenil.mx/cancha/playlist/99059/rayados-de-monterrey-vs-cruz-azul
2019-2020,"Apertura",Sábado 19 de Octubre de 2019\nTemporada 2019-2020\nTorneo Apertura\nJornada 15\n19 Octubre 2019 - 11:00 hrs.,https://www.ligafemenil.mx/cancha/estadio/37/estadio-la-cantera,https://www.ligafemenil.mx/cancha/playlist/99044/pumas-vs-leon
2019-2020,"Apertura",Sábado 19 de Octubre de 2019\nTemporada 2019-2020\nTorneo Apertura\nJornada 15\n19 Octubre 2019 - 11:00 hrs.,https://www.ligafemenil.mx/cancha/estadio/109/estadio-colomos,https://www.ligafemenil.mx/cancha/playlist/99040/atlas-vs-guadalajara
2019-2020,"Apertura",Sábado 19 de Octubre de 2019\nTemporada 2019-2020\nTorneo Apertura\nJornada 15\n19 Octubre 2019 - 16:00 hrs.,https://www.ligafemenil.mx/cancha/estadio/10/estadio-jose-maria-morelos-y-pavon,https://www.ligafemenil.mx/cancha/playlist/99047/m-morelia-vs-queretaro
2019-2020,"Apertura",Lunes 21 de Octubre de 2019\nTemporada 2019-2020\nTorneo Apertura\nJornada 15\n21 Octubre 2019 - 17:00 hrs.,https://www.ligafemenil.mx/cancha/estadio/57/estadio-luis-pirata-fuente,https://www.ligafemenil.mx/cancha/playlist/99050/veracruz-vs-tigres-de-la-uanl
2019-2020,"Apertura",Lunes 21 de Octubre de 2019\nTemporada 2019-2020\nTorneo Apertura\nJornada 15\n21 Octubre 2019 - 19:00 hrs.,https://www.ligafemenil.mx/cancha/estadio/63/estadio-tsm-corona,https://www.ligafemenil.mx/cancha/playlist/99054/santos-laguna-vs-america
2019-2020,"Apertura",Lunes 21 de Octubre de 2019\nTemporada 2019-2020\nTorneo Apertura\nJornada 15\n21 Octubre 2019 - 20:00 hrs.,https://www.ligafemenil.mx/cancha/estadio/14/estadio-alfonso-lastras-ramirez,https://www.ligafemenil.mx/cancha/playlist/99057/club-atletico-de-san-luis-vs-puebla-fc
2019-2020,"Apertura",Lunes 21 de Octubre de 2019\nTemporada 2019-2020\nTorneo Apertura\nJornada 15\n21 Octubre 2019 - 20:00 hrs.,https://www.ligafemenil.mx/cancha/estadio/48/estadio-caliente,https://www.ligafemenil.mx/cancha/playlist/99063/tijuana-vs-pachuca
2019-2020,"Apertura",Miércoles 23 de Octubre de 2019\nTemporada 2019-2020\nTorneo Apertura\nJornada 16\n23 Octubre 2019 - 16:00 hrs.,https://www.ligafemenil.mx/cancha/estadio/30/estadio-10-de-diciembre,https://www.ligafemenil.mx/cancha/playlist/99091/cruz-azul-vs-queretaro
2019-2020,"Apertura",Miércoles 23 de Octubre de 2019\nTemporada 2019-2020\nTorneo Apertura\nJornada 16\n23 Octubre 2019 - 18:00 hrs.,https://www.ligafemenil.mx/cancha/estadio/6/estadio-nemesio-diez,https://www.ligafemenil.mx/cancha/playlist/99067/toluca-vs-pumas
2019-2020,"Apertura",Jueves 24 de Octubre de 2019\nTemporada 2019-2020\nTorneo Apertura\nJornada 16\n24 Octubre 2019 - 16:00 hrs.,https://www.ligafemenil.mx/cancha/estadio/9/estadio-cuauhtemoc,https://www.ligafemenil.mx/cancha/playlist/99075/puebla-fc-vs-rayados-de-monterrey
2019-2020,"Apertura",Jueves 24 de Octubre de 2019\nTemporada 2019-2020\nTorneo Apertura\nJornada 16\n24 Octubre 2019 - 16:00 hrs.,https://www.ligafemenil.mx/cancha/estadio/1/estadio-azteca,https://www.ligafemenil.mx/cancha/playlist/99069/america-vs-necaxa
2019-2020,"Apertura",Jueves 24 de Octubre de 2019\nTemporada 2019-2020\nTorneo Apertura\nJornada 16\n24 Octubre 2019 - 18:00 hrs.,https://www.ligafemenil.mx/cancha/estadio/63/estadio-tsm-corona,https://www.ligafemenil.mx/cancha/playlist/99085/santos-laguna-vs-club-atletico-de-san-luis
2019-2020,"Apertura",Jueves 24 de Octubre de 2019\nTemporada 2019-2020\nTorneo Apertura\nJornada 16\n24 Octubre 2019 - 18:00 hrs.,https://www.ligafemenil.mx/cancha/estadio/12/estadio-universitario,https://www.ligafemenil.mx/cancha/playlist/99082/tigres-de-la-uanl-vs-leon
2019-2020,"Apertura",Jueves 24 de Octubre de 2019\nTemporada 2019-2020\nTorneo Apertura\nJornada 16\n24 Octubre 2019 - 19:00 hrs.,https://www.ligafemenil.mx/cancha/estadio/11/estadio-hidalgo,https://www.ligafemenil.mx/cancha/playlist/99079/pachuca-vs-veracruz
2019-2020,"Apertura",Jueves 24 de Octubre de 2019\nTemporada 2019-2020\nTorneo Apertura\nJornada 16\n24 Octubre 2019 - 21:00 hrs.,https://www.ligafemenil.mx/cancha/estadio/1538/estadio-akron,https://www.ligafemenil.mx/cancha/playlist/99072/guadalajara-vs-m-morelia
2019-2020,"Apertura",Jueves 24 de Octubre de 2019\nTemporada 2019-2020\nTorneo Apertura\nJornada 16\n24 Octubre 2019 - 21:00 hrs.,https://www.ligafemenil.mx/cancha/estadio/17/estadio-olimpico-benito-juarez,https://www.ligafemenil.mx/cancha/playlist/99088/fc-juarez-vs-tijuana
2019-2020,"Apertura",Sábado 26 de Octubre de 2019\nTemporada 2019-2020\nTorneo Apertura\nJornada 17\n26 Octubre 2019 - 12:00 hrs.,https://www.ligafemenil.mx/cancha/estadio/37/estadio-la-cantera,https://www.ligafemenil.mx/cancha/playlist/99098/pumas-vs-atlas
2019-2020,"Apertura",Domingo 27 de Octubre de 2019\nTemporada 2019-2020\nTorneo Apertura\nJornada 17\n27 Octubre 2019 - 11:00 hrs.,https://www.ligafemenil.mx/cancha/estadio/9/estadio-cuauhtemoc,https://www.ligafemenil.mx/cancha/playlist/99101/puebla-fc-vs-cruz-azul
2019-2020,"Apertura",Domingo 27 de Octubre de 2019\nTemporada 2019-2020\nTorneo Apertura\nJornada 17\n27 Octubre 2019 - 16:00 hrs.,https://www.ligafemenil.mx/cancha/estadio/25/estadio-la-corregidora,https://www.ligafemenil.mx/cancha/playlist/99104/queretaro-vs-toluca
2019-2020,"Apertura",Lunes 28 de Octubre de 2019\nTemporada 2019-2020\nTorneo Apertura\nJornada 17\n28 Octubre 2019 - 16:00 hrs.,https://www.ligafemenil.mx/cancha/estadio/10/estadio-jose-maria-morelos-y-pavon,https://www.ligafemenil.mx/cancha/playlist/99109/m-morelia-vs-pachuca
2019-2020,"Apertura",Lunes 28 de Octubre de 2019\nTemporada 2019-2020\nTorneo Apertura\nJornada 17\n28 Octubre 2019 - 16:00 hrs.,https://www.ligafemenil.mx/cancha/estadio/15/estadio-victoria,https://www.ligafemenil.mx/cancha/playlist/99106/necaxa-vs-santos-laguna
2019-2020,"Apertura",Lunes 28 de Octubre de 2019\nTemporada 2019-2020\nTorneo Apertura\nJornada 17\n28 Octubre 2019 - 17:00 hrs.,https://www.ligafemenil.mx/cancha/estadio/57/estadio-luis-pirata-fuente,https://www.ligafemenil.mx/cancha/playlist/99111/veracruz-vs-fc-juarez
2019-2020,"Apertura",Lunes 28 de Octubre de 2019\nTemporada 2019-2020\nTorneo Apertura\nJornada 17\n28 Octubre 2019 - 19:00 hrs.,https://www.ligafemenil.mx/cancha/estadio/23/estadio-nou-camp,https://www.ligafemenil.mx/cancha/playlist/99113/leon-vs-tijuana
2019-2020,"Apertura",Lunes 28 de Octubre de 2019\nTemporada 2019-2020\nTorneo Apertura\nJornada 17\n28 Octubre 2019 - 20:00 hrs.,https://www.ligafemenil.mx/cancha/estadio/12/estadio-universitario,https://www.ligafemenil.mx/cancha/playlist/99117/tigres-de-la-uanl-vs-america
2019-2020,"Apertura",Lunes 28 de Octubre de 2019\nTemporada 2019-2020\nTorneo Apertura\nJornada 17\n28 Octubre 2019 - 21:00 hrs.,https://www.ligafemenil.mx/cancha/estadio/1608/estadio-bbva,https://www.ligafemenil.mx/cancha/playlist/99119/rayados-de-monterrey-vs-guadalajara
2019-2020,"Apertura",Viernes 1 de Noviembre de 2019\nTemporada 2019-2020\nTorneo Apertura\nJornada 18\n1 Noviembre 2019 - 20:00 hrs.,https://www.ligafemenil.mx/cancha/estadio/17/estadio-olimpico-benito-juarez,https://www.ligafemenil.mx/cancha/playlist/99129/fc-juarez-vs-queretaro
2019-2020,"Apertura",Sábado 2 de Noviembre de 2019\nTemporada 2019-2020\nTorneo Apertura\nJornada 18\n2 Noviembre 2019 - 11:00 hrs.,https://www.ligafemenil.mx/cancha/estadio/109/estadio-colomos,https://www.ligafemenil.mx/cancha/playlist/99121/atlas-vs-tigres-de-la-uanl
2019-2020,"Apertura",Domingo 3 de Noviembre de 2019\nTemporada 2019-2020\nTorneo Apertura\nJornada 18\n3 Noviembre 2019 - 10:00 hrs.,https://www.ligafemenil.mx/cancha/estadio/1554/estadio-verde-valle-2,https://www.ligafemenil.mx/cancha/playlist/99123/guadalajara-vs-pumas
2019-2020,"Apertura",Lunes 4 de Noviembre de 2019\nTemporada 2019-2020\nTorneo Apertura\nJornada 18\n4 Noviembre 2019 - 15:45 hrs.,https://www.ligafemenil.mx/cancha/estadio/1421/estadio-cancha-centenario-no-5-natural-instalaciones-club-america,https://www.ligafemenil.mx/cancha/playlist/99122/america-vs-cruz-azul
2019-2020,"Apertura",Lunes 4 de Noviembre de 2019\nTemporada 2019-2020\nTorneo Apertura\nJornada 18\n4 Noviembre 2019 - 17:00 hrs.,https://www.ligafemenil.mx/cancha/estadio/57/estadio-luis-pirata-fuente,https://www.ligafemenil.mx/cancha/playlist/99124/veracruz-vs-necaxa
2019-2020,"Apertura",Lunes 4 de Noviembre de 2019\nTemporada 2019-2020\nTorneo Apertura\nJornada 18\n4 Noviembre 2019 - 19:00 hrs.,https://www.ligafemenil.mx/cancha/estadio/23/estadio-nou-camp,https://www.ligafemenil.mx/cancha/playlist/99125/leon-vs-puebla-fc
2019-2020,"Apertura",Lunes 4 de Noviembre de 2019\nTemporada 2019-2020\nTorneo Apertura\nJornada 18\n4 Noviembre 2019 - 19:00 hrs.,https://www.ligafemenil.mx/cancha/estadio/63/estadio-tsm-corona,https://www.ligafemenil.mx/cancha/playlist/99126/santos-laguna-vs-m-morelia
2019-2020,"Apertura",Lunes 4 de Noviembre de 2019\nTemporada 2019-2020\nTorneo Apertura\nJornada 18\n4 Noviembre 2019 - 20:00 hrs.,https://www.ligafemenil.mx/cancha/estadio/14/estadio-alfonso-lastras-ramirez,https://www.ligafemenil.mx/cancha/playlist/99127/club-atletico-de-san-luis-vs-pachuca
2019-2020,"Apertura",Lunes 4 de Noviembre de 2019\nTemporada 2019-2020\nTorneo Apertura\nJornada 18\n4 Noviembre 2019 - 19:00 hrs.,https://www.ligafemenil.mx/cancha/estadio/48/estadio-caliente,https://www.ligafemenil.mx/cancha/playlist/99128/tijuana-vs-rayados-de-monterrey
2019-2020,"Apertura",Viernes 8 de Noviembre de 2019\nTemporada 2019-2020\nTorneo Apertura\nJornada 19\n8 Noviembre 2019 - 12:00 hrs.,https://www.ligafemenil.mx/cancha/estadio/109/estadio-colomos,https://www.ligafemenil.mx/cancha/playlist/99134/atlas-vs-leon
2019-2020,"Apertura",Viernes 8 de Noviembre de 2019\nTemporada 2019-2020\nTorneo Apertura\nJornada 19\n8 Noviembre 2019 - 15:45 hrs.,https://www.ligafemenil.mx/cancha/estadio/30/estadio-10-de-diciembre,https://www.ligafemenil.mx/cancha/playlist/99131/cruz-azul-vs-tijuana
2019-2020,"Apertura",Viernes 8 de Noviembre de 2019\nTemporada 2019-2020\nTorneo Apertura\nJornada 19\n8 Noviembre 2019 - 16:00 hrs.,https://www.ligafemenil.mx/cancha/estadio/25/estadio-la-corregidora,https://www.ligafemenil.mx/cancha/playlist/99132/queretaro-vs-tigres-de-la-uanl
2019-2020,"Apertura",Viernes 8 de Noviembre de 2019\nTemporada 2019-2020\nTorneo Apertura\nJornada 19\n8 Noviembre 2019 - 16:00 hrs.,https://www.ligafemenil.mx/cancha/estadio/15/estadio-victoria,https://www.ligafemenil.mx/cancha/playlist/99133/necaxa-vs-club-atletico-de-san-luis
2019-2020,"Apertura",Viernes 8 de Noviembre de 2019\nTemporada 2019-2020\nTorneo Apertura\nJornada 19\n8 Noviembre 2019 - 19:00 hrs.,https://www.ligafemenil.mx/cancha/estadio/17/estadio-olimpico-benito-juarez,https://www.ligafemenil.mx/cancha/playlist/99139/fc-juarez-vs-america
2019-2020,"Apertura",Lunes 11 de Noviembre de 2019\nTemporada 2019-2020\nTorneo Apertura\nJornada 19\n11 Noviembre 2019 - 16:00 hrs.,https://www.ligafemenil.mx/cancha/estadio/10/estadio-jose-maria-morelos-y-pavon,https://www.ligafemenil.mx/cancha/playlist/99136/m-morelia-vs-veracruz
2019-2020,"Apertura",Lunes 11 de Noviembre de 2019\nTemporada 2019-2020\nTorneo Apertura\nJornada 19\n11 Noviembre 2019 - 19:00 hrs.,https://www.ligafemenil.mx/cancha/estadio/11/estadio-hidalgo,https://www.ligafemenil.mx/cancha/playlist/99137/pachuca-vs-guadalajara
2019-2020,"Apertura",Lunes 11 de Noviembre de 2019\nTemporada 2019-2020\nTorneo Apertura\nJornada 19\n11 Noviembre 2019 - 19:00 hrs.,https://www.ligafemenil.mx/cancha/estadio/6/estadio-nemesio-diez,https://www.ligafemenil.mx/cancha/playlist/99135/toluca-vs-santos-laguna
2019-2020,"Apertura",Lunes 11 de Noviembre de 2019\nTemporada 2019-2020\nTorneo Apertura\nJornada 19\n11 Noviembre 2019 - 21:00 hrs.,https://www.ligafemenil.mx/cancha/estadio/1608/estadio-bbva,https://www.ligafemenil.mx/cancha/playlist/99138/rayados-de-monterrey-vs-pumas
2019-2020,"Apertura",Jueves 14 de Noviembre de 2019\nTemporada 2019-2020\nTorneo Apertura\nCuartos Ida\n14 Noviembre 2019 - 15:45 hrs.,https://www.ligafemenil.mx/cancha/estadio/5/estadio-jalisco,https://www.ligafemenil.mx/cancha/playlist/101302/atlas-vs-rayados-de-monterrey
2019-2020,"Apertura",Jueves 14 de Noviembre de 2019\nTemporada 2019-2020\nTorneo Apertura\nCuartos Ida\n14 Noviembre 2019 - 19:00 hrs.,https://www.ligafemenil.mx/cancha/estadio/48/estadio-caliente,https://www.ligafemenil.mx/cancha/playlist/101303/tijuana-vs-tigres-de-la-uanl
2019-2020,"Apertura",Viernes 15 de Noviembre de 2019\nTemporada 2019-2020\nTorneo Apertura\nCuartos Ida\n15 Noviembre 2019 - 17:00 hrs.,https://www.ligafemenil.mx/cancha/estadio/6/estadio-nemesio-diez,https://www.ligafemenil.mx/cancha/playlist/101304/toluca-vs-pachuca
2019-2020,"Apertura",Viernes 15 de Noviembre de 2019\nTemporada 2019-2020\nTorneo Apertura\nCuartos Ida\n15 Noviembre 2019 - 21:06 hrs.,https://www.ligafemenil.mx/cancha/estadio/1538/estadio-akron,https://www.ligafemenil.mx/cancha/playlist/101305/guadalajara-vs-america
2019-2020,"Apertura",Domingo 17 de Noviembre de 2019\nTemporada 2019-2020\nTorneo Apertura\nCuartos Vuelta\n17 Noviembre 2019 - 19:00 hrs.,https://www.ligafemenil.mx/cancha/estadio/12/estadio-universitario,https://www.ligafemenil.mx/cancha/playlist/101307/tigres-de-la-uanl-vs-tijuana
2019-2020,"Apertura",Lunes 18 de Noviembre de 2019\nTemporada 2019-2020\nTorneo Apertura\nCuartos Vuelta\n18 Noviembre 2019 - 15:45 hrs.,https://www.ligafemenil.mx/cancha/estadio/1421/estadio-cancha-centenario-no-5-natural-instalaciones-club-america,https://www.ligafemenil.mx/cancha/playlist/101309/america-vs-guadalajara
2019-2020,"Apertura",Lunes 18 de Noviembre de 2019\nTemporada 2019-2020\nTorneo Apertura\nCuartos Vuelta\n18 Noviembre 2019 - 19:00 hrs.,https://www.ligafemenil.mx/cancha/estadio/793/estadio-bbva-bancomer,https://www.ligafemenil.mx/cancha/playlist/101306/rayados-de-monterrey-vs-atlas
2019-2020,"Apertura",Lunes 18 de Noviembre de 2019\nTemporada 2019-2020\nTorneo Apertura\nCuartos Vuelta\n18 Noviembre 2019 - 21:00 hrs.,https://www.ligafemenil.mx/cancha/estadio/11/estadio-hidalgo,https://www.ligafemenil.mx/cancha/playlist/101308/pachuca-vs-toluca
2019-2020,"Apertura",Jueves 21 de Noviembre de 2019\nTemporada 2019-2020\nTorneo Apertura\nSemifinal Ida\n21 Noviembre 2019 - 19:00 hrs.,https://www.ligafemenil.mx/cancha/estadio/11/estadio-hidalgo,https://www.ligafemenil.mx/cancha/playlist/101315/pachuca-vs-tigres-de-la-uanl
2019-2020,"Apertura",Viernes 22 de Noviembre de 2019\nTemporada 2019-2020\nTorneo Apertura\nSemifinal Ida\n22 Noviembre 2019 - 15:45 hrs.,https://www.ligafemenil.mx/cancha/estadio/1421/estadio-cancha-centenario-no-5-natural-instalaciones-club-america,https://www.ligafemenil.mx/cancha/playlist/101314/america-vs-rayados-de-monterrey
2019-2020,"Apertura",Domingo 24 de Noviembre de 2019\nTemporada 2019-2020\nTorneo Apertura\nSemifinal Vuelta\n24 Noviembre 2019 - 17:00 hrs.,https://www.ligafemenil.mx/cancha/estadio/12/estadio-universitario,https://www.ligafemenil.mx/cancha/playlist/101317/tigres-de-la-uanl-vs-pachuca
2019-2020,"Apertura",Lunes 25 de Noviembre de 2019\nTemporada 2019-2020\nTorneo Apertura\nSemifinal Vuelta\n25 Noviembre 2019 - 20:00 hrs.,https://www.ligafemenil.mx/cancha/estadio/1608/estadio-bbva,https://www.ligafemenil.mx/cancha/playlist/101316/rayados-de-monterrey-vs-america
2019-2020,"Apertura",Viernes 29 de Noviembre de 2019\nTemporada 2019-2020\nTorneo Apertura\nFinal Ida\n29 Noviembre 2019 - 21:05 hrs.,https://www.ligafemenil.mx/cancha/estadio/12/estadio-universitario,https://www.ligafemenil.mx/cancha/playlist/101348/tigres-de-la-uanl-vs-rayados-de-monterrey
2019-2020,"Apertura",Sábado 7 de Diciembre de 2019\nTemporada 2019-2020\nTorneo Apertura\nFinal Vuelta\n7 Diciembre 2019 - 17:00 hrs.,https://www.ligafemenil.mx/cancha/estadio/1608/estadio-bbva,https://www.ligafemenil.mx/cancha/playlist/101349/rayados-de-monterrey-vs-tigres-de-la-uanl
2022-2023,"Clausura",Viernes 6 de Enero de 2023\nTemporada 2022-2023\nTorneo Clausura\nJornada 1\n6 Enero 2023 - 17:05 hrs.,https://www.ligafemenil.mx/cancha/estadio/1741/estadio-olimpico-alameda,https://www.ligafemenil.mx/cancha/playlist/130450/gallos-blancos-de-queretaro-vs-pachuca
2022-2023,"Clausura",Viernes 6 de Enero de 2023\nTemporada 2022-2023\nTorneo Clausura\nJornada 1\n6 Enero 2023 - 19:06 hrs.,https://www.ligafemenil.mx/cancha/estadio/1538/estadio-akron,https://www.ligafemenil.mx/cancha/playlist/130451/guadalajara-vs-pumas
2022-2023,"Clausura",Sábado 7 de Enero de 2023\nTemporada 2022-2023\nTorneo Clausura\nJornada 1\n7 Enero 2023 - 12:00 hrs.,https://www.ligafemenil.mx/cancha/estadio/877/estadio-instalaciones-la-noria,https://www.ligafemenil.mx/cancha/playlist/130452/cruz-azul-vs-america
2022-2023,"Clausura",Domingo 8 de Enero de 2023\nTemporada 2022-2023\nTorneo Clausura\nJornada 1\n8 Enero 2023 - 12:00 hrs.,https://www.ligafemenil.mx/cancha/estadio/9/estadio-cuauhtemoc,https://www.ligafemenil.mx/cancha/playlist/130455/puebla-fc-vs-rayados-de-monterrey
2022-2023,"Clausura",Domingo 8 de Enero de 2023\nTemporada 2022-2023\nTorneo Clausura\nJornada 1\n8 Enero 2023 - 16:00 hrs.,https://www.ligafemenil.mx/cancha/estadio/17/estadio-olimpico-benito-juarez,https://www.ligafemenil.mx/cancha/playlist/130457/fc-juarez-vs-mazatlan-fc
2022-2023,"Clausura",Lunes 9 de Enero de 2023\nTemporada 2022-2023\nTorneo Clausura\nJornada 1\n9 Enero 2023 - 17:00 hrs.,https://www.ligafemenil.mx/cancha/estadio/6/estadio-nemesio-diez,https://www.ligafemenil.mx/cancha/playlist/130460/toluca-vs-tijuana
2022-2023,"Clausura",Lunes 9 de Enero de 2023\nTemporada 2022-2023\nTorneo Clausura\nJornada 1\n9 Enero 2023 - 17:05 hrs.,https://www.ligafemenil.mx/cancha/estadio/23/estadio-nou-camp,https://www.ligafemenil.mx/cancha/playlist/130462/leon-vs-necaxa
2022-2023,"Clausura",Lunes 9 de Enero de 2023\nTemporada 2022-2023\nTorneo Clausura\nJornada 1\n9 Enero 2023 - 19:00 hrs.,https://www.ligafemenil.mx/cancha/estadio/12/estadio-universitario,https://www.ligafemenil.mx/cancha/playlist/130465/tigres-de-la-uanl-vs-atlas
2022-2023,"Clausura",Lunes 9 de Enero de 2023\nTemporada 2022-2023\nTorneo Clausura\nJornada 1\n9 Enero 2023 - 19:06 hrs.,https://www.ligafemenil.mx/cancha/estadio/63/estadio-tsm-corona,https://www.ligafemenil.mx/cancha/playlist/130469/santos-laguna-vs-club-atletico-de-san-luis
2022-2023,"Clausura",Viernes 13 de Enero de 2023\nTemporada 2022-2023\nTorneo Clausura\nJornada 2\n13 Enero 2023 - 17:05 hrs.,https://www.ligafemenil.mx/cancha/estadio/1741/estadio-olimpico-alameda,https://www.ligafemenil.mx/cancha/playlist/130493/gallos-blancos-de-queretaro-vs-fc-juarez
2022-2023,"Clausura",Sábado 14 de Enero de 2023\nTemporada 2022-2023\nTorneo Clausura\nJornada 2\n14 Enero 2023 - 12:00 hrs.,https://www.ligafemenil.mx/cancha/estadio/7/estadio-olimpico-universitario,https://www.ligafemenil.mx/cancha/playlist/130495/pumas-vs-tigres-de-la-uanl
2022-2023,"Clausura",Domingo 15 de Enero de 2023\nTemporada 2022-2023\nTorneo Clausura\nJornada 2\n15 Enero 2023 - 17:00 hrs.,https://www.ligafemenil.mx/cancha/estadio/14/estadio-alfonso-lastras-ramirez,https://www.ligafemenil.mx/cancha/playlist/130505/club-atletico-de-san-luis-vs-leon
2022-2023,"Clausura",Domingo 15 de Enero de 2023\nTemporada 2022-2023\nTorneo Clausura\nJornada 2\n15 Enero 2023 - 19:00 hrs.,https://www.ligafemenil.mx/cancha/estadio/48/estadio-caliente,https://www.ligafemenil.mx/cancha/playlist/130508/tijuana-vs-cruz-azul
2022-2023,"Clausura",Lunes 16 de Enero de 2023\nTemporada 2022-2023\nTorneo Clausura\nJornada 2\n16 Enero 2023 - 17:00 hrs.,https://www.ligafemenil.mx/cancha/estadio/15/estadio-victoria,https://www.ligafemenil.mx/cancha/playlist/130509/necaxa-vs-guadalajara
2022-2023,"Clausura",Lunes 16 de Enero de 2023\nTemporada 2022-2023\nTorneo Clausura\nJornada 2\n16 Enero 2023 - 17:05 hrs.,https://www.ligafemenil.mx/cancha/estadio/11/estadio-hidalgo,https://www.ligafemenil.mx/cancha/playlist/130510/pachuca-vs-toluca
2022-2023,"Clausura",Lunes 16 de Enero de 2023\nTemporada 2022-2023\nTorneo Clausura\nJornada 2\n16 Enero 2023 - 19:00 hrs.,https://www.ligafemenil.mx/cancha/estadio/1/estadio-azteca,https://www.ligafemenil.mx/cancha/playlist/130512/america-vs-puebla-fc
2022-2023,"Clausura",Lunes 16 de Enero de 2023\nTemporada 2022-2023\nTorneo Clausura\nJornada 2\n16 Enero 2023 - 19:06 hrs.,https://www.ligafemenil.mx/cancha/estadio/1608/estadio-bbva,https://www.ligafemenil.mx/cancha/playlist/130514/rayados-de-monterrey-vs-santos-laguna
2022-2023,"Clausura",Lunes 16 de Enero de 2023\nTemporada 2022-2023\nTorneo Clausura\nJornada 2\n16 Enero 2023 - 20:00 hrs.,https://www.ligafemenil.mx/cancha/estadio/1697/estadio-mazatlan,https://www.ligafemenil.mx/cancha/playlist/130515/mazatlan-fc-vs-atlas
2022-2023,"Clausura",Viernes 20 de Enero de 2023\nTemporada 2022-2023\nTorneo Clausura\nJornada 3\n20 Enero 2023 - 16:05 hrs.,https://www.ligafemenil.mx/cancha/estadio/17/estadio-olimpico-benito-juarez,https://www.ligafemenil.mx/cancha/playlist/130521/fc-juarez-vs-pachuca
2022-2023,"Clausura",Viernes 20 de Enero de 2023\nTemporada 2022-2023\nTorneo Clausura\nJornada 3\n20 Enero 2023 - 19:06 hrs.,https://www.ligafemenil.mx/cancha/estadio/5/estadio-jalisco,https://www.ligafemenil.mx/cancha/playlist/130526/atlas-vs-necaxa
2022-2023,"Clausura",Sábado 21 de Enero de 2023\nTemporada 2022-2023\nTorneo Clausura\nJornada 3\n21 Enero 2023 - 12:00 hrs.,https://www.ligafemenil.mx/cancha/estadio/877/estadio-instalaciones-la-noria,https://www.ligafemenil.mx/cancha/playlist/130528/cruz-azul-vs-club-atletico-de-san-luis
2022-2023,"Clausura",Domingo 22 de Enero de 2023\nTemporada 2022-2023\nTorneo Clausura\nJornada 3\n22 Enero 2023 - 17:00 hrs.,https://www.ligafemenil.mx/cancha/estadio/1/estadio-azteca,https://www.ligafemenil.mx/cancha/playlist/130529/america-vs-tijuana
2022-2023,"Clausura",Lunes 23 de Enero de 2023\nTemporada 2022-2023\nTorneo Clausura\nJornada 3\n23 Enero 2023 - 17:00 hrs.,https://www.ligafemenil.mx/cancha/estadio/6/estadio-nemesio-diez,https://www.ligafemenil.mx/cancha/playlist/130530/toluca-vs-gallos-blancos-de-queretaro
2022-2023,"Clausura",Lunes 23 de Enero de 2023\nTemporada 2022-2023\nTorneo Clausura\nJornada 3\n23 Enero 2023 - 17:05 hrs.,https://www.ligafemenil.mx/cancha/estadio/23/estadio-nou-camp,https://www.ligafemenil.mx/cancha/playlist/130531/leon-vs-pumas
2022-2023,"Clausura",Lunes 23 de Enero de 2023\nTemporada 2022-2023\nTorneo Clausura\nJornada 3\n23 Enero 2023 - 19:06 hrs.,https://www.ligafemenil.mx/cancha/estadio/1608/estadio-bbva,https://www.ligafemenil.mx/cancha/playlist/130533/rayados-de-monterrey-vs-mazatlan-fc
2022-2023,"Clausura",Lunes 23 de Enero de 2023\nTemporada 2022-2023\nTorneo Clausura\nJornada 3\n23 Enero 2023 - 21:06 hrs.,https://www.ligafemenil.mx/cancha/estadio/63/estadio-tsm-corona,https://www.ligafemenil.mx/cancha/playlist/130536/santos-laguna-vs-guadalajara
2022-2023,"Clausura",Martes 24 de Enero de 2023\nTemporada 2022-2023\nTorneo Clausura\nJornada 3\n24 Enero 2023 - 15:45 hrs.,https://www.ligafemenil.mx/cancha/estadio/9/estadio-cuauhtemoc,https://www.ligafemenil.mx/cancha/playlist/130539/puebla-fc-vs-tigres-de-la-uanl
2022-2023,"Clausura",Viernes 27 de Enero de 2023\nTemporada 2022-2023\nTorneo Clausura\nJornada 4\n27 Enero 2023 - 19:05 hrs.,https://www.ligafemenil.mx/cancha/estadio/1741/estadio-olimpico-alameda,https://www.ligafemenil.mx/cancha/playlist/130556/gallos-blancos-de-queretaro-vs-santos-laguna
2022-2023,"Clausura",Sábado 28 de Enero de 2023\nTemporada 2022-2023\nTorneo Clausura\nJornada 4\n28 Enero 2023 - 12:00 hrs.,https://www.ligafemenil.mx/cancha/estadio/7/estadio-olimpico-universitario,https://www.ligafemenil.mx/cancha/playlist/130559/pumas-vs-pachuca
2022-2023,"Clausura",Sábado 28 de Enero de 2023\nTemporada 2022-2023\nTorneo Clausura\nJornada 4\n28 Enero 2023 - 17:05 hrs.,https://www.ligafemenil.mx/cancha/estadio/23/estadio-nou-camp,https://www.ligafemenil.mx/cancha/playlist/130564/leon-vs-rayados-de-monterrey
2022-2023,"Clausura",Domingo 29 de Enero de 2023\nTemporada 2022-2023\nTorneo Clausura\nJornada 4\n29 Enero 2023 - 17:00 hrs.,https://www.ligafemenil.mx/cancha/estadio/14/estadio-alfonso-lastras-ramirez,https://www.ligafemenil.mx/cancha/playlist/130569/club-atletico-de-san-luis-vs-atlas
2022-2023,"Clausura",Domingo 29 de Enero de 2023\nTemporada 2022-2023\nTorneo Clausura\nJornada 4\n29 Enero 2023 - 19:10 hrs.,https://www.ligafemenil.mx/cancha/estadio/48/estadio-caliente,https://www.ligafemenil.mx/cancha/playlist/130574/tijuana-vs-puebla-fc
2022-2023,"Clausura",Lunes 30 de Enero de 2023\nTemporada 2022-2023\nTorneo Clausura\nJornada 4\n30 Enero 2023 - 17:00 hrs.,https://www.ligafemenil.mx/cancha/estadio/15/estadio-victoria,https://www.ligafemenil.mx/cancha/playlist/130577/necaxa-vs-america
2022-2023,"Clausura",Lunes 30 de Enero de 2023\nTemporada 2022-2023\nTorneo Clausura\nJornada 4\n30 Enero 2023 - 19:00 hrs.,https://www.ligafemenil.mx/cancha/estadio/12/estadio-universitario,https://www.ligafemenil.mx/cancha/playlist/130579/tigres-de-la-uanl-vs-toluca
2022-2023,"Clausura",Lunes 30 de Enero de 2023\nTemporada 2022-2023\nTorneo Clausura\nJornada 4\n30 Enero 2023 - 20:00 hrs.,https://www.ligafemenil.mx/cancha/estadio/1697/estadio-mazatlan,https://www.ligafemenil.mx/cancha/playlist/130588/mazatlan-fc-vs-cruz-azul
2022-2023,"Clausura",Lunes 30 de Enero de 2023\nTemporada 2022-2023\nTorneo Clausura\nJornada 4\n30 Enero 2023 - 21:05 hrs.,https://www.ligafemenil.mx/cancha/estadio/1538/estadio-akron,https://www.ligafemenil.mx/cancha/playlist/130585/guadalajara-vs-fc-juarez
2022-2023,"Clausura",Viernes 3 de Febrero de 2023\nTemporada 2022-2023\nTorneo Clausura\nJornada 5\n3 Febrero 2023 - 17:00 hrs.,https://www.ligafemenil.mx/cancha/estadio/6/estadio-nemesio-diez,https://www.ligafemenil.mx/cancha/playlist/130594/toluca-vs-guadalajara
2022-2023,"Clausura",Viernes 3 de Febrero de 2023\nTemporada 2022-2023\nTorneo Clausura\nJornada 5\n3 Febrero 2023 - 19:05 hrs.,https://www.ligafemenil.mx/cancha/estadio/5/estadio-jalisco,https://www.ligafemenil.mx/cancha/playlist/130597/atlas-vs-fc-juarez
2022-2023,"Clausura",Sábado 4 de Febrero de 2023\nTemporada 2022-2023\nTorneo Clausura\nJornada 5\n4 Febrero 2023 - 12:00 hrs.,https://www.ligafemenil.mx/cancha/estadio/877/estadio-instalaciones-la-noria,https://www.ligafemenil.mx/cancha/playlist/130600/cruz-azul-vs-pumas
2022-2023,"Clausura",Domingo 5 de Febrero de 2023\nTemporada 2022-2023\nTorneo Clausura\nJornada 5\n5 Febrero 2023 - 12:00 hrs.,https://www.ligafemenil.mx/cancha/estadio/9/estadio-cuauhtemoc,https://www.ligafemenil.mx/cancha/playlist/130606/puebla-fc-vs-necaxa
2022-2023,"Clausura",Domingo 5 de Febrero de 2023\nTemporada 2022-2023\nTorneo Clausura\nJornada 5\n5 Febrero 2023 - 19:10 hrs.,https://www.ligafemenil.mx/cancha/estadio/48/estadio-caliente,https://www.ligafemenil.mx/cancha/playlist/130610/tijuana-vs-mazatlan-fc
2022-2023,"Clausura",Lunes 6 de Febrero de 2023\nTemporada 2022-2023\nTorneo Clausura\nJornada 5\n6 Febrero 2023 - 15:45 hrs.,https://www.ligafemenil.mx/cancha/estadio/1421/estadio-cancha-centenario-no-5-natural-instalaciones-club-america,https://www.ligafemenil.mx/cancha/playlist/130612/america-vs-leon
2022-2023,"Clausura",Lunes 6 de Febrero de 2023\nTemporada 2022-2023\nTorneo Clausura\nJornada 5\n6 Febrero 2023 - 19:00 hrs.,https://www.ligafemenil.mx/cancha/estadio/12/estadio-universitario,https://www.ligafemenil.mx/cancha/playlist/130617/tigres-de-la-uanl-vs-club-atletico-de-san-luis
2022-2023,"Clausura",Lunes 6 de Febrero de 2023\nTemporada 2022-2023\nTorneo Clausura\nJornada 5\n6 Febrero 2023 - 19:05 hrs.,https://www.ligafemenil.mx/cancha/estadio/11/estadio-hidalgo,https://www.ligafemenil.mx/cancha/playlist/130614/pachuca-vs-santos-laguna
2022-2023,"Clausura",Lunes 6 de Febrero de 2023\nTemporada 2022-2023\nTorneo Clausura\nJornada 5\n6 Febrero 2023 - 21:10 hrs.,https://www.ligafemenil.mx/cancha/estadio/793/estadio-bbva-bancomer,https://www.ligafemenil.mx/cancha/playlist/130620/rayados-de-monterrey-vs-gallos-blancos-de-queretaro
2022-2023,"Clausura",Jueves 9 de Febrero de 2023\nTemporada 2022-2023\nTorneo Clausura\nJornada 6\n9 Febrero 2023 - 17:00 hrs.,https://www.ligafemenil.mx/cancha/estadio/15/estadio-victoria,https://www.ligafemenil.mx/cancha/playlist/130650/necaxa-vs-gallos-blancos-de-queretaro
2022-2023,"Clausura",Jueves 9 de Febrero de 2023\nTemporada 2022-2023\nTorneo Clausura\nJornada 6\n9 Febrero 2023 - 17:05 hrs.,https://www.ligafemenil.mx/cancha/estadio/63/estadio-tsm-corona,https://www.ligafemenil.mx/cancha/playlist/130652/santos-laguna-vs-america
2022-2023,"Clausura",Jueves 9 de Febrero de 2023\nTemporada 2022-2023\nTorneo Clausura\nJornada 6\n9 Febrero 2023 - 19:00 hrs.,https://www.ligafemenil.mx/cancha/estadio/6/estadio-nemesio-diez,https://www.ligafemenil.mx/cancha/playlist/130655/toluca-vs-atlas
2022-2023,"Clausura",Viernes 10 de Febrero de 2023\nTemporada 2022-2023\nTorneo Clausura\nJornada 6\n10 Febrero 2023 - 15:45 hrs.,https://www.ligafemenil.mx/cancha/estadio/877/estadio-instalaciones-la-noria,https://www.ligafemenil.mx/cancha/playlist/130664/cruz-azul-vs-rayados-de-monterrey
2022-2023,"Clausura",Viernes 10 de Febrero de 2023\nTemporada 2022-2023\nTorneo Clausura\nJornada 6\n10 Febrero 2023 - 15:45 hrs.,https://www.ligafemenil.mx/cancha/estadio/1554/estadio-verde-valle-2,https://www.ligafemenil.mx/cancha/playlist/130670/guadalajara-vs-puebla-fc
2022-2023,"Clausura",Viernes 10 de Febrero de 2023\nTemporada 2022-2023\nTorneo Clausura\nJornada 6\n10 Febrero 2023 - 17:00 hrs.,https://www.ligafemenil.mx/cancha/estadio/14/estadio-alfonso-lastras-ramirez,https://www.ligafemenil.mx/cancha/playlist/130666/club-atletico-de-san-luis-vs-mazatlan-fc
2022-2023,"Clausura",Viernes 10 de Febrero de 2023\nTemporada 2022-2023\nTorneo Clausura\nJornada 6\n10 Febrero 2023 - 17:05 hrs.,https://www.ligafemenil.mx/cancha/estadio/23/estadio-nou-camp,https://www.ligafemenil.mx/cancha/playlist/130659/leon-vs-pachuca
2022-2023,"Clausura",Viernes 10 de Febrero de 2023\nTemporada 2022-2023\nTorneo Clausura\nJornada 6\n10 Febrero 2023 - 18:06 hrs.,https://www.ligafemenil.mx/cancha/estadio/17/estadio-olimpico-benito-juarez,https://www.ligafemenil.mx/cancha/playlist/130669/fc-juarez-vs-tigres-de-la-uanl
2022-2023,"Clausura",Sábado 11 de Febrero de 2023\nTemporada 2022-2023\nTorneo Clausura\nJornada 6\n11 Febrero 2023 - 12:00 hrs.,https://www.ligafemenil.mx/cancha/estadio/7/estadio-olimpico-universitario,https://www.ligafemenil.mx/cancha/playlist/130672/pumas-vs-tijuana
2022-2023,"Clausura",Jueves 23 de Febrero de 2023\nTemporada 2022-2023\nTorneo Clausura\nJornada 7\n23 Febrero 2023 - 15:45 hrs.,https://www.ligafemenil.mx/cancha/estadio/1421/estadio-cancha-centenario-no-5-natural-instalaciones-club-america,https://www.ligafemenil.mx/cancha/playlist/130703/america-vs-club-atletico-de-san-luis
2022-2023,"Clausura",Viernes 24 de Febrero de 2023\nTemporada 2022-2023\nTorneo Clausura\nJornada 7\n24 Febrero 2023 - 17:05 hrs.,https://www.ligafemenil.mx/cancha/estadio/1741/estadio-olimpico-alameda,https://www.ligafemenil.mx/cancha/playlist/130677/gallos-blancos-de-queretaro-vs-leon
2022-2023,"Clausura",Viernes 24 de Febrero de 2023\nTemporada 2022-2023\nTorneo Clausura\nJornada 7\n24 Febrero 2023 - 19:06 hrs.,https://www.ligafemenil.mx/cancha/estadio/48/estadio-caliente,https://www.ligafemenil.mx/cancha/playlist/130682/tijuana-vs-fc-juarez
2022-2023,"Clausura",Sábado 25 de Febrero de 2023\nTemporada 2022-2023\nTorneo Clausura\nJornada 7\n25 Febrero 2023 - 12:00 hrs.,https://www.ligafemenil.mx/cancha/estadio/7/estadio-olimpico-universitario,https://www.ligafemenil.mx/cancha/playlist/130687/pumas-vs-santos-laguna
2022-2023,"Clausura",Domingo 26 de Febrero de 2023\nTemporada 2022-2023\nTorneo Clausura\nJornada 7\n26 Febrero 2023 - 12:00 hrs.,https://www.ligafemenil.mx/cancha/estadio/9/estadio-cuauhtemoc,https://www.ligafemenil.mx/cancha/playlist/130692/puebla-fc-vs-toluca
2022-2023,"Clausura",Domingo 26 de Febrero de 2023\nTemporada 2022-2023\nTorneo Clausura\nJornada 7\n26 Febrero 2023 - 17:00 hrs.,https://www.ligafemenil.mx/cancha/estadio/5/estadio-jalisco,https://www.ligafemenil.mx/cancha/playlist/130695/atlas-vs-cruz-azul
2022-2023,"Clausura",Lunes 27 de Febrero de 2023\nTemporada 2022-2023\nTorneo Clausura\nJornada 7\n27 Febrero 2023 - 17:05 hrs.,https://www.ligafemenil.mx/cancha/estadio/1608/estadio-bbva,https://www.ligafemenil.mx/cancha/playlist/130699/rayados-de-monterrey-vs-necaxa
2022-2023,"Clausura",Lunes 27 de Febrero de 2023\nTemporada 2022-2023\nTorneo Clausura\nJornada 7\n27 Febrero 2023 - 18:00 hrs.,https://www.ligafemenil.mx/cancha/estadio/1697/estadio-mazatlan,https://www.ligafemenil.mx/cancha/playlist/130719/mazatlan-fc-vs-guadalajara
2022-2023,"Clausura",Lunes 27 de Febrero de 2023\nTemporada 2022-2023\nTorneo Clausura\nJornada 7\n27 Febrero 2023 - 19:06 hrs.,https://www.ligafemenil.mx/cancha/estadio/11/estadio-hidalgo,https://www.ligafemenil.mx/cancha/playlist/130715/pachuca-vs-tigres-de-la-uanl
2022-2023,"Clausura",Viernes 3 de Marzo de 2023\nTemporada 2022-2023\nTorneo Clausura\nJornada 8\n3 Marzo 2023 - 18:05 hrs.,https://www.ligafemenil.mx/cancha/estadio/17/estadio-olimpico-benito-juarez,https://www.ligafemenil.mx/cancha/playlist/130728/fc-juarez-vs-rayados-de-monterrey
2022-2023,"Clausura",Sábado 4 de Marzo de 2023\nTemporada 2022-2023\nTorneo Clausura\nJornada 8\n4 Marzo 2023 - 12:00 hrs.,https://www.ligafemenil.mx/cancha/estadio/877/estadio-instalaciones-la-noria,https://www.ligafemenil.mx/cancha/playlist/130730/cruz-azul-vs-gallos-blancos-de-queretaro
2022-2023,"Clausura",Domingo 5 de Marzo de 2023\nTemporada 2022-2023\nTorneo Clausura\nJornada 8\n5 Marzo 2023 - 12:00 hrs.,https://www.ligafemenil.mx/cancha/estadio/9/estadio-cuauhtemoc,https://www.ligafemenil.mx/cancha/playlist/130732/puebla-fc-vs-mazatlan-fc
2022-2023,"Clausura",Domingo 5 de Marzo de 2023\nTemporada 2022-2023\nTorneo Clausura\nJornada 8\n5 Marzo 2023 - 17:00 hrs.,https://www.ligafemenil.mx/cancha/estadio/14/estadio-alfonso-lastras-ramirez,https://www.ligafemenil.mx/cancha/playlist/130735/club-atletico-de-san-luis-vs-tijuana
2022-2023,"Clausura",Domingo 5 de Marzo de 2023\nTemporada 2022-2023\nTorneo Clausura\nJornada 8\n5 Marzo 2023 - 17:00 hrs.,https://www.ligafemenil.mx/cancha/estadio/1538/estadio-akron,https://www.ligafemenil.mx/cancha/playlist/130736/guadalajara-vs-atlas
2022-2023,"Clausura",Domingo 5 de Marzo de 2023\nTemporada 2022-2023\nTorneo Clausura\nJornada 8\n5 Marzo 2023 - 19:00 hrs.,https://www.ligafemenil.mx/cancha/estadio/12/estadio-universitario,https://www.ligafemenil.mx/cancha/playlist/130742/tigres-de-la-uanl-vs-leon
2022-2023,"Clausura",Lunes 6 de Marzo de 2023\nTemporada 2022-2023\nTorneo Clausura\nJornada 8\n6 Marzo 2023 - 17:00 hrs.,https://www.ligafemenil.mx/cancha/estadio/6/estadio-nemesio-diez,https://www.ligafemenil.mx/cancha/playlist/130737/toluca-vs-pumas
2022-2023,"Clausura",Lunes 6 de Marzo de 2023\nTemporada 2022-2023\nTorneo Clausura\nJornada 8\n6 Marzo 2023 - 19:05 hrs.,https://www.ligafemenil.mx/cancha/estadio/11/estadio-hidalgo,https://www.ligafemenil.mx/cancha/playlist/130739/pachuca-vs-america
2022-2023,"Clausura",Lunes 6 de Marzo de 2023\nTemporada 2022-2023\nTorneo Clausura\nJornada 8\n6 Marzo 2023 - 21:10 hrs.,https://www.ligafemenil.mx/cancha/estadio/63/estadio-tsm-corona,https://www.ligafemenil.mx/cancha/playlist/130744/santos-laguna-vs-necaxa
2022-2023,"Clausura",Viernes 10 de Marzo de 2023\nTemporada 2022-2023\nTorneo Clausura\nJornada 9\n10 Marzo 2023 - 17:05 hrs.,https://www.ligafemenil.mx/cancha/estadio/1741/estadio-olimpico-alameda,https://www.ligafemenil.mx/cancha/playlist/130748/gallos-blancos-de-queretaro-vs-guadalajara
2022-2023,"Clausura",Viernes 10 de Marzo de 2023\nTemporada 2022-2023\nTorneo Clausura\nJornada 9\n10 Marzo 2023 - 17:06 hrs.,https://www.ligafemenil.mx/cancha/estadio/48/estadio-caliente,https://www.ligafemenil.mx/cancha/playlist/130752/tijuana-vs-tigres-de-la-uanl
2022-2023,"Clausura",Sábado 11 de Marzo de 2023\nTemporada 2022-2023\nTorneo Clausura\nJornada 9\n11 Marzo 2023 - 12:00 hrs.,https://www.ligafemenil.mx/cancha/estadio/7/estadio-olimpico-universitario,https://www.ligafemenil.mx/cancha/playlist/130755/pumas-vs-puebla-fc
2022-2023,"Clausura",Domingo 12 de Marzo de 2023\nTemporada 2022-2023\nTorneo Clausura\nJornada 9\n12 Marzo 2023 - 17:00 hrs.,https://www.ligafemenil.mx/cancha/estadio/14/estadio-alfonso-lastras-ramirez,https://www.ligafemenil.mx/cancha/playlist/130757/club-atletico-de-san-luis-vs-toluca
2022-2023,"Clausura",Lunes 13 de Marzo de 2023\nTemporada 2022-2023\nTorneo Clausura\nJornada 9\n13 Marzo 2023 - 17:00 hrs.,https://www.ligafemenil.mx/cancha/estadio/15/estadio-victoria,https://www.ligafemenil.mx/cancha/playlist/130760/necaxa-vs-cruz-azul
2022-2023,"Clausura",Lunes 13 de Marzo de 2023\nTemporada 2022-2023\nTorneo Clausura\nJornada 9\n13 Marzo 2023 - 19:00 hrs.,https://www.ligafemenil.mx/cancha/estadio/1/estadio-azteca,https://www.ligafemenil.mx/cancha/playlist/130762/america-vs-atlas
2022-2023,"Clausura",Lunes 13 de Marzo de 2023\nTemporada 2022-2023\nTorneo Clausura\nJornada 9\n13 Marzo 2023 - 18:00 hrs.,https://www.ligafemenil.mx/cancha/estadio/1697/estadio-mazatlan,https://www.ligafemenil.mx/cancha/playlist/130772/mazatlan-fc-vs-santos-laguna
2022-2023,"Clausura",Lunes 13 de Marzo de 2023\nTemporada 2022-2023\nTorneo Clausura\nJornada 9\n13 Marzo 2023 - 19:05 hrs.,https://www.ligafemenil.mx/cancha/estadio/23/estadio-nou-camp,https://www.ligafemenil.mx/cancha/playlist/130764/leon-vs-fc-juarez
2022-2023,"Clausura",Lunes 13 de Marzo de 2023\nTemporada 2022-2023\nTorneo Clausura\nJornada 9\n13 Marzo 2023 - 21:06 hrs.,https://www.ligafemenil.mx/cancha/estadio/793/estadio-bbva-bancomer,https://www.ligafemenil.mx/cancha/playlist/130768/rayados-de-monterrey-vs-pachuca
2022-2023,"Clausura",Viernes 17 de Marzo de 2023\nTemporada 2022-2023\nTorneo Clausura\nJornada 10\n17 Marzo 2023 - 17:00 hrs.,https://www.ligafemenil.mx/cancha/estadio/5/estadio-jalisco,https://www.ligafemenil.mx/cancha/playlist/130779/atlas-vs-pumas
2022-2023,"Clausura",Viernes 17 de Marzo de 2023\nTemporada 2022-2023\nTorneo Clausura\nJornada 10\n17 Marzo 2023 - 19:06 hrs.,https://www.ligafemenil.mx/cancha/estadio/17/estadio-olimpico-benito-juarez,https://www.ligafemenil.mx/cancha/playlist/130780/fc-juarez-vs-club-atletico-de-san-luis
2022-2023,"Clausura",Sábado 18 de Marzo de 2023\nTemporada 2022-2023\nTorneo Clausura\nJornada 10\n18 Marzo 2023 - 12:00 hrs.,https://www.ligafemenil.mx/cancha/estadio/877/estadio-instalaciones-la-noria,https://www.ligafemenil.mx/cancha/playlist/130781/cruz-azul-vs-leon
2022-2023,"Clausura",Domingo 19 de Marzo de 2023\nTemporada 2022-2023\nTorneo Clausura\nJornada 10\n19 Marzo 2023 - 12:00 hrs.,https://www.ligafemenil.mx/cancha/estadio/9/estadio-cuauhtemoc,https://www.ligafemenil.mx/cancha/playlist/130782/puebla-fc-vs-gallos-blancos-de-queretaro
2022-2023,"Clausura",Domingo 19 de Marzo de 2023\nTemporada 2022-2023\nTorneo Clausura\nJornada 10\n19 Marzo 2023 - 17:00 hrs.,https://www.ligafemenil.mx/cancha/estadio/1538/estadio-akron,https://www.ligafemenil.mx/cancha/playlist/130783/guadalajara-vs-rayados-de-monterrey
2022-2023,"Clausura",Lunes 20 de Marzo de 2023\nTemporada 2022-2023\nTorneo Clausura\nJornada 10\n20 Marzo 2023 - 17:00 hrs.,https://www.ligafemenil.mx/cancha/estadio/15/estadio-victoria,https://www.ligafemenil.mx/cancha/playlist/130785/necaxa-vs-tijuana
2022-2023,"Clausura",Lunes 20 de Marzo de 2023\nTemporada 2022-2023\nTorneo Clausura\nJornada 10\n20 Marzo 2023 - 17:05 hrs.,https://www.ligafemenil.mx/cancha/estadio/63/estadio-tsm-corona,https://www.ligafemenil.mx/cancha/playlist/130787/santos-laguna-vs-toluca
2022-2023,"Clausura",Lunes 20 de Marzo de 2023\nTemporada 2022-2023\nTorneo Clausura\nJornada 10\n20 Marzo 2023 - 19:00 hrs.,https://www.ligafemenil.mx/cancha/estadio/12/estadio-universitario,https://www.ligafemenil.mx/cancha/playlist/130790/tigres-de-la-uanl-vs-america
2022-2023,"Clausura",Lunes 20 de Marzo de 2023\nTemporada 2022-2023\nTorneo Clausura\nJornada 10\n20 Marzo 2023 - 19:06 hrs.,https://www.ligafemenil.mx/cancha/estadio/11/estadio-hidalgo,https://www.ligafemenil.mx/cancha/playlist/130793/pachuca-vs-mazatlan-fc
2022-2023,"Clausura",Viernes 24 de Marzo de 2023\nTemporada 2022-2023\nTorneo Clausura\nJornada 11\n24 Marzo 2023 - 19:00 hrs.,https://www.ligafemenil.mx/cancha/estadio/1/estadio-azteca,https://www.ligafemenil.mx/cancha/playlist/130801/america-vs-guadalajara
2022-2023,"Clausura",Viernes 24 de Marzo de 2023\nTemporada 2022-2023\nTorneo Clausura\nJornada 11\n24 Marzo 2023 - 21:05 hrs.,https://www.ligafemenil.mx/cancha/estadio/1741/estadio-olimpico-alameda,https://www.ligafemenil.mx/cancha/playlist/130797/gallos-blancos-de-queretaro-vs-pumas
2022-2023,"Clausura",Sábado 25 de Marzo de 2023\nTemporada 2022-2023\nTorneo Clausura\nJornada 11\n25 Marzo 2023 - 12:00 hrs.,https://www.ligafemenil.mx/cancha/estadio/877/estadio-instalaciones-la-noria,https://www.ligafemenil.mx/cancha/playlist/130799/cruz-azul-vs-fc-juarez
2022-2023,"Clausura",Sábado 25 de Marzo de 2023\nTemporada 2022-2023\nTorneo Clausura\nJornada 11\n25 Marzo 2023 - 17:00 hrs.,https://www.ligafemenil.mx/cancha/estadio/11/estadio-hidalgo,https://www.ligafemenil.mx/cancha/playlist/130800/pachuca-vs-tijuana
2022-2023,"Clausura",Sábado 25 de Marzo de 2023\nTemporada 2022-2023\nTorneo Clausura\nJornada 11\n25 Marzo 2023 - 21:00 hrs.,https://www.ligafemenil.mx/cancha/estadio/793/estadio-bbva-bancomer,https://www.ligafemenil.mx/cancha/playlist/130802/rayados-de-monterrey-vs-tigres-de-la-uanl
2022-2023,"Clausura",Domingo 26 de Marzo de 2023\nTemporada 2022-2023\nTorneo Clausura\nJornada 11\n26 Marzo 2023 - 12:00 hrs.,https://www.ligafemenil.mx/cancha/estadio/6/estadio-nemesio-diez,https://www.ligafemenil.mx/cancha/playlist/130803/toluca-vs-mazatlan-fc
2022-2023,"Clausura",Domingo 26 de Marzo de 2023\nTemporada 2022-2023\nTorneo Clausura\nJornada 11\n26 Marzo 2023 - 17:00 hrs.,https://www.ligafemenil.mx/cancha/estadio/14/estadio-alfonso-lastras-ramirez,https://www.ligafemenil.mx/cancha/playlist/130804/club-atletico-de-san-luis-vs-necaxa
2022-2023,"Clausura",Domingo 26 de Marzo de 2023\nTemporada 2022-2023\nTorneo Clausura\nJornada 11\n26 Marzo 2023 - 17:00 hrs.,https://www.ligafemenil.mx/cancha/estadio/63/estadio-tsm-corona,https://www.ligafemenil.mx/cancha/playlist/130805/santos-laguna-vs-atlas
2022-2023,"Clausura",Lunes 27 de Marzo de 2023\nTemporada 2022-2023\nTorneo Clausura\nJornada 11\n27 Marzo 2023 - 19:05 hrs.,https://www.ligafemenil.mx/cancha/estadio/23/estadio-nou-camp,https://www.ligafemenil.mx/cancha/playlist/130806/leon-vs-puebla-fc
2022-2023,"Clausura",Jueves 30 de Marzo de 2023\nTemporada 2022-2023\nTorneo Clausura\nJornada 12\n30 Marzo 2023 - 19:00 hrs.,https://www.ligafemenil.mx/cancha/estadio/12/estadio-universitario,https://www.ligafemenil.mx/cancha/playlist/130807/tigres-de-la-uanl-vs-cruz-azul
2022-2023,"Clausura",Jueves 30 de Marzo de 2023\nTemporada 2022-2023\nTorneo Clausura\nJornada 12\n30 Marzo 2023 - 21:05 hrs.,https://www.ligafemenil.mx/cancha/estadio/1538/estadio-akron,https://www.ligafemenil.mx/cancha/playlist/130808/guadalajara-vs-club-atletico-de-san-luis
2022-2023,"Clausura",Sábado 1 de Abril de 2023\nTemporada 2022-2023\nTorneo Clausura\nJornada 12\n1 Abril 2023 - 12:00 hrs.,https://www.ligafemenil.mx/cancha/estadio/7/estadio-olimpico-universitario,https://www.ligafemenil.mx/cancha/playlist/130810/pumas-vs-rayados-de-monterrey
2022-2023,"Clausura",Domingo 2 de Abril de 2023\nTemporada 2022-2023\nTorneo Clausura\nJornada 12\n2 Abril 2023 - 12:00 hrs.,https://www.ligafemenil.mx/cancha/estadio/9/estadio-cuauhtemoc,https://www.ligafemenil.mx/cancha/playlist/130811/puebla-fc-vs-pachuca
2022-2023,"Clausura",Domingo 2 de Abril de 2023\nTemporada 2022-2023\nTorneo Clausura\nJornada 12\n2 Abril 2023 - 17:00 hrs.,https://www.ligafemenil.mx/cancha/estadio/15/estadio-victoria,https://www.ligafemenil.mx/cancha/playlist/130812/necaxa-vs-toluca
2022-2023,"Clausura",Domingo 2 de Abril de 2023\nTemporada 2022-2023\nTorneo Clausura\nJornada 12\n2 Abril 2023 - 17:00 hrs.,https://www.ligafemenil.mx/cancha/estadio/5/estadio-jalisco,https://www.ligafemenil.mx/cancha/playlist/130813/atlas-vs-gallos-blancos-de-queretaro
2022-2023,"Clausura",Domingo 2 de Abril de 2023\nTemporada 2022-2023\nTorneo Clausura\nJornada 12\n2 Abril 2023 - 18:00 hrs.,https://www.ligafemenil.mx/cancha/estadio/1697/estadio-mazatlan,https://www.ligafemenil.mx/cancha/playlist/130814/mazatlan-fc-vs-leon
2022-2023,"Clausura",Domingo 2 de Abril de 2023\nTemporada 2022-2023\nTorneo Clausura\nJornada 12\n2 Abril 2023 - 21:10 hrs.,https://www.ligafemenil.mx/cancha/estadio/17/estadio-olimpico-benito-juarez,https://www.ligafemenil.mx/cancha/playlist/130815/fc-juarez-vs-america
2022-2023,"Clausura",Lunes 3 de Abril de 2023\nTemporada 2022-2023\nTorneo Clausura\nJornada 12\n3 Abril 2023 - 20:06 hrs.,https://www.ligafemenil.mx/cancha/estadio/48/estadio-caliente,https://www.ligafemenil.mx/cancha/playlist/130809/tijuana-vs-santos-laguna
2022-2023,"Clausura",Viernes 14 de Abril de 2023\nTemporada 2022-2023\nTorneo Clausura\nJornada 13\n14 Abril 2023 - 17:05 hrs.,https://www.ligafemenil.mx/cancha/estadio/1741/estadio-olimpico-alameda,https://www.ligafemenil.mx/cancha/playlist/130818/gallos-blancos-de-queretaro-vs-club-atletico-de-san-luis
2022-2023,"Clausura",Sábado 15 de Abril de 2023\nTemporada 2022-2023\nTorneo Clausura\nJornada 13\n15 Abril 2023 - 12:00 hrs.,https://www.ligafemenil.mx/cancha/estadio/7/estadio-olimpico-universitario,https://www.ligafemenil.mx/cancha/playlist/130820/pumas-vs-america
2022-2023,"Clausura",Domingo 16 de Abril de 2023\nTemporada 2022-2023\nTorneo Clausura\nJornada 13\n16 Abril 2023 - 12:00 hrs.,https://www.ligafemenil.mx/cancha/estadio/9/estadio-cuauhtemoc,https://www.ligafemenil.mx/cancha/playlist/130825/puebla-fc-vs-cruz-azul
2022-2023,"Clausura",Domingo 16 de Abril de 2023\nTemporada 2022-2023\nTorneo Clausura\nJornada 13\n16 Abril 2023 - 20:10 hrs.,https://www.ligafemenil.mx/cancha/estadio/48/estadio-caliente,https://www.ligafemenil.mx/cancha/playlist/130829/tijuana-vs-atlas
2022-2023,"Clausura",Lunes 17 de Abril de 2023\nTemporada 2022-2023\nTorneo Clausura\nJornada 13\n17 Abril 2023 - 17:00 hrs.,https://www.ligafemenil.mx/cancha/estadio/6/estadio-nemesio-diez,https://www.ligafemenil.mx/cancha/playlist/130830/toluca-vs-rayados-de-monterrey
2022-2023,"Clausura",Lunes 17 de Abril de 2023\nTemporada 2022-2023\nTorneo Clausura\nJornada 13\n17 Abril 2023 - 17:05 hrs.,https://www.ligafemenil.mx/cancha/estadio/1538/estadio-akron,https://www.ligafemenil.mx/cancha/playlist/130832/guadalajara-vs-leon
2022-2023,"Clausura",Lunes 17 de Abril de 2023\nTemporada 2022-2023\nTorneo Clausura\nJornada 13\n17 Abril 2023 - 19:00 hrs.,https://www.ligafemenil.mx/cancha/estadio/12/estadio-universitario,https://www.ligafemenil.mx/cancha/playlist/130837/tigres-de-la-uanl-vs-mazatlan-fc
2022-2023,"Clausura",Lunes 17 de Abril de 2023\nTemporada 2022-2023\nTorneo Clausura\nJornada 13\n17 Abril 2023 - 19:06 hrs.,https://www.ligafemenil.mx/cancha/estadio/11/estadio-hidalgo,https://www.ligafemenil.mx/cancha/playlist/130834/pachuca-vs-necaxa
2022-2023,"Clausura",Lunes 17 de Abril de 2023\nTemporada 2022-2023\nTorneo Clausura\nJornada 13\n17 Abril 2023 - 21:10 hrs.,https://www.ligafemenil.mx/cancha/estadio/63/estadio-tsm-corona,https://www.ligafemenil.mx/cancha/playlist/130840/santos-laguna-vs-fc-juarez
2022-2023,"Clausura",Sábado 22 de Abril de 2023\nTemporada 2022-2023\nTorneo Clausura\nJornada 14\n22 Abril 2023 - 12:00 hrs.,https://www.ligafemenil.mx/cancha/estadio/877/estadio-instalaciones-la-noria,https://www.ligafemenil.mx/cancha/playlist/130848/cruz-azul-vs-guadalajara
2022-2023,"Clausura",Domingo 23 de Abril de 2023\nTemporada 2022-2023\nTorneo Clausura\nJornada 14\n23 Abril 2023 - 17:00 hrs.,https://www.ligafemenil.mx/cancha/estadio/14/estadio-alfonso-lastras-ramirez,https://www.ligafemenil.mx/cancha/playlist/130849/club-atletico-de-san-luis-vs-puebla-fc
2022-2023,"Clausura",Domingo 23 de Abril de 2023\nTemporada 2022-2023\nTorneo Clausura\nJornada 14\n23 Abril 2023 - 17:00 hrs.,https://www.ligafemenil.mx/cancha/estadio/5/estadio-jalisco,https://www.ligafemenil.mx/cancha/playlist/130850/atlas-vs-pachuca
2022-2023,"Clausura",Domingo 23 de Abril de 2023\nTemporada 2022-2023\nTorneo Clausura\nJornada 14\n23 Abril 2023 - 19:06 hrs.,https://www.ligafemenil.mx/cancha/estadio/17/estadio-olimpico-benito-juarez,https://www.ligafemenil.mx/cancha/playlist/130845/fc-juarez-vs-toluca
2022-2023,"Clausura",Lunes 24 de Abril de 2023\nTemporada 2022-2023\nTorneo Clausura\nJornada 14\n24 Abril 2023 - 17:00 hrs.,https://www.ligafemenil.mx/cancha/estadio/15/estadio-victoria,https://www.ligafemenil.mx/cancha/playlist/130853/necaxa-vs-tigres-de-la-uanl
2022-2023,"Clausura",Lunes 24 de Abril de 2023\nTemporada 2022-2023\nTorneo Clausura\nJornada 14\n24 Abril 2023 - 19:00 hrs.,https://www.ligafemenil.mx/cancha/estadio/1/estadio-azteca,https://www.ligafemenil.mx/cancha/playlist/130858/america-vs-gallos-blancos-de-queretaro
2022-2023,"Clausura",Lunes 24 de Abril de 2023\nTemporada 2022-2023\nTorneo Clausura\nJornada 14\n24 Abril 2023 - 18:00 hrs.,https://www.ligafemenil.mx/cancha/estadio/1697/estadio-mazatlan,https://www.ligafemenil.mx/cancha/playlist/130864/mazatlan-fc-vs-pumas
2022-2023,"Clausura",Lunes 24 de Abril de 2023\nTemporada 2022-2023\nTorneo Clausura\nJornada 14\n24 Abril 2023 - 19:06 hrs.,https://www.ligafemenil.mx/cancha/estadio/23/estadio-nou-camp,https://www.ligafemenil.mx/cancha/playlist/130856/leon-vs-santos-laguna
2022-2023,"Clausura",Lunes 24 de Abril de 2023\nTemporada 2022-2023\nTorneo Clausura\nJornada 14\n24 Abril 2023 - 21:10 hrs.,https://www.ligafemenil.mx/cancha/estadio/1608/estadio-bbva,https://www.ligafemenil.mx/cancha/playlist/130862/rayados-de-monterrey-vs-tijuana
2022-2023,"Clausura",Viernes 28 de Abril de 2023\nTemporada 2022-2023\nTorneo Clausura\nJornada 15\n28 Abril 2023 - 17:05 hrs.,https://www.ligafemenil.mx/cancha/estadio/11/estadio-hidalgo,https://www.ligafemenil.mx/cancha/playlist/130869/pachuca-vs-club-atletico-de-san-luis
2022-2023,"Clausura",Viernes 28 de Abril de 2023\nTemporada 2022-2023\nTorneo Clausura\nJornada 15\n28 Abril 2023 - 19:00 hrs.,https://www.ligafemenil.mx/cancha/estadio/12/estadio-universitario,https://www.ligafemenil.mx/cancha/playlist/130872/tigres-de-la-uanl-vs-guadalajara
2022-2023,"Clausura",Domingo 30 de Abril de 2023\nTemporada 2022-2023\nTorneo Clausura\nJornada 15\n30 Abril 2023 - 12:00 hrs.,https://www.ligafemenil.mx/cancha/estadio/9/estadio-cuauhtemoc,https://www.ligafemenil.mx/cancha/playlist/130876/puebla-fc-vs-atlas
2022-2023,"Clausura",Domingo 30 de Abril de 2023\nTemporada 2022-2023\nTorneo Clausura\nJornada 15\n30 Abril 2023 - 20:10 hrs.,https://www.ligafemenil.mx/cancha/estadio/48/estadio-caliente,https://www.ligafemenil.mx/cancha/playlist/130874/tijuana-vs-gallos-blancos-de-queretaro
2022-2023,"Clausura",Lunes 1 de Mayo de 2023\nTemporada 2022-2023\nTorneo Clausura\nJornada 15\n1 Mayo 2023 - 17:00 hrs.,https://www.ligafemenil.mx/cancha/estadio/6/estadio-nemesio-diez,https://www.ligafemenil.mx/cancha/playlist/130878/toluca-vs-leon
2022-2023,"Clausura",Lunes 1 de Mayo de 2023\nTemporada 2022-2023\nTorneo Clausura\nJornada 15\n1 Mayo 2023 - 18:00 hrs.,https://www.ligafemenil.mx/cancha/estadio/1697/estadio-mazatlan,https://www.ligafemenil.mx/cancha/playlist/130881/mazatlan-fc-vs-necaxa
2022-2023,"Clausura",Lunes 1 de Mayo de 2023\nTemporada 2022-2023\nTorneo Clausura\nJornada 15\n1 Mayo 2023 - 19:06 hrs.,https://www.ligafemenil.mx/cancha/estadio/1608/estadio-bbva,https://www.ligafemenil.mx/cancha/playlist/130879/rayados-de-monterrey-vs-america
2022-2023,"Clausura",Lunes 1 de Mayo de 2023\nTemporada 2022-2023\nTorneo Clausura\nJornada 15\n1 Mayo 2023 - 21:06 hrs.,https://www.ligafemenil.mx/cancha/estadio/63/estadio-tsm-corona,https://www.ligafemenil.mx/cancha/playlist/130883/santos-laguna-vs-cruz-azul
2022-2023,"Clausura",Martes 2 de Mayo de 2023\nTemporada 2022-2023\nTorneo Clausura\nJornada 15\n2 Mayo 2023 - 19:00 hrs.,https://www.ligafemenil.mx/cancha/estadio/7/estadio-olimpico-universitario,https://www.ligafemenil.mx/cancha/playlist/130875/pumas-vs-fc-juarez
2022-2023,"Clausura",Viernes 5 de Mayo de 2023\nTemporada 2022-2023\nTorneo Clausura\nJornada 16\n5 Mayo 2023 - 15:45 hrs.,https://www.ligafemenil.mx/cancha/estadio/1421/estadio-cancha-centenario-no-5-natural-instalaciones-club-america,https://www.ligafemenil.mx/cancha/playlist/130888/america-vs-mazatlan-fc
2022-2023,"Clausura",Viernes 5 de Mayo de 2023\nTemporada 2022-2023\nTorneo Clausura\nJornada 16\n5 Mayo 2023 - 17:05 hrs.,https://www.ligafemenil.mx/cancha/estadio/25/estadio-la-corregidora,https://www.ligafemenil.mx/cancha/playlist/130887/gallos-blancos-de-queretaro-vs-tigres-de-la-uanl
2022-2023,"Clausura",Viernes 5 de Mayo de 2023\nTemporada 2022-2023\nTorneo Clausura\nJornada 16\n5 Mayo 2023 - 21:06 hrs.,https://www.ligafemenil.mx/cancha/estadio/5/estadio-jalisco,https://www.ligafemenil.mx/cancha/playlist/130890/atlas-vs-rayados-de-monterrey
2022-2023,"Clausura",Sábado 6 de Mayo de 2023\nTemporada 2022-2023\nTorneo Clausura\nJornada 16\n6 Mayo 2023 - 12:00 hrs.,https://www.ligafemenil.mx/cancha/estadio/877/estadio-instalaciones-la-noria,https://www.ligafemenil.mx/cancha/playlist/130892/cruz-azul-vs-toluca
2022-2023,"Clausura",Lunes 8 de Mayo de 2023\nTemporada 2022-2023\nTorneo Clausura\nJornada 16\n8 Mayo 2023 - 17:00 hrs.,https://www.ligafemenil.mx/cancha/estadio/14/estadio-alfonso-lastras-ramirez,https://www.ligafemenil.mx/cancha/playlist/130894/club-atletico-de-san-luis-vs-pumas
2022-2023,"Clausura",Lunes 8 de Mayo de 2023\nTemporada 2022-2023\nTorneo Clausura\nJornada 16\n8 Mayo 2023 - 17:00 hrs.,https://www.ligafemenil.mx/cancha/estadio/15/estadio-victoria,https://www.ligafemenil.mx/cancha/playlist/130897/necaxa-vs-fc-juarez
2022-2023,"Clausura",Lunes 8 de Mayo de 2023\nTemporada 2022-2023\nTorneo Clausura\nJornada 16\n8 Mayo 2023 - 17:05 hrs.,https://www.ligafemenil.mx/cancha/estadio/23/estadio-nou-camp,https://www.ligafemenil.mx/cancha/playlist/130900/leon-vs-tijuana
2022-2023,"Clausura",Lunes 8 de Mayo de 2023\nTemporada 2022-2023\nTorneo Clausura\nJornada 16\n8 Mayo 2023 - 19:06 hrs.,https://www.ligafemenil.mx/cancha/estadio/63/estadio-tsm-corona,https://www.ligafemenil.mx/cancha/playlist/130905/santos-laguna-vs-puebla-fc
2022-2023,"Clausura",Lunes 8 de Mayo de 2023\nTemporada 2022-2023\nTorneo Clausura\nJornada 16\n8 Mayo 2023 - 21:10 hrs.,https://www.ligafemenil.mx/cancha/estadio/1538/estadio-akron,https://www.ligafemenil.mx/cancha/playlist/130909/guadalajara-vs-pachuca
2022-2023,"Clausura",Viernes 12 de Mayo de 2023\nTemporada 2022-2023\nTorneo Clausura\nJornada 17\n12 Mayo 2023 - 17:00 hrs.,https://www.ligafemenil.mx/cancha/estadio/6/estadio-nemesio-diez,https://www.ligafemenil.mx/cancha/playlist/130914/toluca-vs-america
2022-2023,"Clausura",Viernes 12 de Mayo de 2023\nTemporada 2022-2023\nTorneo Clausura\nJornada 17\n12 Mayo 2023 - 17:05 hrs.,https://www.ligafemenil.mx/cancha/estadio/11/estadio-hidalgo,https://www.ligafemenil.mx/cancha/playlist/130916/pachuca-vs-cruz-azul
2022-2023,"Clausura",Viernes 12 de Mayo de 2023\nTemporada 2022-2023\nTorneo Clausura\nJornada 17\n12 Mayo 2023 - 19:00 hrs.,https://www.ligafemenil.mx/cancha/estadio/12/estadio-universitario,https://www.ligafemenil.mx/cancha/playlist/130920/tigres-de-la-uanl-vs-santos-laguna
2022-2023,"Clausura",Viernes 12 de Mayo de 2023\nTemporada 2022-2023\nTorneo Clausura\nJornada 17\n12 Mayo 2023 - 19:06 hrs.,https://www.ligafemenil.mx/cancha/estadio/17/estadio-olimpico-benito-juarez,https://www.ligafemenil.mx/cancha/playlist/130918/fc-juarez-vs-puebla-fc
2022-2023,"Clausura",Viernes 12 de Mayo de 2023\nTemporada 2022-2023\nTorneo Clausura\nJornada 17\n12 Mayo 2023 - 20:10 hrs.,https://www.ligafemenil.mx/cancha/estadio/48/estadio-caliente,https://www.ligafemenil.mx/cancha/playlist/130923/tijuana-vs-guadalajara
2022-2023,"Clausura",Sábado 13 de Mayo de 2023\nTemporada 2022-2023\nTorneo Clausura\nJornada 17\n13 Mayo 2023 - 12:00 hrs.,https://www.ligafemenil.mx/cancha/estadio/7/estadio-olimpico-universitario,https://www.ligafemenil.mx/cancha/playlist/130929/pumas-vs-necaxa
2022-2023,"Clausura",Lunes 15 de Mayo de 2023\nTemporada 2022-2023\nTorneo Clausura\nJornada 17\n15 Mayo 2023 - 18:00 hrs.,https://www.ligafemenil.mx/cancha/estadio/1697/estadio-mazatlan,https://www.ligafemenil.mx/cancha/playlist/130942/mazatlan-fc-vs-gallos-blancos-de-queretaro
2022-2023,"Clausura",Lunes 15 de Mayo de 2023\nTemporada 2022-2023\nTorneo Clausura\nJornada 17\n15 Mayo 2023 - 19:05 hrs.,https://www.ligafemenil.mx/cancha/estadio/5/estadio-jalisco,https://www.ligafemenil.mx/cancha/playlist/130932/atlas-vs-leon
2022-2023,"Clausura",Lunes 15 de Mayo de 2023\nTemporada 2022-2023\nTorneo Clausura\nJornada 17\n15 Mayo 2023 - 21:06 hrs.,https://www.ligafemenil.mx/cancha/estadio/1608/estadio-bbva,https://www.ligafemenil.mx/cancha/playlist/130926/rayados-de-monterrey-vs-club-atletico-de-san-luis
2022-2023,"Clausura",Jueves 18 de Mayo de 2023\nTemporada 2022-2023\nTorneo Clausura\nCuartos Ida\n18 Mayo 2023 - 18:00 hrs.,https://www.ligafemenil.mx/cancha/estadio/11/estadio-hidalgo,https://www.ligafemenil.mx/cancha/playlist/133484/pachuca-vs-guadalajara
2022-2023,"Clausura",Viernes 19 de Mayo de 2023\nTemporada 2022-2023\nTorneo Clausura\nCuartos Ida\n19 Mayo 2023 - 18:00 hrs.,https://www.ligafemenil.mx/cancha/estadio/5/estadio-jalisco,https://www.ligafemenil.mx/cancha/playlist/133482/atlas-vs-tigres-de-la-uanl
2022-2023,"Clausura",Viernes 19 de Mayo de 2023\nTemporada 2022-2023\nTorneo Clausura\nCuartos Ida\n19 Mayo 2023 - 20:00 hrs.,https://www.ligafemenil.mx/cancha/estadio/17/estadio-olimpico-benito-juarez,https://www.ligafemenil.mx/cancha/playlist/133483/fc-juarez-vs-america
2022-2023,"Clausura",Viernes 19 de Mayo de 2023\nTemporada 2022-2023\nTorneo Clausura\nCuartos Ida\n19 Mayo 2023 - 21:00 hrs.,https://www.ligafemenil.mx/cancha/estadio/48/estadio-caliente,https://www.ligafemenil.mx/cancha/playlist/133481/tijuana-vs-rayados-de-monterrey
2022-2023,"Clausura",Domingo 21 de Mayo de 2023\nTemporada 2022-2023\nTorneo Clausura\nCuartos Vuelta\n21 Mayo 2023 - 17:00 hrs.,https://www.ligafemenil.mx/cancha/estadio/5/estadio-jalisco,https://www.ligafemenil.mx/cancha/playlist/133488/guadalajara-vs-pachuca
2022-2023,"Clausura",Lunes 22 de Mayo de 2023\nTemporada 2022-2023\nTorneo Clausura\nCuartos Vuelta\n22 Mayo 2023 - 17:00 hrs.,https://www.ligafemenil.mx/cancha/estadio/1/estadio-azteca,https://www.ligafemenil.mx/cancha/playlist/133487/america-vs-fc-juarez
2022-2023,"Clausura",Lunes 22 de Mayo de 2023\nTemporada 2022-2023\nTorneo Clausura\nCuartos Vuelta\n22 Mayo 2023 - 19:00 hrs.,https://www.ligafemenil.mx/cancha/estadio/12/estadio-universitario,https://www.ligafemenil.mx/cancha/playlist/133486/tigres-de-la-uanl-vs-atlas
2022-2023,"Clausura",Lunes 22 de Mayo de 2023\nTemporada 2022-2023\nTorneo Clausura\nCuartos Vuelta\n22 Mayo 2023 - 21:00 hrs.,https://www.ligafemenil.mx/cancha/estadio/1608/estadio-bbva,https://www.ligafemenil.mx/cancha/playlist/133485/rayados-de-monterrey-vs-tijuana
2022-2023,"Clausura",Viernes 26 de Mayo de 2023\nTemporada 2022-2023\nTorneo Clausura\nSemifinal Ida\n26 Mayo 2023 - 19:00 hrs.,https://www.ligafemenil.mx/cancha/estadio/1/estadio-azteca,https://www.ligafemenil.mx/cancha/playlist/133501/america-vs-tigres-de-la-uanl
2022-2023,"Clausura",Viernes 26 de Mayo de 2023\nTemporada 2022-2023\nTorneo Clausura\nSemifinal Ida\n26 Mayo 2023 - 21:00 hrs.,https://www.ligafemenil.mx/cancha/estadio/11/estadio-hidalgo,https://www.ligafemenil.mx/cancha/playlist/133500/pachuca-vs-rayados-de-monterrey
2022-2023,"Clausura",Lunes 29 de Mayo de 2023\nTemporada 2022-2023\nTorneo Clausura\nSemifinal Vuelta\n29 Mayo 2023 - 19:00 hrs.,https://www.ligafemenil.mx/cancha/estadio/12/estadio-universitario,https://www.ligafemenil.mx/cancha/playlist/133503/tigres-de-la-uanl-vs-america
2022-2023,"Clausura",Lunes 29 de Mayo de 2023\nTemporada 2022-2023\nTorneo Clausura\nSemifinal Vuelta\n29 Mayo 2023 - 21:00 hrs.,https://www.ligafemenil.mx/cancha/estadio/1608/estadio-bbva,https://www.ligafemenil.mx/cancha/playlist/133502/rayados-de-monterrey-vs-pachuca
2022-2023,"Clausura",Viernes 2 de Junio de 2023\nTemporada 2022-2023\nTorneo Clausura\nFinal Ida\n2 Junio 2023 - 20:00 hrs.,https://www.ligafemenil.mx/cancha/estadio/11/estadio-hidalgo,https://www.ligafemenil.mx/cancha/playlist/133504/pachuca-vs-america
2022-2023,"Clausura",Lunes 5 de Junio de 2023\nTemporada 2022-2023\nTorneo Clausura\nFinal Vuelta\n5 Junio 2023 - 20:00 hrs.,https://www.ligafemenil.mx/cancha/estadio/1/estadio-azteca,https://www.ligafemenil.mx/cancha/playlist/133505/america-vs-pachuca
